#version,serial,flight,time,state,state_name,acceleration,pressure,altitude,height,speed,temperature,drogue_voltage,main_voltage,battery_voltage
6, 6357, 11,    -0.62, 3,   boost,   10.51, 102435.00,  -91.99,    7.09,   14.89, 16.7, 4.10, 4.10, 4.07
6, 6357, 11,    -0.61, 3,   boost,   11.06, 102435.00,  -91.99,    7.09,   15.10, 16.7, 4.10, 4.10, 4.07
6, 6357, 11,    -0.60, 3,   boost,   11.62, 102434.00,  -91.91,    7.18,   15.32, 16.7, 4.10, 4.11, 4.07
6, 6357, 11,    -0.59, 3,   boost,   12.21, 102428.00,  -91.41,    7.67,   15.53, 16.7, 4.06, 4.09, 4.07
6, 6357, 11,    -0.58, 3,   boost,   12.82, 102428.00,  -91.41,    7.67,   15.75, 16.7, 4.10, 4.11, 4.06
6, 6357, 11,    -0.57, 3,   boost,   13.44, 102437.00,  -92.16,    6.93,   15.97, 16.7, 4.09, 4.10, 4.07
6, 6357, 11,    -0.56, 3,   boost,   14.08, 102426.00,  -91.25,    7.84,   16.19, 16.7, 4.10, 4.10, 4.07
6, 6357, 11,    -0.55, 3,   boost,   14.74, 102417.00,  -90.51,    8.58,   16.42, 16.7, 4.10, 4.10, 4.07
6, 6357, 11,    -0.54, 3,   boost,   15.40, 102416.00,  -90.42,    8.66,   16.64, 16.7, 4.10, 4.11, 4.07
6, 6357, 11,    -0.53, 3,   boost,   16.08, 102411.00,  -90.01,    9.07,   16.87, 16.7, 4.10, 4.10, 4.07
6, 6357, 11,    -0.52, 3,   boost,   16.76, 102413.00,  -90.18,    8.91,   17.11, 16.7, 4.11, 4.10, 4.07
6, 6357, 11,    -0.51, 3,   boost,   17.46, 102408.00,  -89.76,    9.32,   17.34, 16.7, 4.10, 4.10, 4.06
6, 6357, 11,    -0.50, 3,   boost,   18.15, 102411.00,  -90.01,    9.07,   17.58, 16.7, 4.09, 4.10, 4.06
6, 6357, 11,    -0.49, 3,   boost,   18.84, 102410.00,  -89.93,    9.16,   17.82, 16.7, 4.10, 4.10, 4.07
6, 6357, 11,    -0.48, 3,   boost,   19.53, 102402.00,  -89.27,    9.82,   18.06, 16.7, 4.06, 4.09, 4.08
6, 6357, 11,    -0.47, 3,   boost,   20.22, 102398.00,  -88.94,   10.15,   18.30, 16.7, 4.10, 4.10, 4.06
6, 6357, 11,    -0.46, 3,   boost,   20.89, 102393.00,  -88.53,   10.56,   18.55, 16.7, 4.10, 4.10, 4.07
6, 6357, 11,    -0.45, 3,   boost,   21.55, 102388.00,  -88.11,   10.97,   18.80, 16.7, 4.10, 4.10, 4.07
6, 6357, 11,    -0.44, 3,   boost,   22.19, 102394.00,  -88.61,   10.48,   19.05, 16.7, 4.10, 4.10, 4.07
6, 6357, 11,    -0.43, 3,   boost,   22.82, 102384.00,  -87.78,   11.30,   19.30, 16.7, 4.10, 4.11, 4.06
6, 6357, 11,    -0.42, 3,   boost,   23.42, 102387.00,  -88.03,   11.05,   19.56, 16.7, 4.10, 4.10, 4.07
6, 6357, 11,    -0.41, 3,   boost,   24.00, 102374.00,  -86.96,   12.13,   19.82, 16.7, 4.11, 4.10, 4.07
6, 6357, 11,    -0.40, 3,   boost,   24.54, 102371.00,  -86.71,   12.38,   20.08, 16.7, 4.11, 4.11, 4.07
6, 6357, 11,    -0.39, 3,   boost,   25.06, 102375.00,  -87.04,   12.05,   20.34, 16.7, 4.10, 4.10, 4.07
6, 6357, 11,    -0.38, 3,   boost,   25.54, 102364.00,  -86.13,   12.95,   20.60, 16.7, 4.10, 4.10, 4.07
6, 6357, 11,    -0.37, 3,   boost,   25.99, 102362.00,  -85.97,   13.12,   20.87, 16.7, 4.06, 4.09, 4.07
6, 6357, 11,    -0.36, 3,   boost,   26.41, 102358.00,  -85.64,   13.45,   21.14, 16.7, 4.10, 4.10, 4.06
6, 6357, 11,    -0.35, 3,   boost,   26.79, 102360.00,  -85.80,   13.28,   21.41, 16.7, 4.11, 4.11, 4.07
6, 6357, 11,    -0.34, 3,   boost,   27.13, 102346.00,  -84.65,   14.44,   21.68, 16.7, 4.10, 4.10, 4.07
6, 6357, 11,    -0.33, 3,   boost,   27.44, 102354.00,  -85.31,   13.78,   21.95, 16.7, 4.10, 4.10, 4.07
6, 6357, 11,    -0.32, 3,   boost,   27.72, 102340.00,  -84.15,   14.94,   22.23, 16.7, 4.10, 4.10, 4.07
6, 6357, 11,    -0.31, 3,   boost,   27.97, 102335.00,  -83.74,   15.35,   22.51, 16.7, 4.10, 4.11, 4.07
6, 6357, 11,    -0.30, 3,   boost,   28.18, 102332.00,  -83.49,   15.60,   22.78, 16.7, 4.10, 4.11, 4.07
6, 6357, 11,    -0.29, 3,   boost,   28.37, 102331.00,  -83.41,   15.68,   23.07, 16.7, 4.10, 4.10, 4.07
6, 6357, 11,    -0.28, 3,   boost,   28.53, 102323.00,  -82.75,   16.34,   23.35, 16.7, 4.10, 4.11, 4.06
6, 6357, 11,    -0.27, 3,   boost,   28.67, 102318.00,  -82.33,   16.75,   23.64, 16.7, 4.10, 4.10, 4.06
6, 6357, 11,    -0.26, 3,   boost,   28.79, 102312.00,  -81.84,   17.25,   23.92, 16.7, 4.06, 4.10, 4.07
6, 6357, 11,    -0.25, 3,   boost,   28.89, 102313.00,  -81.92,   17.16,   24.21, 16.7, 4.10, 4.10, 4.07
6, 6357, 11,    -0.24, 3,   boost,   28.97, 102307.00,  -81.42,   17.66,   24.50, 16.7, 4.10, 4.10, 4.07
6, 6357, 11,    -0.23, 3,   boost,   29.05, 102304.00,  -81.18,   17.91,   24.79, 16.7, 4.10, 4.10, 4.07
6, 6357, 11,    -0.22, 3,   boost,   29.12, 102297.00,  -80.60,   18.49,   25.09, 16.7, 4.10, 4.11, 4.07
6, 6357, 11,    -0.21, 3,   boost,   29.18, 102289.00,  -79.94,   19.15,   25.38, 16.7, 4.10, 4.11, 4.07
6, 6357, 11,    -0.20, 3,   boost,   29.24, 102285.00,  -79.61,   19.48,   25.68, 16.7, 4.10, 4.11, 4.07
6, 6357, 11,    -0.19, 3,   boost,   29.30, 102287.00,  -79.77,   19.31,   25.98, 16.7, 4.10, 4.10, 4.07
6, 6357, 11,    -0.18, 3,   boost,   29.35, 102282.00,  -79.36,   19.73,   26.28, 16.7, 4.10, 4.11, 4.07
6, 6357, 11,    -0.17, 3,   boost,   29.41, 102272.00,  -78.53,   20.55,   26.58, 16.7, 4.10, 4.10, 4.07
6, 6357, 11,    -0.16, 3,   boost,   29.47, 102274.00,  -78.70,   20.39,   26.88, 16.7, 4.10, 4.11, 4.06
6, 6357, 11,    -0.15, 3,   boost,   29.54, 102269.00,  -78.29,   20.80,   27.18, 16.7, 4.06, 4.09, 4.07
6, 6357, 11,    -0.14, 3,   boost,   29.61, 102267.00,  -78.12,   20.96,   27.49, 16.7, 4.11, 4.10, 4.07
6, 6357, 11,    -0.13, 3,   boost,   29.68, 102254.00,  -77.05,   22.04,   27.80, 16.7, 4.10, 4.10, 4.07
6, 6357, 11,    -0.12, 3,   boost,   29.76, 102248.00,  -76.55,   22.53,   28.10, 16.7, 4.10, 4.10, 4.07
6, 6357, 11,    -0.11, 3,   boost,   29.83, 102247.00,  -76.47,   22.62,   28.41, 16.7, 4.10, 4.10, 4.07
6, 6357, 11,    -0.10, 3,   boost,   29.89, 102244.00,  -76.22,   22.87,   28.72, 16.7, 4.10, 4.10, 4.07
6, 6357, 11,    -0.09, 3,   boost,   29.95, 102236.00,  -75.56,   23.53,   29.03, 16.7, 4.10, 4.10, 4.07
6, 6357, 11,    -0.08, 3,   boost,   30.00, 102237.00,  -75.64,   23.44,   29.34, 16.7, 4.10, 4.11, 4.07
6, 6357, 11,    -0.07, 3,   boost,   30.05, 102237.00,  -75.64,   23.44,   29.65, 16.7, 4.10, 4.10, 4.07
6, 6357, 11,    -0.06, 3,   boost,   30.09, 102234.00,  -75.39,   23.69,   29.96, 16.7, 4.10, 4.10, 4.06
6, 6357, 11,    -0.05, 3,   boost,   30.12, 102232.00,  -75.23,   23.86,   30.28, 16.7, 4.10, 4.10, 4.06
6, 6357, 11,    -0.04, 3,   boost,   30.14, 102218.00,  -74.07,   25.01,   30.59, 16.7, 4.06, 4.09, 4.08
6, 6357, 11,    -0.03, 3,   boost,   30.16, 102225.00,  -74.65,   24.44,   30.90, 16.7, 4.10, 4.10, 4.07
6, 6357, 11,    -0.02, 3,   boost,   30.18, 102212.00,  -73.58,   25.51,   31.22, 16.7, 4.10, 4.10, 4.07
6, 6357, 11,    -0.01, 3,   boost,   30.18, 102205.00,  -73.00,   26.09,   31.53, 16.7, 4.09, 4.10, 4.06
6, 6357, 11,     0.00, 3,   boost,   30.18, 102208.00,  -73.24,   25.84,   31.84, 16.7, 4.10, 4.11, 4.06
6, 6357, 11,     0.00, 3,   boost,   30.18, 102208.00,  -73.24,   25.84,   31.84, 16.7, 4.10, 4.11, 4.06
6, 6357, 11,     0.00, 3,   boost,   30.18, 102208.00,  -73.24,   25.84,   31.84, 16.7, 4.10, 4.11, 4.06
6, 6357, 11,     0.00, 3,   boost,   30.18, 102208.00,  -73.24,   25.84,   31.84, 16.7, 4.10, 4.11, 4.06
6, 6357, 11,     0.00, 3,   boost,   30.18, 102208.00,  -73.24,   25.84,   31.84, 16.7, 4.10, 4.11, 4.06
6, 6357, 11,     0.00, 3,   boost,   30.18, 102208.00,  -73.24,   25.84,   31.84, 16.7, 4.10, 4.11, 4.06
6, 6357, 11,     0.00, 3,   boost,   30.18, 102208.00,  -73.24,   25.84,   31.84, 16.7, 4.10, 4.11, 4.06
6, 6357, 11,     0.00, 3,   boost,   30.18, 102208.00,  -73.24,   25.84,   31.84, 16.7, 4.10, 4.11, 4.06
6, 6357, 11,     0.00, 3,   boost,   30.18, 102208.00,  -73.24,   25.84,   31.84, 16.7, 4.10, 4.11, 4.06
6, 6357, 11,     0.00, 3,   boost,   30.18, 102208.00,  -73.24,   25.84,   31.84, 16.7, 4.10, 4.11, 4.06
6, 6357, 11,     0.00, 3,   boost,   30.18, 102208.00,  -73.24,   25.84,   31.84, 16.7, 4.10, 4.11, 4.06
6, 6357, 11,     0.00, 3,   boost,   30.18, 102208.00,  -73.24,   25.84,   31.84, 16.7, 4.10, 4.11, 4.06
6, 6357, 11,     0.00, 3,   boost,   30.18, 102208.00,  -73.24,   25.84,   31.84, 16.7, 4.10, 4.11, 4.06
6, 6357, 11,     0.00, 3,   boost,   30.18, 102208.00,  -73.24,   25.84,   31.84, 16.7, 4.10, 4.11, 4.06
6, 6357, 11,     0.00, 3,   boost,   30.18, 102208.00,  -73.24,   25.84,   31.84, 16.7, 4.10, 4.11, 4.06
6, 6357, 11,     0.00, 3,   boost,   30.18, 102208.00,  -73.24,   25.84,   31.84, 16.7, 4.10, 4.11, 4.06
6, 6357, 11,     0.00, 3,   boost,   30.18, 102208.00,  -73.24,   25.84,   31.84, 16.7, 4.10, 4.11, 4.06
6, 6357, 11,     0.00, 3,   boost,   30.18, 102208.00,  -73.24,   25.84,   31.84, 16.7, 4.10, 4.11, 4.06
6, 6357, 11,     0.00, 3,   boost,   30.18, 102208.00,  -73.24,   25.84,   31.84, 16.7, 4.10, 4.11, 4.06
6, 6357, 11,     0.00, 3,   boost,   30.18, 102208.00,  -73.24,   25.84,   31.84, 16.7, 4.10, 4.11, 4.06
6, 6357, 11,     0.00, 3,   boost,   30.18, 102208.00,  -73.24,   25.84,   31.84, 16.7, 4.10, 4.11, 4.06
6, 6357, 11,     0.00, 3,   boost,   30.18, 102208.00,  -73.24,   25.84,   31.84, 16.7, 4.10, 4.11, 4.06
6, 6357, 11,     0.00, 3,   boost,   30.18, 102208.00,  -73.24,   25.84,   31.84, 16.7, 4.10, 4.11, 4.06
6, 6357, 11,     0.00, 3,   boost,   30.18, 102208.00,  -73.24,   25.84,   31.84, 16.7, 4.10, 4.11, 4.06
6, 6357, 11,     0.00, 3,   boost,   30.18, 102208.00,  -73.24,   25.84,   31.84, 16.7, 4.10, 4.11, 4.06
6, 6357, 11,     0.00, 3,   boost,   30.18, 102208.00,  -73.24,   25.84,   31.84, 16.7, 4.10, 4.11, 4.06
6, 6357, 11,     0.00, 3,   boost,   30.18, 102208.00,  -73.24,   25.84,   31.84, 16.7, 4.10, 4.11, 4.06
6, 6357, 11,     0.00, 3,   boost,   30.18, 102208.00,  -73.24,   25.84,   31.84, 16.7, 4.10, 4.11, 4.06
6, 6357, 11,     0.00, 3,   boost,   30.18, 102208.00,  -73.24,   25.84,   31.84, 16.7, 4.10, 4.11, 4.06
6, 6357, 11,     0.00, 3,   boost,   30.18, 102208.00,  -73.24,   25.84,   31.84, 16.7, 4.10, 4.11, 4.06
6, 6357, 11,     0.00, 3,   boost,   30.18, 102208.00,  -73.24,   25.84,   31.84, 16.7, 4.10, 4.11, 4.06
6, 6357, 11,     0.00, 3,   boost,   30.18, 102208.00,  -73.24,   25.84,   31.84, 16.7, 4.10, 4.11, 4.06
6, 6357, 11,     0.00, 3,   boost,   30.18, 102208.00,  -73.24,   25.84,   31.84, 16.7, 4.10, 4.11, 4.06
6, 6357, 11,     0.00, 3,   boost,   30.18, 102208.00,  -73.24,   25.84,   31.84, 16.7, 4.10, 4.11, 4.06
6, 6357, 11,     0.00, 3,   boost,   30.18, 102208.00,  -73.24,   25.84,   31.84, 16.7, 4.10, 4.11, 4.06
6, 6357, 11,     0.00, 3,   boost,   30.18, 102208.00,  -73.24,   25.84,   31.84, 16.7, 4.10, 4.11, 4.06
6, 6357, 11,     0.00, 3,   boost,   30.18, 102208.00,  -73.24,   25.84,   31.84, 16.7, 4.10, 4.11, 4.06
6, 6357, 11,     0.00, 3,   boost,   30.18, 102208.00,  -73.24,   25.84,   31.84, 16.7, 4.10, 4.11, 4.06
6, 6357, 11,     0.00, 3,   boost,   30.18, 102208.00,  -73.24,   25.84,   31.84, 16.7, 4.10, 4.11, 4.06
6, 6357, 11,     0.00, 3,   boost,   30.18, 102208.00,  -73.24,   25.84,   31.84, 16.7, 4.10, 4.11, 4.06
6, 6357, 11,     0.00, 3,   boost,   30.18, 102208.00,  -73.24,   25.84,   31.84, 16.7, 4.10, 4.11, 4.06
6, 6357, 11,     0.00, 3,   boost,   30.18, 102208.00,  -73.24,   25.84,   31.84, 16.7, 4.10, 4.11, 4.06
6, 6357, 11,     0.00, 3,   boost,   30.18, 102208.00,  -73.24,   25.84,   31.84, 16.7, 4.10, 4.11, 4.06
6, 6357, 11,     0.00, 3,   boost,   30.18, 102208.00,  -73.24,   25.84,   31.84, 16.7, 4.10, 4.11, 4.06
6, 6357, 11,     0.00, 3,   boost,   30.18, 102208.00,  -73.24,   25.84,   31.84, 16.7, 4.10, 4.11, 4.06
6, 6357, 11,     0.00, 3,   boost,   30.18, 102208.00,  -73.24,   25.84,   31.84, 16.7, 4.10, 4.11, 4.06
6, 6357, 11,     0.00, 3,   boost,   30.18, 102208.00,  -73.24,   25.84,   31.84, 16.7, 4.10, 4.11, 4.06
6, 6357, 11,     0.00, 3,   boost,   30.18, 102208.00,  -73.24,   25.84,   31.84, 16.7, 4.10, 4.11, 4.06
6, 6357, 11,     0.00, 3,   boost,   30.18, 102208.00,  -73.24,   25.84,   31.84, 16.7, 4.10, 4.11, 4.06
6, 6357, 11,     0.00, 3,   boost,   30.18, 102208.00,  -73.24,   25.84,   31.84, 16.7, 4.10, 4.11, 4.06
6, 6357, 11,     0.00, 3,   boost,   30.18, 102208.00,  -73.24,   25.84,   31.84, 16.7, 4.10, 4.11, 4.06
6, 6357, 11,     0.00, 3,   boost,   30.18, 102208.00,  -73.24,   25.84,   31.84, 16.7, 4.10, 4.11, 4.06
6, 6357, 11,     0.00, 3,   boost,   30.18, 102208.00,  -73.24,   25.84,   31.84, 16.7, 4.10, 4.11, 4.06
6, 6357, 11,     0.00, 3,   boost,   30.18, 102208.00,  -73.24,   25.84,   31.84, 16.7, 4.10, 4.11, 4.06
6, 6357, 11,     0.00, 3,   boost,   30.18, 102208.00,  -73.24,   25.84,   31.84, 16.7, 4.10, 4.11, 4.06
6, 6357, 11,     0.00, 3,   boost,   30.18, 102208.00,  -73.24,   25.84,   31.84, 16.7, 4.10, 4.11, 4.06
6, 6357, 11,     0.00, 3,   boost,   30.18, 102208.00,  -73.24,   25.84,   31.84, 16.7, 4.10, 4.11, 4.06
6, 6357, 11,     0.00, 3,   boost,   30.18, 102208.00,  -73.24,   25.84,   31.84, 16.7, 4.10, 4.11, 4.06
6, 6357, 11,     0.00, 3,   boost,   30.18, 102208.00,  -73.24,   25.84,   31.84, 16.7, 4.10, 4.11, 4.06
6, 6357, 11,     0.00, 3,   boost,   30.18, 102208.00,  -73.24,   25.84,   31.84, 16.7, 4.10, 4.11, 4.06
6, 6357, 11,     0.00, 3,   boost,   30.18, 102208.00,  -73.24,   25.84,   31.84, 16.7, 4.10, 4.11, 4.06
6, 6357, 11,     0.00, 3,   boost,   30.18, 102208.00,  -73.24,   25.84,   31.84, 16.7, 4.10, 4.11, 4.06
6, 6357, 11,     0.00, 3,   boost,   30.18, 102208.00,  -73.24,   25.84,   31.84, 16.7, 4.10, 4.11, 4.06
6, 6357, 11,     0.00, 3,   boost,   30.18, 102208.00,  -73.24,   25.84,   31.84, 16.7, 4.10, 4.11, 4.06
6, 6357, 11,     0.01, 3,   boost,   30.18, 102208.00,  -73.24,   25.84,   32.16, 16.7, 4.06, 4.12, 4.04
6, 6357, 11,     0.02, 3,   boost,   30.16, 102208.00,  -73.24,   25.84,   32.47, 16.7, 4.06, 4.10, 4.07
6, 6357, 11,     0.02, 3,   boost,   30.16, 102208.00,  -73.24,   25.84,   32.47, 16.7, 4.06, 4.10, 4.07
6, 6357, 11,     0.03, 3,   boost,   30.14, 102208.00,  -73.24,   25.84,   32.78, 16.7, 4.09, 4.10, 4.06
6, 6357, 11,     0.04, 3,   boost,   30.11, 102178.00,  -70.76,   28.32,   33.10, 16.6, 4.10, 4.10, 4.07
6, 6357, 11,     0.05, 3,   boost,   30.08, 102193.00,  -72.00,   27.08,   33.41, 16.6, 4.10, 4.10, 4.07
6, 6357, 11,     0.06, 3,   boost,   30.04, 102187.00,  -71.51,   27.58,   33.72, 16.6, 4.10, 4.10, 4.07
6, 6357, 11,     0.07, 3,   boost,   29.99, 102182.00,  -71.10,   27.99,   34.03, 16.6, 4.09, 4.07, 4.09
6, 6357, 11,     0.08, 3,   boost,   29.93, 102167.00,  -69.86,   29.23,   34.35, 16.6, 4.09, 4.10, 4.07
6, 6357, 11,     0.09, 3,   boost,   29.87, 102175.00,  -70.52,   28.57,   34.66, 16.6, 4.10, 4.11, 4.06
6, 6357, 11,     0.10, 3,   boost,   29.80, 102169.00,  -70.02,   29.06,   34.97, 16.6, 4.10, 4.10, 4.07
6, 6357, 11,     0.11, 3,   boost,   29.73, 102152.00,  -68.61,   30.47,   35.28, 16.6, 4.09, 4.09, 4.07
6, 6357, 11,     0.12, 3,   boost,   29.64, 102158.00,  -69.11,   29.97,   35.59, 16.6, 4.11, 4.10, 4.07
6, 6357, 11,     0.13, 3,   boost,   29.56, 102149.00,  -68.37,   30.72,   35.90, 16.6, 4.10, 4.09, 4.08
6, 6357, 11,     0.14, 3,   boost,   29.46, 102149.00,  -68.37,   30.72,   36.20, 16.6, 4.09, 4.10, 4.05
6, 6357, 11,     0.15, 3,   boost,   29.36, 102133.00,  -67.04,   32.04,   36.51, 16.6, 4.11, 4.11, 4.06
6, 6357, 11,     0.16, 3,   boost,   29.25, 102147.00,  -68.20,   30.88,   36.82, 16.6, 4.09, 4.10, 4.06
6, 6357, 11,     0.17, 3,   boost,   29.13, 102137.00,  -67.37,   31.71,   37.12, 16.6, 4.09, 4.09, 4.07
6, 6357, 11,     0.18, 3,   boost,   29.01, 102130.00,  -66.80,   32.29,   37.42, 16.6, 4.09, 4.10, 4.06
6, 6357, 11,     0.19, 3,   boost,   28.88, 102128.00,  -66.63,   32.46,   37.73, 16.6, 4.11, 4.10, 4.07
6, 6357, 11,     0.20, 3,   boost,   28.75, 102130.00,  -66.80,   32.29,   38.03, 16.6, 4.11, 4.09, 4.08
6, 6357, 11,     0.21, 3,   boost,   28.61, 102100.00,  -64.31,   34.77,   38.32, 16.6, 4.10, 4.11, 4.07
6, 6357, 11,     0.22, 3,   boost,   28.46, 102110.00,  -65.14,   33.94,   38.62, 16.6, 4.11, 4.11, 4.07
6, 6357, 11,     0.23, 3,   boost,   28.31, 102100.00,  -64.31,   34.77,   38.92, 16.6, 4.10, 4.10, 4.07
6, 6357, 11,     0.24, 3,   boost,   28.15, 102100.00,  -64.31,   34.77,   39.21, 16.6, 4.09, 4.07, 4.09
6, 6357, 11,     0.25, 3,   boost,   27.99, 102100.00,  -64.31,   34.77,   39.50, 16.6, 4.09, 4.11, 4.05
6, 6357, 11,     0.26, 3,   boost,   27.82, 102089.00,  -63.40,   35.68,   39.79, 16.6, 4.10, 4.10, 4.07
6, 6357, 11,     0.27, 3,   boost,   27.65, 102100.00,  -64.31,   34.77,   40.08, 16.6, 4.09, 4.09, 4.07
6, 6357, 11,     0.28, 3,   boost,   27.47, 102089.00,  -63.40,   35.68,   40.36, 16.6, 4.09, 4.08, 4.09
6, 6357, 11,     0.29, 3,   boost,   27.28, 102089.00,  -63.40,   35.68,   40.65, 16.6, 4.10, 4.10, 4.07
6, 6357, 11,     0.30, 3,   boost,   27.09, 102087.00,  -63.24,   35.85,   40.93, 16.6, 4.10, 4.10, 4.07
6, 6357, 11,     0.31, 3,   boost,   26.90, 102081.00,  -62.74,   36.34,   41.21, 16.6, 4.10, 4.10, 4.07
6, 6357, 11,     0.32, 3,   boost,   26.70, 102072.00,  -62.00,   37.09,   41.49, 16.6, 4.10, 4.11, 4.07
6, 6357, 11,     0.33, 3,   boost,   26.50, 102065.00,  -61.42,   37.67,   41.76, 16.6, 4.11, 4.11, 4.07
6, 6357, 11,     0.34, 3,   boost,   26.29, 102062.00,  -61.17,   37.92,   42.04, 16.6, 4.10, 4.10, 4.07
6, 6357, 11,     0.35, 3,   boost,   26.08, 102059.00,  -60.92,   38.16,   42.31, 16.6, 4.09, 4.07, 4.09
6, 6357, 11,     0.36, 3,   boost,   25.86, 102059.00,  -60.92,   38.16,   42.57, 16.6, 4.08, 4.10, 4.04
6, 6357, 11,     0.37, 3,   boost,   25.65, 102043.00,  -59.60,   39.49,   42.84, 16.6, 4.11, 4.12, 4.06
6, 6357, 11,     0.38, 3,   boost,   25.42, 102048.00,  -60.01,   39.07,   43.10, 16.6, 4.09, 4.09, 4.07
6, 6357, 11,     0.39, 3,   boost,   25.20, 102038.00,  -59.18,   39.90,   43.36, 16.6, 4.09, 4.09, 4.07
6, 6357, 11,     0.40, 3,   boost,   24.97, 102028.00,  -58.36,   40.73,   43.62, 16.6, 4.11, 4.11, 4.07
6, 6357, 11,     0.41, 3,   boost,   24.74, 102023.00,  -57.94,   41.14,   43.87, 16.6, 4.10, 4.09, 4.07
6, 6357, 11,     0.42, 3,   boost,   24.50, 102016.00,  -57.36,   41.72,   44.13, 16.6, 4.09, 4.07, 4.09
6, 6357, 11,     0.43, 3,   boost,   24.27, 102014.00,  -57.20,   41.89,   44.38, 16.6, 4.10, 4.10, 4.07
6, 6357, 11,     0.44, 3,   boost,   24.03, 102014.00,  -57.20,   41.89,   44.62, 16.6, 4.10, 4.11, 4.07
6, 6357, 11,     0.45, 3,   boost,   23.79, 102012.00,  -57.03,   42.05,   44.86, 16.6, 4.09, 4.10, 4.07
6, 6357, 11,     0.46, 3,   boost,   23.55, 102005.00,  -56.45,   42.63,   45.11, 16.6, 4.09, 4.08, 4.08
6, 6357, 11,     0.47, 3,   boost,   23.30, 102005.00,  -56.45,   42.63,   45.34, 16.6, 4.09, 4.10, 4.05
6, 6357, 11,     0.48, 3,   boost,   23.06, 101988.00,  -55.04,   44.04,   45.58, 16.6, 4.10, 4.10, 4.06
6, 6357, 11,     0.49, 3,   boost,   22.81, 101986.00,  -54.88,   44.21,   45.81, 16.6, 4.09, 4.08, 4.08
6, 6357, 11,     0.50, 3,   boost,   22.56, 101966.00,  -53.22,   45.86,   46.04, 16.6, 4.10, 4.11, 4.06
6, 6357, 11,     0.51, 3,   boost,   22.31, 101974.00,  -53.88,   45.20,   46.27, 16.6, 4.09, 4.11, 4.05
6, 6357, 11,     0.52, 3,   boost,   22.06, 101963.00,  -52.97,   46.11,   46.49, 16.6, 4.09, 4.09, 4.07
6, 6357, 11,     0.53, 3,   boost,   21.81, 101959.00,  -52.64,   46.44,   46.71, 16.6, 4.09, 4.08, 4.08
6, 6357, 11,     0.54, 3,   boost,   21.56, 101940.00,  -51.07,   48.02,   46.93, 16.6, 4.11, 4.11, 4.07
6, 6357, 11,     0.55, 3,   boost,   21.32, 101943.00,  -51.32,   47.77,   47.14, 16.6, 4.11, 4.10, 4.07
6, 6357, 11,     0.56, 3,   boost,   21.07, 101935.00,  -50.65,   48.43,   47.36, 16.6, 4.09, 4.08, 4.08
6, 6357, 11,     0.57, 3,   boost,   20.82, 101936.00,  -50.74,   48.35,   47.57, 16.6, 4.09, 4.07, 4.08
6, 6357, 11,     0.58, 3,   boost,   20.57, 101936.00,  -50.74,   48.35,   47.77, 16.6, 4.09, 4.11, 4.06
6, 6357, 11,     0.59, 3,   boost,   20.32, 101927.00,  -49.99,   49.09,   47.98, 16.6, 4.10, 4.10, 4.06
6, 6357, 11,     0.60, 3,   boost,   20.07, 101913.00,  -48.83,   50.25,   48.18, 16.6, 4.10, 4.10, 4.07
6, 6357, 11,     0.61, 3,   boost,   19.83, 101910.00,  -48.58,   50.50,   48.37, 16.6, 4.10, 4.10, 4.06
6, 6357, 11,     0.62, 3,   boost,   19.58, 101902.00,  -47.92,   51.16,   48.57, 16.6, 4.10, 4.11, 4.07
6, 6357, 11,     0.63, 3,   boost,   19.34, 101893.00,  -47.17,   51.91,   48.76, 16.6, 4.09, 4.09, 4.08
6, 6357, 11,     0.64, 3,   boost,   19.10, 101886.00,  -46.59,   52.49,   48.95, 16.6, 4.09, 4.11, 4.06
6, 6357, 11,     0.65, 3,   boost,   18.86, 101887.00,  -46.68,   52.41,   49.14, 16.6, 4.09, 4.11, 4.05
6, 6357, 11,     0.66, 3,   boost,   18.62, 101875.00,  -45.68,   53.40,   49.32, 16.6, 4.09, 4.09, 4.07
6, 6357, 11,     0.67, 3,   boost,   18.39, 101878.00,  -45.93,   53.15,   49.50, 16.6, 4.09, 4.09, 4.08
6, 6357, 11,     0.68, 3,   boost,   18.16, 101870.00,  -45.27,   53.82,   49.68, 16.6, 4.09, 4.08, 4.08
6, 6357, 11,     0.69, 3,   boost,   17.93, 101870.00,  -45.27,   53.82,   49.86, 16.6, 4.10, 4.10, 4.06
6, 6357, 11,     0.70, 3,   boost,   17.70, 101848.00,  -43.44,   55.64,   50.04, 16.6, 4.09, 4.07, 4.09
6, 6357, 11,     0.71, 3,   boost,   17.48, 101852.00,  -43.78,   55.31,   50.21, 16.6, 4.10, 4.10, 4.07
6, 6357, 11,     0.72, 3,   boost,   17.25, 101845.00,  -43.20,   55.89,   50.38, 16.6, 4.10, 4.10, 4.07
6, 6357, 11,     0.73, 3,   boost,   17.04, 101839.00,  -42.70,   56.39,   50.54, 16.6, 4.09, 4.10, 4.06
6, 6357, 11,     0.74, 3,   boost,   16.82, 101833.00,  -42.20,   56.88,   50.71, 16.6, 4.11, 4.10, 4.07
6, 6357, 11,     0.75, 3,   boost,   16.61, 101824.00,  -41.46,   57.63,   50.87, 16.6, 4.09, 4.10, 4.06
6, 6357, 11,     0.76, 3,   boost,   16.40, 101817.00,  -40.87,   58.21,   51.03, 16.6, 4.11, 4.11, 4.07
6, 6357, 11,     0.77, 3,   boost,   16.20, 101815.00,  -40.71,   58.38,   51.19, 16.6, 4.09, 4.08, 4.08
6, 6357, 11,     0.78, 3,   boost,   15.99, 101812.00,  -40.46,   58.62,   51.34, 16.6, 4.10, 4.10, 4.07
6, 6357, 11,     0.79, 3,   boost,   15.80, 101805.00,  -39.88,   59.21,   51.50, 16.6, 4.09, 4.08, 4.08
6, 6357, 11,     0.80, 3,   boost,   15.60, 101805.00,  -39.88,   59.21,   51.65, 16.6, 4.09, 4.11, 4.06
6, 6357, 11,     0.81, 3,   boost,   15.41, 101783.00,  -38.06,   61.03,   51.80, 16.6, 4.10, 4.11, 4.07
6, 6357, 11,     0.82, 3,   boost,   15.22, 101776.00,  -37.47,   61.61,   51.94, 16.6, 4.10, 4.11, 4.07
6, 6357, 11,     0.83, 3,   boost,   15.04, 101779.00,  -37.72,   61.36,   52.09, 16.6, 4.11, 4.11, 4.07
6, 6357, 11,     0.84, 3,   boost,   14.86, 101768.00,  -36.81,   62.27,   52.23, 16.6, 4.10, 4.10, 4.07
6, 6357, 11,     0.85, 3,   boost,   14.69, 101762.00,  -36.31,   62.77,   52.37, 16.6, 4.10, 4.10, 4.07
6, 6357, 11,     0.86, 3,   boost,   14.52, 101750.00,  -35.32,   63.77,   52.51, 16.6, 4.10, 4.11, 4.07
6, 6357, 11,     0.87, 3,   boost,   14.35, 101751.00,  -35.40,   63.68,   52.65, 16.6, 4.10, 4.11, 4.07
6, 6357, 11,     0.88, 3,   boost,   14.19, 101742.00,  -34.65,   64.43,   52.78, 16.6, 4.10, 4.10, 4.07
6, 6357, 11,     0.89, 3,   boost,   14.03, 101743.00,  -34.74,   64.35,   52.92, 16.6, 4.10, 4.10, 4.07
6, 6357, 11,     0.90, 3,   boost,   13.88, 101729.00,  -33.58,   65.51,   53.05, 16.6, 4.09, 4.07, 4.08
6, 6357, 11,     0.91, 3,   boost,   13.73, 101729.00,  -33.58,   65.51,   53.18, 16.6, 4.10, 4.10, 4.06
6, 6357, 11,     0.92, 3,   boost,   13.58, 101715.00,  -32.41,   66.67,   53.31, 16.6, 4.10, 4.10, 4.07
6, 6357, 11,     0.93, 3,   boost,   13.44, 101705.00,  -31.58,   67.50,   53.44, 16.6, 4.10, 4.10, 4.07
6, 6357, 11,     0.94, 3,   boost,   13.30, 101706.00,  -31.67,   67.42,   53.56, 16.6, 4.11, 4.11, 4.07
6, 6357, 11,     0.95, 3,   boost,   13.16, 101699.00,  -31.09,   68.00,   53.69, 16.6, 4.10, 4.10, 4.07
6, 6357, 11,     0.96, 3,   boost,   13.03, 101689.00,  -30.26,   68.83,   53.81, 16.6, 4.11, 4.10, 4.07
6, 6357, 11,     0.97, 3,   boost,   12.90, 101680.00,  -29.51,   69.58,   53.93, 16.6, 4.10, 4.10, 4.07
6, 6357, 11,     0.98, 3,   boost,   12.78, 101672.00,  -28.85,   70.24,   54.05, 16.6, 4.10, 4.10, 4.07
6, 6357, 11,     0.99, 3,   boost,   12.66, 101666.00,  -28.35,   70.74,   54.18, 16.6, 4.10, 4.10, 4.07
6, 6357, 11,     1.00, 3,   boost,   12.54, 101662.00,  -28.01,   71.07,   54.29, 16.6, 4.10, 4.10, 4.06
6, 6357, 11,     1.01, 3,   boost,   12.43, 101653.00,  -27.27,   71.82,   54.41, 16.6, 4.09, 4.08, 4.08
6, 6357, 11,     1.02, 3,   boost,   12.32, 101653.00,  -27.27,   71.82,   54.53, 16.6, 4.09, 4.10, 4.06
6, 6357, 11,     1.03, 3,   boost,   12.21, 101656.00,  -27.52,   71.57,   54.65, 16.6, 4.09, 4.10, 4.07
6, 6357, 11,     1.04, 3,   boost,   12.11, 101643.00,  -26.44,   72.65,   54.76, 16.6, 4.10, 4.10, 4.07
6, 6357, 11,     1.05, 3,   boost,   12.00, 101632.00,  -25.52,   73.56,   54.88, 16.6, 4.11, 4.10, 4.07
6, 6357, 11,     1.06, 3,   boost,   11.91, 101627.00,  -25.11,   73.98,   54.99, 16.6, 4.10, 4.11, 4.07
6, 6357, 11,     1.07, 3,   boost,   11.81, 101622.00,  -24.69,   74.39,   55.11, 16.6, 4.10, 4.11, 4.07
6, 6357, 11,     1.08, 3,   boost,   11.71, 101624.00,  -24.86,   74.23,   55.22, 16.6, 4.11, 4.11, 4.07
6, 6357, 11,     1.09, 3,   boost,   11.62, 101616.00,  -24.20,   74.89,   55.33, 16.6, 4.10, 4.10, 4.06
6, 6357, 11,     1.10, 3,   boost,   11.53, 101608.00,  -23.53,   75.55,   55.44, 16.6, 4.10, 4.10, 4.07
6, 6357, 11,     1.11, 3,   boost,   11.44, 101595.00,  -22.45,   76.63,   55.56, 16.6, 4.11, 4.10, 4.07
6, 6357, 11,     1.12, 3,   boost,   11.36, 101589.00,  -21.95,   77.13,   55.67, 16.6, 4.09, 4.08, 4.08
6, 6357, 11,     1.13, 3,   boost,   11.27, 101589.00,  -21.95,   77.13,   55.78, 16.6, 4.09, 4.10, 4.06
6, 6357, 11,     1.14, 3,   boost,   11.19, 101571.00,  -20.46,   78.63,   55.89, 16.6, 4.09, 4.09, 4.08
6, 6357, 11,     1.15, 3,   boost,   11.10, 101569.00,  -20.29,   78.79,   56.00, 16.6, 4.10, 4.10, 4.07
6, 6357, 11,     1.16, 3,   boost,   11.02, 101563.00,  -19.79,   79.29,   56.10, 16.6, 4.10, 4.10, 4.07
6, 6357, 11,     1.17, 3,   boost,   10.94, 101556.00,  -19.21,   79.87,   56.21, 16.6, 4.10, 4.10, 4.07
6, 6357, 11,     1.18, 3,   boost,   10.86, 101541.00,  -17.96,   81.12,   56.32, 16.6, 4.10, 4.10, 4.07
6, 6357, 11,     1.19, 3,   boost,   10.78, 101551.00,  -18.80,   80.29,   56.43, 16.6, 4.10, 4.10, 4.07
6, 6357, 11,     1.20, 3,   boost,   10.70, 101529.00,  -16.97,   82.12,   56.54, 16.6, 4.10, 4.10, 4.06
6, 6357, 11,     1.21, 3,   boost,   10.62, 101527.00,  -16.80,   82.28,   56.64, 16.6, 4.10, 4.10, 4.07
6, 6357, 11,     1.22, 3,   boost,   10.54, 101516.00,  -15.89,   83.20,   56.75, 16.6, 4.11, 4.11, 4.07
6, 6357, 11,     1.23, 3,   boost,   10.46, 101514.00,  -15.72,   83.36,   56.86, 16.6, 4.06, 4.10, 4.08
6, 6357, 11,     1.24, 3,   boost,   10.38, 101514.00,  -15.72,   83.36,   56.96, 16.6, 4.09, 4.10, 4.06
6, 6357, 11,     1.25, 3,   boost,   10.30, 101487.00,  -13.48,   85.61,   57.07, 16.6, 4.10, 4.10, 4.07
6, 6357, 11,     1.26, 3,   boost,   10.21, 101481.00,  -12.98,   86.11,   57.17, 16.6, 4.10, 4.10, 4.06
6, 6357, 11,     1.27, 3,   boost,   10.13, 101480.00,  -12.89,   86.19,   57.28, 16.6, 4.10, 4.11, 4.07
6, 6357, 11,     1.28, 3,   boost,   10.04, 101471.00,  -12.15,   86.94,   57.38, 16.6, 4.10, 4.11, 4.07
6, 6357, 11,     1.29, 3,   boost,    9.96, 101462.00,  -11.40,   87.69,   57.49, 16.6, 4.10, 4.10, 4.07
6, 6357, 11,     1.30, 3,   boost,    9.87, 101454.00,  -10.73,   88.35,   57.59, 16.6, 4.10, 4.10, 4.06
6, 6357, 11,     1.31, 3,   boost,    9.78, 101450.00,  -10.40,   88.69,   57.69, 16.6, 4.10, 4.10, 4.07
6, 6357, 11,     1.32, 3,   boost,    9.69, 101440.00,   -9.57,   89.52,   57.80, 16.6, 4.10, 4.10, 4.06
6, 6357, 11,     1.33, 3,   boost,    9.60, 101432.00,   -8.90,   90.18,   57.90, 16.6, 4.10, 4.11, 4.07
6, 6357, 11,     1.34, 3,   boost,    9.51, 101416.00,   -7.57,   91.51,   58.00, 16.6, 4.06, 4.09, 4.08
6, 6357, 11,     1.35, 3,   boost,    9.41, 101416.00,   -7.57,   91.51,   58.10, 16.6, 4.09, 4.10, 4.06
6, 6357, 11,     1.36, 3,   boost,    9.32, 101403.00,   -6.49,   92.59,   58.20, 16.6, 4.11, 4.11, 4.07
6, 6357, 11,     1.37, 3,   boost,    9.22, 101399.00,   -6.16,   92.93,   58.30, 16.6, 4.10, 4.11, 4.06
6, 6357, 11,     1.38, 3,   boost,    9.11, 101387.00,   -5.16,   93.93,   58.40, 16.6, 4.10, 4.10, 4.07
6, 6357, 11,     1.39, 3,   boost,    9.01, 101378.00,   -4.41,   94.67,   58.50, 16.6, 4.10, 4.10, 4.07
6, 6357, 11,     1.40, 3,   boost,    8.91, 101374.00,   -4.08,   95.01,   58.60, 16.6, 4.11, 4.11, 4.07
6, 6357, 11,     1.41, 3,   boost,    8.80, 101375.00,   -4.16,   94.92,   58.70, 16.6, 4.10, 4.10, 4.07
6, 6357, 11,     1.42, 3,   boost,    8.69, 101355.00,   -2.50,   96.59,   58.79, 16.6, 4.10, 4.10, 4.07
6, 6357, 11,     1.43, 3,   boost,    8.58, 101354.00,   -2.41,   96.67,   58.88, 16.6, 4.10, 4.10, 4.07
6, 6357, 11,     1.44, 3,   boost,    8.46, 101341.00,   -1.33,   97.75,   58.97, 16.6, 4.10, 4.10, 4.07
6, 6357, 11,     1.45, 3,   boost,    8.35, 101332.00,   -0.58,   98.50,   59.06, 16.6, 4.07, 4.09, 4.08
6, 6357, 11,     1.46, 3,   boost,    8.23, 101332.00,   -0.58,   98.50,   59.15, 16.6, 4.09, 4.10, 4.06
6, 6357, 11,     1.47, 3,   boost,    8.11, 101318.00,    0.58,   99.67,   59.24, 16.6, 4.11, 4.11, 4.07
6, 6357, 11,     1.48, 3,   boost,    7.98, 101313.00,    1.00,  100.08,   59.32, 16.6, 4.10, 4.10, 4.07
6, 6357, 11,     1.49, 3,   boost,    7.86, 101305.00,    1.66,  100.75,   59.41, 16.6, 4.10, 4.10, 4.07
6, 6357, 11,     1.50, 3,   boost,    7.73, 101295.00,    2.50,  101.58,   59.49, 16.6, 4.10, 4.11, 4.06
6, 6357, 11,     1.51, 3,   boost,    7.60, 101291.00,    2.83,  101.92,   59.57, 16.6, 4.10, 4.10, 4.07
6, 6357, 11,     1.52, 3,   boost,    7.47, 101281.00,    3.66,  102.75,   59.65, 16.6, 4.10, 4.10, 4.07
6, 6357, 11,     1.53, 3,   boost,    7.34, 101276.00,    4.08,  103.16,   59.73, 16.6, 4.10, 4.10, 4.07
6, 6357, 11,     1.54, 3,   boost,    7.20, 101256.00,    5.75,  104.83,   59.80, 16.6, 4.10, 4.10, 4.07
6, 6357, 11,     1.55, 3,   boost,    7.07, 101262.00,    5.25,  104.33,   59.88, 16.6, 4.09, 4.10, 4.06
6, 6357, 11,     1.56, 3,   boost,    6.93, 101245.00,    6.66,  105.75,   59.95, 16.6, 4.06, 4.09, 4.07
6, 6357, 11,     1.57, 3,   boost,    6.79, 101245.00,    6.66,  105.75,   60.02, 16.6, 4.09, 4.10, 4.06
6, 6357, 11,     1.58, 3,   boost,    6.64, 101222.00,    8.58,  107.66,   60.09, 16.6, 4.10, 4.10, 4.07
6, 6357, 11,     1.59, 3,   boost,    6.50, 101216.00,    9.08,  108.16,   60.16, 16.6, 4.10, 4.10, 4.07
6, 6357, 11,     1.60, 3,   boost,    6.35, 101225.00,    8.33,  107.41,   60.23, 16.6, 4.10, 4.10, 4.07
6, 6357, 11,     1.61, 3,   boost,    6.21, 101214.00,    9.24,  108.33,   60.29, 16.6, 4.10, 4.10, 4.07
6, 6357, 11,     1.62, 3,   boost,    6.06, 101207.00,    9.83,  108.91,   60.35, 16.6, 4.10, 4.11, 4.07
6, 6357, 11,     1.63, 3,   boost,    5.91, 101200.00,   10.41,  109.50,   60.42, 16.6, 4.10, 4.10, 4.06
6, 6357, 11,     1.64, 3,   boost,    5.76, 101205.00,    9.99,  109.08,   60.48, 16.6, 4.10, 4.10, 4.06
6, 6357, 11,     1.65, 3,   boost,    5.61, 101192.00,   11.08,  110.16,   60.53, 16.6, 4.10, 4.10, 4.07
6, 6357, 11,     1.66, 3,   boost,    5.45, 101194.00,   10.91,  110.00,   60.59, 16.6, 4.10, 4.11, 4.07
6, 6357, 11,     1.67, 3,   boost,    5.30, 101185.00,   11.66,  110.75,   60.65, 16.6, 4.06, 4.10, 4.08
6, 6357, 11,     1.68, 3,   boost,    5.14, 101185.00,   11.66,  110.75,   60.70, 16.6, 4.09, 4.10, 4.06
6, 6357, 11,     1.69, 3,   boost,    4.99, 101159.00,   13.83,  112.91,   60.75, 16.6, 4.10, 4.10, 4.07
6, 6357, 11,     1.70, 3,   boost,    4.83, 101159.00,   13.83,  112.91,   60.80, 16.6, 4.10, 4.10, 4.07
6, 6357, 11,     1.71, 3,   boost,    4.67, 101149.00,   14.66,  113.75,   60.85, 16.6, 4.10, 4.10, 4.07
6, 6357, 11,     1.72, 3,   boost,    4.52, 101144.00,   15.08,  114.16,   60.90, 16.6, 4.10, 4.10, 4.06
6, 6357, 11,     1.73, 3,   boost,    4.36, 101126.00,   16.58,  115.66,   60.95, 16.6, 4.11, 4.10, 4.07
6, 6357, 11,     1.74, 3,   boost,    4.20, 101123.00,   16.83,  115.91,   60.99, 16.6, 4.10, 4.10, 4.07
6, 6357, 11,     1.75, 3,   boost,    4.04, 101109.00,   18.00,  117.08,   61.03, 16.6, 4.10, 4.11, 4.07
6, 6357, 11,     1.76, 3,   boost,    3.88, 101112.00,   17.75,  116.83,   61.07, 16.6, 4.11, 4.11, 4.07
6, 6357, 11,     1.77, 3,   boost,    3.72, 101097.00,   19.00,  118.08,   61.11, 16.6, 4.10, 4.11, 4.06
6, 6357, 11,     1.78, 3,   boost,    3.56, 101081.00,   20.33,  119.42,   61.15, 16.6, 4.06, 4.10, 4.07
6, 6357, 11,     1.79, 3,   boost,    3.40, 101081.00,   20.33,  119.42,   61.19, 16.6, 4.09, 4.10, 4.06
6, 6357, 11,     1.80, 3,   boost,    3.24, 101060.00,   22.08,  121.17,   61.22, 16.6, 4.10, 4.10, 4.07
6, 6357, 11,     1.81, 3,   boost,    3.07, 101059.00,   22.17,  121.25,   61.25, 16.6, 4.10, 4.11, 4.07
6, 6357, 11,     1.82, 3,   boost,    2.91, 101052.00,   22.75,  121.84,   61.29, 16.6, 4.11, 4.10, 4.07
6, 6357, 11,     1.83, 3,   boost,    2.75, 101038.00,   23.92,  123.00,   61.31, 16.6, 4.10, 4.10, 4.06
6, 6357, 11,     1.84, 3,   boost,    2.59, 101039.00,   23.83,  122.92,   61.34, 16.6, 4.10, 4.10, 4.07
6, 6357, 11,     1.85, 3,   boost,    2.43, 101023.00,   25.17,  124.25,   61.37, 16.6, 4.10, 4.10, 4.07
6, 6357, 11,     1.86, 3,   boost,    2.27, 101019.00,   25.50,  124.59,   61.39, 16.6, 4.10, 4.10, 4.07
6, 6357, 11,     1.87, 3,   boost,    2.11, 100998.00,   27.26,  126.34,   61.41, 16.6, 4.11, 4.11, 4.07
6, 6357, 11,     1.88, 3,   boost,    1.94, 100985.00,   28.34,  127.43,   61.44, 16.6, 4.11, 4.11, 4.07
6, 6357, 11,     1.89, 3,   boost,    1.78, 100970.00,   29.59,  128.68,   61.45, 16.6, 4.06, 4.10, 4.07
6, 6357, 11,     1.90, 3,   boost,    1.62, 100970.00,   29.59,  128.68,   61.47, 16.6, 4.09, 4.10, 4.06
6, 6357, 11,     1.91, 3,   boost,    1.46, 100962.00,   30.26,  129.35,   61.49, 16.6, 4.10, 4.11, 4.07
6, 6357, 11,     1.92, 3,   boost,    1.30, 100950.00,   31.26,  130.35,   61.50, 16.6, 4.10, 4.10, 4.07
6, 6357, 11,     1.93, 3,   boost,    1.14, 100953.00,   31.01,  130.10,   61.51, 16.6, 4.10, 4.10, 4.07
6, 6357, 11,     1.94, 3,   boost,    0.98, 100944.00,   31.76,  130.85,   61.53, 16.6, 4.09, 4.10, 4.07
6, 6357, 11,     1.95, 3,   boost,    0.82, 100945.00,   31.68,  130.77,   61.53, 16.6, 4.09, 4.10, 4.06
6, 6357, 11,     1.96, 3,   boost,    0.66, 100933.00,   32.68,  131.77,   61.54, 16.6, 4.10, 4.10, 4.07
6, 6357, 11,     1.97, 3,   boost,    0.50, 100929.00,   33.02,  132.10,   61.55, 16.6, 4.10, 4.11, 4.07
6, 6357, 11,     1.98, 3,   boost,    0.35, 100921.00,   33.68,  132.77,   61.55, 16.6, 4.10, 4.11, 4.07
6, 6357, 11,     1.99, 3,   boost,    0.19, 100916.00,   34.10,  133.19,   61.55, 16.6, 4.10, 4.10, 4.07
6, 6357, 11,     2.00, 3,   boost,    0.03, 100903.00,   35.19,  134.27,   61.56, 16.6, 4.06, 4.09, 4.08
6, 6357, 11,     2.01, 3,   boost,   -0.13, 100903.00,   35.19,  134.27,   61.56, 16.6, 4.10, 4.10, 4.06
6, 6357, 11,     2.02, 3,   boost,   -0.28, 100888.00,   36.44,  135.53,   61.55, 16.6, 4.10, 4.11, 4.07
6, 6357, 11,     2.03, 3,   boost,   -0.44, 100881.00,   37.03,  136.11,   61.55, 16.6, 4.10, 4.10, 4.07
6, 6357, 11,     2.04, 3,   boost,   -0.59, 100872.00,   37.78,  136.86,   61.55, 16.6, 4.10, 4.11, 4.06
6, 6357, 11,     2.05, 3,   boost,   -0.75, 100865.00,   38.36,  137.45,   61.54, 16.6, 4.10, 4.10, 4.07
6, 6357, 11,     2.06, 3,   boost,   -0.90, 100855.00,   39.20,  138.28,   61.53, 16.6, 4.10, 4.10, 4.06
6, 6357, 11,     2.07, 3,   boost,   -1.06, 100841.00,   40.37,  139.45,   61.52, 16.6, 4.10, 4.11, 4.07
6, 6357, 11,     2.08, 3,   boost,   -1.21, 100834.00,   40.95,  140.04,   61.51, 16.6, 4.10, 4.10, 4.07
6, 6357, 11,     2.09, 3,   boost,   -1.36, 100822.00,   41.96,  141.04,   61.49, 16.6, 4.10, 4.10, 4.07
6, 6357, 11,     2.10, 3,   boost,   -1.51, 100814.00,   42.62,  141.71,   61.48, 16.6, 4.10, 4.11, 4.07
6, 6357, 11,     2.11, 3,   boost,   -1.66, 100804.00,   43.46,  142.54,   61.46, 16.6, 4.06, 4.09, 4.07
6, 6357, 11,     2.12, 3,   boost,   -1.81, 100804.00,   43.46,  142.54,   61.44, 16.6, 4.10, 4.10, 4.06
6, 6357, 11,     2.13, 3,   boost,   -1.96, 100789.00,   44.71,  143.80,   61.42, 16.6, 4.10, 4.10, 4.07
6, 6357, 11,     2.14, 3,   boost,   -2.11, 100783.00,   45.22,  144.30,   61.40, 16.6, 4.10, 4.10, 4.07
6, 6357, 11,     2.15, 3,   boost,   -2.25, 100771.00,   46.22,  145.30,   61.38, 16.6, 4.10, 4.11, 4.06
6, 6357, 11,     2.16, 3,   boost,   -2.40, 100767.00,   46.55,  145.64,   61.36, 16.6, 4.09, 4.10, 4.07
6, 6357, 11,     2.17, 3,   boost,   -2.55, 100758.00,   47.31,  146.39,   61.33, 16.6, 4.10, 4.10, 4.06
6, 6357, 11,     2.18, 3,   boost,   -2.69, 100753.00,   47.72,  146.81,   61.30, 16.6, 4.10, 4.10, 4.07
6, 6357, 11,     2.19, 3,   boost,   -2.83, 100746.00,   48.31,  147.39,   61.27, 16.6, 4.09, 4.10, 4.07
6, 6357, 11,     2.20, 3,   boost,   -2.98, 100739.00,   48.89,  147.98,   61.24, 16.6, 4.10, 4.10, 4.07
6, 6357, 11,     2.21, 3,   boost,   -3.12, 100734.00,   49.31,  148.40,   61.21, 16.6, 4.10, 4.10, 4.07
6, 6357, 11,     2.22, 3,   boost,   -3.26, 100729.00,   49.73,  148.82,   61.18, 16.6, 4.06, 4.09, 4.08
6, 6357, 11,     2.23, 3,   boost,   -3.40, 100729.00,   49.73,  148.82,   61.15, 16.6, 4.09, 4.10, 4.06
6, 6357, 11,     2.24, 3,   boost,   -3.54, 100708.00,   51.49,  150.57,   61.11, 16.6, 4.10, 4.10, 4.07
6, 6357, 11,     2.25, 3,   boost,   -3.67, 100701.00,   52.07,  151.16,   61.07, 16.6, 4.10, 4.10, 4.06
6, 6357, 11,     2.26, 3,   boost,   -3.81, 100692.00,   52.83,  151.91,   61.04, 16.6, 4.10, 4.10, 4.07
6, 6357, 11,     2.27, 3,   boost,   -3.94, 100677.00,   54.08,  153.17,   61.00, 16.6, 4.10, 4.10, 4.06
6, 6357, 11,     2.28, 3,   boost,   -4.08, 100666.00,   55.00,  154.09,   60.95, 16.6, 4.10, 4.11, 4.07
6, 6357, 11,     2.29, 3,   boost,   -4.21, 100655.00,   55.92,  155.01,   60.91, 16.6, 4.11, 4.11, 4.07
6, 6357, 11,     2.30, 3,   boost,   -4.34, 100646.00,   56.68,  155.76,   60.87, 16.6, 4.10, 4.10, 4.07
6, 6357, 11,     2.31, 3,   boost,   -4.47, 100646.00,   56.68,  155.76,   60.82, 16.6, 4.10, 4.10, 4.06
6, 6357, 11,     2.32, 3,   boost,   -4.60, 100635.00,   57.60,  156.68,   60.78, 16.6, 4.10, 4.10, 4.07
6, 6357, 11,     2.33, 3,   boost,   -4.73, 100632.00,   57.85,  156.93,   60.73, 16.6, 4.06, 4.10, 4.08
6, 6357, 11,     2.34, 3,   boost,   -4.86, 100632.00,   57.85,  156.93,   60.68, 16.6, 4.09, 4.10, 4.06
6, 6357, 11,     2.35, 3,   boost,   -4.99, 100622.00,   58.68,  157.77,   60.63, 16.6, 4.10, 4.10, 4.07
6, 6357, 11,     2.36, 3,   boost,   -5.11, 100615.00,   59.27,  158.36,   60.58, 16.6, 4.10, 4.10, 4.06
6, 6357, 11,     2.37, 3,   boost,   -5.23, 100615.00,   59.27,  158.36,   60.52, 16.6, 4.10, 4.10, 4.06
6, 6357, 11,     2.38, 3,   boost,   -5.36, 100601.00,   60.44,  159.53,   60.47, 16.6, 4.11, 4.11, 4.07
6, 6357, 11,     2.39, 3,   boost,   -5.48, 100584.00,   61.87,  160.95,   60.41, 16.6, 4.11, 4.11, 4.07
6, 6357, 11,     2.40, 3,   boost,   -5.60, 100586.00,   61.70,  160.78,   60.36, 16.6, 4.11, 4.11, 4.07
6, 6357, 11,     2.41, 3,   boost,   -5.72, 100575.00,   62.62,  161.70,   60.30, 16.6, 4.11, 4.11, 4.07
6, 6357, 11,     2.42, 3,   boost,   -5.83, 100566.00,   63.37,  162.46,   60.24, 16.6, 4.10, 4.10, 4.07
6, 6357, 11,     2.43, 3,   boost,   -5.95, 100566.00,   63.37,  162.46,   60.18, 16.6, 4.10, 4.10, 4.07
6, 6357, 11,     2.44, 3,   boost,   -6.07, 100561.00,   63.79,  162.88,   60.12, 16.6, 4.06, 4.09, 4.07
6, 6357, 11,     2.45, 3,   boost,   -6.18, 100561.00,   63.79,  162.88,   60.05, 16.6, 4.09, 4.09, 4.06
6, 6357, 11,     2.46, 3,   boost,   -6.29, 100538.00,   65.72,  164.80,   59.99, 16.6, 4.11, 4.11, 4.07
6, 6357, 11,     2.47, 3,   boost,   -6.40, 100530.00,   66.39,  165.47,   59.92, 16.6, 4.10, 4.10, 4.07
6, 6357, 11,     2.48, 3,   boost,   -6.51, 100531.00,   66.30,  165.39,   59.86, 16.6, 4.10, 4.10, 4.07
6, 6357, 11,     2.49, 3,   boost,   -6.62, 100525.00,   66.81,  165.89,   59.79, 16.6, 4.09, 4.09, 4.07
6, 6357, 11,     2.50, 3,   boost,   -6.73, 100504.00,   68.57,  167.65,   59.72, 16.6, 4.09, 4.10, 4.07
6, 6357, 11,     2.51, 3,   boost,   -6.84, 100509.00,   68.15,  167.23,   59.65, 16.6, 4.11, 4.11, 4.07
6, 6357, 11,     2.52, 3,   boost,   -6.94, 100489.00,   69.82,  168.91,   59.58, 16.6, 4.10, 4.10, 4.07
6, 6357, 11,     2.53, 3,   boost,   -7.05, 100488.00,   69.91,  168.99,   59.51, 16.6, 4.10, 4.10, 4.07
6, 6357, 11,     2.54, 3,   boost,   -7.15, 100483.00,   70.33,  169.41,   59.44, 16.6, 4.10, 4.10, 4.06
6, 6357, 11,     2.55, 3,   boost,   -7.25, 100472.00,   71.25,  170.33,   59.37, 16.6, 4.06, 4.09, 4.07
6, 6357, 11,     2.56, 3,   boost,   -7.35, 100472.00,   71.25,  170.33,   59.29, 16.6, 4.10, 4.10, 4.06
6, 6357, 11,     2.57, 3,   boost,   -7.45, 100448.00,   73.26,  172.35,   59.22, 16.6, 4.11, 4.10, 4.07
6, 6357, 11,     2.58, 3,   boost,   -7.55, 100450.00,   73.09,  172.18,   59.14, 16.6, 4.10, 4.10, 4.06
6, 6357, 11,     2.59, 3,   boost,   -7.64, 100441.00,   73.85,  172.93,   59.06, 16.6, 4.10, 4.10, 4.07
6, 6357, 11,     2.60, 3,   boost,   -7.74, 100440.00,   73.93,  173.02,   58.98, 16.6, 4.11, 4.10, 4.07
6, 6357, 11,     2.61, 3,   boost,   -7.83, 100424.00,   75.27,  174.36,   58.90, 16.6, 4.10, 4.11, 4.06
6, 6357, 11,     2.62, 3,   boost,   -7.92, 100413.00,   76.20,  175.28,   58.82, 16.6, 4.10, 4.10, 4.07
6, 6357, 11,     2.63, 3,   boost,   -8.01, 100409.00,   76.53,  175.62,   58.74, 16.6, 4.10, 4.10, 4.07
6, 6357, 11,     2.64, 3,   boost,   -8.10, 100395.00,   77.70,  176.79,   58.66, 16.6, 4.10, 4.10, 4.07
6, 6357, 11,     2.65, 3,   boost,   -8.19, 100393.00,   77.87,  176.96,   58.58, 16.6, 4.10, 4.10, 4.07
6, 6357, 11,     2.66, 3,   boost,   -8.28, 100389.00,   78.21,  177.29,   58.49, 16.6, 4.06, 4.09, 4.07
6, 6357, 11,     2.67, 3,   boost,   -8.36, 100389.00,   78.21,  177.29,   58.41, 16.6, 4.09, 4.10, 4.05
6, 6357, 11,     2.68, 3,   boost,   -8.45, 100368.00,   79.97,  179.05,   58.32, 16.6, 4.10, 4.10, 4.07
6, 6357, 11,     2.69, 3,   boost,   -8.53, 100351.00,   81.40,  180.48,   58.24, 16.6, 4.10, 4.11, 4.07
6, 6357, 11,     2.70, 3,   boost,   -8.61, 100354.00,   81.14,  180.23,   58.15, 16.6, 4.10, 4.10, 4.06
6, 6357, 11,     2.71, 3,   boost,   -8.69, 100336.00,   82.65,  181.74,   58.06, 16.6, 4.10, 4.10, 4.07
6, 6357, 11,     2.72, 3,   boost,   -8.77, 100333.00,   82.91,  181.99,   57.97, 16.6, 4.10, 4.10, 4.06
6, 6357, 11,     2.73, 3,   boost,   -8.85, 100329.00,   83.24,  182.33,   57.88, 16.6, 4.10, 4.10, 4.07
6, 6357, 11,     2.74, 3,   boost,   -8.93, 100326.00,   83.49,  182.58,   57.79, 16.6, 4.10, 4.10, 4.06
6, 6357, 11,     2.75, 3,   boost,   -9.00, 100318.00,   84.16,  183.25,   57.70, 16.6, 4.10, 4.10, 4.06
6, 6357, 11,     2.76, 3,   boost,   -9.08, 100317.00,   84.25,  183.33,   57.61, 16.6, 4.10, 4.10, 4.07
6, 6357, 11,     2.77, 3,   boost,   -9.15, 100301.00,   85.59,  184.68,   57.51, 16.6, 4.06, 4.09, 4.08
6, 6357, 11,     2.78, 3,   boost,   -9.22, 100301.00,   85.59,  184.68,   57.42, 16.6, 4.10, 4.10, 4.07
6, 6357, 11,     2.79, 3,   boost,   -9.29, 100292.00,   86.35,  185.43,   57.32, 16.6, 4.10, 4.10, 4.06
6, 6357, 11,     2.80, 3,   boost,   -9.36, 100292.00,   86.35,  185.43,   57.23, 16.6, 4.10, 4.11, 4.06
6, 6357, 11,     2.81, 3,   boost,   -9.43, 100284.00,   87.02,  186.10,   57.13, 16.6, 4.10, 4.10, 4.07
6, 6357, 11,     2.82, 3,   boost,   -9.49, 100275.00,   87.77,  186.86,   57.04, 16.6, 4.10, 4.10, 4.07
6, 6357, 11,     2.83, 3,   boost,   -9.56, 100269.00,   88.28,  187.36,   56.94, 16.6, 4.10, 4.10, 4.07
6, 6357, 11,     2.84, 3,   boost,   -9.62, 100270.00,   88.19,  187.28,   56.84, 16.6, 4.10, 4.10, 4.07
6, 6357, 11,     2.85, 3,   boost,   -9.69, 100269.00,   88.28,  187.36,   56.75, 16.6, 4.11, 4.11, 4.07
6, 6357, 11,     2.86, 3,   boost,   -9.75, 100259.00,   89.12,  188.20,   56.65, 16.6, 4.09, 4.10, 4.07
6, 6357, 11,     2.87, 3,   boost,   -9.81, 100253.00,   89.62,  188.71,   56.55, 16.6, 4.10, 4.11, 4.07
6, 6357, 11,     2.88, 3,   boost,   -9.87, 100258.00,   89.20,  188.29,   56.45, 16.6, 4.06, 4.09, 4.07
6, 6357, 11,     2.89, 3,   boost,   -9.93, 100258.00,   89.20,  188.29,   56.35, 16.6, 4.09, 4.10, 4.06
6, 6357, 11,     2.90, 3,   boost,   -9.98, 100234.00,   91.22,  190.30,   56.25, 16.6, 4.10, 4.10, 4.06
6, 6357, 11,     2.91, 3,   boost,  -10.04, 100229.00,   91.64,  190.72,   56.14, 16.6, 4.10, 4.11, 4.07
6, 6357, 11,     2.92, 3,   boost,  -10.09, 100228.00,   91.72,  190.80,   56.04, 16.6, 4.10, 4.10, 4.07
6, 6357, 11,     2.93, 3,   boost,  -10.14, 100222.00,   92.22,  191.31,   55.94, 16.6, 4.10, 4.10, 4.07
6, 6357, 11,     2.94, 3,   boost,  -10.20, 100209.00,   93.32,  192.40,   55.84, 16.6, 4.10, 4.10, 4.07
6, 6357, 11,     2.95, 3,   boost,  -10.25, 100193.00,   94.66,  193.74,   55.73, 16.6, 4.10, 4.11, 4.07
6, 6357, 11,     2.96, 3,   boost,  -10.30, 100196.00,   94.41,  193.49,   55.63, 16.6, 4.11, 4.10, 4.07
6, 6357, 11,     2.97, 3,   boost,  -10.34, 100183.00,   95.50,  194.58,   55.52, 16.6, 4.10, 4.11, 4.07
6, 6357, 11,     2.98, 3,   boost,  -10.39, 100183.00,   95.50,  194.58,   55.42, 16.6, 4.10, 4.10, 4.07
6, 6357, 11,     2.99, 3,   boost,  -10.44, 100173.00,   96.34,  195.42,   55.31, 16.6, 4.06, 4.09, 4.07
6, 6357, 11,     3.00, 3,   boost,  -10.48, 100173.00,   96.34,  195.42,   55.21, 16.6, 4.09, 4.09, 4.06
6, 6357, 11,     3.01, 3,   boost,  -10.53, 100150.00,   98.27,  197.36,   55.10, 16.6, 4.10, 4.10, 4.07
6, 6357, 11,     3.02, 3,   boost,  -10.57, 100145.00,   98.69,  197.78,   54.99, 16.6, 4.10, 4.11, 4.07
6, 6357, 11,     3.03, 3,   boost,  -10.61, 100138.00,   99.28,  198.37,   54.88, 16.6, 4.10, 4.10, 4.07
6, 6357, 11,     3.04, 3,   boost,  -10.65, 100133.00,   99.70,  198.79,   54.78, 16.6, 4.10, 4.11, 4.07
6, 6357, 11,     3.05, 3,   boost,  -10.69, 100123.00,  100.54,  199.63,   54.67, 16.6, 4.10, 4.10, 4.07
6, 6357, 11,     3.06, 3,   boost,  -10.73, 100122.00,  100.63,  199.71,   54.56, 16.6, 4.11, 4.11, 4.07
6, 6357, 11,     3.07, 3,   boost,  -10.76, 100105.00,  102.05,  201.14,   54.45, 16.6, 4.10, 4.10, 4.07
6, 6357, 11,     3.08, 3,   boost,  -10.80, 100106.00,  101.97,  201.06,   54.34, 16.6, 4.10, 4.10, 4.07
6, 6357, 11,     3.09, 3,   boost,  -10.83, 100098.00,  102.64,  201.73,   54.23, 16.6, 4.10, 4.10, 4.07
6, 6357, 11,     3.10, 3,   boost,  -10.87, 100092.00,  103.15,  202.23,   54.12, 16.6, 4.06, 4.10, 4.07
6, 6357, 11,     3.11, 3,   boost,  -10.90, 100092.00,  103.15,  202.23,   54.01, 16.6, 4.09, 4.10, 4.05
6, 6357, 11,     3.12, 3,   boost,  -10.93, 100078.00,  104.32,  203.41,   53.90, 16.6, 4.10, 4.10, 4.07
6, 6357, 11,     3.13, 3,   boost,  -10.96, 100066.00,  105.33,  204.42,   53.79, 16.6, 4.10, 4.10, 4.07
6, 6357, 11,     3.14, 3,   boost,  -10.99, 100067.00,  105.25,  204.33,   53.68, 16.6, 4.10, 4.10, 4.07
6, 6357, 11,     3.15, 3,   boost,  -11.02, 100059.00,  105.92,  205.01,   53.56, 16.6, 4.10, 4.10, 4.07
6, 6357, 11,     3.16, 3,   boost,  -11.05, 100047.00,  106.93,  206.02,   53.45, 16.6, 4.10, 4.10, 4.07
6, 6357, 11,     3.17, 3,   boost,  -11.07, 100043.00,  107.27,  206.35,   53.34, 16.6, 4.10, 4.10, 4.07
6, 6357, 11,     3.18, 3,   boost,  -11.10, 100039.00,  107.60,  206.69,   53.23, 16.6, 4.10, 4.11, 4.07
6, 6357, 11,     3.19, 3,   boost,  -11.12, 100031.00,  108.28,  207.36,   53.11, 16.6, 4.10, 4.10, 4.07
6, 6357, 11,     3.20, 3,   boost,  -11.15, 100026.00,  108.70,  207.78,   53.00, 16.6, 4.10, 4.10, 4.07
6, 6357, 11,     3.21, 3,   boost,  -11.17, 100015.00,  109.62,  208.71,   52.89, 16.6, 4.06, 4.09, 4.07
6, 6357, 11,     3.22, 3,   boost,  -11.19, 100015.00,  109.62,  208.71,   52.77, 16.6, 4.10, 4.10, 4.06
6, 6357, 11,     3.23, 3,   boost,  -11.21, 100001.00,  110.80,  209.89,   52.66, 16.6, 4.10, 4.11, 4.07
6, 6357, 11,     3.24, 3,   boost,  -11.23,  99998.00,  111.05,  210.14,   52.55, 16.6, 4.10, 4.10, 4.07
6, 6357, 11,     3.25, 3,   boost,  -11.25,  99999.00,  110.97,  210.05,   52.43, 16.6, 4.10, 4.10, 4.07
6, 6357, 11,     3.26, 3,   boost,  -11.27,  99989.00,  111.81,  210.90,   52.32, 16.6, 4.11, 4.11, 4.07
6, 6357, 11,     3.27, 3,   boost,  -11.29,  99988.00,  111.89,  210.98,   52.21, 16.6, 4.10, 4.10, 4.07
6, 6357, 11,     3.28, 3,   boost,  -11.30,  99986.00,  112.06,  211.15,   52.09, 16.6, 4.10, 4.10, 4.07
6, 6357, 11,     3.29, 3,   boost,  -11.32,  99972.00,  113.24,  212.33,   51.98, 16.6, 4.10, 4.10, 4.07
6, 6357, 11,     3.30, 3,   boost,  -11.33,  99978.00,  112.74,  211.82,   51.86, 16.6, 4.10, 4.10, 4.07
6, 6357, 11,     3.31, 3,   boost,  -11.35,  99966.00,  113.75,  212.83,   51.75, 16.6, 4.10, 4.10, 4.06
6, 6357, 11,     3.32, 3,   boost,  -11.36,  99965.00,  113.83,  212.91,   51.63, 16.6, 4.06, 4.09, 4.07
6, 6357, 11,     3.33, 3,   boost,  -11.38,  99965.00,  113.83,  212.91,   51.52, 16.6, 4.09, 4.10, 4.06
6, 6357, 11,     3.34, 3,   boost,  -11.39,  99947.00,  115.34,  214.43,   51.41, 16.6, 4.10, 4.10, 4.07
6, 6357, 11,     3.35, 3,   boost,  -11.40,  99942.00,  115.77,  214.85,   51.29, 16.6, 4.10, 4.10, 4.07
6, 6357, 11,     3.36, 3,   boost,  -11.41,  99937.00,  116.19,  215.27,   51.18, 16.6, 4.10, 4.11, 4.07
6, 6357, 11,     3.37, 3,   boost,  -11.42,  99933.00,  116.52,  215.61,   51.06, 16.6, 4.10, 4.10, 4.07
6, 6357, 11,     3.38, 3,   boost,  -11.43,  99921.00,  117.53,  216.62,   50.95, 16.6, 4.10, 4.11, 4.06
6, 6357, 11,     3.39, 3,   boost,  -11.44,  99922.00,  117.45,  216.53,   50.83, 16.6, 4.10, 4.10, 4.07
6, 6357, 11,     3.40, 3,   boost,  -11.45,  99910.00,  118.46,  217.54,   50.72, 16.6, 4.10, 4.10, 4.07
6, 6357, 11,     3.41, 3,   boost,  -11.46,  99903.00,  119.05,  218.13,   50.60, 16.6, 4.10, 4.10, 4.06
6, 6357, 11,     3.42, 3,   boost,  -11.47,  99900.00,  119.30,  218.39,   50.48, 16.6, 4.10, 4.09, 4.07
6, 6357, 11,     3.43, 3,   boost,  -11.47,  99899.00,  119.39,  218.47,   50.37, 16.6, 4.06, 4.09, 4.08
6, 6357, 11,     3.44, 3,   boost,  -11.48,  99899.00,  119.39,  218.47,   50.25, 16.6, 4.09, 4.10, 4.06
6, 6357, 11,     3.45, 3,   boost,  -11.49,  99880.00,  120.99,  220.07,   50.14, 16.6, 4.10, 4.10, 4.07
6, 6357, 11,     3.46, 3,   boost,  -11.49,  99870.00,  121.83,  220.91,   50.02, 16.6, 4.10, 4.10, 4.07
6, 6357, 11,     3.47, 3,   boost,  -11.50,  99872.00,  121.66,  220.74,   49.91, 16.6, 4.10, 4.11, 4.07
6, 6357, 11,     3.48, 3,   boost,  -11.50,  99860.00,  122.67,  221.76,   49.79, 16.6, 4.10, 4.11, 4.07
6, 6357, 11,     3.49, 3,   boost,  -11.50,  99856.00,  123.01,  222.09,   49.68, 16.6, 4.10, 4.11, 4.07
6, 6357, 11,     3.50, 3,   boost,  -11.51,  99848.00,  123.68,  222.77,   49.56, 16.6, 4.10, 4.10, 4.07
6, 6357, 11,     3.51, 3,   boost,  -11.51,  99843.00,  124.10,  223.19,   49.44, 16.6, 4.10, 4.10, 4.06
6, 6357, 11,     3.52, 3,   boost,  -11.51,  99833.00,  124.94,  224.03,   49.33, 16.6, 4.10, 4.10, 4.07
6, 6357, 11,     3.53, 3,   boost,  -11.51,  99844.00,  124.02,  223.10,   49.21, 16.6, 4.10, 4.10, 4.07
6, 6357, 11,     3.54, 5,   coast,  -11.52,  99825.00,  125.62,  224.70,   49.10, 16.6, 4.09, 4.09, 4.08
6, 6357, 11,     3.54, 5,   coast,  -11.52,  99825.00,  125.62,  224.70,   49.10, 16.6, 4.09, 4.09, 4.08
6, 6357, 11,     3.55, 5,   coast,  -11.52,  99825.00,  125.62,  224.70,   48.98, 16.6, 4.11, 4.11, 4.06
6, 6357, 11,     3.56, 5,   coast,  -11.52,  99824.00,  125.70,  224.79,   48.87, 16.6, 4.10, 4.11, 4.06
6, 6357, 11,     3.57, 5,   coast,  -11.52,  99807.00,  127.14,  226.22,   48.75, 16.6, 4.09, 4.11, 4.05
6, 6357, 11,     3.58, 5,   coast,  -11.52,  99795.00,  128.15,  227.23,   48.64, 16.6, 4.10, 4.10, 4.07
6, 6357, 11,     3.59, 5,   coast,  -11.52,  99792.00,  128.40,  227.48,   48.52, 16.6, 4.10, 4.10, 4.07
6, 6357, 11,     3.60, 5,   coast,  -11.51,  99788.00,  128.74,  227.82,   48.40, 16.6, 4.09, 4.09, 4.07
6, 6357, 11,     3.61, 5,   coast,  -11.51,  99790.00,  128.57,  227.65,   48.29, 16.6, 4.10, 4.09, 4.07
6, 6357, 11,     3.62, 5,   coast,  -11.51,  99778.00,  129.58,  228.66,   48.17, 16.6, 4.10, 4.10, 4.06
6, 6357, 11,     3.63, 5,   coast,  -11.51,  99772.00,  130.08,  229.17,   48.06, 16.6, 4.10, 4.11, 4.06
6, 6357, 11,     3.64, 5,   coast,  -11.51,  99771.00,  130.17,  229.25,   47.94, 16.6, 4.11, 4.12, 4.05
6, 6357, 11,     3.65, 5,   coast,  -11.50,  99754.00,  131.60,  230.69,   47.82, 16.6, 4.09, 4.07, 4.08
6, 6357, 11,     3.66, 5,   coast,  -11.50,  99754.00,  131.60,  230.69,   47.71, 16.6, 4.08, 4.09, 4.05
6, 6357, 11,     3.67, 5,   coast,  -11.50,  99747.00,  132.19,  231.28,   47.59, 16.6, 4.10, 4.10, 4.07
6, 6357, 11,     3.68, 5,   coast,  -11.49,  99729.00,  133.71,  232.80,   47.47, 16.6, 4.11, 4.10, 4.08
6, 6357, 11,     3.69, 5,   coast,  -11.49,  99742.00,  132.61,  231.70,   47.36, 16.6, 4.11, 4.10, 4.07
6, 6357, 11,     3.70, 5,   coast,  -11.48,  99727.00,  133.88,  232.96,   47.24, 16.6, 4.10, 4.10, 4.07
6, 6357, 11,     3.71, 5,   coast,  -11.48,  99732.00,  133.46,  232.54,   47.13, 16.6, 4.11, 4.09, 4.07
6, 6357, 11,     3.72, 5,   coast,  -11.47,  99721.00,  134.38,  233.47,   47.01, 16.6, 4.09, 4.10, 4.07
6, 6357, 11,     3.73, 5,   coast,  -11.46,  99718.00,  134.64,  233.72,   46.90, 16.6, 4.08, 4.06, 4.08
6, 6357, 11,     3.74, 5,   coast,  -11.46,  99710.00,  135.31,  234.40,   46.78, 16.6, 4.09, 4.09, 4.07
6, 6357, 11,     3.75, 5,   coast,  -11.45,  99699.00,  136.24,  235.33,   46.67, 16.6, 4.10, 4.10, 4.07
6, 6357, 11,     3.76, 5,   coast,  -11.44,  99694.00,  136.66,  235.75,   46.55, 16.6, 4.09, 4.08, 4.09
6, 6357, 11,     3.77, 5,   coast,  -11.44,  99694.00,  136.66,  235.75,   46.44, 16.6, 4.09, 4.10, 4.06
6, 6357, 11,     3.78, 5,   coast,  -11.43,  99682.00,  137.67,  236.76,   46.32, 16.6, 4.10, 4.10, 4.07
6, 6357, 11,     3.79, 5,   coast,  -11.42,  99684.00,  137.50,  236.59,   46.21, 16.6, 4.10, 4.10, 4.06
6, 6357, 11,     3.80, 5,   coast,  -11.41,  99683.00,  137.59,  236.67,   46.09, 16.6, 4.09, 4.08, 4.08
6, 6357, 11,     3.81, 5,   coast,  -11.41,  99670.00,  138.69,  237.77,   45.98, 16.6, 4.10, 4.11, 4.07
6, 6357, 11,     3.82, 5,   coast,  -11.40,  99667.00,  138.94,  238.02,   45.86, 16.6, 4.11, 4.09, 4.07
6, 6357, 11,     3.83, 5,   coast,  -11.39,  99665.00,  139.11,  238.19,   45.75, 16.6, 4.12, 4.11, 4.07
6, 6357, 11,     3.84, 5,   coast,  -11.38,  99662.00,  139.36,  238.45,   45.63, 16.6, 4.10, 4.11, 4.06
6, 6357, 11,     3.85, 5,   coast,  -11.37,  99663.00,  139.28,  238.36,   45.52, 16.6, 4.10, 4.11, 4.06
6, 6357, 11,     3.86, 5,   coast,  -11.36,  99646.00,  140.71,  239.80,   45.41, 16.6, 4.10, 4.10, 4.07
6, 6357, 11,     3.87, 5,   coast,  -11.35,  99641.00,  141.13,  240.22,   45.29, 16.6, 4.11, 4.07, 4.10
6, 6357, 11,     3.88, 5,   coast,  -11.34,  99641.00,  141.13,  240.22,   45.18, 16.6, 4.09, 4.10, 4.05
6, 6357, 11,     3.89, 5,   coast,  -11.34,  99633.00,  141.81,  240.89,   45.07, 16.6, 4.10, 4.10, 4.07
6, 6357, 11,     3.90, 5,   coast,  -11.33,  99630.00,  142.06,  241.15,   44.95, 16.6, 4.11, 4.11, 4.07
6, 6357, 11,     3.91, 5,   coast,  -11.32,  99620.00,  142.90,  241.99,   44.84, 16.6, 4.10, 4.11, 4.07
6, 6357, 11,     3.92, 5,   coast,  -11.31,  99621.00,  142.82,  241.91,   44.73, 16.6, 4.10, 4.10, 4.07
6, 6357, 11,     3.93, 5,   coast,  -11.30,  99619.00,  142.99,  242.07,   44.62, 16.6, 4.10, 4.09, 4.07
6, 6357, 11,     3.94, 5,   coast,  -11.29,  99616.00,  143.24,  242.33,   44.50, 16.6, 4.09, 4.08, 4.08
6, 6357, 11,     3.95, 5,   coast,  -11.28,  99605.00,  144.17,  243.26,   44.39, 16.6, 4.10, 4.10, 4.07
6, 6357, 11,     3.96, 5,   coast,  -11.27,  99599.00,  144.68,  243.76,   44.28, 16.6, 4.11, 4.11, 4.07
6, 6357, 11,     3.97, 5,   coast,  -11.26,  99589.00,  145.52,  244.61,   44.16, 16.6, 4.12, 4.11, 4.07
6, 6357, 11,     3.98, 5,   coast,  -11.25,  99576.00,  146.62,  245.70,   44.05, 16.6, 4.09, 4.07, 4.09
6, 6357, 11,     3.99, 5,   coast,  -11.24,  99576.00,  146.62,  245.70,   43.94, 16.6, 4.08, 4.11, 4.05
6, 6357, 11,     4.00, 5,   coast,  -11.23,  99575.00,  146.70,  245.79,   43.83, 16.6, 4.10, 4.10, 4.07
6, 6357, 11,     4.01, 5,   coast,  -11.22,  99561.00,  147.89,  246.97,   43.71, 16.6, 4.09, 4.09, 4.07
6, 6357, 11,     4.02, 5,   coast,  -11.21,  99548.00,  148.98,  248.07,   43.60, 16.6, 4.10, 4.10, 4.07
6, 6357, 11,     4.03, 5,   coast,  -11.20,  99550.00,  148.81,  247.90,   43.49, 16.6, 4.11, 4.09, 4.07
6, 6357, 11,     4.04, 5,   coast,  -11.19,  99550.00,  148.81,  247.90,   43.38, 16.6, 4.10, 4.10, 4.05
6, 6357, 11,     4.05, 5,   coast,  -11.18,  99547.00,  149.07,  248.15,   43.27, 16.6, 4.10, 4.11, 4.06
6, 6357, 11,     4.06, 5,   coast,  -11.17,  99544.00,  149.32,  248.41,   43.15, 16.6, 4.11, 4.12, 4.06
6, 6357, 11,     4.07, 5,   coast,  -11.16,  99533.00,  150.25,  249.33,   43.04, 16.6, 4.10, 4.10, 4.07
6, 6357, 11,     4.08, 5,   coast,  -11.15,  99542.00,  149.49,  248.57,   42.93, 16.6, 4.09, 4.09, 4.07
6, 6357, 11,     4.09, 5,   coast,  -11.14,  99540.00,  149.66,  248.74,   42.82, 16.6, 4.09, 4.09, 4.08
6, 6357, 11,     4.10, 5,   coast,  -11.13,  99540.00,  149.66,  248.74,   42.71, 16.6, 4.11, 4.11, 4.07
6, 6357, 11,     4.11, 5,   coast,  -11.12,  99521.00,  151.26,  250.35,   42.60, 16.6, 4.10, 4.11, 4.07
6, 6357, 11,     4.12, 5,   coast,  -11.11,  99517.00,  151.60,  250.69,   42.49, 16.6, 4.10, 4.11, 4.06
6, 6357, 11,     4.13, 5,   coast,  -11.10,  99513.00,  151.94,  251.02,   42.38, 16.5, 4.12, 4.10, 4.07
6, 6357, 11,     4.14, 5,   coast,  -11.09,  99509.00,  152.28,  251.36,   42.26, 16.6, 4.09, 4.10, 4.06
6, 6357, 11,     4.15, 5,   coast,  -11.08,  99512.00,  152.02,  251.11,   42.15, 16.6, 4.08, 4.06, 4.08
6, 6357, 11,     4.16, 5,   coast,  -11.07,  99497.00,  153.29,  252.38,   42.04, 16.6, 4.10, 4.10, 4.07
6, 6357, 11,     4.17, 5,   coast,  -11.06,  99488.00,  154.05,  253.14,   41.93, 16.6, 4.11, 4.11, 4.07
6, 6357, 11,     4.18, 5,   coast,  -11.05,  99486.00,  154.22,  253.30,   41.82, 16.6, 4.10, 4.10, 4.07
6, 6357, 11,     4.19, 5,   coast,  -11.04,  99481.00,  154.64,  253.73,   41.71, 16.6, 4.10, 4.10, 4.07
6, 6357, 11,     4.20, 5,   coast,  -11.03,  99472.00,  155.40,  254.49,   41.60, 16.6, 4.10, 4.08, 4.09
6, 6357, 11,     4.21, 5,   coast,  -11.03,  99472.00,  155.40,  254.49,   41.49, 16.6, 4.10, 4.11, 4.06
6, 6357, 11,     4.22, 5,   coast,  -11.02,  99455.00,  156.84,  255.92,   41.38, 16.6, 4.09, 4.08, 4.09
6, 6357, 11,     4.23, 5,   coast,  -11.01,  99455.00,  156.84,  255.92,   41.27, 16.6, 4.10, 4.11, 4.07
6, 6357, 11,     4.24, 5,   coast,  -11.00,  99443.00,  157.85,  256.94,   41.16, 16.6, 4.11, 4.09, 4.07
6, 6357, 11,     4.25, 5,   coast,  -10.99,  99453.00,  157.01,  256.09,   41.05, 16.6, 4.12, 4.11, 4.07
6, 6357, 11,     4.26, 5,   coast,  -10.98,  99438.00,  158.28,  257.36,   40.94, 16.6, 4.10, 4.11, 4.06
6, 6357, 11,     4.27, 5,   coast,  -10.97,  99440.00,  158.11,  257.19,   40.83, 16.6, 4.09, 4.11, 4.06
6, 6357, 11,     4.28, 5,   coast,  -10.97,  99442.00,  157.94,  257.02,   40.72, 16.6, 4.10, 4.10, 4.07
6, 6357, 11,     4.29, 5,   coast,  -10.96,  99412.00,  160.47,  259.56,   40.61, 16.6, 4.10, 4.07, 4.09
6, 6357, 11,     4.30, 5,   coast,  -10.95,  99414.00,  160.30,  259.39,   40.50, 16.6, 4.10, 4.10, 4.07
6, 6357, 11,     4.31, 5,   coast,  -10.94,  99415.00,  160.22,  259.31,   40.40, 16.6, 4.09, 4.08, 4.08
6, 6357, 11,     4.32, 5,   coast,  -10.93,  99415.00,  160.22,  259.31,   40.29, 16.6, 4.09, 4.10, 4.06
6, 6357, 11,     4.33, 5,   coast,  -10.92,  99399.00,  161.57,  260.66,   40.18, 16.6, 4.10, 4.10, 4.07
6, 6357, 11,     4.34, 5,   coast,  -10.92,  99404.00,  161.15,  260.24,   40.07, 16.6, 4.10, 4.11, 4.07
6, 6357, 11,     4.35, 5,   coast,  -10.91,  99399.00,  161.57,  260.66,   39.96, 16.6, 4.10, 4.10, 4.07
6, 6357, 11,     4.36, 5,   coast,  -10.90,  99392.00,  162.16,  261.25,   39.85, 16.6, 4.09, 4.08, 4.08
6, 6357, 11,     4.37, 5,   coast,  -10.89,  99387.00,  162.59,  261.67,   39.74, 16.6, 4.10, 4.10, 4.06
6, 6357, 11,     4.38, 5,   coast,  -10.88,  99383.00,  162.93,  262.01,   39.63, 16.6, 4.11, 4.11, 4.07
6, 6357, 11,     4.39, 5,   coast,  -10.88,  99391.00,  162.25,  261.33,   39.52, 16.6, 4.10, 4.10, 4.07
6, 6357, 11,     4.40, 5,   coast,  -10.87,  99374.00,  163.69,  262.77,   39.41, 16.6, 4.10, 4.11, 4.06
6, 6357, 11,     4.41, 5,   coast,  -10.86,  99369.00,  164.11,  263.19,   39.31, 16.6, 4.10, 4.11, 4.07
6, 6357, 11,     4.42, 5,   coast,  -10.85,  99376.00,  163.52,  262.60,   39.20, 16.6, 4.09, 4.07, 4.09
6, 6357, 11,     4.43, 5,   coast,  -10.85,  99376.00,  163.52,  262.60,   39.09, 16.6, 4.10, 4.10, 4.06
6, 6357, 11,     4.44, 5,   coast,  -10.84,  99355.00,  165.29,  264.38,   38.98, 16.6, 4.11, 4.11, 4.07
6, 6357, 11,     4.45, 5,   coast,  -10.83,  99358.00,  165.04,  264.12,   38.87, 16.6, 4.09, 4.10, 4.07
6, 6357, 11,     4.46, 5,   coast,  -10.83,  99350.00,  165.72,  264.80,   38.76, 16.6, 4.10, 4.09, 4.07
6, 6357, 11,     4.47, 5,   coast,  -10.82,  99342.00,  166.39,  265.48,   38.65, 16.6, 4.09, 4.09, 4.07
6, 6357, 11,     4.48, 5,   coast,  -10.81,  99340.00,  166.56,  265.65,   38.55, 16.6, 4.10, 4.10, 4.07
6, 6357, 11,     4.49, 5,   coast,  -10.81,  99332.00,  167.24,  266.32,   38.44, 16.6, 4.10, 4.10, 4.07
6, 6357, 11,     4.50, 5,   coast,  -10.80,  99332.00,  167.24,  266.32,   38.33, 16.6, 4.11, 4.11, 4.07
6, 6357, 11,     4.51, 5,   coast,  -10.79,  99328.00,  167.58,  266.66,   38.22, 16.6, 4.10, 4.10, 4.07
6, 6357, 11,     4.52, 5,   coast,  -10.79,  99325.00,  167.83,  266.92,   38.11, 16.6, 4.10, 4.10, 4.06
6, 6357, 11,     4.53, 5,   coast,  -10.78,  99327.00,  167.66,  266.75,   38.01, 16.6, 4.09, 4.08, 4.08
6, 6357, 11,     4.54, 5,   coast,  -10.77,  99327.00,  167.66,  266.75,   37.90, 16.6, 4.09, 4.10, 4.06
6, 6357, 11,     4.55, 5,   coast,  -10.77,  99307.00,  169.35,  268.44,   37.79, 16.6, 4.10, 4.10, 4.07
6, 6357, 11,     4.56, 5,   coast,  -10.76,  99299.00,  170.03,  269.12,   37.68, 16.6, 4.10, 4.10, 4.07
6, 6357, 11,     4.57, 5,   coast,  -10.75,  99305.00,  169.52,  268.61,   37.58, 16.6, 4.10, 4.10, 4.07
6, 6357, 11,     4.58, 5,   coast,  -10.75,  99303.00,  169.69,  268.78,   37.47, 16.6, 4.11, 4.10, 4.07
6, 6357, 11,     4.59, 5,   coast,  -10.74,  99299.00,  170.03,  269.12,   37.36, 16.6, 4.10, 4.10, 4.07
6, 6357, 11,     4.60, 5,   coast,  -10.74,  99289.00,  170.88,  269.96,   37.25, 16.6, 4.10, 4.10, 4.07
6, 6357, 11,     4.61, 5,   coast,  -10.73,  99280.00,  171.64,  270.72,   37.15, 16.6, 4.10, 4.10, 4.07
6, 6357, 11,     4.62, 5,   coast,  -10.73,  99280.00,  171.64,  270.72,   37.04, 16.6, 4.10, 4.10, 4.07
6, 6357, 11,     4.63, 5,   coast,  -10.72,  99275.00,  172.06,  271.15,   36.93, 16.6, 4.11, 4.10, 4.07
6, 6357, 11,     4.64, 5,   coast,  -10.72,  99262.00,  173.16,  272.25,   36.83, 16.6, 4.09, 4.08, 4.08
6, 6357, 11,     4.65, 5,   coast,  -10.71,  99262.00,  173.16,  272.25,   36.72, 16.6, 4.09, 4.11, 4.06
6, 6357, 11,     4.66, 5,   coast,  -10.70,  99259.00,  173.42,  272.50,   36.61, 16.6, 4.10, 4.10, 4.07
6, 6357, 11,     4.67, 5,   coast,  -10.70,  99262.00,  173.16,  272.25,   36.51, 16.6, 4.10, 4.10, 4.07
6, 6357, 11,     4.68, 5,   coast,  -10.69,  99257.00,  173.59,  272.67,   36.40, 16.6, 4.09, 4.10, 4.07
6, 6357, 11,     4.69, 5,   coast,  -10.69,  99256.00,  173.67,  272.75,   36.29, 16.6, 4.10, 4.11, 4.07
6, 6357, 11,     4.70, 5,   coast,  -10.68,  99239.00,  175.11,  274.19,   36.19, 16.6, 4.10, 4.10, 4.07
6, 6357, 11,     4.71, 5,   coast,  -10.68,  99244.00,  174.69,  273.77,   36.08, 16.6, 4.11, 4.10, 4.07
6, 6357, 11,     4.72, 5,   coast,  -10.68,  99237.00,  175.28,  274.36,   35.97, 16.6, 4.10, 4.10, 4.07
6, 6357, 11,     4.73, 5,   coast,  -10.67,  99234.00,  175.53,  274.62,   35.87, 16.6, 4.10, 4.08, 4.09
6, 6357, 11,     4.74, 5,   coast,  -10.67,  99228.00,  176.04,  275.13,   35.76, 16.6, 4.10, 4.10, 4.07
6, 6357, 11,     4.75, 5,   coast,  -10.66,  99226.00,  176.21,  275.29,   35.66, 16.6, 4.06, 4.09, 4.08
6, 6357, 11,     4.76, 5,   coast,  -10.66,  99226.00,  176.21,  275.29,   35.55, 16.6, 4.09, 4.09, 4.06
6, 6357, 11,     4.77, 5,   coast,  -10.65,  99223.00,  176.46,  275.55,   35.44, 16.6, 4.10, 4.11, 4.07
6, 6357, 11,     4.78, 5,   coast,  -10.65,  99214.00,  177.23,  276.31,   35.34, 16.6, 4.10, 4.10, 4.07
6, 6357, 11,     4.79, 5,   coast,  -10.64,  99210.00,  177.56,  276.65,   35.23, 16.6, 4.10, 4.11, 4.07
6, 6357, 11,     4.80, 5,   coast,  -10.64,  99203.00,  178.16,  277.24,   35.12, 16.6, 4.10, 4.10, 4.07
6, 6357, 11,     4.81, 5,   coast,  -10.63,  99200.00,  178.41,  277.50,   35.02, 16.6, 4.10, 4.10, 4.07
6, 6357, 11,     4.82, 5,   coast,  -10.63,  99189.00,  179.34,  278.43,   34.91, 16.6, 4.10, 4.10, 4.07
6, 6357, 11,     4.83, 5,   coast,  -10.63,  99184.00,  179.77,  278.85,   34.81, 16.6, 4.10, 4.10, 4.07
6, 6357, 11,     4.84, 5,   coast,  -10.62,  99181.00,  180.02,  279.11,   34.70, 16.6, 4.10, 4.10, 4.07
6, 6357, 11,     4.85, 5,   coast,  -10.62,  99180.00,  180.10,  279.19,   34.59, 16.6, 4.10, 4.10, 4.07
6, 6357, 11,     4.86, 5,   coast,  -10.61,  99175.00,  180.53,  279.61,   34.49, 16.6, 4.06, 4.09, 4.08
6, 6357, 11,     4.87, 5,   coast,  -10.61,  99175.00,  180.53,  279.61,   34.38, 16.6, 4.09, 4.10, 4.06
6, 6357, 11,     4.88, 5,   coast,  -10.60,  99165.00,  181.38,  280.46,   34.27, 16.6, 4.10, 4.10, 4.07
6, 6357, 11,     4.89, 5,   coast,  -10.60,  99156.00,  182.14,  281.22,   34.16, 16.6, 4.11, 4.10, 4.07
6, 6357, 11,     4.90, 5,   coast,  -10.59,  99159.00,  181.88,  280.97,   34.06, 16.6, 4.10, 4.10, 4.07
6, 6357, 11,     4.91, 5,   coast,  -10.59,  99153.00,  182.39,  281.48,   33.95, 16.6, 4.10, 4.10, 4.07
6, 6357, 11,     4.92, 5,   coast,  -10.59,  99148.00,  182.82,  281.90,   33.84, 16.6, 4.10, 4.10, 4.07
6, 6357, 11,     4.93, 5,   coast,  -10.58,  99141.00,  183.41,  282.49,   33.74, 16.6, 4.10, 4.10, 4.07
6, 6357, 11,     4.94, 5,   coast,  -10.58,  99148.00,  182.82,  281.90,   33.63, 16.6, 4.11, 4.11, 4.07
6, 6357, 11,     4.95, 5,   coast,  -10.57,  99143.00,  183.24,  282.32,   33.53, 16.6, 4.10, 4.10, 4.07
6, 6357, 11,     4.96, 5,   coast,  -10.57,  99141.00,  183.41,  282.49,   33.42, 16.6, 4.10, 4.10, 4.06
6, 6357, 11,     4.97, 5,   coast,  -10.56,  99134.00,  184.00,  283.09,   33.31, 16.6, 4.06, 4.09, 4.07
6, 6357, 11,     4.98, 5,   coast,  -10.56,  99134.00,  184.00,  283.09,   33.21, 16.6, 4.10, 4.10, 4.06
6, 6357, 11,     4.99, 5,   coast,  -10.56,  99123.00,  184.93,  284.02,   33.10, 16.6, 4.10, 4.09, 4.07
6, 6357, 11,     5.00, 5,   coast,  -10.55,  99118.00,  185.36,  284.44,   33.00, 16.6, 4.10, 4.10, 4.06
6, 6357, 11,     5.01, 5,   coast,  -10.55,  99119.00,  185.27,  284.36,   32.89, 16.6, 4.10, 4.10, 4.06
6, 6357, 11,     5.02, 5,   coast,  -10.54,  99116.00,  185.53,  284.61,   32.79, 16.6, 4.10, 4.11, 4.07
6, 6357, 11,     5.03, 5,   coast,  -10.54,  99100.00,  186.88,  285.97,   32.68, 16.6, 4.10, 4.10, 4.07
6, 6357, 11,     5.04, 5,   coast,  -10.54,  99101.00,  186.80,  285.88,   32.58, 16.6, 4.10, 4.10, 4.06
6, 6357, 11,     5.05, 5,   coast,  -10.53,  99093.00,  187.48,  286.56,   32.47, 16.6, 4.10, 4.10, 4.07
6, 6357, 11,     5.06, 5,   coast,  -10.53,  99104.00,  186.54,  285.63,   32.37, 16.6, 4.10, 4.10, 4.07
6, 6357, 11,     5.07, 5,   coast,  -10.52,  99096.00,  187.22,  286.31,   32.26, 16.6, 4.10, 4.10, 4.07
6, 6357, 11,     5.08, 5,   coast,  -10.52,  99086.00,  188.07,  287.15,   32.16, 16.6, 4.06, 4.09, 4.07
6, 6357, 11,     5.09, 5,   coast,  -10.52,  99086.00,  188.07,  287.15,   32.05, 16.6, 4.09, 4.10, 4.05
6, 6357, 11,     5.10, 5,   coast,  -10.51,  99069.00,  189.51,  288.60,   31.95, 16.6, 4.10, 4.10, 4.06
6, 6357, 11,     5.11, 5,   coast,  -10.51,  99083.00,  188.32,  287.41,   31.84, 16.6, 4.10, 4.10, 4.07
6, 6357, 11,     5.12, 5,   coast,  -10.50,  99079.00,  188.66,  287.75,   31.74, 16.6, 4.10, 4.10, 4.07
6, 6357, 11,     5.13, 5,   coast,  -10.50,  99075.00,  189.00,  288.09,   31.63, 16.6, 4.09, 4.10, 4.06
6, 6357, 11,     5.14, 5,   coast,  -10.50,  99063.00,  190.02,  289.10,   31.53, 16.6, 4.10, 4.10, 4.07
6, 6357, 11,     5.15, 5,   coast,  -10.49,  99064.00,  189.93,  289.02,   31.42, 16.6, 4.10, 4.10, 4.06
6, 6357, 11,     5.16, 5,   coast,  -10.49,  99060.00,  190.27,  289.36,   31.32, 16.6, 4.10, 4.10, 4.07
6, 6357, 11,     5.17, 5,   coast,  -10.49,  99052.00,  190.95,  290.04,   31.21, 16.6, 4.10, 4.10, 4.06
6, 6357, 11,     5.18, 5,   coast,  -10.48,  99051.00,  191.04,  290.12,   31.11, 16.6, 4.10, 4.10, 4.07
6, 6357, 11,     5.19, 5,   coast,  -10.48,  99054.00,  190.78,  289.87,   31.01, 16.6, 4.07, 4.09, 4.08
6, 6357, 11,     5.20, 5,   coast,  -10.48,  99054.00,  190.78,  289.87,   30.90, 16.6, 4.09, 4.10, 4.06
6, 6357, 11,     5.21, 5,   coast,  -10.47,  99041.00,  191.88,  290.97,   30.80, 16.6, 4.11, 4.10, 4.07
6, 6357, 11,     5.22, 5,   coast,  -10.47,  99034.00,  192.48,  291.56,   30.69, 16.6, 4.10, 4.10, 4.06
6, 6357, 11,     5.23, 5,   coast,  -10.47,  99034.00,  192.48,  291.56,   30.59, 16.6, 4.10, 4.10, 4.06
6, 6357, 11,     5.24, 5,   coast,  -10.46,  99029.00,  192.90,  291.99,   30.48, 16.6, 4.10, 4.10, 4.07
6, 6357, 11,     5.25, 5,   coast,  -10.46,  99030.00,  192.82,  291.90,   30.38, 16.6, 4.10, 4.10, 4.07
6, 6357, 11,     5.26, 5,   coast,  -10.46,  99028.00,  192.99,  292.07,   30.28, 16.6, 4.10, 4.10, 4.07
6, 6357, 11,     5.27, 5,   coast,  -10.45,  99017.00,  193.92,  293.00,   30.17, 16.6, 4.10, 4.10, 4.07
6, 6357, 11,     5.28, 5,   coast,  -10.45,  99020.00,  193.67,  292.75,   30.07, 16.6, 4.10, 4.11, 4.06
6, 6357, 11,     5.29, 5,   coast,  -10.45,  99012.00,  194.34,  293.43,   29.96, 16.6, 4.10, 4.10, 4.07
6, 6357, 11,     5.30, 5,   coast,  -10.44,  99006.00,  194.85,  293.94,   29.86, 16.6, 4.06, 4.09, 4.07
6, 6357, 11,     5.31, 5,   coast,  -10.44,  99006.00,  194.85,  293.94,   29.75, 16.6, 4.10, 4.10, 4.06
6, 6357, 11,     5.32, 5,   coast,  -10.44,  98994.00,  195.87,  294.96,   29.65, 16.6, 4.10, 4.10, 4.07
6, 6357, 11,     5.33, 5,   coast,  -10.43,  99002.00,  195.19,  294.28,   29.54, 16.6, 4.10, 4.10, 4.07
6, 6357, 11,     5.34, 5,   coast,  -10.43,  98999.00,  195.45,  294.53,   29.44, 16.6, 4.10, 4.10, 4.07
6, 6357, 11,     5.35, 5,   coast,  -10.43,  98994.00,  195.87,  294.96,   29.33, 16.6, 4.10, 4.11, 4.07
6, 6357, 11,     5.36, 5,   coast,  -10.43,  98988.00,  196.38,  295.46,   29.23, 16.6, 4.10, 4.11, 4.07
6, 6357, 11,     5.37, 5,   coast,  -10.42,  98981.00,  196.97,  296.06,   29.12, 16.6, 4.11, 4.11, 4.07
6, 6357, 11,     5.38, 5,   coast,  -10.42,  98978.00,  197.23,  296.31,   29.02, 16.6, 4.10, 4.10, 4.07
6, 6357, 11,     5.39, 5,   coast,  -10.42,  98977.00,  197.31,  296.40,   28.91, 16.6, 4.10, 4.10, 4.07
6, 6357, 11,     5.40, 5,   coast,  -10.41,  98977.00,  197.31,  296.40,   28.81, 16.6, 4.10, 4.10, 4.07
6, 6357, 11,     5.41, 5,   coast,  -10.41,  98977.00,  197.31,  296.40,   28.71, 16.6, 4.06, 4.09, 4.08
6, 6357, 11,     5.42, 5,   coast,  -10.41,  98977.00,  197.31,  296.40,   28.60, 16.6, 4.09, 4.10, 4.06
6, 6357, 11,     5.43, 5,   coast,  -10.41,  98960.00,  198.75,  297.84,   28.50, 16.6, 4.10, 4.09, 4.07
6, 6357, 11,     5.44, 5,   coast,  -10.40,  98967.00,  198.16,  297.25,   28.39, 16.6, 4.10, 4.10, 4.07
6, 6357, 11,     5.45, 5,   coast,  -10.40,  98957.00,  199.01,  298.09,   28.29, 16.6, 4.10, 4.10, 4.07
6, 6357, 11,     5.46, 5,   coast,  -10.40,  98955.00,  199.18,  298.26,   28.19, 16.6, 4.10, 4.10, 4.07
6, 6357, 11,     5.47, 5,   coast,  -10.39,  98956.00,  199.09,  298.18,   28.08, 16.6, 4.10, 4.10, 4.07
6, 6357, 11,     5.48, 5,   coast,  -10.39,  98954.00,  199.26,  298.35,   27.98, 16.6, 4.10, 4.10, 4.07
6, 6357, 11,     5.49, 5,   coast,  -10.39,  98949.00,  199.69,  298.77,   27.87, 16.6, 4.10, 4.10, 4.06
6, 6357, 11,     5.50, 5,   coast,  -10.39,  98944.00,  200.11,  299.20,   27.77, 16.6, 4.10, 4.10, 4.06
6, 6357, 11,     5.51, 5,   coast,  -10.38,  98944.00,  200.11,  299.20,   27.67, 16.6, 4.10, 4.10, 4.07
6, 6357, 11,     5.52, 5,   coast,  -10.38,  98934.00,  200.96,  300.05,   27.56, 16.6, 4.06, 4.09, 4.08
6, 6357, 11,     5.53, 5,   coast,  -10.38,  98934.00,  200.96,  300.05,   27.46, 16.6, 4.09, 4.10, 4.06
6, 6357, 11,     5.54, 5,   coast,  -10.38,  98920.00,  202.15,  301.23,   27.35, 16.6, 4.10, 4.10, 4.07
6, 6357, 11,     5.55, 5,   coast,  -10.37,  98930.00,  201.30,  300.39,   27.25, 16.6, 4.09, 4.10, 4.06
6, 6357, 11,     5.56, 5,   coast,  -10.37,  98920.00,  202.15,  301.23,   27.15, 16.6, 4.10, 4.10, 4.07
6, 6357, 11,     5.57, 5,   coast,  -10.37,  98918.00,  202.32,  301.40,   27.04, 16.6, 4.10, 4.10, 4.07
6, 6357, 11,     5.58, 5,   coast,  -10.37,  98919.00,  202.23,  301.32,   26.94, 16.6, 4.10, 4.10, 4.07
6, 6357, 11,     5.59, 5,   coast,  -10.36,  98917.00,  202.40,  301.49,   26.84, 16.6, 4.10, 4.10, 4.07
6, 6357, 11,     5.60, 5,   coast,  -10.36,  98914.00,  202.66,  301.74,   26.73, 16.6, 4.10, 4.10, 4.07
6, 6357, 11,     5.61, 5,   coast,  -10.36,  98910.00,  203.00,  302.08,   26.63, 16.6, 4.10, 4.10, 4.07
6, 6357, 11,     5.62, 5,   coast,  -10.36,  98908.00,  203.17,  302.25,   26.53, 16.6, 4.10, 4.10, 4.07
6, 6357, 11,     5.63, 5,   coast,  -10.35,  98901.00,  203.76,  302.85,   26.42, 16.6, 4.06, 4.09, 4.07
6, 6357, 11,     5.64, 5,   coast,  -10.35,  98901.00,  203.76,  302.85,   26.32, 16.6, 4.09, 4.10, 4.05
6, 6357, 11,     5.65, 5,   coast,  -10.35,  98894.00,  204.36,  303.44,   26.22, 16.6, 4.10, 4.10, 4.07
6, 6357, 11,     5.66, 5,   coast,  -10.35,  98893.00,  204.44,  303.53,   26.11, 16.6, 4.10, 4.10, 4.07
6, 6357, 11,     5.67, 5,   coast,  -10.34,  98897.00,  204.10,  303.19,   26.01, 16.6, 4.10, 4.10, 4.07
6, 6357, 11,     5.68, 5,   coast,  -10.34,  98893.00,  204.44,  303.53,   25.91, 16.6, 4.10, 4.10, 4.06
6, 6357, 11,     5.69, 5,   coast,  -10.34,  98887.00,  204.95,  304.04,   25.80, 16.6, 4.10, 4.10, 4.06
6, 6357, 11,     5.70, 5,   coast,  -10.34,  98884.00,  205.21,  304.29,   25.70, 16.6, 4.10, 4.11, 4.07
6, 6357, 11,     5.71, 5,   coast,  -10.33,  98891.00,  204.61,  303.70,   25.60, 16.6, 4.10, 4.10, 4.07
6, 6357, 11,     5.72, 5,   coast,  -10.33,  98874.00,  206.05,  305.14,   25.49, 16.6, 4.10, 4.10, 4.06
6, 6357, 11,     5.73, 5,   coast,  -10.33,  98863.00,  206.99,  306.07,   25.39, 16.6, 4.10, 4.10, 4.07
6, 6357, 11,     5.74, 5,   coast,  -10.33,  98869.00,  206.48,  305.56,   25.29, 16.6, 4.06, 4.10, 4.07
6, 6357, 11,     5.75, 5,   coast,  -10.33,  98869.00,  206.48,  305.56,   25.18, 16.6, 4.10, 4.11, 4.06
6, 6357, 11,     5.76, 5,   coast,  -10.33,  98857.00,  207.50,  306.58,   25.08, 16.6, 4.10, 4.10, 4.07
6, 6357, 11,     5.77, 5,   coast,  -10.33,  98857.00,  207.50,  306.58,   24.98, 16.6, 4.10, 4.10, 4.07
6, 6357, 11,     5.78, 5,   coast,  -10.33,  98859.00,  207.33,  306.41,   24.88, 16.6, 4.10, 4.10, 4.07
6, 6357, 11,     5.79, 5,   coast,  -10.32,  98853.00,  207.84,  306.92,   24.77, 16.6, 4.10, 4.10, 4.07
6, 6357, 11,     5.80, 5,   coast,  -10.32,  98856.00,  207.58,  306.67,   24.67, 16.6, 4.09, 4.10, 4.06
6, 6357, 11,     5.81, 5,   coast,  -10.32,  98853.00,  207.84,  306.92,   24.57, 16.6, 4.10, 4.10, 4.06
6, 6357, 11,     5.82, 5,   coast,  -10.32,  98842.00,  208.77,  307.86,   24.46, 16.6, 4.09, 4.10, 4.07
6, 6357, 11,     5.83, 5,   coast,  -10.32,  98850.00,  208.09,  307.18,   24.36, 16.6, 4.11, 4.10, 4.07
6, 6357, 11,     5.84, 5,   coast,  -10.32,  98837.00,  209.20,  308.28,   24.25, 16.6, 4.10, 4.11, 4.07
6, 6357, 11,     5.85, 5,   coast,  -10.32,  98842.00,  208.77,  307.86,   24.15, 16.6, 4.06, 4.09, 4.08
6, 6357, 11,     5.86, 5,   coast,  -10.33,  98842.00,  208.77,  307.86,   24.05, 16.6, 4.09, 4.10, 4.06
6, 6357, 11,     5.87, 5,   coast,  -10.33,  98830.00,  209.79,  308.88,   23.95, 16.6, 4.10, 4.10, 4.07
6, 6357, 11,     5.88, 5,   coast,  -10.33,  98830.00,  209.79,  308.88,   23.84, 16.6, 4.10, 4.11, 4.07
6, 6357, 11,     5.89, 5,   coast,  -10.33,  98829.00,  209.88,  308.96,   23.74, 16.6, 4.10, 4.10, 4.07
6, 6357, 11,     5.90, 5,   coast,  -10.33,  98819.00,  210.73,  309.81,   23.64, 16.6, 4.10, 4.11, 4.07
6, 6357, 11,     5.91, 5,   coast,  -10.33,  98816.00,  210.98,  310.07,   23.53, 16.6, 4.10, 4.10, 4.06
6, 6357, 11,     5.92, 5,   coast,  -10.34,  98821.00,  210.56,  309.64,   23.43, 16.6, 4.10, 4.10, 4.07
6, 6357, 11,     5.93, 5,   coast,  -10.34,  98810.00,  211.49,  310.58,   23.33, 16.6, 4.10, 4.11, 4.06
6, 6357, 11,     5.94, 5,   coast,  -10.34,  98810.00,  211.49,  310.58,   23.22, 16.6, 4.10, 4.11, 4.07
6, 6357, 11,     5.95, 5,   coast,  -10.34,  98804.00,  212.00,  311.08,   23.12, 16.6, 4.10, 4.11, 4.07
6, 6357, 11,     5.96, 5,   coast,  -10.35,  98808.00,  211.66,  310.75,   23.02, 16.6, 4.07, 4.10, 4.08
6, 6357, 11,     5.97, 5,   coast,  -10.35,  98808.00,  211.66,  310.75,   22.91, 16.6, 4.10, 4.11, 4.06
6, 6357, 11,     5.98, 5,   coast,  -10.35,  98789.00,  213.27,  312.36,   22.81, 16.6, 4.10, 4.09, 4.07
6, 6357, 11,     5.99, 5,   coast,  -10.36,  98796.00,  212.68,  311.76,   22.71, 16.6, 4.11, 4.10, 4.07
6, 6357, 11,     6.00, 5,   coast,  -10.36,  98788.00,  213.36,  312.44,   22.61, 16.6, 4.10, 4.10, 4.07
6, 6357, 11,     6.01, 5,   coast,  -10.37,  98790.00,  213.19,  312.27,   22.50, 16.6, 4.10, 4.10, 4.07
6, 6357, 11,     6.02, 5,   coast,  -10.37,  98788.00,  213.36,  312.44,   22.40, 16.6, 4.10, 4.10, 4.06
6, 6357, 11,     6.03, 5,   coast,  -10.37,  98785.00,  213.61,  312.70,   22.30, 16.6, 4.09, 4.10, 4.06
6, 6357, 11,     6.04, 5,   coast,  -10.38,  98781.00,  213.95,  313.04,   22.20, 16.6, 4.10, 4.10, 4.07
6, 6357, 11,     6.05, 5,   coast,  -10.38,  98778.00,  214.21,  313.29,   22.10, 16.6, 4.10, 4.10, 4.07
6, 6357, 11,     6.06, 5,   coast,  -10.39,  98780.00,  214.04,  313.12,   21.99, 16.6, 4.11, 4.10, 4.07
6, 6357, 11,     6.07, 5,   coast,  -10.39,  98775.00,  214.46,  313.55,   21.89, 16.6, 4.06, 4.09, 4.08
6, 6357, 11,     6.08, 5,   coast,  -10.40,  98775.00,  214.46,  313.55,   21.79, 16.6, 4.10, 4.10, 4.06
6, 6357, 11,     6.09, 5,   coast,  -10.40,  98762.00,  215.57,  314.65,   21.68, 16.6, 4.10, 4.10, 4.07
6, 6357, 11,     6.10, 5,   coast,  -10.41,  98765.00,  215.31,  314.40,   21.58, 16.6, 4.10, 4.11, 4.07
6, 6357, 11,     6.11, 5,   coast,  -10.41,  98762.00,  215.57,  314.65,   21.48, 16.6, 4.11, 4.11, 4.07
6, 6357, 11,     6.12, 5,   coast,  -10.42,  98764.00,  215.40,  314.48,   21.38, 16.6, 4.09, 4.10, 4.06
6, 6357, 11,     6.13, 5,   coast,  -10.42,  98765.00,  215.31,  314.40,   21.27, 16.6, 4.10, 4.10, 4.07
6, 6357, 11,     6.14, 5,   coast,  -10.43,  98754.00,  216.25,  315.33,   21.17, 16.6, 4.10, 4.10, 4.07
6, 6357, 11,     6.15, 5,   coast,  -10.43,  98754.00,  216.25,  315.33,   21.07, 16.6, 4.10, 4.10, 4.07
6, 6357, 11,     6.16, 5,   coast,  -10.44,  98757.00,  215.99,  315.08,   20.97, 16.6, 4.09, 4.10, 4.06
6, 6357, 11,     6.17, 5,   coast,  -10.44,  98745.00,  217.01,  316.10,   20.86, 16.6, 4.10, 4.10, 4.07
6, 6357, 11,     6.18, 5,   coast,  -10.45,  98753.00,  216.33,  315.42,   20.76, 16.6, 4.06, 4.09, 4.07
6, 6357, 11,     6.19, 5,   coast,  -10.45,  98753.00,  216.33,  315.42,   20.66, 16.6, 4.09, 4.10, 4.06
6, 6357, 11,     6.20, 5,   coast,  -10.46,  98738.00,  217.61,  316.69,   20.56, 16.6, 4.10, 4.10, 4.06
6, 6357, 11,     6.21, 5,   coast,  -10.46,  98739.00,  217.52,  316.61,   20.46, 16.6, 4.10, 4.09, 4.07
6, 6357, 11,     6.22, 5,   coast,  -10.46,  98735.00,  217.86,  316.95,   20.36, 16.6, 4.10, 4.10, 4.06
6, 6357, 11,     6.23, 5,   coast,  -10.47,  98738.00,  217.61,  316.69,   20.20, 16.6, 4.10, 4.10, 4.07
6, 6357, 11,     6.24, 5,   coast,  -10.47,  98727.00,  218.54,  317.63,   20.07, 16.6, 4.10, 4.10, 4.06
6, 6357, 11,     6.25, 5,   coast,  -10.47,  98730.00,  218.29,  317.37,   19.98, 16.6, 4.11, 4.11, 4.07
6, 6357, 11,     6.26, 5,   coast,  -10.48,  98725.00,  218.71,  317.80,   19.88, 16.6, 4.10, 4.10, 4.07
6, 6357, 11,     6.27, 5,   coast,  -10.48,  98721.00,  219.05,  318.14,   19.78, 16.6, 4.10, 4.10, 4.07
6, 6357, 11,     6.28, 5,   coast,  -10.48,  98720.00,  219.14,  318.22,   19.68, 16.6, 4.10, 4.11, 4.07
6, 6357, 11,     6.29, 5,   coast,  -10.48,  98720.00,  219.14,  318.22,   19.57, 16.6, 4.07, 4.09, 4.08
6, 6357, 11,     6.30, 5,   coast,  -10.49,  98720.00,  219.14,  318.22,   19.47, 16.6, 4.09, 4.10, 4.06
6, 6357, 11,     6.31, 5,   coast,  -10.49,  98708.00,  220.16,  319.24,   19.37, 16.6, 4.10, 4.11, 4.06
6, 6357, 11,     6.32, 5,   coast,  -10.49,  98717.00,  219.39,  318.48,   19.26, 16.6, 4.10, 4.10, 4.07
6, 6357, 11,     6.33, 5,   coast,  -10.49,  98718.00,  219.31,  318.39,   19.16, 16.6, 4.10, 4.10, 4.06
6, 6357, 11,     6.34, 5,   coast,  -10.49,  98716.00,  219.48,  318.56,   19.05, 16.6, 4.10, 4.10, 4.06
6, 6357, 11,     6.35, 5,   coast,  -10.49,  98713.00,  219.73,  318.82,   18.95, 16.6, 4.10, 4.10, 4.06
6, 6357, 11,     6.36, 5,   coast,  -10.49,  98702.00,  220.67,  319.75,   18.84, 16.6, 4.10, 4.10, 4.07
6, 6357, 11,     6.37, 5,   coast,  -10.49,  98701.00,  220.75,  319.84,   18.74, 16.6, 4.10, 4.11, 4.06
6, 6357, 11,     6.38, 5,   coast,  -10.49,  98705.00,  220.41,  319.50,   18.63, 16.6, 4.10, 4.11, 4.07
6, 6357, 11,     6.39, 5,   coast,  -10.49,  98696.00,  221.18,  320.26,   18.53, 16.6, 4.10, 4.10, 4.07
6, 6357, 11,     6.40, 5,   coast,  -10.49,  98694.00,  221.35,  320.43,   18.42, 16.6, 4.07, 4.09, 4.08
6, 6357, 11,     6.41, 5,   coast,  -10.49,  98694.00,  221.35,  320.43,   18.32, 16.6, 4.09, 4.10, 4.06
6, 6357, 11,     6.42, 5,   coast,  -10.49,  98686.00,  222.03,  321.11,   18.21, 16.6, 4.11, 4.11, 4.07
6, 6357, 11,     6.43, 5,   coast,  -10.49,  98692.00,  221.52,  320.60,   18.11, 16.6, 4.09, 4.10, 4.07
6, 6357, 11,     6.44, 5,   coast,  -10.49,  98687.00,  221.94,  321.03,   18.00, 16.6, 4.09, 4.10, 4.06
6, 6357, 11,     6.45, 5,   coast,  -10.48,  98691.00,  221.60,  320.69,   17.90, 16.6, 4.10, 4.10, 4.06
6, 6357, 11,     6.46, 5,   coast,  -10.48,  98683.00,  222.28,  321.37,   17.79, 16.6, 4.10, 4.10, 4.07
6, 6357, 11,     6.47, 5,   coast,  -10.48,  98680.00,  222.54,  321.63,   17.69, 16.6, 4.11, 4.10, 4.07
6, 6357, 11,     6.48, 5,   coast,  -10.48,  98680.00,  222.54,  321.63,   17.58, 16.6, 4.10, 4.10, 4.07
6, 6357, 11,     6.49, 5,   coast,  -10.48,  98677.00,  222.79,  321.88,   17.48, 16.6, 4.10, 4.10, 4.07
6, 6357, 11,     6.50, 5,   coast,  -10.47,  98671.00,  223.31,  322.39,   17.37, 16.6, 4.10, 4.10, 4.07
6, 6357, 11,     6.51, 5,   coast,  -10.47,  98677.00,  222.79,  321.88,   17.27, 16.6, 4.07, 4.10, 4.08
6, 6357, 11,     6.52, 5,   coast,  -10.47,  98677.00,  222.79,  321.88,   17.16, 16.6, 4.09, 4.09, 4.06
6, 6357, 11,     6.53, 5,   coast,  -10.47,  98656.00,  224.58,  323.67,   17.06, 16.6, 4.10, 4.09, 4.07
6, 6357, 11,     6.54, 5,   coast,  -10.47,  98667.00,  223.65,  322.73,   16.95, 16.6, 4.11, 4.10, 4.07
6, 6357, 11,     6.55, 5,   coast,  -10.46,  98662.00,  224.07,  323.16,   16.85, 16.6, 4.10, 4.10, 4.07
6, 6357, 11,     6.56, 5,   coast,  -10.46,  98662.00,  224.07,  323.16,   16.74, 16.6, 4.11, 4.10, 4.07
6, 6357, 11,     6.57, 5,   coast,  -10.46,  98669.00,  223.48,  322.56,   16.63, 16.6, 4.10, 4.10, 4.07
6, 6357, 11,     6.58, 5,   coast,  -10.45,  98667.00,  223.65,  322.73,   16.53, 16.6, 4.10, 4.10, 4.07
6, 6357, 11,     6.59, 5,   coast,  -10.45,  98658.00,  224.41,  323.50,   16.42, 16.6, 4.10, 4.10, 4.06
6, 6357, 11,     6.60, 5,   coast,  -10.45,  98656.00,  224.58,  323.67,   16.32, 16.6, 4.10, 4.10, 4.07
6, 6357, 11,     6.61, 5,   coast,  -10.45,  98656.00,  224.58,  323.67,   16.21, 16.6, 4.10, 4.10, 4.07
6, 6357, 11,     6.62, 5,   coast,  -10.44,  98659.00,  224.33,  323.41,   16.11, 16.6, 4.06, 4.09, 4.07
6, 6357, 11,     6.63, 5,   coast,  -10.44,  98659.00,  224.33,  323.41,   16.01, 16.6, 4.09, 4.10, 4.06
6, 6357, 11,     6.64, 5,   coast,  -10.44,  98642.00,  225.77,  324.86,   15.91, 16.6, 4.11, 4.11, 4.07
6, 6357, 11,     6.65, 5,   coast,  -10.44,  98645.00,  225.52,  324.60,   15.81, 16.6, 4.10, 4.10, 4.07
6, 6357, 11,     6.66, 5,   coast,  -10.43,  98645.00,  225.52,  324.60,   15.71, 16.6, 4.10, 4.10, 4.07
6, 6357, 11,     6.67, 5,   coast,  -10.43,  98642.00,  225.77,  324.86,   15.61, 16.6, 4.10, 4.09, 4.07
6, 6357, 11,     6.68, 5,   coast,  -10.43,  98643.00,  225.69,  324.77,   15.51, 16.6, 4.10, 4.10, 4.06
6, 6357, 11,     6.69, 5,   coast,  -10.42,  98641.00,  225.86,  324.94,   15.41, 16.6, 4.10, 4.11, 4.07
6, 6357, 11,     6.70, 5,   coast,  -10.42,  98636.00,  226.28,  325.37,   15.31, 16.6, 4.10, 4.11, 4.06
6, 6357, 11,     6.71, 5,   coast,  -10.41,  98635.00,  226.37,  325.45,   15.18, 16.6, 4.10, 4.10, 4.07
6, 6357, 11,     6.72, 5,   coast,  -10.41,  98637.00,  226.20,  325.28,   15.08, 16.6, 4.10, 4.10, 4.06
6, 6357, 11,     6.73, 5,   coast,  -10.41,  98633.00,  226.54,  325.62,   14.97, 16.6, 4.06, 4.10, 4.07
6, 6357, 11,     6.74, 5,   coast,  -10.40,  98633.00,  226.54,  325.62,   14.87, 16.6, 4.09, 4.10, 4.06
6, 6357, 11,     6.75, 5,   coast,  -10.40,  98616.00,  227.98,  327.07,   14.76, 16.6, 4.09, 4.09, 4.07
6, 6357, 11,     6.76, 5,   coast,  -10.39,  98627.00,  227.05,  326.13,   14.66, 16.6, 4.10, 4.09, 4.07
6, 6357, 11,     6.77, 5,   coast,  -10.38,  98625.00,  227.22,  326.30,   14.56, 16.6, 4.10, 4.09, 4.07
6, 6357, 11,     6.78, 5,   coast,  -10.38,  98627.00,  227.05,  326.13,   14.45, 16.6, 4.10, 4.10, 4.07
6, 6357, 11,     6.79, 5,   coast,  -10.37,  98624.00,  227.30,  326.39,   14.35, 16.6, 4.10, 4.11, 4.07
6, 6357, 11,     6.80, 5,   coast,  -10.36,  98625.00,  227.22,  326.30,   14.25, 16.6, 4.10, 4.10, 4.06
6, 6357, 11,     6.81, 5,   coast,  -10.35,  98619.00,  227.73,  326.81,   14.14, 16.6, 4.10, 4.10, 4.06
6, 6357, 11,     6.82, 5,   coast,  -10.34,  98616.00,  227.98,  327.07,   14.03, 16.6, 4.09, 4.10, 4.06
6, 6357, 11,     6.83, 5,   coast,  -10.33,  98614.00,  228.15,  327.24,   13.93, 16.6, 4.10, 4.10, 4.07
6, 6357, 11,     6.84, 5,   coast,  -10.32,  98616.00,  227.98,  327.07,   13.82, 16.6, 4.06, 4.10, 4.07
6, 6357, 11,     6.85, 5,   coast,  -10.30,  98616.00,  227.98,  327.07,   13.72, 16.6, 4.09, 4.10, 4.06
6, 6357, 11,     6.86, 5,   coast,  -10.29,  98603.00,  229.09,  328.18,   13.62, 16.6, 4.11, 4.10, 4.07
6, 6357, 11,     6.87, 5,   coast,  -10.28,  98608.00,  228.66,  327.75,   13.51, 16.6, 4.10, 4.10, 4.06
6, 6357, 11,     6.88, 5,   coast,  -10.26,  98602.00,  229.18,  328.26,   13.41, 16.6, 4.10, 4.10, 4.06
6, 6357, 11,     6.89, 5,   coast,  -10.24,  98612.00,  228.32,  327.41,   13.31, 16.6, 4.10, 4.11, 4.07
6, 6357, 11,     6.90, 5,   coast,  -10.22,  98605.00,  228.92,  328.01,   13.21, 16.6, 4.10, 4.10, 4.07
6, 6357, 11,     6.91, 5,   coast,  -10.21,  98603.00,  229.09,  328.18,   13.09, 16.6, 4.10, 4.10, 4.07
6, 6357, 11,     6.92, 5,   coast,  -10.19,  98603.00,  229.09,  328.18,   12.99, 16.6, 4.09, 4.10, 4.07
6, 6357, 11,     6.93, 5,   coast,  -10.16,  98597.00,  229.60,  328.69,   12.89, 16.6, 4.10, 4.10, 4.07
6, 6357, 11,     6.94, 5,   coast,  -10.14,  98599.00,  229.43,  328.52,   12.78, 16.6, 4.10, 4.10, 4.07
6, 6357, 11,     6.95, 5,   coast,  -10.12,  98598.00,  229.52,  328.60,   12.68, 16.6, 4.06, 4.10, 4.08
6, 6357, 11,     6.96, 5,   coast,  -10.09,  98598.00,  229.52,  328.60,   12.57, 16.6, 4.09, 4.10, 4.06
6, 6357, 11,     6.97, 5,   coast,  -10.07,  98582.00,  230.88,  329.96,   12.47, 16.6, 4.10, 4.10, 4.07
6, 6357, 11,     6.98, 5,   coast,  -10.04,  98592.00,  230.03,  329.11,   12.37, 16.6, 4.10, 4.10, 4.07
6, 6357, 11,     6.99, 5,   coast,  -10.01,  98595.00,  229.77,  328.86,   12.26, 16.6, 4.11, 4.11, 4.07
6, 6357, 11,     7.00, 5,   coast,   -9.98,  98585.00,  230.62,  329.71,   12.16, 16.6, 4.10, 4.10, 4.07
6, 6357, 11,     7.01, 5,   coast,   -9.95,  98588.00,  230.37,  329.45,   12.06, 16.6, 4.10, 4.10, 4.07
6, 6357, 11,     7.02, 5,   coast,   -9.92,  98584.00,  230.71,  329.79,   11.95, 16.6, 4.10, 4.10, 4.07
6, 6357, 11,     7.03, 5,   coast,   -9.89,  98586.00,  230.54,  329.62,   11.85, 16.6, 4.10, 4.11, 4.07
6, 6357, 11,     7.04, 5,   coast,   -9.86,  98589.00,  230.28,  329.37,   11.75, 16.6, 4.10, 4.10, 4.07
6, 6357, 11,     7.05, 5,   coast,   -9.82,  98580.00,  231.05,  330.13,   11.65, 16.6, 4.10, 4.10, 4.07
6, 6357, 11,     7.06, 5,   coast,   -9.79,  98582.00,  230.88,  329.96,   11.54, 16.6, 4.06, 4.10, 4.07
6, 6357, 11,     7.07, 5,   coast,   -9.75,  98582.00,  230.88,  329.96,   11.44, 16.6, 4.09, 4.10, 4.05
6, 6357, 11,     7.08, 5,   coast,   -9.72,  98571.00,  231.81,  330.90,   11.34, 16.6, 4.09, 4.10, 4.06
6, 6357, 11,     7.09, 5,   coast,   -9.68,  98580.00,  231.05,  330.13,   11.24, 16.6, 4.10, 4.10, 4.07
6, 6357, 11,     7.10, 5,   coast,   -9.64,  98579.00,  231.13,  330.22,   11.14, 16.6, 4.10, 4.10, 4.07
6, 6357, 11,     7.11, 5,   coast,   -9.60,  98572.00,  231.73,  330.81,   11.05, 16.6, 4.10, 4.10, 4.07
6, 6357, 11,     7.12, 5,   coast,   -9.57,  98576.00,  231.39,  330.47,   10.95, 16.6, 4.10, 4.10, 4.07
6, 6357, 11,     7.13, 5,   coast,   -9.53,  98569.00,  231.98,  331.07,   10.85, 16.6, 4.10, 4.11, 4.07
6, 6357, 11,     7.14, 5,   coast,   -9.49,  98573.00,  231.64,  330.73,   10.75, 16.6, 4.10, 4.10, 4.07
6, 6357, 11,     7.15, 5,   coast,   -9.45,  98565.00,  232.32,  331.41,   10.65, 16.6, 4.10, 4.11, 4.07
6, 6357, 11,     7.16, 5,   coast,   -9.41,  98565.00,  232.32,  331.41,   10.56, 16.6, 4.10, 4.10, 4.07
6, 6357, 11,     7.17, 5,   coast,   -9.37,  98559.00,  232.84,  331.92,   10.46, 16.6, 4.06, 4.09, 4.07
6, 6357, 11,     7.18, 5,   coast,   -9.33,  98559.00,  232.84,  331.92,   10.36, 16.6, 4.09, 4.10, 4.06
6, 6357, 11,     7.19, 5,   coast,   -9.29,  98556.00,  233.09,  332.18,   10.27, 16.6, 4.10, 4.10, 4.06
6, 6357, 11,     7.20, 5,   coast,   -9.25,  98566.00,  232.24,  331.32,   10.17, 16.6, 4.10, 4.11, 4.07
6, 6357, 11,     7.21, 5,   coast,   -9.21,  98567.00,  232.15,  331.24,   10.09, 16.6, 4.11, 4.10, 4.07
6, 6357, 11,     7.22, 5,   coast,   -9.17,  98556.00,  233.09,  332.18,   10.00, 16.6, 4.10, 4.10, 4.07
6, 6357, 11,     7.23, 5,   coast,   -9.13,  98556.00,  233.09,  332.18,    9.91, 16.6, 4.10, 4.11, 4.07
6, 6357, 11,     7.24, 5,   coast,   -9.09,  98558.00,  232.92,  332.01,    9.82, 16.6, 4.10, 4.10, 4.07
6, 6357, 11,     7.25, 5,   coast,   -9.05,  98554.00,  233.26,  332.35,    9.73, 16.6, 4.10, 4.10, 4.07
6, 6357, 11,     7.26, 5,   coast,   -9.02,  98552.00,  233.43,  332.52,    9.64, 16.6, 4.11, 4.10, 4.07
6, 6357, 11,     7.27, 5,   coast,   -8.98,  98551.00,  233.52,  332.60,    9.55, 16.6, 4.10, 4.10, 4.07
6, 6357, 11,     7.28, 5,   coast,   -8.94,  98551.00,  233.52,  332.60,    9.47, 16.6, 4.06, 4.09, 4.07
6, 6357, 11,     7.29, 5,   coast,   -8.90,  98551.00,  233.52,  332.60,    9.38, 16.6, 4.09, 4.10, 4.05
6, 6357, 11,     7.30, 5,   coast,   -8.87,  98548.00,  233.77,  332.86,    9.30, 16.6, 4.10, 4.10, 4.06
6, 6357, 11,     7.31, 5,   coast,   -8.83,  98559.00,  232.84,  331.92,    9.21, 16.6, 4.10, 4.11, 4.07
6, 6357, 11,     7.32, 5,   coast,   -8.80,  98549.00,  233.69,  332.77,    9.13, 16.6, 4.10, 4.11, 4.07
6, 6357, 11,     7.33, 5,   coast,   -8.76,  98548.00,  233.77,  332.86,    9.05, 16.6, 4.10, 4.11, 4.07
6, 6357, 11,     7.34, 5,   coast,   -8.73,  98542.00,  234.28,  333.37,    8.97, 16.6, 4.10, 4.10, 4.07
6, 6357, 11,     7.35, 5,   coast,   -8.70,  98550.00,  233.60,  332.69,    8.89, 16.6, 4.10, 4.11, 4.07
6, 6357, 11,     7.36, 5,   coast,   -8.66,  98551.00,  233.52,  332.60,    8.81, 16.6, 4.10, 4.10, 4.07
6, 6357, 11,     7.37, 5,   coast,   -8.63,  98539.00,  234.54,  333.62,    8.73, 16.6, 4.10, 4.11, 4.07
6, 6357, 11,     7.38, 5,   coast,   -8.60,  98539.00,  234.54,  333.62,    8.66, 16.6, 4.11, 4.10, 4.07
6, 6357, 11,     7.39, 5,   coast,   -8.57,  98545.00,  234.03,  333.11,    8.58, 16.6, 4.06, 4.09, 4.07
6, 6357, 11,     7.40, 5,   coast,   -8.54,  98545.00,  234.03,  333.11,    8.51, 16.6, 4.09, 4.10, 4.05
6, 6357, 11,     7.41, 5,   coast,   -8.51,  98543.00,  234.20,  333.28,    8.38, 16.6, 4.11, 4.10, 4.07
6, 6357, 11,     7.42, 5,   coast,   -8.48,  98537.00,  234.71,  333.79,    8.29, 16.6, 4.10, 4.11, 4.07
6, 6357, 11,     7.43, 5,   coast,   -8.46,  98543.00,  234.20,  333.28,    8.21, 16.6, 4.10, 4.10, 4.06
6, 6357, 11,     7.44, 5,   coast,   -8.43,  98532.00,  235.13,  334.22,    8.13, 16.6, 4.10, 4.10, 4.07
6, 6357, 11,     7.45, 5,   coast,   -8.40,  98537.00,  234.71,  333.79,    8.04, 16.6, 4.10, 4.11, 4.06
6, 6357, 11,     7.46, 5,   coast,   -8.38,  98531.00,  235.22,  334.30,    7.96, 16.6, 4.10, 4.10, 4.07
6, 6357, 11,     7.47, 5,   coast,   -8.36,  98535.00,  234.88,  333.96,    7.88, 16.6, 4.10, 4.10, 4.07
6, 6357, 11,     7.48, 5,   coast,   -8.33,  98528.00,  235.47,  334.56,    7.80, 16.6, 4.10, 4.10, 4.07
6, 6357, 11,     7.49, 5,   coast,   -8.31,  98530.00,  235.30,  334.39,    7.71, 16.6, 4.10, 4.10, 4.07
6, 6357, 11,     7.50, 5,   coast,   -8.29,  98533.00,  235.05,  334.13,    7.63, 16.6, 4.06, 4.09, 4.07
6, 6357, 11,     7.51, 5,   coast,   -8.26,  98533.00,  235.05,  334.13,    7.53, 16.6, 4.09, 4.10, 4.05
6, 6357, 11,     7.52, 5,   coast,   -8.24,  98520.00,  236.16,  335.24,    7.45, 16.6, 4.10, 4.10, 4.07
6, 6357, 11,     7.53, 5,   coast,   -8.22,  98532.00,  235.13,  334.22,    7.37, 16.6, 4.09, 4.09, 4.07
6, 6357, 11,     7.54, 5,   coast,   -8.20,  98526.00,  235.64,  334.73,    7.29, 16.6, 4.10, 4.10, 4.07
6, 6357, 11,     7.55, 5,   coast,   -8.18,  98524.00,  235.82,  334.90,    7.20, 16.6, 4.10, 4.10, 4.07
6, 6357, 11,     7.56, 5,   coast,   -8.16,  98522.00,  235.99,  335.07,    7.12, 16.6, 4.10, 4.11, 4.07
6, 6357, 11,     7.57, 5,   coast,   -8.14,  98532.00,  235.13,  334.22,    7.04, 16.6, 4.10, 4.11, 4.07
6, 6357, 11,     7.58, 5,   coast,   -8.12,  98522.00,  235.99,  335.07,    6.96, 16.6, 4.10, 4.10, 4.07
6, 6357, 11,     7.59, 5,   coast,   -8.11,  98517.00,  236.41,  335.50,    6.87, 16.6, 4.10, 4.10, 4.06
6, 6357, 11,     7.60, 5,   coast,   -8.09,  98524.00,  235.82,  334.90,    6.79, 16.6, 4.09, 4.10, 4.06
6, 6357, 11,     7.61, 5,   coast,   -8.07,  98517.00,  236.41,  335.50,    6.71, 16.6, 4.06, 4.10, 4.07
6, 6357, 11,     7.62, 5,   coast,   -8.05,  98517.00,  236.41,  335.50,    6.63, 16.6, 4.09, 4.10, 4.05
6, 6357, 11,     7.63, 5,   coast,   -8.04,  98517.00,  236.41,  335.50,    6.55, 16.6, 4.10, 4.10, 4.07
6, 6357, 11,     7.64, 5,   coast,   -8.02,  98519.00,  236.24,  335.33,    6.47, 16.6, 4.10, 4.10, 4.06
6, 6357, 11,     7.65, 5,   coast,   -8.00,  98524.00,  235.82,  334.90,    6.39, 16.6, 4.10, 4.10, 4.07
6, 6357, 11,     7.66, 5,   coast,   -7.99,  98520.00,  236.16,  335.24,    6.31, 16.6, 4.09, 4.10, 4.07
6, 6357, 11,     7.67, 5,   coast,   -7.97,  98519.00,  236.24,  335.33,    6.23, 16.6, 4.10, 4.10, 4.06
6, 6357, 11,     7.68, 5,   coast,   -7.96,  98512.00,  236.84,  335.92,    6.15, 16.6, 4.10, 4.10, 4.07
6, 6357, 11,     7.69, 5,   coast,   -7.94,  98517.00,  236.41,  335.50,    6.08, 16.6, 4.10, 4.10, 4.06
6, 6357, 11,     7.70, 5,   coast,   -7.92,  98515.00,  236.58,  335.67,    6.00, 16.6, 4.10, 4.10, 4.07
6, 6357, 11,     7.71, 5,   coast,   -7.91,  98521.00,  236.07,  335.16,    5.92, 16.6, 4.10, 4.10, 4.07
6, 6357, 11,     7.72, 5,   coast,   -7.89,  98511.00,  236.92,  336.01,    5.85, 16.6, 4.06, 4.10, 4.07
6, 6357, 11,     7.73, 5,   coast,   -7.88,  98511.00,  236.92,  336.01,    5.77, 16.6, 4.09, 4.10, 4.06
6, 6357, 11,     7.74, 5,   coast,   -7.87,  98514.00,  236.67,  335.75,    5.70, 16.6, 4.10, 4.10, 4.07
6, 6357, 11,     7.75, 5,   coast,   -7.85,  98523.00,  235.90,  334.99,    5.62, 16.6, 4.10, 4.10, 4.07
6, 6357, 11,     7.76, 5,   coast,   -7.84,  98514.00,  236.67,  335.75,    5.55, 16.6, 4.10, 4.10, 4.06
6, 6357, 11,     7.77, 5,   coast,   -7.82,  98511.00,  236.92,  336.01,    5.47, 16.6, 4.10, 4.10, 4.07
6, 6357, 11,     7.78, 5,   coast,   -7.81,  98511.00,  236.92,  336.01,    5.40, 16.6, 4.10, 4.10, 4.07
6, 6357, 11,     7.79, 5,   coast,   -7.80,  98512.00,  236.84,  335.92,    5.32, 16.6, 4.10, 4.10, 4.07
6, 6357, 11,     7.80, 5,   coast,   -7.79,  98504.00,  237.52,  336.60,    5.25, 16.6, 4.09, 4.09, 4.07
6, 6357, 11,     7.81, 5,   coast,   -7.77,  98514.00,  236.67,  335.75,    5.16, 16.6, 4.11, 4.10, 4.07
6, 6357, 11,     7.82, 5,   coast,   -7.76,  98509.00,  237.09,  336.18,    5.08, 16.6, 4.10, 4.10, 4.07
6, 6357, 11,     7.83, 5,   coast,   -7.75,  98512.00,  236.84,  335.92,    5.00, 16.6, 4.06, 4.10, 4.07
6, 6357, 11,     7.84, 5,   coast,   -7.74,  98512.00,  236.84,  335.92,    4.93, 16.6, 4.09, 4.10, 4.06
6, 6357, 11,     7.85, 5,   coast,   -7.73,  98503.00,  237.60,  336.69,    4.85, 16.6, 4.10, 4.11, 4.07
6, 6357, 11,     7.86, 5,   coast,   -7.72,  98505.00,  237.43,  336.52,    4.77, 16.6, 4.10, 4.10, 4.07
6, 6357, 11,     7.87, 5,   coast,   -7.71,  98502.00,  237.69,  336.77,    4.70, 16.6, 4.10, 4.10, 4.07
6, 6357, 11,     7.88, 5,   coast,   -7.70,  98505.00,  237.43,  336.52,    4.62, 16.6, 4.10, 4.10, 4.07
6, 6357, 11,     7.89, 5,   coast,   -7.69,  98508.00,  237.18,  336.26,    4.54, 16.6, 4.10, 4.11, 4.07
6, 6357, 11,     7.90, 5,   coast,   -7.68,  98500.00,  237.86,  336.94,    4.46, 16.6, 4.10, 4.11, 4.07
6, 6357, 11,     7.91, 5,   coast,   -7.67,  98497.00,  238.11,  337.20,    4.38, 16.6, 4.10, 4.10, 4.07
6, 6357, 11,     7.92, 5,   coast,   -7.67,  98505.00,  237.43,  336.52,    4.30, 16.6, 4.10, 4.10, 4.07
6, 6357, 11,     7.93, 5,   coast,   -7.66,  98502.00,  237.69,  336.77,    4.22, 16.6, 4.09, 4.10, 4.06
6, 6357, 11,     7.94, 5,   coast,   -7.66,  98496.00,  238.20,  337.29,    4.14, 16.6, 4.06, 4.10, 4.07
6, 6357, 11,     7.95, 5,   coast,   -7.65,  98496.00,  238.20,  337.29,    4.06, 16.6, 4.09, 4.10, 4.06
6, 6357, 11,     7.96, 5,   coast,   -7.65,  98505.00,  237.43,  336.52,    3.99, 16.6, 4.10, 4.10, 4.07
6, 6357, 11,     7.97, 5,   coast,   -7.64,  98494.00,  238.37,  337.46,    3.91, 16.6, 4.10, 4.11, 4.07
6, 6357, 11,     7.98, 5,   coast,   -7.64,  98503.00,  237.60,  336.69,    3.83, 16.6, 4.11, 4.11, 4.07
6, 6357, 11,     7.99, 5,   coast,   -7.64,  98502.00,  237.69,  336.77,    3.75, 16.6, 4.10, 4.10, 4.07
6, 6357, 11,     8.00, 5,   coast,   -7.64,  98499.00,  237.94,  337.03,    3.67, 16.6, 4.09, 4.10, 4.07
6, 6357, 11,     8.01, 5,   coast,   -7.64,  98498.00,  238.03,  337.11,    3.62, 16.6, 4.10, 4.10, 4.06
6, 6357, 11,     8.02, 5,   coast,   -7.64,  98501.00,  237.77,  336.86,    3.55, 16.6, 4.10, 4.10, 4.06
6, 6357, 11,     8.03, 5,   coast,   -7.64,  98496.00,  238.20,  337.29,    3.47, 16.6, 4.10, 4.10, 4.06
6, 6357, 11,     8.04, 5,   coast,   -7.64,  98495.00,  238.29,  337.37,    3.40, 16.6, 4.10, 4.11, 4.06
6, 6357, 11,     8.05, 5,   coast,   -7.64,  98505.00,  237.43,  336.52,    3.33, 16.6, 4.06, 4.09, 4.08
6, 6357, 11,     8.06, 5,   coast,   -7.65,  98505.00,  237.43,  336.52,    3.25, 16.6, 4.09, 4.10, 4.06
6, 6357, 11,     8.07, 5,   coast,   -7.65,  98496.00,  238.20,  337.29,    3.18, 16.6, 4.10, 4.10, 4.07
6, 6357, 11,     8.08, 5,   coast,   -7.65,  98499.00,  237.94,  337.03,    3.11, 16.6, 4.10, 4.11, 4.07
6, 6357, 11,     8.09, 5,   coast,   -7.66,  98496.00,  238.20,  337.29,    3.03, 16.6, 4.11, 4.10, 4.07
6, 6357, 11,     8.10, 5,   coast,   -7.67,  98491.00,  238.63,  337.71,    2.96, 16.6, 4.11, 4.10, 4.07
6, 6357, 11,     8.11, 5,   coast,   -7.68,  98493.00,  238.46,  337.54,    2.88, 16.6, 4.10, 4.11, 4.07
6, 6357, 11,     8.12, 5,   coast,   -7.69,  98493.00,  238.46,  337.54,    2.80, 16.6, 4.09, 4.10, 4.07
6, 6357, 11,     8.13, 5,   coast,   -7.72,  98491.00,  238.63,  337.71,    2.73, 16.6, 4.09, 4.09, 4.07
6, 6357, 11,     8.14, 5,   coast,   -7.74,  98493.00,  238.46,  337.54,    2.65, 16.6, 4.10, 4.10, 4.07
6, 6357, 11,     8.15, 5,   coast,   -7.77,  98493.00,  238.46,  337.54,    2.58, 16.6, 4.10, 4.10, 4.07
6, 6357, 11,     8.16, 5,   coast,   -7.81,  98489.00,  238.80,  337.88,    2.50, 16.6, 4.07, 4.09, 4.08
6, 6357, 11,     8.17, 5,   coast,   -7.84,  98489.00,  238.80,  337.88,    2.43, 16.6, 4.10, 4.11, 4.06
6, 6357, 11,     8.18, 5,   coast,   -7.89,  98489.00,  238.80,  337.88,    2.35, 16.6, 4.10, 4.11, 4.07
6, 6357, 11,     8.19, 5,   coast,   -7.93,  98494.00,  238.37,  337.46,    2.28, 16.6, 4.10, 4.10, 4.07
6, 6357, 11,     8.20, 5,   coast,   -7.98,  98488.00,  238.88,  337.97,    2.20, 16.6, 4.11, 4.10, 4.07
6, 6357, 11,     8.21, 5,   coast,   -7.87,  98488.00,  238.88,  337.97,    2.13, 16.6, 4.11, 4.10, 4.07
6, 6357, 11,     8.22, 5,   coast,   -7.90,  98493.00,  238.46,  337.54,    2.05, 16.6, 4.10, 4.10, 4.07
6, 6357, 11,     8.23, 5,   coast,   -7.93,  99618.00,  143.07,  242.16,    1.97, 16.6, 4.10, 4.10, 4.06
6, 6357, 11,     8.24, 5,   coast,   -7.97,  98919.00,  202.23,  301.32,    1.90, 16.6, 4.10, 4.10, 4.07
6, 6357, 11,     8.25, 5,   coast,   -8.01,  98295.00,  255.33,  354.42,    1.82, 16.6, 4.10, 4.10, 4.07
6, 6357, 11,     8.26, 5,   coast,   -8.05,  98368.00,  249.11,  348.19,    1.74, 16.6, 4.10, 4.11, 4.07
6, 6357, 11,     8.27, 5,   coast,   -8.11,  98423.00,  244.42,  343.50,    1.67, 16.6, 4.06, 4.09, 4.08
6, 6357, 11,     8.28, 5,   coast,   -8.16,  98423.00,  244.42,  343.50,    1.59, 16.6, 4.09, 4.10, 4.06
6, 6357, 11,     8.29, 5,   coast,   -8.22,  98465.00,  240.84,  339.93,    1.51, 16.6, 4.10, 4.10, 4.07
6, 6357, 11,     8.30, 5,   coast,   -8.28,  98481.00,  239.48,  338.56,    1.43, 16.6, 4.10, 4.10, 4.07
6, 6357, 11,     8.31, 5,   coast,   -8.18,  98484.00,  239.22,  338.31,    1.35, 16.6, 4.10, 4.11, 4.07
6, 6357, 11,     8.32, 5,   coast,   -8.22,  98477.00,  239.82,  338.90,    1.27, 16.6, 4.10, 4.11, 4.07
6, 6357, 11,     8.33, 5,   coast,   -8.26,  98500.00,  237.86,  336.94,    1.19, 16.6, 4.10, 4.10, 4.06
6, 6357, 11,     8.34, 5,   coast,   -8.31,  98501.00,  237.77,  336.86,    1.11, 16.6, 4.10, 4.10, 4.06
6, 6357, 11,     8.35, 5,   coast,   -8.37,  98503.00,  237.60,  336.69,    1.03, 16.6, 4.10, 4.10, 4.06
6, 6357, 11,     8.36, 5,   coast,   -8.42,  98514.00,  236.67,  335.75,    0.95, 16.6, 4.10, 4.10, 4.07
6, 6357, 11,     8.37, 5,   coast,   -8.49,  98518.00,  236.33,  335.41,    0.87, 16.6, 4.10, 4.10, 4.07
6, 6357, 11,     8.38, 5,   coast,   -8.55,  98519.00,  236.24,  335.33,    0.79, 16.6, 4.06, 4.10, 4.07
6, 6357, 11,     8.39, 5,   coast,   -8.62,  98519.00,  236.24,  335.33,    0.70, 16.6, 4.09, 4.11, 4.06
6, 6357, 11,     8.40, 5,   coast,   -8.69,  98494.00,  238.37,  337.46,    0.62, 16.6, 4.10, 4.10, 4.07
6, 6357, 11,     8.41, 5,   coast,   -8.60,  98496.00,  238.20,  337.29,    0.54, 16.6, 4.11, 4.10, 4.07
6, 6357, 11,     8.42, 5,   coast,   -8.65,  98495.00,  238.29,  337.37,    0.46, 16.6, 4.10, 4.10, 4.07
6, 6357, 11,     8.43, 5,   coast,   -8.70,  98504.00,  237.52,  336.60,    0.38, 16.6, 4.10, 4.10, 4.06
6, 6357, 11,     8.44, 5,   coast,   -8.76,  98492.00,  238.54,  337.63,    0.30, 16.6, 4.10, 4.10, 4.07
6, 6357, 11,     8.45, 5,   coast,   -8.82,  98510.00,  237.01,  336.09,    0.21, 16.6, 4.10, 4.10, 4.06
6, 6357, 11,     8.46, 5,   coast,   -8.89,  98494.00,  238.37,  337.46,    0.13, 16.6, 4.10, 4.11, 4.07
6, 6357, 11,     8.47, 5,   coast,   -8.96,  98514.00,  236.67,  335.75,    0.04, 16.6, 4.10, 4.10, 4.07
6, 6357, 11,     8.48, 5,   coast,   -9.03,  98503.00,  237.60,  336.69,   -0.04, 16.6, 4.10, 4.10, 4.07
6, 6357, 11,     8.49, 5,   coast,   -9.10,  98510.00,  237.01,  336.09,   -0.13, 16.6, 4.06, 4.10, 4.07
6, 6357, 11,     8.50, 5,   coast,   -9.17,  98510.00,  237.01,  336.09,   -0.21, 16.6, 4.09, 4.10, 4.06
6, 6357, 11,     8.51, 5,   coast,   -9.08,  98503.00,  237.60,  336.69,   -0.29, 16.6, 4.10, 4.10, 4.07
6, 6357, 11,     8.52, 5,   coast,   -9.13,  98485.00,  239.14,  338.22,   -0.38, 16.6, 4.10, 4.10, 4.07
6, 6357, 11,     8.53, 5,   coast,   -9.18,  98507.00,  237.26,  336.35,   -0.46, 16.6, 4.11, 4.11, 4.06
6, 6357, 11,     8.54, 5,   coast,   -9.23,  98522.00,  235.99,  335.07,   -0.55, 16.6, 4.10, 4.10, 4.06
6, 6357, 11,     8.55, 5,   coast,   -9.29,  98504.00,  237.52,  336.60,   -0.64, 16.6, 4.11, 4.11, 4.06
6, 6357, 11,     8.56, 5,   coast,   -9.35,  98515.00,  236.58,  335.67,   -0.72, 16.6, 4.09, 4.10, 4.07
6, 6357, 11,     8.57, 5,   coast,   -9.40,  98514.00,  236.67,  335.75,   -0.81, 16.6, 0.01, 4.09, 4.06
6, 6357, 11,     8.58, 5,   coast,   -9.47,  98575.00,  231.47,  330.56,   -0.90, 16.6, 0.01, 4.10, 4.06
6, 6357, 11,     8.59, 5,   coast,   -9.53,  98496.00,  238.20,  337.29,   -0.99, 16.6, 0.00, 4.09, 4.07
6, 6357, 11,     8.60, 6,  drogue,   -9.58,  98462.00,  241.10,  340.18,   -1.08, 16.6, 0.00, 4.06, 4.10
6, 6357, 11,     8.60, 6,  drogue,   -9.58,  98462.00,  241.10,  340.18,   -1.08, 16.6, 0.00, 4.06, 4.10
6, 6357, 11,     8.61, 6,  drogue,   -9.63,  98462.00,  241.10,  340.18,   -1.55, 16.6, 0.00, 4.10, 4.06
6, 6357, 11,     8.71, 6,  drogue,   -9.68,  98511.00,  236.92,  336.01,   -2.45, 16.6, 3.57, 4.09, 4.08
6, 6357, 11,     8.81, 6,  drogue,   -9.49,  98524.00,  235.82,  334.90,   -3.35, 16.6, 3.20, 4.10, 4.07
6, 6357, 11,     8.91, 6,  drogue,   -9.21,  98534.00,  234.96,  334.05,   -4.27, 16.7, 2.95, 4.08, 4.08
6, 6357, 11,     9.01, 6,  drogue,   -8.95,  98527.00,  235.56,  334.65,   -5.19, 16.7, 2.77, 4.10, 4.07
6, 6357, 11,     9.11, 6,  drogue,   -8.75,  98484.00,  239.22,  338.31,   -6.11, 16.7, 2.63, 4.10, 4.08
6, 6357, 11,     9.21, 6,  drogue,   -8.39,  98416.00,  245.02,  344.10,   -7.00, 16.7, 2.47, 4.10, 4.07
6, 6357, 11,     9.31, 6,  drogue,   -7.89,  98368.00,  249.11,  348.19,   -7.87, 16.7, 2.33, 4.10, 4.07
6, 6357, 11,     9.41, 6,  drogue,   -7.23,  98523.00,  235.90,  334.99,   -8.69, 16.7, 2.19, 4.10, 4.07
6, 6357, 11,     9.51, 6,  drogue,   -6.43,  98577.00,  231.30,  330.39,   -9.43, 16.7, 2.06, 4.10, 4.07
6, 6357, 11,     9.61, 6,  drogue,   -5.53,  98580.00,  231.05,  330.13,  -10.10, 16.7, 1.95, 4.09, 4.07
6, 6357, 11,     9.71, 6,  drogue,   -4.55,  98565.00,  232.32,  331.41,  -10.66, 16.7, 1.85, 4.11, 4.07
6, 6357, 11,     9.81, 6,  drogue,   -3.53,  98633.00,  226.54,  325.62,  -11.12, 16.7, 1.75, 4.07, 4.09
6, 6357, 11,     9.91, 6,  drogue,   -2.50,  98679.00,  222.62,  321.71,  -11.47, 16.7, 1.68, 4.10, 4.07
6, 6357, 11,    10.01, 6,  drogue,   -1.47,  98594.00,  229.86,  328.94,  -11.72, 16.7, 1.60, 4.10, 4.07
6, 6357, 11,    10.11, 6,  drogue,   -0.45,  98640.00,  225.94,  325.03,  -11.86, 16.7, 1.52, 4.10, 4.07
6, 6357, 11,    10.21, 6,  drogue,    0.52,  98661.00,  224.16,  323.24,  -11.93, 16.7, 1.46, 4.10, 4.07
6, 6357, 11,    10.31, 6,  drogue,    1.40,  98709.00,  220.07,  319.16,  -11.85, 16.7, 1.41, 4.11, 4.07
6, 6357, 11,    10.41, 6,  drogue,    2.15,  98723.00,  218.88,  317.97,  -11.68, 16.7, 1.36, 4.10, 4.08
6, 6357, 11,    10.51, 6,  drogue,    2.76,  98740.00,  217.44,  316.52,  -11.44, 16.7, 1.31, 4.11, 4.07
6, 6357, 11,    10.61, 6,  drogue,    3.22,  98734.00,  217.95,  317.03,  -11.13, 16.7, 1.27, 4.11, 4.07
6, 6357, 11,    10.71, 6,  drogue,    3.53,  98740.00,  217.44,  316.52,  -10.79, 16.7, 1.23, 4.11, 4.07
6, 6357, 11,    10.81, 6,  drogue,    3.71,  98742.00,  217.27,  316.35,  -10.42, 16.7, 1.19, 4.10, 4.07
6, 6357, 11,    10.91, 6,  drogue,    3.76,  98765.00,  215.31,  314.40,  -10.02, 16.7, 1.13, 4.10, 4.09
6, 6357, 11,    11.01, 6,  drogue,    3.65,  98789.00,  213.27,  312.36,   -9.63, 16.7, 1.14, 4.10, 4.08
6, 6357, 11,    11.11, 6,  drogue,    3.39,  98800.00,  212.34,  311.42,   -9.24, 16.7, 1.11, 4.11, 4.07
6, 6357, 11,    11.21, 6,  drogue,    3.00,  98814.00,  211.15,  310.24,   -8.87, 16.7, 1.10, 4.10, 4.08
6, 6357, 11,    11.31, 6,  drogue,    2.54,  98823.00,  210.39,  309.47,   -8.52, 16.7, 1.08, 4.10, 4.08
6, 6357, 11,    11.41, 6,  drogue,    2.07,  98842.00,  208.77,  307.86,   -8.30, 16.7, 1.07, 4.10, 4.07
6, 6357, 11,    11.51, 6,  drogue,    1.64,  98832.00,  209.62,  308.71,   -8.12, 16.7, 1.05, 4.11, 4.07
6, 6357, 11,    11.61, 6,  drogue,    1.26,  98828.00,  209.96,  309.05,   -7.97, 16.7, 1.03, 4.11, 4.07
6, 6357, 11,    11.71, 6,  drogue,    0.94,  98820.00,  210.64,  309.73,   -7.82, 16.7, 1.02, 4.10, 4.07
6, 6357, 11,    11.81, 6,  drogue,    0.64,  98834.00,  209.45,  308.54,   -7.74, 16.7, 1.00, 4.10, 4.08
6, 6357, 11,    11.91, 6,  drogue,    0.37,  98850.00,  208.09,  307.18,   -7.70, 16.7, 0.99, 4.10, 4.07
6, 6357, 11,    12.01, 6,  drogue,    0.12,  98862.00,  207.07,  306.16,   -7.64, 16.7, 0.94, 4.09, 4.08
6, 6357, 11,    12.11, 6,  drogue,   -0.08,  98880.00,  205.54,  304.63,   -7.64, 16.7, 0.96, 4.10, 4.07
6, 6357, 11,    12.21, 6,  drogue,   -0.21,  98885.00,  205.12,  304.21,   -7.66, 16.7, 0.95, 4.10, 4.07
6, 6357, 11,    12.31, 6,  drogue,   -0.28,  98888.00,  204.87,  303.95,   -7.70, 16.7, 0.95, 4.10, 4.07
6, 6357, 11,    12.41, 6,  drogue,   -0.28,  98895.00,  204.27,  303.36,   -7.74, 16.7, 0.94, 4.10, 4.07
6, 6357, 11,    12.51, 6,  drogue,   -0.24,  98911.00,  202.91,  302.00,   -7.78, 16.7, 0.93, 4.11, 4.07
6, 6357, 11,    12.61, 6,  drogue,   -0.17,  98926.00,  201.64,  300.73,   -7.80, 16.7, 0.91, 4.10, 4.08
6, 6357, 11,    12.71, 6,  drogue,   -0.12,  98927.00,  201.56,  300.64,   -7.82, 16.7, 0.91, 4.10, 4.07
6, 6357, 11,    12.81, 6,  drogue,   -0.08,  98936.00,  200.79,  299.88,   -7.82, 16.7, 0.90, 4.10, 4.07
6, 6357, 11,    12.91, 6,  drogue,   -0.05,  98921.00,  202.06,  301.15,   -7.83, 16.7, 0.89, 4.10, 4.07
6, 6357, 11,    13.01, 6,  drogue,   -0.02,  98964.00,  198.42,  297.50,   -7.83, 16.7, 0.88, 4.11, 4.07
6, 6357, 11,    13.11, 6,  drogue,    0.01,  98992.00,  196.04,  295.13,   -7.84, 16.7, 0.84, 4.09, 4.09
6, 6357, 11,    13.21, 6,  drogue,    0.05,  99004.00,  195.02,  294.11,   -7.84, 16.7, 0.86, 4.10, 4.07
6, 6357, 11,    13.31, 6,  drogue,    0.10,  99004.00,  195.02,  294.11,   -7.83, 16.7, 0.85, 4.10, 4.07
6, 6357, 11,    13.41, 6,  drogue,    0.16,  99001.00,  195.28,  294.36,   -7.83, 16.7, 0.84, 4.10, 4.08
6, 6357, 11,    13.51, 6,  drogue,    0.22,  98999.00,  195.45,  294.53,   -7.81, 16.7, 0.85, 4.10, 4.07
6, 6357, 11,    13.61, 6,  drogue,    0.27,  98995.00,  195.79,  294.87,   -7.79, 16.7, 0.84, 4.10, 4.07
6, 6357, 11,    13.71, 6,  drogue,    0.31,  99000.00,  195.36,  294.45,   -7.76, 16.7, 0.84, 4.11, 4.07
6, 6357, 11,    13.81, 6,  drogue,    0.33,  99018.00,  193.83,  292.92,   -7.72, 16.7, 0.83, 4.10, 4.07
6, 6357, 11,    13.91, 6,  drogue,    0.34,  99048.00,  191.29,  290.38,   -7.68, 16.7, 0.83, 4.11, 4.07
6, 6357, 11,    14.01, 6,  drogue,    0.33,  99070.00,  189.43,  288.51,   -7.65, 16.7, 0.82, 4.11, 4.07
6, 6357, 11,    14.11, 6,  drogue,    0.31,  99086.00,  188.07,  287.15,   -7.62, 16.7, 0.82, 4.10, 4.07
6, 6357, 11,    14.21, 6,  drogue,    0.28,  99080.00,  188.58,  287.66,   -7.59, 16.7, 0.78, 4.09, 4.08
6, 6357, 11,    14.31, 6,  drogue,    0.24,  99074.00,  189.09,  288.17,   -7.55, 16.7, 0.81, 4.10, 4.07
6, 6357, 11,    14.41, 6,  drogue,    0.20,  99078.00,  188.75,  287.83,   -7.52, 16.7, 0.80, 4.10, 4.07
6, 6357, 11,    14.51, 6,  drogue,    0.15,  99076.00,  188.92,  288.00,   -7.51, 16.7, 0.80, 4.10, 4.07
6, 6357, 11,    14.61, 6,  drogue,    0.11,  99098.00,  187.05,  286.14,   -7.50, 16.7, 0.80, 4.11, 4.07
6, 6357, 11,    14.71, 6,  drogue,    0.07,  99097.00,  187.14,  286.22,   -7.49, 16.7, 0.79, 4.11, 4.07
6, 6357, 11,    14.81, 6,  drogue,    0.04,  99108.00,  186.20,  285.29,   -7.48, 16.7, 0.78, 4.11, 4.07
6, 6357, 11,    14.91, 6,  drogue,    0.02,  99130.00,  184.34,  283.43,   -7.47, 16.7, 0.78, 4.10, 4.07
6, 6357, 11,    15.01, 6,  drogue,    0.00,  99149.00,  182.73,  281.82,   -7.47, 16.7, 0.77, 4.11, 4.07
6, 6357, 11,    15.11, 6,  drogue,    0.00,  99171.00,  180.87,  279.95,   -7.48, 16.7, 0.77, 4.10, 4.07
6, 6357, 11,    15.21, 6,  drogue,    0.02,  99173.00,  180.70,  279.78,   -7.49, 16.7, 0.76, 4.10, 4.08
6, 6357, 11,    15.31, 6,  drogue,    0.04,  99186.00,  179.60,  278.68,   -7.48, 16.7, 0.72, 4.09, 4.09
6, 6357, 11,    15.41, 6,  drogue,    0.05,  99193.00,  179.00,  278.09,   -7.47, 16.7, 0.76, 4.10, 4.07
6, 6357, 11,    15.51, 6,  drogue,    0.03,  99191.00,  179.17,  278.26,   -7.46, 16.7, 0.75, 4.11, 4.08
6, 6357, 11,    15.61, 6,  drogue,   -0.01,  99200.00,  178.41,  277.50,   -7.46, 16.7, 0.75, 4.11, 4.07
6, 6357, 11,    15.71, 6,  drogue,   -0.07,  99189.00,  179.34,  278.43,   -7.45, 16.7, 0.75, 4.10, 4.07
6, 6357, 11,    15.81, 6,  drogue,   -0.16,  99179.00,  180.19,  279.27,   -7.45, 16.7, 0.74, 4.10, 4.08
6, 6357, 11,    15.91, 6,  drogue,   -0.25,  99181.00,  180.02,  279.11,   -7.47, 16.7, 0.74, 4.10, 4.07
6, 6357, 11,    16.01, 6,  drogue,   -0.35,  99207.00,  177.82,  276.90,   -7.49, 16.7, 0.73, 4.10, 4.08
6, 6357, 11,    16.11, 6,  drogue,   -0.45,  99226.00,  176.21,  275.29,   -7.53, 16.7, 0.72, 4.10, 4.07
6, 6357, 11,    16.21, 6,  drogue,   -0.56,  99240.00,  175.02,  274.11,   -7.58, 16.7, 0.72, 4.11, 4.07
6, 6357, 11,    16.31, 6,  drogue,   -0.69,  99260.00,  173.33,  272.42,   -7.63, 16.7, 0.72, 4.10, 4.07
6, 6357, 11,    16.41, 6,  drogue,   -0.82,  99278.00,  171.81,  270.89,   -7.69, 16.7, 0.69, 4.10, 4.09
6, 6357, 11,    16.51, 6,  drogue,   -0.95,  99291.00,  170.71,  269.79,   -7.77, 16.7, 0.72, 4.10, 4.07
6, 6357, 11,    16.61, 6,  drogue,   -1.05,  99305.00,  169.52,  268.61,   -7.87, 16.7, 0.71, 4.11, 4.07
6, 6357, 11,    16.71, 6,  drogue,   -1.10,  99310.00,  169.10,  268.19,   -7.99, 16.7, 0.71, 4.10, 4.07
6, 6357, 11,    16.81, 6,  drogue,   -1.10,  99317.00,  168.51,  267.59,   -8.11, 16.7, 0.70, 4.10, 4.07
6, 6357, 11,    16.91, 6,  drogue,   -1.03,  99305.00,  169.52,  268.61,   -8.23, 16.7, 0.70, 4.10, 4.07
6, 6357, 11,    17.01, 6,  drogue,   -0.91,  99303.00,  169.69,  268.78,   -8.34, 16.7, 0.69, 4.10, 4.07
6, 6357, 11,    17.11, 6,  drogue,   -0.74,  99318.00,  168.42,  267.51,   -8.44, 16.7, 0.69, 4.11, 4.07
6, 6357, 11,    17.21, 6,  drogue,   -0.53,  99328.00,  167.58,  266.66,   -8.52, 16.7, 0.69, 4.11, 4.07
6, 6357, 11,    17.31, 6,  drogue,   -0.29,  99323.00,  168.00,  267.09,   -8.58, 16.7, 0.69, 4.10, 4.07
6, 6357, 11,    17.41, 6,  drogue,   -0.01,  99338.00,  166.73,  265.82,   -8.61, 16.7, 0.68, 4.10, 4.08
6, 6357, 11,    17.51, 6,  drogue,    0.28,  99361.00,  164.79,  263.87,   -8.62, 16.7, 0.64, 4.09, 4.08
6, 6357, 11,    17.61, 6,  drogue,    0.55,  99371.00,  163.94,  263.03,   -8.60, 16.7, 0.67, 4.10, 4.07
6, 6357, 11,    17.71, 6,  drogue,    0.78,  99380.00,  163.18,  262.26,   -8.53, 16.7, 0.67, 4.10, 4.07
6, 6357, 11,    17.81, 6,  drogue,    0.95,  99377.00,  163.43,  262.52,   -8.43, 16.7, 0.67, 4.10, 4.08
6, 6357, 11,    17.91, 6,  drogue,    1.04,  99403.00,  161.23,  260.32,   -8.32, 16.7, 0.67, 4.10, 4.07
6, 6357, 11,    18.01, 6,  drogue,    1.08,  99424.00,  159.46,  258.54,   -8.21, 16.7, 0.66, 4.10, 4.08
6, 6357, 11,    18.11, 6,  drogue,    1.07,  99450.00,  157.26,  256.35,   -8.10, 16.7, 0.66, 4.10, 4.07
6, 6357, 11,    18.21, 6,  drogue,    1.04,  99469.00,  155.66,  254.74,   -7.99, 16.7, 0.66, 4.10, 4.07
6, 6357, 11,    18.31, 6,  drogue,    0.99,  99483.00,  154.47,  253.56,   -7.88, 16.7, 0.65, 4.10, 4.08
6, 6357, 11,    18.41, 6,  drogue,    0.94,  99490.00,  153.88,  252.97,   -7.78, 16.7, 0.65, 4.10, 4.07
6, 6357, 11,    18.51, 6,  drogue,    0.88,  99504.00,  152.70,  251.78,   -7.68, 16.7, 0.65, 4.10, 4.07
6, 6357, 11,    18.61, 6,  drogue,    0.83,  99504.00,  152.70,  251.78,   -7.60, 16.7, 0.61, 4.10, 4.08
6, 6357, 11,    18.71, 6,  drogue,    0.79,  99511.00,  152.11,  251.19,   -7.52, 16.7, 0.64, 4.10, 4.07
6, 6357, 11,    18.81, 6,  drogue,    0.73,  99503.00,  152.78,  251.87,   -7.44, 16.7, 0.64, 4.10, 4.08
6, 6357, 11,    18.91, 6,  drogue,    0.66,  99499.00,  153.12,  252.21,   -7.36, 16.7, 0.64, 4.10, 4.07
6, 6357, 11,    19.01, 6,  drogue,    0.57,  99485.00,  154.30,  253.39,   -7.29, 16.7, 0.63, 4.11, 4.07
6, 6357, 11,    19.11, 6,  drogue,    0.47,  99480.00,  154.73,  253.81,   -7.23, 16.7, 0.63, 4.10, 4.08
6, 6357, 11,    19.21, 6,  drogue,    0.39,  99508.00,  152.36,  251.45,   -7.19, 16.7, 0.63, 4.10, 4.07
6, 6357, 11,    19.31, 6,  drogue,    0.33,  99508.00,  152.36,  251.45,   -7.15, 16.7, 0.63, 4.11, 4.08
6, 6357, 11,    19.41, 6,  drogue,    0.31,  99539.00,  149.74,  248.83,   -7.13, 16.7, 0.63, 4.10, 4.07
6, 6357, 11,    19.51, 6,  drogue,    0.32,  99547.00,  149.07,  248.15,   -7.11, 16.7, 0.63, 4.10, 4.08
6, 6357, 11,    19.61, 6,  drogue,    0.34,  99557.00,  148.22,  247.31,   -7.08, 16.7, 0.62, 4.10, 4.08
6, 6357, 11,    19.71, 6,  drogue,    0.36,  99538.00,  149.83,  248.91,   -7.04, 16.7, 0.59, 4.10, 4.08
6, 6357, 11,    19.81, 6,  drogue,    0.36,  99573.00,  146.87,  245.96,   -7.00, 16.7, 0.62, 4.10, 4.07
6, 6357, 11,    19.91, 6,  drogue,    0.36,  99590.00,  145.44,  244.52,   -6.94, 16.7, 0.62, 4.10, 4.07
6, 6357, 11,    20.01, 6,  drogue,    0.38,  99620.00,  142.90,  241.99,   -6.94, 16.7, 0.61, 4.10, 4.08
6, 6357, 11,    20.11, 6,  drogue,    0.41,  99640.00,  141.22,  240.30,   -6.89, 16.7, 0.61, 4.11, 4.07
6, 6357, 11,    20.21, 6,  drogue,    0.45,  99652.00,  140.20,  239.29,   -6.87, 16.7, 0.61, 4.10, 4.08
6, 6357, 11,    20.31, 6,  drogue,    0.47,  99660.00,  139.53,  238.61,   -6.80, 16.7, 0.61, 4.10, 4.07
6, 6357, 11,    20.41, 6,  drogue,    0.47,  99665.00,  139.11,  238.19,   -6.75, 16.7, 0.61, 4.11, 4.07
6, 6357, 11,    20.51, 6,  drogue,    0.41,  99658.00,  139.70,  238.78,   -6.71, 16.7, 0.60, 4.10, 4.07
6, 6357, 11,    20.61, 6,  drogue,    0.31,  99662.00,  139.36,  238.45,   -6.65, 16.7, 0.60, 4.10, 4.07
6, 6357, 11,    20.71, 6,  drogue,    0.17,  99646.00,  140.71,  239.80,   -6.61, 16.7, 0.60, 4.10, 4.08
6, 6357, 11,    20.81, 6,  drogue,   -0.01,  99631.00,  141.98,  241.06,   -6.59, 16.7, 0.56, 4.09, 4.08
6, 6357, 11,    20.91, 6,  drogue,   -0.21,  99637.00,  141.47,  240.56,   -6.59, 16.7, 0.59, 4.10, 4.07
6, 6357, 11,    21.01, 6,  drogue,   -0.41,  99631.00,  141.98,  241.06,   -6.61, 16.7, 0.59, 4.10, 4.07
6, 6357, 11,    21.11, 6,  drogue,   -0.60,  99658.00,  139.70,  238.78,   -6.64, 16.7, 0.58, 4.10, 4.07
6, 6357, 11,    21.21, 6,  drogue,   -0.76,  99671.00,  138.60,  237.69,   -6.72, 16.7, 0.58, 4.11, 4.07
6, 6357, 11,    21.31, 6,  drogue,   -0.87,  99689.00,  137.08,  236.17,   -6.80, 16.7, 0.58, 4.10, 4.07
6, 6357, 11,    21.41, 6,  drogue,   -0.93,  99711.00,  135.23,  234.31,   -6.90, 16.7, 0.58, 4.11, 4.07
6, 6357, 11,    21.51, 6,  drogue,   -0.94,  99718.00,  134.64,  233.72,   -7.00, 16.7, 0.58, 4.10, 4.07
6, 6357, 11,    21.61, 6,  drogue,   -0.92,  99729.00,  133.71,  232.80,   -7.11, 16.7, 0.57, 4.10, 4.07
6, 6357, 11,    21.71, 6,  drogue,   -0.88,  99724.00,  134.13,  233.22,   -7.19, 16.7, 0.57, 4.10, 4.07
6, 6357, 11,    21.81, 6,  drogue,   -0.81,  99751.00,  131.86,  230.94,   -7.28, 16.7, 0.56, 4.10, 4.08
6, 6357, 11,    21.91, 6,  drogue,   -0.73,  99735.00,  133.20,  232.29,   -7.37, 16.7, 0.53, 4.10, 4.09
6, 6357, 11,    22.01, 6,  drogue,   -0.62,  99849.00,  123.60,  222.68,   -7.45, 16.7, 0.54, 0.00, 4.07
6, 6357, 11,    22.02, 7,    main,   -0.62,  99849.00,  123.60,  222.68,   -7.45, 16.7, 0.54, 0.00, 4.07
6, 6357, 11,    22.11, 7,    main,   -0.48,  99757.00,  131.35,  230.43,   -7.52, 16.7, 0.55, 3.91, 4.09
6, 6357, 11,    22.21, 7,    main,   -0.33,  99812.00,  126.71,  225.80,   -7.56, 16.7, 0.55, 3.78, 4.08
6, 6357, 11,    22.31, 7,    main,   -0.17,  99731.00,  133.54,  232.63,   -7.60, 16.7, 0.53, 3.41, 4.07
6, 6357, 11,    22.41, 7,    main,   -0.03,  99790.00,  128.57,  227.65,   -7.62, 16.7, 0.53, 3.27, 4.08
6, 6357, 11,    22.51, 7,    main,    0.10,  99795.00,  128.15,  227.23,   -7.61, 16.7, 0.54, 3.19, 4.07
6, 6357, 11,    22.61, 7,    main,    0.21,  99774.00,  129.92,  229.00,   -7.60, 16.7, 0.53, 2.85, 4.07
6, 6357, 11,    22.71, 7,    main,    0.28,  99812.00,  126.71,  225.80,   -7.58, 16.7, 0.53, 2.77, 4.07
6, 6357, 11,    22.81, 7,    main,    0.32,  99831.00,  125.11,  224.20,   -7.54, 16.7, 0.53, 2.71, 4.07
6, 6357, 11,    22.91, 7,    main,    0.33,  99855.00,  123.09,  222.18,   -7.50, 16.7, 0.53, 2.69, 4.07
6, 6357, 11,    23.01, 7,    main,    0.32,  99868.00,  122.00,  221.08,   -7.46, 16.7, 0.52, 2.58, 4.09
6, 6357, 11,    23.11, 7,    main,    0.31,  99854.00,  123.18,  222.26,   -7.43, 16.7, 0.53, 2.52, 4.08
6, 6357, 11,    23.21, 7,    main,    0.30,  99886.00,  120.48,  219.57,   -7.40, 16.7, 0.53, 2.47, 4.07
6, 6357, 11,    23.31, 7,    main,    0.32,  99867.00,  122.08,  221.17,   -7.38, 16.7, 0.53, 2.46, 4.07
6, 6357, 11,    23.41, 7,    main,    0.36,  99884.00,  120.65,  219.73,   -7.35, 16.7, 0.53, 2.41, 4.08
6, 6357, 11,    23.51, 7,    main,    0.39,  99884.00,  120.65,  219.73,   -7.31, 16.7, 0.52, 2.32, 4.08
6, 6357, 11,    23.61, 7,    main,    0.42,  99908.00,  118.63,  217.71,   -7.27, 16.7, 0.52, 2.31, 4.08
6, 6357, 11,    23.71, 7,    main,    0.43,  99907.00,  118.71,  217.80,   -7.22, 16.7, 0.52, 2.30, 4.07
6, 6357, 11,    23.81, 7,    main,    0.43,  99919.00,  117.70,  216.79,   -7.18, 16.7, 0.52, 2.22, 4.08
6, 6357, 11,    23.91, 7,    main,    0.45,  99926.00,  117.11,  216.20,   -7.12, 16.7, 0.52, 2.24, 4.07
6, 6357, 11,    24.01, 7,    main,    0.48,  99943.00,  115.68,  214.77,   -7.12, 16.7, 0.51, 2.24, 4.08
6, 6357, 11,    24.11, 7,    main,    0.51,  99954.00,  114.76,  213.84,   -7.05, 16.7, 0.48, 2.23, 4.08
6, 6357, 11,    24.21, 7,    main,    0.55,  99956.00,  114.59,  213.67,   -7.01, 16.7, 0.50, 2.21, 4.07
6, 6357, 11,    24.31, 7,    main,    0.57,  99972.00,  113.24,  212.33,   -6.93, 16.7, 0.51, 2.18, 4.08
6, 6357, 11,    24.41, 7,    main,    0.57,  99972.00,  113.24,  212.33,   -6.88, 16.7, 0.50, 2.17, 4.07
6, 6357, 11,    24.51, 7,    main,    0.55,  99971.00,  113.32,  212.41,   -6.83, 16.7, 0.51, 2.15, 4.07
6, 6357, 11,    24.61, 7,    main,    0.55,  99987.00,  111.98,  211.06,   -6.76, 16.7, 0.50, 2.12, 4.07
6, 6357, 11,    24.71, 7,    main,    0.55,  99995.00,  111.31,  210.39,   -6.71, 16.7, 0.50, 2.13, 4.07
6, 6357, 11,    24.81, 7,    main,    0.58,  99996.00,  111.22,  210.31,   -6.66, 16.7, 0.50, 2.10, 4.07
6, 6357, 11,    24.91, 7,    main,    0.63,  99988.00,  111.89,  210.98,   -6.62, 16.7, 0.50, 2.09, 4.07
6, 6357, 11,    25.01, 7,    main,    0.70, 100008.00,  110.21,  209.30,   -6.55, 16.7, 0.50, 2.09, 4.07
6, 6357, 11,    25.11, 7,    main,    0.77, 100029.00,  108.44,  207.53,   -6.48, 16.7, 0.49, 2.09, 4.07
6, 6357, 11,    25.21, 7,    main,    0.84, 100038.00,  107.69,  206.77,   -6.41, 16.7, 0.46, 2.03, 4.08
6, 6357, 11,    25.31, 7,    main,    0.88, 100043.00,  107.27,  206.35,   -6.31, 16.7, 0.49, 2.02, 4.08
6, 6357, 11,    25.41, 7,    main,    0.90, 100051.00,  106.59,  205.68,   -6.22, 16.7, 0.49, 1.99, 4.08
6, 6357, 11,    25.51, 7,    main,    0.90, 100059.00,  105.92,  205.01,   -6.13, 16.7, 0.49, 1.98, 4.08
6, 6357, 11,    25.61, 7,    main,    0.88, 100073.00,  104.74,  203.83,   -6.04, 16.7, 0.49, 1.93, 4.07
6, 6357, 11,    25.71, 7,    main,    0.85, 100079.00,  104.24,  203.33,   -5.95, 16.7, 0.49, 1.90, 4.07
6, 6357, 11,    25.81, 7,    main,    0.81, 100083.00,  103.90,  202.99,   -5.86, 16.7, 0.49, 1.79, 4.07
6, 6357, 11,    25.91, 7,    main,    0.76, 100097.00,  102.73,  201.81,   -5.78, 16.7, 0.49, 1.77, 4.07
6, 6357, 11,    26.01, 7,    main,    0.70, 100104.00,  102.14,  201.22,   -5.70, 16.7, 0.48, 1.76, 4.07
6, 6357, 11,    26.11, 7,    main,    0.62, 100107.00,  101.89,  200.97,   -5.63, 16.7, 0.48, 1.76, 4.07
6, 6357, 11,    26.21, 7,    main,    0.54, 100109.00,  101.72,  200.80,   -5.56, 16.7, 0.48, 1.74, 4.07
6, 6357, 11,    26.31, 7,    main,    0.45, 100107.00,  101.89,  200.97,   -5.51, 16.7, 0.44, 1.75, 4.08
6, 6357, 11,    26.41, 7,    main,    0.36, 100113.00,  101.38,  200.47,   -5.47, 16.7, 0.48, 1.73, 4.07
6, 6357, 11,    26.51, 7,    main,    0.28, 100110.00,  101.63,  200.72,   -5.43, 16.8, 0.47, 1.73, 4.07
6, 6357, 11,    26.61, 7,    main,    0.20, 100116.00,  101.13,  200.21,   -5.40, 16.7, 0.47, 1.72, 4.07
6, 6357, 11,    26.71, 7,    main,    0.12, 100131.00,   99.87,  198.95,   -5.38, 16.7, 0.47, 1.71, 4.07
6, 6357, 11,    26.81, 7,    main,    0.05, 100139.00,   99.20,  198.28,   -5.37, 16.7, 0.47, 1.70, 4.07
6, 6357, 11,    26.91, 7,    main,   -0.02, 100151.00,   98.19,  197.27,   -5.36, 16.7, 0.47, 1.69, 4.08
6, 6357, 11,    27.01, 7,    main,   -0.08, 100146.00,   98.61,  197.69,   -5.37, 16.7, 0.47, 1.69, 4.07
6, 6357, 11,    27.11, 7,    main,   -0.12, 100169.00,   96.68,  195.76,   -5.38, 16.7, 0.47, 1.68, 4.08
6, 6357, 11,    27.21, 7,    main,   -0.14, 100171.00,   96.51,  195.59,   -5.40, 16.7, 0.47, 1.67, 4.07
6, 6357, 11,    27.31, 7,    main,   -0.13, 100181.00,   95.67,  194.75,   -5.42, 16.7, 0.47, 1.67, 4.07
6, 6357, 11,    27.41, 7,    main,   -0.11, 100181.00,   95.67,  194.75,   -5.43, 16.7, 0.43, 1.67, 4.08
6, 6357, 11,    27.51, 7,    main,   -0.08, 100190.00,   94.91,  194.00,   -5.44, 16.7, 0.46, 1.67, 4.07
6, 6357, 11,    27.61, 7,    main,   -0.04, 100195.00,   94.49,  193.58,   -5.45, 16.8, 0.46, 1.67, 4.07
6, 6357, 11,    27.71, 7,    main,   -0.00, 100205.00,   93.65,  192.74,   -5.46, 16.7, 0.46, 1.66, 4.07
6, 6357, 11,    27.81, 7,    main,    0.04, 100212.00,   93.06,  192.15,   -5.45, 16.8, 0.46, 1.66, 4.07
6, 6357, 11,    27.91, 7,    main,    0.07, 100213.00,   92.98,  192.06,   -5.45, 16.8, 0.46, 1.66, 4.07
6, 6357, 11,    28.01, 7,    main,    0.10, 100219.00,   92.48,  191.56,   -5.44, 16.7, 0.46, 1.65, 4.07
6, 6357, 11,    28.11, 7,    main,    0.12, 100215.00,   92.81,  191.90,   -5.43, 16.8, 0.46, 1.64, 4.07
6, 6357, 11,    28.21, 7,    main,    0.13, 100228.00,   91.72,  190.80,   -5.42, 16.8, 0.46, 1.64, 4.08
6, 6357, 11,    28.31, 7,    main,    0.13, 100241.00,   90.63,  189.71,   -5.40, 16.8, 0.46, 1.64, 4.07
6, 6357, 11,    28.41, 7,    main,    0.12, 100250.00,   89.87,  188.96,   -5.39, 16.8, 0.45, 1.63, 4.07
6, 6357, 11,    28.51, 7,    main,    0.10, 100256.00,   89.37,  188.45,   -5.37, 16.8, 0.42, 1.63, 4.08
6, 6357, 11,    28.61, 7,    main,    0.09, 100258.00,   89.20,  188.29,   -5.36, 16.8, 0.45, 1.62, 4.07
6, 6357, 11,    28.71, 7,    main,    0.07, 100260.00,   89.03,  188.12,   -5.36, 16.8, 0.45, 1.62, 4.07
6, 6357, 11,    28.81, 7,    main,    0.05, 100269.00,   88.28,  187.36,   -5.35, 16.8, 0.45, 1.62, 4.07
6, 6357, 11,    28.91, 7,    main,    0.03, 100278.00,   87.52,  186.61,   -5.34, 16.8, 0.45, 1.62, 4.07
6, 6357, 11,    29.01, 7,    main,    0.02, 100286.00,   86.85,  185.94,   -5.34, 16.8, 0.45, 1.63, 4.07
6, 6357, 11,    29.11, 7,    main,    0.00, 100293.00,   86.26,  185.35,   -5.34, 16.8, 0.45, 1.62, 4.07
6, 6357, 11,    29.21, 7,    main,   -0.02, 100302.00,   85.51,  184.59,   -5.34, 16.8, 0.45, 1.62, 4.07
6, 6357, 11,    29.31, 7,    main,   -0.04, 100310.00,   84.84,  183.92,   -5.34, 16.8, 0.45, 1.62, 4.07
6, 6357, 11,    29.41, 7,    main,   -0.07, 100312.00,   84.67,  183.75,   -5.34, 16.8, 0.45, 1.61, 4.07
6, 6357, 11,    29.51, 7,    main,   -0.10, 100316.00,   84.33,  183.42,   -5.35, 16.8, 0.45, 1.61, 4.07
6, 6357, 11,    29.61, 7,    main,   -0.13, 100319.00,   84.08,  183.17,   -5.36, 16.8, 0.41, 1.61, 4.08
6, 6357, 11,    29.71, 7,    main,   -0.16, 100323.00,   83.74,  182.83,   -5.37, 16.8, 0.44, 1.60, 4.08
6, 6357, 11,    29.81, 7,    main,   -0.19, 100331.00,   83.07,  182.16,   -5.39, 16.8, 0.45, 1.61, 4.07
6, 6357, 11,    29.91, 7,    main,   -0.22, 100336.00,   82.65,  181.74,   -5.41, 16.8, 0.44, 1.59, 4.08
6, 6357, 11,    30.01, 7,    main,   -0.25, 100350.00,   81.48,  180.56,   -5.43, 16.8, 0.44, 1.63, 4.07
6, 6357, 11,    30.11, 7,    main,   -0.27, 100348.00,   81.65,  180.73,   -5.45, 16.8, 0.44, 1.63, 4.07
6, 6357, 11,    30.21, 7,    main,   -0.29, 100365.00,   80.22,  179.31,   -5.48, 16.8, 0.44, 1.61, 4.07
6, 6357, 11,    30.31, 7,    main,   -0.28, 100368.00,   79.97,  179.05,   -5.51, 16.8, 0.44, 1.30, 4.07
6, 6357, 11,    30.41, 7,    main,   -0.27, 100375.00,   79.38,  178.47,   -5.54, 16.8, 0.44, 1.28, 4.07
6, 6357, 11,    30.51, 7,    main,   -0.23, 100385.00,   78.54,  177.63,   -5.57, 16.8, 0.44, 1.22, 4.07
6, 6357, 11,    30.61, 7,    main,   -0.19, 100390.00,   78.12,  177.21,   -5.60, 16.8, 0.44, 1.14, 4.07
6, 6357, 11,    30.71, 7,    main,   -0.14, 100390.00,   78.12,  177.21,   -5.62, 16.8, 0.41, 1.16, 4.08
6, 6357, 11,    30.81, 7,    main,   -0.09, 100390.00,   78.12,  177.21,   -5.63, 16.8, 0.44, 1.20, 4.07
6, 6357, 11,    30.91, 7,    main,   -0.04, 100401.00,   77.20,  176.29,   -5.64, 16.8, 0.44, 1.23, 4.08
6, 6357, 11,    31.01, 7,    main,    0.02, 100416.00,   75.94,  175.03,   -5.65, 16.8, 0.44, 1.25, 4.07
6, 6357, 11,    31.11, 7,    main,    0.07, 100417.00,   75.86,  174.94,   -5.64, 16.8, 0.44, 1.27, 4.07
6, 6357, 11,    31.21, 7,    main,    0.12, 100426.00,   75.10,  174.19,   -5.64, 16.8, 0.44, 1.26, 4.07
6, 6357, 11,    31.31, 7,    main,    0.17, 100442.00,   73.76,  172.85,   -5.62, 16.8, 0.44, 1.26, 4.07
6, 6357, 11,    31.41, 7,    main,    0.20, 100431.00,   74.69,  173.77,   -5.60, 16.8, 0.44, 1.23, 4.08
6, 6357, 11,    31.51, 7,    main,    0.22, 100456.00,   72.59,  171.68,   -5.58, 16.8, 0.43, 1.12, 4.07
6, 6357, 11,    31.61, 7,    main,    0.22, 100464.00,   71.92,  171.00,   -5.56, 16.8, 0.43, 1.14, 4.08
6, 6357, 11,    31.71, 7,    main,    0.21, 100460.00,   72.25,  171.34,   -5.53, 16.8, 0.43, 1.16, 4.07
6, 6357, 11,    31.81, 7,    main,    0.19, 100472.00,   71.25,  170.33,   -5.51, 16.8, 0.40, 1.16, 4.08
6, 6357, 11,    31.91, 7,    main,    0.15, 100479.00,   70.66,  169.75,   -5.49, 16.8, 0.43, 1.13, 4.07
6, 6357, 11,    32.01, 7,    main,    0.11, 100479.00,   70.66,  169.75,   -5.47, 16.8, 0.43, 1.11, 4.08
6, 6357, 11,    32.11, 7,    main,    0.07, 100489.00,   69.82,  168.91,   -5.46, 16.8, 0.43, 1.12, 4.07
6, 6357, 11,    32.21, 7,    main,    0.02, 100496.00,   69.24,  168.32,   -5.45, 16.8, 0.43, 1.13, 4.07
6, 6357, 11,    32.31, 7,    main,   -0.02, 100508.00,   68.23,  167.32,   -5.45, 16.8, 0.43, 1.15, 4.08
6, 6357, 11,    32.41, 7,    main,   -0.05, 100502.00,   68.73,  167.82,   -5.46, 16.8, 0.43, 1.10, 4.07
6, 6357, 11,    32.51, 7,    main,   -0.08, 100510.00,   68.06,  167.15,   -5.46, 16.8, 0.43, 1.11, 4.07
6, 6357, 11,    32.61, 7,    main,   -0.09, 100515.00,   67.65,  166.73,   -5.47, 16.8, 0.42, 1.12, 4.07
6, 6357, 11,    32.71, 7,    main,   -0.11, 100525.00,   66.81,  165.89,   -5.48, 16.8, 0.43, 1.07, 4.07
6, 6357, 11,    32.81, 7,    main,   -0.12, 100533.00,   66.14,  165.22,   -5.49, 16.8, 0.42, 1.09, 4.07
6, 6357, 11,    32.91, 7,    main,   -0.13, 100536.00,   65.89,  164.97,   -5.50, 16.8, 0.39, 1.12, 4.08
6, 6357, 11,    33.01, 7,    main,   -0.13, 100534.00,   66.05,  165.14,   -5.52, 16.8, 0.42, 1.09, 4.07
6, 6357, 11,    33.11, 7,    main,   -0.13, 100551.00,   64.63,  163.71,   -5.53, 16.8, 0.42, 1.15, 4.07
6, 6357, 11,    33.21, 7,    main,   -0.11, 100557.00,   64.13,  163.21,   -5.55, 16.8, 0.42, 1.10, 4.07
6, 6357, 11,    33.31, 7,    main,   -0.10, 100569.00,   63.12,  162.21,   -5.56, 16.8, 0.42, 1.11, 4.07
6, 6357, 11,    33.41, 7,    main,   -0.08, 100571.00,   62.95,  162.04,   -5.56, 16.8, 0.42, 1.12, 4.07
6, 6357, 11,    33.51, 7,    main,   -0.05, 100582.00,   62.03,  161.12,   -5.58, 16.8, 0.42, 1.10, 4.07
6, 6357, 11,    33.61, 7,    main,   -0.03, 100589.00,   61.45,  160.53,   -5.59, 16.8, 0.42, 1.08, 4.07
6, 6357, 11,    33.71, 7,    main,   -0.00, 100598.00,   60.69,  159.78,   -5.59, 16.8, 0.42, 1.09, 4.07
6, 6357, 11,    33.81, 7,    main,    0.02, 100598.00,   60.69,  159.78,   -5.59, 16.8, 0.42, 1.08, 4.07
6, 6357, 11,    33.91, 7,    main,    0.04, 100610.00,   59.69,  158.77,   -5.58, 16.8, 0.42, 1.05, 4.07
6, 6357, 11,    34.01, 7,    main,    0.05, 100610.00,   59.69,  158.77,   -5.58, 16.8, 0.39, 1.07, 4.08
6, 6357, 11,    34.11, 7,    main,    0.07, 100621.00,   58.77,  157.85,   -5.57, 16.8, 0.42, 1.07, 4.07
6, 6357, 11,    34.21, 7,    main,    0.09, 100625.00,   58.43,  157.52,   -5.57, 16.8, 0.42, 1.01, 4.08
6, 6357, 11,    34.31, 7,    main,    0.10, 100634.00,   57.68,  156.77,   -5.56, 16.8, 0.42, 1.06, 4.07
6, 6357, 11,    34.41, 7,    main,    0.12, 100644.00,   56.84,  155.93,   -5.55, 16.8, 0.41, 1.08, 4.07
6, 6357, 11,    34.51, 7,    main,    0.13, 100648.00,   56.51,  155.59,   -5.54, 16.8, 0.42, 1.08, 4.07
6, 6357, 11,    34.61, 7,    main,    0.15, 100646.00,   56.68,  155.76,   -5.52, 16.8, 0.41, 1.10, 4.07
6, 6357, 11,    34.71, 7,    main,    0.17, 100657.00,   55.75,  154.84,   -5.51, 16.8, 0.41, 1.08, 4.07
6, 6357, 11,    34.81, 7,    main,    0.20, 100664.00,   55.17,  154.25,   -5.50, 16.8, 0.41, 1.06, 4.07
6, 6357, 11,    34.91, 7,    main,    0.24, 100661.00,   55.42,  154.51,   -5.48, 16.8, 0.41, 1.03, 4.08
6, 6357, 11,    35.01, 7,    main,    0.28, 100678.00,   54.00,  153.08,   -5.45, 16.8, 0.41, 1.04, 4.07
6, 6357, 11,    35.11, 7,    main,    0.32, 100687.00,   53.24,  152.33,   -5.42, 16.8, 0.38, 1.03, 4.08
6, 6357, 11,    35.21, 7,    main,    0.37, 100690.00,   52.99,  152.08,   -5.39, 16.8, 0.41, 1.02, 4.07
6, 6357, 11,    35.31, 7,    main,    0.41, 100702.00,   51.99,  151.07,   -5.35, 16.8, 0.41, 1.00, 4.07
6, 6357, 11,    35.41, 7,    main,    0.44, 100703.00,   51.91,  150.99,   -5.31, 16.8, 0.41, 1.02, 4.07
6, 6357, 11,    35.51, 7,    main,    0.47, 100717.00,   50.73,  149.82,   -5.27, 16.8, 0.41, 1.02, 4.07
6, 6357, 11,    35.61, 7,    main,    0.50, 100728.00,   49.81,  148.90,   -5.22, 16.8, 0.41, 1.02, 4.07
6, 6357, 11,    35.71, 7,    main,    0.51, 100726.00,   49.98,  149.07,   -5.17, 16.8, 0.41, 1.02, 4.07
6, 6357, 11,    35.81, 7,    main,    0.51, 100733.00,   49.40,  148.48,   -5.11, 16.8, 0.41, 1.00, 4.07
6, 6357, 11,    35.91, 7,    main,    0.49, 100738.00,   48.98,  148.06,   -5.06, 16.8, 0.41, 0.96, 4.07
6, 6357, 11,    36.01, 7,    main,    0.45, 100745.00,   48.39,  147.48,   -5.01, 16.8, 0.41, 0.97, 4.07
6, 6357, 11,    36.11, 7,    main,    0.39, 100754.00,   47.64,  146.73,   -4.96, 16.8, 0.41, 0.96, 4.08
6, 6357, 11,    36.21, 7,    main,    0.32, 100752.00,   47.81,  146.89,   -4.92, 16.8, 0.37, 1.03, 4.08
6, 6357, 11,    36.31, 7,    main,    0.24, 100758.00,   47.31,  146.39,   -4.88, 16.8, 0.41, 1.05, 4.07
6, 6357, 11,    36.41, 7,    main,    0.15, 100761.00,   47.05,  146.14,   -4.86, 16.8, 0.41, 1.05, 4.07
6, 6357, 11,    36.51, 7,    main,    0.05, 100778.00,   45.63,  144.72,   -4.85, 16.8, 0.41, 1.06, 4.07
6, 6357, 11,    36.61, 7,    main,   -0.04, 100772.00,   46.13,  145.22,   -4.84, 16.8, 0.41, 1.08, 4.07
6, 6357, 11,    36.71, 7,    main,   -0.13, 100787.00,   44.88,  143.97,   -4.84, 16.8, 0.40, 1.07, 4.07
6, 6357, 11,    36.81, 7,    main,   -0.21, 100788.00,   44.80,  143.88,   -4.86, 16.8, 0.41, 1.03, 4.07
6, 6357, 11,    36.91, 7,    main,   -0.29, 100795.00,   44.21,  143.30,   -4.88, 16.8, 0.40, 1.01, 4.07
6, 6357, 11,    37.01, 7,    main,   -0.36, 100796.00,   44.13,  143.21,   -4.91, 16.8, 0.40, 0.94, 4.07
6, 6357, 11,    37.11, 7,    main,   -0.41, 100806.00,   43.29,  142.38,   -4.95, 16.8, 0.41, 0.94, 4.07
6, 6357, 11,    37.21, 7,    main,   -0.45, 100809.00,   43.04,  142.13,   -4.99, 16.8, 0.40, 0.93, 4.07
6, 6357, 11,    37.31, 7,    main,   -0.49, 100808.00,   43.13,  142.21,   -5.04, 16.8, 0.37, 0.93, 4.07
6, 6357, 11,    37.41, 7,    main,   -0.51, 100821.00,   42.04,  141.12,   -5.09, 16.8, 0.40, 0.92, 4.07
6, 6357, 11,    37.51, 7,    main,   -0.52, 100831.00,   41.20,  140.29,   -5.14, 16.8, 0.40, 0.91, 4.07
6, 6357, 11,    37.61, 7,    main,   -0.52, 100835.00,   40.87,  139.95,   -5.20, 16.8, 0.40, 0.90, 4.07
6, 6357, 11,    37.71, 7,    main,   -0.52, 100843.00,   40.20,  139.29,   -5.25, 16.8, 0.40, 0.90, 4.07
6, 6357, 11,    37.81, 7,    main,   -0.51, 100842.00,   40.28,  139.37,   -5.30, 16.8, 0.40, 0.89, 4.07
6, 6357, 11,    37.91, 7,    main,   -0.50, 100854.00,   39.28,  138.37,   -5.35, 16.8, 0.40, 0.87, 4.07
6, 6357, 11,    38.01, 7,    main,   -0.49, 100857.00,   39.03,  138.12,   -5.40, 16.8, 0.40, 0.87, 4.07
6, 6357, 11,    38.11, 7,    main,   -0.47, 100867.00,   38.19,  137.28,   -5.46, 16.8, 0.40, 0.87, 4.07
6, 6357, 11,    38.21, 7,    main,   -0.46, 100867.00,   38.19,  137.28,   -5.50, 16.8, 0.40, 0.87, 4.07
6, 6357, 11,    38.31, 7,    main,   -0.44, 100888.00,   36.44,  135.53,   -5.54, 16.8, 0.40, 0.86, 4.07
6, 6357, 11,    38.41, 7,    main,   -0.43, 100889.00,   36.36,  135.44,   -5.59, 16.8, 0.37, 0.86, 4.08
6, 6357, 11,    38.51, 7,    main,   -0.41, 100898.00,   35.61,  134.69,   -5.63, 16.8, 0.40, 0.85, 4.07
6, 6357, 11,    38.61, 7,    main,   -0.40, 100901.00,   35.35,  134.44,   -5.68, 16.8, 0.40, 0.84, 4.07
6, 6357, 11,    38.71, 7,    main,   -0.38, 100911.00,   34.52,  133.60,   -5.71, 16.8, 0.40, 0.85, 4.08
6, 6357, 11,    38.81, 7,    main,   -0.37, 100916.00,   34.10,  133.19,   -5.75, 16.8, 0.40, 0.85, 4.07
6, 6357, 11,    38.91, 7,    main,   -0.36, 100913.00,   34.35,  133.44,   -5.79, 16.8, 0.40, 0.85, 4.07
6, 6357, 11,    39.01, 7,    main,   -0.36, 100928.00,   33.10,  132.18,   -5.83, 16.8, 0.39, 0.83, 4.07
6, 6357, 11,    39.11, 7,    main,   -0.35, 100928.00,   33.10,  132.18,   -5.86, 16.8, 0.40, 0.82, 4.07
6, 6357, 11,    39.21, 7,    main,   -0.35, 100937.00,   32.35,  131.43,   -5.90, 16.8, 0.39, 0.83, 4.08
6, 6357, 11,    39.31, 7,    main,   -0.35, 100944.00,   31.76,  130.85,   -5.93, 16.8, 0.39, 0.83, 4.07
6, 6357, 11,    39.41, 7,    main,   -0.34, 100954.00,   30.93,  130.01,   -5.96, 16.8, 0.39, 0.84, 4.07
6, 6357, 11,    39.51, 7,    main,   -0.32, 100960.00,   30.43,  129.51,   -6.00, 16.8, 0.36, 0.89, 4.08
6, 6357, 11,    39.61, 7,    main,   -0.29, 100979.00,   28.84,  127.93,   -6.04, 16.8, 0.39, 0.83, 4.07
6, 6357, 11,    39.71, 7,    main,   -0.26, 100979.00,   28.84,  127.93,   -6.07, 16.8, 0.39, 0.81, 4.07
6, 6357, 11,    39.81, 7,    main,   -0.23, 100984.00,   28.42,  127.51,   -6.09, 16.8, 0.39, 0.83, 4.07
6, 6357, 11,    39.91, 7,    main,   -0.19, 100994.00,   27.59,  126.67,   -6.11, 16.8, 0.39, 0.83, 4.07
6, 6357, 11,    40.01, 7,    main,   -0.14, 101001.00,   27.01,  126.09,   -6.13, 16.8, 0.39, 0.82, 4.07
6, 6357, 11,    40.11, 7,    main,   -0.10, 101018.00,   25.59,  124.67,   -6.15, 16.8, 0.39, 0.81, 4.07
6, 6357, 11,    40.21, 7,    main,   -0.04, 101008.00,   26.42,  125.51,   -6.16, 16.8, 0.39, 0.80, 4.07
6, 6357, 11,    40.31, 7,    main,    0.02, 101021.00,   25.34,  124.42,   -6.16, 16.8, 0.39, 0.79, 4.07
6, 6357, 11,    40.41, 7,    main,    0.08, 101028.00,   24.75,  123.84,   -6.16, 16.8, 0.39, 0.78, 4.07
6, 6357, 11,    40.51, 7,    main,    0.15, 101034.00,   24.25,  123.34,   -6.16, 16.8, 0.39, 0.81, 4.07
6, 6357, 11,    40.61, 7,    main,    0.22, 101048.00,   23.08,  122.17,   -6.14, 16.8, 0.36, 0.81, 4.08
6, 6357, 11,    40.71, 7,    main,    0.29, 101040.00,   23.75,  122.84,   -6.12, 16.8, 0.39, 0.77, 4.07
6, 6357, 11,    40.81, 7,    main,    0.35, 101057.00,   22.33,  121.42,   -6.09, 16.8, 0.39, 0.77, 4.07
6, 6357, 11,    40.91, 7,    main,    0.40, 101066.00,   21.58,  120.67,   -6.05, 16.8, 0.39, 0.78, 4.07
6, 6357, 11,    41.01, 7,    main,    0.43, 101082.00,   20.25,  119.33,   -6.01, 16.8, 0.39, 0.78, 4.08
6, 6357, 11,    41.11, 7,    main,    0.46, 101080.00,   20.41,  119.50,   -5.97, 16.8, 0.39, 0.78, 4.07
6, 6357, 11,    41.21, 7,    main,    0.47, 101092.00,   19.41,  118.50,   -5.92, 16.8, 0.39, 0.78, 4.07
6, 6357, 11,    41.31, 7,    main,    0.47, 101101.00,   18.66,  117.75,   -5.87, 16.8, 0.39, 0.78, 4.07
6, 6357, 11,    41.41, 7,    main,    0.45, 101103.00,   18.50,  117.58,   -5.82, 16.8, 0.39, 0.78, 4.07
6, 6357, 11,    41.51, 7,    main,    0.43, 101120.00,   17.08,  116.16,   -5.77, 16.8, 0.39, 0.79, 4.07
6, 6357, 11,    41.61, 7,    main,    0.40, 101121.00,   17.00,  116.08,   -5.73, 16.8, 0.39, 0.79, 4.07
6, 6357, 11,    41.71, 7,    main,    0.37, 101124.00,   16.75,  115.83,   -5.69, 16.8, 0.36, 0.81, 4.08
6, 6357, 11,    41.81, 7,    main,    0.33, 101124.00,   16.75,  115.83,   -5.65, 16.8, 0.39, 0.80, 4.07
6, 6357, 11,    41.91, 7,    main,    0.29, 101141.00,   15.33,  114.41,   -5.62, 16.8, 0.39, 0.79, 4.07
6, 6357, 11,    42.01, 7,    main,    0.25, 101148.00,   14.74,  113.83,   -5.59, 16.8, 0.38, 0.80, 4.07
6, 6357, 11,    42.11, 7,    main,    0.19, 101153.00,   14.33,  113.41,   -5.56, 16.8, 0.39, 0.80, 4.07
6, 6357, 11,    42.21, 7,    main,    0.14, 101151.00,   14.49,  113.58,   -5.54, 16.8, 0.38, 0.79, 4.07
6, 6357, 11,    42.31, 7,    main,    0.09, 101160.00,   13.74,  112.83,   -5.53, 16.8, 0.38, 0.78, 4.08
6, 6357, 11,    42.41, 7,    main,    0.03, 101172.00,   12.74,  111.83,   -5.52, 16.8, 0.38, 0.78, 4.07
6, 6357, 11,    42.51, 7,    main,   -0.02, 101178.00,   12.24,  111.33,   -5.52, 16.8, 0.38, 0.79, 4.07
6, 6357, 11,    42.61, 7,    main,   -0.07, 101182.00,   11.91,  111.00,   -5.52, 16.8, 0.38, 0.78, 4.07
6, 6357, 11,    42.71, 7,    main,   -0.12, 101188.00,   11.41,  110.50,   -5.53, 16.8, 0.38, 0.79, 4.07
6, 6357, 11,    42.81, 7,    main,   -0.15, 101192.00,   11.08,  110.16,   -5.54, 16.8, 0.35, 0.80, 4.08
6, 6357, 11,    42.91, 7,    main,   -0.18, 101198.00,   10.58,  109.66,   -5.56, 16.8, 0.38, 0.77, 4.07
6, 6357, 11,    43.01, 7,    main,   -0.18, 101209.00,    9.66,  108.75,   -5.58, 16.8, 0.38, 0.78, 4.07
6, 6357, 11,    43.11, 7,    main,   -0.17, 101218.00,    8.91,  108.00,   -5.60, 16.8, 0.38, 0.75, 4.07
6, 6357, 11,    43.21, 7,    main,   -0.15, 101216.00,    9.08,  108.16,   -5.62, 16.8, 0.38, 0.80, 4.07
6, 6357, 11,    43.31, 7,    main,   -0.12, 101234.00,    7.58,  106.66,   -5.64, 16.8, 0.38, 0.79, 4.07
6, 6357, 11,    43.41, 7,    main,   -0.08, 101233.00,    7.66,  106.75,   -5.65, 16.8, 0.38, 0.77, 4.07
6, 6357, 11,    43.51, 7,    main,   -0.03, 101249.00,    6.33,  105.41,   -5.66, 16.8, 0.38, 0.78, 4.08
6, 6357, 11,    43.61, 7,    main,    0.02, 101255.00,    5.83,  104.91,   -5.67, 16.8, 0.38, 0.78, 4.07
6, 6357, 11,    43.71, 7,    main,    0.06, 101259.00,    5.50,  104.58,   -5.66, 16.8, 0.38, 0.78, 4.08
6, 6357, 11,    43.81, 7,    main,    0.10, 101268.00,    4.75,  103.83,   -5.65, 16.8, 0.38, 0.77, 4.07
6, 6357, 11,    43.91, 7,    main,    0.13, 101267.00,    4.83,  103.91,   -5.64, 16.8, 0.34, 0.78, 4.08
6, 6357, 11,    44.01, 7,    main,    0.15, 101277.00,    4.00,  103.08,   -5.63, 16.8, 0.38, 0.77, 4.07
6, 6357, 11,    44.11, 7,    main,    0.16, 101280.00,    3.75,  102.83,   -5.61, 16.8, 0.38, 0.75, 4.08
6, 6357, 11,    44.21, 7,    main,    0.17, 101288.00,    3.08,  102.17,   -5.59, 16.8, 0.38, 0.74, 4.07
6, 6357, 11,    44.31, 7,    main,    0.16, 101297.00,    2.33,  101.42,   -5.57, 16.8, 0.38, 0.73, 4.07
6, 6357, 11,    44.41, 7,    main,    0.15, 101305.00,    1.66,  100.75,   -5.56, 16.8, 0.38, 0.73, 4.08
6, 6357, 11,    44.51, 7,    main,    0.14, 101307.00,    1.50,  100.58,   -5.54, 16.8, 0.38, 0.74, 4.07
6, 6357, 11,    44.61, 7,    main,    0.12, 101318.00,    0.58,   99.67,   -5.53, 16.8, 0.38, 0.74, 4.07
6, 6357, 11,    44.71, 7,    main,    0.10, 101330.00,   -0.42,   98.67,   -5.51, 16.8, 0.37, 0.74, 4.07
6, 6357, 11,    44.81, 7,    main,    0.08, 101334.00,   -0.75,   98.34,   -5.50, 16.8, 0.37, 0.75, 4.08
6, 6357, 11,    44.91, 7,    main,    0.05, 101341.00,   -1.33,   97.75,   -5.49, 16.8, 0.37, 0.77, 4.08
6, 6357, 11,    45.01, 7,    main,    0.02, 101353.00,   -2.33,   96.75,   -5.49, 16.8, 0.34, 0.77, 4.08
6, 6357, 11,    45.11, 7,    main,   -0.02, 101352.00,   -2.25,   96.84,   -5.49, 16.8, 0.37, 0.77, 4.07
6, 6357, 11,    45.21, 7,    main,   -0.05, 101358.00,   -2.75,   96.34,   -5.49, 16.8, 0.37, 0.77, 4.07
6, 6357, 11,    45.31, 7,    main,   -0.08, 101363.00,   -3.16,   95.92,   -5.50, 16.8, 0.37, 0.75, 4.07
6, 6357, 11,    45.41, 7,    main,   -0.11, 101372.00,   -3.91,   95.17,   -5.50, 16.8, 0.37, 0.75, 4.07
6, 6357, 11,    45.51, 7,    main,   -0.13, 101370.00,   -3.75,   95.34,   -5.52, 16.8, 0.37, 0.75, 4.07
6, 6357, 11,    45.61, 7,    main,   -0.14, 101385.00,   -4.99,   94.09,   -5.53, 16.8, 0.37, 0.73, 4.07
6, 6357, 11,    45.71, 7,    main,   -0.14, 101379.00,   -4.49,   94.59,   -5.55, 16.8, 0.37, 0.72, 4.07
6, 6357, 11,    45.81, 7,    main,   -0.14, 101389.00,   -5.33,   93.76,   -5.56, 16.8, 0.37, 0.74, 4.07
6, 6357, 11,    45.91, 7,    main,   -0.14, 101400.00,   -6.24,   92.84,   -5.57, 16.8, 0.37, 0.72, 4.07
6, 6357, 11,    46.01, 7,    main,   -0.13, 101407.00,   -6.82,   92.26,   -5.59, 16.8, 0.37, 0.72, 4.07
6, 6357, 11,    46.11, 7,    main,   -0.12, 101420.00,   -7.91,   91.18,   -5.60, 16.8, 0.33, 0.72, 4.08
6, 6357, 11,    46.21, 7,    main,   -0.10, 101428.00,   -8.57,   90.51,   -5.62, 16.8, 0.37, 0.72, 4.08
6, 6357, 11,    46.31, 7,    main,   -0.08, 101435.00,   -9.15,   89.93,   -5.63, 16.8, 0.36, 0.72, 4.07
6, 6357, 11,    46.41, 7,    main,   -0.05, 101438.00,   -9.40,   89.68,   -5.64, 16.8, 0.36, 0.72, 4.08
6, 6357, 11,    46.51, 7,    main,   -0.02, 101449.00,  -10.32,   88.77,   -5.64, 16.8, 0.36, 0.72, 4.07
6, 6357, 11,    46.61, 7,    main,    0.01, 101452.00,  -10.57,   88.52,   -5.64, 16.8, 0.37, 0.72, 4.07
6, 6357, 11,    46.71, 7,    main,    0.05, 101462.00,  -11.40,   87.69,   -5.64, 16.8, 0.37, 0.74, 4.07
6, 6357, 11,    46.81, 7,    main,    0.08, 101463.00,  -11.48,   87.60,   -5.64, 16.8, 0.36, 0.72, 4.07
6, 6357, 11,    46.91, 7,    main,    0.10, 101471.00,  -12.15,   86.94,   -5.63, 16.8, 0.36, 0.71, 4.07
6, 6357, 11,    47.01, 7,    main,    0.11, 101474.00,  -12.40,   86.69,   -5.62, 16.8, 0.36, 0.71, 4.07
6, 6357, 11,    47.11, 7,    main,    0.11, 101477.00,  -12.65,   86.44,   -5.60, 16.8, 0.36, 0.71, 4.07
6, 6357, 11,    47.21, 7,    main,    0.11, 101492.00,  -13.89,   85.19,   -5.59, 16.8, 0.33, 0.72, 4.08
6, 6357, 11,    47.31, 7,    main,    0.09, 101504.00,  -14.89,   84.20,   -5.58, 16.8, 0.36, 0.71, 4.07
6, 6357, 11,    47.41, 7,    main,    0.07, 101505.00,  -14.97,   84.11,   -5.57, 16.8, 0.36, 0.71, 4.07
6, 6357, 11,    47.51, 7,    main,    0.05, 101509.00,  -15.31,   83.78,   -5.56, 16.8, 0.36, 0.70, 4.07
6, 6357, 11,    47.61, 7,    main,    0.03, 101520.00,  -16.22,   82.87,   -5.56, 16.8, 0.36, 0.70, 4.07
6, 6357, 11,    47.71, 7,    main,    0.01, 101531.00,  -17.13,   81.95,   -5.55, 16.8, 0.36, 0.71, 4.07
6, 6357, 11,    47.81, 7,    main,   -0.00, 101533.00,  -17.30,   81.79,   -5.55, 16.8, 0.36, 0.69, 4.08
6, 6357, 11,    47.91, 7,    main,   -0.01, 101536.00,  -17.55,   81.54,   -5.56, 16.8, 0.36, 0.70, 4.08
6, 6357, 11,    48.01, 7,    main,   -0.02, 101546.00,  -18.38,   80.70,   -5.55, 16.8, 0.36, 0.69, 4.07
6, 6357, 11,    48.11, 7,    main,   -0.02, 101554.00,  -19.05,   80.04,   -5.56, 16.8, 0.36, 0.69, 4.07
6, 6357, 11,    48.21, 7,    main,   -0.01, 101562.00,  -19.71,   79.38,   -5.56, 16.8, 0.36, 0.69, 4.07
6, 6357, 11,    48.31, 7,    main,    0.00, 101562.00,  -19.71,   79.38,   -5.56, 16.8, 0.33, 0.71, 4.08
6, 6357, 11,    48.41, 7,    main,    0.02, 101568.00,  -20.21,   78.88,   -5.56, 16.8, 0.36, 0.71, 4.07
6, 6357, 11,    48.51, 7,    main,    0.03, 101580.00,  -21.21,   77.88,   -5.56, 16.8, 0.36, 0.70, 4.07
6, 6357, 11,    48.61, 7,    main,    0.05, 101583.00,  -21.45,   77.63,   -5.56, 16.8, 0.36, 0.69, 4.07
6, 6357, 11,    48.71, 7,    main,    0.07, 101585.00,  -21.62,   77.46,   -5.56, 16.8, 0.36, 0.69, 4.07
6, 6357, 11,    48.81, 7,    main,    0.08, 101596.00,  -22.53,   76.55,   -5.55, 16.8, 0.36, 0.69, 4.07
6, 6357, 11,    48.91, 7,    main,    0.10, 101605.00,  -23.28,   75.80,   -5.54, 16.8, 0.36, 0.70, 4.07
6, 6357, 11,    49.01, 7,    main,    0.12, 101610.00,  -23.70,   75.39,   -5.53, 16.8, 0.36, 0.69, 4.07
6, 6357, 11,    49.11, 7,    main,    0.14, 101619.00,  -24.44,   74.64,   -5.52, 16.8, 0.36, 0.70, 4.07
6, 6357, 11,    49.21, 7,    main,    0.17, 101631.00,  -25.44,   73.64,   -5.50, 16.8, 0.36, 0.69, 4.07
6, 6357, 11,    49.31, 7,    main,    0.20, 101635.00,  -25.77,   73.31,   -5.49, 16.8, 0.36, 0.69, 4.07
6, 6357, 11,    49.41, 7,    main,    0.22, 101645.00,  -26.60,   72.48,   -5.47, 16.8, 0.32, 0.69, 4.08
6, 6357, 11,    49.51, 7,    main,    0.25, 101653.00,  -27.27,   71.82,   -5.44, 16.8, 0.36, 0.70, 4.07
6, 6357, 11,    49.61, 7,    main,    0.26, 101654.00,  -27.35,   71.73,   -5.42, 16.8, 0.36, 0.69, 4.08
6, 6357, 11,    49.71, 7,    main,    0.27, 101658.00,  -27.68,   71.40,   -5.39, 16.8, 0.35, 0.71, 4.07
6, 6357, 11,    49.81, 7,    main,    0.26, 101671.00,  -28.76,   70.32,   -5.36, 16.8, 0.36, 0.71, 4.07
6, 6357, 11,    49.91, 7,    main,    0.25, 101668.00,  -28.51,   70.57,   -5.33, 16.8, 0.36, 0.71, 4.07
6, 6357, 11,    50.01, 7,    main,    0.23, 101663.00,  -28.10,   70.99,   -5.31, 16.8, 0.36, 0.71, 4.07
6, 6357, 11,    50.11, 7,    main,    0.20, 101682.00,  -29.68,   69.41,   -5.29, 16.8, 0.36, 0.71, 4.07
6, 6357, 11,    50.21, 7,    main,    0.17, 101694.00,  -30.67,   68.41,   -5.26, 16.8, 0.36, 0.71, 4.07
6, 6357, 11,    50.31, 7,    main,    0.14, 101693.00,  -30.59,   68.50,   -5.25, 16.8, 0.36, 0.71, 4.07
6, 6357, 11,    50.41, 7,    main,    0.09, 101707.00,  -31.75,   67.34,   -5.23, 16.8, 0.36, 0.71, 4.07
6, 6357, 11,    50.51, 7,    main,    0.05, 101710.00,  -32.00,   67.09,   -5.22, 16.8, 0.32, 0.72, 4.08
6, 6357, 11,    50.61, 7,    main,    0.00, 101718.00,  -32.66,   66.42,   -5.22, 16.8, 0.36, 0.71, 4.07
6, 6357, 11,    50.71, 7,    main,   -0.04, 101725.00,  -33.24,   65.84,   -5.21, 16.8, 0.36, 0.70, 4.07
6, 6357, 11,    50.81, 7,    main,   -0.08, 101731.00,  -33.74,   65.34,   -5.22, 16.8, 0.36, 0.69, 4.07
6, 6357, 11,    50.91, 7,    main,   -0.12, 101744.00,  -34.82,   64.27,   -5.23, 16.8, 0.36, 0.67, 4.07
6, 6357, 11,    51.01, 7,    main,   -0.14, 101740.00,  -34.49,   64.60,   -5.25, 16.8, 0.35, 0.66, 4.07
6, 6357, 11,    51.11, 7,    main,   -0.14, 101747.00,  -35.07,   64.02,   -5.26, 16.8, 0.35, 0.66, 4.07
6, 6357, 11,    51.21, 7,    main,   -0.13, 101750.00,  -35.32,   63.77,   -5.28, 16.8, 0.35, 0.66, 4.08
6, 6357, 11,    51.31, 7,    main,   -0.10, 101757.00,  -35.90,   63.19,   -5.29, 16.8, 0.35, 0.65, 4.07
6, 6357, 11,    51.41, 7,    main,   -0.06, 101764.00,  -36.48,   62.61,   -5.31, 16.8, 0.35, 0.66, 4.08
6, 6357, 11,    51.51, 7,    main,    0.00, 101765.00,  -36.56,   62.52,   -5.31, 16.8, 0.35, 0.66, 4.07
6, 6357, 11,    51.61, 7,    main,    0.07, 101768.00,  -36.81,   62.27,   -5.31, 16.8, 0.32, 0.68, 4.08
6, 6357, 11,    51.71, 7,    main,    0.14, 101784.00,  -38.14,   60.95,   -5.31, 16.8, 0.35, 0.68, 4.07
6, 6357, 11,    51.81, 7,    main,    0.21, 101793.00,  -38.88,   60.20,   -5.30, 16.8, 0.35, 0.68, 4.08
6, 6357, 11,    51.91, 7,    main,    0.28, 101798.00,  -39.30,   59.79,   -5.28, 16.8, 0.35, 0.69, 4.07
6, 6357, 11,    52.01, 7,    main,    0.35, 101805.00,  -39.88,   59.21,   -5.24, 16.8, 0.35, 0.69, 4.08
6, 6357, 11,    52.11, 7,    main,    0.41, 101816.00,  -40.79,   58.29,   -5.21, 16.8, 0.35, 0.69, 4.07
6, 6357, 11,    52.21, 7,    main,    0.46, 101819.00,  -41.04,   58.04,   -5.17, 16.8, 0.35, 0.70, 4.07
6, 6357, 11,    52.31, 7,    main,    0.51, 101829.00,  -41.87,   57.22,   -5.12, 16.8, 0.35, 0.71, 4.07
6, 6357, 11,    52.41, 7,    main,    0.55, 101830.00,  -41.95,   57.13,   -5.07, 16.8, 0.35, 0.70, 4.07
6, 6357, 11,    52.51, 7,    main,    0.58, 101844.00,  -43.11,   55.97,   -5.01, 16.8, 0.35, 0.70, 4.07
6, 6357, 11,    52.61, 7,    main,    0.60, 101840.00,  -42.78,   56.30,   -4.95, 16.8, 0.35, 0.69, 4.07
6, 6357, 11,    52.71, 7,    main,    0.60, 101853.00,  -43.86,   55.23,   -4.89, 16.8, 0.32, 0.70, 4.08
6, 6357, 11,    52.81, 7,    main,    0.58, 101856.00,  -44.11,   54.98,   -4.83, 16.8, 0.35, 0.67, 4.07
6, 6357, 11,    52.91, 7,    main,    0.54, 101870.00,  -45.27,   53.82,   -4.77, 16.8, 0.35, 0.66, 4.07
6, 6357, 11,    53.01, 7,    main,    0.47, 101871.00,  -45.35,   53.73,   -4.70, 16.8, 0.35, 0.64, 4.07
6, 6357, 11,    53.11, 7,    main,    0.38, 101871.00,  -45.35,   53.73,   -4.66, 16.8, 0.35, 0.63, 4.07
6, 6357, 11,    53.21, 7,    main,    0.27, 101876.00,  -45.77,   53.32,   -4.62, 16.8, 0.35, 0.64, 4.07
6, 6357, 11,    53.31, 7,    main,    0.16, 101887.00,  -46.68,   52.41,   -4.59, 16.8, 0.35, 0.66, 4.07
6, 6357, 11,    53.41, 7,    main,    0.04, 101892.00,  -47.09,   51.99,   -4.57, 16.8, 0.35, 0.63, 4.07
6, 6357, 11,    53.51, 7,    main,   -0.09, 101882.00,  -46.26,   52.82,   -4.56, 16.8, 0.35, 0.62, 4.07
6, 6357, 11,    53.61, 7,    main,   -0.20, 101893.00,  -47.17,   51.91,   -4.57, 16.8, 0.35, 0.62, 4.08
6, 6357, 11,    53.71, 7,    main,   -0.29, 101908.00,  -48.42,   50.67,   -4.60, 16.8, 0.35, 0.62, 4.07
6, 6357, 11,    53.81, 7,    main,   -0.35, 101909.00,  -48.50,   50.58,   -4.63, 16.8, 0.31, 0.63, 4.08
6, 6357, 11,    53.91, 7,    main,   -0.39, 101909.00,  -48.50,   50.58,   -4.67, 16.8, 0.35, 0.62, 4.07
6, 6357, 11,    54.01, 7,    main,   -0.40, 101917.00,  -49.16,   49.92,   -4.72, 16.8, 0.34, 0.60, 4.07
6, 6357, 11,    54.11, 7,    main,   -0.39, 101929.00,  -50.16,   48.93,   -4.76, 16.8, 0.35, 0.62, 4.07
6, 6357, 11,    54.21, 7,    main,   -0.35, 101931.00,  -50.32,   48.76,   -4.80, 16.8, 0.35, 0.60, 4.07
6, 6357, 11,    54.31, 7,    main,   -0.29, 101926.00,  -49.91,   49.18,   -4.84, 16.8, 0.35, 0.60, 4.07
6, 6357, 11,    54.41, 7,    main,   -0.20, 101945.00,  -51.48,   47.60,   -4.88, 16.8, 0.35, 0.61, 4.07
6, 6357, 11,    54.51, 7,    main,   -0.10, 101956.00,  -52.39,   46.69,   -4.90, 16.8, 0.35, 0.63, 4.07
6, 6357, 11,    54.61, 7,    main,    0.02, 101955.00,  -52.31,   46.77,   -4.91, 16.8, 0.35, 0.63, 4.07
6, 6357, 11,    54.71, 7,    main,    0.14, 101959.00,  -52.64,   46.44,   -4.91, 16.8, 0.35, 0.64, 4.07
6, 6357, 11,    54.81, 7,    main,    0.26, 101960.00,  -52.73,   46.36,   -4.89, 16.8, 0.35, 0.63, 4.07
6, 6357, 11,    54.91, 7,    main,    0.37, 101964.00,  -53.06,   46.03,   -4.87, 16.8, 0.31, 0.63, 4.08
6, 6357, 11,    55.01, 7,    main,    0.47, 101976.00,  -54.05,   45.03,   -4.83, 16.8, 0.35, 0.62, 4.07
6, 6357, 11,    55.11, 7,    main,    0.55, 101993.00,  -55.46,   43.63,   -4.78, 16.8, 0.35, 0.63, 4.07
6, 6357, 11,    55.21, 7,    main,    0.61, 101997.00,  -55.79,   43.30,   -4.72, 16.8, 0.35, 0.61, 4.07
6, 6357, 11,    55.31, 7,    main,    0.65, 102000.00,  -56.04,   43.05,   -4.66, 16.8, 0.34, 0.61, 4.07
6, 6357, 11,    55.41, 7,    main,    0.66, 102009.00,  -56.78,   42.30,   -4.59, 16.8, 0.35, 0.61, 4.07
6, 6357, 11,    55.51, 7,    main,    0.64, 102017.00,  -57.44,   41.64,   -4.51, 16.8, 0.34, 0.61, 4.07
6, 6357, 11,    55.61, 7,    main,    0.59, 102026.00,  -58.19,   40.90,   -4.45, 16.8, 0.34, 0.60, 4.07
6, 6357, 11,    55.71, 7,    main,    0.52, 102027.00,  -58.27,   40.81,   -4.38, 16.8, 0.35, 0.61, 4.07
6, 6357, 11,    55.81, 7,    main,    0.43, 102033.00,  -58.77,   40.32,   -4.33, 16.8, 0.34, 0.61, 4.07
6, 6357, 11,    55.91, 7,    main,    0.32, 102031.00,  -58.60,   40.48,   -4.28, 16.8, 0.35, 0.62, 4.07
6, 6357, 11,    56.01, 7,    main,    0.19, 102034.00,  -58.85,   40.23,   -4.25, 16.8, 0.31, 0.63, 4.08
6, 6357, 11,    56.11, 7,    main,    0.05, 102038.00,  -59.18,   39.90,   -4.23, 16.8, 0.34, 0.63, 4.07
6, 6357, 11,    56.21, 7,    main,   -0.09, 102041.00,  -59.43,   39.65,   -4.22, 16.8, 0.34, 0.63, 4.07
6, 6357, 11,    56.31, 7,    main,   -0.23, 102047.00,  -59.93,   39.16,   -4.23, 16.8, 0.34, 0.64, 4.07
6, 6357, 11,    56.41, 7,    main,   -0.36, 102058.00,  -60.84,   38.25,   -4.25, 16.8, 0.34, 0.65, 4.07
6, 6357, 11,    56.51, 7,    main,   -0.48, 102054.00,  -60.51,   38.58,   -4.30, 16.8, 0.34, 0.64, 4.07
6, 6357, 11,    56.61, 7,    main,   -0.58, 102057.00,  -60.76,   38.33,   -4.34, 16.8, 0.34, 0.65, 4.08
6, 6357, 11,    56.71, 7,    main,   -0.66, 102066.00,  -61.50,   37.58,   -4.40, 16.8, 0.34, 0.65, 4.07
6, 6357, 11,    56.81, 7,    main,   -0.72, 102065.00,  -61.42,   37.67,   -4.47, 16.8, 0.34, 0.66, 4.07
6, 6357, 11,    56.91, 7,    main,   -0.75, 102078.00,  -62.49,   36.59,   -4.55, 16.8, 0.34, 0.66, 4.07
6, 6357, 11,    57.01, 7,    main,   -0.75, 102079.00,  -62.58,   36.51,   -4.63, 16.8, 0.34, 0.66, 4.07
6, 6357, 11,    57.11, 7,    main,   -0.72, 102090.00,  -63.49,   35.60,   -4.71, 16.8, 0.31, 0.66, 4.09
6, 6357, 11,    57.21, 7,    main,   -0.65, 102102.00,  -64.48,   34.61,   -4.79, 16.8, 0.34, 0.64, 4.07
6, 6357, 11,    57.31, 7,    main,   -0.56, 102108.00,  -64.98,   34.11,   -4.86, 16.8, 0.34, 0.65, 4.07
6, 6357, 11,    57.41, 7,    main,   -0.45, 102103.00,  -64.56,   34.52,   -4.92, 16.8, 0.34, 0.66, 4.07
6, 6357, 11,    57.51, 7,    main,   -0.32, 102113.00,  -65.39,   33.70,   -4.96, 16.8, 0.34, 0.67, 4.07
6, 6357, 11,    57.61, 7,    main,   -0.19, 102124.00,  -66.30,   32.79,   -5.00, 16.8, 0.34, 0.66, 4.07
6, 6357, 11,    57.71, 7,    main,   -0.04, 102123.00,  -66.22,   32.87,   -5.02, 16.8, 0.34, 0.66, 4.07
6, 6357, 11,    57.81, 7,    main,    0.10, 102131.00,  -66.88,   32.21,   -5.02, 16.8, 0.34, 0.66, 4.07
6, 6357, 11,    57.91, 7,    main,    0.25, 102142.00,  -67.79,   31.30,   -5.01, 16.8, 0.34, 0.66, 4.07
6, 6357, 11,    58.01, 7,    main,    0.39, 102141.00,  -67.71,   31.38,   -4.99, 16.8, 0.34, 0.65, 4.07
6, 6357, 11,    58.11, 7,    main,    0.52, 102151.00,  -68.53,   30.55,   -4.95, 16.8, 0.34, 0.64, 4.08
6, 6357, 11,    58.21, 7,    main,    0.64, 102164.00,  -69.61,   29.48,   -4.89, 16.8, 0.31, 0.66, 4.08
6, 6357, 11,    58.31, 7,    main,    0.74, 102163.00,  -69.52,   29.56,   -4.83, 16.8, 0.34, 0.65, 4.07
6, 6357, 11,    58.41, 7,    main,    0.84, 102173.00,  -70.35,   28.73,   -4.75, 16.8, 0.34, 0.66, 4.07
6, 6357, 11,    58.51, 7,    main,    0.92, 102182.00,  -71.10,   27.99,   -4.67, 16.8, 0.34, 0.64, 4.07
6, 6357, 11,    58.61, 7,    main,    0.99, 102184.00,  -71.26,   27.82,   -4.57, 16.8, 0.34, 0.65, 4.07
6, 6357, 11,    58.71, 7,    main,    1.05, 102193.00,  -72.00,   27.08,   -4.47, 16.8, 0.34, 0.65, 4.07
6, 6357, 11,    58.81, 7,    main,    1.08, 102201.00,  -72.67,   26.42,   -4.36, 16.8, 0.34, 0.65, 4.07
6, 6357, 11,    58.91, 7,    main,    1.09, 102208.00,  -73.24,   25.84,   -4.25, 16.8, 0.34, 0.65, 4.07
6, 6357, 11,    59.01, 7,    main,    1.07, 102206.00,  -73.08,   26.01,   -4.13, 16.8, 0.34, 0.65, 4.07
6, 6357, 11,    59.11, 7,    main,    1.03, 102207.00,  -73.16,   25.92,   -4.02, 16.8, 0.34, 0.64, 4.07
6, 6357, 11,    59.21, 7,    main,    0.98, 102213.00,  -73.66,   25.43,   -3.92, 16.8, 0.34, 0.66, 4.07
6, 6357, 11,    59.31, 7,    main,    0.90, 102224.00,  -74.57,   24.52,   -3.82, 16.8, 0.31, 0.67, 4.08
6, 6357, 11,    59.41, 7,    main,    0.80, 102217.00,  -73.99,   25.10,   -3.72, 16.8, 0.34, 0.66, 4.07
6, 6357, 11,    59.51, 7,    main,    0.68, 102227.00,  -74.82,   24.27,   -3.64, 16.8, 0.34, 0.66, 4.07
6, 6357, 11,    59.61, 7,    main,    0.55, 102236.00,  -75.56,   23.53,   -3.57, 16.8, 0.34, 0.66, 4.07
6, 6357, 11,    59.71, 7,    main,    0.40, 102236.00,  -75.56,   23.53,   -3.51, 16.8, 0.34, 0.67, 4.07
6, 6357, 11,    59.81, 7,    main,    0.24, 102240.00,  -75.89,   23.20,   -3.47, 16.8, 0.34, 0.68, 4.07
6, 6357, 11,    59.91, 7,    main,    0.07, 102253.00,  -76.96,   22.12,   -3.45, 16.8, 0.34, 0.68, 4.07
6, 6357, 11,    60.01, 7,    main,   -0.09, 102254.00,  -77.05,   22.04,   -3.44, 16.8, 0.34, 0.69, 4.07
6, 6357, 11,    60.11, 7,    main,   -0.24, 102251.00,  -76.80,   22.29,   -3.45, 16.8, 0.34, 0.69, 4.07
6, 6357, 11,    60.21, 7,    main,   -0.38, 102253.00,  -76.96,   22.12,   -3.48, 16.8, 0.34, 0.69, 4.07
6, 6357, 11,    60.31, 7,    main,   -0.49, 102257.00,  -77.29,   21.79,   -3.52, 16.8, 0.34, 0.70, 4.07
6, 6357, 11,    60.41, 7,    main,   -0.59, 102263.00,  -77.79,   21.30,   -3.58, 16.8, 0.31, 0.69, 4.08
6, 6357, 11,    60.51, 7,    main,   -0.66, 102269.00,  -78.29,   20.80,   -3.64, 16.8, 0.34, 0.69, 4.07
6, 6357, 11,    60.61, 7,    main,   -0.71, 102268.00,  -78.20,   20.88,   -3.70, 16.8, 0.34, 0.71, 4.07
6, 6357, 11,    60.71, 7,    main,   -0.74, 102277.00,  -78.95,   20.14,   -3.78, 16.8, 0.34, 0.71, 4.07
6, 6357, 11,    60.81, 7,    main,   -0.75, 102275.00,  -78.78,   20.30,   -3.85, 16.8, 0.34, 0.71, 4.07
6, 6357, 11,    60.91, 7,    main,   -0.74, 102268.00,  -78.20,   20.88,   -3.94, 16.8, 0.33, 0.71, 4.07
6, 6357, 11,    61.01, 7,    main,   -0.70, 102278.00,  -79.03,   20.06,   -4.01, 16.8, 0.34, 0.72, 4.07
6, 6357, 11,    61.11, 7,    main,   -0.65, 102292.00,  -80.19,   18.90,   -4.08, 16.8, 0.33, 0.72, 4.08
6, 6357, 11,    61.21, 7,    main,   -0.60, 102305.00,  -81.26,   17.83,   -4.15, 16.8, 0.33, 0.71, 4.07
6, 6357, 11,    61.31, 7,    main,   -0.53, 102303.00,  -81.09,   17.99,   -4.21, 16.8, 0.34, 0.73, 4.07
6, 6357, 11,    61.41, 7,    main,   -0.47, 102305.00,  -81.26,   17.83,   -4.27, 16.8, 0.34, 0.75, 4.07
6, 6357, 11,    61.51, 7,    main,   -0.41, 102321.00,  -82.58,   16.50,   -4.31, 16.8, 0.30, 0.76, 4.08
6, 6357, 11,    61.61, 7,    main,   -0.35, 102325.00,  -82.91,   16.17,   -4.35, 16.8, 0.34, 0.74, 4.07
6, 6357, 11,    61.71, 7,    main,   -0.30, 102327.00,  -83.08,   16.01,   -4.38, 16.8, 0.33, 0.69, 4.08
6, 6357, 11,    61.81, 7,    main,   -0.27, 102334.00,  -83.65,   15.43,   -4.41, 16.8, 0.34, 0.75, 4.07
6, 6357, 11,    61.91, 7,    main,   -0.25, 102337.00,  -83.90,   15.18,   -4.44, 16.8, 0.33, 0.72, 4.07
6, 6357, 11,    62.01, 7,    main,   -0.25, 102352.00,  -85.14,   13.94,   -4.46, 16.8, 0.33, 0.75, 4.07
6, 6357, 11,    62.11, 7,    main,   -0.26, 102348.00,  -84.81,   14.27,   -4.48, 16.8, 0.33, 0.76, 4.07
6, 6357, 11,    62.21, 7,    main,   -0.28, 102365.00,  -86.21,   12.87,   -4.50, 16.8, 0.33, 0.73, 4.07
6, 6357, 11,    62.31, 7,    main,   -0.32, 102359.00,  -85.72,   13.37,   -4.53, 16.8, 0.33, 0.68, 4.07
6, 6357, 11,    62.41, 7,    main,   -0.35, 102370.00,  -86.63,   12.46,   -4.56, 16.8, 0.33, 0.70, 4.08
6, 6357, 11,    62.51, 7,    main,   -0.39, 102358.00,  -85.64,   13.45,   -4.60, 16.8, 0.33, 0.73, 4.08
6, 6357, 11,    62.61, 7,    main,   -0.42, 102366.00,  -86.30,   12.79,   -4.64, 16.8, 0.30, 0.74, 4.08
6, 6357, 11,    62.71, 7,    main,   -0.45, 102376.00,  -87.12,   11.96,   -4.68, 16.8, 0.33, 0.71, 4.08
6, 6357, 11,    62.81, 7,    main,   -0.47, 102384.00,  -87.78,   11.30,   -4.73, 16.8, 0.33, 0.69, 4.07
6, 6357, 11,    62.91, 7,    main,   -0.49, 102396.00,  -88.77,   10.31,   -4.77, 16.8, 0.33, 0.71, 4.07
6, 6357, 11,    63.01, 7,    main,   -0.49, 102398.00,  -88.94,   10.15,   -4.82, 16.8, 0.33, 0.72, 4.07
6, 6357, 11,    63.11, 7,    main,   -0.48, 102401.00,  -89.19,    9.90,   -4.87, 16.8, 0.33, 0.72, 4.08
6, 6357, 11,    63.21, 7,    main,   -0.45, 102405.00,  -89.52,    9.57,   -4.93, 16.8, 0.33, 0.70, 4.07
6, 6357, 11,    63.31, 7,    main,   -0.38, 102409.00,  -89.85,    9.24,   -4.98, 16.8, 0.33, 0.71, 4.07
6, 6357, 11,    63.41, 7,    main,   -0.28, 102424.00,  -91.08,    8.00,   -5.02, 16.8, 0.33, 0.71, 4.07
6, 6357, 11,    63.51, 7,    main,   -0.16, 102420.00,  -90.75,    8.33,   -5.06, 16.8, 0.33, 0.75, 4.07
6, 6357, 11,    63.61, 7,    main,   -0.01, 102435.00,  -91.99,    7.09,   -5.08, 16.8, 0.33, 0.75, 4.07
6, 6357, 11,    63.71, 7,    main,    0.15, 102438.00,  -92.24,    6.85,   -5.08, 16.8, 0.30, 0.77, 4.08
6, 6357, 11,    63.81, 7,    main,    0.33, 102446.00,  -92.90,    6.19,   -5.06, 16.8, 0.33, 0.71, 4.07
6, 6357, 11,    63.91, 7,    main,    0.52, 102452.00,  -93.39,    5.69,   -5.03, 16.8, 0.33, 0.71, 4.07
6, 6357, 11,    64.01, 7,    main,    0.73, 102465.00,  -94.47,    4.62,   -4.98, 16.8, 0.33, 0.72, 4.07
6, 6357, 11,    64.11, 7,    main,    0.95, 102478.00,  -95.54,    3.55,   -4.91, 16.8, 0.33, 0.70, 4.07
6, 6357, 11,    64.21, 7,    main,    1.18, 102471.00,  -94.96,    4.12,   -4.82, 16.8, 0.33, 0.72, 4.07
6, 6357, 11,    64.31, 7,    main,    1.41, 102484.00,  -96.03,    3.05,   -4.70, 16.8, 0.33, 0.78, 4.07
6, 6357, 11,    64.41, 7,    main,    1.63, 102486.00,  -96.20,    2.89,   -4.56, 16.8, 0.33, 0.80, 4.07
6, 6357, 11,    64.51, 7,    main,    1.83, 102498.00,  -97.19,    1.90,   -4.39, 16.8, 0.33, 0.66, 4.07
6, 6357, 11,    64.61, 7,    main,    2.01, 102494.00,  -96.86,    2.23,   -4.20, 16.8, 0.33, 0.66, 4.07
6, 6357, 11,    64.71, 7,    main,    2.16, 102497.00,  -97.11,    1.98,   -4.00, 16.8, 0.33, 0.66, 4.07
6, 6357, 11,    64.81, 7,    main,    2.30, 102513.00,  -98.43,    0.66,   -3.78, 16.8, 0.30, 0.67, 4.08
6, 6357, 11,    64.91, 7,    main,    2.42, 102513.00,  -98.43,    0.66,   -3.55, 16.8, 0.33, 0.66, 4.07
6, 6357, 11,    65.01, 7,    main,    2.51, 102512.00,  -98.34,    0.74,   -3.30, 16.8, 0.33, 0.66, 4.07
6, 6357, 11,    65.11, 7,    main,    2.57, 102517.00,  -98.76,    0.33,   -3.05, 16.8, 0.33, 0.66, 4.07
6, 6357, 11,    65.21, 7,    main,    2.59, 102541.00, -100.73,   -1.65,   -2.78, 16.8, 0.32, 0.65, 4.08
6, 6357, 11,    65.31, 7,    main,    2.58, 102547.00, -101.23,   -2.14,   -2.52, 16.8, 0.32, 0.66, 4.07
6, 6357, 11,    65.41, 7,    main,    2.53, 102541.00, -100.73,   -1.65,   -2.26, 16.8, 0.32, 0.66, 4.08
6, 6357, 11,    65.51, 7,    main,    2.46, 102542.00, -100.82,   -1.73,   -2.00, 16.8, 0.32, 0.66, 4.07
6, 6357, 11,    65.61, 7,    main,    2.35, 102543.00, -100.90,   -1.81,   -1.75, 16.8, 0.32, 0.66, 4.07
6, 6357, 11,    65.71, 7,    main,    2.22, 102541.00, -100.73,   -1.65,   -1.51, 16.8, 0.32, 0.65, 4.07
6, 6357, 11,    65.81, 7,    main,    2.07, 102545.00, -101.06,   -1.98,   -1.28, 16.8, 0.31, 0.64, 4.08
6, 6357, 11,    65.91, 7,    main,    1.91, 102547.00, -101.23,   -2.14,   -1.07, 16.8, 0.28, 0.66, 4.08
6, 6357, 11,    66.01, 7,    main,    1.73, 102549.00, -101.39,   -2.31,   -0.88, 16.8, 0.32, 0.64, 4.07
6, 6357, 11,    66.11, 7,    main,    1.54, 102545.00, -101.06,   -1.98,   -0.71, 16.8, 0.32, 0.70, 4.07
6, 6357, 11,    66.21, 7,    main,    1.36, 102547.00, -101.23,   -2.14,   -0.55, 16.8, 0.31, 0.64, 4.08
6, 6357, 11,    66.31, 7,    main,    1.17, 102537.00, -100.40,   -1.32,   -0.42, 16.8, 0.31, 0.63, 4.08
6, 6357, 11,    66.41, 7,    main,    0.98, 102540.00, -100.65,   -1.57,   -0.30, 16.8, 0.32, 0.63, 4.07
6, 6357, 11,    66.51, 7,    main,    0.80, 102543.00, -100.90,   -1.81,   -0.20, 16.8, 0.31, 0.63, 4.07
6, 6357, 11,    66.61, 7,    main,    0.64, 102538.00, -100.49,   -1.40,   -0.12, 16.8, 0.31, 0.63, 4.07
6, 6357, 11,    66.71, 7,    main,    0.49, 102541.00, -100.73,   -1.65,   -0.06, 16.8, 0.31, 0.63, 4.08
6, 6357, 11,    66.81, 7,    main,    0.35, 102545.00, -101.06,   -1.98,   -0.02, 16.8, 0.31, 0.63, 4.07
6, 6357, 11,    66.91, 7,    main,    0.24, 102538.00, -100.49,   -1.40,    0.01, 16.8, 0.31, 0.63, 4.08
6, 6357, 11,    67.01, 7,    main,    0.14, 102544.00, -100.98,   -1.90,    0.04, 16.8, 0.28, 0.63, 4.09
6, 6357, 11,    67.11, 7,    main,    0.07, 102547.00, -101.23,   -2.14,    0.05, 16.8, 0.31, 0.63, 4.07
6, 6357, 11,    67.21, 7,    main,    0.02, 102543.00, -100.90,   -1.81,    0.05, 16.8, 0.31, 0.62, 4.07
6, 6357, 11,    67.31, 7,    main,   -0.01, 102542.00, -100.82,   -1.73,    0.04, 16.8, 0.31, 0.62, 4.07
6, 6357, 11,    67.41, 7,    main,   -0.03, 102541.00, -100.73,   -1.65,    0.04, 16.8, 0.31, 0.61, 4.07
6, 6357, 11,    67.51, 7,    main,   -0.04, 102550.00, -101.48,   -2.39,    0.04, 16.8, 0.31, 0.61, 4.07
6, 6357, 11,    67.61, 7,    main,   -0.04, 102538.00, -100.49,   -1.40,    0.04, 16.8, 0.31, 0.61, 4.07
6, 6357, 11,    67.71, 7,    main,   -0.05, 102542.00, -100.82,   -1.73,    0.03, 16.8, 0.31, 0.61, 4.07
6, 6357, 11,    67.81, 7,    main,   -0.05, 102544.00, -100.98,   -1.90,    0.03, 16.8, 0.31, 0.60, 4.07
6, 6357, 11,    67.91, 7,    main,   -0.05, 102536.00, -100.32,   -1.24,    0.02, 16.8, 0.31, 0.60, 4.07
6, 6357, 11,    68.01, 7,    main,   -0.05, 102540.00, -100.65,   -1.57,    0.01, 16.8, 0.31, 0.61, 4.08
6, 6357, 11,    68.11, 7,    main,   -0.04, 102546.00, -101.15,   -2.06,    0.01, 16.8, 0.28, 0.63, 4.07
6, 6357, 11,    68.21, 7,    main,   -0.04, 102540.00, -100.65,   -1.57,    0.01, 16.8, 0.31, 0.61, 4.07
6, 6357, 11,    68.31, 7,    main,   -0.04, 102538.00, -100.49,   -1.40,    0.00, 16.8, 0.31, 0.61, 4.07
6, 6357, 11,    68.41, 7,    main,   -0.04, 102544.00, -100.98,   -1.90,    0.00, 16.8, 0.31, 0.60, 4.07
6, 6357, 11,    68.51, 7,    main,   -0.05, 102538.00, -100.49,   -1.40,   -0.01, 16.8, 0.31, 0.60, 4.07
6, 6357, 11,    68.61, 7,    main,   -0.05, 102547.00, -101.23,   -2.14,   -0.01, 16.8, 0.31, 0.60, 4.07
6, 6357, 11,    68.71, 7,    main,   -0.04, 102546.00, -101.15,   -2.06,   -0.02, 16.8, 0.31, 0.60, 4.07
6, 6357, 11,    68.81, 7,    main,   -0.03, 102543.00, -100.90,   -1.81,   -0.02, 16.8, 0.31, 0.59, 4.07
6, 6357, 11,    68.91, 7,    main,   -0.02, 102539.00, -100.57,   -1.48,   -0.02, 16.8, 0.31, 0.60, 4.07
6, 6357, 11,    69.01, 7,    main,   -0.01, 102540.00, -100.65,   -1.57,   -0.03, 16.8, 0.31, 0.60, 4.07
6, 6357, 11,    69.11, 7,    main,    0.00, 102543.00, -100.90,   -1.81,   -0.03, 16.8, 0.31, 0.60, 4.07
6, 6357, 11,    69.21, 7,    main,    0.01, 102540.00, -100.65,   -1.57,   -0.03, 16.8, 0.28, 0.61, 4.08
6, 6357, 11,    69.31, 7,    main,    0.01, 102541.00, -100.73,   -1.65,   -0.02, 16.8, 0.31, 0.61, 4.08
6, 6357, 11,    69.41, 7,    main,    0.02, 102542.00, -100.82,   -1.73,   -0.02, 16.8, 0.31, 0.61, 4.07
6, 6357, 11,    69.51, 7,    main,    0.02, 102543.00, -100.90,   -1.81,   -0.02, 16.8, 0.31, 0.60, 4.07
6, 6357, 11,    69.61, 7,    main,    0.02, 102542.00, -100.82,   -1.73,   -0.02, 16.8, 0.31, 0.59, 4.07
6, 6357, 11,    69.71, 7,    main,    0.02, 102542.00, -100.82,   -1.73,   -0.02, 16.8, 0.31, 0.59, 4.07
6, 6357, 11,    69.81, 7,    main,    0.01, 102545.00, -101.06,   -1.98,   -0.01, 16.8, 0.31, 0.59, 4.08
6, 6357, 11,    69.91, 7,    main,   -0.00, 102543.00, -100.90,   -1.81,   -0.01, 16.8, 0.31, 0.58, 4.07
6, 6357, 11,    70.01, 7,    main,   -0.02, 102547.00, -101.23,   -2.14,   -0.01, 16.8, 0.31, 0.58, 4.07
6, 6357, 11,    70.11, 7,    main,   -0.04, 102540.00, -100.65,   -1.57,   -0.02, 16.8, 0.31, 0.58, 4.07
6, 6357, 11,    70.21, 7,    main,   -0.06, 102538.00, -100.49,   -1.40,   -0.02, 16.8, 0.31, 0.58, 4.08
6, 6357, 11,    70.31, 7,    main,   -0.08, 102544.00, -100.98,   -1.90,   -0.02, 16.8, 0.28, 0.58, 4.08
6, 6357, 11,    70.41, 7,    main,   -0.10, 102544.00, -100.98,   -1.90,   -0.03, 16.8, 0.31, 0.57, 4.07
6, 6357, 11,    70.51, 7,    main,   -0.11, 102543.00, -100.90,   -1.81,   -0.04, 16.8, 0.31, 0.56, 4.07
6, 6357, 11,    70.61, 7,    main,   -0.11, 102543.00, -100.90,   -1.81,   -0.05, 16.8, 0.31, 0.57, 4.07
6, 6357, 11,    70.71, 7,    main,   -0.10, 102543.00, -100.90,   -1.81,   -0.07, 16.8, 0.31, 0.57, 4.07
6, 6357, 11,    70.81, 7,    main,   -0.09, 102540.00, -100.65,   -1.57,   -0.08, 16.8, 0.31, 0.56, 4.07
6, 6357, 11,    70.91, 7,    main,   -0.07, 102541.00, -100.73,   -1.65,   -0.09, 16.8, 0.31, 0.56, 4.07
6, 6357, 11,    71.01, 7,    main,   -0.06, 102544.00, -100.98,   -1.90,   -0.10, 16.8, 0.31, 0.57, 4.07
6, 6357, 11,    71.11, 7,    main,   -0.04, 102535.00, -100.24,   -1.15,   -0.10, 16.8, 0.31, 0.56, 4.08
6, 6357, 11,    71.21, 7,    main,   -0.01, 102540.00, -100.65,   -1.57,   -0.11, 16.8, 0.31, 0.56, 4.07
6, 6357, 11,    71.31, 7,    main,    0.02, 102540.00, -100.65,   -1.57,   -0.11, 16.8, 0.31, 0.56, 4.07
6, 6357, 11,    71.41, 7,    main,    0.05, 102553.00, -101.72,   -2.64,   -0.11, 16.8, 0.27, 0.57, 4.08
6, 6357, 11,    71.51, 7,    main,    0.09, 102543.00, -100.90,   -1.81,   -0.10, 16.8, 0.31, 0.56, 4.07
6, 6357, 11,    71.61, 7,    main,    0.12, 102547.00, -101.23,   -2.14,   -0.09, 16.8, 0.31, 0.56, 4.07
6, 6357, 11,    71.71, 7,    main,    0.15, 102540.00, -100.65,   -1.57,   -0.08, 16.8, 0.31, 0.56, 4.08
6, 6357, 11,    71.81, 7,    main,    0.17, 102542.00, -100.82,   -1.73,   -0.06, 16.8, 0.31, 0.56, 4.08
6, 6357, 11,    71.91, 7,    main,    0.18, 102544.00, -100.98,   -1.90,   -0.05, 16.8, 0.31, 0.55, 4.08
6, 6357, 11,    72.01, 7,    main,    0.19, 102544.00, -100.98,   -1.90,   -0.03, 16.8, 0.31, 0.55, 4.07
6, 6357, 11,    72.11, 7,    main,    0.19, 102549.00, -101.39,   -2.31,   -0.01, 16.8, 0.31, 0.56, 4.08
6, 6357, 11,    72.21, 7,    main,    0.19, 102544.00, -100.98,   -1.90,    0.01, 16.8, 0.31, 0.56, 4.08
6, 6357, 11,    72.31, 7,    main,    0.18, 102548.00, -101.31,   -2.23,    0.03, 16.8, 0.31, 0.55, 4.07
6, 6357, 11,    72.41, 7,    main,    0.16, 102548.00, -101.31,   -2.23,    0.05, 16.8, 0.31, 0.56, 4.07
6, 6357, 11,    72.51, 7,    main,    0.13, 102545.00, -101.06,   -1.98,    0.07, 16.8, 0.28, 0.57, 4.08
6, 6357, 11,    72.61, 7,    main,    0.10, 102545.00, -101.06,   -1.98,    0.08, 16.8, 0.31, 0.56, 4.07
6, 6357, 11,    72.71, 7,    main,    0.06, 102548.00, -101.31,   -2.23,    0.09, 16.8, 0.31, 0.56, 4.08
6, 6357, 11,    72.81, 7,    main,    0.03, 102545.00, -101.06,   -1.98,    0.10, 16.8, 0.31, 0.56, 4.07
6, 6357, 11,    72.91, 7,    main,   -0.00, 102535.00, -100.24,   -1.15,    0.10, 16.8, 0.31, 0.55, 4.08
6, 6357, 11,    73.01, 7,    main,   -0.03, 102545.00, -101.06,   -1.98,    0.10, 16.8, 0.31, 0.55, 4.08
6, 6357, 11,    73.11, 7,    main,   -0.06, 102538.00, -100.49,   -1.40,    0.10, 16.8, 0.31, 0.55, 4.07
6, 6357, 11,    73.21, 7,    main,   -0.09, 102545.00, -101.06,   -1.98,    0.09, 16.8, 0.31, 0.55, 4.07
6, 6357, 11,    73.31, 7,    main,   -0.10, 102542.00, -100.82,   -1.73,    0.08, 16.8, 0.31, 0.55, 4.07
6, 6357, 11,    73.41, 7,    main,   -0.11, 102547.00, -101.23,   -2.14,    0.07, 16.8, 0.31, 0.55, 4.08
6, 6357, 11,    73.51, 7,    main,   -0.11, 102535.00, -100.24,   -1.15,    0.05, 16.8, 0.31, 0.55, 4.07
6, 6357, 11,    73.61, 7,    main,   -0.10, 102539.00, -100.57,   -1.48,    0.04, 16.8, 0.27, 0.56, 4.08
6, 6357, 11,    73.71, 7,    main,   -0.10, 102538.00, -100.49,   -1.40,    0.04, 16.9, 0.31, 0.54, 4.07
6, 6357, 11,    73.81, 7,    main,   -0.09, 102542.00, -100.82,   -1.73,    0.03, 16.8, 0.31, 0.55, 4.07
6, 6357, 11,    73.91, 7,    main,   -0.08, 102546.00, -101.15,   -2.06,    0.01, 16.8, 0.30, 0.54, 4.07
6, 6357, 11,    74.01, 7,    main,   -0.07, 102550.00, -101.48,   -2.39,    0.01, 16.9, 0.31, 0.54, 4.07
6, 6357, 11,    74.11, 7,    main,   -0.06, 102544.00, -100.98,   -1.90,   -0.00, 16.8, 0.31, 0.55, 4.07
6, 6357, 11,    74.21, 7,    main,   -0.04, 102541.00, -100.73,   -1.65,   -0.01, 16.8, 0.31, 0.54, 4.07
6, 6357, 11,    74.31, 7,    main,   -0.01, 102543.00, -100.90,   -1.81,   -0.01, 16.8, 0.31, 0.55, 4.07
6, 6357, 11,    74.41, 7,    main,    0.01, 102539.00, -100.57,   -1.48,   -0.01, 16.8, 0.30, 0.55, 4.08
6, 6357, 11,    74.51, 7,    main,    0.03, 102542.00, -100.82,   -1.73,   -0.01, 16.9, 0.31, 0.55, 4.07
6, 6357, 11,    74.61, 7,    main,    0.04, 102545.00, -101.06,   -1.98,   -0.01, 16.9, 0.30, 0.54, 4.07
6, 6357, 11,    74.71, 7,    main,    0.06, 102543.00, -100.90,   -1.81,   -0.01, 16.9, 0.27, 0.55, 4.08
6, 6357, 11,    74.81, 7,    main,    0.07, 102542.00, -100.82,   -1.73,    0.00, 16.9, 0.31, 0.55, 4.07
6, 6357, 11,    74.91, 7,    main,    0.07, 102548.00, -101.31,   -2.23,    0.01, 16.9, 0.30, 0.55, 4.08
6, 6357, 11,    75.01, 7,    main,    0.06, 102540.00, -100.65,   -1.57,    0.02, 16.8, 0.30, 0.55, 4.07
6, 6357, 11,    75.11, 7,    main,    0.06, 102545.00, -101.06,   -1.98,    0.03, 16.9, 0.30, 0.55, 4.07
6, 6357, 11,    75.21, 7,    main,    0.06, 102538.00, -100.49,   -1.40,    0.03, 16.9, 0.30, 0.55, 4.08
6, 6357, 11,    75.31, 7,    main,    0.06, 102540.00, -100.65,   -1.57,    0.03, 16.9, 0.30, 0.55, 4.07
6, 6357, 11,    75.41, 7,    main,    0.06, 102543.00, -100.90,   -1.81,    0.04, 16.8, 0.30, 0.55, 4.08
6, 6357, 11,    75.51, 7,    main,    0.07, 102549.00, -101.39,   -2.31,    0.05, 16.9, 0.30, 0.55, 4.08
6, 6357, 11,    75.61, 7,    main,    0.06, 102537.00, -100.40,   -1.32,    0.05, 16.9, 0.30, 0.55, 4.08
6, 6357, 11,    75.71, 7,    main,    0.06, 102538.00, -100.49,   -1.40,    0.06, 16.9, 0.30, 0.55, 4.07
6, 6357, 11,    75.81, 7,    main,    0.05, 102546.00, -101.15,   -2.06,    0.07, 16.9, 0.27, 0.57, 4.08
6, 6357, 11,    75.91, 7,    main,    0.05, 102545.00, -101.06,   -1.98,    0.07, 16.9, 0.30, 0.55, 4.07
6, 6357, 11,    76.01, 7,    main,    0.04, 102541.00, -100.73,   -1.65,    0.07, 16.9, 0.30, 0.55, 4.07
6, 6357, 11,    76.11, 7,    main,    0.04, 102545.00, -101.06,   -1.98,    0.08, 16.9, 0.30, 0.54, 4.07
6, 6357, 11,    76.21, 7,    main,    0.03, 102548.00, -101.31,   -2.23,    0.09, 16.9, 0.30, 0.55, 4.07
6, 6357, 11,    76.31, 7,    main,    0.02, 102541.00, -100.73,   -1.65,    0.09, 16.9, 0.30, 0.55, 4.07
6, 6357, 11,    76.41, 7,    main,    0.00, 102536.00, -100.32,   -1.24,    0.09, 16.9, 0.30, 0.55, 4.07
6, 6357, 11,    76.51, 7,    main,   -0.01, 102543.00, -100.90,   -1.81,    0.09, 16.9, 0.30, 0.55, 4.07
6, 6357, 11,    76.61, 7,    main,   -0.03, 102542.00, -100.82,   -1.73,    0.09, 16.9, 0.30, 0.56, 4.07
6, 6357, 11,    76.71, 7,    main,   -0.04, 102543.00, -100.90,   -1.81,    0.09, 16.9, 0.30, 0.56, 4.08
6, 6357, 11,    76.81, 7,    main,   -0.05, 102536.00, -100.32,   -1.24,    0.08, 16.9, 0.30, 0.56, 4.08
6, 6357, 11,    76.91, 7,    main,   -0.06, 102540.00, -100.65,   -1.57,    0.07, 16.9, 0.27, 0.57, 4.08
6, 6357, 11,    77.01, 7,    main,   -0.07, 102539.00, -100.57,   -1.48,    0.07, 16.9, 0.30, 0.55, 4.07
6, 6357, 11,    77.11, 7,    main,   -0.09, 102543.00, -100.90,   -1.81,    0.06, 16.9, 0.30, 0.56, 4.07
6, 6357, 11,    77.21, 7,    main,   -0.10, 102543.00, -100.90,   -1.81,    0.05, 16.9, 0.30, 0.56, 4.07
6, 6357, 11,    77.31, 7,    main,   -0.11, 102543.00, -100.90,   -1.81,    0.04, 16.9, 0.30, 0.56, 4.07
6, 6357, 11,    77.41, 7,    main,   -0.11, 102544.00, -100.98,   -1.90,    0.03, 16.9, 0.30, 0.56, 4.07
6, 6357, 11,    77.51, 7,    main,   -0.12, 102536.00, -100.32,   -1.24,    0.02, 16.9, 0.30, 0.58, 4.07
6, 6357, 11,    77.61, 7,    main,   -0.12, 102538.00, -100.49,   -1.40,    0.01, 16.9, 0.30, 0.57, 4.07
6, 6357, 11,    77.71, 7,    main,   -0.12, 102539.00, -100.57,   -1.48,   -0.00, 16.9, 0.30, 0.56, 4.08
6, 6357, 11,    77.81, 7,    main,   -0.12, 102538.00, -100.49,   -1.40,   -0.02, 16.9, 0.30, 0.56, 4.08
6, 6357, 11,    77.91, 7,    main,   -0.11, 102539.00, -100.57,   -1.48,   -0.03, 16.9, 0.30, 0.57, 4.08
6, 6357, 11,    78.01, 7,    main,   -0.09, 102542.00, -100.82,   -1.73,   -0.04, 16.9, 0.27, 0.58, 4.09
6, 6357, 11,    78.11, 7,    main,   -0.07, 102541.00, -100.73,   -1.65,   -0.05, 16.9, 0.30, 0.57, 4.07
6, 6357, 11,    78.21, 7,    main,   -0.05, 102542.00, -100.82,   -1.73,   -0.06, 16.9, 0.30, 0.56, 4.07
6, 6357, 11,    78.31, 7,    main,   -0.03, 102544.00, -100.98,   -1.90,   -0.06, 16.9, 0.30, 0.58, 4.08
6, 6357, 11,    78.41, 7,    main,   -0.02, 102543.00, -100.90,   -1.81,   -0.06, 16.9, 0.30, 0.58, 4.07
6, 6357, 11,    78.51, 7,    main,   -0.00, 102537.00, -100.40,   -1.32,   -0.07, 16.9, 0.30, 0.56, 4.07
6, 6357, 11,    78.61, 7,    main,    0.01, 102543.00, -100.90,   -1.81,   -0.07, 16.9, 0.30, 0.57, 4.07
6, 6357, 11,    78.71, 7,    main,    0.02, 102539.00, -100.57,   -1.48,   -0.07, 16.9, 0.30, 0.58, 4.07
6, 6357, 11,    78.81, 7,    main,    0.03, 102544.00, -100.98,   -1.90,   -0.06, 16.9, 0.30, 0.56, 4.07
6, 6357, 11,    78.91, 7,    main,    0.04, 102541.00, -100.73,   -1.65,   -0.06, 16.9, 0.30, 0.58, 4.07
6, 6357, 11,    79.01, 7,    main,    0.05, 102535.00, -100.24,   -1.15,   -0.05, 16.9, 0.30, 0.57, 4.08
6, 6357, 11,    79.11, 7,    main,    0.06, 102543.00, -100.90,   -1.81,   -0.05, 16.9, 0.26, 0.59, 4.09
6, 6357, 11,    79.21, 7,    main,    0.07, 102544.00, -100.98,   -1.90,   -0.05, 16.9, 0.30, 0.58, 4.07
6, 6357, 11,    79.31, 7,    main,    0.08, 102543.00, -100.90,   -1.81,   -0.04, 16.9, 0.30, 0.58, 4.07
6, 6357, 11,    79.41, 7,    main,    0.08, 102537.00, -100.40,   -1.32,   -0.03, 16.9, 0.30, 0.58, 4.08
6, 6357, 11,    79.51, 7,    main,    0.09, 102547.00, -101.23,   -2.14,   -0.02, 16.9, 0.30, 0.58, 4.07
6, 6357, 11,    79.61, 7,    main,    0.09, 102543.00, -100.90,   -1.81,   -0.01, 16.9, 0.30, 0.59, 4.08
6, 6357, 11,    79.71, 7,    main,    0.10, 102542.00, -100.82,   -1.73,   -0.00, 16.9, 0.30, 0.58, 4.07
6, 6357, 11,    79.81, 7,    main,    0.11, 102543.00, -100.90,   -1.81,    0.00, 16.9, 0.30, 0.59, 4.07
6, 6357, 11,    79.91, 7,    main,    0.12, 102547.00, -101.23,   -2.14,    0.02, 16.9, 0.30, 0.59, 4.07
6, 6357, 11,    80.01, 7,    main,    0.14, 102543.00, -100.90,   -1.81,    0.03, 16.9, 0.30, 0.59, 4.07
6, 6357, 11,    80.11, 7,    main,    0.16, 102537.00, -100.40,   -1.32,    0.04, 16.9, 0.30, 0.60, 4.08
6, 6357, 11,    80.21, 7,    main,    0.18, 102541.00, -100.73,   -1.65,    0.06, 16.9, 0.26, 0.61, 4.08
6, 6357, 11,    80.31, 7,    main,    0.20, 102541.00, -100.73,   -1.65,    0.07, 16.9, 0.30, 0.60, 4.07
6, 6357, 11,    80.41, 7,    main,    0.22, 102536.00, -100.32,   -1.24,    0.10, 16.9, 0.30, 0.60, 4.07
6, 6357, 11,    80.51, 7,    main,    0.22, 102548.00, -101.31,   -2.23,    0.12, 16.9, 0.30, 0.60, 4.07
6, 6357, 11,    80.61, 7,    main,    0.22, 102538.00, -100.49,   -1.40,    0.14, 16.9, 0.30, 0.60, 4.07
6, 6357, 11,    80.71, 7,    main,    0.20, 102541.00, -100.73,   -1.65,    0.17, 16.9, 0.30, 0.60, 4.07
6, 6357, 11,    80.81, 7,    main,    0.18, 102546.00, -101.15,   -2.06,    0.19, 16.9, 0.30, 0.60, 4.07
6, 6357, 11,    80.91, 7,    main,    0.15, 102539.00, -100.57,   -1.48,    0.21, 16.9, 0.30, 0.60, 4.07
6, 6357, 11,    81.01, 7,    main,    0.11, 102540.00, -100.65,   -1.57,    0.22, 16.9, 0.30, 0.61, 4.07
6, 6357, 11,    81.11, 7,    main,    0.07, 102546.00, -101.15,   -2.06,    0.23, 16.9, 0.30, 0.60, 4.07
6, 6357, 11,    81.21, 7,    main,    0.03, 102540.00, -100.65,   -1.57,    0.24, 16.9, 0.30, 0.61, 4.08
6, 6357, 11,    81.31, 7,    main,   -0.00, 102540.00, -100.65,   -1.57,    0.24, 16.9, 0.26, 0.62, 4.08
6, 6357, 11,    81.41, 7,    main,   -0.03, 102543.00, -100.90,   -1.81,    0.24, 16.9, 0.30, 0.61, 4.07
6, 6357, 11,    81.51, 7,    main,   -0.05, 102540.00, -100.65,   -1.57,    0.24, 16.9, 0.30, 0.61, 4.07
6, 6357, 11,    81.61, 7,    main,   -0.05, 102543.00, -100.90,   -1.81,    0.23, 16.9, 0.29, 0.60, 4.08
6, 6357, 11,    81.71, 7,    main,   -0.04, 102537.00, -100.40,   -1.32,    0.22, 16.9, 0.30, 0.61, 4.07
6, 6357, 11,    81.81, 7,    main,   -0.04, 102542.00, -100.82,   -1.73,    0.21, 16.9, 0.30, 0.61, 4.07
6, 6357, 11,    81.91, 7,    main,   -0.04, 102535.00, -100.24,   -1.15,    0.21, 16.9, 0.29, 0.61, 4.08
6, 6357, 11,    82.08, 8,  landed,   -0.04, 102535.00, -100.24,   -1.15,    0.21, 16.9, 0.29, 0.61, 4.08
