generated_time_s	RUN START 2022-04-23 16:25:37
0	16:36:13: Ground Station GPS {'gs_lat': 0.0
1	16:36:15: Ground Station GPS {'gs_lat': 0.0
2	16:36:17: Ground Station GPS {'gs_lat': 0.0
3	16:36:21: Ground Station GPS {'gs_lat': 0.0
4	16:36:23: Ground Station GPS {'gs_lat': 0.0
5	16:36:25: Ground Station GPS {'gs_lat': 0.0
6	16:36:27: Ground Station GPS {'gs_lat': 0.0
7	16:36:29: Ground Station GPS {'gs_lat': 0.0
8	16:36:31: Ground Station GPS {'gs_lat': 0.0
9	16:36:33: Ground Station GPS {'gs_lat': 0.0
10	16:36:35: Ground Station GPS {'gs_lat': 0.0
11	16:36:37: Ground Station GPS {'gs_lat': 0.0
12	16:36:39: Ground Station GPS {'gs_lat': 0.0
13	16:36:41: Ground Station GPS {'gs_lat': 0.0
14	16:36:43: Ground Station GPS {'gs_lat': 0.0
15	16:36:45: Ground Station GPS {'gs_lat': 0.0
16	16:36:47: Ground Station GPS {'gs_lat': 0.0
17	16:36:49: Ground Station GPS {'gs_lat': 0.0
18	16:36:51: Ground Station GPS {'gs_lat': 0.0
19	16:36:53: Ground Station GPS {'gs_lat': 0.0
20	16:36:55: Ground Station GPS {'gs_lat': 0.0
21	16:36:57: Ground Station GPS {'gs_lat': 0.0
22	16:36:59: Ground Station GPS {'gs_lat': 0.0
23	16:37:01: Ground Station GPS {'gs_lat': 0.0
24	16:37:03: Ground Station GPS {'gs_lat': 0.0
25	16:37:05: Ground Station GPS {'gs_lat': 0.0
26	16:37:08: Ground Station GPS {'gs_lat': 0.0
27	16:37:10: Ground Station GPS {'gs_lat': 0.0
28	16:37:12: Ground Station GPS {'gs_lat': 0.0
29	16:37:14: Ground Station GPS {'gs_lat': 0.0
30	16:37:16: Ground Station GPS {'gs_lat': 0.0
31	16:37:18: Ground Station GPS {'gs_lat': 0.0
32	16:37:20: Ground Station GPS {'gs_lat': 0.0
33	16:37:22: Ground Station GPS {'gs_lat': 0.0
34	16:37:24: Ground Station GPS {'gs_lat': 0.0
35	16:37:26: Ground Station GPS {'gs_lat': 0.0
36	16:37:28: Ground Station GPS {'gs_lat': 0.0
37	16:37:30: Ground Station GPS {'gs_lat': 0.0
38	16:37:32: Ground Station GPS {'gs_lat': 0.0
39	16:37:34: Ground Station GPS {'gs_lat': 0.0
40	16:37:36: Ground Station GPS {'gs_lat': 0.0
41	16:37:38: Ground Station GPS {'gs_lat': 0.0
42	16:37:40: Ground Station GPS {'gs_lat': 0.0
43	16:37:42: Ground Station GPS {'gs_lat': 0.0
44	16:37:44: Ground Station GPS {'gs_lat': 0.0
45	16:37:46: Ground Station GPS {'gs_lat': 0.0
46	16:37:48: Ground Station GPS {'gs_lat': 0.0
47	16:37:50: Ground Station GPS {'gs_lat': 0.0
48	16:37:52: Ground Station GPS {'gs_lat': 0.0
49	16:37:54: Ground Station GPS {'gs_lat': 0.0
50	16:37:56: Ground Station GPS {'gs_lat': 0.0
51	16:37:58: Ground Station GPS {'gs_lat': 0.0
52	16:38:00: Ground Station GPS {'gs_lat': 0.0
53	16:38:02: Ground Station GPS {'gs_lat': 0.0
54	16:38:04: Ground Station GPS {'gs_lat': 0.0
55	16:38:06: Ground Station GPS {'gs_lat': 0.0
56	16:38:08: Ground Station GPS {'gs_lat': 0.0
57	16:38:10: Ground Station GPS {'gs_lat': 0.0
58	16:38:12: Ground Station GPS {'gs_lat': 0.0
59	16:38:14: Ground Station GPS {'gs_lat': 0.0
60	16:38:16: Ground Station GPS {'gs_lat': 0.0
61	16:38:18: Ground Station GPS {'gs_lat': 0.0
62	16:38:20: Ground Station GPS {'gs_lat': 0.0
63	16:38:22: Ground Station GPS {'gs_lat': 0.0
64	16:38:24: Ground Station GPS {'gs_lat': 0.0
65	16:38:26: Ground Station GPS {'gs_lat': 0.0
66	16:38:28: Ground Station GPS {'gs_lat': 0.0
67	16:38:30: Ground Station GPS {'gs_lat': 0.0
68	16:38:32: Ground Station GPS {'gs_lat': 0.0
69	16:38:34: Ground Station GPS {'gs_lat': 0.0
70	16:38:36: Ground Station GPS {'gs_lat': 0.0
71	16:38:38: Ground Station GPS {'gs_lat': 0.0
72	16:38:40: Ground Station GPS {'gs_lat': 0.0
73	16:38:42: Ground Station GPS {'gs_lat': 0.0
74	16:38:44: Ground Station GPS {'gs_lat': 0.0
75	16:38:46: Ground Station GPS {'gs_lat': 0.0
76	16:38:48: Ground Station GPS {'gs_lat': 0.0
77	16:38:50: Ground Station GPS {'gs_lat': 0.0
78	16:38:52: Ground Station GPS {'gs_lat': 0.0
79	16:38:54: Ground Station GPS {'gs_lat': 0.0
80	16:38:56: Ground Station GPS {'gs_lat': 0.0
81	16:38:58: Ground Station GPS {'gs_lat': 0.0
82	16:39:00: Ground Station GPS {'gs_lat': 0.0
83	16:39:02: Ground Station GPS {'gs_lat': 0.0
84	16:39:04: Ground Station GPS {'gs_lat': 0.0
85	16:39:06: Ground Station GPS {'gs_lat': 0.0
86	16:39:08: Ground Station GPS {'gs_lat': 0.0
87	16:39:10: Ground Station GPS {'gs_lat': 0.0
88	16:39:12: Ground Station GPS {'gs_lat': 0.0
89	16:39:14: Ground Station GPS {'gs_lat': 0.0
90	16:39:16: Ground Station GPS {'gs_lat': 0.0
91	16:39:18: Ground Station GPS {'gs_lat': 0.0
92	16:39:20: Ground Station GPS {'gs_lat': 0.0
93	16:39:22: Ground Station GPS {'gs_lat': 0.0
94	16:39:24: Ground Station GPS {'gs_lat': 0.0
95	16:39:26: Ground Station GPS {'gs_lat': 0.0
96	16:39:28: Ground Station GPS {'gs_lat': 0.0
97	16:39:30: Ground Station GPS {'gs_lat': 0.0
98	16:39:32: Ground Station GPS {'gs_lat': 0.0
99	16:39:34: Ground Station GPS {'gs_lat': 0.0
100	16:39:36: Ground Station GPS {'gs_lat': 0.0
101	16:39:38: Ground Station GPS {'gs_lat': 0.0
102	16:39:40: Ground Station GPS {'gs_lat': 0.0
103	16:39:42: Ground Station GPS {'gs_lat': 0.0
104	16:39:44: Ground Station GPS {'gs_lat': 0.0
105	16:39:46: Ground Station GPS {'gs_lat': 0.0
106	16:39:48: Ground Station GPS {'gs_lat': 0.0
107	16:39:50: Ground Station GPS {'gs_lat': 0.0
108	16:39:52: Ground Station GPS {'gs_lat': 0.0
109	16:39:54: Ground Station GPS {'gs_lat': 0.0
110	16:39:56: Ground Station GPS {'gs_lat': 0.0
111	16:39:58: Ground Station GPS {'gs_lat': 0.0
112	16:40:00: Ground Station GPS {'gs_lat': 0.0
113	16:40:02: Ground Station GPS {'gs_lat': 0.0
114	16:40:04: Ground Station GPS {'gs_lat': 0.0
115	16:40:06: Ground Station GPS {'gs_lat': 0.0
116	16:40:08: Ground Station GPS {'gs_lat': 0.0
117	16:40:10: Ground Station GPS {'gs_lat': 0.0
118	16:40:12: Ground Station GPS {'gs_lat': 0.0
119	16:40:14: Ground Station GPS {'gs_lat': 0.0
120	16:40:16: Ground Station GPS {'gs_lat': 0.0
121	16:40:18: Ground Station GPS {'gs_lat': 0.0
122	16:40:20: Ground Station GPS {'gs_lat': 0.0
123	16:40:22: Ground Station GPS {'gs_lat': 0.0
124	16:40:24: Ground Station GPS {'gs_lat': 0.0
125	16:40:26: Ground Station GPS {'gs_lat': 0.0
126	16:40:28: Ground Station GPS {'gs_lat': 0.0
127	16:40:30: Ground Station GPS {'gs_lat': 0.0
128	16:40:32: Ground Station GPS {'gs_lat': 0.0
129	16:40:34: Ground Station GPS {'gs_lat': 0.0
130	16:40:36: Ground Station GPS {'gs_lat': 0.0
131	16:40:38: Ground Station GPS {'gs_lat': 0.0
132	16:40:40: Ground Station GPS {'gs_lat': 0.0
133	16:40:42: Ground Station GPS {'gs_lat': 0.0
134	16:40:44: Ground Station GPS {'gs_lat': 0.0
135	16:40:46: Ground Station GPS {'gs_lat': 0.0
136	16:40:48: Ground Station GPS {'gs_lat': 0.0
137	16:40:50: Ground Station GPS {'gs_lat': 0.0
138	16:40:52: Ground Station GPS {'gs_lat': 0.0
139	16:40:54: Ground Station GPS {'gs_lat': 0.0
140	16:40:56: Ground Station GPS {'gs_lat': 0.0
141	16:40:58: Ground Station GPS {'gs_lat': 0.0
142	16:41:00: Ground Station GPS {'gs_lat': 0.0
143	16:41:02: Ground Station GPS {'gs_lat': 0.0
144	16:41:04: Ground Station GPS {'gs_lat': 0.0
145	16:41:06: Ground Station GPS {'gs_lat': 0.0
146	16:41:08: Ground Station GPS {'gs_lat': 0.0
147	16:41:10: Ground Station GPS {'gs_lat': 0.0
148	16:41:12: Ground Station GPS {'gs_lat': 0.0
149	16:41:14: Ground Station GPS {'gs_lat': 0.0
150	16:41:16: Ground Station GPS {'gs_lat': 0.0
151	16:41:18: Ground Station GPS {'gs_lat': 0.0
152	16:41:20: Ground Station GPS {'gs_lat': 0.0
153	16:41:22: Ground Station GPS {'gs_lat': 0.0
154	16:41:24: Ground Station GPS {'gs_lat': 0.0
155	16:41:26: Ground Station GPS {'gs_lat': 0.0
156	16:41:28: Ground Station GPS {'gs_lat': 0.0
157	16:41:30: Ground Station GPS {'gs_lat': 0.0
158	16:41:32: Ground Station GPS {'gs_lat': 0.0
159	16:41:34: Ground Station GPS {'gs_lat': 0.0
160	16:41:36: Ground Station GPS {'gs_lat': 0.0
161	16:41:38: Ground Station GPS {'gs_lat': 0.0
162	16:41:40: Ground Station GPS {'gs_lat': 0.0
163	16:41:42: Ground Station GPS {'gs_lat': 0.0
164	16:41:44: Ground Station GPS {'gs_lat': 0.0
165	16:41:46: Ground Station GPS {'gs_lat': 0.0
166	16:41:48: Ground Station GPS {'gs_lat': 0.0
167	16:41:50: Ground Station GPS {'gs_lat': 0.0
168	16:41:52: Ground Station GPS {'gs_lat': 0.0
169	16:41:54: Ground Station GPS {'gs_lat': 0.0
170	16:41:56: Ground Station GPS {'gs_lat': 0.0
171	16:41:59: Ground Station GPS {'gs_lat': 0.0
172	16:42:01: Ground Station GPS {'gs_lat': 0.0
173	16:42:03: Ground Station GPS {'gs_lat': 0.0
174	16:42:05: Ground Station GPS {'gs_lat': 0.0
175	16:42:07: Ground Station GPS {'gs_lat': 0.0
176	16:42:09: Ground Station GPS {'gs_lat': 0.0
177	16:42:11: Ground Station GPS {'gs_lat': 0.0
178	16:42:13: Ground Station GPS {'gs_lat': 0.0
179	16:42:15: Ground Station GPS {'gs_lat': 0.0
180	16:42:17: Ground Station GPS {'gs_lat': 0.0
181	16:42:19: Ground Station GPS {'gs_lat': 0.0
182	16:42:21: Ground Station GPS {'gs_lat': 0.0
183	16:42:23: Ground Station GPS {'gs_lat': 0.0
184	16:42:25: Ground Station GPS {'gs_lat': 0.0
185	16:42:27: Ground Station GPS {'gs_lat': 0.0
186	16:42:29: Ground Station GPS {'gs_lat': 0.0
187	16:42:31: Ground Station GPS {'gs_lat': 0.0
188	16:42:33: Ground Station GPS {'gs_lat': 0.0
189	16:42:35: Ground Station GPS {'gs_lat': 0.0
190	16:42:37: Ground Station GPS {'gs_lat': 0.0
191	16:42:39: Ground Station GPS {'gs_lat': 0.0
192	16:42:41: Ground Station GPS {'gs_lat': 0.0
193	16:42:43: Ground Station GPS {'gs_lat': 0.0
194	16:42:45: Ground Station GPS {'gs_lat': 0.0
195	16:42:47: Ground Station GPS {'gs_lat': 0.0
196	16:42:49: Ground Station GPS {'gs_lat': 0.0
197	16:42:51: Ground Station GPS {'gs_lat': 0.0
198	16:42:53: Ground Station GPS {'gs_lat': 0.0
199	16:42:55: Ground Station GPS {'gs_lat': 0.0
200	16:42:57: Ground Station GPS {'gs_lat': 0.0
201	16:42:59: Ground Station GPS {'gs_lat': 0.0
202	16:43:01: Ground Station GPS {'gs_lat': 0.0
203	16:43:03: Ground Station GPS {'gs_lat': 0.0
204	16:43:05: Ground Station GPS {'gs_lat': 0.0
205	16:43:07: Ground Station GPS {'gs_lat': 0.0
206	16:43:09: Ground Station GPS {'gs_lat': 0.0
207	16:43:11: Ground Station GPS {'gs_lat': 0.0
208	16:43:13: Ground Station GPS {'gs_lat': 0.0
209	16:43:15: Ground Station GPS {'gs_lat': 0.0
210	16:43:17: Ground Station GPS {'gs_lat': 0.0
211	16:43:19: Ground Station GPS {'gs_lat': 0.0
212	16:43:21: Ground Station GPS {'gs_lat': 0.0
213	16:43:23: Ground Station GPS {'gs_lat': 0.0
214	16:43:25: Ground Station GPS {'gs_lat': 0.0
215	16:43:27: Ground Station GPS {'gs_lat': 0.0
216	16:43:29: Ground Station GPS {'gs_lat': 0.0
217	16:43:31: Ground Station GPS {'gs_lat': 0.0
218	16:43:33: Ground Station GPS {'gs_lat': 0.0
219	16:43:35: Ground Station GPS {'gs_lat': 0.0
220	16:43:37: Ground Station GPS {'gs_lat': 0.0
221	16:43:39: Ground Station GPS {'gs_lat': 0.0
222	16:43:41: Ground Station GPS {'gs_lat': 0.0
223	16:43:43: Ground Station GPS {'gs_lat': 0.0
224	16:43:45: Ground Station GPS {'gs_lat': 0.0
225	16:43:47: Ground Station GPS {'gs_lat': 0.0
226	16:43:49: Ground Station GPS {'gs_lat': 0.0
227	16:43:51: Ground Station GPS {'gs_lat': 0.0
228	16:43:53: Ground Station GPS {'gs_lat': 0.0
229	16:43:55: Ground Station GPS {'gs_lat': 0.0
230	16:43:57: Ground Station GPS {'gs_lat': 0.0
231	16:43:59: Ground Station GPS {'gs_lat': 0.0
232	16:44:01: Ground Station GPS {'gs_lat': 0.0
233	16:44:03: Ground Station GPS {'gs_lat': 0.0
234	16:44:05: Ground Station GPS {'gs_lat': 0.0
235	16:44:07: Ground Station GPS {'gs_lat': 0.0
236	16:44:09: Ground Station GPS {'gs_lat': 0.0
237	16:44:11: Ground Station GPS {'gs_lat': 0.0
238	16:44:13: Ground Station GPS {'gs_lat': 0.0
239	16:44:15: Ground Station GPS {'gs_lat': 0.0
240	16:44:17: Ground Station GPS {'gs_lat': 0.0
241	16:44:19: Ground Station GPS {'gs_lat': 0.0
242	16:44:21: Ground Station GPS {'gs_lat': 0.0
243	16:44:23: Ground Station GPS {'gs_lat': 0.0
244	16:44:25: Ground Station GPS {'gs_lat': 0.0
245	16:44:27: Ground Station GPS {'gs_lat': 0.0
246	16:44:29: Ground Station GPS {'gs_lat': 0.0
247	16:44:31: Ground Station GPS {'gs_lat': 0.0
248	16:44:33: Ground Station GPS {'gs_lat': 0.0
249	16:44:35: Ground Station GPS {'gs_lat': 0.0
250	16:44:37: Ground Station GPS {'gs_lat': 0.0
251	16:44:39: Ground Station GPS {'gs_lat': 0.0
252	16:44:41: Ground Station GPS {'gs_lat': 0.0
253	16:44:43: Ground Station GPS {'gs_lat': 0.0
254	16:44:45: Ground Station GPS {'gs_lat': 0.0
255	16:44:47: Ground Station GPS {'gs_lat': 0.0
256	16:44:49: Ground Station GPS {'gs_lat': 0.0
257	16:44:51: Ground Station GPS {'gs_lat': 0.0
258	16:44:53: Ground Station GPS {'gs_lat': 0.0
259	16:44:55: Ground Station GPS {'gs_lat': 0.0
260	16:44:57: Ground Station GPS {'gs_lat': 0.0
261	16:44:59: Ground Station GPS {'gs_lat': 0.0
262	16:45:01: Ground Station GPS {'gs_lat': 0.0
263	16:45:03: Ground Station GPS {'gs_lat': 0.0
264	16:45:05: Ground Station GPS {'gs_lat': 0.0
265	16:45:07: Ground Station GPS {'gs_lat': 0.0
266	16:45:09: Ground Station GPS {'gs_lat': 0.0
267	16:45:11: Ground Station GPS {'gs_lat': 0.0
268	16:45:13: Ground Station GPS {'gs_lat': 0.0
269	16:45:15: Ground Station GPS {'gs_lat': 0.0
270	16:45:17: Ground Station GPS {'gs_lat': 0.0
271	16:45:19: Ground Station GPS {'gs_lat': 0.0
272	16:45:21: Ground Station GPS {'gs_lat': 0.0
273	16:45:23: Ground Station GPS {'gs_lat': 0.0
274	16:45:25: Ground Station GPS {'gs_lat': 0.0
275	16:45:27: Ground Station GPS {'gs_lat': 0.0
276	16:45:29: Ground Station GPS {'gs_lat': 0.0
277	16:45:31: Ground Station GPS {'gs_lat': 0.0
278	16:45:33: Ground Station GPS {'gs_lat': 0.0
279	16:45:35: Ground Station GPS {'gs_lat': 0.0
280	16:45:37: Ground Station GPS {'gs_lat': 0.0
281	16:45:39: Ground Station GPS {'gs_lat': 0.0
282	16:45:41: Ground Station GPS {'gs_lat': 0.0
283	16:45:43: Ground Station GPS {'gs_lat': 0.0
284	16:45:45: Ground Station GPS {'gs_lat': 0.0
285	16:45:47: Ground Station GPS {'gs_lat': 0.0
286	16:45:49: Ground Station GPS {'gs_lat': 0.0
287	16:45:51: Ground Station GPS {'gs_lat': 0.0
288	16:45:53: Ground Station GPS {'gs_lat': 0.0
289	16:45:55: Ground Station GPS {'gs_lat': 0.0
290	16:45:57: Ground Station GPS {'gs_lat': 0.0
291	16:45:59: Ground Station GPS {'gs_lat': 0.0
292	16:46:01: Ground Station GPS {'gs_lat': 0.0
293	16:46:03: Ground Station GPS {'gs_lat': 0.0
294	16:46:05: Ground Station GPS {'gs_lat': 0.0
295	16:46:07: Ground Station GPS {'gs_lat': 0.0
296	16:46:09: Ground Station GPS {'gs_lat': 0.0
297	16:46:11: Ground Station GPS {'gs_lat': 0.0
298	16:46:13: Ground Station GPS {'gs_lat': 0.0
299	16:46:15: Ground Station GPS {'gs_lat': 0.0
300	16:46:17: Ground Station GPS {'gs_lat': 0.0
301	16:46:19: Ground Station GPS {'gs_lat': 0.0
302	16:46:21: Ground Station GPS {'gs_lat': 0.0
303	16:46:23: Ground Station GPS {'gs_lat': 0.0
304	16:46:25: Ground Station GPS {'gs_lat': 0.0
305	16:46:27: Ground Station GPS {'gs_lat': 0.0
306	16:46:29: Ground Station GPS {'gs_lat': 0.0
307	16:46:31: Ground Station GPS {'gs_lat': 0.0
308	16:46:33: Ground Station GPS {'gs_lat': 0.0
309	16:46:35: Ground Station GPS {'gs_lat': 0.0
310	16:46:37: Ground Station GPS {'gs_lat': 0.0
311	16:46:39: Ground Station GPS {'gs_lat': 0.0
312	16:46:41: Ground Station GPS {'gs_lat': 0.0
313	16:46:43: Ground Station GPS {'gs_lat': 0.0
314	16:46:45: Ground Station GPS {'gs_lat': 0.0
315	16:46:47: Ground Station GPS {'gs_lat': 0.0
316	16:46:49: Ground Station GPS {'gs_lat': 0.0
317	16:46:51: Ground Station GPS {'gs_lat': 0.0
318	16:46:54: Ground Station GPS {'gs_lat': 0.0
319	16:46:56: Ground Station GPS {'gs_lat': 0.0
320	16:46:58: Ground Station GPS {'gs_lat': 0.0
321	16:47:00: Ground Station GPS {'gs_lat': 0.0
322	16:47:02: Ground Station GPS {'gs_lat': 0.0
323	16:47:04: Ground Station GPS {'gs_lat': 0.0
324	16:47:06: Ground Station GPS {'gs_lat': 0.0
325	16:47:08: Ground Station GPS {'gs_lat': 0.0
326	16:47:10: Ground Station GPS {'gs_lat': 0.0
327	16:47:12: Ground Station GPS {'gs_lat': 0.0
328	16:47:14: Ground Station GPS {'gs_lat': 0.0
329	16:47:16: Ground Station GPS {'gs_lat': 0.0
330	16:47:18: Ground Station GPS {'gs_lat': 0.0
331	16:47:20: Ground Station GPS {'gs_lat': 0.0
332	16:47:22: Ground Station GPS {'gs_lat': 0.0
333	16:47:24: Ground Station GPS {'gs_lat': 0.0
334	16:47:26: Ground Station GPS {'gs_lat': 0.0
335	16:47:28: Ground Station GPS {'gs_lat': 0.0
336	16:47:30: Ground Station GPS {'gs_lat': 0.0
337	16:47:32: Ground Station GPS {'gs_lat': 0.0
338	16:47:34: Ground Station GPS {'gs_lat': 0.0
339	16:47:36: Ground Station GPS {'gs_lat': 0.0
340	16:47:38: Ground Station GPS {'gs_lat': 0.0
341	16:47:40: Ground Station GPS {'gs_lat': 0.0
342	16:47:42: Ground Station GPS {'gs_lat': 0.0
343	16:47:44: Ground Station GPS {'gs_lat': 0.0
344	16:47:46: Ground Station GPS {'gs_lat': 0.0
345	16:47:48: Ground Station GPS {'gs_lat': 0.0
346	16:47:50: Ground Station GPS {'gs_lat': 0.0
347	16:47:52: Ground Station GPS {'gs_lat': 0.0
348	16:47:54: Ground Station GPS {'gs_lat': 0.0
349	16:47:56: Ground Station GPS {'gs_lat': 0.0
350	16:47:58: Ground Station GPS {'gs_lat': 0.0
351	16:48:00: Ground Station GPS {'gs_lat': 0.0
352	16:48:02: Ground Station GPS {'gs_lat': 0.0
353	16:48:04: Ground Station GPS {'gs_lat': 0.0
354	16:48:06: Ground Station GPS {'gs_lat': 0.0
355	16:48:08: Ground Station GPS {'gs_lat': 0.0
356	16:48:10: Ground Station GPS {'gs_lat': 0.0
357	16:48:12: Ground Station GPS {'gs_lat': 0.0
358	16:48:14: Ground Station GPS {'gs_lat': 0.0
359	16:48:16: Ground Station GPS {'gs_lat': 0.0
360	16:48:18: Ground Station GPS {'gs_lat': 0.0
361	16:48:20: Ground Station GPS {'gs_lat': 0.0
362	16:48:22: Ground Station GPS {'gs_lat': 0.0
363	16:48:24: Ground Station GPS {'gs_lat': 0.0
364	16:48:26: Ground Station GPS {'gs_lat': 0.0
365	16:48:28: Ground Station GPS {'gs_lat': 0.0
366	16:48:30: Ground Station GPS {'gs_lat': 0.0
367	16:48:32: Ground Station GPS {'gs_lat': 0.0
368	16:48:34: Ground Station GPS {'gs_lat': 0.0
369	16:48:36: Ground Station GPS {'gs_lat': 0.0
370	16:48:38: Ground Station GPS {'gs_lat': 0.0
371	16:48:40: Ground Station GPS {'gs_lat': 0.0
372	16:48:42: Ground Station GPS {'gs_lat': 0.0
373	16:48:44: Ground Station GPS {'gs_lat': 0.0
374	16:48:46: Ground Station GPS {'gs_lat': 0.0
375	16:48:48: Ground Station GPS {'gs_lat': 0.0
376	16:48:50: Ground Station GPS {'gs_lat': 0.0
377	16:48:52: Ground Station GPS {'gs_lat': 0.0
378	16:48:54: Ground Station GPS {'gs_lat': 0.0
379	16:48:56: Ground Station GPS {'gs_lat': 0.0
380	16:48:58: Ground Station GPS {'gs_lat': 0.0
381	16:49:00: Ground Station GPS {'gs_lat': 0.0
382	16:49:02: Ground Station GPS {'gs_lat': 0.0
383	16:49:04: Ground Station GPS {'gs_lat': 0.0
384	16:49:06: Ground Station GPS {'gs_lat': 0.0
385	16:49:08: Ground Station GPS {'gs_lat': 0.0
386	16:49:10: Ground Station GPS {'gs_lat': 0.0
387	16:49:12: Ground Station GPS {'gs_lat': 0.0
388	16:49:14: Ground Station GPS {'gs_lat': 0.0
389	16:49:16: Ground Station GPS {'gs_lat': 0.0
390	16:49:18: Ground Station GPS {'gs_lat': 0.0
391	16:49:20: Ground Station GPS {'gs_lat': 0.0
392	16:49:22: Ground Station GPS {'gs_lat': 0.0
393	16:49:24: Ground Station GPS {'gs_lat': 0.0
394	16:49:26: Ground Station GPS {'gs_lat': 0.0
395	16:49:28: Ground Station GPS {'gs_lat': 0.0
396	16:49:30: Ground Station GPS {'gs_lat': 0.0
397	16:49:32: Ground Station GPS {'gs_lat': 0.0
398	16:49:34: Ground Station GPS {'gs_lat': 0.0
399	16:49:36: Ground Station GPS {'gs_lat': 0.0
400	16:49:38: Ground Station GPS {'gs_lat': 0.0
401	16:49:40: Ground Station GPS {'gs_lat': 0.0
402	16:49:42: Ground Station GPS {'gs_lat': 0.0
403	16:49:44: Ground Station GPS {'gs_lat': 0.0
404	16:49:46: Ground Station GPS {'gs_lat': 0.0
405	16:49:48: Ground Station GPS {'gs_lat': 0.0
406	16:49:50: Ground Station GPS {'gs_lat': 0.0
407	16:49:52: Ground Station GPS {'gs_lat': 0.0
408	16:49:54: Ground Station GPS {'gs_lat': 0.0
409	16:49:56: Ground Station GPS {'gs_lat': 0.0
410	16:49:58: Ground Station GPS {'gs_lat': 0.0
411	16:50:00: Ground Station GPS {'gs_lat': 0.0
412	16:50:02: Ground Station GPS {'gs_lat': 0.0
413	16:50:04: Ground Station GPS {'gs_lat': 0.0
414	16:50:06: Ground Station GPS {'gs_lat': 0.0
415	16:50:08: Ground Station GPS {'gs_lat': 0.0
416	16:50:10: Ground Station GPS {'gs_lat': 0.0
417	16:50:12: Ground Station GPS {'gs_lat': 0.0
418	16:50:14: Ground Station GPS {'gs_lat': 0.0
419	16:50:16: Ground Station GPS {'gs_lat': 0.0
420	16:50:18: Ground Station GPS {'gs_lat': 0.0
421	16:50:20: Ground Station GPS {'gs_lat': 0.0
422	16:50:22: Ground Station GPS {'gs_lat': 0.0
423	16:50:24: Ground Station GPS {'gs_lat': 0.0
424	16:50:26: Ground Station GPS {'gs_lat': 0.0
425	16:50:28: Ground Station GPS {'gs_lat': 0.0
426	16:50:30: Ground Station GPS {'gs_lat': 0.0
427	16:50:32: Ground Station GPS {'gs_lat': 0.0
428	16:50:34: Ground Station GPS {'gs_lat': 0.0
429	16:50:36: Ground Station GPS {'gs_lat': 0.0
430	16:50:38: Ground Station GPS {'gs_lat': 0.0
431	16:50:40: Ground Station GPS {'gs_lat': 0.0
432	16:50:42: Ground Station GPS {'gs_lat': 0.0
433	16:50:44: Ground Station GPS {'gs_lat': 0.0
434	16:50:46: Ground Station GPS {'gs_lat': 0.0
435	16:50:48: Ground Station GPS {'gs_lat': 0.0
436	16:50:50: Ground Station GPS {'gs_lat': 0.0
437	16:50:52: Ground Station GPS {'gs_lat': 0.0
438	16:50:54: Ground Station GPS {'gs_lat': 0.0
439	16:50:56: Ground Station GPS {'gs_lat': 0.0
440	16:50:58: Ground Station GPS {'gs_lat': 0.0
441	16:51:00: Ground Station GPS {'gs_lat': 0.0
442	16:51:02: Ground Station GPS {'gs_lat': 0.0
443	16:51:04: Ground Station GPS {'gs_lat': 0.0
444	16:51:06: Ground Station GPS {'gs_lat': 0.0
445	16:51:08: Ground Station GPS {'gs_lat': 0.0
446	16:51:10: Ground Station GPS {'gs_lat': 0.0
447	16:51:12: Ground Station GPS {'gs_lat': 0.0
448	16:51:14: Ground Station GPS {'gs_lat': 0.0
449	16:51:16: Ground Station GPS {'gs_lat': 0.0
450	16:51:18: Ground Station GPS {'gs_lat': 0.0
451	16:51:20: Ground Station GPS {'gs_lat': 0.0
452	16:51:22: Ground Station GPS {'gs_lat': 0.0
453	16:51:24: Ground Station GPS {'gs_lat': 0.0
454	16:51:26: Ground Station GPS {'gs_lat': 0.0
455	16:51:28: Ground Station GPS {'gs_lat': 0.0
456	16:51:30: Ground Station GPS {'gs_lat': 0.0
457	16:51:32: Ground Station GPS {'gs_lat': 0.0
458	16:51:34: Ground Station GPS {'gs_lat': 0.0
459	16:51:36: Ground Station GPS {'gs_lat': 0.0
460	16:51:38: Ground Station GPS {'gs_lat': 0.0
461	16:51:40: Ground Station GPS {'gs_lat': 0.0
462	16:51:42: Ground Station GPS {'gs_lat': 0.0
463	16:51:44: Ground Station GPS {'gs_lat': 0.0
464	16:51:47: Ground Station GPS {'gs_lat': 0.0
465	16:51:49: Ground Station GPS {'gs_lat': 0.0
466	16:51:51: Ground Station GPS {'gs_lat': 0.0
467	16:51:53: Ground Station GPS {'gs_lat': 0.0
468	16:51:55: Ground Station GPS {'gs_lat': 0.0
469	16:51:57: Ground Station GPS {'gs_lat': 0.0
470	16:51:59: Ground Station GPS {'gs_lat': 0.0
471	16:52:01: Ground Station GPS {'gs_lat': 0.0
472	16:52:03: Ground Station GPS {'gs_lat': 0.0
473	16:52:05: Ground Station GPS {'gs_lat': 0.0
474	16:52:07: Ground Station GPS {'gs_lat': 0.0
475	16:52:09: Ground Station GPS {'gs_lat': 0.0
476	16:52:11: Ground Station GPS {'gs_lat': 0.0
477	16:52:11: Orientation {'radio_id': 0
478	16:52:11: Pyro Info {'radio_id': 0
479	16:52:11: Line Cutter  {'radio_id': 0
480	16:52:11: Line Cutter  {'radio_id': 0
481	16:52:11: Position Data {'radio_id': 0
482	16:52:11: Position Data {'radio_id': 0
483	16:52:11: Position Data {'radio_id': 0
484	16:52:11: Position Data {'radio_id': 0
485	16:52:11: Position Data {'radio_id': 0
486	16:52:11: Alt Info & Cfg {'radio_id': 0
487	16:52:11: Position Data {'radio_id': 0
488	16:52:11: Position Data {'radio_id': 0
489	16:52:11: Position Data {'radio_id': 0
490	16:52:12: Position Data {'radio_id': 0
491	16:52:12: Orientation {'radio_id': 0
492	16:52:12: Position Data {'radio_id': 0
493	16:52:12: Line Cutter  {'radio_id': 0
494	16:52:12: Line Cutter  {'radio_id': 0
495	16:52:12: Position Data {'radio_id': 0
496	16:52:12: Position Data {'radio_id': 0
497	16:52:12: Position Data {'radio_id': 0
498	16:52:12: Position Data {'radio_id': 0
499	16:52:12: Position Data {'radio_id': 0
500	16:52:12: Position Data {'radio_id': 0
501	16:52:12: Position Data {'radio_id': 0
502	16:52:12: Alt Info & Cfg {'radio_id': 0
503	16:52:13: Position Data {'radio_id': 0
504	16:52:13: Ground Station GPS {'gs_lat': 0.0
505	16:52:13: Position Data {'radio_id': 0
506	16:52:13: Orientation {'radio_id': 0
507	16:52:13: Pyro Info {'radio_id': 0
508	16:52:13: Line Cutter  {'radio_id': 0
509	16:52:13: Line Cutter  {'radio_id': 0
510	16:52:13: Position Data {'radio_id': 0
511	16:52:13: Position Data {'radio_id': 0
512	16:52:13: Position Data {'radio_id': 0
513	16:52:13: Position Data {'radio_id': 0
514	16:52:13: Position Data {'radio_id': 0
515	16:52:13: Position Data {'radio_id': 0
516	16:52:13: Position Data {'radio_id': 0
517	16:52:13: Position Data {'radio_id': 0
518	16:52:14: Position Data {'radio_id': 0
519	16:52:14: Alt Info & Cfg {'radio_id': 0
520	16:52:14: Position Data {'radio_id': 0
521	16:52:14: Orientation {'radio_id': 0
522	16:52:14: Pyro Info {'radio_id': 0
523	16:52:14: Line Cutter  {'radio_id': 0
524	16:52:14: Line Cutter  {'radio_id': 0
525	16:52:14: Position Data {'radio_id': 0
526	16:52:14: Position Data {'radio_id': 0
527	16:52:14: Position Data {'radio_id': 0
528	16:52:14: Position Data {'radio_id': 0
529	16:52:14: Position Data {'radio_id': 0
530	16:52:14: Position Data {'radio_id': 0
531	16:52:14: Position Data {'radio_id': 0
532	16:52:15: Position Data {'radio_id': 0
533	16:52:15: Ground Station GPS {'gs_lat': 0.0
534	16:52:15: Position Data {'radio_id': 0
535	16:52:15: Orientation {'radio_id': 0
536	16:52:15: Pyro Info {'radio_id': 0
537	16:52:15: Line Cutter  {'radio_id': 0
538	16:52:15: Line Cutter  {'radio_id': 0
539	16:52:15: Position Data {'radio_id': 0
540	16:52:15: Position Data {'radio_id': 0
541	16:52:15: Alt Info & Cfg {'radio_id': 0
542	16:52:15: Position Data {'radio_id': 0
543	16:52:15: Position Data {'radio_id': 0
544	16:52:15: Position Data {'radio_id': 0
545	16:52:15: Position Data {'radio_id': 0
546	16:52:15: Position Data {'radio_id': 0
547	16:52:15: Position Data {'radio_id': 0
548	16:52:16: Position Data {'radio_id': 0
549	16:52:16: Position Data {'radio_id': 0
550	16:52:16: Orientation {'radio_id': 0
551	16:52:16: Pyro Info {'radio_id': 0
552	16:52:16: Line Cutter  {'radio_id': 0
553	16:52:16: Line Cutter  {'radio_id': 0
554	16:52:16: Position Data {'radio_id': 0
555	16:52:16: Position Data {'radio_id': 0
556	16:52:16: Position Data {'radio_id': 0
557	16:52:16: Position Data {'radio_id': 0
558	16:52:16: Alt Info & Cfg {'radio_id': 0
559	16:52:16: Position Data {'radio_id': 0
560	16:52:16: Position Data {'radio_id': 0
561	16:52:16: Position Data {'radio_id': 0
562	16:52:17: Position Data {'radio_id': 0
563	16:52:17: Ground Station GPS {'gs_lat': 0.0
564	16:52:17: Position Data {'radio_id': 0
565	16:52:17: Orientation {'radio_id': 0
566	16:52:17: Pyro Info {'radio_id': 0
567	16:52:17: Line Cutter 0 {'radio_id': 0
568	16:52:17: Line Cutter  {'radio_id': 0
569	16:52:17: Position Data {'radio_id': 0
570	16:52:17: Position Data {'radio_id': 0
571	16:52:17: Position Data {'radio_id': 0
572	16:52:17: Position Data {'radio_id': 0
573	16:52:17: Position Data {'radio_id': 0
574	16:52:17: Alt Info & Cfg {'radio_id': 0
575	16:52:17: Position Data {'radio_id': 0
576	16:52:17: Position Data {'radio_id': 0
577	16:52:18: Position Data {'radio_id': 0
578	16:52:18: Position Data {'radio_id': 0
579	16:52:18: Orientation {'radio_id': 0
580	16:52:18: Pyro Info {'radio_id': 0
581	16:52:18: Line Cutter  {'radio_id': 0
582	16:52:18: Line Cutter  {'radio_id': 0
583	16:52:18: Position Data {'radio_id': 0
584	16:52:18: Position Data {'radio_id': 0
585	16:52:18: Position Data {'radio_id': 0
586	16:52:18: Position Data {'radio_id': 0
587	16:52:18: Position Data {'radio_id': 0
588	16:52:18: Position Data {'radio_id': 0
589	16:52:18: Position Data {'radio_id': 0
590	16:52:19: Position Data {'radio_id': 0
591	16:52:19: Alt Info & Cfg {'radio_id': 0
592	16:52:19: Ground Station GPS {'gs_lat': 0.0
593	16:52:19: Position Data {'radio_id': 0
594	16:52:19: Orientation {'radio_id': 0
595	16:52:19: Position Data {'radio_id': 0
596	16:52:19: Pyro Info {'radio_id': 0
597	16:52:19: Line Cutter  {'radio_id': 0
598	16:52:19: Line Cutter  {'radio_id': 0
599	16:52:19: Position Data {'radio_id': 0
600	16:52:19: Position Data {'radio_id': 0
601	16:52:19: Position Data {'radio_id': 0
602	16:52:19: Position Data {'radio_id': 0
603	16:52:19: Position Data {'radio_id': 0
604	16:52:19: Position Data {'radio_id': 0
605	16:52:19: Position Data {'radio_id': 0
606	16:52:20: Position Data {'radio_id': 0
607	16:52:20: Position Data {'radio_id': 0
608	16:52:20: Orientation {'radio_id': 0
609	16:52:20: Pyro Info {'radio_id': 0
610	16:52:20: Line Cutter  {'radio_id': 0
611	16:52:20: Line Cutter  {'radio_id': 0
612	16:52:20: Alt Info & Cfg {'radio_id': 0
613	16:52:20: Position Data {'radio_id': 0
614	16:52:20: Position Data {'radio_id': 0
615	16:52:20: Position Data {'radio_id': 0
616	16:52:20: Position Data {'radio_id': 0
617	16:52:20: Position Data {'radio_id': 0
618	16:52:20: Position Data {'radio_id': 0
619	16:52:20: Position Data {'radio_id': 0
620	16:52:21: Position Data {'radio_id': 0
621	16:52:21: Ground Station GPS {'gs_lat': 0.0
622	16:52:21: Position Data {'radio_id': 0
623	16:52:21: Position Data {'radio_id': 0
624	16:52:21: Orientation {'radio_id': 0
625	16:52:21: Pyro Info {'radio_id': 0
626	16:52:21: Line Cutter  {'radio_id': 0
627	16:52:21: Line Cutter  {'radio_id': 0
628	16:52:21: Position Data {'radio_id': 0
629	16:52:21: Position Data {'radio_id': 0
630	16:52:21: Alt Info & Cfg {'radio_id': 0
631	16:52:21: Position Data {'radio_id': 0
632	16:52:21: Position Data {'radio_id': 0
633	16:52:21: Position Data {'radio_id': 0
634	16:52:21: Position Data {'radio_id': 0
635	16:52:21: Position Data {'radio_id': 0
636	16:52:22: Position Data {'radio_id': 0
637	16:52:22: Position Data {'radio_id': 0
638	16:52:22: Orientation {'radio_id': 0
639	16:52:22: Pyro Info {'radio_id': 0
640	16:52:22: Line Cutter  {'radio_id': 0
641	16:52:22: Position Data {'radio_id': 0
642	16:52:22: Position Data {'radio_id': 0
643	16:52:22: Position Data {'radio_id': 0
644	16:52:22: Position Data {'radio_id': 0
645	16:52:22: Alt Info & Cfg {'radio_id': 0
646	16:52:22: Position Data {'radio_id': 0
647	16:52:22: Position Data {'radio_id': 0
648	16:52:22: Position Data {'radio_id': 0
649	16:52:23: Position Data {'radio_id': 0
650	16:52:23: Ground Station GPS {'gs_lat': 0.0
651	16:52:23: Position Data {'radio_id': 0
652	16:52:23: Position Data {'radio_id': 0
653	16:52:23: Pyro Info {'radio_id': 0
654	16:52:23: Line Cutter  {'radio_id': 0
655	16:52:23: Line Cutter  {'radio_id': 0
656	16:52:23: Position Data {'radio_id': 0
657	16:52:23: Position Data {'radio_id': 0
658	16:52:23: Position Data {'radio_id': 0
659	16:52:23: Position Data {'radio_id': 0
660	16:52:23: Position Data {'radio_id': 0
661	16:52:23: Position Data {'radio_id': 0
662	16:52:23: Alt Info & Cfg {'radio_id': 0
663	16:52:23: Position Data {'radio_id': 0
664	16:52:24: Position Data {'radio_id': 0
665	16:52:24: Position Data {'radio_id': 0
666	16:52:24: Orientation {'radio_id': 0
667	16:52:24: Pyro Info {'radio_id': 0
668	16:52:24: Line Cutter  {'radio_id': 0
669	16:52:24: Position Data {'radio_id': 0
670	16:52:24: Position Data {'radio_id': 0
671	16:52:24: Position Data {'radio_id': 0
672	16:52:24: Position Data {'radio_id': 0
673	16:52:24: Position Data {'radio_id': 0
674	16:52:24: Position Data {'radio_id': 0
675	16:52:24: Position Data {'radio_id': 0
676	16:52:25: Position Data {'radio_id': 0
677	16:52:25: Ground Station GPS {'gs_lat': 0.0
678	16:52:25: Position Data {'radio_id': 0
679	16:52:25: Alt Info & Cfg {'radio_id': 0
680	16:52:25: Position Data {'radio_id': 0
681	16:52:25: Orientation {'radio_id': 0
682	16:52:25: Pyro Info {'radio_id': 0
683	16:52:25: Line Cutter  {'radio_id': 0
684	16:52:25: Line Cutter 0 {'radio_id': 0
685	16:52:25: Position Data {'radio_id': 0
686	16:52:25: Position Data {'radio_id': 0
687	16:52:25: Position Data {'radio_id': 0
688	16:52:25: Position Data {'radio_id': 0
689	16:52:25: Position Data {'radio_id': 0
690	16:52:25: Position Data {'radio_id': 0
691	16:52:26: Position Data {'radio_id': 0
692	16:52:26: Position Data {'radio_id': 0
693	16:52:26: Position Data {'radio_id': 0
694	16:52:26: Orientation {'radio_id': 0
695	16:52:26: Position Data {'radio_id': 0
696	16:52:26: Pyro Info {'radio_id': 0
697	16:52:26: Line Cutter  {'radio_id': 0
698	16:52:26: Line Cutter  {'radio_id': 0
699	16:52:26: Alt Info & Cfg {'radio_id': 0
700	16:52:26: Position Data {'radio_id': 0
701	16:52:26: Position Data {'radio_id': 0
702	16:52:26: Position Data {'radio_id': 0
703	16:52:26: Position Data {'radio_id': 0
704	16:52:26: Position Data {'radio_id': 0
705	16:52:26: Position Data {'radio_id': 0
706	16:52:27: Position Data {'radio_id': 0
707	16:52:27: Position Data {'radio_id': 0
708	16:52:27: Position Data {'radio_id': 0
709	16:52:27: Orientation {'radio_id': 0
710	16:52:27: Line Cutter  {'radio_id': 0
711	16:52:27: Line Cutter  {'radio_id': 0
712	16:52:27: Position Data {'radio_id': 0
713	16:52:27: Position Data {'radio_id': 0
714	16:52:27: Position Data {'radio_id': 0
715	16:52:27: Alt Info & Cfg {'radio_id': 0
716	16:52:27: Position Data {'radio_id': 0
717	16:52:27: Position Data {'radio_id': 0
718	16:52:27: Position Data {'radio_id': 0
719	16:52:27: Position Data {'radio_id': 0
720	16:52:28: Position Data {'radio_id': 0
721	16:52:28: Position Data {'radio_id': 0
722	16:52:28: Position Data {'radio_id': 0
723	16:52:28: Orientation {'radio_id': 0
724	16:52:28: Pyro Info {'radio_id': 0
725	16:52:28: Line Cutter 0 {'radio_id': 0
726	16:52:28: Line Cutter  {'radio_id': 0
727	16:52:28: Position Data {'radio_id': 0
728	16:52:28: Position Data {'radio_id': 0
729	16:52:28: Position Data {'radio_id': 0
730	16:52:28: Position Data {'radio_id': 0
731	16:52:28: Alt Info & Cfg {'radio_id': 0
732	16:52:28: Position Data {'radio_id': 0
733	16:52:28: Position Data {'radio_id': 0
734	16:52:29: Position Data {'radio_id': 0
735	16:52:29: Position Data {'radio_id': 0
736	16:52:29: Position Data {'radio_id': 0
737	16:52:29: Orientation {'radio_id': 0
738	16:52:29: Pyro Info {'radio_id': 0
739	16:52:29: Line Cutter  {'radio_id': 0
740	16:52:29: Line Cutter  {'radio_id': 0
741	16:52:29: Position Data {'radio_id': 0
742	16:52:29: Position Data {'radio_id': 0
743	16:52:29: Position Data {'radio_id': 0
744	16:52:29: Position Data {'radio_id': 0
745	16:52:29: Position Data {'radio_id': 0
746	16:52:29: Position Data {'radio_id': 0
747	16:52:29: Position Data {'radio_id': 0
748	16:52:30: Alt Info & Cfg {'radio_id': 0
749	16:52:30: Position Data {'radio_id': 0
750	16:52:30: Position Data {'radio_id': 0
751	16:52:30: Position Data {'radio_id': 0
752	16:52:30: Orientation {'radio_id': 0
753	16:52:30: Pyro Info {'radio_id': 0
754	16:52:30: Line Cutter  {'radio_id': 0
755	16:52:30: Line Cutter  {'radio_id': 0
756	16:52:30: Position Data {'radio_id': 0
757	16:52:30: Position Data {'radio_id': 0
758	16:52:30: Position Data {'radio_id': 0
759	16:52:30: Position Data {'radio_id': 0
760	16:52:30: Position Data {'radio_id': 0
761	16:52:30: Position Data {'radio_id': 0
762	16:52:31: Position Data {'radio_id': 0
763	16:52:31: Position Data {'radio_id': 0
764	16:52:31: Alt Info & Cfg {'radio_id': 0
765	16:52:31: Position Data {'radio_id': 0
766	16:52:31: Orientation {'radio_id': 0
767	16:52:31: Pyro Info {'radio_id': 0
768	16:52:31: Line Cutter  {'radio_id': 0
769	16:52:31: Line Cutter  {'radio_id': 0
770	16:52:31: Position Data {'radio_id': 0
771	16:52:31: Position Data {'radio_id': 0
772	16:52:31: Position Data {'radio_id': 0
773	16:52:31: Position Data {'radio_id': 0
774	16:52:31: Position Data {'radio_id': 0
775	16:52:31: Position Data {'radio_id': 0
776	16:52:32: Position Data {'radio_id': 0
777	16:52:32: Position Data {'radio_id': 0
778	16:52:32: Position Data {'radio_id': 0
779	16:52:32: Position Data {'radio_id': 0
780	16:52:32: Orientation {'radio_id': 0
781	16:52:32: Pyro Info {'radio_id': 0
782	16:52:32: Line Cutter  {'radio_id': 0
783	16:52:32: Line Cutter  {'radio_id': 0
784	16:52:32: Position Data {'radio_id': 0
785	16:52:32: Alt Info & Cfg {'radio_id': 0
786	16:52:32: Position Data {'radio_id': 0
787	16:52:32: Position Data {'radio_id': 0
788	16:52:32: Position Data {'radio_id': 0
789	16:52:32: Position Data {'radio_id': 0
790	16:52:32: Position Data {'radio_id': 0
791	16:52:33: Position Data {'radio_id': 0
792	16:52:33: Position Data {'radio_id': 0
793	16:52:33: Position Data {'radio_id': 0
794	16:52:33: Orientation {'radio_id': 0
795	16:52:33: Position Data {'radio_id': 0
796	16:52:33: Pyro Info {'radio_id': 0
797	16:52:33: Line Cutter  {'radio_id': 0
798	16:52:33: Line Cutter  {'radio_id': 0
799	16:52:33: Position Data {'radio_id': 0
800	16:52:33: Position Data {'radio_id': 0
801	16:52:33: Position Data {'radio_id': 0
802	16:52:33: Position Data {'radio_id': 0
803	16:52:33: Position Data {'radio_id': 0
804	16:52:34: Position Data {'radio_id': 0
805	16:52:34: Position Data {'radio_id': 0
806	16:52:34: Position Data {'radio_id': 0
807	16:52:34: Position Data {'radio_id': 0
808	16:52:34: Orientation {'radio_id': 0
809	16:52:34: Pyro Info {'radio_id': 0
810	16:52:34: Line Cutter  {'radio_id': 0
811	16:52:34: Position Data {'radio_id': 0
812	16:52:34: Position Data {'radio_id': 0
813	16:52:34: Position Data {'radio_id': 0
814	16:52:34: Position Data {'radio_id': 0
815	16:52:34: Position Data {'radio_id': 0
816	16:52:34: Alt Info & Cfg {'radio_id': 0
817	16:52:34: Position Data {'radio_id': 0
818	16:52:35: Position Data {'radio_id': 0
819	16:52:35: Position Data {'radio_id': 0
820	16:52:35: Position Data {'radio_id': 0
821	16:52:35: Position Data {'radio_id': 0
822	16:52:35: Orientation {'radio_id': 0
823	16:52:35: Line Cutter  {'radio_id': 0
824	16:52:35: Line Cutter  {'radio_id': 0
825	16:52:35: Position Data {'radio_id': 0
826	16:52:35: Position Data {'radio_id': 0
827	16:52:35: Position Data {'radio_id': 0
828	16:52:35: Position Data {'radio_id': 0
829	16:52:35: Position Data {'radio_id': 0
830	16:52:36: Position Data {'radio_id': 0
831	16:52:36: Position Data {'radio_id': 0
832	16:52:36: Alt Info & Cfg {'radio_id': 0
833	16:52:36: Position Data {'radio_id': 0
834	16:52:36: Position Data {'radio_id': 0
835	16:52:36: Orientation {'radio_id': 0
836	16:52:36: Pyro Info {'radio_id': 0
837	16:52:36: Line Cutter  {'radio_id': 0
838	16:52:36: Line Cutter  {'radio_id': 0
839	16:52:36: Position Data {'radio_id': 0
840	16:52:36: Position Data {'radio_id': 0
841	16:52:36: Position Data {'radio_id': 0
842	16:52:36: Position Data {'radio_id': 0
843	16:52:36: Position Data {'radio_id': 0
844	16:52:36: Position Data {'radio_id': 0
845	16:52:37: Position Data {'radio_id': 0
846	16:52:37: Position Data {'radio_id': 0
847	16:52:37: Ground Station GPS {'gs_lat': 0.0
848	16:52:37: Position Data {'radio_id': 0
849	16:52:37: Alt Info & Cfg {'radio_id': 0
850	16:52:37: Position Data {'radio_id': 0
851	16:52:37: Orientation {'radio_id': 0
852	16:52:37: Pyro Info {'radio_id': 0
853	16:52:37: Line Cutter  {'radio_id': 0
854	16:52:37: Line Cutter  {'radio_id': 0
855	16:52:37: Position Data {'radio_id': 0
856	16:52:37: Position Data {'radio_id': 0
857	16:52:37: Position Data {'radio_id': 0
858	16:52:37: Position Data {'radio_id': 0
859	16:52:37: Position Data {'radio_id': 0
860	16:52:38: Position Data {'radio_id': 0
861	16:52:38: Position Data {'radio_id': 0
862	16:52:38: Position Data {'radio_id': 0
863	16:52:38: Position Data {'radio_id': 0
864	16:52:38: Orientation {'radio_id': 0
865	16:52:38: Line Cutter  {'radio_id': 0
866	16:52:38: Line Cutter  {'radio_id': 0
867	16:52:38: Position Data {'radio_id': 0
868	16:52:38: Position Data {'radio_id': 0
869	16:52:38: Alt Info & Cfg {'radio_id': 0
870	16:52:38: Position Data {'radio_id': 0
871	16:52:38: Position Data {'radio_id': 0
872	16:52:38: Position Data {'radio_id': 0
873	16:52:38: Position Data {'radio_id': 0
874	16:52:39: Position Data {'radio_id': 0
875	16:52:39: Position Data {'radio_id': 0
876	16:52:39: Ground Station GPS {'gs_lat': 0.0
877	16:52:39: Position Data {'radio_id': 0
878	16:52:39: Position Data {'radio_id': 0
879	16:52:39: Orientation {'radio_id': 0
880	16:52:39: Pyro Info {'radio_id': 0
881	16:52:39: Line Cutter  {'radio_id': 0
882	16:52:39: Position Data {'radio_id': 0
883	16:52:39: Position Data {'radio_id': 0
884	16:52:39: Position Data {'radio_id': 0
885	16:52:39: Alt Info & Cfg {'radio_id': 0
886	16:52:39: Position Data {'radio_id': 0
887	16:52:39: Position Data {'radio_id': 0
888	16:52:40: Position Data {'radio_id': 0
889	16:52:40: Position Data {'radio_id': 0
890	16:52:40: Position Data {'radio_id': 0
891	16:52:40: Position Data {'radio_id': 0
892	16:52:40: Orientation {'radio_id': 0
893	16:52:40: Position Data {'radio_id': 0
894	16:52:40: Pyro Info {'radio_id': 0
895	16:52:40: Line Cutter  {'radio_id': 0
896	16:52:40: Line Cutter  {'radio_id': 0
897	16:52:40: Position Data {'radio_id': 0
898	16:52:40: Position Data {'radio_id': 0
899	16:52:40: Position Data {'radio_id': 0
900	16:52:40: Position Data {'radio_id': 0
901	16:52:40: Position Data {'radio_id': 0
902	16:52:41: Alt Info & Cfg {'radio_id': 0
903	16:52:41: Position Data {'radio_id': 0
904	16:52:41: Position Data {'radio_id': 0
905	16:52:41: Ground Station GPS {'gs_lat': 0.0
906	16:52:41: Position Data {'radio_id': 0
907	16:52:41: Position Data {'radio_id': 0
908	16:52:41: Orientation {'radio_id': 0
909	16:52:41: Pyro Info {'radio_id': 0
910	16:52:41: Line Cutter  {'radio_id': 0
911	16:52:41: Line Cutter  {'radio_id': 0
912	16:52:41: Position Data {'radio_id': 0
913	16:52:41: Position Data {'radio_id': 0
914	16:52:41: Position Data {'radio_id': 0
915	16:52:41: Position Data {'radio_id': 0
916	16:52:41: Position Data {'radio_id': 0
917	16:52:42: Position Data {'radio_id': 0
918	16:52:42: Position Data {'radio_id': 0
919	16:52:42: Position Data {'radio_id': 0
920	16:52:42: Alt Info & Cfg {'radio_id': 0
921	16:52:42: Position Data {'radio_id': 0
922	16:52:42: Position Data {'radio_id': 0
923	16:52:42: Orientation {'radio_id': 0
924	16:52:42: Pyro Info {'radio_id': 0
925	16:52:42: Line Cutter  {'radio_id': 0
926	16:52:42: Line Cutter  {'radio_id': 0
927	16:52:42: Position Data {'radio_id': 0
928	16:52:42: Position Data {'radio_id': 0
929	16:52:42: Position Data {'radio_id': 0
930	16:52:42: Position Data {'radio_id': 0
931	16:52:42: Position Data {'radio_id': 0
932	16:52:43: Position Data {'radio_id': 0
933	16:52:43: Position Data {'radio_id': 0
934	16:52:43: Ground Station GPS {'gs_lat': 0.0
935	16:52:43: Position Data {'radio_id': 0
936	16:52:43: Position Data {'radio_id': 0
937	16:52:43: Alt Info & Cfg {'radio_id': 0
938	16:52:43: Orientation {'radio_id': 0
939	16:52:43: Pyro Info {'radio_id': 0
940	16:52:43: Line Cutter  {'radio_id': 0
941	16:52:43: Line Cutter  {'radio_id': 0
942	16:52:43: Position Data {'radio_id': 0
943	16:52:43: Position Data {'radio_id': 0
944	16:52:43: Position Data {'radio_id': 0
945	16:52:43: Position Data {'radio_id': 0
946	16:52:43: Position Data {'radio_id': 0
947	16:52:44: Position Data {'radio_id': 0
948	16:52:44: Position Data {'radio_id': 0
949	16:52:44: Position Data {'radio_id': 0
950	16:52:44: Position Data {'radio_id': 0
951	16:52:44: Position Data {'radio_id': 0
952	16:52:44: Orientation {'radio_id': 0
953	16:52:44: Pyro Info {'radio_id': 0
954	16:52:44: Line Cutter 0 {'radio_id': 0
955	16:52:44: Line Cutter  {'radio_id': 0
956	16:52:44: Position Data {'radio_id': 0
957	16:52:44: Position Data {'radio_id': 0
958	16:52:44: Alt Info & Cfg {'radio_id': 0
959	16:52:44: Position Data {'radio_id': 0
960	16:52:44: Position Data {'radio_id': 0
961	16:52:44: Position Data {'radio_id': 0
962	16:52:45: Position Data {'radio_id': 0
963	16:52:45: Position Data {'radio_id': 0
964	16:52:45: Ground Station GPS {'gs_lat': 0.0
965	16:52:45: Position Data {'radio_id': 0
966	16:52:45: Position Data {'radio_id': 0
967	16:52:45: Orientation {'radio_id': 0
968	16:52:45: Line Cutter  {'radio_id': 0
969	16:52:45: Line Cutter  {'radio_id': 0
970	16:52:45: Position Data {'radio_id': 0
971	16:52:45: Position Data {'radio_id': 0
972	16:52:45: Position Data {'radio_id': 0
973	16:52:45: Position Data {'radio_id': 0
974	16:52:45: Alt Info & Cfg {'radio_id': 0
975	16:52:45: Position Data {'radio_id': 0
976	16:52:46: Position Data {'radio_id': 0
977	16:52:46: Position Data {'radio_id': 0
978	16:52:46: Position Data {'radio_id': 0
979	16:52:46: Position Data {'radio_id': 0
980	16:52:46: Position Data {'radio_id': 0
981	16:52:46: Orientation {'radio_id': 0
982	16:52:46: Pyro Info {'radio_id': 0
983	16:52:46: Line Cutter  {'radio_id': 0
984	16:52:46: Line Cutter  {'radio_id': 0
985	16:52:46: Position Data {'radio_id': 0
986	16:52:46: Position Data {'radio_id': 0
987	16:52:46: Position Data {'radio_id': 0
988	16:52:46: Position Data {'radio_id': 0
989	16:52:46: Position Data {'radio_id': 0
990	16:52:47: Position Data {'radio_id': 0
991	16:52:47: Position Data {'radio_id': 0
992	16:52:47: Ground Station GPS {'gs_lat': 0.0
993	16:52:47: Position Data {'radio_id': 0
994	16:52:47: Position Data {'radio_id': 0
995	16:52:47: Orientation {'radio_id': 0
996	16:52:47: Pyro Info {'radio_id': 0
997	16:52:47: Line Cutter  {'radio_id': 0
998	16:52:47: Line Cutter  {'radio_id': 0
999	16:52:47: Position Data {'radio_id': 0
1000	16:52:47: Position Data {'radio_id': 0
1001	16:52:47: Position Data {'radio_id': 0
1002	16:52:47: Position Data {'radio_id': 0
1003	16:52:48: Position Data {'radio_id': 0
1004	16:52:48: Position Data {'radio_id': 0
1005	16:52:48: Position Data {'radio_id': 0
1006	16:52:48: Alt Info & Cfg {'radio_id': 0
1007	16:52:48: Position Data {'radio_id': 0
1008	16:52:48: Orientation {'radio_id': 0
1009	16:52:48: Pyro Info {'radio_id': 0
1010	16:52:48: Line Cutter  {'radio_id': 0
1011	16:52:48: Line Cutter  {'radio_id': 0
1012	16:52:48: Position Data {'radio_id': 0
1013	16:52:48: Position Data {'radio_id': 0
1014	16:52:48: Position Data {'radio_id': 0
1015	16:52:48: Position Data {'radio_id': 0
1016	16:52:48: Position Data {'radio_id': 0
1017	16:52:49: Position Data {'radio_id': 0
1018	16:52:49: Position Data {'radio_id': 0
1019	16:52:49: Ground Station GPS {'gs_lat': 0.0
1020	16:52:49: Position Data {'radio_id': 0
1021	16:52:49: Position Data {'radio_id': 0
1022	16:52:49: Position Data {'radio_id': 0
1023	16:52:49: Orientation {'radio_id': 0
1024	16:52:49: Pyro Info {'radio_id': 0
1025	16:52:49: Line Cutter  {'radio_id': 0
1026	16:52:49: Alt Info & Cfg {'radio_id': 0
1027	16:52:49: Position Data {'radio_id': 0
1028	16:52:49: Position Data {'radio_id': 0
1029	16:52:49: Position Data {'radio_id': 0
1030	16:52:49: Position Data {'radio_id': 0
1031	16:52:50: Position Data {'radio_id': 0
1032	16:52:50: Position Data {'radio_id': 0
1033	16:52:50: Position Data {'radio_id': 0
1034	16:52:50: Position Data {'radio_id': 0
1035	16:52:50: Position Data {'radio_id': 0
1036	16:52:50: Orientation {'radio_id': 0
1037	16:52:50: Pyro Info {'radio_id': 0
1038	16:52:50: Line Cutter  {'radio_id': 0
1039	16:52:50: Line Cutter  {'radio_id': 0
1040	16:52:50: Position Data {'radio_id': 0
1041	16:52:50: Position Data {'radio_id': 0
1042	16:52:50: Position Data {'radio_id': 0
1043	16:52:50: Alt Info & Cfg {'radio_id': 0
1044	16:52:50: Position Data {'radio_id': 0
1045	16:52:50: Position Data {'radio_id': 0
1046	16:52:51: Position Data {'radio_id': 0
1047	16:52:51: Position Data {'radio_id': 0
1048	16:52:51: Ground Station GPS {'gs_lat': 0.0
1049	16:52:51: Position Data {'radio_id': 0
1050	16:52:51: Position Data {'radio_id': 0
1051	16:52:51: Position Data {'radio_id': 0
1052	16:52:51: Orientation {'radio_id': 0
1053	16:52:51: Line Cutter  {'radio_id': 0
1054	16:52:51: Line Cutter  {'radio_id': 0
1055	16:52:51: Position Data {'radio_id': 0
1056	16:52:51: Position Data {'radio_id': 0
1057	16:52:51: Position Data {'radio_id': 0
1058	16:52:51: Position Data {'radio_id': 0
1059	16:52:51: Alt Info & Cfg {'radio_id': 0
1060	16:52:52: Position Data {'radio_id': 0
1061	16:52:52: Position Data {'radio_id': 0
1062	16:52:52: Position Data {'radio_id': 0
1063	16:52:52: Position Data {'radio_id': 0
1064	16:52:52: Position Data {'radio_id': 0
1065	16:52:52: Orientation {'radio_id': 0
1066	16:52:52: Pyro Info {'radio_id': 0
1067	16:52:52: Line Cutter  {'radio_id': 0
1068	16:52:52: Line Cutter  {'radio_id': 0
1069	16:52:52: Position Data {'radio_id': 0
1070	16:52:52: Position Data {'radio_id': 0
1071	16:52:52: Position Data {'radio_id': 0
1072	16:52:52: Position Data {'radio_id': 0
1073	16:52:52: Position Data {'radio_id': 0
1074	16:52:53: Position Data {'radio_id': 0
1075	16:52:53: Position Data {'radio_id': 0
1076	16:52:53: Alt Info & Cfg {'radio_id': 0
1077	16:52:53: Ground Station GPS {'gs_lat': 0.0
1078	16:52:53: Position Data {'radio_id': 0
1079	16:52:53: Position Data {'radio_id': 0
1080	16:52:53: Position Data {'radio_id': 0
1081	16:52:53: Orientation {'radio_id': 0
1082	16:52:53: Pyro Info {'radio_id': 0
1083	16:52:53: Line Cutter  {'radio_id': 0
1084	16:52:53: Line Cutter  {'radio_id': 0
1085	16:52:53: Position Data {'radio_id': 0
1086	16:52:53: Position Data {'radio_id': 0
1087	16:52:53: Position Data {'radio_id': 0
1088	16:52:53: Position Data {'radio_id': 0
1089	16:52:54: Position Data {'radio_id': 0
1090	16:52:54: Position Data {'radio_id': 0
1091	16:52:54: Position Data {'radio_id': 0
1092	16:52:54: Position Data {'radio_id': 0
1093	16:52:54: Alt Info & Cfg {'radio_id': 0
1094	16:52:54: Position Data {'radio_id': 0
1095	16:52:54: Orientation {'radio_id': 0
1096	16:52:54: Position Data {'radio_id': 0
1097	16:52:54: Pyro Info {'radio_id': 0
1098	16:52:54: Line Cutter  {'radio_id': 0
1099	16:52:54: Line Cutter  {'radio_id': 0
1100	16:52:54: Position Data {'radio_id': 0
1101	16:52:54: Position Data {'radio_id': 0
1102	16:52:54: Position Data {'radio_id': 0
1103	16:52:54: Position Data {'radio_id': 0
1104	16:52:55: Position Data {'radio_id': 0
1105	16:52:55: Position Data {'radio_id': 0
1106	16:52:55: Ground Station GPS {'gs_lat': 0.0
1107	16:52:55: Position Data {'radio_id': 0
1108	16:52:55: Position Data {'radio_id': 0
1109	16:52:55: Position Data {'radio_id': 0
1110	16:52:55: Orientation {'radio_id': 0
1111	16:52:55: Pyro Info {'radio_id': 0
1112	16:52:55: Line Cutter  {'radio_id': 0
1113	16:52:55: Line Cutter  {'radio_id': 0
1114	16:52:55: Position Data {'radio_id': 0
1115	16:52:55: Alt Info & Cfg {'radio_id': 0
1116	16:52:55: Position Data {'radio_id': 0
1117	16:52:55: Position Data {'radio_id': 0
1118	16:52:55: Position Data {'radio_id': 0
1119	16:52:56: Position Data {'radio_id': 0
1120	16:52:56: Position Data {'radio_id': 0
1121	16:52:56: Position Data {'radio_id': 0
1122	16:52:56: Position Data {'radio_id': 0
1123	16:52:56: Position Data {'radio_id': 0
1124	16:52:56: Position Data {'radio_id': 0
1125	16:52:56: Orientation {'radio_id': 0
1126	16:52:56: Pyro Info {'radio_id': 0
1127	16:52:56: Line Cutter  {'radio_id': 0
1128	16:52:56: Line Cutter  {'radio_id': 0
1129	16:52:56: Position Data {'radio_id': 0
1130	16:52:56: Position Data {'radio_id': 0
1131	16:52:56: Alt Info & Cfg {'radio_id': 0
1132	16:52:56: Position Data {'radio_id': 0
1133	16:52:57: Position Data {'radio_id': 0
1134	16:52:57: Position Data {'radio_id': 0
1135	16:52:57: Ground Station GPS {'gs_lat': 0.0
1136	16:52:57: Position Data {'radio_id': 0
1137	16:52:57: Position Data {'radio_id': 0
1138	16:52:57: Position Data {'radio_id': 0
1139	16:52:57: Orientation {'radio_id': 0
1140	16:52:57: Pyro Info {'radio_id': 0
1141	16:52:57: Line Cutter  {'radio_id': 0
1142	16:52:57: Line Cutter  {'radio_id': 0
1143	16:52:57: Position Data {'radio_id': 0
1144	16:52:57: Position Data {'radio_id': 0
1145	16:52:57: Position Data {'radio_id': 0
1146	16:52:57: Position Data {'radio_id': 0
1147	16:52:58: Position Data {'radio_id': 0
1148	16:52:58: Alt Info & Cfg {'radio_id': 0
1149	16:52:58: Position Data {'radio_id': 0
1150	16:52:58: Position Data {'radio_id': 0
1151	16:52:58: Position Data {'radio_id': 0
1152	16:52:58: Position Data {'radio_id': 0
1153	16:52:58: Position Data {'radio_id': 0
1154	16:52:58: Orientation {'radio_id': 0
1155	16:52:58: Pyro Info {'radio_id': 0
1156	16:52:58: Line Cutter  {'radio_id': 0
1157	16:52:58: Line Cutter  {'radio_id': 0
1158	16:52:58: Position Data {'radio_id': 0
1159	16:52:58: Position Data {'radio_id': 0
1160	16:52:58: Position Data {'radio_id': 0
1161	16:52:59: Position Data {'radio_id': 0
1162	16:52:59: Position Data {'radio_id': 0
1163	16:52:59: Position Data {'radio_id': 0
1164	16:52:59: Ground Station GPS {'gs_lat': 0.0
1165	16:52:59: Position Data {'radio_id': 0
1166	16:52:59: Alt Info & Cfg {'radio_id': 0
1167	16:52:59: Position Data {'radio_id': 0
1168	16:52:59: Position Data {'radio_id': 0
1169	16:52:59: Orientation {'radio_id': 0
1170	16:52:59: Pyro Info {'radio_id': 0
1171	16:52:59: Line Cutter  {'radio_id': 0
1172	16:52:59: Line Cutter  {'radio_id': 0
1173	16:52:59: Position Data {'radio_id': 0
1174	16:52:59: Position Data {'radio_id': 0
1175	16:52:59: Position Data {'radio_id': 0
1176	16:52:59: Position Data {'radio_id': 0
1177	16:53:00: Position Data {'radio_id': 0
1178	16:53:00: Position Data {'radio_id': 0
1179	16:53:00: Position Data {'radio_id': 0
1180	16:53:00: Position Data {'radio_id': 0
1181	16:53:00: Position Data {'radio_id': 0
1182	16:53:00: Alt Info & Cfg {'radio_id': 0
1183	16:53:00: Position Data {'radio_id': 0
1184	16:53:00: Orientation {'radio_id': 0
1185	16:53:00: Pyro Info {'radio_id': 0
1186	16:53:00: Line Cutter  {'radio_id': 0
1187	16:53:00: Line Cutter  {'radio_id': 0
1188	16:53:00: Position Data {'radio_id': 0
1189	16:53:00: Position Data {'radio_id': 0
1190	16:53:00: Position Data {'radio_id': 0
1191	16:53:00: Position Data {'radio_id': 0
1192	16:53:01: Position Data {'radio_id': 0
1193	16:53:01: Position Data {'radio_id': 0
1194	16:53:01: Ground Station GPS {'gs_lat': 0.0
1195	16:53:01: Position Data {'radio_id': 0
1196	16:53:01: Position Data {'radio_id': 0
1197	16:53:01: Position Data {'radio_id': 0
1198	16:53:01: Orientation {'radio_id': 0
1199	16:53:01: Position Data {'radio_id': 0
1200	16:53:01: Pyro Info {'radio_id': 0
1201	16:53:01: Line Cutter  {'radio_id': 0
1202	16:53:01: Line Cutter  {'radio_id': 0
1203	16:53:01: Position Data {'radio_id': 0
1204	16:53:01: Alt Info & Cfg {'radio_id': 0
1205	16:53:01: Position Data {'radio_id': 0
1206	16:53:01: Position Data {'radio_id': 0
1207	16:53:02: Position Data {'radio_id': 0
1208	16:53:02: Position Data {'radio_id': 0
1209	16:53:02: Position Data {'radio_id': 0
1210	16:53:02: Position Data {'radio_id': 0
1211	16:53:02: Position Data {'radio_id': 0
1212	16:53:02: Position Data {'radio_id': 0
1213	16:53:02: Orientation {'radio_id': 0
1214	16:53:02: Pyro Info {'radio_id': 0
1215	16:53:02: Line Cutter  {'radio_id': 0
1216	16:53:02: Line Cutter  {'radio_id': 0
1217	16:53:02: Position Data {'radio_id': 0
1218	16:53:02: Position Data {'radio_id': 0
1219	16:53:02: Position Data {'radio_id': 0
1220	16:53:02: Alt Info & Cfg {'radio_id': 0
1221	16:53:03: Position Data {'radio_id': 0
1222	16:53:03: Position Data {'radio_id': 0
1223	16:53:03: Ground Station GPS {'gs_lat': 0.0
1224	16:53:03: Position Data {'radio_id': 0
1225	16:53:03: Position Data {'radio_id': 0
1226	16:53:03: Position Data {'radio_id': 0
1227	16:53:03: Position Data {'radio_id': 0
1228	16:53:03: Orientation {'radio_id': 0
1229	16:53:03: Pyro Info {'radio_id': 0
1230	16:53:03: Line Cutter  {'radio_id': 0
1231	16:53:03: Line Cutter  {'radio_id': 0
1232	16:53:03: Position Data {'radio_id': 0
1233	16:53:03: Position Data {'radio_id': 0
1234	16:53:03: Position Data {'radio_id': 0
1235	16:53:04: Position Data {'radio_id': 0
1236	16:53:04: Position Data {'radio_id': 0
1237	16:53:04: Alt Info & Cfg {'radio_id': 0
1238	16:53:04: Position Data {'radio_id': 0
1239	16:53:04: Position Data {'radio_id': 0
1240	16:53:04: Position Data {'radio_id': 0
1241	16:53:04: Position Data {'radio_id': 0
1242	16:53:04: Orientation {'radio_id': 0
1243	16:53:04: Pyro Info {'radio_id': 0
1244	16:53:04: Line Cutter  {'radio_id': 0
1245	16:53:04: Position Data {'radio_id': 0
1246	16:53:04: Position Data {'radio_id': 0
1247	16:53:04: Position Data {'radio_id': 0
1248	16:53:04: Position Data {'radio_id': 0
1249	16:53:05: Position Data {'radio_id': 0
1250	16:53:05: Position Data {'radio_id': 0
1251	16:53:05: Ground Station GPS {'gs_lat': 0.0
1252	16:53:05: Position Data {'radio_id': 0
1253	16:53:05: Alt Info & Cfg {'radio_id': 0
1254	16:53:05: Position Data {'radio_id': 0
1255	16:53:05: Position Data {'radio_id': 0
1256	16:53:05: Position Data {'radio_id': 0
1257	16:53:05: Orientation {'radio_id': 0
1258	16:53:05: Pyro Info {'radio_id': 0
1259	16:53:05: Line Cutter  {'radio_id': 0
1260	16:53:05: Line Cutter  {'radio_id': 0
1261	16:53:05: Position Data {'radio_id': 0
1262	16:53:05: Position Data {'radio_id': 0
1263	16:53:05: Position Data {'radio_id': 0
1264	16:53:06: Position Data {'radio_id': 0
1265	16:53:06: Position Data {'radio_id': 0
1266	16:53:06: Position Data {'radio_id': 0
1267	16:53:06: Position Data {'radio_id': 0
1268	16:53:06: Position Data {'radio_id': 0
1269	16:53:06: Position Data {'radio_id': 0
1270	16:53:06: Alt Info & Cfg {'radio_id': 0
1271	16:53:06: Orientation {'radio_id': 0
1272	16:53:06: Pyro Info {'radio_id': 0
1273	16:53:06: Line Cutter  {'radio_id': 0
1274	16:53:06: Line Cutter  {'radio_id': 0
1275	16:53:06: Position Data {'radio_id': 0
1276	16:53:06: Position Data {'radio_id': 0
1277	16:53:06: Position Data {'radio_id': 0
1278	16:53:07: Position Data {'radio_id': 0
1279	16:53:07: Position Data {'radio_id': 0
1280	16:53:07: Position Data {'radio_id': 0
1281	16:53:07: Ground Station GPS {'gs_lat': 0.0
1282	16:53:07: Position Data {'radio_id': 0
1283	16:53:07: Position Data {'radio_id': 0
1284	16:53:07: Position Data {'radio_id': 0
1285	16:53:07: Position Data {'radio_id': 0
1286	16:53:07: Orientation {'radio_id': 0
1287	16:53:07: Line Cutter  {'radio_id': 0
1288	16:53:07: Line Cutter  {'radio_id': 0
1289	16:53:07: Position Data {'radio_id': 0
1290	16:53:07: Position Data {'radio_id': 0
1291	16:53:07: Alt Info & Cfg {'radio_id': 0
1292	16:53:07: Position Data {'radio_id': 0
1293	16:53:08: Position Data {'radio_id': 0
1294	16:53:08: Position Data {'radio_id': 0
1295	16:53:08: Position Data {'radio_id': 0
1296	16:53:08: Position Data {'radio_id': 0
1297	16:53:08: Position Data {'radio_id': 0
1298	16:53:08: Position Data {'radio_id': 0
1299	16:53:08: Orientation {'radio_id': 0
1300	16:53:08: Position Data {'radio_id': 0
1301	16:53:08: Pyro Info {'radio_id': 0
1302	16:53:08: Line Cutter  {'radio_id': 0
1303	16:53:08: Line Cutter  {'radio_id': 0
1304	16:53:08: Position Data {'radio_id': 0
1305	16:53:09: Position Data {'radio_id': 0
1306	16:53:09: Alt Info & Cfg {'radio_id': 0
1307	16:53:09: Position Data {'radio_id': 0
1308	16:53:09: Position Data {'radio_id': 0
1309	16:53:09: Ground Station GPS {'gs_lat': 0.0
1310	16:53:09: Position Data {'radio_id': 0
1311	16:53:09: Position Data {'radio_id': 0
1312	16:53:09: Position Data {'radio_id': 0
1313	16:53:09: Position Data {'radio_id': 0
1314	16:53:09: Orientation {'radio_id': 0
1315	16:53:09: Pyro Info {'radio_id': 0
1316	16:53:09: Line Cutter  {'radio_id': 0
1317	16:53:09: Line Cutter  {'radio_id': 0
1318	16:53:09: Position Data {'radio_id': 0
1319	16:53:09: Position Data {'radio_id': 0
1320	16:53:09: Position Data {'radio_id': 0
1321	16:53:10: Position Data {'radio_id': 0
1322	16:53:10: Position Data {'radio_id': 0
1323	16:53:10: Position Data {'radio_id': 0
1324	16:53:10: Alt Info & Cfg {'radio_id': 0
1325	16:53:10: Position Data {'radio_id': 0
1326	16:53:10: Position Data {'radio_id': 0
1327	16:53:10: Position Data {'radio_id': 0
1328	16:53:10: Position Data {'radio_id': 0
1329	16:53:10: Orientation {'radio_id': 0
1330	16:53:10: Pyro Info {'radio_id': 0
1331	16:53:10: Line Cutter  {'radio_id': 0
1332	16:53:10: Line Cutter  {'radio_id': 0
1333	16:53:10: Position Data {'radio_id': 0
1334	16:53:10: Position Data {'radio_id': 0
1335	16:53:11: Position Data {'radio_id': 0
1336	16:53:11: Position Data {'radio_id': 0
1337	16:53:11: Position Data {'radio_id': 0
1338	16:53:11: Position Data {'radio_id': 0
1339	16:53:11: Position Data {'radio_id': 0
1340	16:53:11: Alt Info & Cfg {'radio_id': 0
1341	16:53:11: Position Data {'radio_id': 0
1342	16:53:11: Position Data {'radio_id': 0
1343	16:53:11: Orientation {'radio_id': 0
1344	16:53:11: Line Cutter  {'radio_id': 0
1345	16:53:11: Line Cutter  {'radio_id': 0
1346	16:53:11: Position Data {'radio_id': 0
1347	16:53:11: Position Data {'radio_id': 0
1348	16:53:11: Position Data {'radio_id': 0
1349	16:53:12: Position Data {'radio_id': 0
1350	16:53:12: Position Data {'radio_id': 0
1351	16:53:12: Position Data {'radio_id': 0
1352	16:53:12: Position Data {'radio_id': 0
1353	16:53:12: Position Data {'radio_id': 0
1354	16:53:12: Position Data {'radio_id': 0
1355	16:53:12: Position Data {'radio_id': 0
1356	16:53:12: Orientation {'radio_id': 0
1357	16:53:12: Alt Info & Cfg {'radio_id': 0
1358	16:53:12: Pyro Info {'radio_id': 0
1359	16:53:12: Line Cutter  {'radio_id': 0
1360	16:53:12: Line Cutter  {'radio_id': 0
1361	16:53:12: Position Data {'radio_id': 0
1362	16:53:12: Position Data {'radio_id': 0
1363	16:53:13: Position Data {'radio_id': 0
1364	16:53:13: Position Data {'radio_id': 0
1365	16:53:13: Position Data {'radio_id': 0
1366	16:53:13: Position Data {'radio_id': 0
1367	16:53:13: Position Data {'radio_id': 0
1368	16:53:13: Position Data {'radio_id': 0
1369	16:53:13: Position Data {'radio_id': 0
1370	16:53:13: Orientation {'radio_id': 0
1371	16:53:13: Line Cutter  {'radio_id': 0
1372	16:53:13: Line Cutter  {'radio_id': 0
1373	16:53:13: Position Data {'radio_id': 0
1374	16:53:13: Position Data {'radio_id': 0
1375	16:53:13: Alt Info & Cfg {'radio_id': 0
1376	16:53:13: Position Data {'radio_id': 0
1377	16:53:14: Position Data {'radio_id': 0
1378	16:53:14: Position Data {'radio_id': 0
1379	16:53:14: Position Data {'radio_id': 0
1380	16:53:14: Position Data {'radio_id': 0
1381	16:53:14: Position Data {'radio_id': 0
1382	16:53:14: Position Data {'radio_id': 0
1383	16:53:14: Position Data {'radio_id': 0
1384	16:53:14: Orientation {'radio_id': 0
1385	16:53:14: Pyro Info {'radio_id': 0
1386	16:53:14: Line Cutter  {'radio_id': 0
1387	16:53:14: Line Cutter  {'radio_id': 0
1388	16:53:14: Position Data {'radio_id': 0
1389	16:53:14: Position Data {'radio_id': 0
1390	16:53:15: Position Data {'radio_id': 0
1391	16:53:15: Position Data {'radio_id': 0
1392	16:53:15: Alt Info & Cfg {'radio_id': 0
1393	16:53:15: Position Data {'radio_id': 0
1394	16:53:15: Position Data {'radio_id': 0
1395	16:53:15: Ground Station GPS {'gs_lat': 0.0
1396	16:53:15: Position Data {'radio_id': 0
1397	16:53:15: Position Data {'radio_id': 0
1398	16:53:15: Position Data {'radio_id': 0
1399	16:53:15: Orientation {'radio_id': 0
1400	16:53:15: Pyro Info {'radio_id': 0
1401	16:53:15: Line Cutter  {'radio_id': 0
1402	16:53:15: Line Cutter  {'radio_id': 0
1403	16:53:15: Position Data {'radio_id': 0
1404	16:53:15: Position Data {'radio_id': 0
1405	16:53:16: Position Data {'radio_id': 0
1406	16:53:16: Position Data {'radio_id': 0
1407	16:53:16: Position Data {'radio_id': 0
1408	16:53:16: Position Data {'radio_id': 0
1409	16:53:16: Alt Info & Cfg {'radio_id': 0
1410	16:53:16: Position Data {'radio_id': 0
1411	16:53:16: Position Data {'radio_id': 0
1412	16:53:16: Position Data {'radio_id': 0
1413	16:53:16: Orientation {'radio_id': 0
1414	16:53:16: Pyro Info {'radio_id': 0
1415	16:53:16: Line Cutter  {'radio_id': 0
1416	16:53:16: Line Cutter  {'radio_id': 0
1417	16:53:16: Position Data {'radio_id': 0
1418	16:53:17: Position Data {'radio_id': 0
1419	16:53:17: Position Data {'radio_id': 0
1420	16:53:17: Position Data {'radio_id': 0
1421	16:53:17: Position Data {'radio_id': 0
1422	16:53:17: Ground Station GPS {'gs_lat': 0.0
1423	16:53:17: Position Data {'radio_id': 0
1424	16:53:17: Position Data {'radio_id': 0
1425	16:53:17: Alt Info & Cfg {'radio_id': 0
1426	16:53:17: Position Data {'radio_id': 0
1427	16:53:17: Position Data {'radio_id': 0
1428	16:53:17: Orientation {'radio_id': 0
1429	16:53:17: Pyro Info {'radio_id': 0
1430	16:53:17: Line Cutter  {'radio_id': 0
1431	16:53:17: Line Cutter 0 {'radio_id': 0
1432	16:53:17: Position Data {'radio_id': 0
1433	16:53:17: Position Data {'radio_id': 0
1434	16:53:18: Position Data {'radio_id': 0
1435	16:53:18: Position Data {'radio_id': 0
1436	16:53:18: Position Data {'radio_id': 0
1437	16:53:18: Position Data {'radio_id': 0
1438	16:53:18: Position Data {'radio_id': 0
1439	16:53:18: Position Data {'radio_id': 0
1440	16:53:18: Position Data {'radio_id': 0
1441	16:53:18: Orientation {'radio_id': 0
1442	16:53:18: Pyro Info {'radio_id': 0
1443	16:53:18: Line Cutter  {'radio_id': 0
1444	16:53:18: Line Cutter  {'radio_id': 0
1445	16:53:18: Position Data {'radio_id': 0
1446	16:53:18: Alt Info & Cfg {'radio_id': 0
1447	16:53:18: Position Data {'radio_id': 0
1448	16:53:19: Position Data {'radio_id': 0
1449	16:53:19: Position Data {'radio_id': 0
1450	16:53:19: Position Data {'radio_id': 0
1451	16:53:19: Position Data {'radio_id': 0
1452	16:53:19: Ground Station GPS {'gs_lat': 0.0
1453	16:53:19: Position Data {'radio_id': 0
1454	16:53:19: Position Data {'radio_id': 0
1455	16:53:19: Position Data {'radio_id': 0
1456	16:53:19: Position Data {'radio_id': 0
1457	16:53:19: Orientation {'radio_id': 0
1458	16:53:19: Pyro Info {'radio_id': 0
1459	16:53:19: Line Cutter  {'radio_id': 0
1460	16:53:19: Line Cutter  {'radio_id': 0
1461	16:53:19: Position Data {'radio_id': 0
1462	16:53:19: Position Data {'radio_id': 0
1463	16:53:20: Alt Info & Cfg {'radio_id': 0
1464	16:53:20: Position Data {'radio_id': 0
1465	16:53:20: Position Data {'radio_id': 0
1466	16:53:20: Position Data {'radio_id': 0
1467	16:53:20: Position Data {'radio_id': 0
1468	16:53:20: Position Data {'radio_id': 0
1469	16:53:20: Position Data {'radio_id': 0
1470	16:53:20: Position Data {'radio_id': 0
1471	16:53:20: Orientation {'radio_id': 0
1472	16:53:20: Pyro Info {'radio_id': 0
1473	16:53:20: Line Cutter  {'radio_id': 0
1474	16:53:20: Line Cutter  {'radio_id': 0
1475	16:53:20: Position Data {'radio_id': 0
1476	16:53:20: Position Data {'radio_id': 0
1477	16:53:21: Position Data {'radio_id': 0
1478	16:53:21: Position Data {'radio_id': 0
1479	16:53:21: Position Data {'radio_id': 0
1480	16:53:21: Alt Info & Cfg {'radio_id': 0
1481	16:53:21: Position Data {'radio_id': 0
1482	16:53:21: Ground Station GPS {'gs_lat': 0.0
1483	16:53:21: Position Data {'radio_id': 0
1484	16:53:21: Position Data {'radio_id': 0
1485	16:53:21: Position Data {'radio_id': 0
1486	16:53:21: Position Data {'radio_id': 0
1487	16:53:21: Orientation {'radio_id': 0
1488	16:53:21: Pyro Info {'radio_id': 0
1489	16:53:21: Line Cutter  {'radio_id': 0
1490	16:53:21: Line Cutter  {'radio_id': 0
1491	16:53:21: Position Data {'radio_id': 0
1492	16:53:21: Position Data {'radio_id': 0
1493	16:53:22: Position Data {'radio_id': 0
1494	16:53:22: Position Data {'radio_id': 0
1495	16:53:22: Position Data {'radio_id': 0
1496	16:53:22: Position Data {'radio_id': 0
1497	16:53:22: Alt Info & Cfg {'radio_id': 0
1498	16:53:22: Position Data {'radio_id': 0
1499	16:53:22: Position Data {'radio_id': 0
1500	16:53:22: Position Data {'radio_id': 0
1501	16:53:22: Orientation {'radio_id': 0
1502	16:53:22: Position Data {'radio_id': 0
1503	16:53:22: Pyro Info {'radio_id': 0
1504	16:53:22: Line Cutter  {'radio_id': 0
1505	16:53:22: Line Cutter  {'radio_id': 0
1506	16:53:22: Position Data {'radio_id': 0
1507	16:53:23: Position Data {'radio_id': 0
1508	16:53:23: Position Data {'radio_id': 0
1509	16:53:23: Position Data {'radio_id': 0
1510	16:53:23: Position Data {'radio_id': 0
1511	16:53:23: Ground Station GPS {'gs_lat': 0.0
1512	16:53:23: Position Data {'radio_id': 0
1513	16:53:23: Position Data {'radio_id': 0
1514	16:53:23: Position Data {'radio_id': 0
1515	16:53:23: Alt Info & Cfg {'radio_id': 0
1516	16:53:23: Position Data {'radio_id': 0
1517	16:53:23: Orientation {'radio_id': 0
1518	16:53:23: Pyro Info {'radio_id': 0
1519	16:53:23: Line Cutter  {'radio_id': 0
1520	16:53:23: Line Cutter  {'radio_id': 0
1521	16:53:23: Position Data {'radio_id': 0
1522	16:53:23: Position Data {'radio_id': 0
1523	16:53:24: Position Data {'radio_id': 0
1524	16:53:24: Position Data {'radio_id': 0
1525	16:53:24: Position Data {'radio_id': 0
1526	16:53:24: Position Data {'radio_id': 0
1527	16:53:24: Position Data {'radio_id': 0
1528	16:53:24: Position Data {'radio_id': 0
1529	16:53:24: Position Data {'radio_id': 0
1530	16:53:24: Position Data {'radio_id': 0
1531	16:53:24: Orientation {'radio_id': 0
1532	16:53:24: Pyro Info {'radio_id': 0
1533	16:53:24: Line Cutter  {'radio_id': 0
1534	16:53:24: Line Cutter  {'radio_id': 0
1535	16:53:24: Position Data {'radio_id': 0
1536	16:53:25: Alt Info & Cfg {'radio_id': 0
1537	16:53:25: Position Data {'radio_id': 0
1538	16:53:25: Position Data {'radio_id': 0
1539	16:53:25: Position Data {'radio_id': 0
1540	16:53:25: Position Data {'radio_id': 0
1541	16:53:25: Ground Station GPS {'gs_lat': 0.0
1542	16:53:25: Position Data {'radio_id': 0
1543	16:53:25: Position Data {'radio_id': 0
1544	16:53:25: Position Data {'radio_id': 0
1545	16:53:25: Position Data {'radio_id': 0
1546	16:53:25: Orientation {'radio_id': 0
1547	16:53:25: Pyro Info {'radio_id': 0
1548	16:53:25: Line Cutter  {'radio_id': 0
1549	16:53:25: Line Cutter  {'radio_id': 0
1550	16:53:25: Position Data {'radio_id': 0
1551	16:53:26: Position Data {'radio_id': 0
1552	16:53:26: Position Data {'radio_id': 0
1553	16:53:26: Alt Info & Cfg {'radio_id': 0
1554	16:53:26: Position Data {'radio_id': 0
1555	16:53:26: Position Data {'radio_id': 0
1556	16:53:26: Position Data {'radio_id': 0
1557	16:53:26: Position Data {'radio_id': 0
1558	16:53:26: Position Data {'radio_id': 0
1559	16:53:26: Position Data {'radio_id': 0
1560	16:53:26: Position Data {'radio_id': 0
1561	16:53:26: Orientation {'radio_id': 0
1562	16:53:26: Pyro Info {'radio_id': 0
1563	16:53:26: Line Cutter  {'radio_id': 0
1564	16:53:26: Line Cutter  {'radio_id': 0
1565	16:53:26: Position Data {'radio_id': 0
1566	16:53:27: Position Data {'radio_id': 0
1567	16:53:27: Position Data {'radio_id': 0
1568	16:53:27: Position Data {'radio_id': 0
1569	16:53:27: Position Data {'radio_id': 0
1570	16:53:27: Alt Info & Cfg {'radio_id': 0
1571	16:53:27: Ground Station GPS {'gs_lat': 0.0
1572	16:53:27: Position Data {'radio_id': 0
1573	16:53:27: Position Data {'radio_id': 0
1574	16:53:27: Position Data {'radio_id': 0
1575	16:53:27: Position Data {'radio_id': 0
1576	16:53:27: Orientation {'radio_id': 0
1577	16:53:27: Pyro Info {'radio_id': 0
1578	16:53:27: Line Cutter  {'radio_id': 0
1579	16:53:27: Line Cutter  {'radio_id': 0
1580	16:53:27: Position Data {'radio_id': 0
1581	16:53:28: Position Data {'radio_id': 0
1582	16:53:28: Position Data {'radio_id': 0
1583	16:53:28: Position Data {'radio_id': 0
1584	16:53:28: Position Data {'radio_id': 0
1585	16:53:28: Position Data {'radio_id': 0
1586	16:53:28: Position Data {'radio_id': 0
1587	16:53:28: Alt Info & Cfg {'radio_id': 0
1588	16:53:28: Position Data {'radio_id': 0
1589	16:53:28: Position Data {'radio_id': 0
1590	16:53:28: Position Data {'radio_id': 0
1591	16:53:28: Orientation {'radio_id': 0
1592	16:53:28: Pyro Info {'radio_id': 0
1593	16:53:28: Line Cutter  {'radio_id': 0
1594	16:53:28: Line Cutter  {'radio_id': 0
1595	16:53:28: Position Data {'radio_id': 0
1596	16:53:29: Position Data {'radio_id': 0
1597	16:53:29: Position Data {'radio_id': 0
1598	16:53:29: Position Data {'radio_id': 0
1599	16:53:29: Position Data {'radio_id': 0
1600	16:53:29: Ground Station GPS {'gs_lat': 0.0
1601	16:53:29: Position Data {'radio_id': 0
1602	16:53:29: Position Data {'radio_id': 0
1603	16:53:29: Position Data {'radio_id': 0
1604	16:53:29: Position Data {'radio_id': 0
1605	16:53:29: Alt Info & Cfg {'radio_id': 0
1606	16:53:29: Orientation {'radio_id': 0
1607	16:53:29: Position Data {'radio_id': 0
1608	16:53:29: Pyro Info {'radio_id': 0
1609	16:53:29: Line Cutter  {'radio_id': 0
1610	16:53:30: Line Cutter  {'radio_id': 0
1611	16:53:30: Position Data {'radio_id': 0
1612	16:53:30: Position Data {'radio_id': 0
1613	16:53:30: Position Data {'radio_id': 0
1614	16:53:30: Position Data {'radio_id': 0
1615	16:53:30: Position Data {'radio_id': 0
1616	16:53:30: Position Data {'radio_id': 0
1617	16:53:30: Position Data {'radio_id': 0
1618	16:53:30: Position Data {'radio_id': 0
1619	16:53:30: Position Data {'radio_id': 0
1620	16:53:30: Orientation {'radio_id': 0
1621	16:53:30: Pyro Info {'radio_id': 0
1622	16:53:30: Line Cutter  {'radio_id': 0
1623	16:53:30: Line Cutter  {'radio_id': 0
1624	16:53:31: Position Data {'radio_id': 0
1625	16:53:31: Alt Info & Cfg {'radio_id': 0
1626	16:53:31: Position Data {'radio_id': 0
1627	16:53:31: Position Data {'radio_id': 0
1628	16:53:31: Position Data {'radio_id': 0
1629	16:53:31: Position Data {'radio_id': 0
1630	16:53:31: Ground Station GPS {'gs_lat': 0.0
1631	16:53:31: Position Data {'radio_id': 0
1632	16:53:31: Position Data {'radio_id': 0
1633	16:53:31: Position Data {'radio_id': 0
1634	16:53:31: Position Data {'radio_id': 0
1635	16:53:31: Position Data {'radio_id': 0
1636	16:53:31: Orientation {'radio_id': 0
1637	16:53:31: Pyro Info {'radio_id': 0
1638	16:53:31: Line Cutter  {'radio_id': 0
1639	16:53:32: Line Cutter  {'radio_id': 0
1640	16:53:32: Position Data {'radio_id': 0
1641	16:53:32: Position Data {'radio_id': 0
1642	16:53:32: Position Data {'radio_id': 0
1643	16:53:32: Alt Info & Cfg {'radio_id': 0
1644	16:53:32: Position Data {'radio_id': 0
1645	16:53:32: Position Data {'radio_id': 0
1646	16:53:32: Position Data {'radio_id': 0
1647	16:53:32: Position Data {'radio_id': 0
1648	16:53:32: Position Data {'radio_id': 0
1649	16:53:32: Position Data {'radio_id': 0
1650	16:53:32: Orientation {'radio_id': 0
1651	16:53:32: Pyro Info {'radio_id': 0
1652	16:53:32: Line Cutter  {'radio_id': 0
1653	16:53:33: Line Cutter  {'radio_id': 0
1654	16:53:33: Position Data {'radio_id': 0
1655	16:53:33: Position Data {'radio_id': 0
1656	16:53:33: Position Data {'radio_id': 0
1657	16:53:33: Position Data {'radio_id': 0
1658	16:53:33: Position Data {'radio_id': 0
1659	16:53:33: Ground Station GPS {'gs_lat': 0.0
1660	16:53:33: Position Data {'radio_id': 0
1661	16:53:33: Position Data {'radio_id': 0
1662	16:53:33: Position Data {'radio_id': 0
1663	16:53:33: Position Data {'radio_id': 0
1664	16:53:33: Position Data {'radio_id': 0
1665	16:53:33: Orientation {'radio_id': 0
1666	16:53:33: Pyro Info {'radio_id': 0
1667	16:53:33: Line Cutter  {'radio_id': 0
1668	16:53:34: Line Cutter  {'radio_id': 0
1669	16:53:34: Position Data {'radio_id': 0
1670	16:53:34: Position Data {'radio_id': 0
1671	16:53:34: Position Data {'radio_id': 0
1672	16:53:34: Position Data {'radio_id': 0
1673	16:53:34: Position Data {'radio_id': 0
1674	16:53:34: Position Data {'radio_id': 0
1675	16:53:34: Position Data {'radio_id': 0
1676	16:53:34: Alt Info & Cfg {'radio_id': 0
1677	16:53:34: Position Data {'radio_id': 0
1678	16:53:34: Position Data {'radio_id': 0
1679	16:53:34: Orientation {'radio_id': 0
1680	16:53:34: Pyro Info {'radio_id': 0
1681	16:53:34: Line Cutter  {'radio_id': 0
1682	16:53:35: Line Cutter  {'radio_id': 0
1683	16:53:35: Position Data {'radio_id': 0
1684	16:53:35: Position Data {'radio_id': 0
1685	16:53:35: Position Data {'radio_id': 0
1686	16:53:35: Position Data {'radio_id': 0
1687	16:53:35: Position Data {'radio_id': 0
1688	16:53:35: Ground Station GPS {'gs_lat': 0.0
1689	16:53:35: Position Data {'radio_id': 0
1690	16:53:35: Position Data {'radio_id': 0
1691	16:53:35: Position Data {'radio_id': 0
1692	16:53:35: Position Data {'radio_id': 0
1693	16:53:35: Position Data {'radio_id': 0
1694	16:53:35: Alt Info & Cfg {'radio_id': 0
1695	16:53:35: Pyro Info {'radio_id': 0
1696	16:53:36: Line Cutter  {'radio_id': 0
1697	16:53:36: Line Cutter  {'radio_id': 0
1698	16:53:36: Position Data {'radio_id': 0
1699	16:53:36: Position Data {'radio_id': 0
1700	16:53:36: Position Data {'radio_id': 0
1701	16:53:36: Position Data {'radio_id': 0
1702	16:53:36: Position Data {'radio_id': 0
1703	16:53:36: Position Data {'radio_id': 0
1704	16:53:36: Position Data {'radio_id': 0
1705	16:53:36: Position Data {'radio_id': 0
1706	16:53:36: Position Data {'radio_id': 0
1707	16:53:36: Orientation {'radio_id': 0
1708	16:53:36: Position Data {'radio_id': 0
1709	16:53:37: Pyro Info {'radio_id': 0
1710	16:53:37: Line Cutter  {'radio_id': 0
1711	16:53:37: Line Cutter  {'radio_id': 0
1712	16:53:37: Position Data {'radio_id': 0
1713	16:53:37: Alt Info & Cfg {'radio_id': 0
1714	16:53:37: Position Data {'radio_id': 0
1715	16:53:37: Position Data {'radio_id': 0
1716	16:53:37: Position Data {'radio_id': 0
1717	16:53:37: Ground Station GPS {'gs_lat': 0.0
1718	16:53:37: Position Data {'radio_id': 0
1719	16:53:37: Position Data {'radio_id': 0
1720	16:53:37: Position Data {'radio_id': 0
1721	16:53:37: Position Data {'radio_id': 0
1722	16:53:37: Position Data {'radio_id': 0
1723	16:53:37: Orientation {'radio_id': 0
1724	16:53:37: Pyro Info {'radio_id': 0
1725	16:53:38: Line Cutter  {'radio_id': 0
1726	16:53:38: Line Cutter  {'radio_id': 0
1727	16:53:38: Position Data {'radio_id': 0
1728	16:53:38: Position Data {'radio_id': 0
1729	16:53:38: Position Data {'radio_id': 0
1730	16:53:38: Alt Info & Cfg {'radio_id': 0
1731	16:53:38: Position Data {'radio_id': 0
1732	16:53:38: Position Data {'radio_id': 0
1733	16:53:38: Position Data {'radio_id': 0
1734	16:53:38: Position Data {'radio_id': 0
1735	16:53:38: Position Data {'radio_id': 0
1736	16:53:38: Position Data {'radio_id': 0
1737	16:53:38: Orientation {'radio_id': 0
1738	16:53:39: Pyro Info {'radio_id': 0
1739	16:53:39: Line Cutter 0 {'radio_id': 0
1740	16:53:39: Line Cutter  {'radio_id': 0
1741	16:53:39: Position Data {'radio_id': 0
1742	16:53:39: Position Data {'radio_id': 0
1743	16:53:39: Position Data {'radio_id': 0
1744	16:53:39: Position Data {'radio_id': 0
1745	16:53:39: Position Data {'radio_id': 0
1746	16:53:39: Ground Station GPS {'gs_lat': 0.0
1747	16:53:39: Alt Info & Cfg {'radio_id': 0
1748	16:53:39: Position Data {'radio_id': 0
1749	16:53:39: Position Data {'radio_id': 0
1750	16:53:39: Position Data {'radio_id': 0
1751	16:53:39: Position Data {'radio_id': 0
1752	16:53:39: Orientation {'radio_id': 0
1753	16:53:40: Line Cutter  {'radio_id': 0
1754	16:53:40: Line Cutter  {'radio_id': 0
1755	16:53:40: Position Data {'radio_id': 0
1756	16:53:40: Position Data {'radio_id': 0
1757	16:53:40: Position Data {'radio_id': 0
1758	16:53:40: Position Data {'radio_id': 0
1759	16:53:40: Position Data {'radio_id': 0
1760	16:53:40: Position Data {'radio_id': 0
1761	16:53:40: Position Data {'radio_id': 0
1762	16:53:40: Position Data {'radio_id': 0
1763	16:53:40: Alt Info & Cfg {'radio_id': 0
1764	16:53:40: Position Data {'radio_id': 0
1765	16:53:40: Position Data {'radio_id': 0
1766	16:53:40: Orientation {'radio_id': 0
1767	16:53:41: Pyro Info {'radio_id': 0
1768	16:53:41: Line Cutter  {'radio_id': 0
1769	16:53:41: Line Cutter  {'radio_id': 0
1770	16:53:41: Position Data {'radio_id': 0
1771	16:53:41: Position Data {'radio_id': 0
1772	16:53:41: Position Data {'radio_id': 0
1773	16:53:41: Position Data {'radio_id': 0
1774	16:53:41: Position Data {'radio_id': 0
1775	16:53:41: Ground Station GPS {'gs_lat': 0.0
1776	16:53:41: Position Data {'radio_id': 0
1777	16:53:41: Position Data {'radio_id': 0
1778	16:53:41: Position Data {'radio_id': 0
1779	16:53:41: Position Data {'radio_id': 0
1780	16:53:42: Orientation {'radio_id': 0
1781	16:53:42: Pyro Info {'radio_id': 0
1782	16:53:42: Line Cutter  {'radio_id': 0
1783	16:53:42: Position Data {'radio_id': 0
1784	16:53:42: Alt Info & Cfg {'radio_id': 0
1785	16:53:42: Position Data {'radio_id': 0
1786	16:53:42: Position Data {'radio_id': 0
1787	16:53:42: Position Data {'radio_id': 0
1788	16:53:42: Position Data {'radio_id': 0
1789	16:53:42: Position Data {'radio_id': 0
1790	16:53:42: Position Data {'radio_id': 0
1791	16:53:42: Position Data {'radio_id': 0
1792	16:53:42: Position Data {'radio_id': 0
1793	16:53:42: Position Data {'radio_id': 0
1794	16:53:43: Orientation {'radio_id': 0
1795	16:53:43: Pyro Info {'radio_id': 0
1796	16:53:43: Line Cutter  {'radio_id': 0
1797	16:53:43: Line Cutter  {'radio_id': 0
1798	16:53:43: Position Data {'radio_id': 0
1799	16:53:43: Position Data {'radio_id': 0
1800	16:53:43: Alt Info & Cfg {'radio_id': 0
1801	16:53:43: Position Data {'radio_id': 0
1802	16:53:43: Position Data {'radio_id': 0
1803	16:53:43: Position Data {'radio_id': 0
1804	16:53:43: Ground Station GPS {'gs_lat': 0.0
1805	16:53:43: Position Data {'radio_id': 0
1806	16:53:43: Position Data {'radio_id': 0
1807	16:53:43: Position Data {'radio_id': 0
1808	16:53:43: Position Data {'radio_id': 0
1809	16:53:44: Orientation {'radio_id': 0
1810	16:53:44: Position Data {'radio_id': 0
1811	16:53:44: Pyro Info {'radio_id': 0
1812	16:53:44: Line Cutter  {'radio_id': 0
1813	16:53:44: Line Cutter  {'radio_id': 0
1814	16:53:44: Position Data {'radio_id': 0
1815	16:53:44: Position Data {'radio_id': 0
1816	16:53:44: Position Data {'radio_id': 0
1817	16:53:44: Position Data {'radio_id': 0
1818	16:53:44: Alt Info & Cfg {'radio_id': 0
1819	16:53:44: Position Data {'radio_id': 0
1820	16:53:44: Position Data {'radio_id': 0
1821	16:53:44: Position Data {'radio_id': 0
1822	16:53:44: Position Data {'radio_id': 0
1823	16:53:44: Position Data {'radio_id': 0
1824	16:53:45: Orientation {'radio_id': 0
1825	16:53:45: Pyro Info {'radio_id': 0
1826	16:53:45: Line Cutter  {'radio_id': 0
1827	16:53:45: Line Cutter  {'radio_id': 0
1828	16:53:45: Position Data {'radio_id': 0
1829	16:53:45: Position Data {'radio_id': 0
1830	16:53:45: Position Data {'radio_id': 0
1831	16:53:45: Position Data {'radio_id': 0
1832	16:53:45: Position Data {'radio_id': 0
1833	16:53:45: Ground Station GPS {'gs_lat': 0.0
1834	16:53:45: Position Data {'radio_id': 0
1835	16:53:45: Alt Info & Cfg {'radio_id': 0
1836	16:53:45: Position Data {'radio_id': 0
1837	16:53:45: Position Data {'radio_id': 0
1838	16:53:45: Position Data {'radio_id': 0
1839	16:53:46: Position Data {'radio_id': 0
1840	16:53:46: Orientation {'radio_id': 0
1841	16:53:46: Pyro Info {'radio_id': 0
1842	16:53:46: Line Cutter  {'radio_id': 0
1843	16:53:46: Position Data {'radio_id': 0
1844	16:53:46: Position Data {'radio_id': 0
1845	16:53:46: Position Data {'radio_id': 0
1846	16:53:46: Position Data {'radio_id': 0
1847	16:53:46: Position Data {'radio_id': 0
1848	16:53:46: Position Data {'radio_id': 0
1849	16:53:46: Position Data {'radio_id': 0
1850	16:53:46: Position Data {'radio_id': 0
1851	16:53:46: Alt Info & Cfg {'radio_id': 0
1852	16:53:46: Position Data {'radio_id': 0
1853	16:53:47: Orientation {'radio_id': 0
1854	16:53:47: Pyro Info {'radio_id': 0
1855	16:53:47: Line Cutter  {'radio_id': 0
1856	16:53:47: Line Cutter  {'radio_id': 0
1857	16:53:47: Position Data {'radio_id': 0
1858	16:53:47: Position Data {'radio_id': 0
1859	16:53:47: Position Data {'radio_id': 0
1860	16:53:47: Position Data {'radio_id': 0
1861	16:53:47: Position Data {'radio_id': 0
1862	16:53:47: Ground Station GPS {'gs_lat': 0.0
1863	16:53:47: Position Data {'radio_id': 0
1864	16:53:47: Position Data {'radio_id': 0
1865	16:53:47: Position Data {'radio_id': 0
1866	16:53:47: Position Data {'radio_id': 0
1867	16:53:48: Position Data {'radio_id': 0
1868	16:53:48: Pyro Info {'radio_id': 0
1869	16:53:48: Line Cutter  {'radio_id': 0
1870	16:53:48: Line Cutter  {'radio_id': 0
1871	16:53:48: Alt Info & Cfg {'radio_id': 0
1872	16:53:48: Position Data {'radio_id': 0
1873	16:53:48: Position Data {'radio_id': 0
1874	16:53:48: Position Data {'radio_id': 0
1875	16:53:48: Position Data {'radio_id': 0
1876	16:53:48: Position Data {'radio_id': 0
1877	16:53:48: Position Data {'radio_id': 0
1878	16:53:48: Position Data {'radio_id': 0
1879	16:53:48: Position Data {'radio_id': 0
1880	16:53:48: Position Data {'radio_id': 0
1881	16:53:49: Orientation {'radio_id': 0
1882	16:53:49: Pyro Info {'radio_id': 0
1883	16:53:49: Line Cutter  {'radio_id': 0
1884	16:53:49: Line Cutter  {'radio_id': 0
1885	16:53:49: Position Data {'radio_id': 0
1886	16:53:49: Position Data {'radio_id': 0
1887	16:53:49: Position Data {'radio_id': 0
1888	16:53:49: Alt Info & Cfg {'radio_id': 0
1889	16:53:49: Position Data {'radio_id': 0
1890	16:53:49: Position Data {'radio_id': 0
1891	16:53:49: Ground Station GPS {'gs_lat': 0.0
1892	16:53:49: Position Data {'radio_id': 0
1893	16:53:49: Position Data {'radio_id': 0
1894	16:53:49: Position Data {'radio_id': 0
1895	16:53:49: Position Data {'radio_id': 0
1896	16:53:50: Position Data {'radio_id': 0
1897	16:53:50: Orientation {'radio_id': 0
1898	16:53:50: Pyro Info {'radio_id': 0
1899	16:53:50: Line Cutter  {'radio_id': 0
1900	16:53:50: Line Cutter  {'radio_id': 0
1901	16:53:50: Position Data {'radio_id': 0
1902	16:53:50: Position Data {'radio_id': 0
1903	16:53:50: Position Data {'radio_id': 0
1904	16:53:50: Position Data {'radio_id': 0
1905	16:53:50: Position Data {'radio_id': 0
1906	16:53:50: Alt Info & Cfg {'radio_id': 0
1907	16:53:50: Position Data {'radio_id': 0
1908	16:53:50: Position Data {'radio_id': 0
1909	16:53:50: Position Data {'radio_id': 0
1910	16:53:50: Position Data {'radio_id': 0
1911	16:53:51: Orientation {'radio_id': 0
1912	16:53:51: Position Data {'radio_id': 0
1913	16:53:51: Pyro Info {'radio_id': 0
1914	16:53:51: Line Cutter  {'radio_id': 0
1915	16:53:51: Line Cutter  {'radio_id': 0
1916	16:53:51: Position Data {'radio_id': 0
1917	16:53:51: Position Data {'radio_id': 0
1918	16:53:51: Position Data {'radio_id': 0
1919	16:53:51: Position Data {'radio_id': 0
1920	16:53:51: Ground Station GPS {'gs_lat': 0.0
1921	16:53:51: Position Data {'radio_id': 0
1922	16:53:51: Position Data {'radio_id': 0
1923	16:53:51: Alt Info & Cfg {'radio_id': 0
1924	16:53:51: Position Data {'radio_id': 0
1925	16:53:51: Position Data {'radio_id': 0
1926	16:53:52: Position Data {'radio_id': 0
1927	16:53:52: Orientation {'radio_id': 0
1928	16:53:52: Pyro Info {'radio_id': 0
1929	16:53:52: Line Cutter  {'radio_id': 0
1930	16:53:52: Line Cutter  {'radio_id': 0
1931	16:53:52: Position Data {'radio_id': 0
1932	16:53:52: Position Data {'radio_id': 0
1933	16:53:52: Position Data {'radio_id': 0
1934	16:53:52: Position Data {'radio_id': 0
1935	16:53:52: Position Data {'radio_id': 0
1936	16:53:52: Position Data {'radio_id': 0
1937	16:53:52: Position Data {'radio_id': 0
1938	16:53:52: Position Data {'radio_id': 0
1939	16:53:52: Position Data {'radio_id': 0
1940	16:53:53: Alt Info & Cfg {'radio_id': 0
1941	16:53:53: Position Data {'radio_id': 0
1942	16:53:53: Orientation {'radio_id': 0
1943	16:53:53: Pyro Info {'radio_id': 0
1944	16:53:53: Line Cutter  {'radio_id': 0
1945	16:53:53: Position Data {'radio_id': 0
1946	16:53:53: Ground Station GPS {'gs_lat': 0.0
1947	16:53:53: Position Data {'radio_id': 0
1948	16:53:53: Position Data {'radio_id': 0
1949	16:53:53: Position Data {'radio_id': 0
1950	16:53:54: Position Data {'radio_id': 0
1951	16:53:54: Orientation {'radio_id': 0
1952	16:53:54: Pyro Info {'radio_id': 0
1953	16:53:54: Line Cutter  {'radio_id': 0
1954	16:53:54: Line Cutter  {'radio_id': 0
1955	16:53:54: Position Data {'radio_id': 0
1956	16:53:54: Alt Info & Cfg {'radio_id': 0
1957	16:53:54: Position Data {'radio_id': 0
1958	16:53:54: Position Data {'radio_id': 0
1959	16:53:54: Position Data {'radio_id': 0
1960	16:53:54: Position Data {'radio_id': 0
1961	16:53:54: Position Data {'radio_id': 0
1962	16:53:54: Position Data {'radio_id': 0
1963	16:53:54: Position Data {'radio_id': 0
1964	16:53:54: Position Data {'radio_id': 0
1965	16:53:55: Position Data {'radio_id': 0
1966	16:53:55: Orientation {'radio_id': 0
1967	16:53:55: Pyro Info {'radio_id': 0
1968	16:53:55: Line Cutter  {'radio_id': 0
1969	16:53:55: Line Cutter  {'radio_id': 0
1970	16:53:55: Position Data {'radio_id': 0
1971	16:53:55: Position Data {'radio_id': 0
1972	16:53:55: Alt Info & Cfg {'radio_id': 0
1973	16:53:55: Position Data {'radio_id': 0
1974	16:53:55: Ground Station GPS {'gs_lat': 0.0
1975	16:53:55: Position Data {'radio_id': 0
1976	16:53:55: Position Data {'radio_id': 0
1977	16:53:55: Position Data {'radio_id': 0
1978	16:53:55: Position Data {'radio_id': 0
1979	16:53:56: Position Data {'radio_id': 0
1980	16:53:56: Orientation {'radio_id': 0
1981	16:53:56: Pyro Info {'radio_id': 0
1982	16:53:56: Line Cutter  {'radio_id': 0
1983	16:53:56: Line Cutter  {'radio_id': 0
1984	16:53:56: Position Data {'radio_id': 0
1985	16:53:56: Position Data {'radio_id': 0
1986	16:53:56: Position Data {'radio_id': 0
1987	16:53:56: Position Data {'radio_id': 0
1988	16:53:56: Position Data {'radio_id': 0
1989	16:53:56: Alt Info & Cfg {'radio_id': 0
1990	16:53:56: Position Data {'radio_id': 0
1991	16:53:56: Position Data {'radio_id': 0
1992	16:53:56: Position Data {'radio_id': 0
1993	16:53:57: Position Data {'radio_id': 0
1994	16:53:57: Position Data {'radio_id': 0
1995	16:53:57: Orientation {'radio_id': 0
1996	16:53:57: Pyro Info {'radio_id': 0
1997	16:53:57: Line Cutter  {'radio_id': 0
1998	16:53:57: Line Cutter  {'radio_id': 0
1999	16:53:57: Position Data {'radio_id': 0
2000	16:53:57: Position Data {'radio_id': 0
2001	16:53:57: Position Data {'radio_id': 0
2002	16:53:57: Position Data {'radio_id': 0
2003	16:53:57: Ground Station GPS {'gs_lat': 0.0
2004	16:53:57: Position Data {'radio_id': 0
2005	16:53:57: Position Data {'radio_id': 0
2006	16:53:57: Position Data {'radio_id': 0
2007	16:53:57: Alt Info & Cfg {'radio_id': 0
2008	16:53:57: Position Data {'radio_id': 0
2009	16:53:58: Position Data {'radio_id': 0
2010	16:53:58: Orientation {'radio_id': 0
2011	16:53:58: Pyro Info {'radio_id': 0
2012	16:53:58: Line Cutter  {'radio_id': 0
2013	16:53:58: Line Cutter  {'radio_id': 0
2014	16:53:58: Position Data {'radio_id': 0
2015	16:53:58: Position Data {'radio_id': 0
2016	16:53:58: Position Data {'radio_id': 0
2017	16:53:58: Position Data {'radio_id': 0
2018	16:53:58: Position Data {'radio_id': 0
2019	16:53:58: Position Data {'radio_id': 0
2020	16:53:58: Position Data {'radio_id': 0
2021	16:53:58: Position Data {'radio_id': 0
2022	16:53:59: Position Data {'radio_id': 0
2023	16:53:59: Alt Info & Cfg {'radio_id': 0
2024	16:53:59: Position Data {'radio_id': 0
2025	16:53:59: Orientation {'radio_id': 0
2026	16:53:59: Pyro Info {'radio_id': 0
2027	16:53:59: Line Cutter  {'radio_id': 0
2028	16:53:59: Line Cutter  {'radio_id': 0
2029	16:53:59: Position Data {'radio_id': 0
2030	16:53:59: Position Data {'radio_id': 0
2031	16:53:59: Position Data {'radio_id': 0
2032	16:53:59: Position Data {'radio_id': 0
2033	16:53:59: Ground Station GPS {'gs_lat': 0.0
2034	16:53:59: Position Data {'radio_id': 0
2035	16:53:59: Position Data {'radio_id': 0
2036	16:53:59: Position Data {'radio_id': 0
2037	16:53:59: Position Data {'radio_id': 0
2038	16:54:00: Position Data {'radio_id': 0
2039	16:54:00: Orientation {'radio_id': 0
2040	16:54:00: Position Data {'radio_id': 0
2041	16:54:00: Pyro Info {'radio_id': 0
2042	16:54:00: Line Cutter  {'radio_id': 0
2043	16:54:00: Line Cutter  {'radio_id': 0
2044	16:54:00: Position Data {'radio_id': 0
2045	16:54:00: Alt Info & Cfg {'radio_id': 0
2046	16:54:00: Position Data {'radio_id': 0
2047	16:54:00: Position Data {'radio_id': 0
2048	16:54:00: Position Data {'radio_id': 0
2049	16:54:00: Position Data {'radio_id': 0
2050	16:54:00: Position Data {'radio_id': 0
2051	16:54:00: Position Data {'radio_id': 0
2052	16:54:01: Position Data {'radio_id': 0
2053	16:54:01: Position Data {'radio_id': 0
2054	16:54:01: Orientation {'radio_id': 0
2055	16:54:01: Pyro Info {'radio_id': 0
2056	16:54:01: Line Cutter  {'radio_id': 0
2057	16:54:01: Line Cutter  {'radio_id': 0
2058	16:54:01: Position Data {'radio_id': 0
2059	16:54:01: Position Data {'radio_id': 0
2060	16:54:01: Position Data {'radio_id': 0
2061	16:54:01: Position Data {'radio_id': 0
2062	16:54:01: Ground Station GPS {'gs_lat': 0.0
2063	16:54:01: Position Data {'radio_id': 0
2064	16:54:01: Position Data {'radio_id': 0
2065	16:54:01: Position Data {'radio_id': 0
2066	16:54:01: Position Data {'radio_id': 0
2067	16:54:02: Position Data {'radio_id': 0
2068	16:54:02: Position Data {'radio_id': 0
2069	16:54:02: Orientation {'radio_id': 0
2070	16:54:02: Line Cutter  {'radio_id': 0
2071	16:54:02: Line Cutter  {'radio_id': 0
2072	16:54:02: Position Data {'radio_id': 0
2073	16:54:02: Position Data {'radio_id': 0
2074	16:54:02: Position Data {'radio_id': 0
2075	16:54:02: Position Data {'radio_id': 0
2076	16:54:02: Position Data {'radio_id': 0
2077	16:54:02: Alt Info & Cfg {'radio_id': 0
2078	16:54:02: Position Data {'radio_id': 0
2079	16:54:02: Position Data {'radio_id': 0
2080	16:54:03: Position Data {'radio_id': 0
2081	16:54:03: Position Data {'radio_id': 0
2082	16:54:03: Orientation {'radio_id': 0
2083	16:54:03: Pyro Info {'radio_id': 0
2084	16:54:03: Line Cutter  {'radio_id': 0
2085	16:54:03: Position Data {'radio_id': 0
2086	16:54:03: Position Data {'radio_id': 0
2087	16:54:03: Position Data {'radio_id': 0
2088	16:54:03: Position Data {'radio_id': 0
2089	16:54:03: Ground Station GPS {'gs_lat': 0.0
2090	16:54:03: Position Data {'radio_id': 0
2091	16:54:03: Position Data {'radio_id': 0
2092	16:54:03: Position Data {'radio_id': 0
2093	16:54:03: Position Data {'radio_id': 0
2094	16:54:04: Alt Info & Cfg {'radio_id': 0
2095	16:54:04: Position Data {'radio_id': 0
2096	16:54:04: Position Data {'radio_id': 0
2097	16:54:04: Orientation {'radio_id': 0
2098	16:54:04: Pyro Info {'radio_id': 0
2099	16:54:04: Line Cutter  {'radio_id': 0
2100	16:54:04: Line Cutter  {'radio_id': 0
2101	16:54:04: Position Data {'radio_id': 0
2102	16:54:04: Position Data {'radio_id': 0
2103	16:54:04: Position Data {'radio_id': 0
2104	16:54:04: Position Data {'radio_id': 0
2105	16:54:04: Position Data {'radio_id': 0
2106	16:54:04: Position Data {'radio_id': 0
2107	16:54:04: Position Data {'radio_id': 0
2108	16:54:05: Position Data {'radio_id': 0
2109	16:54:05: Position Data {'radio_id': 0
2110	16:54:05: Alt Info & Cfg {'radio_id': 0
2111	16:54:05: Orientation {'radio_id': 0
2112	16:54:05: Pyro Info {'radio_id': 0
2113	16:54:05: Line Cutter  {'radio_id': 0
2114	16:54:05: Line Cutter 0 {'radio_id': 0
2115	16:54:05: Position Data {'radio_id': 0
2116	16:54:05: Position Data {'radio_id': 0
2117	16:54:05: Position Data {'radio_id': 0
2118	16:54:05: Position Data {'radio_id': 0
2119	16:54:05: Ground Station GPS {'gs_lat': 0.0
2120	16:54:05: Position Data {'radio_id': 0
2121	16:54:05: Position Data {'radio_id': 0
2122	16:54:05: Position Data {'radio_id': 0
2123	16:54:05: Position Data {'radio_id': 0
2124	16:54:06: Position Data {'radio_id': 0
2125	16:54:06: Position Data {'radio_id': 0
2126	16:54:06: Orientation {'radio_id': 0
2127	16:54:06: Pyro Info {'radio_id': 0
2128	16:54:06: Line Cutter  {'radio_id': 0
2129	16:54:06: Line Cutter  {'radio_id': 0
2130	16:54:06: Position Data {'radio_id': 0
2131	16:54:06: Position Data {'radio_id': 0
2132	16:54:06: Alt Info & Cfg {'radio_id': 0
2133	16:54:06: Position Data {'radio_id': 0
2134	16:54:06: Position Data {'radio_id': 0
2135	16:54:06: Position Data {'radio_id': 0
2136	16:54:06: Position Data {'radio_id': 0
2137	16:54:06: Position Data {'radio_id': 0
2138	16:54:07: Position Data {'radio_id': 0
2139	16:54:07: Position Data {'radio_id': 0
2140	16:54:07: Orientation {'radio_id': 0
2141	16:54:07: Position Data {'radio_id': 0
2142	16:54:07: Pyro Info {'radio_id': 0
2143	16:54:07: Line Cutter  {'radio_id': 0
2144	16:54:07: Line Cutter  {'radio_id': 0
2145	16:54:07: Position Data {'radio_id': 0
2146	16:54:07: Position Data {'radio_id': 0
2147	16:54:07: Position Data {'radio_id': 0
2148	16:54:07: Ground Station GPS {'gs_lat': 0.0
2149	16:54:07: Alt Info & Cfg {'radio_id': 0
2150	16:54:07: Position Data {'radio_id': 0
2151	16:54:07: Position Data {'radio_id': 0
2152	16:54:07: Position Data {'radio_id': 0
2153	16:54:07: Position Data {'radio_id': 0
2154	16:54:08: Position Data {'radio_id': 0
2155	16:54:08: Position Data {'radio_id': 0
2156	16:54:08: Orientation {'radio_id': 0
2157	16:54:08: Pyro Info {'radio_id': 0
2158	16:54:08: Line Cutter  {'radio_id': 0
2159	16:54:08: Position Data {'radio_id': 0
2160	16:54:08: Position Data {'radio_id': 0
2161	16:54:08: Position Data {'radio_id': 0
2162	16:54:08: Position Data {'radio_id': 0
2163	16:54:08: Position Data {'radio_id': 0
2164	16:54:08: Position Data {'radio_id': 0
2165	16:54:08: Alt Info & Cfg {'radio_id': 0
2166	16:54:08: Position Data {'radio_id': 0
2167	16:54:09: Position Data {'radio_id': 0
2168	16:54:09: Position Data {'radio_id': 0
2169	16:54:09: Position Data {'radio_id': 0
2170	16:54:09: Orientation {'radio_id': 0
2171	16:54:09: Pyro Info {'radio_id': 0
2172	16:54:09: Line Cutter  {'radio_id': 0
2173	16:54:09: Line Cutter  {'radio_id': 0
2174	16:54:09: Position Data {'radio_id': 0
2175	16:54:09: Position Data {'radio_id': 0
2176	16:54:09: Position Data {'radio_id': 0
2177	16:54:09: Ground Station GPS {'gs_lat': 0.0
2178	16:54:09: Position Data {'radio_id': 0
2179	16:54:09: Position Data {'radio_id': 0
2180	16:54:09: Position Data {'radio_id': 0
2181	16:54:09: Position Data {'radio_id': 0
2182	16:54:10: Position Data {'radio_id': 0
2183	16:54:10: Alt Info & Cfg {'radio_id': 0
2184	16:54:10: Position Data {'radio_id': 0
2185	16:54:10: Orientation {'radio_id': 0
2186	16:54:10: Pyro Info {'radio_id': 0
2187	16:54:10: Line Cutter  {'radio_id': 0
2188	16:54:10: Position Data {'radio_id': 0
2189	16:54:10: Position Data {'radio_id': 0
2190	16:54:10: Position Data {'radio_id': 0
2191	16:54:10: Position Data {'radio_id': 0
2192	16:54:10: Position Data {'radio_id': 0
2193	16:54:10: Position Data {'radio_id': 0
2194	16:54:10: Position Data {'radio_id': 0
2195	16:54:11: Position Data {'radio_id': 0
2196	16:54:11: Position Data {'radio_id': 0
2197	16:54:11: Position Data {'radio_id': 0
2198	16:54:11: Orientation {'radio_id': 0
2199	16:54:11: Pyro Info {'radio_id': 0
2200	16:54:11: Line Cutter  {'radio_id': 0
2201	16:54:11: Alt Info & Cfg {'radio_id': 0
2202	16:54:11: Position Data {'radio_id': 0
2203	16:54:11: Position Data {'radio_id': 0
2204	16:54:11: Position Data {'radio_id': 0
2205	16:54:11: Ground Station GPS {'gs_lat': 0.0
2206	16:54:11: Position Data {'radio_id': 0
2207	16:54:11: Position Data {'radio_id': 0
2208	16:54:11: Position Data {'radio_id': 0
2209	16:54:11: Position Data {'radio_id': 0
2210	16:54:12: Position Data {'radio_id': 0
2211	16:54:12: Position Data {'radio_id': 0
2212	16:54:12: Orientation {'radio_id': 0
2213	16:54:12: Line Cutter  {'radio_id': 0
2214	16:54:12: Line Cutter  {'radio_id': 0
2215	16:54:12: Position Data {'radio_id': 0
2216	16:54:12: Position Data {'radio_id': 0
2217	16:54:12: Position Data {'radio_id': 0
2218	16:54:12: Alt Info & Cfg {'radio_id': 0
2219	16:54:12: Position Data {'radio_id': 0
2220	16:54:12: Position Data {'radio_id': 0
2221	16:54:12: Position Data {'radio_id': 0
2222	16:54:12: Position Data {'radio_id': 0
2223	16:54:13: Position Data {'radio_id': 0
2224	16:54:13: Position Data {'radio_id': 0
2225	16:54:13: Position Data {'radio_id': 0
2226	16:54:13: Orientation {'radio_id': 0
2227	16:54:13: Pyro Info {'radio_id': 0
2228	16:54:13: Line Cutter  {'radio_id': 0
2229	16:54:13: Position Data {'radio_id': 0
2230	16:54:13: Position Data {'radio_id': 0
2231	16:54:13: Position Data {'radio_id': 0
2232	16:54:13: Position Data {'radio_id': 0
2233	16:54:13: Alt Info & Cfg {'radio_id': 0
2234	16:54:13: Position Data {'radio_id': 0
2235	16:54:13: Position Data {'radio_id': 0
2236	16:54:13: Position Data {'radio_id': 0
2237	16:54:14: Position Data {'radio_id': 0
2238	16:54:14: Position Data {'radio_id': 0
2239	16:54:14: Orientation {'radio_id': 0
2240	16:54:14: Pyro Info {'radio_id': 0
2241	16:54:14: Line Cutter  {'radio_id': 0
2242	16:54:14: Line Cutter  {'radio_id': 0
2243	16:54:14: Position Data {'radio_id': 0
2244	16:54:14: Position Data {'radio_id': 0
2245	16:54:14: Position Data {'radio_id': 0
2246	16:54:14: Position Data {'radio_id': 0
2247	16:54:14: Position Data {'radio_id': 0
2248	16:54:14: Position Data {'radio_id': 0
2249	16:54:14: Alt Info & Cfg {'radio_id': 0
2250	16:54:15: Position Data {'radio_id': 0
2251	16:54:15: Position Data {'radio_id': 0
2252	16:54:15: Position Data {'radio_id': 0
2253	16:54:15: Orientation {'radio_id': 0
2254	16:54:15: Pyro Info {'radio_id': 0
2255	16:54:15: Line Cutter  {'radio_id': 0
2256	16:54:15: Line Cutter  {'radio_id': 0
2257	16:54:15: Position Data {'radio_id': 0
2258	16:54:15: Position Data {'radio_id': 0
2259	16:54:15: Position Data {'radio_id': 0
2260	16:54:15: Position Data {'radio_id': 0
2261	16:54:15: Position Data {'radio_id': 0
2262	16:54:15: Position Data {'radio_id': 0
2263	16:54:15: Position Data {'radio_id': 0
2264	16:54:16: Position Data {'radio_id': 0
2265	16:54:16: Alt Info & Cfg {'radio_id': 0
2266	16:54:16: Position Data {'radio_id': 0
2267	16:54:16: Position Data {'radio_id': 0
2268	16:54:16: Orientation {'radio_id': 0
2269	16:54:16: Pyro Info {'radio_id': 0
2270	16:54:16: Line Cutter  {'radio_id': 0
2271	16:54:16: Line Cutter  {'radio_id': 0
2272	16:54:16: Position Data {'radio_id': 0
2273	16:54:16: Position Data {'radio_id': 0
2274	16:54:16: Position Data {'radio_id': 0
2275	16:54:16: Position Data {'radio_id': 0
2276	16:54:16: Position Data {'radio_id': 0
2277	16:54:16: Position Data {'radio_id': 0
2278	16:54:17: Position Data {'radio_id': 0
2279	16:54:17: Position Data {'radio_id': 0
2280	16:54:17: Position Data {'radio_id': 0
2281	16:54:17: Orientation {'radio_id': 0
2282	16:54:17: Pyro Info {'radio_id': 0
2283	16:54:17: Line Cutter  {'radio_id': 0
2284	16:54:17: Line Cutter  {'radio_id': 0
2285	16:54:17: Position Data {'radio_id': 0
2286	16:54:17: Alt Info & Cfg {'radio_id': 0
2287	16:54:17: Position Data {'radio_id': 0
2288	16:54:17: Position Data {'radio_id': 0
2289	16:54:17: Position Data {'radio_id': 0
2290	16:54:17: Ground Station GPS {'gs_lat': 0.0
2291	16:54:17: Position Data {'radio_id': 0
2292	16:54:17: Position Data {'radio_id': 0
2293	16:54:17: Position Data {'radio_id': 0
2294	16:54:18: Position Data {'radio_id': 0
2295	16:54:18: Position Data {'radio_id': 0
2296	16:54:18: Position Data {'radio_id': 0
2297	16:54:18: Orientation {'radio_id': 0
2298	16:54:18: Pyro Info {'radio_id': 0
2299	16:54:18: Line Cutter  {'radio_id': 0
2300	16:54:18: Line Cutter  {'radio_id': 0
2301	16:54:18: Position Data {'radio_id': 0
2302	16:54:18: Position Data {'radio_id': 0
2303	16:54:18: Position Data {'radio_id': 0
2304	16:54:18: Alt Info & Cfg {'radio_id': 0
2305	16:54:18: Position Data {'radio_id': 0
2306	16:54:18: Position Data {'radio_id': 0
2307	16:54:18: Position Data {'radio_id': 0
2308	16:54:19: Position Data {'radio_id': 0
2309	16:54:19: Position Data {'radio_id': 0
2310	16:54:19: Position Data {'radio_id': 0
2311	16:54:19: Orientation {'radio_id': 0
2312	16:54:19: Pyro Info {'radio_id': 0
2313	16:54:19: Line Cutter  {'radio_id': 0
2314	16:54:19: Line Cutter  {'radio_id': 0
2315	16:54:19: Position Data {'radio_id': 0
2316	16:54:19: Position Data {'radio_id': 0
2317	16:54:19: Position Data {'radio_id': 0
2318	16:54:19: Position Data {'radio_id': 0
2319	16:54:19: Ground Station GPS {'gs_lat': 0.0
2320	16:54:19: Position Data {'radio_id': 0
2321	16:54:19: Alt Info & Cfg {'radio_id': 0
2322	16:54:19: Position Data {'radio_id': 0
2323	16:54:19: Position Data {'radio_id': 0
2324	16:54:20: Position Data {'radio_id': 0
2325	16:54:20: Position Data {'radio_id': 0
2326	16:54:20: Position Data {'radio_id': 0
2327	16:54:20: Orientation {'radio_id': 0
2328	16:54:20: Pyro Info {'radio_id': 0
2329	16:54:20: Line Cutter  {'radio_id': 0
2330	16:54:20: Line Cutter  {'radio_id': 0
2331	16:54:20: Position Data {'radio_id': 0
2332	16:54:20: Position Data {'radio_id': 0
2333	16:54:20: Position Data {'radio_id': 0
2334	16:54:20: Position Data {'radio_id': 0
2335	16:54:20: Position Data {'radio_id': 0
2336	16:54:20: Position Data {'radio_id': 0
2337	16:54:21: Position Data {'radio_id': 0
2338	16:54:21: Alt Info & Cfg {'radio_id': 0
2339	16:54:21: Position Data {'radio_id': 0
2340	16:54:21: Position Data {'radio_id': 0
2341	16:54:21: Orientation {'radio_id': 0
2342	16:54:21: Pyro Info {'radio_id': 0
2343	16:54:21: Line Cutter  {'radio_id': 0
2344	16:54:21: Line Cutter  {'radio_id': 0
2345	16:54:21: Position Data {'radio_id': 0
2346	16:54:21: Position Data {'radio_id': 0
2347	16:54:21: Position Data {'radio_id': 0
2348	16:54:21: Ground Station GPS {'gs_lat': 0.0
2349	16:54:21: Position Data {'radio_id': 0
2350	16:54:21: Position Data {'radio_id': 0
2351	16:54:21: Position Data {'radio_id': 0
2352	16:54:22: Position Data {'radio_id': 0
2353	16:54:22: Position Data {'radio_id': 0
2354	16:54:22: Alt Info & Cfg {'radio_id': 0
2355	16:54:22: Position Data {'radio_id': 0
2356	16:54:22: Orientation {'radio_id': 0
2357	16:54:22: Pyro Info {'radio_id': 0
2358	16:54:22: Line Cutter  {'radio_id': 0
2359	16:54:22: Position Data {'radio_id': 0
2360	16:54:22: Position Data {'radio_id': 0
2361	16:54:22: Position Data {'radio_id': 0
2362	16:54:22: Position Data {'radio_id': 0
2363	16:54:22: Position Data {'radio_id': 0
2364	16:54:22: Position Data {'radio_id': 0
2365	16:54:23: Position Data {'radio_id': 0
2366	16:54:23: Position Data {'radio_id': 0
2367	16:54:23: Position Data {'radio_id': 0
2368	16:54:23: Position Data {'radio_id': 0
2369	16:54:23: Orientation {'radio_id': 0
2370	16:54:23: Pyro Info {'radio_id': 0
2371	16:54:23: Line Cutter  {'radio_id': 0
2372	16:54:23: Line Cutter  {'radio_id': 0
2373	16:54:23: Position Data {'radio_id': 0
2374	16:54:23: Alt Info & Cfg {'radio_id': 0
2375	16:54:23: Position Data {'radio_id': 0
2376	16:54:23: Position Data {'radio_id': 0
2377	16:54:23: Ground Station GPS {'gs_lat': 0.0
2378	16:54:23: Position Data {'radio_id': 0
2379	16:54:23: Position Data {'radio_id': 0
2380	16:54:23: Position Data {'radio_id': 0
2381	16:54:24: Position Data {'radio_id': 0
2382	16:54:24: Position Data {'radio_id': 0
2383	16:54:24: Position Data {'radio_id': 0
2384	16:54:24: Orientation {'radio_id': 0
2385	16:54:24: Pyro Info {'radio_id': 0
2386	16:54:24: Line Cutter  {'radio_id': 0
2387	16:54:24: Line Cutter  {'radio_id': 0
2388	16:54:24: Position Data {'radio_id': 0
2389	16:54:24: Position Data {'radio_id': 0
2390	16:54:24: Position Data {'radio_id': 0
2391	16:54:24: Alt Info & Cfg {'radio_id': 0
2392	16:54:24: Position Data {'radio_id': 0
2393	16:54:24: Position Data {'radio_id': 0
2394	16:54:24: Position Data {'radio_id': 0
2395	16:54:25: Position Data {'radio_id': 0
2396	16:54:25: Position Data {'radio_id': 0
2397	16:54:25: Position Data {'radio_id': 0
2398	16:54:25: Position Data {'radio_id': 0
2399	16:54:25: Orientation {'radio_id': 0
2400	16:54:25: Pyro Info {'radio_id': 0
2401	16:54:25: Line Cutter  {'radio_id': 0
2402	16:54:25: Line Cutter  {'radio_id': 0
2403	16:54:25: Position Data {'radio_id': 0
2404	16:54:25: Position Data {'radio_id': 0
2405	16:54:25: Position Data {'radio_id': 0
2406	16:54:25: Ground Station GPS {'gs_lat': 0.0
2407	16:54:25: Position Data {'radio_id': 0
2408	16:54:25: Position Data {'radio_id': 0
2409	16:54:25: Alt Info & Cfg {'radio_id': 0
2410	16:54:26: Position Data {'radio_id': 0
2411	16:54:26: Position Data {'radio_id': 0
2412	16:54:26: Position Data {'radio_id': 0
2413	16:54:26: Position Data {'radio_id': 0
2414	16:54:26: Orientation {'radio_id': 0
2415	16:54:26: Line Cutter  {'radio_id': 0
2416	16:54:26: Line Cutter  {'radio_id': 0
2417	16:54:26: Position Data {'radio_id': 0
2418	16:54:26: Position Data {'radio_id': 0
2419	16:54:26: Position Data {'radio_id': 0
2420	16:54:26: Position Data {'radio_id': 0
2421	16:54:26: Position Data {'radio_id': 0
2422	16:54:26: Position Data {'radio_id': 0
2423	16:54:27: Position Data {'radio_id': 0
2424	16:54:27: Position Data {'radio_id': 0
2425	16:54:27: Alt Info & Cfg {'radio_id': 0
2426	16:54:27: Position Data {'radio_id': 0
2427	16:54:27: Position Data {'radio_id': 0
2428	16:54:27: Orientation {'radio_id': 0
2429	16:54:27: Pyro Info {'radio_id': 0
2430	16:54:27: Line Cutter  {'radio_id': 0
2431	16:54:27: Position Data {'radio_id': 0
2432	16:54:27: Position Data {'radio_id': 0
2433	16:54:27: Position Data {'radio_id': 0
2434	16:54:27: Ground Station GPS {'gs_lat': 0.0
2435	16:54:27: Position Data {'radio_id': 0
2436	16:54:27: Position Data {'radio_id': 0
2437	16:54:27: Position Data {'radio_id': 0
2438	16:54:28: Position Data {'radio_id': 0
2439	16:54:28: Position Data {'radio_id': 0
2440	16:54:28: Position Data {'radio_id': 0
2441	16:54:28: Alt Info & Cfg {'radio_id': 0
2442	16:54:28: Orientation {'radio_id': 0
2443	16:54:28: Position Data {'radio_id': 0
2444	16:54:28: Pyro Info {'radio_id': 0
2445	16:54:28: Line Cutter  {'radio_id': 0
2446	16:54:28: Line Cutter  {'radio_id': 0
2447	16:54:28: Position Data {'radio_id': 0
2448	16:54:28: Position Data {'radio_id': 0
2449	16:54:28: Position Data {'radio_id': 0
2450	16:54:28: Position Data {'radio_id': 0
2451	16:54:28: Position Data {'radio_id': 0
2452	16:54:29: Position Data {'radio_id': 0
2453	16:54:29: Position Data {'radio_id': 0
2454	16:54:29: Position Data {'radio_id': 0
2455	16:54:29: Position Data {'radio_id': 0
2456	16:54:29: Orientation {'radio_id': 0
2457	16:54:29: Pyro Info {'radio_id': 0
2458	16:54:29: Line Cutter  {'radio_id': 0
2459	16:54:29: Line Cutter  {'radio_id': 0
2460	16:54:29: Position Data {'radio_id': 0
2461	16:54:29: Position Data {'radio_id': 0
2462	16:54:29: Alt Info & Cfg {'radio_id': 0
2463	16:54:29: Position Data {'radio_id': 0
2464	16:54:29: Ground Station GPS {'gs_lat': 0.0
2465	16:54:29: Position Data {'radio_id': 0
2466	16:54:29: Position Data {'radio_id': 0
2467	16:54:30: Position Data {'radio_id': 0
2468	16:54:30: Position Data {'radio_id': 0
2469	16:54:30: Position Data {'radio_id': 0
2470	16:54:30: Position Data {'radio_id': 0
2471	16:54:30: Position Data {'radio_id': 0
2472	16:54:30: Orientation {'radio_id': 0
2473	16:54:30: Line Cutter  {'radio_id': 0
2474	16:54:30: Line Cutter  {'radio_id': 0
2475	16:54:30: Position Data {'radio_id': 0
2476	16:54:30: Position Data {'radio_id': 0
2477	16:54:30: Position Data {'radio_id': 0
2478	16:54:30: Alt Info & Cfg {'radio_id': 0
2479	16:54:30: Position Data {'radio_id': 0
2480	16:54:30: Position Data {'radio_id': 0
2481	16:54:31: Position Data {'radio_id': 0
2482	16:54:31: Position Data {'radio_id': 0
2483	16:54:31: Position Data {'radio_id': 0
2484	16:54:31: Position Data {'radio_id': 0
2485	16:54:31: Orientation {'radio_id': 0
2486	16:54:31: Pyro Info {'radio_id': 0
2487	16:54:31: Line Cutter  {'radio_id': 0
2488	16:54:31: Position Data {'radio_id': 0
2489	16:54:31: Position Data {'radio_id': 0
2490	16:54:31: Position Data {'radio_id': 0
2491	16:54:31: Ground Station GPS {'gs_lat': 0.0
2492	16:54:31: Position Data {'radio_id': 0
2493	16:54:31: Position Data {'radio_id': 0
2494	16:54:32: Position Data {'radio_id': 0
2495	16:54:32: Alt Info & Cfg {'radio_id': 0
2496	16:54:32: Position Data {'radio_id': 0
2497	16:54:32: Position Data {'radio_id': 0
2498	16:54:32: Position Data {'radio_id': 0
2499	16:54:32: Position Data {'radio_id': 0
2500	16:54:32: Orientation {'radio_id': 0
2501	16:54:32: Pyro Info {'radio_id': 0
2502	16:54:32: Line Cutter  {'radio_id': 0
2503	16:54:32: Line Cutter  {'radio_id': 0
2504	16:54:32: Position Data {'radio_id': 0
2505	16:54:32: Position Data {'radio_id': 0
2506	16:54:32: Position Data {'radio_id': 0
2507	16:54:32: Position Data {'radio_id': 0
2508	16:54:32: Position Data {'radio_id': 0
2509	16:54:33: Position Data {'radio_id': 0
2510	16:54:33: Position Data {'radio_id': 0
2511	16:54:33: Alt Info & Cfg {'radio_id': 0
2512	16:54:33: Position Data {'radio_id': 0
2513	16:54:33: Position Data {'radio_id': 0
2514	16:54:33: Orientation {'radio_id': 0
2515	16:54:33: Pyro Info {'radio_id': 0
2516	16:54:33: Line Cutter  {'radio_id': 0
2517	16:54:33: Line Cutter  {'radio_id': 0
2518	16:54:33: Position Data {'radio_id': 0
2519	16:54:33: Position Data {'radio_id': 0
2520	16:54:33: Position Data {'radio_id': 0
2521	16:54:33: Ground Station GPS {'gs_lat': 0.0
2522	16:54:33: Position Data {'radio_id': 0
2523	16:54:33: Position Data {'radio_id': 0
2524	16:54:34: Position Data {'radio_id': 0
2525	16:54:34: Position Data {'radio_id': 0
2526	16:54:34: Position Data {'radio_id': 0
2527	16:54:34: Position Data {'radio_id': 0
2528	16:54:34: Position Data {'radio_id': 0
2529	16:54:34: Orientation {'radio_id': 0
2530	16:54:34: Alt Info & Cfg {'radio_id': 0
2531	16:54:34: Pyro Info {'radio_id': 0
2532	16:54:34: Line Cutter  {'radio_id': 0
2533	16:54:34: Line Cutter  {'radio_id': 0
2534	16:54:34: Position Data {'radio_id': 0
2535	16:54:34: Position Data {'radio_id': 0
2536	16:54:34: Position Data {'radio_id': 0
2537	16:54:34: Position Data {'radio_id': 0
2538	16:54:34: Position Data {'radio_id': 0
2539	16:54:35: Position Data {'radio_id': 0
2540	16:54:35: Position Data {'radio_id': 0
2541	16:54:35: Position Data {'radio_id': 0
2542	16:54:35: Position Data {'radio_id': 0
2543	16:54:35: Orientation {'radio_id': 0
2544	16:54:35: Position Data {'radio_id': 0
2545	16:54:35: Line Cutter  {'radio_id': 0
2546	16:54:35: Line Cutter  {'radio_id': 0
2547	16:54:35: Position Data {'radio_id': 0
2548	16:54:35: Position Data {'radio_id': 0
2549	16:54:35: Alt Info & Cfg {'radio_id': 0
2550	16:54:35: Position Data {'radio_id': 0
2551	16:54:35: Position Data {'radio_id': 0
2552	16:54:36: Position Data {'radio_id': 0
2553	16:54:36: Position Data {'radio_id': 0
2554	16:54:36: Position Data {'radio_id': 0
2555	16:54:36: Position Data {'radio_id': 0
2556	16:54:36: Position Data {'radio_id': 0
2557	16:54:36: Orientation {'radio_id': 0
2558	16:54:36: Pyro Info {'radio_id': 0
2559	16:54:36: Line Cutter  {'radio_id': 0
2560	16:54:36: Line Cutter  {'radio_id': 0
2561	16:54:36: Position Data {'radio_id': 0
2562	16:54:36: Position Data {'radio_id': 0
2563	16:54:36: Position Data {'radio_id': 0
2564	16:54:36: Position Data {'radio_id': 0
2565	16:54:36: Alt Info & Cfg {'radio_id': 0
2566	16:54:36: Position Data {'radio_id': 0
2567	16:54:37: Position Data {'radio_id': 0
2568	16:54:37: Position Data {'radio_id': 0
2569	16:54:37: Position Data {'radio_id': 0
2570	16:54:37: Position Data {'radio_id': 0
2571	16:54:37: Position Data {'radio_id': 0
2572	16:54:37: Orientation {'radio_id': 0
2573	16:54:37: Pyro Info {'radio_id': 0
2574	16:54:37: Line Cutter  {'radio_id': 0
2575	16:54:37: Line Cutter  {'radio_id': 0
2576	16:54:37: Position Data {'radio_id': 0
2577	16:54:37: Position Data {'radio_id': 0
2578	16:54:37: Position Data {'radio_id': 0
2579	16:54:37: Position Data {'radio_id': 0
2580	16:54:38: Position Data {'radio_id': 0
2581	16:54:38: Position Data {'radio_id': 0
2582	16:54:38: Alt Info & Cfg {'radio_id': 0
2583	16:54:38: Position Data {'radio_id': 0
2584	16:54:38: Position Data {'radio_id': 0
2585	16:54:38: Position Data {'radio_id': 0
2586	16:54:38: Orientation {'radio_id': 0
2587	16:54:38: Pyro Info {'radio_id': 0
2588	16:54:38: Line Cutter  {'radio_id': 0
2589	16:54:38: Line Cutter  {'radio_id': 0
2590	16:54:38: Position Data {'radio_id': 0
2591	16:54:38: Position Data {'radio_id': 0
2592	16:54:38: Position Data {'radio_id': 0
2593	16:54:38: Position Data {'radio_id': 0
2594	16:54:38: Position Data {'radio_id': 0
2595	16:54:39: Position Data {'radio_id': 0
2596	16:54:39: Position Data {'radio_id': 0
2597	16:54:39: Position Data {'radio_id': 0
2598	16:54:39: Alt Info & Cfg {'radio_id': 0
2599	16:54:39: Position Data {'radio_id': 0
2600	16:54:39: Position Data {'radio_id': 0
2601	16:54:39: Orientation {'radio_id': 0
2602	16:54:39: Pyro Info {'radio_id': 0
2603	16:54:39: Line Cutter  {'radio_id': 0
2604	16:54:39: Line Cutter  {'radio_id': 0
2605	16:54:39: Position Data {'radio_id': 0
2606	16:54:39: Position Data {'radio_id': 0
2607	16:54:39: Position Data {'radio_id': 0
2608	16:54:39: Ground Station GPS {'gs_lat': 0.0
2609	16:54:39: Position Data {'radio_id': 0
2610	16:54:40: Position Data {'radio_id': 0
2611	16:54:40: Position Data {'radio_id': 0
2612	16:54:40: Position Data {'radio_id': 0
2613	16:54:40: Position Data {'radio_id': 0
2614	16:54:40: Position Data {'radio_id': 0
2615	16:54:40: Orientation {'radio_id': 0
2616	16:54:40: Pyro Info {'radio_id': 0
2617	16:54:40: Line Cutter  {'radio_id': 0
2618	16:54:40: Line Cutter  {'radio_id': 0
2619	16:54:40: Position Data {'radio_id': 0
2620	16:54:40: Alt Info & Cfg {'radio_id': 0
2621	16:54:40: Position Data {'radio_id': 0
2622	16:54:40: Position Data {'radio_id': 0
2623	16:54:40: Position Data {'radio_id': 0
2624	16:54:40: Position Data {'radio_id': 0
2625	16:54:41: Position Data {'radio_id': 0
2626	16:54:41: Position Data {'radio_id': 0
2627	16:54:41: Position Data {'radio_id': 0
2628	16:54:41: Position Data {'radio_id': 0
2629	16:54:41: Position Data {'radio_id': 0
2630	16:54:41: Orientation {'radio_id': 0
2631	16:54:41: Pyro Info {'radio_id': 0
2632	16:54:41: Line Cutter  {'radio_id': 0
2633	16:54:41: Line Cutter  {'radio_id': 0
2634	16:54:41: Position Data {'radio_id': 0
2635	16:54:41: Position Data {'radio_id': 0
2636	16:54:41: Alt Info & Cfg {'radio_id': 0
2637	16:54:41: Position Data {'radio_id': 0
2638	16:54:41: Ground Station GPS {'gs_lat': 0.0
2639	16:54:41: Position Data {'radio_id': 0
2640	16:54:42: Position Data {'radio_id': 0
2641	16:54:42: Position Data {'radio_id': 0
2642	16:54:42: Position Data {'radio_id': 0
2643	16:54:42: Position Data {'radio_id': 0
2644	16:54:42: Position Data {'radio_id': 0
2645	16:54:42: Orientation {'radio_id': 0
2646	16:54:42: Position Data {'radio_id': 0
2647	16:54:42: Pyro Info {'radio_id': 0
2648	16:54:42: Line Cutter  {'radio_id': 0
2649	16:54:42: Line Cutter  {'radio_id': 0
2650	16:54:42: Position Data {'radio_id': 0
2651	16:54:42: Position Data {'radio_id': 0
2652	16:54:42: Position Data {'radio_id': 0
2653	16:54:42: Position Data {'radio_id': 0
2654	16:54:43: Alt Info & Cfg {'radio_id': 0
2655	16:54:43: Position Data {'radio_id': 0
2656	16:54:43: Position Data {'radio_id': 0
2657	16:54:43: Position Data {'radio_id': 0
2658	16:54:43: Position Data {'radio_id': 0
2659	16:54:43: Position Data {'radio_id': 0
2660	16:54:43: Orientation {'radio_id': 0
2661	16:54:43: Pyro Info {'radio_id': 0
2662	16:54:43: Line Cutter  {'radio_id': 0
2663	16:54:43: Line Cutter  {'radio_id': 0
2664	16:54:43: Position Data {'radio_id': 0
2665	16:54:43: Position Data {'radio_id': 0
2666	16:54:43: Position Data {'radio_id': 0
2667	16:54:43: Ground Station GPS {'gs_lat': 0.0
2668	16:54:43: Position Data {'radio_id': 0
2669	16:54:44: Position Data {'radio_id': 0
2670	16:54:44: Position Data {'radio_id': 0
2671	16:54:44: Position Data {'radio_id': 0
2672	16:54:44: Alt Info & Cfg {'radio_id': 0
2673	16:54:44: Position Data {'radio_id': 0
2674	16:54:44: Position Data {'radio_id': 0
2675	16:54:44: Position Data {'radio_id': 0
2676	16:54:44: Orientation {'radio_id': 0
2677	16:54:44: Pyro Info {'radio_id': 0
2678	16:54:44: Line Cutter  {'radio_id': 0
2679	16:54:44: Position Data {'radio_id': 0
2680	16:54:44: Position Data {'radio_id': 0
2681	16:54:44: Position Data {'radio_id': 0
2682	16:54:44: Position Data {'radio_id': 0
2683	16:54:45: Position Data {'radio_id': 0
2684	16:54:45: Position Data {'radio_id': 0
2685	16:54:45: Position Data {'radio_id': 0
2686	16:54:45: Position Data {'radio_id': 0
2687	16:54:45: Alt Info & Cfg {'radio_id': 0
2688	16:54:45: Position Data {'radio_id': 0
2689	16:54:45: Orientation {'radio_id': 0
2690	16:54:45: Line Cutter  {'radio_id': 0
2691	16:54:45: Line Cutter  {'radio_id': 0
2692	16:54:45: Position Data {'radio_id': 0
2693	16:54:45: Position Data {'radio_id': 0
2694	16:54:45: Position Data {'radio_id': 0
2695	16:54:45: Ground Station GPS {'gs_lat': 0.0
2696	16:54:45: Position Data {'radio_id': 0
2697	16:54:46: Position Data {'radio_id': 0
2698	16:54:46: Position Data {'radio_id': 0
2699	16:54:46: Position Data {'radio_id': 0
2700	16:54:46: Position Data {'radio_id': 0
2701	16:54:46: Position Data {'radio_id': 0
2702	16:54:46: Orientation {'radio_id': 0
2703	16:54:46: Pyro Info {'radio_id': 0
2704	16:54:46: Line Cutter  {'radio_id': 0
2705	16:54:46: Line Cutter  {'radio_id': 0
2706	16:54:46: Position Data {'radio_id': 0
2707	16:54:46: Alt Info & Cfg {'radio_id': 0
2708	16:54:46: Position Data {'radio_id': 0
2709	16:54:46: Position Data {'radio_id': 0
2710	16:54:46: Position Data {'radio_id': 0
2711	16:54:47: Position Data {'radio_id': 0
2712	16:54:47: Position Data {'radio_id': 0
2713	16:54:47: Position Data {'radio_id': 0
2714	16:54:47: Position Data {'radio_id': 0
2715	16:54:47: Position Data {'radio_id': 0
2716	16:54:47: Orientation {'radio_id': 0
2717	16:54:47: Pyro Info {'radio_id': 0
2718	16:54:47: Line Cutter  {'radio_id': 0
2719	16:54:47: Line Cutter  {'radio_id': 0
2720	16:54:47: Position Data {'radio_id': 0
2721	16:54:47: Position Data {'radio_id': 0
2722	16:54:47: Position Data {'radio_id': 0
2723	16:54:47: Ground Station GPS {'gs_lat': 0.0
2724	16:54:47: Alt Info & Cfg {'radio_id': 0
2725	16:54:47: Position Data {'radio_id': 0
2726	16:54:48: Position Data {'radio_id': 0
2727	16:54:48: Position Data {'radio_id': 0
2728	16:54:48: Position Data {'radio_id': 0
2729	16:54:48: Position Data {'radio_id': 0
2730	16:54:48: Position Data {'radio_id': 0
2731	16:54:48: Position Data {'radio_id': 0
2732	16:54:48: Orientation {'radio_id': 0
2733	16:54:48: Pyro Info {'radio_id': 0
2734	16:54:48: Line Cutter  {'radio_id': 0
2735	16:54:48: Line Cutter  {'radio_id': 0
2736	16:54:48: Position Data {'radio_id': 0
2737	16:54:48: Position Data {'radio_id': 0
2738	16:54:48: Position Data {'radio_id': 0
2739	16:54:48: Position Data {'radio_id': 0
2740	16:54:49: Position Data {'radio_id': 0
2741	16:54:49: Alt Info & Cfg {'radio_id': 0
2742	16:54:49: Position Data {'radio_id': 0
2743	16:54:49: Position Data {'radio_id': 0
2744	16:54:49: Position Data {'radio_id': 0
2745	16:54:49: Position Data {'radio_id': 0
2746	16:54:49: Orientation {'radio_id': 0
2747	16:54:49: Position Data {'radio_id': 0
2748	16:54:49: Pyro Info {'radio_id': 0
2749	16:54:49: Line Cutter  {'radio_id': 0
2750	16:54:49: Line Cutter  {'radio_id': 0
2751	16:54:49: Position Data {'radio_id': 0
2752	16:54:49: Position Data {'radio_id': 0
2753	16:54:49: Ground Station GPS {'gs_lat': 0.0
2754	16:54:49: Position Data {'radio_id': 0
2755	16:54:50: Position Data {'radio_id': 0
2756	16:54:50: Position Data {'radio_id': 0
2757	16:54:50: Position Data {'radio_id': 0
2758	16:54:50: Alt Info & Cfg {'radio_id': 0
2759	16:54:50: Position Data {'radio_id': 0
2760	16:54:50: Position Data {'radio_id': 0
2761	16:54:50: Position Data {'radio_id': 0
2762	16:54:50: Orientation {'radio_id': 0
2763	16:54:50: Pyro Info {'radio_id': 0
2764	16:54:50: Line Cutter  {'radio_id': 0
2765	16:54:50: Line Cutter  {'radio_id': 0
2766	16:54:50: Position Data {'radio_id': 0
2767	16:54:50: Position Data {'radio_id': 0
2768	16:54:50: Position Data {'radio_id': 0
2769	16:54:50: Position Data {'radio_id': 0
2770	16:54:51: Position Data {'radio_id': 0
2771	16:54:51: Position Data {'radio_id': 0
2772	16:54:51: Position Data {'radio_id': 0
2773	16:54:51: Position Data {'radio_id': 0
2774	16:54:51: Position Data {'radio_id': 0
2775	16:54:51: Alt Info & Cfg {'radio_id': 0
2776	16:54:51: Position Data {'radio_id': 0
2777	16:54:51: Orientation {'radio_id': 0
2778	16:54:51: Pyro Info {'radio_id': 0
2779	16:54:51: Line Cutter  {'radio_id': 0
2780	16:54:51: Line Cutter  {'radio_id': 0
2781	16:54:51: Position Data {'radio_id': 0
2782	16:54:51: Position Data {'radio_id': 0
2783	16:54:51: Ground Station GPS {'gs_lat': 0.0
2784	16:54:51: Position Data {'radio_id': 0
2785	16:54:52: Position Data {'radio_id': 0
2786	16:54:52: Position Data {'radio_id': 0
2787	16:54:52: Position Data {'radio_id': 0
2788	16:54:52: Position Data {'radio_id': 0
2789	16:54:52: Position Data {'radio_id': 0
2790	16:54:52: Position Data {'radio_id': 0
2791	16:54:52: Orientation {'radio_id': 0
2792	16:54:52: Pyro Info {'radio_id': 0
2793	16:54:52: Line Cutter  {'radio_id': 0
2794	16:54:52: Line Cutter  {'radio_id': 0
2795	16:54:52: Position Data {'radio_id': 0
2796	16:54:52: Position Data {'radio_id': 0
2797	16:54:52: Alt Info & Cfg {'radio_id': 0
2798	16:54:52: Position Data {'radio_id': 0
2799	16:54:52: Position Data {'radio_id': 0
2800	16:54:53: Position Data {'radio_id': 0
2801	16:54:53: Position Data {'radio_id': 0
2802	16:54:53: Position Data {'radio_id': 0
2803	16:54:53: Position Data {'radio_id': 0
2804	16:54:53: Position Data {'radio_id': 0
2805	16:54:53: Position Data {'radio_id': 0
2806	16:54:53: Pyro Info {'radio_id': 0
2807	16:54:53: Line Cutter  {'radio_id': 0
2808	16:54:53: Position Data {'radio_id': 0
2809	16:54:53: Position Data {'radio_id': 0
2810	16:54:53: Ground Station GPS {'gs_lat': 0.0
2811	16:54:53: Position Data {'radio_id': 0
2812	16:54:54: Alt Info & Cfg {'radio_id': 0
2813	16:54:54: Position Data {'radio_id': 0
2814	16:54:54: Position Data {'radio_id': 0
2815	16:54:54: Position Data {'radio_id': 0
2816	16:54:54: Position Data {'radio_id': 0
2817	16:54:54: Position Data {'radio_id': 0
2818	16:54:54: Position Data {'radio_id': 0
2819	16:54:54: Orientation {'radio_id': 0
2820	16:54:54: Pyro Info {'radio_id': 0
2821	16:54:54: Line Cutter  {'radio_id': 0
2822	16:54:54: Line Cutter  {'radio_id': 0
2823	16:54:54: Position Data {'radio_id': 0
2824	16:54:54: Position Data {'radio_id': 0
2825	16:54:54: Position Data {'radio_id': 0
2826	16:54:54: Position Data {'radio_id': 0
2827	16:54:55: Position Data {'radio_id': 0
2828	16:54:55: Position Data {'radio_id': 0
2829	16:54:55: Position Data {'radio_id': 0
2830	16:54:55: Position Data {'radio_id': 0
2831	16:54:55: Position Data {'radio_id': 0
2832	16:54:55: Position Data {'radio_id': 0
2833	16:54:55: Orientation {'radio_id': 0
2834	16:54:55: Pyro Info {'radio_id': 0
2835	16:54:55: Line Cutter  {'radio_id': 0
2836	16:54:55: Line Cutter  {'radio_id': 0
2837	16:54:55: Position Data {'radio_id': 0
2838	16:54:55: Position Data {'radio_id': 0
2839	16:54:55: Ground Station GPS {'gs_lat': 0.0
2840	16:54:55: Position Data {'radio_id': 0
2841	16:54:56: Position Data {'radio_id': 0
2842	16:54:56: Position Data {'radio_id': 0
2843	16:54:56: Position Data {'radio_id': 0
2844	16:54:56: Position Data {'radio_id': 0
2845	16:54:56: Alt Info & Cfg {'radio_id': 0
2846	16:54:56: Position Data {'radio_id': 0
2847	16:54:56: Position Data {'radio_id': 0
2848	16:54:56: Orientation {'radio_id': 0
2849	16:54:56: Position Data {'radio_id': 0
2850	16:54:56: Pyro Info {'radio_id': 0
2851	16:54:56: Line Cutter  {'radio_id': 0
2852	16:54:56: Line Cutter  {'radio_id': 0
2853	16:54:56: Position Data {'radio_id': 0
2854	16:54:56: Position Data {'radio_id': 0
2855	16:54:57: Position Data {'radio_id': 0
2856	16:54:57: Position Data {'radio_id': 0
2857	16:54:57: Position Data {'radio_id': 0
2858	16:54:57: Position Data {'radio_id': 0
2859	16:54:57: Position Data {'radio_id': 0
2860	16:54:57: Position Data {'radio_id': 0
2861	16:54:57: Position Data {'radio_id': 0
2862	16:54:57: Alt Info & Cfg {'radio_id': 0
2863	16:54:57: Orientation {'radio_id': 0
2864	16:54:57: Pyro Info {'radio_id': 0
2865	16:54:57: Line Cutter  {'radio_id': 0
2866	16:54:57: Line Cutter  {'radio_id': 0
2867	16:54:57: Position Data {'radio_id': 0
2868	16:54:57: Position Data {'radio_id': 0
2869	16:54:57: Ground Station GPS {'gs_lat': 0.0
2870	16:54:57: Position Data {'radio_id': 0
2871	16:54:58: Position Data {'radio_id': 0
2872	16:54:58: Position Data {'radio_id': 0
2873	16:54:58: Position Data {'radio_id': 0
2874	16:54:58: Position Data {'radio_id': 0
2875	16:54:58: Position Data {'radio_id': 0
2876	16:54:58: Position Data {'radio_id': 0
2877	16:54:58: Position Data {'radio_id': 0
2878	16:54:58: Orientation {'radio_id': 0
2879	16:54:58: Pyro Info {'radio_id': 0
2880	16:54:58: Line Cutter  {'radio_id': 0
2881	16:54:58: Line Cutter  {'radio_id': 0
2882	16:54:58: Position Data {'radio_id': 0
2883	16:54:58: Alt Info & Cfg {'radio_id': 0
2884	16:54:58: Position Data {'radio_id': 0
2885	16:54:59: Position Data {'radio_id': 0
2886	16:54:59: Position Data {'radio_id': 0
2887	16:54:59: Position Data {'radio_id': 0
2888	16:54:59: Position Data {'radio_id': 0
2889	16:54:59: Position Data {'radio_id': 0
2890	16:54:59: Position Data {'radio_id': 0
2891	16:54:59: Position Data {'radio_id': 0
2892	16:54:59: Orientation {'radio_id': 0
2893	16:54:59: Pyro Info {'radio_id': 0
2894	16:54:59: Line Cutter  {'radio_id': 0
2895	16:54:59: Line Cutter  {'radio_id': 0
2896	16:54:59: Position Data {'radio_id': 0
2897	16:54:59: Position Data {'radio_id': 0
2898	16:54:59: Ground Station GPS {'gs_lat': 0.0
2899	16:54:59: Position Data {'radio_id': 0
2900	16:55:00: Position Data {'radio_id': 0
2901	16:55:00: Alt Info & Cfg {'radio_id': 0
2902	16:55:00: Position Data {'radio_id': 0
2903	16:55:00: Position Data {'radio_id': 0
2904	16:55:00: Position Data {'radio_id': 0
2905	16:55:00: Position Data {'radio_id': 0
2906	16:55:00: Position Data {'radio_id': 0
2907	16:55:00: Position Data {'radio_id': 0
2908	16:55:00: Pyro Info {'radio_id': 0
2909	16:55:00: Line Cutter  {'radio_id': 0
2910	16:55:00: Line Cutter  {'radio_id': 0
2911	16:55:00: Position Data {'radio_id': 0
2912	16:55:00: Position Data {'radio_id': 0
2913	16:55:00: Position Data {'radio_id': 0
2914	16:55:01: Position Data {'radio_id': 0
2915	16:55:01: Position Data {'radio_id': 0
2916	16:55:01: Position Data {'radio_id': 0
2917	16:55:01: Alt Info & Cfg {'radio_id': 0
2918	16:55:01: Position Data {'radio_id': 0
2919	16:55:01: Position Data {'radio_id': 0
2920	16:55:01: Position Data {'radio_id': 0
2921	16:55:01: Orientation {'radio_id': 0
2922	16:55:01: Pyro Info {'radio_id': 0
2923	16:55:01: Line Cutter  {'radio_id': 0
2924	16:55:01: Line Cutter  {'radio_id': 0
2925	16:55:01: Position Data {'radio_id': 0
2926	16:55:01: Position Data {'radio_id': 0
2927	16:55:01: Position Data {'radio_id': 0
2928	16:55:02: Position Data {'radio_id': 0
2929	16:55:02: Position Data {'radio_id': 0
2930	16:55:02: Position Data {'radio_id': 0
2931	16:55:02: Position Data {'radio_id': 0
2932	16:55:02: Position Data {'radio_id': 0
2933	16:55:02: Alt Info & Cfg {'radio_id': 0
2934	16:55:02: Position Data {'radio_id': 0
2935	16:55:02: Position Data {'radio_id': 0
2936	16:55:02: Orientation {'radio_id': 0
2937	16:55:02: Pyro Info {'radio_id': 0
2938	16:55:02: Line Cutter  {'radio_id': 0
2939	16:55:02: Position Data {'radio_id': 0
2940	16:55:02: Position Data {'radio_id': 0
2941	16:55:03: Position Data {'radio_id': 0
2942	16:55:03: Position Data {'radio_id': 0
2943	16:55:03: Position Data {'radio_id': 0
2944	16:55:03: Position Data {'radio_id': 0
2945	16:55:03: Position Data {'radio_id': 0
2946	16:55:03: Position Data {'radio_id': 0
2947	16:55:03: Position Data {'radio_id': 0
2948	16:55:03: Orientation {'radio_id': 0
2949	16:55:03: Position Data {'radio_id': 0
2950	16:55:03: Pyro Info {'radio_id': 0
2951	16:55:03: Line Cutter  {'radio_id': 0
2952	16:55:03: Line Cutter  {'radio_id': 0
2953	16:55:03: Alt Info & Cfg {'radio_id': 0
2954	16:55:03: Position Data {'radio_id': 0
2955	16:55:03: Position Data {'radio_id': 0
2956	16:55:04: Position Data {'radio_id': 0
2957	16:55:04: Position Data {'radio_id': 0
2958	16:55:04: Position Data {'radio_id': 0
2959	16:55:04: Position Data {'radio_id': 0
2960	16:55:04: Position Data {'radio_id': 0
2961	16:55:04: Position Data {'radio_id': 0
2962	16:55:04: Position Data {'radio_id': 0
2963	16:55:04: Orientation {'radio_id': 0
2964	16:55:04: Pyro Info {'radio_id': 0
2965	16:55:04: Line Cutter  {'radio_id': 0
2966	16:55:04: Line Cutter  {'radio_id': 0
2967	16:55:04: Position Data {'radio_id': 0
2968	16:55:04: Position Data {'radio_id': 0
2969	16:55:04: Alt Info & Cfg {'radio_id': 0
2970	16:55:05: Position Data {'radio_id': 0
2971	16:55:05: Position Data {'radio_id': 0
2972	16:55:05: Position Data {'radio_id': 0
2973	16:55:05: Position Data {'radio_id': 0
2974	16:55:05: Position Data {'radio_id': 0
2975	16:55:05: Position Data {'radio_id': 0
2976	16:55:05: Position Data {'radio_id': 0
2977	16:55:05: Position Data {'radio_id': 0
2978	16:55:05: Orientation {'radio_id': 0
2979	16:55:05: Line Cutter  {'radio_id': 0
2980	16:55:05: Line Cutter  {'radio_id': 0
2981	16:55:05: Position Data {'radio_id': 0
2982	16:55:05: Ground Station GPS {'gs_lat': 0.0
2983	16:55:05: Position Data {'radio_id': 0
2984	16:55:06: Position Data {'radio_id': 0
2985	16:55:06: Position Data {'radio_id': 0
2986	16:55:06: Alt Info & Cfg {'radio_id': 0
2987	16:55:06: Position Data {'radio_id': 0
2988	16:55:06: Position Data {'radio_id': 0
2989	16:55:06: Position Data {'radio_id': 0
2990	16:55:06: Position Data {'radio_id': 0
2991	16:55:06: Position Data {'radio_id': 0
2992	16:55:06: Orientation {'radio_id': 0
2993	16:55:06: Pyro Info {'radio_id': 0
2994	16:55:06: Line Cutter  {'radio_id': 0
2995	16:55:06: Position Data {'radio_id': 0
2996	16:55:06: Position Data {'radio_id': 0
2997	16:55:07: Position Data {'radio_id': 0
2998	16:55:07: Position Data {'radio_id': 0
2999	16:55:07: Position Data {'radio_id': 0
3000	16:55:07: Position Data {'radio_id': 0
3001	16:55:07: Alt Info & Cfg {'radio_id': 0
3002	16:55:07: Position Data {'radio_id': 0
3003	16:55:07: Position Data {'radio_id': 0
3004	16:55:07: Position Data {'radio_id': 0
3005	16:55:07: Position Data {'radio_id': 0
3006	16:55:07: Orientation {'radio_id': 0
3007	16:55:07: Pyro Info {'radio_id': 0
3008	16:55:07: Line Cutter  {'radio_id': 0
3009	16:55:07: Line Cutter  {'radio_id': 0
3010	16:55:07: Position Data {'radio_id': 0
3011	16:55:07: Position Data {'radio_id': 0
3012	16:55:08: Position Data {'radio_id': 0
3013	16:55:08: Position Data {'radio_id': 0
3014	16:55:08: Position Data {'radio_id': 0
3015	16:55:08: Position Data {'radio_id': 0
3016	16:55:08: Position Data {'radio_id': 0
3017	16:55:08: Position Data {'radio_id': 0
3018	16:55:08: Alt Info & Cfg {'radio_id': 0
3019	16:55:08: Position Data {'radio_id': 0
3020	16:55:08: Orientation {'radio_id': 0
3021	16:55:08: Pyro Info {'radio_id': 0
3022	16:55:08: Line Cutter  {'radio_id': 0
3023	16:55:08: Line Cutter  {'radio_id': 0
3024	16:55:08: Position Data {'radio_id': 0
3025	16:55:08: Position Data {'radio_id': 0
3026	16:55:09: Position Data {'radio_id': 0
3027	16:55:09: Position Data {'radio_id': 0
3028	16:55:09: Position Data {'radio_id': 0
3029	16:55:09: Position Data {'radio_id': 0
3030	16:55:09: Position Data {'radio_id': 0
3031	16:55:09: Position Data {'radio_id': 0
3032	16:55:09: Position Data {'radio_id': 0
3033	16:55:09: Position Data {'radio_id': 0
3034	16:55:09: Orientation {'radio_id': 0
3035	16:55:09: Pyro Info {'radio_id': 0
3036	16:55:09: Line Cutter  {'radio_id': 0
3037	16:55:09: Line Cutter  {'radio_id': 0
3038	16:55:09: Position Data {'radio_id': 0
3039	16:55:09: Alt Info & Cfg {'radio_id': 0
3040	16:55:09: Position Data {'radio_id': 0
3041	16:55:10: Position Data {'radio_id': 0
3042	16:55:10: Position Data {'radio_id': 0
3043	16:55:10: Position Data {'radio_id': 0
3044	16:55:10: Position Data {'radio_id': 0
3045	16:55:10: Position Data {'radio_id': 0
3046	16:55:10: Position Data {'radio_id': 0
3047	16:55:10: Position Data {'radio_id': 0
3048	16:55:10: Orientation {'radio_id': 0
3049	16:55:10: Position Data {'radio_id': 0
3050	16:55:10: Pyro Info {'radio_id': 0
3051	16:55:10: Line Cutter  {'radio_id': 0
3052	16:55:10: Line Cutter  {'radio_id': 0
3053	16:55:10: Position Data {'radio_id': 0
3054	16:55:11: Position Data {'radio_id': 0
3055	16:55:11: Alt Info & Cfg {'radio_id': 0
3056	16:55:11: Position Data {'radio_id': 0
3057	16:55:11: Position Data {'radio_id': 0
3058	16:55:11: Position Data {'radio_id': 0
3059	16:55:11: Position Data {'radio_id': 0
3060	16:55:11: Position Data {'radio_id': 0
3061	16:55:11: Position Data {'radio_id': 0
3062	16:55:11: Position Data {'radio_id': 0
3063	16:55:11: Orientation {'radio_id': 0
3064	16:55:11: Pyro Info {'radio_id': 0
3065	16:55:11: Line Cutter  {'radio_id': 0
3066	16:55:11: Line Cutter  {'radio_id': 0
3067	16:55:11: Position Data {'radio_id': 0
3068	16:55:11: Position Data {'radio_id': 0
3069	16:55:11: Ground Station GPS {'gs_lat': 0.0
3070	16:55:12: Position Data {'radio_id': 0
3071	16:55:12: Position Data {'radio_id': 0
3072	16:55:12: Position Data {'radio_id': 0
3073	16:55:12: Alt Info & Cfg {'radio_id': 0
3074	16:55:12: Position Data {'radio_id': 0
3075	16:55:12: Position Data {'radio_id': 0
3076	16:55:12: Position Data {'radio_id': 0
3077	16:55:12: Position Data {'radio_id': 0
3078	16:55:12: Position Data {'radio_id': 0
3079	16:55:12: Orientation {'radio_id': 0
3080	16:55:12: Pyro Info {'radio_id': 0
3081	16:55:12: Line Cutter  {'radio_id': 0
3082	16:55:12: Line Cutter  {'radio_id': 0
3083	16:55:12: Position Data {'radio_id': 0
3084	16:55:13: Position Data {'radio_id': 0
3085	16:55:13: Position Data {'radio_id': 0
3086	16:55:13: Position Data {'radio_id': 0
3087	16:55:13: Position Data {'radio_id': 0
3088	16:55:13: Position Data {'radio_id': 0
3089	16:55:13: Alt Info & Cfg {'radio_id': 0
3090	16:55:13: Position Data {'radio_id': 0
3091	16:55:13: Position Data {'radio_id': 0
3092	16:55:13: Position Data {'radio_id': 0
3093	16:55:13: Orientation {'radio_id': 0
3094	16:55:13: Pyro Info {'radio_id': 0
3095	16:55:13: Line Cutter  {'radio_id': 0
3096	16:55:13: Line Cutter  {'radio_id': 0
3097	16:55:13: Position Data {'radio_id': 0
3098	16:55:13: Position Data {'radio_id': 0
3099	16:55:14: Position Data {'radio_id': 0
3100	16:55:14: Position Data {'radio_id': 0
3101	16:55:14: Position Data {'radio_id': 0
3102	16:55:14: Position Data {'radio_id': 0
3103	16:55:14: Position Data {'radio_id': 0
3104	16:55:14: Position Data {'radio_id': 0
3105	16:55:14: Position Data {'radio_id': 0
3106	16:55:14: Alt Info & Cfg {'radio_id': 0
3107	16:55:14: Position Data {'radio_id': 0
3108	16:55:14: Orientation {'radio_id': 0
3109	16:55:14: Pyro Info {'radio_id': 0
3110	16:55:14: Line Cutter  {'radio_id': 0
3111	16:55:14: Line Cutter  {'radio_id': 0
3112	16:55:14: Position Data {'radio_id': 0
3113	16:55:15: Position Data {'radio_id': 0
3114	16:55:15: Position Data {'radio_id': 0
3115	16:55:15: Position Data {'radio_id': 0
3116	16:55:15: Position Data {'radio_id': 0
3117	16:55:15: Position Data {'radio_id': 0
3118	16:55:15: Position Data {'radio_id': 0
3119	16:55:15: Position Data {'radio_id': 0
3120	16:55:15: Position Data {'radio_id': 0
3121	16:55:15: Orientation {'radio_id': 0
3122	16:55:15: Line Cutter  {'radio_id': 0
3123	16:55:15: Line Cutter  {'radio_id': 0
3124	16:55:15: Position Data {'radio_id': 0
3125	16:55:16: Alt Info & Cfg {'radio_id': 0
3126	16:55:16: Position Data {'radio_id': 0
3127	16:55:16: Position Data {'radio_id': 0
3128	16:55:16: Position Data {'radio_id': 0
3129	16:55:16: Position Data {'radio_id': 0
3130	16:55:16: Position Data {'radio_id': 0
3131	16:55:16: Position Data {'radio_id': 0
3132	16:55:16: Position Data {'radio_id': 0
3133	16:55:16: Position Data {'radio_id': 0
3134	16:55:16: Position Data {'radio_id': 0
3135	16:55:16: Orientation {'radio_id': 0
3136	16:55:16: Pyro Info {'radio_id': 0
3137	16:55:16: Line Cutter  {'radio_id': 0
3138	16:55:16: Line Cutter  {'radio_id': 0
3139	16:55:16: Position Data {'radio_id': 0
3140	16:55:17: Position Data {'radio_id': 0
3141	16:55:17: Position Data {'radio_id': 0
3142	16:55:17: Alt Info & Cfg {'radio_id': 0
3143	16:55:17: Position Data {'radio_id': 0
3144	16:55:17: Position Data {'radio_id': 0
3145	16:55:17: Position Data {'radio_id': 0
3146	16:55:17: Position Data {'radio_id': 0
3147	16:55:17: Position Data {'radio_id': 0
3148	16:55:17: Position Data {'radio_id': 0
3149	16:55:17: Orientation {'radio_id': 0
3150	16:55:17: Position Data {'radio_id': 0
3151	16:55:17: Pyro Info {'radio_id': 0
3152	16:55:17: Line Cutter  {'radio_id': 0
3153	16:55:17: Line Cutter  {'radio_id': 0
3154	16:55:18: Position Data {'radio_id': 0
3155	16:55:18: Position Data {'radio_id': 0
3156	16:55:18: Position Data {'radio_id': 0
3157	16:55:18: Position Data {'radio_id': 0
3158	16:55:18: Position Data {'radio_id': 0
3159	16:55:18: Alt Info & Cfg {'radio_id': 0
3160	16:55:18: Position Data {'radio_id': 0
3161	16:55:18: Position Data {'radio_id': 0
3162	16:55:18: Position Data {'radio_id': 0
3163	16:55:18: Position Data {'radio_id': 0
3164	16:55:18: Orientation {'radio_id': 0
3165	16:55:18: Pyro Info {'radio_id': 0
3166	16:55:18: Line Cutter  {'radio_id': 0
3167	16:55:19: Position Data {'radio_id': 0
3168	16:55:19: Position Data {'radio_id': 0
3169	16:55:19: Position Data {'radio_id': 0
3170	16:55:19: Position Data {'radio_id': 0
3171	16:55:19: Position Data {'radio_id': 0
3172	16:55:19: Position Data {'radio_id': 0
3173	16:55:19: Position Data {'radio_id': 0
3174	16:55:19: Alt Info & Cfg {'radio_id': 0
3175	16:55:19: Position Data {'radio_id': 0
3176	16:55:19: Position Data {'radio_id': 0
3177	16:55:19: Position Data {'radio_id': 0
3178	16:55:19: Orientation {'radio_id': 0
3179	16:55:19: Pyro Info {'radio_id': 0
3180	16:55:19: Line Cutter  {'radio_id': 0
3181	16:55:20: Line Cutter  {'radio_id': 0
3182	16:55:20: Ground Station GPS {'gs_lat': 0.0
3183	16:55:20: Position Data {'radio_id': 0
3184	16:55:20: Position Data {'radio_id': 0
3185	16:55:20: Position Data {'radio_id': 0
3186	16:55:20: Position Data {'radio_id': 0
3187	16:55:20: Position Data {'radio_id': 0
3188	16:55:20: Position Data {'radio_id': 0
3189	16:55:20: Position Data {'radio_id': 0
3190	16:55:20: Position Data {'radio_id': 0
3191	16:55:20: Alt Info & Cfg {'radio_id': 0
3192	16:55:20: Orientation {'radio_id': 0
3193	16:55:20: Pyro Info {'radio_id': 0
3194	16:55:20: Line Cutter  {'radio_id': 0
3195	16:55:20: Line Cutter  {'radio_id': 0
3196	16:55:21: Position Data {'radio_id': 0
3197	16:55:21: Position Data {'radio_id': 0
3198	16:55:21: Position Data {'radio_id': 0
3199	16:55:21: Position Data {'radio_id': 0
3200	16:55:21: Position Data {'radio_id': 0
3201	16:55:21: Position Data {'radio_id': 0
3202	16:55:21: Position Data {'radio_id': 0
3203	16:55:21: Position Data {'radio_id': 0
3204	16:55:21: Position Data {'radio_id': 0
3205	16:55:21: Position Data {'radio_id': 0
3206	16:55:21: Orientation {'radio_id': 0
3207	16:55:21: Pyro Info {'radio_id': 0
3208	16:55:21: Line Cutter  {'radio_id': 0
3209	16:55:21: Line Cutter  {'radio_id': 0
3210	16:55:22: Position Data {'radio_id': 0
3211	16:55:22: Alt Info & Cfg {'radio_id': 0
3212	16:55:22: Position Data {'radio_id': 0
3213	16:55:22: Position Data {'radio_id': 0
3214	16:55:22: Position Data {'radio_id': 0
3215	16:55:22: Position Data {'radio_id': 0
3216	16:55:22: Position Data {'radio_id': 0
3217	16:55:22: Position Data {'radio_id': 0
3218	16:55:22: Position Data {'radio_id': 0
3219	16:55:22: Position Data {'radio_id': 0
3220	16:55:22: Orientation {'radio_id': 0
3221	16:55:22: Pyro Info {'radio_id': 0
3222	16:55:22: Line Cutter  {'radio_id': 0
3223	16:55:22: Line Cutter  {'radio_id': 0
3224	16:55:23: Position Data {'radio_id': 0
3225	16:55:23: Position Data {'radio_id': 0
3226	16:55:23: Position Data {'radio_id': 0
3227	16:55:23: Position Data {'radio_id': 0
3228	16:55:23: Alt Info & Cfg {'radio_id': 0
3229	16:55:23: Position Data {'radio_id': 0
3230	16:55:23: Position Data {'radio_id': 0
3231	16:55:23: Position Data {'radio_id': 0
3232	16:55:23: Position Data {'radio_id': 0
3233	16:55:23: Position Data {'radio_id': 0
3234	16:55:23: Position Data {'radio_id': 0
3235	16:55:23: Orientation {'radio_id': 0
3236	16:55:23: Pyro Info {'radio_id': 0
3237	16:55:23: Line Cutter  {'radio_id': 0
3238	16:55:24: Line Cutter  {'radio_id': 0
3239	16:55:24: Ground Station GPS {'gs_lat': 0.0
3240	16:55:24: Position Data {'radio_id': 0
3241	16:55:24: Position Data {'radio_id': 0
3242	16:55:24: Position Data {'radio_id': 0
3243	16:55:24: Position Data {'radio_id': 0
3244	16:55:24: Position Data {'radio_id': 0
3245	16:55:24: Alt Info & Cfg {'radio_id': 0
3246	16:55:24: Position Data {'radio_id': 0
3247	16:55:24: Position Data {'radio_id': 0
3248	16:55:24: Position Data {'radio_id': 0
3249	16:55:24: Orientation {'radio_id': 0
3250	16:55:25: Pyro Info {'radio_id': 0
3251	16:55:25: Line Cutter  {'radio_id': 0
3252	16:55:25: Line Cutter  {'radio_id': 0
3253	16:55:25: Position Data {'radio_id': 0
3254	16:55:25: Position Data {'radio_id': 0
3255	16:55:25: Position Data {'radio_id': 0
3256	16:55:25: Position Data {'radio_id': 0
3257	16:55:25: Position Data {'radio_id': 0
3258	16:55:25: Position Data {'radio_id': 0
3259	16:55:25: Position Data {'radio_id': 0
3260	16:55:25: Alt Info & Cfg {'radio_id': 0
3261	16:55:25: Position Data {'radio_id': 0
3262	16:55:25: Position Data {'radio_id': 0
3263	16:55:25: Orientation {'radio_id': 0
3264	16:55:25: Pyro Info {'radio_id': 0
3265	16:55:25: Line Cutter  {'radio_id': 0
3266	16:55:26: Line Cutter  {'radio_id': 0
3267	16:55:26: Position Data {'radio_id': 0
3268	16:55:26: Position Data {'radio_id': 0
3269	16:55:26: Position Data {'radio_id': 0
3270	16:55:26: Position Data {'radio_id': 0
3271	16:55:26: Position Data {'radio_id': 0
3272	16:55:26: Position Data {'radio_id': 0
3273	16:55:26: Position Data {'radio_id': 0
3274	16:55:26: Position Data {'radio_id': 0
3275	16:55:26: Position Data {'radio_id': 0
3276	16:55:26: Position Data {'radio_id': 0
3277	16:55:26: Alt Info & Cfg {'radio_id': 0
3278	16:55:27: Pyro Info {'radio_id': 0
3279	16:55:27: Line Cutter  {'radio_id': 0
3280	16:55:27: Line Cutter  {'radio_id': 0
3281	16:55:27: Position Data {'radio_id': 0
3282	16:55:27: Position Data {'radio_id': 0
3283	16:55:27: Position Data {'radio_id': 0
3284	16:55:27: Position Data {'radio_id': 0
3285	16:55:27: Position Data {'radio_id': 0
3286	16:55:27: Position Data {'radio_id': 0
3287	16:55:27: Position Data {'radio_id': 0
3288	16:55:27: Position Data {'radio_id': 0
3289	16:55:27: Position Data {'radio_id': 0
3290	16:55:27: Orientation {'radio_id': 0
3291	16:55:27: Pyro Info {'radio_id': 0
3292	16:55:28: Line Cutter  {'radio_id': 0
3293	16:55:28: Line Cutter  {'radio_id': 0
3294	16:55:28: Position Data {'radio_id': 0
3295	16:55:28: Alt Info & Cfg {'radio_id': 0
3296	16:55:28: Position Data {'radio_id': 0
3297	16:55:28: Position Data {'radio_id': 0
3298	16:55:28: Position Data {'radio_id': 0
3299	16:55:28: Position Data {'radio_id': 0
3300	16:55:28: Position Data {'radio_id': 0
3301	16:55:28: Position Data {'radio_id': 0
3302	16:55:28: Position Data {'radio_id': 0
3303	16:55:28: Position Data {'radio_id': 0
3304	16:55:28: Orientation {'radio_id': 0
3305	16:55:28: Pyro Info {'radio_id': 0
3306	16:55:29: Line Cutter  {'radio_id': 0
3307	16:55:29: Line Cutter  {'radio_id': 0
3308	16:55:29: Position Data {'radio_id': 0
3309	16:55:29: Position Data {'radio_id': 0
3310	16:55:29: Position Data {'radio_id': 0
3311	16:55:29: Position Data {'radio_id': 0
3312	16:55:29: Position Data {'radio_id': 0
3313	16:55:29: Position Data {'radio_id': 0
3314	16:55:29: Position Data {'radio_id': 0
3315	16:55:29: Position Data {'radio_id': 0
3316	16:55:29: Position Data {'radio_id': 0
3317	16:55:29: Orientation {'radio_id': 0
3318	16:55:30: Pyro Info {'radio_id': 0
3319	16:55:30: Ground Station GPS {'gs_lat': 0.0
3320	16:55:30: Line Cutter  {'radio_id': 0
3321	16:55:30: Position Data {'radio_id': 0
3322	16:55:30: Position Data {'radio_id': 0
3323	16:55:30: Position Data {'radio_id': 0
3324	16:55:30: Position Data {'radio_id': 0
3325	16:55:30: Position Data {'radio_id': 0
3326	16:55:30: Position Data {'radio_id': 0
3327	16:55:30: Alt Info & Cfg {'radio_id': 0
3328	16:55:30: Position Data {'radio_id': 0
3329	16:55:30: Position Data {'radio_id': 0
3330	16:55:30: Position Data {'radio_id': 0
3331	16:55:30: Position Data {'radio_id': 0
3332	16:55:30: Orientation {'radio_id': 0
3333	16:55:31: Pyro Info {'radio_id': 0
3334	16:55:31: Line Cutter  {'radio_id': 0
3335	16:55:31: Line Cutter  {'radio_id': 0
3336	16:55:31: Position Data {'radio_id': 0
3337	16:55:31: Position Data {'radio_id': 0
3338	16:55:31: Position Data {'radio_id': 0
3339	16:55:31: Position Data {'radio_id': 0
3340	16:55:31: Position Data {'radio_id': 0
3341	16:55:31: Position Data {'radio_id': 0
3342	16:55:31: Position Data {'radio_id': 0
3343	16:55:31: Position Data {'radio_id': 0
3344	16:55:31: Alt Info & Cfg {'radio_id': 0
3345	16:55:31: Position Data {'radio_id': 0
3346	16:55:31: Orientation {'radio_id': 0
3347	16:55:32: Position Data {'radio_id': 0
3348	16:55:32: Line Cutter  {'radio_id': 0
3349	16:55:32: Line Cutter  {'radio_id': 0
3350	16:55:32: Position Data {'radio_id': 0
3351	16:55:32: Position Data {'radio_id': 0
3352	16:55:32: Position Data {'radio_id': 0
3353	16:55:32: Position Data {'radio_id': 0
3354	16:55:32: Position Data {'radio_id': 0
3355	16:55:32: Position Data {'radio_id': 0
3356	16:55:32: Position Data {'radio_id': 0
3357	16:55:32: Position Data {'radio_id': 0
3358	16:55:32: Position Data {'radio_id': 0
3359	16:55:32: Orientation {'radio_id': 0
3360	16:55:33: Pyro Info {'radio_id': 0
3361	16:55:33: Line Cutter  {'radio_id': 0
3362	16:55:33: Line Cutter  {'radio_id': 0
3363	16:55:33: Alt Info & Cfg {'radio_id': 0
3364	16:55:33: Position Data {'radio_id': 0
3365	16:55:33: Position Data {'radio_id': 0
3366	16:55:33: Position Data {'radio_id': 0
3367	16:55:33: Position Data {'radio_id': 0
3368	16:55:33: Position Data {'radio_id': 0
3369	16:55:33: Position Data {'radio_id': 0
3370	16:55:33: Position Data {'radio_id': 0
3371	16:55:33: Position Data {'radio_id': 0
3372	16:55:33: Position Data {'radio_id': 0
3373	16:55:34: Position Data {'radio_id': 0
3374	16:55:34: Orientation {'radio_id': 0
3375	16:55:34: Ground Station GPS {'gs_lat': 0.0
3376	16:55:34: Pyro Info {'radio_id': 0
3377	16:55:34: Line Cutter  {'radio_id': 0
3378	16:55:34: Position Data {'radio_id': 0
3379	16:55:34: Position Data {'radio_id': 0
3380	16:55:34: Alt Info & Cfg {'radio_id': 0
3381	16:55:34: Position Data {'radio_id': 0
3382	16:55:34: Position Data {'radio_id': 0
3383	16:55:34: Position Data {'radio_id': 0
3384	16:55:34: Position Data {'radio_id': 0
3385	16:55:34: Position Data {'radio_id': 0
3386	16:55:34: Position Data {'radio_id': 0
3387	16:55:34: Position Data {'radio_id': 0
3388	16:55:35: Orientation {'radio_id': 0
3389	16:55:35: Pyro Info {'radio_id': 0
3390	16:55:35: Line Cutter  {'radio_id': 0
3391	16:55:35: Line Cutter  {'radio_id': 0
3392	16:55:35: Position Data {'radio_id': 0
3393	16:55:35: Position Data {'radio_id': 0
3394	16:55:35: Position Data {'radio_id': 0
3395	16:55:35: Position Data {'radio_id': 0
3396	16:55:35: Position Data {'radio_id': 0
3397	16:55:35: Alt Info & Cfg {'radio_id': 0
3398	16:55:35: Position Data {'radio_id': 0
3399	16:55:35: Position Data {'radio_id': 0
3400	16:55:35: Position Data {'radio_id': 0
3401	16:55:35: Position Data {'radio_id': 0
3402	16:55:36: Position Data {'radio_id': 0
3403	16:55:36: Ground Station GPS {'gs_lat': 0.0
3404	16:55:36: Pyro Info {'radio_id': 0
3405	16:55:36: Line Cutter  {'radio_id': 0
3406	16:55:36: Line Cutter  {'radio_id': 0
3407	16:55:36: Position Data {'radio_id': 0
3408	16:55:36: Position Data {'radio_id': 0
3409	16:55:36: Position Data {'radio_id': 0
3410	16:55:36: Position Data {'radio_id': 0
3411	16:55:36: Position Data {'radio_id': 0
3412	16:55:36: Position Data {'radio_id': 0
3413	16:55:36: Alt Info & Cfg {'radio_id': 0
3414	16:55:36: Position Data {'radio_id': 0
3415	16:55:36: Position Data {'radio_id': 0
3416	16:55:36: Position Data {'radio_id': 0
3417	16:55:37: Orientation {'radio_id': 0
3418	16:55:37: Pyro Info {'radio_id': 0
3419	16:55:37: Line Cutter  {'radio_id': 0
3420	16:55:37: Line Cutter  {'radio_id': 0
3421	16:55:37: Position Data {'radio_id': 0
3422	16:55:37: Position Data {'radio_id': 0
3423	16:55:37: Position Data {'radio_id': 0
3424	16:55:37: Position Data {'radio_id': 0
3425	16:55:37: Position Data {'radio_id': 0
3426	16:55:37: Position Data {'radio_id': 0
3427	16:55:37: Position Data {'radio_id': 0
3428	16:55:37: Position Data {'radio_id': 0
3429	16:55:37: Position Data {'radio_id': 0
3430	16:55:37: Alt Info & Cfg {'radio_id': 0
3431	16:55:38: Position Data {'radio_id': 0
3432	16:55:38: Orientation {'radio_id': 0
3433	16:55:38: Ground Station GPS {'gs_lat': 0.0
3434	16:55:38: Pyro Info {'radio_id': 0
3435	16:55:38: Line Cutter  {'radio_id': 0
3436	16:55:38: Line Cutter  {'radio_id': 0
3437	16:55:38: Position Data {'radio_id': 0
3438	16:55:38: Position Data {'radio_id': 0
3439	16:55:38: Position Data {'radio_id': 0
3440	16:55:38: Position Data {'radio_id': 0
3441	16:55:38: Position Data {'radio_id': 0
3442	16:55:38: Position Data {'radio_id': 0
3443	16:55:38: Position Data {'radio_id': 0
3444	16:55:38: Position Data {'radio_id': 0
3445	16:55:38: Position Data {'radio_id': 0
3446	16:55:39: Orientation {'radio_id': 0
3447	16:55:39: Position Data {'radio_id': 0
3448	16:55:39: Pyro Info {'radio_id': 0
3449	16:55:39: Line Cutter  {'radio_id': 0
3450	16:55:39: Alt Info & Cfg {'radio_id': 0
3451	16:55:39: Position Data {'radio_id': 0
3452	16:55:39: Position Data {'radio_id': 0
3453	16:55:39: Position Data {'radio_id': 0
3454	16:55:39: Position Data {'radio_id': 0
3455	16:55:39: Position Data {'radio_id': 0
3456	16:55:39: Position Data {'radio_id': 0
3457	16:55:39: Position Data {'radio_id': 0
3458	16:55:39: Position Data {'radio_id': 0
3459	16:55:40: Position Data {'radio_id': 0
3460	16:55:40: Orientation {'radio_id': 0
3461	16:55:40: Pyro Info {'radio_id': 0
3462	16:55:40: Line Cutter  {'radio_id': 0
3463	16:55:40: Line Cutter  {'radio_id': 0
3464	16:55:40: Position Data {'radio_id': 0
3465	16:55:40: Position Data {'radio_id': 0
3466	16:55:40: Position Data {'radio_id': 0
3467	16:55:40: Alt Info & Cfg {'radio_id': 0
3468	16:55:40: Position Data {'radio_id': 0
3469	16:55:40: Position Data {'radio_id': 0
3470	16:55:40: Position Data {'radio_id': 0
3471	16:55:40: Position Data {'radio_id': 0
3472	16:55:40: Position Data {'radio_id': 0
3473	16:55:40: Position Data {'radio_id': 0
3474	16:55:41: Position Data {'radio_id': 0
3475	16:55:41: Orientation {'radio_id': 0
3476	16:55:41: Pyro Info {'radio_id': 0
3477	16:55:41: Line Cutter  {'radio_id': 0
3478	16:55:41: Line Cutter  {'radio_id': 0
3479	16:55:41: Position Data {'radio_id': 0
3480	16:55:41: Position Data {'radio_id': 0
3481	16:55:41: Position Data {'radio_id': 0
3482	16:55:41: Position Data {'radio_id': 0
3483	16:55:41: Alt Info & Cfg {'radio_id': 0
3484	16:55:41: Position Data {'radio_id': 0
3485	16:55:41: Position Data {'radio_id': 0
3486	16:55:41: Position Data {'radio_id': 0
3487	16:55:41: Position Data {'radio_id': 0
3488	16:55:42: Position Data {'radio_id': 0
3489	16:55:42: Ground Station GPS {'gs_lat': 0.0
3490	16:55:42: Orientation {'radio_id': 0
3491	16:55:42: Pyro Info {'radio_id': 0
3492	16:55:42: Line Cutter  {'radio_id': 0
3493	16:55:42: Line Cutter  {'radio_id': 0
3494	16:55:42: Position Data {'radio_id': 0
3495	16:55:42: Position Data {'radio_id': 0
3496	16:55:42: Position Data {'radio_id': 0
3497	16:55:42: Position Data {'radio_id': 0
3498	16:55:42: Position Data {'radio_id': 0
3499	16:55:42: Position Data {'radio_id': 0
3500	16:55:42: Position Data {'radio_id': 0
3501	16:55:42: Alt Info & Cfg {'radio_id': 0
3502	16:55:42: Position Data {'radio_id': 0
3503	16:55:42: Position Data {'radio_id': 0
3504	16:55:43: Position Data {'radio_id': 0
3505	16:55:43: Orientation {'radio_id': 0
3506	16:55:43: Pyro Info {'radio_id': 0
3507	16:55:43: Line Cutter  {'radio_id': 0
3508	16:55:43: Line Cutter  {'radio_id': 0
3509	16:55:43: Position Data {'radio_id': 0
3510	16:55:43: Position Data {'radio_id': 0
3511	16:55:43: Position Data {'radio_id': 0
3512	16:55:43: Position Data {'radio_id': 0
3513	16:55:43: Position Data {'radio_id': 0
3514	16:55:43: Position Data {'radio_id': 0
3515	16:55:43: Position Data {'radio_id': 0
3516	16:55:43: Position Data {'radio_id': 0
3517	16:55:44: Position Data {'radio_id': 0
3518	16:55:44: Alt Info & Cfg {'radio_id': 0
3519	16:55:44: Ground Station GPS {'gs_lat': 0.0
3520	16:55:44: Orientation {'radio_id': 0
3521	16:55:44: Pyro Info {'radio_id': 0
3522	16:55:44: Line Cutter  {'radio_id': 0
3523	16:55:44: Line Cutter  {'radio_id': 0
3524	16:55:44: Position Data {'radio_id': 0
3525	16:55:44: Position Data {'radio_id': 0
3526	16:55:44: Position Data {'radio_id': 0
3527	16:55:44: Position Data {'radio_id': 0
3528	16:55:44: Position Data {'radio_id': 0
3529	16:55:44: Position Data {'radio_id': 0
3530	16:55:44: Position Data {'radio_id': 0
3531	16:55:44: Position Data {'radio_id': 0
3532	16:55:44: Position Data {'radio_id': 0
3533	16:55:45: Position Data {'radio_id': 0
3534	16:55:45: Orientation {'radio_id': 0
3535	16:55:45: Line Cutter  {'radio_id': 0
3536	16:55:45: Line Cutter  {'radio_id': 0
3537	16:55:45: Position Data {'radio_id': 0
3538	16:55:45: Alt Info & Cfg {'radio_id': 0
3539	16:55:45: Position Data {'radio_id': 0
3540	16:55:45: Position Data {'radio_id': 0
3541	16:55:45: Position Data {'radio_id': 0
3542	16:55:45: Position Data {'radio_id': 0
3543	16:55:45: Position Data {'radio_id': 0
3544	16:55:45: Position Data {'radio_id': 0
3545	16:55:45: Position Data {'radio_id': 0
3546	16:55:46: Position Data {'radio_id': 0
3547	16:55:46: Ground Station GPS {'gs_lat': 0.0
3548	16:55:46: Orientation {'radio_id': 0
3549	16:55:46: Position Data {'radio_id': 0
3550	16:55:46: Pyro Info {'radio_id': 0
3551	16:55:46: Line Cutter  {'radio_id': 0
3552	16:55:46: Line Cutter  {'radio_id': 0
3553	16:55:46: Position Data {'radio_id': 0
3554	16:55:46: Position Data {'radio_id': 0
3555	16:55:46: Position Data {'radio_id': 0
3556	16:55:46: Alt Info & Cfg {'radio_id': 0
3557	16:55:46: Position Data {'radio_id': 0
3558	16:55:46: Position Data {'radio_id': 0
3559	16:55:46: Position Data {'radio_id': 0
3560	16:55:46: Position Data {'radio_id': 0
3561	16:55:46: Position Data {'radio_id': 0
3562	16:55:47: Position Data {'radio_id': 0
3563	16:55:47: Orientation {'radio_id': 0
3564	16:55:47: Pyro Info {'radio_id': 0
3565	16:55:47: Line Cutter  {'radio_id': 0
3566	16:55:47: Line Cutter  {'radio_id': 0
3567	16:55:47: Position Data {'radio_id': 0
3568	16:55:47: Position Data {'radio_id': 0
3569	16:55:47: Position Data {'radio_id': 0
3570	16:55:47: Position Data {'radio_id': 0
3571	16:55:47: Position Data {'radio_id': 0
3572	16:55:47: Alt Info & Cfg {'radio_id': 0
3573	16:55:47: Position Data {'radio_id': 0
3574	16:55:47: Position Data {'radio_id': 0
3575	16:55:47: Position Data {'radio_id': 0
3576	16:55:48: Position Data {'radio_id': 0
3577	16:55:48: Position Data {'radio_id': 0
3578	16:55:48: Orientation {'radio_id': 0
3579	16:55:48: Pyro Info {'radio_id': 0
3580	16:55:48: Line Cutter  {'radio_id': 0
3581	16:55:48: Line Cutter  {'radio_id': 0
3582	16:55:48: Position Data {'radio_id': 0
3583	16:55:48: Position Data {'radio_id': 0
3584	16:55:48: Position Data {'radio_id': 0
3585	16:55:48: Position Data {'radio_id': 0
3586	16:55:48: Position Data {'radio_id': 0
3587	16:55:48: Position Data {'radio_id': 0
3588	16:55:48: Position Data {'radio_id': 0
3589	16:55:48: Position Data {'radio_id': 0
3590	16:55:49: Position Data {'radio_id': 0
3591	16:55:49: Orientation {'radio_id': 0
3592	16:55:49: Pyro Info {'radio_id': 0
3593	16:55:49: Line Cutter  {'radio_id': 0
3594	16:55:49: Line Cutter  {'radio_id': 0
3595	16:55:49: Position Data {'radio_id': 0
3596	16:55:49: Position Data {'radio_id': 0
3597	16:55:49: Position Data {'radio_id': 0
3598	16:55:49: Position Data {'radio_id': 0
3599	16:55:49: Position Data {'radio_id': 0
3600	16:55:49: Position Data {'radio_id': 0
3601	16:55:49: Position Data {'radio_id': 0
3602	16:55:49: Position Data {'radio_id': 0
3603	16:55:50: Position Data {'radio_id': 0
3604	16:55:50: Alt Info & Cfg {'radio_id': 0
3605	16:55:50: Position Data {'radio_id': 0
3606	16:55:50: Orientation {'radio_id': 0
3607	16:55:50: Pyro Info {'radio_id': 0
3608	16:55:50: Line Cutter  {'radio_id': 0
3609	16:55:50: Position Data {'radio_id': 0
3610	16:55:50: Position Data {'radio_id': 0
3611	16:55:50: Position Data {'radio_id': 0
3612	16:55:50: Position Data {'radio_id': 0
3613	16:55:50: Position Data {'radio_id': 0
3614	16:55:50: Position Data {'radio_id': 0
3615	16:55:50: Position Data {'radio_id': 0
3616	16:55:50: Position Data {'radio_id': 0
3617	16:55:51: Position Data {'radio_id': 0
3618	16:55:51: Orientation {'radio_id': 0
3619	16:55:51: Pyro Info {'radio_id': 0
3620	16:55:51: Line Cutter  {'radio_id': 0
3621	16:55:51: Line Cutter  {'radio_id': 0
3622	16:55:51: Position Data {'radio_id': 0
3623	16:55:51: Position Data {'radio_id': 0
3624	16:55:51: Alt Info & Cfg {'radio_id': 0
3625	16:55:51: Position Data {'radio_id': 0
3626	16:55:51: Position Data {'radio_id': 0
3627	16:55:51: Position Data {'radio_id': 0
3628	16:55:51: Position Data {'radio_id': 0
3629	16:55:51: Position Data {'radio_id': 0
3630	16:55:51: Position Data {'radio_id': 0
3631	16:55:52: Position Data {'radio_id': 0
3632	16:55:52: Position Data {'radio_id': 0
3633	16:55:52: Orientation {'radio_id': 0
3634	16:55:52: Pyro Info {'radio_id': 0
3635	16:55:52: Line Cutter  {'radio_id': 0
3636	16:55:52: Position Data {'radio_id': 0
3637	16:55:52: Position Data {'radio_id': 0
3638	16:55:52: Position Data {'radio_id': 0
3639	16:55:52: Position Data {'radio_id': 0
3640	16:55:52: Alt Info & Cfg {'radio_id': 0
3641	16:55:52: Position Data {'radio_id': 0
3642	16:55:52: Position Data {'radio_id': 0
3643	16:55:52: Position Data {'radio_id': 0
3644	16:55:52: Position Data {'radio_id': 0
3645	16:55:53: Position Data {'radio_id': 0
3646	16:55:53: Orientation {'radio_id': 0
3647	16:55:53: Position Data {'radio_id': 0
3648	16:55:53: Pyro Info {'radio_id': 0
3649	16:55:53: Line Cutter  {'radio_id': 0
3650	16:55:53: Line Cutter  {'radio_id': 0
3651	16:55:53: Position Data {'radio_id': 0
3652	16:55:53: Position Data {'radio_id': 0
3653	16:55:53: Position Data {'radio_id': 0
3654	16:55:53: Position Data {'radio_id': 0
3655	16:55:53: Position Data {'radio_id': 0
3656	16:55:53: Alt Info & Cfg {'radio_id': 0
3657	16:55:53: Position Data {'radio_id': 0
3658	16:55:53: Position Data {'radio_id': 0
3659	16:55:54: Position Data {'radio_id': 0
3660	16:55:54: Position Data {'radio_id': 0
3661	16:55:54: Orientation {'radio_id': 0
3662	16:55:54: Pyro Info {'radio_id': 0
3663	16:55:54: Line Cutter  {'radio_id': 0
3664	16:55:54: Line Cutter 0 {'radio_id': 0
3665	16:55:54: Position Data {'radio_id': 0
3666	16:55:54: Position Data {'radio_id': 0
3667	16:55:54: Position Data {'radio_id': 0
3668	16:55:54: Position Data {'radio_id': 0
3669	16:55:54: Position Data {'radio_id': 0
3670	16:55:54: Position Data {'radio_id': 0
3671	16:55:54: Position Data {'radio_id': 0
3672	16:55:54: Position Data {'radio_id': 0
3673	16:55:55: Alt Info & Cfg {'radio_id': 0
3674	16:55:55: Position Data {'radio_id': 0
3675	16:55:55: Position Data {'radio_id': 0
3676	16:55:55: Orientation {'radio_id': 0
3677	16:55:55: Pyro Info {'radio_id': 0
3678	16:55:55: Line Cutter  {'radio_id': 0
3679	16:55:55: Line Cutter  {'radio_id': 0
3680	16:55:55: Position Data {'radio_id': 0
3681	16:55:55: Position Data {'radio_id': 0
3682	16:55:55: Position Data {'radio_id': 0
3683	16:55:55: Position Data {'radio_id': 0
3684	16:55:55: Position Data {'radio_id': 0
3685	16:55:55: Position Data {'radio_id': 0
3686	16:55:56: Position Data {'radio_id': 0
3687	16:55:56: Position Data {'radio_id': 0
3688	16:55:56: Ground Station GPS {'gs_lat': 0.0
3689	16:55:56: Orientation {'radio_id': 0
3690	16:55:56: Pyro Info {'radio_id': 0
3691	16:55:56: Line Cutter  {'radio_id': 0
3692	16:55:56: Line Cutter  {'radio_id': 0
3693	16:55:56: Position Data {'radio_id': 0
3694	16:55:56: Position Data {'radio_id': 0
3695	16:55:56: Position Data {'radio_id': 0
3696	16:55:57: Position Data {'radio_id': 0
3697	16:55:57: Position Data {'radio_id': 0
3698	16:55:57: Orientation {'radio_id': 0
3699	16:55:57: Position Data {'radio_id': 0
3700	16:55:57: Pyro Info {'radio_id': 0
3701	16:55:57: Line Cutter  {'radio_id': 0
3702	16:55:57: Line Cutter  {'radio_id': 0
3703	16:55:57: Position Data {'radio_id': 0
3704	16:55:57: Position Data {'radio_id': 0
3705	16:55:57: Alt Info & Cfg {'radio_id': 0
3706	16:55:57: Position Data {'radio_id': 0
3707	16:55:57: Position Data {'radio_id': 0
3708	16:55:57: Position Data {'radio_id': 0
3709	16:55:57: Position Data {'radio_id': 0
3710	16:55:57: Position Data {'radio_id': 0
3711	16:55:58: Position Data {'radio_id': 0
3712	16:55:58: Position Data {'radio_id': 0
3713	16:55:58: Ground Station GPS {'gs_lat': 0.0
3714	16:55:58: Orientation {'radio_id': 0
3715	16:55:58: Pyro Info {'radio_id': 0
3716	16:55:58: Line Cutter  {'radio_id': 0
3717	16:55:58: Line Cutter  {'radio_id': 0
3718	16:55:58: Position Data {'radio_id': 0
3719	16:55:58: Position Data {'radio_id': 0
3720	16:55:58: Position Data {'radio_id': 0
3721	16:55:58: Alt Info & Cfg {'radio_id': 0
3722	16:55:58: Position Data {'radio_id': 0
3723	16:55:58: Position Data {'radio_id': 0
3724	16:55:58: Position Data {'radio_id': 0
3725	16:55:59: Position Data {'radio_id': 0
3726	16:55:59: Position Data {'radio_id': 0
3727	16:55:59: Position Data {'radio_id': 0
3728	16:55:59: Orientation {'radio_id': 0
3729	16:55:59: Pyro Info {'radio_id': 0
3730	16:55:59: Line Cutter  {'radio_id': 0
3731	16:55:59: Line Cutter  {'radio_id': 0
3732	16:55:59: Position Data {'radio_id': 0
3733	16:55:59: Position Data {'radio_id': 0
3734	16:55:59: Position Data {'radio_id': 0
3735	16:55:59: Position Data {'radio_id': 0
3736	16:55:59: Position Data {'radio_id': 0
3737	16:55:59: Position Data {'radio_id': 0
3738	16:55:59: Alt Info & Cfg {'radio_id': 0
3739	16:55:59: Position Data {'radio_id': 0
3740	16:56:00: Position Data {'radio_id': 0
3741	16:56:00: Position Data {'radio_id': 0
3742	16:56:00: Orientation {'radio_id': 0
3743	16:56:00: Line Cutter  {'radio_id': 0
3744	16:56:00: Line Cutter  {'radio_id': 0
3745	16:56:00: Position Data {'radio_id': 0
3746	16:56:00: Position Data {'radio_id': 0
3747	16:56:00: Position Data {'radio_id': 0
3748	16:56:00: Position Data {'radio_id': 0
3749	16:56:00: Position Data {'radio_id': 0
3750	16:56:00: Position Data {'radio_id': 0
3751	16:56:00: Position Data {'radio_id': 0
3752	16:56:01: Position Data {'radio_id': 0
3753	16:56:01: Alt Info & Cfg {'radio_id': 0
3754	16:56:01: Position Data {'radio_id': 0
3755	16:56:01: Orientation {'radio_id': 0
3756	16:56:01: Pyro Info {'radio_id': 0
3757	16:56:01: Line Cutter  {'radio_id': 0
3758	16:56:01: Position Data {'radio_id': 0
3759	16:56:01: Position Data {'radio_id': 0
3760	16:56:01: Position Data {'radio_id': 0
3761	16:56:01: Position Data {'radio_id': 0
3762	16:56:01: Position Data {'radio_id': 0
3763	16:56:01: Position Data {'radio_id': 0
3764	16:56:01: Position Data {'radio_id': 0
3765	16:56:02: Position Data {'radio_id': 0
3766	16:56:02: Position Data {'radio_id': 0
3767	16:56:02: Orientation {'radio_id': 0
3768	16:56:02: Line Cutter  {'radio_id': 0
3769	16:56:02: Line Cutter  {'radio_id': 0
3770	16:56:02: Position Data {'radio_id': 0
3771	16:56:02: Alt Info & Cfg {'radio_id': 0
3772	16:56:02: Position Data {'radio_id': 0
3773	16:56:02: Position Data {'radio_id': 0
3774	16:56:02: Position Data {'radio_id': 0
3775	16:56:02: Position Data {'radio_id': 0
3776	16:56:02: Position Data {'radio_id': 0
3777	16:56:02: Position Data {'radio_id': 0
3778	16:56:03: Position Data {'radio_id': 0
3779	16:56:03: Position Data {'radio_id': 0
3780	16:56:03: Position Data {'radio_id': 0
3781	16:56:03: Orientation {'radio_id': 0
3782	16:56:03: Pyro Info {'radio_id': 0
3783	16:56:03: Line Cutter  {'radio_id': 0
3784	16:56:03: Line Cutter  {'radio_id': 0
3785	16:56:03: Position Data {'radio_id': 0
3786	16:56:03: Position Data {'radio_id': 0
3787	16:56:03: Position Data {'radio_id': 0
3788	16:56:03: Alt Info & Cfg {'radio_id': 0
3789	16:56:03: Position Data {'radio_id': 0
3790	16:56:03: Position Data {'radio_id': 0
3791	16:56:03: Position Data {'radio_id': 0
3792	16:56:03: Position Data {'radio_id': 0
3793	16:56:04: Position Data {'radio_id': 0
3794	16:56:04: Position Data {'radio_id': 0
3795	16:56:04: Orientation {'radio_id': 0
3796	16:56:04: Position Data {'radio_id': 0
3797	16:56:04: Pyro Info {'radio_id': 0
3798	16:56:04: Line Cutter  {'radio_id': 0
3799	16:56:04: Line Cutter  {'radio_id': 0
3800	16:56:04: Position Data {'radio_id': 0
3801	16:56:04: Position Data {'radio_id': 0
3802	16:56:04: Position Data {'radio_id': 0
3803	16:56:04: Position Data {'radio_id': 0
3804	16:56:04: Alt Info & Cfg {'radio_id': 0
3805	16:56:04: Position Data {'radio_id': 0
3806	16:56:04: Position Data {'radio_id': 0
3807	16:56:05: Position Data {'radio_id': 0
3808	16:56:05: Position Data {'radio_id': 0
3809	16:56:05: Position Data {'radio_id': 0
3810	16:56:05: Orientation {'radio_id': 0
3811	16:56:05: Pyro Info {'radio_id': 0
3812	16:56:05: Line Cutter  {'radio_id': 0
3813	16:56:05: Position Data {'radio_id': 0
3814	16:56:05: Position Data {'radio_id': 0
3815	16:56:05: Position Data {'radio_id': 0
3816	16:56:05: Position Data {'radio_id': 0
3817	16:56:05: Position Data {'radio_id': 0
3818	16:56:05: Position Data {'radio_id': 0
3819	16:56:05: Position Data {'radio_id': 0
3820	16:56:06: Alt Info & Cfg {'radio_id': 0
3821	16:56:06: Position Data {'radio_id': 0
3822	16:56:06: Position Data {'radio_id': 0
3823	16:56:06: Ground Station GPS {'gs_lat': 0.0
3824	16:56:06: Position Data {'radio_id': 0
3825	16:56:06: Orientation {'radio_id': 0
3826	16:56:06: Pyro Info {'radio_id': 0
3827	16:56:06: Line Cutter  {'radio_id': 0
3828	16:56:06: Line Cutter  {'radio_id': 0
3829	16:56:06: Position Data {'radio_id': 0
3830	16:56:06: Position Data {'radio_id': 0
3831	16:56:06: Position Data {'radio_id': 0
3832	16:56:06: Position Data {'radio_id': 0
3833	16:56:06: Position Data {'radio_id': 0
3834	16:56:06: Position Data {'radio_id': 0
3835	16:56:07: Position Data {'radio_id': 0
3836	16:56:07: Position Data {'radio_id': 0
3837	16:56:07: Alt Info & Cfg {'radio_id': 0
3838	16:56:07: Orientation {'radio_id': 0
3839	16:56:07: Pyro Info {'radio_id': 0
3840	16:56:07: Line Cutter  {'radio_id': 0
3841	16:56:07: Line Cutter  {'radio_id': 0
3842	16:56:07: Position Data {'radio_id': 0
3843	16:56:07: Position Data {'radio_id': 0
3844	16:56:07: Position Data {'radio_id': 0
3845	16:56:07: Position Data {'radio_id': 0
3846	16:56:07: Position Data {'radio_id': 0
3847	16:56:07: Position Data {'radio_id': 0
3848	16:56:07: Position Data {'radio_id': 0
3849	16:56:08: Position Data {'radio_id': 0
3850	16:56:08: Position Data {'radio_id': 0
3851	16:56:08: Ground Station GPS {'gs_lat': 0.0
3852	16:56:08: Position Data {'radio_id': 0
3853	16:56:08: Pyro Info {'radio_id': 0
3854	16:56:08: Line Cutter  {'radio_id': 0
3855	16:56:08: Line Cutter  {'radio_id': 0
3856	16:56:08: Position Data {'radio_id': 0
3857	16:56:08: Position Data {'radio_id': 0
3858	16:56:08: Position Data {'radio_id': 0
3859	16:56:08: Position Data {'radio_id': 0
3860	16:56:08: Position Data {'radio_id': 0
3861	16:56:08: Position Data {'radio_id': 0
3862	16:56:09: Position Data {'radio_id': 0
3863	16:56:09: Position Data {'radio_id': 0
3864	16:56:09: Position Data {'radio_id': 0
3865	16:56:09: Orientation {'radio_id': 0
3866	16:56:09: Pyro Info {'radio_id': 0
3867	16:56:09: Line Cutter  {'radio_id': 0
3868	16:56:09: Line Cutter  {'radio_id': 0
3869	16:56:09: Position Data {'radio_id': 0
3870	16:56:09: Position Data {'radio_id': 0
3871	16:56:09: Position Data {'radio_id': 0
3872	16:56:09: Alt Info & Cfg {'radio_id': 0
3873	16:56:09: Position Data {'radio_id': 0
3874	16:56:09: Position Data {'radio_id': 0
3875	16:56:09: Position Data {'radio_id': 0
3876	16:56:09: Position Data {'radio_id': 0
3877	16:56:10: Position Data {'radio_id': 0
3878	16:56:10: Position Data {'radio_id': 0
3879	16:56:10: Ground Station GPS {'gs_lat': 0.0
3880	16:56:10: Position Data {'radio_id': 0
3881	16:56:10: Orientation {'radio_id': 0
3882	16:56:10: Pyro Info {'radio_id': 0
3883	16:56:10: Line Cutter 0 {'radio_id': 0
3884	16:56:10: Line Cutter  {'radio_id': 0
3885	16:56:10: Position Data {'radio_id': 0
3886	16:56:10: Position Data {'radio_id': 0
3887	16:56:10: Position Data {'radio_id': 0
3888	16:56:10: Position Data {'radio_id': 0
3889	16:56:10: Position Data {'radio_id': 0
3890	16:56:10: Alt Info & Cfg {'radio_id': 0
3891	16:56:10: Position Data {'radio_id': 0
3892	16:56:11: Position Data {'radio_id': 0
3893	16:56:11: Position Data {'radio_id': 0
3894	16:56:11: Position Data {'radio_id': 0
3895	16:56:11: Orientation {'radio_id': 0
3896	16:56:11: Position Data {'radio_id': 0
3897	16:56:11: Pyro Info {'radio_id': 0
3898	16:56:11: Line Cutter  {'radio_id': 0
3899	16:56:11: Line Cutter  {'radio_id': 0
3900	16:56:11: Position Data {'radio_id': 0
3901	16:56:11: Position Data {'radio_id': 0
3902	16:56:11: Position Data {'radio_id': 0
3903	16:56:11: Position Data {'radio_id': 0
3904	16:56:11: Position Data {'radio_id': 0
3905	16:56:11: Position Data {'radio_id': 0
3906	16:56:12: Position Data {'radio_id': 0
3907	16:56:12: Position Data {'radio_id': 0
3908	16:56:12: Ground Station GPS {'gs_lat': 0.0
3909	16:56:12: Position Data {'radio_id': 0
3910	16:56:12: Orientation {'radio_id': 0
3911	16:56:12: Pyro Info {'radio_id': 0
3912	16:56:12: Line Cutter  {'radio_id': 0
3913	16:56:12: Position Data {'radio_id': 0
3914	16:56:12: Position Data {'radio_id': 0
3915	16:56:12: Position Data {'radio_id': 0
3916	16:56:12: Position Data {'radio_id': 0
3917	16:56:12: Position Data {'radio_id': 0
3918	16:56:12: Position Data {'radio_id': 0
3919	16:56:13: Position Data {'radio_id': 0
3920	16:56:13: Position Data {'radio_id': 0
3921	16:56:13: Position Data {'radio_id': 0
3922	16:56:13: Alt Info & Cfg {'radio_id': 0
3923	16:56:13: Position Data {'radio_id': 0
3924	16:56:13: Orientation {'radio_id': 0
3925	16:56:13: Pyro Info {'radio_id': 0
3926	16:56:13: Line Cutter  {'radio_id': 0
3927	16:56:13: Position Data {'radio_id': 0
3928	16:56:13: Position Data {'radio_id': 0
3929	16:56:13: Position Data {'radio_id': 0
3930	16:56:13: Position Data {'radio_id': 0
3931	16:56:13: Position Data {'radio_id': 0
3932	16:56:13: Position Data {'radio_id': 0
3933	16:56:14: Position Data {'radio_id': 0
3934	16:56:14: Position Data {'radio_id': 0
3935	16:56:14: Ground Station GPS {'gs_lat': 0.0
3936	16:56:14: Position Data {'radio_id': 0
3937	16:56:14: Orientation {'radio_id': 0
3938	16:56:14: Pyro Info {'radio_id': 0
3939	16:56:14: Line Cutter  {'radio_id': 0
3940	16:56:14: Line Cutter  {'radio_id': 0
3941	16:56:14: Position Data {'radio_id': 0
3942	16:56:14: Position Data {'radio_id': 0
3943	16:56:14: Alt Info & Cfg {'radio_id': 0
3944	16:56:14: Position Data {'radio_id': 0
3945	16:56:14: Position Data {'radio_id': 0
3946	16:56:14: Position Data {'radio_id': 0
3947	16:56:14: Position Data {'radio_id': 0
3948	16:56:15: Position Data {'radio_id': 0
3949	16:56:15: Position Data {'radio_id': 0
3950	16:56:15: Position Data {'radio_id': 0
3951	16:56:15: Position Data {'radio_id': 0
3952	16:56:15: Orientation {'radio_id': 0
3953	16:56:15: Pyro Info {'radio_id': 0
3954	16:56:15: Line Cutter  {'radio_id': 0
3955	16:56:15: Line Cutter  {'radio_id': 0
3956	16:56:15: Position Data {'radio_id': 0
3957	16:56:15: Position Data {'radio_id': 0
3958	16:56:15: Position Data {'radio_id': 0
3959	16:56:15: Alt Info & Cfg {'radio_id': 0
3960	16:56:15: Position Data {'radio_id': 0
3961	16:56:15: Position Data {'radio_id': 0
3962	16:56:15: Position Data {'radio_id': 0
3963	16:56:16: Position Data {'radio_id': 0
3964	16:56:16: Position Data {'radio_id': 0
3965	16:56:16: Ground Station GPS {'gs_lat': 0.0
3966	16:56:16: Position Data {'radio_id': 0
3967	16:56:16: Orientation {'radio_id': 0
3968	16:56:16: Line Cutter  {'radio_id': 0
3969	16:56:16: Line Cutter  {'radio_id': 0
3970	16:56:16: Position Data {'radio_id': 0
3971	16:56:16: Position Data {'radio_id': 0
3972	16:56:16: Position Data {'radio_id': 0
3973	16:56:16: Position Data {'radio_id': 0
3974	16:56:16: Position Data {'radio_id': 0
3975	16:56:16: Position Data {'radio_id': 0
3976	16:56:16: Alt Info & Cfg {'radio_id': 0
3977	16:56:17: Position Data {'radio_id': 0
3978	16:56:17: Position Data {'radio_id': 0
3979	16:56:17: Position Data {'radio_id': 0
3980	16:56:17: Position Data {'radio_id': 0
3981	16:56:17: Orientation {'radio_id': 0
3982	16:56:17: Pyro Info {'radio_id': 0
3983	16:56:17: Line Cutter  {'radio_id': 0
3984	16:56:17: Position Data {'radio_id': 0
3985	16:56:17: Position Data {'radio_id': 0
3986	16:56:17: Position Data {'radio_id': 0
3987	16:56:17: Position Data {'radio_id': 0
3988	16:56:17: Position Data {'radio_id': 0
3989	16:56:17: Position Data {'radio_id': 0
3990	16:56:18: Position Data {'radio_id': 0
3991	16:56:18: Alt Info & Cfg {'radio_id': 0
3992	16:56:18: Position Data {'radio_id': 0
3993	16:56:18: Ground Station GPS {'gs_lat': 0.0
3994	16:56:18: Position Data {'radio_id': 0
3995	16:56:18: Orientation {'radio_id': 0
3996	16:56:18: Position Data {'radio_id': 0
3997	16:56:18: Pyro Info {'radio_id': 0
3998	16:56:18: Line Cutter  {'radio_id': 0
3999	16:56:18: Position Data {'radio_id': 0
4000	16:56:18: Position Data {'radio_id': 0
4001	16:56:18: Position Data {'radio_id': 0
4002	16:56:18: Position Data {'radio_id': 0
4003	16:56:18: Position Data {'radio_id': 0
4004	16:56:19: Position Data {'radio_id': 0
4005	16:56:19: Position Data {'radio_id': 0
4006	16:56:19: Position Data {'radio_id': 0
4007	16:56:19: Position Data {'radio_id': 0
4008	16:56:19: Alt Info & Cfg {'radio_id': 0
4009	16:56:19: Orientation {'radio_id': 0
4010	16:56:19: Pyro Info {'radio_id': 0
4011	16:56:19: Line Cutter  {'radio_id': 0
4012	16:56:19: Line Cutter  {'radio_id': 0
4013	16:56:19: Position Data {'radio_id': 0
4014	16:56:19: Position Data {'radio_id': 0
4015	16:56:19: Position Data {'radio_id': 0
4016	16:56:19: Position Data {'radio_id': 0
4017	16:56:19: Position Data {'radio_id': 0
4018	16:56:19: Position Data {'radio_id': 0
4019	16:56:20: Position Data {'radio_id': 0
4020	16:56:20: Position Data {'radio_id': 0
4021	16:56:20: Ground Station GPS {'gs_lat': 0.0
4022	16:56:20: Position Data {'radio_id': 0
4023	16:56:20: Position Data {'radio_id': 0
4024	16:56:20: Orientation {'radio_id': 0
4025	16:56:20: Pyro Info {'radio_id': 0
4026	16:56:20: Line Cutter  {'radio_id': 0
4027	16:56:20: Line Cutter  {'radio_id': 0
4028	16:56:20: Position Data {'radio_id': 0
4029	16:56:20: Position Data {'radio_id': 0
4030	16:56:20: Alt Info & Cfg {'radio_id': 0
4031	16:56:20: Position Data {'radio_id': 0
4032	16:56:20: Position Data {'radio_id': 0
4033	16:56:20: Position Data {'radio_id': 0
4034	16:56:21: Position Data {'radio_id': 0
4035	16:56:21: Position Data {'radio_id': 0
4036	16:56:21: Position Data {'radio_id': 0
4037	16:56:21: Position Data {'radio_id': 0
4038	16:56:21: Orientation {'radio_id': 0
4039	16:56:21: Pyro Info {'radio_id': 0
4040	16:56:21: Line Cutter  {'radio_id': 0
4041	16:56:21: Line Cutter  {'radio_id': 0
4042	16:56:21: Position Data {'radio_id': 0
4043	16:56:21: Position Data {'radio_id': 0
4044	16:56:21: Position Data {'radio_id': 0
4045	16:56:21: Position Data {'radio_id': 0
4046	16:56:21: Alt Info & Cfg {'radio_id': 0
4047	16:56:21: Position Data {'radio_id': 0
4048	16:56:22: Position Data {'radio_id': 0
4049	16:56:22: Position Data {'radio_id': 0
4050	16:56:22: Position Data {'radio_id': 0
4051	16:56:22: Ground Station GPS {'gs_lat': 0.0
4052	16:56:22: Position Data {'radio_id': 0
4053	16:56:22: Position Data {'radio_id': 0
4054	16:56:22: Orientation {'radio_id': 0
4055	16:56:22: Pyro Info {'radio_id': 0
4056	16:56:22: Line Cutter  {'radio_id': 0
4057	16:56:22: Line Cutter  {'radio_id': 0
4058	16:56:22: Position Data {'radio_id': 0
4059	16:56:22: Position Data {'radio_id': 0
4060	16:56:22: Position Data {'radio_id': 0
4061	16:56:22: Position Data {'radio_id': 0
4062	16:56:22: Position Data {'radio_id': 0
4063	16:56:23: Position Data {'radio_id': 0
4064	16:56:23: Alt Info & Cfg {'radio_id': 0
4065	16:56:23: Position Data {'radio_id': 0
4066	16:56:23: Position Data {'radio_id': 0
4067	16:56:23: Position Data {'radio_id': 0
4068	16:56:23: Orientation {'radio_id': 0
4069	16:56:23: Pyro Info {'radio_id': 0
4070	16:56:23: Line Cutter  {'radio_id': 0
4071	16:56:23: Line Cutter  {'radio_id': 0
4072	16:56:23: Position Data {'radio_id': 0
4073	16:56:23: Position Data {'radio_id': 0
4074	16:56:23: Position Data {'radio_id': 0
4075	16:56:23: Position Data {'radio_id': 0
4076	16:56:23: Position Data {'radio_id': 0
4077	16:56:23: Position Data {'radio_id': 0
4078	16:56:24: Position Data {'radio_id': 0
4079	16:56:24: Position Data {'radio_id': 0
4080	16:56:24: Alt Info & Cfg {'radio_id': 0
4081	16:56:24: Position Data {'radio_id': 0
4082	16:56:24: Position Data {'radio_id': 0
4083	16:56:24: Orientation {'radio_id': 0
4084	16:56:24: Pyro Info {'radio_id': 0
4085	16:56:24: Line Cutter  {'radio_id': 0
4086	16:56:24: Line Cutter  {'radio_id': 0
4087	16:56:24: Position Data {'radio_id': 0
4088	16:56:24: Position Data {'radio_id': 0
4089	16:56:24: Position Data {'radio_id': 0
4090	16:56:24: Position Data {'radio_id': 0
4091	16:56:24: Position Data {'radio_id': 0
4092	16:56:25: Position Data {'radio_id': 0
4093	16:56:25: Position Data {'radio_id': 0
4094	16:56:25: Position Data {'radio_id': 0
4095	16:56:25: Position Data {'radio_id': 0
4096	16:56:25: Orientation {'radio_id': 0
4097	16:56:25: Position Data {'radio_id': 0
4098	16:56:25: Pyro Info {'radio_id': 0
4099	16:56:25: Line Cutter  {'radio_id': 0
4100	16:56:25: Line Cutter  {'radio_id': 0
4101	16:56:25: Alt Info & Cfg {'radio_id': 0
4102	16:56:25: Position Data {'radio_id': 0
4103	16:56:25: Position Data {'radio_id': 0
4104	16:56:25: Position Data {'radio_id': 0
4105	16:56:25: Position Data {'radio_id': 0
4106	16:56:25: Position Data {'radio_id': 0
4107	16:56:26: Position Data {'radio_id': 0
4108	16:56:26: Position Data {'radio_id': 0
4109	16:56:26: Ground Station GPS {'gs_lat': 0.0
4110	16:56:26: Position Data {'radio_id': 0
4111	16:56:26: Position Data {'radio_id': 0
4112	16:56:26: Orientation {'radio_id': 0
4113	16:56:26: Pyro Info {'radio_id': 0
4114	16:56:26: Line Cutter  {'radio_id': 0
4115	16:56:26: Line Cutter  {'radio_id': 0
4116	16:56:26: Position Data {'radio_id': 0
4117	16:56:26: Position Data {'radio_id': 0
4118	16:56:26: Alt Info & Cfg {'radio_id': 0
4119	16:56:26: Position Data {'radio_id': 0
4120	16:56:26: Position Data {'radio_id': 0
4121	16:56:26: Position Data {'radio_id': 0
4122	16:56:27: Position Data {'radio_id': 0
4123	16:56:27: Position Data {'radio_id': 0
4124	16:56:27: Position Data {'radio_id': 0
4125	16:56:27: Position Data {'radio_id': 0
4126	16:56:27: Position Data {'radio_id': 0
4127	16:56:27: Orientation {'radio_id': 0
4128	16:56:27: Pyro Info {'radio_id': 0
4129	16:56:27: Line Cutter  {'radio_id': 0
4130	16:56:27: Line Cutter  {'radio_id': 0
4131	16:56:27: Position Data {'radio_id': 0
4132	16:56:27: Position Data {'radio_id': 0
4133	16:56:27: Position Data {'radio_id': 0
4134	16:56:27: Position Data {'radio_id': 0
4135	16:56:27: Alt Info & Cfg {'radio_id': 0
4136	16:56:28: Position Data {'radio_id': 0
4137	16:56:28: Position Data {'radio_id': 0
4138	16:56:28: Position Data {'radio_id': 0
4139	16:56:28: Ground Station GPS {'gs_lat': 0.0
4140	16:56:28: Position Data {'radio_id': 0
4141	16:56:28: Position Data {'radio_id': 0
4142	16:56:28: Orientation {'radio_id': 0
4143	16:56:28: Pyro Info {'radio_id': 0
4144	16:56:28: Line Cutter  {'radio_id': 0
4145	16:56:28: Position Data {'radio_id': 0
4146	16:56:28: Position Data {'radio_id': 0
4147	16:56:28: Position Data {'radio_id': 0
4148	16:56:28: Position Data {'radio_id': 0
4149	16:56:29: Position Data {'radio_id': 0
4150	16:56:29: Position Data {'radio_id': 0
4151	16:56:29: Position Data {'radio_id': 0
4152	16:56:29: Position Data {'radio_id': 0
4153	16:56:29: Position Data {'radio_id': 0
4154	16:56:29: Pyro Info {'radio_id': 0
4155	16:56:29: Line Cutter  {'radio_id': 0
4156	16:56:29: Line Cutter  {'radio_id': 0
4157	16:56:29: Position Data {'radio_id': 0
4158	16:56:29: Position Data {'radio_id': 0
4159	16:56:29: Position Data {'radio_id': 0
4160	16:56:29: Position Data {'radio_id': 0
4161	16:56:30: Position Data {'radio_id': 0
4162	16:56:30: Position Data {'radio_id': 0
4163	16:56:30: Position Data {'radio_id': 0
4164	16:56:30: Ground Station GPS {'gs_lat': 0.0
4165	16:56:30: Position Data {'radio_id': 0
4166	16:56:30: Alt Info & Cfg {'radio_id': 0
4167	16:56:30: Position Data {'radio_id': 0
4168	16:56:30: Orientation {'radio_id': 0
4169	16:56:30: Pyro Info {'radio_id': 0
4170	16:56:30: Line Cutter  {'radio_id': 0
4171	16:56:30: Line Cutter  {'radio_id': 0
4172	16:56:30: Position Data {'radio_id': 0
4173	16:56:30: Position Data {'radio_id': 0
4174	16:56:30: Position Data {'radio_id': 0
4175	16:56:30: Position Data {'radio_id': 0
4176	16:56:30: Position Data {'radio_id': 0
4177	16:56:31: Position Data {'radio_id': 0
4178	16:56:31: Position Data {'radio_id': 0
4179	16:56:31: Position Data {'radio_id': 0
4180	16:56:31: Position Data {'radio_id': 0
4181	16:56:31: Position Data {'radio_id': 0
4182	16:56:31: Orientation {'radio_id': 0
4183	16:56:31: Line Cutter  {'radio_id': 0
4184	16:56:31: Line Cutter  {'radio_id': 0
4185	16:56:31: Position Data {'radio_id': 0
4186	16:56:31: Alt Info & Cfg {'radio_id': 0
4187	16:56:31: Position Data {'radio_id': 0
4188	16:56:31: Position Data {'radio_id': 0
4189	16:56:31: Position Data {'radio_id': 0
4190	16:56:32: Position Data {'radio_id': 0
4191	16:56:32: Position Data {'radio_id': 0
4192	16:56:32: Position Data {'radio_id': 0
4193	16:56:32: Ground Station GPS {'gs_lat': 0.0
4194	16:56:32: Position Data {'radio_id': 0
4195	16:56:32: Position Data {'radio_id': 0
4196	16:56:32: Orientation {'radio_id': 0
4197	16:56:32: Position Data {'radio_id': 0
4198	16:56:32: Pyro Info {'radio_id': 0
4199	16:56:32: Line Cutter  {'radio_id': 0
4200	16:56:32: Line Cutter  {'radio_id': 0
4201	16:56:32: Position Data {'radio_id': 0
4202	16:56:32: Position Data {'radio_id': 0
4203	16:56:32: Alt Info & Cfg {'radio_id': 0
4204	16:56:32: Position Data {'radio_id': 0
4205	16:56:32: Position Data {'radio_id': 0
4206	16:56:33: Position Data {'radio_id': 0
4207	16:56:33: Position Data {'radio_id': 0
4208	16:56:33: Position Data {'radio_id': 0
4209	16:56:33: Position Data {'radio_id': 0
4210	16:56:33: Position Data {'radio_id': 0
4211	16:56:33: Orientation {'radio_id': 0
4212	16:56:33: Pyro Info {'radio_id': 0
4213	16:56:33: Line Cutter  {'radio_id': 0
4214	16:56:33: Line Cutter  {'radio_id': 0
4215	16:56:33: Position Data {'radio_id': 0
4216	16:56:33: Position Data {'radio_id': 0
4217	16:56:33: Position Data {'radio_id': 0
4218	16:56:33: Position Data {'radio_id': 0
4219	16:56:34: Position Data {'radio_id': 0
4220	16:56:34: Alt Info & Cfg {'radio_id': 0
4221	16:56:34: Position Data {'radio_id': 0
4222	16:56:34: Position Data {'radio_id': 0
4223	16:56:34: Position Data {'radio_id': 0
4224	16:56:34: Position Data {'radio_id': 0
4225	16:56:34: Position Data {'radio_id': 0
4226	16:56:34: Orientation {'radio_id': 0
4227	16:56:34: Pyro Info {'radio_id': 0
4228	16:56:34: Line Cutter  {'radio_id': 0
4229	16:56:34: Line Cutter  {'radio_id': 0
4230	16:56:34: Position Data {'radio_id': 0
4231	16:56:34: Position Data {'radio_id': 0
4232	16:56:34: Position Data {'radio_id': 0
4233	16:56:34: Position Data {'radio_id': 0
4234	16:56:35: Position Data {'radio_id': 0
4235	16:56:35: Position Data {'radio_id': 0
4236	16:56:35: Alt Info & Cfg {'radio_id': 0
4237	16:56:35: Position Data {'radio_id': 0
4238	16:56:35: Position Data {'radio_id': 0
4239	16:56:35: Orientation {'radio_id': 0
4240	16:56:35: Line Cutter  {'radio_id': 0
4241	16:56:35: Line Cutter  {'radio_id': 0
4242	16:56:35: Position Data {'radio_id': 0
4243	16:56:35: Position Data {'radio_id': 0
4244	16:56:35: Position Data {'radio_id': 0
4245	16:56:35: Position Data {'radio_id': 0
4246	16:56:36: Position Data {'radio_id': 0
4247	16:56:36: Position Data {'radio_id': 0
4248	16:56:36: Position Data {'radio_id': 0
4249	16:56:36: Position Data {'radio_id': 0
4250	16:56:36: Position Data {'radio_id': 0
4251	16:56:36: Alt Info & Cfg {'radio_id': 0
4252	16:56:36: Position Data {'radio_id': 0
4253	16:56:36: Orientation {'radio_id': 0
4254	16:56:36: Pyro Info {'radio_id': 0
4255	16:56:36: Line Cutter  {'radio_id': 0
4256	16:56:36: Position Data {'radio_id': 0
4257	16:56:36: Position Data {'radio_id': 0
4258	16:56:36: Position Data {'radio_id': 0
4259	16:56:36: Position Data {'radio_id': 0
4260	16:56:37: Position Data {'radio_id': 0
4261	16:56:37: Position Data {'radio_id': 0
4262	16:56:37: Position Data {'radio_id': 0
4263	16:56:37: Position Data {'radio_id': 0
4264	16:56:37: Position Data {'radio_id': 0
4265	16:56:37: Orientation {'radio_id': 0
4266	16:56:37: Pyro Info {'radio_id': 0
4267	16:56:37: Line Cutter  {'radio_id': 0
4268	16:56:37: Line Cutter  {'radio_id': 0
4269	16:56:37: Position Data {'radio_id': 0
4270	16:56:37: Position Data {'radio_id': 0
4271	16:56:37: Alt Info & Cfg {'radio_id': 0
4272	16:56:37: Position Data {'radio_id': 0
4273	16:56:37: Position Data {'radio_id': 0
4274	16:56:38: Position Data {'radio_id': 0
4275	16:56:38: Position Data {'radio_id': 0
4276	16:56:38: Position Data {'radio_id': 0
4277	16:56:38: Position Data {'radio_id': 0
4278	16:56:38: Position Data {'radio_id': 0
4279	16:56:38: Position Data {'radio_id': 0
4280	16:56:38: Orientation {'radio_id': 0
4281	16:56:38: Pyro Info {'radio_id': 0
4282	16:56:38: Line Cutter  {'radio_id': 0
4283	16:56:38: Line Cutter  {'radio_id': 0
4284	16:56:38: Position Data {'radio_id': 0
4285	16:56:38: Position Data {'radio_id': 0
4286	16:56:38: Position Data {'radio_id': 0
4287	16:56:38: Alt Info & Cfg {'radio_id': 0
4288	16:56:38: Position Data {'radio_id': 0
4289	16:56:39: Position Data {'radio_id': 0
4290	16:56:39: Position Data {'radio_id': 0
4291	16:56:39: Position Data {'radio_id': 0
4292	16:56:39: Position Data {'radio_id': 0
4293	16:56:39: Position Data {'radio_id': 0
4294	16:56:39: Orientation {'radio_id': 0
4295	16:56:39: Position Data {'radio_id': 0
4296	16:56:39: Pyro Info {'radio_id': 0
4297	16:56:39: Line Cutter  {'radio_id': 0
4298	16:56:39: Line Cutter  {'radio_id': 0
4299	16:56:39: Position Data {'radio_id': 0
4300	16:56:39: Position Data {'radio_id': 0
4301	16:56:39: Position Data {'radio_id': 0
4302	16:56:40: Position Data {'radio_id': 0
4303	16:56:40: Position Data {'radio_id': 0
4304	16:56:40: Alt Info & Cfg {'radio_id': 0
4305	16:56:40: Position Data {'radio_id': 0
4306	16:56:40: Position Data {'radio_id': 0
4307	16:56:40: Position Data {'radio_id': 0
4308	16:56:40: Position Data {'radio_id': 0
4309	16:56:40: Orientation {'radio_id': 0
4310	16:56:40: Pyro Info {'radio_id': 0
4311	16:56:40: Line Cutter  {'radio_id': 0
4312	16:56:40: Line Cutter  {'radio_id': 0
4313	16:56:40: Position Data {'radio_id': 0
4314	16:56:40: Position Data {'radio_id': 0
4315	16:56:40: Position Data {'radio_id': 0
4316	16:56:40: Position Data {'radio_id': 0
4317	16:56:41: Position Data {'radio_id': 0
4318	16:56:41: Position Data {'radio_id': 0
4319	16:56:41: Position Data {'radio_id': 0
4320	16:56:41: Alt Info & Cfg {'radio_id': 0
4321	16:56:41: Position Data {'radio_id': 0
4322	16:56:41: Position Data {'radio_id': 0
4323	16:56:41: Position Data {'radio_id': 0
4324	16:56:41: Orientation {'radio_id': 0
4325	16:56:41: Pyro Info {'radio_id': 0
4326	16:56:41: Line Cutter  {'radio_id': 0
4327	16:56:41: Position Data {'radio_id': 0
4328	16:56:41: Position Data {'radio_id': 0
4329	16:56:41: Position Data {'radio_id': 0
4330	16:56:42: Position Data {'radio_id': 0
4331	16:56:42: Position Data {'radio_id': 0
4332	16:56:42: Position Data {'radio_id': 0
4333	16:56:42: Position Data {'radio_id': 0
4334	16:56:42: Ground Station GPS {'gs_lat': 0.0
4335	16:56:42: Position Data {'radio_id': 0
4336	16:56:42: Position Data {'radio_id': 0
4337	16:56:42: Alt Info & Cfg {'radio_id': 0
4338	16:56:42: Orientation {'radio_id': 0
4339	16:56:42: Pyro Info {'radio_id': 0
4340	16:56:42: Line Cutter  {'radio_id': 0
4341	16:56:42: Line Cutter  {'radio_id': 0
4342	16:56:42: Position Data {'radio_id': 0
4343	16:56:42: Position Data {'radio_id': 0
4344	16:56:42: Position Data {'radio_id': 0
4345	16:56:42: Position Data {'radio_id': 0
4346	16:56:43: Position Data {'radio_id': 0
4347	16:56:43: Position Data {'radio_id': 0
4348	16:56:43: Position Data {'radio_id': 0
4349	16:56:43: Position Data {'radio_id': 0
4350	16:56:43: Position Data {'radio_id': 0
4351	16:56:43: Position Data {'radio_id': 0
4352	16:56:43: Orientation {'radio_id': 0
4353	16:56:43: Pyro Info {'radio_id': 0
4354	16:56:43: Line Cutter  {'radio_id': 0
4355	16:56:43: Line Cutter  {'radio_id': 0
4356	16:56:43: Position Data {'radio_id': 0
4357	16:56:43: Alt Info & Cfg {'radio_id': 0
4358	16:56:43: Position Data {'radio_id': 0
4359	16:56:43: Position Data {'radio_id': 0
4360	16:56:44: Position Data {'radio_id': 0
4361	16:56:44: Position Data {'radio_id': 0
4362	16:56:44: Position Data {'radio_id': 0
4363	16:56:44: Position Data {'radio_id': 0
4364	16:56:44: Ground Station GPS {'gs_lat': 0.0
4365	16:56:44: Position Data {'radio_id': 0
4366	16:56:44: Position Data {'radio_id': 0
4367	16:56:44: Orientation {'radio_id': 0
4368	16:56:44: Line Cutter  {'radio_id': 0
4369	16:56:44: Line Cutter  {'radio_id': 0
4370	16:56:44: Position Data {'radio_id': 0
4371	16:56:44: Position Data {'radio_id': 0
4372	16:56:44: Position Data {'radio_id': 0
4373	16:56:44: Position Data {'radio_id': 0
4374	16:56:45: Alt Info & Cfg {'radio_id': 0
4375	16:56:45: Position Data {'radio_id': 0
4376	16:56:45: Position Data {'radio_id': 0
4377	16:56:45: Position Data {'radio_id': 0
4378	16:56:45: Position Data {'radio_id': 0
4379	16:56:45: Position Data {'radio_id': 0
4380	16:56:45: Position Data {'radio_id': 0
4381	16:56:45: Orientation {'radio_id': 0
4382	16:56:45: Pyro Info {'radio_id': 0
4383	16:56:45: Line Cutter  {'radio_id': 0
4384	16:56:45: Line Cutter  {'radio_id': 0
4385	16:56:45: Position Data {'radio_id': 0
4386	16:56:45: Position Data {'radio_id': 0
4387	16:56:45: Position Data {'radio_id': 0
4388	16:56:46: Position Data {'radio_id': 0
4389	16:56:46: Position Data {'radio_id': 0
4390	16:56:46: Position Data {'radio_id': 0
4391	16:56:46: Position Data {'radio_id': 0
4392	16:56:46: Ground Station GPS {'gs_lat': 0.0
4393	16:56:46: Position Data {'radio_id': 0
4394	16:56:46: Position Data {'radio_id': 0
4395	16:56:46: Orientation {'radio_id': 0
4396	16:56:46: Pyro Info {'radio_id': 0
4397	16:56:46: Line Cutter  {'radio_id': 0
4398	16:56:46: Line Cutter  {'radio_id': 0
4399	16:56:46: Position Data {'radio_id': 0
4400	16:56:46: Position Data {'radio_id': 0
4401	16:56:46: Position Data {'radio_id': 0
4402	16:56:47: Position Data {'radio_id': 0
4403	16:56:47: Position Data {'radio_id': 0
4404	16:56:47: Position Data {'radio_id': 0
4405	16:56:47: Position Data {'radio_id': 0
4406	16:56:47: Alt Info & Cfg {'radio_id': 0
4407	16:56:47: Position Data {'radio_id': 0
4408	16:56:47: Position Data {'radio_id': 0
4409	16:56:47: Orientation {'radio_id': 0
4410	16:56:47: Pyro Info {'radio_id': 0
4411	16:56:47: Line Cutter  {'radio_id': 0
4412	16:56:47: Line Cutter  {'radio_id': 0
4413	16:56:47: Position Data {'radio_id': 0
4414	16:56:47: Position Data {'radio_id': 0
4415	16:56:47: Position Data {'radio_id': 0
4416	16:56:48: Position Data {'radio_id': 0
4417	16:56:48: Position Data {'radio_id': 0
4418	16:56:48: Position Data {'radio_id': 0
4419	16:56:48: Position Data {'radio_id': 0
4420	16:56:48: Ground Station GPS {'gs_lat': 0.0
4421	16:56:48: Position Data {'radio_id': 0
4422	16:56:48: Position Data {'radio_id': 0
4423	16:56:48: Position Data {'radio_id': 0
4424	16:56:48: Orientation {'radio_id': 0
4425	16:56:48: Alt Info & Cfg {'radio_id': 0
4426	16:56:48: Pyro Info {'radio_id': 0
4427	16:56:48: Line Cutter  {'radio_id': 0
4428	16:56:48: Line Cutter 0 {'radio_id': 0
4429	16:56:48: Position Data {'radio_id': 0
4430	16:56:48: Position Data {'radio_id': 0
4431	16:56:48: Position Data {'radio_id': 0
4432	16:56:49: Position Data {'radio_id': 0
4433	16:56:49: Position Data {'radio_id': 0
4434	16:56:49: Position Data {'radio_id': 0
4435	16:56:49: Position Data {'radio_id': 0
4436	16:56:49: Position Data {'radio_id': 0
4437	16:56:49: Position Data {'radio_id': 0
4438	16:56:49: Orientation {'radio_id': 0
4439	16:56:49: Pyro Info {'radio_id': 0
4440	16:56:49: Line Cutter  {'radio_id': 0
4441	16:56:49: Line Cutter  {'radio_id': 0
4442	16:56:49: Position Data {'radio_id': 0
4443	16:56:49: Position Data {'radio_id': 0
4444	16:56:49: Alt Info & Cfg {'radio_id': 0
4445	16:56:49: Position Data {'radio_id': 0
4446	16:56:50: Position Data {'radio_id': 0
4447	16:56:50: Position Data {'radio_id': 0
4448	16:56:50: Position Data {'radio_id': 0
4449	16:56:50: Position Data {'radio_id': 0
4450	16:56:50: Ground Station GPS {'gs_lat': 0.0
4451	16:56:50: Position Data {'radio_id': 0
4452	16:56:50: Position Data {'radio_id': 0
4453	16:56:50: Position Data {'radio_id': 0
4454	16:56:50: Orientation {'radio_id': 0
4455	16:56:50: Pyro Info {'radio_id': 0
4456	16:56:50: Line Cutter  {'radio_id': 0
4457	16:56:50: Line Cutter  {'radio_id': 0
4458	16:56:50: Position Data {'radio_id': 0
4459	16:56:50: Position Data {'radio_id': 0
4460	16:56:50: Position Data {'radio_id': 0
4461	16:56:51: Position Data {'radio_id': 0
4462	16:56:51: Alt Info & Cfg {'radio_id': 0
4463	16:56:51: Position Data {'radio_id': 0
4464	16:56:51: Position Data {'radio_id': 0
4465	16:56:51: Position Data {'radio_id': 0
4466	16:56:51: Position Data {'radio_id': 0
4467	16:56:51: Position Data {'radio_id': 0
4468	16:56:51: Orientation {'radio_id': 0
4469	16:56:51: Pyro Info {'radio_id': 0
4470	16:56:51: Line Cutter  {'radio_id': 0
4471	16:56:51: Line Cutter  {'radio_id': 0
4472	16:56:51: Position Data {'radio_id': 0
4473	16:56:51: Position Data {'radio_id': 0
4474	16:56:51: Position Data {'radio_id': 0
4475	16:56:52: Position Data {'radio_id': 0
4476	16:56:52: Position Data {'radio_id': 0
4477	16:56:52: Position Data {'radio_id': 0
4478	16:56:52: Alt Info & Cfg {'radio_id': 0
4479	16:56:52: Position Data {'radio_id': 0
4480	16:56:52: Ground Station GPS {'gs_lat': 0.0
4481	16:56:52: Position Data {'radio_id': 0
4482	16:56:52: Position Data {'radio_id': 0
4483	16:56:52: Position Data {'radio_id': 0
4484	16:56:52: Orientation {'radio_id': 0
4485	16:56:52: Pyro Info {'radio_id': 0
4486	16:56:52: Line Cutter  {'radio_id': 0
4487	16:56:52: Line Cutter 0 {'radio_id': 0
4488	16:56:52: Position Data {'radio_id': 0
4489	16:56:52: Position Data {'radio_id': 0
4490	16:56:52: Position Data {'radio_id': 0
4491	16:56:53: Position Data {'radio_id': 0
4492	16:56:53: Position Data {'radio_id': 0
4493	16:56:53: Position Data {'radio_id': 0
4494	16:56:53: Position Data {'radio_id': 0
4495	16:56:53: Position Data {'radio_id': 0
4496	16:56:53: Alt Info & Cfg {'radio_id': 0
4497	16:56:53: Position Data {'radio_id': 0
4498	16:56:53: Orientation {'radio_id': 0
4499	16:56:53: Position Data {'radio_id': 0
4500	16:56:53: Pyro Info {'radio_id': 0
4501	16:56:53: Line Cutter  {'radio_id': 0
4502	16:56:53: Line Cutter  {'radio_id': 0
4503	16:56:53: Position Data {'radio_id': 0
4504	16:56:53: Position Data {'radio_id': 0
4505	16:56:54: Position Data {'radio_id': 0
4506	16:56:54: Position Data {'radio_id': 0
4507	16:56:54: Position Data {'radio_id': 0
4508	16:56:54: Position Data {'radio_id': 0
4509	16:56:54: Ground Station GPS {'gs_lat': 0.0
4510	16:56:54: Position Data {'radio_id': 0
4511	16:56:54: Position Data {'radio_id': 0
4512	16:56:54: Position Data {'radio_id': 0
4513	16:56:54: Orientation {'radio_id': 0
4514	16:56:54: Pyro Info {'radio_id': 0
4515	16:56:54: Line Cutter  {'radio_id': 0
4516	16:56:54: Line Cutter  {'radio_id': 0
4517	16:56:54: Position Data {'radio_id': 0
4518	16:56:54: Alt Info & Cfg {'radio_id': 0
4519	16:56:54: Position Data {'radio_id': 0
4520	16:56:55: Position Data {'radio_id': 0
4521	16:56:55: Position Data {'radio_id': 0
4522	16:56:55: Position Data {'radio_id': 0
4523	16:56:55: Position Data {'radio_id': 0
4524	16:56:55: Position Data {'radio_id': 0
4525	16:56:55: Position Data {'radio_id': 0
4526	16:56:55: Position Data {'radio_id': 0
4527	16:56:55: Position Data {'radio_id': 0
4528	16:56:55: Orientation {'radio_id': 0
4529	16:56:55: Pyro Info {'radio_id': 0
4530	16:56:55: Line Cutter  {'radio_id': 0
4531	16:56:55: Position Data {'radio_id': 0
4532	16:56:55: Position Data {'radio_id': 0
4533	16:56:56: Alt Info & Cfg {'radio_id': 0
4534	16:56:56: Position Data {'radio_id': 0
4535	16:56:56: Position Data {'radio_id': 0
4536	16:56:56: Position Data {'radio_id': 0
4537	16:56:56: Position Data {'radio_id': 0
4538	16:56:56: Ground Station GPS {'gs_lat': 0.0
4539	16:56:56: Position Data {'radio_id': 0
4540	16:56:56: Position Data {'radio_id': 0
4541	16:56:56: Position Data {'radio_id': 0
4542	16:56:56: Orientation {'radio_id': 0
4543	16:56:56: Line Cutter  {'radio_id': 0
4544	16:56:56: Line Cutter  {'radio_id': 0
4545	16:56:56: Position Data {'radio_id': 0
4546	16:56:56: Position Data {'radio_id': 0
4547	16:56:57: Position Data {'radio_id': 0
4548	16:56:57: Position Data {'radio_id': 0
4549	16:56:57: Position Data {'radio_id': 0
4550	16:56:57: Alt Info & Cfg {'radio_id': 0
4551	16:56:57: Position Data {'radio_id': 0
4552	16:56:57: Position Data {'radio_id': 0
4553	16:56:57: Position Data {'radio_id': 0
4554	16:56:57: Position Data {'radio_id': 0
4555	16:56:57: Position Data {'radio_id': 0
4556	16:56:57: Orientation {'radio_id': 0
4557	16:56:57: Pyro Info {'radio_id': 0
4558	16:56:57: Line Cutter  {'radio_id': 0
4559	16:56:57: Line Cutter  {'radio_id': 0
4560	16:56:57: Position Data {'radio_id': 0
4561	16:56:57: Position Data {'radio_id': 0
4562	16:56:58: Position Data {'radio_id': 0
4563	16:56:58: Position Data {'radio_id': 0
4564	16:56:58: Position Data {'radio_id': 0
4565	16:56:58: Position Data {'radio_id': 0
4566	16:56:58: Ground Station GPS {'gs_lat': 0.0
4567	16:56:58: Alt Info & Cfg {'radio_id': 0
4568	16:56:58: Position Data {'radio_id': 0
4569	16:56:58: Position Data {'radio_id': 0
4570	16:56:58: Position Data {'radio_id': 0
4571	16:56:58: Orientation {'radio_id': 0
4572	16:56:58: Pyro Info {'radio_id': 0
4573	16:56:58: Line Cutter  {'radio_id': 0
4574	16:56:58: Line Cutter  {'radio_id': 0
4575	16:56:58: Position Data {'radio_id': 0
4576	16:56:58: Position Data {'radio_id': 0
4577	16:56:59: Position Data {'radio_id': 0
4578	16:56:59: Position Data {'radio_id': 0
4579	16:56:59: Position Data {'radio_id': 0
4580	16:56:59: Position Data {'radio_id': 0
4581	16:56:59: Position Data {'radio_id': 0
4582	16:56:59: Position Data {'radio_id': 0
4583	16:56:59: Position Data {'radio_id': 0
4584	16:56:59: Alt Info & Cfg {'radio_id': 0
4585	16:56:59: Position Data {'radio_id': 0
4586	16:56:59: Orientation {'radio_id': 0
4587	16:56:59: Pyro Info {'radio_id': 0
4588	16:56:59: Line Cutter  {'radio_id': 0
4589	16:56:59: Line Cutter  {'radio_id': 0
4590	16:56:59: Position Data {'radio_id': 0
4591	16:56:59: Position Data {'radio_id': 0
4592	16:57:00: Position Data {'radio_id': 0
4593	16:57:00: Position Data {'radio_id': 0
4594	16:57:00: Position Data {'radio_id': 0
4595	16:57:00: Position Data {'radio_id': 0
4596	16:57:00: Ground Station GPS {'gs_lat': 0.0
4597	16:57:00: Position Data {'radio_id': 0
4598	16:57:00: Position Data {'radio_id': 0
4599	16:57:00: Position Data {'radio_id': 0
4600	16:57:00: Orientation {'radio_id': 0
4601	16:57:00: Position Data {'radio_id': 0
4602	16:57:00: Pyro Info {'radio_id': 0
4603	16:57:00: Line Cutter  {'radio_id': 0
4604	16:57:00: Alt Info & Cfg {'radio_id': 0
4605	16:57:00: Position Data {'radio_id': 0
4606	16:57:01: Position Data {'radio_id': 0
4607	16:57:01: Position Data {'radio_id': 0
4608	16:57:01: Position Data {'radio_id': 0
4609	16:57:01: Position Data {'radio_id': 0
4610	16:57:01: Position Data {'radio_id': 0
4611	16:57:01: Position Data {'radio_id': 0
4612	16:57:01: Position Data {'radio_id': 0
4613	16:57:01: Position Data {'radio_id': 0
4614	16:57:01: Orientation {'radio_id': 0
4615	16:57:01: Pyro Info {'radio_id': 0
4616	16:57:01: Line Cutter  {'radio_id': 0
4617	16:57:01: Line Cutter  {'radio_id': 0
4618	16:57:01: Position Data {'radio_id': 0
4619	16:57:01: Position Data {'radio_id': 0
4620	16:57:02: Position Data {'radio_id': 0
4621	16:57:02: Alt Info & Cfg {'radio_id': 0
4622	16:57:02: Position Data {'radio_id': 0
4623	16:57:02: Position Data {'radio_id': 0
4624	16:57:02: Position Data {'radio_id': 0
4625	16:57:02: Ground Station GPS {'gs_lat': 0.0
4626	16:57:02: Position Data {'radio_id': 0
4627	16:57:02: Position Data {'radio_id': 0
4628	16:57:02: Position Data {'radio_id': 0
4629	16:57:02: Position Data {'radio_id': 0
4630	16:57:02: Orientation {'radio_id': 0
4631	16:57:02: Pyro Info {'radio_id': 0
4632	16:57:02: Line Cutter  {'radio_id': 0
4633	16:57:02: Position Data {'radio_id': 0
4634	16:57:03: Position Data {'radio_id': 0
4635	16:57:03: Position Data {'radio_id': 0
4636	16:57:03: Position Data {'radio_id': 0
4637	16:57:03: Position Data {'radio_id': 0
4638	16:57:03: Alt Info & Cfg {'radio_id': 0
4639	16:57:03: Position Data {'radio_id': 0
4640	16:57:03: Position Data {'radio_id': 0
4641	16:57:03: Position Data {'radio_id': 0
4642	16:57:03: Position Data {'radio_id': 0
4643	16:57:03: Orientation {'radio_id': 0
4644	16:57:03: Pyro Info {'radio_id': 0
4645	16:57:03: Line Cutter  {'radio_id': 0
4646	16:57:03: Line Cutter  {'radio_id': 0
4647	16:57:03: Position Data {'radio_id': 0
4648	16:57:03: Position Data {'radio_id': 0
4649	16:57:04: Position Data {'radio_id': 0
4650	16:57:04: Position Data {'radio_id': 0
4651	16:57:04: Position Data {'radio_id': 0
4652	16:57:04: Position Data {'radio_id': 0
4653	16:57:04: Ground Station GPS {'gs_lat': 0.0
4654	16:57:04: Position Data {'radio_id': 0
4655	16:57:04: Alt Info & Cfg {'radio_id': 0
4656	16:57:04: Position Data {'radio_id': 0
4657	16:57:04: Position Data {'radio_id': 0
4658	16:57:04: Position Data {'radio_id': 0
4659	16:57:04: Pyro Info {'radio_id': 0
4660	16:57:04: Line Cutter  {'radio_id': 0
4661	16:57:04: Line Cutter  {'radio_id': 0
4662	16:57:04: Position Data {'radio_id': 0
4663	16:57:05: Position Data {'radio_id': 0
4664	16:57:05: Position Data {'radio_id': 0
4665	16:57:05: Position Data {'radio_id': 0
4666	16:57:05: Position Data {'radio_id': 0
4667	16:57:05: Position Data {'radio_id': 0
4668	16:57:05: Position Data {'radio_id': 0
4669	16:57:05: Position Data {'radio_id': 0
4670	16:57:05: Position Data {'radio_id': 0
4671	16:57:05: Alt Info & Cfg {'radio_id': 0
4672	16:57:05: Orientation {'radio_id': 0
4673	16:57:05: Pyro Info {'radio_id': 0
4674	16:57:05: Line Cutter  {'radio_id': 0
4675	16:57:05: Line Cutter  {'radio_id': 0
4676	16:57:05: Position Data {'radio_id': 0
4677	16:57:05: Position Data {'radio_id': 0
4678	16:57:06: Position Data {'radio_id': 0
4679	16:57:06: Position Data {'radio_id': 0
4680	16:57:06: Position Data {'radio_id': 0
4681	16:57:06: Position Data {'radio_id': 0
4682	16:57:06: Ground Station GPS {'gs_lat': 0.0
4683	16:57:06: Position Data {'radio_id': 0
4684	16:57:06: Position Data {'radio_id': 0
4685	16:57:06: Position Data {'radio_id': 0
4686	16:57:06: Position Data {'radio_id': 0
4687	16:57:06: Orientation {'radio_id': 0
4688	16:57:06: Pyro Info {'radio_id': 0
4689	16:57:06: Line Cutter  {'radio_id': 0
4690	16:57:06: Line Cutter  {'radio_id': 0
4691	16:57:06: Position Data {'radio_id': 0
4692	16:57:07: Alt Info & Cfg {'radio_id': 0
4693	16:57:07: Position Data {'radio_id': 0
4694	16:57:07: Position Data {'radio_id': 0
4695	16:57:07: Position Data {'radio_id': 0
4696	16:57:07: Position Data {'radio_id': 0
4697	16:57:07: Position Data {'radio_id': 0
4698	16:57:07: Position Data {'radio_id': 0
4699	16:57:07: Position Data {'radio_id': 0
4700	16:57:07: Orientation {'radio_id': 0
4701	16:57:07: Position Data {'radio_id': 0
4702	16:57:07: Pyro Info {'radio_id': 0
4703	16:57:07: Line Cutter  {'radio_id': 0
4704	16:57:07: Line Cutter  {'radio_id': 0
4705	16:57:08: Position Data {'radio_id': 0
4706	16:57:08: Position Data {'radio_id': 0
4707	16:57:08: Position Data {'radio_id': 0
4708	16:57:08: Position Data {'radio_id': 0
4709	16:57:08: Position Data {'radio_id': 0
4710	16:57:08: Ground Station GPS {'gs_lat': 0.0
4711	16:57:08: Position Data {'radio_id': 0
4712	16:57:08: Position Data {'radio_id': 0
4713	16:57:08: Position Data {'radio_id': 0
4714	16:57:08: Position Data {'radio_id': 0
4715	16:57:08: Orientation {'radio_id': 0
4716	16:57:08: Pyro Info {'radio_id': 0
4717	16:57:08: Line Cutter  {'radio_id': 0
4718	16:57:08: Position Data {'radio_id': 0
4719	16:57:09: Position Data {'radio_id': 0
4720	16:57:09: Position Data {'radio_id': 0
4721	16:57:09: Position Data {'radio_id': 0
4722	16:57:09: Position Data {'radio_id': 0
4723	16:57:09: Alt Info & Cfg {'radio_id': 0
4724	16:57:09: Position Data {'radio_id': 0
4725	16:57:09: Position Data {'radio_id': 0
4726	16:57:09: Position Data {'radio_id': 0
4727	16:57:09: Position Data {'radio_id': 0
4728	16:57:09: Position Data {'radio_id': 0
4729	16:57:09: Orientation {'radio_id': 0
4730	16:57:09: Pyro Info {'radio_id': 0
4731	16:57:09: Line Cutter  {'radio_id': 0
4732	16:57:09: Line Cutter  {'radio_id': 0
4733	16:57:10: Position Data {'radio_id': 0
4734	16:57:10: Position Data {'radio_id': 0
4735	16:57:10: Position Data {'radio_id': 0
4736	16:57:10: Position Data {'radio_id': 0
4737	16:57:10: Position Data {'radio_id': 0
4738	16:57:10: Ground Station GPS {'gs_lat': 0.0
4739	16:57:10: Position Data {'radio_id': 0
4740	16:57:10: Position Data {'radio_id': 0
4741	16:57:10: Alt Info & Cfg {'radio_id': 0
4742	16:57:10: Position Data {'radio_id': 0
4743	16:57:10: Position Data {'radio_id': 0
4744	16:57:10: Orientation {'radio_id': 0
4745	16:57:10: Line Cutter  {'radio_id': 0
4746	16:57:10: Line Cutter  {'radio_id': 0
4747	16:57:11: Position Data {'radio_id': 0
4748	16:57:11: Position Data {'radio_id': 0
4749	16:57:11: Position Data {'radio_id': 0
4750	16:57:11: Position Data {'radio_id': 0
4751	16:57:11: Position Data {'radio_id': 0
4752	16:57:11: Position Data {'radio_id': 0
4753	16:57:11: Position Data {'radio_id': 0
4754	16:57:11: Position Data {'radio_id': 0
4755	16:57:11: Position Data {'radio_id': 0
4756	16:57:11: Position Data {'radio_id': 0
4757	16:57:11: Alt Info & Cfg {'radio_id': 0
4758	16:57:11: Orientation {'radio_id': 0
4759	16:57:11: Line Cutter  {'radio_id': 0
4760	16:57:12: Line Cutter  {'radio_id': 0
4761	16:57:12: Position Data {'radio_id': 0
4762	16:57:12: Position Data {'radio_id': 0
4763	16:57:12: Position Data {'radio_id': 0
4764	16:57:12: Position Data {'radio_id': 0
4765	16:57:12: Position Data {'radio_id': 0
4766	16:57:12: Ground Station GPS {'gs_lat': 0.0
4767	16:57:12: Position Data {'radio_id': 0
4768	16:57:12: Position Data {'radio_id': 0
4769	16:57:12: Position Data {'radio_id': 0
4770	16:57:12: Position Data {'radio_id': 0
4771	16:57:12: Orientation {'radio_id': 0
4772	16:57:12: Line Cutter  {'radio_id': 0
4773	16:57:12: Line Cutter  {'radio_id': 0
4774	16:57:13: Position Data {'radio_id': 0
4775	16:57:13: Position Data {'radio_id': 0
4776	16:57:13: Alt Info & Cfg {'radio_id': 0
4777	16:57:13: Position Data {'radio_id': 0
4778	16:57:13: Position Data {'radio_id': 0
4779	16:57:13: Position Data {'radio_id': 0
4780	16:57:13: Position Data {'radio_id': 0
4781	16:57:13: Position Data {'radio_id': 0
4782	16:57:13: Position Data {'radio_id': 0
4783	16:57:13: Position Data {'radio_id': 0
4784	16:57:13: Position Data {'radio_id': 0
4785	16:57:13: Orientation {'radio_id': 0
4786	16:57:13: Pyro Info {'radio_id': 0
4787	16:57:14: Line Cutter  {'radio_id': 0
4788	16:57:14: Position Data {'radio_id': 0
4789	16:57:14: Position Data {'radio_id': 0
4790	16:57:14: Position Data {'radio_id': 0
4791	16:57:14: Position Data {'radio_id': 0
4792	16:57:14: Alt Info & Cfg {'radio_id': 0
4793	16:57:14: Position Data {'radio_id': 0
4794	16:57:14: Ground Station GPS {'gs_lat': 0.0
4795	16:57:14: Position Data {'radio_id': 0
4796	16:57:14: Position Data {'radio_id': 0
4797	16:57:14: Position Data {'radio_id': 0
4798	16:57:14: Position Data {'radio_id': 0
4799	16:57:14: Orientation {'radio_id': 0
4800	16:57:14: Pyro Info {'radio_id': 0
4801	16:57:15: Line Cutter  {'radio_id': 0
4802	16:57:15: Line Cutter  {'radio_id': 0
4803	16:57:15: Position Data {'radio_id': 0
4804	16:57:15: Position Data {'radio_id': 0
4805	16:57:15: Position Data {'radio_id': 0
4806	16:57:15: Position Data {'radio_id': 0
4807	16:57:15: Position Data {'radio_id': 0
4808	16:57:15: Alt Info & Cfg {'radio_id': 0
4809	16:57:15: Position Data {'radio_id': 0
4810	16:57:15: Position Data {'radio_id': 0
4811	16:57:15: Position Data {'radio_id': 0
4812	16:57:15: Position Data {'radio_id': 0
4813	16:57:15: Orientation {'radio_id': 0
4814	16:57:15: Pyro Info {'radio_id': 0
4815	16:57:15: Line Cutter  {'radio_id': 0
4816	16:57:16: Line Cutter  {'radio_id': 0
4817	16:57:16: Position Data {'radio_id': 0
4818	16:57:16: Position Data {'radio_id': 0
4819	16:57:16: Position Data {'radio_id': 0
4820	16:57:16: Position Data {'radio_id': 0
4821	16:57:16: Position Data {'radio_id': 0
4822	16:57:16: Ground Station GPS {'gs_lat': 0.0
4823	16:57:16: Position Data {'radio_id': 0
4824	16:57:16: Position Data {'radio_id': 0
4825	16:57:16: Position Data {'radio_id': 0
4826	16:57:16: Alt Info & Cfg {'radio_id': 0
4827	16:57:16: Position Data {'radio_id': 0
4828	16:57:16: Position Data {'radio_id': 0
4829	16:57:16: Orientation {'radio_id': 0
4830	16:57:16: Pyro Info {'radio_id': 0
4831	16:57:17: Line Cutter  {'radio_id': 0
4832	16:57:17: Line Cutter  {'radio_id': 0
4833	16:57:17: Position Data {'radio_id': 0
4834	16:57:17: Position Data {'radio_id': 0
4835	16:57:17: Position Data {'radio_id': 0
4836	16:57:17: Position Data {'radio_id': 0
4837	16:57:17: Position Data {'radio_id': 0
4838	16:57:17: Position Data {'radio_id': 0
4839	16:57:17: Position Data {'radio_id': 0
4840	16:57:17: Position Data {'radio_id': 0
4841	16:57:17: Position Data {'radio_id': 0
4842	16:57:17: Orientation {'radio_id': 0
4843	16:57:17: Pyro Info {'radio_id': 0
4844	16:57:18: Line Cutter  {'radio_id': 0
4845	16:57:18: Alt Info & Cfg {'radio_id': 0
4846	16:57:18: Position Data {'radio_id': 0
4847	16:57:18: Position Data {'radio_id': 0
4848	16:57:18: Position Data {'radio_id': 0
4849	16:57:18: Position Data {'radio_id': 0
4850	16:57:18: Position Data {'radio_id': 0
4851	16:57:18: Ground Station GPS {'gs_lat': 0.0
4852	16:57:18: Position Data {'radio_id': 0
4853	16:57:18: Position Data {'radio_id': 0
4854	16:57:18: Position Data {'radio_id': 0
4855	16:57:18: Position Data {'radio_id': 0
4856	16:57:18: Position Data {'radio_id': 0
4857	16:57:18: Orientation {'radio_id': 0
4858	16:57:18: Pyro Info {'radio_id': 0
4859	16:57:19: Line Cutter  {'radio_id': 0
4860	16:57:19: Line Cutter  {'radio_id': 0
4861	16:57:19: Position Data {'radio_id': 0
4862	16:57:19: Position Data {'radio_id': 0
4863	16:57:19: Alt Info & Cfg {'radio_id': 0
4864	16:57:19: Position Data {'radio_id': 0
4865	16:57:19: Position Data {'radio_id': 0
4866	16:57:19: Position Data {'radio_id': 0
4867	16:57:19: Position Data {'radio_id': 0
4868	16:57:19: Position Data {'radio_id': 0
4869	16:57:19: Position Data {'radio_id': 0
4870	16:57:19: Position Data {'radio_id': 0
4871	16:57:19: Orientation {'radio_id': 0
4872	16:57:20: Pyro Info {'radio_id': 0
4873	16:57:20: Line Cutter  {'radio_id': 0
4874	16:57:20: Line Cutter  {'radio_id': 0
4875	16:57:20: Position Data {'radio_id': 0
4876	16:57:20: Position Data {'radio_id': 0
4877	16:57:20: Position Data {'radio_id': 0
4878	16:57:20: Position Data {'radio_id': 0
4879	16:57:20: Position Data {'radio_id': 0
4880	16:57:20: Alt Info & Cfg {'radio_id': 0
4881	16:57:20: Position Data {'radio_id': 0
4882	16:57:20: Position Data {'radio_id': 0
4883	16:57:20: Position Data {'radio_id': 0
4884	16:57:20: Position Data {'radio_id': 0
4885	16:57:20: Position Data {'radio_id': 0
4886	16:57:20: Orientation {'radio_id': 0
4887	16:57:21: Pyro Info {'radio_id': 0
4888	16:57:21: Line Cutter  {'radio_id': 0
4889	16:57:21: Line Cutter  {'radio_id': 0
4890	16:57:21: Position Data {'radio_id': 0
4891	16:57:21: Position Data {'radio_id': 0
4892	16:57:21: Position Data {'radio_id': 0
4893	16:57:21: Position Data {'radio_id': 0
4894	16:57:21: Position Data {'radio_id': 0
4895	16:57:21: Position Data {'radio_id': 0
4896	16:57:21: Alt Info & Cfg {'radio_id': 0
4897	16:57:21: Position Data {'radio_id': 0
4898	16:57:21: Position Data {'radio_id': 0
4899	16:57:21: Position Data {'radio_id': 0
4900	16:57:21: Orientation {'radio_id': 0
4901	16:57:22: Position Data {'radio_id': 0
4902	16:57:22: Pyro Info {'radio_id': 0
4903	16:57:22: Line Cutter  {'radio_id': 0
4904	16:57:22: Line Cutter  {'radio_id': 0
4905	16:57:22: Position Data {'radio_id': 0
4906	16:57:22: Position Data {'radio_id': 0
4907	16:57:22: Position Data {'radio_id': 0
4908	16:57:22: Position Data {'radio_id': 0
4909	16:57:22: Position Data {'radio_id': 0
4910	16:57:22: Ground Station GPS {'gs_lat': 0.0
4911	16:57:22: Position Data {'radio_id': 0
4912	16:57:22: Position Data {'radio_id': 0
4913	16:57:22: Position Data {'radio_id': 0
4914	16:57:22: Position Data {'radio_id': 0
4915	16:57:22: Orientation {'radio_id': 0
4916	16:57:23: Pyro Info {'radio_id': 0
4917	16:57:23: Line Cutter  {'radio_id': 0
4918	16:57:23: Position Data {'radio_id': 0
4919	16:57:23: Position Data {'radio_id': 0
4920	16:57:23: Position Data {'radio_id': 0
4921	16:57:23: Position Data {'radio_id': 0
4922	16:57:23: Position Data {'radio_id': 0
4923	16:57:23: Position Data {'radio_id': 0
4924	16:57:23: Position Data {'radio_id': 0
4925	16:57:23: Position Data {'radio_id': 0
4926	16:57:23: Position Data {'radio_id': 0
4927	16:57:23: Position Data {'radio_id': 0
4928	16:57:24: Orientation {'radio_id': 0
4929	16:57:24: Pyro Info {'radio_id': 0
4930	16:57:24: Line Cutter  {'radio_id': 0
4931	16:57:24: Line Cutter  {'radio_id': 0
4932	16:57:24: Alt Info & Cfg {'radio_id': 0
4933	16:57:24: Position Data {'radio_id': 0
4934	16:57:24: Position Data {'radio_id': 0
4935	16:57:24: Position Data {'radio_id': 0
4936	16:57:24: Position Data {'radio_id': 0
4937	16:57:24: Position Data {'radio_id': 0
4938	16:57:24: Position Data {'radio_id': 0
4939	16:57:24: Position Data {'radio_id': 0
4940	16:57:24: Position Data {'radio_id': 0
4941	16:57:24: Position Data {'radio_id': 0
4942	16:57:25: Orientation {'radio_id': 0
4943	16:57:25: Pyro Info {'radio_id': 0
4944	16:57:25: Line Cutter  {'radio_id': 0
4945	16:57:25: Line Cutter  {'radio_id': 0
4946	16:57:25: Position Data {'radio_id': 0
4947	16:57:25: Position Data {'radio_id': 0
4948	16:57:25: Position Data {'radio_id': 0
4949	16:57:25: Position Data {'radio_id': 0
4950	16:57:25: Position Data {'radio_id': 0
4951	16:57:25: Position Data {'radio_id': 0
4952	16:57:25: Position Data {'radio_id': 0
4953	16:57:25: Position Data {'radio_id': 0
4954	16:57:25: Position Data {'radio_id': 0
4955	16:57:25: Position Data {'radio_id': 0
4956	16:57:26: Orientation {'radio_id': 0
4957	16:57:26: Pyro Info {'radio_id': 0
4958	16:57:26: Line Cutter  {'radio_id': 0
4959	16:57:26: Line Cutter  {'radio_id': 0
4960	16:57:26: Position Data {'radio_id': 0
4961	16:57:26: Position Data {'radio_id': 0
4962	16:57:26: Position Data {'radio_id': 0
4963	16:57:26: Position Data {'radio_id': 0
4964	16:57:26: Alt Info & Cfg {'radio_id': 0
4965	16:57:26: Ground Station GPS {'gs_lat': 0.0
4966	16:57:26: Position Data {'radio_id': 0
4967	16:57:26: Position Data {'radio_id': 0
4968	16:57:26: Position Data {'radio_id': 0
4969	16:57:26: Position Data {'radio_id': 0
4970	16:57:26: Position Data {'radio_id': 0
4971	16:57:27: Orientation {'radio_id': 0
4972	16:57:27: Pyro Info {'radio_id': 0
4973	16:57:27: Line Cutter  {'radio_id': 0
4974	16:57:27: Line Cutter  {'radio_id': 0
4975	16:57:27: Position Data {'radio_id': 0
4976	16:57:27: Position Data {'radio_id': 0
4977	16:57:27: Position Data {'radio_id': 0
4978	16:57:27: Position Data {'radio_id': 0
4979	16:57:27: Position Data {'radio_id': 0
4980	16:57:27: Position Data {'radio_id': 0
4981	16:57:27: Position Data {'radio_id': 0
4982	16:57:27: Alt Info & Cfg {'radio_id': 0
4983	16:57:27: Position Data {'radio_id': 0
4984	16:57:27: Position Data {'radio_id': 0
4985	16:57:28: Position Data {'radio_id': 0
4986	16:57:28: Orientation {'radio_id': 0
4987	16:57:28: Pyro Info {'radio_id': 0
4988	16:57:28: Line Cutter  {'radio_id': 0
4989	16:57:28: Line Cutter  {'radio_id': 0
4990	16:57:28: Position Data {'radio_id': 0
4991	16:57:28: Position Data {'radio_id': 0
4992	16:57:28: Position Data {'radio_id': 0
4993	16:57:28: Position Data {'radio_id': 0
4994	16:57:28: Position Data {'radio_id': 0
4995	16:57:28: Ground Station GPS {'gs_lat': 0.0
4996	16:57:28: Position Data {'radio_id': 0
4997	16:57:28: Position Data {'radio_id': 0
4998	16:57:28: Position Data {'radio_id': 0
4999	16:57:28: Position Data {'radio_id': 0
5000	16:57:29: Orientation {'radio_id': 0
5001	16:57:29: Position Data {'radio_id': 0
5002	16:57:29: Pyro Info {'radio_id': 0
5003	16:57:29: Line Cutter  {'radio_id': 0
5004	16:57:29: Line Cutter  {'radio_id': 0
5005	16:57:29: Position Data {'radio_id': 0
5006	16:57:29: Position Data {'radio_id': 0
5007	16:57:29: Position Data {'radio_id': 0
5008	16:57:29: Position Data {'radio_id': 0
5009	16:57:29: Position Data {'radio_id': 0
5010	16:57:29: Position Data {'radio_id': 0
5011	16:57:29: Position Data {'radio_id': 0
5012	16:57:29: Position Data {'radio_id': 0
5013	16:57:29: Position Data {'radio_id': 0
5014	16:57:30: Orientation {'radio_id': 0
5015	16:57:30: Pyro Info {'radio_id': 0
5016	16:57:30: Line Cutter  {'radio_id': 0
5017	16:57:30: Position Data {'radio_id': 0
5018	16:57:30: Alt Info & Cfg {'radio_id': 0
5019	16:57:30: Position Data {'radio_id': 0
5020	16:57:30: Position Data {'radio_id': 0
5021	16:57:30: Position Data {'radio_id': 0
5022	16:57:30: Position Data {'radio_id': 0
5023	16:57:30: Ground Station GPS {'gs_lat': 0.0
5024	16:57:30: Position Data {'radio_id': 0
5025	16:57:30: Position Data {'radio_id': 0
5026	16:57:30: Position Data {'radio_id': 0
5027	16:57:30: Position Data {'radio_id': 0
5028	16:57:31: Position Data {'radio_id': 0
5029	16:57:31: Pyro Info {'radio_id': 0
5030	16:57:31: Line Cutter  {'radio_id': 0
5031	16:57:31: Line Cutter  {'radio_id': 0
5032	16:57:31: Position Data {'radio_id': 0
5033	16:57:31: Position Data {'radio_id': 0
5034	16:57:31: Position Data {'radio_id': 0
5035	16:57:31: Alt Info & Cfg {'radio_id': 0
5036	16:57:31: Position Data {'radio_id': 0
5037	16:57:31: Position Data {'radio_id': 0
5038	16:57:31: Position Data {'radio_id': 0
5039	16:57:31: Position Data {'radio_id': 0
5040	16:57:31: Position Data {'radio_id': 0
5041	16:57:32: Position Data {'radio_id': 0
5042	16:57:32: Orientation {'radio_id': 0
5043	16:57:32: Pyro Info {'radio_id': 0
5044	16:57:32: Line Cutter  {'radio_id': 0
5045	16:57:32: Position Data {'radio_id': 0
5046	16:57:32: Position Data {'radio_id': 0
5047	16:57:32: Position Data {'radio_id': 0
5048	16:57:32: Position Data {'radio_id': 0
5049	16:57:32: Position Data {'radio_id': 0
5050	16:57:32: Ground Station GPS {'gs_lat': 0.0
5051	16:57:32: Alt Info & Cfg {'radio_id': 0
5052	16:57:32: Position Data {'radio_id': 0
5053	16:57:32: Position Data {'radio_id': 0
5054	16:57:32: Position Data {'radio_id': 0
5055	16:57:32: Position Data {'radio_id': 0
5056	16:57:33: Position Data {'radio_id': 0
5057	16:57:33: Orientation {'radio_id': 0
5058	16:57:33: Pyro Info {'radio_id': 0
5059	16:57:33: Line Cutter  {'radio_id': 0
5060	16:57:33: Line Cutter  {'radio_id': 0
5061	16:57:33: Position Data {'radio_id': 0
5062	16:57:33: Position Data {'radio_id': 0
5063	16:57:33: Position Data {'radio_id': 0
5064	16:57:33: Position Data {'radio_id': 0
5065	16:57:33: Position Data {'radio_id': 0
5066	16:57:33: Position Data {'radio_id': 0
5067	16:57:33: Position Data {'radio_id': 0
5068	16:57:33: Alt Info & Cfg {'radio_id': 0
5069	16:57:33: Position Data {'radio_id': 0
5070	16:57:34: Position Data {'radio_id': 0
5071	16:57:34: Orientation {'radio_id': 0
5072	16:57:34: Pyro Info {'radio_id': 0
5073	16:57:34: Line Cutter  {'radio_id': 0
5074	16:57:34: Line Cutter  {'radio_id': 0
5075	16:57:34: Position Data {'radio_id': 0
5076	16:57:34: Position Data {'radio_id': 0
5077	16:57:34: Position Data {'radio_id': 0
5078	16:57:34: Position Data {'radio_id': 0
5079	16:57:34: Position Data {'radio_id': 0
5080	16:57:34: Ground Station GPS {'gs_lat': 0.0
5081	16:57:34: Position Data {'radio_id': 0
5082	16:57:34: Position Data {'radio_id': 0
5083	16:57:34: Position Data {'radio_id': 0
5084	16:57:34: Position Data {'radio_id': 0
5085	16:57:35: Alt Info & Cfg {'radio_id': 0
5086	16:57:35: Position Data {'radio_id': 0
5087	16:57:35: Orientation {'radio_id': 0
5088	16:57:35: Pyro Info {'radio_id': 0
5089	16:57:35: Line Cutter  {'radio_id': 0
5090	16:57:35: Line Cutter  {'radio_id': 0
5091	16:57:35: Position Data {'radio_id': 0
5092	16:57:35: Position Data {'radio_id': 0
5093	16:57:35: Position Data {'radio_id': 0
5094	16:57:35: Position Data {'radio_id': 0
5095	16:57:35: Position Data {'radio_id': 0
5096	16:57:35: Position Data {'radio_id': 0
5097	16:57:35: Position Data {'radio_id': 0
5098	16:57:35: Position Data {'radio_id': 0
5099	16:57:36: Position Data {'radio_id': 0
5100	16:57:36: Orientation {'radio_id': 0
5101	16:57:36: Pyro Info {'radio_id': 0
5102	16:57:36: Line Cutter  {'radio_id': 0
5103	16:57:36: Line Cutter  {'radio_id': 0
5104	16:57:36: Position Data {'radio_id': 0
5105	16:57:36: Alt Info & Cfg {'radio_id': 0
5106	16:57:36: Position Data {'radio_id': 0
5107	16:57:36: Position Data {'radio_id': 0
5108	16:57:36: Position Data {'radio_id': 0
5109	16:57:36: Ground Station GPS {'gs_lat': 0.0
5110	16:57:36: Position Data {'radio_id': 0
5111	16:57:36: Position Data {'radio_id': 0
5112	16:57:36: Position Data {'radio_id': 0
5113	16:57:36: Position Data {'radio_id': 0
5114	16:57:37: Position Data {'radio_id': 0
5115	16:57:37: Orientation {'radio_id': 0
5116	16:57:37: Pyro Info {'radio_id': 0
5117	16:57:37: Line Cutter  {'radio_id': 0
5118	16:57:37: Line Cutter  {'radio_id': 0
5119	16:57:37: Position Data {'radio_id': 0
5120	16:57:37: Position Data {'radio_id': 0
5121	16:57:37: Position Data {'radio_id': 0
5122	16:57:37: Position Data {'radio_id': 0
5123	16:57:37: Alt Info & Cfg {'radio_id': 0
5124	16:57:37: Position Data {'radio_id': 0
5125	16:57:37: Position Data {'radio_id': 0
5126	16:57:37: Position Data {'radio_id': 0
5127	16:57:37: Position Data {'radio_id': 0
5128	16:57:38: Position Data {'radio_id': 0
5129	16:57:38: Position Data {'radio_id': 0
5130	16:57:38: Orientation {'radio_id': 0
5131	16:57:38: Pyro Info {'radio_id': 0
5132	16:57:38: Line Cutter  {'radio_id': 0
5133	16:57:38: Line Cutter  {'radio_id': 0
5134	16:57:38: Position Data {'radio_id': 0
5135	16:57:38: Position Data {'radio_id': 0
5136	16:57:38: Position Data {'radio_id': 0
5137	16:57:38: Position Data {'radio_id': 0
5138	16:57:38: Ground Station GPS {'gs_lat': 0.0
5139	16:57:38: Position Data {'radio_id': 0
5140	16:57:38: Alt Info & Cfg {'radio_id': 0
5141	16:57:38: Position Data {'radio_id': 0
5142	16:57:38: Position Data {'radio_id': 0
5143	16:57:38: Position Data {'radio_id': 0
5144	16:57:39: Position Data {'radio_id': 0
5145	16:57:39: Orientation {'radio_id': 0
5146	16:57:39: Pyro Info {'radio_id': 0
5147	16:57:39: Line Cutter  {'radio_id': 0
5148	16:57:39: Position Data {'radio_id': 0
5149	16:57:39: Position Data {'radio_id': 0
5150	16:57:39: Position Data {'radio_id': 0
5151	16:57:39: Position Data {'radio_id': 0
5152	16:57:39: Position Data {'radio_id': 0
5153	16:57:39: Position Data {'radio_id': 0
5154	16:57:39: Position Data {'radio_id': 0
5155	16:57:39: Position Data {'radio_id': 0
5156	16:57:39: Alt Info & Cfg {'radio_id': 0
5157	16:57:40: Position Data {'radio_id': 0
5158	16:57:40: Position Data {'radio_id': 0
5159	16:57:40: Orientation {'radio_id': 0
5160	16:57:40: Pyro Info {'radio_id': 0
5161	16:57:40: Line Cutter  {'radio_id': 0
5162	16:57:40: Line Cutter  {'radio_id': 0
5163	16:57:40: Position Data {'radio_id': 0
5164	16:57:40: Position Data {'radio_id': 0
5165	16:57:40: Position Data {'radio_id': 0
5166	16:57:40: Position Data {'radio_id': 0
5167	16:57:40: Ground Station GPS {'gs_lat': 0.0
5168	16:57:40: Position Data {'radio_id': 0
5169	16:57:40: Position Data {'radio_id': 0
5170	16:57:40: Position Data {'radio_id': 0
5171	16:57:40: Position Data {'radio_id': 0
5172	16:57:41: Position Data {'radio_id': 0
5173	16:57:41: Alt Info & Cfg {'radio_id': 0
5174	16:57:41: Orientation {'radio_id': 0
5175	16:57:41: Pyro Info {'radio_id': 0
5176	16:57:41: Line Cutter  {'radio_id': 0
5177	16:57:41: Line Cutter  {'radio_id': 0
5178	16:57:41: Position Data {'radio_id': 0
5179	16:57:41: Position Data {'radio_id': 0
5180	16:57:41: Position Data {'radio_id': 0
5181	16:57:41: Position Data {'radio_id': 0
5182	16:57:41: Position Data {'radio_id': 0
5183	16:57:41: Position Data {'radio_id': 0
5184	16:57:41: Position Data {'radio_id': 0
5185	16:57:41: Position Data {'radio_id': 0
5186	16:57:42: Position Data {'radio_id': 0
5187	16:57:42: Position Data {'radio_id': 0
5188	16:57:42: Orientation {'radio_id': 0
5189	16:57:42: Pyro Info {'radio_id': 0
5190	16:57:42: Line Cutter  {'radio_id': 0
5191	16:57:42: Line Cutter  {'radio_id': 0
5192	16:57:42: Position Data {'radio_id': 0
5193	16:57:42: Position Data {'radio_id': 0
5194	16:57:42: Alt Info & Cfg {'radio_id': 0
5195	16:57:42: Position Data {'radio_id': 0
5196	16:57:42: Position Data {'radio_id': 0
5197	16:57:42: Ground Station GPS {'gs_lat': 0.0
5198	16:57:42: Position Data {'radio_id': 0
5199	16:57:42: Position Data {'radio_id': 0
5200	16:57:42: Position Data {'radio_id': 0
5201	16:57:42: Position Data {'radio_id': 0
5202	16:57:43: Position Data {'radio_id': 0
5203	16:57:43: Orientation {'radio_id': 0
5204	16:57:43: Pyro Info {'radio_id': 0
5205	16:57:43: Line Cutter  {'radio_id': 0
5206	16:57:43: Line Cutter  {'radio_id': 0
5207	16:57:43: Position Data {'radio_id': 0
5208	16:57:43: Position Data {'radio_id': 0
5209	16:57:43: Position Data {'radio_id': 0
5210	16:57:43: Alt Info & Cfg {'radio_id': 0
5211	16:57:43: Position Data {'radio_id': 0
5212	16:57:43: Position Data {'radio_id': 0
5213	16:57:43: Position Data {'radio_id': 0
5214	16:57:43: Position Data {'radio_id': 0
5215	16:57:44: Position Data {'radio_id': 0
5216	16:57:44: Orientation {'radio_id': 0
5217	16:57:44: Position Data {'radio_id': 0
5218	16:57:44: Pyro Info {'radio_id': 0
5219	16:57:44: Line Cutter  {'radio_id': 0
5220	16:57:44: Line Cutter  {'radio_id': 0
5221	16:57:44: Position Data {'radio_id': 0
5222	16:57:44: Position Data {'radio_id': 0
5223	16:57:44: Position Data {'radio_id': 0
5224	16:57:44: Position Data {'radio_id': 0
5225	16:57:44: Ground Station GPS {'gs_lat': 0.0
5226	16:57:44: Position Data {'radio_id': 0
5227	16:57:45: Orientation {'radio_id': 0
5228	16:57:45: Alt Info & Cfg {'radio_id': 0
5229	16:57:45: Pyro Info {'radio_id': 0
5230	16:57:45: Line Cutter  {'radio_id': 0
5231	16:57:45: Line Cutter  {'radio_id': 0
5232	16:57:45: Position Data {'radio_id': 0
5233	16:57:45: Position Data {'radio_id': 0
5234	16:57:45: Position Data {'radio_id': 0
5235	16:57:45: Position Data {'radio_id': 0
5236	16:57:45: Position Data {'radio_id': 0
5237	16:57:45: Position Data {'radio_id': 0
5238	16:57:46: Position Data {'radio_id': 0
5239	16:57:46: Position Data {'radio_id': 0
5240	16:57:46: Orientation {'radio_id': 0
5241	16:57:46: Pyro Info {'radio_id': 0
5242	16:57:46: Line Cutter  {'radio_id': 0
5243	16:57:46: Position Data {'radio_id': 0
5244	16:57:46: Position Data {'radio_id': 0
5245	16:57:46: Alt Info & Cfg {'radio_id': 0
5246	16:57:46: Position Data {'radio_id': 0
5247	16:57:46: Position Data {'radio_id': 0
5248	16:57:46: Ground Station GPS {'gs_lat': 0.0
5249	16:57:46: Position Data {'radio_id': 0
5250	16:57:46: Position Data {'radio_id': 0
5251	16:57:46: Position Data {'radio_id': 0
5252	16:57:47: Position Data {'radio_id': 0
5253	16:57:47: Position Data {'radio_id': 0
5254	16:57:47: Orientation {'radio_id': 0
5255	16:57:47: Pyro Info {'radio_id': 0
5256	16:57:47: Line Cutter  {'radio_id': 0
5257	16:57:47: Line Cutter  {'radio_id': 0
5258	16:57:47: Position Data {'radio_id': 0
5259	16:57:47: Position Data {'radio_id': 0
5260	16:57:47: Position Data {'radio_id': 0
5261	16:57:47: Position Data {'radio_id': 0
5262	16:57:47: Alt Info & Cfg {'radio_id': 0
5263	16:57:47: Position Data {'radio_id': 0
5264	16:57:47: Position Data {'radio_id': 0
5265	16:57:47: Position Data {'radio_id': 0
5266	16:57:47: Position Data {'radio_id': 0
5267	16:57:48: Position Data {'radio_id': 0
5268	16:57:48: Orientation {'radio_id': 0
5269	16:57:48: Pyro Info {'radio_id': 0
5270	16:57:48: Line Cutter  {'radio_id': 0
5271	16:57:48: Line Cutter  {'radio_id': 0
5272	16:57:48: Position Data {'radio_id': 0
5273	16:57:48: Position Data {'radio_id': 0
5274	16:57:48: Position Data {'radio_id': 0
5275	16:57:48: Position Data {'radio_id': 0
5276	16:57:48: Position Data {'radio_id': 0
5277	16:57:48: Position Data {'radio_id': 0
5278	16:57:48: Alt Info & Cfg {'radio_id': 0
5279	16:57:48: Position Data {'radio_id': 0
5280	16:57:48: Position Data {'radio_id': 0
5281	16:57:49: Position Data {'radio_id': 0
5282	16:57:49: Position Data {'radio_id': 0
5283	16:57:49: Orientation {'radio_id': 0
5284	16:57:49: Line Cutter  {'radio_id': 0
5285	16:57:49: Line Cutter  {'radio_id': 0
5286	16:57:49: Position Data {'radio_id': 0
5287	16:57:49: Position Data {'radio_id': 0
5288	16:57:49: Position Data {'radio_id': 0
5289	16:57:49: Position Data {'radio_id': 0
5290	16:57:49: Position Data {'radio_id': 0
5291	16:57:49: Position Data {'radio_id': 0
5292	16:57:49: Position Data {'radio_id': 0
5293	16:57:50: Position Data {'radio_id': 0
5294	16:57:50: Alt Info & Cfg {'radio_id': 0
5295	16:57:50: Position Data {'radio_id': 0
5296	16:57:50: Orientation {'radio_id': 0
5297	16:57:50: Pyro Info {'radio_id': 0
5298	16:57:50: Line Cutter 0 {'radio_id': 0
5299	16:57:50: Line Cutter  {'radio_id': 0
5300	16:57:50: Position Data {'radio_id': 0
5301	16:57:50: Position Data {'radio_id': 0
5302	16:57:50: Position Data {'radio_id': 0
5303	16:57:50: Position Data {'radio_id': 0
5304	16:57:50: Ground Station GPS {'gs_lat': 0.0
5305	16:57:50: Position Data {'radio_id': 0
5306	16:57:50: Position Data {'radio_id': 0
5307	16:57:50: Position Data {'radio_id': 0
5308	16:57:51: Position Data {'radio_id': 0
5309	16:57:51: Position Data {'radio_id': 0
5310	16:57:51: Orientation {'radio_id': 0
5311	16:57:51: Pyro Info {'radio_id': 0
5312	16:57:51: Line Cutter  {'radio_id': 0
5313	16:57:51: Line Cutter  {'radio_id': 0
5314	16:57:51: Position Data {'radio_id': 0
5315	16:57:51: Alt Info & Cfg {'radio_id': 0
5316	16:57:51: Position Data {'radio_id': 0
5317	16:57:51: Position Data {'radio_id': 0
5318	16:57:51: Position Data {'radio_id': 0
5319	16:57:51: Position Data {'radio_id': 0
5320	16:57:51: Position Data {'radio_id': 0
5321	16:57:51: Position Data {'radio_id': 0
5322	16:57:52: Position Data {'radio_id': 0
5323	16:57:52: Position Data {'radio_id': 0
5324	16:57:52: Orientation {'radio_id': 0
5325	16:57:52: Position Data {'radio_id': 0
5326	16:57:52: Pyro Info {'radio_id': 0
5327	16:57:52: Line Cutter  {'radio_id': 0
5328	16:57:52: Line Cutter  {'radio_id': 0
5329	16:57:52: Position Data {'radio_id': 0
5330	16:57:52: Position Data {'radio_id': 0
5331	16:57:52: Alt Info & Cfg {'radio_id': 0
5332	16:57:52: Position Data {'radio_id': 0
5333	16:57:52: Position Data {'radio_id': 0
5334	16:57:52: Ground Station GPS {'gs_lat': 0.0
5335	16:57:52: Position Data {'radio_id': 0
5336	16:57:52: Position Data {'radio_id': 0
5337	16:57:52: Position Data {'radio_id': 0
5338	16:57:53: Position Data {'radio_id': 0
5339	16:57:53: Position Data {'radio_id': 0
5340	16:57:53: Orientation {'radio_id': 0
5341	16:57:53: Pyro Info {'radio_id': 0
5342	16:57:53: Line Cutter 0 {'radio_id': 0
5343	16:57:53: Line Cutter  {'radio_id': 0
5344	16:57:53: Position Data {'radio_id': 0
5345	16:57:53: Position Data {'radio_id': 0
5346	16:57:53: Position Data {'radio_id': 0
5347	16:57:53: Position Data {'radio_id': 0
5348	16:57:53: Position Data {'radio_id': 0
5349	16:57:53: Alt Info & Cfg {'radio_id': 0
5350	16:57:53: Position Data {'radio_id': 0
5351	16:57:53: Position Data {'radio_id': 0
5352	16:57:54: Position Data {'radio_id': 0
5353	16:57:54: Position Data {'radio_id': 0
5354	16:57:54: Orientation {'radio_id': 0
5355	16:57:54: Pyro Info {'radio_id': 0
5356	16:57:54: Line Cutter  {'radio_id': 0
5357	16:57:54: Line Cutter  {'radio_id': 0
5358	16:57:54: Position Data {'radio_id': 0
5359	16:57:54: Position Data {'radio_id': 0
5360	16:57:54: Position Data {'radio_id': 0
5361	16:57:54: Position Data {'radio_id': 0
5362	16:57:54: Position Data {'radio_id': 0
5363	16:57:54: Position Data {'radio_id': 0
5364	16:57:54: Position Data {'radio_id': 0
5365	16:57:54: Alt Info & Cfg {'radio_id': 0
5366	16:57:55: Position Data {'radio_id': 0
5367	16:57:55: Position Data {'radio_id': 0
5368	16:57:55: Orientation {'radio_id': 0
5369	16:57:55: Line Cutter  {'radio_id': 0
5370	16:57:55: Line Cutter  {'radio_id': 0
5371	16:57:55: Position Data {'radio_id': 0
5372	16:57:55: Position Data {'radio_id': 0
5373	16:57:55: Position Data {'radio_id': 0
5374	16:57:55: Position Data {'radio_id': 0
5375	16:57:55: Position Data {'radio_id': 0
5376	16:57:55: Position Data {'radio_id': 0
5377	16:57:55: Position Data {'radio_id': 0
5378	16:57:56: Pyro Info {'radio_id': 0
5379	16:57:56: Line Cutter  {'radio_id': 0
5380	16:57:56: Line Cutter  {'radio_id': 0
5381	16:57:56: Position Data {'radio_id': 0
5382	16:57:56: Position Data {'radio_id': 0
5383	16:57:56: Position Data {'radio_id': 0
5384	16:57:56: Position Data {'radio_id': 0
5385	16:57:56: Ground Station GPS {'gs_lat': 0.0
5386	16:57:56: Position Data {'radio_id': 0
5387	16:57:56: Position Data {'radio_id': 0
5388	16:57:56: Position Data {'radio_id': 0
5389	16:57:57: Position Data {'radio_id': 0
5390	16:57:57: Orientation {'radio_id': 0
5391	16:57:57: Pyro Info {'radio_id': 0
5392	16:57:57: Line Cutter  {'radio_id': 0
5393	16:57:57: Line Cutter  {'radio_id': 0
5394	16:57:57: Position Data {'radio_id': 0
5395	16:57:57: Alt Info & Cfg {'radio_id': 0
5396	16:57:57: Position Data {'radio_id': 0
5397	16:57:57: Position Data {'radio_id': 0
5398	16:57:57: Position Data {'radio_id': 0
5399	16:57:57: Position Data {'radio_id': 0
5400	16:57:57: Position Data {'radio_id': 0
5401	16:57:57: Position Data {'radio_id': 0
5402	16:57:58: Position Data {'radio_id': 0
5403	16:57:58: Orientation {'radio_id': 0
5404	16:57:58: Pyro Info {'radio_id': 0
5405	16:57:58: Position Data {'radio_id': 0
5406	16:57:58: Position Data {'radio_id': 0
5407	16:57:58: Position Data {'radio_id': 0
5408	16:57:58: Alt Info & Cfg {'radio_id': 0
5409	16:57:58: Position Data {'radio_id': 0
5410	16:57:58: Ground Station GPS {'gs_lat': 0.0
5411	16:57:58: Position Data {'radio_id': 0
5412	16:57:58: Position Data {'radio_id': 0
5413	16:57:59: Position Data {'radio_id': 0
5414	16:57:59: Position Data {'radio_id': 0
5415	16:57:59: Orientation {'radio_id': 0
5416	16:57:59: Position Data {'radio_id': 0
5417	16:57:59: Pyro Info {'radio_id': 0
5418	16:57:59: Line Cutter  {'radio_id': 0
5419	16:57:59: Position Data {'radio_id': 0
5420	16:57:59: Position Data {'radio_id': 0
5421	16:57:59: Position Data {'radio_id': 0
5422	16:57:59: Position Data {'radio_id': 0
5423	16:57:59: Position Data {'radio_id': 0
5424	16:57:59: Alt Info & Cfg {'radio_id': 0
5425	16:57:59: Position Data {'radio_id': 0
5426	16:57:59: Position Data {'radio_id': 0
5427	16:58:00: Position Data {'radio_id': 0
5428	16:58:00: Position Data {'radio_id': 0
5429	16:58:00: Orientation {'radio_id': 0
5430	16:58:00: Line Cutter  {'radio_id': 0
5431	16:58:00: Line Cutter  {'radio_id': 0
5432	16:58:00: Position Data {'radio_id': 0
5433	16:58:00: Position Data {'radio_id': 0
5434	16:58:00: Position Data {'radio_id': 0
5435	16:58:00: Ground Station GPS {'gs_lat': 0.0
5436	16:58:00: Position Data {'radio_id': 0
5437	16:58:00: Position Data {'radio_id': 0
5438	16:58:00: Position Data {'radio_id': 0
5439	16:58:01: Alt Info & Cfg {'radio_id': 0
5440	16:58:01: Position Data {'radio_id': 0
5441	16:58:01: Orientation {'radio_id': 0
5442	16:58:01: Pyro Info {'radio_id': 0
5443	16:58:01: Line Cutter  {'radio_id': 0
5444	16:58:01: Position Data {'radio_id': 0
5445	16:58:01: Position Data {'radio_id': 0
5446	16:58:01: Position Data {'radio_id': 0
5447	16:58:01: Position Data {'radio_id': 0
5448	16:58:01: Position Data {'radio_id': 0
5449	16:58:01: Position Data {'radio_id': 0
5450	16:58:02: Position Data {'radio_id': 0
5451	16:58:02: Position Data {'radio_id': 0
5452	16:58:02: Orientation {'radio_id': 0
5453	16:58:02: Pyro Info {'radio_id': 0
5454	16:58:02: Line Cutter  {'radio_id': 0
5455	16:58:02: Position Data {'radio_id': 0
5456	16:58:02: Alt Info & Cfg {'radio_id': 0
5457	16:58:02: Position Data {'radio_id': 0
5458	16:58:02: Position Data {'radio_id': 0
5459	16:58:02: Position Data {'radio_id': 0
5460	16:58:02: Ground Station GPS {'gs_lat': 0.0
5461	16:58:02: Position Data {'radio_id': 0
5462	16:58:02: Position Data {'radio_id': 0
5463	16:58:03: Position Data {'radio_id': 0
5464	16:58:03: Position Data {'radio_id': 0
5465	16:58:03: Orientation {'radio_id': 0
5466	16:58:03: Position Data {'radio_id': 0
5467	16:58:03: Pyro Info {'radio_id': 0
5468	16:58:03: Line Cutter  {'radio_id': 0
5469	16:58:03: Position Data {'radio_id': 0
5470	16:58:03: Position Data {'radio_id': 0
5471	16:58:04: Position Data {'radio_id': 0
5472	16:58:04: Position Data {'radio_id': 0
5473	16:58:04: Position Data {'radio_id': 0
5474	16:58:04: Position Data {'radio_id': 0
5475	16:58:04: Position Data {'radio_id': 0
5476	16:58:04: Position Data {'radio_id': 0
5477	16:58:04: Orientation {'radio_id': 0
5478	16:58:04: Pyro Info {'radio_id': 0
5479	16:58:04: Line Cutter  {'radio_id': 0
5480	16:58:04: Line Cutter  {'radio_id': 0
5481	16:58:04: Ground Station GPS {'gs_lat': 0.0
5482	16:58:04: Position Data {'radio_id': 0
5483	16:58:04: Position Data {'radio_id': 0
5484	16:58:04: Alt Info & Cfg {'radio_id': 0
5485	16:58:04: Position Data {'radio_id': 0
5486	16:58:05: Position Data {'radio_id': 0
5487	16:58:05: Position Data {'radio_id': 0
5488	16:58:05: Position Data {'radio_id': 0
5489	16:58:05: Position Data {'radio_id': 0
5490	16:58:05: Position Data {'radio_id': 0
5491	16:58:05: Position Data {'radio_id': 0
5492	16:58:05: Orientation {'radio_id': 0
5493	16:58:05: Pyro Info {'radio_id': 0
5494	16:58:05: Line Cutter  {'radio_id': 0
5495	16:58:05: Line Cutter 0 {'radio_id': 0
5496	16:58:05: Position Data {'radio_id': 0
5497	16:58:05: Position Data {'radio_id': 0
5498	16:58:05: Position Data {'radio_id': 0
5499	16:58:05: Position Data {'radio_id': 0
5500	16:58:06: Alt Info & Cfg {'radio_id': 0
5501	16:58:06: Position Data {'radio_id': 0
5502	16:58:06: Orientation {'radio_id': 0
5503	16:58:06: Position Data {'radio_id': 0
5504	16:58:06: Position Data {'radio_id': 0
5505	16:58:06: Position Data {'radio_id': 0
5506	16:58:06: Orientation {'radio_id': 0
5507	16:58:06: Pyro Info {'radio_id': 0
5508	16:58:06: Line Cutter  {'radio_id': 0
5509	16:58:06: Line Cutter 0 {'radio_id': 0
5510	16:58:06: Ground Station GPS {'gs_lat': 0.0
5511	16:58:06: Position Data {'radio_id': 0
5512	16:58:06: Position Data {'radio_id': 0
5513	16:58:06: Position Data {'radio_id': 0
5514	16:58:06: Position Data {'radio_id': 0
5515	16:58:07: Position Data {'radio_id': 0
5516	16:58:07: Position Data {'radio_id': 0
5517	16:58:07: Alt Info & Cfg {'radio_id': 0
5518	16:58:07: Position Data {'radio_id': 0
5519	16:58:07: Position Data {'radio_id': 0
5520	16:58:07: Position Data {'radio_id': 0
5521	16:58:07: Position Data {'radio_id': 0
5522	16:58:07: Orientation {'radio_id': 0
5523	16:58:07: Pyro Info {'radio_id': 0
5524	16:58:07: Line Cutter  {'radio_id': 0
5525	16:58:07: Position Data {'radio_id': 0
5526	16:58:07: Position Data {'radio_id': 0
5527	16:58:07: Position Data {'radio_id': 0
5528	16:58:08: Position Data {'radio_id': 0
5529	16:58:08: Position Data {'radio_id': 0
5530	16:58:08: Position Data {'radio_id': 0
5531	16:58:08: Position Data {'radio_id': 0
5532	16:58:08: Position Data {'radio_id': 0
5533	16:58:08: Alt Info & Cfg {'radio_id': 0
5534	16:58:08: Position Data {'radio_id': 0
5535	16:58:08: Orientation {'radio_id': 0
5536	16:58:08: Line Cutter  {'radio_id': 0
5537	16:58:08: Line Cutter  {'radio_id': 0
5538	16:58:08: Ground Station GPS {'gs_lat': 0.0
5539	16:58:08: Position Data {'radio_id': 0
5540	16:58:08: Position Data {'radio_id': 0
5541	16:58:08: Position Data {'radio_id': 0
5542	16:58:09: Position Data {'radio_id': 0
5543	16:58:09: Position Data {'radio_id': 0
5544	16:58:09: Position Data {'radio_id': 0
5545	16:58:09: Position Data {'radio_id': 0
5546	16:58:09: Position Data {'radio_id': 0
5547	16:58:09: Position Data {'radio_id': 0
5548	16:58:09: Orientation {'radio_id': 0
5549	16:58:09: Pyro Info {'radio_id': 0
5550	16:58:09: Line Cutter  {'radio_id': 0
5551	16:58:09: Position Data {'radio_id': 0
5552	16:58:09: Position Data {'radio_id': 0
5553	16:58:09: Position Data {'radio_id': 0
5554	16:58:10: Position Data {'radio_id': 0
5555	16:58:10: Position Data {'radio_id': 0
5556	16:58:10: Position Data {'radio_id': 0
5557	16:58:10: Position Data {'radio_id': 0
5558	16:58:10: Position Data {'radio_id': 0
5559	16:58:10: Position Data {'radio_id': 0
5560	16:58:10: Orientation {'radio_id': 0
5561	16:58:10: Position Data {'radio_id': 0
5562	16:58:10: Pyro Info {'radio_id': 0
5563	16:58:10: Line Cutter  {'radio_id': 0
5564	16:58:10: Ground Station GPS {'gs_lat': 0.0
5565	16:58:10: Line Cutter  {'radio_id': 0
5566	16:58:10: Position Data {'radio_id': 0
5567	16:58:10: Position Data {'radio_id': 0
5568	16:58:10: Alt Info & Cfg {'radio_id': 0
5569	16:58:10: Position Data {'radio_id': 0
5570	16:58:11: Position Data {'radio_id': 0
5571	16:58:11: Position Data {'radio_id': 0
5572	16:58:11: Position Data {'radio_id': 0
5573	16:58:11: Position Data {'radio_id': 0
5574	16:58:11: Position Data {'radio_id': 0
5575	16:58:11: Position Data {'radio_id': 0
5576	16:58:11: Pyro Info {'radio_id': 0
5577	16:58:11: Line Cutter  {'radio_id': 0
5578	16:58:11: Position Data {'radio_id': 0
5579	16:58:11: Position Data {'radio_id': 0
5580	16:58:11: Position Data {'radio_id': 0
5581	16:58:12: Position Data {'radio_id': 0
5582	16:58:12: Position Data {'radio_id': 0
5583	16:58:12: Alt Info & Cfg {'radio_id': 0
5584	16:58:12: Position Data {'radio_id': 0
5585	16:58:12: Position Data {'radio_id': 0
5586	16:58:12: Position Data {'radio_id': 0
5587	16:58:12: Position Data {'radio_id': 0
5588	16:58:12: Orientation {'radio_id': 0
5589	16:58:12: Pyro Info {'radio_id': 0
5590	16:58:12: Line Cutter  {'radio_id': 0
5591	16:58:12: Line Cutter  {'radio_id': 0
5592	16:58:12: Ground Station GPS {'gs_lat': 0.0
5593	16:58:12: Position Data {'radio_id': 0
5594	16:58:12: Position Data {'radio_id': 0
5595	16:58:13: Position Data {'radio_id': 0
5596	16:58:13: Position Data {'radio_id': 0
5597	16:58:13: Position Data {'radio_id': 0
5598	16:58:13: Position Data {'radio_id': 0
5599	16:58:13: Alt Info & Cfg {'radio_id': 0
5600	16:58:13: Position Data {'radio_id': 0
5601	16:58:13: Position Data {'radio_id': 0
5602	16:58:13: Orientation {'radio_id': 0
5603	16:58:13: Pyro Info {'radio_id': 0
5604	16:58:13: Line Cutter  {'radio_id': 0
5605	16:58:13: Line Cutter  {'radio_id': 0
5606	16:58:13: Position Data {'radio_id': 0
5607	16:58:13: Position Data {'radio_id': 0
5608	16:58:13: Position Data {'radio_id': 0
5609	16:58:14: Position Data {'radio_id': 0
5610	16:58:14: Position Data {'radio_id': 0
5611	16:58:14: Position Data {'radio_id': 0
5612	16:58:14: Position Data {'radio_id': 0
5613	16:58:14: Position Data {'radio_id': 0
5614	16:58:14: Position Data {'radio_id': 0
5615	16:58:14: Alt Info & Cfg {'radio_id': 0
5616	16:58:14: Position Data {'radio_id': 0
5617	16:58:14: Orientation {'radio_id': 0
5618	16:58:14: Pyro Info {'radio_id': 0
5619	16:58:14: Line Cutter  {'radio_id': 0
5620	16:58:14: Position Data {'radio_id': 0
5621	16:58:14: Position Data {'radio_id': 0
5622	16:58:14: Position Data {'radio_id': 0
5623	16:58:15: Position Data {'radio_id': 0
5624	16:58:15: Position Data {'radio_id': 0
5625	16:58:15: Position Data {'radio_id': 0
5626	16:58:15: Position Data {'radio_id': 0
5627	16:58:15: Position Data {'radio_id': 0
5628	16:58:15: Position Data {'radio_id': 0
5629	16:58:15: Orientation {'radio_id': 0
5630	16:58:15: Pyro Info {'radio_id': 0
5631	16:58:15: Line Cutter  {'radio_id': 0
5632	16:58:15: Line Cutter  {'radio_id': 0
5633	16:58:15: Position Data {'radio_id': 0
5634	16:58:15: Alt Info & Cfg {'radio_id': 0
5635	16:58:15: Position Data {'radio_id': 0
5636	16:58:15: Position Data {'radio_id': 0
5637	16:58:16: Position Data {'radio_id': 0
5638	16:58:16: Position Data {'radio_id': 0
5639	16:58:16: Position Data {'radio_id': 0
5640	16:58:16: Position Data {'radio_id': 0
5641	16:58:16: Position Data {'radio_id': 0
5642	16:58:16: Position Data {'radio_id': 0
5643	16:58:16: Orientation {'radio_id': 0
5644	16:58:16: Pyro Info {'radio_id': 0
5645	16:58:16: Line Cutter  {'radio_id': 0
5646	16:58:16: Line Cutter  {'radio_id': 0
5647	16:58:16: Position Data {'radio_id': 0
5648	16:58:16: Position Data {'radio_id': 0
5649	16:58:16: Position Data {'radio_id': 0
5650	16:58:17: Position Data {'radio_id': 0
5651	16:58:17: Alt Info & Cfg {'radio_id': 0
5652	16:58:17: Position Data {'radio_id': 0
5653	16:58:17: Position Data {'radio_id': 0
5654	16:58:17: Position Data {'radio_id': 0
5655	16:58:17: Position Data {'radio_id': 0
5656	16:58:17: Position Data {'radio_id': 0
5657	16:58:17: Orientation {'radio_id': 0
5658	16:58:17: Position Data {'radio_id': 0
5659	16:58:17: Pyro Info {'radio_id': 0
5660	16:58:17: Line Cutter  {'radio_id': 0
5661	16:58:17: Line Cutter  {'radio_id': 0
5662	16:58:17: Position Data {'radio_id': 0
5663	16:58:17: Position Data {'radio_id': 0
5664	16:58:17: Position Data {'radio_id': 0
5665	16:58:18: Position Data {'radio_id': 0
5666	16:58:18: Alt Info & Cfg {'radio_id': 0
5667	16:58:18: Position Data {'radio_id': 0
5668	16:58:18: Position Data {'radio_id': 0
5669	16:58:18: Position Data {'radio_id': 0
5670	16:58:18: Position Data {'radio_id': 0
5671	16:58:18: Orientation {'radio_id': 0
5672	16:58:18: Pyro Info {'radio_id': 0
5673	16:58:18: Line Cutter  {'radio_id': 0
5674	16:58:18: Line Cutter  {'radio_id': 0
5675	16:58:18: Position Data {'radio_id': 0
5676	16:58:18: Ground Station GPS {'gs_lat': 0.0
5677	16:58:18: Position Data {'radio_id': 0
5678	16:58:18: Position Data {'radio_id': 0
5679	16:58:19: Position Data {'radio_id': 0
5680	16:58:19: Position Data {'radio_id': 0
5681	16:58:19: Position Data {'radio_id': 0
5682	16:58:19: Position Data {'radio_id': 0
5683	16:58:19: Alt Info & Cfg {'radio_id': 0
5684	16:58:19: Position Data {'radio_id': 0
5685	16:58:19: Pyro Info {'radio_id': 0
5686	16:58:19: Orientation {'radio_id': 0
5687	16:58:19: Pyro Info {'radio_id': 0
5688	16:58:19: Line Cutter  {'radio_id': 0
5689	16:58:19: Line Cutter  {'radio_id': 0
5690	16:58:19: Position Data {'radio_id': 0
5691	16:58:19: Position Data {'radio_id': 0
5692	16:58:19: Position Data {'radio_id': 0
5693	16:58:20: Position Data {'radio_id': 0
5694	16:58:20: Position Data {'radio_id': 0
5695	16:58:20: Position Data {'radio_id': 0
5696	16:58:20: Position Data {'radio_id': 0
5697	16:58:20: Position Data {'radio_id': 0
5698	16:58:20: Position Data {'radio_id': 0
5699	16:58:20: Orientation {'radio_id': 0
5700	16:58:20: Pyro Info {'radio_id': 0
5701	16:58:20: Ground Station GPS {'gs_lat': 0.0
5702	16:58:20: Position Data {'radio_id': 0
5703	16:58:20: Position Data {'radio_id': 0
5704	16:58:21: Position Data {'radio_id': 0
5705	16:58:21: Position Data {'radio_id': 0
5706	16:58:21: Position Data {'radio_id': 0
5707	16:58:21: Position Data {'radio_id': 0
5708	16:58:21: Position Data {'radio_id': 0
5709	16:58:21: Position Data {'radio_id': 0
5710	16:58:22: Orientation {'radio_id': 0
5711	16:58:22: Alt Info & Cfg {'radio_id': 0
5712	16:58:22: Pyro Info {'radio_id': 0
5713	16:58:22: Line Cutter  {'radio_id': 0
5714	16:58:22: Line Cutter  {'radio_id': 0
5715	16:58:22: Position Data {'radio_id': 0
5716	16:58:22: Position Data {'radio_id': 0
5717	16:58:22: Position Data {'radio_id': 0
5718	16:58:22: Position Data {'radio_id': 0
5719	16:58:22: Position Data {'radio_id': 0
5720	16:58:22: Position Data {'radio_id': 0
5721	16:58:22: Ground Station GPS {'gs_lat': 0.0
5722	16:58:22: Position Data {'radio_id': 0
5723	16:58:23: Position Data {'radio_id': 0
5724	16:58:23: Orientation {'radio_id': 0
5725	16:58:23: Pyro Info {'radio_id': 0
5726	16:58:23: Line Cutter  {'radio_id': 0
5727	16:58:23: Line Cutter  {'radio_id': 0
5728	16:58:23: Position Data {'radio_id': 0
5729	16:58:23: Alt Info & Cfg {'radio_id': 0
5730	16:58:23: Position Data {'radio_id': 0
5731	16:58:23: Position Data {'radio_id': 0
5732	16:58:23: Position Data {'radio_id': 0
5733	16:58:23: Position Data {'radio_id': 0
5734	16:58:23: Position Data {'radio_id': 0
5735	16:58:23: Position Data {'radio_id': 0
5736	16:58:23: Position Data {'radio_id': 0
5737	16:58:24: Orientation {'radio_id': 0
5738	16:58:24: Pyro Info {'radio_id': 0
5739	16:58:24: Line Cutter  {'radio_id': 0
5740	16:58:24: Line Cutter  {'radio_id': 0
5741	16:58:24: Position Data {'radio_id': 0
5742	16:58:24: Position Data {'radio_id': 0
5743	16:58:24: Position Data {'radio_id': 0
5744	16:58:24: Position Data {'radio_id': 0
5745	16:58:24: Alt Info & Cfg {'radio_id': 0
5746	16:58:24: Position Data {'radio_id': 0
5747	16:58:24: Position Data {'radio_id': 0
5748	16:58:24: Position Data {'radio_id': 0
5749	16:58:24: Ground Station GPS {'gs_lat': 0.0
5750	16:58:24: Position Data {'radio_id': 0
5751	16:58:24: Position Data {'radio_id': 0
5752	16:58:25: Orientation {'radio_id': 0
5753	16:58:25: Pyro Info {'radio_id': 0
5754	16:58:25: Line Cutter  {'radio_id': 0
5755	16:58:25: Line Cutter  {'radio_id': 0
5756	16:58:25: Position Data {'radio_id': 0
5757	16:58:25: Position Data {'radio_id': 0
5758	16:58:25: Position Data {'radio_id': 0
5759	16:58:25: Position Data {'radio_id': 0
5760	16:58:25: Position Data {'radio_id': 0
5761	16:58:25: Alt Info & Cfg {'radio_id': 0
5762	16:58:25: Position Data {'radio_id': 0
5763	16:58:25: Position Data {'radio_id': 0
5764	16:58:26: Orientation {'radio_id': 0
5765	16:58:26: Pyro Info {'radio_id': 0
5766	16:58:26: Line Cutter  {'radio_id': 0
5767	16:58:26: Line Cutter  {'radio_id': 0
5768	16:58:26: Position Data {'radio_id': 0
5769	16:58:26: Position Data {'radio_id': 0
5770	16:58:26: Position Data {'radio_id': 0
5771	16:58:26: Position Data {'radio_id': 0
5772	16:58:26: Position Data {'radio_id': 0
5773	16:58:26: Position Data {'radio_id': 0
5774	16:58:26: Position Data {'radio_id': 0
5775	16:58:26: Ground Station GPS {'gs_lat': 0.0
5776	16:58:26: Position Data {'radio_id': 0
5777	16:58:26: Alt Info & Cfg {'radio_id': 0
5778	16:58:27: Position Data {'radio_id': 0
5779	16:58:27: Orientation {'radio_id': 0
5780	16:58:27: Pyro Info {'radio_id': 0
5781	16:58:27: Line Cutter  {'radio_id': 0
5782	16:58:27: Position Data {'radio_id': 0
5783	16:58:27: Position Data {'radio_id': 0
5784	16:58:27: Position Data {'radio_id': 0
5785	16:58:27: Position Data {'radio_id': 0
5786	16:58:27: Position Data {'radio_id': 0
5787	16:58:27: Position Data {'radio_id': 0
5788	16:58:27: Position Data {'radio_id': 0
5789	16:58:27: Position Data {'radio_id': 0
5790	16:58:27: Position Data {'radio_id': 0
5791	16:58:28: Orientation {'radio_id': 0
5792	16:58:28: Pyro Info {'radio_id': 0
5793	16:58:28: Line Cutter  {'radio_id': 0
5794	16:58:28: Line Cutter  {'radio_id': 0
5795	16:58:28: Position Data {'radio_id': 0
5796	16:58:28: Alt Info & Cfg {'radio_id': 0
5797	16:58:28: Position Data {'radio_id': 0
5798	16:58:28: Position Data {'radio_id': 0
5799	16:58:28: Position Data {'radio_id': 0
5800	16:58:28: Position Data {'radio_id': 0
5801	16:58:28: Position Data {'radio_id': 0
5802	16:58:28: Position Data {'radio_id': 0
5803	16:58:28: Ground Station GPS {'gs_lat': 0.0
5804	16:58:28: Position Data {'radio_id': 0
5805	16:58:29: Orientation {'radio_id': 0
5806	16:58:29: Position Data {'radio_id': 0
5807	16:58:29: Line Cutter  {'radio_id': 0
5808	16:58:29: Position Data {'radio_id': 0
5809	16:58:29: Position Data {'radio_id': 0
5810	16:58:29: Alt Info & Cfg {'radio_id': 0
5811	16:58:29: Position Data {'radio_id': 0
5812	16:58:29: Position Data {'radio_id': 0
5813	16:58:29: Position Data {'radio_id': 0
5814	16:58:30: Position Data {'radio_id': 0
5815	16:58:30: Orientation {'radio_id': 0
5816	16:58:30: Pyro Info {'radio_id': 0
5817	16:58:30: Line Cutter  {'radio_id': 0
5818	16:58:30: Position Data {'radio_id': 0
5819	16:58:30: Position Data {'radio_id': 0
5820	16:58:30: Position Data {'radio_id': 0
5821	16:58:30: Position Data {'radio_id': 0
5822	16:58:30: Position Data {'radio_id': 0
5823	16:58:30: Alt Info & Cfg {'radio_id': 0
5824	16:58:30: Position Data {'radio_id': 0
5825	16:58:30: Position Data {'radio_id': 0
5826	16:58:30: Ground Station GPS {'gs_lat': 0.0
5827	16:58:30: Position Data {'radio_id': 0
5828	16:58:31: Position Data {'radio_id': 0
5829	16:58:31: Orientation {'radio_id': 0
5830	16:58:31: Pyro Info {'radio_id': 0
5831	16:58:31: Line Cutter  {'radio_id': 0
5832	16:58:31: Line Cutter  {'radio_id': 0
5833	16:58:31: Position Data {'radio_id': 0
5834	16:58:31: Position Data {'radio_id': 0
5835	16:58:31: Position Data {'radio_id': 0
5836	16:58:31: Position Data {'radio_id': 0
5837	16:58:31: Position Data {'radio_id': 0
5838	16:58:31: Position Data {'radio_id': 0
5839	16:58:31: Position Data {'radio_id': 0
5840	16:58:31: Alt Info & Cfg {'radio_id': 0
5841	16:58:31: Position Data {'radio_id': 0
5842	16:58:31: Position Data {'radio_id': 0
5843	16:58:32: Orientation {'radio_id': 0
5844	16:58:32: Pyro Info {'radio_id': 0
5845	16:58:32: Line Cutter  {'radio_id': 0
5846	16:58:32: Line Cutter  {'radio_id': 0
5847	16:58:32: Position Data {'radio_id': 0
5848	16:58:32: Position Data {'radio_id': 0
5849	16:58:32: Position Data {'radio_id': 0
5850	16:58:32: Position Data {'radio_id': 0
5851	16:58:32: Position Data {'radio_id': 0
5852	16:58:32: Position Data {'radio_id': 0
5853	16:58:32: Position Data {'radio_id': 0
5854	16:58:32: Position Data {'radio_id': 0
5855	16:58:32: Ground Station GPS {'gs_lat': 0.0
5856	16:58:32: Position Data {'radio_id': 0
5857	16:58:33: Alt Info & Cfg {'radio_id': 0
5858	16:58:33: Position Data {'radio_id': 0
5859	16:58:33: Orientation {'radio_id': 0
5860	16:58:33: Line Cutter  {'radio_id': 0
5861	16:58:33: Line Cutter  {'radio_id': 0
5862	16:58:33: Position Data {'radio_id': 0
5863	16:58:33: Position Data {'radio_id': 0
5864	16:58:33: Position Data {'radio_id': 0
5865	16:58:33: Position Data {'radio_id': 0
5866	16:58:33: Position Data {'radio_id': 0
5867	16:58:33: Position Data {'radio_id': 0
5868	16:58:33: Position Data {'radio_id': 0
5869	16:58:33: Position Data {'radio_id': 0
5870	16:58:34: Position Data {'radio_id': 0
5871	16:58:34: Orientation {'radio_id': 0
5872	16:58:34: Pyro Info {'radio_id': 0
5873	16:58:34: Line Cutter  {'radio_id': 0
5874	16:58:34: Line Cutter  {'radio_id': 0
5875	16:58:34: Position Data {'radio_id': 0
5876	16:58:34: Alt Info & Cfg {'radio_id': 0
5877	16:58:34: Position Data {'radio_id': 0
5878	16:58:34: Position Data {'radio_id': 0
5879	16:58:34: Position Data {'radio_id': 0
5880	16:58:34: Position Data {'radio_id': 0
5881	16:58:34: Position Data {'radio_id': 0
5882	16:58:34: Position Data {'radio_id': 0
5883	16:58:34: Ground Station GPS {'gs_lat': 0.0
5884	16:58:34: Position Data {'radio_id': 0
5885	16:58:35: Position Data {'radio_id': 0
5886	16:58:35: Orientation {'radio_id': 0
5887	16:58:35: Pyro Info {'radio_id': 0
5888	16:58:35: Line Cutter  {'radio_id': 0
5889	16:58:35: Line Cutter  {'radio_id': 0
5890	16:58:35: Position Data {'radio_id': 0
5891	16:58:35: Position Data {'radio_id': 0
5892	16:58:35: Position Data {'radio_id': 0
5893	16:58:35: Position Data {'radio_id': 0
5894	16:58:35: Alt Info & Cfg {'radio_id': 0
5895	16:58:35: Position Data {'radio_id': 0
5896	16:58:35: Position Data {'radio_id': 0
5897	16:58:35: Position Data {'radio_id': 0
5898	16:58:35: Position Data {'radio_id': 0
5899	16:58:35: Position Data {'radio_id': 0
5900	16:58:36: Orientation {'radio_id': 0
5901	16:58:36: Pyro Info {'radio_id': 0
5902	16:58:36: Line Cutter  {'radio_id': 0
5903	16:58:36: Line Cutter  {'radio_id': 0
5904	16:58:36: Position Data {'radio_id': 0
5905	16:58:36: Position Data {'radio_id': 0
5906	16:58:36: Position Data {'radio_id': 0
5907	16:58:36: Position Data {'radio_id': 0
5908	16:58:36: Position Data {'radio_id': 0
5909	16:58:36: Alt Info & Cfg {'radio_id': 0
5910	16:58:36: Position Data {'radio_id': 0
5911	16:58:36: Position Data {'radio_id': 0
5912	16:58:36: Ground Station GPS {'gs_lat': 0.0
5913	16:58:36: Position Data {'radio_id': 0
5914	16:58:37: Position Data {'radio_id': 0
5915	16:58:37: Orientation {'radio_id': 0
5916	16:58:37: Line Cutter  {'radio_id': 0
5917	16:58:37: Line Cutter  {'radio_id': 0
5918	16:58:37: Position Data {'radio_id': 0
5919	16:58:37: Position Data {'radio_id': 0
5920	16:58:37: Position Data {'radio_id': 0
5921	16:58:37: Position Data {'radio_id': 0
5922	16:58:37: Position Data {'radio_id': 0
5923	16:58:37: Position Data {'radio_id': 0
5924	16:58:37: Alt Info & Cfg {'radio_id': 0
5925	16:58:37: Position Data {'radio_id': 0
5926	16:58:38: Position Data {'radio_id': 0
5927	16:58:38: Orientation {'radio_id': 0
5928	16:58:38: Pyro Info {'radio_id': 0
5929	16:58:38: Line Cutter  {'radio_id': 0
5930	16:58:38: Line Cutter  {'radio_id': 0
5931	16:58:38: Position Data {'radio_id': 0
5932	16:58:38: Position Data {'radio_id': 0
5933	16:58:38: Position Data {'radio_id': 0
5934	16:58:38: Position Data {'radio_id': 0
5935	16:58:38: Position Data {'radio_id': 0
5936	16:58:38: Position Data {'radio_id': 0
5937	16:58:38: Position Data {'radio_id': 0
5938	16:58:38: Ground Station GPS {'gs_lat': 0.0
5939	16:58:39: Position Data {'radio_id': 0
5940	16:58:39: Orientation {'radio_id': 0
5941	16:58:39: Pyro Info {'radio_id': 0
5942	16:58:39: Line Cutter  {'radio_id': 0
5943	16:58:39: Line Cutter  {'radio_id': 0
5944	16:58:39: Position Data {'radio_id': 0
5945	16:58:39: Alt Info & Cfg {'radio_id': 0
5946	16:58:39: Position Data {'radio_id': 0
5947	16:58:39: Position Data {'radio_id': 0
5948	16:58:39: Position Data {'radio_id': 0
5949	16:58:39: Position Data {'radio_id': 0
5950	16:58:39: Position Data {'radio_id': 0
5951	16:58:39: Position Data {'radio_id': 0
5952	16:58:39: Position Data {'radio_id': 0
5953	16:58:40: Orientation {'radio_id': 0
5954	16:58:40: Alt Info & Cfg {'radio_id': 0
5955	16:58:40: Pyro Info {'radio_id': 0
5956	16:58:40: Line Cutter  {'radio_id': 0
5957	16:58:40: Position Data {'radio_id': 0
5958	16:58:40: Position Data {'radio_id': 0
5959	16:58:40: Position Data {'radio_id': 0
5960	16:58:40: Position Data {'radio_id': 0
5961	16:58:40: Ground Station GPS {'gs_lat': 0.0
5962	16:58:40: Position Data {'radio_id': 0
5963	16:58:41: Position Data {'radio_id': 0
5964	16:58:41: Position Data {'radio_id': 0
5965	16:58:41: Position Data {'radio_id': 0
5966	16:58:41: Position Data {'radio_id': 0
5967	16:58:41: Orientation {'radio_id': 0
5968	16:58:41: Line Cutter  {'radio_id': 0
5969	16:58:41: Line Cutter  {'radio_id': 0
5970	16:58:41: Position Data {'radio_id': 0
5971	16:58:41: Position Data {'radio_id': 0
5972	16:58:41: Alt Info & Cfg {'radio_id': 0
5973	16:58:41: Position Data {'radio_id': 0
5974	16:58:41: Position Data {'radio_id': 0
5975	16:58:41: Position Data {'radio_id': 0
5976	16:58:42: Position Data {'radio_id': 0
5977	16:58:42: Position Data {'radio_id': 0
5978	16:58:42: Position Data {'radio_id': 0
5979	16:58:42: Position Data {'radio_id': 0
5980	16:58:42: Orientation {'radio_id': 0
5981	16:58:42: Pyro Info {'radio_id': 0
5982	16:58:42: Line Cutter  {'radio_id': 0
5983	16:58:42: Line Cutter  {'radio_id': 0
5984	16:58:42: Position Data {'radio_id': 0
5985	16:58:42: Position Data {'radio_id': 0
5986	16:58:42: Position Data {'radio_id': 0
5987	16:58:42: Alt Info & Cfg {'radio_id': 0
5988	16:58:42: Ground Station GPS {'gs_lat': 0.0
5989	16:58:42: Position Data {'radio_id': 0
5990	16:58:43: Position Data {'radio_id': 0
5991	16:58:43: Position Data {'radio_id': 0
5992	16:58:43: Position Data {'radio_id': 0
5993	16:58:43: Position Data {'radio_id': 0
5994	16:58:43: Orientation {'radio_id': 0
5995	16:58:43: Pyro Info {'radio_id': 0
5996	16:58:43: Line Cutter  {'radio_id': 0
5997	16:58:43: Line Cutter  {'radio_id': 0
5998	16:58:43: Position Data {'radio_id': 0
5999	16:58:43: Position Data {'radio_id': 0
6000	16:58:43: Position Data {'radio_id': 0
6001	16:58:43: Position Data {'radio_id': 0
6002	16:58:43: Position Data {'radio_id': 0
6003	16:58:44: Position Data {'radio_id': 0
6004	16:58:44: Alt Info & Cfg {'radio_id': 0
6005	16:58:44: Position Data {'radio_id': 0
6006	16:58:44: Position Data {'radio_id': 0
6007	16:58:44: Position Data {'radio_id': 0
6008	16:58:44: Position Data {'radio_id': 0
6009	16:58:44: Orientation {'radio_id': 0
6010	16:58:44: Pyro Info {'radio_id': 0
6011	16:58:44: Line Cutter  {'radio_id': 0
6012	16:58:44: Line Cutter  {'radio_id': 0
6013	16:58:44: Position Data {'radio_id': 0
6014	16:58:44: Position Data {'radio_id': 0
6015	16:58:44: Position Data {'radio_id': 0
6016	16:58:44: Position Data {'radio_id': 0
6017	16:58:44: Ground Station GPS {'gs_lat': 0.0
6018	16:58:45: Position Data {'radio_id': 0
6019	16:58:45: Position Data {'radio_id': 0
6020	16:58:45: Position Data {'radio_id': 0
6021	16:58:45: Position Data {'radio_id': 0
6022	16:58:45: Alt Info & Cfg {'radio_id': 0
6023	16:58:45: Position Data {'radio_id': 0
6024	16:58:45: Orientation {'radio_id': 0
6025	16:58:45: Pyro Info {'radio_id': 0
6026	16:58:45: Line Cutter  {'radio_id': 0
6027	16:58:45: Line Cutter  {'radio_id': 0
6028	16:58:45: Position Data {'radio_id': 0
6029	16:58:45: Position Data {'radio_id': 0
6030	16:58:45: Position Data {'radio_id': 0
6031	16:58:45: Position Data {'radio_id': 0
6032	16:58:45: Position Data {'radio_id': 0
6033	16:58:46: Position Data {'radio_id': 0
6034	16:58:46: Position Data {'radio_id': 0
6035	16:58:46: Position Data {'radio_id': 0
6036	16:58:46: Position Data {'radio_id': 0
6037	16:58:46: Orientation {'radio_id': 0
6038	16:58:46: Line Cutter  {'radio_id': 0
6039	16:58:46: Position Data {'radio_id': 0
6040	16:58:46: Position Data {'radio_id': 0
6041	16:58:46: Position Data {'radio_id': 0
6042	16:58:46: Ground Station GPS {'gs_lat': 0.0
6043	16:58:47: Position Data {'radio_id': 0
6044	16:58:47: Position Data {'radio_id': 0
6045	16:58:47: Position Data {'radio_id': 0
6046	16:58:47: Position Data {'radio_id': 0
6047	16:58:47: Orientation {'radio_id': 0
6048	16:58:47: Position Data {'radio_id': 0
6049	16:58:47: Pyro Info {'radio_id': 0
6050	16:58:47: Line Cutter  {'radio_id': 0
6051	16:58:47: Line Cutter  {'radio_id': 0
6052	16:58:47: Position Data {'radio_id': 0
6053	16:58:47: Position Data {'radio_id': 0
6054	16:58:47: Alt Info & Cfg {'radio_id': 0
6055	16:58:47: Position Data {'radio_id': 0
6056	16:58:47: Position Data {'radio_id': 0
6057	16:58:48: Position Data {'radio_id': 0
6058	16:58:48: Position Data {'radio_id': 0
6059	16:58:48: Position Data {'radio_id': 0
6060	16:58:48: Position Data {'radio_id': 0
6061	16:58:48: Position Data {'radio_id': 0
6062	16:58:48: Orientation {'radio_id': 0
6063	16:58:48: Pyro Info {'radio_id': 0
6064	16:58:48: Line Cutter  {'radio_id': 0
6065	16:58:48: Line Cutter  {'radio_id': 0
6066	16:58:48: Position Data {'radio_id': 0
6067	16:58:48: Position Data {'radio_id': 0
6068	16:58:48: Position Data {'radio_id': 0
6069	16:58:48: Ground Station GPS {'gs_lat': 0.0
6070	16:58:48: Position Data {'radio_id': 0
6071	16:58:49: Alt Info & Cfg {'radio_id': 0
6072	16:58:49: Position Data {'radio_id': 0
6073	16:58:49: Position Data {'radio_id': 0
6074	16:58:49: Position Data {'radio_id': 0
6075	16:58:49: Position Data {'radio_id': 0
6076	16:58:49: Orientation {'radio_id': 0
6077	16:58:49: Pyro Info {'radio_id': 0
6078	16:58:49: Line Cutter  {'radio_id': 0
6079	16:58:49: Line Cutter  {'radio_id': 0
6080	16:58:49: Position Data {'radio_id': 0
6081	16:58:49: Position Data {'radio_id': 0
6082	16:58:49: Position Data {'radio_id': 0
6083	16:58:49: Position Data {'radio_id': 0
6084	16:58:50: Position Data {'radio_id': 0
6085	16:58:50: Position Data {'radio_id': 0
6086	16:58:50: Alt Info & Cfg {'radio_id': 0
6087	16:58:50: Position Data {'radio_id': 0
6088	16:58:50: Position Data {'radio_id': 0
6089	16:58:50: Orientation {'radio_id': 0
6090	16:58:50: Pyro Info {'radio_id': 0
6091	16:58:50: Line Cutter  {'radio_id': 0
6092	16:58:50: Line Cutter  {'radio_id': 0
6093	16:58:50: Position Data {'radio_id': 0
6094	16:58:50: Position Data {'radio_id': 0
6095	16:58:50: Position Data {'radio_id': 0
6096	16:58:50: Position Data {'radio_id': 0
6097	16:58:50: Position Data {'radio_id': 0
6098	16:58:50: Ground Station GPS {'gs_lat': 0.0
6099	16:58:51: Position Data {'radio_id': 0
6100	16:58:51: Position Data {'radio_id': 0
6101	16:58:51: Position Data {'radio_id': 0
6102	16:58:51: Position Data {'radio_id': 0
6103	16:58:51: Alt Info & Cfg {'radio_id': 0
6104	16:58:51: Position Data {'radio_id': 0
6105	16:58:51: Orientation {'radio_id': 0
6106	16:58:51: Pyro Info {'radio_id': 0
6107	16:58:51: Line Cutter  {'radio_id': 0
6108	16:58:51: Position Data {'radio_id': 0
6109	16:58:51: Position Data {'radio_id': 0
6110	16:58:51: Position Data {'radio_id': 0
6111	16:58:51: Position Data {'radio_id': 0
6112	16:58:52: Position Data {'radio_id': 0
6113	16:58:52: Position Data {'radio_id': 0
6114	16:58:52: Position Data {'radio_id': 0
6115	16:58:52: Position Data {'radio_id': 0
6116	16:58:52: Position Data {'radio_id': 0
6117	16:58:52: Orientation {'radio_id': 0
6118	16:58:52: Pyro Info {'radio_id': 0
6119	16:58:52: Line Cutter  {'radio_id': 0
6120	16:58:52: Line Cutter  {'radio_id': 0
6121	16:58:52: Position Data {'radio_id': 0
6122	16:58:52: Alt Info & Cfg {'radio_id': 0
6123	16:58:52: Position Data {'radio_id': 0
6124	16:58:52: Position Data {'radio_id': 0
6125	16:58:52: Position Data {'radio_id': 0
6126	16:58:52: Ground Station GPS {'gs_lat': 0.0
6127	16:58:52: Position Data {'radio_id': 0
6128	16:58:53: Position Data {'radio_id': 0
6129	16:58:53: Position Data {'radio_id': 0
6130	16:58:53: Position Data {'radio_id': 0
6131	16:58:53: Position Data {'radio_id': 0
6132	16:58:53: Orientation {'radio_id': 0
6133	16:58:53: Pyro Info {'radio_id': 0
6134	16:58:53: Line Cutter  {'radio_id': 0
6135	16:58:53: Line Cutter  {'radio_id': 0
6136	16:58:53: Position Data {'radio_id': 0
6137	16:58:53: Position Data {'radio_id': 0
6138	16:58:53: Position Data {'radio_id': 0
6139	16:58:53: Position Data {'radio_id': 0
6140	16:58:53: Alt Info & Cfg {'radio_id': 0
6141	16:58:53: Position Data {'radio_id': 0
6142	16:58:54: Position Data {'radio_id': 0
6143	16:58:54: Position Data {'radio_id': 0
6144	16:58:54: Orientation {'radio_id': 0
6145	16:58:54: Position Data {'radio_id': 0
6146	16:58:54: Position Data {'radio_id': 0
6147	16:58:54: Ground Station GPS {'gs_lat': 0.0
6148	16:58:55: Position Data {'radio_id': 0
6149	16:58:55: Pyro Info {'radio_id': 0
6150	16:58:55: Position Data {'radio_id': 0
6151	16:58:55: Position Data {'radio_id': 0
6152	16:58:55: Position Data {'radio_id': 0
6153	16:58:55: Orientation {'radio_id': 0
6154	16:58:55: Pyro Info {'radio_id': 0
6155	16:58:55: Line Cutter  {'radio_id': 0
6156	16:58:55: Line Cutter  {'radio_id': 0
6157	16:58:55: Position Data {'radio_id': 0
6158	16:58:55: Position Data {'radio_id': 0
6159	16:58:55: Position Data {'radio_id': 0
6160	16:58:56: Position Data {'radio_id': 0
6161	16:58:56: Alt Info & Cfg {'radio_id': 0
6162	16:58:56: Position Data {'radio_id': 0
6163	16:58:56: Orientation {'radio_id': 0
6164	16:58:56: Pyro Info {'radio_id': 0
6165	16:58:56: Line Cutter  {'radio_id': 0
6166	16:58:56: Position Data {'radio_id': 0
6167	16:58:56: Position Data {'radio_id': 0
6168	16:58:56: Position Data {'radio_id': 0
6169	16:58:57: Position Data {'radio_id': 0
6170	16:58:57: Position Data {'radio_id': 0
6171	16:58:57: Position Data {'radio_id': 0
6172	16:58:57: Position Data {'radio_id': 0
6173	16:58:57: Orientation {'radio_id': 0
6174	16:58:57: Pyro Info {'radio_id': 0
6175	16:58:57: Line Cutter  {'radio_id': 0
6176	16:58:57: Line Cutter  {'radio_id': 0
6177	16:58:57: Position Data {'radio_id': 0
6178	16:58:57: Alt Info & Cfg {'radio_id': 0
6179	16:58:57: Position Data {'radio_id': 0
6180	16:58:57: Position Data {'radio_id': 0
6181	16:58:58: Position Data {'radio_id': 0
6182	16:58:58: Position Data {'radio_id': 0
6183	16:58:59: Ground Station GPS {'gs_lat': 0.0
6184	16:59:01: Ground Station GPS {'gs_lat': 0.0
6185	16:59:03: Ground Station GPS {'gs_lat': 0.0
6186	16:59:05: Ground Station GPS {'gs_lat': 0.0
6187	16:59:07: Ground Station GPS {'gs_lat': 0.0
6188	16:59:09: Ground Station GPS {'gs_lat': 0.0
6189	16:59:11: Ground Station GPS {'gs_lat': 0.0
6190	16:59:13: Ground Station GPS {'gs_lat': 0.0
6191	16:59:15: Ground Station GPS {'gs_lat': 0.0
6192	16:59:17: Ground Station GPS {'gs_lat': 0.0
6193	16:59:19: Ground Station GPS {'gs_lat': 0.0
6194	16:59:21: Ground Station GPS {'gs_lat': 0.0
6195	16:59:23: Ground Station GPS {'gs_lat': 0.0
6196	16:59:25: Ground Station GPS {'gs_lat': 0.0
6197	16:59:27: Ground Station GPS {'gs_lat': 0.0
6198	16:59:29: Ground Station GPS {'gs_lat': 0.0
6199	16:59:31: Ground Station GPS {'gs_lat': 0.0
6200	16:59:33: Ground Station GPS {'gs_lat': 0.0
6201	16:59:35: Ground Station GPS {'gs_lat': 0.0
6202	16:59:37: Ground Station GPS {'gs_lat': 0.0
6203	16:59:39: Ground Station GPS {'gs_lat': 0.0
6204	16:59:41: Ground Station GPS {'gs_lat': 0.0
6205	16:59:43: Ground Station GPS {'gs_lat': 0.0
6206	16:59:45: Ground Station GPS {'gs_lat': 0.0
6207	16:59:47: Ground Station GPS {'gs_lat': 0.0
6208	16:59:49: Ground Station GPS {'gs_lat': 0.0
6209	16:59:51: Ground Station GPS {'gs_lat': 0.0
6210	16:59:53: Ground Station GPS {'gs_lat': 0.0
6211	16:59:55: Ground Station GPS {'gs_lat': 0.0
6212	16:59:57: Ground Station GPS {'gs_lat': 0.0
6213	16:59:59: Ground Station GPS {'gs_lat': 0.0
6214	17:00:01: Ground Station GPS {'gs_lat': 0.0
6215	17:00:03: Ground Station GPS {'gs_lat': 0.0
6216	17:00:05: Ground Station GPS {'gs_lat': 0.0
6217	17:00:07: Ground Station GPS {'gs_lat': 0.0
6218	17:00:09: Ground Station GPS {'gs_lat': 0.0
6219	17:00:11: Ground Station GPS {'gs_lat': 0.0
6220	17:00:13: Ground Station GPS {'gs_lat': 0.0
6221	17:00:15: Ground Station GPS {'gs_lat': 0.0
6222	17:00:17: Ground Station GPS {'gs_lat': 0.0
6223	17:00:19: Ground Station GPS {'gs_lat': 0.0
6224	17:00:21: Ground Station GPS {'gs_lat': 0.0
6225	17:00:23: Ground Station GPS {'gs_lat': 0.0
6226	17:00:25: Ground Station GPS {'gs_lat': 0.0
6227	17:00:27: Ground Station GPS {'gs_lat': 0.0
6228	17:00:29: Ground Station GPS {'gs_lat': 0.0
6229	17:00:31: Ground Station GPS {'gs_lat': 0.0
6230	17:00:33: Ground Station GPS {'gs_lat': 0.0
6231	17:00:35: Ground Station GPS {'gs_lat': 0.0
6232	17:00:37: Ground Station GPS {'gs_lat': 0.0
6233	17:00:39: Ground Station GPS {'gs_lat': 0.0
6234	17:00:41: Ground Station GPS {'gs_lat': 0.0
6235	17:00:43: Ground Station GPS {'gs_lat': 0.0
6236	17:00:45: Ground Station GPS {'gs_lat': 0.0
6237	17:00:47: Ground Station GPS {'gs_lat': 0.0
6238	17:00:49: Ground Station GPS {'gs_lat': 0.0
6239	17:00:51: Ground Station GPS {'gs_lat': 0.0
6240	17:00:53: Ground Station GPS {'gs_lat': 0.0
6241	17:00:55: Ground Station GPS {'gs_lat': 0.0
6242	17:00:57: Ground Station GPS {'gs_lat': 0.0
6243	17:00:59: Ground Station GPS {'gs_lat': 0.0
6244	17:01:01: Ground Station GPS {'gs_lat': 0.0
6245	17:01:03: Ground Station GPS {'gs_lat': 0.0
6246	17:01:05: Ground Station GPS {'gs_lat': 0.0
6247	17:01:07: Ground Station GPS {'gs_lat': 0.0
6248	17:01:09: Ground Station GPS {'gs_lat': 0.0
6249	17:01:11: Ground Station GPS {'gs_lat': 0.0
6250	17:01:13: Ground Station GPS {'gs_lat': 0.0
6251	17:01:15: Ground Station GPS {'gs_lat': 0.0
6252	17:01:17: Ground Station GPS {'gs_lat': 0.0
6253	17:01:19: Ground Station GPS {'gs_lat': 0.0
6254	17:01:21: Ground Station GPS {'gs_lat': 0.0
