generated_time_s	RUN START 2022-10-15 12:45:40
0	12:45:51: Position Data {'radio_id': 0
1	12:45:51: Orientation {'radio_id': 0
2	12:45:51: Orientation {'radio_id': 0
3	12:45:51: Position Data {'radio_id': 0
4	12:45:51: Orientation {'radio_id': 0
5	12:45:51: Position Data {'radio_id': 0
6	12:45:52: Orientation {'radio_id': 0
7	12:45:52: Position Data {'radio_id': 0
8	12:45:52: Pyro Info {'radio_id': 0
9	12:45:52: Orientation {'radio_id': 0
10	12:45:52: Position Data {'radio_id': 0
11	12:45:52: Alt Info & Cfg {'radio_id': 0
12	12:45:52: Ground Station GPS {'gs_lat': 44.82461751302083
13	12:45:52: Orientation {'radio_id': 0
14	12:45:52: Orientation {'radio_id': 0
15	12:45:52: Orientation {'radio_id': 0
16	12:45:52: Position Data {'radio_id': 0
17	12:45:53: Orientation {'radio_id': 0
18	12:45:53: Position Data {'radio_id': 0
19	12:45:53: Orientation {'radio_id': 0
20	12:45:53: Position Data {'radio_id': 0
21	12:45:53: Pyro Info {'radio_id': 0
22	12:45:53: Orientation {'radio_id': 0
23	12:45:53: Position Data {'radio_id': 0
24	12:45:53: Orientation {'radio_id': 0
25	12:45:53: Position Data {'radio_id': 0
26	12:45:53: Orientation {'radio_id': 0
27	12:45:53: Position Data {'radio_id': 0
28	12:45:54: Orientation {'radio_id': 0
29	12:45:54: Orientation {'radio_id': 0
30	12:45:54: Position Data {'radio_id': 0
31	12:45:54: Pyro Info {'radio_id': 0
32	12:45:54: Ground Station GPS {'gs_lat': 44.82461751302083
33	12:45:54: Orientation {'radio_id': 0
34	12:45:54: Orientation {'radio_id': 0
35	12:45:54: Position Data {'radio_id': 0
36	12:45:54: Orientation {'radio_id': 0
37	12:45:54: Position Data {'radio_id': 0
38	12:45:55: Orientation {'radio_id': 0
39	12:45:55: Orientation {'radio_id': 0
40	12:45:55: Position Data {'radio_id': 0
41	12:45:55: Orientation {'radio_id': 0
42	12:45:55: Orientation {'radio_id': 0
43	12:45:55: Position Data {'radio_id': 0
44	12:45:55: Orientation {'radio_id': 0
45	12:45:55: Position Data {'radio_id': 0
46	12:45:55: Alt Info & Cfg {'radio_id': 0
47	12:45:56: Orientation {'radio_id': 0
48	12:45:56: Position Data {'radio_id': 0
49	12:45:56: Orientation {'radio_id': 0
50	12:45:56: Position Data {'radio_id': 0
51	12:45:56: Pyro Info {'radio_id': 0
52	12:45:56: Ground Station GPS {'gs_lat': 44.82461751302083
53	12:45:56: Position Data {'radio_id': 0
54	12:45:56: Orientation {'radio_id': 0
55	12:45:56: Position Data {'radio_id': 0
56	12:45:56: Orientation {'radio_id': 0
57	12:45:57: Orientation {'radio_id': 0
58	12:45:57: Position Data {'radio_id': 0
59	12:45:57: Orientation {'radio_id': 0
60	12:45:57: Position Data {'radio_id': 0
61	12:45:57: Pyro Info {'radio_id': 0
62	12:45:57: Orientation {'radio_id': 0
63	12:45:57: Position Data {'radio_id': 0
64	12:45:57: Orientation {'radio_id': 0
65	12:45:57: Position Data {'radio_id': 0
66	12:45:57: Orientation {'radio_id': 0
67	12:45:58: Orientation {'radio_id': 0
68	12:45:58: Position Data {'radio_id': 0
69	12:45:58: Orientation {'radio_id': 0
70	12:45:58: Ground Station GPS {'gs_lat': 44.82461751302083
71	12:45:58: Orientation {'radio_id': 0
72	12:45:58: Alt Info & Cfg {'radio_id': 0
73	12:45:58: Orientation {'radio_id': 0
74	12:45:58: Orientation {'radio_id': 0
75	12:45:58: Position Data {'radio_id': 0
76	12:45:59: Orientation {'radio_id': 0
77	12:45:59: Position Data {'radio_id': 0
78	12:45:59: Orientation {'radio_id': 0
79	12:45:59: Position Data {'radio_id': 0
80	12:45:59: Orientation {'radio_id': 0
81	12:45:59: Position Data {'radio_id': 0
82	12:45:59: Orientation {'radio_id': 0
83	12:45:59: Position Data {'radio_id': 0
84	12:45:59: Alt Info & Cfg {'radio_id': 0
85	12:45:59: Orientation {'radio_id': 0
86	12:46:00: Orientation {'radio_id': 0
87	12:46:00: Orientation {'radio_id': 0
88	12:46:00: Pyro Info {'radio_id': 0
89	12:46:00: Ground Station GPS {'gs_lat': 44.82461751302083
90	12:46:00: Orientation {'radio_id': 0
91	12:46:00: Position Data {'radio_id': 0
92	12:46:00: Orientation {'radio_id': 0
93	12:46:00: Position Data {'radio_id': 0
94	12:46:01: Orientation {'radio_id': 0
95	12:46:01: Orientation {'radio_id': 0
96	12:46:01: Position Data {'radio_id': 0
97	12:46:01: Pyro Info {'radio_id': 0
98	12:46:01: Orientation {'radio_id': 0
99	12:46:01: Orientation {'radio_id': 0
100	12:46:01: Orientation {'radio_id': 0
101	12:46:01: Position Data {'radio_id': 0
102	12:46:02: Orientation {'radio_id': 0
103	12:46:02: Position Data {'radio_id': 0
104	12:46:02: Alt Info & Cfg {'radio_id': 0
105	12:46:02: Orientation {'radio_id': 0
106	12:46:02: Pyro Info {'radio_id': 0
107	12:46:02: Ground Station GPS {'gs_lat': 44.82461751302083
108	12:46:02: Orientation {'radio_id': 0
109	12:46:02: Position Data {'radio_id': 0
110	12:46:02: Orientation {'radio_id': 0
111	12:46:02: Position Data {'radio_id': 0
112	12:46:02: Orientation {'radio_id': 0
113	12:46:03: Orientation {'radio_id': 0
114	12:46:03: Position Data {'radio_id': 0
115	12:46:03: Orientation {'radio_id': 0
116	12:46:03: Orientation {'radio_id': 0
117	12:46:03: Position Data {'radio_id': 0
118	12:46:03: Alt Info & Cfg {'radio_id': 0
119	12:46:03: Orientation {'radio_id': 0
120	12:46:03: Position Data {'radio_id': 0
121	12:46:03: Orientation {'radio_id': 0
122	12:46:04: Orientation {'radio_id': 0
123	12:46:04: Position Data {'radio_id': 0
124	12:46:04: Orientation {'radio_id': 0
125	12:46:04: Position Data {'radio_id': 0
126	12:46:04: Ground Station GPS {'gs_lat': 44.82461751302083
127	12:46:04: Position Data {'radio_id': 0
128	12:46:04: Pyro Info {'radio_id': 0
129	12:46:04: Orientation {'radio_id': 0
130	12:46:04: Position Data {'radio_id': 0
131	12:46:04: Alt Info & Cfg {'radio_id': 0
132	12:46:04: Orientation {'radio_id': 0
133	12:46:05: Orientation {'radio_id': 0
134	12:46:05: Position Data {'radio_id': 0
135	12:46:05: Orientation {'radio_id': 0
136	12:46:05: Position Data {'radio_id': 0
137	12:46:05: Orientation {'radio_id': 0
138	12:46:05: Pyro Info {'radio_id': 0
139	12:46:05: Orientation {'radio_id': 0
140	12:46:05: Position Data {'radio_id': 0
141	12:46:05: Orientation {'radio_id': 0
142	12:46:06: Orientation {'radio_id': 0
143	12:46:06: Orientation {'radio_id': 0
144	12:46:06: Position Data {'radio_id': 0
145	12:46:06: Ground Station GPS {'gs_lat': 44.82461751302083
146	12:46:06: Orientation {'radio_id': 0
147	12:46:06: Pyro Info {'radio_id': 0
148	12:46:06: Orientation {'radio_id': 0
149	12:46:06: Position Data {'radio_id': 0
150	12:46:06: Orientation {'radio_id': 0
151	12:46:07: Orientation {'radio_id': 0
152	12:46:07: Position Data {'radio_id': 0
153	12:46:07: Alt Info & Cfg {'radio_id': 0
154	12:46:07: Orientation {'radio_id': 0
155	12:46:07: Position Data {'radio_id': 0
156	12:46:07: Orientation {'radio_id': 0
157	12:46:07: Position Data {'radio_id': 0
158	12:46:07: Pyro Info {'radio_id': 0
159	12:46:08: Orientation {'radio_id': 0
160	12:46:08: Position Data {'radio_id': 0
161	12:46:08: Orientation {'radio_id': 0
162	12:46:08: Position Data {'radio_id': 0
163	12:46:08: Ground Station GPS {'gs_lat': 44.82461751302083
164	12:46:08: Orientation {'radio_id': 0
165	12:46:08: Orientation {'radio_id': 0
166	12:46:08: Orientation {'radio_id': 0
167	12:46:08: Position Data {'radio_id': 0
168	12:46:09: Orientation {'radio_id': 0
169	12:46:09: Position Data {'radio_id': 0
170	12:46:09: Orientation {'radio_id': 0
171	12:46:09: Position Data {'radio_id': 0
172	12:46:09: Orientation {'radio_id': 0
173	12:46:09: Alt Info & Cfg {'radio_id': 0
174	12:46:09: Orientation {'radio_id': 0
175	12:46:09: Position Data {'radio_id': 0
176	12:46:09: Orientation {'radio_id': 0
177	12:46:09: Position Data {'radio_id': 0
178	12:46:10: Orientation {'radio_id': 0
179	12:46:10: Orientation {'radio_id': 0
180	12:46:10: Ground Station GPS {'gs_lat': 44.824609375
181	12:46:10: Position Data {'radio_id': 0
182	12:46:10: Orientation {'radio_id': 0
183	12:46:10: Orientation {'radio_id': 0
184	12:46:10: Position Data {'radio_id': 0
185	12:46:10: Alt Info & Cfg {'radio_id': 0
186	12:46:11: Orientation {'radio_id': 0
187	12:46:11: Position Data {'radio_id': 0
188	12:46:11: Orientation {'radio_id': 0
189	12:46:11: Orientation {'radio_id': 0
190	12:46:11: Position Data {'radio_id': 0
191	12:46:11: Orientation {'radio_id': 0
192	12:46:11: Orientation {'radio_id': 0
193	12:46:11: Position Data {'radio_id': 0
194	12:46:12: Orientation {'radio_id': 0
195	12:46:12: Orientation {'radio_id': 0
196	12:46:12: Position Data {'radio_id': 0
197	12:46:12: Ground Station GPS {'gs_lat': 44.82461751302083
198	12:46:12: Orientation {'radio_id': 0
199	12:46:12: Orientation {'radio_id': 0
200	12:46:12: Position Data {'radio_id': 0
201	12:46:12: Pyro Info {'radio_id': 0
202	12:46:13: Orientation {'radio_id': 0
203	12:46:13: Orientation {'radio_id': 0
204	12:46:13: Orientation {'radio_id': 0
205	12:46:13: Position Data {'radio_id': 0
206	12:46:13: Orientation {'radio_id': 0
207	12:46:13: Position Data {'radio_id': 0
208	12:46:14: Orientation {'radio_id': 0
209	12:46:14: Orientation {'radio_id': 0
210	12:46:14: Ground Station GPS {'gs_lat': 44.82461751302083
211	12:46:14: Orientation {'radio_id': 0
212	12:46:14: Alt Info & Cfg {'radio_id': 0
213	12:46:15: Orientation {'radio_id': 0
214	12:46:15: Orientation {'radio_id': 0
215	12:46:15: Orientation {'radio_id': 0
216	12:46:15: Orientation {'radio_id': 0
217	12:46:15: Alt Info & Cfg {'radio_id': 0
218	12:46:15: Pyro Info {'radio_id': 0
219	12:46:16: Orientation {'radio_id': 0
220	12:46:16: Orientation {'radio_id': 0
221	12:46:16: Ground Station GPS {'gs_lat': 44.824625651041664
222	12:46:16: Orientation {'radio_id': 0
223	12:46:16: Orientation {'radio_id': 0
224	12:46:16: Orientation {'radio_id': 0
225	12:46:16: Position Data {'radio_id': 0
226	12:46:17: Pyro Info {'radio_id': 0
227	12:46:17: Position Data {'radio_id': 0
228	12:46:17: Alt Info & Cfg {'radio_id': 0
229	12:46:17: Orientation {'radio_id': 0
230	12:46:17: Orientation {'radio_id': 0
231	12:46:18: Ground Station GPS {'gs_lat': 44.824625651041664
232	12:46:20: Ground Station GPS {'gs_lat': 44.82461751302083
233	12:46:21: Position Data {'radio_id': 0
234	12:46:21: Pyro Info {'radio_id': 0
235	12:46:21: Orientation {'radio_id': 0
236	12:46:21: Position Data {'radio_id': 0
237	12:46:21: Orientation {'radio_id': 0
238	12:46:21: Position Data {'radio_id': 0
239	12:46:21: Orientation {'radio_id': 0
240	12:46:21: Orientation {'radio_id': 0
241	12:46:21: Alt Info & Cfg {'radio_id': 0
242	12:46:22: Orientation {'radio_id': 0
243	12:46:22: Position Data {'radio_id': 0
244	12:46:22: Pyro Info {'radio_id': 0
245	12:46:22: Orientation {'radio_id': 0
246	12:46:22: Ground Station GPS {'gs_lat': 44.82461751302083
247	12:46:22: Position Data {'radio_id': 0
248	12:46:22: Orientation {'radio_id': 0
249	12:46:22: Position Data {'radio_id': 0
250	12:46:22: Orientation {'radio_id': 0
251	12:46:23: Orientation {'radio_id': 0
252	12:46:23: Pyro Info {'radio_id': 0
253	12:46:23: Orientation {'radio_id': 0
254	12:46:23: Alt Info & Cfg {'radio_id': 0
255	12:46:23: Orientation {'radio_id': 0
256	12:46:23: Position Data {'radio_id': 0
257	12:46:23: Orientation {'radio_id': 0
258	12:46:23: Orientation {'radio_id': 0
259	12:46:24: Orientation {'radio_id': 0
260	12:46:24: Pyro Info {'radio_id': 0
261	12:46:24: Orientation {'radio_id': 0
262	12:46:24: Position Data {'radio_id': 0
263	12:46:24: Ground Station GPS {'gs_lat': 44.82461751302083
264	12:46:24: Position Data {'radio_id': 0
265	12:46:24: Alt Info & Cfg {'radio_id': 0
266	12:46:24: Orientation {'radio_id': 0
267	12:46:24: Orientation {'radio_id': 0
268	12:46:25: Orientation {'radio_id': 0
269	12:46:25: Pyro Info {'radio_id': 0
270	12:46:26: Orientation {'radio_id': 0
271	12:46:26: Pyro Info {'radio_id': 0
272	12:46:26: Orientation {'radio_id': 0
273	12:46:26: Position Data {'radio_id': 0
274	12:46:26: Ground Station GPS {'gs_lat': 44.82461751302083
275	12:46:26: Position Data {'radio_id': 0
276	12:46:26: Orientation {'radio_id': 0
277	12:46:27: Orientation {'radio_id': 0
278	12:46:27: Position Data {'radio_id': 0
279	12:46:27: Orientation {'radio_id': 0
280	12:46:27: Position Data {'radio_id': 0
281	12:46:27: Orientation {'radio_id': 0
282	12:46:27: Orientation {'radio_id': 0
283	12:46:27: Position Data {'radio_id': 0
284	12:46:28: Position Data {'radio_id': 0
285	12:46:28: Position Data {'radio_id': 0
286	12:46:28: Pyro Info {'radio_id': 0
287	12:46:28: Ground Station GPS {'gs_lat': 44.82461751302083
288	12:46:28: Position Data {'radio_id': 0
289	12:46:28: Orientation {'radio_id': 0
290	12:46:28: Orientation {'radio_id': 0
291	12:46:29: Orientation {'radio_id': 0
292	12:46:29: Position Data {'radio_id': 0
293	12:46:29: Orientation {'radio_id': 0
294	12:46:29: Orientation {'radio_id': 0
295	12:46:29: Position Data {'radio_id': 0
296	12:46:29: Alt Info & Cfg {'radio_id': 0
297	12:46:29: Orientation {'radio_id': 0
298	12:46:29: Orientation {'radio_id': 0
299	12:46:29: Position Data {'radio_id': 0
300	12:46:30: Ground Station GPS {'gs_lat': 44.824625651041664
301	12:46:32: Pyro Info {'radio_id': 0
302	12:46:32: Orientation {'radio_id': 0
303	12:46:32: Pyro Info {'radio_id': 0
304	12:46:32: Ground Station GPS {'gs_lat': 44.824625651041664
305	12:46:32: Orientation {'radio_id': 0
306	12:46:32: Position Data {'radio_id': 0
307	12:46:32: Orientation {'radio_id': 0
308	12:46:32: Position Data {'radio_id': 0
309	12:46:33: Orientation {'radio_id': 0
310	12:46:33: Position Data {'radio_id': 0
311	12:46:33: Orientation {'radio_id': 0
312	12:46:33: Position Data {'radio_id': 0
313	12:46:33: Pyro Info {'radio_id': 0
314	12:46:33: Orientation {'radio_id': 0
315	12:46:34: Ground Station GPS {'gs_lat': 44.824625651041664
316	12:46:34: Orientation {'radio_id': 0
317	12:46:34: Position Data {'radio_id': 0
318	12:46:34: Orientation {'radio_id': 0
319	12:46:35: Orientation {'radio_id': 0
320	12:46:35: Position Data {'radio_id': 0
321	12:46:35: Pyro Info {'radio_id': 0
322	12:46:35: Orientation {'radio_id': 0
323	12:46:35: Position Data {'radio_id': 0
324	12:46:35: Position Data {'radio_id': 0
325	12:46:36: Orientation {'radio_id': 0
326	12:46:36: Ground Station GPS {'gs_lat': 44.824625651041664
327	12:46:36: Orientation {'radio_id': 0
328	12:46:36: Orientation {'radio_id': 0
329	12:46:36: Alt Info & Cfg {'radio_id': 0
330	12:46:37: Orientation {'radio_id': 0
331	12:46:37: Orientation {'radio_id': 0
332	12:46:37: Position Data {'radio_id': 0
333	12:46:37: Pyro Info {'radio_id': 0
334	12:46:37: Alt Info & Cfg {'radio_id': 0
335	12:46:37: Orientation {'radio_id': 0
336	12:46:37: Position Data {'radio_id': 0
337	12:46:38: Orientation {'radio_id': 0
338	12:46:38: Orientation {'radio_id': 0
339	12:46:38: Pyro Info {'radio_id': 0
340	12:46:38: Orientation {'radio_id': 0
341	12:46:38: Orientation {'radio_id': 0
342	12:46:38: Position Data {'radio_id': 0
343	12:46:38: Orientation {'radio_id': 0
344	12:46:38: Position Data {'radio_id': 0
345	12:46:39: Orientation {'radio_id': 0
346	12:46:39: Orientation {'radio_id': 0
347	12:46:39: Alt Info & Cfg {'radio_id': 0
348	12:46:39: Orientation {'radio_id': 0
349	12:46:39: Orientation {'radio_id': 0
350	12:46:39: Position Data {'radio_id': 0
351	12:46:40: Orientation {'radio_id': 0
352	12:46:40: Position Data {'radio_id': 0
353	12:46:40: Orientation {'radio_id': 0
354	12:46:40: Orientation {'radio_id': 0
355	12:46:40: Alt Info & Cfg {'radio_id': 0
356	12:46:40: Orientation {'radio_id': 0
357	12:46:40: Orientation {'radio_id': 0
358	12:46:40: Position Data {'radio_id': 0
359	12:46:41: Orientation {'radio_id': 0
360	12:46:41: Orientation {'radio_id': 0
361	12:46:41: Position Data {'radio_id': 0
362	12:46:41: Orientation {'radio_id': 0
363	12:46:41: Pyro Info {'radio_id': 0
364	12:46:41: Orientation {'radio_id': 0
365	12:46:41: Orientation {'radio_id': 0
366	12:46:41: Alt Info & Cfg {'radio_id': 0
367	12:46:42: Orientation {'radio_id': 0
368	12:46:42: Orientation {'radio_id': 0
369	12:46:42: Orientation {'radio_id': 0
370	12:46:42: Orientation {'radio_id': 0
371	12:46:42: Orientation {'radio_id': 0
372	12:46:43: Orientation {'radio_id': 0
373	12:46:43: Orientation {'radio_id': 0
374	12:46:43: Pyro Info {'radio_id': 0
375	12:46:43: Orientation {'radio_id': 0
376	12:46:43: Position Data {'radio_id': 0
377	12:46:43: Orientation {'radio_id': 0
378	12:46:43: Position Data {'radio_id': 0
379	12:46:44: Orientation {'radio_id': 0
380	12:46:44: Orientation {'radio_id': 0
381	12:46:44: Orientation {'radio_id': 0
382	12:46:44: Pyro Info {'radio_id': 0
383	12:46:44: Position Data {'radio_id': 0
384	12:46:44: Orientation {'radio_id': 0
385	12:46:45: Orientation {'radio_id': 0
386	12:46:45: Position Data {'radio_id': 0
387	12:46:45: Orientation {'radio_id': 0
388	12:46:45: Orientation {'radio_id': 0
389	12:46:45: Alt Info & Cfg {'radio_id': 0
390	12:46:45: Orientation {'radio_id': 0
391	12:46:45: Position Data {'radio_id': 0
392	12:46:45: Orientation {'radio_id': 0
393	12:46:45: Position Data {'radio_id': 0
394	12:46:46: Orientation {'radio_id': 0
395	12:46:46: Position Data {'radio_id': 0
396	12:46:46: Ground Station GPS {'gs_lat': 44.824625651041664
397	12:46:48: Ground Station GPS {'gs_lat': 44.82461751302083
398	12:46:50: Ground Station GPS {'gs_lat': 44.824625651041664
399	12:46:52: Ground Station GPS {'gs_lat': 44.824625651041664
400	12:46:53: Orientation {'radio_id': 0
401	12:46:53: Orientation {'radio_id': 0
402	12:46:54: Position Data {'radio_id': 0
403	12:46:54: Ground Station GPS {'gs_lat': 44.824625651041664
404	12:46:55: Position Data {'radio_id': 0
405	12:46:55: Position Data {'radio_id': 0
406	12:46:55: Orientation {'radio_id': 0
407	12:46:55: Orientation {'radio_id': 0
408	12:46:55: Pyro Info {'radio_id': 0
409	12:46:55: Position Data {'radio_id': 0
410	12:46:56: Orientation {'radio_id': 0
411	12:46:56: Orientation {'radio_id': 0
412	12:46:56: Position Data {'radio_id': 0
413	12:46:56: Orientation {'radio_id': 0
414	12:46:56: Ground Station GPS {'gs_lat': 44.824625651041664
415	12:46:56: Orientation {'radio_id': 0
416	12:46:56: Position Data {'radio_id': 0
417	12:46:56: Alt Info & Cfg {'radio_id': 0
418	12:46:56: Orientation {'radio_id': 0
419	12:46:56: Position Data {'radio_id': 0
420	12:46:57: Orientation {'radio_id': 0
421	12:46:57: Orientation {'radio_id': 0
422	12:46:57: Position Data {'radio_id': 0
423	12:46:57: Orientation {'radio_id': 0
424	12:46:57: Orientation {'radio_id': 0
425	12:46:57: Position Data {'radio_id': 0
426	12:46:57: Orientation {'radio_id': 0
427	12:46:57: Position Data {'radio_id': 0
428	12:46:57: Alt Info & Cfg {'radio_id': 0
429	12:46:58: Orientation {'radio_id': 0
430	12:46:58: Position Data {'radio_id': 0
431	12:46:58: Orientation {'radio_id': 0
432	12:46:58: Orientation {'radio_id': 0
433	12:46:58: Position Data {'radio_id': 0
434	12:46:58: Orientation {'radio_id': 0
435	12:46:58: Position Data {'radio_id': 0
436	12:46:58: Pyro Info {'radio_id': 0
437	12:46:58: Orientation {'radio_id': 0
438	12:46:58: Position Data {'radio_id': 0
439	12:46:59: Orientation {'radio_id': 0
440	12:46:59: Position Data {'radio_id': 0
441	12:46:59: Alt Info & Cfg {'radio_id': 0
442	12:46:59: Orientation {'radio_id': 0
443	12:46:59: Position Data {'radio_id': 0
444	12:46:59: Orientation {'radio_id': 0
445	12:46:59: Orientation {'radio_id': 0
446	12:46:59: Position Data {'radio_id': 0
447	12:46:59: Orientation {'radio_id': 0
448	12:46:59: Position Data {'radio_id': 0
449	12:47:00: Orientation {'radio_id': 0
450	12:47:00: Position Data {'radio_id': 0
451	12:47:00: Orientation {'radio_id': 0
452	12:47:00: Orientation {'radio_id': 0
453	12:47:00: Position Data {'radio_id': 0
454	12:47:00: Alt Info & Cfg {'radio_id': 0
455	12:47:00: Orientation {'radio_id': 0
456	12:47:00: Position Data {'radio_id': 0
457	12:47:00: Orientation {'radio_id': 0
458	12:47:00: Position Data {'radio_id': 0
459	12:47:01: Orientation {'radio_id': 0
460	12:47:01: Orientation {'radio_id': 0
461	12:47:01: Orientation {'radio_id': 0
462	12:47:01: Position Data {'radio_id': 0
463	12:47:01: Orientation {'radio_id': 0
464	12:47:01: Position Data {'radio_id': 0
465	12:47:01: Orientation {'radio_id': 0
466	12:47:01: Position Data {'radio_id': 0
467	12:47:02: Orientation {'radio_id': 0
468	12:47:02: Orientation {'radio_id': 0
469	12:47:02: Orientation {'radio_id': 0
470	12:47:02: Orientation {'radio_id': 0
471	12:47:02: Orientation {'radio_id': 0
472	12:47:02: Position Data {'radio_id': 0
473	12:47:03: Orientation {'radio_id': 0
474	12:47:03: Position Data {'radio_id': 0
475	12:47:03: Orientation {'radio_id': 0
476	12:47:03: Position Data {'radio_id': 0
477	12:47:03: Orientation {'radio_id': 0
478	12:47:03: Position Data {'radio_id': 0
479	12:47:03: Orientation {'radio_id': 0
480	12:47:03: Orientation {'radio_id': 0
481	12:47:03: Position Data {'radio_id': 0
482	12:47:04: Orientation {'radio_id': 0
483	12:47:04: Position Data {'radio_id': 0
484	12:47:04: Orientation {'radio_id': 0
485	12:47:04: Position Data {'radio_id': 0
486	12:47:04: Orientation {'radio_id': 0
487	12:47:04: Position Data {'radio_id': 0
488	12:47:04: Orientation {'radio_id': 0
489	12:47:04: Position Data {'radio_id': 0
490	12:47:04: Orientation {'radio_id': 0
491	12:47:04: Position Data {'radio_id': 0
492	12:47:05: Orientation {'radio_id': 0
493	12:47:05: Orientation {'radio_id': 0
494	12:47:05: Position Data {'radio_id': 0
495	12:47:05: Alt Info & Cfg {'radio_id': 0
496	12:47:05: Orientation {'radio_id': 0
497	12:47:05: Position Data {'radio_id': 0
498	12:47:05: Orientation {'radio_id': 0
499	12:47:05: Position Data {'radio_id': 0
500	12:47:05: Orientation {'radio_id': 0
501	12:47:05: Pyro Info {'radio_id': 0
502	12:47:06: Orientation {'radio_id': 0
503	12:47:06: Position Data {'radio_id': 0
504	12:47:06: Orientation {'radio_id': 0
505	12:47:06: Orientation {'radio_id': 0
506	12:47:06: Position Data {'radio_id': 0
507	12:47:06: Orientation {'radio_id': 0
508	12:47:06: Position Data {'radio_id': 0
509	12:47:06: Alt Info & Cfg {'radio_id': 0
510	12:47:06: Orientation {'radio_id': 0
511	12:47:06: Position Data {'radio_id': 0
512	12:47:07: Orientation {'radio_id': 0
513	12:47:07: Position Data {'radio_id': 0
514	12:47:07: Orientation {'radio_id': 0
515	12:47:07: Position Data {'radio_id': 0
516	12:47:07: Orientation {'radio_id': 0
517	12:47:07: Position Data {'radio_id': 0
518	12:47:07: Orientation {'radio_id': 0
519	12:47:07: Position Data {'radio_id': 0
520	12:47:07: Orientation {'radio_id': 0
521	12:47:07: Alt Info & Cfg {'radio_id': 0
522	12:47:07: Pyro Info {'radio_id': 0
523	12:47:08: Orientation {'radio_id': 0
524	12:47:08: Position Data {'radio_id': 0
525	12:47:08: Orientation {'radio_id': 0
526	12:47:08: Orientation {'radio_id': 0
527	12:47:08: Position Data {'radio_id': 0
528	12:47:08: Position Data {'radio_id': 0
529	12:47:08: Orientation {'radio_id': 0
530	12:47:09: Orientation {'radio_id': 0
531	12:47:09: Position Data {'radio_id': 0
532	12:47:09: Orientation {'radio_id': 0
533	12:47:09: Orientation {'radio_id': 0
534	12:47:09: Orientation {'radio_id': 0
535	12:47:09: Pyro Info {'radio_id': 0
536	12:47:10: Orientation {'radio_id': 0
537	12:47:10: Position Data {'radio_id': 0
538	12:47:10: Orientation {'radio_id': 0
539	12:47:10: Position Data {'radio_id': 0
540	12:47:10: Alt Info & Cfg {'radio_id': 0
541	12:47:10: Orientation {'radio_id': 0
542	12:47:10: Ground Station GPS {'gs_lat': 44.824625651041664
543	12:47:10: Orientation {'radio_id': 0
544	12:47:10: Position Data {'radio_id': 0
545	12:47:10: Orientation {'radio_id': 0
546	12:47:10: Position Data {'radio_id': 0
547	12:47:11: Orientation {'radio_id': 0
548	12:47:11: Pyro Info {'radio_id': 0
549	12:47:11: Orientation {'radio_id': 0
550	12:47:11: Position Data {'radio_id': 0
551	12:47:11: Orientation {'radio_id': 0
552	12:47:11: Position Data {'radio_id': 0
553	12:47:11: Orientation {'radio_id': 0
554	12:47:11: Orientation {'radio_id': 0
555	12:47:11: Position Data {'radio_id': 0
556	12:47:12: Orientation {'radio_id': 0
557	12:47:12: Position Data {'radio_id': 0
558	12:47:12: Orientation {'radio_id': 0
559	12:47:12: Orientation {'radio_id': 0
560	12:47:12: Ground Station GPS {'gs_lat': 44.824625651041664
561	12:47:12: Orientation {'radio_id': 0
562	12:47:12: Orientation {'radio_id': 0
563	12:47:12: Alt Info & Cfg {'radio_id': 0
564	12:47:13: Orientation {'radio_id': 0
565	12:47:13: Position Data {'radio_id': 0
566	12:47:13: Orientation {'radio_id': 0
567	12:47:13: Position Data {'radio_id': 0
568	12:47:13: Orientation {'radio_id': 0
569	12:47:13: Orientation {'radio_id': 0
570	12:47:13: Position Data {'radio_id': 0
571	12:47:13: Orientation {'radio_id': 0
572	12:47:13: Position Data {'radio_id': 0
573	12:47:14: Orientation {'radio_id': 0
574	12:47:14: Alt Info & Cfg {'radio_id': 0
575	12:47:14: Orientation {'radio_id': 0
576	12:47:14: Position Data {'radio_id': 0
577	12:47:14: Orientation {'radio_id': 0
578	12:47:14: Position Data {'radio_id': 0
579	12:47:14: Orientation {'radio_id': 0
580	12:47:14: Orientation {'radio_id': 0
581	12:47:15: Orientation {'radio_id': 0
582	12:47:15: Position Data {'radio_id': 0
583	12:47:15: Orientation {'radio_id': 0
584	12:47:15: Orientation {'radio_id': 0
585	12:47:16: Ground Station GPS {'gs_lat': 44.824625651041664
586	12:47:18: Ground Station GPS {'gs_lat': 44.824625651041664
587	12:47:19: Position Data {'radio_id': 0
588	12:47:19: Alt Info & Cfg {'radio_id': 0
589	12:47:19: Orientation {'radio_id': 0
590	12:47:19: Position Data {'radio_id': 0
591	12:47:20: Orientation {'radio_id': 0
592	12:47:20: Alt Info & Cfg {'radio_id': 0
593	12:47:20: Orientation {'radio_id': 0
594	12:47:20: Position Data {'radio_id': 0
595	12:47:20: Orientation {'radio_id': 0
596	12:47:20: Position Data {'radio_id': 0
597	12:47:20: Orientation {'radio_id': 0
598	12:47:20: Position Data {'radio_id': 0
599	12:47:21: Orientation {'radio_id': 0
600	12:47:21: Orientation {'radio_id': 0
601	12:47:21: Position Data {'radio_id': 0
602	12:47:21: Orientation {'radio_id': 0
603	12:47:21: Position Data {'radio_id': 0
604	12:47:21: Orientation {'radio_id': 0
605	12:47:22: Ground Station GPS {'gs_lat': 44.824625651041664
606	12:47:23: Orientation {'radio_id': 0
607	12:47:23: Position Data {'radio_id': 0
608	12:47:23: Orientation {'radio_id': 0
609	12:47:23: Position Data {'radio_id': 0
610	12:47:23: Pyro Info {'radio_id': 0
611	12:47:23: Orientation {'radio_id': 0
612	12:47:23: Position Data {'radio_id': 0
613	12:47:24: Orientation {'radio_id': 0
614	12:47:24: Position Data {'radio_id': 0
615	12:47:24: Orientation {'radio_id': 0
616	12:47:24: Ground Station GPS {'gs_lat': 44.824625651041664
617	12:47:24: Orientation {'radio_id': 0
618	12:47:25: Orientation {'radio_id': 0
619	12:47:25: Position Data {'radio_id': 0
620	12:47:25: Pyro Info {'radio_id': 0
621	12:47:25: Orientation {'radio_id': 0
622	12:47:25: Orientation {'radio_id': 0
623	12:47:25: Position Data {'radio_id': 0
624	12:47:25: Orientation {'radio_id': 0
625	12:47:25: Position Data {'radio_id': 0
626	12:47:26: Orientation {'radio_id': 0
627	12:47:26: Orientation {'radio_id': 0
628	12:47:26: Ground Station GPS {'gs_lat': 44.824625651041664
629	12:47:26: Orientation {'radio_id': 0
630	12:47:26: Orientation {'radio_id': 0
631	12:47:27: Orientation {'radio_id': 0
632	12:47:27: Position Data {'radio_id': 0
633	12:47:27: Orientation {'radio_id': 0
634	12:47:27: Position Data {'radio_id': 0
635	12:47:27: Orientation {'radio_id': 0
636	12:47:28: Ground Station GPS {'gs_lat': 44.824625651041664
637	12:47:30: Ground Station GPS {'gs_lat': 44.824625651041664
638	12:47:30: Position Data {'radio_id': 0
639	12:47:31: Orientation {'radio_id': 0
640	12:47:31: Orientation {'radio_id': 0
641	12:47:31: Position Data {'radio_id': 0
642	12:47:31: Orientation {'radio_id': 0
643	12:47:31: Position Data {'radio_id': 0
644	12:47:31: Orientation {'radio_id': 0
645	12:47:31: Position Data {'radio_id': 0
646	12:47:31: Orientation {'radio_id': 0
647	12:47:32: Orientation {'radio_id': 0
648	12:47:32: Position Data {'radio_id': 0
649	12:47:32: Alt Info & Cfg {'radio_id': 0
650	12:47:32: Ground Station GPS {'gs_lat': 44.824625651041664
651	12:47:33: Position Data {'radio_id': 0
652	12:47:33: Orientation {'radio_id': 0
653	12:47:33: Position Data {'radio_id': 0
654	12:47:33: Orientation {'radio_id': 0
655	12:47:33: Position Data {'radio_id': 0
656	12:47:33: Pyro Info {'radio_id': 0
657	12:47:33: Orientation {'radio_id': 0
658	12:47:33: Orientation {'radio_id': 0
659	12:47:33: Alt Info & Cfg {'radio_id': 0
660	12:47:34: Orientation {'radio_id': 0
661	12:47:34: Orientation {'radio_id': 0
662	12:47:34: Position Data {'radio_id': 0
663	12:47:34: Orientation {'radio_id': 0
664	12:47:34: Pyro Info {'radio_id': 0
665	12:47:34: Ground Station GPS {'gs_lat': 44.824625651041664
666	12:47:34: Orientation {'radio_id': 0
667	12:47:34: Position Data {'radio_id': 0
668	12:47:34: Orientation {'radio_id': 0
669	12:47:35: Orientation {'radio_id': 0
670	12:47:35: Alt Info & Cfg {'radio_id': 0
671	12:47:35: Orientation {'radio_id': 0
672	12:47:35: Orientation {'radio_id': 0
673	12:47:35: Position Data {'radio_id': 0
674	12:47:35: Orientation {'radio_id': 0
675	12:47:35: Position Data {'radio_id': 0
676	12:47:35: Orientation {'radio_id': 0
677	12:47:35: Position Data {'radio_id': 0
678	12:47:36: Orientation {'radio_id': 0
679	12:47:36: Orientation {'radio_id': 0
680	12:47:36: Orientation {'radio_id': 0
681	12:47:36: Position Data {'radio_id': 0
682	12:47:36: Ground Station GPS {'gs_lat': 44.824625651041664
683	12:47:36: Orientation {'radio_id': 0
684	12:47:36: Position Data {'radio_id': 0
685	12:47:36: Orientation {'radio_id': 0
686	12:47:36: Position Data {'radio_id': 0
687	12:47:37: Orientation {'radio_id': 0
688	12:47:37: Orientation {'radio_id': 0
689	12:47:37: Orientation {'radio_id': 0
690	12:47:37: Position Data {'radio_id': 0
691	12:47:37: Orientation {'radio_id': 0
692	12:47:37: Alt Info & Cfg {'radio_id': 0
693	12:47:37: Orientation {'radio_id': 0
694	12:47:37: Position Data {'radio_id': 0
695	12:47:38: Orientation {'radio_id': 0
696	12:47:38: Position Data {'radio_id': 0
697	12:47:38: Orientation {'radio_id': 0
698	12:47:38: Position Data {'radio_id': 0
699	12:47:38: Position Data {'radio_id': 0
700	12:47:38: Pyro Info {'radio_id': 0
701	12:47:38: Orientation {'radio_id': 0
702	12:47:38: Position Data {'radio_id': 0
703	12:47:39: Orientation {'radio_id': 0
704	12:47:39: Position Data {'radio_id': 0
705	12:47:39: Orientation {'radio_id': 0
706	12:47:39: Position Data {'radio_id': 0
707	12:47:39: Orientation {'radio_id': 0
708	12:47:39: Pyro Info {'radio_id': 0
709	12:47:39: Orientation {'radio_id': 0
710	12:47:39: Orientation {'radio_id': 0
711	12:47:39: Position Data {'radio_id': 0
712	12:47:40: Orientation {'radio_id': 0
713	12:47:40: Alt Info & Cfg {'radio_id': 0
714	12:47:40: Orientation {'radio_id': 0
715	12:47:40: Orientation {'radio_id': 0
716	12:47:40: Position Data {'radio_id': 0
717	12:47:40: Pyro Info {'radio_id': 0
718	12:47:40: Orientation {'radio_id': 0
719	12:47:40: Orientation {'radio_id': 0
720	12:47:40: Position Data {'radio_id': 0
721	12:47:41: Orientation {'radio_id': 0
722	12:47:41: Position Data {'radio_id': 0
723	12:47:41: Orientation {'radio_id': 0
724	12:47:41: Position Data {'radio_id': 0
725	12:47:41: Orientation {'radio_id': 0
726	12:47:41: Position Data {'radio_id': 0
727	12:47:41: Orientation {'radio_id': 0
728	12:47:41: Orientation {'radio_id': 0
729	12:47:41: Position Data {'radio_id': 0
730	12:47:42: Orientation {'radio_id': 0
731	12:47:42: Orientation {'radio_id': 0
732	12:47:42: Position Data {'radio_id': 0
733	12:47:42: Orientation {'radio_id': 0
734	12:47:42: Position Data {'radio_id': 0
735	12:47:42: Orientation {'radio_id': 0
736	12:47:42: Pyro Info {'radio_id': 0
737	12:47:42: Orientation {'radio_id': 0
738	12:47:42: Position Data {'radio_id': 0
739	12:47:43: Orientation {'radio_id': 0
740	12:47:43: Orientation {'radio_id': 0
741	12:47:43: Orientation {'radio_id': 0
742	12:47:43: Position Data {'radio_id': 0
743	12:47:43: Pyro Info {'radio_id': 0
744	12:47:43: Orientation {'radio_id': 0
745	12:47:43: Position Data {'radio_id': 0
746	12:47:43: Alt Info & Cfg {'radio_id': 0
747	12:47:44: Orientation {'radio_id': 0
748	12:47:44: Orientation {'radio_id': 0
749	12:47:44: Ground Station GPS {'gs_lat': 44.824625651041664
750	12:47:45: Orientation {'radio_id': 0
751	12:47:45: Position Data {'radio_id': 0
752	12:47:45: Orientation {'radio_id': 0
753	12:47:45: Position Data {'radio_id': 0
754	12:47:45: Orientation {'radio_id': 0
755	12:47:45: Orientation {'radio_id': 0
756	12:47:46: Orientation {'radio_id': 0
757	12:47:46: Orientation {'radio_id': 0
758	12:47:46: Position Data {'radio_id': 0
759	12:47:46: Alt Info & Cfg {'radio_id': 0
760	12:47:46: Orientation {'radio_id': 0
761	12:47:46: Position Data {'radio_id': 0
762	12:47:46: Ground Station GPS {'gs_lat': 44.824625651041664
763	12:47:46: Orientation {'radio_id': 0
764	12:47:46: Pyro Info {'radio_id': 0
765	12:47:47: Orientation {'radio_id': 0
766	12:47:47: Alt Info & Cfg {'radio_id': 0
767	12:47:48: Ground Station GPS {'gs_lat': 44.824625651041664
768	12:47:49: Position Data {'radio_id': 0
769	12:47:50: Orientation {'radio_id': 0
770	12:47:50: Position Data {'radio_id': 0
771	12:47:50: Ground Station GPS {'gs_lat': 44.824625651041664
772	12:47:50: Orientation {'radio_id': 0
773	12:47:50: Position Data {'radio_id': 0
774	12:47:50: Pyro Info {'radio_id': 0
775	12:47:50: Orientation {'radio_id': 0
776	12:47:51: Orientation {'radio_id': 0
777	12:47:51: Position Data {'radio_id': 0
778	12:47:51: Alt Info & Cfg {'radio_id': 0
779	12:47:51: Orientation {'radio_id': 0
780	12:47:51: Orientation {'radio_id': 0
781	12:47:51: Pyro Info {'radio_id': 0
782	12:47:51: Orientation {'radio_id': 0
783	12:47:51: Position Data {'radio_id': 0
784	12:47:52: Orientation {'radio_id': 0
785	12:47:52: Position Data {'radio_id': 0
786	12:47:52: Orientation {'radio_id': 0
787	12:47:52: Orientation {'radio_id': 0
788	12:47:52: Position Data {'radio_id': 0
789	12:47:52: Alt Info & Cfg {'radio_id': 0
790	12:47:52: Ground Station GPS {'gs_lat': 44.824625651041664
791	12:47:52: Position Data {'radio_id': 0
792	12:47:52: Orientation {'radio_id': 0
793	12:47:52: Position Data {'radio_id': 0
794	12:47:53: Orientation {'radio_id': 0
795	12:47:53: Position Data {'radio_id': 0
796	12:47:53: Orientation {'radio_id': 0
797	12:47:53: Orientation {'radio_id': 0
798	12:47:53: Position Data {'radio_id': 0
799	12:47:53: Orientation {'radio_id': 0
800	12:47:53: Alt Info & Cfg {'radio_id': 0
801	12:47:53: Orientation {'radio_id': 0
802	12:47:53: Position Data {'radio_id': 0
803	12:47:53: Pyro Info {'radio_id': 0
804	12:47:54: Orientation {'radio_id': 0
805	12:47:54: Orientation {'radio_id': 0
806	12:47:54: Position Data {'radio_id': 0
807	12:47:54: Orientation {'radio_id': 0
808	12:47:54: Ground Station GPS {'gs_lat': 44.8246337890625
809	12:47:54: Orientation {'radio_id': 0
810	12:47:54: Position Data {'radio_id': 0
811	12:47:54: Orientation {'radio_id': 0
812	12:47:54: Position Data {'radio_id': 0
813	12:47:54: Pyro Info {'radio_id': 0
814	12:47:55: Orientation {'radio_id': 0
815	12:47:55: Position Data {'radio_id': 0
816	12:47:55: Orientation {'radio_id': 0
817	12:47:55: Position Data {'radio_id': 0
818	12:47:55: Orientation {'radio_id': 0
819	12:47:55: Position Data {'radio_id': 0
820	12:47:55: Orientation {'radio_id': 0
821	12:47:55: Orientation {'radio_id': 0
822	12:47:55: Position Data {'radio_id': 0
823	12:47:55: Pyro Info {'radio_id': 0
824	12:47:56: Orientation {'radio_id': 0
825	12:47:56: Position Data {'radio_id': 0
826	12:47:56: Ground Station GPS {'gs_lat': 44.8246337890625
827	12:47:56: Orientation {'radio_id': 0
828	12:47:56: Position Data {'radio_id': 0
829	12:47:56: Pyro Info {'radio_id': 0
830	12:47:57: Orientation {'radio_id': 0
831	12:47:57: Position Data {'radio_id': 0
832	12:47:57: Orientation {'radio_id': 0
833	12:47:57: Position Data {'radio_id': 0
834	12:47:57: Orientation {'radio_id': 0
835	12:47:58: Ground Station GPS {'gs_lat': 44.8246337890625
836	12:47:59: Orientation {'radio_id': 0
837	12:47:59: Position Data {'radio_id': 0
838	12:47:59: Alt Info & Cfg {'radio_id': 0
839	12:47:59: Pyro Info {'radio_id': 0
840	12:48:00: Orientation {'radio_id': 0
841	12:48:00: Position Data {'radio_id': 0
842	12:48:00: Orientation {'radio_id': 0
843	12:48:00: Ground Station GPS {'gs_lat': 44.8246337890625
844	12:48:00: Orientation {'radio_id': 0
845	12:48:00: Orientation {'radio_id': 0
846	12:48:00: Position Data {'radio_id': 0
847	12:48:01: Orientation {'radio_id': 0
848	12:48:01: Position Data {'radio_id': 0
849	12:48:01: Orientation {'radio_id': 0
850	12:48:01: Position Data {'radio_id': 0
851	12:48:01: Orientation {'radio_id': 0
852	12:48:01: Orientation {'radio_id': 0
853	12:48:01: Position Data {'radio_id': 0
854	12:48:01: Orientation {'radio_id': 0
855	12:48:01: Position Data {'radio_id': 0
856	12:48:01: Pyro Info {'radio_id': 0
857	12:48:02: Orientation {'radio_id': 0
858	12:48:02: Orientation {'radio_id': 0
859	12:48:02: Position Data {'radio_id': 0
860	12:48:02: Orientation {'radio_id': 0
861	12:48:02: Position Data {'radio_id': 0
862	12:48:02: Ground Station GPS {'gs_lat': 44.8246337890625
863	12:48:02: Orientation {'radio_id': 0
864	12:48:02: Position Data {'radio_id': 0
865	12:48:02: Orientation {'radio_id': 0
866	12:48:04: Ground Station GPS {'gs_lat': 44.8246337890625
867	12:48:05: Position Data {'radio_id': 0
868	12:48:05: Orientation {'radio_id': 0
869	12:48:05: Position Data {'radio_id': 0
870	12:48:05: Orientation {'radio_id': 0
871	12:48:05: Position Data {'radio_id': 0
872	12:48:05: Orientation {'radio_id': 0
873	12:48:05: Position Data {'radio_id': 0
874	12:48:06: Orientation {'radio_id': 0
875	12:48:06: Pyro Info {'radio_id': 0
876	12:48:06: Orientation {'radio_id': 0
877	12:48:06: Position Data {'radio_id': 0
878	12:48:06: Orientation {'radio_id': 0
879	12:48:06: Position Data {'radio_id': 0
880	12:48:06: Ground Station GPS {'gs_lat': 44.8246337890625
881	12:48:06: Orientation {'radio_id': 0
882	12:48:06: Position Data {'radio_id': 0
883	12:48:06: Orientation {'radio_id': 0
884	12:48:07: Orientation {'radio_id': 0
885	12:48:07: Position Data {'radio_id': 0
886	12:48:07: Orientation {'radio_id': 0
887	12:48:07: Alt Info & Cfg {'radio_id': 0
888	12:48:07: Orientation {'radio_id': 0
889	12:48:07: Orientation {'radio_id': 0
890	12:48:07: Position Data {'radio_id': 0
891	12:48:07: Orientation {'radio_id': 0
892	12:48:08: Orientation {'radio_id': 0
893	12:48:08: Position Data {'radio_id': 0
894	12:48:08: Orientation {'radio_id': 0
895	12:48:08: Orientation {'radio_id': 0
896	12:48:08: Ground Station GPS {'gs_lat': 44.824641927083334
897	12:48:08: Orientation {'radio_id': 0
898	12:48:08: Position Data {'radio_id': 0
899	12:48:08: Orientation {'radio_id': 0
900	12:48:08: Position Data {'radio_id': 0
901	12:48:09: Orientation {'radio_id': 0
902	12:48:09: Pyro Info {'radio_id': 0
903	12:48:09: Orientation {'radio_id': 0
904	12:48:09: Orientation {'radio_id': 0
905	12:48:09: Position Data {'radio_id': 0
906	12:48:09: Orientation {'radio_id': 0
907	12:48:09: Position Data {'radio_id': 0
908	12:48:09: Orientation {'radio_id': 0
909	12:48:09: Position Data {'radio_id': 0
910	12:48:10: Position Data {'radio_id': 0
911	12:48:10: Ground Station GPS {'gs_lat': 44.824641927083334
912	12:48:10: Position Data {'radio_id': 0
913	12:48:10: Orientation {'radio_id': 0
914	12:48:11: Orientation {'radio_id': 0
915	12:48:11: Alt Info & Cfg {'radio_id': 0
916	12:48:11: Pyro Info {'radio_id': 0
917	12:48:11: Orientation {'radio_id': 0
918	12:48:11: Orientation {'radio_id': 0
919	12:48:12: Orientation {'radio_id': 0
920	12:48:12: Position Data {'radio_id': 0
921	12:48:12: Pyro Info {'radio_id': 0
922	12:48:12: Orientation {'radio_id': 0
923	12:48:12: Position Data {'radio_id': 0
924	12:48:12: Alt Info & Cfg {'radio_id': 0
925	12:48:12: Ground Station GPS {'gs_lat': 44.8246337890625
926	12:48:12: Position Data {'radio_id': 0
927	12:48:13: Orientation {'radio_id': 0
928	12:48:13: Orientation {'radio_id': 0
929	12:48:13: Position Data {'radio_id': 0
930	12:48:13: Orientation {'radio_id': 0
931	12:48:13: Alt Info & Cfg {'radio_id': 0
932	12:48:13: Orientation {'radio_id': 0
933	12:48:13: Position Data {'radio_id': 0
934	12:48:13: Orientation {'radio_id': 0
935	12:48:13: Position Data {'radio_id': 0
936	12:48:14: Orientation {'radio_id': 0
937	12:48:14: Position Data {'radio_id': 0
938	12:48:14: Pyro Info {'radio_id': 0
939	12:48:14: Orientation {'radio_id': 0
940	12:48:14: Ground Station GPS {'gs_lat': 44.8246337890625
941	12:48:14: Orientation {'radio_id': 0
942	12:48:14: Position Data {'radio_id': 0
943	12:48:14: Orientation {'radio_id': 0
944	12:48:14: Position Data {'radio_id': 0
945	12:48:14: Alt Info & Cfg {'radio_id': 0
946	12:48:15: Orientation {'radio_id': 0
947	12:48:15: Pyro Info {'radio_id': 0
948	12:48:15: Orientation {'radio_id': 0
949	12:48:15: Position Data {'radio_id': 0
950	12:48:15: Orientation {'radio_id': 0
951	12:48:15: Orientation {'radio_id': 0
952	12:48:15: Position Data {'radio_id': 0
953	12:48:16: Orientation {'radio_id': 0
954	12:48:16: Orientation {'radio_id': 0
955	12:48:16: Orientation {'radio_id': 0
956	12:48:16: Ground Station GPS {'gs_lat': 44.8246337890625
957	12:48:17: Orientation {'radio_id': 0
958	12:48:17: Orientation {'radio_id': 0
959	12:48:17: Position Data {'radio_id': 0
960	12:48:17: Orientation {'radio_id': 0
961	12:48:17: Position Data {'radio_id': 0
962	12:48:17: Orientation {'radio_id': 0
963	12:48:17: Position Data {'radio_id': 0
964	12:48:18: Orientation {'radio_id': 0
965	12:48:18: Pyro Info {'radio_id': 0
966	12:48:18: Alt Info & Cfg {'radio_id': 0
967	12:48:18: Ground Station GPS {'gs_lat': 44.8246337890625
968	12:48:18: Orientation {'radio_id': 0
969	12:48:18: Orientation {'radio_id': 0
970	12:48:18: Position Data {'radio_id': 0
971	12:48:19: Orientation {'radio_id': 0
972	12:48:20: Orientation {'radio_id': 0
973	12:48:20: Orientation {'radio_id': 0
974	12:48:20: Pyro Info {'radio_id': 0
975	12:48:20: Orientation {'radio_id': 0
976	12:48:20: Ground Station GPS {'gs_lat': 44.824625651041664
977	12:48:20: Orientation {'radio_id': 0
978	12:48:20: Orientation {'radio_id': 0
979	12:48:20: Position Data {'radio_id': 0
980	12:48:21: Orientation {'radio_id': 0
981	12:48:21: Position Data {'radio_id': 0
982	12:48:22: Orientation {'radio_id': 0
983	12:48:22: Position Data {'radio_id': 0
984	12:48:22: Orientation {'radio_id': 0
985	12:48:22: Ground Station GPS {'gs_lat': 44.824625651041664
986	12:48:22: Orientation {'radio_id': 0
987	12:48:23: Orientation {'radio_id': 0
988	12:48:23: Position Data {'radio_id': 0
989	12:48:24: Ground Station GPS {'gs_lat': 44.824625651041664
990	12:48:25: Orientation {'radio_id': 0
991	12:48:25: Orientation {'radio_id': 0
992	12:48:25: Orientation {'radio_id': 0
993	12:48:25: Orientation {'radio_id': 0
994	12:48:25: Alt Info & Cfg {'radio_id': 0
995	12:48:26: Ground Station GPS {'gs_lat': 44.824625651041664
996	12:48:27: Orientation {'radio_id': 0
997	12:48:27: Position Data {'radio_id': 0
998	12:48:27: Orientation {'radio_id': 0
999	12:48:27: Position Data {'radio_id': 0
1000	12:48:27: Position Data {'radio_id': 0
1001	12:48:27: Position Data {'radio_id': 0
1002	12:48:28: Orientation {'radio_id': 0
1003	12:48:28: Pyro Info {'radio_id': 0
1004	12:48:28: Ground Station GPS {'gs_lat': 44.824625651041664
1005	12:48:28: Position Data {'radio_id': 0
1006	12:48:28: Orientation {'radio_id': 0
1007	12:48:28: Position Data {'radio_id': 0
1008	12:48:29: Orientation {'radio_id': 0
1009	12:48:29: Orientation {'radio_id': 0
1010	12:48:29: Position Data {'radio_id': 0
1011	12:48:29: Orientation {'radio_id': 0
1012	12:48:29: Position Data {'radio_id': 0
1013	12:48:29: Pyro Info {'radio_id': 0
1014	12:48:29: Orientation {'radio_id': 0
1015	12:48:29: Position Data {'radio_id': 0
1016	12:48:29: Alt Info & Cfg {'radio_id': 0
1017	12:48:29: Orientation {'radio_id': 0
1018	12:48:29: Position Data {'radio_id': 0
1019	12:48:30: Orientation {'radio_id': 0
1020	12:48:30: Position Data {'radio_id': 0
1021	12:48:30: Ground Station GPS {'gs_lat': 44.824625651041664
1022	12:48:31: Position Data {'radio_id': 0
1023	12:48:31: Orientation {'radio_id': 0
1024	12:48:32: Ground Station GPS {'gs_lat': 44.824625651041664
1025	12:48:32: Orientation {'radio_id': 0
1026	12:48:33: Orientation {'radio_id': 0
1027	12:48:33: Position Data {'radio_id': 0
1028	12:48:33: Orientation {'radio_id': 0
1029	12:48:33: Orientation {'radio_id': 0
1030	12:48:33: Position Data {'radio_id': 0
1031	12:48:33: Pyro Info {'radio_id': 0
1032	12:48:33: Orientation {'radio_id': 0
1033	12:48:34: Orientation {'radio_id': 0
1034	12:48:34: Position Data {'radio_id': 0
1035	12:48:34: Orientation {'radio_id': 0
1036	12:48:34: Position Data {'radio_id': 0
1037	12:48:34: Orientation {'radio_id': 0
1038	12:48:34: Ground Station GPS {'gs_lat': 44.824625651041664
1039	12:48:34: Position Data {'radio_id': 0
1040	12:48:34: Alt Info & Cfg {'radio_id': 0
1041	12:48:34: Orientation {'radio_id': 0
1042	12:48:35: Orientation {'radio_id': 0
1043	12:48:35: Orientation {'radio_id': 0
1044	12:48:35: Position Data {'radio_id': 0
1045	12:48:35: Orientation {'radio_id': 0
1046	12:48:35: Position Data {'radio_id': 0
1047	12:48:35: Orientation {'radio_id': 0
1048	12:48:35: Pyro Info {'radio_id': 0
1049	12:48:35: Orientation {'radio_id': 0
1050	12:48:35: Position Data {'radio_id': 0
1051	12:48:36: Orientation {'radio_id': 0
1052	12:48:36: Orientation {'radio_id': 0
1053	12:48:36: Position Data {'radio_id': 0
1054	12:48:36: Orientation {'radio_id': 0
1055	12:48:36: Ground Station GPS {'gs_lat': 44.824625651041664
1056	12:48:36: Position Data {'radio_id': 0
1057	12:48:36: Orientation {'radio_id': 0
1058	12:48:37: Orientation {'radio_id': 0
1059	12:48:37: Alt Info & Cfg {'radio_id': 0
1060	12:48:37: Orientation {'radio_id': 0
1061	12:48:37: Position Data {'radio_id': 0
1062	12:48:37: Orientation {'radio_id': 0
1063	12:48:37: Position Data {'radio_id': 0
1064	12:48:37: Orientation {'radio_id': 0
1065	12:48:37: Position Data {'radio_id': 0
1066	12:48:37: Orientation {'radio_id': 0
1067	12:48:37: Position Data {'radio_id': 0
1068	12:48:38: Orientation {'radio_id': 0
1069	12:48:38: Position Data {'radio_id': 0
1070	12:48:38: Orientation {'radio_id': 0
1071	12:48:38: Position Data {'radio_id': 0
1072	12:48:38: Alt Info & Cfg {'radio_id': 0
1073	12:48:38: Orientation {'radio_id': 0
1074	12:48:38: Ground Station GPS {'gs_lat': 44.824625651041664
1075	12:48:38: Position Data {'radio_id': 0
1076	12:48:38: Pyro Info {'radio_id': 0
1077	12:48:38: Orientation {'radio_id': 0
1078	12:48:39: Orientation {'radio_id': 0
1079	12:48:39: Position Data {'radio_id': 0
1080	12:48:39: Orientation {'radio_id': 0
1081	12:48:39: Position Data {'radio_id': 0
1082	12:48:39: Orientation {'radio_id': 0
1083	12:48:39: Position Data {'radio_id': 0
1084	12:48:39: Orientation {'radio_id': 0
1085	12:48:39: Position Data {'radio_id': 0
1086	12:48:39: Orientation {'radio_id': 0
1087	12:48:39: Position Data {'radio_id': 0
1088	12:48:40: Orientation {'radio_id': 0
1089	12:48:40: Orientation {'radio_id': 0
1090	12:48:40: Position Data {'radio_id': 0
1091	12:48:40: Orientation {'radio_id': 0
1092	12:48:40: Position Data {'radio_id': 0
1093	12:48:40: Ground Station GPS {'gs_lat': 44.824625651041664
1094	12:48:40: Position Data {'radio_id': 0
1095	12:48:40: Pyro Info {'radio_id': 0
1096	12:48:40: Orientation {'radio_id': 0
1097	12:48:40: Position Data {'radio_id': 0
1098	12:48:40: Alt Info & Cfg {'radio_id': 0
1099	12:48:41: Orientation {'radio_id': 0
1100	12:48:41: Orientation {'radio_id': 0
1101	12:48:41: Orientation {'radio_id': 0
1102	12:48:41: Position Data {'radio_id': 0
1103	12:48:41: Orientation {'radio_id': 0
1104	12:48:41: Position Data {'radio_id': 0
1105	12:48:41: Pyro Info {'radio_id': 0
1106	12:48:41: Orientation {'radio_id': 0
1107	12:48:41: Position Data {'radio_id': 0
1108	12:48:42: Orientation {'radio_id': 0
1109	12:48:42: Orientation {'radio_id': 0
1110	12:48:42: Position Data {'radio_id': 0
1111	12:48:42: Orientation {'radio_id': 0
1112	12:48:42: Position Data {'radio_id': 0
1113	12:48:42: Ground Station GPS {'gs_lat': 44.824625651041664
1114	12:48:42: Pyro Info {'radio_id': 0
1115	12:48:42: Orientation {'radio_id': 0
1116	12:48:42: Position Data {'radio_id': 0
1117	12:48:43: Orientation {'radio_id': 0
1118	12:48:43: Orientation {'radio_id': 0
1119	12:48:43: Position Data {'radio_id': 0
1120	12:48:43: Alt Info & Cfg {'radio_id': 0
1121	12:48:43: Orientation {'radio_id': 0
1122	12:48:43: Orientation {'radio_id': 0
1123	12:48:43: Pyro Info {'radio_id': 0
1124	12:48:43: Orientation {'radio_id': 0
1125	12:48:44: Orientation {'radio_id': 0
1126	12:48:44: Position Data {'radio_id': 0
1127	12:48:44: Orientation {'radio_id': 0
1128	12:48:44: Orientation {'radio_id': 0
1129	12:48:44: Position Data {'radio_id': 0
1130	12:48:44: Orientation {'radio_id': 0
1131	12:48:44: Orientation {'radio_id': 0
1132	12:48:44: Position Data {'radio_id': 0
1133	12:48:45: Orientation {'radio_id': 0
1134	12:48:45: Orientation {'radio_id': 0
1135	12:48:45: Orientation {'radio_id': 0
1136	12:48:45: Position Data {'radio_id': 0
1137	12:48:45: Orientation {'radio_id': 0
1138	12:48:45: Orientation {'radio_id': 0
1139	12:48:45: Alt Info & Cfg {'radio_id': 0
1140	12:48:46: Orientation {'radio_id': 0
1141	12:48:46: Position Data {'radio_id': 0
1142	12:48:46: Orientation {'radio_id': 0
1143	12:48:46: Orientation {'radio_id': 0
1144	12:48:46: Position Data {'radio_id': 0
1145	12:48:46: Orientation {'radio_id': 0
1146	12:48:46: Position Data {'radio_id': 0
1147	12:48:46: Orientation {'radio_id': 0
1148	12:48:46: Pyro Info {'radio_id': 0
1149	12:48:47: Orientation {'radio_id': 0
1150	12:48:47: Alt Info & Cfg {'radio_id': 0
1151	12:48:47: Orientation {'radio_id': 0
1152	12:48:47: Position Data {'radio_id': 0
1153	12:48:47: Orientation {'radio_id': 0
1154	12:48:47: Position Data {'radio_id': 0
1155	12:48:47: Orientation {'radio_id': 0
1156	12:48:47: Position Data {'radio_id': 0
1157	12:48:47: Orientation {'radio_id': 0
1158	12:48:47: Pyro Info {'radio_id': 0
1159	12:48:48: Orientation {'radio_id': 0
1160	12:48:48: Orientation {'radio_id': 0
1161	12:48:48: Alt Info & Cfg {'radio_id': 0
1162	12:48:48: Orientation {'radio_id': 0
1163	12:48:48: Position Data {'radio_id': 0
1164	12:48:48: Orientation {'radio_id': 0
1165	12:48:48: Orientation {'radio_id': 0
1166	12:48:48: Position Data {'radio_id': 0
1167	12:48:48: Pyro Info {'radio_id': 0
1168	12:48:49: Orientation {'radio_id': 0
1169	12:48:49: Position Data {'radio_id': 0
1170	12:48:49: Orientation {'radio_id': 0
1171	12:48:49: Position Data {'radio_id': 0
1172	12:48:49: Orientation {'radio_id': 0
1173	12:48:49: Alt Info & Cfg {'radio_id': 0
1174	12:48:49: Orientation {'radio_id': 0
1175	12:48:49: Position Data {'radio_id': 0
1176	12:48:49: Orientation {'radio_id': 0
1177	12:48:49: Position Data {'radio_id': 0
1178	12:48:50: Orientation {'radio_id': 0
1179	12:48:50: Orientation {'radio_id': 0
1180	12:48:50: Position Data {'radio_id': 0
1181	12:48:50: Orientation {'radio_id': 0
1182	12:48:50: Orientation {'radio_id': 0
1183	12:48:50: Alt Info & Cfg {'radio_id': 0
1184	12:48:50: Orientation {'radio_id': 0
1185	12:48:50: Position Data {'radio_id': 0
1186	12:48:51: Orientation {'radio_id': 0
1187	12:48:51: Position Data {'radio_id': 0
1188	12:48:51: Orientation {'radio_id': 0
1189	12:48:51: Position Data {'radio_id': 0
1190	12:48:51: Orientation {'radio_id': 0
1191	12:48:51: Orientation {'radio_id': 0
1192	12:48:51: Orientation {'radio_id': 0
1193	12:48:51: Position Data {'radio_id': 0
1194	12:48:52: Orientation {'radio_id': 0
1195	12:48:52: Position Data {'radio_id': 0
1196	12:48:52: Orientation {'radio_id': 0
1197	12:48:52: Orientation {'radio_id': 0
1198	12:48:52: Orientation {'radio_id': 0
1199	12:48:52: Ground Station GPS {'gs_lat': 44.82461751302083
1200	12:48:52: Orientation {'radio_id': 0
1201	12:48:52: Position Data {'radio_id': 0
1202	12:48:52: Pyro Info {'radio_id': 0
1203	12:48:53: Orientation {'radio_id': 0
1204	12:48:53: Position Data {'radio_id': 0
1205	12:48:53: Orientation {'radio_id': 0
1206	12:48:53: Alt Info & Cfg {'radio_id': 0
1207	12:48:53: Orientation {'radio_id': 0
1208	12:48:53: Orientation {'radio_id': 0
1209	12:48:53: Orientation {'radio_id': 0
1210	12:48:53: Position Data {'radio_id': 0
1211	12:48:53: Pyro Info {'radio_id': 0
1212	12:48:54: Orientation {'radio_id': 0
1213	12:48:54: Position Data {'radio_id': 0
1214	12:48:54: Orientation {'radio_id': 0
1215	12:48:54: Position Data {'radio_id': 0
1216	12:48:54: Orientation {'radio_id': 0
1217	12:48:54: Alt Info & Cfg {'radio_id': 0
1218	12:48:54: Orientation {'radio_id': 0
1219	12:48:54: Ground Station GPS {'gs_lat': 44.82461751302083
1220	12:48:55: Position Data {'radio_id': 0
1221	12:48:55: Orientation {'radio_id': 0
1222	12:48:55: Position Data {'radio_id': 0
1223	12:48:55: Orientation {'radio_id': 0
1224	12:48:55: Alt Info & Cfg {'radio_id': 0
1225	12:48:55: Orientation {'radio_id': 0
1226	12:48:56: Position Data {'radio_id': 0
1227	12:48:56: Ground Station GPS {'gs_lat': 44.82461751302083
1228	12:48:56: Orientation {'radio_id': 0
1229	12:48:56: Position Data {'radio_id': 0
1230	12:48:56: Alt Info & Cfg {'radio_id': 0
1231	12:48:57: Orientation {'radio_id': 0
1232	12:48:57: Orientation {'radio_id': 0
1233	12:48:57: Position Data {'radio_id': 0
1234	12:48:58: Ground Station GPS {'gs_lat': 44.82461751302083
1235	12:48:59: Orientation {'radio_id': 0
1236	12:48:59: Position Data {'radio_id': 0
1237	12:49:00: Orientation {'radio_id': 0
1238	12:49:00: Position Data {'radio_id': 0
1239	12:49:00: Orientation {'radio_id': 0
1240	12:49:00: Orientation {'radio_id': 0
1241	12:49:00: Ground Station GPS {'gs_lat': 44.82461751302083
1242	12:49:01: Position Data {'radio_id': 0
1243	12:49:01: Orientation {'radio_id': 0
1244	12:49:01: Position Data {'radio_id': 0
1245	12:49:01: Orientation {'radio_id': 0
1246	12:49:01: Position Data {'radio_id': 0
1247	12:49:01: Orientation {'radio_id': 0
1248	12:49:01: Position Data {'radio_id': 0
1249	12:49:02: Orientation {'radio_id': 0
1250	12:49:02: Position Data {'radio_id': 0
1251	12:49:02: Orientation {'radio_id': 0
1252	12:49:02: Position Data {'radio_id': 0
1253	12:49:02: Orientation {'radio_id': 0
1254	12:49:02: Position Data {'radio_id': 0
1255	12:49:02: Orientation {'radio_id': 0
1256	12:49:02: Position Data {'radio_id': 0
1257	12:49:02: Orientation {'radio_id': 0
1258	12:49:02: Position Data {'radio_id': 0
1259	12:49:03: Orientation {'radio_id': 0
1260	12:49:03: Position Data {'radio_id': 0
1261	12:49:03: Alt Info & Cfg {'radio_id': 0
1262	12:49:03: Orientation {'radio_id': 0
1263	12:49:03: Position Data {'radio_id': 0
1264	12:49:03: Orientation {'radio_id': 0
1265	12:49:03: Orientation {'radio_id': 0
1266	12:49:03: Orientation {'radio_id': 0
1267	12:49:03: Position Data {'radio_id': 0
1268	12:49:04: Orientation {'radio_id': 0
1269	12:49:04: Pyro Info {'radio_id': 0
1270	12:49:04: Orientation {'radio_id': 0
1271	12:49:04: Orientation {'radio_id': 0
1272	12:49:04: Alt Info & Cfg {'radio_id': 0
1273	12:49:04: Orientation {'radio_id': 0
1274	12:49:04: Orientation {'radio_id': 0
1275	12:49:05: Orientation {'radio_id': 0
1276	12:49:05: Position Data {'radio_id': 0
1277	12:49:05: Orientation {'radio_id': 0
1278	12:49:05: Position Data {'radio_id': 0
1279	12:49:05: Pyro Info {'radio_id': 0
1280	12:49:05: Orientation {'radio_id': 0
1281	12:49:05: Orientation {'radio_id': 0
1282	12:49:05: Position Data {'radio_id': 0
1283	12:49:05: Orientation {'radio_id': 0
1284	12:49:05: Position Data {'radio_id': 0
1285	12:49:06: Orientation {'radio_id': 0
1286	12:49:06: Position Data {'radio_id': 0
1287	12:49:06: Orientation {'radio_id': 0
1288	12:49:06: Position Data {'radio_id': 0
1289	12:49:06: Orientation {'radio_id': 0
1290	12:49:06: Position Data {'radio_id': 0
1291	12:49:06: Orientation {'radio_id': 0
1292	12:49:06: Position Data {'radio_id': 0
1293	12:49:06: Orientation {'radio_id': 0
1294	12:49:06: Alt Info & Cfg {'radio_id': 0
1295	12:49:07: Orientation {'radio_id': 0
1296	12:49:07: Position Data {'radio_id': 0
1297	12:49:07: Orientation {'radio_id': 0
1298	12:49:07: Position Data {'radio_id': 0
1299	12:49:07: Orientation {'radio_id': 0
1300	12:49:07: Orientation {'radio_id': 0
1301	12:49:07: Position Data {'radio_id': 0
1302	12:49:07: Orientation {'radio_id': 0
1303	12:49:07: Position Data {'radio_id': 0
1304	12:49:08: Orientation {'radio_id': 0
1305	12:49:08: Alt Info & Cfg {'radio_id': 0
1306	12:49:08: Orientation {'radio_id': 0
1307	12:49:08: Position Data {'radio_id': 0
1308	12:49:08: Orientation {'radio_id': 0
1309	12:49:08: Orientation {'radio_id': 0
1310	12:49:08: Position Data {'radio_id': 0
1311	12:49:09: Pyro Info {'radio_id': 0
1312	12:49:09: Orientation {'radio_id': 0
1313	12:49:09: Position Data {'radio_id': 0
1314	12:49:09: Orientation {'radio_id': 0
1315	12:49:09: Position Data {'radio_id': 0
1316	12:49:09: Orientation {'radio_id': 0
1317	12:49:09: Position Data {'radio_id': 0
1318	12:49:10: Orientation {'radio_id': 0
1319	12:49:10: Orientation {'radio_id': 0
1320	12:49:10: Position Data {'radio_id': 0
1321	12:49:10: Orientation {'radio_id': 0
1322	12:49:10: Position Data {'radio_id': 0
1323	12:49:10: Orientation {'radio_id': 0
1324	12:49:10: Ground Station GPS {'gs_lat': 44.824609375
1325	12:49:11: Orientation {'radio_id': 0
1326	12:49:11: Orientation {'radio_id': 0
1327	12:49:11: Alt Info & Cfg {'radio_id': 0
1328	12:49:12: Ground Station GPS {'gs_lat': 44.824609375
1329	12:49:14: Ground Station GPS {'gs_lat': 44.824609375
1330	12:49:16: Ground Station GPS {'gs_lat': 44.824609375
1331	12:49:18: Ground Station GPS {'gs_lat': 44.82461751302083
1332	12:49:20: Ground Station GPS {'gs_lat': 44.824625651041664
1333	12:49:22: Position Data {'radio_id': 0
1334	12:49:22: Orientation {'radio_id': 0
1335	12:49:22: Pyro Info {'radio_id': 0
1336	12:49:22: Position Data {'radio_id': 0
1337	12:49:22: Ground Station GPS {'gs_lat': 44.824625651041664
1338	12:49:24: Orientation {'radio_id': 0
1339	12:49:24: Position Data {'radio_id': 0
1340	12:49:24: Orientation {'radio_id': 0
1341	12:49:24: Position Data {'radio_id': 0
1342	12:49:24: Ground Station GPS {'gs_lat': 44.824625651041664
1343	12:49:24: Orientation {'radio_id': 0
1344	12:49:24: Position Data {'radio_id': 0
1345	12:49:25: Orientation {'radio_id': 0
1346	12:49:25: Position Data {'radio_id': 0
1347	12:49:25: Orientation {'radio_id': 0
1348	12:49:25: Orientation {'radio_id': 0
1349	12:49:25: Alt Info & Cfg {'radio_id': 0
1350	12:49:25: Orientation {'radio_id': 0
1351	12:49:25: Position Data {'radio_id': 0
1352	12:49:25: Orientation {'radio_id': 0
1353	12:49:25: Position Data {'radio_id': 0
1354	12:49:26: Orientation {'radio_id': 0
1355	12:49:26: Position Data {'radio_id': 0
1356	12:49:26: Orientation {'radio_id': 0
1357	12:49:26: Orientation {'radio_id': 0
1358	12:49:26: Orientation {'radio_id': 0
1359	12:49:26: Pyro Info {'radio_id': 0
1360	12:49:26: Orientation {'radio_id': 0
1361	12:49:27: Orientation {'radio_id': 0
1362	12:49:27: Orientation {'radio_id': 0
1363	12:49:27: Orientation {'radio_id': 0
1364	12:49:27: Position Data {'radio_id': 0
1365	12:49:27: Position Data {'radio_id': 0
1366	12:49:27: Alt Info & Cfg {'radio_id': 0
1367	12:49:28: Orientation {'radio_id': 0
1368	12:49:28: Orientation {'radio_id': 0
1369	12:49:28: Position Data {'radio_id': 0
1370	12:49:28: Orientation {'radio_id': 0
1371	12:49:28: Orientation {'radio_id': 0
1372	12:49:28: Pyro Info {'radio_id': 0
1373	12:49:28: Ground Station GPS {'gs_lat': 44.82461751302083
1374	12:49:28: Orientation {'radio_id': 0
1375	12:49:28: Position Data {'radio_id': 0
1376	12:49:29: Position Data {'radio_id': 0
1377	12:49:29: Orientation {'radio_id': 0
1378	12:49:29: Alt Info & Cfg {'radio_id': 0
1379	12:49:29: Orientation {'radio_id': 0
1380	12:49:29: Orientation {'radio_id': 0
1381	12:49:29: Position Data {'radio_id': 0
1382	12:49:29: Pyro Info {'radio_id': 0
1383	12:49:29: Orientation {'radio_id': 0
1384	12:49:30: Position Data {'radio_id': 0
1385	12:49:30: Orientation {'radio_id': 0
1386	12:49:30: Orientation {'radio_id': 0
1387	12:49:30: Position Data {'radio_id': 0
1388	12:49:30: Orientation {'radio_id': 0
1389	12:49:30: Pyro Info {'radio_id': 0
1390	12:49:30: Orientation {'radio_id': 0
1391	12:49:31: Orientation {'radio_id': 0
1392	12:49:31: Position Data {'radio_id': 0
1393	12:49:31: Position Data {'radio_id': 0
1394	12:49:31: Orientation {'radio_id': 0
1395	12:49:31: Alt Info & Cfg {'radio_id': 0
1396	12:49:31: Orientation {'radio_id': 0
1397	12:49:31: Position Data {'radio_id': 0
1398	12:49:32: Orientation {'radio_id': 0
1399	12:49:32: Orientation {'radio_id': 0
1400	12:49:32: Orientation {'radio_id': 0
1401	12:49:32: Ground Station GPS {'gs_lat': 44.82461751302083
1402	12:49:33: Orientation {'radio_id': 0
1403	12:49:33: Position Data {'radio_id': 0
1404	12:49:33: Orientation {'radio_id': 0
1405	12:49:33: Position Data {'radio_id': 0
1406	12:49:33: Orientation {'radio_id': 0
1407	12:49:33: Orientation {'radio_id': 0
1408	12:49:33: Pyro Info {'radio_id': 0
1409	12:49:33: Orientation {'radio_id': 0
1410	12:49:33: Position Data {'radio_id': 0
1411	12:49:34: Orientation {'radio_id': 0
1412	12:49:34: Alt Info & Cfg {'radio_id': 0
1413	12:49:34: Orientation {'radio_id': 0
1414	12:49:34: Position Data {'radio_id': 0
1415	12:49:34: Orientation {'radio_id': 0
1416	12:49:34: Position Data {'radio_id': 0
1417	12:49:34: Orientation {'radio_id': 0
1418	12:49:34: Pyro Info {'radio_id': 0
1419	12:49:34: Orientation {'radio_id': 0
1420	12:49:34: Position Data {'radio_id': 0
1421	12:49:35: Orientation {'radio_id': 0
1422	12:49:35: Position Data {'radio_id': 0
1423	12:49:35: Orientation {'radio_id': 0
1424	12:49:35: Position Data {'radio_id': 0
1425	12:49:35: Orientation {'radio_id': 0
1426	12:49:35: Alt Info & Cfg {'radio_id': 0
1427	12:49:35: Orientation {'radio_id': 0
1428	12:49:35: Position Data {'radio_id': 0
1429	12:49:35: Orientation {'radio_id': 0
1430	12:49:36: Orientation {'radio_id': 0
1431	12:49:36: Position Data {'radio_id': 0
1432	12:49:36: Orientation {'radio_id': 0
1433	12:49:36: Orientation {'radio_id': 0
1434	12:49:36: Orientation {'radio_id': 0
1435	12:49:36: Position Data {'radio_id': 0
1436	12:49:36: Ground Station GPS {'gs_lat': 44.824609375
1437	12:49:36: Orientation {'radio_id': 0
1438	12:49:36: Position Data {'radio_id': 0
1439	12:49:37: Orientation {'radio_id': 0
1440	12:49:37: Position Data {'radio_id': 0
1441	12:49:37: Orientation {'radio_id': 0
1442	12:49:37: Position Data {'radio_id': 0
1443	12:49:37: Orientation {'radio_id': 0
1444	12:49:37: Position Data {'radio_id': 0
1445	12:49:37: Orientation {'radio_id': 0
1446	12:49:37: Position Data {'radio_id': 0
1447	12:49:37: Orientation {'radio_id': 0
1448	12:49:37: Alt Info & Cfg {'radio_id': 0
1449	12:49:38: Orientation {'radio_id': 0
1450	12:49:38: Orientation {'radio_id': 0
1451	12:49:38: Position Data {'radio_id': 0
1452	12:49:38: Orientation {'radio_id': 0
1453	12:49:38: Position Data {'radio_id': 0
1454	12:49:38: Orientation {'radio_id': 0
1455	12:49:38: Position Data {'radio_id': 0
1456	12:49:38: Ground Station GPS {'gs_lat': 44.824609375
1457	12:49:38: Orientation {'radio_id': 0
1458	12:49:38: Position Data {'radio_id': 0
1459	12:49:39: Orientation {'radio_id': 0
1460	12:49:39: Alt Info & Cfg {'radio_id': 0
1461	12:49:39: Orientation {'radio_id': 0
1462	12:49:39: Orientation {'radio_id': 0
1463	12:49:39: Position Data {'radio_id': 0
1464	12:49:39: Orientation {'radio_id': 0
1465	12:49:39: Position Data {'radio_id': 0
1466	12:49:40: Orientation {'radio_id': 0
1467	12:49:40: Orientation {'radio_id': 0
1468	12:49:40: Position Data {'radio_id': 0
1469	12:49:40: Orientation {'radio_id': 0
1470	12:49:40: Position Data {'radio_id': 0
1471	12:49:40: Orientation {'radio_id': 0
1472	12:49:40: Ground Station GPS {'gs_lat': 44.824609375
1473	12:49:40: Orientation {'radio_id': 0
1474	12:49:41: Orientation {'radio_id': 0
1475	12:49:41: Position Data {'radio_id': 0
1476	12:49:41: Orientation {'radio_id': 0
1477	12:49:41: Position Data {'radio_id': 0
1478	12:49:41: Orientation {'radio_id': 0
1479	12:49:41: Position Data {'radio_id': 0
1480	12:49:41: Orientation {'radio_id': 0
1481	12:49:41: Position Data {'radio_id': 0
1482	12:49:41: Alt Info & Cfg {'radio_id': 0
1483	12:49:41: Orientation {'radio_id': 0
1484	12:49:42: Orientation {'radio_id': 0
1485	12:49:42: Orientation {'radio_id': 0
1486	12:49:42: Position Data {'radio_id': 0
1487	12:49:42: Orientation {'radio_id': 0
1488	12:49:42: Ground Station GPS {'gs_lat': 44.824609375
1489	12:49:42: Orientation {'radio_id': 0
1490	12:49:42: Alt Info & Cfg {'radio_id': 0
1491	12:49:43: Orientation {'radio_id': 0
1492	12:49:43: Orientation {'radio_id': 0
1493	12:49:43: Position Data {'radio_id': 0
1494	12:49:43: Orientation {'radio_id': 0
1495	12:49:43: Position Data {'radio_id': 0
1496	12:49:43: Orientation {'radio_id': 0
1497	12:49:43: Orientation {'radio_id': 0
1498	12:49:43: Position Data {'radio_id': 0
1499	12:49:44: Orientation {'radio_id': 0
1500	12:49:44: Alt Info & Cfg {'radio_id': 0
1501	12:49:44: Orientation {'radio_id': 0
1502	12:49:44: Position Data {'radio_id': 0
1503	12:49:44: Orientation {'radio_id': 0
1504	12:49:44: Orientation {'radio_id': 0
1505	12:49:44: Position Data {'radio_id': 0
1506	12:49:44: Ground Station GPS {'gs_lat': 44.824609375
1507	12:49:44: Position Data {'radio_id': 0
1508	12:49:45: Orientation {'radio_id': 0
1509	12:49:45: Position Data {'radio_id': 0
1510	12:49:45: Orientation {'radio_id': 0
1511	12:49:45: Position Data {'radio_id': 0
1512	12:49:45: Orientation {'radio_id': 0
1513	12:49:45: Orientation {'radio_id': 0
1514	12:49:45: Orientation {'radio_id': 0
1515	12:49:45: Pyro Info {'radio_id': 0
1516	12:49:46: Orientation {'radio_id': 0
1517	12:49:46: Position Data {'radio_id': 0
1518	12:49:46: Orientation {'radio_id': 0
1519	12:49:46: Position Data {'radio_id': 0
1520	12:49:46: Orientation {'radio_id': 0
1521	12:49:46: Position Data {'radio_id': 0
1522	12:49:46: Alt Info & Cfg {'radio_id': 0
1523	12:49:46: Orientation {'radio_id': 0
1524	12:49:46: Ground Station GPS {'gs_lat': 44.824609375
1525	12:49:46: Orientation {'radio_id': 0
1526	12:49:46: Position Data {'radio_id': 0
1527	12:49:47: Orientation {'radio_id': 0
1528	12:49:47: Pyro Info {'radio_id': 0
1529	12:49:47: Orientation {'radio_id': 0
1530	12:49:47: Position Data {'radio_id': 0
1531	12:49:47: Orientation {'radio_id': 0
1532	12:49:47: Orientation {'radio_id': 0
1533	12:49:47: Position Data {'radio_id': 0
1534	12:49:47: Orientation {'radio_id': 0
1535	12:49:48: Orientation {'radio_id': 0
1536	12:49:48: Position Data {'radio_id': 0
1537	12:49:48: CLI Data {'radio_id': 0
1538	12:49:48: CLI Data {'radio_id': 0
1539	12:49:48: CLI Data {'radio_id': 0
1540	12:49:48: CLI Data {'radio_id': 0
1541	12:49:48: CLI Data {'radio_id': 0
1542	12:49:48: CLI Data {'radio_id': 0
1543	12:49:48: Orientation {'radio_id': 0
1544	12:49:48: Ground Station GPS {'gs_lat': 44.824609375
1545	12:49:48: Orientation {'radio_id': 0
1546	12:49:49: Orientation {'radio_id': 0
1547	12:49:49: Position Data {'radio_id': 0
1548	12:49:49: Pyro Info {'radio_id': 0
1549	12:49:49: Orientation {'radio_id': 0
1550	12:49:49: Position Data {'radio_id': 0
1551	12:49:49: Orientation {'radio_id': 0
1552	12:49:49: Position Data {'radio_id': 0
1553	12:49:49: Orientation {'radio_id': 0
1554	12:49:49: Position Data {'radio_id': 0
1555	12:49:49: Orientation {'radio_id': 0
1556	12:49:50: Orientation {'radio_id': 0
1557	12:49:50: Pyro Info {'radio_id': 0
1558	12:49:50: Orientation {'radio_id': 0
1559	12:49:50: Alt Info & Cfg {'radio_id': 0
1560	12:49:50: Orientation {'radio_id': 0
1561	12:49:50: Orientation {'radio_id': 0
1562	12:49:50: Position Data {'radio_id': 0
1563	12:49:50: Ground Station GPS {'gs_lat': 44.824609375
1564	12:49:50: Orientation {'radio_id': 0
1565	12:49:51: Orientation {'radio_id': 0
1566	12:49:51: Pyro Info {'radio_id': 0
1567	12:49:51: Orientation {'radio_id': 0
1568	12:49:51: Orientation {'radio_id': 0
1569	12:49:51: Alt Info & Cfg {'radio_id': 0
1570	12:49:51: Orientation {'radio_id': 0
1571	12:49:51: Orientation {'radio_id': 0
1572	12:49:52: Orientation {'radio_id': 0
1573	12:49:52: Pyro Info {'radio_id': 0
1574	12:49:52: Orientation {'radio_id': 0
1575	12:49:52: Position Data {'radio_id': 0
1576	12:49:52: Orientation {'radio_id': 0
1577	12:49:52: Orientation {'radio_id': 0
1578	12:49:52: Position Data {'radio_id': 0
1579	12:49:52: Ground Station GPS {'gs_lat': 44.824609375
1580	12:49:52: Orientation {'radio_id': 0
1581	12:49:52: Position Data {'radio_id': 0
1582	12:49:53: Orientation {'radio_id': 0
1583	12:49:53: Pyro Info {'radio_id': 0
1584	12:49:53: Orientation {'radio_id': 0
1585	12:49:53: Orientation {'radio_id': 0
1586	12:49:53: Position Data {'radio_id': 0
1587	12:49:53: Orientation {'radio_id': 0
1588	12:49:53: Orientation {'radio_id': 0
1589	12:49:53: Position Data {'radio_id': 0
1590	12:49:54: Orientation {'radio_id': 0
1591	12:49:54: Alt Info & Cfg {'radio_id': 0
1592	12:49:54: Orientation {'radio_id': 0
1593	12:49:54: Position Data {'radio_id': 0
1594	12:49:54: Orientation {'radio_id': 0
1595	12:49:54: Orientation {'radio_id': 0
1596	12:49:54: Ground Station GPS {'gs_lat': 44.824609375
1597	12:49:54: Orientation {'radio_id': 0
1598	12:49:54: Position Data {'radio_id': 0
1599	12:49:55: Orientation {'radio_id': 0
1600	12:49:55: Position Data {'radio_id': 0
1601	12:49:55: Orientation {'radio_id': 0
1602	12:49:55: Position Data {'radio_id': 0
1603	12:49:55: Orientation {'radio_id': 0
1604	12:49:55: Position Data {'radio_id': 0
1605	12:49:55: Orientation {'radio_id': 0
1606	12:49:55: Position Data {'radio_id': 0
1607	12:49:56: Orientation {'radio_id': 0
1608	12:49:56: Position Data {'radio_id': 0
1609	12:49:56: Pyro Info {'radio_id': 0
1610	12:49:56: Orientation {'radio_id': 0
1611	12:49:56: Position Data {'radio_id': 0
1612	12:49:56: Orientation {'radio_id': 0
1613	12:49:56: Ground Station GPS {'gs_lat': 44.824609375
1614	12:49:56: Orientation {'radio_id': 0
1615	12:49:57: Orientation {'radio_id': 0
1616	12:49:57: Position Data {'radio_id': 0
1617	12:49:57: Orientation {'radio_id': 0
1618	12:49:57: Orientation {'radio_id': 0
1619	12:49:57: Orientation {'radio_id': 0
1620	12:49:57: Alt Info & Cfg {'radio_id': 0
1621	12:49:57: Orientation {'radio_id': 0
1622	12:49:57: Position Data {'radio_id': 0
1623	12:49:58: Orientation {'radio_id': 0
1624	12:49:58: Orientation {'radio_id': 0
1625	12:49:58: Position Data {'radio_id': 0
1626	12:49:58: Orientation {'radio_id': 0
1627	12:49:58: Orientation {'radio_id': 0
1628	12:49:58: Position Data {'radio_id': 0
1629	12:49:58: Ground Station GPS {'gs_lat': 44.824609375
1630	12:49:58: Orientation {'radio_id': 0
1631	12:49:58: Position Data {'radio_id': 0
1632	12:49:58: Alt Info & Cfg {'radio_id': 0
1633	12:49:59: Orientation {'radio_id': 0
1634	12:49:59: Orientation {'radio_id': 0
1635	12:49:59: Position Data {'radio_id': 0
1636	12:49:59: Orientation {'radio_id': 0
1637	12:49:59: Position Data {'radio_id': 0
1638	12:49:59: Orientation {'radio_id': 0
1639	12:49:59: Orientation {'radio_id': 0
1640	12:49:59: Position Data {'radio_id': 0
1641	12:50:00: Orientation {'radio_id': 0
1642	12:50:00: Position Data {'radio_id': 0
1643	12:50:00: Orientation {'radio_id': 0
1644	12:50:00: Position Data {'radio_id': 0
1645	12:50:00: Orientation {'radio_id': 0
1646	12:50:00: Orientation {'radio_id': 0
1647	12:50:00: Position Data {'radio_id': 0
1648	12:50:00: Ground Station GPS {'gs_lat': 44.824609375
1649	12:50:00: Orientation {'radio_id': 0
1650	12:50:00: Position Data {'radio_id': 0
1651	12:50:01: Orientation {'radio_id': 0
1652	12:50:01: Position Data {'radio_id': 0
1653	12:50:01: Orientation {'radio_id': 0
1654	12:50:01: Position Data {'radio_id': 0
1655	12:50:01: Pyro Info {'radio_id': 0
1656	12:50:01: Orientation {'radio_id': 0
1657	12:50:01: Alt Info & Cfg {'radio_id': 0
1658	12:50:01: Orientation {'radio_id': 0
1659	12:50:01: Orientation {'radio_id': 0
1660	12:50:01: Position Data {'radio_id': 0
1661	12:50:02: Orientation {'radio_id': 0
1662	12:50:02: Position Data {'radio_id': 0
1663	12:50:02: Orientation {'radio_id': 0
1664	12:50:02: Position Data {'radio_id': 0
1665	12:50:02: Orientation {'radio_id': 0
1666	12:50:02: Orientation {'radio_id': 0
1667	12:50:02: Position Data {'radio_id': 0
1668	12:50:02: Alt Info & Cfg {'radio_id': 0
1669	12:50:02: Ground Station GPS {'gs_lat': 44.824609375
1670	12:50:02: Position Data {'radio_id': 0
1671	12:50:03: Orientation {'radio_id': 0
1672	12:50:03: Position Data {'radio_id': 0
1673	12:50:03: Orientation {'radio_id': 0
1674	12:50:03: Pyro Info {'radio_id': 0
1675	12:50:03: Orientation {'radio_id': 0
1676	12:50:03: Position Data {'radio_id': 0
1677	12:50:03: Orientation {'radio_id': 0
1678	12:50:03: Position Data {'radio_id': 0
1679	12:50:03: Orientation {'radio_id': 0
1680	12:50:03: Position Data {'radio_id': 0
1681	12:50:04: Orientation {'radio_id': 0
1682	12:50:04: Orientation {'radio_id': 0
1683	12:50:04: Position Data {'radio_id': 0
1684	12:50:04: Orientation {'radio_id': 0
1685	12:50:04: Position Data {'radio_id': 0
1686	12:50:04: Ground Station GPS {'gs_lat': 44.824609375
1687	12:50:04: Orientation {'radio_id': 0
1688	12:50:04: Position Data {'radio_id': 0
1689	12:50:05: Orientation {'radio_id': 0
1690	12:50:05: Alt Info & Cfg {'radio_id': 0
1691	12:50:05: Alt Info & Cfg {'radio_id': 0
1692	12:50:05: Position Data {'radio_id': 0
1693	12:50:05: Orientation {'radio_id': 0
1694	12:50:05: Orientation {'radio_id': 0
1695	12:50:06: Orientation {'radio_id': 0
1696	12:50:06: Position Data {'radio_id': 0
1697	12:50:06: Pyro Info {'radio_id': 0
1698	12:50:06: Orientation {'radio_id': 0
1699	12:50:06: Position Data {'radio_id': 0
1700	12:50:06: Alt Info & Cfg {'radio_id': 0
1701	12:50:06: Orientation {'radio_id': 0
1702	12:50:06: Position Data {'radio_id': 0
1703	12:50:06: Ground Station GPS {'gs_lat': 44.824609375
1704	12:50:06: Orientation {'radio_id': 0
1705	12:50:07: Orientation {'radio_id': 0
1706	12:50:07: Orientation {'radio_id': 0
1707	12:50:07: Pyro Info {'radio_id': 0
1708	12:50:07: Orientation {'radio_id': 0
1709	12:50:07: Position Data {'radio_id': 0
1710	12:50:07: Orientation {'radio_id': 0
1711	12:50:07: Position Data {'radio_id': 0
1712	12:50:07: Orientation {'radio_id': 0
1713	12:50:08: Orientation {'radio_id': 0
1714	12:50:08: Position Data {'radio_id': 0
1715	12:50:08: Orientation {'radio_id': 0
1716	12:50:08: Orientation {'radio_id': 0
1717	12:50:08: Position Data {'radio_id': 0
1718	12:50:08: Pyro Info {'radio_id': 0
1719	12:50:08: Orientation {'radio_id': 0
1720	12:50:08: Position Data {'radio_id': 0
1721	12:50:08: Ground Station GPS {'gs_lat': 44.824609375
1722	12:50:08: Orientation {'radio_id': 0
1723	12:50:08: Position Data {'radio_id': 0
1724	12:50:08: Alt Info & Cfg {'radio_id': 0
1725	12:50:09: Orientation {'radio_id': 0
1726	12:50:09: Position Data {'radio_id': 0
1727	12:50:09: Orientation {'radio_id': 0
1728	12:50:09: Orientation {'radio_id': 0
1729	12:50:09: Pyro Info {'radio_id': 0
1730	12:50:09: Orientation {'radio_id': 0
1731	12:50:09: Position Data {'radio_id': 0
1732	12:50:09: Orientation {'radio_id': 0
1733	12:50:10: Position Data {'radio_id': 0
1734	12:50:10: Alt Info & Cfg {'radio_id': 0
1735	12:50:10: Ground Station GPS {'gs_lat': 44.824609375
1736	12:50:10: Position Data {'radio_id': 0
1737	12:50:11: Orientation {'radio_id': 0
1738	12:50:11: Orientation {'radio_id': 0
1739	12:50:11: Position Data {'radio_id': 0
1740	12:50:11: Alt Info & Cfg {'radio_id': 0
1741	12:50:11: Position Data {'radio_id': 0
1742	12:50:11: Position Data {'radio_id': 0
1743	12:50:11: Orientation {'radio_id': 0
1744	12:50:12: Position Data {'radio_id': 0
1745	12:50:12: Orientation {'radio_id': 0
1746	12:50:12: Position Data {'radio_id': 0
1747	12:50:12: Orientation {'radio_id': 0
1748	12:50:12: Position Data {'radio_id': 0
1749	12:50:12: Orientation {'radio_id': 0
1750	12:50:12: Alt Info & Cfg {'radio_id': 0
1751	12:50:12: Ground Station GPS {'gs_lat': 44.824609375
1752	12:50:12: Position Data {'radio_id': 0
1753	12:50:13: Orientation {'radio_id': 0
1754	12:50:13: Position Data {'radio_id': 0
1755	12:50:13: Orientation {'radio_id': 0
1756	12:50:13: Position Data {'radio_id': 0
1757	12:50:13: Orientation {'radio_id': 0
1758	12:50:13: Position Data {'radio_id': 0
1759	12:50:14: Orientation {'radio_id': 0
1760	12:50:14: Position Data {'radio_id': 0
1761	12:50:14: Orientation {'radio_id': 0
1762	12:50:14: Orientation {'radio_id': 0
1763	12:50:14: Position Data {'radio_id': 0
1764	12:50:14: Orientation {'radio_id': 0
1765	12:50:14: Position Data {'radio_id': 0
1766	12:50:14: Ground Station GPS {'gs_lat': 44.824609375
1767	12:50:14: Orientation {'radio_id': 0
1768	12:50:14: Position Data {'radio_id': 0
1769	12:50:15: Orientation {'radio_id': 0
1770	12:50:15: Position Data {'radio_id': 0
1771	12:50:15: Alt Info & Cfg {'radio_id': 0
1772	12:50:15: Orientation {'radio_id': 0
1773	12:50:15: Position Data {'radio_id': 0
1774	12:50:15: Orientation {'radio_id': 0
1775	12:50:15: Position Data {'radio_id': 0
1776	12:50:15: Orientation {'radio_id': 0
1777	12:50:15: Orientation {'radio_id': 0
1778	12:50:15: Pyro Info {'radio_id': 0
1779	12:50:16: Orientation {'radio_id': 0
1780	12:50:16: Orientation {'radio_id': 0
1781	12:50:16: Position Data {'radio_id': 0
1782	12:50:16: Orientation {'radio_id': 0
1783	12:50:16: Position Data {'radio_id': 0
1784	12:50:16: Orientation {'radio_id': 0
1785	12:50:16: Ground Station GPS {'gs_lat': 44.824609375
1786	12:50:16: Orientation {'radio_id': 0
1787	12:50:16: Pyro Info {'radio_id': 0
1788	12:50:17: Orientation {'radio_id': 0
1789	12:50:17: Orientation {'radio_id': 0
1790	12:50:17: Orientation {'radio_id': 0
1791	12:50:17: Position Data {'radio_id': 0
1792	12:50:17: Orientation {'radio_id': 0
1793	12:50:17: Position Data {'radio_id': 0
1794	12:50:17: Orientation {'radio_id': 0
1795	12:50:17: Pyro Info {'radio_id': 0
1796	12:50:18: Orientation {'radio_id': 0
1797	12:50:18: Position Data {'radio_id': 0
1798	12:50:18: Orientation {'radio_id': 0
1799	12:50:18: Position Data {'radio_id': 0
1800	12:50:18: Orientation {'radio_id': 0
1801	12:50:18: Orientation {'radio_id': 0
1802	12:50:18: Ground Station GPS {'gs_lat': 44.824609375
1803	12:50:18: Orientation {'radio_id': 0
1804	12:50:18: Position Data {'radio_id': 0
1805	12:50:19: Orientation {'radio_id': 0
1806	12:50:19: Orientation {'radio_id': 0
1807	12:50:19: Position Data {'radio_id': 0
1808	12:50:19: Orientation {'radio_id': 0
1809	12:50:19: Position Data {'radio_id': 0
1810	12:50:19: Orientation {'radio_id': 0
1811	12:50:19: Orientation {'radio_id': 0
1812	12:50:19: Position Data {'radio_id': 0
1813	12:50:19: Pyro Info {'radio_id': 0
1814	12:50:20: Orientation {'radio_id': 0
1815	12:50:20: Position Data {'radio_id': 0
1816	12:50:20: Orientation {'radio_id': 0
1817	12:50:20: Orientation {'radio_id': 0
1818	12:50:20: Orientation {'radio_id': 0
1819	12:50:20: Position Data {'radio_id': 0
1820	12:50:20: Ground Station GPS {'gs_lat': 44.824609375
1821	12:50:20: Position Data {'radio_id': 0
1822	12:50:21: Orientation {'radio_id': 0
1823	12:50:21: Orientation {'radio_id': 0
1824	12:50:21: Position Data {'radio_id': 0
1825	12:50:21: Alt Info & Cfg {'radio_id': 0
1826	12:50:21: Orientation {'radio_id': 0
1827	12:50:21: Orientation {'radio_id': 0
1828	12:50:21: Position Data {'radio_id': 0
1829	12:50:21: Orientation {'radio_id': 0
1830	12:50:22: Position Data {'radio_id': 0
1831	12:50:22: Orientation {'radio_id': 0
1832	12:50:22: Orientation {'radio_id': 0
1833	12:50:22: Position Data {'radio_id': 0
1834	12:50:22: Ground Station GPS {'gs_lat': 44.824609375
1835	12:50:22: Orientation {'radio_id': 0
1836	12:50:22: Position Data {'radio_id': 0
1837	12:50:23: Orientation {'radio_id': 0
1838	12:50:23: Position Data {'radio_id': 0
1839	12:50:23: Orientation {'radio_id': 0
1840	12:50:23: Position Data {'radio_id': 0
1841	12:50:23: Orientation {'radio_id': 0
1842	12:50:23: Orientation {'radio_id': 0
1843	12:50:23: Position Data {'radio_id': 0
1844	12:50:23: Alt Info & Cfg {'radio_id': 0
1845	12:50:23: Position Data {'radio_id': 0
1846	12:50:23: Pyro Info {'radio_id': 0
1847	12:50:24: Orientation {'radio_id': 0
1848	12:50:24: Orientation {'radio_id': 0
1849	12:50:24: Position Data {'radio_id': 0
1850	12:50:24: Orientation {'radio_id': 0
1851	12:50:24: Orientation {'radio_id': 0
1852	12:50:24: Position Data {'radio_id': 0
1853	12:50:24: Ground Station GPS {'gs_lat': 44.824609375
1854	12:50:24: Position Data {'radio_id': 0
1855	12:50:24: Pyro Info {'radio_id': 0
1856	12:50:25: Orientation {'radio_id': 0
1857	12:50:25: Position Data {'radio_id': 0
1858	12:50:25: Orientation {'radio_id': 0
1859	12:50:25: Orientation {'radio_id': 0
1860	12:50:25: Orientation {'radio_id': 0
1861	12:50:25: Position Data {'radio_id': 0
1862	12:50:25: Orientation {'radio_id': 0
1863	12:50:25: Position Data {'radio_id': 0
1864	12:50:26: Orientation {'radio_id': 0
1865	12:50:26: Orientation {'radio_id': 0
1866	12:50:26: Alt Info & Cfg {'radio_id': 0
1867	12:50:26: Orientation {'radio_id': 0
1868	12:50:26: Position Data {'radio_id': 0
1869	12:50:26: Orientation {'radio_id': 0
1870	12:50:26: Position Data {'radio_id': 0
1871	12:50:26: Ground Station GPS {'gs_lat': 44.824609375
1872	12:50:26: Orientation {'radio_id': 0
1873	12:50:27: Orientation {'radio_id': 0
1874	12:50:27: Position Data {'radio_id': 0
1875	12:50:27: Orientation {'radio_id': 0
1876	12:50:27: Position Data {'radio_id': 0
1877	12:50:27: Orientation {'radio_id': 0
1878	12:50:27: Alt Info & Cfg {'radio_id': 0
1879	12:50:27: Orientation {'radio_id': 0
1880	12:50:27: Orientation {'radio_id': 0
1881	12:50:28: Orientation {'radio_id': 0
1882	12:50:28: Position Data {'radio_id': 0
1883	12:50:28: Orientation {'radio_id': 0
1884	12:50:28: Orientation {'radio_id': 0
1885	12:50:28: Position Data {'radio_id': 0
1886	12:50:28: Orientation {'radio_id': 0
1887	12:50:28: Position Data {'radio_id': 0
1888	12:50:28: Ground Station GPS {'gs_lat': 44.82460123697917
1889	12:50:28: Orientation {'radio_id': 0
1890	12:50:28: Position Data {'radio_id': 0
1891	12:50:29: Orientation {'radio_id': 0
1892	12:50:29: Position Data {'radio_id': 0
1893	12:50:29: Orientation {'radio_id': 0
1894	12:50:29: Position Data {'radio_id': 0
1895	12:50:29: Orientation {'radio_id': 0
1896	12:50:29: Position Data {'radio_id': 0
1897	12:50:29: Orientation {'radio_id': 0
1898	12:50:29: Orientation {'radio_id': 0
1899	12:50:29: Alt Info & Cfg {'radio_id': 0
1900	12:50:30: Orientation {'radio_id': 0
1901	12:50:30: Position Data {'radio_id': 0
1902	12:50:30: Orientation {'radio_id': 0
1903	12:50:30: Orientation {'radio_id': 0
1904	12:50:30: Position Data {'radio_id': 0
1905	12:50:30: Orientation {'radio_id': 0
1906	12:50:30: Position Data {'radio_id': 0
1907	12:50:30: Ground Station GPS {'gs_lat': 44.82460123697917
1908	12:50:30: Orientation {'radio_id': 0
1909	12:50:31: Orientation {'radio_id': 0
1910	12:50:31: Pyro Info {'radio_id': 0
1911	12:50:31: Orientation {'radio_id': 0
1912	12:50:31: Position Data {'radio_id': 0
1913	12:50:31: Alt Info & Cfg {'radio_id': 0
1914	12:50:31: Orientation {'radio_id': 0
1915	12:50:31: Position Data {'radio_id': 0
1916	12:50:31: Orientation {'radio_id': 0
1917	12:50:31: Orientation {'radio_id': 0
1918	12:50:31: Position Data {'radio_id': 0
1919	12:50:32: Orientation {'radio_id': 0
1920	12:50:32: Position Data {'radio_id': 0
1921	12:50:32: Orientation {'radio_id': 0
1922	12:50:32: Orientation {'radio_id': 0
1923	12:50:32: Position Data {'radio_id': 0
1924	12:50:32: Orientation {'radio_id': 0
1925	12:50:32: Position Data {'radio_id': 0
1926	12:50:32: Ground Station GPS {'gs_lat': 44.824609375
1927	12:50:32: Position Data {'radio_id': 0
1928	12:50:33: Orientation {'radio_id': 0
1929	12:50:33: Position Data {'radio_id': 0
1930	12:50:33: Pyro Info {'radio_id': 0
1931	12:50:33: Orientation {'radio_id': 0
1932	12:50:33: Orientation {'radio_id': 0
1933	12:50:33: Position Data {'radio_id': 0
1934	12:50:33: Orientation {'radio_id': 0
1935	12:50:33: Position Data {'radio_id': 0
1936	12:50:33: Orientation {'radio_id': 0
1937	12:50:33: Position Data {'radio_id': 0
1938	12:50:34: Orientation {'radio_id': 0
1939	12:50:34: Position Data {'radio_id': 0
1940	12:50:34: Orientation {'radio_id': 0
1941	12:50:34: Position Data {'radio_id': 0
1942	12:50:34: Orientation {'radio_id': 0
1943	12:50:34: Orientation {'radio_id': 0
1944	12:50:34: Position Data {'radio_id': 0
1945	12:50:34: Ground Station GPS {'gs_lat': 44.824609375
1946	12:50:34: Position Data {'radio_id': 0
1947	12:50:35: Orientation {'radio_id': 0
1948	12:50:35: Position Data {'radio_id': 0
1949	12:50:35: Pyro Info {'radio_id': 0
1950	12:50:35: Orientation {'radio_id': 0
1951	12:50:35: Position Data {'radio_id': 0
1952	12:50:35: Orientation {'radio_id': 0
1953	12:50:35: Position Data {'radio_id': 0
1954	12:50:35: Orientation {'radio_id': 0
1955	12:50:35: Orientation {'radio_id': 0
1956	12:50:35: Position Data {'radio_id': 0
1957	12:50:36: Orientation {'radio_id': 0
1958	12:50:36: Alt Info & Cfg {'radio_id': 0
1959	12:50:36: Orientation {'radio_id': 0
1960	12:50:36: Position Data {'radio_id': 0
1961	12:50:36: Orientation {'radio_id': 0
1962	12:50:36: Orientation {'radio_id': 0
1963	12:50:36: Ground Station GPS {'gs_lat': 44.824609375
1964	12:50:36: Orientation {'radio_id': 0
1965	12:50:36: Position Data {'radio_id': 0
1966	12:50:37: Orientation {'radio_id': 0
1967	12:50:37: Orientation {'radio_id': 0
1968	12:50:37: Position Data {'radio_id': 0
1969	12:50:37: Pyro Info {'radio_id': 0
1970	12:50:37: Orientation {'radio_id': 0
1971	12:50:37: Position Data {'radio_id': 0
1972	12:50:37: Alt Info & Cfg {'radio_id': 0
1973	12:50:37: Orientation {'radio_id': 0
1974	12:50:37: Position Data {'radio_id': 0
1975	12:50:37: Orientation {'radio_id': 0
1976	12:50:38: Orientation {'radio_id': 0
1977	12:50:38: Orientation {'radio_id': 0
1978	12:50:38: Position Data {'radio_id': 0
1979	12:50:38: Orientation {'radio_id': 0
1980	12:50:38: Orientation {'radio_id': 0
1981	12:50:38: Alt Info & Cfg {'radio_id': 0
1982	12:50:38: Ground Station GPS {'gs_lat': 44.824609375
1983	12:50:38: Position Data {'radio_id': 0
1984	12:50:38: Orientation {'radio_id': 0
1985	12:50:39: Position Data {'radio_id': 0
1986	12:50:39: Orientation {'radio_id': 0
1987	12:50:39: Position Data {'radio_id': 0
1988	12:50:39: Orientation {'radio_id': 0
1989	12:50:39: Orientation {'radio_id': 0
1990	12:50:39: Position Data {'radio_id': 0
1991	12:50:39: Orientation {'radio_id': 0
1992	12:50:39: Position Data {'radio_id': 0
1993	12:50:39: Orientation {'radio_id': 0
1994	12:50:40: Position Data {'radio_id': 0
1995	12:50:40: Orientation {'radio_id': 0
1996	12:50:40: Pyro Info {'radio_id': 0
1997	12:50:40: Orientation {'radio_id': 0
1998	12:50:40: Orientation {'radio_id': 0
1999	12:50:40: Position Data {'radio_id': 0
2000	12:50:40: Ground Station GPS {'gs_lat': 44.824609375
2001	12:50:40: Position Data {'radio_id': 0
2002	12:50:41: Orientation {'radio_id': 0
2003	12:50:41: Position Data {'radio_id': 0
2004	12:50:41: Orientation {'radio_id': 0
2005	12:50:41: Position Data {'radio_id': 0
2006	12:50:41: Orientation {'radio_id': 0
2007	12:50:41: Position Data {'radio_id': 0
2008	12:50:41: Orientation {'radio_id': 0
2009	12:50:41: Position Data {'radio_id': 0
2010	12:50:41: Orientation {'radio_id': 0
2011	12:50:41: Position Data {'radio_id': 0
2012	12:50:41: Orientation {'radio_id': 0
2013	12:50:42: Position Data {'radio_id': 0
2014	12:50:42: Orientation {'radio_id': 0
2015	12:50:42: Pyro Info {'radio_id': 0
2016	12:50:42: Orientation {'radio_id': 0
2017	12:50:42: Orientation {'radio_id': 0
2018	12:50:42: Ground Station GPS {'gs_lat': 44.824609375
2019	12:50:43: Orientation {'radio_id': 0
2020	12:50:43: Position Data {'radio_id': 0
2021	12:50:43: Orientation {'radio_id': 0
2022	12:50:43: Position Data {'radio_id': 0
2023	12:50:43: Orientation {'radio_id': 0
2024	12:50:43: Orientation {'radio_id': 0
2025	12:50:43: Position Data {'radio_id': 0
2026	12:50:43: Alt Info & Cfg {'radio_id': 0
2027	12:50:43: Orientation {'radio_id': 0
2028	12:50:43: Position Data {'radio_id': 0
2029	12:50:44: Orientation {'radio_id': 0
2030	12:50:44: Position Data {'radio_id': 0
2031	12:50:44: Orientation {'radio_id': 0
2032	12:50:44: Pyro Info {'radio_id': 0
2033	12:50:44: Orientation {'radio_id': 0
2034	12:50:44: Position Data {'radio_id': 0
2035	12:50:44: Orientation {'radio_id': 0
2036	12:50:44: Ground Station GPS {'gs_lat': 44.824609375
2037	12:50:44: Alt Info & Cfg {'radio_id': 0
2038	12:50:45: Orientation {'radio_id': 0
2039	12:50:45: Position Data {'radio_id': 0
2040	12:50:45: Orientation {'radio_id': 0
2041	12:50:45: Pyro Info {'radio_id': 0
2042	12:50:45: Orientation {'radio_id': 0
2043	12:50:45: Position Data {'radio_id': 0
2044	12:50:45: Orientation {'radio_id': 0
2045	12:50:45: Orientation {'radio_id': 0
2046	12:50:46: Orientation {'radio_id': 0
2047	12:50:46: Position Data {'radio_id': 0
2048	12:50:46: Alt Info & Cfg {'radio_id': 0
2049	12:50:46: Orientation {'radio_id': 0
2050	12:50:46: Position Data {'radio_id': 0
2051	12:50:46: Pyro Info {'radio_id': 0
2052	12:50:46: Orientation {'radio_id': 0
2053	12:50:46: Position Data {'radio_id': 0
2054	12:50:46: Orientation {'radio_id': 0
2055	12:50:46: Position Data {'radio_id': 0
2056	12:50:46: Ground Station GPS {'gs_lat': 44.82460123697917
2057	12:50:47: Orientation {'radio_id': 0
2058	12:50:47: Orientation {'radio_id': 0
2059	12:50:47: Position Data {'radio_id': 0
2060	12:50:47: Alt Info & Cfg {'radio_id': 0
2061	12:50:47: Orientation {'radio_id': 0
2062	12:50:47: Pyro Info {'radio_id': 0
2063	12:50:47: Orientation {'radio_id': 0
2064	12:50:47: Position Data {'radio_id': 0
2065	12:50:47: Orientation {'radio_id': 0
2066	12:50:47: Position Data {'radio_id': 0
2067	12:50:48: Orientation {'radio_id': 0
2068	12:50:48: Orientation {'radio_id': 0
2069	12:50:48: Orientation {'radio_id': 0
2070	12:50:48: Position Data {'radio_id': 0
2071	12:50:48: Pyro Info {'radio_id': 0
2072	12:50:48: Alt Info & Cfg {'radio_id': 0
2073	12:50:48: Orientation {'radio_id': 0
2074	12:50:48: Position Data {'radio_id': 0
2075	12:50:48: Ground Station GPS {'gs_lat': 44.82460123697917
2076	12:50:48: Position Data {'radio_id': 0
2077	12:50:49: Orientation {'radio_id': 0
2078	12:50:49: Position Data {'radio_id': 0
2079	12:50:49: Orientation {'radio_id': 0
2080	12:50:49: Orientation {'radio_id': 0
2081	12:50:49: Position Data {'radio_id': 0
2082	12:50:49: Orientation {'radio_id': 0
2083	12:50:49: Position Data {'radio_id': 0
2084	12:50:49: Orientation {'radio_id': 0
2085	12:50:49: Position Data {'radio_id': 0
2086	12:50:50: Orientation {'radio_id': 0
2087	12:50:50: Orientation {'radio_id': 0
2088	12:50:50: Position Data {'radio_id': 0
2089	12:50:50: Orientation {'radio_id': 0
2090	12:50:50: Position Data {'radio_id': 0
2091	12:50:50: Pyro Info {'radio_id': 0
2092	12:50:50: Orientation {'radio_id': 0
2093	12:50:50: Position Data {'radio_id': 0
2094	12:50:50: Orientation {'radio_id': 0
2095	12:50:50: Position Data {'radio_id': 0
2096	12:50:51: Orientation {'radio_id': 0
2097	12:50:51: Alt Info & Cfg {'radio_id': 0
2098	12:50:51: Orientation {'radio_id': 0
2099	12:50:51: Position Data {'radio_id': 0
2100	12:50:51: Orientation {'radio_id': 0
2101	12:50:51: Position Data {'radio_id': 0
2102	12:50:51: Orientation {'radio_id': 0
2103	12:50:51: Position Data {'radio_id': 0
2104	12:50:51: Orientation {'radio_id': 0
2105	12:50:52: Orientation {'radio_id': 0
2106	12:50:52: Position Data {'radio_id': 0
2107	12:50:52: Orientation {'radio_id': 0
2108	12:50:52: Position Data {'radio_id': 0
2109	12:50:52: Orientation {'radio_id': 0
2110	12:50:52: Position Data {'radio_id': 0
2111	12:50:52: Orientation {'radio_id': 0
2112	12:50:52: Orientation {'radio_id': 0
2113	12:50:52: Position Data {'radio_id': 0
2114	12:50:53: Orientation {'radio_id': 0
2115	12:50:53: Position Data {'radio_id': 0
2116	12:50:53: Orientation {'radio_id': 0
2117	12:50:53: Position Data {'radio_id': 0
2118	12:50:53: Orientation {'radio_id': 0
2119	12:50:53: Alt Info & Cfg {'radio_id': 0
2120	12:50:53: Pyro Info {'radio_id': 0
2121	12:50:53: Orientation {'radio_id': 0
2122	12:50:53: Position Data {'radio_id': 0
2123	12:50:53: Orientation {'radio_id': 0
2124	12:50:53: Position Data {'radio_id': 0
2125	12:50:54: Orientation {'radio_id': 0
2126	12:50:54: Position Data {'radio_id': 0
2127	12:50:54: Orientation {'radio_id': 0
2128	12:50:54: Position Data {'radio_id': 0
2129	12:50:54: Orientation {'radio_id': 0
2130	12:50:54: Position Data {'radio_id': 0
2131	12:50:54: Pyro Info {'radio_id': 0
2132	12:50:54: Orientation {'radio_id': 0
2133	12:50:54: Alt Info & Cfg {'radio_id': 0
2134	12:50:54: Orientation {'radio_id': 0
2135	12:50:55: Orientation {'radio_id': 0
2136	12:50:55: Position Data {'radio_id': 0
2137	12:50:55: Orientation {'radio_id': 0
2138	12:50:55: Orientation {'radio_id': 0
2139	12:50:55: Position Data {'radio_id': 0
2140	12:50:55: Orientation {'radio_id': 0
2141	12:50:55: Position Data {'radio_id': 0
2142	12:50:55: Orientation {'radio_id': 0
2143	12:50:55: Position Data {'radio_id': 0
2144	12:50:56: Orientation {'radio_id': 0
2145	12:50:56: Position Data {'radio_id': 0
2146	12:50:56: Orientation {'radio_id': 0
2147	12:50:56: Orientation {'radio_id': 0
2148	12:50:56: Pyro Info {'radio_id': 0
2149	12:50:56: Orientation {'radio_id': 0
2150	12:50:56: Position Data {'radio_id': 0
2151	12:50:56: Orientation {'radio_id': 0
2152	12:50:56: Ground Station GPS {'gs_lat': 44.82460123697917
2153	12:50:57: Orientation {'radio_id': 0
2154	12:50:57: Orientation {'radio_id': 0
2155	12:50:57: Position Data {'radio_id': 0
2156	12:50:57: Alt Info & Cfg {'radio_id': 0
2157	12:50:57: Orientation {'radio_id': 0
2158	12:50:57: Position Data {'radio_id': 0
2159	12:50:57: Orientation {'radio_id': 0
2160	12:50:57: Pyro Info {'radio_id': 0
2161	12:50:57: Orientation {'radio_id': 0
2162	12:50:57: Position Data {'radio_id': 0
2163	12:50:58: Orientation {'radio_id': 0
2164	12:50:58: Position Data {'radio_id': 0
2165	12:50:58: Orientation {'radio_id': 0
2166	12:50:58: Orientation {'radio_id': 0
2167	12:50:58: Position Data {'radio_id': 0
2168	12:50:58: Alt Info & Cfg {'radio_id': 0
2169	12:50:58: Orientation {'radio_id': 0
2170	12:50:58: Position Data {'radio_id': 0
2171	12:50:58: Orientation {'radio_id': 0
2172	12:50:59: Orientation {'radio_id': 0
2173	12:50:59: Position Data {'radio_id': 0
2174	12:50:59: Orientation {'radio_id': 0
2175	12:50:59: Position Data {'radio_id': 0
2176	12:50:59: Orientation {'radio_id': 0
2177	12:50:59: Position Data {'radio_id': 0
2178	12:50:59: Orientation {'radio_id': 0
2179	12:50:59: Position Data {'radio_id': 0
2180	12:50:59: Pyro Info {'radio_id': 0
2181	12:50:59: Orientation {'radio_id': 0
2182	12:50:59: Position Data {'radio_id': 0
2183	12:51:00: Orientation {'radio_id': 0
2184	12:51:00: Orientation {'radio_id': 0
2185	12:51:00: Orientation {'radio_id': 0
2186	12:51:00: Orientation {'radio_id': 0
2187	12:51:00: Position Data {'radio_id': 0
2188	12:51:00: Orientation {'radio_id': 0
2189	12:51:00: Ground Station GPS {'gs_lat': 44.82460123697917
2190	12:51:00: Position Data {'radio_id': 0
2191	12:51:00: Alt Info & Cfg {'radio_id': 0
2192	12:51:01: Orientation {'radio_id': 0
2193	12:51:01: Position Data {'radio_id': 0
2194	12:51:01: Orientation {'radio_id': 0
2195	12:51:01: Orientation {'radio_id': 0
2196	12:51:01: Position Data {'radio_id': 0
2197	12:51:01: Orientation {'radio_id': 0
2198	12:51:01: Position Data {'radio_id': 0
2199	12:51:01: Orientation {'radio_id': 0
2200	12:51:02: Orientation {'radio_id': 0
2201	12:51:02: Orientation {'radio_id': 0
2202	12:51:02: Position Data {'radio_id': 0
2203	12:51:02: Alt Info & Cfg {'radio_id': 0
2204	12:51:02: Orientation {'radio_id': 0
2205	12:51:02: Orientation {'radio_id': 0
2206	12:51:02: Pyro Info {'radio_id': 0
2207	12:51:02: Orientation {'radio_id': 0
2208	12:51:02: Ground Station GPS {'gs_lat': 44.82460123697917
2209	12:51:02: Position Data {'radio_id': 0
2210	12:51:03: Orientation {'radio_id': 0
2211	12:51:03: Position Data {'radio_id': 0
2212	12:51:03: Orientation {'radio_id': 0
2213	12:51:03: Orientation {'radio_id': 0
2214	12:51:03: Position Data {'radio_id': 0
2215	12:51:03: Alt Info & Cfg {'radio_id': 0
2216	12:51:03: Orientation {'radio_id': 0
2217	12:51:03: Position Data {'radio_id': 0
2218	12:51:03: Orientation {'radio_id': 0
2219	12:51:03: Position Data {'radio_id': 0
2220	12:51:04: Orientation {'radio_id': 0
2221	12:51:04: Orientation {'radio_id': 0
2222	12:51:04: Orientation {'radio_id': 0
2223	12:51:04: Position Data {'radio_id': 0
2224	12:51:04: Orientation {'radio_id': 0
2225	12:51:04: Position Data {'radio_id': 0
2226	12:51:04: Pyro Info {'radio_id': 0
2227	12:51:04: Orientation {'radio_id': 0
2228	12:51:04: Ground Station GPS {'gs_lat': 44.82460123697917
2229	12:51:04: Position Data {'radio_id': 0
2230	12:51:05: Orientation {'radio_id': 0
2231	12:51:05: Position Data {'radio_id': 0
2232	12:51:05: Orientation {'radio_id': 0
2233	12:51:05: Position Data {'radio_id': 0
2234	12:51:05: Orientation {'radio_id': 0
2235	12:51:05: Position Data {'radio_id': 0
2236	12:51:05: Orientation {'radio_id': 0
2237	12:51:05: Position Data {'radio_id': 0
2238	12:51:05: Pyro Info {'radio_id': 0
2239	12:51:05: Orientation {'radio_id': 0
2240	12:51:05: Position Data {'radio_id': 0
2241	12:51:06: Orientation {'radio_id': 0
2242	12:51:06: Orientation {'radio_id': 0
2243	12:51:06: Position Data {'radio_id': 0
2244	12:51:06: Orientation {'radio_id': 0
2245	12:51:06: Position Data {'radio_id': 0
2246	12:51:06: Orientation {'radio_id': 0
2247	12:51:06: Pyro Info {'radio_id': 0
2248	12:51:06: Orientation {'radio_id': 0
2249	12:51:06: Position Data {'radio_id': 0
2250	12:51:07: Orientation {'radio_id': 0
2251	12:51:07: Position Data {'radio_id': 0
2252	12:51:07: Alt Info & Cfg {'radio_id': 0
2253	12:51:07: Orientation {'radio_id': 0
2254	12:51:07: Position Data {'radio_id': 0
2255	12:51:07: Orientation {'radio_id': 0
2256	12:51:07: Position Data {'radio_id': 0
2257	12:51:07: Orientation {'radio_id': 0
2258	12:51:07: Orientation {'radio_id': 0
2259	12:51:07: Position Data {'radio_id': 0
2260	12:51:08: Orientation {'radio_id': 0
2261	12:51:08: Position Data {'radio_id': 0
2262	12:51:08: Orientation {'radio_id': 0
2263	12:51:08: Position Data {'radio_id': 0
2264	12:51:08: Orientation {'radio_id': 0
2265	12:51:08: Alt Info & Cfg {'radio_id': 0
2266	12:51:08: Orientation {'radio_id': 0
2267	12:51:08: Position Data {'radio_id': 0
2268	12:51:08: Orientation {'radio_id': 0
2269	12:51:08: Pyro Info {'radio_id': 0
2270	12:51:09: Orientation {'radio_id': 0
2271	12:51:09: Position Data {'radio_id': 0
2272	12:51:09: Orientation {'radio_id': 0
2273	12:51:09: Position Data {'radio_id': 0
2274	12:51:09: Orientation {'radio_id': 0
2275	12:51:09: Position Data {'radio_id': 0
2276	12:51:09: Orientation {'radio_id': 0
2277	12:51:09: Alt Info & Cfg {'radio_id': 0
2278	12:51:09: Orientation {'radio_id': 0
2279	12:51:10: Orientation {'radio_id': 0
2280	12:51:10: Position Data {'radio_id': 0
2281	12:51:10: Orientation {'radio_id': 0
2282	12:51:10: Position Data {'radio_id': 0
2283	12:51:10: Orientation {'radio_id': 0
2284	12:51:10: Position Data {'radio_id': 0
2285	12:51:10: Orientation {'radio_id': 0
2286	12:51:10: Position Data {'radio_id': 0
2287	12:51:10: Orientation {'radio_id': 0
2288	12:51:10: Pyro Info {'radio_id': 0
2289	12:51:10: Alt Info & Cfg {'radio_id': 0
2290	12:51:11: Orientation {'radio_id': 0
2291	12:51:11: Position Data {'radio_id': 0
2292	12:51:11: Orientation {'radio_id': 0
2293	12:51:11: Position Data {'radio_id': 0
2294	12:51:11: Orientation {'radio_id': 0
2295	12:51:11: Position Data {'radio_id': 0
2296	12:51:11: Orientation {'radio_id': 0
2297	12:51:11: Position Data {'radio_id': 0
2298	12:51:11: Orientation {'radio_id': 0
2299	12:51:11: Position Data {'radio_id': 0
2300	12:51:12: Orientation {'radio_id': 0
2301	12:51:12: Alt Info & Cfg {'radio_id': 0
2302	12:51:12: Orientation {'radio_id': 0
2303	12:51:12: Orientation {'radio_id': 0
2304	12:51:12: Position Data {'radio_id': 0
2305	12:51:12: Orientation {'radio_id': 0
2306	12:51:12: Position Data {'radio_id': 0
2307	12:51:12: Orientation {'radio_id': 0
2308	12:51:12: Pyro Info {'radio_id': 0
2309	12:51:13: Orientation {'radio_id': 0
2310	12:51:13: Orientation {'radio_id': 0
2311	12:51:13: Position Data {'radio_id': 0
2312	12:51:13: Orientation {'radio_id': 0
2313	12:51:13: Orientation {'radio_id': 0
2314	12:51:13: Orientation {'radio_id': 0
2315	12:51:13: Pyro Info {'radio_id': 0
2316	12:51:14: Orientation {'radio_id': 0
2317	12:51:14: Position Data {'radio_id': 0
2318	12:51:14: Orientation {'radio_id': 0
2319	12:51:14: Position Data {'radio_id': 0
2320	12:51:14: Orientation {'radio_id': 0
2321	12:51:14: Position Data {'radio_id': 0
2322	12:51:14: Orientation {'radio_id': 0
2323	12:51:14: Position Data {'radio_id': 0
2324	12:51:14: Alt Info & Cfg {'radio_id': 0
2325	12:51:14: Orientation {'radio_id': 0
2326	12:51:14: Pyro Info {'radio_id': 0
2327	12:51:15: Orientation {'radio_id': 0
2328	12:51:15: Position Data {'radio_id': 0
2329	12:51:15: Orientation {'radio_id': 0
2330	12:51:15: Position Data {'radio_id': 0
2331	12:51:15: Orientation {'radio_id': 0
2332	12:51:15: Orientation {'radio_id': 0
2333	12:51:15: Position Data {'radio_id': 0
2334	12:51:15: Orientation {'radio_id': 0
2335	12:51:15: Alt Info & Cfg {'radio_id': 0
2336	12:51:15: Pyro Info {'radio_id': 0
2337	12:51:16: Orientation {'radio_id': 0
2338	12:51:16: Position Data {'radio_id': 0
2339	12:51:16: Orientation {'radio_id': 0
2340	12:51:16: Position Data {'radio_id': 0
2341	12:51:16: Orientation {'radio_id': 0
2342	12:51:16: Position Data {'radio_id': 0
2343	12:51:16: Orientation {'radio_id': 0
2344	12:51:16: Position Data {'radio_id': 0
2345	12:51:16: Orientation {'radio_id': 0
2346	12:51:16: Ground Station GPS {'gs_lat': 44.82460123697917
2347	12:51:16: Pyro Info {'radio_id': 0
2348	12:51:17: Orientation {'radio_id': 0
2349	12:51:17: Alt Info & Cfg {'radio_id': 0
2350	12:51:17: Orientation {'radio_id': 0
2351	12:51:17: Position Data {'radio_id': 0
2352	12:51:17: Orientation {'radio_id': 0
2353	12:51:17: Position Data {'radio_id': 0
2354	12:51:17: Orientation {'radio_id': 0
2355	12:51:17: Position Data {'radio_id': 0
2356	12:51:17: Orientation {'radio_id': 0
2357	12:51:17: Pyro Info {'radio_id': 0
2358	12:51:18: Orientation {'radio_id': 0
2359	12:51:18: Orientation {'radio_id': 0
2360	12:51:18: Alt Info & Cfg {'radio_id': 0
2361	12:51:18: Orientation {'radio_id': 0
2362	12:51:18: Orientation {'radio_id': 0
2363	12:51:18: Orientation {'radio_id': 0
2364	12:51:18: Position Data {'radio_id': 0
2365	12:51:19: Orientation {'radio_id': 0
2366	12:51:19: Position Data {'radio_id': 0
2367	12:51:19: Pyro Info {'radio_id': 0
2368	12:51:19: Orientation {'radio_id': 0
2369	12:51:19: Position Data {'radio_id': 0
2370	12:51:19: Orientation {'radio_id': 0
2371	12:51:19: Position Data {'radio_id': 0
2372	12:51:19: Alt Info & Cfg {'radio_id': 0
2373	12:51:19: Orientation {'radio_id': 0
2374	12:51:19: Position Data {'radio_id': 0
2375	12:51:19: Orientation {'radio_id': 0
2376	12:51:19: Position Data {'radio_id': 0
2377	12:51:20: Orientation {'radio_id': 0
2378	12:51:20: Pyro Info {'radio_id': 0
2379	12:51:20: Orientation {'radio_id': 0
2380	12:51:20: Position Data {'radio_id': 0
2381	12:51:20: Orientation {'radio_id': 0
2382	12:51:20: Position Data {'radio_id': 0
2383	12:51:20: Orientation {'radio_id': 0
2384	12:51:20: Orientation {'radio_id': 0
2385	12:51:20: Alt Info & Cfg {'radio_id': 0
2386	12:51:21: Orientation {'radio_id': 0
2387	12:51:21: Pyro Info {'radio_id': 0
2388	12:51:21: Orientation {'radio_id': 0
2389	12:51:21: Position Data {'radio_id': 0
2390	12:51:21: Orientation {'radio_id': 0
2391	12:51:21: Orientation {'radio_id': 0
2392	12:51:21: Orientation {'radio_id': 0
2393	12:51:21: Position Data {'radio_id': 0
2394	12:51:22: Orientation {'radio_id': 0
2395	12:51:22: Position Data {'radio_id': 0
2396	12:51:22: Alt Info & Cfg {'radio_id': 0
2397	12:51:22: Orientation {'radio_id': 0
2398	12:51:22: Orientation {'radio_id': 0
2399	12:51:22: Position Data {'radio_id': 0
2400	12:51:22: Orientation {'radio_id': 0
2401	12:51:22: Orientation {'radio_id': 0
2402	12:51:23: Orientation {'radio_id': 0
2403	12:51:23: Pyro Info {'radio_id': 0
2404	12:51:23: Orientation {'radio_id': 0
2405	12:51:23: Position Data {'radio_id': 0
2406	12:51:23: Orientation {'radio_id': 0
2407	12:51:23: Position Data {'radio_id': 0
2408	12:51:23: Orientation {'radio_id': 0
2409	12:51:23: Orientation {'radio_id': 0
2410	12:51:23: Position Data {'radio_id': 0
2411	12:51:24: Orientation {'radio_id': 0
2412	12:51:24: Position Data {'radio_id': 0
2413	12:51:24: Orientation {'radio_id': 0
2414	12:51:24: Position Data {'radio_id': 0
2415	12:51:24: Orientation {'radio_id': 0
2416	12:51:24: Position Data {'radio_id': 0
2417	12:51:24: Orientation {'radio_id': 0
2418	12:51:24: Position Data {'radio_id': 0
2419	12:51:24: Orientation {'radio_id': 0
2420	12:51:24: Position Data {'radio_id': 0
2421	12:51:25: Orientation {'radio_id': 0
2422	12:51:25: Position Data {'radio_id': 0
2423	12:51:25: Orientation {'radio_id': 0
2424	12:51:25: Position Data {'radio_id': 0
2425	12:51:25: Orientation {'radio_id': 0
2426	12:51:25: Position Data {'radio_id': 0
2427	12:51:25: Orientation {'radio_id': 0
2428	12:51:25: Position Data {'radio_id': 0
2429	12:51:25: Alt Info & Cfg {'radio_id': 0
2430	12:51:25: Orientation {'radio_id': 0
2431	12:51:26: Orientation {'radio_id': 0
2432	12:51:26: Position Data {'radio_id': 0
2433	12:51:26: Pyro Info {'radio_id': 0
2434	12:51:26: Orientation {'radio_id': 0
2435	12:51:26: Position Data {'radio_id': 0
2436	12:51:26: Orientation {'radio_id': 0
2437	12:51:26: Position Data {'radio_id': 0
2438	12:51:26: Orientation {'radio_id': 0
2439	12:51:26: Position Data {'radio_id': 0
2440	12:51:26: Orientation {'radio_id': 0
2441	12:51:26: Position Data {'radio_id': 0
2442	12:51:26: Ground Station GPS {'gs_lat': 44.82460123697917
2443	12:51:27: Orientation {'radio_id': 0
2444	12:51:27: Alt Info & Cfg {'radio_id': 0
2445	12:51:27: Orientation {'radio_id': 0
2446	12:51:27: Position Data {'radio_id': 0
2447	12:51:27: Orientation {'radio_id': 0
2448	12:51:27: Orientation {'radio_id': 0
2449	12:51:27: Position Data {'radio_id': 0
2450	12:51:27: Orientation {'radio_id': 0
2451	12:51:27: Position Data {'radio_id': 0
2452	12:51:28: Orientation {'radio_id': 0
2453	12:51:28: Position Data {'radio_id': 0
2454	12:51:28: Pyro Info {'radio_id': 0
2455	12:51:28: Orientation {'radio_id': 0
2456	12:51:28: Alt Info & Cfg {'radio_id': 0
2457	12:51:28: Orientation {'radio_id': 0
2458	12:51:28: Position Data {'radio_id': 0
2459	12:51:28: Orientation {'radio_id': 0
2460	12:51:28: Orientation {'radio_id': 0
2461	12:51:29: Orientation {'radio_id': 0
2462	12:51:29: Pyro Info {'radio_id': 0
2463	12:51:29: Orientation {'radio_id': 0
2464	12:51:29: Position Data {'radio_id': 0
2465	12:51:29: Orientation {'radio_id': 0
2466	12:51:29: Position Data {'radio_id': 0
2467	12:51:29: Orientation {'radio_id': 0
2468	12:51:29: Position Data {'radio_id': 0
2469	12:51:30: Orientation {'radio_id': 0
2470	12:51:30: Position Data {'radio_id': 0
2471	12:51:30: Orientation {'radio_id': 0
2472	12:51:30: Position Data {'radio_id': 0
2473	12:51:30: Orientation {'radio_id': 0
2474	12:51:30: Orientation {'radio_id': 0
2475	12:51:30: Position Data {'radio_id': 0
2476	12:51:30: Alt Info & Cfg {'radio_id': 0
2477	12:51:30: Orientation {'radio_id': 0
2478	12:51:30: Position Data {'radio_id': 0
2479	12:51:30: Ground Station GPS {'gs_lat': 44.82460123697917
2480	12:51:31: Orientation {'radio_id': 0
2481	12:51:31: Position Data {'radio_id': 0
2482	12:51:31: Orientation {'radio_id': 0
2483	12:51:31: Pyro Info {'radio_id': 0
2484	12:51:31: Orientation {'radio_id': 0
2485	12:51:31: Position Data {'radio_id': 0
2486	12:51:31: Orientation {'radio_id': 0
2487	12:51:31: Position Data {'radio_id': 0
2488	12:51:31: Orientation {'radio_id': 0
2489	12:51:31: Alt Info & Cfg {'radio_id': 0
2490	12:51:32: Orientation {'radio_id': 0
2491	12:51:32: Orientation {'radio_id': 0
2492	12:51:32: Position Data {'radio_id': 0
2493	12:51:32: Orientation {'radio_id': 0
2494	12:51:32: Position Data {'radio_id': 0
2495	12:51:33: Orientation {'radio_id': 0
2496	12:51:33: Position Data {'radio_id': 0
2497	12:51:33: Orientation {'radio_id': 0
2498	12:51:33: Position Data {'radio_id': 0
2499	12:51:34: Orientation {'radio_id': 0
2500	12:51:34: Position Data {'radio_id': 0
2501	12:51:34: Orientation {'radio_id': 0
2502	12:51:34: Pyro Info {'radio_id': 0
2503	12:51:34: Orientation {'radio_id': 0
2504	12:51:34: Position Data {'radio_id': 0
2505	12:51:34: Orientation {'radio_id': 0
2506	12:51:34: Position Data {'radio_id': 0
2507	12:51:34: Orientation {'radio_id': 0
2508	12:51:34: Position Data {'radio_id': 0
2509	12:51:34: Orientation {'radio_id': 0
2510	12:51:35: Position Data {'radio_id': 0
2511	12:51:35: Orientation {'radio_id': 0
2512	12:51:35: Pyro Info {'radio_id': 0
2513	12:51:35: Orientation {'radio_id': 0
2514	12:51:35: Orientation {'radio_id': 0
2515	12:51:35: Position Data {'radio_id': 0
2516	12:51:35: Alt Info & Cfg {'radio_id': 0
2517	12:51:35: Orientation {'radio_id': 0
2518	12:51:35: Position Data {'radio_id': 0
2519	12:51:36: Orientation {'radio_id': 0
2520	12:51:36: Orientation {'radio_id': 0
2521	12:51:36: Position Data {'radio_id': 0
2522	12:51:36: Pyro Info {'radio_id': 0
2523	12:51:36: Position Data {'radio_id': 0
2524	12:51:37: Orientation {'radio_id': 0
2525	12:51:37: Position Data {'radio_id': 0
2526	12:51:37: Position Data {'radio_id': 0
2527	12:51:37: Orientation {'radio_id': 0
2528	12:51:37: Position Data {'radio_id': 0
2529	12:51:37: Orientation {'radio_id': 0
2530	12:51:37: Orientation {'radio_id': 0
2531	12:51:37: Position Data {'radio_id': 0
2532	12:51:38: Orientation {'radio_id': 0
2533	12:51:38: Position Data {'radio_id': 0
2534	12:51:38: Orientation {'radio_id': 0
2535	12:51:38: Pyro Info {'radio_id': 0
2536	12:51:38: Orientation {'radio_id': 0
2537	12:51:38: Position Data {'radio_id': 0
2538	12:51:38: Orientation {'radio_id': 0
2539	12:51:38: Position Data {'radio_id': 0
2540	12:51:38: Orientation {'radio_id': 0
2541	12:51:38: Ground Station GPS {'gs_lat': 44.82460123697917
2542	12:51:39: Orientation {'radio_id': 0
2543	12:51:39: Orientation {'radio_id': 0
2544	12:51:39: Position Data {'radio_id': 0
2545	12:51:39: Orientation {'radio_id': 0
2546	12:51:39: Position Data {'radio_id': 0
2547	12:51:39: Alt Info & Cfg {'radio_id': 0
2548	12:51:39: Pyro Info {'radio_id': 0
2549	12:51:39: Orientation {'radio_id': 0
2550	12:51:39: Position Data {'radio_id': 0
2551	12:51:39: Orientation {'radio_id': 0
2552	12:51:39: Position Data {'radio_id': 0
2553	12:51:40: Orientation {'radio_id': 0
2554	12:51:40: Position Data {'radio_id': 0
2555	12:51:40: Orientation {'radio_id': 0
2556	12:51:40: Position Data {'radio_id': 0
2557	12:51:40: Orientation {'radio_id': 0
2558	12:51:40: Position Data {'radio_id': 0
2559	12:51:40: Orientation {'radio_id': 0
2560	12:51:40: Position Data {'radio_id': 0
2561	12:51:40: Alt Info & Cfg {'radio_id': 0
2562	12:51:40: Orientation {'radio_id': 0
2563	12:51:40: Position Data {'radio_id': 0
2564	12:51:40: Ground Station GPS {'gs_lat': 44.824609375
2565	12:51:41: Position Data {'radio_id': 0
2566	12:51:41: Orientation {'radio_id': 0
2567	12:51:41: Position Data {'radio_id': 0
2568	12:51:41: Orientation {'radio_id': 0
2569	12:51:41: Pyro Info {'radio_id': 0
2570	12:51:41: Orientation {'radio_id': 0
2571	12:51:41: Orientation {'radio_id': 0
2572	12:51:41: Position Data {'radio_id': 0
2573	12:51:41: Alt Info & Cfg {'radio_id': 0
2574	12:51:42: Orientation {'radio_id': 0
2575	12:51:42: Position Data {'radio_id': 0
2576	12:51:42: Orientation {'radio_id': 0
2577	12:51:42: Position Data {'radio_id': 0
2578	12:51:42: Orientation {'radio_id': 0
2579	12:51:42: Position Data {'radio_id': 0
2580	12:51:42: Orientation {'radio_id': 0
2581	12:51:42: Position Data {'radio_id': 0
2582	12:51:42: Orientation {'radio_id': 0
2583	12:51:42: Position Data {'radio_id': 0
2584	12:51:42: Ground Station GPS {'gs_lat': 44.824609375
2585	12:51:43: Orientation {'radio_id': 0
2586	12:51:43: Position Data {'radio_id': 0
2587	12:51:43: Orientation {'radio_id': 0
2588	12:51:43: Position Data {'radio_id': 0
2589	12:51:43: Orientation {'radio_id': 0
2590	12:51:43: Position Data {'radio_id': 0
2591	12:51:43: Pyro Info {'radio_id': 0
2592	12:51:43: Orientation {'radio_id': 0
2593	12:51:43: Position Data {'radio_id': 0
2594	12:51:43: Orientation {'radio_id': 0
2595	12:51:43: Position Data {'radio_id': 0
2596	12:51:44: Orientation {'radio_id': 0
2597	12:51:44: Orientation {'radio_id': 0
2598	12:51:44: Alt Info & Cfg {'radio_id': 0
2599	12:51:44: Orientation {'radio_id': 0
2600	12:51:44: Position Data {'radio_id': 0
2601	12:51:44: Orientation {'radio_id': 0
2602	12:51:44: Position Data {'radio_id': 0
2603	12:51:44: Orientation {'radio_id': 0
2604	12:51:44: Position Data {'radio_id': 0
2605	12:51:44: Ground Station GPS {'gs_lat': 44.824609375
2606	12:51:45: Orientation {'radio_id': 0
2607	12:51:45: Position Data {'radio_id': 0
2608	12:51:45: Orientation {'radio_id': 0
2609	12:51:45: Orientation {'radio_id': 0
2610	12:51:45: Position Data {'radio_id': 0
2611	12:51:45: Pyro Info {'radio_id': 0
2612	12:51:45: Orientation {'radio_id': 0
2613	12:51:45: Position Data {'radio_id': 0
2614	12:51:45: Alt Info & Cfg {'radio_id': 0
2615	12:51:45: Orientation {'radio_id': 0
2616	12:51:45: Position Data {'radio_id': 0
2617	12:51:46: Orientation {'radio_id': 0
2618	12:51:46: Position Data {'radio_id': 0
2619	12:51:46: Orientation {'radio_id': 0
2620	12:51:46: Orientation {'radio_id': 0
2621	12:51:46: Position Data {'radio_id': 0
2622	12:51:46: Orientation {'radio_id': 0
2623	12:51:46: Position Data {'radio_id': 0
2624	12:51:46: Orientation {'radio_id': 0
2625	12:51:46: Position Data {'radio_id': 0
2626	12:51:46: Alt Info & Cfg {'radio_id': 0
2627	12:51:47: Orientation {'radio_id': 0
2628	12:51:47: Position Data {'radio_id': 0
2629	12:51:47: Orientation {'radio_id': 0
2630	12:51:47: Orientation {'radio_id': 0
2631	12:51:47: Pyro Info {'radio_id': 0
2632	12:51:47: Orientation {'radio_id': 0
2633	12:51:47: Position Data {'radio_id': 0
2634	12:51:47: Orientation {'radio_id': 0
2635	12:51:48: Orientation {'radio_id': 0
2636	12:51:48: Alt Info & Cfg {'radio_id': 0
2637	12:51:48: Orientation {'radio_id': 0
2638	12:51:48: Orientation {'radio_id': 0
2639	12:51:48: Position Data {'radio_id': 0
2640	12:51:48: Pyro Info {'radio_id': 0
2641	12:51:48: Orientation {'radio_id': 0
2642	12:51:48: Position Data {'radio_id': 0
2643	12:51:48: Orientation {'radio_id': 0
2644	12:51:48: Ground Station GPS {'gs_lat': 44.824609375
2645	12:51:49: Orientation {'radio_id': 0
2646	12:51:49: Orientation {'radio_id': 0
2647	12:51:49: Position Data {'radio_id': 0
2648	12:51:49: Orientation {'radio_id': 0
2649	12:51:49: Pyro Info {'radio_id': 0
2650	12:51:49: Orientation {'radio_id': 0
2651	12:51:49: Position Data {'radio_id': 0
2652	12:51:49: Orientation {'radio_id': 0
2653	12:51:49: Position Data {'radio_id': 0
2654	12:51:50: Orientation {'radio_id': 0
2655	12:51:50: Position Data {'radio_id': 0
2656	12:51:50: Orientation {'radio_id': 0
2657	12:51:50: Orientation {'radio_id': 0
2658	12:51:50: Alt Info & Cfg {'radio_id': 0
2659	12:51:50: Orientation {'radio_id': 0
2660	12:51:50: Pyro Info {'radio_id': 0
2661	12:51:50: Orientation {'radio_id': 0
2662	12:51:50: Position Data {'radio_id': 0
2663	12:51:50: Ground Station GPS {'gs_lat': 44.82460123697917
2664	12:51:51: Orientation {'radio_id': 0
2665	12:51:51: Position Data {'radio_id': 0
2666	12:51:51: Orientation {'radio_id': 0
2667	12:51:51: Position Data {'radio_id': 0
2668	12:51:51: Orientation {'radio_id': 0
2669	12:51:51: Position Data {'radio_id': 0
2670	12:51:51: Orientation {'radio_id': 0
2671	12:51:51: Position Data {'radio_id': 0
2672	12:51:51: Orientation {'radio_id': 0
2673	12:51:51: Alt Info & Cfg {'radio_id': 0
2674	12:51:52: Orientation {'radio_id': 0
2675	12:51:52: Orientation {'radio_id': 0
2676	12:51:52: Position Data {'radio_id': 0
2677	12:51:52: Orientation {'radio_id': 0
2678	12:51:52: Position Data {'radio_id': 0
2679	12:51:52: Orientation {'radio_id': 0
2680	12:51:52: Position Data {'radio_id': 0
2681	12:51:52: Pyro Info {'radio_id': 0
2682	12:51:52: Orientation {'radio_id': 0
2683	12:51:52: Position Data {'radio_id': 0
2684	12:51:52: Ground Station GPS {'gs_lat': 44.82460123697917
2685	12:51:53: Orientation {'radio_id': 0
2686	12:51:53: Position Data {'radio_id': 0
2687	12:51:53: Orientation {'radio_id': 0
2688	12:51:53: Orientation {'radio_id': 0
2689	12:51:53: Position Data {'radio_id': 0
2690	12:51:53: Orientation {'radio_id': 0
2691	12:51:53: Position Data {'radio_id': 0
2692	12:51:53: Orientation {'radio_id': 0
2693	12:51:53: Position Data {'radio_id': 0
2694	12:51:54: Orientation {'radio_id': 0
2695	12:51:54: Orientation {'radio_id': 0
2696	12:51:54: Position Data {'radio_id': 0
2697	12:51:54: Orientation {'radio_id': 0
2698	12:51:54: Position Data {'radio_id': 0
2699	12:51:54: Orientation {'radio_id': 0
2700	12:51:54: Pyro Info {'radio_id': 0
2701	12:51:54: Orientation {'radio_id': 0
2702	12:51:54: Position Data {'radio_id': 0
2703	12:51:55: Orientation {'radio_id': 0
2704	12:51:55: Position Data {'radio_id': 0
2705	12:51:55: Orientation {'radio_id': 0
2706	12:51:55: Orientation {'radio_id': 0
2707	12:51:55: Position Data {'radio_id': 0
2708	12:51:55: Orientation {'radio_id': 0
2709	12:51:55: Position Data {'radio_id': 0
2710	12:51:55: Orientation {'radio_id': 0
2711	12:51:55: Position Data {'radio_id': 0
2712	12:51:56: Orientation {'radio_id': 0
2713	12:51:56: Position Data {'radio_id': 0
2714	12:51:56: Orientation {'radio_id': 0
2715	12:51:56: Orientation {'radio_id': 0
2716	12:51:56: Orientation {'radio_id': 0
2717	12:51:56: Position Data {'radio_id': 0
2718	12:51:56: Pyro Info {'radio_id': 0
2719	12:51:56: Orientation {'radio_id': 0
2720	12:51:56: Position Data {'radio_id': 0
2721	12:51:56: Ground Station GPS {'gs_lat': 44.824609375
2722	12:51:57: Orientation {'radio_id': 0
2723	12:51:57: Position Data {'radio_id': 0
2724	12:51:57: Orientation {'radio_id': 0
2725	12:51:57: Position Data {'radio_id': 0
2726	12:51:57: Orientation {'radio_id': 0
2727	12:51:57: Orientation {'radio_id': 0
2728	12:51:57: Pyro Info {'radio_id': 0
2729	12:51:57: Orientation {'radio_id': 0
2730	12:51:57: Position Data {'radio_id': 0
2731	12:51:58: Orientation {'radio_id': 0
2732	12:51:58: Position Data {'radio_id': 0
2733	12:51:58: Orientation {'radio_id': 0
2734	12:51:58: Position Data {'radio_id': 0
2735	12:51:58: Orientation {'radio_id': 0
2736	12:51:58: Orientation {'radio_id': 0
2737	12:51:58: Position Data {'radio_id': 0
2738	12:51:58: Orientation {'radio_id': 0
2739	12:51:58: Ground Station GPS {'gs_lat': 44.824609375
2740	12:51:59: Orientation {'radio_id': 0
2741	12:51:59: Orientation {'radio_id': 0
2742	12:51:59: Position Data {'radio_id': 0
2743	12:51:59: Orientation {'radio_id': 0
2744	12:51:59: Orientation {'radio_id': 0
2745	12:51:59: Pyro Info {'radio_id': 0
2746	12:51:59: Orientation {'radio_id': 0
2747	12:51:59: Position Data {'radio_id': 0
2748	12:52:00: Orientation {'radio_id': 0
2749	12:52:00: Orientation {'radio_id': 0
2750	12:52:00: Ground Station GPS {'gs_lat': 44.824609375
2751	12:52:02: Orientation {'radio_id': 0
2752	12:52:02: Position Data {'radio_id': 0
2753	12:52:02: Orientation {'radio_id': 0
2754	12:52:02: Orientation {'radio_id': 0
2755	12:52:02: Position Data {'radio_id': 0
2756	12:52:02: Orientation {'radio_id': 0
2757	12:52:02: Position Data {'radio_id': 0
2758	12:52:03: Orientation {'radio_id': 0
2759	12:52:03: Position Data {'radio_id': 0
2760	12:52:03: Orientation {'radio_id': 0
2761	12:52:03: Orientation {'radio_id': 0
2762	12:52:03: Orientation {'radio_id': 0
2763	12:52:03: Position Data {'radio_id': 0
2764	12:52:03: Orientation {'radio_id': 0
2765	12:52:04: Orientation {'radio_id': 0
2766	12:52:04: Position Data {'radio_id': 0
2767	12:52:04: Orientation {'radio_id': 0
2768	12:52:04: Position Data {'radio_id': 0
2769	12:52:04: Alt Info & Cfg {'radio_id': 0
2770	12:52:04: Orientation {'radio_id': 0
2771	12:52:04: Position Data {'radio_id': 0
2772	12:52:04: Orientation {'radio_id': 0
2773	12:52:04: Position Data {'radio_id': 0
2774	12:52:04: Orientation {'radio_id': 0
2775	12:52:04: Position Data {'radio_id': 0
2776	12:52:04: Pyro Info {'radio_id': 0
2777	12:52:05: Orientation {'radio_id': 0
2778	12:52:05: Position Data {'radio_id': 0
2779	12:52:05: Orientation {'radio_id': 0
2780	12:52:05: Position Data {'radio_id': 0
2781	12:52:05: Orientation {'radio_id': 0
2782	12:52:05: Position Data {'radio_id': 0
2783	12:52:05: Orientation {'radio_id': 0
2784	12:52:05: Position Data {'radio_id': 0
2785	12:52:05: Orientation {'radio_id': 0
2786	12:52:05: Position Data {'radio_id': 0
2787	12:52:06: Orientation {'radio_id': 0
2788	12:52:06: Position Data {'radio_id': 0
2789	12:52:06: Orientation {'radio_id': 0
2790	12:52:06: Orientation {'radio_id': 0
2791	12:52:06: Orientation {'radio_id': 0
2792	12:52:06: Position Data {'radio_id': 0
2793	12:52:06: Alt Info & Cfg {'radio_id': 0
2794	12:52:06: Orientation {'radio_id': 0
2795	12:52:06: Position Data {'radio_id': 0
2796	12:52:06: Ground Station GPS {'gs_lat': 44.824609375
2797	12:52:06: Orientation {'radio_id': 0
2798	12:52:07: Position Data {'radio_id': 0
2799	12:52:07: Orientation {'radio_id': 0
2800	12:52:07: Orientation {'radio_id': 0
2801	12:52:07: Position Data {'radio_id': 0
2802	12:52:07: Orientation {'radio_id': 0
2803	12:52:07: Orientation {'radio_id': 0
2804	12:52:07: Alt Info & Cfg {'radio_id': 0
2805	12:52:08: Orientation {'radio_id': 0
2806	12:52:08: Position Data {'radio_id': 0
2807	12:52:08: Orientation {'radio_id': 0
2808	12:52:08: Position Data {'radio_id': 0
2809	12:52:08: Orientation {'radio_id': 0
2810	12:52:08: Orientation {'radio_id': 0
2811	12:52:08: Position Data {'radio_id': 0
2812	12:52:08: Orientation {'radio_id': 0
2813	12:52:08: Position Data {'radio_id': 0
2814	12:52:08: Ground Station GPS {'gs_lat': 44.824609375
2815	12:52:08: Orientation {'radio_id': 0
2816	12:52:09: Position Data {'radio_id': 0
2817	12:52:09: Alt Info & Cfg {'radio_id': 0
2818	12:52:09: Orientation {'radio_id': 0
2819	12:52:09: Orientation {'radio_id': 0
2820	12:52:09: Position Data {'radio_id': 0
2821	12:52:09: Orientation {'radio_id': 0
2822	12:52:09: Position Data {'radio_id': 0
2823	12:52:09: Orientation {'radio_id': 0
2824	12:52:09: Pyro Info {'radio_id': 0
2825	12:52:10: Orientation {'radio_id': 0
2826	12:52:10: Position Data {'radio_id': 0
2827	12:52:10: Orientation {'radio_id': 0
2828	12:52:10: Position Data {'radio_id': 0
2829	12:52:10: Orientation {'radio_id': 0
2830	12:52:10: Position Data {'radio_id': 0
2831	12:52:10: Orientation {'radio_id': 0
2832	12:52:10: Position Data {'radio_id': 0
2833	12:52:10: Orientation {'radio_id': 0
2834	12:52:10: Ground Station GPS {'gs_lat': 44.82461751302083
2835	12:52:11: Orientation {'radio_id': 0
2836	12:52:11: Position Data {'radio_id': 0
2837	12:52:11: Pyro Info {'radio_id': 0
2838	12:52:11: Orientation {'radio_id': 0
2839	12:52:11: Position Data {'radio_id': 0
2840	12:52:11: Orientation {'radio_id': 0
2841	12:52:11: Position Data {'radio_id': 0
2842	12:52:11: Orientation {'radio_id': 0
2843	12:52:11: Alt Info & Cfg {'radio_id': 0
2844	12:52:11: Orientation {'radio_id': 0
2845	12:52:11: Position Data {'radio_id': 0
2846	12:52:11: Orientation {'radio_id': 0
2847	12:52:12: Position Data {'radio_id': 0
2848	12:52:12: Orientation {'radio_id': 0
2849	12:52:12: Orientation {'radio_id': 0
2850	12:52:12: Orientation {'radio_id': 0
2851	12:52:12: Orientation {'radio_id': 0
2852	12:52:12: Position Data {'radio_id': 0
2853	12:52:12: Alt Info & Cfg {'radio_id': 0
2854	12:52:12: Ground Station GPS {'gs_lat': 44.82461751302083
2855	12:52:13: Orientation {'radio_id': 0
2856	12:52:13: Position Data {'radio_id': 0
2857	12:52:13: Pyro Info {'radio_id': 0
2858	12:52:13: Orientation {'radio_id': 0
2859	12:52:13: Position Data {'radio_id': 0
2860	12:52:13: Orientation {'radio_id': 0
2861	12:52:13: Position Data {'radio_id': 0
2862	12:52:13: Orientation {'radio_id': 0
2863	12:52:13: Position Data {'radio_id': 0
2864	12:52:13: Orientation {'radio_id': 0
2865	12:52:13: Position Data {'radio_id': 0
2866	12:52:13: Orientation {'radio_id': 0
2867	12:52:14: Position Data {'radio_id': 0
2868	12:52:14: Alt Info & Cfg {'radio_id': 0
2869	12:52:14: Orientation {'radio_id': 0
2870	12:52:14: Position Data {'radio_id': 0
2871	12:52:14: Orientation {'radio_id': 0
2872	12:52:14: Orientation {'radio_id': 0
2873	12:52:14: Position Data {'radio_id': 0
2874	12:52:14: Orientation {'radio_id': 0
2875	12:52:14: Position Data {'radio_id': 0
2876	12:52:14: Ground Station GPS {'gs_lat': 44.82461751302083
2877	12:52:15: Orientation {'radio_id': 0
2878	12:52:15: Pyro Info {'radio_id': 0
2879	12:52:15: Orientation {'radio_id': 0
2880	12:52:15: Position Data {'radio_id': 0
2881	12:52:15: Alt Info & Cfg {'radio_id': 0
2882	12:52:15: Orientation {'radio_id': 0
2883	12:52:15: Position Data {'radio_id': 0
2884	12:52:15: Orientation {'radio_id': 0
2885	12:52:15: Position Data {'radio_id': 0
2886	12:52:15: Orientation {'radio_id': 0
2887	12:52:16: Orientation {'radio_id': 0
2888	12:52:16: Pyro Info {'radio_id': 0
2889	12:52:16: Orientation {'radio_id': 0
2890	12:52:16: Position Data {'radio_id': 0
2891	12:52:16: Alt Info & Cfg {'radio_id': 0
2892	12:52:16: Orientation {'radio_id': 0
2893	12:52:16: Position Data {'radio_id': 0
2894	12:52:16: Ground Station GPS {'gs_lat': 44.82461751302083
2895	12:52:17: Orientation {'radio_id': 0
2896	12:52:17: Orientation {'radio_id': 0
2897	12:52:17: Position Data {'radio_id': 0
2898	12:52:17: Orientation {'radio_id': 0
2899	12:52:17: Orientation {'radio_id': 0
2900	12:52:17: Orientation {'radio_id': 0
2901	12:52:17: Alt Info & Cfg {'radio_id': 0
2902	12:52:18: Orientation {'radio_id': 0
2903	12:52:18: Orientation {'radio_id': 0
2904	12:52:18: Orientation {'radio_id': 0
2905	12:52:18: Position Data {'radio_id': 0
2906	12:52:18: Pyro Info {'radio_id': 0
2907	12:52:18: Orientation {'radio_id': 0
2908	12:52:18: Orientation {'radio_id': 0
2909	12:52:18: Position Data {'radio_id': 0
2910	12:52:18: Ground Station GPS {'gs_lat': 44.82461751302083
2911	12:52:19: Orientation {'radio_id': 0
2912	12:52:19: Position Data {'radio_id': 0
2913	12:52:19: Orientation {'radio_id': 0
2914	12:52:19: Orientation {'radio_id': 0
2915	12:52:19: Position Data {'radio_id': 0
2916	12:52:19: Pyro Info {'radio_id': 0
2917	12:52:19: Orientation {'radio_id': 0
2918	12:52:19: Position Data {'radio_id': 0
2919	12:52:19: Orientation {'radio_id': 0
2920	12:52:19: Position Data {'radio_id': 0
2921	12:52:20: Orientation {'radio_id': 0
2922	12:52:20: Orientation {'radio_id': 0
2923	12:52:20: Position Data {'radio_id': 0
2924	12:52:20: Alt Info & Cfg {'radio_id': 0
2925	12:52:20: Orientation {'radio_id': 0
2926	12:52:20: Position Data {'radio_id': 0
2927	12:52:20: Orientation {'radio_id': 0
2928	12:52:20: Orientation {'radio_id': 0
2929	12:52:20: Ground Station GPS {'gs_lat': 44.82461751302083
2930	12:52:21: Orientation {'radio_id': 0
2931	12:52:21: Position Data {'radio_id': 0
2932	12:52:21: Orientation {'radio_id': 0
2933	12:52:21: Position Data {'radio_id': 0
2934	12:52:21: Orientation {'radio_id': 0
2935	12:52:21: Position Data {'radio_id': 0
2936	12:52:21: Pyro Info {'radio_id': 0
2937	12:52:21: Alt Info & Cfg {'radio_id': 0
2938	12:52:21: Orientation {'radio_id': 0
2939	12:52:21: Position Data {'radio_id': 0
2940	12:52:21: Orientation {'radio_id': 0
2941	12:52:22: Orientation {'radio_id': 0
2942	12:52:22: Orientation {'radio_id': 0
2943	12:52:22: Position Data {'radio_id': 0
2944	12:52:22: Orientation {'radio_id': 0
2945	12:52:22: Position Data {'radio_id': 0
2946	12:52:22: Orientation {'radio_id': 0
2947	12:52:22: Orientation {'radio_id': 0
2948	12:52:22: Position Data {'radio_id': 0
2949	12:52:22: Ground Station GPS {'gs_lat': 44.824625651041664
2950	12:52:23: Orientation {'radio_id': 0
2951	12:52:23: Orientation {'radio_id': 0
2952	12:52:23: Orientation {'radio_id': 0
2953	12:52:23: Orientation {'radio_id': 0
2954	12:52:23: Position Data {'radio_id': 0
2955	12:52:23: Orientation {'radio_id': 0
2956	12:52:23: Position Data {'radio_id': 0
2957	12:52:24: Orientation {'radio_id': 0
2958	12:52:24: Alt Info & Cfg {'radio_id': 0
2959	12:52:24: Orientation {'radio_id': 0
2960	12:52:24: Position Data {'radio_id': 0
2961	12:52:24: Orientation {'radio_id': 0
2962	12:52:24: Position Data {'radio_id': 0
2963	12:52:24: Orientation {'radio_id': 0
2964	12:52:24: Position Data {'radio_id': 0
2965	12:52:24: Orientation {'radio_id': 0
2966	12:52:24: Ground Station GPS {'gs_lat': 44.824625651041664
2967	12:52:25: Orientation {'radio_id': 0
2968	12:52:25: Orientation {'radio_id': 0
2969	12:52:25: Position Data {'radio_id': 0
2970	12:52:25: Orientation {'radio_id': 0
2971	12:52:25: Position Data {'radio_id': 0
2972	12:52:25: Orientation {'radio_id': 0
2973	12:52:25: Position Data {'radio_id': 0
2974	12:52:25: Orientation {'radio_id': 0
2975	12:52:25: Position Data {'radio_id': 0
2976	12:52:26: Orientation {'radio_id': 0
2977	12:52:26: Orientation {'radio_id': 0
2978	12:52:26: Orientation {'radio_id': 0
2979	12:52:26: Alt Info & Cfg {'radio_id': 0
2980	12:52:26: Orientation {'radio_id': 0
2981	12:52:26: Orientation {'radio_id': 0
2982	12:52:26: Position Data {'radio_id': 0
2983	12:52:26: Ground Station GPS {'gs_lat': 44.824625651041664
2984	12:52:27: Orientation {'radio_id': 0
2985	12:52:27: Orientation {'radio_id': 0
2986	12:52:27: Orientation {'radio_id': 0
2987	12:52:27: Position Data {'radio_id': 0
2988	12:52:27: Orientation {'radio_id': 0
2989	12:52:27: Pyro Info {'radio_id': 0
2990	12:52:27: Alt Info & Cfg {'radio_id': 0
2991	12:52:27: Orientation {'radio_id': 0
2992	12:52:28: Orientation {'radio_id': 0
2993	12:52:28: Orientation {'radio_id': 0
2994	12:52:28: Pyro Info {'radio_id': 0
2995	12:52:28: Orientation {'radio_id': 0
2996	12:52:28: Position Data {'radio_id': 0
2997	12:52:28: Ground Station GPS {'gs_lat': 44.824625651041664
2998	12:52:29: Orientation {'radio_id': 0
2999	12:52:29: Position Data {'radio_id': 0
3000	12:52:29: Alt Info & Cfg {'radio_id': 0
3001	12:52:29: Orientation {'radio_id': 0
3002	12:52:29: Position Data {'radio_id': 0
3003	12:52:29: Orientation {'radio_id': 0
3004	12:52:29: Position Data {'radio_id': 0
3005	12:52:29: Orientation {'radio_id': 0
3006	12:52:29: Position Data {'radio_id': 0
3007	12:52:30: Orientation {'radio_id': 0
3008	12:52:30: Position Data {'radio_id': 0
3009	12:52:30: Orientation {'radio_id': 0
3010	12:52:30: Position Data {'radio_id': 0
3011	12:52:30: Orientation {'radio_id': 0
3012	12:52:30: Ground Station GPS {'gs_lat': 44.824625651041664
3013	12:52:31: Orientation {'radio_id': 0
3014	12:52:31: Position Data {'radio_id': 0
3015	12:52:31: Alt Info & Cfg {'radio_id': 0
3016	12:52:31: Orientation {'radio_id': 0
3017	12:52:32: Ground Station GPS {'gs_lat': 44.824625651041664
3018	12:52:34: Orientation {'radio_id': 0
3019	12:52:34: Position Data {'radio_id': 0
3020	12:52:34: Position Data {'radio_id': 0
3021	12:52:34: Ground Station GPS {'gs_lat': 44.824625651041664
3022	12:52:35: Position Data {'radio_id': 0
3023	12:52:36: Ground Station GPS {'gs_lat': 44.824625651041664
3024	12:52:38: Ground Station GPS {'gs_lat': 44.824625651041664
3025	12:52:39: Orientation {'radio_id': 0
3026	12:52:39: Position Data {'radio_id': 0
3027	12:52:39: Orientation {'radio_id': 0
3028	12:52:39: Position Data {'radio_id': 0
3029	12:52:39: Pyro Info {'radio_id': 0
3030	12:52:39: Position Data {'radio_id': 0
3031	12:52:40: Ground Station GPS {'gs_lat': 44.824625651041664
3032	12:52:42: Ground Station GPS {'gs_lat': 44.8246337890625
3033	12:52:44: Ground Station GPS {'gs_lat': 44.8246337890625
3034	12:52:47: Ground Station GPS {'gs_lat': 44.8246337890625
3035	12:52:49: Ground Station GPS {'gs_lat': 44.8246337890625
3036	12:52:49: Orientation {'radio_id': 0
3037	12:52:49: Position Data {'radio_id': 0
3038	12:52:49: Orientation {'radio_id': 0
3039	12:52:50: Orientation {'radio_id': 0
3040	12:52:50: Position Data {'radio_id': 0
3041	12:52:50: Orientation {'radio_id': 0
3042	12:52:50: Position Data {'radio_id': 0
3043	12:52:50: Orientation {'radio_id': 0
3044	12:52:50: Position Data {'radio_id': 0
3045	12:52:50: Orientation {'radio_id': 0
3046	12:52:50: Orientation {'radio_id': 0
3047	12:52:50: Position Data {'radio_id': 0
3048	12:52:51: Ground Station GPS {'gs_lat': 44.8246337890625
3049	12:52:51: Orientation {'radio_id': 0
3050	12:52:51: Pyro Info {'radio_id': 0
3051	12:52:51: Orientation {'radio_id': 0
3052	12:52:51: Orientation {'radio_id': 0
3053	12:52:51: Position Data {'radio_id': 0
3054	12:52:51: Alt Info & Cfg {'radio_id': 0
3055	12:52:51: Orientation {'radio_id': 0
3056	12:52:51: Position Data {'radio_id': 0
3057	12:52:51: Alt Info & Cfg {'radio_id': 0
3058	12:52:52: Position Data {'radio_id': 0
3059	12:52:52: Pyro Info {'radio_id': 0
3060	12:52:52: Orientation {'radio_id': 0
3061	12:52:52: Ground Station GPS {'gs_lat': 44.8246337890625
3062	12:52:54: Orientation {'radio_id': 0
3063	12:52:54: Orientation {'radio_id': 0
3064	12:52:54: Position Data {'radio_id': 0
3065	12:52:55: Ground Station GPS {'gs_lat': 44.8246337890625
3066	12:52:56: Orientation {'radio_id': 0
3067	12:52:56: Position Data {'radio_id': 0
3068	12:52:56: Orientation {'radio_id': 0
3069	12:52:56: Ground Station GPS {'gs_lat': 44.8246337890625
3070	12:52:58: Orientation {'radio_id': 0
3071	12:52:58: Position Data {'radio_id': 0
3072	12:52:58: Alt Info & Cfg {'radio_id': 0
3073	12:52:58: Alt Info & Cfg {'radio_id': 0
3074	12:52:59: Ground Station GPS {'gs_lat': 44.8246337890625
3075	12:52:59: Position Data {'radio_id': 0
3076	12:52:59: Pyro Info {'radio_id': 0
3077	12:52:59: Orientation {'radio_id': 0
3078	12:52:59: Orientation {'radio_id': 0
3079	12:52:59: Orientation {'radio_id': 0
3080	12:53:00: Position Data {'radio_id': 0
3081	12:53:00: Orientation {'radio_id': 0
3082	12:53:00: Ground Station GPS {'gs_lat': 44.8246337890625
3083	12:53:02: Orientation {'radio_id': 0
3084	12:53:03: Ground Station GPS {'gs_lat': 44.8246337890625
3085	12:53:03: Orientation {'radio_id': 0
3086	12:53:03: Position Data {'radio_id': 0
3087	12:53:03: Orientation {'radio_id': 0
3088	12:53:03: Position Data {'radio_id': 0
3089	12:53:03: Pyro Info {'radio_id': 0
3090	12:53:03: Orientation {'radio_id': 0
3091	12:53:03: Orientation {'radio_id': 0
3092	12:53:03: Orientation {'radio_id': 0
3093	12:53:03: Alt Info & Cfg {'radio_id': 0
3094	12:53:04: Orientation {'radio_id': 0
3095	12:53:04: Position Data {'radio_id': 0
3096	12:53:04: Alt Info & Cfg {'radio_id': 0
3097	12:53:05: Ground Station GPS {'gs_lat': 44.8246337890625
3098	12:53:07: Ground Station GPS {'gs_lat': 44.8246337890625
3099	12:53:07: Position Data {'radio_id': 0
3100	12:53:07: Orientation {'radio_id': 0
3101	12:53:07: Position Data {'radio_id': 0
3102	12:53:08: Orientation {'radio_id': 0
3103	12:53:08: Position Data {'radio_id': 0
3104	12:53:08: Position Data {'radio_id': 0
3105	12:53:09: Ground Station GPS {'gs_lat': 44.8246337890625
3106	12:53:09: Position Data {'radio_id': 0
3107	12:53:09: Position Data {'radio_id': 0
3108	12:53:09: Orientation {'radio_id': 0
3109	12:53:09: Orientation {'radio_id': 0
3110	12:53:10: Orientation {'radio_id': 0
3111	12:53:10: Position Data {'radio_id': 0
3112	12:53:10: Orientation {'radio_id': 0
3113	12:53:10: Orientation {'radio_id': 0
3114	12:53:10: Position Data {'radio_id': 0
3115	12:53:11: Ground Station GPS {'gs_lat': 44.8246337890625
3116	12:53:11: Position Data {'radio_id': 0
3117	12:53:11: Alt Info & Cfg {'radio_id': 0
3118	12:53:11: Orientation {'radio_id': 0
3119	12:53:11: Position Data {'radio_id': 0
3120	12:53:11: Orientation {'radio_id': 0
3121	12:53:11: Position Data {'radio_id': 0
3122	12:53:11: Orientation {'radio_id': 0
3123	12:53:11: Orientation {'radio_id': 0
3124	12:53:12: Orientation {'radio_id': 0
3125	12:53:12: Position Data {'radio_id': 0
3126	12:53:12: Alt Info & Cfg {'radio_id': 0
3127	12:53:13: Ground Station GPS {'gs_lat': 44.8246337890625
3128	12:53:13: Position Data {'radio_id': 0
3129	12:53:13: Orientation {'radio_id': 0
3130	12:53:13: Alt Info & Cfg {'radio_id': 0
3131	12:53:14: Orientation {'radio_id': 0
3132	12:53:14: Position Data {'radio_id': 0
3133	12:53:14: Orientation {'radio_id': 0
3134	12:53:14: Position Data {'radio_id': 0
3135	12:53:15: Orientation {'radio_id': 0
3136	12:53:15: Position Data {'radio_id': 0
3137	12:53:15: Orientation {'radio_id': 0
3138	12:53:15: Position Data {'radio_id': 0
3139	12:53:15: Pyro Info {'radio_id': 0
3140	12:53:15: Orientation {'radio_id': 0
3141	12:53:15: Position Data {'radio_id': 0
3142	12:53:15: Orientation {'radio_id': 0
3143	12:53:15: Orientation {'radio_id': 0
3144	12:53:16: Orientation {'radio_id': 0
3145	12:53:16: Position Data {'radio_id': 0
3146	12:53:16: Orientation {'radio_id': 0
3147	12:53:16: Position Data {'radio_id': 0
3148	12:53:16: Pyro Info {'radio_id': 0
3149	12:53:16: Orientation {'radio_id': 0
3150	12:53:16: Position Data {'radio_id': 0
3151	12:53:16: Orientation {'radio_id': 0
3152	12:53:16: Position Data {'radio_id': 0
3153	12:53:16: Orientation {'radio_id': 0
3154	12:53:16: Orientation {'radio_id': 0
3155	12:53:17: Ground Station GPS {'gs_lat': 44.824641927083334
3156	12:53:17: Orientation {'radio_id': 0
3157	12:53:17: Pyro Info {'radio_id': 0
3158	12:53:17: Orientation {'radio_id': 0
3159	12:53:17: Alt Info & Cfg {'radio_id': 0
3160	12:53:17: Orientation {'radio_id': 0
3161	12:53:17: Position Data {'radio_id': 0
3162	12:53:17: Orientation {'radio_id': 0
3163	12:53:17: Position Data {'radio_id': 0
3164	12:53:18: Orientation {'radio_id': 0
3165	12:53:18: Orientation {'radio_id': 0
3166	12:53:18: Pyro Info {'radio_id': 0
3167	12:53:18: Orientation {'radio_id': 0
3168	12:53:18: Position Data {'radio_id': 0
3169	12:53:18: Orientation {'radio_id': 0
3170	12:53:18: Alt Info & Cfg {'radio_id': 0
3171	12:53:18: Orientation {'radio_id': 0
3172	12:53:19: Ground Station GPS {'gs_lat': 44.824641927083334
3173	12:53:19: Orientation {'radio_id': 0
3174	12:53:19: Pyro Info {'radio_id': 0
3175	12:53:19: Position Data {'radio_id': 0
3176	12:53:19: Orientation {'radio_id': 0
3177	12:53:20: Orientation {'radio_id': 0
3178	12:53:20: Orientation {'radio_id': 0
3179	12:53:20: Position Data {'radio_id': 0
3180	12:53:21: Orientation {'radio_id': 0
3181	12:53:21: Position Data {'radio_id': 0
3182	12:53:21: Alt Info & Cfg {'radio_id': 0
3183	12:53:21: Orientation {'radio_id': 0
3184	12:53:21: Position Data {'radio_id': 0
3185	12:53:22: Position Data {'radio_id': 0
3186	12:53:22: Position Data {'radio_id': 0
3187	12:53:23: Ground Station GPS {'gs_lat': 44.824641927083334
3188	12:53:25: Ground Station GPS {'gs_lat': 44.8246337890625
3189	12:53:27: Ground Station GPS {'gs_lat': 44.8246337890625
3190	12:53:29: Ground Station GPS {'gs_lat': 44.824625651041664
3191	12:53:31: Ground Station GPS {'gs_lat': 44.824625651041664
3192	12:53:33: Ground Station GPS {'gs_lat': 44.824625651041664
3193	12:53:35: Ground Station GPS {'gs_lat': 44.824625651041664
3194	12:53:37: Ground Station GPS {'gs_lat': 44.824625651041664
3195	12:53:39: Ground Station GPS {'gs_lat': 44.824625651041664
3196	12:53:41: Ground Station GPS {'gs_lat': 44.824625651041664
3197	12:53:43: Ground Station GPS {'gs_lat': 44.824625651041664
3198	12:53:45: Ground Station GPS {'gs_lat': 44.824625651041664
3199	12:53:47: Ground Station GPS {'gs_lat': 44.824625651041664
3200	12:53:49: Ground Station GPS {'gs_lat': 44.824625651041664
3201	12:53:51: Ground Station GPS {'gs_lat': 44.824625651041664
3202	12:53:53: Ground Station GPS {'gs_lat': 44.824625651041664
3203	12:53:55: Ground Station GPS {'gs_lat': 44.824625651041664
3204	12:53:57: Ground Station GPS {'gs_lat': 44.824625651041664
3205	12:53:59: Ground Station GPS {'gs_lat': 44.824625651041664
3206	12:54:01: Ground Station GPS {'gs_lat': 44.824625651041664
3207	12:54:03: Ground Station GPS {'gs_lat': 44.824625651041664
3208	12:54:05: Ground Station GPS {'gs_lat': 44.8246337890625
3209	12:54:07: Ground Station GPS {'gs_lat': 44.8246337890625
3210	12:54:09: Ground Station GPS {'gs_lat': 44.824625651041664
3211	12:54:11: Ground Station GPS {'gs_lat': 44.824625651041664
3212	12:54:13: Ground Station GPS {'gs_lat': 44.824625651041664
3213	12:54:15: Ground Station GPS {'gs_lat': 44.824625651041664
3214	12:54:17: Ground Station GPS {'gs_lat': 44.824625651041664
3215	12:54:19: Ground Station GPS {'gs_lat': 44.824625651041664
3216	12:54:21: Ground Station GPS {'gs_lat': 44.8246337890625
3217	12:54:23: Ground Station GPS {'gs_lat': 44.8246337890625
3218	12:54:25: Ground Station GPS {'gs_lat': 44.8246337890625
3219	12:54:27: Ground Station GPS {'gs_lat': 44.8246337890625
3220	12:54:29: Ground Station GPS {'gs_lat': 44.824625651041664
3221	12:54:31: Ground Station GPS {'gs_lat': 44.824625651041664
3222	12:54:33: Ground Station GPS {'gs_lat': 44.824625651041664
3223	12:54:35: Ground Station GPS {'gs_lat': 44.824625651041664
3224	12:54:37: Ground Station GPS {'gs_lat': 44.824625651041664
3225	12:54:39: Ground Station GPS {'gs_lat': 44.824625651041664
3226	12:54:41: Ground Station GPS {'gs_lat': 44.824625651041664
3227	12:54:43: Ground Station GPS {'gs_lat': 44.824625651041664
3228	12:54:45: Ground Station GPS {'gs_lat': 44.824625651041664
3229	12:54:47: Ground Station GPS {'gs_lat': 44.824625651041664
3230	12:54:49: Ground Station GPS {'gs_lat': 44.824625651041664
3231	12:54:51: Ground Station GPS {'gs_lat': 44.824625651041664
3232	12:54:53: Ground Station GPS {'gs_lat': 44.8246337890625
3233	12:54:55: Ground Station GPS {'gs_lat': 44.8246337890625
3234	12:54:57: Ground Station GPS {'gs_lat': 44.8246337890625
3235	12:54:59: Ground Station GPS {'gs_lat': 44.824641927083334
3236	12:55:01: Ground Station GPS {'gs_lat': 44.824641927083334
3237	12:55:03: Ground Station GPS {'gs_lat': 44.8246337890625
3238	12:55:05: Ground Station GPS {'gs_lat': 44.8246337890625
3239	12:55:07: Ground Station GPS {'gs_lat': 44.8246337890625
3240	12:55:09: Ground Station GPS {'gs_lat': 44.8246337890625
3241	12:55:11: Ground Station GPS {'gs_lat': 44.8246337890625
3242	12:55:13: Ground Station GPS {'gs_lat': 44.824625651041664
3243	12:55:15: Ground Station GPS {'gs_lat': 44.824625651041664
3244	12:55:17: Ground Station GPS {'gs_lat': 44.824625651041664
3245	12:55:19: Ground Station GPS {'gs_lat': 44.824625651041664
3246	12:55:21: Ground Station GPS {'gs_lat': 44.824625651041664
3247	12:55:23: Ground Station GPS {'gs_lat': 44.824625651041664
3248	12:55:25: Ground Station GPS {'gs_lat': 44.824625651041664
3249	12:55:27: Ground Station GPS {'gs_lat': 44.824625651041664
3250	12:55:29: Ground Station GPS {'gs_lat': 44.824625651041664
3251	12:55:31: Ground Station GPS {'gs_lat': 44.824625651041664
3252	12:55:33: Ground Station GPS {'gs_lat': 44.824625651041664
3253	12:55:35: Ground Station GPS {'gs_lat': 44.824625651041664
3254	12:55:37: Ground Station GPS {'gs_lat': 44.824625651041664
3255	12:55:39: Ground Station GPS {'gs_lat': 44.824625651041664
3256	12:55:41: Ground Station GPS {'gs_lat': 44.824625651041664
3257	12:55:43: Ground Station GPS {'gs_lat': 44.824625651041664
3258	12:55:45: Ground Station GPS {'gs_lat': 44.824625651041664
3259	12:55:47: Ground Station GPS {'gs_lat': 44.824625651041664
3260	12:55:49: Ground Station GPS {'gs_lat': 44.824625651041664
3261	12:55:51: Ground Station GPS {'gs_lat': 44.824625651041664
3262	12:55:53: Ground Station GPS {'gs_lat': 44.824625651041664
3263	12:55:55: Ground Station GPS {'gs_lat': 44.824625651041664
3264	12:55:57: Ground Station GPS {'gs_lat': 44.824625651041664
3265	12:55:59: Ground Station GPS {'gs_lat': 44.824625651041664
3266	12:56:01: Ground Station GPS {'gs_lat': 44.824625651041664
3267	12:56:03: Ground Station GPS {'gs_lat': 44.824625651041664
3268	12:56:05: Ground Station GPS {'gs_lat': 44.824625651041664
3269	12:56:07: Ground Station GPS {'gs_lat': 44.824625651041664
3270	12:56:09: Ground Station GPS {'gs_lat': 44.824625651041664
3271	12:56:11: Ground Station GPS {'gs_lat': 44.824625651041664
3272	12:56:13: Ground Station GPS {'gs_lat': 44.824625651041664
3273	12:56:15: Ground Station GPS {'gs_lat': 44.824625651041664
3274	12:56:17: Ground Station GPS {'gs_lat': 44.824625651041664
3275	12:56:19: Ground Station GPS {'gs_lat': 44.824625651041664
3276	12:56:21: Ground Station GPS {'gs_lat': 44.824625651041664
3277	12:56:23: Ground Station GPS {'gs_lat': 44.824625651041664
3278	12:56:25: Ground Station GPS {'gs_lat': 44.824625651041664
3279	12:56:27: Ground Station GPS {'gs_lat': 44.824625651041664
3280	12:56:29: Ground Station GPS {'gs_lat': 44.824625651041664
3281	12:56:31: Ground Station GPS {'gs_lat': 44.824625651041664
3282	12:56:33: Ground Station GPS {'gs_lat': 44.824625651041664
3283	12:56:35: Ground Station GPS {'gs_lat': 44.824625651041664
3284	12:56:37: Ground Station GPS {'gs_lat': 44.824625651041664
3285	12:56:39: Ground Station GPS {'gs_lat': 44.824625651041664
3286	12:56:41: Ground Station GPS {'gs_lat': 44.824625651041664
3287	12:56:43: Ground Station GPS {'gs_lat': 44.824625651041664
3288	12:56:45: Ground Station GPS {'gs_lat': 44.824625651041664
3289	12:56:47: Ground Station GPS {'gs_lat': 44.824625651041664
3290	12:56:49: Ground Station GPS {'gs_lat': 44.82461751302083
3291	12:56:51: Ground Station GPS {'gs_lat': 44.82461751302083
3292	12:56:53: Ground Station GPS {'gs_lat': 44.82461751302083
3293	12:56:55: Ground Station GPS {'gs_lat': 44.82461751302083
3294	12:56:57: Ground Station GPS {'gs_lat': 44.824625651041664
3295	12:56:59: Ground Station GPS {'gs_lat': 44.824625651041664
3296	12:57:01: Ground Station GPS {'gs_lat': 44.82461751302083
3297	12:57:03: Ground Station GPS {'gs_lat': 44.824625651041664
3298	12:57:05: Ground Station GPS {'gs_lat': 44.824625651041664
3299	12:57:07: Ground Station GPS {'gs_lat': 44.82461751302083
3300	12:57:09: Ground Station GPS {'gs_lat': 44.82461751302083
3301	12:57:11: Ground Station GPS {'gs_lat': 44.82461751302083
3302	12:57:13: Ground Station GPS {'gs_lat': 44.82461751302083
3303	12:57:15: Ground Station GPS {'gs_lat': 44.82461751302083
3304	12:57:17: Ground Station GPS {'gs_lat': 44.82461751302083
3305	12:57:19: Ground Station GPS {'gs_lat': 44.82461751302083
3306	12:57:21: Ground Station GPS {'gs_lat': 44.82461751302083
3307	12:57:23: Ground Station GPS {'gs_lat': 44.82461751302083
3308	12:57:25: Ground Station GPS {'gs_lat': 44.824625651041664
3309	12:57:27: Ground Station GPS {'gs_lat': 44.824625651041664
3310	12:57:29: Ground Station GPS {'gs_lat': 44.82461751302083
3311	12:57:31: Ground Station GPS {'gs_lat': 44.82461751302083
3312	12:57:33: Ground Station GPS {'gs_lat': 44.82461751302083
3313	12:57:35: Ground Station GPS {'gs_lat': 44.82461751302083
3314	12:57:37: Ground Station GPS {'gs_lat': 44.82461751302083
3315	12:57:39: Ground Station GPS {'gs_lat': 44.82461751302083
3316	12:57:41: Ground Station GPS {'gs_lat': 44.82461751302083
3317	12:57:43: Ground Station GPS {'gs_lat': 44.82461751302083
3318	12:57:45: Ground Station GPS {'gs_lat': 44.82461751302083
3319	12:57:47: Ground Station GPS {'gs_lat': 44.824625651041664
3320	12:57:49: Ground Station GPS {'gs_lat': 44.824625651041664
3321	12:57:51: Ground Station GPS {'gs_lat': 44.824625651041664
3322	12:57:53: Ground Station GPS {'gs_lat': 44.824625651041664
3323	12:57:55: Ground Station GPS {'gs_lat': 44.824625651041664
3324	12:57:57: Ground Station GPS {'gs_lat': 44.824625651041664
3325	12:57:59: Ground Station GPS {'gs_lat': 44.824625651041664
3326	12:58:01: Ground Station GPS {'gs_lat': 44.824625651041664
3327	12:58:03: Ground Station GPS {'gs_lat': 44.824625651041664
3328	12:58:05: Ground Station GPS {'gs_lat': 44.824625651041664
3329	12:58:07: Ground Station GPS {'gs_lat': 44.824625651041664
3330	12:58:09: Ground Station GPS {'gs_lat': 44.824625651041664
3331	12:58:11: Ground Station GPS {'gs_lat': 44.824625651041664
3332	12:58:13: Ground Station GPS {'gs_lat': 44.824625651041664
3333	12:58:15: Ground Station GPS {'gs_lat': 44.82461751302083
3334	12:58:17: Ground Station GPS {'gs_lat': 44.82461751302083
3335	12:58:19: Ground Station GPS {'gs_lat': 44.82461751302083
3336	12:58:21: Ground Station GPS {'gs_lat': 44.82461751302083
3337	12:58:23: Ground Station GPS {'gs_lat': 44.82461751302083
3338	12:58:25: Ground Station GPS {'gs_lat': 44.82461751302083
3339	12:58:27: Ground Station GPS {'gs_lat': 44.82461751302083
3340	12:58:29: Ground Station GPS {'gs_lat': 44.82461751302083
3341	12:58:31: Ground Station GPS {'gs_lat': 44.82461751302083
3342	12:58:33: Ground Station GPS {'gs_lat': 44.82461751302083
3343	12:58:35: Ground Station GPS {'gs_lat': 44.82461751302083
3344	12:58:37: Ground Station GPS {'gs_lat': 44.824625651041664
3345	12:58:39: Ground Station GPS {'gs_lat': 44.824625651041664
3346	12:58:41: Ground Station GPS {'gs_lat': 44.824625651041664
3347	12:58:43: Ground Station GPS {'gs_lat': 44.824625651041664
3348	12:58:45: Ground Station GPS {'gs_lat': 44.824625651041664
3349	12:58:47: Ground Station GPS {'gs_lat': 44.824625651041664
3350	12:58:49: Ground Station GPS {'gs_lat': 44.824625651041664
3351	12:58:51: Ground Station GPS {'gs_lat': 44.824625651041664
3352	12:58:53: Ground Station GPS {'gs_lat': 44.824625651041664
3353	12:58:55: Ground Station GPS {'gs_lat': 44.824625651041664
3354	12:58:57: Ground Station GPS {'gs_lat': 44.824625651041664
3355	12:58:59: Ground Station GPS {'gs_lat': 44.824625651041664
3356	12:59:01: Ground Station GPS {'gs_lat': 44.824625651041664
3357	12:59:03: Ground Station GPS {'gs_lat': 44.824625651041664
3358	12:59:05: Ground Station GPS {'gs_lat': 44.824625651041664
3359	12:59:07: Ground Station GPS {'gs_lat': 44.824625651041664
3360	12:59:09: Ground Station GPS {'gs_lat': 44.824625651041664
3361	12:59:11: Ground Station GPS {'gs_lat': 44.824625651041664
3362	12:59:13: Ground Station GPS {'gs_lat': 44.824625651041664
3363	12:59:15: Ground Station GPS {'gs_lat': 44.824625651041664
3364	12:59:17: Ground Station GPS {'gs_lat': 44.824625651041664
3365	12:59:19: Ground Station GPS {'gs_lat': 44.824625651041664
3366	12:59:21: Ground Station GPS {'gs_lat': 44.824625651041664
3367	12:59:23: Ground Station GPS {'gs_lat': 44.824625651041664
3368	12:59:25: Ground Station GPS {'gs_lat': 44.824625651041664
3369	12:59:27: Ground Station GPS {'gs_lat': 44.824625651041664
3370	12:59:29: Ground Station GPS {'gs_lat': 44.824625651041664
3371	12:59:31: Ground Station GPS {'gs_lat': 44.824625651041664
3372	12:59:33: Ground Station GPS {'gs_lat': 44.824625651041664
3373	12:59:35: Ground Station GPS {'gs_lat': 44.824625651041664
3374	12:59:37: Ground Station GPS {'gs_lat': 44.824625651041664
3375	12:59:39: Ground Station GPS {'gs_lat': 44.824625651041664
3376	12:59:41: Ground Station GPS {'gs_lat': 44.824625651041664
3377	12:59:43: Ground Station GPS {'gs_lat': 44.824625651041664
3378	12:59:45: Ground Station GPS {'gs_lat': 44.824625651041664
3379	12:59:47: Ground Station GPS {'gs_lat': 44.824625651041664
3380	12:59:49: Ground Station GPS {'gs_lat': 44.824625651041664
3381	12:59:51: Ground Station GPS {'gs_lat': 44.824625651041664
3382	12:59:53: Ground Station GPS {'gs_lat': 44.824625651041664
3383	12:59:55: Ground Station GPS {'gs_lat': 44.824625651041664
3384	12:59:57: Ground Station GPS {'gs_lat': 44.824625651041664
3385	12:59:59: Ground Station GPS {'gs_lat': 44.824625651041664
3386	13:00:01: Ground Station GPS {'gs_lat': 44.82461751302083
3387	13:00:03: Ground Station GPS {'gs_lat': 44.82461751302083
3388	13:00:05: Ground Station GPS {'gs_lat': 44.824625651041664
3389	13:00:07: Ground Station GPS {'gs_lat': 44.824625651041664
3390	13:00:09: Ground Station GPS {'gs_lat': 44.824625651041664
3391	13:00:11: Ground Station GPS {'gs_lat': 44.824625651041664
3392	13:00:13: Ground Station GPS {'gs_lat': 44.824625651041664
3393	13:00:15: Ground Station GPS {'gs_lat': 44.824625651041664
3394	13:00:17: Ground Station GPS {'gs_lat': 44.824625651041664
3395	13:00:19: Ground Station GPS {'gs_lat': 44.824625651041664
3396	13:00:21: Ground Station GPS {'gs_lat': 44.824625651041664
3397	13:00:23: Ground Station GPS {'gs_lat': 44.824625651041664
3398	13:00:25: Ground Station GPS {'gs_lat': 44.824625651041664
3399	13:00:27: Ground Station GPS {'gs_lat': 44.824625651041664
3400	13:00:29: Ground Station GPS {'gs_lat': 44.824625651041664
3401	13:00:31: Ground Station GPS {'gs_lat': 44.824625651041664
3402	13:00:33: Ground Station GPS {'gs_lat': 44.824625651041664
3403	13:00:35: Ground Station GPS {'gs_lat': 44.824625651041664
3404	13:00:37: Ground Station GPS {'gs_lat': 44.824625651041664
3405	13:00:39: Ground Station GPS {'gs_lat': 44.824625651041664
3406	13:00:41: Ground Station GPS {'gs_lat': 44.824625651041664
3407	13:00:43: Ground Station GPS {'gs_lat': 44.824625651041664
3408	13:00:45: Ground Station GPS {'gs_lat': 44.824625651041664
3409	13:00:47: Ground Station GPS {'gs_lat': 44.824625651041664
3410	13:00:49: Ground Station GPS {'gs_lat': 44.824625651041664
3411	13:00:51: Ground Station GPS {'gs_lat': 44.824625651041664
3412	13:00:53: Ground Station GPS {'gs_lat': 44.824625651041664
3413	13:00:55: Ground Station GPS {'gs_lat': 44.824625651041664
3414	13:00:57: Ground Station GPS {'gs_lat': 44.824625651041664
3415	13:00:59: Ground Station GPS {'gs_lat': 44.824625651041664
3416	13:01:01: Ground Station GPS {'gs_lat': 44.824625651041664
3417	13:01:03: Ground Station GPS {'gs_lat': 44.824625651041664
3418	13:01:05: Ground Station GPS {'gs_lat': 44.824625651041664
3419	13:01:07: Ground Station GPS {'gs_lat': 44.824625651041664
3420	13:01:09: Ground Station GPS {'gs_lat': 44.824625651041664
3421	13:01:11: Ground Station GPS {'gs_lat': 44.824625651041664
3422	13:01:13: Ground Station GPS {'gs_lat': 44.824625651041664
3423	13:01:15: Ground Station GPS {'gs_lat': 44.824625651041664
3424	13:01:17: Ground Station GPS {'gs_lat': 44.824625651041664
3425	13:01:19: Ground Station GPS {'gs_lat': 44.824625651041664
3426	13:01:21: Ground Station GPS {'gs_lat': 44.824625651041664
3427	13:01:23: Ground Station GPS {'gs_lat': 44.824625651041664
3428	13:01:25: Ground Station GPS {'gs_lat': 44.824625651041664
3429	13:01:27: Ground Station GPS {'gs_lat': 44.824625651041664
3430	13:01:29: Ground Station GPS {'gs_lat': 44.824625651041664
3431	13:01:31: Ground Station GPS {'gs_lat': 44.824625651041664
3432	13:01:33: Ground Station GPS {'gs_lat': 44.824625651041664
3433	13:01:35: Ground Station GPS {'gs_lat': 44.824625651041664
3434	13:01:37: Ground Station GPS {'gs_lat': 44.824625651041664
3435	13:01:39: Ground Station GPS {'gs_lat': 44.824625651041664
3436	13:01:41: Ground Station GPS {'gs_lat': 44.82461751302083
3437	13:01:43: Ground Station GPS {'gs_lat': 44.82461751302083
3438	13:01:45: Ground Station GPS {'gs_lat': 44.824625651041664
3439	13:01:47: Ground Station GPS {'gs_lat': 44.82461751302083
3440	13:01:49: Ground Station GPS {'gs_lat': 44.824625651041664
3441	13:01:51: Ground Station GPS {'gs_lat': 44.824625651041664
3442	13:01:53: Ground Station GPS {'gs_lat': 44.82461751302083
3443	13:01:55: Ground Station GPS {'gs_lat': 44.82461751302083
3444	13:01:57: Ground Station GPS {'gs_lat': 44.82461751302083
3445	13:01:59: Ground Station GPS {'gs_lat': 44.82461751302083
3446	13:02:01: Ground Station GPS {'gs_lat': 44.82461751302083
3447	13:02:03: Ground Station GPS {'gs_lat': 44.82461751302083
3448	13:02:05: Ground Station GPS {'gs_lat': 44.82461751302083
3449	13:02:07: Ground Station GPS {'gs_lat': 44.82461751302083
3450	13:02:09: Ground Station GPS {'gs_lat': 44.82461751302083
3451	13:02:11: Ground Station GPS {'gs_lat': 44.82461751302083
3452	13:02:13: Ground Station GPS {'gs_lat': 44.82461751302083
3453	13:02:15: Ground Station GPS {'gs_lat': 44.82461751302083
3454	13:02:17: Ground Station GPS {'gs_lat': 44.82461751302083
3455	13:02:19: Ground Station GPS {'gs_lat': 44.82461751302083
3456	13:02:21: Ground Station GPS {'gs_lat': 44.82461751302083
3457	13:02:23: Ground Station GPS {'gs_lat': 44.82461751302083
3458	13:02:25: Ground Station GPS {'gs_lat': 44.82461751302083
3459	13:02:27: Ground Station GPS {'gs_lat': 44.82461751302083
3460	13:02:29: Ground Station GPS {'gs_lat': 44.82461751302083
3461	13:02:31: Ground Station GPS {'gs_lat': 44.82461751302083
3462	13:02:33: Ground Station GPS {'gs_lat': 44.82461751302083
3463	13:02:35: Ground Station GPS {'gs_lat': 44.82461751302083
3464	13:02:37: Ground Station GPS {'gs_lat': 44.82461751302083
3465	13:02:39: Ground Station GPS {'gs_lat': 44.82461751302083
3466	13:02:41: Ground Station GPS {'gs_lat': 44.82461751302083
3467	13:02:43: Ground Station GPS {'gs_lat': 44.82461751302083
3468	13:02:45: Ground Station GPS {'gs_lat': 44.82461751302083
3469	13:02:47: Ground Station GPS {'gs_lat': 44.82461751302083
3470	13:02:49: Ground Station GPS {'gs_lat': 44.82461751302083
3471	13:02:51: Ground Station GPS {'gs_lat': 44.82461751302083
3472	13:02:53: Ground Station GPS {'gs_lat': 44.82461751302083
3473	13:02:55: Ground Station GPS {'gs_lat': 44.824625651041664
3474	13:02:57: Ground Station GPS {'gs_lat': 44.824625651041664
3475	13:02:59: Ground Station GPS {'gs_lat': 44.824625651041664
3476	13:03:01: Ground Station GPS {'gs_lat': 44.824625651041664
3477	13:03:03: Ground Station GPS {'gs_lat': 44.824625651041664
3478	13:03:05: Ground Station GPS {'gs_lat': 44.824625651041664
3479	13:03:07: Ground Station GPS {'gs_lat': 44.824625651041664
3480	13:03:09: Ground Station GPS {'gs_lat': 44.824625651041664
3481	13:03:11: Ground Station GPS {'gs_lat': 44.824625651041664
3482	13:03:13: Ground Station GPS {'gs_lat': 44.824625651041664
3483	13:03:15: Ground Station GPS {'gs_lat': 44.824625651041664
3484	13:03:17: Ground Station GPS {'gs_lat': 44.824625651041664
3485	13:03:19: Ground Station GPS {'gs_lat': 44.824625651041664
3486	13:03:21: Ground Station GPS {'gs_lat': 44.824625651041664
3487	13:03:23: Ground Station GPS {'gs_lat': 44.824625651041664
3488	13:03:25: Ground Station GPS {'gs_lat': 44.824625651041664
3489	13:03:27: Ground Station GPS {'gs_lat': 44.824625651041664
3490	13:03:29: Ground Station GPS {'gs_lat': 44.824625651041664
3491	13:03:31: Ground Station GPS {'gs_lat': 44.824625651041664
3492	13:03:33: Ground Station GPS {'gs_lat': 44.824625651041664
3493	13:03:35: Ground Station GPS {'gs_lat': 44.824625651041664
3494	13:03:37: Ground Station GPS {'gs_lat': 44.824625651041664
3495	13:03:39: Ground Station GPS {'gs_lat': 44.824625651041664
3496	13:03:41: Ground Station GPS {'gs_lat': 44.824625651041664
3497	13:03:43: Ground Station GPS {'gs_lat': 44.824625651041664
3498	13:03:45: Ground Station GPS {'gs_lat': 44.824625651041664
3499	13:03:47: Ground Station GPS {'gs_lat': 44.824625651041664
3500	13:03:49: Ground Station GPS {'gs_lat': 44.824625651041664
3501	13:03:51: Ground Station GPS {'gs_lat': 44.824625651041664
3502	13:03:53: Ground Station GPS {'gs_lat': 44.824625651041664
3503	13:03:55: Ground Station GPS {'gs_lat': 44.824625651041664
3504	13:03:57: Ground Station GPS {'gs_lat': 44.824625651041664
3505	13:03:59: Ground Station GPS {'gs_lat': 44.824625651041664
3506	13:04:01: Ground Station GPS {'gs_lat': 44.8246337890625
3507	13:04:03: Ground Station GPS {'gs_lat': 44.8246337890625
3508	13:04:05: Ground Station GPS {'gs_lat': 44.8246337890625
3509	13:04:07: Ground Station GPS {'gs_lat': 44.8246337890625
3510	13:04:09: Ground Station GPS {'gs_lat': 44.8246337890625
3511	13:04:11: Ground Station GPS {'gs_lat': 44.8246337890625
3512	13:04:13: Ground Station GPS {'gs_lat': 44.824625651041664
3513	13:04:15: Ground Station GPS {'gs_lat': 44.824625651041664
3514	13:04:17: Ground Station GPS {'gs_lat': 44.824625651041664
3515	13:04:19: Ground Station GPS {'gs_lat': 44.824625651041664
3516	13:04:21: Ground Station GPS {'gs_lat': 44.824625651041664
3517	13:04:23: Ground Station GPS {'gs_lat': 44.824625651041664
3518	13:04:25: Ground Station GPS {'gs_lat': 44.824625651041664
3519	13:04:27: Ground Station GPS {'gs_lat': 44.824625651041664
3520	13:04:29: Ground Station GPS {'gs_lat': 44.824625651041664
3521	13:04:31: Ground Station GPS {'gs_lat': 44.824625651041664
3522	13:04:33: Ground Station GPS {'gs_lat': 44.824625651041664
3523	13:04:35: Ground Station GPS {'gs_lat': 44.824625651041664
3524	13:04:37: Ground Station GPS {'gs_lat': 44.824625651041664
3525	13:04:39: Ground Station GPS {'gs_lat': 44.824625651041664
3526	13:04:41: Ground Station GPS {'gs_lat': 44.824625651041664
3527	13:04:43: Ground Station GPS {'gs_lat': 44.824625651041664
3528	13:04:45: Ground Station GPS {'gs_lat': 44.82461751302083
3529	13:04:47: Ground Station GPS {'gs_lat': 44.82461751302083
3530	13:04:49: Ground Station GPS {'gs_lat': 44.82461751302083
3531	13:04:51: Ground Station GPS {'gs_lat': 44.82461751302083
3532	13:04:53: Ground Station GPS {'gs_lat': 44.82461751302083
3533	13:04:55: Ground Station GPS {'gs_lat': 44.82461751302083
3534	13:04:57: Ground Station GPS {'gs_lat': 44.82461751302083
3535	13:04:59: Ground Station GPS {'gs_lat': 44.82461751302083
3536	13:05:01: Ground Station GPS {'gs_lat': 44.82461751302083
3537	13:05:03: Ground Station GPS {'gs_lat': 44.82461751302083
3538	13:05:05: Ground Station GPS {'gs_lat': 44.82461751302083
3539	13:05:07: Ground Station GPS {'gs_lat': 44.82461751302083
3540	13:05:09: Ground Station GPS {'gs_lat': 44.82461751302083
3541	13:05:11: Ground Station GPS {'gs_lat': 44.82461751302083
3542	13:05:13: Ground Station GPS {'gs_lat': 44.82461751302083
3543	13:05:15: Ground Station GPS {'gs_lat': 44.82461751302083
3544	13:05:17: Ground Station GPS {'gs_lat': 44.82461751302083
3545	13:05:19: Ground Station GPS {'gs_lat': 44.82461751302083
3546	13:05:21: Ground Station GPS {'gs_lat': 44.82461751302083
3547	13:05:23: Ground Station GPS {'gs_lat': 44.82461751302083
3548	13:05:25: Ground Station GPS {'gs_lat': 44.82461751302083
3549	13:05:27: Ground Station GPS {'gs_lat': 44.82461751302083
3550	13:05:29: Ground Station GPS {'gs_lat': 44.82461751302083
3551	13:05:31: Ground Station GPS {'gs_lat': 44.82461751302083
3552	13:05:33: Ground Station GPS {'gs_lat': 44.82461751302083
3553	13:05:35: Ground Station GPS {'gs_lat': 44.824609375
3554	13:05:37: Ground Station GPS {'gs_lat': 44.824609375
3555	13:05:39: Ground Station GPS {'gs_lat': 44.824609375
3556	13:05:41: Ground Station GPS {'gs_lat': 44.824609375
3557	13:05:43: Ground Station GPS {'gs_lat': 44.824609375
3558	13:05:45: Ground Station GPS {'gs_lat': 44.824609375
3559	13:05:47: Ground Station GPS {'gs_lat': 44.824609375
3560	13:05:49: Ground Station GPS {'gs_lat': 44.824609375
3561	13:05:51: Ground Station GPS {'gs_lat': 44.824609375
3562	13:05:53: Ground Station GPS {'gs_lat': 44.824609375
3563	13:05:55: Ground Station GPS {'gs_lat': 44.824609375
3564	13:05:57: Ground Station GPS {'gs_lat': 44.824609375
3565	13:05:59: Ground Station GPS {'gs_lat': 44.824609375
3566	13:06:01: Ground Station GPS {'gs_lat': 44.824609375
3567	13:06:03: Ground Station GPS {'gs_lat': 44.824609375
3568	13:06:05: Ground Station GPS {'gs_lat': 44.824609375
3569	13:06:07: Ground Station GPS {'gs_lat': 44.824609375
3570	13:06:09: Ground Station GPS {'gs_lat': 44.824609375
3571	13:06:11: Ground Station GPS {'gs_lat': 44.824609375
3572	13:06:13: Ground Station GPS {'gs_lat': 44.824609375
3573	13:06:15: Ground Station GPS {'gs_lat': 44.824609375
3574	13:06:17: Ground Station GPS {'gs_lat': 44.824609375
3575	13:06:19: Ground Station GPS {'gs_lat': 44.824609375
3576	13:06:21: Ground Station GPS {'gs_lat': 44.824609375
3577	13:06:23: Ground Station GPS {'gs_lat': 44.824609375
3578	13:06:25: Ground Station GPS {'gs_lat': 44.824609375
3579	13:06:27: Ground Station GPS {'gs_lat': 44.824609375
3580	13:06:29: Ground Station GPS {'gs_lat': 44.824609375
3581	13:06:31: Ground Station GPS {'gs_lat': 44.824609375
3582	13:06:33: Ground Station GPS {'gs_lat': 44.824609375
3583	13:06:35: Ground Station GPS {'gs_lat': 44.824609375
3584	13:06:37: Ground Station GPS {'gs_lat': 44.824609375
3585	13:06:39: Ground Station GPS {'gs_lat': 44.824609375
3586	13:06:41: Ground Station GPS {'gs_lat': 44.824609375
3587	13:06:43: Ground Station GPS {'gs_lat': 44.824609375
3588	13:06:45: Ground Station GPS {'gs_lat': 44.824609375
3589	13:06:47: Ground Station GPS {'gs_lat': 44.824609375
3590	13:06:49: Ground Station GPS {'gs_lat': 44.824609375
3591	13:06:51: Ground Station GPS {'gs_lat': 44.824609375
3592	13:06:53: Ground Station GPS {'gs_lat': 44.824609375
3593	13:06:55: Ground Station GPS {'gs_lat': 44.824609375
3594	13:06:57: Ground Station GPS {'gs_lat': 44.824609375
3595	13:06:59: Ground Station GPS {'gs_lat': 44.824609375
3596	13:07:01: Ground Station GPS {'gs_lat': 44.824609375
3597	13:07:03: Ground Station GPS {'gs_lat': 44.824609375
3598	13:07:05: Ground Station GPS {'gs_lat': 44.824609375
3599	13:07:07: Ground Station GPS {'gs_lat': 44.824609375
3600	13:07:09: Ground Station GPS {'gs_lat': 44.824609375
3601	13:07:11: Ground Station GPS {'gs_lat': 44.824609375
3602	13:07:13: Ground Station GPS {'gs_lat': 44.824609375
3603	13:07:15: Ground Station GPS {'gs_lat': 44.824609375
3604	13:07:17: Ground Station GPS {'gs_lat': 44.824609375
3605	13:07:19: Ground Station GPS {'gs_lat': 44.824609375
3606	13:07:21: Ground Station GPS {'gs_lat': 44.82461751302083
3607	13:07:23: Ground Station GPS {'gs_lat': 44.82461751302083
3608	13:07:25: Ground Station GPS {'gs_lat': 44.82461751302083
3609	13:07:27: Ground Station GPS {'gs_lat': 44.82461751302083
3610	13:07:30: Ground Station GPS {'gs_lat': 44.82461751302083
3611	13:07:31: Ground Station GPS {'gs_lat': 44.82461751302083
3612	13:07:33: Ground Station GPS {'gs_lat': 44.82461751302083
3613	13:07:35: Ground Station GPS {'gs_lat': 44.82461751302083
3614	13:07:37: Ground Station GPS {'gs_lat': 44.82461751302083
3615	13:07:39: Ground Station GPS {'gs_lat': 44.82461751302083
3616	13:07:42: Ground Station GPS {'gs_lat': 44.82461751302083
3617	13:07:43: Ground Station GPS {'gs_lat': 44.824609375
3618	13:07:45: Ground Station GPS {'gs_lat': 44.824609375
3619	13:07:47: Ground Station GPS {'gs_lat': 44.824609375
3620	13:07:50: Ground Station GPS {'gs_lat': 44.824609375
3621	13:07:52: Ground Station GPS {'gs_lat': 44.824609375
3622	13:07:54: Ground Station GPS {'gs_lat': 44.824609375
3623	13:07:56: Ground Station GPS {'gs_lat': 44.824609375
3624	13:07:57: Ground Station GPS {'gs_lat': 44.82461751302083
3625	13:07:59: Ground Station GPS {'gs_lat': 44.82461751302083
3626	13:08:01: Ground Station GPS {'gs_lat': 44.82461751302083
3627	13:08:03: Ground Station GPS {'gs_lat': 44.824609375
3628	13:08:06: Ground Station GPS {'gs_lat': 44.824609375
3629	13:08:07: Ground Station GPS {'gs_lat': 44.82461751302083
3630	13:08:10: Ground Station GPS {'gs_lat': 44.82461751302083
3631	13:08:11: Ground Station GPS {'gs_lat': 44.824609375
3632	13:08:13: Ground Station GPS {'gs_lat': 44.824609375
3633	13:08:16: Ground Station GPS {'gs_lat': 44.824609375
3634	13:08:17: Ground Station GPS {'gs_lat': 44.824609375
3635	13:08:19: Ground Station GPS {'gs_lat': 44.824609375
3636	13:08:22: Ground Station GPS {'gs_lat': 44.824609375
3637	13:08:24: Ground Station GPS {'gs_lat': 44.824609375
3638	13:08:25: Ground Station GPS {'gs_lat': 44.824609375
3639	13:08:28: Ground Station GPS {'gs_lat': 44.824609375
3640	13:08:29: Ground Station GPS {'gs_lat': 44.824609375
3641	13:08:31: Ground Station GPS {'gs_lat': 44.824609375
3642	13:08:34: Ground Station GPS {'gs_lat': 44.824609375
3643	13:08:36: Ground Station GPS {'gs_lat': 44.824609375
3644	13:08:38: Ground Station GPS {'gs_lat': 44.824609375
3645	13:08:40: Ground Station GPS {'gs_lat': 44.824609375
3646	13:08:41: Ground Station GPS {'gs_lat': 44.824609375
3647	13:08:44: Ground Station GPS {'gs_lat': 44.824609375
3648	13:08:46: Ground Station GPS {'gs_lat': 44.824609375
3649	13:08:48: Ground Station GPS {'gs_lat': 44.824609375
3650	13:08:50: Ground Station GPS {'gs_lat': 44.824609375
3651	13:08:52: Ground Station GPS {'gs_lat': 44.824609375
3652	13:08:54: Ground Station GPS {'gs_lat': 44.824609375
3653	13:08:56: Ground Station GPS {'gs_lat': 44.824609375
3654	13:08:58: Ground Station GPS {'gs_lat': 44.824609375
3655	13:09:00: Ground Station GPS {'gs_lat': 44.824609375
3656	13:09:02: Ground Station GPS {'gs_lat': 44.824609375
3657	13:09:04: Ground Station GPS {'gs_lat': 44.824609375
3658	13:09:06: Ground Station GPS {'gs_lat': 44.824609375
3659	13:09:08: Ground Station GPS {'gs_lat': 44.824609375
3660	13:09:10: Ground Station GPS {'gs_lat': 44.82461751302083
3661	13:09:12: Ground Station GPS {'gs_lat': 44.82461751302083
3662	13:09:14: Ground Station GPS {'gs_lat': 44.82461751302083
3663	13:09:16: Ground Station GPS {'gs_lat': 44.82461751302083
3664	13:09:18: Ground Station GPS {'gs_lat': 44.82461751302083
3665	13:09:20: Ground Station GPS {'gs_lat': 44.82461751302083
3666	13:09:22: Ground Station GPS {'gs_lat': 44.82461751302083
3667	13:09:24: Ground Station GPS {'gs_lat': 44.82461751302083
3668	13:09:26: Ground Station GPS {'gs_lat': 44.82461751302083
3669	13:09:28: Ground Station GPS {'gs_lat': 44.82461751302083
3670	13:09:30: Ground Station GPS {'gs_lat': 44.82461751302083
3671	13:09:32: Ground Station GPS {'gs_lat': 44.82461751302083
3672	13:09:34: Ground Station GPS {'gs_lat': 44.82461751302083
3673	13:09:36: Ground Station GPS {'gs_lat': 44.82461751302083
3674	13:09:38: Ground Station GPS {'gs_lat': 44.82461751302083
3675	13:09:40: Ground Station GPS {'gs_lat': 44.82461751302083
3676	13:09:42: Ground Station GPS {'gs_lat': 44.82461751302083
3677	13:09:44: Ground Station GPS {'gs_lat': 44.82461751302083
3678	13:09:46: Ground Station GPS {'gs_lat': 44.82461751302083
3679	13:09:48: Ground Station GPS {'gs_lat': 44.82461751302083
3680	13:09:50: Ground Station GPS {'gs_lat': 44.82461751302083
3681	13:09:52: Ground Station GPS {'gs_lat': 44.82461751302083
3682	13:09:54: Ground Station GPS {'gs_lat': 44.824609375
3683	13:09:56: Ground Station GPS {'gs_lat': 44.824609375
3684	13:09:58: Ground Station GPS {'gs_lat': 44.824609375
3685	13:10:00: Ground Station GPS {'gs_lat': 44.824609375
3686	13:10:02: Ground Station GPS {'gs_lat': 44.82461751302083
3687	13:10:04: Ground Station GPS {'gs_lat': 44.824609375
3688	13:10:06: Ground Station GPS {'gs_lat': 44.824609375
3689	13:10:08: Ground Station GPS {'gs_lat': 44.824609375
3690	13:10:10: Ground Station GPS {'gs_lat': 44.824609375
3691	13:10:12: Ground Station GPS {'gs_lat': 44.824609375
3692	13:10:14: Ground Station GPS {'gs_lat': 44.824609375
3693	13:10:16: Ground Station GPS {'gs_lat': 44.824609375
3694	13:10:18: Ground Station GPS {'gs_lat': 44.824609375
3695	13:10:20: Ground Station GPS {'gs_lat': 44.82461751302083
3696	13:10:22: Ground Station GPS {'gs_lat': 44.82461751302083
3697	13:10:24: Ground Station GPS {'gs_lat': 44.82461751302083
3698	13:10:26: Ground Station GPS {'gs_lat': 44.82461751302083
3699	13:10:28: Ground Station GPS {'gs_lat': 44.82461751302083
3700	13:10:30: Ground Station GPS {'gs_lat': 44.824609375
3701	13:10:32: Ground Station GPS {'gs_lat': 44.824609375
3702	13:10:34: Ground Station GPS {'gs_lat': 44.824609375
3703	13:10:36: Ground Station GPS {'gs_lat': 44.82461751302083
3704	13:10:38: Ground Station GPS {'gs_lat': 44.82461751302083
3705	13:10:40: Ground Station GPS {'gs_lat': 44.82461751302083
3706	13:10:42: Ground Station GPS {'gs_lat': 44.82461751302083
3707	13:10:44: Ground Station GPS {'gs_lat': 44.82461751302083
3708	13:10:46: Ground Station GPS {'gs_lat': 44.82461751302083
3709	13:10:48: Ground Station GPS {'gs_lat': 44.82461751302083
3710	13:10:50: Ground Station GPS {'gs_lat': 44.82461751302083
3711	13:10:52: Ground Station GPS {'gs_lat': 44.82461751302083
3712	13:10:54: Ground Station GPS {'gs_lat': 44.82461751302083
3713	13:10:56: Ground Station GPS {'gs_lat': 44.82461751302083
3714	13:10:58: Ground Station GPS {'gs_lat': 44.82461751302083
3715	13:11:00: Ground Station GPS {'gs_lat': 44.82461751302083
3716	13:11:02: Ground Station GPS {'gs_lat': 44.82461751302083
3717	13:11:04: Ground Station GPS {'gs_lat': 44.82461751302083
3718	13:11:06: Ground Station GPS {'gs_lat': 44.82461751302083
3719	13:11:08: Ground Station GPS {'gs_lat': 44.82461751302083
3720	13:11:10: Ground Station GPS {'gs_lat': 44.82461751302083
3721	13:11:12: Ground Station GPS {'gs_lat': 44.82461751302083
3722	13:11:14: Ground Station GPS {'gs_lat': 44.82461751302083
3723	13:11:16: Ground Station GPS {'gs_lat': 44.82461751302083
3724	13:11:18: Ground Station GPS {'gs_lat': 44.82461751302083
3725	13:11:20: Ground Station GPS {'gs_lat': 44.82461751302083
3726	13:11:22: Ground Station GPS {'gs_lat': 44.82461751302083
3727	13:11:24: Ground Station GPS {'gs_lat': 44.82461751302083
3728	13:11:26: Ground Station GPS {'gs_lat': 44.82461751302083
3729	13:11:28: Ground Station GPS {'gs_lat': 44.82461751302083
3730	13:11:30: Ground Station GPS {'gs_lat': 44.82461751302083
3731	13:11:32: Ground Station GPS {'gs_lat': 44.82461751302083
3732	13:11:34: Ground Station GPS {'gs_lat': 44.82461751302083
3733	13:11:36: Ground Station GPS {'gs_lat': 44.824609375
3734	13:11:38: Ground Station GPS {'gs_lat': 44.824609375
3735	13:11:40: Ground Station GPS {'gs_lat': 44.824609375
3736	13:11:42: Ground Station GPS {'gs_lat': 44.824609375
3737	13:11:44: Ground Station GPS {'gs_lat': 44.824609375
3738	13:11:46: Ground Station GPS {'gs_lat': 44.824609375
3739	13:11:48: Ground Station GPS {'gs_lat': 44.824609375
3740	13:11:50: Ground Station GPS {'gs_lat': 44.824609375
3741	13:11:52: Ground Station GPS {'gs_lat': 44.824609375
3742	13:11:54: Ground Station GPS {'gs_lat': 44.824609375
3743	13:11:56: Ground Station GPS {'gs_lat': 44.824609375
3744	13:11:58: Ground Station GPS {'gs_lat': 44.824609375
3745	13:12:00: Ground Station GPS {'gs_lat': 44.824609375
3746	13:12:02: Ground Station GPS {'gs_lat': 44.824609375
3747	13:12:04: Ground Station GPS {'gs_lat': 44.824609375
3748	13:12:06: Ground Station GPS {'gs_lat': 44.824609375
3749	13:12:08: Ground Station GPS {'gs_lat': 44.824609375
3750	13:12:10: Ground Station GPS {'gs_lat': 44.824609375
3751	13:12:12: Ground Station GPS {'gs_lat': 44.824609375
3752	13:12:14: Ground Station GPS {'gs_lat': 44.824609375
3753	13:12:16: Ground Station GPS {'gs_lat': 44.824609375
3754	13:12:18: Ground Station GPS {'gs_lat': 44.824609375
3755	13:12:20: Ground Station GPS {'gs_lat': 44.824609375
3756	13:12:22: Ground Station GPS {'gs_lat': 44.824609375
3757	13:12:24: Ground Station GPS {'gs_lat': 44.824609375
3758	13:12:26: Ground Station GPS {'gs_lat': 44.824609375
3759	13:12:28: Ground Station GPS {'gs_lat': 44.824609375
3760	13:12:30: Ground Station GPS {'gs_lat': 44.824609375
3761	13:12:32: Ground Station GPS {'gs_lat': 44.824609375
3762	13:12:34: Ground Station GPS {'gs_lat': 44.82461751302083
3763	13:12:36: Ground Station GPS {'gs_lat': 44.82461751302083
3764	13:12:38: Ground Station GPS {'gs_lat': 44.82461751302083
3765	13:12:40: Ground Station GPS {'gs_lat': 44.82461751302083
3766	13:12:42: Ground Station GPS {'gs_lat': 44.82461751302083
3767	13:12:44: Ground Station GPS {'gs_lat': 44.82461751302083
3768	13:12:46: Ground Station GPS {'gs_lat': 44.82461751302083
3769	13:12:48: Ground Station GPS {'gs_lat': 44.82461751302083
3770	13:12:50: Ground Station GPS {'gs_lat': 44.824609375
3771	13:12:52: Ground Station GPS {'gs_lat': 44.824609375
3772	13:12:54: Ground Station GPS {'gs_lat': 44.824609375
3773	13:12:56: Ground Station GPS {'gs_lat': 44.824609375
3774	13:12:58: Ground Station GPS {'gs_lat': 44.824609375
3775	13:13:00: Ground Station GPS {'gs_lat': 44.824609375
3776	13:13:02: Ground Station GPS {'gs_lat': 44.824609375
3777	13:13:04: Ground Station GPS {'gs_lat': 44.824609375
3778	13:13:06: Ground Station GPS {'gs_lat': 44.824609375
3779	13:13:08: Ground Station GPS {'gs_lat': 44.824609375
3780	13:13:10: Ground Station GPS {'gs_lat': 44.824609375
3781	13:13:12: Ground Station GPS {'gs_lat': 44.824609375
3782	13:13:14: Ground Station GPS {'gs_lat': 44.824609375
3783	13:13:16: Ground Station GPS {'gs_lat': 44.824609375
3784	13:13:18: Ground Station GPS {'gs_lat': 44.824609375
3785	13:13:20: Ground Station GPS {'gs_lat': 44.824609375
3786	13:13:22: Ground Station GPS {'gs_lat': 44.824609375
3787	13:13:24: Ground Station GPS {'gs_lat': 44.824609375
3788	13:13:26: Ground Station GPS {'gs_lat': 44.824609375
3789	13:13:28: Ground Station GPS {'gs_lat': 44.824609375
3790	13:13:30: Ground Station GPS {'gs_lat': 44.824609375
3791	13:13:32: Ground Station GPS {'gs_lat': 44.824609375
3792	13:13:34: Ground Station GPS {'gs_lat': 44.824609375
3793	13:13:36: Ground Station GPS {'gs_lat': 44.82461751302083
3794	13:13:38: Ground Station GPS {'gs_lat': 44.82461751302083
3795	13:13:40: Ground Station GPS {'gs_lat': 44.82461751302083
3796	13:13:42: Ground Station GPS {'gs_lat': 44.82461751302083
3797	13:13:44: Ground Station GPS {'gs_lat': 44.82461751302083
3798	13:13:46: Ground Station GPS {'gs_lat': 44.82461751302083
3799	13:13:48: Ground Station GPS {'gs_lat': 44.82461751302083
3800	13:13:50: Ground Station GPS {'gs_lat': 44.82461751302083
3801	13:13:52: Ground Station GPS {'gs_lat': 44.824625651041664
3802	13:13:54: Ground Station GPS {'gs_lat': 44.824625651041664
3803	13:13:56: Ground Station GPS {'gs_lat': 44.824625651041664
3804	13:13:58: Ground Station GPS {'gs_lat': 44.824625651041664
3805	13:14:00: Ground Station GPS {'gs_lat': 44.82461751302083
3806	13:14:02: Ground Station GPS {'gs_lat': 44.82461751302083
3807	13:14:04: Ground Station GPS {'gs_lat': 44.82461751302083
3808	13:14:06: Ground Station GPS {'gs_lat': 44.82461751302083
3809	13:14:08: Ground Station GPS {'gs_lat': 44.82461751302083
3810	13:14:10: Ground Station GPS {'gs_lat': 44.82461751302083
3811	13:14:12: Ground Station GPS {'gs_lat': 44.82461751302083
3812	13:14:14: Ground Station GPS {'gs_lat': 44.82461751302083
3813	13:14:16: Ground Station GPS {'gs_lat': 44.82461751302083
3814	13:14:18: Ground Station GPS {'gs_lat': 44.82461751302083
3815	13:14:20: Ground Station GPS {'gs_lat': 44.82461751302083
3816	13:14:22: Ground Station GPS {'gs_lat': 44.82461751302083
3817	13:14:24: Ground Station GPS {'gs_lat': 44.82461751302083
3818	13:14:26: Ground Station GPS {'gs_lat': 44.82461751302083
3819	13:14:28: Ground Station GPS {'gs_lat': 44.824609375
3820	13:14:30: Ground Station GPS {'gs_lat': 44.824609375
3821	13:14:32: Ground Station GPS {'gs_lat': 44.824609375
3822	13:14:34: Ground Station GPS {'gs_lat': 44.824609375
3823	13:14:36: Ground Station GPS {'gs_lat': 44.824609375
3824	13:14:38: Ground Station GPS {'gs_lat': 44.824609375
3825	13:14:40: Ground Station GPS {'gs_lat': 44.824609375
3826	13:14:42: Ground Station GPS {'gs_lat': 44.824609375
3827	13:14:44: Ground Station GPS {'gs_lat': 44.824609375
3828	13:14:46: Ground Station GPS {'gs_lat': 44.824609375
3829	13:14:48: Ground Station GPS {'gs_lat': 44.824609375
3830	13:14:50: Ground Station GPS {'gs_lat': 44.824609375
3831	13:14:52: Ground Station GPS {'gs_lat': 44.82461751302083
3832	13:14:54: Ground Station GPS {'gs_lat': 44.82461751302083
3833	13:14:56: Ground Station GPS {'gs_lat': 44.82461751302083
3834	13:14:58: Ground Station GPS {'gs_lat': 44.82461751302083
3835	13:15:00: Ground Station GPS {'gs_lat': 44.82461751302083
3836	13:15:02: Ground Station GPS {'gs_lat': 44.82461751302083
3837	13:15:04: Ground Station GPS {'gs_lat': 44.82461751302083
3838	13:15:06: Ground Station GPS {'gs_lat': 44.82461751302083
3839	13:15:08: Ground Station GPS {'gs_lat': 44.82461751302083
3840	13:15:10: Ground Station GPS {'gs_lat': 44.82461751302083
3841	13:15:12: Ground Station GPS {'gs_lat': 44.82461751302083
3842	13:15:14: Ground Station GPS {'gs_lat': 44.824625651041664
3843	13:15:16: Ground Station GPS {'gs_lat': 44.824625651041664
3844	13:15:18: Ground Station GPS {'gs_lat': 44.824625651041664
3845	13:15:20: Ground Station GPS {'gs_lat': 44.824625651041664
3846	13:15:22: Ground Station GPS {'gs_lat': 44.824625651041664
3847	13:15:24: Ground Station GPS {'gs_lat': 44.824625651041664
3848	13:15:26: Ground Station GPS {'gs_lat': 44.824625651041664
3849	13:15:28: Ground Station GPS {'gs_lat': 44.824625651041664
3850	13:15:30: Ground Station GPS {'gs_lat': 44.824625651041664
3851	13:15:32: Ground Station GPS {'gs_lat': 44.824625651041664
3852	13:50:25: Ground Station GPS {'gs_lat': 0.0
3853	13:50:27: Ground Station GPS {'gs_lat': 0.0
3854	13:50:29: Ground Station GPS {'gs_lat': 0.0
3855	13:50:31: Ground Station GPS {'gs_lat': 0.0
3856	13:50:33: Ground Station GPS {'gs_lat': 0.0
3857	13:50:35: Ground Station GPS {'gs_lat': 0.0
3858	13:50:37: Ground Station GPS {'gs_lat': 0.0
3859	13:50:39: Ground Station GPS {'gs_lat': 0.0
3860	13:50:41: Ground Station GPS {'gs_lat': 0.0
3861	13:50:43: Ground Station GPS {'gs_lat': 0.0
3862	13:50:45: Ground Station GPS {'gs_lat': 0.0
3863	13:50:47: Ground Station GPS {'gs_lat': 0.0
3864	13:50:49: Ground Station GPS {'gs_lat': 0.0
3865	13:50:51: Ground Station GPS {'gs_lat': 0.0
3866	13:50:53: Ground Station GPS {'gs_lat': 0.0
3867	13:50:55: Ground Station GPS {'gs_lat': 0.0
3868	13:50:57: Ground Station GPS {'gs_lat': 0.0
3869	13:50:59: Ground Station GPS {'gs_lat': 0.0
3870	13:51:01: Ground Station GPS {'gs_lat': 0.0
3871	13:51:03: Ground Station GPS {'gs_lat': 0.0
3872	13:51:05: Ground Station GPS {'gs_lat': 0.0
3873	13:51:07: Ground Station GPS {'gs_lat': 0.0
3874	13:51:09: Ground Station GPS {'gs_lat': 0.0
3875	13:51:11: Ground Station GPS {'gs_lat': 0.0
3876	13:51:13: Ground Station GPS {'gs_lat': 0.0
3877	13:51:15: Ground Station GPS {'gs_lat': 0.0
3878	13:51:17: Ground Station GPS {'gs_lat': 0.0
3879	13:51:19: Ground Station GPS {'gs_lat': 0.0
3880	13:51:21: Ground Station GPS {'gs_lat': 0.0
3881	13:51:23: Ground Station GPS {'gs_lat': 0.0
3882	13:51:25: Ground Station GPS {'gs_lat': 0.0
3883	13:51:27: Ground Station GPS {'gs_lat': 0.0
3884	13:51:29: Ground Station GPS {'gs_lat': 0.0
3885	13:51:31: Ground Station GPS {'gs_lat': 0.0
3886	13:51:33: Ground Station GPS {'gs_lat': 0.0
3887	13:51:35: Ground Station GPS {'gs_lat': 0.0
3888	13:51:37: Ground Station GPS {'gs_lat': 0.0
3889	13:51:39: Ground Station GPS {'gs_lat': 0.0
3890	13:51:41: Ground Station GPS {'gs_lat': 0.0
3891	13:51:43: Ground Station GPS {'gs_lat': 0.0
3892	13:51:45: Ground Station GPS {'gs_lat': 0.0
3893	13:51:47: Ground Station GPS {'gs_lat': 0.0
3894	13:51:49: Ground Station GPS {'gs_lat': 0.0
3895	13:51:51: Ground Station GPS {'gs_lat': 44.8245361328125
3896	13:51:53: Ground Station GPS {'gs_lat': 44.8245361328125
3897	13:51:55: Ground Station GPS {'gs_lat': 44.8245361328125
3898	13:51:57: Ground Station GPS {'gs_lat': 44.8245361328125
3899	13:51:59: Ground Station GPS {'gs_lat': 44.82456868489583
3900	13:52:01: Ground Station GPS {'gs_lat': 44.82467447916667
3901	13:52:03: Ground Station GPS {'gs_lat': 44.82467447916667
3902	13:52:05: Ground Station GPS {'gs_lat': 44.82472330729167
3903	13:52:07: Ground Station GPS {'gs_lat': 44.82472330729167
3904	13:52:09: Ground Station GPS {'gs_lat': 44.82470703125
3905	13:52:11: Ground Station GPS {'gs_lat': 44.82470703125
3906	13:52:13: Ground Station GPS {'gs_lat': 44.82470703125
3907	13:52:15: Ground Station GPS {'gs_lat': 44.824641927083334
3908	13:52:17: Ground Station GPS {'gs_lat': 44.824658203125
3909	13:52:19: Ground Station GPS {'gs_lat': 44.824658203125
3910	13:52:21: Ground Station GPS {'gs_lat': 44.824658203125
3911	13:52:23: Ground Station GPS {'gs_lat': 44.824658203125
3912	13:52:25: Ground Station GPS {'gs_lat': 44.824658203125
3913	13:52:27: Ground Station GPS {'gs_lat': 44.824658203125
3914	13:52:29: Ground Station GPS {'gs_lat': 44.824658203125
3915	13:52:31: Ground Station GPS {'gs_lat': 44.824658203125
3916	13:52:33: Ground Station GPS {'gs_lat': 44.824650065104166
3917	13:52:35: Ground Station GPS {'gs_lat': 44.824641927083334
3918	13:52:37: Ground Station GPS {'gs_lat': 44.824641927083334
3919	13:52:39: Ground Station GPS {'gs_lat': 44.824641927083334
3920	13:52:41: Ground Station GPS {'gs_lat': 44.824641927083334
3921	13:52:43: Ground Station GPS {'gs_lat': 44.824641927083334
3922	13:52:45: Ground Station GPS {'gs_lat': 44.824641927083334
3923	13:52:47: Ground Station GPS {'gs_lat': 44.824625651041664
3924	13:52:49: Ground Station GPS {'gs_lat': 44.824625651041664
3925	13:52:51: Ground Station GPS {'gs_lat': 44.824625651041664
3926	13:52:53: Ground Station GPS {'gs_lat': 44.82461751302083
3927	13:52:55: Ground Station GPS {'gs_lat': 44.82461751302083
3928	13:52:57: Ground Station GPS {'gs_lat': 44.82461751302083
3929	13:52:59: Ground Station GPS {'gs_lat': 44.824609375
3930	13:53:01: Ground Station GPS {'gs_lat': 44.824609375
3931	13:53:03: Ground Station GPS {'gs_lat': 44.824609375
3932	13:53:05: Ground Station GPS {'gs_lat': 44.824609375
3933	13:53:07: Ground Station GPS {'gs_lat': 44.824609375
3934	13:53:09: Ground Station GPS {'gs_lat': 44.824609375
3935	13:53:11: Ground Station GPS {'gs_lat': 44.824609375
3936	13:53:13: Ground Station GPS {'gs_lat': 44.824609375
3937	13:53:15: Ground Station GPS {'gs_lat': 44.824609375
3938	13:53:17: Ground Station GPS {'gs_lat': 44.824609375
3939	13:53:19: Ground Station GPS {'gs_lat': 44.824609375
3940	13:53:21: Ground Station GPS {'gs_lat': 44.824609375
3941	13:53:23: Ground Station GPS {'gs_lat': 44.824609375
3942	13:53:25: Ground Station GPS {'gs_lat': 44.824609375
3943	13:53:27: Ground Station GPS {'gs_lat': 44.824609375
3944	13:53:29: Ground Station GPS {'gs_lat': 44.824609375
3945	13:53:31: Ground Station GPS {'gs_lat': 44.824609375
3946	13:53:33: Ground Station GPS {'gs_lat': 44.82460123697917
3947	13:53:35: Ground Station GPS {'gs_lat': 44.82460123697917
3948	13:53:37: Ground Station GPS {'gs_lat': 44.824609375
3949	13:53:39: Ground Station GPS {'gs_lat': 44.824609375
3950	13:53:41: Ground Station GPS {'gs_lat': 44.824609375
3951	13:53:43: Ground Station GPS {'gs_lat': 44.824609375
3952	13:53:45: Ground Station GPS {'gs_lat': 44.824609375
3953	13:53:47: Ground Station GPS {'gs_lat': 44.824609375
3954	13:53:49: Ground Station GPS {'gs_lat': 44.824609375
3955	13:53:51: Ground Station GPS {'gs_lat': 44.824609375
3956	13:53:53: Ground Station GPS {'gs_lat': 44.824609375
3957	13:53:55: Ground Station GPS {'gs_lat': 44.824609375
3958	13:53:57: Ground Station GPS {'gs_lat': 44.824609375
3959	13:53:59: Ground Station GPS {'gs_lat': 44.824609375
3960	13:54:01: Ground Station GPS {'gs_lat': 44.824609375
3961	13:54:03: Ground Station GPS {'gs_lat': 44.824609375
3962	13:54:05: Ground Station GPS {'gs_lat': 44.824609375
3963	13:54:07: Ground Station GPS {'gs_lat': 44.824609375
3964	13:54:09: Ground Station GPS {'gs_lat': 44.824609375
3965	13:54:11: Ground Station GPS {'gs_lat': 44.824609375
3966	13:54:13: Ground Station GPS {'gs_lat': 44.824609375
3967	13:54:15: Ground Station GPS {'gs_lat': 44.824609375
3968	13:54:17: Ground Station GPS {'gs_lat': 44.824609375
3969	13:54:19: Ground Station GPS {'gs_lat': 44.824609375
3970	13:54:21: Ground Station GPS {'gs_lat': 44.824609375
3971	13:54:23: Ground Station GPS {'gs_lat': 44.82461751302083
3972	13:54:25: Ground Station GPS {'gs_lat': 44.82461751302083
3973	13:54:27: Ground Station GPS {'gs_lat': 44.82461751302083
3974	13:54:29: Ground Station GPS {'gs_lat': 44.82461751302083
3975	13:54:31: Ground Station GPS {'gs_lat': 44.824625651041664
3976	13:54:33: Ground Station GPS {'gs_lat': 44.824625651041664
3977	13:54:35: Ground Station GPS {'gs_lat': 44.824625651041664
3978	13:54:37: Ground Station GPS {'gs_lat': 44.824625651041664
3979	13:54:39: Ground Station GPS {'gs_lat': 44.824625651041664
3980	13:54:41: Ground Station GPS {'gs_lat': 44.82461751302083
3981	13:54:43: Ground Station GPS {'gs_lat': 44.82461751302083
3982	13:54:45: Ground Station GPS {'gs_lat': 44.82461751302083
3983	13:54:47: Ground Station GPS {'gs_lat': 44.824609375
3984	13:54:49: Ground Station GPS {'gs_lat': 44.82461751302083
3985	13:54:51: Ground Station GPS {'gs_lat': 44.82461751302083
3986	13:54:53: Ground Station GPS {'gs_lat': 44.82461751302083
3987	13:54:55: Ground Station GPS {'gs_lat': 44.82461751302083
3988	13:54:57: Ground Station GPS {'gs_lat': 44.82461751302083
3989	13:54:59: Ground Station GPS {'gs_lat': 44.82461751302083
3990	13:55:01: Ground Station GPS {'gs_lat': 44.824609375
3991	13:55:03: Ground Station GPS {'gs_lat': 44.824609375
3992	13:55:05: Ground Station GPS {'gs_lat': 44.824609375
3993	13:55:07: Ground Station GPS {'gs_lat': 44.824609375
3994	13:55:09: Ground Station GPS {'gs_lat': 44.824609375
3995	13:55:11: Ground Station GPS {'gs_lat': 44.824609375
3996	13:55:13: Ground Station GPS {'gs_lat': 44.824609375
3997	13:55:15: Ground Station GPS {'gs_lat': 44.824609375
3998	13:55:17: Ground Station GPS {'gs_lat': 44.824609375
3999	13:55:19: Ground Station GPS {'gs_lat': 44.824609375
4000	13:55:21: Ground Station GPS {'gs_lat': 44.824609375
4001	13:55:23: Ground Station GPS {'gs_lat': 44.824609375
4002	13:55:25: Ground Station GPS {'gs_lat': 44.824609375
4003	13:55:27: Ground Station GPS {'gs_lat': 44.824609375
4004	13:55:29: Ground Station GPS {'gs_lat': 44.824609375
4005	13:55:31: Ground Station GPS {'gs_lat': 44.824609375
4006	13:55:33: Ground Station GPS {'gs_lat': 44.824609375
4007	13:55:35: Ground Station GPS {'gs_lat': 44.824609375
4008	13:55:37: Ground Station GPS {'gs_lat': 44.824609375
4009	13:55:39: Ground Station GPS {'gs_lat': 44.824609375
4010	13:55:41: Ground Station GPS {'gs_lat': 44.82460123697917
4011	13:55:43: Ground Station GPS {'gs_lat': 44.82460123697917
4012	13:55:45: Ground Station GPS {'gs_lat': 44.82460123697917
4013	13:55:47: Ground Station GPS {'gs_lat': 44.82460123697917
4014	13:55:49: Ground Station GPS {'gs_lat': 44.82460123697917
4015	13:55:51: Ground Station GPS {'gs_lat': 44.82460123697917
4016	13:55:53: Ground Station GPS {'gs_lat': 44.82460123697917
4017	13:55:55: Ground Station GPS {'gs_lat': 44.82460123697917
4018	13:55:57: Ground Station GPS {'gs_lat': 44.82460123697917
4019	13:55:59: Ground Station GPS {'gs_lat': 44.82460123697917
4020	13:56:01: Ground Station GPS {'gs_lat': 44.82460123697917
4021	13:56:03: Ground Station GPS {'gs_lat': 44.8245849609375
4022	13:56:05: Ground Station GPS {'gs_lat': 44.8245849609375
4023	13:56:07: Ground Station GPS {'gs_lat': 44.82459309895833
4024	13:56:09: Ground Station GPS {'gs_lat': 44.82459309895833
4025	13:56:11: Ground Station GPS {'gs_lat': 44.8245849609375
4026	13:56:13: Ground Station GPS {'gs_lat': 44.8245849609375
4027	13:56:15: Ground Station GPS {'gs_lat': 44.8245849609375
4028	13:56:17: Ground Station GPS {'gs_lat': 44.82457682291667
4029	13:56:19: Ground Station GPS {'gs_lat': 44.8245849609375
4030	13:56:21: Ground Station GPS {'gs_lat': 44.8245849609375
4031	13:56:23: Ground Station GPS {'gs_lat': 44.8245849609375
4032	13:56:25: Ground Station GPS {'gs_lat': 44.8245849609375
4033	13:56:27: Ground Station GPS {'gs_lat': 44.8245849609375
4034	13:56:29: Ground Station GPS {'gs_lat': 44.8245849609375
4035	13:56:31: Ground Station GPS {'gs_lat': 44.8245849609375
4036	13:56:33: Ground Station GPS {'gs_lat': 44.8245849609375
4037	13:56:35: Ground Station GPS {'gs_lat': 44.8245849609375
4038	13:56:37: Ground Station GPS {'gs_lat': 44.8245849609375
4039	13:56:39: Ground Station GPS {'gs_lat': 44.8245849609375
4040	13:56:41: Ground Station GPS {'gs_lat': 44.8245849609375
4041	13:56:43: Ground Station GPS {'gs_lat': 44.8245849609375
4042	13:56:45: Ground Station GPS {'gs_lat': 44.8245849609375
4043	13:56:47: Ground Station GPS {'gs_lat': 44.82459309895833
4044	13:56:49: Ground Station GPS {'gs_lat': 44.82459309895833
4045	13:56:51: Ground Station GPS {'gs_lat': 44.82459309895833
4046	13:56:53: Ground Station GPS {'gs_lat': 44.82459309895833
4047	13:56:55: Ground Station GPS {'gs_lat': 44.82459309895833
4048	13:56:57: Ground Station GPS {'gs_lat': 44.82459309895833
4049	13:56:59: Ground Station GPS {'gs_lat': 44.82459309895833
4050	13:57:01: Ground Station GPS {'gs_lat': 44.82460123697917
4051	13:57:03: Ground Station GPS {'gs_lat': 44.82460123697917
4052	13:57:05: Ground Station GPS {'gs_lat': 44.82460123697917
4053	13:57:07: Ground Station GPS {'gs_lat': 44.82460123697917
4054	13:57:09: Ground Station GPS {'gs_lat': 44.82460123697917
4055	13:57:11: Ground Station GPS {'gs_lat': 44.82460123697917
4056	13:57:13: Ground Station GPS {'gs_lat': 44.82460123697917
4057	13:57:15: Ground Station GPS {'gs_lat': 44.824609375
4058	13:57:17: Ground Station GPS {'gs_lat': 44.82460123697917
4059	13:57:19: Ground Station GPS {'gs_lat': 44.82460123697917
4060	13:57:21: Ground Station GPS {'gs_lat': 44.82460123697917
4061	13:57:23: Ground Station GPS {'gs_lat': 44.82460123697917
4062	13:57:25: Ground Station GPS {'gs_lat': 44.82460123697917
4063	13:57:27: Ground Station GPS {'gs_lat': 44.82460123697917
4064	13:57:29: Ground Station GPS {'gs_lat': 44.82460123697917
4065	13:57:31: Ground Station GPS {'gs_lat': 44.82460123697917
4066	13:57:33: Ground Station GPS {'gs_lat': 44.82460123697917
4067	13:57:35: Ground Station GPS {'gs_lat': 44.82460123697917
4068	13:57:37: Ground Station GPS {'gs_lat': 44.82460123697917
4069	13:57:39: Ground Station GPS {'gs_lat': 44.824609375
4070	13:57:41: Ground Station GPS {'gs_lat': 44.82460123697917
4071	13:57:43: Ground Station GPS {'gs_lat': 44.82460123697917
4072	13:57:45: Ground Station GPS {'gs_lat': 44.824609375
4073	13:57:47: Ground Station GPS {'gs_lat': 44.824609375
4074	13:57:49: Ground Station GPS {'gs_lat': 44.824609375
4075	13:57:51: Ground Station GPS {'gs_lat': 44.824609375
4076	13:57:53: Ground Station GPS {'gs_lat': 44.824609375
4077	13:57:55: Ground Station GPS {'gs_lat': 44.824609375
4078	13:57:57: Ground Station GPS {'gs_lat': 44.824609375
4079	13:57:59: Ground Station GPS {'gs_lat': 44.824609375
4080	13:58:01: Ground Station GPS {'gs_lat': 44.824609375
4081	13:58:03: Ground Station GPS {'gs_lat': 44.824609375
4082	13:58:05: Ground Station GPS {'gs_lat': 44.824609375
4083	13:58:07: Ground Station GPS {'gs_lat': 44.824609375
4084	13:58:09: Ground Station GPS {'gs_lat': 44.824609375
4085	13:58:11: Ground Station GPS {'gs_lat': 44.824609375
4086	13:58:13: Ground Station GPS {'gs_lat': 44.824609375
4087	13:58:15: Ground Station GPS {'gs_lat': 44.824609375
4088	13:58:17: Ground Station GPS {'gs_lat': 44.824609375
4089	13:58:19: Ground Station GPS {'gs_lat': 44.824609375
4090	13:58:21: Ground Station GPS {'gs_lat': 44.824609375
4091	13:58:23: Ground Station GPS {'gs_lat': 44.824609375
4092	13:58:25: Ground Station GPS {'gs_lat': 44.824609375
4093	13:58:27: Ground Station GPS {'gs_lat': 44.824609375
4094	13:58:29: Ground Station GPS {'gs_lat': 44.824609375
4095	13:58:31: Ground Station GPS {'gs_lat': 44.824609375
4096	13:58:33: Ground Station GPS {'gs_lat': 44.824609375
4097	13:58:35: Ground Station GPS {'gs_lat': 44.824609375
4098	13:58:37: Ground Station GPS {'gs_lat': 44.82460123697917
4099	13:58:39: Ground Station GPS {'gs_lat': 44.82460123697917
4100	13:58:41: Ground Station GPS {'gs_lat': 44.82460123697917
4101	13:58:43: Ground Station GPS {'gs_lat': 44.82460123697917
4102	13:58:45: Ground Station GPS {'gs_lat': 44.82460123697917
4103	13:58:47: Ground Station GPS {'gs_lat': 44.82460123697917
4104	13:58:49: Ground Station GPS {'gs_lat': 44.82460123697917
4105	13:58:51: Ground Station GPS {'gs_lat': 44.82460123697917
4106	13:58:53: Ground Station GPS {'gs_lat': 44.82460123697917
4107	13:58:55: Ground Station GPS {'gs_lat': 44.82460123697917
4108	13:58:57: Ground Station GPS {'gs_lat': 44.82460123697917
4109	13:58:59: Ground Station GPS {'gs_lat': 44.82460123697917
4110	13:59:01: Ground Station GPS {'gs_lat': 44.82460123697917
4111	13:59:03: Ground Station GPS {'gs_lat': 44.82460123697917
4112	13:59:05: Ground Station GPS {'gs_lat': 44.82460123697917
4113	13:59:07: Ground Station GPS {'gs_lat': 44.82460123697917
4114	13:59:09: Ground Station GPS {'gs_lat': 44.82460123697917
4115	13:59:11: Ground Station GPS {'gs_lat': 44.82460123697917
4116	13:59:13: Ground Station GPS {'gs_lat': 44.82460123697917
4117	13:59:15: Ground Station GPS {'gs_lat': 44.82460123697917
4118	13:59:17: Ground Station GPS {'gs_lat': 44.82460123697917
4119	13:59:19: Ground Station GPS {'gs_lat': 44.82460123697917
4120	13:59:21: Ground Station GPS {'gs_lat': 44.82460123697917
4121	13:59:23: Ground Station GPS {'gs_lat': 44.82460123697917
4122	13:59:25: Ground Station GPS {'gs_lat': 44.82460123697917
4123	13:59:27: Ground Station GPS {'gs_lat': 44.82460123697917
4124	13:59:29: Ground Station GPS {'gs_lat': 44.82460123697917
4125	13:59:31: Ground Station GPS {'gs_lat': 44.82460123697917
4126	13:59:33: Ground Station GPS {'gs_lat': 44.824609375
4127	13:59:35: Ground Station GPS {'gs_lat': 44.824609375
4128	13:59:37: Ground Station GPS {'gs_lat': 44.824609375
4129	13:59:39: Ground Station GPS {'gs_lat': 44.82460123697917
4130	13:59:41: Ground Station GPS {'gs_lat': 44.824609375
4131	13:59:43: Ground Station GPS {'gs_lat': 44.824609375
4132	13:59:45: Ground Station GPS {'gs_lat': 44.824609375
4133	13:59:47: Ground Station GPS {'gs_lat': 44.824609375
4134	13:59:49: Ground Station GPS {'gs_lat': 44.824609375
4135	13:59:51: Ground Station GPS {'gs_lat': 44.824609375
4136	13:59:53: Ground Station GPS {'gs_lat': 44.824609375
4137	13:59:55: Ground Station GPS {'gs_lat': 44.824609375
4138	13:59:57: Ground Station GPS {'gs_lat': 44.824609375
4139	13:59:59: Ground Station GPS {'gs_lat': 44.824609375
4140	14:00:01: Ground Station GPS {'gs_lat': 44.824609375
4141	14:00:03: Ground Station GPS {'gs_lat': 44.824609375
4142	14:00:05: Ground Station GPS {'gs_lat': 44.824609375
4143	14:00:07: Ground Station GPS {'gs_lat': 44.824609375
4144	14:00:09: Ground Station GPS {'gs_lat': 44.824609375
4145	14:00:11: Ground Station GPS {'gs_lat': 44.824609375
4146	14:00:13: Ground Station GPS {'gs_lat': 44.824609375
4147	14:00:15: Ground Station GPS {'gs_lat': 44.824609375
4148	14:00:17: Ground Station GPS {'gs_lat': 44.824609375
4149	14:00:19: Ground Station GPS {'gs_lat': 44.82461751302083
4150	14:00:21: Ground Station GPS {'gs_lat': 44.82461751302083
4151	14:00:23: Ground Station GPS {'gs_lat': 44.824609375
4152	14:00:25: Ground Station GPS {'gs_lat': 44.824609375
4153	14:00:27: Ground Station GPS {'gs_lat': 44.824609375
4154	14:00:29: Ground Station GPS {'gs_lat': 44.824609375
4155	14:00:31: Ground Station GPS {'gs_lat': 44.824609375
4156	14:00:33: Ground Station GPS {'gs_lat': 44.824609375
4157	14:00:35: Ground Station GPS {'gs_lat': 44.824609375
4158	14:00:37: Ground Station GPS {'gs_lat': 44.82461751302083
4159	14:00:39: Ground Station GPS {'gs_lat': 44.82461751302083
4160	14:00:41: Ground Station GPS {'gs_lat': 44.82461751302083
4161	14:00:43: Ground Station GPS {'gs_lat': 44.82461751302083
4162	14:00:45: Ground Station GPS {'gs_lat': 44.824609375
4163	14:00:47: Ground Station GPS {'gs_lat': 44.824609375
4164	14:00:49: Ground Station GPS {'gs_lat': 44.824609375
4165	14:00:51: Ground Station GPS {'gs_lat': 44.824609375
4166	14:00:53: Ground Station GPS {'gs_lat': 44.824609375
4167	14:00:55: Ground Station GPS {'gs_lat': 44.824609375
4168	14:00:57: Ground Station GPS {'gs_lat': 44.824609375
4169	14:00:59: Ground Station GPS {'gs_lat': 44.824609375
4170	14:01:01: Ground Station GPS {'gs_lat': 44.824609375
4171	14:01:03: Ground Station GPS {'gs_lat': 44.824609375
4172	14:01:05: Ground Station GPS {'gs_lat': 44.824609375
4173	14:01:07: Ground Station GPS {'gs_lat': 44.824609375
4174	14:01:09: Ground Station GPS {'gs_lat': 44.824609375
4175	14:01:11: Ground Station GPS {'gs_lat': 44.824609375
4176	14:01:13: Ground Station GPS {'gs_lat': 44.824609375
4177	14:01:15: Ground Station GPS {'gs_lat': 44.824609375
4178	14:01:17: Ground Station GPS {'gs_lat': 44.824609375
4179	14:01:19: Ground Station GPS {'gs_lat': 44.824609375
4180	14:01:21: Ground Station GPS {'gs_lat': 44.824609375
4181	14:01:23: Ground Station GPS {'gs_lat': 44.824609375
4182	14:01:25: Ground Station GPS {'gs_lat': 44.824609375
4183	14:01:27: Ground Station GPS {'gs_lat': 44.824609375
4184	14:01:29: Ground Station GPS {'gs_lat': 44.82460123697917
4185	14:01:31: Ground Station GPS {'gs_lat': 44.82460123697917
4186	14:01:33: Ground Station GPS {'gs_lat': 44.82460123697917
4187	14:01:35: Ground Station GPS {'gs_lat': 44.82460123697917
4188	14:01:37: Ground Station GPS {'gs_lat': 44.82460123697917
4189	14:01:39: Ground Station GPS {'gs_lat': 44.82460123697917
4190	14:01:41: Ground Station GPS {'gs_lat': 44.82460123697917
4191	14:01:43: Ground Station GPS {'gs_lat': 44.82460123697917
4192	14:01:45: Ground Station GPS {'gs_lat': 44.82460123697917
4193	14:01:47: Ground Station GPS {'gs_lat': 44.82460123697917
4194	14:01:49: Ground Station GPS {'gs_lat': 44.82460123697917
4195	14:01:51: Ground Station GPS {'gs_lat': 44.82460123697917
4196	14:01:53: Ground Station GPS {'gs_lat': 44.82460123697917
4197	14:01:55: Ground Station GPS {'gs_lat': 44.82460123697917
4198	14:01:57: Ground Station GPS {'gs_lat': 44.82460123697917
4199	14:01:59: Ground Station GPS {'gs_lat': 44.82460123697917
4200	14:02:01: Ground Station GPS {'gs_lat': 44.82460123697917
4201	14:02:03: Ground Station GPS {'gs_lat': 44.82460123697917
4202	14:02:05: Ground Station GPS {'gs_lat': 44.82460123697917
4203	14:02:07: Ground Station GPS {'gs_lat': 44.82460123697917
4204	14:02:09: Ground Station GPS {'gs_lat': 44.82460123697917
4205	14:02:11: Ground Station GPS {'gs_lat': 44.82460123697917
4206	14:02:13: Ground Station GPS {'gs_lat': 44.82460123697917
4207	14:02:15: Ground Station GPS {'gs_lat': 44.82460123697917
4208	14:02:17: Ground Station GPS {'gs_lat': 44.82460123697917
4209	14:02:19: Ground Station GPS {'gs_lat': 44.82460123697917
4210	14:02:21: Ground Station GPS {'gs_lat': 44.82460123697917
4211	14:02:23: Ground Station GPS {'gs_lat': 44.82460123697917
4212	14:02:25: Ground Station GPS {'gs_lat': 44.82460123697917
4213	14:02:27: Ground Station GPS {'gs_lat': 44.82460123697917
4214	14:02:29: Ground Station GPS {'gs_lat': 44.82460123697917
4215	14:02:31: Ground Station GPS {'gs_lat': 44.82460123697917
4216	14:02:33: Ground Station GPS {'gs_lat': 44.82460123697917
4217	14:02:35: Ground Station GPS {'gs_lat': 44.82460123697917
4218	14:02:37: Ground Station GPS {'gs_lat': 44.82460123697917
4219	14:02:39: Ground Station GPS {'gs_lat': 44.82460123697917
4220	14:02:41: Ground Station GPS {'gs_lat': 44.82460123697917
4221	14:02:43: Ground Station GPS {'gs_lat': 44.82460123697917
4222	14:02:45: Ground Station GPS {'gs_lat': 44.82460123697917
4223	14:02:47: Ground Station GPS {'gs_lat': 44.82460123697917
4224	14:02:49: Ground Station GPS {'gs_lat': 44.82460123697917
4225	14:02:51: Ground Station GPS {'gs_lat': 44.82459309895833
4226	14:02:53: Ground Station GPS {'gs_lat': 44.82459309895833
4227	14:02:55: Ground Station GPS {'gs_lat': 44.82459309895833
4228	14:02:57: Ground Station GPS {'gs_lat': 44.82459309895833
4229	14:02:59: Ground Station GPS {'gs_lat': 44.82459309895833
4230	14:03:01: Ground Station GPS {'gs_lat': 44.82459309895833
4231	14:03:03: Ground Station GPS {'gs_lat': 44.82459309895833
4232	14:03:05: Ground Station GPS {'gs_lat': 44.82459309895833
4233	14:03:07: Ground Station GPS {'gs_lat': 44.82459309895833
4234	14:03:09: Ground Station GPS {'gs_lat': 44.82459309895833
4235	14:03:12: Ground Station GPS {'gs_lat': 44.82459309895833
4236	14:03:13: Ground Station GPS {'gs_lat': 44.82459309895833
4237	14:03:15: Ground Station GPS {'gs_lat': 44.82459309895833
4238	14:03:17: Ground Station GPS {'gs_lat': 44.82459309895833
4239	14:03:19: Ground Station GPS {'gs_lat': 44.82459309895833
4240	14:03:21: Ground Station GPS {'gs_lat': 44.82459309895833
4241	14:03:23: Ground Station GPS {'gs_lat': 44.82459309895833
4242	14:03:25: Ground Station GPS {'gs_lat': 44.82459309895833
4243	14:03:27: Ground Station GPS {'gs_lat': 44.824609375
4244	14:03:29: Ground Station GPS {'gs_lat': 44.824641927083334
4245	14:03:31: Ground Station GPS {'gs_lat': 44.824641927083334
4246	14:03:33: Ground Station GPS {'gs_lat': 44.824650065104166
4247	14:03:35: Ground Station GPS {'gs_lat': 44.82467447916667
4248	14:03:37: Ground Station GPS {'gs_lat': 44.82469075520833
4249	14:03:39: Ground Station GPS {'gs_lat': 44.82469075520833
4250	14:03:41: Ground Station GPS {'gs_lat': 44.82472330729167
4251	14:03:43: Ground Station GPS {'gs_lat': 44.82473958333333
4252	14:03:45: Ground Station GPS {'gs_lat': 44.824763997395834
4253	14:03:47: Ground Station GPS {'gs_lat': 44.824763997395834
4254	14:03:49: Ground Station GPS {'gs_lat': 44.8247802734375
4255	14:03:51: Ground Station GPS {'gs_lat': 44.82481282552083
4256	14:03:54: Ground Station GPS {'gs_lat': 44.82481282552083
4257	14:03:55: Ground Station GPS {'gs_lat': 44.8248291015625
4258	14:03:58: Ground Station GPS {'gs_lat': 44.82484537760417
4259	14:03:59: Ground Station GPS {'gs_lat': 44.824869791666664
4260	14:04:01: Ground Station GPS {'gs_lat': 44.824869791666664
4261	14:04:03: Ground Station GPS {'gs_lat': 44.824894205729166
4262	14:04:05: Ground Station GPS {'gs_lat': 44.824910481770836
4263	14:04:07: Ground Station GPS {'gs_lat': 44.82493489583333
4264	14:04:09: Ground Station GPS {'gs_lat': 44.82493489583333
4265	14:04:11: Ground Station GPS {'gs_lat': 44.82496744791667
4266	14:04:14: Ground Station GPS {'gs_lat': 44.82498372395833
4267	14:04:15: Ground Station GPS {'gs_lat': 44.825
4268	14:04:17: Ground Station GPS {'gs_lat': 44.825
4269	14:04:20: Ground Station GPS {'gs_lat': 44.825016276041666
4270	14:04:22: Ground Station GPS {'gs_lat': 44.825032552083336
4271	14:04:24: Ground Station GPS {'gs_lat': 44.825032552083336
