timestampMs,pressurePa,tempK,accelX,accelY,accelZ,gyroX,gyroY,gyroZ,imuTemp,battV,altitudeM,velocityMS,accelerationMSS,unfiltAlt,flightState,drogueCont,drogueFired,mainCont,mainFired,tiltMagnitudeDeg,angularVelRadS_x,angularVelRadS_y,angularVelRadS_z,quaternion_a,quaternion_b,quaternion_c,quaternion_d
127,99846.140625,280.56,-8.432377,-1.565807,2.499546,-1.776191,1.576117,3.445960,284.88,3.96,154.72,0.00,0.00,120.526824,4,0,0,0,0,,,,,,,,
137,99846.140625,280.56,-7.795520,-0.866701,2.566584,-1.652741,1.666576,3.522585,284.97,3.96,154.72,0.00,0.00,120.526824,4,0,0,0,0,,,,,,,,
147,99846.140625,280.56,-7.144297,-0.995987,2.992752,-1.550576,1.751714,3.570475,285.22,3.95,154.72,0.00,0.00,120.526824,4,0,0,0,0,,,,,,,,
157,99827.000000,280.56,-5.645527,-0.584185,3.102885,-1.455860,1.744265,3.603466,284.78,3.92,155.07,0.34,-0.00,122.096229,4,0,0,0,0,,,,,,,,
167,99850.062500,280.58,-4.563348,-0.598550,2.873042,-1.389878,1.652741,3.627943,285.07,3.94,154.92,0.18,-0.00,120.205284,4,0,0,0,0,,,,,,,,
177,99850.062500,280.58,-4.458003,-0.263362,2.657563,-1.304739,1.533548,3.642842,284.97,3.93,154.79,0.06,0.00,120.205284,4,0,0,0,0,,,,,,,,
187,99888.359375,280.58,-4.481945,-0.047884,2.403778,-1.221730,1.429254,3.657742,285.22,3.93,153.93,-0.78,0.00,117.066024,4,0,0,0,0,,,,,,,,
197,99853.984375,280.60,-4.673481,0.043095,2.628833,-1.120629,1.315382,3.659870,285.12,3.92,153.96,-0.74,0.00,119.883758,4,0,0,0,0,,,,,,,,
207,99853.984375,280.60,-6.248866,0.148440,2.786850,-0.983344,1.284519,3.601337,284.93,3.93,153.99,-0.71,0.00,119.883758,4,0,0,0,0,,,,,,,,
217,99873.125000,280.60,-9.567230,0.402225,2.662352,-0.783269,1.400520,3.429997,285.22,3.93,153.61,-1.07,0.00,118.314697,4,0,0,0,0,,,,,,,,
227,99853.984375,280.60,-15.806519,1.388636,3.375824,-0.548075,1.777256,2.976637,285.22,3.91,153.72,-0.95,0.00,119.883758,4,0,0,0,0,,,,,,,,
237,99853.984375,280.60,-12.631808,1.503558,1.374271,-0.691746,1.775127,2.379607,285.07,3.92,153.80,-0.86,0.00,119.883758,4,0,0,0,0,,,,,,,,
247,99834.828125,280.60,-8.355763,0.924161,1.264138,-0.993986,1.480337,2.131643,285.22,3.92,154.26,-0.41,-0.00,121.454345,4,0,0,0,0,,,,,,,,
257,99834.828125,280.60,-10.251971,1.517923,1.446097,-1.212152,1.186611,1.983715,284.97,3.91,154.60,-0.07,-0.00,121.454345,4,0,0,0,0,,,,,,,,
267,99857.906250,280.61,-16.812084,2.054224,2.159569,-1.464373,1.123821,1.613365,285.22,3.92,154.39,-0.27,-0.00,119.562240,4,0,0,0,0,,,,,,,,
277,99838.750000,280.61,-9.773131,1.752555,1.096544,-1.295162,1.393070,1.484594,285.07,3.91,154.62,-0.04,-0.00,121.132781,4,0,0,0,0,,,,,,,,
287,99838.750000,280.61,-6.947973,1.671152,1.632845,-1.207895,1.431382,1.559089,285.12,3.92,154.80,0.12,-0.00,121.132781,4,0,0,0,0,,,,,,,,
297,99838.750000,280.61,-5.760449,1.766920,1.450886,-1.156812,1.384556,1.649549,284.88,3.91,154.93,0.25,-0.00,121.132781,4,0,0,0,0,,,,,,,,
307,99857.906250,280.61,-5.583278,1.719036,1.369483,-1.119564,1.280262,1.710209,284.88,3.92,154.64,-0.03,-0.00,119.562240,4,0,0,0,0,,,,,,,,
317,99857.906250,280.61,-7.556100,1.924938,1.398213,-1.102537,1.178097,1.731494,284.88,3.92,154.42,-0.24,0.00,119.562240,4,0,0,0,0,,,,,,,,
327,99838.750000,280.61,-10.251971,2.451662,0.919373,-1.169583,1.089766,1.610172,284.97,3.90,154.65,-0.02,-0.00,121.132781,4,0,0,0,0,,,,,,,,
337,99823.531250,280.63,-10.615890,2.054224,0.000000,-1.340923,1.015270,1.305804,284.93,3.92,155.13,0.44,-0.00,122.380676,4,0,0,0,0,,,,,,,,
347,99819.609375,280.61,-12.574347,2.226607,0.263362,-1.660191,0.818389,0.920554,284.93,3.92,155.57,0.87,-0.00,122.702278,4,0,0,0,0,,,,,,,,
357,99842.671875,280.63,-12.919112,2.815581,0.148440,-2.300854,0.413983,0.392699,284.93,3.92,155.44,0.73,-0.00,120.811225,4,0,0,0,0,,,,,,,,
367,99842.671875,280.63,-8.599972,2.327163,0.292092,-2.657370,0.180918,0.014899,284.93,3.92,155.34,0.62,-0.00,120.811225,4,0,0,0,0,,,,,,,,
377,99842.671875,280.63,-11.449071,2.269703,0.794874,-3.118179,-0.114936,-0.413983,285.12,3.91,155.26,0.54,-0.00,120.811225,4,0,0,0,0,,,,,,,,
387,99842.671875,280.63,-12.306196,2.183511,0.684741,-3.746072,-0.496993,-0.913105,285.12,3.91,155.20,0.48,-0.00,120.811225,4,0,0,0,0,,,,,,,,
397,99842.671875,280.63,-13.872004,2.039859,0.861912,-4.369708,-0.884371,-1.442025,284.97,3.91,155.16,0.43,-0.00,120.811225,4,0,0,0,0,,,,,,,,
407,99861.828125,280.63,-12.914323,1.537077,1.977610,-4.655985,-1.022720,-1.891128,284.93,3.90,154.73,0.01,0.00,119.240730,4,0,0,0,0,,,,,,,,
417,99861.828125,280.63,-9.658209,1.307234,1.915361,-4.549562,-0.938646,-2.067789,284.93,3.92,154.41,-0.29,0.00,119.240730,4,0,0,0,0,,,,,,,,
427,99861.828125,280.63,-8.389282,1.216254,1.929726,-4.398442,-0.906719,-2.134835,284.93,3.91,154.17,-0.53,0.00,119.240730,4,0,0,0,0,,,,,,,,
437,99880.968750,280.63,-10.979808,0.804451,3.045424,-4.197304,-0.840737,-2.281698,284.93,3.92,153.59,-1.08,0.00,117.671768,4,0,0,0,0,,,,,,,,
447,99900.125000,280.63,-13.182474,0.780509,3.500322,-3.939761,-0.603415,-2.504122,284.93,3.92,152.76,-1.88,0.00,116.101768,4,0,0,0,0,,,,,,,,
457,99904.046875,280.65,-12.066776,0.584185,3.366247,-3.565154,-0.203267,-2.730801,284.88,3.90,152.05,-2.55,0.00,115.780372,4,0,0,0,0,,,,,,,,
467,99900.125000,280.63,-12.689269,0.617704,3.308786,-3.216088,0.168147,-2.868086,284.93,3.92,151.60,-2.97,0.00,116.101768,4,0,0,0,0,,,,,,,,
477,99904.046875,280.65,-8.590395,0.253785,3.122039,-2.927683,0.363965,-2.887243,285.12,3.90,151.17,-3.36,0.00,115.780372,4,0,0,0,0,,,,,,,,
487,99923.187500,280.65,-6.071695,-0.622492,3.045424,-2.699939,0.350130,-2.834031,284.93,3.91,150.46,-4.02,0.01,114.211944,4,0,0,0,0,,,,,,,,
497,99923.187500,280.65,-4.252102,-0.593762,2.997540,-2.474323,0.290533,-2.796783,285.12,3.92,149.92,-4.50,0.01,114.211944,4,0,0,0,0,,,,,,,,
507,99904.046875,280.65,-3.347093,-0.952892,2.954444,-2.266799,0.212845,-2.784013,284.93,3.92,149.90,-4.48,0.01,115.780372,4,0,0,0,0,,,,,,,,
517,99923.187500,280.65,-3.078943,-1.000776,2.901772,-2.066725,0.131963,-2.794655,285.07,3.90,149.49,-4.83,0.01,114.211944,4,0,0,0,0,,,,,,,,
527,99923.187500,280.65,-4.055777,-1.465251,2.911349,-1.742136,0.022348,-2.882986,285.07,3.92,149.19,-5.08,0.01,114.211944,4,0,0,0,0,,,,,,,,
537,99923.187500,280.65,-4.434061,-1.268926,2.600102,-1.503750,-0.095780,-2.914912,284.97,3.92,148.96,-5.26,0.01,114.211944,4,0,0,0,0,,,,,,,,
547,99923.187500,280.65,-4.850652,-1.455674,2.202665,-1.300483,-0.188367,-2.913848,285.07,3.92,148.78,-5.38,0.01,114.211944,4,0,0,0,0,,,,,,,,
557,99923.187500,280.65,-4.031835,-2.154781,3.179499,-1.024848,-0.269248,-2.955353,285.22,3.92,148.65,-5.45,0.00,114.211944,4,0,0,0,0,,,,,,,,
567,99923.187500,280.65,-4.036623,-1.551442,3.476380,-0.715159,-0.350130,-2.972380,285.07,3.90,148.55,-5.50,0.00,114.211944,4,0,0,0,0,,,,,,,,
577,99923.187500,280.65,-4.625597,-1.982398,3.189076,-0.449103,-0.418240,-2.975573,284.88,3.90,148.47,-5.52,0.00,114.211944,4,0,0,0,0,,,,,,,,
587,99942.343750,280.65,-5.746084,-2.102108,2.729389,-0.144734,-0.469323,-2.959610,284.88,3.92,148.02,-5.90,0.00,112.642478,4,0,0,0,0,,,,,,,,
597,99923.187500,280.65,-7.254431,-2.442085,2.719813,0.166019,-0.516149,-2.890435,284.88,3.92,148.08,-5.79,0.00,114.211944,4,0,0,0,0,,,,,,,,
607,99923.187500,280.65,-5.185840,-2.590526,2.475604,0.493800,-0.583195,-2.818068,285.22,3.92,148.12,-5.70,0.00,114.211944,4,0,0,0,0,,,,,,,,
617,99923.187500,280.65,-5.157110,-2.863465,2.255337,0.781141,-0.631085,-2.765921,284.88,3.92,148.15,-5.61,0.00,114.211944,4,0,0,0,0,,,,,,,,
627,99942.343750,280.65,-4.501099,-3.122039,2.724601,1.049326,-0.694939,-2.735058,285.07,3.91,147.78,-5.92,0.00,112.642478,4,0,0,0,0,,,,,,,,
637,99942.343750,280.65,-4.477157,-3.806780,2.652775,1.299418,-0.791783,-2.690361,285.07,3.92,147.50,-6.13,0.00,112.642478,4,0,0,0,0,,,,,,,,
647,99923.187500,280.65,-4.601655,-3.198653,2.475604,1.553768,-0.905655,-2.643535,284.88,3.91,147.68,-5.89,0.00,114.211944,4,0,0,0,0,,,,,,,,
657,99942.343750,280.65,-4.659116,-3.816357,2.671929,1.819825,-1.024848,-2.600966,284.93,3.90,147.43,-6.08,0.00,112.642478,4,0,0,0,0,,,,,,,,
667,99927.093750,280.66,-4.807557,-2.887407,3.141192,2.033734,-1.135528,-2.552011,284.93,3.91,147.55,-5.91,0.00,113.891883,4,0,0,0,0,,,,,,,,
677,99927.093750,280.66,-4.639962,-3.509899,2.959233,2.234872,-1.231308,-2.499864,285.22,3.92,147.64,-5.76,0.00,113.891883,4,0,0,0,0,,,,,,,,
687,99927.093750,280.66,-5.525817,-3.260902,3.404554,2.416855,-1.336666,-2.446653,284.78,3.90,147.71,-5.64,0.00,113.891883,4,0,0,0,0,,,,,,,,
697,99923.187500,280.65,-6.660668,-3.711012,3.452438,2.677590,-1.453731,-2.289148,284.97,3.91,147.84,-5.45,0.00,114.211944,4,0,0,0,0,,,,,,,,
707,99946.250000,280.66,-6.349422,-3.462015,3.452438,2.935132,-1.619750,-2.090138,284.93,3.90,147.47,-5.76,0.00,112.322471,4,0,0,0,0,,,,,,,,
717,99946.250000,280.66,-8.015787,-4.108449,3.313575,3.143721,-1.655934,-1.863458,285.27,3.90,147.19,-5.98,0.00,112.322471,4,0,0,0,0,,,,,,,,
727,99965.406250,280.66,-8.810662,-4.362235,2.480392,3.276749,-1.453731,-1.578245,285.07,3.90,146.59,-6.50,0.00,110.753303,4,0,0,0,0,,,,,,,,
737,99946.250000,280.66,-8.748413,-4.232948,2.758120,3.316125,-1.104665,-1.286648,285.12,3.91,146.52,-6.50,0.00,112.322471,4,0,0,0,0,,,,,,,,
747,99965.406250,280.66,-7.896077,-3.983951,2.647987,3.370401,-0.726865,-0.983344,285.07,3.91,146.08,-6.87,0.00,110.753303,4,0,0,0,0,,,,,,,,
757,99965.406250,280.66,-11.085153,-3.438073,3.758896,3.417227,-0.211780,-0.405469,284.93,3.91,145.75,-7.13,0.00,110.753303,4,0,0,0,0,,,,,,,,
767,99961.500000,280.65,-9.107542,-3.648763,3.878606,3.424676,0.272441,0.313946,285.07,3.92,145.58,-7.23,0.00,111.073257,4,0,0,0,0,,,,,,,,
777,99984.546875,280.66,-10.103530,-3.787626,3.792415,3.361887,0.741764,0.909912,285.12,3.92,144.98,-7.74,0.00,109.185653,4,0,0,0,0,,,,,,,,
787,99984.546875,280.66,-14.106636,-3.543418,3.950432,3.324639,1.471823,1.751714,285.07,3.92,144.52,-8.11,0.00,109.185653,4,0,0,0,0,,,,,,,,
797,99984.546875,280.66,-14.944606,-2.806004,4.596867,3.433190,2.199753,2.598837,284.97,3.92,144.18,-8.36,0.00,109.185653,4,0,0,0,0,,,,,,,,
807,99984.546875,280.66,-10.735600,-2.135627,5.501875,3.563025,2.680783,3.005372,284.88,3.92,143.92,-8.53,0.00,109.185653,4,0,0,0,0,,,,,,,,
817,100003.703125,280.66,-8.389282,-2.829946,5.659892,3.666255,2.937261,3.062839,285.22,3.92,143.33,-9.02,0.00,107.616966,4,0,0,0,0,,,,,,,,
827,99984.546875,280.66,-7.517793,-2.049436,4.319139,3.733302,3.078803,2.997922,285.22,3.92,143.27,-8.99,0.00,109.185653,4,0,0,0,0,,,,,,,,
837,99984.546875,280.66,-7.422025,-2.662352,4.357447,3.769485,3.201189,2.881921,285.12,3.92,143.23,-8.94,0.00,109.185653,4,0,0,0,0,,,,,,,,
847,99984.546875,280.66,-8.073247,-1.786074,4.529829,3.814182,3.307611,2.773370,284.88,3.91,143.20,-8.88,0.00,109.185653,4,0,0,0,0,,,,,,,,
857,99984.546875,280.66,-10.524910,-1.005564,4.740519,3.833339,3.480016,2.650984,284.97,3.92,143.18,-8.82,0.00,109.185653,4,0,0,0,0,,,,,,,,
867,99984.546875,280.66,-12.732364,0.263362,4.630385,3.856752,3.759907,2.443460,285.22,3.90,143.17,-8.75,0.00,109.185653,4,0,0,0,0,,,,,,,,
877,99984.546875,280.66,-10.735600,0.090979,3.711012,3.852495,3.925926,2.177404,285.22,3.92,143.15,-8.67,0.00,109.185653,4,0,0,0,0,,,,,,,,
887,99984.546875,280.66,-11.420341,0.569819,3.165134,3.797155,4.032349,1.929440,284.78,3.92,143.15,-8.60,0.00,109.185653,4,0,0,0,0,,,,,,,,
897,99984.546875,280.66,-15.260641,0.531512,3.390189,3.727980,4.223909,1.592080,284.93,3.92,143.14,-8.52,0.00,109.185653,4,0,0,0,0,,,,,,,,
907,99984.546875,280.66,-11.611878,0.694318,2.968810,3.500236,4.182404,1.135528,284.93,3.91,143.14,-8.44,0.00,109.185653,4,0,0,0,0,,,,,,,,
917,99984.546875,280.66,-9.030928,0.550666,2.159569,3.216088,4.080239,0.701324,284.97,3.92,143.14,-8.36,0.00,109.185653,4,0,0,0,0,,,,,,,,
927,99946.250000,280.66,-7.790732,0.732625,1.896207,3.044748,4.017450,0.368221,285.22,3.91,143.92,-7.52,-0.00,112.322471,4,0,0,0,0,,,,,,,,
937,99965.406250,280.66,-8.279149,0.972045,1.604115,2.923426,3.979137,0.090459,285.12,3.90,144.12,-7.25,-0.00,110.753303,4,0,0,0,0,,,,,,,,
947,99984.546875,280.66,-8.394070,0.560243,1.077390,2.807426,3.930183,-0.173468,285.12,3.92,143.88,-7.41,-0.00,109.185653,4,0,0,0,0,,,,,,,,
957,100003.703125,280.66,-10.639832,1.019929,1.077390,2.571167,3.739687,-0.429946,285.12,3.92,143.31,-7.89,0.00,107.616966,4,0,0,0,0,,,,,,,,
967,99984.546875,280.66,-9.035717,0.919373,0.493205,2.221038,3.397006,-0.634278,284.93,3.92,143.27,-7.85,0.00,109.185653,4,0,0,0,0,,,,,,,,
977,99984.546875,280.66,-12.009315,0.718260,-0.478840,1.826210,2.958545,-0.860958,285.07,3.92,143.24,-7.81,-0.00,109.185653,4,0,0,0,0,,,,,,,,
987,100003.703125,280.66,-15.241487,0.790086,-0.215478,1.119564,2.309368,-1.173840,284.97,3.90,142.82,-8.13,0.00,107.616966,4,0,0,0,0,,,,,,,,
997,100007.625000,280.68,-13.297395,1.254561,-1.709460,0.426754,1.674026,-1.550576,285.22,3.90,142.43,-8.44,0.00,107.295845,4,0,0,0,0,,,,,,,,
1007,100003.703125,280.66,-16.438589,0.866701,-0.407014,0.017027,1.165326,-1.883678,284.97,3.92,142.21,-8.56,0.00,107.616966,4,0,0,0,0,,,,,,,,
1017,100022.859375,280.66,-12.622231,0.694318,-0.483628,-0.454424,0.642791,-2.089073,284.88,3.92,141.66,-9.02,0.00,106.048530,4,0,0,0,0,,,,,,,,
1027,100003.703125,280.66,-7.388506,0.746990,-1.086967,-0.689617,0.449103,-2.164633,284.93,3.92,141.63,-8.96,0.00,107.616966,4,0,0,0,0,,,,,,,,
1037,100022.859375,280.66,-6.263231,0.325611,-0.957680,-0.800297,0.259670,-2.215716,285.22,3.92,141.22,-9.27,0.00,106.048530,4,0,0,0,0,,,,,,,,
1047,100003.703125,280.66,-5.947196,0.191536,-0.928950,-0.901398,0.118128,-2.254029,284.93,3.90,141.30,-9.11,0.00,107.616966,4,0,0,0,0,,,,,,,,
1057,100042.000000,280.66,-7.790732,0.474051,-0.574608,-1.024848,-0.085138,-2.311496,284.93,3.90,140.58,-9.72,0.00,104.481613,4,0,0,0,0,,,,,,,,
1067,100042.000000,280.66,-6.967126,0.263362,-0.167594,-1.121693,-0.283083,-2.349809,285.22,3.90,140.03,-10.16,0.00,104.481613,4,0,0,0,0,,,,,,,,
1077,100026.781250,280.68,-7.632714,-0.052672,0.081402,-1.221730,-0.488479,-2.363644,284.93,3.90,139.93,-10.16,0.00,105.727447,4,0,0,0,0,,,,,,,,
1087,100022.859375,280.66,-10.936713,0.316034,0.636857,-1.345180,-0.842866,-2.367900,284.97,3.92,139.93,-10.05,0.00,106.048530,4,0,0,0,0,,,,,,,,
1097,100022.859375,280.66,-9.662998,-0.320823,0.876277,-1.372850,-1.241950,-2.334909,285.07,3.92,139.93,-9.95,0.00,106.048530,4,0,0,0,0,,,,,,,,
1107,100022.859375,280.66,-11.329361,-0.407014,1.465251,-1.229180,-1.606980,-2.207202,285.07,3.90,139.94,-9.85,0.00,106.048530,4,0,0,0,0,,,,,,,,
1117,100022.859375,280.66,-13.713987,-0.569819,2.159569,-0.928004,-1.919862,-1.950724,284.93,3.91,139.94,-9.76,0.00,106.048530,4,0,0,0,0,,,,,,,,
1127,100022.859375,280.66,-10.477026,-0.411802,1.709460,-0.610865,-2.077367,-1.650613,285.07,3.90,139.94,-9.66,0.00,106.048530,1,0,0,0,0,,,,,,,,
1137,100042.000000,280.66,-7.196969,-0.948103,0.924161,-0.351194,-2.074174,-1.443089,284.97,3.92,139.57,-10.06,-1.61,104.481613,1,0,0,0,0,,,,,,,,
1147,100042.000000,280.66,-6.095637,-0.885854,0.790086,-0.151119,-2.037991,-1.298354,284.97,3.94,139.29,-10.38,-2.97,104.481613,1,0,0,0,0,,,,,,,,
1157,100022.859375,280.66,-7.038952,-1.029506,0.383072,0.020220,-1.987972,-1.149363,284.97,3.94,139.46,-10.25,-4.29,106.048530,1,0,0,0,0,,,,,,,,
1167,100042.000000,280.66,-8.508993,-1.316810,1.422155,0.234129,-1.978394,-0.934389,284.97,3.94,139.20,-10.56,-5.62,104.481613,1,0,0,0,0,,,,,,,,
1177,100042.000000,280.66,-11.535264,-0.780509,2.140416,0.505506,-2.029477,-0.634278,285.42,3.94,139.01,-10.83,-7.11,104.481613,1,0,0,0,0,,,,,,,,
1187,100042.000000,280.66,-9.696516,-1.374271,2.082955,0.800297,-2.108230,-0.285212,284.93,3.94,138.86,-11.05,-8.29,104.481613,1,0,0,0,0,,,,,,,,
1197,100042.000000,280.66,-12.224793,-1.221042,1.810016,0.964188,-2.147606,-0.080881,284.93,3.94,138.74,-11.24,-9.60,104.481613,1,0,0,0,0,,,,,,,,
1207,100022.859375,280.66,-14.408305,-0.775721,1.810016,1.152555,-2.127386,0.171340,284.93,3.95,139.05,-11.06,-10.99,106.048530,1,0,0,0,0,,,,,,,,
1217,100042.000000,280.66,-11.875240,-1.005564,2.327163,1.356887,-2.102908,0.493800,284.88,3.93,138.88,-11.31,-12.00,104.481613,1,0,0,0,0,,,,,,,,
1227,100042.000000,280.66,-7.642291,-1.221042,1.661575,1.529291,-2.111422,0.676847,284.88,3.92,138.75,-11.49,-12.52,104.481613,1,0,0,0,0,,,,,,,,
1237,100061.156250,280.66,-5.506663,-1.125274,1.312022,1.596337,-2.143349,0.791783,284.78,3.92,138.26,-12.00,-12.78,102.913658,1,0,0,0,0,,,,,,,,
1247,100042.000000,280.66,-4.649539,-1.130063,1.249773,1.633585,-2.178468,0.843930,285.12,3.91,138.27,-12.01,-12.94,104.481613,1,0,0,0,0,,,,,,,,
1257,100042.000000,280.66,-4.917690,-1.139639,1.244984,1.656998,-2.212524,0.870536,284.97,3.91,138.29,-12.02,-13.11,104.481613,1,0,0,0,0,,,,,,,,
1267,100061.156250,280.66,-4.836287,-0.928950,1.316810,1.663383,-2.227423,0.883306,284.93,3.91,137.90,-12.42,-13.26,102.913658,1,0,0,0,0,,,,,,,,
1277,100061.156250,280.66,-4.831499,-0.924161,1.259350,1.662319,-2.235937,0.888628,285.12,3.91,137.61,-12.73,-13.39,102.913658,1,0,0,0,0,,,,,,,,
1287,100080.312500,280.66,-5.176263,-0.727837,1.814804,1.660191,-2.245515,0.899270,285.07,3.90,137.00,-13.34,-13.54,101.345947,1,0,0,0,0,,,,,,,,
1297,100061.156250,280.66,-5.822698,-0.651222,1.786074,1.642099,-2.240194,0.910976,285.12,3.91,136.93,-13.43,-13.73,102.913658,1,0,0,0,0,,,,,,,,
1307,100061.156250,280.66,-6.397306,-0.253785,1.637633,1.618686,-2.214652,0.913105,284.93,3.90,136.88,-13.51,-13.97,102.913658,1,0,0,0,0,,,,,,,,
1317,100080.312500,280.66,-7.283161,-0.258573,2.135627,1.589952,-2.163569,0.921618,284.93,3.90,136.45,-13.97,-14.26,101.345947,1,0,0,0,0,,,,,,,,
1327,100061.156250,280.66,-8.231265,-0.392649,2.011129,1.606980,-2.000743,0.966316,284.93,3.90,136.51,-13.94,-14.62,102.913658,1,0,0,0,0,,,,,,,,
1337,100080.312500,280.66,-10.204087,-0.119710,1.963245,1.675090,-1.691053,1.035491,285.07,3.91,136.17,-14.33,-15.13,101.345947,1,0,0,0,0,,,,,,,,
1347,100061.156250,280.66,-12.962207,-0.033518,2.221819,1.828338,-1.053582,1.150427,285.22,3.90,136.30,-14.27,-15.86,102.913658,1,0,0,0,0,,,,,,,,
1357,100080.312500,280.66,-10.213664,-0.521935,2.226607,2.017771,-0.352258,1.300483,285.32,3.90,136.01,-14.61,-16.25,101.345947,1,0,0,0,0,,,,,,,,
1367,100080.312500,280.66,-10.678139,-0.220266,2.920926,2.128450,0.167083,1.445217,285.07,3.90,135.79,-14.88,-16.66,101.345947,1,0,0,0,0,,,,,,,,
1377,100080.312500,280.66,-7.704540,-0.368707,2.877830,2.215716,0.552332,1.588888,285.22,3.90,135.62,-15.07,-16.74,101.345947,1,0,0,0,0,,,,,,,,
1387,100080.312500,280.66,-7.637503,0.474051,2.523488,2.210395,0.698131,1.698503,285.07,3.90,135.48,-15.23,-16.80,101.345947,1,0,0,0,0,,,,,,,,
1397,100084.234375,280.68,-10.199298,0.282515,2.920926,2.243386,0.937582,1.825146,284.97,3.90,135.31,-15.44,-17.11,101.025016,1,0,0,0,0,,,,,,,,
1407,100099.453125,280.66,-10.132261,0.555454,2.647987,2.290212,1.291969,1.916669,284.93,3.90,134.86,-15.92,-17.37,99.779754,1,0,0,0,0,,,,,,,,
1417,100080.312500,280.66,-9.208099,0.344765,2.403778,2.340231,1.644227,1.870907,285.12,3.92,134.91,-15.90,-17.53,101.345947,1,0,0,0,0,,,,,,,,
1427,100080.312500,280.66,-10.108319,0.847547,2.657563,2.383864,1.973073,1.725109,285.22,3.94,134.95,-15.90,-17.76,101.345947,2,0,0,0,0,,,,,,,,
1437,100061.156250,280.66,-9.313444,0.919373,2.102108,2.432818,2.241258,1.447346,285.07,3.94,135.35,-15.39,-16.07,102.913658,2,0,1,0,0,,,,,,,,
1447,100061.156250,280.66,-9.916783,1.144428,2.154781,2.412598,2.454103,1.081252,285.12,3.94,135.66,-14.97,-14.55,102.913658,2,0,1,0,0,,,,,,,,
1457,100061.156250,280.66,-9.777919,1.211466,2.059013,2.320010,2.596709,0.653434,284.78,3.94,135.89,-14.62,-13.16,102.913658,2,0,1,0,0,,,,,,,,
1467,100061.156250,280.66,-9.658209,1.206677,2.154781,2.121000,2.617993,0.259670,284.93,3.94,136.07,-14.33,-11.91,102.913658,2,0,1,0,0,,,,,,,,
1477,100080.312500,280.66,-9.648633,1.221042,1.426944,1.824082,2.567975,-0.146863,284.78,3.95,135.82,-14.46,-10.78,101.345947,2,0,1,0,0,,,,,,,,
1487,100080.312500,280.66,-8.633491,1.479616,1.010353,1.602723,2.543498,-0.494864,284.97,3.95,135.63,-14.52,-9.75,101.345947,2,0,1,0,0,,,,,,,,
1497,100080.312500,280.66,-8.906430,1.130063,0.646434,1.457988,2.615865,-0.933325,284.93,3.95,135.49,-14.53,-8.83,101.345947,2,0,1,0,0,,,,,,,,
1507,100080.312500,280.66,-7.694963,1.134851,0.407014,1.317510,2.673333,-1.351565,284.88,3.95,135.39,-14.51,-7.99,101.345947,2,0,1,0,0,,,,,,,,
1517,100099.453125,280.66,-8.743624,1.403002,0.220266,1.092959,2.678654,-1.758100,285.22,3.95,134.92,-14.84,-7.23,99.779754,2,0,1,0,0,,,,,,,,
1527,100080.312500,280.66,-11.516110,1.182735,0.344765,0.751343,2.662691,-2.257221,284.97,3.95,134.96,-14.67,-6.54,101.345947,2,0,1,0,0,,,,,,,,
1537,100080.312500,280.66,-12.837709,1.570596,0.119710,0.272441,2.527534,-2.713774,284.93,3.95,134.99,-14.51,-5.92,101.345947,2,0,1,0,0,,,,,,,,
1547,100118.609375,280.66,-13.579912,0.488417,0.426167,-0.159633,2.271056,-3.074546,284.97,3.95,134.23,-15.11,-5.35,98.212524,2,0,1,0,0,,,,,,,,
1557,100118.609375,280.66,-14.978125,0.852335,-0.421379,-0.792847,1.727237,-3.343795,284.93,3.96,133.66,-15.53,-4.84,98.212524,2,0,1,0,0,,,,,,,,
1567,100099.453125,280.66,-10.836156,0.742202,0.488417,-1.205767,1.191932,-3.444896,284.93,3.95,133.62,-15.43,-4.38,99.779754,2,0,1,0,0,,,,,,,,
1577,100118.609375,280.66,-10.989385,-0.325611,0.593762,-1.394134,0.771563,-3.440639,285.12,3.96,133.19,-15.70,-3.96,98.212524,2,0,1,0,0,,,,,,,,
1587,100099.453125,280.66,-10.764330,-0.933738,-0.962469,-1.571860,0.266056,-3.353373,284.88,3.96,133.27,-15.48,-3.59,99.779754,2,0,1,0,0,,,,,,,,
1597,100118.609375,280.66,-9.485827,-0.656011,-1.187524,-1.600594,-0.061725,-3.290584,285.12,3.96,132.93,-15.66,-3.25,98.212524,2,0,1,0,0,,,,,,,,
1607,100118.609375,280.66,-12.119448,-0.167594,-0.028730,-1.653805,-0.446974,-3.257593,284.88,3.96,132.68,-15.76,-2.94,98.212524,2,0,1,0,0,,,,,,,,
1617,100122.531250,280.68,-11.204863,-0.632069,0.818816,-1.633585,-0.975894,-3.192675,284.93,3.93,132.41,-15.87,-2.66,97.891700,2,0,1,0,0,,,,,,,,
1627,100137.765625,280.66,-10.199298,-0.703895,-0.110133,-1.620814,-1.310061,-3.061775,284.97,3.92,131.90,-16.22,-2.40,96.645545,2,0,1,0,1,,,,,,,,
1637,100137.765625,280.66,-15.174449,-0.153228,1.043871,-1.521842,-1.614429,-2.832967,285.07,3.92,131.51,-16.44,-2.17,96.645545,2,0,1,0,1,,,,,,,,
1647,100137.765625,280.66,-13.350068,-0.651222,0.756567,-1.378171,-1.778320,-2.571167,284.97,3.92,131.22,-16.57,-1.96,96.645545,2,0,1,0,1,,,,,,,,
1657,100137.765625,280.66,-10.199298,-1.058237,0.292092,-1.277070,-1.734686,-2.423240,285.22,3.92,131.00,-16.63,-1.78,96.645545,2,0,1,0,1,,,,,,,,
1667,100118.609375,280.66,-10.390834,-0.976834,0.579396,-1.150427,-1.586759,-2.291276,284.93,3.91,131.22,-16.25,-1.61,98.212524,2,0,1,0,1,,,,,,,,
1677,100118.609375,280.66,-7.158662,-1.728613,-0.023942,-1.069546,-1.390942,-2.183790,285.22,3.92,131.40,-15.93,-1.46,98.212524,2,0,1,0,1,,,,,,,,
1687,100118.609375,280.66,-5.286397,-1.795651,0.474051,-1.026977,-1.233436,-2.130578,285.07,3.90,131.53,-15.65,-1.32,98.212524,2,0,1,0,1,,,,,,,,
1697,100118.609375,280.66,-4.352658,-2.504334,-0.119710,-0.996114,-1.076995,-2.114615,284.88,3.91,131.63,-15.40,-1.19,98.212524,2,0,1,0,1,,,,,,,,
1707,100118.609375,280.66,-9.672574,-1.996764,0.905008,-0.903527,-0.822646,-2.052890,285.07,3.91,131.71,-15.18,-1.08,98.212524,2,0,1,0,1,,,,,,,,
1717,100137.765625,280.66,-12.440271,-1.738190,1.058237,-0.771563,-0.516149,-1.898577,284.88,3.90,131.38,-15.35,-0.98,96.645545,2,0,1,0,1,,,,,,,,
1727,100137.765625,280.66,-14.183250,-0.828393,1.733402,-0.573617,-0.335230,-1.675090,284.97,3.91,131.13,-15.45,-0.88,96.645545,2,0,1,0,1,,,,,,,,
1737,100137.765625,280.66,-10.706870,-2.590526,1.565807,-0.395891,-0.332038,-1.398391,284.88,3.91,130.94,-15.48,-0.80,96.645545,2,0,1,0,1,,,,,,,,
1747,100099.453125,280.66,-8.724471,-1.608903,1.484405,-0.227744,-0.487415,-1.141913,284.93,3.91,131.58,-14.71,-0.73,99.779754,2,0,1,0,1,,,,,,,,
1757,100118.609375,280.66,-5.956773,-2.911349,1.302445,-0.086202,-0.639599,-0.976958,284.93,3.91,131.68,-14.48,-0.66,98.212524,2,0,1,0,1,,,,,,,,
1767,100118.609375,280.66,-5.750872,-2.078166,1.742978,0.040440,-0.807746,-0.824774,284.93,3.90,131.75,-14.27,-0.59,98.212524,2,0,1,0,1,,,,,,,,
1777,100099.453125,280.66,-6.248866,-2.308010,2.063801,0.175597,-0.998243,-0.673654,284.88,3.90,132.20,-13.69,-0.54,99.779754,2,0,1,0,1,,,,,,,,
1787,100118.609375,280.66,-8.422801,-1.929726,2.499546,0.373543,-1.213216,-0.422497,284.93,3.91,132.15,-13.61,-0.49,98.212524,2,0,1,0,1,,,,,,,,
1797,100118.609375,280.66,-6.732494,-2.427720,1.843535,0.520406,-1.340923,-0.171340,284.93,3.90,132.11,-13.51,-0.44,98.212524,2,0,1,0,1,,,,,,,,
1807,100137.765625,280.66,-7.517793,-2.011129,1.632845,0.588516,-1.382428,0.015963,284.88,3.90,131.69,-13.79,-0.40,96.645545,2,0,1,0,1,,,,,,,,
1817,100137.765625,280.66,-9.222464,-2.087743,1.987187,0.625764,-1.430318,0.267120,284.97,3.92,131.38,-13.96,-0.36,96.645545,2,0,1,0,1,,,,,,,,
1827,100118.609375,280.66,-11.190498,-1.915361,2.978386,0.814132,-1.467566,0.685361,285.07,3.93,131.53,-13.68,-0.33,98.212524,2,0,1,0,1,,,,,,,,
1837,100137.765625,280.66,-13.895946,-1.206677,3.471592,1.034426,-1.496300,1.318575,284.93,3.94,131.25,-13.81,-0.29,96.645545,2,0,1,0,1,,,,,,,,
1847,100137.765625,280.66,-8.537723,-2.322375,2.743755,1.246207,-1.516520,1.828338,284.93,3.94,131.05,-13.88,-0.27,96.645545,2,0,1,0,1,,,,,,,,
1857,100137.765625,280.66,-6.847416,-1.474828,2.030282,1.382428,-1.514392,2.065660,285.07,3.94,130.89,-13.90,-0.24,96.645545,2,0,1,0,1,,,,,,,,
1867,100156.906250,280.66,-9.318232,-3.141192,1.857900,1.488850,-1.392006,2.266799,284.97,3.95,130.39,-14.25,-0.21,95.080078,2,0,1,0,1,,,,,,,,
1877,100156.906250,280.66,-11.367669,-2.695871,0.536301,1.703824,-1.100408,2.329588,285.07,3.94,130.00,-14.49,-0.19,95.080078,2,0,1,0,1,,,,,,,,
1887,100156.906250,280.66,-16.788141,-3.869029,1.771709,2.136964,-0.439525,2.189111,284.88,3.95,129.71,-14.63,-0.17,95.080078,2,0,1,0,1,,,,,,,,
1897,100156.906250,280.66,-9.567230,-4.534617,0.421379,2.522213,0.048954,1.981587,285.22,3.95,129.49,-14.70,-0.16,95.080078,2,0,1,0,1,,,,,,,,
1907,100176.062500,280.66,-11.535264,1.197100,2.542642,2.356194,0.213909,2.083752,285.07,3.95,128.94,-15.10,-0.14,93.513580,2,0,1,0,1,,,,,,,,
1917,100176.062500,280.66,-17.855955,-2.106897,11.348515,2.671205,0.106422,1.944339,284.93,3.95,128.52,-15.36,-0.12,93.513580,2,0,1,0,1,,,,,,,,
1927,100176.062500,280.66,-17.616535,-0.019153,5.645527,2.882986,-0.109615,1.882614,284.93,3.95,128.20,-15.52,-0.11,93.513580,2,0,1,0,1,,,,,,,,
1937,100195.218750,280.66,-20.379444,-2.087743,12.105083,3.166069,-0.661948,1.780448,284.88,3.95,127.57,-15.98,-0.10,91.947326,2,0,1,0,1,,,,,,,,
1947,100195.218750,280.66,-12.339715,-7.225700,15.011644,3.789705,-1.488850,1.535676,284.97,3.96,127.10,-16.28,-0.09,91.947326,2,0,1,0,1,,,,,,,,
1957,100195.218750,280.66,-8.662221,-4.501099,6.837840,3.804605,-2.168890,1.512264,284.93,3.95,126.74,-16.47,-0.08,91.947326,2,0,1,0,1,,,,,,,,
1967,100195.218750,280.66,-13.905523,0.057460,10.070012,3.876972,-2.623315,1.490979,285.22,3.95,126.47,-16.58,-0.07,91.947326,2,0,1,0,1,,,,,,,,
1977,100195.218750,280.66,-14.259864,-5.013458,12.152967,3.975945,-3.239501,1.469694,285.12,3.95,126.26,-16.62,-0.06,91.947326,2,0,1,0,1,,,,,,,,
1987,100195.218750,280.66,-14.231134,-0.517147,5.573701,4.012128,-3.213960,1.742136,284.78,3.95,126.11,-16.60,-0.06,91.947326,2,0,1,0,1,,,,,,,,
1997,100214.359375,280.66,-12.684480,-0.167594,6.076483,4.230295,-3.078803,2.092266,285.12,3.95,125.60,-16.93,-0.05,90.382591,2,0,1,0,1,,,,,,,,
2007,100214.359375,280.66,-11.942277,-1.412578,4.108449,4.353745,-2.924490,2.397699,284.73,3.96,125.22,-17.14,-0.04,90.382591,2,0,1,0,1,,,,,,,,
2017,100195.218750,280.66,-16.218322,-0.445321,3.203441,4.404828,-2.313625,2.646728,284.93,3.94,125.32,-16.88,-0.04,91.947326,2,0,1,0,1,,,,,,,,
2027,100199.140625,280.68,-21.768081,0.565031,4.094084,4.745380,-0.800297,2.515828,284.97,3.92,125.32,-16.71,-0.04,91.626693,2,0,1,0,1,,,,,,,,
2037,100214.359375,280.66,-9.720458,-1.369483,3.064578,5.018885,0.054275,2.113551,284.97,3.92,125.01,-16.85,-0.03,90.382591,2,0,1,0,1,,,,,,,,
2047,100195.218750,280.66,-9.097966,1.259350,3.280056,5.073161,0.507635,1.754907,284.97,3.91,125.17,-16.54,-0.03,91.947326,2,0,1,0,1,,,,,,,,
2057,100195.218750,280.66,-5.583278,0.483628,2.557007,5.080610,0.791783,1.322831,285.07,3.92,125.29,-16.26,-0.03,91.947326,2,0,1,0,1,,,,,,,,
2067,100195.218750,280.66,-3.945644,-0.354341,2.557007,4.927362,0.900334,1.040812,284.93,3.92,125.38,-16.01,-0.03,91.947326,2,0,1,0,1,,,,,,,,
2077,100195.218750,280.66,-4.094084,-1.134851,2.274491,4.942261,1.007821,0.782205,284.93,3.91,125.45,-15.79,-0.02,91.947326,2,0,1,0,1,,,,,,,,
2087,100176.062500,280.66,-3.476380,1.910572,2.183511,4.794334,1.088702,0.583195,284.88,3.91,125.89,-15.20,-0.02,93.513580,2,0,1,0,1,,,,,,,,
2097,100195.218750,280.66,-5.085284,0.359130,1.513135,4.548498,1.113179,0.242643,285.07,3.91,125.84,-15.11,-0.02,91.947326,2,0,1,0,1,,,,,,,,
2107,100176.062500,280.66,-6.052541,2.509123,0.210689,4.158992,1.022720,-0.169211,285.07,3.91,126.19,-14.62,-0.02,93.513580,2,0,1,0,1,,,,,,,,
2117,100195.218750,280.66,-7.264008,1.216254,1.996764,3.830146,0.966316,-0.641727,285.07,3.91,126.07,-14.59,-0.02,91.947326,2,0,1,0,1,,,,,,,,
2127,100195.218750,280.66,-9.768342,2.159569,1.407790,3.633264,1.124885,-1.197253,284.97,3.90,125.98,-14.54,-0.02,91.947326,2,0,1,0,1,,,,,,,,
2137,100195.218750,280.66,-13.086706,2.317587,1.403002,3.542805,1.410098,-1.884742,285.07,3.90,125.91,-14.47,-0.01,91.947326,2,0,1,0,1,,,,,,,,
2147,100176.062500,280.66,-12.330138,2.719813,1.474828,3.415098,1.685732,-2.701003,285.22,3.91,126.25,-14.00,-0.01,93.513580,2,0,1,0,1,,,,,,,,
2157,100195.218750,280.66,-9.112331,1.350329,0.871489,3.399135,1.870907,-3.033041,284.97,3.91,126.12,-13.99,-0.01,91.947326,2,0,1,0,1,,,,,,,,
2167,100195.218750,280.66,-8.044517,1.920149,0.823605,3.429997,2.017771,-3.090510,284.97,3.91,126.02,-13.95,-0.01,91.947326,2,0,1,0,1,,,,,,,,
2177,100195.218750,280.66,-6.167463,1.733402,0.277727,3.428933,2.146542,-3.057518,284.93,3.90,125.95,-13.89,-0.01,91.947326,2,0,1,0,1,,,,,,,,
2187,100199.140625,280.68,-6.770802,1.441309,-0.430956,3.434254,2.297662,-3.029849,284.88,3.91,125.81,-13.88,-0.01,91.626693,2,0,1,0,1,,,,,,,,
2197,100195.218750,280.66,-5.851428,0.842759,-0.723048,3.462988,2.431754,-3.050069,285.22,3.91,125.79,-13.77,-0.01,91.947326,2,0,1,0,1,,,,,,,,
2207,100195.218750,280.66,-5.118803,0.852335,-1.278503,3.460860,2.512635,-3.093702,284.93,3.90,125.78,-13.65,-0.01,91.947326,2,0,1,0,1,,,,,,,,
2217,100214.359375,280.66,-5.056553,0.258573,-0.909796,3.403392,2.511571,-3.153299,284.88,3.92,125.38,-13.90,-0.00,90.382591,2,0,1,0,1,,,,,,,,
2227,100233.515625,280.66,-6.248866,0.569819,-0.440533,3.326767,2.536048,-3.257593,284.88,3.93,124.68,-14.44,-0.00,88.816818,2,0,1,0,1,,,,,,,,
2237,100214.359375,280.66,-7.196969,1.053448,-1.613691,3.163941,2.497736,-3.348052,285.07,3.94,124.55,-14.43,-0.00,90.382591,2,0,1,0,1,,,,,,,,
2247,100233.515625,280.66,-11.324573,-0.445321,-0.794874,3.008564,2.390249,-3.472566,285.07,3.94,124.06,-14.77,-0.00,88.816818,2,0,1,0,1,,,,,,,,
2257,100214.359375,280.66,-28.203695,0.550666,4.984727,2.880857,1.799604,-3.389557,285.22,3.94,124.08,-14.61,-0.00,90.382591,2,0,1,0,1,,,,,,,,
2267,100233.515625,280.66,-19.728221,-0.464475,3.926490,3.372529,0.379928,-2.805297,285.22,3.95,123.70,-14.83,-0.00,88.816818,2,0,1,0,1,,,,,,,,
2277,100233.515625,280.66,-7.489062,-0.909796,0.464475,3.558769,-0.123450,-2.595645,284.93,3.95,123.42,-14.96,-0.00,88.816818,2,0,1,0,1,,,,,,,,
2287,100248.750000,280.65,-4.443638,-1.517923,-1.963245,3.600273,-0.359708,-2.555204,284.97,3.95,122.90,-15.32,-0.00,87.571784,2,0,1,0,1,,,,,,,,
2297,100233.515625,280.66,-3.351882,-1.359906,-1.833958,3.655613,-0.470387,-2.541369,284.88,3.95,122.81,-15.26,-0.00,88.816818,2,0,1,0,1,,,,,,,,
2307,100271.812500,280.66,-3.433285,-1.618480,-0.718260,3.719466,-0.606608,-2.510507,284.88,3.95,121.97,-15.93,0.00,85.687286,2,0,1,0,1,,,,,,,,
2317,100252.656250,280.66,-4.730942,-1.498770,-0.162805,3.815247,-0.789655,-2.442396,284.97,3.95,121.72,-16.01,0.00,87.252571,2,0,1,0,1,,,,,,,,
2327,100252.656250,280.66,-6.153098,-1.738190,0.565031,3.876972,-1.049326,-2.331717,284.88,3.96,121.53,-16.04,0.00,87.252571,2,0,1,0,1,,,,,,,,
2337,100252.656250,280.66,-9.150638,-1.340752,1.417367,4.119615,-1.504814,-2.123129,284.88,3.95,121.39,-16.02,0.00,87.252571,2,0,1,0,1,,,,,,,,
2347,100233.515625,280.66,-10.342950,-1.795651,1.048660,4.591067,-2.109294,-1.695310,285.12,3.95,121.68,-15.59,-0.00,88.816818,2,0,1,0,1,,,,,,,,
2357,100252.656250,280.66,-10.381258,-2.212242,1.297657,4.995472,-2.500929,-1.216409,285.07,3.95,121.50,-15.61,-0.00,87.252571,2,0,1,0,1,,,,,,,,
2367,100267.890625,280.65,-18.325220,-2.145204,2.528276,5.366887,-2.669076,-0.570424,284.97,3.95,121.06,-15.88,0.00,86.007728,2,0,1,0,1,,,,,,,,
2377,100248.750000,280.65,-23.017854,-1.623268,3.524264,5.827696,-2.704196,0.333102,284.88,3.95,121.12,-15.67,0.00,87.571784,2,0,1,0,1,,,,,,,,
2387,100271.812500,280.66,-26.609157,-3.141192,4.347870,6.267222,-2.406213,1.423933,284.88,3.96,120.69,-15.93,0.00,85.687286,2,0,1,0,1,,,,,,,,
2397,100271.812500,280.66,-12.401964,-1.987187,0.450109,6.420470,-1.964559,1.943275,285.07,3.96,120.37,-16.09,0.00,85.687286,2,0,1,0,1,,,,,,,,
2407,100271.812500,280.66,-6.215347,-2.719813,-0.493205,6.434305,-1.572924,2.147606,285.07,3.96,120.13,-16.17,0.00,85.687286,2,0,1,0,1,,,,,,,,
2417,100287.046875,280.65,-5.219359,-2.389413,-0.162805,6.378965,-1.214280,2.216781,285.07,3.93,119.64,-16.49,0.00,84.442634,2,0,1,0,1,,,,,,,,
2427,100290.968750,280.66,-6.938396,-2.255337,0.043095,6.302341,-0.787526,2.325331,285.22,3.92,119.19,-16.77,0.00,84.122238,2,0,1,0,1,,,,,,,,
2437,100287.046875,280.65,-8.887276,-2.011129,0.924161,6.257644,-0.400148,2.428561,285.22,3.92,118.92,-16.86,0.00,84.442634,2,0,1,0,1,,,,,,,,
2447,100290.968750,280.66,-8.365340,-1.335964,0.622492,6.227845,-0.058532,2.407277,285.07,3.92,118.65,-16.96,0.00,84.122238,2,0,0,0,1,,,,,,,,
2457,100271.812500,280.66,-11.444283,-1.881842,1.029506,6.206561,0.338423,2.240194,284.97,3.92,118.83,-16.62,0.00,85.687286,2,0,0,0,1,,,,,,,,
2467,100290.968750,280.66,-11.200075,-3.040636,0.421379,6.200175,0.772627,1.961367,284.93,3.92,118.58,-16.71,0.00,84.122238,2,0,0,0,1,,,,,,,,
2477,100287.046875,280.65,-11.252747,-0.067037,0.497993,6.005423,0.997178,1.704888,284.88,3.91,118.47,-16.65,0.00,84.442634,2,0,0,0,1,,,,,,,,
2487,100290.968750,280.66,-12.009315,-1.407790,1.436521,5.748944,1.048261,1.465438,284.88,3.91,118.31,-16.65,0.00,84.122238,2,0,0,0,1,,,,,,,,
2497,100267.890625,280.65,-13.800178,0.502782,1.862688,5.629751,1.054647,1.483529,285.22,3.91,118.65,-16.15,-0.00,86.007728,2,0,0,0,1,,,,,,,,
2507,100290.968750,280.66,-8.312667,-0.598550,0.790086,5.634007,1.086573,1.628264,285.22,3.91,118.45,-16.19,-0.00,84.122238,2,0,0,0,1,,,,,,,,
2517,100271.812500,280.66,-7.661445,0.129286,0.866701,5.588246,1.092959,1.737879,284.93,3.91,118.69,-15.80,-0.00,85.687286,2,0,0,0,1,,,,,,,,
2527,100271.812500,280.66,-5.793968,-0.708683,0.612915,5.475438,1.080188,1.796412,284.93,3.91,118.87,-15.47,-0.00,85.687286,2,0,0,0,1,,,,,,,,
2537,100290.968750,280.66,-6.038176,0.766144,-0.105344,5.342410,1.098280,1.844302,284.93,3.90,118.61,-15.57,-0.00,84.122238,2,0,0,0,1,,,,,,,,
2547,100271.812500,280.66,-9.715670,0.158017,-0.158017,5.239180,1.166390,1.864522,285.07,3.91,118.81,-15.22,-0.00,85.687286,2,0,0,0,1,,,,,,,,
2557,100271.812500,280.66,-9.701305,0.909796,-0.962469,5.074225,1.303675,1.777256,284.93,3.90,118.97,-14.93,-0.00,85.687286,2,0,0,0,1,,,,,,,,
2567,100287.046875,280.65,-7.307103,0.684741,-1.958456,4.775178,1.387749,1.517585,284.97,3.91,118.77,-14.97,-0.00,84.442634,2,0,0,0,1,,,,,,,,
2577,100271.812500,280.66,-5.554547,1.307234,-2.331952,4.380351,1.446281,1.273877,285.22,3.90,118.94,-14.66,-0.00,85.687286,2,0,0,0,1,,,,,,,,
2587,100271.812500,280.66,-4.951209,0.948103,-3.107673,3.999358,1.509071,1.112115,284.78,3.90,119.06,-14.40,-0.00,85.687286,2,0,0,0,1,,,,,,,,
2597,100252.656250,280.66,-4.654327,1.450886,-2.274491,3.622622,1.532484,0.916297,284.88,3.90,119.55,-13.79,-0.00,87.252571,2,0,0,0,1,,,,,,,,
2607,100271.812500,280.66,-4.022258,1.359906,-2.456450,3.373594,1.532484,0.716223,284.93,3.90,119.53,-13.67,-0.00,85.687286,2,0,0,0,1,,,,,,,,
2617,100271.812500,280.66,-4.328716,1.450886,-2.533065,3.140528,1.517585,0.554461,284.93,3.93,119.52,-13.55,-0.00,85.687286,2,0,0,0,1,,,,,,,,
2627,100271.812500,280.66,-5.487510,2.375048,-2.806004,2.839352,1.468630,0.405469,284.97,3.93,119.51,-13.43,-0.00,85.687286,2,0,0,0,1,,,,,,,,
2637,100271.812500,280.66,-7.244854,3.332728,-2.906560,2.443460,1.407969,0.264992,284.93,3.94,119.50,-13.31,-0.00,85.687286,2,0,0,0,0,,,,,,,,
2647,100271.812500,280.66,-8.374917,3.251325,-3.184288,1.870907,1.208959,0.044697,284.93,3.94,119.50,-13.18,-0.00,85.687286,2,0,0,0,0,,,,,,,,
2657,100290.968750,280.66,-10.884040,3.040636,-1.671152,1.111051,0.774755,-0.326717,284.93,3.94,119.10,-13.43,-0.00,84.122238,2,0,0,0,0,,,,,,,,
2667,100287.046875,280.65,-11.530475,2.470816,-3.313575,0.346937,0.187303,-0.659819,284.78,3.94,118.89,-13.51,-0.00,84.442634,2,0,0,0,0,,,,,,,,
2677,100310.109375,280.66,-11.880028,0.790086,-0.454898,-0.276698,-0.328845,-0.844994,284.97,3.95,118.25,-14.00,-0.00,82.558715,2,0,0,0,0,,,,,,,,
2687,100290.968750,280.66,-11.793837,3.706224,-0.330399,-0.738572,-0.948224,-0.806682,284.93,3.95,118.17,-13.95,-0.00,84.122238,2,0,0,0,0,,,,,,,,
2697,100310.109375,280.66,-7.685387,1.288080,-1.273715,-0.757728,-1.308996,-0.698131,285.07,3.95,117.71,-14.25,-0.00,82.558715,2,0,0,0,0,,,,,,,,
2707,100306.203125,280.65,-7.388506,2.542642,-0.890643,-0.694939,-1.558025,-0.532112,284.93,3.95,117.44,-14.37,0.00,82.877777,2,0,0,0,0,,,,,,,,
2717,100329.265625,280.66,-5.808333,1.465251,-0.708683,-0.623635,-1.731494,-0.421433,285.07,3.95,116.78,-14.88,0.00,80.994148,2,0,0,0,0,,,,,,,,
2727,100310.109375,280.66,-6.263231,1.881842,-0.665588,-0.528919,-1.850687,-0.361836,285.07,3.96,116.66,-14.85,0.00,82.558715,2,0,0,0,0,,,,,,,,
2737,100310.109375,280.66,-7.613561,1.762132,-0.402225,-0.517213,-2.002871,-0.320331,284.73,3.95,116.57,-14.79,0.00,82.558715,2,0,0,0,0,,,,,,,,
2747,100310.109375,280.66,-6.928819,1.575384,-0.746990,-0.520406,-2.133771,-0.348001,284.93,3.96,116.51,-14.71,0.00,82.558715,2,0,0,0,0,,,,,,,,
2757,100310.109375,280.66,-8.197746,1.829170,0.110133,-0.493800,-2.227423,-0.368221,284.88,3.96,116.46,-14.62,0.00,82.558715,2,0,0,0,0,,,,,,,,
2767,100306.203125,280.65,-6.718129,1.321599,0.474051,-0.415047,-2.362580,-0.372478,284.88,3.95,116.50,-14.43,-0.00,82.877777,2,0,0,0,0,,,,,,,,
2777,100310.109375,280.66,-6.732494,1.364694,-0.177170,-0.376735,-2.453038,-0.402277,284.88,3.96,116.46,-14.33,-0.00,82.558715,2,0,0,0,0,,,,,,,,
2787,100329.265625,280.66,-7.575253,1.307234,-0.009576,-0.405469,-2.583938,-0.474644,284.88,3.95,116.03,-14.61,0.00,80.994148,2,0,0,0,0,,,,,,,,
2797,100367.562500,280.66,-8.652645,0.938527,-0.023942,-0.555525,-2.756343,-0.660883,284.97,3.96,114.94,-15.53,0.00,77.867034,2,0,0,0,0,,,,,,,,
2807,100329.265625,280.66,-8.398859,0.636857,-0.215478,-0.739636,-2.844673,-0.974830,284.93,3.95,114.88,-15.43,0.00,80.994148,2,0,0,0,0,,,,,,,,
2817,100329.265625,280.66,-8.121131,0.679953,-0.047884,-0.932261,-2.863830,-1.359015,285.07,3.93,114.84,-15.32,0.00,80.994148,2,0,0,0,0,,,,,,,,
2827,100325.343750,280.65,-8.106766,0.488417,0.316034,-1.069546,-2.864894,-1.786834,284.93,3.92,114.90,-15.12,0.00,81.314445,2,0,0,0,0,,,,,,,,
2837,100344.500000,280.65,-8.149862,1.206677,0.622492,-1.161069,-2.798912,-2.305111,284.78,3.92,114.55,-15.31,0.00,79.750076,2,0,0,0,0,,,,,,,,
2847,100367.562500,280.66,-9.706093,0.138863,0.277727,-1.235565,-2.679718,-2.817003,284.93,3.92,113.81,-15.88,0.00,77.867034,2,0,0,0,0,,,,,,,,
2857,100367.562500,280.66,-14.077905,0.320823,1.182735,-1.207895,-2.450910,-3.433190,285.07,3.91,113.26,-16.26,0.00,77.867034,2,0,0,0,0,,,,,,,,
2867,100367.562500,280.66,-18.636465,0.167594,2.427720,-1.200446,-2.257221,-3.764164,284.97,3.92,112.84,-16.51,0.00,77.867034,2,0,0,0,0,,,,,,,,
2877,100363.640625,280.65,-11.793837,0.086191,2.130839,-1.137656,-2.206138,-3.702439,284.88,3.91,112.60,-16.58,0.00,78.187225,2,0,0,0,0,,,,,,,,
2887,100367.562500,280.66,-11.769895,0.172382,2.518700,-1.085509,-2.196560,-3.513007,285.12,3.91,112.34,-16.67,0.00,77.867034,2,0,0,0,0,,,,,,,,
2897,100367.562500,280.66,-7.694963,0.407014,1.924938,-1.026977,-2.165698,-3.258657,284.93,3.91,112.15,-16.70,0.00,77.867034,2,0,0,0,0,,,,,,,,
2907,100367.562500,280.66,-5.463568,-0.794874,1.326387,-1.039748,-2.074174,-3.107537,285.22,3.91,112.00,-16.68,0.00,77.867034,2,0,0,0,0,,,,,,,,
2917,100363.640625,280.65,-6.071695,-0.239420,1.383848,-1.084445,-1.954981,-2.958545,284.88,3.91,111.97,-16.54,0.00,78.187225,2,0,0,0,0,,,,,,,,
2927,100367.562500,280.66,-7.359776,-1.292868,1.125274,-1.122757,-1.775127,-2.784013,284.93,3.90,111.87,-16.48,0.00,77.867034,2,0,0,0,0,,,,,,,,
2937,100386.718750,280.66,-6.124367,-1.302445,1.407790,-1.152555,-1.616558,-2.590324,284.93,3.91,111.41,-16.77,0.00,76.303192,2,0,0,0,0,,,,,,,,
2947,100386.718750,280.66,-4.663904,-1.766920,1.695094,-1.177033,-1.546319,-2.515828,285.22,3.91,111.05,-16.95,0.00,76.303192,2,0,0,0,0,,,,,,,,
2957,100363.640625,280.65,-5.482721,-3.007117,2.485181,-1.128078,-1.492043,-2.451974,284.93,3.91,111.26,-16.59,0.00,78.187225,2,0,0,0,0,,,,,,,,
2967,100367.562500,280.66,-6.833051,-1.177947,1.379060,-1.141913,-1.418612,-2.371093,285.22,3.90,111.33,-16.35,0.00,77.867034,2,0,0,0,0,,,,,,,,
2977,100367.562500,280.66,-9.093177,-2.547430,1.920149,-1.108922,-1.273877,-2.185918,285.12,3.90,111.39,-16.14,0.00,77.867034,2,0,0,0,0,,,,,,,,
2987,100367.562500,280.66,-15.744270,-1.671152,2.882618,-1.023784,-0.986536,-1.772999,285.12,3.91,111.44,-15.94,-0.00,77.867034,2,0,0,0,0,,,,,,,,
2997,100344.500000,280.65,-19.986795,-1.474828,3.442862,-0.846059,-0.624700,-0.948224,285.07,3.90,111.95,-15.29,-0.00,79.750076,2,0,0,0,0,,,,,,,,
3007,100348.421875,280.66,-12.105083,-2.408566,2.403778,-0.690682,-0.324588,-0.197945,284.97,3.90,112.25,-14.85,-0.00,79.429832,2,0,0,0,0,,,,,,,,
3017,100386.718750,280.66,-9.212887,-2.729389,1.915361,-0.642791,-0.084073,0.213909,285.07,3.92,111.70,-15.23,-0.00,76.303192,2,0,0,0,0,,,,,,,,
3027,100367.562500,280.66,-10.438718,-2.753331,2.284068,-0.653434,0.270313,0.625764,285.07,3.93,111.68,-15.11,-0.00,77.867034,2,0,0,0,0,,,,,,,,
3037,100386.718750,280.66,-8.829815,-2.657563,2.686294,-0.606608,0.573617,0.830095,285.07,3.94,111.27,-15.36,-0.00,76.303192,2,0,0,0,0,,,,,,,,
3047,100386.718750,280.66,-9.864110,-2.542642,2.767697,-0.520406,0.803490,0.981215,284.93,3.94,110.96,-15.51,-0.00,76.303192,2,0,0,0,0,,,,,,,,
3057,100367.562500,280.66,-10.793061,-1.977610,2.518700,-0.418240,0.984408,1.120629,284.78,3.94,111.12,-15.20,-0.00,77.867034,2,0,0,0,0,,,,,,,,
3067,100386.718750,280.66,-11.104307,-2.614468,2.863465,-0.256478,1.121693,1.310061,285.12,3.95,110.85,-15.32,-0.00,76.303192,2,0,0,0,0,,,,,,,,
3077,100386.718750,280.66,-15.433023,-1.848323,3.739742,0.000000,1.190868,1.683604,284.93,3.94,110.65,-15.36,-0.00,76.303192,2,0,0,0,0,,,,,,,,
3087,100386.718750,280.66,-22.582109,-1.628057,3.859452,0.363965,1.343052,2.372158,284.93,3.95,110.50,-15.36,-0.00,76.303192,2,0,0,0,0,,,,,,,,
3097,100405.875000,280.66,-21.715408,-1.795651,4.103661,0.777948,1.601658,3.208638,285.12,3.95,109.99,-15.70,0.00,74.739601,2,0,0,0,0,,,,,,,,
3107,100405.875000,280.66,-16.342821,-1.948880,3.821145,1.107858,1.726173,3.753522,285.32,3.95,109.61,-15.92,0.00,74.739601,2,0,0,0,0,,,,,,,,
3117,100405.875000,280.66,-10.836156,-1.053448,2.513911,1.261106,1.749586,4.029156,284.88,3.95,109.32,-16.05,0.00,74.739601,2,0,0,0,0,,,,,,,,
3127,100405.875000,280.66,-8.714894,-1.958456,2.044648,1.357951,1.685732,4.116423,284.88,3.95,109.11,-16.10,0.00,74.739601,2,0,0,0,0,,,,,,,,
3137,100405.875000,280.66,-10.769119,-1.283292,2.590526,1.469694,1.500557,4.163249,284.97,3.95,108.94,-16.10,0.00,74.739601,2,0,0,0,0,,,,,,,,
3147,100401.953125,280.65,-9.653421,-0.876277,2.049436,1.471823,1.297290,4.168570,285.27,3.95,108.90,-15.99,0.00,75.059700,2,0,0,0,0,,,,,,,,
3157,100425.015625,280.66,-17.094600,-0.560243,3.744531,1.544190,1.061032,4.312240,285.07,3.96,108.40,-16.32,0.00,73.177520,2,0,0,0,0,,,,,,,,
3167,100405.875000,280.66,-10.529699,0.416591,1.781286,1.556961,0.972701,4.483581,284.93,3.96,108.41,-16.15,0.00,74.739601,2,0,0,0,0,,,,,,,,
3177,100405.875000,280.66,-7.354987,-0.210689,0.636857,1.511199,0.998243,4.526149,284.93,3.96,108.42,-15.98,0.00,74.739601,2,0,0,0,0,,,,,,,,
3187,100405.875000,280.66,-10.970232,0.378283,1.029506,1.436704,1.037619,4.519763,285.07,3.95,108.43,-15.82,-0.00,74.739601,2,0,0,0,0,,,,,,,,
3197,100405.875000,280.66,-9.500192,-0.177170,0.641646,1.354758,1.125950,4.417598,285.07,3.96,108.44,-15.66,-0.00,74.739601,2,0,0,0,0,,,,,,,,
3207,100386.718750,280.66,-12.435482,1.728613,0.244208,1.229180,1.273877,4.115358,284.78,3.95,108.83,-15.12,-0.00,76.303192,2,0,0,0,0,,,,,,,,
3217,100405.875000,280.66,-8.786720,0.526724,0.373495,1.141913,1.454795,3.738623,284.88,3.93,108.75,-15.06,-0.00,74.739601,2,0,0,0,0,,,,,,,,
3227,100386.718750,280.66,-10.644620,2.614468,-0.387860,0.524663,1.105729,3.332089,285.22,3.92,109.07,-14.60,-0.00,76.303192,2,0,0,0,0,,,,,,,,
3237,100386.718750,280.66,-7.905653,1.771709,-0.837970,-0.151119,0.681104,2.957481,284.97,3.92,109.32,-14.22,-0.00,76.303192,2,0,0,0,0,,,,,,,,
3247,100386.718750,280.66,-9.208099,3.117250,-1.163581,-0.802425,0.373543,2.466873,285.22,3.92,109.51,-13.90,-0.00,76.303192,2,0,0,0,0,,,,,,,,
3257,100386.718750,280.66,-5.679046,2.413355,-0.603338,-0.935453,0.346937,2.348745,285.07,3.92,109.65,-13.62,-0.00,76.303192,2,0,0,0,0,,,,,,,,
3267,100367.562500,280.66,-7.915230,3.773261,-0.009576,-1.204702,0.218166,2.315753,285.22,3.91,110.15,-13.01,-0.00,77.867034,2,0,0,0,0,,,,,,,,
3277,100386.718750,280.66,-7.752425,3.198653,-0.076614,-1.708081,-0.090459,2.192303,284.93,3.91,110.14,-12.89,-0.00,76.303192,2,0,0,0,0,,,,,,,,
3287,100367.562500,280.66,-7.704540,3.835510,-0.823605,-2.163569,-0.344808,2.065660,284.93,3.91,110.52,-12.39,-0.00,77.867034,2,0,0,0,0,,,,,,,,
3297,100367.562500,280.66,-10.002974,3.596090,-1.043871,-2.716966,-0.607672,1.748521,284.88,3.91,110.81,-11.99,-0.01,77.867034,2,0,0,0,0,,,,,,,,
3307,100386.718750,280.66,-6.493074,4.793191,-0.622492,-3.043684,-0.691746,1.525034,284.97,3.91,110.65,-12.04,-0.00,76.303192,2,0,0,0,0,,,,,,,,
3317,100386.718750,280.66,-9.466672,3.485957,0.076614,-3.174583,-0.597030,1.222794,284.88,3.90,110.52,-12.04,-0.00,76.303192,2,0,0,0,0,,,,,,,,
3327,100386.718750,280.66,-9.188945,4.888959,-0.464475,-3.321446,-0.450167,0.950353,285.22,3.91,110.42,-12.02,-0.00,76.303192,2,0,0,0,0,,,,,,,,
3337,100386.718750,280.66,-11.525687,3.835510,0.229843,-3.420419,-0.263927,0.545947,285.07,3.91,110.35,-11.97,-0.00,76.303192,2,0,0,0,0,,,,,,,,
3347,100386.718750,280.66,-9.011775,4.481945,1.058237,-3.407649,0.031926,0.174532,284.93,3.90,110.30,-11.90,-0.00,76.303192,2,0,0,0,0,,,,,,,,
3357,100386.718750,280.66,-6.981492,4.472368,1.154005,-3.511943,0.346937,0.027669,284.93,3.91,110.26,-11.83,-0.00,76.303192,2,0,0,0,0,,,,,,,,
3367,100425.015625,280.66,-5.770026,4.132391,0.028730,-3.632200,0.566167,0.008513,285.07,3.90,109.45,-12.50,-0.00,73.177520,2,0,0,0,0,,,,,,,,
3377,100386.718750,280.66,-6.153098,3.993528,0.545877,-3.775870,0.726865,0.007449,284.88,3.90,109.62,-12.21,-0.00,76.303192,2,0,0,0,0,,,,,,,,
3387,100425.015625,280.66,-7.996633,3.275267,1.278503,-3.856752,0.932261,-0.166019,284.88,3.90,108.97,-12.73,-0.00,73.177520,2,0,0,0,0,,,,,,,,
3397,100405.875000,280.66,-8.920795,2.240972,2.825157,-3.949339,1.098280,-0.410790,285.07,3.91,108.87,-12.70,-0.00,74.739601,2,0,0,0,0,,,,,,,,
3407,100425.015625,280.66,-14.135366,3.749319,3.126827,-3.689668,1.560154,-1.003564,284.78,3.91,108.40,-13.03,0.00,73.177520,2,0,0,0,0,,,,,,,,
3417,100425.015625,280.66,-12.641385,3.552995,2.346317,-3.369336,2.262542,-1.515456,284.88,3.92,108.05,-13.25,0.00,73.177520,2,0,0,0,0,,,,,,,,
3427,100425.015625,280.66,-15.002067,5.726930,3.605667,-3.295905,2.628636,-1.665512,284.88,3.94,107.78,-13.38,0.00,73.177520,2,0,0,0,0,,,,,,,,
3437,100425.015625,280.66,-11.889605,2.930502,8.834604,-3.101152,2.699939,-1.914541,285.07,3.94,107.58,-13.44,0.00,73.177520,2,0,0,0,0,,,,,,,,
3447,100444.171875,280.66,-9.466672,2.561795,3.222595,-3.044748,2.822325,-2.094395,284.93,3.94,107.04,-13.84,0.00,71.614410,2,0,0,0,0,,,,,,,,
3457,100444.171875,280.66,-8.164227,0.316034,7.685387,-2.779756,2.831903,-2.039055,285.12,3.94,106.63,-14.10,0.00,71.614410,2,0,0,0,0,,,,,,,,
3467,100444.171875,280.66,-16.539144,14.006079,3.701435,-2.835095,3.074546,-1.851751,285.07,3.94,106.32,-14.26,0.00,71.614410,2,0,0,0,0,,,,,,,,
3477,100463.328125,280.66,-15.073893,5.123591,4.510675,-3.248015,3.087317,-1.466502,284.88,3.95,105.70,-14.73,0.00,70.051544,2,0,0,0,0,,,,,,,,
3487,100444.171875,280.66,-13.848062,5.291185,3.806780,-3.183097,3.069225,-1.397327,284.88,3.95,105.61,-14.67,0.00,71.614410,2,0,0,0,0,,,,,,,,
3497,100444.171875,280.66,-16.577451,4.050989,4.917690,-3.052197,3.184161,-1.515456,284.97,3.95,105.55,-14.58,0.00,71.614410,2,0,0,0,0,,,,,,,,
3507,100463.328125,280.66,-15.476119,3.749319,4.635174,-2.993665,3.238437,-1.512264,284.78,3.96,105.12,-14.86,0.00,70.051544,2,0,0,0,0,,,,,,,,
3517,100463.328125,280.66,-13.838485,3.356670,4.999093,-2.995793,3.017078,-1.339859,284.97,3.95,104.79,-15.04,0.00,70.051544,2,0,0,0,0,,,,,,,,
3527,100482.468750,280.66,-14.144943,3.591302,5.080495,-3.090510,2.589259,-1.191932,285.07,3.95,104.15,-15.51,0.00,68.490188,2,0,0,0,0,,,,,,,,
3537,100482.468750,280.66,-15.567099,3.169923,4.721365,-3.355502,2.043312,-1.127014,284.78,3.96,103.67,-15.83,0.00,68.490188,2,0,0,0,0,,,,,,,,
3547,100482.468750,280.66,-15.524003,3.457227,3.806780,-3.787577,1.508007,-1.210023,284.93,3.96,103.31,-16.03,0.00,68.490188,2,0,0,0,0,,,,,,,,
3557,100482.468750,280.66,-12.832921,3.193865,3.629609,-4.150478,1.155748,-1.354758,284.93,3.95,103.03,-16.14,0.00,68.490188,2,0,0,0,0,,,,,,,,
3567,100501.625000,280.66,-10.620678,3.830722,2.964021,-4.329267,0.988665,-1.272813,284.97,3.96,102.44,-16.56,0.00,66.927803,2,0,0,0,0,,,,,,,,
3577,100520.781250,280.66,-10.749965,4.520252,3.208230,-4.404828,0.826902,-1.036555,285.12,3.96,101.60,-17.21,0.00,65.365653,2,0,0,0,0,,,,,,,,
3587,100501.625000,280.66,-11.018115,3.466804,3.926490,-4.500607,0.627892,-0.755599,285.12,3.96,101.35,-17.29,0.00,66.927803,2,0,0,0,0,,,,,,,,
3597,100501.625000,280.66,-10.922348,3.591302,3.845087,-4.555947,0.327781,-0.506571,285.07,3.95,101.16,-17.30,0.00,66.927803,2,0,0,0,0,,,,,,,,
3607,100501.625000,280.66,-9.524134,2.734178,4.084507,-4.536791,0.002128,-0.266056,284.78,3.96,101.02,-17.27,0.00,66.927803,2,0,0,0,0,,,,,,,,
3617,100501.625000,280.66,-11.080365,3.552995,5.391742,-4.414405,-0.338423,-0.010642,285.07,3.93,100.92,-17.20,0.00,66.927803,2,0,0,0,0,,,,,,,,
3627,100501.625000,280.66,-12.215216,2.964021,6.042964,-4.266478,-0.661948,0.259670,284.93,3.92,100.84,-17.11,0.00,66.927803,2,0,0,0,0,,,,,,,,
3637,100501.625000,280.66,-15.452177,2.427720,5.559336,-4.053633,-0.928004,0.489543,284.88,3.92,100.78,-17.00,0.00,66.927803,2,0,0,0,0,,,,,,,,
3647,100501.625000,280.66,-10.644620,1.776497,4.601655,-3.839724,-1.092959,0.636406,285.07,3.92,100.74,-16.88,0.00,66.927803,2,0,0,0,0,,,,,,,,
3657,100520.781250,280.66,-14.417881,2.351105,4.841075,-3.640714,-1.205767,0.685361,284.97,3.92,100.32,-17.12,0.00,65.365653,2,0,0,0,0,,,,,,,,
3667,100501.625000,280.66,-12.469001,1.704671,4.735730,-3.426805,-1.322831,0.714095,285.12,3.91,100.39,-16.88,0.00,66.927803,2,0,0,0,0,,,,,,,,
3677,100516.843750,280.65,-17.650054,1.910572,5.425261,-3.209703,-1.538869,0.829031,285.07,3.91,100.14,-16.97,0.00,65.686729,2,0,0,0,0,,,,,,,,
3687,100539.921875,280.66,-11.319785,1.130063,4.774038,-2.946839,-1.790026,1.063160,284.93,3.90,99.48,-17.44,0.00,63.805023,2,0,0,0,0,,,,,,,,
3697,100520.781250,280.66,-8.341398,1.403002,5.080495,-2.679718,-2.003936,1.250464,284.88,3.91,99.37,-17.38,0.00,65.365653,2,0,0,0,0,,,,,,,,
3707,100520.781250,280.66,-8.044517,1.048660,4.730942,-2.459424,-2.134835,1.406905,285.22,3.91,99.29,-17.29,0.00,65.365653,2,0,0,0,0,,,,,,,,
3717,100539.921875,280.66,-10.381258,1.948880,4.357447,-2.202946,-2.118872,1.515456,284.97,3.91,98.84,-17.56,0.00,63.805023,2,0,0,0,0,,,,,,,,
3727,100501.625000,280.66,-10.611102,1.225831,5.042188,-1.849623,-1.902834,1.510135,285.22,3.90,99.28,-16.96,0.00,66.927803,2,0,0,0,0,,,,,,,,
3737,100520.781250,280.66,-6.689399,1.675941,4.601655,-1.511199,-1.845366,1.492043,285.27,3.90,99.22,-16.85,0.00,65.365653,2,0,0,0,0,,,,,,,,
3747,100520.781250,280.66,-6.938396,1.393425,4.654327,-1.197253,-1.863458,1.453731,285.12,3.91,99.18,-16.73,0.00,65.365653,2,0,0,0,0,,,,,,,,
3757,100539.921875,280.66,-12.454636,1.900996,4.730942,-0.685361,-1.506942,1.249400,285.07,3.90,98.76,-16.97,0.00,63.805023,2,0,0,0,0,,,,,,,,
3767,100539.921875,280.66,-12.765883,1.857900,5.559336,0.008513,-0.835416,0.993986,284.88,3.91,98.44,-17.11,0.00,63.805023,2,0,0,0,0,,,,,,,,
3777,100520.781250,280.66,-13.115436,1.872265,6.019022,0.425690,-0.388442,0.959931,284.93,3.90,98.59,-16.80,0.00,65.365653,2,0,0,0,0,,,,,,,,
3787,100520.781250,280.66,-15.715539,2.159569,5.420472,0.790719,0.151119,1.075931,285.07,3.91,98.71,-16.53,-0.00,65.365653,2,0,0,0,0,,,,,,,,
3797,100539.921875,280.66,-14.025233,1.642422,5.013458,1.034426,0.470387,1.264299,284.88,3.91,98.41,-16.66,-0.00,63.805023,2,0,0,0,0,,,,,,,,
3807,100539.921875,280.66,-10.534487,1.628057,5.027823,1.225987,0.678975,1.461181,285.07,3.91,98.18,-16.72,-0.00,63.805023,2,0,0,0,0,,,,,,,,
3817,100520.781250,280.66,-8.202534,1.810016,4.146757,1.333474,0.719416,1.603787,284.97,3.92,98.40,-16.34,-0.00,65.365653,2,0,0,0,0,,,,,,,,
3827,100539.921875,280.66,-7.541735,1.934514,4.113238,1.384556,0.665140,1.731494,284.97,3.93,98.18,-16.40,-0.00,63.805023,2,0,0,0,0,,,,,,,,
3837,100520.781250,280.66,-6.617573,1.872265,3.758896,1.395199,0.549140,1.868779,285.12,3.94,98.40,-16.02,-0.00,65.365653,2,0,0,0,0,,,,,,,,
3847,100516.843750,280.65,-8.082824,1.939303,3.442862,1.400520,0.449103,2.007128,285.07,3.94,98.65,-15.63,-0.00,65.686729,2,0,0,0,0,,,,,,,,
3857,100520.781250,280.66,-9.720458,2.039859,3.763684,1.443089,0.420368,2.163569,284.93,3.94,98.76,-15.37,-0.00,65.365653,2,0,0,0,0,,,,,,,,
3867,100520.781250,280.66,-9.883264,2.106897,3.634398,1.456924,0.369286,2.279570,284.88,3.95,98.84,-15.14,-0.00,65.365653,2,0,0,0,0,,,,,,,,
3877,100501.625000,280.66,-7.173027,2.274491,2.925714,1.419676,0.244771,2.360451,285.07,3.95,99.30,-14.55,-0.00,66.927803,2,0,0,0,0,,,,,,,,
3887,100516.843750,280.65,-7.857769,2.619256,2.590526,1.350501,0.120257,2.376414,284.93,3.94,99.34,-14.37,-0.00,65.686729,2,0,0,0,0,,,,,,,,
3897,100516.843750,280.65,-8.695740,2.777273,2.260126,1.282391,0.001064,2.347680,285.07,3.95,99.36,-14.21,-0.00,65.686729,2,0,0,0,0,,,,,,,,
3907,100520.781250,280.66,-12.066776,3.031059,2.145204,1.184482,-0.045761,2.210395,284.93,3.95,99.31,-14.12,-0.00,65.365653,2,0,0,0,0,,,,,,,,
3917,100520.781250,280.66,-12.627019,3.361459,2.116474,1.155748,0.075559,1.921990,285.12,3.96,99.27,-14.03,-0.00,65.365653,2,0,0,0,0,,,,,,,,
3927,100501.625000,280.66,-8.959102,3.222595,2.226607,1.311125,0.318203,1.675090,284.88,3.96,99.62,-13.54,-0.00,66.927803,2,0,0,0,0,,,,,,,,
3937,100501.625000,280.66,-5.966350,3.313575,1.948880,1.467566,0.501250,1.546319,285.12,3.95,99.90,-13.15,-0.00,66.927803,2,0,0,0,0,,,,,,,,
3947,100501.625000,280.66,-4.491522,3.596090,1.192312,1.521842,0.504442,1.550576,284.97,3.95,100.10,-12.82,-0.00,66.927803,2,0,0,0,0,,,,,,,,
3957,100478.546875,280.65,-4.003105,3.538630,1.312022,1.498429,0.429946,1.603787,285.07,3.95,100.73,-12.08,-0.01,68.810089,2,0,0,0,0,,,,,,,,
3967,100501.625000,280.66,-3.763684,3.725377,1.441309,1.423933,0.309689,1.696374,284.93,3.95,100.74,-11.96,-0.01,66.927803,2,0,0,0,0,,,,,,,,
3977,100501.625000,280.66,-4.347870,4.501099,0.718260,1.289840,0.177725,1.862394,285.22,3.96,100.74,-11.84,-0.00,66.927803,2,0,0,0,0,,,,,,,,
3987,100501.625000,280.66,-4.711788,4.271255,1.072602,1.175968,0.017027,1.949660,285.07,3.96,100.75,-11.72,-0.00,66.927803,2,0,0,0,0,,,,,,,,
3997,100501.625000,280.66,-4.165910,4.266467,1.110909,1.030169,-0.133028,2.082688,284.88,3.96,100.76,-11.60,-0.00,66.927803,2,0,0,0,0,,,,,,,,
4007,100501.625000,280.66,-4.955997,4.213794,0.134075,0.843930,-0.290533,2.200817,284.93,3.96,100.76,-11.48,-0.00,66.927803,2,0,0,0,0,,,,,,,,
4017,100478.546875,280.65,-5.473145,4.467580,0.229843,0.677911,-0.424625,2.211459,284.97,3.94,101.23,-10.91,-0.01,68.810089,2,0,0,0,0,,,,,,,,
4027,100501.625000,280.66,-6.435614,4.592078,0.138863,0.451231,-0.560846,2.130578,284.93,3.93,101.13,-10.91,-0.00,66.927803,2,0,0,0,0,,,,,,,,
4037,100497.703125,280.65,-6.497863,4.649539,0.584185,0.185175,-0.728994,1.951788,284.88,3.92,101.12,-10.81,-0.00,67.247650,2,0,0,0,0,,,,,,,,
4047,100497.703125,280.65,-5.990292,5.410895,-0.181959,-0.175597,-0.940775,1.722980,284.88,3.92,101.12,-10.70,-0.00,67.247650,2,0,0,0,0,,,,,,,,
4057,100482.468750,280.66,-7.220911,5.650315,0.565031,-0.697067,-1.151491,1.510135,284.93,3.91,101.43,-10.30,-0.00,68.490188,2,0,0,0,0,,,,,,,,
4067,100501.625000,280.66,-7.484274,5.583278,0.780509,-1.168519,-1.360079,1.146170,284.93,3.91,101.28,-10.35,-0.00,66.927803,2,0,0,0,0,,,,,,,,
4077,100501.625000,280.66,-6.938396,5.621585,1.340752,-1.439896,-1.479272,0.853508,285.12,3.91,101.16,-10.36,-0.00,66.927803,2,0,0,0,0,,,,,,,,
4087,100497.703125,280.65,-5.980715,5.262455,1.527500,-1.480337,-1.512264,0.728994,284.97,3.90,101.16,-10.26,-0.00,67.247650,2,0,0,0,0,,,,,,,,
4097,100497.703125,280.65,-4.185064,5.118803,2.293645,-1.346244,-1.509071,0.717287,285.07,3.91,101.15,-10.17,-0.00,67.247650,2,0,0,0,0,,,,,,,,
4107,100497.703125,280.65,-4.151545,5.056553,1.982398,-1.154684,-1.462245,0.761985,284.88,3.91,101.15,-10.07,-0.00,67.247650,2,0,0,0,0,,,,,,,,
4117,100497.703125,280.65,-4.994304,4.927267,2.801215,-0.815196,-1.260042,0.696003,285.07,3.91,101.15,-9.98,-0.00,67.247650,2,0,0,0,0,,,,,,,,
4127,100516.843750,280.65,-6.181828,5.420472,3.280056,-0.401212,-0.933325,0.516149,284.93,3.91,100.76,-10.26,-0.00,65.686729,2,0,0,0,0,,,,,,,,
4137,100516.843750,280.65,-7.991845,5.631162,2.470816,-0.147927,-0.618314,-0.138349,285.12,3.90,100.46,-10.44,-0.00,65.686729,2,0,0,0,0,,,,,,,,
4147,100497.703125,280.65,-11.741165,7.939172,1.086967,-0.952481,-0.539562,-1.977330,285.07,3.90,100.63,-10.18,-0.00,67.247650,2,0,0,0,0,,,,,,,,
4157,100516.843750,280.65,-7.939172,5.621585,3.327940,-0.880114,-0.327781,-2.979830,284.97,3.90,100.37,-10.34,-0.00,65.686729,2,0,0,0,0,,,,,,,,
4167,100516.843750,280.65,-8.911218,5.137956,3.993528,-0.260735,0.138349,-3.804605,284.97,3.90,100.17,-10.43,-0.00,65.686729,2,0,0,0,0,,,,,,,,
4177,100516.843750,280.65,-9.825803,5.315127,4.979939,0.292661,0.617250,-5.072097,284.93,3.91,100.02,-10.47,-0.00,65.686729,2,0,0,0,0,,,,,,,,
4187,100520.781250,280.66,-6.521805,3.940855,3.912125,0.342680,0.713030,-5.262593,285.07,3.91,99.83,-10.56,-0.00,65.365653,2,0,0,0,0,,,,,,,,
4197,100536.000000,280.65,-6.651092,3.897760,3.050212,0.452295,0.737508,-5.295584,285.12,3.90,99.37,-10.90,0.00,64.124778,2,0,0,0,0,,,,,,,,
4207,100555.140625,280.65,-6.698976,3.327940,2.461239,0.626828,0.765177,-5.316869,284.88,3.90,98.64,-11.50,0.00,62.564334,2,0,0,0,0,,,,,,,,
4217,100555.140625,280.65,-6.890512,3.337517,2.662352,0.687489,0.710902,-5.281749,285.07,3.92,98.09,-11.93,0.00,62.564334,2,0,0,0,0,,,,,,,,
4227,100593.453125,280.65,-8.973467,3.016694,2.422932,0.763049,0.708773,-5.314740,284.88,3.94,96.89,-12.97,0.00,59.441631,2,0,0,0,0,,,,,,,,
4237,100593.453125,280.65,-13.038822,2.796427,2.489969,0.769434,0.746021,-5.354116,284.88,3.94,95.98,-13.73,0.00,59.441631,2,0,0,0,0,,,,,,,,
4247,100593.453125,280.65,-14.250288,2.695871,2.547430,0.792847,0.846059,-5.379658,284.97,3.94,95.29,-14.26,0.01,59.441631,2,0,0,0,0,,,,,,,,
4257,100593.453125,280.65,-8.657433,1.613691,2.274491,0.834352,0.833288,-5.296648,284.93,3.95,94.78,-14.63,0.01,59.441631,2,0,0,0,0,,,,,,,,
4267,100612.593750,280.65,-7.034164,1.072602,2.149993,0.872664,0.724737,-5.158299,285.07,3.94,93.99,-15.24,0.01,57.881912,2,0,0,0,0,,,,,,,,
4277,100593.453125,280.65,-6.651092,1.130063,1.982398,0.897141,0.573617,-4.975252,285.12,3.95,93.79,-15.29,0.01,59.441631,2,0,0,0,0,,,,,,,,
4287,100593.453125,280.65,-6.627150,1.173158,2.231395,0.936518,0.404405,-4.746444,284.88,3.95,93.64,-15.29,0.01,59.441631,2,0,0,0,0,,,,,,,,
4297,100612.593750,280.65,-6.981492,1.149216,2.092532,0.934389,0.256478,-4.486773,284.93,3.95,93.14,-15.63,0.01,57.881912,2,0,0,0,0,,,,,,,,
4307,100631.750000,280.65,-7.091625,0.569819,1.891419,0.937582,0.120257,-4.211138,285.07,3.95,92.37,-16.23,0.01,56.321159,2,0,0,0,0,,,,,,,,
4317,100631.750000,280.65,-8.643068,0.497993,2.183511,0.984408,0.048954,-3.883357,284.88,3.95,91.78,-16.63,0.01,56.321159,2,0,0,0,0,,,,,,,,
4327,100650.906250,280.65,-12.152967,0.598550,2.628833,1.073803,0.089394,-3.436383,284.93,3.95,90.95,-17.28,0.01,54.760650,2,0,0,0,0,,,,,,,,
4337,100631.750000,280.65,-15.691597,0.459686,2.078166,1.137656,0.400148,-2.857444,284.93,3.96,90.72,-17.34,0.01,56.321159,2,0,0,0,0,,,,,,,,
4347,100631.750000,280.65,-17.190368,0.316034,1.891419,1.186611,1.076995,-2.209331,284.88,3.95,90.54,-17.35,0.01,56.321159,2,0,0,0,0,,,,,,,,
4357,100631.750000,280.65,-15.682021,-0.244208,1.651999,1.287712,1.517585,-1.745329,284.93,3.95,90.40,-17.31,0.01,56.321159,2,0,0,0,0,,,,,,,,
4367,100612.593750,280.65,-17.377115,0.062249,3.174711,1.517585,1.701696,-1.155748,285.12,3.96,90.69,-16.86,0.00,57.881912,2,0,0,0,0,,,,,,,,
4377,100631.750000,280.65,-11.190498,-0.450109,2.825157,1.767678,1.579310,-0.707709,284.88,3.95,90.52,-16.86,0.00,56.321159,2,0,0,0,0,,,,,,,,
4387,100612.593750,280.65,-8.054094,0.426167,2.202665,1.897513,1.334538,-0.420368,284.97,3.96,90.78,-16.44,0.00,57.881912,2,0,0,0,0,,,,,,,,
4397,100631.750000,280.65,-6.071695,0.263362,1.790862,1.886871,1.121693,-0.216037,284.97,3.96,90.59,-16.47,0.00,56.321159,2,0,0,0,0,,,,,,,,
4407,100631.750000,280.65,-6.397306,0.445321,1.288080,1.807054,0.921618,-0.048954,284.93,3.95,90.45,-16.45,0.00,56.321159,2,0,0,0,0,,,,,,,,
4417,100631.750000,280.65,-9.332597,0.488417,1.632845,1.760228,0.691746,0.213909,284.88,3.94,90.34,-16.39,0.00,56.321159,2,0,0,0,0,,,,,,,,
4427,100631.750000,280.65,-8.408435,0.086191,1.575384,1.768742,0.495928,0.477837,284.93,3.92,90.26,-16.31,0.00,56.321159,2,0,0,0,0,,,,,,,,
4437,100650.906250,280.65,-9.289502,0.354341,1.584961,1.784705,0.327781,0.726865,284.93,3.92,89.82,-16.59,0.00,54.760650,2,0,0,0,0,,,,,,,,
4447,100631.750000,280.65,-10.400411,0.263362,1.752555,1.815568,0.178789,1.036555,285.07,3.92,89.87,-16.38,0.00,56.321159,2,0,0,0,0,,,,,,,,
4457,100631.750000,280.65,-11.137825,0.234631,1.604115,1.875164,0.067046,1.377107,285.07,3.92,89.91,-16.18,0.00,56.321159,2,0,0,0,0,,,,,,,,
4467,100631.750000,280.65,-12.454636,0.387860,1.723825,1.873036,-0.003192,1.667640,285.07,3.92,89.94,-15.99,0.00,56.321159,2,0,0,0,0,,,,,,,,
4477,100631.750000,280.65,-12.655750,0.459686,1.618480,1.883678,-0.055339,1.985844,284.88,3.90,89.96,-15.81,-0.00,56.321159,2,0,0,0,0,,,,,,,,
4487,100670.046875,280.65,-14.724340,0.703895,2.566584,1.968816,-0.130899,2.442396,285.07,3.91,89.20,-16.39,0.00,53.201652,2,0,0,0,0,,,,,,,,
4497,100650.906250,280.65,-9.811438,0.469263,1.637633,2.078431,-0.167083,2.904270,284.88,3.91,89.02,-16.41,0.00,54.760650,2,0,0,0,0,,,,,,,,
4507,100670.046875,280.65,-6.200982,0.167594,0.517147,2.062468,-0.166019,3.147978,285.22,3.91,88.49,-16.77,0.00,53.201652,2,0,0,0,0,,,,,,,,
4517,100670.046875,280.65,-5.573701,1.412578,-0.004788,1.927311,-0.134092,3.342731,284.93,3.90,88.09,-16.99,0.00,53.201652,2,0,0,0,0,,,,,,,,
4527,100670.046875,280.65,-9.270348,1.642422,0.622492,1.749586,-0.124514,3.575796,284.97,3.91,87.79,-17.12,0.00,53.201652,2,0,0,0,0,,,,,,,,
4537,100670.046875,280.65,-11.540052,1.101332,0.545877,1.629328,-0.104294,3.974881,284.97,3.91,87.57,-17.17,0.00,53.201652,2,0,0,0,0,,,,,,,,
4547,100670.046875,280.65,-12.919112,2.887407,1.278503,1.539933,-0.097908,4.250515,284.88,3.90,87.40,-17.17,0.00,53.201652,2,0,0,0,0,,,,,,,,
4557,100670.046875,280.65,-16.510414,2.619256,1.154005,1.476080,-0.146863,4.460167,284.97,3.91,87.27,-17.13,0.00,53.201652,2,0,0,0,0,,,,,,,,
4567,100650.906250,280.65,-10.769119,1.398213,-0.158017,1.252593,-0.201138,4.419727,284.88,3.91,87.56,-16.68,0.00,54.760650,2,0,0,0,0,,,,,,,,
4577,100650.906250,280.65,-7.551311,1.723825,-0.407014,0.916297,-0.234129,4.307983,284.97,3.90,87.78,-16.30,-0.00,54.760650,2,0,0,0,0,,,,,,,,
4587,100650.906250,280.65,-5.779603,3.050212,-0.282515,0.718352,-0.235193,4.264350,284.93,3.90,87.95,-15.98,-0.00,54.760650,2,0,0,0,0,,,,,,,,
4597,100631.750000,280.65,-5.329493,2.533065,-0.507570,0.568296,-0.214973,4.279249,284.88,3.91,88.47,-15.32,-0.00,56.321159,2,0,0,0,0,,,,,,,,
4607,100650.906250,280.65,-6.311115,3.098096,-0.526724,0.294790,-0.205395,4.272863,285.07,3.90,88.48,-15.16,-0.00,54.760650,2,0,0,0,0,,,,,,,,
4617,100631.750000,280.65,-8.595184,3.691859,-0.708683,-0.108550,-0.296918,4.199432,284.97,3.92,88.87,-14.63,-0.00,56.321159,2,0,0,0,0,,,,,,,,
4627,100612.593750,280.65,-8.307879,4.041412,-1.072602,-0.696003,-0.542754,4.102588,285.07,3.94,89.56,-13.82,-0.00,57.881912,2,0,0,0,0,,,,,,,,
4637,100612.593750,280.65,-6.177040,3.653551,-0.727837,-0.975894,-0.683232,4.133450,285.07,3.94,90.09,-13.18,-0.01,57.881912,2,0,0,0,0,,,,,,,,
4647,100593.453125,280.65,-5.755661,4.012681,-1.249773,-1.169583,-0.796040,4.164313,284.97,3.94,90.87,-12.29,-0.01,59.441631,2,0,0,0,0,,,,,,,,
4657,100593.453125,280.65,-5.861005,4.094084,-0.828393,-1.328153,-0.914169,4.151542,285.12,3.94,91.47,-11.59,-0.01,59.441631,2,0,0,0,0,,,,,,,,
4667,100593.453125,280.65,-7.067683,4.874594,-0.938527,-1.564411,-1.029105,4.041927,285.22,3.95,91.92,-11.04,-0.01,59.441631,2,0,0,0,0,,,,,,,,
4677,100593.453125,280.65,-7.556100,4.955997,-1.417367,-1.934761,-1.150427,3.700311,285.22,3.95,92.27,-10.59,-0.01,59.441631,2,0,0,0,0,,,,,,,,
4687,100593.453125,280.65,-7.034164,4.965574,-0.387860,-2.391313,-1.290905,3.151170,285.22,3.95,92.53,-10.24,-0.01,59.441631,2,0,0,0,0,,,,,,,,
4697,100593.453125,280.65,-5.415684,5.061342,0.363918,-2.616929,-1.353694,2.722288,285.22,3.95,92.73,-9.94,-0.01,59.441631,2,0,0,0,0,,,,,,,,
4707,100593.453125,280.65,-5.181052,4.716577,0.857124,-2.605223,-1.331345,2.404084,285.07,3.95,92.88,-9.70,-0.01,59.441631,2,0,0,0,0,,,,,,,,
4717,100593.453125,280.65,-6.277596,5.506663,1.685518,-2.555204,-1.263235,2.018835,284.93,3.96,93.00,-9.49,-0.01,59.441631,2,0,0,0,0,,,,,,,,
4727,100612.593750,280.65,-7.575253,5.458779,2.303221,-2.758471,-1.187675,1.498429,284.88,3.96,92.70,-9.69,-0.01,57.881912,2,0,0,0,0,,,,,,,,
4737,100612.593750,280.65,-7.077260,5.928043,1.790862,-3.099023,-1.157876,0.839673,285.22,3.95,92.47,-9.82,-0.01,57.881912,2,0,0,0,0,,,,,,,,
4747,100612.593750,280.65,-6.143521,5.334281,2.030282,-3.161813,-1.085509,0.404405,284.93,3.96,92.30,-9.89,-0.00,57.881912,2,0,0,0,0,,,,,,,,
4757,100631.750000,280.65,-5.540182,5.161898,2.743755,-2.947903,-0.915233,0.014899,284.93,3.96,91.78,-10.30,-0.00,56.321159,2,0,0,0,0,,,,,,,,
4767,100631.750000,280.65,-4.587290,4.821922,3.380612,-2.677590,-0.686425,-0.260735,285.07,3.96,91.39,-10.58,-0.00,56.321159,2,0,0,0,0,,,,,,,,
4777,100631.750000,280.65,-4.410119,4.778826,3.438073,-2.363644,-0.477837,-0.453359,285.22,3.95,91.09,-10.76,-0.00,56.321159,2,0,0,0,0,,,,,,,,
4787,100631.750000,280.65,-3.730166,4.951209,1.867477,-2.060339,-0.317139,-0.664076,285.12,3.96,90.87,-10.87,-0.00,56.321159,2,0,0,0,0,,,,,,,,
4797,100650.906250,280.65,-3.825934,5.176263,2.489969,-1.784705,-0.203267,-0.736443,284.88,3.96,90.31,-11.31,-0.00,54.760650,2,0,0,0,0,,,,,,,,
4807,100650.906250,280.65,-5.008669,4.472368,3.385401,-1.446281,-0.003192,-0.910976,285.07,3.96,89.89,-11.61,0.00,54.760650,2,0,0,0,0,,,,,,,,
4817,100650.906250,280.65,-4.074931,4.161122,4.280832,-1.032298,0.254349,-1.114243,284.93,3.94,89.57,-11.81,0.00,54.760650,2,0,0,0,0,,,,,,,,
4827,100670.046875,280.65,-4.932055,4.663904,3.538630,-0.627892,0.533176,-1.336666,284.93,3.93,88.94,-12.30,0.00,53.201652,2,0,0,0,0,,,,,,,,
4837,100670.046875,280.65,-7.230488,4.683058,3.998316,-0.136220,0.918426,-1.883678,285.22,3.92,88.46,-12.65,0.00,53.201652,2,0,0,0,0,,,,,,,,
4847,100670.046875,280.65,-7.536946,4.841075,5.027823,0.370350,1.356887,-2.590324,284.93,3.92,88.10,-12.87,0.00,53.201652,2,0,0,0,0,,,,,,,,
4857,100670.046875,280.65,-5.908889,4.132391,2.944868,0.556589,1.551640,-2.970252,284.93,3.92,87.83,-13.01,0.00,53.201652,2,0,0,0,0,,,,,,,,
4867,100650.906250,280.65,-7.422025,4.280832,2.293645,0.656626,1.701696,-3.395942,284.97,3.91,88.01,-12.71,0.00,54.760650,2,0,0,0,0,,,,,,,,
4877,100666.093750,280.63,-8.729259,3.653551,2.571372,0.768370,1.880485,-4.018514,284.93,3.92,87.85,-12.75,0.00,53.523612,2,0,0,0,0,,,,,,,,
4887,100689.203125,280.65,-6.555324,3.251325,2.676717,0.850315,1.970945,-4.420791,284.93,3.91,87.25,-13.20,0.00,51.641620,2,0,0,0,0,,,,,,,,
4897,100670.046875,280.65,-4.903325,2.877830,2.006340,0.857765,1.931568,-4.450589,284.97,3.91,87.19,-13.13,0.00,53.201652,2,0,0,0,0,,,,,,,,
4907,100689.203125,280.65,-4.491522,3.011905,1.086967,0.883306,1.863458,-4.375029,285.07,3.91,86.75,-13.43,0.00,51.641620,2,0,0,0,0,,,,,,,,
4917,100689.203125,280.65,-4.903325,2.571372,1.369483,0.875857,1.772999,-4.319689,284.88,3.91,86.42,-13.62,0.00,51.641620,2,0,0,0,0,,,,,,,,
4927,100708.343750,280.65,-4.841075,2.044648,1.532289,0.842866,1.678283,-4.281377,284.93,3.91,85.79,-14.10,0.00,50.083103,2,0,0,0,0,,,,,,,,
4937,100708.343750,280.65,-5.616796,1.867477,1.757344,0.801361,1.593145,-4.281377,285.12,3.90,85.31,-14.43,0.00,50.083103,2,0,0,0,0,,,,,,,,
4947,100708.343750,280.65,-6.947973,1.742978,2.102108,0.765177,1.568667,-4.366516,285.07,3.91,84.94,-14.65,0.00,50.083103,2,0,0,0,0,,,,,,,,
4957,100727.500000,280.65,-7.206546,1.398213,1.058237,0.706645,1.533548,-4.348423,285.12,3.90,84.28,-15.15,0.00,48.523555,2,0,0,0,0,,,,,,,,
4967,100727.500000,280.65,-10.855310,2.035071,0.885854,0.602351,1.521842,-4.380351,284.97,3.90,83.78,-15.49,0.00,48.523555,2,0,0,0,0,,,,,,,,
4977,100727.500000,280.65,-20.063409,1.910572,2.169146,0.472515,1.525034,-4.434626,285.07,3.90,83.40,-15.71,0.00,48.523555,2,0,0,0,0,,,,,,,,
4987,100727.500000,280.65,-21.461624,1.546654,4.223371,0.387377,1.369657,-4.224974,285.22,3.90,83.11,-15.83,0.00,48.523555,2,0,0,0,0,,,,,,,,
4997,100746.656250,280.65,-12.076353,0.220266,1.584961,0.379928,0.801361,-3.853559,284.97,3.90,82.51,-16.27,0.00,46.964244,2,0,0,0,0,,,,,,,,
5007,100746.656250,280.65,-8.441954,-0.670376,2.312798,0.328845,0.386313,-3.780127,284.88,3.90,82.05,-16.55,0.00,46.964244,2,0,0,0,0,,,,,,,,
5017,100746.656250,280.65,-8.638279,-0.536301,1.589749,0.225615,0.034055,-3.817375,284.97,3.92,81.70,-16.73,0.00,46.964244,2,0,0,0,0,,,,,,,,
5027,100765.796875,280.65,-8.159439,-0.598550,1.053448,0.078752,-0.225615,-3.893999,284.97,3.94,81.06,-17.19,0.01,45.406448,2,0,0,0,0,,,,,,,,
5037,100765.796875,280.65,-12.071564,-0.292092,1.628057,-0.081945,-0.482094,-3.961045,285.07,3.94,80.56,-17.50,0.01,45.406448,2,0,0,0,0,,,,,,,,
5047,100746.656250,280.65,-19.656394,0.100556,2.279279,-0.212845,-0.834352,-3.845045,284.88,3.94,80.58,-17.32,0.00,46.964244,2,0,0,0,0,,,,,,,,
5057,100742.703125,280.63,-12.224793,-0.699106,1.968033,-0.022348,-1.036555,-3.493851,284.88,3.95,80.68,-17.06,0.00,47.286006,2,0,0,0,0,,,,,,,,
5067,100746.656250,280.65,-9.490615,-1.034295,2.370259,0.224551,-1.121693,-3.180968,284.88,3.94,80.67,-16.90,0.00,46.964244,2,0,0,0,0,,,,,,,,
5077,100746.656250,280.65,-7.872135,-1.642422,2.001552,0.486350,-1.175968,-2.892563,285.12,3.95,80.67,-16.74,0.00,46.964244,2,0,0,0,0,,,,,,,,
5087,100746.656250,280.65,-7.077260,-1.695094,1.853112,0.737508,-1.243015,-2.646728,285.22,3.95,80.66,-16.58,0.00,46.964244,2,0,0,0,0,,,,,,,,
5097,100746.656250,280.65,-11.305419,-0.952892,2.695871,1.018463,-1.344116,-2.309368,285.07,3.95,80.66,-16.42,0.00,46.964244,2,0,0,0,0,,,,,,,,
5107,100746.656250,280.65,-12.722787,-1.422155,3.203441,1.475016,-1.522906,-1.731494,285.07,3.95,80.66,-16.26,0.00,46.964244,2,0,0,0,0,,,,,,,,
5117,100746.656250,280.65,-21.696254,-0.675164,5.109226,2.122064,-1.722980,-0.825838,284.97,3.94,80.67,-16.10,0.00,46.964244,2,0,0,0,0,,,,,,,,
5127,100765.796875,280.65,-9.825803,-2.130839,2.130839,2.637150,-1.844302,-0.232001,285.22,3.95,80.28,-16.31,0.00,45.406448,2,0,0,0,0,,,,,,,,
5137,100746.656250,280.65,-11.166556,-2.106897,2.906560,2.913848,-1.966688,0.055339,284.93,3.95,80.38,-16.06,0.00,46.964244,2,0,0,0,0,,,,,,,,
5147,100765.796875,280.65,-9.069235,-2.044648,2.523488,3.079867,-2.027348,0.286276,284.93,3.95,80.06,-16.21,0.00,45.406448,2,0,0,0,0,,,,,,,,
5157,100765.796875,280.65,-10.491392,-1.786074,2.681505,3.229923,-2.028413,0.590645,285.12,3.95,79.83,-16.28,0.00,45.406448,2,0,0,0,0,,,,,,,,
5167,100765.796875,280.65,-11.075576,-1.790862,2.600102,3.401263,-1.916669,1.013142,285.07,3.95,79.65,-16.30,0.00,45.406448,2,0,0,0,0,,,,,,,,
5177,100784.953125,280.65,-10.165780,-1.541865,2.398990,3.492787,-1.727237,1.455860,284.93,3.95,79.13,-16.64,0.00,43.847618,2,0,0,0,0,,,,,,,,
5187,100784.953125,280.65,-11.118672,-1.273715,2.370259,3.513007,-1.406905,1.920926,284.97,3.95,78.73,-16.87,0.00,43.847618,2,0,0,0,0,,,,,,,,
5197,100784.953125,280.65,-9.481039,-1.383848,2.279279,3.488530,-0.957802,2.261478,284.88,3.95,78.43,-16.99,0.00,43.847618,2,0,0,0,0,,,,,,,,
5207,100784.953125,280.65,-8.044517,-1.254561,2.518700,3.514071,-0.521470,2.356194,285.12,3.95,78.21,-17.04,0.00,43.847618,2,0,0,0,0,,,,,,,,
5217,100804.093750,280.65,-6.086060,-1.944091,3.002328,3.551319,-0.163890,2.346616,285.22,3.93,77.65,-17.42,0.00,42.290298,2,0,0,0,0,,,,,,,,
5227,100804.093750,280.65,-5.722141,-0.636857,2.250549,3.556640,0.138349,2.302983,284.93,3.93,77.23,-17.66,0.00,42.290298,2,0,0,0,0,,,,,,,,
5237,100800.140625,280.63,-6.842628,-0.105344,1.719036,3.501300,0.415047,2.272120,284.97,3.92,76.99,-17.72,0.00,42.611915,2,0,0,0,0,,,,,,,,
5247,100804.093750,280.65,-7.292738,-0.177170,2.308010,3.530035,0.760921,2.228487,284.93,3.92,76.73,-17.80,0.00,42.290298,2,0,0,0,0,,,,,,,,
5257,100804.093750,280.65,-11.415553,0.766144,2.130839,3.567282,1.366465,2.192303,285.22,3.92,76.54,-17.82,0.00,42.290298,2,0,0,0,0,,,,,,,,
5267,100804.093750,280.65,-15.418658,1.221042,2.384624,3.632200,2.360451,2.278506,284.78,3.91,76.39,-17.78,0.00,42.290298,2,0,0,0,0,,,,,,,,
5277,100804.093750,280.65,-14.413093,0.890643,3.529053,3.625815,3.153299,2.456231,284.93,3.91,76.28,-17.72,0.00,42.290298,2,0,0,0,0,,,,,,,,
5287,100784.953125,280.65,-12.363656,1.034295,2.748543,3.568346,3.563025,2.526470,284.97,3.91,76.59,-17.25,0.00,43.847618,2,0,0,0,0,,,,,,,,
5297,100784.953125,280.65,-11.061211,-0.272938,5.104437,3.598145,3.782256,2.458360,284.78,3.90,76.82,-16.86,-0.00,43.847618,2,0,0,0,0,,,,,,,,
5307,100784.953125,280.65,-8.379705,0.272938,2.959233,3.504493,3.707760,2.197624,284.93,3.91,77.00,-16.52,-0.00,43.847618,2,0,0,0,0,,,,,,,,
5317,100784.953125,280.65,-6.751648,1.316810,1.340752,3.183097,3.531099,2.025220,284.88,3.91,77.14,-16.23,-0.00,43.847618,2,0,0,0,0,,,,,,,,
5327,100765.796875,280.65,-6.105214,1.326387,1.259350,2.872343,3.350180,1.878357,284.93,3.91,77.63,-15.59,-0.00,45.406448,2,0,0,0,0,,,,,,,,
5337,100784.953125,280.65,-5.243301,1.383848,0.981622,2.605223,3.211831,1.744265,284.93,3.91,77.62,-15.45,-0.00,43.847618,2,0,0,0,0,,,,,,,,
5347,100765.796875,280.65,-7.369352,2.111685,0.766144,2.284891,3.087317,1.569732,284.93,3.91,78.00,-14.93,-0.00,45.406448,2,0,0,0,0,,,,,,,,
5357,100765.796875,280.65,-6.248866,1.666364,-0.421379,1.895385,2.933004,1.327088,284.97,3.91,78.28,-14.51,-0.00,45.406448,2,0,0,0,0,,,,,,,,
5367,100765.796875,280.65,-8.355763,1.795651,-0.028730,1.506942,2.747829,1.070610,284.97,3.90,78.50,-14.15,-0.00,45.406448,2,0,0,0,0,,,,,,,,
5377,100765.796875,280.65,-9.916783,1.733402,0.387860,1.029105,2.425369,0.755599,284.97,3.91,78.67,-13.85,-0.00,45.406448,2,0,0,0,0,,,,,,,,
5387,100765.796875,280.65,-6.799532,1.752555,-0.062249,0.605544,2.134835,0.526791,284.93,3.90,78.80,-13.60,-0.00,45.406448,2,0,0,0,0,,,,,,,,
5397,100784.953125,280.65,-4.989516,1.723825,-1.431732,0.302239,2.003936,0.428882,284.93,3.91,78.51,-13.74,-0.00,43.847618,2,0,0,0,0,,,,,,,,
5407,100765.796875,280.65,-6.277596,2.001552,-1.948880,-0.075559,1.808118,0.312882,284.78,3.90,78.68,-13.45,-0.00,45.406448,2,0,0,0,0,,,,,,,,
5417,100765.796875,280.65,-5.659892,2.082955,-1.527500,-0.410790,1.624007,0.203267,284.78,3.92,78.81,-13.19,-0.00,45.406448,2,0,0,0,0,,,,,,,,
5427,100765.796875,280.65,-5.932831,2.178723,-2.106897,-0.817324,1.421804,0.064917,284.93,3.94,78.91,-12.97,-0.00,45.406448,2,0,0,0,0,,,,,,,,
5437,100765.796875,280.65,-6.042964,2.298433,-1.872265,-1.264299,1.248336,-0.110679,285.22,3.94,78.98,-12.77,-0.00,45.406448,2,0,0,0,0,,,,,,,,
5447,100765.796875,280.65,-5.252878,2.006340,-2.231395,-1.662319,1.150427,-0.247964,284.93,3.94,79.04,-12.59,-0.00,45.406448,2,0,0,0,0,,,,,,,,
5457,100746.656250,280.65,-4.879383,2.030282,-1.431732,-1.978394,1.073803,-0.341616,284.88,3.94,79.48,-12.04,-0.00,46.964244,2,0,0,0,0,,,,,,,,
5467,100765.796875,280.65,-4.553771,2.408566,-2.240972,-2.311496,0.996114,-0.363965,284.93,3.94,79.42,-11.98,-0.00,45.406448,2,0,0,0,0,,,,,,,,
5477,100765.796875,280.65,-4.280832,1.910572,-1.321599,-2.615865,0.919490,-0.423561,285.22,3.95,79.37,-11.91,-0.00,45.406448,2,0,0,0,0,,,,,,,,
5487,100765.796875,280.65,-6.033388,1.819593,-0.948103,-2.952160,0.833288,-0.569360,285.07,3.95,79.34,-11.82,-0.00,45.406448,2,0,0,0,0,,,,,,,,
5497,100765.796875,280.65,-7.584830,1.872265,-1.307234,-3.474695,0.627892,-0.887563,284.93,3.95,79.32,-11.73,-0.00,45.406448,2,0,0,0,0,,,,,,,,
5507,100784.953125,280.65,-9.782708,1.790862,-1.302445,-4.206881,0.289469,-1.360079,284.88,3.95,78.91,-12.01,-0.00,43.847618,2,0,0,0,0,,,,,,,,
5517,100804.093750,280.65,-10.783484,1.656787,-1.623268,-5.332832,-0.273505,-1.957110,284.93,3.96,78.22,-12.57,-0.00,42.290298,2,0,0,0,0,,,,,,,,
5527,100804.093750,280.65,-12.583924,1.125274,-0.938527,-6.173570,-0.684296,-2.365772,284.88,3.96,77.69,-12.96,-0.00,42.290298,2,0,0,0,0,,,,,,,,
5537,100804.093750,280.65,-10.979808,0.790086,-0.723048,-6.884472,-0.892884,-2.751021,284.93,3.95,77.30,-13.22,-0.00,42.290298,2,0,0,0,0,,,,,,,,
5547,100823.250000,280.65,-9.006986,0.545877,-0.067037,-7.240987,-0.856701,-3.043684,284.93,3.95,76.61,-13.76,0.00,40.731948,2,0,0,0,0,,,,,,,,
5557,100823.250000,280.65,-6.449979,-0.723048,0.119710,-7.415521,-0.685361,-3.235244,284.88,3.96,76.09,-14.13,0.00,40.731948,2,0,0,0,0,,,,,,,,
5567,100842.406250,280.65,-5.588066,-0.565031,0.569819,-7.468732,-0.421433,-3.334217,284.97,3.95,75.30,-14.75,0.00,39.173839,2,0,0,0,0,,,,,,,,
5577,100842.406250,280.65,-6.100425,-0.952892,0.684741,-7.476181,-0.130899,-3.427869,284.88,3.96,74.71,-15.18,0.00,39.173839,2,0,0,0,0,,,,,,,,
5587,100842.406250,280.65,-8.681375,-1.082179,1.594538,-7.476181,0.158569,-3.588567,284.93,3.96,74.26,-15.47,0.00,39.173839,2,0,0,0,0,,,,,,,,
5597,100842.406250,280.65,-10.788272,-1.249773,1.259350,-7.557063,0.360772,-3.777999,284.93,3.96,73.92,-15.65,0.00,39.173839,2,0,0,0,0,,,,,,,,
5607,100861.546875,280.65,-12.732364,-1.398213,1.254561,-7.598567,0.582131,-3.905706,284.93,3.96,73.28,-16.12,0.00,37.617240,2,0,0,0,0,,,,,,,,
5617,100838.437500,280.63,-8.054094,-1.848323,0.646434,-7.562384,0.879050,-3.929119,285.12,3.93,73.26,-15.98,0.00,39.496623,2,0,0,0,0,,,,,,,,
5627,100861.546875,280.65,-10.333374,-2.451662,1.364694,-7.548549,1.123821,-3.871651,284.93,3.93,72.78,-16.29,0.00,37.617240,2,0,0,0,0,,,,,,,,
5637,100861.546875,280.65,-14.944606,-1.924938,2.384624,-7.540035,1.236629,-3.772678,284.93,3.92,72.42,-16.49,0.00,37.617240,2,0,0,0,0,,,,,,,,
5647,100861.546875,280.65,-19.709068,-1.991975,3.332728,-7.483631,1.181290,-3.515135,284.88,3.92,72.14,-16.59,0.00,37.617240,2,0,0,0,0,,,,,,,,
5657,100861.546875,280.65,-22.419303,-1.805227,3.394978,-7.315484,0.969509,-3.089445,284.97,3.92,71.94,-16.63,0.00,37.617240,2,0,0,0,0,,,,,,,,
5667,100861.546875,280.65,-9.174580,-2.738966,0.454898,-7.183520,0.815196,-2.771242,285.07,3.92,71.78,-16.62,0.00,37.617240,2,0,0,0,0,,,,,,,,
5677,100838.437500,280.63,-5.588066,-3.361459,0.632069,-7.107959,0.872664,-2.650984,284.93,3.91,72.13,-16.12,0.00,39.496623,2,0,0,0,0,,,,,,,,
5687,100823.250000,280.65,-5.702988,-3.342305,1.039083,-7.024950,0.904591,-2.550947,284.78,3.91,72.71,-15.41,0.00,40.731948,2,0,0,0,0,,,,,,,,
5697,100838.437500,280.63,-6.756437,-3.150769,1.235408,-6.912142,0.833288,-2.381736,284.97,3.91,72.84,-15.13,-0.00,39.496623,2,0,0,0,0,,,,,,,,
5707,100842.406250,280.65,-7.086836,-3.198653,1.015141,-6.759958,0.749214,-2.175276,284.93,3.91,72.86,-14.97,-0.00,39.173839,2,0,0,0,0,,,,,,,,
5717,100838.437500,280.63,-10.457872,-2.700659,2.011129,-6.487516,0.491672,-1.824082,285.22,3.91,72.95,-14.73,-0.00,39.496623,2,0,0,0,0,,,,,,,,
5727,100842.406250,280.65,-8.303091,-2.284068,0.330399,-6.059698,0.147927,-1.359015,284.88,3.91,72.95,-14.59,-0.00,39.173839,2,0,0,0,0,,,,,,,,
5737,100823.250000,280.65,-10.376469,-2.336740,0.995987,-5.615916,-0.229872,-0.885435,284.97,3.90,73.33,-14.08,-0.00,40.731948,2,0,0,0,0,,,,,,,,
5747,100857.593750,280.63,-11.314996,-2.317587,1.139639,-5.150849,-0.620443,-0.391634,284.97,3.91,72.93,-14.33,-0.00,37.938705,2,0,0,0,0,,,,,,,,
5757,100838.437500,280.63,-10.658986,-2.743755,0.799663,-4.856059,-0.851380,0.030862,284.78,3.90,73.01,-14.11,-0.00,39.496623,2,0,0,0,0,,,,,,,,
5767,100842.406250,280.65,-12.957419,-2.614468,1.039083,-4.577232,-1.144042,0.471451,284.88,3.91,73.00,-13.99,-0.00,39.173839,2,0,0,0,0,,,,,,,,
5777,100857.593750,280.63,-10.055646,-2.173935,-0.804451,-4.485709,-1.473951,0.733251,284.97,3.91,72.68,-14.16,-0.00,37.938705,2,0,0,0,0,,,,,,,,
5787,100842.406250,280.65,-6.258443,-1.953668,-1.551442,-4.535727,-1.638906,0.792847,285.12,3.90,72.74,-13.96,-0.00,39.173839,2,0,0,0,0,,,,,,,,
5797,100857.593750,280.63,-4.635174,-2.312798,-3.131615,-4.655985,-1.591016,0.780077,284.93,3.90,72.49,-14.07,-0.00,37.938705,2,0,0,0,0,,,,,,,,
5807,100857.593750,280.63,-5.616796,-1.833958,-3.327940,-4.819875,-1.469694,0.756664,285.07,3.90,72.29,-14.12,-0.00,37.938705,2,0,0,0,0,,,,,,,,
5817,100857.593750,280.63,-6.526593,-1.426944,-3.677493,-5.081675,-1.350501,0.836480,285.07,3.92,72.15,-14.13,-0.00,37.938705,2,0,0,0,0,,,,,,,,
5827,100876.750000,280.63,-6.708552,-1.345541,-1.498770,-5.346667,-1.298354,0.947160,284.88,3.94,71.65,-14.47,-0.00,36.381023,2,0,0,0,0,,,,,,,,
5837,100857.593750,280.63,-4.419696,-1.719036,-1.067813,-5.428612,-1.295162,0.973766,285.12,3.94,71.66,-14.32,-0.00,37.938705,2,0,0,0,0,,,,,,,,
5847,100880.703125,280.65,-4.165910,-1.321599,-1.651999,-5.529714,-1.294097,1.007821,284.93,3.94,71.21,-14.63,0.00,36.059608,2,0,0,0,0,,,,,,,,
5857,100857.593750,280.63,-6.971915,-1.206677,-0.986411,-5.634007,-1.347308,1.035491,285.12,3.95,71.33,-14.37,-0.00,37.938705,2,0,0,0,0,,,,,,,,
5867,100899.843750,280.65,-11.654973,-0.756567,-0.622492,-5.734045,-1.516520,1.190868,284.78,3.95,70.57,-14.97,0.00,34.503486,2,0,0,0,0,,,,,,,,
5877,100880.703125,280.65,-17.137695,-0.770932,0.268150,-5.852173,-1.990101,1.328153,285.07,3.95,70.38,-15.01,0.00,36.059608,2,0,0,0,0,,,,,,,,
5887,100876.750000,280.63,-15.653290,-0.727837,-2.571372,-6.094817,-2.525406,1.410098,285.07,3.94,70.31,-14.92,0.00,36.381023,2,0,0,0,0,,,,,,,,
5897,100899.843750,280.65,-11.190498,-0.823605,-3.543418,-6.289570,-2.602030,1.470759,284.88,3.95,69.80,-15.27,0.00,34.503486,2,0,0,0,0,,,,,,,,
5907,100876.750000,280.63,-8.853757,-0.507570,-3.706224,-6.569461,-2.661627,1.546319,285.22,3.95,69.88,-15.05,0.00,36.381023,2,0,0,0,0,,,,,,,,
5917,100915.046875,280.63,-5.923254,-0.014365,-5.789179,-7.041977,-2.610544,1.612301,284.88,3.95,69.16,-15.60,0.00,33.267650,2,0,0,0,0,,,,,,,,
5927,100899.843750,280.65,-4.419696,-0.818816,-4.209006,-7.497466,-2.505186,1.613365,284.88,3.96,68.93,-15.67,0.00,34.503486,2,0,0,0,0,,,,,,,,
5937,100915.046875,280.63,-6.540958,-0.119710,-3.849876,-7.899743,-2.422176,1.593145,284.97,3.95,68.45,-15.99,0.00,33.267650,2,0,0,0,0,,,,,,,,
5947,100899.843750,280.65,-9.964667,0.550666,-5.406107,-8.475489,-2.306175,1.671897,285.07,3.95,68.39,-15.89,0.00,34.503486,2,0,0,0,0,,,,,,,,
5957,100915.046875,280.63,-8.269572,-1.393425,-4.256890,-8.857545,-2.084817,1.639971,284.93,3.95,68.04,-16.07,0.00,33.267650,2,0,0,0,0,,,,,,,,
5967,100919.000000,280.65,-5.458779,-1.929726,-3.423708,-9.066134,-1.954981,1.480337,284.97,3.95,67.70,-16.25,0.00,32.946334,2,0,0,0,0,,,,,,,,
5977,100938.156250,280.65,-8.159439,-1.388636,-3.457227,-9.272594,-1.700631,1.304739,285.22,3.96,67.05,-16.72,0.00,31.389421,2,0,0,0,0,,,,,,,,
5987,100915.046875,280.63,-14.106636,-1.546654,-1.929726,-9.448191,-1.258978,1.101473,285.07,3.96,67.03,-16.58,0.00,33.267650,2,0,0,0,0,,,,,,,,
5997,100957.296875,280.65,-13.077129,-1.489193,-2.006340,-9.576962,-1.017399,0.921618,284.93,3.96,66.16,-17.27,0.00,29.834016,2,0,0,0,0,,,,,,,,
6007,100934.187500,280.63,-16.950946,-1.699883,0.837970,-9.697218,-1.026977,0.924811,285.12,3.95,65.97,-17.28,0.00,31.711957,2,0,0,0,0,,,,,,,,
6017,100957.296875,280.65,-15.911864,-0.699106,0.349553,-9.686577,-1.197253,1.041876,284.93,3.93,65.35,-17.71,0.00,29.834016,2,0,0,0,0,,,,,,,,
6027,100957.296875,280.65,-8.714894,-1.632845,-0.210689,-9.620595,-1.261106,1.182354,285.07,3.92,64.89,-17.99,0.00,29.834016,2,0,0,0,0,,,,,,,,
6037,100938.156250,280.65,-4.826710,-1.450886,-1.489193,-9.533329,-1.283455,1.246207,284.78,3.92,64.93,-17.77,0.00,31.389421,2,0,0,0,0,,,,,,,,
6047,100915.046875,280.63,-5.779603,-1.369483,0.493205,-9.385401,-1.359015,1.284519,284.97,3.92,65.43,-17.12,0.00,33.267650,2,0,0,0,0,,,,,,,,
6057,100953.343750,280.63,-10.290278,-1.522712,1.680729,-9.205547,-1.565475,1.370722,284.93,3.92,65.03,-17.34,0.00,30.155235,2,0,0,0,0,,,,,,,,
6067,100934.187500,280.63,-8.896853,-1.771709,1.613691,-9.058685,-1.829403,1.399456,285.22,3.91,65.12,-17.08,0.00,31.711957,2,0,0,0,0,,,,,,,,
6077,100957.296875,280.65,-5.841852,-1.589749,1.465251,-8.946940,-1.920926,1.284519,284.93,3.91,64.72,-17.30,0.00,29.834016,2,0,0,0,0,,,,,,,,
6087,100934.187500,280.63,-3.371036,-1.886630,0.742202,-8.887344,-1.958174,1.133399,284.93,3.91,64.89,-16.97,0.00,31.711957,2,0,0,0,0,,,,,,,,
6097,100938.156250,280.65,-4.908113,-1.618480,0.665588,-8.841583,-1.936889,0.978022,284.93,3.91,64.93,-16.76,0.00,31.389421,2,0,0,0,0,,,,,,,,
6107,100953.343750,280.63,-10.156203,-1.800439,0.890643,-8.764958,-1.772999,0.749214,284.93,3.91,64.66,-16.86,0.00,30.155235,2,0,0,0,0,,,,,,,,
6117,100957.296875,280.65,-14.480132,-1.446097,1.283292,-8.612773,-1.419676,0.558718,285.07,3.91,64.38,-16.98,0.00,29.834016,2,0,0,0,0,,,,,,,,
6127,100957.296875,280.65,-17.669208,-1.551442,2.389413,-8.508480,-1.211088,0.573617,284.88,3.92,64.17,-17.02,0.00,29.834016,2,0,0,0,0,,,,,,,,
6137,100953.343750,280.63,-9.787496,-2.006340,0.612915,-8.476553,-1.188739,0.615122,284.93,3.91,64.08,-16.93,0.00,30.155235,2,0,0,0,0,,,,,,,,
6147,100953.343750,280.63,-12.574347,-2.748543,-0.306457,-8.496773,-1.135528,0.591709,285.22,3.90,64.02,-16.83,0.00,30.155235,2,0,0,0,0,,,,,,,,
6157,100953.343750,280.63,-12.842497,-1.374271,-0.761356,-8.280735,-0.719416,0.674718,284.93,3.90,63.98,-16.71,-0.00,30.155235,2,0,0,0,0,,,,,,,,
6167,100953.343750,280.63,-7.110778,-2.346317,3.083731,-8.072147,-0.477837,0.736443,285.07,3.90,63.95,-16.58,-0.00,30.155235,2,0,0,0,0,,,,,,,,
6177,100972.484375,280.63,-6.799532,-2.686294,1.326387,-7.959340,-0.421433,0.764113,285.07,3.90,63.54,-16.81,0.00,28.600019,2,0,0,0,0,,,,,,,,
6187,100957.296875,280.65,-6.550535,-1.857900,3.093308,-7.817798,-0.484222,0.780077,284.93,3.90,63.53,-16.65,-0.00,29.834016,2,0,0,0,0,,,,,,,,
6197,100957.296875,280.65,-14.398728,-2.327163,8.030152,-7.587925,-0.880114,0.932261,285.22,3.90,63.53,-16.49,-0.00,29.834016,2,0,0,0,0,,,,,,,,
6207,100934.187500,280.63,-9.883264,-7.714117,8.695740,-7.007923,-1.004628,0.696003,285.07,3.90,64.00,-15.88,-0.00,31.711957,2,0,0,0,0,,,,,,,,
6217,100953.343750,280.63,-7.738059,-2.925714,11.180921,-6.432177,-1.558025,0.196881,284.97,3.92,63.97,-15.75,-0.00,30.155235,2,0,0,0,0,,,,,,,,
6227,100976.453125,280.65,-8.690952,-3.782838,7.881711,-5.944761,-1.920926,-0.040440,284.93,3.93,63.48,-16.08,-0.00,28.277580,2,0,0,0,0,,,,,,,,
6237,100953.343750,280.63,-7.580042,-0.536301,6.402095,-5.624430,-2.124193,-0.128771,284.93,3.94,63.58,-15.83,-0.00,30.155235,2,0,0,0,0,,,,,,,,
6247,100957.296875,280.65,-11.659762,-0.536301,6.454767,-5.373273,-2.069917,-0.021284,285.07,3.94,63.57,-15.68,-0.00,29.834016,2,0,0,0,0,,,,,,,,
6257,100972.484375,280.63,-8.422801,-0.105344,7.043741,-5.222153,-1.974137,0.153248,285.12,3.95,63.26,-15.83,-0.00,28.600019,2,0,0,0,0,,,,,,,,
6267,100972.484375,280.63,-12.124237,-0.019153,9.002198,-5.082739,-2.012449,0.462937,285.07,3.95,63.03,-15.90,-0.00,28.600019,2,0,0,0,0,,,,,,,,
6277,100957.296875,280.65,-13.484144,0.818816,8.738836,-4.822004,-2.013514,0.913105,284.93,3.95,63.16,-15.62,-0.00,29.834016,2,0,0,0,0,,,,,,,,
6287,100953.343750,280.63,-7.723694,-0.215478,5.889736,-4.574039,-2.050761,1.253657,285.22,3.95,63.34,-15.29,-0.00,30.155235,2,0,0,0,0,,,,,,,,
6297,100972.484375,280.63,-7.278373,-2.940079,3.289633,-4.339910,-2.127386,1.380300,284.88,3.95,63.09,-15.39,-0.00,28.600019,2,0,0,0,0,,,,,,,,
6307,100953.343750,280.63,-5.252878,-1.201889,4.697423,-4.113230,-2.176340,1.402648,284.93,3.95,63.29,-15.04,-0.00,30.155235,2,0,0,0,0,,,,,,,,
6317,100976.453125,280.65,-4.228159,-1.963245,5.410895,-3.820568,-2.290212,1.396263,284.93,3.95,62.97,-15.20,-0.00,28.277580,2,0,0,0,0,,,,,,,,
6327,100972.484375,280.63,-4.616020,-2.212242,6.344634,-3.441704,-2.392378,1.287712,285.07,3.95,62.81,-15.21,-0.00,28.600019,2,0,0,0,0,,,,,,,,
6337,100995.593750,280.65,-5.420472,-2.944868,8.063671,-2.919169,-2.443460,1.165326,284.93,3.96,62.23,-15.63,-0.00,26.722654,2,0,0,0,0,,,,,,,,
6347,100976.453125,280.65,-5.616796,-3.193865,8.394070,-2.324267,-2.453038,0.996114,285.22,3.96,62.17,-15.53,-0.00,28.277580,2,0,0,0,0,,,,,,,,
6357,100976.453125,280.65,-5.870582,-3.600879,8.949525,-1.704888,-2.379607,0.814132,284.88,3.95,62.13,-15.42,-0.00,28.277580,2,0,0,0,0,,,,,,,,
6367,100991.640625,280.63,-3.983951,-3.227383,6.847416,-1.155748,-2.358322,0.675782,284.93,3.96,61.79,-15.60,-0.00,27.043775,2,0,0,0,0,,,,,,,,
6377,100991.640625,280.63,-7.048529,-2.978386,6.397306,-0.751343,-2.177404,0.611929,284.88,3.95,61.54,-15.70,-0.00,27.043775,2,0,0,0,0,,,,,,,,
6387,100991.640625,280.63,-10.922348,-2.786850,6.095637,-0.406534,-1.601658,0.733251,284.88,3.95,61.35,-15.73,-0.00,27.043775,2,0,0,0,0,,,,,,,,
6397,100991.640625,280.63,-9.423577,-3.016694,6.804321,-0.018091,-0.943967,0.883306,285.22,3.96,61.20,-15.72,-0.00,27.043775,2,0,0,0,0,,,,,,,,
6407,101010.781250,280.63,-7.714117,-2.767697,6.703764,0.358643,-0.537433,0.946096,285.22,3.96,60.71,-16.05,0.00,25.489036,2,0,0,0,0,,,,,,,,
6417,100991.640625,280.63,-6.804321,-3.179499,6.148309,0.724737,-0.222423,1.028041,284.88,3.94,60.72,-15.88,0.00,27.043775,2,0,0,0,0,,,,,,,,
6427,101014.750000,280.65,-5.267243,-2.844311,5.626373,1.025913,-0.065981,1.114243,284.68,3.92,60.26,-16.17,0.00,25.166696,2,0,0,0,0,,,,,,,,
6437,101010.781250,280.63,-6.794744,-2.772485,6.296750,1.285583,0.122385,1.214280,284.97,3.92,60.00,-16.27,0.00,25.489036,2,0,0,0,0,,,,,,,,
6447,101010.781250,280.63,-5.880159,-2.394201,6.224924,1.534612,0.308625,1.321767,284.93,3.92,59.80,-16.30,0.00,25.489036,2,0,0,0,0,,,,,,,,
6457,101014.750000,280.65,-6.593631,-2.351105,6.761225,1.760228,0.519341,1.406905,285.07,3.92,59.57,-16.37,0.00,25.166696,2,0,0,0,0,,,,,,,,
6467,101010.781250,280.63,-5.219359,-2.250549,6.239289,1.982651,0.571488,1.443089,285.12,3.91,59.47,-16.30,0.00,25.489036,2,0,0,0,0,,,,,,,,
6477,101014.750000,280.65,-9.299078,-2.212242,6.564900,2.196560,0.873728,1.550576,285.22,3.91,59.32,-16.29,0.00,25.166696,2,0,0,0,0,,,,,,,,
6487,101014.750000,280.65,-7.536946,-1.781286,6.924031,2.399827,1.204702,1.660191,285.12,3.92,59.21,-16.24,0.00,25.166696,2,0,0,0,0,,,,,,,,
6497,101010.781250,280.63,-11.334150,-0.665588,6.320692,2.545626,1.522906,1.731494,285.07,3.91,59.21,-16.08,0.00,25.489036,2,0,0,0,0,,,,,,,,
6507,101014.750000,280.65,-12.157755,-0.090979,6.742072,2.779756,2.138028,1.731494,285.22,3.91,59.13,-16.01,-0.00,25.166696,2,0,0,0,0,,,,,,,,
6517,101014.750000,280.65,-13.244723,-0.158017,7.613561,3.085188,2.712709,1.614429,285.07,3.91,59.07,-15.91,-0.00,25.166696,2,0,0,0,0,,,,,,,,
6527,101014.750000,280.65,-11.295843,0.229843,8.226476,3.436383,3.129886,1.463309,284.73,3.91,59.02,-15.80,-0.00,25.166696,2,0,0,0,0,,,,,,,,
6537,101029.937500,280.63,-8.542511,0.047884,7.484274,3.708824,3.358694,1.317510,284.97,3.91,58.68,-15.98,-0.00,23.933269,2,0,0,0,0,,,,,,,,
6547,101033.906250,280.65,-6.378153,-0.081402,6.215347,3.898257,3.441704,1.149363,284.88,3.91,58.34,-16.15,0.00,23.610979,2,0,0,0,0,,,,,,,,
6557,101010.781250,280.63,-7.508216,0.536301,5.894524,4.067468,3.493851,0.923747,284.88,3.91,58.56,-15.79,-0.00,25.489036,2,0,0,0,0,,,,,,,,
6567,101029.937500,280.63,-5.037400,0.167594,5.348646,4.214331,3.464052,0.653434,284.78,3.90,58.33,-15.85,-0.00,23.933269,2,0,0,0,0,,,,,,,,
6577,101029.937500,280.63,-4.898536,1.077390,5.276820,4.251579,3.295905,0.460809,284.93,3.90,58.16,-15.86,-0.00,23.933269,2,0,0,0,0,,,,,,,,
6587,101010.781250,280.63,-8.149862,0.928950,4.429273,4.226038,3.134143,0.250092,284.88,3.90,58.42,-15.45,-0.00,25.489036,2,0,0,0,0,,,,,,,,
6597,101029.937500,280.63,-10.453083,1.187524,4.702211,4.122808,2.861701,0.019156,284.88,3.90,58.23,-15.49,-0.00,23.933269,2,0,0,0,0,,,,,,,,
6607,101010.781250,280.63,-13.220781,1.436521,4.280832,3.893999,2.456231,-0.192624,284.88,3.91,58.48,-15.10,-0.00,25.489036,2,0,0,0,0,,,,,,,,
6617,101029.937500,280.63,-14.480132,1.422155,3.567360,3.559833,1.944339,-0.422497,284.88,3.92,58.28,-15.15,-0.00,23.933269,2,0,0,0,0,,,,,,,,
6627,101053.046875,280.65,-16.098611,2.078166,2.293645,2.843609,1.312189,-0.840737,285.12,3.93,57.66,-15.60,-0.00,22.056768,2,0,0,0,0,,,,,,,,
6637,101049.093750,280.63,-11.516110,1.450886,1.561019,2.010321,0.709838,-1.279198,284.88,3.94,57.27,-15.82,0.00,22.377740,2,0,0,0,0,,,,,,,,
6647,101010.781250,280.63,-9.236829,1.632845,1.106121,1.530355,0.352258,-1.526098,285.07,3.94,57.76,-15.20,-0.00,25.489036,2,0,0,0,0,,,,,,,,
6657,101068.234375,280.63,-8.001421,1.742978,2.240972,1.197253,0.069174,-1.598466,285.22,3.94,56.96,-15.83,0.00,20.823719,2,0,0,0,0,,,,,,,,
6667,101053.046875,280.65,-10.065223,1.762132,1.857900,0.895013,-0.251157,-1.598466,284.97,3.94,56.67,-15.96,0.00,22.056768,2,0,0,0,0,,,,,,,,
6677,101049.093750,280.63,-9.021351,1.963245,2.126051,0.632149,-0.545947,-1.534612,284.97,3.95,56.52,-15.94,0.00,22.377740,2,0,0,0,0,,,,,,,,
6687,101049.093750,280.63,-8.734047,1.714248,2.671929,0.528919,-0.721544,-1.436704,285.07,3.96,56.42,-15.89,0.00,22.377740,2,0,0,0,0,,,,,,,,
6697,101049.093750,280.63,-13.733140,1.441309,2.676717,0.423561,-0.838609,-1.372850,285.12,3.95,56.34,-15.81,0.00,22.377740,2,0,0,0,0,,,,,,,,
6707,101072.203125,280.65,-12.564770,1.321599,3.074154,0.338423,-1.081252,-1.288776,284.93,3.95,55.81,-16.17,0.00,20.501527,2,0,0,0,0,,,,,,,,
6717,101087.390625,280.63,-12.469001,1.149216,2.911349,0.233065,-1.439896,-1.214280,284.93,3.95,55.10,-16.70,0.00,19.268667,2,0,0,0,0,,,,,,,,
6727,101072.203125,280.65,-15.614983,1.561019,3.485957,0.085138,-1.863458,-1.170647,285.07,3.95,54.88,-16.76,0.00,20.501527,2,0,0,0,0,,,,,,,,
6737,101068.234375,280.63,-14.954183,1.355118,3.524264,0.021284,-2.218909,-1.071674,284.78,3.95,54.79,-16.68,0.00,20.823719,2,0,0,0,0,,,,,,,,
6747,101091.343750,280.65,-11.166556,0.493205,2.279279,0.129835,-2.446653,-0.889692,285.12,3.96,54.25,-17.04,0.00,18.947792,2,0,0,0,0,,,,,,,,
6757,101068.234375,280.63,-12.885593,1.067813,3.351882,0.344808,-2.630764,-0.554461,284.88,3.96,54.32,-16.81,0.00,20.823719,2,0,0,0,0,,,,,,,,
6767,101049.093750,280.63,-9.600749,0.239420,3.165134,0.527855,-2.738251,-0.220294,284.97,3.95,54.75,-16.22,0.00,22.377740,2,0,0,0,0,,,,,,,,
6777,101072.203125,280.65,-7.364564,0.320823,3.160346,0.649177,-2.793591,0.024477,284.97,3.96,54.62,-16.20,-0.00,20.501527,2,0,0,0,0,,,,,,,,
6787,101068.234375,280.63,-10.022128,0.723048,2.892195,0.758792,-2.809554,0.237322,285.07,3.96,54.60,-16.06,-0.00,20.823719,2,0,0,0,0,,,,,,,,
6797,101087.390625,280.63,-13.852850,0.320823,2.202665,0.887563,-2.688232,0.544883,285.07,3.95,54.19,-16.30,0.00,19.268667,2,0,0,0,0,,,,,,,,
6807,101091.343750,280.65,-15.974113,1.388636,2.537853,0.989729,-2.482837,0.919490,284.78,3.96,53.81,-16.51,0.00,18.947792,2,0,0,0,0,,,,,,,,
6817,101072.203125,280.65,-17.832014,0.723048,3.734954,1.138720,-2.169955,1.313253,285.07,3.94,53.91,-16.26,0.00,20.501527,2,0,0,0,0,,,,,,,,
6827,101106.531250,280.63,-14.920664,0.555454,1.991975,1.247271,-1.828338,1.503750,285.22,3.92,53.29,-16.70,0.00,17.715122,2,0,0,0,0,,,,,,,,
6837,101087.390625,280.63,-13.642161,0.962469,2.753331,1.396263,-1.339859,1.606980,284.88,3.92,53.21,-16.62,0.00,19.268667,2,0,0,0,0,,,,,,,,
6847,101087.390625,280.63,-18.579004,1.221042,3.859452,1.560154,-0.717287,1.627200,284.78,3.92,53.15,-16.51,0.00,19.268667,2,0,0,0,0,,,,,,,,
6857,101087.390625,280.63,-11.046846,1.187524,2.111685,1.682540,-0.170276,1.719787,284.97,3.92,53.10,-16.40,0.00,19.268667,2,0,0,0,0,,,,,,,,
6867,101087.390625,280.63,-7.809885,0.708683,2.638410,1.728301,0.050018,1.884742,284.93,3.91,53.07,-16.27,-0.00,19.268667,2,0,0,0,0,,,,,,,,
6877,101087.390625,280.63,-6.871358,1.177947,3.045424,1.755971,0.142606,2.066725,285.07,3.91,53.05,-16.13,-0.00,19.268667,2,0,0,0,0,,,,,,,,
6887,101087.390625,280.63,-8.801085,1.604115,3.198653,1.777256,0.229872,2.242322,285.12,3.91,53.03,-15.99,-0.00,19.268667,2,0,0,0,0,,,,,,,,
6897,101087.390625,280.63,-7.445967,1.623268,2.422932,1.759164,0.297983,2.396635,285.22,3.91,53.02,-15.85,-0.00,19.268667,2,0,0,0,0,,,,,,,,
6907,101087.390625,280.63,-9.725247,1.771709,2.930502,1.709145,0.387377,2.443460,284.93,3.91,53.01,-15.70,-0.00,19.268667,2,0,0,0,0,,,,,,,,
6917,101087.390625,280.63,-10.065223,2.102108,2.911349,1.624007,0.474644,2.355130,284.53,3.91,53.01,-15.55,-0.00,19.268667,2,0,0,0,0,,,,,,,,
6927,101087.390625,280.63,-7.158662,1.747767,2.193088,1.486722,0.459745,2.272120,284.93,3.91,53.00,-15.41,-0.00,19.268667,2,0,0,0,0,,,,,,,,
6937,101087.390625,280.63,-4.965574,1.939303,2.317587,1.400520,0.394827,2.285955,285.12,3.90,53.00,-15.26,-0.00,19.268667,2,0,0,0,0,,,,,,,,
6947,101087.390625,280.63,-5.789179,1.838746,1.915361,1.313253,0.358643,2.307240,284.93,3.90,53.00,-15.11,-0.00,19.268667,2,0,0,0,0,,,,,,,,
6957,101072.203125,280.65,-7.211335,2.466027,1.790862,1.208959,0.355451,2.313625,284.88,3.91,53.31,-14.66,-0.00,20.501527,2,0,0,0,0,,,,,,,,
6967,101068.234375,280.63,-10.438718,2.743755,1.589749,1.128078,0.443781,2.267863,285.07,3.90,53.63,-14.21,-0.00,20.823719,2,0,0,0,0,,,,,,,,
6977,101068.234375,280.63,-7.819462,2.935291,1.192312,1.071674,0.552332,2.252964,284.93,3.90,53.87,-13.84,-0.00,20.823719,2,0,0,0,0,,,,,,,,
6987,101068.234375,280.63,-7.211335,2.887407,1.302445,1.005692,0.584259,2.313625,285.22,3.90,54.05,-13.53,-0.00,20.823719,2,0,0,0,0,,,,,,,,
6997,101068.234375,280.63,-5.631162,2.815581,1.024718,0.951417,0.587452,2.401956,284.97,3.90,54.19,-13.26,-0.00,20.823719,2,0,0,0,0,,,,,,,,
7007,101068.234375,280.63,-4.936843,2.782062,0.751779,0.888628,0.583195,2.473259,284.88,3.91,54.30,-13.03,-0.00,20.823719,2,0,0,0,0,,,,,,,,
7017,101068.234375,280.63,-4.261679,3.145981,0.684741,0.851380,0.572553,2.514764,284.88,3.93,54.38,-12.82,-0.00,20.823719,2,0,0,0,0,,,,,,,,
7027,101068.234375,280.63,-4.256890,2.873042,0.316034,0.804554,0.555525,2.553076,285.07,3.93,54.44,-12.64,-0.00,20.823719,2,0,0,0,0,,,,,,,,
7037,101049.093750,280.63,-5.492298,3.466804,0.205901,0.749214,0.576810,2.540305,285.07,3.94,54.88,-12.09,-0.00,22.377740,2,0,0,0,0,,,,,,,,
7047,101049.093750,280.63,-6.555324,3.797203,-0.560243,0.614057,0.605544,2.407277,285.07,3.94,55.21,-11.65,-0.01,22.377740,2,0,0,0,0,,,,,,,,
7057,101049.093750,280.63,-7.005434,4.055777,0.009576,0.386313,0.593837,2.212524,284.97,3.94,55.46,-11.29,-0.01,22.377740,2,0,0,0,0,,,,,,,,
7067,101029.937500,280.63,-6.593631,4.180275,-0.598550,0.100037,0.548075,2.091202,284.88,3.94,56.04,-10.62,-0.01,23.933269,2,0,0,0,0,,,,,,,,
7077,101029.937500,280.63,-5.932831,4.165910,-0.694318,-0.147927,0.436332,2.017771,284.93,3.94,56.48,-10.09,-0.01,23.933269,2,0,0,0,0,,,,,,,,
7087,101029.937500,280.63,-4.778826,4.276044,-0.373495,-0.342680,0.318203,2.035862,284.88,3.95,56.82,-9.67,-0.01,23.933269,2,0,0,0,0,,,,,,,,
7097,101049.093750,280.63,-4.994304,4.194641,-0.378283,-0.568296,0.168147,2.055018,284.88,3.95,56.69,-9.70,-0.01,22.377740,2,0,0,0,0,,,,,,,,
7107,101029.937500,280.63,-5.463568,4.778826,-0.363918,-0.836480,-0.007449,2.031605,284.93,3.95,56.97,-9.33,-0.01,23.933269,2,0,0,0,0,,,,,,,,
7117,101049.093750,280.63,-6.689399,4.376600,-0.948103,-1.178097,-0.185175,1.919862,285.22,3.95,56.80,-9.40,-0.01,22.377740,2,0,0,0,0,,,,,,,,
7127,101049.093750,280.63,-9.289502,4.697423,-0.526724,-1.617622,-0.357579,1.566539,284.93,3.95,56.68,-9.44,-0.00,22.377740,2,0,0,0,0,,,,,,,,
7137,101049.093750,280.63,-8.863334,5.597643,1.283292,-1.931568,-0.359708,1.011013,285.07,3.96,56.58,-9.44,-0.00,22.377740,2,0,0,0,0,,,,,,,,
7147,101049.093750,280.63,-5.913678,4.903325,0.651222,-1.984779,-0.319267,0.732186,285.07,3.95,56.51,-9.42,-0.00,22.377740,2,0,0,0,0,,,,,,,,
7157,101029.937500,280.63,-5.137956,4.979939,0.100556,-2.042248,-0.333102,0.554461,284.97,3.95,56.84,-9.00,-0.00,23.933269,2,0,0,0,0,,,,,,,,
7167,101049.093750,280.63,-3.869029,5.032611,0.809240,-2.103973,-0.377799,0.560846,285.07,3.95,56.71,-9.04,-0.00,22.377740,2,0,0,0,0,,,,,,,,
7177,101049.093750,280.63,-3.758896,5.066130,0.876277,-2.079496,-0.438460,0.651305,284.97,3.95,56.61,-9.05,-0.00,22.377740,2,0,0,0,0,,,,,,,,
7187,101029.937500,280.63,-4.429273,4.793191,0.952892,-2.043312,-0.510828,0.666204,285.22,3.96,56.92,-8.66,-0.00,23.933269,2,0,0,0,0,,,,,,,,
7197,101049.093750,280.63,-5.176263,5.214570,1.130063,-2.003936,-0.548075,0.570424,285.07,3.95,56.77,-8.73,-0.00,22.377740,2,0,0,0,0,,,,,,,,
7207,101049.093750,280.63,-5.468356,4.788403,1.403002,-1.943275,-0.538497,0.378864,284.78,3.96,56.65,-8.75,-0.00,22.377740,2,0,0,0,0,,,,,,,,
7217,101068.234375,280.63,-5.607220,4.855441,2.528276,-1.867715,-0.501250,0.148991,285.07,3.93,56.18,-9.13,-0.00,20.823719,2,0,0,0,0,,,,,,,,
7227,101068.234375,280.63,-5.875370,4.414907,2.968810,-1.763421,-0.422497,-0.093651,285.07,3.92,55.82,-9.38,-0.00,20.823719,2,0,0,0,0,,,,,,,,
7237,101068.234375,280.63,-8.638279,5.099649,3.227383,-1.663383,-0.237322,-0.536369,284.93,3.92,55.55,-9.56,-0.00,20.823719,2,0,0,0,0,,,,,,,,
7247,101068.234375,280.63,-8.604761,4.932055,2.293645,-1.658062,-0.077688,-1.088702,284.88,3.92,55.35,-9.66,-0.00,20.823719,2,0,0,0,0,,,,,,,,
7257,101068.234375,280.63,-10.338162,4.817133,2.916137,-1.651677,0.058532,-1.586759,285.12,3.92,55.19,-9.72,-0.00,20.823719,2,0,0,0,0,,,,,,,,
7267,101102.562500,280.61,-9.758766,4.558559,3.457227,-1.578245,0.269248,-2.118872,284.93,3.91,54.38,-10.41,0.00,18.037225,2,0,0,0,0,,,,,,,,
7277,101087.390625,280.63,-8.470685,4.199429,3.222595,-1.369657,0.496993,-2.455167,285.12,3.91,54.08,-10.61,0.00,19.268667,2,0,0,0,0,,,,,,,,
7287,101106.531250,280.63,-7.522581,4.204217,3.557783,-1.210023,0.612993,-2.602030,284.88,3.91,53.46,-11.10,0.00,17.715122,2,0,0,0,0,,,,,,,,
7297,101125.687500,280.63,-6.406883,3.323151,3.849876,-1.131271,0.626828,-2.640342,284.88,3.91,52.60,-11.83,0.00,16.160547,2,0,0,0,0,,,,,,,,
7307,101125.687500,280.63,-5.252878,3.739742,3.351882,-1.063160,0.611929,-2.574360,284.93,3.91,51.95,-12.34,0.00,16.160547,2,0,0,0,0,,,,,,,,
7317,101102.562500,280.61,-5.257667,3.854664,2.111685,-0.995050,0.570424,-2.472195,284.93,3.91,51.93,-12.24,0.00,18.037225,2,0,0,0,0,,,,,,,,
7327,101125.687500,280.63,-5.396530,3.409343,3.375824,-0.922683,0.520406,-2.376414,284.93,3.90,51.45,-12.59,0.00,16.160547,2,0,0,0,0,,,,,,,,
7337,101144.828125,280.63,-5.937620,2.667140,4.242525,-0.839673,0.511892,-2.272120,284.88,3.90,50.69,-13.20,0.00,14.607479,2,0,0,0,0,,,,,,,,
7347,101144.828125,280.63,-7.867346,2.815581,3.471592,-0.701324,0.651305,-2.169955,285.12,3.91,50.12,-13.63,0.01,14.607479,2,0,0,0,0,,,,,,,,
7357,101144.828125,280.63,-9.481039,3.394978,2.398990,-0.468259,0.945031,-2.107165,284.93,3.90,49.69,-13.91,0.01,14.607479,2,0,0,0,0,,,,,,,,
7367,101125.687500,280.63,-10.544064,3.112462,2.806004,-0.170276,1.337731,-2.182725,284.93,3.91,49.75,-13.72,0.00,16.160547,2,0,0,0,0,,,,,,,,
7377,101140.859375,280.61,-13.306972,2.815581,3.519476,0.111743,1.720852,-2.380671,285.07,3.91,49.50,-13.84,0.00,14.929483,2,0,0,0,0,,,,,,,,
7387,101140.859375,280.61,-14.413093,3.155557,4.132391,0.251157,2.016706,-2.664819,285.07,3.90,49.30,-13.89,0.00,14.929483,2,0,0,0,0,,,,,,,,
7397,101160.015625,280.61,-14.681244,2.197877,4.055777,0.171340,1.997550,-2.848930,285.07,3.90,48.77,-14.28,0.00,13.375335,2,0,0,0,0,,,,,,,,
7407,101160.015625,280.61,-13.091494,3.236960,2.557007,-0.002128,1.823017,-2.922362,284.93,3.90,48.36,-14.53,0.00,13.375335,2,0,0,0,0,,,,,,,,
7417,101183.125000,280.63,-8.432377,1.877054,2.834734,0.053211,1.582502,-2.845738,284.88,3.93,47.59,-15.14,0.01,11.500787,2,0,0,0,0,,,,,,,,
7427,101198.312500,280.61,-7.680598,2.336740,2.652775,0.097908,1.370722,-2.711645,284.93,3.94,46.70,-15.86,0.01,10.269021,2,0,0,0,0,,,,,,,,
7437,101179.156250,280.61,-9.672574,1.546654,3.380612,0.157505,1.122757,-2.554140,284.97,3.94,46.41,-15.98,0.01,11.822693,2,0,0,0,0,,,,,,,,
7447,101179.156250,280.61,-12.363656,1.819593,3.409343,0.225615,0.840737,-2.374286,284.78,3.94,46.19,-16.04,0.01,11.822693,2,0,0,0,0,,,,,,,,
7457,101202.281250,280.63,-12.469001,1.517923,3.088520,0.246900,0.517213,-2.195496,285.22,3.94,45.56,-16.49,0.01,9.947166,2,0,0,0,0,,,,,,,,
7467,101183.125000,280.63,-11.554417,1.273715,3.342305,0.306496,0.303304,-1.998614,284.88,3.94,45.47,-16.42,0.01,11.500787,2,0,0,0,0,,,,,,,,
7477,101198.312500,280.61,-9.787496,1.350329,2.916137,0.453359,0.269248,-1.829403,284.97,3.95,45.10,-16.63,0.00,10.269021,2,0,0,0,0,,,,,,,,
7487,101217.453125,280.61,-7.436390,1.934514,3.126827,0.642791,0.246900,-1.669769,285.07,3.94,44.43,-17.11,0.01,8.716856,2,0,0,0,0,,,,,,,,
7497,101198.312500,280.61,-5.837063,0.967257,3.289633,0.803490,0.199010,-1.540998,284.93,3.95,44.31,-17.06,0.00,10.269021,2,0,0,0,0,,,,,,,,
7507,101202.281250,280.63,-7.479485,1.623268,3.447650,0.987600,0.159633,-1.416483,285.07,3.95,44.14,-17.06,0.00,9.947166,2,0,0,0,0,,,,,,,,
7517,101179.156250,280.61,-8.355763,0.995987,3.629609,1.205767,0.142606,-1.270684,284.97,3.96,44.48,-16.57,0.00,11.822693,2,0,0,0,0,,,,,,,,
7527,101217.453125,280.61,-8.269572,1.249773,3.313575,1.455860,0.111743,-1.123821,284.93,3.96,43.97,-16.90,0.00,8.716856,2,0,0,0,0,,,,,,,,
7537,101221.437500,280.63,-8.135497,0.890643,3.088520,1.679347,0.025541,-0.973766,284.78,3.95,43.50,-17.20,0.00,8.393782,2,0,0,0,0,,,,,,,,
7547,101221.437500,280.63,-8.863334,1.173158,3.404554,1.843237,-0.146863,-0.815196,284.93,3.96,43.14,-17.37,0.00,8.393782,2,0,0,0,0,,,,,,,,
7557,101217.453125,280.61,-8.140285,1.249773,3.193865,1.951788,-0.340552,-0.660883,284.93,3.95,42.95,-17.39,0.00,8.716856,2,0,0,0,0,,,,,,,,
7567,101217.453125,280.61,-11.166556,1.297657,3.734954,2.048633,-0.518277,-0.502314,284.88,3.96,42.81,-17.35,0.00,8.716856,2,0,0,0,0,,,,,,,,
7577,101217.453125,280.61,-15.619771,1.584961,3.979163,2.128450,-0.647048,-0.308625,284.88,3.96,42.71,-17.29,0.00,8.716856,2,0,0,0,0,,,,,,,,
7587,101236.609375,280.61,-17.726669,1.647210,4.371812,2.197624,-0.794976,-0.018091,285.07,3.95,42.24,-17.57,0.00,7.163661,2,0,0,0,0,,,,,,,,
7597,101236.609375,280.61,-18.018762,1.675941,4.606443,2.339167,-0.919490,0.432075,284.88,3.96,41.89,-17.74,0.00,7.163661,2,0,0,0,0,,,,,,,,
7607,101217.453125,280.61,-14.307748,1.426944,4.400542,2.509442,-1.073803,0.899270,284.97,3.96,42.01,-17.45,0.00,8.716856,2,0,0,0,0,,,,,,,,
7617,101217.453125,280.61,-14.116212,1.604115,4.414907,2.608415,-1.399456,1.223858,284.78,3.94,42.11,-17.19,0.00,8.716856,2,0,0,0,0,,,,,,,,
7627,101217.453125,280.61,-13.876792,2.082955,4.194641,2.596709,-1.700631,1.464373,284.97,3.92,42.18,-16.95,0.00,8.716856,2,0,0,0,0,,,,,,,,
7637,101236.609375,280.61,-14.355632,2.183511,3.734954,2.498800,-1.794283,1.638906,284.88,3.92,41.85,-17.11,0.00,7.163661,2,0,0,0,0,,,,,,,,
7647,101236.609375,280.61,-10.984597,3.055001,3.543418,2.409405,-1.741072,1.807054,284.93,3.92,41.60,-17.19,0.00,7.163661,2,0,0,0,0,,,,,,,,
7657,101217.453125,280.61,-12.148179,2.422932,3.303998,2.335974,-1.575053,1.963495,285.07,3.91,41.80,-16.83,0.00,8.716856,2,0,0,0,0,,,,,,,,
7667,101217.453125,280.61,-10.156203,3.418920,3.323151,2.335974,-1.367529,2.102908,284.93,3.91,41.95,-16.52,-0.00,8.716856,2,0,0,0,0,,,,,,,,
7677,101217.453125,280.61,-11.449071,3.222595,3.543418,2.337038,-1.148298,2.209331,285.07,3.91,42.07,-16.24,-0.00,8.716856,2,0,0,0,0,,,,,,,,
7687,101217.453125,280.61,-10.888829,3.658340,3.936067,2.357258,-0.886499,2.298726,285.22,3.91,42.16,-16.00,-0.00,8.716856,2,0,0,0,0,,,,,,,,
7697,101217.453125,280.61,-14.365209,3.538630,3.232172,2.385992,-0.492736,2.384928,284.88,3.91,42.22,-15.78,-0.00,8.716856,2,0,0,0,0,,,,,,,,
7707,101217.453125,280.61,-13.527239,4.247313,4.467580,2.571167,0.210716,2.407277,284.88,3.91,42.28,-15.57,-0.00,8.716856,2,0,0,0,0,,,,,,,,
7717,101217.453125,280.61,-10.716446,4.027047,3.131615,2.646728,0.653434,2.441332,284.93,3.91,42.32,-15.38,-0.00,8.716856,2,0,0,0,0,,,,,,,,
7727,101179.156250,280.61,-15.830461,5.386953,3.902548,2.743572,1.212152,2.367900,284.93,3.91,43.13,-14.45,-0.00,11.822693,2,0,0,0,0,,,,,,,,
7737,101198.312500,280.61,-7.948749,4.319139,3.299209,2.828710,1.545255,2.277441,284.88,3.90,43.35,-14.09,-0.00,10.269021,2,0,0,0,0,,,,,,,,
7747,101217.453125,280.61,-7.077260,3.236960,4.070142,2.817003,1.570796,2.334909,284.88,3.90,43.14,-14.16,-0.00,8.716856,2,0,0,0,0,,,,,,,,
7757,101179.156250,280.61,-7.546523,5.990292,4.817133,2.760600,1.611236,2.378543,284.93,3.91,43.75,-13.43,-0.00,11.822693,2,0,0,0,0,,,,,,,,
7767,101198.312500,280.61,-5.894524,4.726153,3.462015,2.732930,1.588888,2.461552,285.07,3.90,43.83,-13.22,-0.00,10.269021,2,0,0,0,0,,,,,,,,
7777,101179.156250,280.61,-7.034164,3.725377,2.930502,2.793591,1.611236,2.322139,284.93,3.90,44.27,-12.66,-0.01,11.822693,2,0,0,0,0,,,,,,,,
7787,101179.156250,280.61,-12.938265,8.250418,1.063025,2.906399,1.581438,2.252964,284.97,3.90,44.61,-12.21,-0.01,11.822693,2,0,0,0,0,,,,,,,,
7797,101179.156250,280.61,-10.103530,16.936582,-1.522712,2.492415,1.708081,2.532855,284.88,3.91,44.87,-11.84,-0.01,11.822693,2,0,0,0,0,,,,,,,,
7807,101179.156250,280.61,-9.840168,12.650961,-1.757344,2.182725,1.726173,2.995793,284.88,3.90,45.07,-11.53,-0.01,11.822693,2,0,0,0,0,,,,,,,,
7817,101179.156250,280.61,-10.582371,10.285490,-0.047884,1.908155,1.686797,3.137335,284.93,3.92,45.22,-11.27,-0.01,11.822693,2,0,0,0,0,,,,,,,,
7827,101160.015625,280.61,-15.140931,10.304643,4.711788,1.202574,1.252593,2.623315,284.78,3.93,45.72,-10.68,-0.01,13.375335,2,0,0,0,0,,,,,,,,
7837,101179.156250,280.61,-5.707776,13.565546,-6.248866,0.440589,0.935453,2.440268,284.93,3.94,45.72,-10.58,-0.01,11.822693,2,0,0,0,0,,,,,,,,
7847,101179.156250,280.61,-8.173804,10.572794,1.345541,0.236257,0.606608,2.559461,284.93,3.94,45.71,-10.48,-0.01,11.822693,2,0,0,0,0,,,,,,,,
7857,101179.156250,280.61,-6.196193,10.658986,2.911349,0.264992,0.329909,2.699939,285.22,3.94,45.71,-10.38,-0.01,11.822693,2,0,0,0,0,,,,,,,,
7867,101198.312500,280.61,-5.851428,9.935936,2.753331,0.406534,0.122385,2.865958,284.88,3.94,45.32,-10.66,-0.00,10.269021,2,0,0,0,0,,,,,,,,
7877,101160.015625,280.61,-6.655880,10.347739,2.576160,0.429946,-0.147927,2.941518,284.88,3.94,45.80,-10.09,-0.01,13.375335,2,0,0,0,0,,,,,,,,
7887,101198.312500,280.61,-7.096413,9.883264,1.326387,0.156441,-0.485286,2.848930,285.07,3.95,45.39,-10.38,-0.00,10.269021,2,0,0,0,0,,,,,,,,
7897,101179.156250,280.61,-4.855441,9.605537,2.437297,0.001064,-0.748150,2.845738,284.88,3.95,45.47,-10.21,-0.00,11.822693,2,0,0,0,0,,,,,,,,
7907,101194.328125,280.60,-4.213794,9.821015,3.174711,-0.026605,-0.965252,2.895756,284.68,3.95,45.23,-10.35,-0.00,10.592156,2,0,0,0,0,,,,,,,,
7917,101217.453125,280.61,-3.720589,9.950302,2.853888,0.072367,-1.135528,2.975573,284.93,3.95,44.57,-10.88,-0.00,8.716856,2,0,0,0,0,,,,,,,,
7927,101213.484375,280.60,-3.739742,9.892841,3.423708,0.253285,-1.258978,3.111794,284.93,3.95,44.16,-11.18,-0.00,9.038673,2,0,0,0,0,,,,,,,,
7937,101194.328125,280.60,-3.969586,9.131484,2.791639,0.401212,-1.300483,3.096895,284.93,3.95,44.23,-11.00,-0.00,10.592156,2,0,0,0,0,,,,,,,,
7947,101194.328125,280.60,-4.491522,9.208099,2.288856,0.507635,-1.340923,2.978766,284.88,3.95,44.29,-10.84,-0.00,10.592156,2,0,0,0,0,,,,,,,,
7957,101213.484375,280.60,-4.721365,9.844957,2.322375,0.555525,-1.377107,2.741444,285.12,3.95,43.94,-11.07,-0.00,9.038673,2,0,0,0,0,,,,,,,,
7967,101213.484375,280.60,-4.951209,10.558429,2.700659,0.533176,-1.385621,2.284891,285.07,3.95,43.68,-11.21,-0.00,9.038673,2,0,0,0,0,,,,,,,,
7977,101194.328125,280.60,-3.332728,9.873687,0.181959,0.315010,-1.443089,1.703824,284.97,3.96,43.88,-10.92,-0.00,10.592156,2,0,0,0,0,,,,,,,,
7987,101217.453125,280.61,-1.810016,9.481039,0.248996,-0.129835,-1.576117,0.951417,285.07,3.95,43.55,-11.12,-0.00,8.716856,2,0,0,0,0,,,,,,,,
7997,101213.484375,280.60,-1.144428,8.705317,0.296881,-0.562975,-1.729365,0.577874,284.97,3.96,43.39,-11.17,-0.00,9.038673,2,0,0,0,0,,,,,,,,
8007,101217.453125,280.61,-1.489193,8.307879,0.790086,-0.838609,-1.868779,0.445910,284.97,3.96,43.19,-11.26,-0.00,8.716856,2,0,0,0,0,,,,,,,,
8017,101232.625000,280.60,-1.565807,8.398859,1.101332,-1.151491,-1.958174,0.272441,284.97,3.93,42.73,-11.60,0.00,7.486695,2,0,0,0,0,,,,,,,,
8027,101232.625000,280.60,-1.671152,8.379705,1.786074,-1.362208,-2.053954,0.257542,284.78,3.92,42.38,-11.82,0.00,7.486695,2,0,0,0,0,,,,,,,,
8037,101213.484375,280.60,-1.872265,8.068459,1.762132,-1.494172,-2.121000,0.238386,284.73,3.92,42.51,-11.59,0.00,9.038673,2,0,0,0,0,,,,,,,,
8047,101232.625000,280.60,-2.049436,7.795520,1.513135,-1.765549,-2.213588,-0.004256,284.93,3.92,42.21,-11.76,0.00,7.486695,2,0,0,0,0,,,,,,,,
8057,101251.781250,280.60,-1.795651,7.867346,2.178723,-1.900706,-2.287019,-0.144734,284.88,3.91,41.61,-12.23,0.00,5.933689,2,0,0,0,0,,,,,,,,
8067,101232.625000,280.60,-1.723825,7.637503,2.815581,-1.880485,-2.324267,-0.217101,285.07,3.91,41.53,-12.18,0.00,7.486695,2,0,0,0,0,,,,,,,,
8077,101251.781250,280.60,-1.685518,7.489062,3.213018,-1.790026,-2.345552,-0.296918,284.78,3.91,41.09,-12.49,0.00,5.933689,2,0,0,0,0,,,,,,,,
8087,101251.781250,280.60,-1.891419,7.326257,3.337517,-1.592080,-2.291276,-0.405469,284.78,3.91,40.76,-12.70,0.00,5.933689,2,0,0,0,0,,,,,,,,
8097,101213.484375,280.60,-2.489969,7.565677,2.801215,-1.287712,-2.216781,-0.680039,284.88,3.91,41.28,-12.07,0.00,9.038673,2,0,0,0,0,,,,,,,,
8107,101270.921875,280.60,-2.485181,7.216123,4.055777,-0.916297,-2.123129,-1.023784,284.88,3.91,40.52,-12.69,0.00,4.382186,2,0,0,0,0,,,,,,,,
8117,101251.781250,280.60,-2.667140,7.101202,5.013458,-0.379928,-1.948596,-1.549511,285.22,3.90,40.33,-12.75,0.00,5.933689,2,0,0,0,0,,,,,,,,
8127,101232.625000,280.60,-2.293645,7.230488,3.265691,-0.023412,-1.886871,-1.902834,285.07,3.90,40.57,-12.39,0.00,7.486695,2,0,0,0,0,,,,,,,,
8137,101232.625000,280.60,-2.738966,7.297526,3.615244,0.453359,-1.793219,-2.260414,284.93,3.90,40.75,-12.09,0.00,7.486695,2,0,0,0,0,,,,,,,,
8147,101232.625000,280.60,-3.074154,7.426813,3.107673,1.158941,-1.599530,-2.694617,284.93,3.91,40.89,-11.84,-0.00,7.486695,2,0,0,0,0,,,,,,,,
8157,101251.781250,280.60,-3.869029,6.722918,3.921702,2.244450,-1.172776,-3.366144,284.88,3.91,40.62,-12.00,-0.00,5.933689,2,0,0,0,0,,,,,,,,
8167,101232.625000,280.60,-4.505887,6.890512,2.930502,3.526842,-0.625764,-4.226038,284.73,3.90,40.79,-11.71,-0.00,7.486695,2,0,0,0,0,,,,,,,,
8177,101251.781250,280.60,-4.697423,6.105214,1.881842,3.865265,-0.509763,-4.492094,284.93,3.90,40.54,-11.84,-0.00,5.933689,2,0,0,0,0,,,,,,,,
8187,101290.078125,280.60,-5.588066,5.937620,1.570596,3.772678,-0.574681,-4.603837,284.97,3.91,39.58,-12.66,0.00,2.829655,2,0,0,0,0,,,,,,,,
8197,101270.921875,280.60,-5.453991,5.827486,0.995987,3.313997,-0.753471,-4.678334,284.93,3.91,39.23,-12.87,0.00,4.382186,2,0,0,0,0,,,,,,,,
8207,101270.921875,280.60,-5.717353,5.415684,0.636857,2.841481,-0.942903,-4.665563,284.88,3.90,38.97,-13.00,0.00,4.382186,2,0,0,0,0,,,,,,,,
8217,101251.781250,280.60,-5.937620,5.453991,0.330399,2.365772,-1.142977,-4.665563,284.88,3.92,39.16,-12.68,0.00,5.933689,2,0,0,0,0,,,,,,,,
8227,101270.921875,280.60,-6.909666,5.458779,-0.229843,1.898577,-1.324960,-4.669819,284.93,3.94,38.92,-12.80,0.00,4.382186,2,0,0,0,0,,,,,,,,
8237,101251.781250,280.60,-8.279149,5.631162,0.225054,1.335602,-1.523970,-4.770921,284.88,3.94,39.13,-12.47,0.00,5.933689,2,0,0,0,0,,,,,,,,
8247,101290.078125,280.60,-7.383718,4.946420,0.991199,0.943967,-1.682540,-4.746444,285.12,3.94,38.51,-12.95,0.00,2.829655,2,0,0,0,0,,,,,,,,
8257,101290.078125,280.60,-6.991068,4.386177,1.628057,0.657691,-1.801733,-4.647471,284.78,3.95,38.04,-13.28,0.00,2.829655,2,0,0,0,0,,,,,,,,
8267,101290.078125,280.60,-6.622361,4.213794,1.297657,0.505506,-1.831531,-4.452718,284.97,3.95,37.69,-13.49,0.00,2.829655,2,0,0,0,0,,,,,,,,
8277,101290.078125,280.60,-7.153874,4.180275,0.277727,0.352258,-1.888999,-4.254772,285.12,3.95,37.42,-13.62,0.00,2.829655,2,0,0,0,0,,,,,,,,
8287,101290.078125,280.60,-7.393294,3.801992,0.794874,0.211780,-1.950724,-4.089817,284.88,3.95,37.22,-13.68,0.00,2.829655,2,0,0,0,0,,,,,,,,
8297,101328.359375,280.60,-9.265560,3.902548,0.857124,0.035119,-2.014578,-4.000422,284.88,3.95,36.30,-14.45,0.00,-0.272162,2,0,0,0,0,,,,,,,,
8307,101328.359375,280.60,-10.601525,3.361459,1.503558,-0.189432,-2.031605,-4.050441,285.07,3.95,35.60,-14.99,0.00,-0.272162,2,0,0,0,0,,,,,,,,
8317,101328.359375,280.60,-11.113883,2.944868,2.317587,-0.266056,-1.977330,-4.088753,284.88,3.95,35.07,-15.35,0.00,-0.272162,2,0,0,0,0,,,,,,,,
8327,101343.531250,280.58,-11.453860,2.092532,2.557007,-0.206459,-1.864522,-3.992972,284.78,3.95,34.36,-15.89,0.01,-1.501232,2,0,0,0,0,,,,,,,,
8337,101366.656250,280.60,-8.312667,1.939303,2.293645,-0.062789,-1.656998,-3.776935,284.93,3.96,33.36,-16.71,0.01,-3.374296,2,0,0,0,0,,,,,,,,
8347,101347.515625,280.60,-6.646303,1.623268,2.489969,0.044697,-1.513328,-3.565154,284.93,3.95,32.99,-16.91,0.01,-1.823981,2,0,0,0,0,,,,,,,,
8357,101366.656250,280.60,-6.971915,2.288856,2.614468,0.141541,-1.405841,-3.329960,284.78,3.95,32.32,-17.39,0.01,-3.374296,2,0,0,0,0,,,,,,,,
8367,101381.828125,280.58,-7.038952,1.130063,2.772485,0.268184,-1.318575,-3.092638,284.93,3.95,31.51,-18.01,0.01,-4.602991,2,0,0,0,0,,,,,,,,
8377,101366.656250,280.60,-7.541735,1.479616,2.398990,0.394827,-1.148298,-2.918105,284.97,3.96,31.21,-18.13,0.01,-3.374296,2,0,0,0,0,,,,,,,,
8387,101362.687500,280.58,-7.484274,0.852335,2.327163,0.524663,-0.943967,-2.786141,284.88,3.95,31.05,-18.10,0.01,-3.052863,2,0,0,0,0,,,,,,,,
8397,101366.656250,280.60,-6.315904,1.101332,2.418143,0.615122,-0.825838,-2.689297,284.88,3.96,30.86,-18.11,0.01,-3.374296,2,0,0,0,0,,,,,,,,
8407,101362.687500,280.58,-5.659892,0.526724,2.892195,0.666204,-0.807746,-2.587131,284.73,3.96,30.80,-18.00,0.00,-3.052863,2,0,0,0,0,,,,,,,,
8417,101385.812500,280.60,-5.401319,0.584185,2.681505,0.717287,-0.823710,-2.479644,284.97,3.94,30.28,-18.33,0.00,-4.925640,2,0,0,0,0,,,,,,,,
8427,101381.828125,280.58,-5.262455,0.172382,2.820369,0.765177,-0.859893,-2.382800,284.93,3.93,29.97,-18.45,0.00,-4.602991,2,0,0,0,0,,,,,,,,
8437,101366.656250,280.60,-5.161898,-0.201112,2.643198,0.810939,-0.919490,-2.269992,284.78,3.92,30.05,-18.20,0.00,-3.374296,2,0,0,0,0,,,,,,,,
8447,101381.828125,280.58,-5.161898,-0.450109,2.686294,0.864150,-0.973766,-2.148670,285.12,3.92,29.80,-18.26,0.00,-4.602991,2,0,0,0,0,,,,,,,,
8457,101366.656250,280.60,-6.042964,-0.215478,2.815581,0.948224,-1.002500,-2.018835,284.73,3.92,29.92,-17.97,0.00,-3.374296,2,0,0,0,0,,,,,,,,
8467,101385.812500,280.60,-6.555324,-0.560243,2.729389,1.046133,-0.997178,-1.887935,284.73,3.91,29.62,-18.08,0.00,-4.925640,2,0,0,0,0,,,,,,,,
8477,101400.984375,280.58,-7.943961,-0.598550,3.136404,1.190868,-0.909912,-1.704888,285.07,3.91,29.09,-18.42,0.00,-6.154146,2,0,0,0,0,,,,,,,,
8487,101404.953125,280.60,-8.638279,-0.790086,2.829946,1.335602,-0.718352,-1.503750,285.07,3.91,28.61,-18.71,0.00,-6.475482,2,0,0,0,0,,,,,,,,
8497,101404.953125,280.60,-10.970232,-0.608127,2.997540,1.504814,-0.341616,-1.198317,284.93,3.91,28.25,-18.88,0.00,-6.475482,2,0,0,0,0,,,,,,,,
8507,101400.984375,280.58,-10.735600,-0.823605,2.657563,1.630392,0.184110,-0.829031,284.93,3.91,28.06,-18.88,0.00,-6.154146,2,0,0,0,0,,,,,,,,
8517,101404.953125,280.60,-10.299855,0.272938,2.968810,1.705953,0.709838,-0.421433,284.93,3.91,27.83,-18.92,0.00,-6.475482,2,0,0,0,0,,,,,,,,
8527,101400.984375,280.58,-8.901641,-0.943315,2.729389,1.775127,1.181290,-0.110679,284.97,3.90,27.74,-18.82,0.00,-6.154146,2,0,0,0,0,,,,,,,,
8537,101400.984375,280.58,-9.634267,-0.459686,3.548206,1.927311,1.616558,0.153248,284.93,3.91,27.68,-18.70,0.00,-6.154146,2,0,0,0,0,,,,,,,,
8547,101404.953125,280.60,-9.955090,-0.636857,3.174711,2.113551,2.035862,0.401212,284.78,3.90,27.55,-18.64,0.00,-6.475482,2,0,0,0,0,,,,,,,,
8557,101404.953125,280.60,-8.825027,-0.268150,2.949656,2.283827,2.377479,0.609801,284.97,3.91,27.45,-18.56,0.00,-6.475482,2,0,0,0,0,,,,,,,,
8567,101400.984375,280.58,-9.945513,0.124498,2.422932,2.429625,2.716966,0.803490,285.07,3.90,27.46,-18.37,0.00,-6.154146,2,0,0,0,0,,,,,,,,
8577,101400.984375,280.58,-11.334150,0.421379,2.801215,2.564782,3.129886,1.069546,284.68,3.90,27.47,-18.18,0.00,-6.154146,2,0,0,0,0,,,,,,,,
8587,101404.953125,280.60,-13.120224,0.272938,2.475604,2.729737,3.571539,1.347308,284.88,3.90,27.39,-18.08,0.00,-6.475482,2,0,0,0,0,,,,,,,,
8597,101404.953125,280.60,-13.330914,0.445321,2.355894,2.880857,4.023835,1.535676,284.78,3.90,27.34,-17.95,-0.00,-6.475482,2,0,0,0,0,,,,,,,,
8607,101400.984375,280.58,-13.206416,0.454898,2.652775,2.995793,4.416534,1.549511,284.78,3.90,27.38,-17.74,-0.00,-6.154146,2,0,0,0,0,,,,,,,,
8617,101385.812500,280.60,-12.583924,0.732625,2.054224,3.086252,4.638957,1.426061,284.88,3.92,27.72,-17.24,-0.00,-4.925640,2,0,0,0,0,,,,,,,,
8627,101404.953125,280.60,-9.921571,0.794874,1.618480,3.043684,4.654921,1.294097,285.07,3.93,27.59,-17.20,-0.00,-6.475482,2,0,0,0,0,,,,,,,,
8637,101400.984375,280.58,-9.840168,0.962469,0.646434,2.882986,4.544241,1.221730,284.93,3.94,27.57,-17.05,-0.00,-6.154146,2,0,0,0,0,,,,,,,,
8647,101400.984375,280.58,-9.840168,1.139639,0.622492,2.704196,4.348423,1.178097,284.88,3.94,27.56,-16.89,-0.00,-6.154146,2,0,0,0,0,,,,,,,,
8657,101400.984375,280.58,-9.844957,1.264138,0.392649,2.479644,4.079174,1.141913,284.73,3.94,27.56,-16.73,-0.00,-6.154146,2,0,0,0,0,,,,,,,,
8667,101381.828125,280.58,-8.413224,1.134851,-0.282515,2.240194,3.804605,1.100408,284.93,3.95,27.94,-16.20,-0.00,-4.602991,2,0,0,0,0,,,,,,,,
8677,101404.953125,280.60,-7.469909,0.995987,-0.751779,2.020963,3.575796,1.079124,284.88,3.95,27.76,-16.21,-0.00,-6.475482,2,0,0,0,0,,,,,,,,
8687,101381.828125,280.58,-8.226476,1.853112,-0.339976,1.805990,3.333153,1.074867,284.78,3.95,28.10,-15.73,-0.00,-4.602991,2,0,0,0,0,,,,,,,,
8697,101400.984375,280.58,-8.465896,1.417367,-0.809240,1.535676,3.083060,1.083381,284.88,3.95,27.97,-15.71,-0.00,-6.154146,2,0,0,0,0,,,,,,,,
8707,101381.828125,280.58,-9.926360,1.584961,-1.244984,1.225987,2.733994,1.103601,284.93,3.95,28.25,-15.27,-0.00,-4.602991,2,0,0,0,0,,,,,,,,
8717,101439.281250,280.58,-11.061211,1.589749,-1.292868,0.841802,2.229551,1.130207,284.93,3.95,27.31,-16.04,-0.00,-9.254482,2,0,0,0,0,,,,,,,,
8727,101381.828125,280.58,-8.101978,1.584961,-1.948880,0.529984,1.846430,1.181290,284.88,3.95,27.76,-15.45,-0.00,-4.602991,2,0,0,0,0,,,,,,,,
8737,101381.828125,280.58,-8.863334,1.685518,-1.786074,0.245836,1.472887,1.248336,284.88,3.95,28.10,-14.97,-0.00,-4.602991,2,0,0,0,0,,,,,,,,
8747,101420.125000,280.58,-7.733271,2.308010,-1.699883,-0.046825,1.035491,1.377107,285.07,3.96,27.59,-15.32,-0.00,-7.703800,2,0,0,0,0,,,,,,,,
8757,101420.125000,280.58,-7.651868,2.121262,-1.632845,-0.221358,0.752407,1.483529,284.93,3.95,27.20,-15.55,-0.00,-7.703800,2,0,0,0,0,,,,,,,,
8767,101404.953125,280.60,-7.738059,2.312798,-1.575384,-0.413983,0.441653,1.616558,284.78,3.96,27.21,-15.38,-0.00,-6.475482,2,0,0,0,0,,,,,,,,
8777,101424.109375,280.60,-8.145073,2.609679,-1.551442,-0.601287,0.131963,1.742136,284.88,3.96,26.84,-15.60,-0.00,-8.026351,2,0,0,0,0,,,,,,,,
8787,101420.125000,280.58,-8.724471,2.829946,-1.489193,-0.868407,-0.320331,1.840045,284.88,3.95,26.64,-15.64,-0.00,-7.703800,2,0,0,0,0,,,,,,,,
8797,101420.125000,280.58,-8.700529,2.762908,-1.695094,-1.129142,-0.741764,1.907091,284.88,3.95,26.48,-15.64,-0.00,-7.703800,2,0,0,0,0,,,,,,,,
8807,101400.984375,280.58,-9.471461,2.806004,-1.790862,-1.517585,-1.282391,1.917733,284.93,3.95,26.75,-15.23,-0.00,-6.154146,2,0,0,0,0,,,,,,,,
8817,101381.828125,280.58,-12.124237,3.284844,-1.838746,-2.258285,-2.151863,1.781512,284.93,3.94,27.35,-14.50,-0.00,-4.602991,2,0,0,0,0,,,,,,,,
8827,101420.125000,280.58,-12.727576,3.816357,-2.710236,-3.433190,-3.203317,1.347308,284.88,3.92,27.03,-14.67,-0.00,-7.703800,2,0,0,0,0,,,,,,,,
8837,101400.984375,280.58,-8.173804,3.299209,-1.762132,-4.144092,-3.657742,0.842866,284.93,3.92,27.17,-14.39,-0.00,-6.154146,2,0,0,0,0,,,,,,,,
8847,101420.125000,280.58,-8.547300,2.844311,-0.306457,-4.448461,-3.785448,0.360772,284.88,3.92,26.89,-14.52,-0.00,-7.703800,2,0,0,0,0,,,,,,,,
8857,101400.984375,280.58,-8.082824,2.647987,-0.493205,-4.492094,-3.747136,0.015963,284.93,3.92,27.07,-14.21,-0.00,-6.154146,2,0,0,0,0,,,,,,,,
8867,101400.984375,280.58,-6.957550,2.456450,-0.593762,-4.461231,-3.690732,-0.159633,284.97,3.92,27.21,-13.94,-0.00,-6.154146,2,0,0,0,0,,,,,,,,
8877,101400.984375,280.58,-5.051765,2.375048,0.019153,-4.387800,-3.616237,-0.227744,284.88,3.91,27.31,-13.70,-0.00,-6.154146,2,0,0,0,0,,,,,,,,
8887,101424.109375,280.60,-5.631162,2.442085,0.397437,-4.281377,-3.518328,-0.278826,284.88,3.91,26.92,-13.94,-0.00,-8.026351,2,0,0,0,0,,,,,,,,
8897,101420.125000,280.58,-5.181052,2.293645,0.627280,-4.143028,-3.384236,-0.344808,284.97,3.91,26.71,-14.01,-0.00,-7.703800,2,0,0,0,0,,,,,,,,
8907,101420.125000,280.58,-5.702988,2.360682,0.454898,-3.989780,-3.254400,-0.365029,285.07,3.91,26.55,-14.03,-0.00,-7.703800,2,0,0,0,0,,,,,,,,
8917,101420.125000,280.58,-7.747636,2.595314,0.402225,-3.796091,-3.059647,-0.435268,285.07,3.91,26.43,-14.01,-0.00,-7.703800,2,0,0,0,0,,,,,,,,
8927,101420.125000,280.58,-8.063671,2.552218,1.082179,-3.536420,-2.778692,-0.524663,284.93,3.90,26.34,-13.96,-0.00,-7.703800,2,0,0,0,0,,,,,,,,
8937,101420.125000,280.58,-8.619126,2.375048,1.302445,-3.291648,-2.480709,-0.565103,284.93,3.91,26.28,-13.89,-0.00,-7.703800,2,0,0,0,0,,,,,,,,
8947,101439.281250,280.58,-13.838485,2.456450,1.896207,-3.017078,-2.018835,-0.581066,284.93,3.90,25.84,-14.18,-0.00,-9.254482,2,0,0,0,0,,,,,,,,
8957,101439.281250,280.58,-13.670891,2.446874,3.658340,-2.627571,-1.403713,-0.692810,284.93,3.90,25.51,-14.36,-0.00,-9.254482,2,0,0,0,0,,,,,,,,
8967,101439.281250,280.58,-7.364564,1.623268,3.332728,-2.426433,-1.125950,-0.821581,284.97,3.90,25.26,-14.47,-0.00,-9.254482,2,0,0,0,0,,,,,,,,
8977,101481.546875,280.60,-6.363788,1.848323,2.336740,-2.262542,-0.932261,-0.882242,285.32,3.90,24.22,-15.33,0.00,-12.675009,2,0,0,0,0,,,,,,,,
8987,101458.421875,280.58,-6.110002,1.460463,2.001552,-2.069917,-0.726865,-0.963123,284.88,3.91,23.90,-15.50,0.00,-10.803662,2,0,0,0,0,,,,,,,,
8997,101458.421875,280.58,-7.493851,1.661575,1.987187,-1.775127,-0.396955,-1.128078,285.07,3.91,23.66,-15.58,0.00,-10.803662,2,0,0,0,0,,,,,,,,
9007,101458.421875,280.58,-6.804321,1.374271,3.055001,-1.363272,0.008513,-1.383492,284.88,3.91,23.47,-15.61,0.00,-10.803662,2,0,0,0,0,,,,,,,,
9017,101458.421875,280.58,-4.941632,0.972045,2.470816,-1.040812,0.272441,-1.555897,284.93,3.92,23.34,-15.59,0.00,-10.803662,2,0,0,0,0,,,,,,,,
9027,101481.546875,280.60,-5.224147,1.000776,2.269703,-0.859893,0.437396,-1.635714,284.93,3.94,22.77,-15.99,0.00,-12.675009,2,0,0,0,0,,,,,,,,
9037,101477.562500,280.58,-6.497863,0.478840,2.571372,-0.740700,0.565103,-1.666576,285.22,3.94,22.42,-16.18,0.00,-12.352605,2,0,0,0,0,,,,,,,,
9047,101477.562500,280.58,-10.443507,1.738190,3.299209,-0.525727,0.865215,-1.731494,285.07,3.94,22.15,-16.27,0.00,-12.352605,2,0,0,0,0,,,,,,,,
9057,101477.562500,280.58,-18.325220,1.613691,2.676717,-0.122385,1.708081,-1.805990,284.93,3.95,21.95,-16.31,0.00,-12.352605,2,0,0,0,0,,,,,,,,
9067,101496.718750,280.58,-14.053963,1.182735,2.303221,0.138349,2.432818,-1.626136,284.88,3.94,21.42,-16.67,0.00,-13.902577,2,0,0,0,0,,,,,,,,
9077,101477.562500,280.58,-14.465766,1.292868,2.667140,0.257542,2.796783,-1.340923,284.88,3.95,21.40,-16.53,0.00,-12.352605,2,0,0,0,0,,,,,,,,
9087,101477.562500,280.58,-11.233593,1.029506,1.948880,0.377799,3.114987,-1.066353,285.07,3.95,21.39,-16.38,0.00,-12.352605,2,0,0,0,0,,,,,,,,
9097,101477.562500,280.58,-8.566453,0.641646,2.068590,0.426754,3.269299,-0.820517,284.93,3.94,21.38,-16.23,0.00,-12.352605,2,0,0,0,0,,,,,,,,
9107,101477.562500,280.58,-6.852205,0.732625,1.786074,0.483158,3.333153,-0.587452,284.88,3.94,21.37,-16.08,0.00,-12.352605,2,0,0,0,0,,,,,,,,
9117,101477.562500,280.58,-7.556100,0.512359,1.910572,0.573617,3.332089,-0.355451,284.88,3.95,21.37,-15.92,0.00,-12.352605,2,0,0,0,0,,,,,,,,
9127,101477.562500,280.58,-4.515464,0.167594,1.556231,0.693874,3.316125,-0.244771,285.07,3.95,21.37,-15.77,0.00,-12.352605,2,0,0,0,0,,,,,,,,
9137,101496.718750,280.58,-3.538630,0.177170,0.646434,0.749214,3.295905,-0.196881,285.12,3.95,20.98,-15.99,0.00,-13.902577,2,0,0,0,0,,,,,,,,
9147,101481.546875,280.60,-3.869029,-0.009576,0.440533,0.789655,3.238437,-0.189432,284.93,3.95,21.00,-15.82,0.00,-12.675009,2,0,0,0,0,,,,,,,,
9157,101477.562500,280.58,-5.913678,0.114921,1.374271,0.839673,3.106473,-0.162826,284.88,3.96,21.09,-15.58,-0.00,-12.352605,2,0,0,0,0,,,,,,,,
9167,101496.718750,280.58,-11.702857,0.067037,2.959233,0.925875,2.726544,-0.029798,284.93,3.96,20.77,-15.73,-0.00,-13.902577,2,0,0,0,0,,,,,,,,
9177,101496.718750,280.58,-7.398083,0.574608,1.106121,0.946096,2.368965,0.112807,284.88,3.96,20.54,-15.81,0.00,-13.902577,2,0,0,0,0,,,,,,,,
9187,101515.859375,280.58,-6.157886,0.253785,0.751779,0.963123,2.138028,0.203267,284.88,3.96,19.97,-16.21,0.00,-15.451046,2,0,0,0,0,,,,,,,,
9197,101515.859375,280.58,-7.173027,0.196324,0.268150,0.923747,1.862394,0.326717,285.12,3.95,19.55,-16.46,0.00,-15.451046,2,0,0,0,0,,,,,,,,
9207,101477.562500,280.58,-8.097189,0.665588,0.440533,0.942903,1.547383,0.432075,284.88,3.96,19.99,-15.87,-0.00,-12.352605,2,0,0,0,0,,,,,,,,
9217,101519.843750,280.60,-9.045293,0.268150,0.541089,0.938646,1.190868,0.526791,284.93,3.94,19.48,-16.21,0.00,-15.773352,2,0,0,0,0,,,,,,,,
9227,101496.718750,280.58,-7.417236,0.282515,0.699106,0.951417,0.842866,0.553397,284.93,3.92,19.56,-15.97,0.00,-13.902577,2,0,0,0,0,,,,,,,,
9237,101515.859375,280.58,-6.852205,0.651222,0.593762,0.890756,0.503378,0.516149,284.97,3.92,19.24,-16.13,0.00,-15.451046,2,0,0,0,0,,,,,,,,
9247,101535.015625,280.58,-5.669469,0.181959,-0.512359,0.879050,0.353322,0.507635,284.78,3.92,18.61,-16.59,0.00,-17.000545,2,0,0,0,0,,,,,,,,
9257,101515.859375,280.58,-6.804321,0.603338,-0.842759,0.902462,0.312882,0.549140,285.07,3.92,18.52,-16.51,0.00,-15.451046,2,0,0,0,0,,,,,,,,
9267,101535.015625,280.58,-5.784391,0.766144,-1.130063,0.931197,0.323524,0.594901,284.88,3.92,18.07,-16.79,0.00,-17.000545,2,0,0,0,0,,,,,,,,
9277,101515.859375,280.58,-7.651868,0.641646,-0.579396,0.847123,0.235193,0.690682,284.88,3.91,18.11,-16.59,0.00,-15.451046,2,0,0,0,0,,,,,,,,
9287,101515.859375,280.58,-5.755661,1.503558,-0.359130,0.776884,0.136220,0.800297,284.88,3.91,18.14,-16.40,0.00,-15.451046,2,0,0,0,0,,,,,,,,
9297,101515.859375,280.58,-10.438718,2.384624,-1.316810,0.691746,-0.038312,0.898206,284.93,3.92,18.17,-16.21,0.00,-15.451046,2,0,0,0,0,,,,,,,,
9307,101535.015625,280.58,-14.901511,2.178723,1.230619,0.632149,-0.355451,1.044004,284.97,3.91,17.81,-16.41,0.00,-17.000545,2,0,0,0,0,,,,,,,,
9317,101515.859375,280.58,-17.022773,2.375048,2.451662,0.686425,-0.883306,1.355822,285.12,3.91,17.92,-16.14,-0.00,-15.451046,2,0,0,0,0,,,,,,,,
9327,101515.859375,280.58,-12.531251,1.728613,1.235408,0.719416,-1.508007,1.683604,285.07,3.91,18.00,-15.90,-0.00,-15.451046,2,0,0,0,0,,,,,,,,
9337,101515.859375,280.58,-9.710882,1.814804,0.579396,0.761985,-1.864522,1.928376,284.93,3.90,18.07,-15.68,-0.00,-15.451046,2,0,0,0,0,,,,,,,,
9347,101535.015625,280.58,-7.230488,1.570596,-0.445321,0.773691,-2.035862,2.081624,284.88,3.91,17.73,-15.85,-0.00,-17.000545,2,0,0,0,0,,,,,,,,
9357,101535.015625,280.58,-6.550535,1.465251,-0.090979,0.756664,-2.116743,2.149734,284.97,3.91,17.48,-15.95,-0.00,-17.000545,2,0,0,0,0,,,,,,,,
9367,101515.859375,280.58,-7.422025,1.829170,-0.067037,0.724737,-2.175276,2.184854,284.93,3.91,17.68,-15.60,-0.00,-15.451046,2,0,0,0,0,,,,,,,,
9377,101535.015625,280.58,-9.188945,2.020706,0.488417,0.672590,-2.237001,2.178468,284.93,3.90,17.44,-15.68,-0.00,-17.000545,2,0,0,0,0,,,,,,,,
9387,101535.015625,280.58,-11.128249,2.068590,0.684741,0.585323,-2.322139,2.078431,284.88,3.90,17.26,-15.70,-0.00,-17.000545,2,0,0,0,0,,,,,,,,
9397,101496.718750,280.58,-9.528923,1.915361,0.292092,0.577874,-2.287019,1.989036,284.97,3.91,17.90,-14.93,-0.00,-13.902577,2,0,0,0,0,,,,,,,,
9407,101496.718750,280.58,-12.200851,1.738190,0.335188,0.618314,-2.171019,1.818760,284.88,3.90,18.38,-14.31,-0.00,-13.902577,2,0,0,0,0,,,,,,,,
9417,101496.718750,280.58,-14.413093,2.035071,0.790086,0.719416,-1.909219,1.454795,284.88,3.92,18.75,-13.82,-0.00,-13.902577,2,0,0,0,0,,,,,,,,
9427,101496.718750,280.58,-10.405200,1.953668,-0.086191,0.941839,-1.473951,1.092959,284.88,3.94,19.03,-13.41,-0.00,-13.902577,2,0,0,0,0,,,,,,,,
9437,101496.718750,280.58,-9.160215,1.867477,0.469263,1.250464,-0.989729,0.771563,284.97,3.94,19.25,-13.07,-0.00,-13.902577,2,0,0,0,0,,,,,,,,
9447,101496.718750,280.58,-6.560112,1.910572,0.952892,1.498429,-0.664076,0.607672,284.93,3.94,19.41,-12.79,-0.00,-13.902577,2,0,0,0,0,,,,,,,,
9457,101515.859375,280.58,-5.731718,2.035071,1.043871,1.689989,-0.402277,0.525727,284.78,3.94,19.15,-12.92,-0.00,-15.451046,2,0,0,0,0,,,,,,,,
9467,101477.562500,280.58,-7.149085,1.862688,0.579396,1.907091,-0.087266,0.427818,285.12,3.94,19.72,-12.23,-0.00,-12.352605,2,0,0,0,0,,,,,,,,
9477,101496.718750,280.58,-8.935160,2.130839,1.043871,2.223166,0.426754,0.258606,284.88,3.94,19.77,-12.07,-0.00,-13.902577,2,0,0,0,0,,,,,,,,
9487,101492.734375,280.56,-6.028599,2.327163,0.723048,2.381736,0.650241,0.170276,285.12,3.94,19.89,-11.83,-0.00,-13.580212,2,0,0,0,0,,,,,,,,
9497,101477.562500,280.58,-14.293383,2.154781,0.588973,2.620122,1.056775,-0.135156,284.93,3.95,20.29,-11.33,-0.01,-12.352605,2,0,0,0,0,,,,,,,,
9507,101496.718750,280.58,-14.532804,1.838746,1.455674,2.959610,1.586759,-0.835416,285.07,3.95,20.21,-11.30,-0.00,-13.902577,2,0,0,0,0,,,,,,,,
9517,101496.718750,280.58,-7.244854,2.035071,-0.033518,3.047940,1.744265,-1.232372,285.07,3.95,20.14,-11.25,-0.00,-13.902577,2,0,0,0,0,,,,,,,,
9527,101515.859375,280.58,-6.646303,2.231395,-0.110133,3.066032,1.751714,-1.415419,284.93,3.95,19.71,-11.57,-0.00,-15.451046,2,0,0,0,0,,,,,,,,
9537,101515.859375,280.58,-6.607996,2.173935,-1.182735,3.081996,1.771934,-1.553768,284.78,3.95,19.38,-11.77,-0.00,-15.451046,2,0,0,0,0,,,,,,,,
9547,101515.859375,280.58,-7.790732,1.810016,-1.742978,3.112858,1.795347,-1.722980,284.88,3.95,19.14,-11.90,-0.00,-15.451046,2,0,0,0,0,,,,,,,,
9557,101515.859375,280.58,-11.233593,1.781286,-1.000776,3.045812,1.743200,-2.008193,284.88,3.95,18.95,-11.96,-0.00,-15.451046,2,0,0,0,0,,,,,,,,
9567,101535.015625,280.58,-10.735600,1.805227,-1.058237,2.873408,1.620814,-2.443460,284.93,3.95,18.42,-12.36,-0.00,-17.000545,2,0,0,0,0,,,,,,,,
9577,101535.015625,280.58,-15.006855,1.608903,-0.679953,2.685039,1.526098,-2.954288,284.93,3.95,18.03,-12.62,-0.00,-17.000545,2,0,0,0,0,,,,,,,,
9587,101554.156250,280.58,-11.765107,1.637633,-1.240196,2.521149,1.439896,-3.415098,285.07,3.95,17.34,-13.17,0.00,-18.548542,2,0,0,0,0,,,,,,,,
9597,101573.296875,280.58,-12.770671,1.474828,-1.383848,2.399827,1.337731,-3.661998,284.93,3.95,16.43,-13.92,0.00,-20.096303,2,0,0,0,0,,,,,,,,
9607,101592.453125,280.58,-9.246406,0.871489,-1.690306,2.347680,1.252593,-3.714145,284.93,3.95,15.36,-14.82,0.00,-21.645092,2,0,0,0,0,,,,,,,,
9617,101573.296875,280.58,-7.517793,0.636857,-1.900996,2.395570,1.229180,-3.647099,284.97,3.94,14.94,-15.09,0.00,-20.096303,2,0,0,0,0,,,,,,,,
9627,101573.296875,280.58,-7.532158,0.316034,-2.030282,2.465809,1.229180,-3.571539,284.88,3.92,14.61,-15.26,0.00,-20.096303,2,0,0,0,0,,,,,,,,
9637,101592.453125,280.58,-10.812214,0.828393,-0.837970,2.524342,1.183418,-3.478951,284.78,3.92,13.99,-15.72,0.00,-21.645092,2,0,0,0,0,,,,,,,,
9647,101588.468750,280.56,-12.368445,0.651222,-0.407014,2.492415,1.029105,-3.441704,284.88,3.92,13.59,-15.95,0.00,-21.322973,2,0,0,0,0,,,,,,,,
9657,101592.453125,280.58,-9.184157,0.229843,-1.053448,2.466873,0.837545,-3.410841,284.88,3.92,13.21,-16.16,0.00,-21.645092,2,0,0,0,0,,,,,,,,
9667,101592.453125,280.58,-8.475473,-0.076614,-1.881842,2.414726,0.686425,-3.395942,284.97,3.92,12.93,-16.28,0.00,-21.645092,2,0,0,0,0,,,,,,,,
9677,101592.453125,280.58,-8.633491,-0.258573,-1.824381,2.355130,0.473580,-3.393814,284.93,3.91,12.71,-16.33,0.00,-21.645092,2,0,0,0,0,,,,,,,,
9687,101611.593750,280.58,-17.515979,-0.234631,-0.038307,2.188046,-0.005321,-3.376786,284.78,3.92,12.16,-16.71,0.00,-23.192380,2,0,0,0,0,,,,,,,,
9697,101592.453125,280.58,-21.873426,-0.124498,0.497993,2.116743,-0.663012,-3.150106,285.22,3.91,12.14,-16.57,0.00,-21.645092,2,0,0,0,0,,,,,,,,
9707,101607.609375,280.56,-12.358868,-1.187524,-1.417367,2.174211,-0.997178,-2.840417,284.93,3.91,11.81,-16.73,0.00,-22.870311,2,0,0,0,0,,,,,,,,
9717,101592.453125,280.58,-9.983820,-2.082955,-1.503558,2.233808,-1.047197,-2.643535,284.97,3.91,11.87,-16.51,0.00,-21.645092,2,0,0,0,0,,,,,,,,
9727,101592.453125,280.58,-9.236829,-2.308010,-1.321599,2.202946,-1.131271,-2.481773,284.93,3.90,11.92,-16.30,0.00,-21.645092,2,0,0,0,0,,,,,,,,
9737,101554.156250,280.58,-8.437166,-3.337517,-1.177947,2.101844,-1.299418,-2.364708,285.12,3.90,12.72,-15.36,0.00,-18.548542,2,0,0,0,0,,,,,,,,
9747,101592.453125,280.58,-8.978256,-2.011129,-0.402225,2.020963,-1.506942,-2.257221,284.88,3.91,12.57,-15.36,0.00,-21.645092,2,0,0,0,0,,,,,,,,
9757,101588.468750,280.56,-9.399635,-2.691082,-0.507570,1.960302,-1.720852,-2.081624,285.22,3.91,12.53,-15.25,-0.00,-21.322973,2,0,0,0,0,,,,,,,,
9767,101611.593750,280.58,-16.443376,-2.264914,2.116474,2.052890,-2.077367,-1.670833,285.07,3.90,12.03,-15.58,0.00,-23.192380,2,0,0,0,0,,,,,,,,
9777,101630.750000,280.58,-21.787235,-1.647210,3.265691,2.501993,-2.722288,-0.770499,284.93,3.90,11.27,-16.17,0.00,-24.740695,2,0,0,0,0,,,,,,,,
9787,101611.593750,280.58,-18.459295,-1.948880,1.503558,3.025592,-3.074546,0.166019,284.93,3.90,11.09,-16.19,0.00,-23.192380,2,0,0,0,0,,,,,,,,
9797,101611.593750,280.58,-21.097705,-3.390189,0.818816,3.459795,-3.177776,1.261106,284.93,3.91,10.94,-16.18,0.00,-23.192380,2,0,0,0,0,,,,,,,,
9807,101630.750000,280.58,-20.954053,-2.877830,0.981622,3.600273,-3.101152,1.901770,284.78,3.90,10.45,-16.50,0.00,-24.740695,2,0,0,0,0,,,,,,,,
9817,101630.750000,280.58,-20.599710,-2.164358,1.216254,3.603466,-2.892563,2.162505,284.88,3.93,10.08,-16.70,0.00,-24.740695,2,0,0,0,0,,,,,,,,
9827,101611.593750,280.58,-6.483498,-2.758120,-0.531512,3.569411,-2.697810,2.179533,284.93,3.93,10.19,-16.43,0.00,-23.192380,2,0,0,0,0,,,,,,,,
9837,101611.593750,280.58,-7.848193,-2.590526,0.651222,3.537484,-2.534984,2.161441,284.88,3.94,10.27,-16.19,0.00,-23.192380,2,0,0,0,0,,,,,,,,
9847,101626.765625,280.56,-11.755530,-2.121262,0.047884,3.470438,-2.209331,2.197624,284.88,3.94,10.02,-16.27,0.00,-24.418676,2,0,0,0,0,,,,,,,,
9857,101626.765625,280.56,-12.401964,-1.757344,0.258573,3.397006,-1.649549,2.506250,284.88,3.94,9.84,-16.29,0.00,-24.418676,2,0,0,0,0,,,,,,,,
9867,101630.750000,280.58,-13.929465,-1.599326,0.268150,3.282070,-1.214280,2.926619,284.93,3.94,9.62,-16.35,0.00,-24.740695,2,0,0,0,0,,,,,,,,
9877,101630.750000,280.58,-16.041151,-1.642422,1.254561,3.205446,-0.756664,3.339538,284.78,3.94,9.46,-16.35,0.00,-24.740695,2,0,0,0,0,,,,,,,,
9887,101649.890625,280.58,-20.690690,-1.000776,0.928950,3.188418,-0.164954,3.605594,285.07,3.94,8.95,-16.68,0.00,-26.287511,2,0,0,0,0,,,,,,,,
9897,101649.890625,280.58,-14.398728,-1.029506,3.241749,3.278877,0.363965,3.722659,284.97,3.95,8.57,-16.89,0.00,-26.287511,2,0,0,0,0,,,,,,,,
9907,101630.750000,280.58,-11.463437,-0.924161,2.537853,3.235244,0.651305,3.655613,284.88,3.95,8.66,-16.64,0.00,-24.740695,2,0,0,0,0,,,,,,,,
9917,101630.750000,280.58,-7.891288,-0.531512,0.373495,3.199060,0.714095,3.617301,285.12,3.95,8.73,-16.40,0.00,-24.740695,2,0,0,0,0,,,,,,,,
9927,101649.890625,280.58,-5.382165,-0.359130,0.574608,3.175647,0.780077,3.634328,285.12,3.95,8.41,-16.56,0.00,-26.287511,2,0,0,0,0,,,,,,,,
9937,101630.750000,280.58,-5.870582,-0.924161,1.412578,3.102216,0.829031,3.661998,284.88,3.95,8.54,-16.27,0.00,-24.740695,2,0,0,0,0,,,,,,,,
9947,101649.890625,280.58,-9.232041,0.497993,1.987187,2.979830,0.841802,3.622622,284.93,3.95,8.26,-16.38,0.00,-26.287511,2,0,0,0,0,,,,,,,,
9957,101669.046875,280.58,-9.806650,0.287304,1.067813,2.794655,0.799233,3.477887,285.22,3.95,7.67,-16.80,0.00,-27.835355,2,0,0,0,0,,,,,,,,
9967,101645.906250,280.56,-12.861651,1.058237,0.952892,2.605223,0.786462,3.233116,284.88,3.95,7.68,-16.62,0.00,-25.965541,2,0,0,0,0,,,,,,,,
9977,101649.890625,280.58,-8.619126,0.684741,0.746990,2.315753,0.671526,2.925554,284.88,3.96,7.61,-16.53,0.00,-26.287511,2,0,0,0,0,,,,,,,,
9987,101669.046875,280.58,-7.259219,1.058237,0.837970,2.028413,0.559782,2.714838,284.88,3.96,7.18,-16.79,0.00,-27.835355,2,0,0,0,0,,,,,,,,
9997,101630.750000,280.58,-9.931148,1.436521,0.502782,1.631457,0.368221,2.400892,285.12,3.96,7.62,-16.20,-0.00,-24.740695,2,0,0,0,0,,,,,,,,
10007,101630.750000,280.58,-10.074800,1.867477,-0.359130,1.361144,0.262863,2.147606,284.88,3.95,7.96,-15.72,-0.00,-24.740695,2,0,0,0,0,,,,,,,,
10017,101630.750000,280.58,-10.146626,2.197877,-0.287304,1.073803,0.190496,1.864522,284.78,3.93,8.21,-15.32,-0.00,-24.740695,2,0,0,0,0,,,,,,,,
10027,101611.593750,280.58,-6.564900,2.269703,-0.450109,0.918426,0.197945,1.676154,284.88,3.92,8.79,-14.60,-0.00,-23.192380,2,0,0,0,0,,,,,,,,
10037,101630.750000,280.58,-5.137956,2.217030,-0.646434,0.800297,0.199010,1.576117,284.97,3.92,8.85,-14.41,-0.00,-24.740695,2,0,0,0,0,,,,,,,,
10047,101630.750000,280.58,-6.469132,2.054224,-0.866701,0.682168,0.138349,1.430318,284.93,3.92,8.89,-14.22,-0.00,-24.740695,2,0,0,0,0,,,,,,,,
10057,101630.750000,280.58,-9.485827,2.523488,-0.512359,0.348001,-0.081945,1.079124,284.93,3.92,8.93,-14.05,-0.00,-24.740695,2,0,0,0,0,,,,,,,,
10067,101630.750000,280.58,-9.045293,2.729389,-0.842759,-0.087266,-0.371414,0.691746,284.93,3.91,8.95,-13.89,-0.00,-24.740695,2,0,0,0,0,,,,,,,,
10077,101630.750000,280.58,-6.191405,1.580173,-0.560243,-0.529984,-0.661948,0.335230,284.88,3.91,8.97,-13.74,-0.00,-24.740695,2,0,0,0,0,,,,,,,,
10087,101630.750000,280.58,-13.905523,3.854664,-0.383072,-1.254721,-1.081252,-0.449103,284.93,3.91,8.99,-13.59,-0.00,-24.740695,2,0,0,0,0,,,,,,,,
10097,101649.890625,280.58,-10.706870,2.106897,0.316034,-1.668705,-1.295162,-1.161069,285.12,3.91,8.62,-13.81,-0.00,-26.287511,2,0,0,0,0,,,,,,,,
10107,101630.750000,280.58,-11.607089,3.462015,0.890643,-1.805990,-1.288776,-1.734686,284.93,3.90,8.72,-13.58,-0.00,-24.740695,2,0,0,0,0,,,,,,,,
10117,101649.890625,280.58,-6.244078,2.035071,0.181959,-1.870907,-1.246207,-2.047569,285.07,3.91,8.42,-13.74,-0.00,-26.287511,2,0,0,0,0,,,,,,,,
10127,101649.890625,280.58,-4.572925,2.130839,-0.028730,-1.812375,-1.185546,-2.130578,284.97,3.90,8.19,-13.83,-0.00,-26.287511,2,0,0,0,0,,,,,,,,
10137,101665.046875,280.56,-5.607220,1.326387,0.541089,-1.742136,-1.135528,-2.239129,285.12,3.91,7.71,-14.16,-0.00,-27.512170,2,0,0,0,0,,,,,,,,
10147,101669.046875,280.58,-6.320692,1.656787,0.957680,-1.625071,-1.034426,-2.372158,285.07,3.91,7.27,-14.45,-0.00,-27.835355,2,0,0,0,0,,,,,,,,
10157,101669.046875,280.58,-5.176263,0.809240,1.537077,-1.465438,-0.946096,-2.467938,285.22,3.91,6.93,-14.64,0.00,-27.835355,2,0,0,0,0,,,,,,,,
10167,101669.046875,280.58,-5.501875,1.216254,1.297657,-1.334538,-0.855637,-2.511571,284.93,3.90,6.68,-14.74,0.00,-27.835355,2,0,0,0,0,,,,,,,,
10177,101688.187500,280.58,-5.003881,1.197100,1.695094,-1.232372,-0.785398,-2.546690,284.73,3.90,6.11,-15.16,0.00,-29.381700,2,0,0,0,0,,,,,,,,
10187,101707.328125,280.58,-4.146757,0.493205,0.694318,-1.153620,-0.735379,-2.555204,284.88,3.90,5.29,-15.81,0.00,-30.927808,2,0,0,0,0,,,,,,,,
10197,101707.328125,280.58,-4.113238,0.440533,1.331176,-1.099344,-0.716223,-2.554140,284.97,3.90,4.66,-16.26,0.00,-30.927808,2,0,0,0,0,,,,,,,,
10207,101707.328125,280.58,-3.931279,0.656011,1.532289,-1.018463,-0.675782,-2.522213,284.93,3.90,4.20,-16.55,0.00,-30.927808,2,0,0,0,0,,,,,,,,
10217,101688.187500,280.58,-3.821145,-0.100556,1.192312,-0.941839,-0.622571,-2.516892,285.07,3.92,4.23,-16.36,0.00,-29.381700,2,0,0,0,0,,,,,,,,
10227,101707.328125,280.58,-3.797203,0.071826,1.000776,-0.884371,-0.592773,-2.503057,284.88,3.93,3.86,-16.55,0.00,-30.927808,2,0,0,0,0,,,,,,,,
10237,101726.484375,280.58,-4.390965,0.306457,1.302445,-0.852444,-0.565103,-2.472195,285.22,3.94,3.21,-17.03,0.00,-32.474945,2,0,0,0,0,,,,,,,,
10247,101707.328125,280.58,-6.234500,0.019153,1.244984,-0.809875,-0.504442,-2.427497,284.88,3.94,3.09,-16.98,0.00,-30.927808,2,0,0,0,0,,,,,,,,
10257,101703.343750,280.56,-8.499416,0.311246,1.862688,-0.735379,-0.405469,-2.338102,285.07,3.94,3.09,-16.81,0.00,-30.605985,2,0,0,0,0,,,,,,,,
10267,101707.328125,280.58,-9.533711,-0.205901,1.939303,-0.643856,-0.284148,-2.227423,284.88,3.94,3.01,-16.73,0.00,-30.927808,2,0,0,0,0,,,,,,,,
10277,101726.484375,280.58,-9.097966,0.244208,1.944091,-0.576810,-0.177725,-2.111422,284.88,3.94,2.56,-17.00,0.00,-32.474945,2,0,0,0,0,,,,,,,,
10287,101730.468750,280.60,-8.805873,-0.632069,1.675941,-0.533176,-0.087266,-2.033734,284.78,3.95,2.15,-17.24,0.00,-32.796710,2,0,0,0,0,,,,,,,,
10297,101726.484375,280.58,-8.058882,-0.057460,1.561019,-0.505506,0.004256,-1.967752,284.93,3.95,1.91,-17.30,0.00,-32.474945,2,0,0,0,0,,,,,,,,
10307,101726.484375,280.58,-9.059659,-0.909796,1.278503,-0.449103,0.137285,-1.899641,284.93,3.95,1.73,-17.31,0.00,-32.474945,2,0,0,0,0,,,,,,,,
10317,101726.484375,280.58,-7.484274,-0.991199,1.647210,-0.323524,0.272441,-1.788962,285.07,3.95,1.60,-17.27,0.00,-32.474945,2,0,0,0,0,,,,,,,,
10327,101726.484375,280.58,-5.525817,-1.522712,1.594538,-0.228808,0.334166,-1.729365,284.97,3.95,1.50,-17.20,0.00,-32.474945,2,0,0,0,0,,,,,,,,
10337,101726.484375,280.58,-4.855441,-1.589749,1.838746,-0.155376,0.348001,-1.655934,284.88,3.95,1.43,-17.10,0.00,-32.474945,2,0,0,0,0,,,,,,,,
10347,101726.484375,280.58,-5.621585,-1.628057,1.599326,-0.067046,0.382056,-1.548447,284.88,3.95,1.37,-16.99,0.00,-32.474945,2,0,0,0,0,,,,,,,,
10357,101726.484375,280.58,-6.416460,-2.193088,1.503558,0.038312,0.383121,-1.419676,285.12,3.95,1.33,-16.86,0.00,-32.474945,2,0,0,0,0,,,,,,,,
10367,101879.656250,280.58,-43.775581,-96.031425,-63.652244,-2.992601,-4.460167,-5.521200,285.22,3.95,-1.77,-19.72,0.01,-44.837242,2,0,0,0,0,,,,,,,,
10377,102281.750000,280.58,-156.906402,-91.334007,27.447128,-0.147927,-4.769857,1.573989,285.07,3.95,-12.19,-29.64,0.05,-77.218223,2,0,0,0,0,,,,,,,,
10387,101860.515625,280.58,68.368820,-47.769111,-91.769752,-0.103229,-2.356194,0.005321,284.97,3.95,-11.64,-28.82,0.04,-43.293251,2,0,0,0,0,,,,,,,,
10397,101745.625000,280.58,2.896984,-7.359776,58.437675,-0.101101,-0.017027,0.005321,284.78,3.96,-8.91,-25.89,0.02,-34.020584,2,0,0,0,0,,,,,,,,
10407,101745.625000,280.58,-0.861912,-14.484920,7.259219,-0.102165,-0.157505,0.008513,284.88,3.96,-6.84,-23.63,0.01,-34.020584,2,0,0,0,0,,,,,,,,
10417,101745.625000,280.58,-0.746990,-4.850652,2.173935,-0.097908,0.014899,0.012770,284.78,3.94,-5.26,-21.87,0.00,-34.020584,2,0,0,0,0,,,,,,,,
10427,101745.625000,280.58,1.484405,-6.229712,6.636726,-0.100037,0.073431,0.008513,284.78,3.92,-4.07,-20.50,0.00,-34.020584,2,0,0,0,0,,,,,,,,
10437,101745.625000,280.58,0.670376,-5.195417,2.652775,-0.100037,0.079816,0.007449,284.93,3.92,-3.16,-19.42,-0.00,-34.020584,2,0,0,0,0,,,,,,,,
10447,101783.921875,280.58,1.599326,-5.161898,0.766144,-0.096844,0.035119,0.009578,284.97,3.92,-3.24,-19.31,-0.00,-37.112415,2,0,0,0,0,,,,,,,,
10457,101764.781250,280.58,4.515464,-4.165910,0.445321,-0.097908,-0.255414,0.010642,284.88,3.92,-2.92,-18.81,-0.00,-35.567245,2,1,0,0,0,,,,,,,,
10467,101937.093750,280.58,-80.014221,-52.749050,143.762237,-0.100037,-17.333036,0.005321,284.78,3.92,-6.14,-21.75,0.00,-49.469066,2,1,0,1,0,,,,,,,,
10477,101975.390625,280.58,-110.899421,-14.197615,-19.325996,-0.095780,-14.602233,0.012770,284.93,3.92,-9.34,-24.65,0.01,-52.556194,2,1,0,1,0,,,,,,,,
10487,101764.781250,280.58,3.351882,-44.733264,141.530838,-0.102165,-1.631457,0.008513,284.93,3.91,-7.54,-22.66,0.00,-35.567245,2,1,0,1,0,,,,,,,,
10497,101779.937500,280.56,-3.787626,21.226991,29.113492,-0.095780,-0.664076,0.013834,284.97,3.91,-6.47,-21.40,0.00,-36.790786,2,1,0,1,0,,,,,,,,
10507,101764.781250,280.58,-2.705447,-0.067037,-8.485051,-0.098972,1.008885,0.010642,284.88,3.90,-5.36,-20.12,-0.00,-35.567245,2,1,0,1,0,,,,,,,,
10517,101760.781250,280.56,-3.442862,-5.272032,20.341136,-0.101101,1.084445,0.011706,284.88,3.91,-4.43,-19.02,-0.00,-35.244308,2,1,0,1,0,,,,,,,,
10527,101764.781250,280.58,-6.569689,-4.247313,-1.589749,-0.098972,0.987600,0.007449,284.88,3.90,-3.81,-18.23,-0.00,-35.567245,2,1,0,1,0,,,,,,,,
10537,101764.781250,280.58,-1.594538,-6.818686,5.808333,-0.101101,1.001435,0.005321,284.93,3.90,-3.34,-17.59,-0.01,-35.567245,2,1,0,1,0,,,,,,,,
10547,101783.921875,280.58,1.101332,-6.210558,4.491522,-0.098972,0.869471,0.009578,284.93,3.90,-3.36,-17.45,-0.01,-37.112415,2,1,0,1,0,,,,,,,,
10557,101783.921875,280.58,2.911349,-7.383718,6.675034,-0.098972,0.819453,0.010642,285.12,3.91,-3.38,-17.30,-0.01,-37.112415,2,1,0,1,0,,,,,,,,
10567,101764.781250,280.58,4.175487,-9.777919,9.586383,-0.103229,0.763049,0.004256,284.88,3.90,-3.01,-16.76,-0.01,-35.567245,2,1,0,1,0,,,,,,,,
10577,101764.781250,280.58,-1.848323,-7.225700,6.392518,-0.101101,0.723673,0.003192,284.93,3.90,-2.72,-16.33,-0.01,-35.567245,2,1,0,1,0,,,,,,,,
10587,101764.781250,280.58,8.461108,-12.440271,12.808979,-0.098972,0.623635,0.008513,284.93,3.90,-2.50,-15.96,-0.01,-35.567245,2,1,0,1,0,,,,,,,,
10597,101764.781250,280.58,6.962338,-11.712434,16.620548,-0.101101,0.299047,0.006385,284.93,3.90,-2.34,-15.64,-0.01,-35.567245,2,1,0,1,0,,,,,,,,
10607,101764.781250,280.58,4.189852,-4.687846,10.697293,-0.097908,0.047890,0.008513,284.88,3.90,-2.21,-15.37,-0.01,-35.567245,2,1,0,1,0,,,,,,,,
10617,101764.781250,280.58,3.050212,-4.630385,6.200982,-0.097908,-0.013834,0.009578,284.88,3.93,-2.12,-15.12,-0.01,-35.567245,2,1,0,1,0,,,,,,,,
10627,101745.625000,280.58,3.189076,-5.525817,7.498639,-0.095780,-0.008513,0.011706,284.88,3.94,-1.66,-14.53,-0.01,-34.020584,2,1,0,1,0,,,,,,,,
10637,101764.781250,280.58,3.203441,-5.444414,7.268796,-0.101101,-0.003192,0.007449,285.07,3.94,-1.69,-14.42,-0.01,-35.567245,2,1,0,1,0,,,,,,,,
10647,101760.781250,280.56,3.126827,-5.564124,6.952761,-0.098972,-0.002128,0.011706,284.97,3.94,-1.64,-14.23,-0.01,-35.244308,2,1,0,1,0,,,,,,,,
10657,101760.781250,280.56,3.256114,-5.607220,7.101202,-0.100037,-0.005321,0.008513,284.88,3.94,-1.59,-14.05,-0.01,-35.244308,2,1,0,1,0,,,,,,,,
10667,101760.781250,280.56,3.241749,-5.669469,7.177816,-0.098972,-0.004256,0.007449,284.93,3.94,-1.56,-13.88,-0.01,-35.244308,2,1,0,1,0,,,,,,,,
10677,101760.781250,280.56,3.323151,-5.717353,7.211335,-0.102165,-0.004256,0.005321,284.97,3.95,-1.53,-13.72,-0.01,-35.244308,2,1,0,1,0,,,,,,,,
10687,101760.781250,280.56,3.260902,-5.750872,7.259219,-0.100037,-0.008513,0.004256,284.78,3.95,-1.51,-13.57,-0.01,-35.244308,2,1,0,1,0,,,,,,,,
10697,101760.781250,280.56,3.299209,-5.712564,7.278373,-0.100037,-0.003192,0.008513,284.78,3.95,-1.50,-13.42,-0.00,-35.244308,2,1,0,1,0,,,,,,,,
10707,101779.937500,280.56,3.313575,-5.760449,7.264008,-0.103229,-0.005321,0.007449,284.93,3.95,-1.87,-13.65,-0.00,-36.790786,2,1,0,1,0,,,,,,,,
10717,101760.781250,280.56,3.294421,-5.746084,7.244854,-0.100037,-0.004256,0.007449,284.88,3.96,-1.76,-13.42,-0.00,-35.244308,2,1,0,1,0,,,,,,,,
10727,101760.781250,280.56,3.270479,-5.722141,7.235277,-0.100037,-0.005321,0.010642,284.88,3.95,-1.68,-13.21,-0.00,-35.244308,2,1,0,1,0,,,,,,,,
10737,101756.796875,280.55,3.251325,-5.736507,7.254431,-0.102165,-0.006385,0.004256,284.93,3.95,-1.54,-12.94,-0.00,-34.922622,2,1,0,1,0,,,,,,,,
10747,101756.796875,280.55,3.303998,-5.770026,7.264008,-0.104294,-0.005321,0.005321,285.07,3.95,-1.43,-12.71,-0.00,-34.922622,2,1,0,1,0,,,,,,,,
10757,101752.796875,280.53,3.256114,-5.712564,7.244854,-0.098972,-0.006385,0.012770,284.88,3.95,-1.27,-12.43,-0.00,-34.599662,2,1,0,1,0,,,,,,,,
10767,101752.796875,280.53,3.303998,-5.736507,7.225700,-0.102165,-0.004256,0.003192,284.93,3.96,-1.14,-12.19,-0.00,-34.599662,2,1,0,1,0,,,,,,,,
10777,101752.796875,280.53,3.275267,-5.712564,7.230488,-0.098972,-0.005321,0.009578,284.88,3.95,-1.05,-11.98,-0.00,-34.599662,2,1,0,1,0,,,,,,,,
10787,101752.796875,280.53,3.265691,-5.722141,7.244854,-0.105358,-0.005321,0.003192,284.88,3.96,-0.97,-11.79,-0.00,-34.599662,2,1,0,1,0,,,,,,,,
10797,101771.937500,280.53,3.327940,-5.702988,7.259219,-0.101101,-0.005321,0.005321,284.58,3.95,-1.30,-11.99,-0.00,-36.144977,2,1,0,1,0,,,,,,,,
10807,101771.937500,280.53,3.270479,-5.746084,7.268796,-0.100037,-0.005321,0.006385,284.73,3.95,-1.55,-12.12,-0.00,-36.144977,2,1,0,1,0,,,,,,,,
10817,101752.796875,280.53,3.299209,-5.707776,7.254431,-0.096844,-0.010642,0.010642,284.93,3.94,-1.35,-11.81,-0.00,-34.599662,2,1,0,1,0,,,,,,,,
10827,101767.968750,280.51,3.251325,-5.726930,7.264008,-0.098972,-0.005321,0.012770,284.93,3.92,-1.51,-11.84,-0.00,-35.824581,2,1,0,1,0,,,,,,,,
10837,101771.937500,280.53,3.275267,-5.741295,7.264008,-0.097908,-0.005321,0.007449,284.88,3.92,-1.70,-11.92,-0.00,-36.144977,2,1,0,1,0,,,,,,,,
10847,101767.968750,280.51,3.280056,-5.736507,7.230488,-0.100037,-0.001064,0.009578,284.93,3.92,-1.77,-11.87,-0.00,-35.824581,2,1,0,1,0,,,,,,,,
10857,101767.968750,280.51,3.275267,-5.726930,7.249642,-0.101101,-0.001064,0.007449,284.88,3.92,-1.82,-11.80,-0.00,-35.824581,2,1,0,1,0,,,,,,,,
10867,101748.828125,280.51,3.246537,-5.722141,7.254431,-0.102165,0.003192,0.006385,284.93,3.91,-1.47,-11.35,-0.00,-34.279216,2,1,0,1,0,,,,,,,,
10877,101748.828125,280.51,3.303998,-5.731718,7.254431,-0.100037,0.003192,0.009578,284.73,3.91,-1.21,-10.98,-0.00,-34.279216,2,1,0,1,0,,,,,,,,
10887,101767.968750,280.51,3.284844,-5.765237,7.268796,-0.102165,0.002128,0.006385,284.78,3.91,-1.39,-11.06,-0.00,-35.824581,2,1,0,1,0,,,,,,,,
10897,101767.968750,280.51,3.256114,-5.693411,7.264008,-0.098972,0.002128,0.008513,284.68,3.91,-1.53,-11.08,-0.00,-35.824581,2,1,0,1,0,,,,,,,,
10907,101767.968750,280.51,3.270479,-5.746084,7.244854,-0.098972,-0.001064,0.009578,284.93,3.91,-1.64,-11.08,-0.00,-35.824581,2,1,0,1,0,,,,,,,,
10917,101767.968750,280.51,3.289633,-5.731718,7.244854,-0.100037,-0.001064,0.009578,284.88,3.91,-1.72,-11.04,-0.00,-35.824581,2,1,0,1,0,,,,,,,,
10927,101767.968750,280.51,3.299209,-5.693411,7.259219,-0.097908,-0.001064,0.010642,284.78,3.91,-1.77,-10.99,-0.00,-35.824581,2,1,0,1,0,,,,,,,,
10937,101767.968750,280.51,3.260902,-5.702988,7.264008,-0.098972,-0.004256,0.009578,284.78,3.90,-1.82,-10.93,-0.00,-35.824581,2,1,0,1,0,,,,,,,,
10947,101767.968750,280.51,3.270479,-5.736507,7.254431,-0.096844,-0.006385,0.010642,284.73,3.90,-1.85,-10.85,-0.00,-35.824581,2,1,0,1,0,,,,,,,,
10957,101763.968750,280.50,3.256114,-5.702988,7.259219,-0.101101,-0.006385,0.009578,284.88,3.91,-1.79,-10.69,-0.00,-35.501651,2,1,0,1,0,,,,,,,,
10967,101783.109375,280.50,3.280056,-5.741295,7.249642,-0.098972,-0.005321,0.007449,284.78,3.90,-2.13,-10.92,-0.00,-37.046829,2,1,0,1,0,,,,,,,,
10977,101763.968750,280.50,3.284844,-5.746084,7.235277,-0.096844,-0.008513,0.012770,284.78,3.90,-2.01,-10.69,-0.00,-35.501651,2,1,0,1,0,,,,,,,,
10987,101763.968750,280.50,3.275267,-5.746084,7.254431,-0.100037,-0.008513,0.007449,284.93,3.90,-1.91,-10.49,-0.00,-35.501651,2,1,0,1,0,,,,,,,,
10997,101767.968750,280.51,3.289633,-5.755661,7.230488,-0.096844,-0.011706,0.011706,284.73,3.90,-1.92,-10.40,-0.00,-35.824581,2,1,0,1,0,,,,,,,,
11007,101763.968750,280.50,3.284844,-5.717353,7.249642,-0.100037,-0.014899,0.009578,284.88,3.91,-1.84,-10.22,-0.00,-35.501651,2,1,0,1,0,,,,,,,,
11017,101783.109375,280.50,3.280056,-5.736507,7.254431,-0.100037,-0.003192,0.009578,284.78,3.92,-2.16,-10.44,-0.00,-37.046829,2,1,0,1,0,,,,,,,,
11027,101783.109375,280.50,3.289633,-5.722141,7.249642,-0.098972,-0.003192,0.010642,284.78,3.93,-2.41,-10.58,-0.00,-37.046829,2,1,0,1,0,,,,,,,,
11037,101763.968750,280.50,3.270479,-5.688622,7.264008,-0.103229,-0.007449,0.004256,284.78,3.94,-2.21,-10.28,-0.00,-35.501651,2,1,0,1,0,,,,,,,,
11047,101783.109375,280.50,3.289633,-5.722141,7.244854,-0.098972,-0.005321,0.008513,284.78,3.94,-2.45,-10.41,-0.00,-37.046829,2,1,0,1,0,,,,,,,,
11057,101783.109375,280.50,3.284844,-5.731718,7.249642,-0.100037,-0.005321,0.006385,284.53,3.94,-2.62,-10.48,-0.00,-37.046829,2,1,0,1,0,,,,,,,,
11067,101763.968750,280.50,3.294421,-5.693411,7.264008,-0.097908,-0.005321,0.009578,284.78,3.95,-2.37,-10.13,-0.00,-35.501651,2,1,0,1,0,,,,,,,,
11077,101779.125000,280.48,3.299209,-5.736507,7.230488,-0.098972,-0.005321,0.009578,284.73,3.94,-2.48,-10.14,-0.00,-36.725196,2,1,0,1,0,,,,,,,,
11087,101759.984375,280.48,3.303998,-5.722141,7.254431,-0.100037,-0.005321,0.009578,284.78,3.94,-2.18,-9.75,-0.00,-35.179973,2,1,0,1,0,,,,,,,,
11097,101779.125000,280.48,3.299209,-5.746084,7.259219,-0.101101,-0.004256,0.008513,284.78,3.95,-2.34,-9.81,-0.00,-36.725196,2,1,0,1,0,,,,,,,,
11107,101779.125000,280.48,3.284844,-5.722141,7.254431,-0.098972,-0.002128,0.008513,284.73,3.95,-2.46,-9.83,-0.00,-36.725196,2,1,0,1,0,,,,,,,,
11117,101779.125000,280.48,3.280056,-5.731718,7.273584,-0.101101,-0.004256,0.007449,284.78,3.95,-2.55,-9.82,-0.00,-36.725196,2,1,0,1,0,,,,,,,,
11127,101779.125000,280.48,3.246537,-5.731718,7.283161,-0.097908,-0.005321,0.007449,284.78,3.96,-2.61,-9.79,-0.00,-36.725196,2,1,0,1,0,,,,,,,,
11137,101779.125000,280.48,3.284844,-5.722141,7.240066,-0.097908,-0.004256,0.009578,284.53,3.96,-2.66,-9.74,-0.00,-36.725196,2,1,0,1,0,,,,,,,,
11147,101775.140625,280.47,3.265691,-5.736507,7.264008,-0.095780,-0.005321,0.009578,284.73,3.95,-2.62,-9.61,-0.00,-36.403556,2,1,0,1,0,,,,,,,,
11157,101775.140625,280.47,3.280056,-5.722141,7.254431,-0.100037,-0.006385,0.009578,284.88,3.95,-2.59,-9.48,-0.00,-36.403556,2,1,0,1,0,,,,,,,,
11167,101775.140625,280.47,3.284844,-5.765237,7.259219,-0.098972,-0.001064,0.008513,284.68,3.96,-2.56,-9.36,-0.00,-36.403556,2,1,0,1,0,,,,,,,,
11177,101775.140625,280.47,3.308786,-5.741295,7.230488,-0.100037,-0.005321,0.008513,284.73,3.96,-2.54,-9.25,-0.00,-36.403556,2,1,0,1,0,,,,,,,,
11187,101756.000000,280.47,3.289633,-5.731718,7.235277,-0.097908,-0.004256,0.007449,284.73,3.96,-2.14,-8.77,-0.00,-34.858283,2,1,0,1,0,,,,,,,,
11197,101752.000000,280.45,3.289633,-5.722141,7.273584,-0.103229,-0.005321,0.006385,284.93,3.95,-1.75,-8.31,-0.00,-34.535324,2,1,0,1,0,,,,,,,,
11207,101771.156250,280.45,3.294421,-5.731718,7.259219,-0.101101,-0.005321,0.008513,284.53,3.96,-1.85,-8.32,-0.00,-36.081909,2,1,0,1,0,,,,,,,,
11217,101771.156250,280.45,3.275267,-5.741295,7.254431,-0.098972,-0.008513,0.009578,284.73,3.93,-1.92,-8.31,-0.00,-36.081909,2,1,0,1,0,,,,,,,,
11227,101771.156250,280.45,3.299209,-5.736507,7.259219,-0.100037,-0.011706,0.008513,284.73,3.92,-1.97,-8.28,-0.00,-36.081909,2,1,0,1,0,,,,,,,,
11237,101771.156250,280.45,3.294421,-5.712564,7.264008,-0.102165,-0.013834,0.008513,284.88,3.92,-2.01,-8.24,-0.00,-36.081909,2,1,0,1,0,,,,,,,,
11247,101771.156250,280.45,3.270479,-5.693411,7.259219,-0.101101,-0.010642,0.007449,284.78,3.92,-2.04,-8.19,-0.00,-36.081909,2,1,0,1,0,,,,,,,,
11257,101771.156250,280.45,3.265691,-5.760449,7.249642,-0.100037,-0.011706,0.006385,284.44,3.92,-2.06,-8.13,-0.00,-36.081909,2,1,0,1,0,,,,,,,,
11267,101767.156250,280.43,3.270479,-5.717353,7.240066,-0.098972,-0.013834,0.009578,284.68,3.91,-1.99,-7.99,-0.00,-35.758987,2,1,0,1,0,,,,,,,,
11277,101786.296875,280.43,3.289633,-5.755661,7.259219,-0.101101,-0.009578,0.007449,284.53,3.91,-2.33,-8.23,-0.00,-37.304122,2,1,0,1,0,,,,,,,,
11287,101786.296875,280.43,3.265691,-5.698199,7.259219,-0.100037,-0.005321,0.009578,284.68,3.91,-2.58,-8.40,-0.00,-37.304122,2,1,0,1,0,,,,,,,,
11297,101767.156250,280.43,3.284844,-5.736507,7.278373,-0.100037,-0.004256,0.011706,284.73,3.91,-2.39,-8.13,-0.00,-35.758987,2,1,0,1,0,,,,,,,,
11307,101786.296875,280.43,3.275267,-5.750872,7.287950,-0.101101,0.000000,0.005321,284.73,3.91,-2.63,-8.28,-0.00,-37.304122,2,1,0,1,0,,,,,,,,
11317,101767.156250,280.43,3.280056,-5.726930,7.254431,-0.098972,0.001064,0.006385,284.73,3.90,-2.42,-8.00,-0.00,-35.758987,2,1,0,1,0,,,,,,,,
11327,101786.296875,280.43,3.294421,-5.746084,7.268796,-0.100037,0.004256,0.009578,284.78,3.91,-2.65,-8.15,-0.00,-37.304122,2,1,0,1,0,,,,,,,,
11337,101763.156250,280.42,3.280056,-5.717353,7.268796,-0.102165,0.006385,0.008513,284.88,3.90,-2.36,-7.78,-0.00,-35.436054,2,1,0,1,0,,,,,,,,
11347,101782.296875,280.42,3.289633,-5.731718,7.259219,-0.096844,0.005321,0.009578,284.73,3.91,-2.52,-7.87,-0.00,-36.981239,2,1,0,1,0,,,,,,,,
11357,101763.156250,280.42,3.303998,-5.741295,7.268796,-0.102165,0.001064,0.006385,284.68,3.90,-2.26,-7.53,-0.00,-35.436054,2,1,0,1,0,,,,,,,,
11367,101778.312500,280.40,3.294421,-5.688622,7.254431,-0.101101,0.000000,0.006385,284.78,3.90,-2.36,-7.56,-0.00,-36.659610,2,1,0,1,0,,,,,,,,
11377,101759.171875,280.40,3.275267,-5.698199,7.254431,-0.100037,-0.001064,0.009578,284.78,3.90,-2.06,-7.19,-0.00,-35.114372,2,1,0,1,0,,,,,,,,
11387,101778.312500,280.40,3.260902,-5.722141,7.259219,-0.097908,-0.006385,0.008513,284.68,3.90,-2.21,-7.27,-0.00,-36.659610,2,1,0,1,0,,,,,,,,
11397,101778.312500,280.40,3.227383,-5.731718,7.254431,-0.102165,-0.007449,0.008513,284.78,3.90,-2.32,-7.31,-0.00,-36.659610,2,1,0,1,0,,,,,,,,
11407,101774.328125,280.38,3.308786,-5.741295,7.249642,-0.101101,-0.012770,0.008513,284.68,3.90,-2.33,-7.25,-0.00,-36.337966,2,1,0,1,0,,,,,,,,
11417,101774.328125,280.38,3.299209,-5.731718,7.264008,-0.102165,-0.004256,0.009578,284.88,3.92,-2.34,-7.18,-0.00,-36.337966,2,1,0,1,0,,,,,,,,
11427,101774.328125,280.38,3.275267,-5.750872,7.297526,-0.098972,-0.007449,0.009578,284.68,3.94,-2.34,-7.12,-0.00,-36.337966,2,1,0,1,0,,,,,,,,
11437,101793.468750,280.38,3.299209,-5.726930,7.259219,-0.096844,-0.004256,0.010642,284.78,3.94,-2.72,-7.42,-0.00,-37.883018,2,1,0,1,0,,,,,,,,
11447,101774.328125,280.38,3.294421,-5.736507,7.273584,-0.097908,-0.005321,0.009578,284.44,3.94,-2.63,-7.26,-0.00,-36.337966,2,1,0,1,0,,,,,,,,
11457,101770.328125,280.37,3.270479,-5.698199,7.249642,-0.101101,-0.006385,0.006385,284.58,3.94,-2.48,-7.04,-0.00,-36.015052,2,1,0,1,0,,,,,,,,
11467,101770.328125,280.37,3.289633,-5.712564,7.264008,-0.095780,-0.004256,0.011706,284.44,3.94,-2.37,-6.86,-0.00,-36.015052,2,1,0,1,0,,,,,,,,
11477,101770.328125,280.37,3.294421,-5.702988,7.287950,-0.102165,-0.007449,0.007449,284.53,3.95,-2.28,-6.71,-0.00,-36.015052,2,1,0,1,0,,,,,,,,
11487,101770.328125,280.37,3.299209,-5.693411,7.273584,-0.100037,-0.004256,0.007449,284.73,3.94,-2.21,-6.58,-0.00,-36.015052,2,1,0,1,0,,,,,,,,
11497,101766.343750,280.35,3.260902,-5.746084,7.268796,-0.103229,-0.006385,0.004256,284.73,3.95,-2.08,-6.39,-0.00,-35.693389,2,1,0,1,0,,,,,,,,
11507,101781.500000,280.33,3.251325,-5.712564,7.297526,-0.104294,-0.002128,0.005321,284.58,3.95,-2.28,-6.53,-0.00,-36.916915,2,1,0,1,0,,,,,,,,
11517,101785.468750,280.35,3.251325,-5.736507,7.278373,-0.100037,-0.006385,0.006385,284.58,3.95,-2.52,-6.69,-0.00,-37.237277,2,1,0,1,0,,,,,,,,
11527,101785.468750,280.35,3.275267,-5.726930,7.259219,-0.101101,-0.004256,0.004256,284.39,3.96,-2.70,-6.80,-0.00,-37.237277,2,1,0,1,0,,,,,,,,
11537,101781.500000,280.33,3.265691,-5.722141,7.259219,-0.097908,-0.003192,0.009578,284.88,3.95,-2.75,-6.78,-0.00,-36.916915,2,1,0,1,0,,,,,,,,
11547,101762.359375,280.33,3.289633,-5.750872,7.278373,-0.101101,-0.005321,0.006385,284.68,3.96,-2.41,-6.38,-0.00,-35.371719,2,1,0,1,0,,,,,,,,
11557,101781.500000,280.33,3.265691,-5.741295,7.264008,-0.100037,-0.002128,0.009578,284.58,3.95,-2.53,-6.44,-0.00,-36.916915,2,1,0,1,0,,,,,,,,
11567,101777.468750,280.32,3.299209,-5.722141,7.287950,-0.097908,-0.004256,0.008513,284.58,3.96,-2.54,-6.39,-0.00,-36.591499,2,1,0,1,0,,,,,,,,
11577,101762.359375,280.33,3.308786,-5.726930,7.273584,-0.096844,-0.004256,0.012770,284.68,3.96,-2.25,-6.04,-0.00,-35.371719,2,1,0,1,0,,,,,,,,
11587,101758.343750,280.32,3.265691,-5.731718,7.273584,-0.103229,-0.003192,0.007449,284.44,3.95,-1.94,-5.69,-0.00,-35.047512,2,1,0,1,0,,,,,,,,
11597,101773.484375,280.30,3.289633,-5.741295,7.292738,-0.098972,-0.007449,0.009578,284.73,3.95,-2.01,-5.70,-0.00,-36.269855,2,1,0,1,0,,,,,,,,
11607,101777.468750,280.32,3.260902,-5.717353,7.273584,-0.097908,-0.004256,0.008513,284.68,3.95,-2.15,-5.78,-0.00,-36.591499,2,1,0,1,0,,,,,,,,
11617,101773.484375,280.30,3.265691,-5.717353,7.287950,-0.098972,-0.009578,0.008513,284.53,3.94,-2.17,-5.74,-0.00,-36.269855,2,1,0,1,0,,,,,,,,
11627,101773.484375,280.30,3.303998,-5.722141,7.254431,-0.100037,-0.012770,0.009578,284.78,3.92,-2.19,-5.70,-0.00,-36.269855,2,1,0,1,0,,,,,,,,
11637,101773.484375,280.30,3.270479,-5.741295,7.292738,-0.097908,-0.009578,0.010642,284.68,3.92,-2.20,-5.66,-0.00,-36.269855,2,1,0,1,0,,,,,,,,
11647,101773.484375,280.30,3.280056,-5.731718,7.278373,-0.101101,-0.011706,0.006385,284.44,3.92,-2.21,-5.61,-0.00,-36.269855,2,1,0,1,0,,,,,,,,
11657,101769.484375,280.28,3.270479,-5.702988,7.273584,-0.102165,-0.009578,0.004256,284.58,3.91,-2.13,-5.49,-0.00,-35.946937,2,1,0,1,0,,,,,,,,
11667,101773.484375,280.30,3.265691,-5.731718,7.249642,-0.100037,-0.006385,0.008513,284.53,3.91,-2.16,-5.45,-0.00,-36.269855,2,1,0,1,0,,,,,,,,
11677,101769.484375,280.28,3.275267,-5.736507,7.268796,-0.098972,-0.005321,0.008513,284.68,3.92,-2.09,-5.34,-0.00,-35.946937,2,1,0,1,0,,,,,,,,
11687,101769.484375,280.28,3.284844,-5.722141,7.278373,-0.101101,-0.002128,0.007449,284.58,3.91,-2.05,-5.24,-0.00,-35.946937,2,1,0,1,0,,,,,,,,
11697,101765.484375,280.27,3.265691,-5.688622,7.283161,-0.096844,0.000000,0.009578,284.53,3.91,-1.93,-5.08,-0.00,-35.624011,2,1,0,1,0,,,,,,,,
11707,101765.484375,280.27,3.284844,-5.712564,7.278373,-0.097908,0.006385,0.011706,284.34,3.91,-1.84,-4.94,-0.00,-35.624011,2,1,0,1,0,,,,,,,,
11717,101765.484375,280.27,3.308786,-5.722141,7.292738,-0.101101,0.004256,0.010642,284.78,3.91,-1.77,-4.83,-0.00,-35.624011,2,1,0,1,0,,,,,,,,
11727,101784.625000,280.27,3.280056,-5.736507,7.273584,-0.098972,0.006385,0.009578,284.58,3.90,-2.10,-5.10,-0.00,-37.169170,2,1,0,1,0,,,,,,,,
11737,101765.484375,280.27,3.284844,-5.731718,7.292738,-0.097908,-0.001064,0.008513,284.78,3.90,-1.97,-4.93,-0.00,-35.624011,2,1,0,1,0,,,,,,,,
11747,101780.640625,280.25,3.265691,-5.717353,7.283161,-0.102165,0.002128,0.003192,284.44,3.90,-2.17,-5.07,-0.00,-36.847545,2,1,0,1,0,,,,,,,,
11757,101761.500000,280.25,3.284844,-5.722141,7.273584,-0.100037,0.000000,0.008513,284.44,3.91,-1.94,-4.80,-0.00,-35.302337,2,1,0,1,0,,,,,,,,
11767,101761.500000,280.25,3.280056,-5.717353,7.287950,-0.101101,-0.002128,0.006385,284.53,3.91,-1.77,-4.58,-0.00,-35.302337,2,1,0,1,0,,,,,,,,
11777,101780.640625,280.25,3.299209,-5.712564,7.278373,-0.103229,-0.004256,0.006385,284.88,3.91,-2.02,-4.78,-0.00,-36.847545,2,1,0,1,0,,,,,,,,
11787,101761.500000,280.25,3.280056,-5.731718,7.268796,-0.100037,-0.004256,0.007449,284.58,3.90,-1.83,-4.55,-0.00,-35.302337,2,1,0,1,0,,,,,,,,
11797,101780.640625,280.25,3.289633,-5.755661,7.264008,-0.101101,-0.002128,0.008513,284.53,3.90,-2.06,-4.74,-0.00,-36.847545,2,1,0,1,0,,,,,,,,
11807,101761.500000,280.25,3.275267,-5.717353,7.268796,-0.101101,-0.006385,0.008513,284.88,3.91,-1.86,-4.49,-0.00,-35.302337,2,1,0,1,0,,,,,,,,
11817,101780.640625,280.25,3.260902,-5.702988,7.244854,-0.103229,-0.002128,0.007449,284.39,3.92,-2.09,-4.67,-0.00,-36.847545,2,1,0,1,0,,,,,,,,
11827,101757.515625,280.23,3.284844,-5.717353,7.264008,-0.100037,-0.003192,0.007449,284.44,3.94,-1.79,-4.34,-0.00,-34.980651,2,1,0,1,0,,,,,,,,
11837,101776.640625,280.23,3.289633,-5.717353,7.264008,-0.102165,-0.001064,0.007449,284.44,3.94,-1.96,-4.46,-0.00,-36.524646,2,1,0,1,0,,,,,,,,
11847,101776.640625,280.23,3.256114,-5.722141,7.254431,-0.098972,-0.003192,0.007449,284.53,3.94,-2.08,-4.53,-0.00,-36.524646,2,1,0,1,0,,,,,,,,
11857,101776.640625,280.23,3.275267,-5.717353,7.264008,-0.098972,-0.003192,0.008513,284.44,3.94,-2.17,-4.58,-0.00,-36.524646,2,1,0,1,0,,,,,,,,
11867,101753.515625,280.22,3.246537,-5.722141,7.259219,-0.103229,-0.006385,0.004256,284.44,3.94,-1.78,-4.15,-0.00,-34.657695,2,1,0,1,0,,,,,,,,
11877,101772.640625,280.22,3.280056,-5.722141,7.278373,-0.102165,-0.005321,0.004256,284.58,3.95,-1.86,-4.19,-0.00,-36.201740,2,1,0,1,0,,,,,,,,
11887,101776.640625,280.23,3.265691,-5.741295,7.283161,-0.102165,-0.004256,0.005321,284.44,3.95,-2.01,-4.29,-0.00,-36.524646,2,1,0,1,0,,,,,,,,
11897,101753.515625,280.22,3.284844,-5.717353,7.264008,-0.096844,-0.004256,0.007449,284.44,3.95,-1.65,-3.90,-0.00,-34.657695,2,1,0,1,0,,,,,,,,
11907,101753.515625,280.22,3.289633,-5.731718,7.254431,-0.097908,-0.003192,0.008513,284.39,3.95,-1.38,-3.60,-0.00,-34.657695,2,1,0,1,0,,,,,,,,
11917,101772.640625,280.22,3.260902,-5.731718,7.268796,-0.096844,-0.004256,0.011706,284.44,3.95,-1.56,-3.74,-0.00,-36.201740,2,1,0,1,0,,,,,,,,
11927,101791.781250,280.22,3.260902,-5.731718,7.259219,-0.100037,-0.004256,0.006385,284.44,3.95,-2.08,-4.21,-0.00,-37.746810,2,1,0,1,0,,,,,,,,
11937,101768.671875,280.20,3.270479,-5.731718,7.244854,-0.101101,-0.005321,0.004256,284.68,3.95,-2.01,-4.10,-0.00,-35.881343,2,1,0,1,0,,,,,,,,
11947,101768.671875,280.20,3.265691,-5.722141,7.283161,-0.102165,-0.002128,0.004256,284.58,3.95,-1.96,-4.01,-0.00,-35.881343,2,1,0,1,0,,,,,,,,
11957,101768.671875,280.20,3.289633,-5.722141,7.264008,-0.103229,-0.004256,0.003192,284.58,3.95,-1.92,-3.93,-0.00,-35.881343,2,1,0,1,0,,,,,,,,
11967,101768.671875,280.20,3.270479,-5.736507,7.273584,-0.098972,-0.003192,0.004256,284.39,3.95,-1.89,-3.87,-0.00,-35.881343,2,1,0,1,0,,,,,,,,
11977,101768.671875,280.20,3.270479,-5.746084,7.249642,-0.101101,-0.001064,0.006385,284.58,3.95,-1.86,-3.80,-0.00,-35.881343,2,1,0,1,0,,,,,,,,
11987,101768.671875,280.20,3.289633,-5.731718,7.244854,-0.100037,-0.002128,0.006385,284.58,3.96,-1.84,-3.75,-0.00,-35.881343,2,1,0,1,0,,,,,,,,
11997,101768.671875,280.20,3.280056,-5.722141,7.268796,-0.100037,-0.005321,0.005321,284.53,3.95,-1.83,-3.70,-0.00,-35.881343,2,1,0,1,0,,,,,,,,
12007,101768.671875,280.20,3.280056,-5.741295,7.259219,-0.101101,-0.001064,0.003192,284.19,3.95,-1.82,-3.65,-0.00,-35.881343,2,1,0,1,0,,,,,,,,
12017,101768.671875,280.20,3.275267,-5.731718,7.259219,-0.097908,-0.007449,0.005321,284.39,3.94,-1.81,-3.61,-0.00,-35.881343,2,1,0,1,0,,,,,,,,
12027,101768.671875,280.20,3.289633,-5.750872,7.254431,-0.102165,-0.008513,0.006385,284.24,3.92,-1.80,-3.57,-0.00,-35.881343,2,1,0,1,0,,,,,,,,
12037,101768.671875,280.20,3.289633,-5.726930,7.235277,-0.097908,-0.011706,0.006385,284.53,3.92,-1.80,-3.53,-0.00,-35.881343,2,1,0,1,0,,,,,,,,
12047,101764.671875,280.18,3.275267,-5.731718,7.230488,-0.098972,-0.008513,0.006385,284.53,3.92,-1.71,-3.41,-0.00,-35.558414,2,1,0,1,0,,,,,,,,
12057,101764.671875,280.18,3.294421,-5.731718,7.230488,-0.101101,-0.011706,0.003192,284.39,3.92,-1.65,-3.31,-0.00,-35.558414,2,1,0,1,0,,,,,,,,
12067,101783.796875,280.18,3.280056,-5.760449,7.235277,-0.103229,-0.011706,0.001064,284.44,3.91,-1.98,-3.61,-0.00,-37.102321,2,1,0,1,0,,,,,,,,
12077,101768.671875,280.20,3.308786,-5.722141,7.254431,-0.102165,-0.008513,0.003192,284.44,3.92,-1.93,-3.52,-0.00,-35.881343,2,1,0,1,0,,,,,,,,
12087,101764.671875,280.18,3.284844,-5.722141,7.240066,-0.103229,-0.006385,0.001064,284.68,3.91,-1.81,-3.37,-0.00,-35.558414,2,1,0,1,0,,,,,,,,
12097,101764.671875,280.18,3.251325,-5.731718,7.244854,-0.102165,-0.004256,0.002128,284.44,3.91,-1.72,-3.25,-0.00,-35.558414,2,1,0,1,0,,,,,,,,
12107,101764.671875,280.18,3.275267,-5.698199,7.254431,-0.098972,-0.002128,0.004256,284.34,3.91,-1.66,-3.16,-0.00,-35.558414,2,1,0,1,0,,,,,,,,
12117,101764.671875,280.18,3.241749,-5.726930,7.249642,-0.100037,0.000000,0.006385,284.44,3.90,-1.60,-3.07,-0.00,-35.558414,2,1,0,1,0,,,,,,,,
12127,101764.671875,280.18,3.260902,-5.722141,7.240066,-0.096844,0.004256,0.006385,284.39,3.91,-1.56,-3.01,-0.00,-35.558414,2,1,0,1,0,,,,,,,,
12137,101764.671875,280.18,3.275267,-5.722141,7.230488,-0.097908,0.004256,0.004256,284.44,3.91,-1.53,-2.95,-0.00,-35.558414,2,1,0,1,0,,,,,,,,
12147,101764.671875,280.18,3.251325,-5.717353,7.225700,-0.100037,0.004256,0.003192,284.44,3.90,-1.51,-2.90,-0.00,-35.558414,2,1,0,1,0,,,,,,,,
12157,101764.671875,280.18,3.294421,-5.712564,7.220911,-0.101101,0.004256,0.002128,284.58,3.90,-1.49,-2.85,-0.00,-35.558414,2,1,0,1,0,,,,,,,,
12167,101783.796875,280.18,3.241749,-5.712564,7.230488,-0.096844,0.001064,0.004256,284.53,3.90,-1.86,-3.18,-0.00,-37.102321,2,1,0,1,0,,,,,,,,
12177,101760.671875,280.17,3.294421,-5.693411,7.230488,-0.100037,-0.002128,-0.001064,284.68,3.91,-1.68,-2.97,-0.00,-35.235477,2,1,0,1,0,,,,,,,,
12187,101779.796875,280.17,3.289633,-5.726930,7.264008,-0.100037,0.000000,0.001064,284.44,3.90,-1.92,-3.18,-0.00,-36.779434,2,1,0,1,0,,,,,,,,
12197,101760.671875,280.17,3.270479,-5.712564,7.254431,-0.101101,-0.005321,0.002128,284.44,3.91,-1.72,-2.96,-0.00,-35.235477,2,1,0,1,0,,,,,,,,
12207,101760.671875,280.17,3.280056,-5.712564,7.249642,-0.097908,-0.005321,0.006385,284.44,3.90,-1.57,-2.78,-0.00,-35.235477,2,1,0,1,0,,,,,,,,
12217,101760.671875,280.17,3.251325,-5.726930,7.206546,-0.101101,-0.003192,0.003192,284.44,3.92,-1.46,-2.64,-0.00,-35.235477,2,1,0,1,0,,,,,,,,
12227,101779.796875,280.17,3.280056,-5.722141,7.244854,-0.102165,-0.002128,0.000000,284.39,3.93,-1.76,-2.91,-0.00,-36.779434,2,1,0,1,0,,,,,,,,
12237,101760.671875,280.17,3.275267,-5.736507,7.225700,-0.100037,-0.005321,0.000000,284.44,3.94,-1.60,-2.72,-0.00,-35.235477,2,1,0,1,0,,,,,,,,
12247,101779.796875,280.17,3.308786,-5.731718,7.206546,-0.100037,-0.002128,0.005321,284.44,3.94,-1.86,-2.95,-0.00,-36.779434,2,1,0,1,0,,,,,,,,
12257,101764.671875,280.18,3.236960,-5.726930,7.206546,-0.100037,-0.004256,0.004256,284.24,3.94,-1.76,-2.82,-0.00,-35.558414,2,1,0,1,0,,,,,,,,
12267,101760.671875,280.17,3.299209,-5.712564,7.240066,-0.098972,-0.005321,0.002128,284.34,3.94,-1.60,-2.64,-0.00,-35.235477,2,1,0,1,0,,,,,,,,
12277,101764.671875,280.18,3.284844,-5.712564,7.211335,-0.101101,-0.002128,0.004256,284.39,3.95,-1.55,-2.57,-0.00,-35.558414,2,1,0,1,0,,,,,,,,
12287,101764.671875,280.18,3.280056,-5.736507,7.216123,-0.096844,-0.002128,0.003192,284.44,3.94,-1.52,-2.52,-0.00,-35.558414,2,1,0,1,0,,,,,,,,
12297,101760.671875,280.17,3.256114,-5.736507,7.216123,-0.104294,-0.003192,-0.002128,284.58,3.95,-1.42,-2.39,-0.00,-35.235477,2,1,0,1,0,,,,,,,,
12307,101779.796875,280.17,3.284844,-5.707776,7.225700,-0.097908,-0.004256,0.002128,284.44,3.95,-1.72,-2.67,-0.00,-36.779434,2,1,0,1,0,,,,,,,,
12317,101760.671875,280.17,3.265691,-5.755661,7.235277,-0.102165,-0.003192,0.000000,284.58,3.95,-1.57,-2.49,-0.00,-35.235477,2,1,0,1,0,,,,,,,,
12327,101764.671875,280.18,3.265691,-5.717353,7.177816,-0.097908,-0.003192,0.005321,284.73,3.95,-1.53,-2.43,-0.00,-35.558414,2,1,0,1,0,,,,,,,,
12337,101760.671875,280.17,3.318363,-5.707776,7.216123,-0.100037,-0.003192,0.001064,284.44,3.96,-1.43,-2.30,-0.00,-35.235477,2,1,0,1,0,,,,,,,,
12347,101779.796875,280.17,3.256114,-5.746084,7.192181,-0.098972,-0.002128,0.004256,284.39,3.95,-1.73,-2.57,-0.00,-36.779434,2,1,0,1,0,,,,,,,,
12357,101783.796875,280.18,3.294421,-5.702988,7.216123,-0.100037,-0.004256,0.003192,284.53,3.95,-2.04,-2.85,0.00,-37.102321,2,1,0,1,0,,,,,,,,
12367,101760.671875,280.17,3.289633,-5.726930,7.235277,-0.100037,-0.003192,0.003192,284.53,3.95,-1.81,-2.60,-0.00,-35.235477,2,1,0,1,0,,,,,,,,
12377,101764.671875,280.18,3.299209,-5.726930,7.216123,-0.100037,-0.001064,0.006385,284.44,3.95,-1.71,-2.48,-0.00,-35.558414,2,1,0,1,0,,,,,,,,
12387,101760.671875,280.17,3.294421,-5.731718,7.211335,-0.100037,-0.001064,0.001064,284.68,3.95,-1.56,-2.31,-0.00,-35.235477,2,1,0,1,0,,,,,,,,
12397,101760.671875,280.17,3.251325,-5.717353,7.201758,-0.098972,0.000000,0.001064,284.78,3.95,-1.45,-2.18,-0.00,-35.235477,2,1,0,1,0,,,,,,,,
12407,101760.671875,280.17,3.280056,-5.736507,7.216123,-0.101101,-0.003192,0.001064,284.58,3.96,-1.36,-2.07,-0.00,-35.235477,2,1,0,1,0,,,,,,,,
12417,101764.671875,280.18,3.299209,-5.722141,7.216123,-0.100037,0.003192,0.003192,284.53,3.93,-1.37,-2.06,-0.00,-35.558414,2,1,0,1,0,,,,,,,,
12427,101760.671875,280.17,3.275267,-5.717353,7.211335,-0.101101,-0.004256,0.005321,284.44,3.92,-1.30,-1.97,-0.00,-35.235477,2,1,0,1,0,,,,,,,,
12437,101760.671875,280.17,3.280056,-5.702988,7.187393,-0.097908,-0.006385,0.003192,284.68,3.92,-1.25,-1.90,-0.00,-35.235477,2,1,0,1,0,,,,,,,,
12447,101764.671875,280.18,3.284844,-5.741295,7.182604,-0.100037,-0.007449,0.003192,284.34,3.92,-1.29,-1.92,-0.00,-35.558414,2,1,0,1,0,,,,,,,,
12457,101764.671875,280.18,3.289633,-5.731718,7.225700,-0.096844,-0.010642,0.005321,284.44,3.92,-1.32,-1.93,-0.00,-35.558414,2,1,0,1,0,,,,,,,,
12467,101764.671875,280.18,3.284844,-5.750872,7.206546,-0.098972,-0.009578,0.003192,284.58,3.92,-1.34,-1.94,-0.00,-35.558414,2,1,0,1,0,,,,,,,,
12477,101764.671875,280.18,3.284844,-5.746084,7.206546,-0.101101,-0.010642,0.001064,284.58,3.91,-1.36,-1.93,-0.00,-35.558414,2,1,0,1,0,,,,,,,,
12487,101764.671875,280.18,3.275267,-5.731718,7.201758,-0.102165,-0.007449,0.001064,284.68,3.91,-1.37,-1.93,-0.00,-35.558414,2,1,0,1,0,,,,,,,,
12497,101764.671875,280.18,3.256114,-5.765237,7.201758,-0.098972,-0.011706,0.005321,284.53,3.91,-1.38,-1.92,-0.00,-35.558414,2,1,0,1,0,,,,,,,,
12507,101764.671875,280.18,3.236960,-5.731718,7.206546,-0.102165,-0.008513,0.002128,284.68,3.90,-1.39,-1.91,-0.00,-35.558414,2,1,0,1,0,,,,,,,,
12517,101764.671875,280.18,3.270479,-5.731718,7.211335,-0.101101,-0.005321,0.001064,284.58,3.91,-1.39,-1.89,-0.00,-35.558414,2,1,0,1,0,,,,,,,,
12527,101764.671875,280.18,3.303998,-5.726930,7.192181,-0.101101,-0.007449,0.002128,284.44,3.90,-1.40,-1.88,-0.00,-35.558414,2,1,0,1,0,,,,,,,,
12537,101760.671875,280.17,3.294421,-5.693411,7.220911,-0.102165,-0.006385,0.001064,284.44,3.90,-1.32,-1.78,-0.00,-35.235477,2,1,0,1,0,,,,,,,,
12547,101764.671875,280.18,3.284844,-5.693411,7.206546,-0.100037,0.000000,0.004256,284.39,3.91,-1.34,-1.79,-0.00,-35.558414,2,1,0,1,0,,,,,,,,
12557,101764.671875,280.18,3.270479,-5.731718,7.225700,-0.100037,0.003192,0.170276,284.58,3.91,-1.36,-1.79,-0.00,-35.558414,2,1,0,1,0,,,,,,,,
12567,101764.671875,280.18,3.275267,-5.722141,7.187393,-0.098972,0.006385,-0.008513,284.53,3.90,-1.37,-1.78,-0.00,-35.558414,2,1,0,1,0,,,,,,,,
12577,101764.671875,280.18,3.289633,-5.712564,7.192181,-0.103229,0.005321,-0.013834,284.78,3.90,-1.38,-1.77,-0.00,-35.558414,2,1,0,1,0,,,,,,,,
12587,101764.671875,280.18,3.275267,-5.717353,7.211335,-0.101101,0.009578,-0.015963,284.58,3.90,-1.38,-1.76,-0.00,-35.558414,2,1,0,1,0,,,,,,,,
12597,101764.671875,280.18,3.265691,-5.731718,7.196969,-0.098972,0.004256,-0.012770,284.39,3.90,-1.39,-1.75,-0.00,-35.558414,2,1,0,1,0,,,,,,,,
12607,101764.671875,280.18,3.241749,-5.722141,7.177816,-0.098972,0.004256,-0.013834,284.44,3.90,-1.39,-1.74,-0.00,-35.558414,2,1,0,1,0,,,,,,,,
12617,101764.671875,280.18,3.275267,-5.746084,7.201758,-0.101101,-0.003192,-0.008513,284.58,3.92,-1.40,-1.72,-0.00,-35.558414,2,1,0,1,0,,,,,,,,
12627,101764.671875,280.18,3.265691,-5.731718,7.177816,-0.100037,-0.003192,-0.012770,284.73,3.94,-1.40,-1.71,-0.00,-35.558414,2,1,0,1,0,,,,,,,,
12637,101764.671875,280.18,3.284844,-5.746084,7.206546,-0.100037,-0.002128,-0.010642,284.58,3.94,-1.40,-1.69,-0.00,-35.558414,2,1,0,1,0,,,,,,,,
12647,101764.671875,280.18,3.256114,-5.717353,7.206546,-0.100037,-0.003192,-0.011706,284.58,3.94,-1.40,-1.68,-0.00,-35.558414,2,1,0,1,0,,,,,,,,
12657,101768.671875,280.20,3.284844,-5.702988,7.201758,-0.098972,-0.002128,-0.011706,284.78,3.94,-1.48,-1.74,-0.00,-35.881343,2,1,0,1,0,,,,,,,,
12667,101768.671875,280.20,3.280056,-5.731718,7.192181,-0.100037,0.000000,-0.010642,284.44,3.94,-1.54,-1.78,-0.00,-35.881343,2,1,0,1,0,,,,,,,,
12677,101768.671875,280.20,3.246537,-5.726930,7.196969,-0.098972,-0.001064,-0.011706,284.68,3.94,-1.59,-1.81,-0.00,-35.881343,2,1,0,1,0,,,,,,,,
12687,101749.531250,280.20,3.260902,-5.774814,7.201758,-0.101101,-0.003192,-0.010642,284.68,3.94,-1.24,-1.45,-0.00,-34.335990,2,1,0,1,0,,,,,,,,
12697,101768.671875,280.20,3.270479,-5.731718,7.211335,-0.101101,0.000000,-0.012770,284.53,3.95,-1.36,-1.55,-0.00,-35.881343,2,1,0,1,0,,,,,,,,
12707,101768.671875,280.20,3.275267,-5.722141,7.211335,-0.100037,-0.002128,-0.011706,284.68,3.96,-1.45,-1.63,-0.00,-35.881343,2,1,0,1,0,,,,,,,,
12717,101749.531250,280.20,3.256114,-5.722141,7.211335,-0.097908,-0.002128,-0.010642,284.58,3.95,-1.13,-1.30,-0.00,-34.335990,2,1,0,1,0,,,,,,,,
12727,101768.671875,280.20,3.275267,-5.707776,7.187393,-0.098972,-0.003192,-0.014899,284.53,3.95,-1.28,-1.43,-0.00,-35.881343,2,1,0,1,0,,,,,,,,
12737,101768.671875,280.20,3.284844,-5.746084,7.177816,-0.102165,-0.003192,-0.011706,284.58,3.96,-1.39,-1.52,-0.00,-35.881343,2,1,0,1,0,,,,,,,,
12747,101768.671875,280.20,3.260902,-5.736507,7.201758,-0.100037,-0.002128,-0.008513,284.58,3.95,-1.47,-1.59,-0.00,-35.881343,2,1,0,1,0,,,,,,,,
12757,101772.640625,280.22,3.275267,-5.717353,7.220911,-0.101101,-0.001064,-0.014899,284.73,3.95,-1.61,-1.71,0.00,-36.201740,2,1,0,1,0,,,,,,,,
12767,101772.640625,280.22,3.284844,-5.722141,7.192181,-0.101101,0.001064,-0.015963,284.34,3.95,-1.72,-1.80,0.00,-36.201740,2,1,0,1,0,,,,,,,,
12777,101772.640625,280.22,3.275267,-5.712564,7.206546,-0.096844,-0.002128,-0.011706,284.58,3.95,-1.80,-1.86,0.00,-36.201740,2,1,0,1,0,,,,,,,,
12787,101753.515625,280.22,3.318363,-5.726930,7.201758,-0.103229,-0.003192,-0.011706,284.68,3.95,-1.48,-1.53,-0.00,-34.657695,2,1,0,1,0,,,,,,,,
12797,101753.515625,280.22,3.284844,-5.726930,7.201758,-0.098972,-0.001064,-0.010642,284.68,3.96,-1.23,-1.28,-0.00,-34.657695,2,1,0,1,0,,,,,,,,
12807,101772.640625,280.22,3.289633,-5.731718,7.206546,-0.103229,-0.002128,-0.010642,284.44,3.95,-1.43,-1.46,-0.00,-36.201740,2,1,0,1,0,,,,,,,,
12817,101753.515625,280.22,3.265691,-5.750872,7.206546,-0.097908,0.004256,-0.012770,284.58,3.93,-1.20,-1.22,-0.00,-34.657695,2,1,0,1,0,,,,,,,,
12827,101772.640625,280.22,3.265691,-5.770026,7.182604,-0.101101,0.003192,-0.011706,284.44,3.93,-1.41,-1.41,-0.00,-36.201740,2,1,0,1,0,,,,,,,,
12837,101753.515625,280.22,3.294421,-5.750872,7.206546,-0.101101,-0.004256,-0.012770,284.44,3.92,-1.18,-1.17,-0.00,-34.657695,2,1,0,1,0,,,,,,,,
12847,101753.515625,280.22,3.236960,-5.726930,7.196969,-0.102165,-0.005321,-0.008513,284.44,3.92,-1.01,-0.99,-0.00,-34.657695,2,1,0,1,0,,,,,,,,
12857,101757.515625,280.23,3.265691,-5.722141,7.225700,-0.096844,-0.004256,-0.007449,284.68,3.92,-0.96,-0.93,-0.00,-34.980651,2,1,0,1,0,,,,,,,,
12867,101753.515625,280.22,3.246537,-5.717353,7.211335,-0.103229,-0.004256,-0.008513,284.88,3.92,-0.84,-0.81,-0.00,-34.657695,2,1,0,1,0,,,,,,,,
12877,101757.515625,280.23,3.270479,-5.755661,7.187393,-0.098972,-0.008513,-0.009578,284.53,3.90,-0.83,-0.79,-0.00,-34.980651,2,1,0,1,0,,,,,,,,
12887,101757.515625,280.23,3.275267,-5.741295,7.201758,-0.103229,-0.008513,-0.007449,284.78,3.91,-0.82,-0.78,-0.00,-34.980651,2,1,0,1,0,,,,,,,,
12897,101776.640625,280.23,3.289633,-5.731718,7.206546,-0.102165,-0.010642,-0.007449,284.44,3.90,-1.20,-1.14,-0.00,-36.524646,2,1,0,1,0,,,,,,,,
12907,101757.515625,280.23,3.270479,-5.702988,7.216123,-0.096844,-0.005321,-0.008513,284.73,3.91,-1.10,-1.03,-0.00,-34.980651,2,1,0,1,0,,,,,,,,
12917,101757.515625,280.23,3.284844,-5.736507,7.192181,-0.100037,-0.006385,-0.008513,284.88,3.91,-1.03,-0.95,-0.00,-34.980651,2,1,0,1,0,,,,,,,,
12927,101757.515625,280.23,3.275267,-5.736507,7.201758,-0.102165,-0.005321,-0.010642,284.73,3.91,-0.97,-0.89,-0.00,-34.980651,2,1,0,1,0,,,,,,,,
12937,101757.515625,280.23,3.289633,-5.722141,7.211335,-0.102165,-0.003192,-0.010642,284.68,3.91,-0.93,-0.84,-0.00,-34.980651,2,1,0,1,0,,,,,,,,
12947,101757.515625,280.23,3.299209,-5.746084,7.206546,-0.102165,0.000000,-0.013834,284.68,3.90,-0.90,-0.80,-0.00,-34.980651,2,1,0,1,0,,,,,,,,
12957,101757.515625,280.23,3.260902,-5.755661,7.206546,-0.096844,0.003192,-0.011706,284.44,3.90,-0.87,-0.76,-0.00,-34.980651,2,1,0,1,0,,,,,,,,
12967,101776.640625,280.23,3.280056,-5.741295,7.220911,-0.097908,0.005321,-0.013834,284.58,3.90,-1.24,-1.11,0.00,-36.524646,2,1,0,1,0,,,,,,,,
12977,101757.515625,280.23,3.241749,-5.741295,7.201758,-0.100037,0.007449,-0.013834,284.73,3.91,-1.13,-1.00,-0.00,-34.980651,2,1,0,1,0,,,,,,,,
12987,101776.640625,280.23,3.246537,-5.717353,7.201758,-0.101101,0.004256,-0.017027,284.68,3.90,-1.43,-1.28,0.00,-36.524646,2,1,0,1,0,,,,,,,,
12997,101757.515625,280.23,3.246537,-5.731718,7.182604,-0.101101,0.006385,-0.014899,284.39,3.90,-1.28,-1.12,0.00,-34.980651,2,1,0,1,0,,,,,,,,
13007,101761.500000,280.25,3.236960,-5.741295,7.206546,-0.098972,0.004256,-0.017027,284.58,3.90,-1.24,-1.07,-0.00,-35.302337,2,1,0,1,0,,,,,,,,
13017,101761.500000,280.25,3.284844,-5.755661,7.225700,-0.101101,-0.003192,-0.011706,284.78,3.93,-1.21,-1.03,-0.00,-35.302337,2,1,0,1,0,,,,,,,,
13027,101761.500000,280.25,3.265691,-5.731718,7.220911,-0.103229,-0.001064,-0.011706,284.73,3.93,-1.19,-1.00,-0.00,-35.302337,2,1,0,1,0,,,,,,,,
13037,101780.640625,280.25,3.265691,-5.750872,7.201758,-0.100037,-0.002128,-0.014899,284.73,3.94,-1.56,-1.35,0.00,-36.847545,2,1,0,1,0,,,,,,,,
13047,101761.500000,280.25,3.260902,-5.746084,7.216123,-0.098972,0.000000,-0.011706,284.58,3.94,-1.45,-1.24,0.00,-35.302337,2,1,0,1,0,,,,,,,,
13057,101761.500000,280.25,3.270479,-5.741295,7.192181,-0.096844,-0.003192,-0.009578,284.68,3.95,-1.37,-1.15,0.00,-35.302337,2,1,0,1,0,,,,,,,,
13067,101761.500000,280.25,3.270479,-5.712564,7.206546,-0.096844,-0.001064,-0.013834,284.53,3.94,-1.31,-1.08,-0.00,-35.302337,2,1,0,1,0,,,,,,,,
13077,101761.500000,280.25,3.280056,-5.731718,7.211335,-0.098972,-0.002128,-0.011706,284.58,3.95,-1.27,-1.02,-0.00,-35.302337,2,1,0,1,0,,,,,,,,
13087,101761.500000,280.25,3.280056,-5.722141,7.187393,-0.103229,0.002128,-0.012770,284.58,3.94,-1.23,-0.98,-0.00,-35.302337,2,1,0,1,0,,,,,,,,
13097,101761.500000,280.25,3.275267,-5.726930,7.201758,-0.100037,-0.003192,-0.010642,284.73,3.94,-1.20,-0.94,-0.00,-35.302337,2,1,0,1,0,,,,,,,,
13107,101765.484375,280.27,3.303998,-5.726930,7.206546,-0.098972,-0.002128,-0.009578,284.78,3.95,-1.26,-0.99,-0.00,-35.624011,2,1,0,1,0,,,,,,,,
13117,101765.484375,280.27,3.289633,-5.702988,7.201758,-0.100037,-0.001064,-0.012770,284.53,3.95,-1.31,-1.02,-0.00,-35.624011,2,1,0,1,0,,,,,,,,
13127,101784.625000,280.27,3.251325,-5.731718,7.196969,-0.098972,-0.002128,-0.013834,284.73,3.95,-1.73,-1.42,0.00,-37.169170,2,1,0,1,0,,,,,,,,
13137,101765.484375,280.27,3.284844,-5.746084,7.206546,-0.101101,0.000000,-0.012770,284.44,3.95,-1.66,-1.34,0.00,-35.624011,2,1,0,1,0,,,,,,,,
13147,101765.484375,280.27,3.275267,-5.726930,7.216123,-0.100037,0.000000,-0.010642,284.78,3.96,-1.61,-1.28,0.00,-35.624011,2,1,0,1,0,,,,,,,,
13157,101765.484375,280.27,3.270479,-5.702988,7.177816,-0.100037,-0.002128,-0.008513,284.93,3.95,-1.57,-1.23,0.00,-35.624011,2,1,0,1,0,,,,,,,,
13167,101765.484375,280.27,3.294421,-5.717353,7.220911,-0.101101,0.000000,-0.011706,284.78,3.95,-1.54,-1.19,0.00,-35.624011,2,1,0,1,0,,,,,,,,
13177,101765.484375,280.27,3.256114,-5.717353,7.235277,-0.103229,-0.001064,-0.011706,284.44,3.95,-1.52,-1.15,0.00,-35.624011,2,1,0,1,0,,,,,,,,
13187,101765.484375,280.27,3.280056,-5.755661,7.216123,-0.100037,0.000000,-0.009578,284.68,3.95,-1.50,-1.13,-0.00,-35.624011,2,1,0,1,0,,,,,,,,
13197,101769.484375,280.28,3.280056,-5.702988,7.211335,-0.098972,0.001064,-0.010642,284.78,3.95,-1.57,-1.18,0.00,-35.946937,2,1,0,1,0,,,,,,,,
13207,101746.359375,280.27,3.294421,-5.750872,7.216123,-0.100037,0.000000,-0.012770,284.44,3.96,-1.16,-0.77,-0.00,-34.079879,2,1,0,1,0,,,,,,,,
13217,101769.484375,280.28,3.256114,-5.726930,7.211335,-0.100037,-0.005321,-0.012770,284.68,3.93,-1.31,-0.91,-0.00,-35.946937,2,1,0,1,0,,,,,,,,
13227,101765.484375,280.27,3.289633,-5.750872,7.206546,-0.103229,-0.002128,-0.013834,284.44,3.92,-1.34,-0.93,-0.00,-35.624011,2,1,0,1,0,,,,,,,,
13237,101769.484375,280.28,3.256114,-5.741295,7.206546,-0.100037,0.001064,-0.012770,284.68,3.92,-1.45,-1.03,-0.00,-35.946937,2,1,0,1,0,,,,,,,,
13247,101769.484375,280.28,3.299209,-5.736507,7.216123,-0.096844,0.002128,-0.013834,284.88,3.91,-1.53,-1.09,0.00,-35.946937,2,1,0,1,0,,,,,,,,
13257,101765.484375,280.27,3.275267,-5.736507,7.225700,-0.101101,0.005321,-0.014899,284.68,3.91,-1.51,-1.06,-0.00,-35.624011,2,1,0,1,0,,,,,,,,
13267,101769.484375,280.28,3.303998,-5.722141,7.230488,-0.100037,0.007449,-0.013834,284.68,3.91,-1.57,-1.12,0.00,-35.946937,2,1,0,1,0,,,,,,,,
13277,101769.484375,280.28,3.275267,-5.722141,7.225700,-0.097908,0.008513,-0.011706,284.78,3.91,-1.62,-1.15,0.00,-35.946937,2,1,0,1,0,,,,,,,,
13287,101769.484375,280.28,3.294421,-5.707776,7.196969,-0.100037,0.006385,-0.014899,284.53,3.90,-1.66,-1.18,0.00,-35.946937,2,1,0,1,0,,,,,,,,
13297,101769.484375,280.28,3.284844,-5.736507,7.211335,-0.094716,0.007449,-0.014899,284.78,3.91,-1.69,-1.20,0.00,-35.946937,2,1,0,1,0,,,,,,,,
13307,101769.484375,280.28,3.270479,-5.736507,7.216123,-0.103229,0.004256,-0.012770,284.44,3.90,-1.71,-1.20,0.00,-35.946937,2,1,0,1,0,,,,,,,,
13317,101769.484375,280.28,3.270479,-5.707776,7.201758,-0.098972,0.003192,-0.015963,284.73,3.90,-1.73,-1.21,0.00,-35.946937,2,1,0,1,0,,,,,,,,
13327,101769.484375,280.28,3.260902,-5.717353,7.211335,-0.098972,-0.001064,-0.010642,284.78,3.90,-1.74,-1.21,0.00,-35.946937,2,1,0,1,0,,,,,,,,
13337,101769.484375,280.28,3.289633,-5.741295,7.220911,-0.100037,-0.005321,-0.012770,284.58,3.90,-1.75,-1.21,0.00,-35.946937,2,1,0,1,0,,,,,,,,
13347,101750.343750,280.28,3.289633,-5.755661,7.225700,-0.100037,-0.006385,-0.008513,284.88,3.90,-1.37,-0.83,-0.00,-34.401592,2,1,0,1,0,,,,,,,,
13357,101773.484375,280.30,3.270479,-5.746084,7.230488,-0.096844,-0.005321,-0.009578,284.44,3.91,-1.55,-0.99,-0.00,-36.269855,2,1,0,1,0,,,,,,,,
13367,101769.484375,280.28,3.303998,-5.717353,7.235277,-0.101101,-0.004256,-0.009578,284.53,3.91,-1.60,-1.04,-0.00,-35.946937,2,1,0,1,0,,,,,,,,
13377,101754.343750,280.30,3.284844,-5.698199,7.225700,-0.098972,-0.005321,-0.010642,284.88,3.90,-1.34,-0.77,-0.00,-34.724559,2,1,0,1,0,,,,,,,,
13387,101769.484375,280.28,3.275267,-5.731718,7.201758,-0.101101,-0.008513,-0.007449,284.73,3.90,-1.45,-0.86,-0.00,-35.946937,2,1,0,1,0,,,,,,,,
13397,101750.343750,280.28,3.246537,-5.693411,7.201758,-0.096844,-0.007449,-0.009578,284.73,3.90,-1.14,-0.56,-0.00,-34.401592,2,1,0,1,0,,,,,,,,
13407,101773.484375,280.30,3.260902,-5.726930,7.244854,-0.097908,-0.007449,-0.007449,284.73,3.90,-1.37,-0.78,-0.00,-36.269855,2,1,0,1,0,,,,,,,,
13417,101754.343750,280.30,3.284844,-5.717353,7.220911,-0.097908,0.000000,-0.013834,284.68,3.92,-1.17,-0.57,-0.00,-34.724559,2,1,0,1,0,,,,,,,,
13427,101773.484375,280.30,3.256114,-5.726930,7.201758,-0.100037,-0.001064,-0.012770,284.73,3.93,-1.39,-0.79,-0.00,-36.269855,2,1,0,1,0,,,,,,,,
13437,101754.343750,280.30,3.289633,-5.746084,7.196969,-0.101101,-0.002128,-0.010642,284.78,3.94,-1.18,-0.57,-0.00,-34.724559,2,1,0,1,0,,,,,,,,
13447,101754.343750,280.30,3.256114,-5.693411,7.216123,-0.098972,0.000000,-0.010642,284.58,3.94,-1.02,-0.41,-0.00,-34.724559,2,1,0,1,0,,,,,,,,
13457,101754.343750,280.30,3.275267,-5.726930,7.211335,-0.096844,-0.001064,-0.009578,284.58,3.94,-0.90,-0.29,-0.00,-34.724559,2,1,0,1,0,,,,,,,,
13467,101754.343750,280.30,3.265691,-5.736507,7.230488,-0.101101,0.001064,-0.011706,284.58,3.94,-0.81,-0.20,-0.00,-34.724559,2,1,0,1,0,,,,,,,,
13477,101773.484375,280.30,3.275267,-5.717353,7.192181,-0.101101,0.000000,-0.011706,284.73,3.94,-1.12,-0.50,-0.00,-36.269855,2,1,0,1,0,,,,,,,,
13487,101758.343750,280.32,3.280056,-5.731718,7.220911,-0.100037,0.001064,-0.012770,284.78,3.94,-1.05,-0.43,-0.00,-35.047512,2,1,0,1,0,,,,,,,,
13497,101773.484375,280.30,3.270479,-5.755661,7.230488,-0.101101,-0.001064,-0.011706,284.68,3.95,-1.31,-0.67,-0.00,-36.269855,2,1,0,1,0,,,,,,,,
13507,101754.343750,280.30,3.270479,-5.731718,7.211335,-0.098972,0.000000,-0.011706,284.68,3.95,-1.12,-0.48,-0.00,-34.724559,2,1,0,1,0,,,,,,,,
13517,101758.343750,280.32,3.284844,-5.722141,7.211335,-0.097908,-0.001064,-0.011706,284.73,3.95,-1.05,-0.41,-0.00,-35.047512,2,1,0,1,0,,,,,,,,
13527,101773.484375,280.30,3.275267,-5.731718,7.225700,-0.100037,-0.001064,-0.011706,284.68,3.95,-1.31,-0.66,0.00,-36.269855,2,1,0,1,0,,,,,,,,
13537,101777.468750,280.32,3.270479,-5.717353,7.216123,-0.098972,0.001064,-0.012770,284.78,3.95,-1.58,-0.91,0.00,-36.591499,2,1,0,1,0,,,,,,,,
13547,101758.343750,280.32,3.275267,-5.741295,7.216123,-0.096844,0.003192,-0.011706,284.73,3.95,-1.40,-0.73,0.00,-35.047512,2,1,0,1,0,,,,,,,,
13557,101777.468750,280.32,3.284844,-5.707776,7.206546,-0.102165,0.000000,-0.012770,284.53,3.95,-1.65,-0.97,0.00,-36.591499,2,1,0,1,0,,,,,,,,
13567,101758.343750,280.32,3.280056,-5.746084,7.259219,-0.100037,0.000000,-0.011706,284.68,3.95,-1.46,-0.77,0.00,-35.047512,2,1,0,1,0,,,,,,,,
13577,101777.468750,280.32,3.308786,-5.712564,7.235277,-0.097908,0.000000,-0.010642,284.68,3.96,-1.69,-0.99,0.00,-36.591499,2,1,0,1,0,,,,,,,,
13587,101777.468750,280.32,3.270479,-5.702988,7.211335,-0.096844,-0.001064,-0.014899,284.73,3.95,-1.87,-1.16,0.00,-36.591499,2,1,0,1,0,,,,,,,,
18587,101756.000000,280.47,3.265691,-5.726930,7.230488,0.020220,0.010642,-0.011706,284.88,3.92,-1.00,0.13,-0.00,-34.858283,3,1,0,1,0,,,,,,,,
23587,101759.984375,280.48,3.270479,-5.722141,7.249642,0.022348,-0.001064,-0.012770,284.93,3.90,-1.28,-0.11,-0.00,-35.179973,3,1,0,1,0,,,,,,,,
28587,101763.968750,280.50,3.256114,-5.717353,7.254431,0.020220,-0.004256,-0.013834,284.93,3.90,-1.02,0.22,-0.00,-35.501651,3,1,0,1,0,,,,,,,,
33587,101767.968750,280.51,3.256114,-5.736507,7.244854,0.019156,0.007449,-0.012770,285.22,3.92,-1.48,-0.22,0.00,-35.824581,3,1,0,1,0,,,,,,,,
38587,101756.796875,280.55,3.260902,-5.779603,7.225700,0.017027,-0.001064,-0.008513,284.93,3.90,-1.00,0.25,-0.00,-34.922622,3,1,0,1,0,,,,,,,,
43587,101768.765625,280.60,3.284844,-5.722141,7.230488,0.018091,-0.004256,-0.011706,285.22,3.92,-1.38,-0.06,0.00,-35.888912,3,1,0,1,0,,,,,,,,
48587,101776.765625,280.63,3.265691,-5.712564,7.240066,0.020220,0.006385,-0.013834,285.32,3.90,-1.66,-0.41,0.00,-36.534736,3,1,0,1,0,,,,,,,,
53587,101769.578125,280.68,3.284844,-5.717353,7.249642,0.017027,0.009578,-0.008513,285.46,3.90,-1.54,-0.19,0.00,-35.954505,3,1,0,1,0,,,,,,,,
58587,101762.390625,280.73,3.284844,-5.726930,7.244854,0.017027,0.009578,-0.013834,285.46,3.90,-1.45,-0.18,0.00,-35.374240,3,1,0,1,0,,,,,,,,
63587,101755.203125,280.78,3.256114,-5.702988,7.225700,0.020220,0.000000,-0.011706,285.32,3.90,-1.05,0.16,-0.00,-34.793945,3,1,0,1,0,,,,,,,,
68587,101744.000000,280.81,3.265691,-5.722141,7.240066,0.021284,0.012770,-0.011706,285.42,3.89,-0.96,0.12,-0.00,-33.889369,3,1,0,1,0,,,,,,,,
73587,101775.156250,280.86,3.246537,-5.741295,7.249642,0.020220,0.013834,-0.011706,285.42,3.90,-1.67,-0.43,0.00,-36.404819,3,1,0,1,0,,,,,,,,
78587,101763.968750,280.90,3.236960,-5.746084,7.240066,0.020220,0.008513,-0.012770,285.81,3.90,-1.24,-0.11,0.00,-35.501651,3,1,0,1,0,,,,,,,,
83587,101775.921875,280.95,3.246537,-5.746084,7.259219,0.018091,0.009578,-0.013834,285.51,3.90,-1.33,-0.21,0.00,-36.466625,3,1,0,1,0,,,,,,,,
88587,101764.734375,280.98,3.284844,-5.731718,7.235277,0.021284,-0.001064,-0.011706,285.95,3.91,-1.37,-0.24,0.00,-35.563461,3,1,0,1,0,,,,,,,,
93587,101772.687500,281.01,3.260902,-5.726930,7.244854,0.023412,0.010642,-0.011706,285.95,3.91,-1.28,-0.15,0.00,-36.205524,3,1,0,1,0,,,,,,,,
98587,101761.500000,281.05,3.270479,-5.693411,7.244854,0.019156,0.008513,-0.014899,286.00,3.90,-0.97,0.08,0.00,-35.302337,3,1,0,1,0,,,,,,,,
103587,101746.312500,281.06,3.251325,-5.750872,7.244854,0.019156,0.006385,-0.011706,285.86,3.90,-0.34,0.57,-0.00,-34.076095,3,1,0,1,0,,,,,,,,
108587,101758.265625,281.11,3.275267,-5.736507,7.235277,0.017027,-0.005321,-0.012770,285.95,3.90,-0.98,-0.06,-0.00,-35.041206,3,1,0,1,0,,,,,,,,
113587,101766.250000,281.15,3.275267,-5.736507,7.225700,0.020220,0.007449,-0.012770,286.05,3.90,-0.93,-0.03,0.00,-35.685821,3,1,0,1,0,,,,,,,,
118587,101751.062500,281.16,3.275267,-5.760449,7.240066,0.021284,-0.001064,-0.012770,286.15,3.89,-0.65,0.22,-0.00,-34.459625,3,1,0,1,0,,,,,,,,
123587,101759.046875,281.20,3.294421,-5.746084,7.244854,0.019156,-0.008513,-0.007449,286.05,3.91,-0.87,0.08,-0.00,-35.104282,3,1,0,1,0,,,,,,,,
128587,101743.843750,281.21,3.275267,-5.702988,7.240066,0.017027,-0.003192,-0.012770,286.05,3.90,-0.08,0.81,-0.00,-33.876754,3,1,0,1,0,,,,,,,,
133587,101770.984375,281.25,3.275267,-5.741295,7.249642,0.019156,-0.004256,-0.010642,286.05,3.90,-0.94,-0.00,0.00,-36.068031,3,1,0,1,0,,,,,,,,
138587,101759.765625,281.28,3.313575,-5.726930,7.244854,0.021284,-0.004256,-0.010642,286.20,3.90,-0.85,-0.03,0.00,-35.162311,3,1,0,1,0,,,,,,,,
143587,101763.750000,281.29,3.294421,-5.722141,7.244854,0.020220,0.000000,-0.012770,286.30,3.89,-0.99,-0.20,0.00,-35.483989,3,1,0,1,0,,,,,,,,
148587,101752.546875,281.33,3.275267,-5.798756,7.206546,0.020220,-0.006385,-0.013834,286.49,3.90,-0.97,-0.14,0.00,-34.579479,3,1,0,1,0,,,,,,,,
153587,101760.500000,281.36,3.265691,-5.746084,7.235277,0.022348,-0.005321,-0.012770,286.30,3.89,-0.72,-0.03,-0.00,-35.221603,3,1,0,1,0,,,,,,,,
158587,101764.484375,281.38,3.280056,-5.707776,7.244854,0.021284,-0.004256,-0.014899,286.49,3.89,-0.94,-0.18,0.00,-35.543277,3,1,0,1,0,,,,,,,,
163587,101768.500000,281.39,3.284844,-5.722141,7.216123,0.022348,0.009578,-0.014899,286.49,3.90,-0.91,-0.25,0.00,-35.867469,3,1,0,1,0,,,,,,,,
168587,101753.281250,281.41,3.260902,-5.760449,7.240066,0.020220,-0.008513,-0.009578,286.35,3.90,-0.69,-0.03,0.00,-34.638771,3,1,0,1,0,,,,,,,,
173587,101738.078125,281.43,3.270479,-5.736507,7.235277,0.018091,0.008513,-0.010642,286.49,3.89,-0.46,0.14,-0.00,-33.411186,3,1,0,1,0,,,,,,,,
178587,101761.250000,281.44,3.280056,-5.746084,7.249642,0.020220,-0.002128,-0.010642,286.54,3.90,-0.32,0.28,-0.00,-35.282154,3,1,0,1,0,,,,,,,,
183587,101765.234375,281.46,3.265691,-5.760449,7.244854,0.021284,-0.004256,-0.009578,286.49,3.89,-1.14,-0.56,0.00,-35.603828,3,1,0,1,0,,,,,,,,
188587,101769.203125,281.48,3.256114,-5.746084,7.230488,0.020220,0.001064,-0.009578,286.54,3.90,-1.20,-0.59,0.00,-35.924232,3,1,0,1,0,,,,,,,,
193587,101754.000000,281.49,3.280056,-5.712564,7.240066,0.019156,-0.005321,-0.007449,286.69,3.89,-0.75,-0.21,0.00,-34.696804,3,1,0,1,0,,,,,,,,
198587,101754.000000,281.49,3.265691,-5.755661,7.240066,0.022348,0.010642,-0.014899,286.59,3.90,-0.50,-0.00,-0.00,-34.696804,3,1,0,1,0,,,,,,,,
203587,101757.984375,281.51,3.270479,-5.770026,7.244854,0.018091,0.002128,-0.010642,286.49,3.90,-0.74,-0.14,0.00,-35.018497,3,1,0,1,0,,,,,,,,
208587,101757.984375,281.51,3.260902,-5.717353,7.244854,0.021284,0.009578,-0.014899,286.59,3.90,-0.59,-0.16,0.00,-35.018497,3,1,0,1,0,,,,,,,,
213587,101761.968750,281.53,3.256114,-5.746084,7.225700,0.017027,0.011706,-0.012770,286.49,3.89,-0.91,-0.36,0.00,-35.340183,3,1,0,1,0,,,,,,,,
218587,101761.968750,281.53,3.289633,-5.746084,7.244854,0.018091,0.006385,-0.008513,286.54,3.90,-0.57,-0.14,0.00,-35.340183,3,1,0,1,0,,,,,,,,
223587,101723.593750,281.53,2.810792,-3.557783,3.533841,1.887935,1.409034,1.544190,286.49,3.90,1.00,0.37,-0.00,-32.241500,3,1,0,1,0,,,,,,,,
228587,101746.750000,281.54,6.789956,6.062118,-3.007117,0.180918,-0.085138,0.029798,286.59,3.89,0.69,0.00,-0.00,-34.111419,3,1,0,1,0,,,,,,,,
233587,101731.531250,281.56,5.449203,6.588842,-5.698199,0.588516,-0.253285,-0.365029,286.84,3.90,0.76,-0.04,-0.00,-32.882511,3,1,0,1,0,,,,,,,,
238587,101758.687500,281.59,4.228159,8.331821,-3.126827,0.345873,0.459745,0.373543,286.54,3.89,0.66,-0.21,0.00,-35.075267,3,1,0,1,0,,,,,,,,
243587,101739.500000,281.59,9.528923,1.795651,-1.814804,0.181982,-0.363965,-0.892884,286.54,3.89,0.87,-0.04,-0.00,-33.526004,3,1,0,1,0,,,,,,,,
248587,101743.468750,281.61,9.054870,-1.096544,-1.872265,0.701324,0.266056,1.034426,286.49,3.89,1.09,0.10,0.00,-33.846473,3,1,0,1,0,,,,,,,,
253587,101728.250000,281.63,2.992752,7.833827,-0.497993,1.841109,-0.494864,0.070238,286.54,3.89,0.90,0.10,-0.00,-32.617530,3,1,0,1,0,,,,,,,,
258587,101728.250000,281.63,1.355118,-2.245761,-9.801861,0.125578,-0.005321,0.413983,286.74,3.89,1.03,0.19,-0.00,-32.617530,3,1,0,1,0,,,,,,,,
263587,101747.453125,281.63,1.939303,-2.576160,-10.534487,0.058532,-0.573617,-0.503378,286.54,3.89,1.47,0.35,-0.00,-34.168193,3,1,0,1,0,,,,,,,,
268587,101747.453125,281.63,5.573701,6.775590,-3.500322,-0.179854,0.416112,0.754535,286.84,3.89,0.74,-0.37,0.00,-34.168193,3,1,0,1,0,,,,,,,,
273587,101732.234375,281.64,9.418788,1.024718,-1.853112,0.048954,-0.104294,0.006385,286.74,3.89,1.27,0.10,-0.00,-32.939292,3,1,0,1,0,,,,,,,,
278587,101751.437500,281.64,3.251325,10.486603,-3.145981,-0.752407,0.746021,-0.036183,286.88,3.89,0.62,-0.57,0.00,-34.489906,3,1,0,1,0,,,,,,,,
283587,101721.015625,281.68,-5.334281,-4.721365,-8.269572,-0.412919,-0.404405,-0.488479,286.69,3.88,1.15,-0.07,0.00,-32.033290,3,1,0,1,0,,,,,,,,
288587,101747.453125,281.63,0.158017,-1.374271,-5.200205,0.131963,-0.387377,-0.835416,286.84,3.88,1.03,0.01,0.00,-34.168193,3,1,0,1,0,,,,,,,,
293587,101728.250000,281.63,-1.383848,-6.703764,-8.949525,1.499493,-0.029798,0.442717,286.59,3.89,1.66,0.57,-0.00,-32.617530,3,1,0,1,0,,,,,,,,
298587,101743.468750,281.61,-5.583278,-4.199429,-9.567230,-1.327088,1.385621,-1.402648,286.59,3.90,0.76,-0.26,0.00,-33.846473,3,1,0,1,0,,,,,,,,
303587,101739.500000,281.59,-1.929726,-6.162674,-12.564770,0.958866,0.190496,0.957802,286.84,3.89,0.55,-0.44,0.00,-33.526004,3,1,0,1,0,,,,,,,,
308587,101743.468750,281.61,-0.751779,-2.173935,-9.859322,0.888628,0.634278,0.343744,286.74,3.89,0.91,-0.12,0.00,-33.846473,3,1,0,1,0,,,,,,,,
313587,101720.312500,281.59,1.800439,-0.593762,-12.411540,0.587452,-0.232001,-0.962059,286.54,3.89,1.50,0.52,-0.00,-31.976505,3,1,0,1,0,,,,,,,,
318587,101739.500000,281.59,1.125274,-3.356670,-14.935029,-0.112807,0.285212,0.550204,286.69,3.89,0.67,-0.21,0.00,-33.526004,3,1,0,1,0,,,,,,,,
323587,101735.515625,281.58,0.924161,-3.768473,-11.032481,-0.627892,0.113872,0.802425,286.74,3.87,0.72,-0.07,-0.00,-33.204261,3,1,0,1,0,,,,,,,,
328587,101739.500000,281.59,-0.287304,-4.783615,-12.459424,-0.302239,-0.031926,0.684296,286.69,3.88,0.82,0.05,-0.00,-33.526004,3,1,0,1,0,,,,,,,,
333587,101735.515625,281.58,5.655104,-6.248866,-7.666233,-0.528919,0.027669,-0.213909,286.74,3.89,0.79,0.15,-0.00,-33.204261,3,1,0,1,0,,,,,,,,
338587,101754.703125,281.58,6.339846,3.150769,-2.308010,0.014899,0.650241,-1.199381,286.59,3.87,0.47,-0.25,0.00,-34.753574,3,1,0,1,0,,,,,,,,
343587,101731.531250,281.56,7.594407,5.904101,-4.003105,-0.731122,1.005692,-1.495236,286.54,3.88,1.06,0.26,-0.00,-32.882511,3,1,0,1,0,,,,,,,,
348587,101746.750000,281.54,4.534617,4.668693,0.292092,-0.718352,0.160697,0.019156,286.69,3.89,0.36,-0.11,-0.00,-34.111419,3,1,0,1,0,,,,,,,,
353587,101757.984375,281.51,6.129156,4.304774,7.225700,-0.125578,-0.279891,0.502314,286.54,3.89,0.44,-0.01,0.00,-35.018497,3,1,0,1,0,,,,,,,,
358587,101734.812500,281.49,4.055777,9.088389,8.954314,1.401584,0.316074,1.573989,286.59,3.87,0.08,-0.17,-0.00,-33.147483,3,1,0,1,0,,,,,,,,
363587,101750.015625,281.48,-0.459686,4.592078,6.545747,0.910976,-0.751343,1.958174,286.49,3.88,0.06,-0.07,-0.00,-34.375099,3,1,0,1,0,,,,,,,,
368587,101726.859375,281.46,1.709460,6.406883,6.732494,-0.071303,0.496993,0.321395,286.54,3.89,0.44,0.22,-0.00,-32.505229,3,1,0,1,0,,,,,,,,
373587,101746.046875,281.46,2.217030,0.928950,8.547300,0.226679,0.352258,0.417176,286.54,3.89,0.17,-0.13,0.00,-34.054645,3,1,0,1,0,,,,,,,,
378587,101746.046875,281.46,1.201889,6.416460,5.310339,-0.185175,-0.964188,0.395891,286.59,3.87,0.06,-0.14,0.00,-34.054645,3,1,0,1,0,,,,,,,,
383587,101750.015625,281.48,2.585737,6.612784,5.482721,0.327781,0.690682,0.577874,286.88,3.88,0.18,-0.01,0.00,-34.375099,3,1,0,1,0,,,,,,,,
388587,101734.812500,281.49,2.466027,4.074931,5.195417,0.670461,0.474644,0.455488,286.69,3.89,0.67,0.40,-0.00,-33.147483,3,1,0,1,0,,,,,,,,
393587,101742.781250,281.53,3.112462,5.358223,7.599195,-0.606608,-0.449103,-0.251157,286.88,3.87,0.08,-0.36,0.00,-33.790958,3,1,0,1,0,,,,,,,,
398587,101750.734375,281.56,4.654327,-1.115697,11.070788,0.069174,0.623635,-0.759856,286.69,3.87,-0.02,-0.24,0.00,-34.433132,3,1,0,1,0,,,,,,,,
403587,101743.468750,281.61,-1.972822,4.999093,9.203310,0.954609,-0.469323,-0.268184,286.74,3.87,0.42,-0.01,-0.00,-33.846473,3,1,0,1,0,,,,,,,,
408587,101732.234375,281.64,4.659116,6.354211,3.184288,0.127707,-0.774755,0.156441,286.84,3.89,0.44,0.12,-0.00,-32.939292,3,1,0,1,0,,,,,,,,
413587,101744.187500,281.69,7.675810,7.958326,3.337517,-0.139413,-0.403341,-0.714095,286.69,3.87,0.33,-0.00,-0.00,-33.904510,3,1,0,1,0,,,,,,,,
418587,101732.953125,281.73,4.003105,4.362235,7.398083,-0.038312,-0.462937,0.204331,286.93,3.87,0.70,0.44,-0.00,-32.997333,3,1,0,1,0,,,,,,,,
423587,101740.906250,281.76,2.973598,3.050212,3.447650,-0.121321,0.214973,0.635342,286.59,3.87,0.30,-0.23,0.00,-33.639556,3,1,0,1,0,,,,,,,,
428587,101748.859375,281.79,9.825803,1.091755,1.134851,0.772627,0.190496,0.013834,286.93,3.87,0.65,-0.21,0.00,-34.281742,3,1,0,1,0,,,,,,,,
433587,101737.609375,281.83,10.888829,-1.766920,4.750096,0.057468,0.485286,-0.425690,286.93,3.89,0.83,0.16,-0.00,-33.373336,3,1,0,1,0,,,,,,,,
438587,101745.562500,281.86,8.844181,-7.244854,5.731718,0.085138,0.436332,-0.282019,287.03,3.87,0.80,0.16,-0.00,-34.015537,3,1,0,1,0,,,,,,,,
443587,101730.328125,281.88,5.133168,-8.508993,4.659116,0.287340,-0.142606,-0.610865,286.84,3.89,0.68,0.01,-0.00,-32.785354,3,1,0,1,0,,,,,,,,
448587,101738.281250,281.91,7.714117,-0.373495,2.614468,-0.089394,-0.003192,0.228808,287.13,3.87,0.76,0.02,-0.00,-33.427589,3,1,0,1,0,,,,,,,,
453587,101746.250000,281.94,7.101202,-1.742978,7.340622,-0.011706,-0.112807,0.253285,287.08,3.87,1.02,0.22,-0.00,-34.071048,3,1,0,1,0,,,,,,,,
458587,101750.234375,281.96,6.469132,-0.636857,2.365471,0.328845,0.280955,0.278826,286.88,3.89,0.94,-0.13,0.00,-34.392761,3,1,0,1,0,,,,,,,,
463587,101719.765625,281.99,12.516886,2.408566,8.714894,0.095780,-0.475708,0.022348,287.03,3.87,0.93,-0.08,-0.00,-31.932338,3,1,0,1,0,,,,,,,,
468587,101727.718750,282.02,5.214570,-2.820369,6.607996,-0.507635,0.368221,-0.022348,287.23,3.89,1.30,0.25,-0.00,-32.574630,3,1,0,1,0,,,,,,,,
473587,101731.687500,282.04,5.870582,-0.852335,3.849876,-0.029798,0.081945,-0.472515,287.28,3.87,1.19,0.03,0.00,-32.895130,3,1,0,1,0,,,,,,,,
478587,101716.453125,282.06,6.856993,-2.102108,4.592078,-0.133028,0.380992,0.094716,287.03,3.87,1.30,0.09,-0.00,-31.664810,3,1,0,1,0,,,,,,,,
483587,101743.609375,282.09,-4.544194,-0.684741,10.601525,0.367157,-0.105358,0.739636,287.13,3.87,1.31,-0.05,0.00,-33.857830,3,1,0,1,0,,,,,,,,
488587,101728.375000,282.11,3.797203,-5.444414,7.058106,-0.022348,-0.366093,0.087266,287.13,3.89,1.78,0.24,-0.00,-32.627628,3,1,0,1,0,,,,,,,,
493587,101736.312500,282.14,6.545747,-0.220266,5.736507,0.092587,-0.140477,0.431011,287.13,3.88,1.22,-0.26,0.00,-33.268611,3,1,0,1,0,,,,,,,,
498587,101721.062500,282.16,4.405331,-11.123460,5.702988,-0.187303,-0.068110,0.470387,287.03,3.87,1.94,0.27,-0.00,-32.037075,3,1,0,1,0,,,,,,,,
503587,101725.046875,282.17,11.128249,-0.890643,9.323020,0.139413,0.293726,-0.244771,287.03,3.87,1.87,0.11,-0.00,-32.358856,3,1,0,1,0,,,,,,,,
508587,101729.015625,282.19,8.159439,-1.182735,6.234500,-0.183046,-0.210716,-0.061725,287.42,3.87,1.92,0.04,-0.00,-32.679359,3,1,0,1,0,,,,,,,,
513587,101713.781250,282.21,4.165910,-4.577713,3.643975,-0.211780,0.610865,-0.301175,287.37,3.87,2.61,0.49,-0.00,-31.449016,3,1,0,1,0,,,,,,,,
518587,101713.781250,282.21,6.684610,-2.030282,4.821922,-0.010642,-0.035119,0.072367,287.47,3.89,3.22,0.89,-0.00,-31.449016,3,1,0,1,0,,,,,,,,
523587,101717.765625,282.22,6.880935,0.248996,5.554547,-0.288405,0.173468,0.187303,287.13,3.87,1.97,-0.42,0.00,-31.770812,3,1,0,1,0,,,,,,,,
528587,101721.734375,282.24,11.645397,1.120486,6.775590,0.065981,-0.556589,0.465066,287.47,3.87,2.93,0.26,0.00,-32.091339,3,1,0,1,0,,,,,,,,
533587,101687.265625,282.26,8.389282,-0.225054,5.090072,0.719416,-0.580002,-0.220294,287.28,3.89,3.43,0.41,-0.00,-29.307228,3,1,0,1,0,,,,,,,,
538587,101706.484375,282.26,4.453215,-1.944091,6.991068,-0.315010,-0.299047,0.459745,287.37,3.89,3.40,0.07,-0.00,-30.859659,3,1,0,1,0,,,,,,,,
543587,101706.484375,282.26,8.020575,-1.723825,5.329493,0.337359,-0.436332,-0.041504,287.28,3.87,3.35,-0.17,0.00,-30.859659,3,1,0,1,0,,,,,,,,
548587,101691.234375,282.27,4.544194,-4.424484,3.869029,-0.366093,0.254349,-0.118128,287.47,3.88,4.00,-0.04,0.00,-29.627830,3,1,0,1,0,,,,,,,,
553587,101691.234375,282.27,7.249642,-1.034295,6.119579,-0.107486,0.107486,-0.627892,287.42,3.87,4.42,0.01,0.00,-29.627830,3,1,0,1,0,,,,,,,,
558587,101691.234375,282.27,5.530605,-4.678269,3.011905,-0.821581,0.303304,-0.664076,287.37,3.87,5.26,0.24,0.00,-29.627830,3,1,0,1,0,,,,,,,,
563587,101675.984375,282.29,11.209651,3.955221,6.756437,-0.288405,-0.461873,0.247964,287.37,3.87,5.67,0.27,-0.00,-28.395853,3,1,0,1,0,,,,,,,,
568587,101672.000000,282.27,10.429141,-0.732625,5.535394,0.156441,-0.421433,0.063853,287.47,3.87,5.38,-0.16,0.00,-28.073949,3,1,0,1,0,,,,,,,,
573587,101675.984375,282.29,7.182604,-2.193088,4.491522,0.075559,0.224551,-0.197945,287.47,3.87,5.93,0.16,-0.00,-28.395853,3,1,0,1,0,,,,,,,,
578587,101675.984375,282.29,7.264008,-3.390189,4.711788,0.110679,0.306496,0.104294,287.47,3.87,6.30,0.44,-0.00,-28.395853,3,1,0,1,0,,,,,,,,
583587,101675.984375,282.29,9.476249,-0.411802,6.464344,0.050018,-0.152184,0.144734,287.28,3.88,5.64,-0.20,0.00,-28.395853,3,1,0,1,0,,,,,,,,
588587,101675.984375,282.29,7.422025,-0.847547,4.769249,0.342680,-0.104294,0.343744,287.62,3.88,5.63,-0.06,0.00,-28.395853,3,1,0,1,0,,,,,,,,
593587,101675.984375,282.29,10.568006,0.339976,9.174580,1.099344,-0.516149,-0.098972,287.47,3.87,5.15,-0.62,0.00,-28.395853,3,1,0,1,0,,,,,,,,
598587,101672.000000,282.27,7.158662,-1.977610,6.818686,1.543126,-0.157505,0.815196,287.37,3.87,6.08,0.33,-0.00,-28.073949,3,1,0,1,0,,,,,,,,
603587,101691.234375,282.27,7.082048,-1.264138,6.449979,0.129835,-0.020220,0.058532,287.47,3.87,5.57,-0.20,0.00,-29.627830,3,1,0,1,0,,,,,,,,
608587,101672.000000,282.27,6.684610,-1.134851,3.754108,0.059596,0.162826,0.499121,287.57,3.87,5.68,0.08,-0.00,-28.073949,3,1,0,1,0,,,,,,,,
613587,101672.000000,282.27,6.631938,2.193088,7.024587,0.387377,0.568296,0.081945,287.57,3.88,5.34,-0.17,0.00,-28.073949,3,1,0,1,0,,,,,,,,
618587,101668.046875,282.26,2.676717,-4.501099,7.259219,-0.152184,0.022348,0.178789,287.28,3.87,5.71,0.31,-0.00,-27.754560,3,1,0,1,0,,,,,,,,
623587,101664.078125,282.24,1.144428,-6.521805,6.900089,-0.044697,-0.050018,0.192624,287.37,3.87,5.61,0.32,-0.00,-27.433898,3,1,0,1,0,,,,,,,,
628587,101679.328125,282.22,4.304774,-7.929595,7.101202,-0.040440,0.022348,0.192624,287.47,3.87,5.40,0.17,-0.00,-28.665992,3,1,0,1,0,,,,,,,,
633587,101694.562500,282.21,3.016694,-8.662221,6.732494,0.179854,-0.573617,0.007449,287.37,3.87,4.89,-0.39,0.00,-29.896675,3,1,0,1,0,,,,,,,,
638587,101690.578125,282.19,4.113238,-6.852205,4.333505,0.137285,0.162826,-0.050018,287.37,3.87,5.35,0.13,-0.00,-29.574819,3,1,0,1,0,,,,,,,,
643587,101686.609375,282.17,1.613691,-8.432377,0.847547,0.001064,-0.226679,-0.449103,287.37,3.87,4.89,-0.25,0.00,-29.254215,3,1,0,1,0,,,,,,,,
648587,101697.875000,282.14,3.418920,-8.384493,2.710236,-0.634278,-0.379928,0.344808,287.03,3.87,5.10,-0.11,0.00,-30.164249,3,1,0,1,0,,,,,,,,
653587,101693.921875,282.12,1.005564,-8.810662,3.136404,0.070238,-0.104294,0.611929,287.08,3.87,5.03,-0.17,0.00,-29.844926,3,1,0,1,0,,,,,,,,
658587,101689.937500,282.11,3.639186,-7.225700,4.070142,-0.196881,0.615122,0.156441,287.37,3.86,5.18,-0.00,0.00,-29.523069,3,1,0,1,0,,,,,,,,
663587,101666.750000,282.09,4.750096,-7.359776,5.544970,-0.218166,0.083009,-0.134092,287.37,3.87,5.32,0.09,-0.00,-27.649778,3,1,0,1,0,,,,,,,,
668587,101681.984375,282.07,4.180275,-8.413224,4.620809,-0.289469,-0.103229,-0.243707,287.37,3.87,5.25,0.02,-0.00,-28.880584,3,1,0,1,0,,,,,,,,
673587,101697.234375,282.06,5.157110,-6.033388,5.444414,-0.106422,0.822646,0.056403,287.23,3.87,4.76,-0.49,0.00,-30.112503,3,1,0,1,0,,,,,,,,
678587,101674.046875,282.04,3.548206,-7.584830,3.284844,0.650241,0.019156,0.308625,287.23,3.87,5.53,0.35,-0.00,-28.239320,3,1,0,1,0,,,,,,,,
683587,101689.281250,282.02,3.988739,-7.632714,5.434837,-0.399084,0.083009,0.042569,287.08,3.88,5.18,-0.15,0.00,-29.470056,3,1,0,1,0,,,,,,,,
688587,101685.312500,282.01,4.357447,-6.713341,5.655104,0.160697,-0.001064,-0.048954,287.47,3.87,5.28,0.01,-0.00,-29.149448,3,1,0,1,0,,,,,,,,
693587,101677.375000,281.98,4.563348,-5.453991,4.951209,-0.200074,0.041504,0.125578,287.03,3.86,5.55,0.25,-0.00,-28.508201,3,1,0,1,0,,,,,,,,
698587,101696.578125,281.98,1.436521,-7.632714,6.454767,0.061725,0.160697,-0.304368,287.28,3.86,4.81,-0.25,0.00,-30.059492,3,1,0,1,0,,,,,,,,
703587,101688.625000,281.94,2.418143,-8.216899,5.497087,0.117064,-0.108550,0.146863,287.23,3.86,4.83,-0.15,0.00,-29.417041,3,1,0,1,0,,,,,,,,
708587,101669.421875,281.94,0.598550,4.299986,7.493851,-0.522534,-0.110679,0.245836,287.03,3.88,5.48,0.40,-0.00,-27.865653,3,1,0,1,0,,,,,,,,
713587,101684.671875,281.93,1.048660,-8.963891,2.863465,0.370350,0.435268,-0.161762,287.08,3.86,4.91,-0.15,0.00,-29.097696,3,1,0,1,0,,,,,,,,
718587,101688.625000,281.94,4.007893,6.440402,4.592078,0.054275,0.278826,0.048954,287.08,3.87,5.29,0.10,0.00,-29.417041,3,1,0,1,0,,,,,,,,
723587,101688.625000,281.94,0.545877,-5.377377,8.173804,1.111051,0.018091,-0.246900,287.13,3.87,4.73,-0.21,0.00,-29.417041,3,1,0,1,0,,,,,,,,
728587,101688.625000,281.94,-0.407014,-9.701305,3.610455,-0.808811,-0.178789,1.279198,287.08,3.86,4.89,-0.16,0.00,-29.417041,3,1,0,1,0,,,,,,,,
733587,101676.687500,281.89,2.365471,-9.093177,3.849876,0.089394,-0.106422,-0.168147,287.08,3.87,5.24,0.05,-0.00,-28.452659,3,1,0,1,0,,,,,,,,
738587,101668.750000,281.86,-5.018246,-9.835380,0.675164,0.317139,2.269992,-0.306496,287.08,3.86,4.82,-0.13,-0.00,-27.811368,3,1,0,1,0,,,,,,,,
743587,101691.921875,281.88,0.545877,-2.308010,6.325480,-0.127707,-0.394827,-0.170276,286.93,3.87,4.71,0.00,0.00,-29.683368,3,1,0,1,0,,,,,,,,
748587,101683.984375,281.84,4.280832,-7.833827,2.466027,-0.156441,-0.139413,0.038312,287.13,3.87,4.62,0.15,-0.00,-29.042156,3,1,0,1,0,,,,,,,,
753587,101699.203125,281.83,0.186747,-8.307879,2.001552,0.026605,0.068110,0.249028,287.08,3.86,4.15,-0.25,0.00,-30.271530,3,1,0,1,0,,,,,,,,
758587,101691.265625,281.79,-0.258573,-9.414000,5.224147,0.217101,-0.152184,-0.194753,286.93,3.85,4.54,0.07,-0.00,-29.630355,3,1,0,1,0,,,,,,,,
763587,101687.281250,281.78,0.071826,-9.543288,5.410895,0.054275,-0.109615,-0.380992,286.93,3.87,4.07,-0.39,0.00,-29.308490,3,1,0,1,0,,,,,,,,
768587,101683.296875,281.76,2.360682,-8.978256,4.869806,0.043633,-0.108550,-0.429946,286.88,3.87,4.88,0.38,-0.00,-28.986616,3,1,0,1,0,,,,,,,,
773587,101698.531250,281.74,1.924938,-8.667010,4.055777,0.146863,0.021284,-0.136220,286.93,3.87,4.36,-0.01,-0.00,-30.217260,3,1,0,1,0,,,,,,,,
778587,101694.562500,281.73,1.288080,-8.485051,4.276044,-0.044697,-0.062789,-0.043633,286.84,3.87,4.30,-0.15,0.00,-29.896675,3,1,0,1,0,,,,,,,,
783587,101694.562500,281.73,1.905784,-8.465896,4.098873,-0.123450,0.201138,0.139413,287.08,3.86,4.82,0.41,-0.00,-29.896675,3,1,0,1,0,,,,,,,,
788587,101690.578125,281.71,3.203441,-7.819462,4.376600,0.195817,-0.112807,-0.245836,286.88,3.86,4.61,0.17,-0.00,-29.574819,3,1,0,1,0,,,,,,,,
793587,101705.796875,281.69,2.628833,-7.326257,2.930502,0.053211,0.048954,0.025541,286.84,3.86,4.25,-0.26,0.00,-30.804128,3,1,0,1,0,,,,,,,,
798587,101682.625000,281.68,2.624045,-7.302315,3.179499,-0.119193,0.009578,-0.225615,286.93,3.86,4.68,0.22,-0.00,-28.932338,3,1,0,1,0,,,,,,,,
803587,101678.640625,281.66,2.365471,-7.072471,3.447650,-0.050018,0.109615,-0.047890,286.93,3.85,4.47,0.07,-0.00,-28.610450,3,1,0,1,0,,,,,,,,
808587,101697.828125,281.66,1.426944,-9.629479,4.577713,-0.134092,-0.152184,-0.067046,286.69,3.86,4.44,-0.00,-0.00,-30.160463,3,1,0,1,0,,,,,,,,
813587,101693.843750,281.64,0.799663,-9.011775,3.825934,0.056403,0.250092,0.062789,286.74,3.85,4.78,0.31,-0.00,-29.838615,3,1,0,1,0,,,,,,,,
818587,101693.843750,281.64,2.662352,-9.844957,1.383848,0.060660,0.216037,-0.040440,286.74,3.87,4.15,-0.19,-0.00,-29.838615,3,1,0,1,0,,,,,,,,
823587,101689.875000,281.63,3.720589,-9.399635,-0.143652,-0.095780,0.224551,0.318203,286.69,3.85,4.73,0.26,-0.00,-29.518020,3,1,0,1,0,,,,,,,,
828587,101709.062500,281.63,3.236960,-11.683704,0.541089,-0.029798,0.031926,0.117064,286.88,3.86,4.48,-0.06,0.00,-31.067893,3,1,0,1,0,,,,,,,,
833587,101693.843750,281.64,4.098873,-2.398990,-8.293514,0.028734,0.051082,-0.241579,286.84,3.87,4.76,-0.29,0.00,-29.838615,3,1,0,1,0,,,,,,,,
838587,101674.656250,281.64,3.744531,-3.031059,-8.494627,0.128771,-0.011706,-0.037247,286.69,3.85,5.38,0.16,0.00,-28.288553,3,1,0,1,0,,,,,,,,
843587,101674.656250,281.64,2.887407,-3.452438,-8.872911,0.000000,0.026605,-0.019156,286.54,3.87,5.56,0.50,-0.00,-28.288553,3,1,0,1,0,,,,,,,,
848587,101674.656250,281.64,2.873042,-3.763684,-9.011775,-0.031926,-0.010642,0.020220,286.69,3.87,5.14,0.07,-0.00,-28.288553,3,1,0,1,0,,,,,,,,
853587,101697.828125,281.66,-0.004788,0.177170,-9.792284,-0.018091,0.175597,-0.330974,286.54,3.85,5.00,0.12,-0.00,-30.160463,3,1,0,1,0,,,,,,,,
858587,101697.828125,281.66,-0.153228,-0.737414,-10.002974,0.012770,0.075559,-0.214973,286.84,3.85,4.43,-0.46,0.00,-30.160463,3,1,0,1,0,,,,,,,,
863587,101686.593750,281.69,1.192312,-1.182735,-10.055646,-0.136220,-0.070238,-0.071303,286.93,3.85,5.47,0.53,-0.00,-29.252952,3,1,0,1,0,,,,,,,,
868587,101679.328125,281.74,1.230619,-0.670376,-8.825027,0.108550,-0.869471,0.027669,286.88,3.87,5.34,0.13,-0.00,-28.665992,3,1,0,1,0,,,,,,,,
873587,101676.687500,281.89,1.230619,0.459686,-10.658986,-0.166019,-0.129835,0.241579,287.03,3.85,5.64,-0.14,0.00,-28.452659,3,1,0,1,0,,,,,,,,
878587,101700.562500,281.99,1.120486,-0.651222,-10.275913,-0.085138,-0.019156,0.007449,286.93,3.85,5.52,-0.30,0.00,-30.381334,3,1,0,1,0,,,,,,,,
883587,101678.031250,282.06,1.096544,-0.790086,-9.940725,-0.048954,0.008513,-0.007449,287.13,3.85,5.83,-0.36,0.00,-28.561220,3,1,0,1,0,,,,,,,,
888587,101670.718750,282.11,1.168370,-0.459686,-9.911994,-0.030862,-0.007449,-0.018091,287.08,3.87,6.65,0.19,-0.00,-27.970434,3,1,0,1,0,,,,,,,,
893587,101689.937500,282.11,0.890643,-0.277727,-9.935936,-0.069174,-0.034055,0.023412,287.42,3.85,5.78,-0.70,0.00,-29.523069,3,1,0,1,0,,,,,,,,
898587,101674.703125,282.12,2.159569,-0.914585,-9.351751,-0.092587,-0.319267,-0.139413,287.37,3.85,5.96,-0.03,-0.00,-28.292341,3,1,0,1,0,,,,,,,,
