#version,serial,flight,time,state,state_name,acceleration,pressure,altitude,height,speed,temperature,drogue_voltage,main_voltage,battery_voltage
6, 14087, 1,    -0.62, 3,   boost,   28.68, 101627.00,  -25.11,    2.16,   37.10,  7.1, 4.08, 4.05, 4.07
6, 14087, 1,    -0.61, 3,   boost,   30.17, 101622.00,  -24.69,    2.57,   37.68,  7.1, 4.08, 4.04, 4.07
6, 14087, 1,    -0.60, 3,   boost,   31.72, 101636.00,  -25.86,    1.41,   38.26,  7.1, 4.08, 4.04, 4.07
6, 14087, 1,    -0.59, 3,   boost,   33.32, 101620.00,  -24.53,    2.74,   38.85,  7.1, 4.08, 4.04, 4.07
6, 14087, 1,    -0.58, 3,   boost,   34.97, 101625.00,  -24.94,    2.32,   39.45,  7.1, 4.08, 4.04, 4.07
6, 14087, 1,    -0.57, 3,   boost,   36.67, 101613.00,  -23.95,    3.32,   40.05,  7.1, 4.08, 4.05, 4.07
6, 14087, 1,    -0.56, 3,   boost,   38.40, 101606.00,  -23.36,    3.90,   40.66,  7.1, 4.08, 4.04, 4.07
6, 14087, 1,    -0.55, 3,   boost,   40.18, 101617.00,  -24.28,    2.99,   41.28,  7.1, 4.08, 4.04, 4.07
6, 14087, 1,    -0.54, 3,   boost,   41.99, 101617.00,  -24.28,    2.99,   41.90,  7.1, 4.08, 4.04, 4.07
6, 14087, 1,    -0.53, 3,   boost,   43.83, 101604.00,  -23.20,    4.07,   42.53,  7.1, 4.08, 4.04, 4.07
6, 14087, 1,    -0.52, 3,   boost,   45.68, 101613.00,  -23.95,    3.32,   43.16,  7.1, 4.08, 4.04, 4.07
6, 14087, 1,    -0.51, 3,   boost,   47.56, 101596.00,  -22.53,    4.73,   43.81,  7.1, 4.08, 4.04, 4.07
6, 14087, 1,    -0.50, 3,   boost,   49.43, 101605.00,  -23.28,    3.99,   44.45,  7.1, 4.08, 4.04, 4.07
6, 14087, 1,    -0.49, 3,   boost,   51.31, 101590.00,  -22.04,    5.23,   45.11,  7.1, 4.09, 4.05, 4.07
6, 14087, 1,    -0.48, 3,   boost,   53.17, 101590.00,  -22.04,    5.23,   45.77,  7.1, 4.08, 4.04, 4.07
6, 14087, 1,    -0.47, 3,   boost,   55.02, 101589.00,  -21.95,    5.31,   46.44,  7.1, 4.08, 4.04, 4.07
6, 14087, 1,    -0.46, 3,   boost,   56.84, 101580.00,  -21.21,    6.06,   47.11,  7.1, 4.08, 4.04, 4.07
6, 14087, 1,    -0.45, 3,   boost,   58.62, 101584.00,  -21.54,    5.73,   47.79,  7.1, 4.08, 4.04, 4.07
6, 14087, 1,    -0.44, 3,   boost,   60.35, 101570.00,  -20.37,    6.89,   48.47,  7.1, 4.08, 4.04, 4.07
6, 14087, 1,    -0.43, 3,   boost,   62.02, 101572.00,  -20.54,    6.73,   49.16,  7.1, 4.09, 4.04, 4.07
6, 14087, 1,    -0.42, 3,   boost,   63.63, 101562.00,  -19.71,    7.56,   49.86,  7.1, 4.08, 4.04, 4.07
6, 14087, 1,    -0.41, 3,   boost,   65.17, 101563.00,  -19.79,    7.47,   50.56,  7.1, 4.09, 4.04, 4.07
6, 14087, 1,    -0.40, 3,   boost,   66.63, 101561.00,  -19.63,    7.64,   51.27,  7.1, 4.08, 4.04, 4.07
6, 14087, 1,    -0.39, 3,   boost,   68.00, 101553.00,  -18.96,    8.31,   51.99,  7.1, 4.08, 4.04, 4.07
6, 14087, 1,    -0.38, 3,   boost,   69.28, 101545.00,  -18.30,    8.97,   52.71,  7.1, 4.08, 4.04, 4.07
6, 14087, 1,    -0.37, 3,   boost,   70.46, 101541.00,  -17.96,    9.30,   53.43,  7.1, 4.08, 4.05, 4.07
6, 14087, 1,    -0.36, 3,   boost,   71.55, 101538.00,  -17.72,    9.55,   54.16,  7.1, 4.08, 4.04, 4.07
6, 14087, 1,    -0.35, 3,   boost,   72.54, 101533.00,  -17.30,    9.97,   54.90,  7.1, 4.08, 4.04, 4.07
6, 14087, 1,    -0.34, 3,   boost,   73.43, 101520.00,  -16.22,   11.05,   55.64,  7.1, 4.08, 4.04, 4.07
6, 14087, 1,    -0.33, 3,   boost,   74.22, 101515.00,  -15.80,   11.46,   56.39,  7.1, 4.08, 4.04, 4.07
6, 14087, 1,    -0.32, 3,   boost,   74.92, 101503.00,  -14.81,   12.46,   57.14,  7.1, 4.08, 4.04, 4.07
6, 14087, 1,    -0.31, 3,   boost,   75.53, 101500.00,  -14.56,   12.71,   57.90,  7.1, 4.08, 4.04, 4.07
6, 14087, 1,    -0.30, 3,   boost,   76.05, 101497.00,  -14.31,   12.96,   58.66,  7.1, 4.09, 4.04, 4.07
6, 14087, 1,    -0.29, 3,   boost,   76.49, 101486.00,  -13.39,   13.87,   59.43,  7.1, 4.08, 4.04, 4.07
6, 14087, 1,    -0.28, 3,   boost,   76.86, 101479.00,  -12.81,   14.46,   60.20,  7.1, 4.08, 4.04, 4.07
6, 14087, 1,    -0.27, 3,   boost,   77.17, 101470.00,  -12.06,   15.20,   60.97,  7.1, 4.08, 4.05, 4.07
6, 14087, 1,    -0.26, 3,   boost,   77.41, 101463.00,  -11.48,   15.79,   61.75,  7.1, 4.08, 4.04, 4.07
6, 14087, 1,    -0.25, 3,   boost,   77.61, 101458.00,  -11.07,   16.20,   62.53,  7.1, 4.08, 4.04, 4.07
6, 14087, 1,    -0.24, 3,   boost,   77.77, 101448.00,  -10.23,   17.03,   63.32,  7.1, 4.09, 4.04, 4.07
6, 14087, 1,    -0.23, 3,   boost,   77.89, 101440.00,   -9.57,   17.70,   64.11,  7.1, 4.08, 4.04, 4.07
6, 14087, 1,    -0.22, 3,   boost,   77.99, 101431.00,   -8.82,   18.45,   64.91,  7.1, 4.08, 4.04, 4.07
6, 14087, 1,    -0.21, 3,   boost,   78.06, 101420.00,   -7.91,   19.36,   65.71,  7.1, 4.08, 4.04, 4.07
6, 14087, 1,    -0.20, 3,   boost,   78.13, 101412.00,   -7.24,   20.03,   66.51,  7.1, 4.09, 4.04, 4.07
6, 14087, 1,    -0.19, 3,   boost,   78.18, 101407.00,   -6.82,   20.44,   67.31,  7.1, 4.08, 4.04, 4.07
6, 14087, 1,    -0.18, 3,   boost,   78.23, 101398.00,   -6.07,   21.19,   68.12,  7.1, 4.08, 4.05, 4.07
6, 14087, 1,    -0.17, 3,   boost,   78.29, 101390.00,   -5.41,   21.86,   68.93,  7.1, 4.08, 4.05, 4.07
6, 14087, 1,    -0.16, 3,   boost,   78.34, 101381.00,   -4.66,   22.61,   69.74,  7.1, 4.08, 4.05, 4.07
6, 14087, 1,    -0.15, 3,   boost,   78.40, 101374.00,   -4.08,   23.19,   70.56,  7.1, 4.08, 4.04, 4.07
6, 14087, 1,    -0.14, 3,   boost,   78.47, 101370.00,   -3.75,   23.52,   71.37,  7.1, 4.08, 4.04, 4.07
6, 14087, 1,    -0.13, 3,   boost,   78.54, 101353.00,   -2.33,   24.94,   72.19,  7.1, 4.08, 4.05, 4.07
6, 14087, 1,    -0.12, 3,   boost,   78.62, 101346.00,   -1.75,   25.52,   73.01,  7.1, 4.08, 4.04, 4.07
6, 14087, 1,    -0.11, 3,   boost,   78.68, 101339.00,   -1.17,   26.10,   73.83,  7.1, 4.08, 4.04, 4.07
6, 14087, 1,    -0.10, 3,   boost,   78.71, 101326.00,   -0.08,   27.18,   74.65,  7.1, 4.08, 4.04, 4.07
6, 14087, 1,    -0.09, 3,   boost,   78.73, 101316.00,    0.75,   28.02,   75.48,  7.1, 4.09, 4.04, 4.07
6, 14087, 1,    -0.08, 3,   boost,   78.72, 101315.00,    0.83,   28.10,   76.30,  7.1, 4.08, 4.04, 4.07
6, 14087, 1,    -0.07, 3,   boost,   78.70, 101303.00,    1.83,   29.10,   77.12,  7.1, 4.08, 4.05, 4.07
6, 14087, 1,    -0.06, 3,   boost,   78.65, 101286.00,    3.25,   30.51,   77.95,  7.1, 4.09, 4.05, 4.07
6, 14087, 1,    -0.05, 3,   boost,   78.58, 101279.00,    3.83,   31.10,   78.77,  7.1, 4.08, 4.05, 4.07
6, 14087, 1,    -0.04, 3,   boost,   78.48, 101271.00,    4.50,   31.76,   79.60,  7.1, 4.09, 4.04, 4.07
6, 14087, 1,    -0.03, 3,   boost,   78.37, 101271.00,    4.50,   31.76,   80.42,  7.1, 4.08, 4.04, 4.07
6, 14087, 1,    -0.02, 3,   boost,   78.23, 101256.00,    5.75,   33.01,   81.25,  7.1, 4.08, 4.04, 4.07
6, 14087, 1,    -0.01, 3,   boost,   78.07, 101247.00,    6.49,   33.76,   82.07,  7.1, 4.08, 4.04, 4.07
6, 14087, 1,     0.00, 3,   boost,   77.89, 101242.00,    6.91,   34.18,   82.89,  7.1, 4.08, 4.04, 4.07
6, 14087, 1,     0.00, 3,   boost,   77.89, 101242.00,    6.91,   34.18,   82.89,  7.1, 4.08, 4.04, 4.07
6, 14087, 1,     0.00, 3,   boost,   77.89, 101242.00,    6.91,   34.18,   82.89,  7.1, 4.08, 4.04, 4.07
6, 14087, 1,     0.00, 3,   boost,   77.89, 101242.00,    6.91,   34.18,   82.89,  7.1, 4.08, 4.04, 4.07
6, 14087, 1,     0.00, 3,   boost,   77.89, 101242.00,    6.91,   34.18,   82.89,  7.1, 4.08, 4.04, 4.07
6, 14087, 1,     0.00, 3,   boost,   77.89, 101242.00,    6.91,   34.18,   82.89,  7.1, 4.08, 4.04, 4.07
6, 14087, 1,     0.00, 3,   boost,   77.89, 101242.00,    6.91,   34.18,   82.89,  7.1, 4.08, 4.04, 4.07
6, 14087, 1,     0.00, 3,   boost,   77.89, 101242.00,    6.91,   34.18,   82.89,  7.1, 4.08, 4.04, 4.07
6, 14087, 1,     0.00, 3,   boost,   77.89, 101242.00,    6.91,   34.18,   82.89,  7.1, 4.08, 4.04, 4.07
6, 14087, 1,     0.00, 3,   boost,   77.89, 101242.00,    6.91,   34.18,   82.89,  7.1, 4.08, 4.04, 4.07
6, 14087, 1,     0.00, 3,   boost,   77.89, 101242.00,    6.91,   34.18,   82.89,  7.1, 4.08, 4.04, 4.07
6, 14087, 1,     0.00, 3,   boost,   77.89, 101242.00,    6.91,   34.18,   82.89,  7.1, 4.08, 4.04, 4.07
6, 14087, 1,     0.00, 3,   boost,   77.89, 101242.00,    6.91,   34.18,   82.89,  7.1, 4.08, 4.04, 4.07
6, 14087, 1,     0.00, 3,   boost,   77.89, 101242.00,    6.91,   34.18,   82.89,  7.1, 4.08, 4.04, 4.07
6, 14087, 1,     0.00, 3,   boost,   77.89, 101242.00,    6.91,   34.18,   82.89,  7.1, 4.08, 4.04, 4.07
6, 14087, 1,     0.00, 3,   boost,   77.89, 101242.00,    6.91,   34.18,   82.89,  7.1, 4.08, 4.04, 4.07
6, 14087, 1,     0.00, 3,   boost,   77.89, 101242.00,    6.91,   34.18,   82.89,  7.1, 4.08, 4.04, 4.07
6, 14087, 1,     0.00, 3,   boost,   77.89, 101242.00,    6.91,   34.18,   82.89,  7.1, 4.08, 4.04, 4.07
6, 14087, 1,     0.00, 3,   boost,   77.89, 101242.00,    6.91,   34.18,   82.89,  7.1, 4.08, 4.04, 4.07
6, 14087, 1,     0.00, 3,   boost,   77.89, 101242.00,    6.91,   34.18,   82.89,  7.1, 4.08, 4.04, 4.07
6, 14087, 1,     0.00, 3,   boost,   77.89, 101242.00,    6.91,   34.18,   82.89,  7.1, 4.08, 4.04, 4.07
6, 14087, 1,     0.00, 3,   boost,   77.89, 101242.00,    6.91,   34.18,   82.89,  7.1, 4.08, 4.04, 4.07
6, 14087, 1,     0.00, 3,   boost,   77.89, 101242.00,    6.91,   34.18,   82.89,  7.1, 4.08, 4.04, 4.07
6, 14087, 1,     0.00, 3,   boost,   77.89, 101242.00,    6.91,   34.18,   82.89,  7.1, 4.08, 4.04, 4.07
6, 14087, 1,     0.00, 3,   boost,   77.89, 101242.00,    6.91,   34.18,   82.89,  7.1, 4.08, 4.04, 4.07
6, 14087, 1,     0.00, 3,   boost,   77.89, 101242.00,    6.91,   34.18,   82.89,  7.1, 4.08, 4.04, 4.07
6, 14087, 1,     0.00, 3,   boost,   77.89, 101242.00,    6.91,   34.18,   82.89,  7.1, 4.08, 4.04, 4.07
6, 14087, 1,     0.00, 3,   boost,   77.89, 101242.00,    6.91,   34.18,   82.89,  7.1, 4.08, 4.04, 4.07
6, 14087, 1,     0.00, 3,   boost,   77.89, 101242.00,    6.91,   34.18,   82.89,  7.1, 4.08, 4.04, 4.07
6, 14087, 1,     0.00, 3,   boost,   77.89, 101242.00,    6.91,   34.18,   82.89,  7.1, 4.08, 4.04, 4.07
6, 14087, 1,     0.00, 3,   boost,   77.89, 101242.00,    6.91,   34.18,   82.89,  7.1, 4.08, 4.04, 4.07
6, 14087, 1,     0.00, 3,   boost,   77.89, 101242.00,    6.91,   34.18,   82.89,  7.1, 4.08, 4.04, 4.07
6, 14087, 1,     0.00, 3,   boost,   77.89, 101242.00,    6.91,   34.18,   82.89,  7.1, 4.08, 4.04, 4.07
6, 14087, 1,     0.00, 3,   boost,   77.89, 101242.00,    6.91,   34.18,   82.89,  7.1, 4.08, 4.04, 4.07
6, 14087, 1,     0.00, 3,   boost,   77.89, 101242.00,    6.91,   34.18,   82.89,  7.1, 4.08, 4.04, 4.07
6, 14087, 1,     0.00, 3,   boost,   77.89, 101242.00,    6.91,   34.18,   82.89,  7.1, 4.08, 4.04, 4.07
6, 14087, 1,     0.00, 3,   boost,   77.89, 101242.00,    6.91,   34.18,   82.89,  7.1, 4.08, 4.04, 4.07
6, 14087, 1,     0.00, 3,   boost,   77.89, 101242.00,    6.91,   34.18,   82.89,  7.1, 4.08, 4.04, 4.07
6, 14087, 1,     0.00, 3,   boost,   77.89, 101242.00,    6.91,   34.18,   82.89,  7.1, 4.08, 4.04, 4.07
6, 14087, 1,     0.00, 3,   boost,   77.89, 101242.00,    6.91,   34.18,   82.89,  7.1, 4.08, 4.04, 4.07
6, 14087, 1,     0.00, 3,   boost,   77.89, 101242.00,    6.91,   34.18,   82.89,  7.1, 4.08, 4.04, 4.07
6, 14087, 1,     0.00, 3,   boost,   77.89, 101242.00,    6.91,   34.18,   82.89,  7.1, 4.08, 4.04, 4.07
6, 14087, 1,     0.00, 3,   boost,   77.89, 101242.00,    6.91,   34.18,   82.89,  7.1, 4.08, 4.04, 4.07
6, 14087, 1,     0.00, 3,   boost,   77.89, 101242.00,    6.91,   34.18,   82.89,  7.1, 4.08, 4.04, 4.07
6, 14087, 1,     0.00, 3,   boost,   77.89, 101242.00,    6.91,   34.18,   82.89,  7.1, 4.08, 4.04, 4.07
6, 14087, 1,     0.00, 3,   boost,   77.89, 101242.00,    6.91,   34.18,   82.89,  7.1, 4.08, 4.04, 4.07
6, 14087, 1,     0.00, 3,   boost,   77.89, 101242.00,    6.91,   34.18,   82.89,  7.1, 4.08, 4.04, 4.07
6, 14087, 1,     0.00, 3,   boost,   77.89, 101242.00,    6.91,   34.18,   82.89,  7.1, 4.08, 4.04, 4.07
6, 14087, 1,     0.00, 3,   boost,   77.89, 101242.00,    6.91,   34.18,   82.89,  7.1, 4.08, 4.04, 4.07
6, 14087, 1,     0.00, 3,   boost,   77.89, 101242.00,    6.91,   34.18,   82.89,  7.1, 4.08, 4.04, 4.07
6, 14087, 1,     0.00, 3,   boost,   77.89, 101242.00,    6.91,   34.18,   82.89,  7.1, 4.08, 4.04, 4.07
6, 14087, 1,     0.00, 3,   boost,   77.89, 101242.00,    6.91,   34.18,   82.89,  7.1, 4.08, 4.04, 4.07
6, 14087, 1,     0.00, 3,   boost,   77.89, 101242.00,    6.91,   34.18,   82.89,  7.1, 4.08, 4.04, 4.07
6, 14087, 1,     0.00, 3,   boost,   77.89, 101242.00,    6.91,   34.18,   82.89,  7.1, 4.08, 4.04, 4.07
6, 14087, 1,     0.00, 3,   boost,   77.89, 101242.00,    6.91,   34.18,   82.89,  7.1, 4.08, 4.04, 4.07
6, 14087, 1,     0.00, 3,   boost,   77.89, 101242.00,    6.91,   34.18,   82.89,  7.1, 4.08, 4.04, 4.07
6, 14087, 1,     0.00, 3,   boost,   77.89, 101242.00,    6.91,   34.18,   82.89,  7.1, 4.08, 4.04, 4.07
6, 14087, 1,     0.00, 3,   boost,   77.89, 101242.00,    6.91,   34.18,   82.89,  7.1, 4.08, 4.04, 4.07
6, 14087, 1,     0.00, 3,   boost,   77.89, 101242.00,    6.91,   34.18,   82.89,  7.1, 4.08, 4.04, 4.07
6, 14087, 1,     0.00, 3,   boost,   77.89, 101242.00,    6.91,   34.18,   82.89,  7.1, 4.08, 4.04, 4.07
6, 14087, 1,     0.00, 3,   boost,   77.89, 101242.00,    6.91,   34.18,   82.89,  7.1, 4.08, 4.04, 4.07
6, 14087, 1,     0.00, 3,   boost,   77.89, 101242.00,    6.91,   34.18,   82.89,  7.1, 4.08, 4.04, 4.07
6, 14087, 1,     0.00, 3,   boost,   77.89, 101242.00,    6.91,   34.18,   82.89,  7.1, 4.08, 4.04, 4.07
6, 14087, 1,     0.00, 3,   boost,   77.89, 101242.00,    6.91,   34.18,   82.89,  7.1, 4.08, 4.04, 4.07
6, 14087, 1,     0.01, 3,   boost,   77.68, 101242.00,    6.91,   34.18,   83.71,  7.1, 4.05, 4.04, 4.06
6, 14087, 1,     0.01, 3,   boost,   77.68, 101242.00,    6.91,   34.18,   83.71,  7.1, 4.05, 4.04, 4.06
6, 14087, 1,     0.02, 3,   boost,   77.45, 101220.00,    8.74,   36.01,   84.52,  7.1, 4.05, 4.06, 4.07
6, 14087, 1,     0.03, 3,   boost,   77.20, 101205.00,    9.99,   37.26,   85.34,  7.1, 4.08, 4.04, 4.07
6, 14087, 1,     0.04, 3,   boost,   76.92, 101190.00,   11.24,   38.51,   86.15,  7.1, 4.08, 4.04, 4.07
6, 14087, 1,     0.05, 3,   boost,   76.62, 101179.00,   12.16,   39.43,   86.96,  7.1, 4.08, 4.04, 4.07
6, 14087, 1,     0.06, 3,   boost,   76.30, 101164.00,   13.41,   40.68,   87.77,  7.1, 4.08, 4.04, 4.07
6, 14087, 1,     0.07, 3,   boost,   75.95, 101156.00,   14.08,   41.35,   88.57,  7.1, 4.08, 4.04, 4.07
6, 14087, 1,     0.08, 3,   boost,   75.59, 101143.00,   15.16,   42.43,   89.38,  7.1, 4.08, 4.05, 4.07
6, 14087, 1,     0.09, 3,   boost,   75.19, 101134.00,   15.91,   43.18,   90.17,  7.1, 4.08, 4.04, 4.07
6, 14087, 1,     0.10, 3,   boost,   74.78, 101118.00,   17.25,   44.51,   90.97,  7.1, 4.08, 4.04, 4.07
6, 14087, 1,     0.11, 3,   boost,   74.34, 101108.00,   18.08,   45.35,   91.75,  7.1, 4.08, 4.04, 4.07
6, 14087, 1,     0.12, 3,   boost,   73.88, 101087.00,   19.83,   47.10,   92.54,  7.1, 4.05, 4.07, 4.06
6, 14087, 1,     0.13, 3,   boost,   73.40, 101087.00,   19.83,   47.10,   93.32,  7.1, 4.08, 4.04, 4.07
6, 14087, 1,     0.14, 3,   boost,   72.89, 101068.00,   21.42,   48.68,   94.09,  7.1, 4.08, 4.04, 4.07
6, 14087, 1,     0.15, 3,   boost,   72.37, 101045.00,   23.33,   50.60,   94.86,  7.1, 4.08, 4.04, 4.07
6, 14087, 1,     0.16, 3,   boost,   71.82, 101032.00,   24.42,   51.69,   95.62,  7.1, 4.08, 4.05, 4.07
6, 14087, 1,     0.17, 3,   boost,   71.25, 101019.00,   25.50,   52.77,   96.38,  7.1, 4.08, 4.04, 4.07
6, 14087, 1,     0.18, 3,   boost,   70.65, 101001.00,   27.01,   54.27,   97.13,  7.1, 4.08, 4.04, 4.07
6, 14087, 1,     0.19, 3,   boost,   70.04, 100984.00,   28.42,   55.69,   97.88,  7.1, 4.08, 4.04, 4.07
6, 14087, 1,     0.20, 3,   boost,   69.41, 100966.00,   29.93,   57.19,   98.61,  7.1, 4.08, 4.04, 4.07
6, 14087, 1,     0.21, 3,   boost,   68.75, 100953.00,   31.01,   58.28,   99.35,  7.1, 4.08, 4.04, 4.07
6, 14087, 1,     0.22, 3,   boost,   68.08, 100936.00,   32.43,   59.70,  100.07,  7.1, 4.08, 4.04, 4.07
6, 14087, 1,     0.23, 3,   boost,   67.38, 100919.00,   33.85,   61.12,  100.79,  7.1, 4.05, 4.07, 4.06
6, 14087, 1,     0.24, 3,   boost,   66.67, 100919.00,   33.85,   61.12,  101.49,  7.1, 4.07, 4.04, 4.07
6, 14087, 1,     0.25, 3,   boost,   65.93, 100897.00,   35.69,   62.96,  102.20,  7.1, 4.08, 4.04, 4.07
6, 14087, 1,     0.26, 3,   boost,   65.18, 100866.00,   38.28,   65.55,  102.89,  7.0, 4.08, 4.05, 4.07
6, 14087, 1,     0.27, 3,   boost,   64.41, 100849.00,   39.70,   66.97,  103.57,  7.0, 4.08, 4.05, 4.07
6, 14087, 1,     0.28, 3,   boost,   63.62, 100831.00,   41.20,   68.47,  104.25,  7.1, 4.08, 4.04, 4.07
6, 14087, 1,     0.29, 3,   boost,   62.82, 100810.00,   42.96,   70.23,  104.92,  7.1, 4.08, 4.04, 4.07
6, 14087, 1,     0.30, 3,   boost,   62.00, 100799.00,   43.88,   71.15,  105.58,  7.1, 4.05, 4.07, 4.07
6, 14087, 1,     0.31, 3,   boost,   61.16, 100778.00,   45.63,   72.90,  106.22,  7.1, 4.08, 4.04, 4.07
6, 14087, 1,     0.32, 3,   boost,   60.31, 100761.00,   47.05,   74.32,  106.86,  7.1, 4.08, 4.04, 4.07
6, 14087, 1,     0.33, 3,   boost,   59.44, 100748.00,   48.14,   75.41,  107.49,  7.1, 4.08, 4.05, 4.07
6, 14087, 1,     0.34, 3,   boost,   58.56, 100731.00,   49.56,   76.83,  108.11,  7.1, 4.05, 4.07, 4.06
6, 14087, 1,     0.35, 3,   boost,   57.66, 100731.00,   49.56,   76.83,  108.72,  7.1, 4.07, 4.04, 4.07
6, 14087, 1,     0.36, 3,   boost,   56.76, 100710.00,   51.32,   78.59,  109.32,  7.1, 4.08, 4.04, 4.07
6, 14087, 1,     0.37, 3,   boost,   55.83, 100684.00,   53.50,   80.76,  109.91,  7.0, 4.05, 4.07, 4.06
6, 14087, 1,     0.38, 3,   boost,   54.90, 100666.00,   55.00,   82.27,  110.49,  7.0, 4.08, 4.04, 4.07
6, 14087, 1,     0.39, 3,   boost,   53.96, 100648.00,   56.51,   83.78,  111.06,  7.0, 4.08, 4.04, 4.07
6, 14087, 1,     0.40, 3,   boost,   53.00, 100631.00,   57.93,   85.20,  111.62,  7.1, 4.08, 4.04, 4.07
6, 14087, 1,     0.41, 3,   boost,   52.04, 100617.00,   59.10,   86.37,  112.17,  7.1, 4.08, 4.04, 4.07
6, 14087, 1,     0.42, 3,   boost,   51.06, 100603.00,   60.27,   87.54,  112.70,  7.1, 4.08, 4.04, 4.07
6, 14087, 1,     0.43, 3,   boost,   50.08, 100589.00,   61.45,   88.71,  113.23,  7.1, 4.08, 4.04, 4.07
6, 14087, 1,     0.44, 3,   boost,   49.09, 100570.00,   63.04,   90.31,  113.74,  7.1, 4.05, 4.07, 4.06
6, 14087, 1,     0.45, 3,   boost,   48.10, 100554.00,   64.38,   91.65,  114.24,  7.1, 4.05, 4.07, 4.06
6, 14087, 1,     0.46, 3,   boost,   47.09, 100554.00,   64.38,   91.65,  114.74,  7.1, 4.07, 4.04, 4.07
6, 14087, 1,     0.47, 3,   boost,   46.08, 100532.00,   66.22,   93.49,  115.22,  7.1, 4.08, 4.04, 4.07
6, 14087, 1,     0.48, 3,   boost,   45.07, 100505.00,   68.48,   95.75,  115.69,  7.0, 4.08, 4.04, 4.07
6, 14087, 1,     0.49, 3,   boost,   44.05, 100494.00,   69.41,   96.67,  116.14,  7.0, 4.08, 4.04, 4.07
6, 14087, 1,     0.50, 3,   boost,   43.03, 100477.00,   70.83,   98.10,  116.59,  7.0, 4.08, 4.04, 4.07
6, 14087, 1,     0.51, 3,   boost,   42.01, 100465.00,   71.84,   99.10,  117.03,  7.0, 4.05, 4.07, 4.06
6, 14087, 1,     0.52, 3,   boost,   40.98, 100439.00,   74.02,  101.28,  117.45,  7.0, 4.08, 4.05, 4.07
6, 14087, 1,     0.53, 3,   boost,   39.96, 100422.00,   75.44,  102.71,  117.86,  7.1, 4.08, 4.04, 4.07
6, 14087, 1,     0.54, 3,   boost,   38.93, 100402.00,   77.12,  104.39,  118.26,  7.1, 4.08, 4.05, 4.07
6, 14087, 1,     0.55, 3,   boost,   37.90, 100390.00,   78.12,  105.39,  118.65,  7.1, 4.08, 4.04, 4.07
6, 14087, 1,     0.56, 3,   boost,   36.87, 100365.00,   80.22,  107.49,  119.03,  7.1, 4.05, 4.07, 4.06
6, 14087, 1,     0.57, 3,   boost,   35.85, 100365.00,   80.22,  107.49,  119.39,  7.1, 4.07, 4.04, 4.07
6, 14087, 1,     0.58, 3,   boost,   34.82, 100346.00,   81.81,  109.08,  119.74,  7.1, 4.05, 4.07, 4.07
6, 14087, 1,     0.59, 3,   boost,   33.80, 100312.00,   84.67,  111.94,  120.09,  7.0, 4.08, 4.04, 4.07
6, 14087, 1,     0.60, 3,   boost,   32.79, 100288.00,   86.68,  113.95,  120.42,  7.0, 4.08, 4.04, 4.07
6, 14087, 1,     0.61, 3,   boost,   31.77, 100278.00,   87.52,  114.79,  120.74,  7.0, 4.08, 4.04, 4.07
6, 14087, 1,     0.62, 3,   boost,   30.76, 100248.00,   90.04,  117.31,  121.04,  7.0, 4.08, 4.04, 4.07
6, 14087, 1,     0.63, 3,   boost,   29.76, 100238.00,   90.88,  118.15,  121.34,  7.0, 4.08, 4.04, 4.07
6, 14087, 1,     0.64, 3,   boost,   28.77, 100218.00,   92.56,  119.83,  121.63,  7.0, 4.08, 4.04, 4.07
6, 14087, 1,     0.65, 3,   boost,   27.78, 100185.00,   95.33,  122.60,  121.90,  7.0, 4.05, 4.07, 4.06
6, 14087, 1,     0.66, 3,   boost,   26.79, 100170.00,   96.59,  123.86,  122.16,  7.1, 4.08, 4.04, 4.07
6, 14087, 1,     0.67, 3,   boost,   25.82, 100155.00,   97.85,  125.12,  122.41,  7.1, 4.05, 4.07, 4.06
6, 14087, 1,     0.68, 3,   boost,   24.85, 100155.00,   97.85,  125.12,  122.66,  7.1, 4.07, 4.04, 4.07
6, 14087, 1,     0.69, 3,   boost,   23.89, 100130.00,   99.95,  127.22,  122.89,  7.1, 4.08, 4.05, 4.07
6, 14087, 1,     0.70, 3,   boost,   22.95, 100093.00,  103.06,  130.33,  123.11,  7.0, 4.08, 4.05, 4.07
6, 14087, 1,     0.71, 3,   boost,   22.01, 100080.00,  104.16,  131.42,  123.32,  7.0, 4.08, 4.05, 4.07
6, 14087, 1,     0.72, 3,   boost,   21.08, 100056.00,  106.17,  133.44,  123.52,  7.0, 4.05, 4.07, 4.06
6, 14087, 1,     0.73, 3,   boost,   20.16, 100032.00,  108.19,  135.46,  123.71,  7.0, 4.08, 4.04, 4.07
6, 14087, 1,     0.74, 3,   boost,   19.26, 100018.00,  109.37,  136.64,  123.89,  7.0, 4.08, 4.05, 4.07
6, 14087, 1,     0.75, 3,   boost,   18.37,  99993.00,  111.47,  138.74,  124.06,  7.0, 4.08, 4.04, 4.07
6, 14087, 1,     0.76, 3,   boost,   17.49,  99971.00,  113.32,  140.59,  124.22,  7.0, 4.08, 4.04, 4.07
6, 14087, 1,     0.77, 3,   boost,   16.62,  99945.00,  115.51,  142.78,  124.37,  7.0, 4.08, 4.04, 4.07
6, 14087, 1,     0.78, 3,   boost,   15.76,  99922.00,  117.45,  144.72,  124.51,  7.1, 4.05, 4.07, 4.06
6, 14087, 1,     0.79, 3,   boost,   14.92,  99922.00,  117.45,  144.72,  124.64,  7.1, 4.07, 4.04, 4.07
6, 14087, 1,     0.80, 3,   boost,   14.09,  99908.00,  118.63,  145.90,  124.76,  7.0, 4.08, 4.04, 4.07
6, 14087, 1,     0.81, 3,   boost,   13.28,  99863.00,  122.42,  149.68,  124.88,  7.0, 4.08, 4.05, 4.07
6, 14087, 1,     0.82, 3,   boost,   12.48,  99841.00,  124.27,  151.54,  124.98,  7.0, 4.08, 4.05, 4.07
6, 14087, 1,     0.83, 3,   boost,   11.69,  99825.00,  125.62,  152.89,  125.08,  7.0, 4.08, 4.04, 4.07
6, 14087, 1,     0.84, 3,   boost,   10.92,  99807.00,  127.14,  154.40,  125.17,  7.0, 4.08, 4.04, 4.07
6, 14087, 1,     0.85, 3,   boost,   10.16,  99791.00,  128.48,  155.75,  125.25,  7.0, 4.08, 4.04, 4.07
6, 14087, 1,     0.86, 3,   boost,    9.42,  99759.00,  131.18,  158.45,  125.32,  7.0, 4.08, 4.04, 4.07
6, 14087, 1,     0.87, 3,   boost,    8.70,  99744.00,  132.45,  159.71,  125.39,  7.0, 4.08, 4.04, 4.07
6, 14087, 1,     0.88, 3,   boost,    7.99,  99730.00,  133.63,  160.89,  125.45,  7.0, 4.08, 4.04, 4.07
6, 14087, 1,     0.89, 3,   boost,    7.29,  99708.00,  135.48,  162.75,  125.50,  7.1, 4.05, 4.07, 4.06
6, 14087, 1,     0.90, 3,   boost,    6.61,  99708.00,  135.48,  162.75,  125.54,  7.1, 4.07, 4.04, 4.07
6, 14087, 1,     0.91, 3,   boost,    5.95,  99690.00,  137.00,  164.27,  125.58,  7.0, 4.08, 4.05, 4.07
6, 14087, 1,     0.92, 3,   boost,    5.30,  99662.00,  139.36,  166.63,  125.61,  7.0, 4.08, 4.05, 4.07
6, 14087, 1,     0.93, 3,   boost,    4.67,  99643.00,  140.96,  168.23,  125.63,  7.0, 4.08, 4.04, 4.07
6, 14087, 1,     0.94, 3,   boost,    4.05,  99631.00,  141.98,  169.24,  125.65,  7.0, 4.08, 4.05, 4.07
6, 14087, 1,     0.95, 3,   boost,    3.45,  99614.00,  143.41,  170.68,  125.66,  7.0, 4.08, 4.04, 4.07
6, 14087, 1,     0.96, 3,   boost,    2.87,  99593.00,  145.18,  172.45,  125.67,  7.0, 4.08, 4.04, 4.07
6, 14087, 1,     0.97, 3,   boost,    2.30,  99576.00,  146.62,  173.89,  125.67,  7.0, 4.08, 4.04, 4.07
6, 14087, 1,     0.98, 3,   boost,    1.74,  99555.00,  148.39,  175.66,  125.66,  7.0, 4.08, 4.04, 4.07
6, 14087, 1,     0.99, 3,   boost,    1.20,  99536.00,  150.00,  177.26,  125.65,  7.0, 4.08, 4.04, 4.07
6, 14087, 1,     1.00, 3,   boost,    0.68,  99509.00,  152.28,  179.54,  125.64,  7.1, 4.05, 4.07, 4.06
6, 14087, 1,     1.01, 3,   boost,    0.17,  99509.00,  152.28,  179.54,  125.62,  7.1, 4.07, 4.04, 4.07
6, 14087, 1,     1.02, 3,   boost,   -0.33,  99498.00,  153.21,  180.47,  125.59,  7.0, 4.09, 4.05, 4.07
6, 14087, 1,     1.03, 3,   boost,   -0.81,  99470.00,  155.57,  182.84,  125.56,  7.0, 4.08, 4.04, 4.07
6, 14087, 1,     1.04, 3,   boost,   -1.28,  99457.00,  156.67,  183.94,  125.53,  7.0, 4.08, 4.04, 4.07
6, 14087, 1,     1.05, 3,   boost,   -1.74,  99440.00,  158.11,  185.37,  125.49,  7.0, 4.08, 4.05, 4.07
6, 14087, 1,     1.06, 3,   boost,   -2.18,  99428.00,  159.12,  186.39,  125.45,  7.0, 4.08, 4.04, 4.07
6, 14087, 1,     1.07, 3,   boost,   -2.61,  99416.00,  160.14,  187.40,  125.40,  7.0, 4.08, 4.04, 4.07
6, 14087, 1,     1.08, 3,   boost,   -3.02,  99399.00,  161.57,  188.84,  125.35,  7.0, 4.08, 4.04, 4.07
6, 14087, 1,     1.09, 3,   boost,   -3.43,  99380.00,  163.18,  190.45,  125.30,  7.0, 4.05, 4.07, 4.06
6, 14087, 1,     1.10, 3,   boost,   -3.82,  99375.00,  163.60,  190.87,  125.24,  7.0, 4.08, 4.04, 4.07
6, 14087, 1,     1.11, 3,   boost,   -4.20,  99362.00,  164.70,  191.97,  125.18,  7.1, 4.09, 4.04, 4.07
6, 14087, 1,     1.12, 3,   boost,   -4.57,  99362.00,  164.70,  191.97,  125.11,  7.1, 4.08, 4.04, 4.07
6, 14087, 1,     1.13, 3,   boost,   -4.93,  99363.00,  164.62,  191.88,  125.05,  7.0, 4.08, 4.04, 4.07
6, 14087, 1,     1.14, 3,   boost,   -5.28,  99333.00,  167.15,  194.42,  124.98,  7.0, 4.08, 4.05, 4.07
6, 14087, 1,     1.15, 3,   boost,   -5.62,  99326.00,  167.75,  195.01,  124.91,  7.0, 4.08, 4.04, 4.07
6, 14087, 1,     1.16, 3,   boost,   -5.95,  99320.00,  168.25,  195.52,  124.83,  7.0, 4.08, 4.04, 4.07
6, 14087, 1,     1.17, 3,   boost,   -6.28,  99308.00,  169.27,  196.54,  124.76,  7.0, 4.08, 4.04, 4.07
6, 14087, 1,     1.18, 3,   boost,   -6.59,  99293.00,  170.54,  197.81,  124.68,  7.0, 4.08, 4.04, 4.07
6, 14087, 1,     1.19, 3,   boost,   -6.89,  99276.00,  171.98,  199.24,  124.60,  7.0, 4.08, 4.04, 4.07
6, 14087, 1,     1.20, 3,   boost,   -7.19,  99263.00,  173.08,  200.34,  124.52,  7.0, 4.08, 4.04, 4.07
6, 14087, 1,     1.21, 3,   boost,   -7.48,  99249.00,  174.26,  201.53,  124.43,  7.0, 4.09, 4.04, 4.07
6, 14087, 1,     1.22, 3,   boost,   -7.76,  99229.00,  175.96,  203.22,  124.35,  7.0, 4.09, 4.04, 4.07
6, 14087, 1,     1.23, 3,   boost,   -8.04,  99229.00,  175.96,  203.22,  124.26,  7.0, 4.07, 4.04, 4.07
6, 14087, 1,     1.24, 3,   boost,   -8.31,  99211.00,  177.48,  204.75,  124.17,  7.0, 4.08, 4.05, 4.07
6, 14087, 1,     1.25, 3,   boost,   -8.58,  99185.00,  179.68,  206.95,  124.08,  7.0, 4.08, 4.04, 4.07
6, 14087, 1,     1.26, 3,   boost,   -8.83,  99170.00,  180.95,  208.22,  123.98,  7.0, 4.08, 4.05, 4.07
6, 14087, 1,     1.27, 3,   boost,   -9.09,  99150.00,  182.65,  209.91,  123.89,  7.0, 4.08, 4.04, 4.07
6, 14087, 1,     1.28, 3,   boost,   -9.34,  99129.00,  184.43,  211.69,  123.79,  7.0, 4.08, 4.04, 4.07
6, 14087, 1,     1.29, 3,   boost,   -9.58,  99119.00,  185.27,  212.54,  123.70,  7.0, 4.08, 4.04, 4.07
6, 14087, 1,     1.30, 3,   boost,   -9.83,  99100.00,  186.88,  214.15,  123.60,  7.0, 4.08, 4.05, 4.07
6, 14087, 1,     1.31, 3,   boost,  -10.06,  99096.00,  187.22,  214.49,  123.50,  7.0, 4.08, 4.04, 4.07
6, 14087, 1,     1.32, 3,   boost,  -10.30,  99082.00,  188.41,  215.68,  123.40,  7.0, 4.08, 4.04, 4.07
6, 14087, 1,     1.33, 3,   boost,  -10.53,  99068.00,  189.60,  216.86,  123.30,  7.0, 4.09, 4.04, 4.07
6, 14087, 1,     1.34, 3,   boost,  -10.76,  99068.00,  189.60,  216.86,  123.20,  7.0, 4.08, 4.04, 4.07
6, 14087, 1,     1.35, 3,   boost,  -10.98,  99052.00,  190.95,  218.22,  123.10,  7.0, 4.08, 4.05, 4.07
6, 14087, 1,     1.36, 3,   boost,  -11.20,  99017.00,  193.92,  221.19,  122.99,  7.0, 4.08, 4.05, 4.07
6, 14087, 1,     1.37, 3,   boost,  -11.42,  99007.00,  194.77,  222.04,  122.89,  7.0, 4.08, 4.04, 4.07
6, 14087, 1,     1.38, 3,   boost,  -11.64,  98994.00,  195.87,  223.14,  122.78,  7.0, 4.08, 4.05, 4.07
6, 14087, 1,     1.39, 3,   boost,  -11.86,  98981.00,  196.97,  224.24,  122.68,  7.0, 4.08, 4.04, 4.07
6, 14087, 1,     1.40, 3,   boost,  -12.07,  98960.00,  198.75,  226.02,  122.56,  7.0, 4.08, 4.04, 4.07
6, 14087, 1,     1.41, 3,   boost,  -12.28,  98951.00,  199.52,  226.79,  122.45,  7.0, 4.08, 4.04, 4.07
6, 14087, 1,     1.42, 3,   boost,  -12.49,  98943.00,  200.20,  227.47,  122.33,  7.0, 4.09, 4.05, 4.07
6, 14087, 1,     1.43, 3,   boost,  -12.70,  98920.00,  202.15,  229.42,  122.21,  7.0, 4.08, 4.04, 4.07
6, 14087, 1,     1.44, 3,   boost,  -12.91,  98906.00,  203.34,  230.61,  122.08,  7.0, 4.09, 4.04, 4.07
6, 14087, 1,     1.45, 3,   boost,  -13.11,  98906.00,  203.34,  230.61,  121.95,  7.0, 4.07, 4.04, 4.07
6, 14087, 1,     1.46, 3,   boost,  -13.31,  98893.00,  204.44,  231.71,  121.82,  7.0, 4.08, 4.05, 4.07
6, 14087, 1,     1.47, 3,   boost,  -13.51,  98868.00,  206.56,  233.83,  121.69,  7.0, 4.08, 4.05, 4.07
6, 14087, 1,     1.48, 3,   boost,  -13.71,  98841.00,  208.86,  236.12,  121.55,  7.0, 4.08, 4.04, 4.07
6, 14087, 1,     1.49, 3,   boost,  -13.91,  98829.00,  209.88,  237.14,  121.41,  7.0, 4.08, 4.05, 4.07
6, 14087, 1,     1.50, 3,   boost,  -14.11,  98811.00,  211.41,  238.67,  121.27,  7.0, 4.08, 4.05, 4.07
6, 14087, 1,     1.51, 3,   boost,  -14.30,  98807.00,  211.74,  239.01,  121.13,  7.0, 4.08, 4.04, 4.07
6, 14087, 1,     1.52, 3,   boost,  -14.49,  98791.00,  213.10,  240.37,  120.98,  7.0, 4.08, 4.04, 4.07
6, 14087, 1,     1.53, 3,   boost,  -14.68,  98773.00,  214.63,  241.90,  120.83,  7.0, 4.08, 4.05, 4.07
6, 14087, 1,     1.54, 3,   boost,  -14.87,  98762.00,  215.57,  242.84,  120.68,  7.0, 4.08, 4.04, 4.07
6, 14087, 1,     1.55, 3,   boost,  -15.05,  98745.00,  217.01,  244.28,  120.52,  7.0, 4.09, 4.04, 4.07
6, 14087, 1,     1.56, 3,   boost,  -15.24,  98745.00,  217.01,  244.28,  120.37,  7.0, 4.08, 4.04, 4.07
6, 14087, 1,     1.57, 3,   boost,  -15.42,  98723.00,  218.88,  246.15,  120.21,  7.0, 4.08, 4.04, 4.07
6, 14087, 1,     1.58, 3,   boost,  -15.60,  98698.00,  221.01,  248.28,  120.05,  7.0, 4.08, 4.04, 4.07
6, 14087, 1,     1.59, 3,   boost,  -15.77,  98692.00,  221.52,  248.79,  119.88,  7.0, 4.08, 4.04, 4.07
6, 14087, 1,     1.60, 3,   boost,  -15.94,  98679.00,  222.62,  249.89,  119.72,  7.0, 4.08, 4.04, 4.07
6, 14087, 1,     1.61, 3,   boost,  -16.11,  98663.00,  223.99,  251.25,  119.55,  7.0, 4.08, 4.04, 4.07
6, 14087, 1,     1.62, 3,   boost,  -16.28,  98654.00,  224.75,  252.02,  119.38,  7.0, 4.08, 4.04, 4.07
6, 14087, 1,     1.63, 3,   boost,  -16.44,  98645.00,  225.52,  252.78,  119.21,  7.0, 4.08, 4.04, 4.07
6, 14087, 1,     1.64, 3,   boost,  -16.60,  98628.00,  226.96,  254.23,  119.04,  7.0, 4.08, 4.04, 4.07
6, 14087, 1,     1.65, 3,   boost,  -16.75,  98610.00,  228.49,  255.76,  118.86,  7.0, 4.08, 4.04, 4.07
6, 14087, 1,     1.66, 3,   boost,  -16.91,  98594.00,  229.86,  257.12,  118.69,  7.0, 4.09, 4.04, 4.07
6, 14087, 1,     1.67, 3,   boost,  -17.05,  98594.00,  229.86,  257.12,  118.51,  7.0, 4.07, 4.04, 4.07
6, 14087, 1,     1.68, 3,   boost,  -17.20,  98581.00,  230.96,  258.23,  118.33,  7.0, 4.08, 4.04, 4.07
6, 14087, 1,     1.69, 3,   boost,  -17.34,  98550.00,  233.60,  260.87,  118.15,  7.0, 4.08, 4.04, 4.07
6, 14087, 1,     1.70, 3,   boost,  -17.47,  98544.00,  234.11,  261.38,  117.97,  7.0, 4.08, 4.04, 4.07
6, 14087, 1,     1.71, 3,   boost,  -17.61,  98520.00,  236.16,  263.42,  117.78,  7.0, 4.08, 4.04, 4.07
6, 14087, 1,     1.72, 3,   boost,  -17.74,  98514.00,  236.67,  263.93,  117.60,  7.0, 4.08, 4.05, 4.07
6, 14087, 1,     1.73, 3,   boost,  -17.86,  98497.00,  238.11,  265.38,  117.41,  7.0, 4.08, 4.04, 4.07
6, 14087, 1,     1.74, 3,   boost,  -17.98,  98487.00,  238.97,  266.23,  117.23,  7.0, 4.08, 4.04, 4.07
6, 14087, 1,     1.75, 3,   boost,  -18.09,  98468.00,  240.58,  267.85,  117.04,  7.0, 4.08, 4.04, 4.07
6, 14087, 1,     1.76, 3,   boost,  -18.20,  98455.00,  241.69,  268.96,  116.85,  7.0, 4.08, 4.04, 4.07
6, 14087, 1,     1.77, 3,   boost,  -18.31,  98435.00,  243.40,  270.66,  116.66,  7.0, 4.09, 4.04, 4.07
6, 14087, 1,     1.78, 3,   boost,  -18.41,  98435.00,  243.40,  270.66,  116.47,  7.0, 4.08, 4.04, 4.07
6, 14087, 1,     1.79, 3,   boost,  -18.51,  98418.00,  244.85,  272.11,  116.28,  7.0, 4.08, 4.04, 4.07
6, 14087, 1,     1.80, 3,   boost,  -18.60,  98400.00,  246.38,  273.65,  116.08,  7.0, 4.08, 4.04, 4.07
6, 14087, 1,     1.81, 3,   boost,  -18.69,  98381.00,  248.00,  275.27,  115.89,  7.0, 4.08, 4.04, 4.07
6, 14087, 1,     1.82, 3,   boost,  -18.78,  98373.00,  248.68,  275.95,  115.70,  7.0, 4.08, 4.04, 4.07
6, 14087, 1,     1.83, 3,   boost,  -18.85,  98365.00,  249.36,  276.63,  115.50,  7.0, 4.08, 4.04, 4.07
6, 14087, 1,     1.84, 3,   boost,  -18.93,  98345.00,  251.07,  278.34,  115.30,  7.0, 4.08, 4.04, 4.07
6, 14087, 1,     1.85, 3,   boost,  -19.00,  98342.00,  251.32,  278.59,  115.11,  7.0, 4.08, 4.04, 4.07
6, 14087, 1,     1.86, 3,   boost,  -19.07,  98321.00,  253.12,  280.38,  114.91,  7.0, 4.08, 4.04, 4.07
6, 14087, 1,     1.87, 3,   boost,  -19.13,  98304.00,  254.57,  281.83,  114.71,  7.0, 4.08, 4.04, 4.07
6, 14087, 1,     1.88, 3,   boost,  -19.18,  98293.00,  255.50,  282.77,  114.51,  7.0, 4.09, 4.04, 4.07
6, 14087, 1,     1.89, 3,   boost,  -19.24,  98293.00,  255.50,  282.77,  114.32,  7.0, 4.08, 4.04, 4.07
6, 14087, 1,     1.90, 3,   boost,  -19.29,  98288.00,  255.93,  283.20,  114.12,  7.0, 4.08, 4.04, 4.07
6, 14087, 1,     1.91, 3,   boost,  -19.33,  98260.00,  258.32,  285.59,  113.92,  7.0, 4.08, 4.04, 4.07
6, 14087, 1,     1.92, 3,   boost,  -19.37,  98249.00,  259.26,  286.53,  113.72,  7.0, 4.09, 4.04, 4.07
6, 14087, 1,     1.93, 3,   boost,  -19.41,  98230.00,  260.88,  288.15,  113.52,  7.0, 4.08, 4.04, 4.07
6, 14087, 1,     1.94, 3,   boost,  -19.44,  98220.00,  261.73,  289.00,  113.32,  7.0, 4.08, 4.05, 4.07
6, 14087, 1,     1.95, 3,   boost,  -19.47,  98204.00,  263.10,  290.37,  113.12,  7.0, 4.08, 4.04, 4.07
6, 14087, 1,     1.96, 3,   boost,  -19.49,  98191.00,  264.21,  291.48,  112.92,  7.0, 4.08, 4.04, 4.07
6, 14087, 1,     1.97, 3,   boost,  -19.52,  98180.00,  265.15,  292.42,  112.72,  7.0, 4.08, 4.04, 4.07
6, 14087, 1,     1.98, 3,   boost,  -19.53,  98165.00,  266.43,  293.70,  112.51,  7.0, 4.08, 4.05, 4.07
6, 14087, 1,     1.99, 3,   boost,  -19.55,  98149.00,  267.80,  295.06,  112.31,  7.0, 4.09, 4.04, 4.07
6, 14087, 1,     2.00, 3,   boost,  -19.56,  98149.00,  267.80,  295.06,  112.11,  7.0, 4.07, 4.04, 4.07
6, 14087, 1,     2.01, 3,   boost,  -19.57,  98130.00,  269.42,  296.69,  111.91,  7.0, 4.08, 4.05, 4.07
6, 14087, 1,     2.02, 3,   boost,  -19.57,  98107.00,  271.39,  298.65,  111.71,  7.0, 4.08, 4.05, 4.07
6, 14087, 1,     2.03, 3,   boost,  -19.57,  98096.00,  272.33,  299.59,  111.51,  7.0, 4.08, 4.04, 4.07
6, 14087, 1,     2.04, 3,   boost,  -19.57,  98085.00,  273.27,  300.53,  111.31,  7.0, 4.08, 4.04, 4.07
6, 14087, 1,     2.05, 3,   boost,  -19.56,  98070.00,  274.55,  301.81,  111.11,  7.0, 4.09, 4.04, 4.07
6, 14087, 1,     2.06, 3,   boost,  -19.56,  98058.00,  275.57,  302.84,  110.90,  7.0, 4.08, 4.05, 4.07
6, 14087, 1,     2.07, 3,   boost,  -19.55,  98052.00,  276.09,  303.35,  110.70,  7.0, 4.08, 4.05, 4.07
6, 14087, 1,     2.08, 3,   boost,  -19.53,  98037.00,  277.37,  304.64,  110.50,  7.0, 4.08, 4.04, 4.07
6, 14087, 1,     2.09, 3,   boost,  -19.52,  98024.00,  278.48,  305.75,  110.30,  7.0, 4.08, 4.05, 4.07
6, 14087, 1,     2.10, 3,   boost,  -19.50,  98010.00,  279.68,  306.94,  110.10,  7.0, 4.09, 4.04, 4.07
6, 14087, 1,     2.11, 3,   boost,  -19.48,  98010.00,  279.68,  306.94,  109.90,  7.0, 4.07, 4.04, 4.07
6, 14087, 1,     2.12, 3,   boost,  -19.45,  97999.00,  280.62,  307.89,  109.71,  7.0, 4.08, 4.04, 4.07
6, 14087, 1,     2.13, 3,   boost,  -19.43,  97968.00,  283.27,  310.54,  109.51,  7.0, 4.08, 4.04, 4.07
6, 14087, 1,     2.14, 3,   boost,  -19.40,  97957.00,  284.21,  311.48,  109.31,  7.0, 4.08, 4.04, 4.07
6, 14087, 1,     2.15, 3,   boost,  -19.37,  97953.00,  284.55,  311.82,  109.11,  7.0, 4.08, 4.04, 4.07
6, 14087, 1,     2.16, 3,   boost,  -19.34,  97931.00,  286.43,  313.70,  108.91,  7.0, 4.08, 4.05, 4.07
6, 14087, 1,     2.17, 3,   boost,  -19.30,  97918.00,  287.55,  314.81,  108.72,  7.0, 4.08, 4.04, 4.07
6, 14087, 1,     2.18, 3,   boost,  -19.27,  97907.00,  288.49,  315.76,  108.52,  7.0, 4.08, 4.04, 4.07
6, 14087, 1,     2.19, 3,   boost,  -19.23,  97898.00,  289.26,  316.53,  108.33,  7.0, 4.08, 4.04, 4.07
6, 14087, 1,     2.20, 3,   boost,  -19.19,  97885.00,  290.37,  317.64,  108.13,  7.0, 4.08, 4.04, 4.07
6, 14087, 1,     2.21, 3,   boost,  -19.15,  97864.00,  292.17,  319.44,  107.94,  7.0, 4.09, 4.04, 4.07
6, 14087, 1,     2.22, 3,   boost,  -19.11,  97864.00,  292.17,  319.44,  107.74,  7.0, 4.07, 4.04, 4.07
6, 14087, 1,     2.23, 3,   boost,  -19.06,  97856.00,  292.85,  320.12,  107.55,  7.0, 4.08, 4.04, 4.07
6, 14087, 1,     2.24, 3,   boost,  -19.01,  97832.00,  294.91,  322.18,  107.36,  7.0, 4.08, 4.05, 4.07
6, 14087, 1,     2.25, 3,   boost,  -18.97,  97819.00,  296.02,  323.29,  107.16,  7.0, 4.09, 4.04, 4.07
6, 14087, 1,     2.26, 3,   boost,  -18.92,  97808.00,  296.97,  324.23,  106.97,  7.0, 4.08, 4.04, 4.07
6, 14087, 1,     2.27, 3,   boost,  -18.87,  97792.00,  298.34,  325.60,  106.78,  7.0, 4.08, 4.04, 4.07
6, 14087, 1,     2.28, 3,   boost,  -18.82,  97779.00,  299.45,  326.72,  106.59,  7.0, 4.08, 4.04, 4.07
6, 14087, 1,     2.29, 3,   boost,  -18.77,  97772.00,  300.05,  327.32,  106.41,  7.0, 4.08, 4.05, 4.07
6, 14087, 1,     2.30, 3,   boost,  -18.71,  97762.00,  300.91,  328.17,  106.22,  7.0, 4.08, 4.04, 4.07
6, 14087, 1,     2.31, 3,   boost,  -18.66,  97753.00,  301.68,  328.95,  106.03,  7.0, 4.09, 4.05, 4.07
6, 14087, 1,     2.32, 3,   boost,  -18.60,  97741.00,  302.71,  329.97,  105.84,  7.0, 4.09, 4.04, 4.07
6, 14087, 1,     2.33, 3,   boost,  -18.55,  97741.00,  302.71,  329.97,  105.66,  7.0, 4.08, 4.04, 4.07
6, 14087, 1,     2.34, 3,   boost,  -18.49,  97728.00,  303.82,  331.09,  105.47,  7.0, 4.08, 4.04, 4.07
6, 14087, 1,     2.35, 3,   boost,  -18.43,  97707.00,  305.62,  332.89,  105.28,  7.0, 4.08, 4.05, 4.07
6, 14087, 1,     2.36, 3,   boost,  -18.38,  97697.00,  306.48,  333.75,  105.10,  7.0, 4.09, 4.04, 4.07
6, 14087, 1,     2.37, 3,   boost,  -18.32,  97681.00,  307.85,  335.12,  104.91,  7.0, 4.08, 4.04, 4.07
6, 14087, 1,     2.38, 3,   boost,  -18.26,  97674.00,  308.45,  335.72,  104.73,  7.0, 4.08, 4.04, 4.07
6, 14087, 1,     2.39, 3,   boost,  -18.20,  97659.00,  309.74,  337.00,  104.55,  7.0, 4.08, 4.05, 4.07
6, 14087, 1,     2.40, 3,   boost,  -18.14,  97641.00,  311.28,  338.55,  104.37,  7.0, 4.09, 4.04, 4.07
6, 14087, 1,     2.41, 3,   boost,  -18.08,  97638.00,  311.54,  338.81,  104.19,  7.0, 4.08, 4.04, 4.07
6, 14087, 1,     2.42, 3,   boost,  -18.02,  97620.00,  313.08,  340.35,  104.00,  7.0, 4.08, 4.04, 4.07
6, 14087, 1,     2.43, 3,   boost,  -17.96,  97602.00,  314.63,  341.89,  103.82,  7.0, 4.08, 4.04, 4.07
6, 14087, 1,     2.44, 3,   boost,  -17.90,  97602.00,  314.63,  341.89,  103.64,  7.0, 4.07, 4.04, 4.07
6, 14087, 1,     2.45, 3,   boost,  -17.83,  97597.00,  315.05,  342.32,  103.46,  7.0, 4.08, 4.05, 4.07
6, 14087, 1,     2.46, 3,   boost,  -17.77,  97565.00,  317.80,  345.07,  103.29,  7.0, 4.08, 4.04, 4.07
6, 14087, 1,     2.47, 3,   boost,  -17.71,  97560.00,  318.23,  345.50,  103.11,  7.0, 4.08, 4.04, 4.07
6, 14087, 1,     2.48, 3,   boost,  -17.65,  97535.00,  320.38,  347.64,  102.93,  7.0, 4.08, 4.04, 4.07
6, 14087, 1,     2.49, 3,   boost,  -17.59,  97522.00,  321.49,  348.76,  102.75,  7.0, 4.08, 4.04, 4.07
6, 14087, 1,     2.50, 3,   boost,  -17.53,  97516.00,  322.01,  349.28,  102.58,  7.0, 4.08, 4.04, 4.07
6, 14087, 1,     2.51, 3,   boost,  -17.46,  97509.00,  322.61,  349.88,  102.40,  7.0, 4.08, 4.04, 4.07
6, 14087, 1,     2.52, 3,   boost,  -17.40,  97492.00,  324.07,  351.34,  102.23,  7.0, 4.09, 4.04, 4.07
6, 14087, 1,     2.53, 3,   boost,  -17.34,  97478.00,  325.27,  352.54,  102.05,  7.0, 4.08, 4.04, 4.07
6, 14087, 1,     2.54, 3,   boost,  -17.28,  97467.00,  326.22,  353.48,  101.88,  7.0, 4.09, 4.04, 4.07
6, 14087, 1,     2.55, 3,   boost,  -17.22,  97467.00,  326.22,  353.48,  101.71,  7.0, 4.07, 4.04, 4.07
6, 14087, 1,     2.56, 3,   boost,  -17.16,  97457.00,  327.07,  354.34,  101.53,  7.0, 4.08, 4.04, 4.07
6, 14087, 1,     2.57, 3,   boost,  -17.10,  97439.00,  328.62,  355.89,  101.36,  7.0, 4.08, 4.04, 4.07
6, 14087, 1,     2.58, 3,   boost,  -17.04,  97430.00,  329.39,  356.66,  101.19,  7.0, 4.09, 4.05, 4.07
6, 14087, 1,     2.59, 3,   boost,  -16.98,  97417.00,  330.51,  357.78,  101.02,  7.0, 4.08, 4.04, 4.07
6, 14087, 1,     2.60, 3,   boost,  -16.92,  97405.00,  331.54,  358.81,  100.85,  7.0, 4.08, 4.04, 4.07
6, 14087, 1,     2.61, 3,   boost,  -16.86,  97393.00,  332.57,  359.84,  100.68,  7.0, 4.08, 4.04, 4.07
6, 14087, 1,     2.62, 3,   boost,  -16.80,  97384.00,  333.35,  360.62,  100.52,  7.0, 4.08, 4.04, 4.07
6, 14087, 1,     2.63, 3,   boost,  -16.74,  97382.00,  333.52,  360.79,  100.35,  7.0, 4.08, 4.04, 4.07
6, 14087, 1,     2.64, 3,   boost,  -16.69,  97366.00,  334.90,  362.16,  100.18,  7.0, 4.08, 4.04, 4.07
6, 14087, 1,     2.65, 3,   boost,  -16.63,  97354.00,  335.93,  363.19,  100.02,  7.0, 4.09, 4.04, 4.07
6, 14087, 1,     2.66, 3,   boost,  -16.57,  97354.00,  335.93,  363.19,   99.85,  7.0, 4.07, 4.04, 4.07
6, 14087, 1,     2.67, 3,   boost,  -16.52,  97341.00,  337.04,  364.31,   99.69,  7.0, 4.08, 4.04, 4.07
6, 14087, 1,     2.68, 3,   boost,  -16.46,  97320.00,  338.85,  366.12,   99.52,  7.0, 4.08, 4.04, 4.07
6, 14087, 1,     2.69, 3,   boost,  -16.41,  97310.00,  339.71,  366.98,   99.36,  7.0, 4.08, 4.04, 4.07
6, 14087, 1,     2.70, 3,   boost,  -16.36,  97290.00,  341.43,  368.70,   99.20,  7.0, 4.08, 4.04, 4.07
6, 14087, 1,     2.71, 3,   boost,  -16.30,  97286.00,  341.78,  369.04,   99.03,  7.0, 4.08, 4.04, 4.07
6, 14087, 1,     2.72, 3,   boost,  -16.25,  97269.00,  343.24,  370.51,   98.87,  7.0, 4.08, 4.04, 4.07
6, 14087, 1,     2.73, 3,   boost,  -16.20,  97258.00,  344.18,  371.45,   98.71,  7.0, 4.08, 4.04, 4.07
6, 14087, 1,     2.74, 3,   boost,  -16.15,  97245.00,  345.30,  372.57,   98.55,  7.0, 4.08, 4.04, 4.07
6, 14087, 1,     2.75, 3,   boost,  -16.10,  97237.00,  345.99,  373.26,   98.39,  7.0, 4.08, 4.04, 4.07
6, 14087, 1,     2.76, 5,   coast,  -16.06,  97228.00,  346.77,  374.03,   98.23,  7.0, 4.05, 4.07, 4.06
6, 14087, 1,     2.76, 5,   coast,  -16.06,  97228.00,  346.77,  374.03,   98.23,  7.0, 4.05, 4.07, 4.06
6, 14087, 1,     2.77, 5,   coast,  -16.01,  97228.00,  346.77,  374.03,   98.07,  7.0, 4.07, 4.04, 4.07
6, 14087, 1,     2.78, 5,   coast,  -15.96,  97209.00,  348.40,  375.67,   97.92,  7.0, 4.08, 4.04, 4.07
6, 14087, 1,     2.79, 5,   coast,  -15.92,  97190.00,  350.04,  377.31,   97.76,  7.0, 4.08, 4.04, 4.07
6, 14087, 1,     2.80, 5,   coast,  -15.87,  97185.00,  350.47,  377.74,   97.60,  7.0, 4.08, 4.04, 4.07
6, 14087, 1,     2.81, 5,   coast,  -15.83,  97165.00,  352.19,  379.46,   97.44,  7.0, 4.08, 4.04, 4.07
6, 14087, 1,     2.82, 5,   coast,  -15.79,  97155.00,  353.05,  380.32,   97.29,  7.0, 4.08, 4.04, 4.07
6, 14087, 1,     2.83, 5,   coast,  -15.75,  97150.00,  353.48,  380.75,   97.13,  7.0, 4.08, 4.04, 4.07
6, 14087, 1,     2.84, 5,   coast,  -15.71,  97130.00,  355.20,  382.47,   96.98,  7.0, 4.08, 4.04, 4.07
6, 14087, 1,     2.85, 5,   coast,  -15.67,  97118.00,  356.24,  383.51,   96.82,  7.0, 4.08, 4.04, 4.07
6, 14087, 1,     2.86, 5,   coast,  -15.63,  97106.00,  357.27,  384.54,   96.67,  7.0, 4.08, 4.04, 4.07
6, 14087, 1,     2.87, 5,   coast,  -15.59,  97097.00,  358.05,  385.32,   96.52,  7.0, 4.05, 4.07, 4.06
6, 14087, 1,     2.88, 5,   coast,  -15.56,  97097.00,  358.05,  385.32,   96.36,  7.0, 4.07, 4.04, 4.07
6, 14087, 1,     2.89, 5,   coast,  -15.52,  97088.00,  358.82,  386.09,   96.21,  7.0, 4.08, 4.04, 4.07
6, 14087, 1,     2.90, 5,   coast,  -15.49,  97061.00,  361.15,  388.42,   96.05,  7.0, 4.08, 4.04, 4.07
6, 14087, 1,     2.91, 5,   coast,  -15.46,  97046.00,  362.44,  389.71,   95.90,  7.0, 4.08, 4.04, 4.07
6, 14087, 1,     2.92, 5,   coast,  -15.42,  97048.00,  362.27,  389.54,   95.75,  7.0, 4.08, 4.05, 4.07
6, 14087, 1,     2.93, 5,   coast,  -15.39,  97032.00,  363.65,  390.92,   95.60,  7.0, 4.08, 4.04, 4.07
6, 14087, 1,     2.94, 5,   coast,  -15.36,  97014.00,  365.20,  392.47,   95.45,  7.0, 4.05, 4.07, 4.07
6, 14087, 1,     2.95, 5,   coast,  -15.33,  97010.00,  365.55,  392.81,   95.29,  7.0, 4.08, 4.04, 4.07
6, 14087, 1,     2.96, 5,   coast,  -15.31,  96999.00,  366.50,  393.76,   95.14,  7.0, 4.08, 4.04, 4.07
6, 14087, 1,     2.97, 5,   coast,  -15.28,  96990.00,  367.27,  394.54,   94.99,  7.0, 4.08, 4.04, 4.07
6, 14087, 1,     2.98, 5,   coast,  -15.25,  96981.00,  368.05,  395.32,   94.84,  7.0, 4.05, 4.07, 4.06
6, 14087, 1,     2.99, 5,   coast,  -15.23,  96981.00,  368.05,  395.32,   94.69,  7.0, 4.07, 4.04, 4.07
6, 14087, 1,     3.00, 5,   coast,  -15.20,  96962.00,  369.69,  396.95,   94.54,  7.0, 4.08, 4.05, 4.07
6, 14087, 1,     3.01, 5,   coast,  -15.18,  96949.00,  370.81,  398.08,   94.39,  7.0, 4.05, 4.07, 4.06
6, 14087, 1,     3.02, 5,   coast,  -15.16,  96933.00,  372.19,  399.46,   94.24,  7.0, 4.08, 4.04, 4.07
6, 14087, 1,     3.03, 5,   coast,  -15.13,  96923.00,  373.05,  400.32,   94.09,  7.0, 4.08, 4.04, 4.07
6, 14087, 1,     3.04, 5,   coast,  -15.11,  96909.00,  374.26,  401.53,   93.94,  7.0, 4.08, 4.04, 4.07
6, 14087, 1,     3.05, 5,   coast,  -15.09,  96901.00,  374.95,  402.22,   93.79,  7.0, 4.08, 4.04, 4.07
6, 14087, 1,     3.06, 5,   coast,  -15.07,  96888.00,  376.07,  403.34,   93.64,  7.0, 4.08, 4.04, 4.07
6, 14087, 1,     3.07, 5,   coast,  -15.05,  96886.00,  376.24,  403.51,   93.49,  7.0, 4.08, 4.04, 4.07
6, 14087, 1,     3.08, 5,   coast,  -15.03,  96865.00,  378.06,  405.33,   93.34,  7.0, 4.05, 4.07, 4.06
6, 14087, 1,     3.09, 5,   coast,  -15.01,  96851.00,  379.27,  406.53,   93.19,  7.0, 4.05, 4.07, 4.06
6, 14087, 1,     3.10, 5,   coast,  -14.99,  96851.00,  379.27,  406.53,   93.04,  7.0, 4.07, 4.04, 4.07
6, 14087, 1,     3.11, 5,   coast,  -14.97,  96843.00,  379.96,  407.22,   92.89,  7.0, 4.08, 4.04, 4.07
6, 14087, 1,     3.12, 5,   coast,  -14.96,  96832.00,  380.91,  408.17,   92.74,  7.0, 4.08, 4.04, 4.07
6, 14087, 1,     3.13, 5,   coast,  -14.94,  96814.00,  382.46,  409.73,   92.59,  7.0, 4.08, 4.04, 4.07
6, 14087, 1,     3.14, 5,   coast,  -14.92,  96811.00,  382.72,  409.99,   92.44,  7.0, 4.08, 4.04, 4.07
6, 14087, 1,     3.15, 5,   coast,  -14.90,  96791.00,  384.45,  411.72,   92.29,  7.0, 4.08, 4.04, 4.07
6, 14087, 1,     3.16, 5,   coast,  -14.89,  96784.00,  385.05,  412.32,   92.14,  7.0, 4.08, 4.04, 4.07
6, 14087, 1,     3.17, 5,   coast,  -14.87,  96763.00,  386.87,  414.14,   91.99,  7.0, 4.08, 4.04, 4.07
6, 14087, 1,     3.18, 5,   coast,  -14.85,  96757.00,  387.39,  414.65,   91.84,  7.0, 4.08, 4.04, 4.07
6, 14087, 1,     3.19, 5,   coast,  -14.84,  96755.00,  387.56,  414.83,   91.70,  7.0, 4.09, 4.04, 4.06
6, 14087, 1,     3.20, 5,   coast,  -14.82,  96735.00,  389.29,  416.55,   91.55,  7.0, 4.05, 4.07, 4.06
6, 14087, 1,     3.21, 5,   coast,  -14.80,  96735.00,  389.29,  416.55,   91.40,  7.0, 4.07, 4.04, 4.07
6, 14087, 1,     3.22, 5,   coast,  -14.79,  96724.00,  390.24,  417.51,   91.25,  7.0, 4.08, 4.04, 4.07
6, 14087, 1,     3.23, 5,   coast,  -14.77,  96712.00,  391.27,  418.54,   91.10,  7.0, 4.08, 4.04, 4.07
6, 14087, 1,     3.24, 5,   coast,  -14.76,  96703.00,  392.05,  419.32,   90.95,  7.0, 4.08, 4.04, 4.07
6, 14087, 1,     3.25, 5,   coast,  -14.74,  96693.00,  392.92,  420.19,   90.80,  7.0, 4.08, 4.04, 4.07
6, 14087, 1,     3.26, 5,   coast,  -14.72,  96677.00,  394.30,  421.57,   90.65,  7.0, 4.08, 4.04, 4.07
6, 14087, 1,     3.27, 5,   coast,  -14.71,  96664.00,  395.43,  422.69,   90.51,  7.0, 4.08, 4.04, 4.07
6, 14087, 1,     3.28, 5,   coast,  -14.69,  96660.00,  395.77,  423.04,   90.36,  7.0, 4.08, 4.04, 4.07
6, 14087, 1,     3.29, 5,   coast,  -14.68,  96647.00,  396.90,  424.16,   90.21,  7.0, 4.05, 4.07, 4.06
6, 14087, 1,     3.30, 5,   coast,  -14.66,  96636.00,  397.85,  425.11,   90.07,  7.0, 4.08, 4.04, 4.07
6, 14087, 1,     3.31, 5,   coast,  -14.65,  96621.00,  399.14,  426.41,   89.92,  7.0, 4.05, 4.07, 4.06
6, 14087, 1,     3.32, 5,   coast,  -14.63,  96621.00,  399.14,  426.41,   89.77,  7.0, 4.07, 4.04, 4.07
6, 14087, 1,     3.33, 5,   coast,  -14.61,  96621.00,  399.14,  426.41,   89.63,  7.0, 4.08, 4.04, 4.07
6, 14087, 1,     3.34, 5,   coast,  -14.60,  96597.00,  401.22,  428.49,   89.48,  7.0, 4.08, 4.04, 4.07
6, 14087, 1,     3.35, 5,   coast,  -14.58,  96582.00,  402.52,  429.79,   89.33,  7.0, 4.08, 4.05, 4.07
6, 14087, 1,     3.36, 5,   coast,  -14.57,  96580.00,  402.69,  429.96,   89.19,  7.0, 4.05, 4.07, 4.07
6, 14087, 1,     3.37, 5,   coast,  -14.55,  96562.00,  404.25,  431.52,   89.04,  7.0, 4.08, 4.04, 4.07
6, 14087, 1,     3.38, 5,   coast,  -14.53,  96546.00,  405.63,  432.90,   88.90,  7.0, 4.08, 4.04, 4.07
6, 14087, 1,     3.39, 5,   coast,  -14.52,  96541.00,  406.07,  433.33,   88.75,  7.0, 4.08, 4.04, 4.07
6, 14087, 1,     3.40, 5,   coast,  -14.50,  96540.00,  406.15,  433.42,   88.61,  7.0, 4.08, 4.04, 4.07
6, 14087, 1,     3.41, 5,   coast,  -14.48,  96520.00,  407.89,  435.15,   88.46,  7.0, 4.08, 4.04, 4.07
6, 14087, 1,     3.42, 5,   coast,  -14.47,  96509.00,  408.84,  436.11,   88.32,  7.0, 4.05, 4.07, 4.06
6, 14087, 1,     3.43, 5,   coast,  -14.45,  96509.00,  408.84,  436.11,   88.17,  7.0, 4.05, 4.06, 4.06
6, 14087, 1,     3.44, 5,   coast,  -14.44,  96498.00,  409.79,  437.06,   88.03,  7.0, 4.08, 4.05, 4.07
6, 14087, 1,     3.45, 5,   coast,  -14.42,  96481.00,  411.26,  438.53,   87.88,  7.0, 4.08, 4.05, 4.07
6, 14087, 1,     3.46, 5,   coast,  -14.40,  96463.00,  412.82,  440.09,   87.74,  7.0, 4.08, 4.05, 4.07
6, 14087, 1,     3.47, 5,   coast,  -14.39,  96459.00,  413.17,  440.44,   87.60,  7.0, 4.08, 4.05, 4.07
6, 14087, 1,     3.48, 5,   coast,  -14.37,  96445.00,  414.38,  441.65,   87.45,  7.0, 4.08, 4.04, 4.07
6, 14087, 1,     3.49, 5,   coast,  -14.36,  96440.00,  414.81,  442.08,   87.31,  7.0, 4.08, 4.04, 4.07
6, 14087, 1,     3.50, 5,   coast,  -14.34,  96427.00,  415.94,  443.21,   87.17,  7.0, 4.05, 4.07, 4.06
6, 14087, 1,     3.51, 5,   coast,  -14.32,  96412.00,  417.24,  444.51,   87.02,  7.0, 4.08, 4.04, 4.07
6, 14087, 1,     3.52, 5,   coast,  -14.31,  96416.00,  416.89,  444.16,   86.88,  7.0, 4.08, 4.04, 4.07
6, 14087, 1,     3.53, 5,   coast,  -14.29,  96401.00,  418.19,  445.46,   86.74,  7.0, 4.05, 4.07, 4.06
6, 14087, 1,     3.54, 5,   coast,  -14.28,  96401.00,  418.19,  445.46,   86.60,  7.0, 4.07, 4.04, 4.07
6, 14087, 1,     3.55, 5,   coast,  -14.26,  96388.00,  419.32,  446.59,   86.45,  7.0, 4.08, 4.04, 4.07
6, 14087, 1,     3.56, 5,   coast,  -14.25,  96368.00,  421.05,  448.32,   86.31,  7.0, 4.08, 4.04, 4.07
6, 14087, 1,     3.57, 5,   coast,  -14.23,  96360.00,  421.75,  449.02,   86.17,  7.0, 4.08, 4.04, 4.07
6, 14087, 1,     3.58, 5,   coast,  -14.22,  96348.00,  422.79,  450.06,   86.03,  7.0, 4.08, 4.04, 4.07
6, 14087, 1,     3.59, 5,   coast,  -14.20,  96340.00,  423.48,  450.75,   85.89,  7.0, 4.08, 4.05, 4.07
6, 14087, 1,     3.60, 5,   coast,  -14.19,  96327.00,  424.61,  451.88,   85.74,  7.0, 4.08, 4.05, 4.07
6, 14087, 1,     3.61, 5,   coast,  -14.17,  96319.00,  425.30,  452.57,   85.60,  7.0, 4.08, 4.04, 4.07
6, 14087, 1,     3.62, 5,   coast,  -14.16,  96308.00,  426.26,  453.52,   85.46,  7.0, 4.08, 4.04, 4.07
6, 14087, 1,     3.63, 5,   coast,  -14.14,  96298.00,  427.12,  454.39,   85.32,  7.0, 4.08, 4.05, 4.07
6, 14087, 1,     3.64, 5,   coast,  -14.13,  96290.00,  427.82,  455.09,   85.18,  7.0, 4.05, 4.07, 4.06
6, 14087, 1,     3.65, 5,   coast,  -14.11,  96290.00,  427.82,  455.09,   85.04,  7.0, 4.07, 4.04, 4.07
6, 14087, 1,     3.66, 5,   coast,  -14.10,  96273.00,  429.29,  456.56,   84.89,  7.0, 4.08, 4.04, 4.07
6, 14087, 1,     3.67, 5,   coast,  -14.09,  96262.00,  430.25,  457.52,   84.75,  7.0, 4.08, 4.05, 4.07
6, 14087, 1,     3.68, 5,   coast,  -14.07,  96256.00,  430.77,  458.04,   84.61,  7.0, 4.08, 4.05, 4.07
6, 14087, 1,     3.69, 5,   coast,  -14.06,  96242.00,  431.98,  459.25,   84.47,  7.0, 4.08, 4.04, 4.07
6, 14087, 1,     3.70, 5,   coast,  -14.04,  96236.00,  432.50,  459.77,   84.33,  7.0, 4.08, 4.04, 4.07
6, 14087, 1,     3.71, 5,   coast,  -14.03,  96225.00,  433.46,  460.73,   84.19,  7.0, 4.08, 4.05, 4.07
6, 14087, 1,     3.72, 5,   coast,  -14.02,  96210.00,  434.76,  462.03,   84.05,  7.0, 4.09, 4.05, 4.07
6, 14087, 1,     3.73, 5,   coast,  -14.00,  96204.00,  435.28,  462.55,   83.91,  7.0, 4.08, 4.05, 4.07
6, 14087, 1,     3.74, 5,   coast,  -13.99,  96202.00,  435.46,  462.72,   83.77,  7.0, 4.08, 4.04, 4.07
6, 14087, 1,     3.75, 5,   coast,  -13.98,  96190.00,  436.50,  463.76,   83.63,  7.0, 4.05, 4.07, 4.06
6, 14087, 1,     3.76, 5,   coast,  -13.96,  96190.00,  436.50,  463.76,   83.49,  7.0, 4.07, 4.04, 4.07
6, 14087, 1,     3.77, 5,   coast,  -13.95,  96174.00,  437.89,  465.15,   83.35,  7.0, 4.08, 4.04, 4.07
6, 14087, 1,     3.78, 5,   coast,  -13.94,  96165.00,  438.67,  465.94,   83.21,  7.0, 4.08, 4.05, 4.07
6, 14087, 1,     3.79, 5,   coast,  -13.93,  96143.00,  440.58,  467.85,   83.07,  7.0, 4.08, 4.05, 4.07
6, 14087, 1,     3.80, 5,   coast,  -13.91,  96140.00,  440.84,  468.11,   82.94,  7.0, 4.08, 4.05, 4.07
6, 14087, 1,     3.81, 5,   coast,  -13.90,  96128.00,  441.88,  469.15,   82.80,  7.0, 4.08, 4.04, 4.07
6, 14087, 1,     3.82, 5,   coast,  -13.89,  96120.00,  442.58,  469.84,   82.66,  7.0, 4.08, 4.04, 4.07
6, 14087, 1,     3.83, 5,   coast,  -13.88,  96110.00,  443.45,  470.71,   82.52,  7.0, 4.08, 4.04, 4.07
6, 14087, 1,     3.84, 5,   coast,  -13.87,  96100.00,  444.31,  471.58,   82.38,  7.0, 4.08, 4.05, 4.07
6, 14087, 1,     3.85, 5,   coast,  -13.85,  96089.00,  445.27,  472.54,   82.24,  7.0, 4.08, 4.04, 4.07
6, 14087, 1,     3.86, 5,   coast,  -13.84,  96087.00,  445.44,  472.71,   82.10,  7.0, 4.05, 4.07, 4.06
6, 14087, 1,     3.87, 5,   coast,  -13.83,  96087.00,  445.44,  472.71,   81.97,  7.0, 4.05, 4.06, 4.06
6, 14087, 1,     3.88, 5,   coast,  -13.82,  96072.00,  446.75,  474.01,   81.83,  7.0, 4.08, 4.04, 4.07
6, 14087, 1,     3.89, 5,   coast,  -13.81,  96052.00,  448.49,  475.75,   81.69,  7.0, 4.08, 4.04, 4.07
6, 14087, 1,     3.90, 5,   coast,  -13.79,  96044.00,  449.18,  476.45,   81.55,  7.0, 4.08, 4.04, 4.07
6, 14087, 1,     3.91, 5,   coast,  -13.78,  96027.00,  450.66,  477.93,   81.41,  7.0, 4.08, 4.05, 4.07
6, 14087, 1,     3.92, 5,   coast,  -13.77,  96020.00,  451.27,  478.54,   81.27,  7.0, 4.08, 4.04, 4.07
6, 14087, 1,     3.93, 5,   coast,  -13.76,  96014.00,  451.79,  479.06,   81.14,  7.0, 4.08, 4.04, 4.07
6, 14087, 1,     3.94, 5,   coast,  -13.75,  96004.00,  452.66,  479.93,   81.00,  7.0, 4.08, 4.04, 4.07
6, 14087, 1,     3.95, 5,   coast,  -13.74,  95997.00,  453.27,  480.54,   80.86,  7.0, 4.08, 4.05, 4.07
6, 14087, 1,     3.96, 5,   coast,  -13.73,  95986.00,  454.22,  481.49,   80.73,  7.0, 4.08, 4.04, 4.07
6, 14087, 1,     3.97, 5,   coast,  -13.71,  95976.00,  455.09,  482.36,   80.59,  7.0, 4.09, 4.04, 4.07
6, 14087, 1,     3.98, 5,   coast,  -13.70,  95976.00,  455.09,  482.36,   80.45,  7.0, 4.07, 4.04, 4.07
6, 14087, 1,     3.99, 5,   coast,  -13.69,  95961.00,  456.40,  483.67,   80.31,  7.0, 4.08, 4.05, 4.07
6, 14087, 1,     4.00, 5,   coast,  -13.68,  95955.00,  456.92,  484.19,   80.18,  7.0, 4.08, 4.04, 4.07
6, 14087, 1,     4.01, 5,   coast,  -13.67,  95943.00,  457.96,  485.23,   80.04,  7.0, 4.08, 4.04, 4.07
6, 14087, 1,     4.02, 5,   coast,  -13.66,  95929.00,  459.18,  486.45,   79.90,  7.0, 4.08, 4.04, 4.07
6, 14087, 1,     4.03, 5,   coast,  -13.65,  95922.00,  459.79,  487.06,   79.77,  7.0, 4.09, 4.04, 4.07
6, 14087, 1,     4.04, 5,   coast,  -13.64,  95913.00,  460.58,  487.84,   79.63,  7.0, 4.08, 4.04, 4.07
6, 14087, 1,     4.05, 5,   coast,  -13.63,  95903.00,  461.45,  488.71,   79.50,  7.0, 4.09, 4.04, 4.07
6, 14087, 1,     4.06, 5,   coast,  -13.62,  95901.00,  461.62,  488.89,   79.36,  7.0, 4.09, 4.04, 4.07
6, 14087, 1,     4.07, 5,   coast,  -13.61,  95888.00,  462.75,  490.02,   79.22,  7.0, 4.08, 4.04, 4.07
6, 14087, 1,     4.08, 5,   coast,  -13.59,  95876.00,  463.80,  491.06,   79.09,  7.0, 4.08, 4.04, 4.07
6, 14087, 1,     4.09, 5,   coast,  -13.58,  95876.00,  463.80,  491.06,   78.95,  7.0, 4.07, 4.04, 4.07
6, 14087, 1,     4.10, 5,   coast,  -13.57,  95869.00,  464.40,  491.67,   78.82,  7.0, 4.08, 4.04, 4.07
6, 14087, 1,     4.11, 5,   coast,  -13.56,  95852.00,  465.88,  493.15,   78.68,  7.0, 4.08, 4.04, 4.07
6, 14087, 1,     4.12, 5,   coast,  -13.55,  95845.00,  466.49,  493.76,   78.54,  7.0, 4.08, 4.05, 4.07
6, 14087, 1,     4.13, 5,   coast,  -13.54,  95834.00,  467.45,  494.72,   78.41,  7.0, 4.08, 4.05, 4.07
6, 14087, 1,     4.14, 5,   coast,  -13.53,  95822.00,  468.50,  495.77,   78.27,  7.0, 4.08, 4.04, 4.07
6, 14087, 1,     4.15, 5,   coast,  -13.52,  95821.00,  468.58,  495.85,   78.14,  7.0, 4.08, 4.05, 4.07
6, 14087, 1,     4.16, 5,   coast,  -13.51,  95804.00,  470.07,  497.33,   78.00,  7.0, 4.08, 4.05, 4.07
6, 14087, 1,     4.17, 5,   coast,  -13.50,  95799.00,  470.50,  497.77,   77.87,  7.0, 4.08, 4.05, 4.07
6, 14087, 1,     4.18, 5,   coast,  -13.49,  95789.00,  471.37,  498.64,   77.73,  7.0, 4.08, 4.05, 4.07
6, 14087, 1,     4.19, 5,   coast,  -13.48,  95786.00,  471.63,  498.90,   77.60,  7.0, 4.09, 4.04, 4.07
6, 14087, 1,     4.20, 5,   coast,  -13.47,  95786.00,  471.63,  498.90,   77.46,  7.0, 4.07, 4.04, 4.07
6, 14087, 1,     4.21, 5,   coast,  -13.46,  95770.00,  473.03,  500.29,   77.33,  7.0, 4.08, 4.04, 4.07
6, 14087, 1,     4.22, 5,   coast,  -13.45,  95753.00,  474.51,  501.78,   77.19,  7.0, 4.08, 4.04, 4.07
6, 14087, 1,     4.23, 5,   coast,  -13.44,  95744.00,  475.29,  502.56,   77.06,  7.0, 4.08, 4.04, 4.07
6, 14087, 1,     4.24, 5,   coast,  -13.43,  95732.00,  476.34,  503.61,   76.92,  7.0, 4.08, 4.04, 4.07
6, 14087, 1,     4.25, 5,   coast,  -13.42,  95722.00,  477.21,  504.48,   76.79,  7.0, 4.09, 4.04, 4.07
6, 14087, 1,     4.26, 5,   coast,  -13.41,  95715.00,  477.82,  505.09,   76.66,  7.0, 4.08, 4.04, 4.07
6, 14087, 1,     4.27, 5,   coast,  -13.40,  95710.00,  478.26,  505.52,   76.52,  7.0, 4.08, 4.05, 4.07
6, 14087, 1,     4.28, 5,   coast,  -13.39,  95697.00,  479.39,  506.66,   76.39,  7.0, 4.08, 4.05, 4.07
6, 14087, 1,     4.29, 5,   coast,  -13.38,  95683.00,  480.61,  507.88,   76.26,  7.0, 4.08, 4.04, 4.07
6, 14087, 1,     4.30, 5,   coast,  -13.37,  95680.00,  480.87,  508.14,   76.12,  7.0, 4.09, 4.04, 4.07
6, 14087, 1,     4.31, 5,   coast,  -13.36,  95680.00,  480.87,  508.14,   75.99,  7.0, 4.08, 4.04, 4.07
6, 14087, 1,     4.32, 5,   coast,  -13.35,  95668.00,  481.92,  509.19,   75.85,  7.0, 4.08, 4.04, 4.07
6, 14087, 1,     4.33, 5,   coast,  -13.34,  95656.00,  482.96,  510.23,   75.72,  7.0, 4.08, 4.05, 4.07
6, 14087, 1,     4.34, 5,   coast,  -13.32,  95649.00,  483.58,  510.84,   75.59,  7.0, 4.09, 4.05, 4.07
6, 14087, 1,     4.35, 5,   coast,  -13.31,  95643.00,  484.10,  511.37,   75.45,  7.0, 4.08, 4.04, 4.07
6, 14087, 1,     4.36, 5,   coast,  -13.30,  95626.00,  485.58,  512.85,   75.32,  7.0, 4.08, 4.04, 4.07
6, 14087, 1,     4.37, 5,   coast,  -13.29,  95622.00,  485.93,  513.20,   75.19,  7.0, 4.08, 4.05, 4.07
6, 14087, 1,     4.38, 5,   coast,  -13.28,  95611.00,  486.89,  514.16,   75.05,  7.0, 4.08, 4.05, 4.07
6, 14087, 1,     4.39, 5,   coast,  -13.27,  95603.00,  487.59,  514.86,   74.92,  7.0, 4.08, 4.04, 4.07
6, 14087, 1,     4.40, 5,   coast,  -13.26,  95603.00,  487.59,  514.86,   74.79,  7.0, 4.08, 4.05, 4.07
6, 14087, 1,     4.41, 5,   coast,  -13.25,  95582.00,  489.42,  516.69,   74.65,  7.0, 4.09, 4.04, 4.07
6, 14087, 1,     4.42, 5,   coast,  -13.24,  95582.00,  489.42,  516.69,   74.52,  7.0, 4.07, 4.04, 4.07
6, 14087, 1,     4.43, 5,   coast,  -13.23,  95570.00,  490.47,  517.74,   74.39,  7.0, 4.09, 4.05, 4.07
6, 14087, 1,     4.44, 5,   coast,  -13.22,  95566.00,  490.82,  518.08,   74.26,  7.0, 4.08, 4.04, 4.07
6, 14087, 1,     4.45, 5,   coast,  -13.21,  95555.00,  491.78,  519.05,   74.12,  7.0, 4.08, 4.04, 4.07
6, 14087, 1,     4.46, 5,   coast,  -13.20,  95543.00,  492.82,  520.09,   73.99,  7.0, 4.09, 4.05, 4.07
6, 14087, 1,     4.47, 5,   coast,  -13.19,  95531.00,  493.87,  521.14,   73.86,  7.0, 4.09, 4.05, 4.07
6, 14087, 1,     4.48, 5,   coast,  -13.18,  95526.00,  494.31,  521.58,   73.73,  7.0, 4.08, 4.05, 4.07
6, 14087, 1,     4.49, 5,   coast,  -13.17,  95516.00,  495.18,  522.45,   73.60,  7.0, 4.08, 4.04, 4.07
6, 14087, 1,     4.50, 5,   coast,  -13.16,  95506.00,  496.06,  523.32,   73.47,  7.0, 4.08, 4.04, 4.07
6, 14087, 1,     4.51, 5,   coast,  -13.15,  95499.00,  496.67,  523.93,   73.34,  7.0, 4.08, 4.04, 4.07
6, 14087, 1,     4.52, 5,   coast,  -13.14,  95492.00,  497.28,  524.55,   73.20,  7.0, 4.09, 4.04, 4.07
6, 14087, 1,     4.53, 5,   coast,  -13.13,  95492.00,  497.28,  524.55,   73.07,  7.0, 4.07, 4.04, 4.07
6, 14087, 1,     4.54, 5,   coast,  -13.12,  95488.00,  497.63,  524.90,   72.94,  7.0, 4.08, 4.04, 4.07
6, 14087, 1,     4.55, 5,   coast,  -13.11,  95475.00,  498.76,  526.03,   72.81,  7.0, 4.08, 4.04, 4.07
6, 14087, 1,     4.56, 5,   coast,  -13.09,  95462.00,  499.90,  527.17,   72.68,  7.0, 4.08, 4.04, 4.07
6, 14087, 1,     4.57, 5,   coast,  -13.08,  95452.00,  500.77,  528.04,   72.55,  7.0, 4.08, 4.04, 4.07
6, 14087, 1,     4.58, 5,   coast,  -13.07,  95437.00,  502.08,  529.35,   72.42,  7.0, 4.08, 4.04, 4.07
6, 14087, 1,     4.59, 5,   coast,  -13.06,  95436.00,  502.17,  529.44,   72.29,  7.0, 4.09, 4.04, 4.07
6, 14087, 1,     4.60, 5,   coast,  -13.05,  95425.00,  503.13,  530.40,   72.16,  7.0, 4.08, 4.04, 4.07
6, 14087, 1,     4.61, 5,   coast,  -13.04,  95414.00,  504.09,  531.36,   72.03,  7.0, 4.08, 4.05, 4.07
6, 14087, 1,     4.62, 5,   coast,  -13.03,  95406.00,  504.79,  532.06,   71.90,  7.0, 4.08, 4.05, 4.07
6, 14087, 1,     4.63, 5,   coast,  -13.02,  95408.00,  504.62,  531.88,   71.76,  7.0, 4.08, 4.04, 4.07
6, 14087, 1,     4.64, 5,   coast,  -13.01,  95408.00,  504.62,  531.88,   71.63,  7.0, 4.07, 4.04, 4.07
6, 14087, 1,     4.65, 5,   coast,  -13.00,  95382.00,  506.89,  534.16,   71.50,  7.0, 4.08, 4.05, 4.07
6, 14087, 1,     4.66, 5,   coast,  -12.99,  95380.00,  507.06,  534.33,   71.37,  7.0, 4.08, 4.05, 4.07
6, 14087, 1,     4.67, 5,   coast,  -12.97,  95365.00,  508.38,  535.64,   71.24,  7.0, 4.08, 4.05, 4.07
6, 14087, 1,     4.68, 5,   coast,  -12.96,  95358.00,  508.99,  536.26,   71.11,  7.0, 4.08, 4.04, 4.07
6, 14087, 1,     4.69, 5,   coast,  -12.95,  95352.00,  509.51,  536.78,   70.98,  7.0, 4.08, 4.04, 4.07
6, 14087, 1,     4.70, 5,   coast,  -12.94,  95344.00,  510.21,  537.48,   70.85,  7.0, 4.08, 4.05, 4.07
6, 14087, 1,     4.71, 5,   coast,  -12.93,  95344.00,  510.21,  537.48,   70.72,  7.0, 4.08, 4.05, 4.07
6, 14087, 1,     4.72, 5,   coast,  -12.92,  95327.00,  511.70,  538.97,   70.59,  7.0, 4.08, 4.05, 4.07
6, 14087, 1,     4.73, 5,   coast,  -12.91,  95318.00,  512.49,  539.75,   70.47,  7.0, 4.09, 4.05, 4.07
6, 14087, 1,     4.74, 5,   coast,  -12.89,  95314.00,  512.84,  540.10,   70.34,  7.0, 4.09, 4.04, 4.07
6, 14087, 1,     4.75, 5,   coast,  -12.88,  95314.00,  512.84,  540.10,   70.21,  7.0, 4.08, 4.04, 4.07
6, 14087, 1,     4.76, 5,   coast,  -12.87,  95304.00,  513.71,  540.98,   70.08,  7.0, 4.08, 4.05, 4.07
6, 14087, 1,     4.77, 5,   coast,  -12.86,  95288.00,  515.11,  542.38,   69.95,  7.0, 4.08, 4.04, 4.07
6, 14087, 1,     4.78, 5,   coast,  -12.85,  95281.00,  515.72,  542.99,   69.82,  7.0, 4.08, 4.05, 4.07
6, 14087, 1,     4.79, 5,   coast,  -12.84,  95271.00,  516.60,  543.87,   69.69,  7.0, 4.08, 4.04, 4.07
6, 14087, 1,     4.80, 5,   coast,  -12.83,  95269.00,  516.77,  544.04,   69.56,  7.0, 4.08, 4.04, 4.07
6, 14087, 1,     4.81, 5,   coast,  -12.81,  95263.00,  517.30,  544.57,   69.44,  7.0, 4.09, 4.04, 4.07
6, 14087, 1,     4.82, 5,   coast,  -12.80,  95252.00,  518.26,  545.53,   69.31,  7.0, 4.09, 4.04, 4.07
6, 14087, 1,     4.83, 5,   coast,  -12.79,  95244.00,  518.96,  546.23,   69.18,  7.0, 4.08, 4.04, 4.07
6, 14087, 1,     4.84, 5,   coast,  -12.78,  95237.00,  519.57,  546.84,   69.05,  7.0, 4.08, 4.04, 4.07
6, 14087, 1,     4.85, 5,   coast,  -12.77,  95233.00,  519.92,  547.19,   68.92,  7.0, 4.09, 4.04, 4.07
6, 14087, 1,     4.86, 5,   coast,  -12.76,  95233.00,  519.92,  547.19,   68.80,  7.0, 4.07, 4.04, 4.07
6, 14087, 1,     4.87, 5,   coast,  -12.75,  95218.00,  521.24,  548.50,   68.67,  7.0, 4.08, 4.05, 4.07
6, 14087, 1,     4.88, 5,   coast,  -12.73,  95205.00,  522.37,  549.64,   68.54,  7.0, 4.08, 4.04, 4.07
6, 14087, 1,     4.89, 5,   coast,  -12.72,  95205.00,  522.37,  549.64,   68.41,  7.0, 4.08, 4.04, 4.07
6, 14087, 1,     4.90, 5,   coast,  -12.71,  95186.00,  524.04,  551.31,   68.29,  7.0, 4.08, 4.04, 4.07
6, 14087, 1,     4.91, 5,   coast,  -12.70,  95182.00,  524.39,  551.66,   68.16,  7.0, 4.08, 4.05, 4.07
6, 14087, 1,     4.92, 5,   coast,  -12.69,  95170.00,  525.44,  552.71,   68.03,  7.0, 4.08, 4.04, 4.07
6, 14087, 1,     4.93, 5,   coast,  -12.68,  95173.00,  525.18,  552.44,   67.91,  7.0, 4.08, 4.04, 4.07
6, 14087, 1,     4.94, 5,   coast,  -12.67,  95156.00,  526.66,  553.93,   67.78,  7.0, 4.08, 4.04, 4.07
6, 14087, 1,     4.95, 5,   coast,  -12.65,  95155.00,  526.75,  554.02,   67.65,  7.0, 4.08, 4.04, 4.07
6, 14087, 1,     4.96, 5,   coast,  -12.64,  95142.00,  527.89,  555.16,   67.53,  7.0, 4.09, 4.04, 4.07
6, 14087, 1,     4.97, 5,   coast,  -12.63,  95142.00,  527.89,  555.16,   67.40,  7.0, 4.07, 4.04, 4.07
6, 14087, 1,     4.98, 5,   coast,  -12.62,  95126.00,  529.29,  556.56,   67.27,  7.0, 4.08, 4.04, 4.07
6, 14087, 1,     4.99, 5,   coast,  -12.61,  95116.00,  530.17,  557.44,   67.15,  7.0, 4.08, 4.04, 4.07
6, 14087, 1,     5.00, 5,   coast,  -12.60,  95109.00,  530.78,  558.05,   67.02,  7.0, 4.08, 4.04, 4.07
6, 14087, 1,     5.01, 5,   coast,  -12.59,  95104.00,  531.22,  558.49,   66.90,  7.0, 4.08, 4.04, 4.07
6, 14087, 1,     5.02, 5,   coast,  -12.58,  95098.00,  531.75,  559.01,   66.77,  7.0, 4.08, 4.04, 4.07
6, 14087, 1,     5.03, 5,   coast,  -12.56,  95088.00,  532.62,  559.89,   66.64,  7.0, 4.09, 4.04, 4.07
6, 14087, 1,     5.04, 5,   coast,  -12.55,  95084.00,  532.97,  560.24,   66.52,  7.0, 4.08, 4.05, 4.07
6, 14087, 1,     5.05, 5,   coast,  -12.54,  95072.00,  534.02,  561.29,   66.39,  7.0, 4.09, 4.04, 4.07
6, 14087, 1,     5.06, 5,   coast,  -12.53,  95068.00,  534.38,  561.64,   66.27,  7.0, 4.08, 4.05, 4.07
6, 14087, 1,     5.07, 5,   coast,  -12.52,  95061.00,  534.99,  562.26,   66.14,  7.0, 4.09, 4.04, 4.07
6, 14087, 1,     5.08, 5,   coast,  -12.51,  95061.00,  534.99,  562.26,   66.02,  7.0, 4.07, 4.04, 4.07
6, 14087, 1,     5.09, 5,   coast,  -12.50,  95047.00,  536.22,  563.48,   65.89,  7.0, 4.08, 4.05, 4.07
6, 14087, 1,     5.10, 5,   coast,  -12.49,  95039.00,  536.92,  564.19,   65.77,  7.0, 4.08, 4.04, 4.07
6, 14087, 1,     5.11, 5,   coast,  -12.48,  95031.00,  537.62,  564.89,   65.64,  7.0, 4.08, 4.05, 4.07
6, 14087, 1,     5.12, 5,   coast,  -12.47,  95026.00,  538.06,  565.33,   65.52,  7.0, 4.09, 4.04, 4.07
6, 14087, 1,     5.13, 5,   coast,  -12.46,  95011.00,  539.37,  566.64,   65.39,  7.0, 4.08, 4.04, 4.07
6, 14087, 1,     5.14, 5,   coast,  -12.45,  95006.00,  539.81,  567.08,   65.27,  7.0, 4.08, 4.04, 4.07
6, 14087, 1,     5.15, 5,   coast,  -12.44,  95005.00,  539.90,  567.17,   65.15,  7.0, 4.08, 4.05, 4.07
6, 14087, 1,     5.16, 5,   coast,  -12.43,  94995.00,  540.78,  568.04,   65.02,  7.0, 4.08, 4.05, 4.07
6, 14087, 1,     5.17, 5,   coast,  -12.42,  94987.00,  541.48,  568.75,   64.90,  7.0, 4.08, 4.04, 4.07
6, 14087, 1,     5.18, 5,   coast,  -12.41,  94974.00,  542.62,  569.89,   64.77,  7.0, 4.08, 4.04, 4.07
6, 14087, 1,     5.19, 5,   coast,  -12.40,  94974.00,  542.62,  569.89,   64.65,  7.0, 4.07, 4.04, 4.07
6, 14087, 1,     5.20, 5,   coast,  -12.39,  94971.00,  542.88,  570.15,   64.53,  7.0, 4.08, 4.05, 4.07
6, 14087, 1,     5.21, 5,   coast,  -12.38,  94960.00,  543.85,  571.11,   64.40,  7.0, 4.08, 4.04, 4.07
6, 14087, 1,     5.22, 5,   coast,  -12.37,  94940.00,  545.60,  572.87,   64.28,  7.0, 4.08, 4.04, 4.07
6, 14087, 1,     5.23, 5,   coast,  -12.36,  94941.00,  545.51,  572.78,   64.15,  7.0, 4.08, 4.05, 4.07
6, 14087, 1,     5.24, 5,   coast,  -12.35,  94937.00,  545.86,  573.13,   64.03,  7.0, 4.08, 4.05, 4.07
6, 14087, 1,     5.25, 5,   coast,  -12.34,  94933.00,  546.22,  573.48,   63.91,  7.0, 4.08, 4.05, 4.07
6, 14087, 1,     5.26, 5,   coast,  -12.33,  94921.00,  547.27,  574.54,   63.78,  7.0, 4.08, 4.05, 4.07
6, 14087, 1,     5.27, 5,   coast,  -12.32,  94913.00,  547.97,  575.24,   63.66,  7.0, 4.09, 4.05, 4.07
6, 14087, 1,     5.28, 5,   coast,  -12.31,  94911.00,  548.15,  575.41,   63.54,  7.0, 4.08, 4.04, 4.07
6, 14087, 1,     5.29, 5,   coast,  -12.30,  94898.00,  549.29,  576.55,   63.41,  7.0, 4.08, 4.04, 4.07
6, 14087, 1,     5.30, 5,   coast,  -12.29,  94898.00,  549.29,  576.55,   63.29,  7.0, 4.07, 4.04, 4.07
6, 14087, 1,     5.31, 5,   coast,  -12.28,  94880.00,  550.87,  578.13,   63.17,  7.0, 4.08, 4.04, 4.07
6, 14087, 1,     5.32, 5,   coast,  -12.27,  94873.00,  551.48,  578.75,   63.05,  7.0, 4.08, 4.04, 4.07
6, 14087, 1,     5.33, 5,   coast,  -12.26,  94866.00,  552.10,  579.36,   62.92,  7.0, 4.08, 4.04, 4.07
6, 14087, 1,     5.34, 5,   coast,  -12.25,  94859.00,  552.71,  579.98,   62.80,  7.0, 4.08, 4.05, 4.07
6, 14087, 1,     5.35, 5,   coast,  -12.24,  94853.00,  553.24,  580.51,   62.68,  7.0, 4.08, 4.04, 4.07
6, 14087, 1,     5.36, 5,   coast,  -12.23,  94847.00,  553.76,  581.03,   62.55,  7.0, 4.09, 4.04, 4.07
6, 14087, 1,     5.37, 5,   coast,  -12.22,  94839.00,  554.47,  581.73,   62.43,  7.0, 4.08, 4.04, 4.07
6, 14087, 1,     5.38, 5,   coast,  -12.21,  94831.00,  555.17,  582.44,   62.31,  7.0, 4.08, 4.05, 4.07
6, 14087, 1,     5.39, 5,   coast,  -12.20,  94824.00,  555.78,  583.05,   62.19,  7.0, 4.08, 4.05, 4.07
6, 14087, 1,     5.40, 5,   coast,  -12.19,  94815.00,  556.58,  583.84,   62.07,  7.0, 4.08, 4.04, 4.07
6, 14087, 1,     5.41, 5,   coast,  -12.18,  94815.00,  556.58,  583.84,   61.94,  7.0, 4.08, 4.04, 4.07
6, 14087, 1,     5.42, 5,   coast,  -12.18,  94812.00,  556.84,  584.11,   61.82,  7.0, 4.08, 4.04, 4.07
6, 14087, 1,     5.43, 5,   coast,  -12.17,  94795.00,  558.33,  585.60,   61.70,  7.0, 4.08, 4.04, 4.07
6, 14087, 1,     5.44, 5,   coast,  -12.16,  94790.00,  558.77,  586.04,   61.58,  7.0, 4.08, 4.05, 4.07
6, 14087, 1,     5.45, 5,   coast,  -12.15,  94778.00,  559.83,  587.09,   61.46,  7.0, 4.08, 4.04, 4.07
6, 14087, 1,     5.46, 5,   coast,  -12.14,  94779.00,  559.74,  587.01,   61.34,  7.0, 4.08, 4.04, 4.07
6, 14087, 1,     5.47, 5,   coast,  -12.13,  94767.00,  560.79,  588.06,   61.22,  7.0, 4.08, 4.04, 4.07
6, 14087, 1,     5.48, 5,   coast,  -12.12,  94764.00,  561.06,  588.32,   61.10,  7.0, 4.08, 4.04, 4.07
6, 14087, 1,     5.49, 5,   coast,  -12.11,  94752.00,  562.11,  589.38,   60.97,  7.0, 4.09, 4.05, 4.07
6, 14087, 1,     5.50, 5,   coast,  -12.10,  94751.00,  562.20,  589.47,   60.85,  7.0, 4.08, 4.04, 4.07
6, 14087, 1,     5.51, 5,   coast,  -12.09,  94739.00,  563.25,  590.52,   60.73,  7.0, 4.09, 4.04, 4.07
6, 14087, 1,     5.52, 5,   coast,  -12.09,  94739.00,  563.25,  590.52,   60.61,  7.0, 4.07, 4.04, 4.07
6, 14087, 1,     5.53, 5,   coast,  -12.08,  94735.00,  563.60,  590.87,   60.49,  7.0, 4.08, 4.04, 4.07
6, 14087, 1,     5.54, 5,   coast,  -12.07,  94718.00,  565.10,  592.37,   60.37,  7.0, 4.08, 4.04, 4.07
6, 14087, 1,     5.55, 5,   coast,  -12.06,  94714.00,  565.45,  592.72,   60.25,  7.0, 4.08, 4.04, 4.07
6, 14087, 1,     5.56, 5,   coast,  -12.05,  94707.00,  566.07,  593.33,   60.13,  7.0, 4.08, 4.04, 4.07
6, 14087, 1,     5.57, 5,   coast,  -12.04,  94701.00,  566.59,  593.86,   60.01,  7.0, 4.08, 4.04, 4.07
6, 14087, 1,     5.58, 5,   coast,  -12.03,  94689.00,  567.65,  594.92,   59.89,  7.0, 4.08, 4.04, 4.07
6, 14087, 1,     5.59, 5,   coast,  -12.03,  94688.00,  567.74,  595.00,   59.77,  7.0, 4.08, 4.05, 4.07
6, 14087, 1,     5.60, 5,   coast,  -12.02,  94679.00,  568.53,  595.80,   59.65,  7.0, 4.08, 4.04, 4.07
6, 14087, 1,     5.61, 5,   coast,  -12.01,  94677.00,  568.70,  595.97,   59.53,  7.0, 4.08, 4.04, 4.07
6, 14087, 1,     5.62, 5,   coast,  -12.00,  94669.00,  569.41,  596.68,   59.41,  7.0, 4.08, 4.04, 4.07
6, 14087, 1,     5.63, 5,   coast,  -11.99,  94669.00,  569.41,  596.68,   59.29,  7.0, 4.07, 4.04, 4.07
6, 14087, 1,     5.64, 5,   coast,  -11.99,  94666.00,  569.67,  596.94,   59.17,  7.0, 4.08, 4.04, 4.07
6, 14087, 1,     5.65, 5,   coast,  -11.98,  94648.00,  571.25,  598.52,   59.05,  7.0, 4.09, 4.05, 4.07
6, 14087, 1,     5.66, 5,   coast,  -11.97,  94638.00,  572.13,  599.40,   58.93,  7.0, 4.08, 4.04, 4.07
6, 14087, 1,     5.67, 5,   coast,  -11.96,  94636.00,  572.31,  599.58,   58.81,  7.0, 4.08, 4.05, 4.07
6, 14087, 1,     5.68, 5,   coast,  -11.95,  94624.00,  573.37,  600.63,   58.69,  7.0, 4.08, 4.04, 4.07
6, 14087, 1,     5.69, 5,   coast,  -11.94,  94613.00,  574.33,  601.60,   58.57,  7.0, 4.08, 4.04, 4.07
6, 14087, 1,     5.70, 5,   coast,  -11.94,  94614.00,  574.25,  601.51,   58.45,  7.0, 4.08, 4.04, 4.07
6, 14087, 1,     5.71, 5,   coast,  -11.93,  94610.00,  574.60,  601.87,   58.33,  7.0, 4.08, 4.04, 4.07
6, 14087, 1,     5.72, 5,   coast,  -11.92,  94600.00,  575.48,  602.75,   58.21,  7.0, 4.08, 4.04, 4.07
6, 14087, 1,     5.73, 5,   coast,  -11.91,  94593.00,  576.09,  603.36,   58.09,  7.0, 4.09, 4.04, 4.07
6, 14087, 1,     5.74, 5,   coast,  -11.90,  94593.00,  576.09,  603.36,   57.97,  7.0, 4.07, 4.04, 4.07
6, 14087, 1,     5.75, 5,   coast,  -11.90,  94585.00,  576.80,  604.07,   57.85,  7.0, 4.08, 4.04, 4.07
6, 14087, 1,     5.76, 5,   coast,  -11.89,  94572.00,  577.94,  605.21,   57.73,  7.0, 4.08, 4.04, 4.07
6, 14087, 1,     5.77, 5,   coast,  -11.88,  94560.00,  579.00,  606.27,   57.62,  7.0, 4.08, 4.05, 4.07
6, 14087, 1,     5.78, 5,   coast,  -11.87,  94563.00,  578.73,  606.00,   57.50,  7.0, 4.09, 4.05, 4.07
6, 14087, 1,     5.79, 5,   coast,  -11.87,  94553.00,  579.62,  606.88,   57.38,  7.0, 4.08, 4.04, 4.07
6, 14087, 1,     5.80, 5,   coast,  -11.86,  94546.00,  580.23,  607.50,   57.26,  7.0, 4.08, 4.04, 4.07
6, 14087, 1,     5.81, 5,   coast,  -11.85,  94539.00,  580.85,  608.12,   57.14,  7.0, 4.09, 4.05, 4.07
6, 14087, 1,     5.82, 5,   coast,  -11.84,  94533.00,  581.38,  608.64,   57.02,  7.0, 4.08, 4.04, 4.07
6, 14087, 1,     5.83, 5,   coast,  -11.83,  94529.00,  581.73,  609.00,   56.90,  7.0, 4.09, 4.04, 4.07
6, 14087, 1,     5.84, 5,   coast,  -11.83,  94526.00,  581.99,  609.26,   56.79,  7.0, 4.09, 4.04, 4.07
6, 14087, 1,     5.85, 5,   coast,  -11.82,  94526.00,  581.99,  609.26,   56.67,  7.0, 4.08, 4.04, 4.07
6, 14087, 1,     5.86, 5,   coast,  -11.81,  94512.00,  583.23,  610.49,   56.55,  7.0, 4.08, 4.04, 4.07
6, 14087, 1,     5.87, 5,   coast,  -11.80,  94504.00,  583.93,  611.20,   56.43,  7.0, 4.08, 4.04, 4.07
6, 14087, 1,     5.88, 5,   coast,  -11.80,  94496.00,  584.63,  611.90,   56.31,  7.0, 4.08, 4.04, 4.07
6, 14087, 1,     5.89, 5,   coast,  -11.79,  94489.00,  585.25,  612.52,   56.19,  7.0, 4.08, 4.05, 4.07
6, 14087, 1,     5.90, 5,   coast,  -11.78,  94480.00,  586.04,  613.31,   56.08,  7.0, 4.09, 4.04, 4.07
6, 14087, 1,     5.91, 5,   coast,  -11.77,  94475.00,  586.48,  613.75,   55.96,  7.0, 4.08, 4.04, 4.07
6, 14087, 1,     5.92, 5,   coast,  -11.77,  94468.00,  587.10,  614.37,   55.84,  7.0, 4.08, 4.04, 4.07
6, 14087, 1,     5.93, 5,   coast,  -11.76,  94457.00,  588.07,  615.34,   55.72,  7.0, 4.08, 4.04, 4.07
6, 14087, 1,     5.94, 5,   coast,  -11.75,  94459.00,  587.89,  615.16,   55.61,  7.0, 4.08, 4.04, 4.07
6, 14087, 1,     5.95, 5,   coast,  -11.74,  94449.00,  588.78,  616.04,   55.49,  7.0, 4.08, 4.04, 4.07
6, 14087, 1,     5.96, 5,   coast,  -11.74,  94449.00,  588.78,  616.04,   55.37,  7.0, 4.07, 4.04, 4.07
6, 14087, 1,     5.97, 5,   coast,  -11.73,  94440.00,  589.57,  616.84,   55.26,  7.0, 4.08, 4.05, 4.07
6, 14087, 1,     5.98, 5,   coast,  -11.72,  94433.00,  590.19,  617.45,   55.14,  7.0, 4.09, 4.04, 4.07
6, 14087, 1,     5.99, 5,   coast,  -11.71,  94425.00,  590.89,  618.16,   55.02,  7.0, 4.08, 4.04, 4.07
6, 14087, 1,     6.00, 5,   coast,  -11.71,  94417.00,  591.60,  618.86,   54.90,  7.0, 4.08, 4.05, 4.07
6, 14087, 1,     6.01, 5,   coast,  -11.70,  94417.00,  591.60,  618.86,   54.79,  7.0, 4.09, 4.04, 4.07
6, 14087, 1,     6.02, 5,   coast,  -11.69,  94406.00,  592.56,  619.83,   54.67,  7.0, 4.08, 4.04, 4.07
6, 14087, 1,     6.03, 5,   coast,  -11.68,  94403.00,  592.83,  620.10,   54.55,  7.0, 4.08, 4.05, 4.07
6, 14087, 1,     6.04, 5,   coast,  -11.68,  94398.00,  593.27,  620.54,   54.44,  7.0, 4.08, 4.05, 4.07
6, 14087, 1,     6.05, 5,   coast,  -11.67,  94388.00,  594.15,  621.42,   54.32,  7.0, 4.08, 4.05, 4.07
6, 14087, 1,     6.06, 5,   coast,  -11.66,  94385.00,  594.42,  621.68,   54.20,  7.0, 4.08, 4.04, 4.07
6, 14087, 1,     6.07, 5,   coast,  -11.65,  94385.00,  594.42,  621.68,   54.09,  7.0, 4.07, 4.04, 4.07
6, 14087, 1,     6.08, 5,   coast,  -11.65,  94375.00,  595.30,  622.57,   53.97,  7.0, 4.08, 4.05, 4.07
6, 14087, 1,     6.09, 5,   coast,  -11.64,  94364.00,  596.27,  623.54,   53.85,  7.0, 4.09, 4.05, 4.07
6, 14087, 1,     6.10, 5,   coast,  -11.63,  94360.00,  596.62,  623.89,   53.74,  7.0, 4.08, 4.04, 4.07
6, 14087, 1,     6.11, 5,   coast,  -11.62,  94359.00,  596.71,  623.98,   53.62,  7.0, 4.08, 4.04, 4.07
6, 14087, 1,     6.12, 5,   coast,  -11.62,  94345.00,  597.94,  625.21,   53.50,  7.0, 4.08, 4.04, 4.07
6, 14087, 1,     6.13, 5,   coast,  -11.61,  94336.00,  598.74,  626.00,   53.39,  7.0, 4.09, 4.04, 4.07
6, 14087, 1,     6.14, 5,   coast,  -11.60,  94332.00,  599.09,  626.36,   53.27,  7.0, 4.08, 4.04, 4.07
6, 14087, 1,     6.15, 5,   coast,  -11.59,  94326.00,  599.62,  626.89,   53.16,  7.0, 4.08, 4.05, 4.07
6, 14087, 1,     6.16, 5,   coast,  -11.59,  94325.00,  599.71,  626.98,   53.04,  7.0, 4.08, 4.04, 4.07
6, 14087, 1,     6.17, 5,   coast,  -11.58,  94318.00,  600.32,  627.59,   52.92,  7.0, 4.09, 4.04, 4.07
6, 14087, 1,     6.18, 5,   coast,  -11.57,  94318.00,  600.32,  627.59,   52.81,  7.0, 4.08, 4.04, 4.07
6, 14087, 1,     6.19, 5,   coast,  -11.57,  94310.00,  601.03,  628.30,   52.69,  7.0, 4.08, 4.04, 4.07
6, 14087, 1,     6.20, 5,   coast,  -11.56,  94301.00,  601.82,  629.09,   52.58,  7.0, 4.08, 4.04, 4.07
6, 14087, 1,     6.21, 5,   coast,  -11.55,  94295.00,  602.35,  629.62,   52.46,  7.0, 4.09, 4.04, 4.07
6, 14087, 1,     6.22, 5,   coast,  -11.54,  94284.00,  603.32,  630.59,   52.34,  7.0, 4.08, 4.04, 4.07
6, 14087, 1,     6.23, 5,   coast,  -11.54,  94282.00,  603.50,  630.77,   52.23,  7.0, 4.08, 4.04, 4.07
6, 14087, 1,     6.24, 5,   coast,  -11.53,  94275.00,  604.12,  631.39,   52.11,  7.0, 4.08, 4.05, 4.07
6, 14087, 1,     6.25, 5,   coast,  -11.52,  94266.00,  604.91,  632.18,   52.00,  7.0, 4.08, 4.05, 4.07
6, 14087, 1,     6.26, 5,   coast,  -11.51,  94265.00,  605.00,  632.27,   51.88,  7.0, 4.08, 4.04, 4.07
6, 14087, 1,     6.27, 5,   coast,  -11.51,  94260.00,  605.44,  632.71,   51.77,  7.0, 4.08, 4.05, 4.07
6, 14087, 1,     6.28, 5,   coast,  -11.50,  94247.00,  606.59,  633.86,   51.65,  7.0, 4.09, 4.04, 4.07
6, 14087, 1,     6.29, 5,   coast,  -11.49,  94247.00,  606.59,  633.86,   51.54,  7.0, 4.07, 4.04, 4.07
6, 14087, 1,     6.30, 5,   coast,  -11.49,  94242.00,  607.03,  634.30,   51.42,  7.0, 4.08, 4.04, 4.07
6, 14087, 1,     6.31, 5,   coast,  -11.48,  94232.00,  607.91,  635.18,   51.31,  7.0, 4.09, 4.05, 4.07
6, 14087, 1,     6.32, 5,   coast,  -11.47,  94231.00,  608.00,  635.27,   51.19,  7.0, 4.08, 4.04, 4.07
6, 14087, 1,     6.33, 5,   coast,  -11.46,  94221.00,  608.89,  636.15,   51.08,  7.0, 4.08, 4.04, 4.07
6, 14087, 1,     6.34, 5,   coast,  -11.46,  94218.00,  609.15,  636.42,   50.97,  7.0, 4.08, 4.04, 4.07
6, 14087, 1,     6.35, 5,   coast,  -11.45,  94212.00,  609.68,  636.95,   50.85,  7.0, 4.08, 4.04, 4.07
6, 14087, 1,     6.36, 5,   coast,  -11.44,  94203.00,  610.47,  637.74,   50.74,  7.0, 4.08, 4.05, 4.07
6, 14087, 1,     6.37, 5,   coast,  -11.44,  94202.00,  610.56,  637.83,   50.62,  7.0, 4.08, 4.04, 4.07
6, 14087, 1,     6.38, 5,   coast,  -11.43,  94192.00,  611.45,  638.71,   50.51,  7.0, 4.09, 4.04, 4.07
6, 14087, 1,     6.39, 5,   coast,  -11.42,  94193.00,  611.36,  638.63,   50.39,  7.0, 4.09, 4.04, 4.07
6, 14087, 1,     6.40, 5,   coast,  -11.41,  94193.00,  611.36,  638.63,   50.28,  7.0, 4.08, 4.04, 4.07
6, 14087, 1,     6.41, 5,   coast,  -11.41,  94180.00,  612.51,  639.77,   50.16,  7.0, 4.09, 4.04, 4.07
6, 14087, 1,     6.42, 5,   coast,  -11.40,  94169.00,  613.48,  640.75,   50.05,  7.0, 4.08, 4.05, 4.07
6, 14087, 1,     6.43, 5,   coast,  -11.39,  94168.00,  613.57,  640.83,   49.94,  7.0, 4.08, 4.04, 4.07
6, 14087, 1,     6.44, 5,   coast,  -11.39,  94159.00,  614.36,  641.63,   49.82,  7.0, 4.08, 4.04, 4.07
6, 14087, 1,     6.45, 5,   coast,  -11.38,  94153.00,  614.89,  642.16,   49.71,  7.0, 4.09, 4.04, 4.07
6, 14087, 1,     6.46, 5,   coast,  -11.37,  94146.00,  615.51,  642.78,   49.59,  7.0, 4.08, 4.04, 4.07
6, 14087, 1,     6.47, 5,   coast,  -11.36,  94143.00,  615.77,  643.04,   49.48,  7.0, 4.08, 4.04, 4.07
6, 14087, 1,     6.48, 5,   coast,  -11.36,  94136.00,  616.39,  643.66,   49.37,  7.0, 4.09, 4.05, 4.07
6, 14087, 1,     6.49, 5,   coast,  -11.35,  94135.00,  616.48,  643.75,   49.25,  7.0, 4.08, 4.05, 4.07
6, 14087, 1,     6.50, 5,   coast,  -11.34,  94129.00,  617.01,  644.28,   49.14,  7.0, 4.08, 4.04, 4.07
6, 14087, 1,     6.51, 5,   coast,  -11.34,  94129.00,  617.01,  644.28,   49.03,  7.0, 4.07, 4.04, 4.07
6, 14087, 1,     6.52, 5,   coast,  -11.33,  94118.00,  617.98,  645.25,   48.91,  7.0, 4.09, 4.05, 4.07
6, 14087, 1,     6.53, 5,   coast,  -11.32,  94115.00,  618.25,  645.52,   48.80,  7.0, 4.08, 4.04, 4.07
6, 14087, 1,     6.54, 5,   coast,  -11.31,  94104.00,  619.22,  646.49,   48.69,  7.0, 4.08, 4.05, 4.07
6, 14087, 1,     6.55, 5,   coast,  -11.31,  94100.00,  619.57,  646.84,   48.57,  7.0, 4.09, 4.04, 4.07
6, 14087, 1,     6.56, 5,   coast,  -11.30,  94098.00,  619.75,  647.02,   48.46,  7.0, 4.08, 4.04, 4.07
6, 14087, 1,     6.57, 5,   coast,  -11.29,  94092.00,  620.28,  647.55,   48.35,  7.0, 4.09, 4.05, 4.07
6, 14087, 1,     6.58, 5,   coast,  -11.29,  94085.00,  620.90,  648.17,   48.24,  7.0, 4.09, 4.04, 4.07
6, 14087, 1,     6.59, 5,   coast,  -11.28,  94079.00,  621.43,  648.70,   48.12,  7.0, 4.08, 4.04, 4.07
6, 14087, 1,     6.60, 5,   coast,  -11.27,  94074.00,  621.87,  649.14,   48.01,  7.0, 4.09, 4.04, 4.07
6, 14087, 1,     6.61, 5,   coast,  -11.27,  94065.00,  622.67,  649.94,   47.90,  7.0, 4.08, 4.04, 4.07
6, 14087, 1,     6.62, 5,   coast,  -11.26,  94065.00,  622.67,  649.94,   47.79,  7.0, 4.07, 4.04, 4.07
6, 14087, 1,     6.63, 5,   coast,  -11.25,  94060.00,  623.11,  650.38,   47.67,  7.0, 4.08, 4.05, 4.07
6, 14087, 1,     6.64, 5,   coast,  -11.24,  94056.00,  623.46,  650.73,   47.56,  7.0, 4.08, 4.05, 4.07
6, 14087, 1,     6.65, 5,   coast,  -11.24,  94046.00,  624.35,  651.62,   47.45,  7.0, 4.08, 4.05, 4.07
6, 14087, 1,     6.66, 5,   coast,  -11.23,  94041.00,  624.79,  652.06,   47.33,  7.0, 4.08, 4.04, 4.07
6, 14087, 1,     6.67, 5,   coast,  -11.22,  94035.00,  625.32,  652.59,   47.22,  7.0, 4.08, 4.04, 4.07
6, 14087, 1,     6.68, 5,   coast,  -11.22,  94028.00,  625.94,  653.21,   47.11,  7.0, 4.08, 4.04, 4.07
6, 14087, 1,     6.69, 5,   coast,  -11.21,  94025.00,  626.20,  653.47,   47.00,  7.0, 4.08, 4.05, 4.07
6, 14087, 1,     6.70, 5,   coast,  -11.20,  94016.00,  627.00,  654.27,   46.89,  7.0, 4.08, 4.05, 4.07
6, 14087, 1,     6.71, 5,   coast,  -11.20,  94016.00,  627.00,  654.27,   46.77,  7.0, 4.08, 4.05, 4.07
6, 14087, 1,     6.72, 5,   coast,  -11.19,  94010.00,  627.53,  654.80,   46.66,  7.0, 4.09, 4.04, 4.07
6, 14087, 1,     6.73, 5,   coast,  -11.18,  94010.00,  627.53,  654.80,   46.55,  7.0, 4.08, 4.04, 4.07
6, 14087, 1,     6.74, 5,   coast,  -11.18,  94002.00,  628.24,  655.51,   46.44,  7.0, 4.08, 4.05, 4.07
6, 14087, 1,     6.75, 5,   coast,  -11.17,  93991.00,  629.21,  656.48,   46.33,  7.0, 4.08, 4.04, 4.07
6, 14087, 1,     6.76, 5,   coast,  -11.16,  93988.00,  629.48,  656.74,   46.21,  7.0, 4.09, 4.04, 4.07
6, 14087, 1,     6.77, 5,   coast,  -11.16,  93983.00,  629.92,  657.19,   46.10,  7.0, 4.08, 4.04, 4.07
6, 14087, 1,     6.78, 5,   coast,  -11.15,  93976.00,  630.54,  657.81,   45.99,  7.0, 4.08, 4.05, 4.07
6, 14087, 1,     6.79, 5,   coast,  -11.14,  93971.00,  630.98,  658.25,   45.88,  7.0, 4.09, 4.04, 4.07
6, 14087, 1,     6.80, 5,   coast,  -11.13,  93966.00,  631.42,  658.69,   45.77,  7.0, 4.08, 4.04, 4.07
6, 14087, 1,     6.81, 5,   coast,  -11.13,  93959.00,  632.04,  659.31,   45.66,  7.0, 4.08, 4.04, 4.07
6, 14087, 1,     6.82, 5,   coast,  -11.12,  93956.00,  632.31,  659.58,   45.55,  7.0, 4.08, 4.05, 4.07
6, 14087, 1,     6.83, 5,   coast,  -11.11,  93955.00,  632.40,  659.66,   45.43,  7.0, 4.09, 4.04, 4.07
6, 14087, 1,     6.84, 5,   coast,  -11.11,  93955.00,  632.40,  659.66,   45.32,  7.0, 4.07, 4.04, 4.07
6, 14087, 1,     6.85, 5,   coast,  -11.10,  93944.00,  633.37,  660.64,   45.21,  7.0, 4.08, 4.04, 4.07
6, 14087, 1,     6.86, 5,   coast,  -11.09,  93934.00,  634.26,  661.52,   45.10,  7.0, 4.08, 4.04, 4.07
6, 14087, 1,     6.87, 5,   coast,  -11.09,  93931.00,  634.52,  661.79,   44.99,  7.0, 4.08, 4.04, 4.07
6, 14087, 1,     6.88, 5,   coast,  -11.08,  93923.00,  635.23,  662.50,   44.88,  7.0, 4.08, 4.04, 4.07
6, 14087, 1,     6.89, 5,   coast,  -11.07,  93920.00,  635.49,  662.76,   44.77,  7.0, 4.08, 4.04, 4.07
6, 14087, 1,     6.90, 5,   coast,  -11.07,  93912.00,  636.20,  663.47,   44.66,  7.0, 4.08, 4.04, 4.07
6, 14087, 1,     6.91, 5,   coast,  -11.06,  93904.00,  636.91,  664.18,   44.55,  7.0, 4.08, 4.04, 4.07
6, 14087, 1,     6.92, 5,   coast,  -11.05,  93901.00,  637.18,  664.44,   44.44,  7.0, 4.08, 4.05, 4.07
6, 14087, 1,     6.93, 5,   coast,  -11.05,  93902.00,  637.09,  664.36,   44.33,  7.0, 4.08, 4.04, 4.07
6, 14087, 1,     6.94, 5,   coast,  -11.04,  93891.00,  638.06,  665.33,   44.22,  7.0, 4.09, 4.04, 4.07
6, 14087, 1,     6.95, 5,   coast,  -11.03,  93891.00,  638.06,  665.33,   44.11,  7.0, 4.08, 4.04, 4.07
6, 14087, 1,     6.96, 5,   coast,  -11.03,  93884.00,  638.68,  665.95,   43.99,  7.0, 4.09, 4.04, 4.07
6, 14087, 1,     6.97, 5,   coast,  -11.02,  93883.00,  638.77,  666.04,   43.88,  7.0, 4.08, 4.05, 4.07
6, 14087, 1,     6.98, 5,   coast,  -11.01,  93874.00,  639.57,  666.84,   43.77,  7.0, 4.08, 4.05, 4.07
6, 14087, 1,     6.99, 5,   coast,  -11.01,  93871.00,  639.83,  667.10,   43.66,  7.0, 4.08, 4.04, 4.07
6, 14087, 1,     7.00, 5,   coast,  -11.00,  93860.00,  640.81,  668.07,   43.55,  7.0, 4.08, 4.04, 4.07
6, 14087, 1,     7.01, 5,   coast,  -10.99,  93856.00,  641.16,  668.43,   43.45,  7.0, 4.08, 4.04, 4.07
6, 14087, 1,     7.02, 5,   coast,  -10.99,  93852.00,  641.52,  668.78,   43.34,  7.0, 4.08, 4.04, 4.07
6, 14087, 1,     7.03, 5,   coast,  -10.98,  93850.00,  641.69,  668.96,   43.23,  7.0, 4.08, 4.04, 4.07
6, 14087, 1,     7.04, 5,   coast,  -10.97,  93847.00,  641.96,  669.23,   43.12,  7.0, 4.08, 4.04, 4.07
6, 14087, 1,     7.05, 5,   coast,  -10.97,  93843.00,  642.31,  669.58,   43.01,  7.0, 4.09, 4.04, 4.07
6, 14087, 1,     7.06, 5,   coast,  -10.96,  93843.00,  642.31,  669.58,   42.90,  7.0, 4.07, 4.04, 4.07
6, 14087, 1,     7.07, 5,   coast,  -10.95,  93833.00,  643.20,  670.47,   42.79,  7.0, 4.08, 4.04, 4.07
6, 14087, 1,     7.08, 5,   coast,  -10.95,  93824.00,  644.00,  671.26,   42.68,  7.0, 4.08, 4.04, 4.07
6, 14087, 1,     7.09, 5,   coast,  -10.94,  93825.00,  643.91,  671.18,   42.57,  7.0, 4.08, 4.04, 4.07
6, 14087, 1,     7.10, 5,   coast,  -10.93,  93806.00,  645.59,  672.86,   42.46,  7.0, 4.08, 4.04, 4.07
6, 14087, 1,     7.11, 5,   coast,  -10.93,  93808.00,  645.41,  672.68,   42.35,  7.0, 4.08, 4.05, 4.07
6, 14087, 1,     7.12, 5,   coast,  -10.92,  93808.00,  645.41,  672.68,   42.24,  7.0, 4.09, 4.04, 4.07
6, 14087, 1,     7.13, 5,   coast,  -10.92,  93803.00,  645.86,  673.12,   42.13,  7.0, 4.08, 4.04, 4.07
6, 14087, 1,     7.14, 5,   coast,  -10.91,  93800.00,  646.12,  673.39,   42.02,  7.0, 4.08, 4.04, 4.07
6, 14087, 1,     7.15, 5,   coast,  -10.90,  93798.00,  646.30,  673.57,   41.91,  7.0, 4.08, 4.04, 4.07
6, 14087, 1,     7.16, 5,   coast,  -10.90,  93790.00,  647.01,  674.28,   41.80,  7.0, 4.08, 4.04, 4.07
6, 14087, 1,     7.17, 5,   coast,  -10.89,  93790.00,  647.01,  674.28,   41.70,  7.0, 4.07, 4.04, 4.07
6, 14087, 1,     7.18, 5,   coast,  -10.89,  93779.00,  647.98,  675.25,   41.59,  7.0, 4.08, 4.05, 4.07
6, 14087, 1,     7.19, 5,   coast,  -10.88,  93771.00,  648.69,  675.96,   41.48,  7.0, 4.08, 4.04, 4.07
6, 14087, 1,     7.20, 5,   coast,  -10.87,  93765.00,  649.22,  676.49,   41.37,  7.0, 4.09, 4.05, 4.07
6, 14087, 1,     7.21, 5,   coast,  -10.87,  93761.00,  649.58,  676.85,   41.26,  7.0, 4.08, 4.04, 4.07
6, 14087, 1,     7.22, 5,   coast,  -10.86,  93762.00,  649.49,  676.76,   41.15,  7.0, 4.08, 4.04, 4.07
6, 14087, 1,     7.23, 5,   coast,  -10.86,  93753.00,  650.29,  677.56,   41.04,  7.0, 4.08, 4.04, 4.07
6, 14087, 1,     7.24, 5,   coast,  -10.85,  93755.00,  650.11,  677.38,   40.93,  7.0, 4.08, 4.05, 4.07
6, 14087, 1,     7.25, 5,   coast,  -10.85,  93749.00,  650.64,  677.91,   40.83,  7.0, 4.08, 4.05, 4.07
6, 14087, 1,     7.26, 5,   coast,  -10.84,  93743.00,  651.17,  678.44,   40.72,  7.0, 4.09, 4.05, 4.07
6, 14087, 1,     7.27, 5,   coast,  -10.83,  93743.00,  651.17,  678.44,   40.61,  7.0, 4.09, 4.04, 4.07
6, 14087, 1,     7.28, 5,   coast,  -10.83,  93743.00,  651.17,  678.44,   40.50,  7.0, 4.07, 4.04, 4.07
6, 14087, 1,     7.29, 5,   coast,  -10.82,  93734.00,  651.97,  679.24,   40.39,  7.0, 4.08, 4.04, 4.07
6, 14087, 1,     7.30, 5,   coast,  -10.82,  93727.00,  652.59,  679.86,   40.28,  7.0, 4.08, 4.04, 4.07
6, 14087, 1,     7.31, 5,   coast,  -10.81,  93719.00,  653.30,  680.57,   40.18,  7.0, 4.08, 4.04, 4.07
6, 14087, 1,     7.32, 5,   coast,  -10.81,  93714.00,  653.75,  681.01,   40.07,  7.0, 4.08, 4.04, 4.07
6, 14087, 1,     7.33, 5,   coast,  -10.80,  93710.00,  654.10,  681.37,   39.96,  7.0, 4.08, 4.04, 4.07
6, 14087, 1,     7.34, 5,   coast,  -10.80,  93708.00,  654.28,  681.55,   39.85,  7.0, 4.08, 4.04, 4.07
6, 14087, 1,     7.35, 5,   coast,  -10.79,  93705.00,  654.54,  681.81,   39.75,  7.0, 4.08, 4.05, 4.07
6, 14087, 1,     7.36, 5,   coast,  -10.79,  93695.00,  655.43,  682.70,   39.64,  7.0, 4.09, 4.05, 4.07
6, 14087, 1,     7.37, 5,   coast,  -10.78,  93697.00,  655.25,  682.52,   39.53,  7.0, 4.08, 4.05, 4.07
6, 14087, 1,     7.38, 5,   coast,  -10.78,  93689.00,  655.96,  683.23,   39.42,  7.0, 4.09, 4.04, 4.07
6, 14087, 1,     7.39, 5,   coast,  -10.77,  93689.00,  655.96,  683.23,   39.31,  7.0, 4.07, 4.04, 4.07
6, 14087, 1,     7.40, 5,   coast,  -10.77,  93684.00,  656.41,  683.67,   39.21,  7.0, 4.08, 4.04, 4.07
6, 14087, 1,     7.41, 5,   coast,  -10.77,  93675.00,  657.20,  684.47,   39.10,  7.0, 4.09, 4.05, 4.07
6, 14087, 1,     7.42, 5,   coast,  -10.76,  93669.00,  657.74,  685.00,   38.99,  7.0, 4.08, 4.05, 4.07
6, 14087, 1,     7.43, 5,   coast,  -10.76,  93667.00,  657.91,  685.18,   38.88,  7.0, 4.08, 4.04, 4.07
6, 14087, 1,     7.44, 5,   coast,  -10.75,  93660.00,  658.54,  685.80,   38.78,  7.0, 4.08, 4.04, 4.07
6, 14087, 1,     7.45, 5,   coast,  -10.75,  93656.00,  658.89,  686.16,   38.67,  7.0, 4.08, 4.04, 4.07
6, 14087, 1,     7.46, 5,   coast,  -10.74,  93651.00,  659.33,  686.60,   38.56,  7.0, 4.08, 4.04, 4.07
6, 14087, 1,     7.47, 5,   coast,  -10.74,  93647.00,  659.69,  686.96,   38.45,  7.0, 4.09, 4.04, 4.07
6, 14087, 1,     7.48, 5,   coast,  -10.74,  93643.00,  660.04,  687.31,   38.35,  7.0, 4.08, 4.05, 4.07
6, 14087, 1,     7.49, 5,   coast,  -10.73,  93640.00,  660.31,  687.58,   38.24,  7.0, 4.09, 4.04, 4.07
6, 14087, 1,     7.50, 5,   coast,  -10.73,  93640.00,  660.31,  687.58,   38.13,  7.0, 4.07, 4.04, 4.07
6, 14087, 1,     7.51, 5,   coast,  -10.72,  93635.00,  660.75,  688.02,   38.03,  7.0, 4.08, 4.04, 4.07
6, 14087, 1,     7.52, 5,   coast,  -10.72,  93627.00,  661.46,  688.73,   37.92,  7.0, 4.08, 4.04, 4.07
6, 14087, 1,     7.53, 5,   coast,  -10.72,  93621.00,  662.00,  689.26,   37.81,  7.0, 4.08, 4.05, 4.07
6, 14087, 1,     7.54, 5,   coast,  -10.71,  93616.00,  662.44,  689.71,   37.70,  7.0, 4.08, 4.04, 4.07
6, 14087, 1,     7.55, 5,   coast,  -10.71,  93614.00,  662.62,  689.88,   37.60,  7.0, 4.08, 4.04, 4.07
6, 14087, 1,     7.56, 5,   coast,  -10.70,  93610.00,  662.97,  690.24,   37.49,  7.0, 4.08, 4.05, 4.07
6, 14087, 1,     7.57, 5,   coast,  -10.70,  93609.00,  663.06,  690.33,   37.38,  7.0, 4.09, 4.05, 4.07
6, 14087, 1,     7.58, 5,   coast,  -10.70,  93605.00,  663.42,  690.68,   37.28,  7.0, 4.09, 4.04, 4.07
6, 14087, 1,     7.59, 5,   coast,  -10.69,  93597.00,  664.13,  691.39,   37.17,  7.0, 4.08, 4.04, 4.07
6, 14087, 1,     7.60, 5,   coast,  -10.69,  93595.00,  664.30,  691.57,   37.06,  7.0, 4.09, 4.04, 4.07
6, 14087, 1,     7.61, 5,   coast,  -10.69,  93595.00,  664.30,  691.57,   36.96,  7.0, 4.07, 4.04, 4.07
6, 14087, 1,     7.62, 5,   coast,  -10.68,  93587.00,  665.01,  692.28,   36.85,  7.0, 4.08, 4.05, 4.07
6, 14087, 1,     7.63, 5,   coast,  -10.68,  93576.00,  665.99,  693.26,   36.74,  7.0, 4.08, 4.04, 4.07
6, 14087, 1,     7.64, 5,   coast,  -10.68,  93577.00,  665.90,  693.17,   36.63,  7.0, 4.08, 4.05, 4.07
6, 14087, 1,     7.65, 5,   coast,  -10.67,  93577.00,  665.90,  693.17,   36.53,  7.0, 4.08, 4.04, 4.07
6, 14087, 1,     7.66, 5,   coast,  -10.67,  93575.00,  666.08,  693.35,   36.42,  7.0, 4.09, 4.04, 4.07
6, 14087, 1,     7.67, 5,   coast,  -10.67,  93565.00,  666.97,  694.23,   36.31,  7.0, 4.08, 4.04, 4.07
6, 14087, 1,     7.68, 5,   coast,  -10.66,  93561.00,  667.32,  694.59,   36.21,  7.0, 4.08, 4.05, 4.07
6, 14087, 1,     7.69, 5,   coast,  -10.66,  93556.00,  667.77,  695.03,   36.10,  7.0, 4.08, 4.04, 4.07
6, 14087, 1,     7.70, 5,   coast,  -10.66,  93550.00,  668.30,  695.57,   36.00,  7.0, 4.08, 4.04, 4.07
6, 14087, 1,     7.71, 5,   coast,  -10.65,  93552.00,  668.12,  695.39,   35.89,  7.0, 4.08, 4.04, 4.07
6, 14087, 1,     7.72, 5,   coast,  -10.65,  93552.00,  668.12,  695.39,   35.78,  7.0, 4.07, 4.04, 4.07
6, 14087, 1,     7.73, 5,   coast,  -10.65,  93547.00,  668.57,  695.83,   35.68,  7.0, 4.08, 4.04, 4.07
6, 14087, 1,     7.74, 5,   coast,  -10.65,  93536.00,  669.54,  696.81,   35.57,  7.0, 4.08, 4.05, 4.07
6, 14087, 1,     7.75, 5,   coast,  -10.64,  93535.00,  669.63,  696.90,   35.46,  7.0, 4.08, 4.04, 4.07
6, 14087, 1,     7.76, 5,   coast,  -10.64,  93526.00,  670.43,  697.70,   35.36,  7.0, 4.08, 4.04, 4.07
6, 14087, 1,     7.77, 5,   coast,  -10.64,  93528.00,  670.25,  697.52,   35.25,  7.0, 4.08, 4.05, 4.07
6, 14087, 1,     7.78, 5,   coast,  -10.63,  93521.00,  670.87,  698.14,   35.14,  7.0, 4.08, 4.04, 4.07
6, 14087, 1,     7.79, 5,   coast,  -10.63,  93517.00,  671.23,  698.50,   35.04,  7.0, 4.08, 4.04, 4.07
6, 14087, 1,     7.80, 5,   coast,  -10.63,  93510.00,  671.85,  699.12,   34.93,  7.0, 4.08, 4.04, 4.07
6, 14087, 1,     7.81, 5,   coast,  -10.63,  93511.00,  671.76,  699.03,   34.83,  7.0, 4.08, 4.05, 4.07
6, 14087, 1,     7.82, 5,   coast,  -10.62,  93505.00,  672.30,  699.56,   34.72,  7.0, 4.09, 4.04, 4.07
6, 14087, 1,     7.83, 5,   coast,  -10.62,  93505.00,  672.30,  699.56,   34.61,  7.0, 4.07, 4.04, 4.07
6, 14087, 1,     7.84, 5,   coast,  -10.62,  93495.00,  673.18,  700.45,   34.51,  7.0, 4.08, 4.05, 4.07
6, 14087, 1,     7.85, 5,   coast,  -10.62,  93492.00,  673.45,  700.72,   34.40,  7.0, 4.08, 4.04, 4.07
6, 14087, 1,     7.86, 5,   coast,  -10.61,  93495.00,  673.18,  700.45,   34.29,  7.0, 4.08, 4.05, 4.07
6, 14087, 1,     7.87, 5,   coast,  -10.61,  93483.00,  674.25,  701.52,   34.19,  7.0, 4.08, 4.04, 4.07
6, 14087, 1,     7.88, 5,   coast,  -10.61,  93485.00,  674.07,  701.34,   34.08,  7.0, 4.08, 4.04, 4.07
6, 14087, 1,     7.89, 5,   coast,  -10.61,  93476.00,  674.87,  702.14,   33.98,  7.0, 4.08, 4.05, 4.07
6, 14087, 1,     7.90, 5,   coast,  -10.60,  93474.00,  675.05,  702.32,   33.87,  7.0, 4.08, 4.04, 4.07
6, 14087, 1,     7.91, 5,   coast,  -10.60,  93471.00,  675.32,  702.58,   33.76,  7.0, 4.08, 4.04, 4.07
6, 14087, 1,     7.92, 5,   coast,  -10.60,  93466.00,  675.76,  703.03,   33.66,  7.0, 4.08, 4.05, 4.07
6, 14087, 1,     7.93, 5,   coast,  -10.60,  93463.00,  676.03,  703.30,   33.55,  7.0, 4.09, 4.04, 4.07
6, 14087, 1,     7.94, 5,   coast,  -10.59,  93463.00,  676.03,  703.30,   33.45,  7.0, 4.07, 4.04, 4.07
6, 14087, 1,     7.95, 5,   coast,  -10.59,  93460.00,  676.29,  703.56,   33.34,  7.0, 4.08, 4.04, 4.07
6, 14087, 1,     7.96, 5,   coast,  -10.59,  93456.00,  676.65,  703.92,   33.24,  7.0, 4.08, 4.04, 4.07
6, 14087, 1,     7.97, 5,   coast,  -10.59,  93450.00,  677.18,  704.45,   33.13,  7.0, 4.08, 4.04, 4.07
6, 14087, 1,     7.98, 5,   coast,  -10.59,  93443.00,  677.80,  705.07,   33.02,  7.0, 4.08, 4.04, 4.07
6, 14087, 1,     7.99, 5,   coast,  -10.58,  93437.00,  678.34,  705.61,   32.92,  7.0, 4.08, 4.04, 4.07
6, 14087, 1,     8.00, 5,   coast,  -10.58,  93435.00,  678.52,  705.78,   32.81,  7.0, 4.08, 4.04, 4.07
6, 14087, 1,     8.01, 5,   coast,  -10.58,  93434.00,  678.60,  705.87,   32.71,  7.0, 4.08, 4.04, 4.07
6, 14087, 1,     8.02, 5,   coast,  -10.58,  93431.00,  678.87,  706.14,   32.60,  7.0, 4.08, 4.04, 4.07
6, 14087, 1,     8.03, 5,   coast,  -10.57,  93426.00,  679.32,  706.58,   32.49,  7.0, 4.08, 4.05, 4.07
6, 14087, 1,     8.04, 5,   coast,  -10.57,  93423.00,  679.58,  706.85,   32.39,  7.0, 4.08, 4.04, 4.07
6, 14087, 1,     8.05, 5,   coast,  -10.57,  93423.00,  679.58,  706.85,   32.28,  7.0, 4.08, 4.04, 4.07
6, 14087, 1,     8.06, 5,   coast,  -10.57,  93414.00,  680.38,  707.65,   32.18,  7.0, 4.08, 4.04, 4.07
6, 14087, 1,     8.07, 5,   coast,  -10.57,  93414.00,  680.38,  707.65,   32.07,  7.0, 4.08, 4.04, 4.07
6, 14087, 1,     8.08, 5,   coast,  -10.56,  93411.00,  680.65,  707.92,   31.97,  7.0, 4.08, 4.05, 4.07
6, 14087, 1,     8.09, 5,   coast,  -10.56,  93405.00,  681.18,  708.45,   31.86,  7.0, 4.09, 4.04, 4.07
6, 14087, 1,     8.10, 5,   coast,  -10.56,  93401.00,  681.54,  708.81,   31.75,  7.0, 4.09, 4.05, 4.07
6, 14087, 1,     8.11, 5,   coast,  -10.56,  93397.00,  681.89,  709.16,   31.65,  7.0, 4.08, 4.04, 4.07
6, 14087, 1,     8.12, 5,   coast,  -10.55,  93394.00,  682.16,  709.43,   31.54,  7.0, 4.08, 4.05, 4.07
6, 14087, 1,     8.13, 5,   coast,  -10.55,  93393.00,  682.25,  709.52,   31.44,  7.0, 4.08, 4.04, 4.07
6, 14087, 1,     8.14, 5,   coast,  -10.55,  93385.00,  682.96,  710.23,   31.33,  7.0, 4.08, 4.05, 4.07
6, 14087, 1,     8.15, 5,   coast,  -10.55,  93382.00,  683.23,  710.50,   31.23,  7.0, 4.09, 4.04, 4.07
6, 14087, 1,     8.16, 5,   coast,  -10.55,  93382.00,  683.23,  710.50,   31.12,  7.0, 4.07, 4.04, 4.07
6, 14087, 1,     8.17, 5,   coast,  -10.54,  93378.00,  683.58,  710.85,   31.02,  7.0, 4.08, 4.04, 4.07
6, 14087, 1,     8.18, 5,   coast,  -10.54,  93373.00,  684.03,  711.30,   30.91,  7.0, 4.08, 4.04, 4.07
6, 14087, 1,     8.19, 5,   coast,  -10.54,  93371.00,  684.21,  711.47,   30.80,  7.0, 4.08, 4.04, 4.07
6, 14087, 1,     8.20, 5,   coast,  -10.54,  93364.00,  684.83,  712.10,   30.70,  7.0, 4.08, 4.05, 4.07
6, 14087, 1,     8.21, 5,   coast,  -10.53,  93360.00,  685.18,  712.45,   30.59,  7.0, 4.08, 4.04, 4.07
6, 14087, 1,     8.22, 5,   coast,  -10.53,  93358.00,  685.36,  712.63,   30.49,  7.0, 4.08, 4.04, 4.07
6, 14087, 1,     8.23, 5,   coast,  -10.53,  93354.00,  685.72,  712.99,   30.38,  7.0, 4.08, 4.04, 4.07
6, 14087, 1,     8.24, 5,   coast,  -10.53,  93350.00,  686.07,  713.34,   30.28,  7.0, 4.08, 4.04, 4.07
6, 14087, 1,     8.25, 5,   coast,  -10.52,  93349.00,  686.16,  713.43,   30.17,  7.0, 4.08, 4.05, 4.07
6, 14087, 1,     8.26, 5,   coast,  -10.52,  93350.00,  686.07,  713.34,   30.07,  7.0, 4.08, 4.04, 4.07
6, 14087, 1,     8.27, 5,   coast,  -10.52,  93350.00,  686.07,  713.34,   29.96,  7.0, 4.07, 4.04, 4.07
6, 14087, 1,     8.28, 5,   coast,  -10.52,  93343.00,  686.70,  713.96,   29.86,  7.0, 4.08, 4.05, 4.07
6, 14087, 1,     8.29, 5,   coast,  -10.51,  93332.00,  687.68,  714.94,   29.75,  7.0, 4.08, 4.05, 4.07
6, 14087, 1,     8.30, 5,   coast,  -10.51,  93334.00,  687.50,  714.77,   29.65,  7.0, 4.08, 4.05, 4.07
6, 14087, 1,     8.31, 5,   coast,  -10.51,  93330.00,  687.85,  715.12,   29.54,  7.0, 4.08, 4.05, 4.07
6, 14087, 1,     8.32, 5,   coast,  -10.51,  93326.00,  688.21,  715.48,   29.44,  7.0, 4.08, 4.04, 4.07
6, 14087, 1,     8.33, 5,   coast,  -10.50,  93322.00,  688.57,  715.83,   29.33,  7.0, 4.08, 4.05, 4.07
6, 14087, 1,     8.34, 5,   coast,  -10.50,  93315.00,  689.19,  716.46,   29.23,  7.0, 4.08, 4.05, 4.07
6, 14087, 1,     8.35, 5,   coast,  -10.50,  93313.00,  689.37,  716.63,   29.12,  7.0, 4.08, 4.05, 4.07
6, 14087, 1,     8.36, 5,   coast,  -10.49,  93310.00,  689.63,  716.90,   29.02,  7.0, 4.08, 4.04, 4.07
6, 14087, 1,     8.37, 5,   coast,  -10.49,  93312.00,  689.46,  716.72,   28.91,  7.0, 4.09, 4.04, 4.07
6, 14087, 1,     8.38, 5,   coast,  -10.49,  93312.00,  689.46,  716.72,   28.81,  7.0, 4.07, 4.04, 4.07
6, 14087, 1,     8.39, 5,   coast,  -10.48,  93304.00,  690.17,  717.43,   28.70,  7.0, 4.09, 4.05, 4.07
6, 14087, 1,     8.40, 5,   coast,  -10.48,  93304.00,  690.17,  717.43,   28.59,  7.0, 4.09, 4.04, 4.07
6, 14087, 1,     8.41, 5,   coast,  -10.48,  93293.00,  691.15,  718.41,   28.49,  7.0, 4.08, 4.05, 4.07
6, 14087, 1,     8.42, 5,   coast,  -10.47,  93294.00,  691.06,  718.32,   28.39,  7.0, 4.08, 4.04, 4.07
6, 14087, 1,     8.43, 5,   coast,  -10.47,  93283.00,  692.04,  719.30,   28.28,  7.0, 4.08, 4.04, 4.07
6, 14087, 1,     8.44, 5,   coast,  -10.47,  93287.00,  691.68,  718.95,   28.18,  7.0, 4.08, 4.04, 4.07
6, 14087, 1,     8.45, 5,   coast,  -10.46,  93282.00,  692.13,  719.39,   28.07,  7.0, 4.08, 4.04, 4.07
6, 14087, 1,     8.46, 5,   coast,  -10.46,  93275.00,  692.75,  720.02,   27.97,  7.0, 4.08, 4.05, 4.07
6, 14087, 1,     8.47, 5,   coast,  -10.46,  93276.00,  692.66,  719.93,   27.86,  7.0, 4.08, 4.04, 4.07
6, 14087, 1,     8.48, 5,   coast,  -10.45,  93274.00,  692.84,  720.10,   27.76,  7.0, 4.08, 4.04, 4.07
6, 14087, 1,     8.49, 5,   coast,  -10.45,  93274.00,  692.84,  720.10,   27.65,  7.0, 4.07, 4.04, 4.07
6, 14087, 1,     8.50, 5,   coast,  -10.44,  93267.00,  693.46,  720.73,   27.55,  7.0, 4.08, 4.04, 4.07
6, 14087, 1,     8.51, 5,   coast,  -10.44,  93262.00,  693.91,  721.17,   27.44,  7.0, 4.08, 4.05, 4.07
6, 14087, 1,     8.52, 5,   coast,  -10.44,  93260.00,  694.08,  721.35,   27.34,  7.0, 4.09, 4.05, 4.07
6, 14087, 1,     8.53, 5,   coast,  -10.43,  93257.00,  694.35,  721.62,   27.23,  7.0, 4.08, 4.04, 4.07
6, 14087, 1,     8.54, 5,   coast,  -10.43,  93253.00,  694.71,  721.97,   27.13,  7.0, 4.08, 4.04, 4.07
6, 14087, 1,     8.55, 5,   coast,  -10.42,  93249.00,  695.06,  722.33,   27.03,  7.0, 4.08, 4.04, 4.07
6, 14087, 1,     8.56, 5,   coast,  -10.42,  93245.00,  695.42,  722.69,   26.92,  7.0, 4.08, 4.04, 4.07
6, 14087, 1,     8.57, 5,   coast,  -10.41,  93241.00,  695.78,  723.04,   26.82,  7.0, 4.08, 4.04, 4.07
6, 14087, 1,     8.58, 5,   coast,  -10.41,  93245.00,  695.42,  722.69,   26.71,  7.0, 4.08, 4.04, 4.07
6, 14087, 1,     8.59, 5,   coast,  -10.40,  93238.00,  696.04,  723.31,   26.61,  7.0, 4.09, 4.04, 4.07
6, 14087, 1,     8.60, 5,   coast,  -10.40,  93238.00,  696.04,  723.31,   26.50,  7.0, 4.08, 4.04, 4.07
6, 14087, 1,     8.61, 5,   coast,  -10.39,  93231.00,  696.67,  723.93,   26.40,  7.0, 4.09, 4.04, 4.07
6, 14087, 1,     8.62, 5,   coast,  -10.39,  93229.00,  696.84,  724.11,   26.30,  7.0, 4.08, 4.04, 4.07
6, 14087, 1,     8.63, 5,   coast,  -10.38,  93230.00,  696.75,  724.02,   26.19,  7.0, 4.08, 4.05, 4.07
6, 14087, 1,     8.64, 5,   coast,  -10.38,  93222.00,  697.47,  724.73,   26.09,  7.0, 4.08, 4.05, 4.07
6, 14087, 1,     8.65, 5,   coast,  -10.37,  93218.00,  697.82,  725.09,   25.98,  7.0, 4.08, 4.05, 4.07
6, 14087, 1,     8.66, 5,   coast,  -10.37,  93220.00,  697.65,  724.91,   25.88,  7.0, 4.08, 4.04, 4.07
6, 14087, 1,     8.67, 5,   coast,  -10.36,  93216.00,  698.00,  725.27,   25.78,  7.0, 4.08, 4.04, 4.07
6, 14087, 1,     8.68, 5,   coast,  -10.36,  93213.00,  698.27,  725.54,   25.67,  7.0, 4.08, 4.05, 4.07
6, 14087, 1,     8.69, 5,   coast,  -10.35,  93202.00,  699.25,  726.52,   25.57,  7.0, 4.08, 4.05, 4.07
6, 14087, 1,     8.70, 5,   coast,  -10.35,  93208.00,  698.71,  725.98,   25.47,  7.0, 4.09, 4.04, 4.07
6, 14087, 1,     8.71, 5,   coast,  -10.34,  93208.00,  698.71,  725.98,   25.36,  7.0, 4.07, 4.04, 4.07
6, 14087, 1,     8.72, 5,   coast,  -10.34,  93204.00,  699.07,  726.34,   25.26,  7.0, 4.09, 4.05, 4.07
6, 14087, 1,     8.73, 5,   coast,  -10.33,  93196.00,  699.78,  727.05,   25.15,  7.0, 4.08, 4.04, 4.07
6, 14087, 1,     8.74, 5,   coast,  -10.32,  93196.00,  699.78,  727.05,   25.05,  7.0, 4.09, 4.05, 4.07
6, 14087, 1,     8.75, 5,   coast,  -10.32,  93193.00,  700.05,  727.32,   24.95,  7.0, 4.08, 4.04, 4.07
6, 14087, 1,     8.76, 5,   coast,  -10.31,  93191.00,  700.23,  727.50,   24.84,  7.0, 4.08, 4.04, 4.07
6, 14087, 1,     8.77, 5,   coast,  -10.31,  93190.00,  700.32,  727.58,   24.74,  7.0, 4.08, 4.04, 4.07
6, 14087, 1,     8.78, 5,   coast,  -10.30,  93181.00,  701.12,  728.39,   24.64,  7.0, 4.08, 4.04, 4.07
6, 14087, 1,     8.79, 5,   coast,  -10.30,  93179.00,  701.30,  728.56,   24.53,  7.0, 4.08, 4.04, 4.07
6, 14087, 1,     8.80, 5,   coast,  -10.29,  93179.00,  701.30,  728.56,   24.43,  7.0, 4.08, 4.05, 4.07
6, 14087, 1,     8.81, 5,   coast,  -10.28,  93179.00,  701.30,  728.56,   24.33,  7.0, 4.08, 4.04, 4.07
6, 14087, 1,     8.82, 5,   coast,  -10.28,  93179.00,  701.30,  728.56,   24.23,  7.0, 4.07, 4.04, 4.07
6, 14087, 1,     8.83, 5,   coast,  -10.27,  93168.00,  702.28,  729.54,   24.12,  7.0, 4.08, 4.04, 4.07
6, 14087, 1,     8.84, 5,   coast,  -10.27,  93163.00,  702.72,  729.99,   24.02,  7.0, 4.08, 4.05, 4.07
6, 14087, 1,     8.85, 5,   coast,  -10.26,  93166.00,  702.46,  729.72,   23.92,  7.0, 4.08, 4.04, 4.07
6, 14087, 1,     8.86, 5,   coast,  -10.25,  93156.00,  703.35,  730.61,   23.81,  7.0, 4.08, 4.04, 4.07
6, 14087, 1,     8.87, 5,   coast,  -10.25,  93157.00,  703.26,  730.52,   23.71,  7.0, 4.08, 4.05, 4.07
6, 14087, 1,     8.88, 5,   coast,  -10.24,  93152.00,  703.70,  730.97,   23.61,  7.0, 4.08, 4.04, 4.07
6, 14087, 1,     8.89, 5,   coast,  -10.24,  93148.00,  704.06,  731.33,   23.51,  7.0, 4.08, 4.05, 4.07
6, 14087, 1,     8.90, 5,   coast,  -10.23,  93153.00,  703.61,  730.88,   23.40,  7.0, 4.08, 4.04, 4.07
6, 14087, 1,     8.91, 5,   coast,  -10.22,  93150.00,  703.88,  731.15,   23.30,  7.0, 4.08, 4.04, 4.07
6, 14087, 1,     8.92, 5,   coast,  -10.22,  93142.00,  704.59,  731.86,   23.20,  7.0, 4.09, 4.04, 4.07
6, 14087, 1,     8.93, 5,   coast,  -10.21,  93142.00,  704.59,  731.86,   23.10,  7.0, 4.07, 4.04, 4.07
6, 14087, 1,     8.94, 5,   coast,  -10.21,  93149.00,  703.97,  731.24,   23.00,  7.0, 4.08, 4.05, 4.07
6, 14087, 1,     8.95, 5,   coast,  -10.20,  93140.00,  704.77,  732.04,   22.89,  7.0, 4.08, 4.05, 4.07
6, 14087, 1,     8.96, 5,   coast,  -10.20,  93140.00,  704.77,  732.04,   22.79,  7.0, 4.08, 4.04, 4.07
6, 14087, 1,     8.97, 5,   coast,  -10.20,  93134.00,  705.31,  732.57,   22.69,  7.0, 4.08, 4.04, 4.07
6, 14087, 1,     8.98, 5,   coast,  -10.19,  93131.00,  705.57,  732.84,   22.59,  7.0, 4.08, 4.04, 4.07
6, 14087, 1,     8.99, 5,   coast,  -10.19,  93128.00,  705.84,  733.11,   22.49,  7.0, 4.08, 4.04, 4.07
6, 14087, 1,     9.00, 5,   coast,  -10.18,  93121.00,  706.47,  733.73,   22.39,  7.0, 4.08, 4.04, 4.07
6, 14087, 1,     9.01, 5,   coast,  -10.18,  93120.00,  706.55,  733.82,   22.28,  7.0, 4.08, 4.04, 4.07
6, 14087, 1,     9.02, 5,   coast,  -10.17,  93121.00,  706.47,  733.73,   22.18,  7.0, 4.08, 4.05, 4.07
6, 14087, 1,     9.03, 5,   coast,  -10.17,  93121.00,  706.47,  733.73,   22.08,  7.0, 4.08, 4.04, 4.07
6, 14087, 1,     9.04, 5,   coast,  -10.17,  93121.00,  706.47,  733.73,   21.98,  7.0, 4.07, 4.04, 4.07
6, 14087, 1,     9.05, 5,   coast,  -10.16,  93114.00,  707.09,  734.36,   21.88,  7.0, 4.08, 4.04, 4.07
6, 14087, 1,     9.06, 5,   coast,  -10.16,  93111.00,  707.36,  734.62,   21.78,  7.0, 4.08, 4.04, 4.07
6, 14087, 1,     9.07, 5,   coast,  -10.16,  93108.00,  707.62,  734.89,   21.68,  7.0, 4.08, 4.05, 4.07
6, 14087, 1,     9.08, 5,   coast,  -10.15,  93107.00,  707.71,  734.98,   21.57,  7.0, 4.08, 4.04, 4.07
6, 14087, 1,     9.09, 5,   coast,  -10.15,  93100.00,  708.34,  735.61,   21.47,  7.0, 4.08, 4.04, 4.07
6, 14087, 1,     9.10, 5,   coast,  -10.15,  93102.00,  708.16,  735.43,   21.37,  7.0, 4.08, 4.05, 4.07
6, 14087, 1,     9.11, 5,   coast,  -10.14,  93099.00,  708.43,  735.69,   21.27,  7.0, 4.08, 4.04, 4.07
6, 14087, 1,     9.12, 5,   coast,  -10.14,  93094.00,  708.87,  736.14,   21.17,  7.0, 4.08, 4.05, 4.07
6, 14087, 1,     9.13, 5,   coast,  -10.14,  93091.00,  709.14,  736.41,   21.07,  7.0, 4.08, 4.04, 4.07
6, 14087, 1,     9.14, 5,   coast,  -10.14,  93094.00,  708.87,  736.14,   20.97,  7.0, 4.09, 4.04, 4.07
6, 14087, 1,     9.15, 5,   coast,  -10.13,  93094.00,  708.87,  736.14,   20.87,  7.0, 4.07, 4.04, 4.07
6, 14087, 1,     9.16, 5,   coast,  -10.13,  93090.00,  709.23,  736.50,   20.77,  7.0, 4.09, 4.04, 4.07
6, 14087, 1,     9.17, 5,   coast,  -10.13,  93081.00,  710.03,  737.30,   20.67,  7.0, 4.08, 4.04, 4.07
6, 14087, 1,     9.18, 5,   coast,  -10.13,  93088.00,  709.41,  736.67,   20.57,  7.0, 4.08, 4.04, 4.07
6, 14087, 1,     9.19, 5,   coast,  -10.13,  93087.00,  709.50,  736.76,   20.47,  7.0, 4.08, 4.05, 4.07
6, 14087, 1,     9.20, 5,   coast,  -10.12,  93079.00,  710.21,  737.48,   20.36,  7.0, 4.08, 4.04, 4.07
6, 14087, 1,     9.21, 5,   coast,  -10.12,  93081.00,  710.03,  737.30,   20.26,  7.0, 4.08, 4.05, 4.07
6, 14087, 1,     9.22, 5,   coast,  -10.12,  93075.00,  710.57,  737.83,   20.16,  7.0, 4.08, 4.04, 4.07
6, 14087, 1,     9.23, 5,   coast,  -10.12,  93071.00,  710.92,  738.19,   20.06,  7.0, 4.08, 4.04, 4.07
6, 14087, 1,     9.24, 5,   coast,  -10.12,  93071.00,  710.92,  738.19,   19.96,  7.0, 4.08, 4.04, 4.07
6, 14087, 1,     9.25, 5,   coast,  -10.12,  93070.00,  711.01,  738.28,   19.86,  7.0, 4.09, 4.04, 4.07
6, 14087, 1,     9.26, 5,   coast,  -10.12,  93070.00,  711.01,  738.28,   19.76,  7.0, 4.08, 4.04, 4.07
6, 14087, 1,     9.27, 5,   coast,  -10.11,  93065.00,  711.46,  738.73,   19.66,  7.0, 4.08, 4.04, 4.07
6, 14087, 1,     9.28, 5,   coast,  -10.11,  93060.00,  711.90,  739.17,   19.56,  7.0, 4.08, 4.05, 4.07
6, 14087, 1,     9.29, 5,   coast,  -10.11,  93059.00,  711.99,  739.26,   19.46,  7.0, 4.08, 4.04, 4.07
6, 14087, 1,     9.30, 5,   coast,  -10.11,  93054.00,  712.44,  739.71,   19.36,  7.0, 4.08, 4.04, 4.07
6, 14087, 1,     9.31, 5,   coast,  -10.11,  93056.00,  712.26,  739.53,   19.26,  7.0, 4.08, 4.04, 4.07
6, 14087, 1,     9.32, 5,   coast,  -10.11,  93054.00,  712.44,  739.71,   19.16,  7.0, 4.08, 4.04, 4.07
6, 14087, 1,     9.33, 5,   coast,  -10.11,  93049.00,  712.88,  740.15,   19.06,  7.0, 4.09, 4.04, 4.07
6, 14087, 1,     9.34, 5,   coast,  -10.11,  93051.00,  712.71,  739.97,   18.96,  7.0, 4.08, 4.04, 4.07
6, 14087, 1,     9.35, 5,   coast,  -10.11,  93043.00,  713.42,  740.69,   18.85,  7.0, 4.08, 4.04, 4.07
6, 14087, 1,     9.36, 5,   coast,  -10.11,  93048.00,  712.97,  740.24,   18.75,  7.0, 4.09, 4.04, 4.07
6, 14087, 1,     9.37, 5,   coast,  -10.11,  93048.00,  712.97,  740.24,   18.64,  7.0, 4.07, 4.04, 4.07
6, 14087, 1,     9.38, 5,   coast,  -10.11,  93043.00,  713.42,  740.69,   18.54,  7.0, 4.08, 4.04, 4.07
6, 14087, 1,     9.39, 5,   coast,  -10.11,  93038.00,  713.87,  741.13,   18.43,  7.0, 4.08, 4.04, 4.07
6, 14087, 1,     9.40, 5,   coast,  -10.12,  93034.00,  714.22,  741.49,   18.32,  7.0, 4.08, 4.04, 4.07
6, 14087, 1,     9.41, 5,   coast,  -10.12,  93036.00,  714.04,  741.31,   18.22,  7.0, 4.08, 4.04, 4.07
6, 14087, 1,     9.42, 5,   coast,  -10.12,  93035.00,  714.13,  741.40,   18.11,  7.0, 4.08, 4.05, 4.07
6, 14087, 1,     9.43, 5,   coast,  -10.12,  93037.00,  713.96,  741.22,   18.01,  7.0, 4.08, 4.04, 4.07
6, 14087, 1,     9.44, 5,   coast,  -10.12,  93030.00,  714.58,  741.85,   17.90,  7.0, 4.08, 4.05, 4.07
6, 14087, 1,     9.45, 5,   coast,  -10.12,  93029.00,  714.67,  741.94,   17.82,  7.0, 4.09, 4.04, 4.07
6, 14087, 1,     9.46, 5,   coast,  -10.12,  93024.00,  715.11,  742.38,   17.72,  7.0, 4.09, 4.04, 4.07
6, 14087, 1,     9.47, 5,   coast,  -10.12,  93026.00,  714.94,  742.20,   17.63,  7.0, 4.09, 4.04, 4.07
6, 14087, 1,     9.48, 5,   coast,  -10.12,  93026.00,  714.94,  742.20,   17.53,  7.0, 4.08, 4.04, 4.07
6, 14087, 1,     9.49, 5,   coast,  -10.13,  93019.00,  715.56,  742.83,   17.43,  7.0, 4.09, 4.05, 4.07
6, 14087, 1,     9.50, 5,   coast,  -10.13,  93015.00,  715.92,  743.19,   17.33,  7.0, 4.08, 4.04, 4.07
6, 14087, 1,     9.51, 5,   coast,  -10.13,  93012.00,  716.19,  743.45,   17.23,  7.0, 4.08, 4.05, 4.07
6, 14087, 1,     9.52, 5,   coast,  -10.13,  93014.00,  716.01,  743.27,   17.14,  7.0, 4.08, 4.04, 4.07
6, 14087, 1,     9.53, 5,   coast,  -10.13,  93017.00,  715.74,  743.01,   17.04,  7.0, 4.08, 4.04, 4.07
6, 14087, 1,     9.54, 5,   coast,  -10.13,  93006.00,  716.72,  743.99,   16.94,  7.0, 4.08, 4.05, 4.07
6, 14087, 1,     9.55, 5,   coast,  -10.13,  93008.00,  716.54,  743.81,   16.83,  7.0, 4.08, 4.05, 4.07
6, 14087, 1,     9.56, 5,   coast,  -10.13,  93007.00,  716.63,  743.90,   16.73,  7.0, 4.09, 4.04, 4.07
6, 14087, 1,     9.57, 5,   coast,  -10.13,  93005.00,  716.81,  744.08,   16.63,  7.0, 4.08, 4.04, 4.07
6, 14087, 1,     9.58, 5,   coast,  -10.14,  93005.00,  716.81,  744.08,   16.53,  7.0, 4.09, 4.04, 4.07
6, 14087, 1,     9.59, 5,   coast,  -10.14,  93005.00,  716.81,  744.08,   16.43,  7.0, 4.07, 4.04, 4.07
6, 14087, 1,     9.60, 5,   coast,  -10.14,  93000.00,  717.26,  744.52,   16.33,  7.0, 4.08, 4.04, 4.07
6, 14087, 1,     9.61, 5,   coast,  -10.14,  92997.00,  717.52,  744.79,   16.23,  7.0, 4.08, 4.04, 4.07
6, 14087, 1,     9.62, 5,   coast,  -10.14,  92992.00,  717.97,  745.24,   16.14,  7.0, 4.08, 4.04, 4.07
6, 14087, 1,     9.63, 5,   coast,  -10.14,  92996.00,  717.61,  744.88,   16.04,  7.0, 4.08, 4.04, 4.07
6, 14087, 1,     9.64, 5,   coast,  -10.14,  92992.00,  717.97,  745.24,   15.94,  7.0, 4.08, 4.05, 4.07
6, 14087, 1,     9.65, 5,   coast,  -10.15,  92988.00,  718.33,  745.59,   15.82,  7.0, 4.08, 4.04, 4.07
6, 14087, 1,     9.66, 5,   coast,  -10.15,  92987.00,  718.42,  745.68,   15.72,  7.0, 4.08, 4.05, 4.07
6, 14087, 1,     9.67, 5,   coast,  -10.15,  92988.00,  718.33,  745.59,   15.62,  7.0, 4.08, 4.05, 4.07
6, 14087, 1,     9.68, 5,   coast,  -10.15,  92986.00,  718.51,  745.77,   15.52,  7.0, 4.08, 4.04, 4.07
6, 14087, 1,     9.69, 5,   coast,  -10.15,  92986.00,  718.51,  745.77,   15.42,  7.0, 4.08, 4.04, 4.07
6, 14087, 1,     9.70, 5,   coast,  -10.15,  92986.00,  718.51,  745.77,   15.31,  7.0, 4.08, 4.04, 4.07
6, 14087, 1,     9.71, 5,   coast,  -10.16,  92980.00,  719.04,  746.31,   15.21,  7.0, 4.08, 4.04, 4.07
6, 14087, 1,     9.72, 5,   coast,  -10.16,  92978.00,  719.22,  746.49,   15.11,  7.0, 4.08, 4.04, 4.07
6, 14087, 1,     9.73, 5,   coast,  -10.16,  92978.00,  719.22,  746.49,   15.01,  7.0, 4.08, 4.04, 4.07
6, 14087, 1,     9.74, 5,   coast,  -10.16,  92976.00,  719.40,  746.67,   14.91,  7.0, 4.08, 4.04, 4.07
6, 14087, 1,     9.75, 5,   coast,  -10.16,  92970.00,  719.93,  747.20,   14.79,  7.0, 4.08, 4.04, 4.07
6, 14087, 1,     9.76, 5,   coast,  -10.16,  92976.00,  719.40,  746.67,   14.68,  7.0, 4.09, 4.04, 4.07
6, 14087, 1,     9.77, 5,   coast,  -10.17,  92969.00,  720.02,  747.29,   14.58,  7.0, 4.08, 4.04, 4.07
6, 14087, 1,     9.78, 5,   coast,  -10.17,  92968.00,  720.11,  747.38,   14.47,  7.0, 4.09, 4.05, 4.07
6, 14087, 1,     9.79, 5,   coast,  -10.17,  92968.00,  720.11,  747.38,   14.37,  7.0, 4.08, 4.04, 4.07
6, 14087, 1,     9.80, 5,   coast,  -10.17,  92967.00,  720.20,  747.47,   14.26,  7.0, 4.08, 4.04, 4.07
6, 14087, 1,     9.81, 5,   coast,  -10.18,  92967.00,  720.20,  747.47,   14.16,  7.0, 4.07, 4.04, 4.07
6, 14087, 1,     9.82, 5,   coast,  -10.18,  92965.00,  720.38,  747.65,   14.05,  7.0, 4.08, 4.05, 4.07
6, 14087, 1,     9.83, 5,   coast,  -10.18,  92961.00,  720.74,  748.00,   13.95,  7.0, 4.08, 4.04, 4.07
6, 14087, 1,     9.84, 5,   coast,  -10.18,  92954.00,  721.36,  748.63,   13.84,  7.0, 4.09, 4.04, 4.07
6, 14087, 1,     9.85, 5,   coast,  -10.19,  92955.00,  721.27,  748.54,   13.76,  7.0, 4.08, 4.05, 4.07
6, 14087, 1,     9.86, 5,   coast,  -10.19,  92956.00,  721.18,  748.45,   13.66,  7.0, 4.08, 4.04, 4.07
6, 14087, 1,     9.87, 5,   coast,  -10.19,  92954.00,  721.36,  748.63,   13.56,  7.0, 4.08, 4.04, 4.07
6, 14087, 1,     9.88, 5,   coast,  -10.19,  92957.00,  721.09,  748.36,   13.46,  7.0, 4.08, 4.04, 4.07
6, 14087, 1,     9.89, 5,   coast,  -10.20,  92948.00,  721.90,  749.16,   13.36,  7.0, 4.08, 4.04, 4.07
6, 14087, 1,     9.90, 5,   coast,  -10.20,  92952.00,  721.54,  748.81,   13.26,  7.0, 4.08, 4.04, 4.07
6, 14087, 1,     9.91, 5,   coast,  -10.20,  92948.00,  721.90,  749.16,   13.16,  7.0, 4.08, 4.04, 4.07
6, 14087, 1,     9.92, 5,   coast,  -10.21,  92948.00,  721.90,  749.16,   13.06,  7.0, 4.08, 4.04, 4.07
6, 14087, 1,     9.93, 5,   coast,  -10.21,  92941.00,  722.52,  749.79,   12.97,  7.0, 4.08, 4.04, 4.07
6, 14087, 1,     9.94, 5,   coast,  -10.21,  92943.00,  722.34,  749.61,   12.87,  7.0, 4.09, 4.04, 4.07
6, 14087, 1,     9.95, 5,   coast,  -10.22,  92936.00,  722.97,  750.24,   12.77,  7.0, 4.08, 4.04, 4.07
6, 14087, 1,     9.96, 5,   coast,  -10.22,  92941.00,  722.52,  749.79,   12.67,  7.0, 4.08, 4.04, 4.07
6, 14087, 1,     9.97, 5,   coast,  -10.22,  92938.00,  722.79,  750.06,   12.57,  7.0, 4.08, 4.05, 4.07
6, 14087, 1,     9.98, 5,   coast,  -10.23,  92940.00,  722.61,  749.88,   12.48,  7.0, 4.08, 4.04, 4.07
6, 14087, 1,     9.99, 5,   coast,  -10.23,  92935.00,  723.06,  750.33,   12.38,  7.0, 4.08, 4.04, 4.07
6, 14087, 1,    10.00, 5,   coast,  -10.23,  92933.00,  723.24,  750.50,   12.29,  7.0, 4.08, 4.05, 4.07
6, 14087, 1,    10.01, 5,   coast,  -10.24,  92932.00,  723.33,  750.59,   12.19,  7.0, 4.08, 4.05, 4.07
6, 14087, 1,    10.02, 5,   coast,  -10.24,  92931.00,  723.41,  750.68,   12.10,  7.0, 4.09, 4.04, 4.07
6, 14087, 1,    10.03, 5,   coast,  -10.24,  92931.00,  723.41,  750.68,   12.00,  7.0, 4.07, 4.04, 4.07
6, 14087, 1,    10.04, 5,   coast,  -10.24,  92930.00,  723.50,  750.77,   11.91,  7.0, 4.08, 4.04, 4.07
6, 14087, 1,    10.05, 5,   coast,  -10.25,  92933.00,  723.24,  750.50,   11.76,  7.0, 4.08, 4.04, 4.07
6, 14087, 1,    10.06, 5,   coast,  -10.25,  92928.00,  723.68,  750.95,   11.65,  7.0, 4.08, 4.04, 4.07
6, 14087, 1,    10.07, 5,   coast,  -10.25,  92924.00,  724.04,  751.31,   11.54,  7.0, 4.08, 4.05, 4.07
6, 14087, 1,    10.08, 5,   coast,  -10.25,  92927.00,  723.77,  751.04,   11.44,  7.0, 4.08, 4.04, 4.07
6, 14087, 1,    10.09, 5,   coast,  -10.25,  92919.00,  724.49,  751.75,   11.33,  7.0, 4.08, 4.04, 4.07
6, 14087, 1,    10.10, 5,   coast,  -10.25,  92926.00,  723.86,  751.13,   11.22,  7.0, 4.08, 4.04, 4.07
6, 14087, 1,    10.11, 5,   coast,  -10.26,  92922.00,  724.22,  751.49,   11.11,  7.0, 4.08, 4.05, 4.07
6, 14087, 1,    10.12, 5,   coast,  -10.26,  92914.00,  724.93,  752.20,   11.01,  7.0, 4.08, 4.04, 4.07
6, 14087, 1,    10.13, 5,   coast,  -10.26,  92916.00,  724.75,  752.02,   10.90,  7.0, 4.09, 4.04, 4.07
6, 14087, 1,    10.14, 5,   coast,  -10.26,  92916.00,  724.75,  752.02,   10.79,  7.0, 4.07, 4.04, 4.07
6, 14087, 1,    10.15, 5,   coast,  -10.26,  92920.00,  724.40,  751.66,   10.70,  7.0, 4.08, 4.05, 4.07
6, 14087, 1,    10.16, 5,   coast,  -10.25,  92915.00,  724.84,  752.11,   10.60,  7.0, 4.08, 4.05, 4.07
6, 14087, 1,    10.17, 5,   coast,  -10.25,  92914.00,  724.93,  752.20,   10.50,  7.0, 4.09, 4.05, 4.07
6, 14087, 1,    10.18, 5,   coast,  -10.25,  92909.00,  725.38,  752.65,   10.39,  7.0, 4.08, 4.04, 4.07
6, 14087, 1,    10.19, 5,   coast,  -10.25,  92913.00,  725.02,  752.29,   10.29,  7.0, 4.08, 4.04, 4.07
6, 14087, 1,    10.20, 5,   coast,  -10.25,  92916.00,  724.75,  752.02,   10.18,  7.0, 4.08, 4.05, 4.07
6, 14087, 1,    10.21, 5,   coast,  -10.24,  92905.00,  725.74,  753.00,   10.08,  7.0, 4.08, 4.05, 4.07
6, 14087, 1,    10.22, 5,   coast,  -10.24,  92904.00,  725.83,  753.09,    9.98,  7.0, 4.08, 4.04, 4.07
6, 14087, 1,    10.23, 5,   coast,  -10.23,  92907.00,  725.56,  752.83,    9.87,  7.0, 4.08, 4.04, 4.07
6, 14087, 1,    10.24, 5,   coast,  -10.23,  92903.00,  725.91,  753.18,    9.77,  7.0, 4.09, 4.04, 4.07
6, 14087, 1,    10.25, 5,   coast,  -10.22,  92903.00,  725.91,  753.18,    9.67,  7.0, 4.07, 4.04, 4.07
6, 14087, 1,    10.26, 5,   coast,  -10.22,  92899.00,  726.27,  753.54,    9.57,  7.0, 4.08, 4.04, 4.07
6, 14087, 1,    10.27, 5,   coast,  -10.21,  92902.00,  726.00,  753.27,    9.47,  7.0, 4.08, 4.05, 4.07
6, 14087, 1,    10.28, 5,   coast,  -10.20,  92898.00,  726.36,  753.63,    9.36,  7.0, 4.08, 4.05, 4.07
6, 14087, 1,    10.29, 5,   coast,  -10.19,  92901.00,  726.09,  753.36,    9.26,  7.0, 4.08, 4.04, 4.07
6, 14087, 1,    10.30, 5,   coast,  -10.18,  92897.00,  726.45,  753.72,    9.16,  7.0, 4.08, 4.04, 4.07
6, 14087, 1,    10.31, 5,   coast,  -10.17,  92897.00,  726.45,  753.72,    9.06,  7.0, 4.08, 4.04, 4.07
6, 14087, 1,    10.32, 5,   coast,  -10.16,  92896.00,  726.54,  753.81,    8.96,  7.0, 4.09, 4.05, 4.07
6, 14087, 1,    10.33, 5,   coast,  -10.15,  92896.00,  726.54,  753.81,    8.86,  7.0, 4.08, 4.04, 4.07
6, 14087, 1,    10.34, 5,   coast,  -10.14,  92890.00,  727.08,  754.34,    8.76,  7.0, 4.08, 4.04, 4.07
6, 14087, 1,    10.35, 5,   coast,  -10.13,  92894.00,  726.72,  753.99,    8.65,  7.0, 4.09, 4.04, 4.07
6, 14087, 1,    10.36, 5,   coast,  -10.11,  92894.00,  726.72,  753.99,    8.54,  7.0, 4.07, 4.04, 4.07
6, 14087, 1,    10.37, 5,   coast,  -10.10,  92894.00,  726.72,  753.99,    8.44,  7.0, 4.09, 4.05, 4.07
6, 14087, 1,    10.38, 5,   coast,  -10.09,  92890.00,  727.08,  754.34,    8.34,  7.0, 4.08, 4.04, 4.07
6, 14087, 1,    10.39, 5,   coast,  -10.07,  92887.00,  727.34,  754.61,    8.23,  7.0, 4.08, 4.05, 4.07
6, 14087, 1,    10.40, 5,   coast,  -10.06,  92883.00,  727.70,  754.97,    8.13,  7.0, 4.08, 4.04, 4.07
6, 14087, 1,    10.41, 5,   coast,  -10.04,  92888.00,  727.25,  754.52,    8.03,  7.0, 4.09, 4.04, 4.07
6, 14087, 1,    10.42, 5,   coast,  -10.02,  92884.00,  727.61,  754.88,    7.93,  7.0, 4.08, 4.04, 4.07
6, 14087, 1,    10.43, 5,   coast,  -10.01,  92885.00,  727.52,  754.79,    7.83,  7.0, 4.08, 4.04, 4.07
6, 14087, 1,    10.44, 5,   coast,   -9.99,  92881.00,  727.88,  755.15,    7.72,  7.0, 4.09, 4.04, 4.07
6, 14087, 1,    10.45, 5,   coast,   -9.97,  92879.00,  728.06,  755.33,    7.63,  7.0, 4.08, 4.04, 4.07
6, 14087, 1,    10.46, 5,   coast,   -9.95,  92875.00,  728.42,  755.68,    7.53,  7.0, 4.09, 4.04, 4.07
6, 14087, 1,    10.47, 5,   coast,   -9.93,  92875.00,  728.42,  755.68,    7.43,  7.0, 4.07, 4.04, 4.07
6, 14087, 1,    10.48, 5,   coast,   -9.91,  92877.00,  728.24,  755.50,    7.33,  7.0, 4.09, 4.05, 4.07
6, 14087, 1,    10.49, 5,   coast,   -9.89,  92880.00,  727.97,  755.24,    7.23,  7.0, 4.08, 4.04, 4.07
6, 14087, 1,    10.50, 5,   coast,   -9.87,  92874.00,  728.50,  755.77,    7.13,  7.0, 4.08, 4.04, 4.07
6, 14087, 1,    10.51, 5,   coast,   -9.85,  92874.00,  728.50,  755.77,    7.03,  7.0, 4.08, 4.05, 4.07
6, 14087, 1,    10.52, 5,   coast,   -9.83,  92877.00,  728.24,  755.50,    6.93,  7.0, 4.09, 4.04, 4.07
6, 14087, 1,    10.53, 5,   coast,   -9.81,  92875.00,  728.42,  755.68,    6.83,  7.0, 4.08, 4.05, 4.07
6, 14087, 1,    10.54, 5,   coast,   -9.78,  92873.00,  728.59,  755.86,    6.73,  7.0, 4.08, 4.05, 4.07
6, 14087, 1,    10.55, 5,   coast,   -9.76,  92875.00,  728.42,  755.68,    6.63,  7.0, 4.08, 4.04, 4.07
6, 14087, 1,    10.56, 5,   coast,   -9.74,  92871.00,  728.77,  756.04,    6.53,  7.0, 4.08, 4.05, 4.07
6, 14087, 1,    10.57, 5,   coast,   -9.72,  92871.00,  728.77,  756.04,    6.44,  7.0, 4.09, 4.04, 4.07
6, 14087, 1,    10.58, 5,   coast,   -9.69,  92871.00,  728.77,  756.04,    6.34,  7.0, 4.07, 4.04, 4.07
6, 14087, 1,    10.59, 5,   coast,   -9.67,  92869.00,  728.95,  756.22,    6.24,  7.0, 4.08, 4.04, 4.07
6, 14087, 1,    10.60, 5,   coast,   -9.65,  92870.00,  728.86,  756.13,    6.14,  7.0, 4.08, 4.05, 4.07
6, 14087, 1,    10.61, 5,   coast,   -9.62,  92867.00,  729.13,  756.40,    6.05,  7.0, 4.08, 4.04, 4.07
6, 14087, 1,    10.62, 5,   coast,   -9.60,  92867.00,  729.13,  756.40,    5.95,  7.0, 4.08, 4.04, 4.07
6, 14087, 1,    10.63, 5,   coast,   -9.57,  92868.00,  729.04,  756.31,    5.85,  7.0, 4.09, 4.05, 4.07
6, 14087, 1,    10.64, 5,   coast,   -9.55,  92867.00,  729.13,  756.40,    5.76,  7.0, 4.08, 4.05, 4.07
6, 14087, 1,    10.65, 5,   coast,   -9.52,  92863.00,  729.49,  756.76,    5.66,  7.0, 4.08, 4.04, 4.07
6, 14087, 1,    10.66, 5,   coast,   -9.50,  92860.00,  729.76,  757.02,    5.57,  7.0, 4.08, 4.05, 4.07
6, 14087, 1,    10.67, 5,   coast,   -9.47,  92859.00,  729.84,  757.11,    5.47,  7.0, 4.08, 4.04, 4.07
6, 14087, 1,    10.68, 5,   coast,   -9.44,  92862.00,  729.58,  756.84,    5.38,  7.0, 4.09, 4.04, 4.07
6, 14087, 1,    10.69, 5,   coast,   -9.42,  92862.00,  729.58,  756.84,    5.28,  7.0, 4.07, 4.04, 4.07
6, 14087, 1,    10.70, 5,   coast,   -9.39,  92858.00,  729.93,  757.20,    5.19,  7.0, 4.08, 4.04, 4.07
6, 14087, 1,    10.71, 5,   coast,   -9.36,  92857.00,  730.02,  757.29,    5.10,  7.0, 4.09, 4.05, 4.07
6, 14087, 1,    10.72, 5,   coast,   -9.33,  92859.00,  729.84,  757.11,    5.00,  7.0, 4.09, 4.04, 4.07
6, 14087, 1,    10.73, 5,   coast,   -9.30,  92856.00,  730.11,  757.38,    4.91,  7.0, 4.08, 4.05, 4.07
6, 14087, 1,    10.74, 5,   coast,   -9.28,  92855.00,  730.20,  757.47,    4.82,  7.0, 4.08, 4.04, 4.07
6, 14087, 1,    10.75, 5,   coast,   -9.25,  92855.00,  730.20,  757.47,    4.72,  7.0, 4.08, 4.04, 4.07
6, 14087, 1,    10.76, 5,   coast,   -9.22,  92859.00,  729.84,  757.11,    4.63,  7.0, 4.09, 4.04, 4.07
6, 14087, 1,    10.77, 5,   coast,   -9.19,  92862.00,  729.58,  756.84,    4.53,  7.0, 4.09, 4.05, 4.07
6, 14087, 1,    10.78, 5,   coast,   -9.16,  92855.00,  730.20,  757.47,    4.44,  7.0, 4.09, 4.05, 4.07
6, 14087, 1,    10.79, 5,   coast,   -9.13,  92856.00,  730.11,  757.38,    4.35,  7.0, 4.08, 4.04, 4.07
6, 14087, 1,    10.80, 5,   coast,   -9.10,  92856.00,  730.11,  757.38,    4.26,  7.0, 4.08, 4.04, 4.07
6, 14087, 1,    10.81, 5,   coast,   -9.07,  92855.00,  730.20,  757.47,    4.16,  7.0, 4.08, 4.04, 4.07
6, 14087, 1,    10.82, 5,   coast,   -9.04,  92856.00,  730.11,  757.38,    4.07,  7.0, 4.08, 4.04, 4.07
6, 14087, 1,    10.83, 5,   coast,   -9.01,  92855.00,  730.20,  757.47,    3.98,  7.0, 4.08, 4.05, 4.07
6, 14087, 1,    10.84, 5,   coast,   -8.97,  92851.00,  730.56,  757.83,    3.89,  7.0, 4.09, 4.05, 4.07
6, 14087, 1,    10.85, 5,   coast,   -8.95,  92847.00,  730.92,  758.18,    3.80,  7.0, 4.08, 4.04, 4.07
6, 14087, 1,    10.86, 5,   coast,   -8.92,  92848.00,  730.83,  758.10,    3.71,  7.0, 4.09, 4.05, 4.07
6, 14087, 1,    10.87, 5,   coast,   -8.90,  92848.00,  730.83,  758.10,    3.62,  7.0, 4.08, 4.04, 4.07
6, 14087, 1,    10.88, 5,   coast,   -8.88,  92851.00,  730.56,  757.83,    3.54,  7.0, 4.08, 4.04, 4.07
6, 14087, 1,    10.89, 5,   coast,   -8.87,  92845.00,  731.10,  758.36,    3.45,  7.0, 4.08, 4.04, 4.07
6, 14087, 1,    10.90, 5,   coast,   -8.86,  92848.00,  730.83,  758.10,    3.36,  7.0, 4.09, 4.04, 4.07
6, 14087, 1,    10.91, 5,   coast,   -8.85,  92848.00,  730.83,  758.10,    3.27,  7.0, 4.07, 4.04, 4.07
6, 14087, 1,    10.92, 5,   coast,   -8.84,  92849.00,  730.74,  758.01,    3.18,  7.0, 4.08, 4.05, 4.07
6, 14087, 1,    10.93, 5,   coast,   -8.84,  92840.00,  731.54,  758.81,    3.10,  7.0, 4.09, 4.04, 4.07
6, 14087, 1,    10.94, 5,   coast,   -8.84,  92845.00,  731.10,  758.36,    3.01,  7.0, 4.08, 4.04, 4.07
6, 14087, 1,    10.95, 5,   coast,   -8.67,  92847.00,  730.92,  758.18,    2.92,  7.0, 4.08, 4.04, 4.07
6, 14087, 1,    10.96, 5,   coast,   -8.64,  92845.00,  731.10,  758.36,    2.83,  7.0, 4.08, 4.04, 4.07
6, 14087, 1,    10.97, 5,   coast,   -8.62,  92848.00,  730.83,  758.10,    2.75,  7.0, 4.08, 4.04, 4.07
6, 14087, 1,    10.98, 5,   coast,   -8.60,  92845.00,  731.10,  758.36,    2.66,  7.0, 4.08, 4.04, 4.07
6, 14087, 1,    10.99, 5,   coast,   -8.59,  92843.00,  731.27,  758.54,    2.57,  7.0, 4.08, 4.05, 4.07
6, 14087, 1,    11.00, 5,   coast,   -8.57,  92838.00,  731.72,  758.99,    2.49,  7.0, 4.08, 4.04, 4.07
6, 14087, 1,    11.01, 5,   coast,   -8.56,  92840.00,  731.54,  758.81,    2.41,  7.0, 4.09, 4.04, 4.07
6, 14087, 1,    11.02, 5,   coast,   -8.56,  92840.00,  731.54,  758.81,    2.32,  7.0, 4.08, 4.04, 4.07
6, 14087, 1,    11.03, 5,   coast,   -8.55,  92845.00,  731.10,  758.36,    2.24,  7.0, 4.08, 4.05, 4.07
6, 14087, 1,    11.04, 5,   coast,   -8.55,  92844.00,  731.18,  758.45,    2.15,  7.0, 4.08, 4.05, 4.07
6, 14087, 1,    11.05, 5,   coast,   -8.39,  92844.00,  731.18,  758.45,    2.07,  7.0, 4.08, 4.05, 4.07
6, 14087, 1,    11.06, 5,   coast,   -8.37,  92840.00,  731.54,  758.81,    1.98,  7.0, 4.08, 4.05, 4.07
6, 14087, 1,    11.07, 5,   coast,   -8.35,  92841.00,  731.45,  758.72,    1.90,  7.0, 4.08, 4.05, 4.07
6, 14087, 1,    11.08, 5,   coast,   -8.33,  92844.00,  731.18,  758.45,    1.82,  7.0, 4.08, 4.05, 4.07
6, 14087, 1,    11.09, 5,   coast,   -8.32,  92840.00,  731.54,  758.81,    1.74,  7.0, 4.09, 4.05, 4.07
6, 14087, 1,    11.10, 5,   coast,   -8.31,  92843.00,  731.27,  758.54,    1.65,  7.0, 4.09, 4.05, 4.07
6, 14087, 1,    11.11, 5,   coast,   -8.31,  92846.00,  731.01,  758.27,    1.57,  7.0, 4.09, 4.04, 4.07
6, 14087, 1,    11.12, 5,   coast,   -8.30,  92844.00,  731.18,  758.45,    1.49,  7.0, 4.09, 4.04, 4.07
6, 14087, 1,    11.13, 5,   coast,   -8.30,  92844.00,  731.18,  758.45,    1.41,  7.0, 4.07, 4.04, 4.07
6, 14087, 1,    11.14, 5,   coast,   -8.30,  92845.00,  731.10,  758.36,    1.33,  7.0, 4.09, 4.04, 4.07
6, 14087, 1,    11.15, 5,   coast,   -8.16,  92846.00,  731.01,  758.27,    1.26,  7.0, 4.09, 4.04, 4.07
6, 14087, 1,    11.16, 5,   coast,   -8.14,  92846.00,  731.01,  758.27,    1.18,  7.0, 4.08, 4.05, 4.07
6, 14087, 1,    11.17, 5,   coast,   -8.12,  92839.00,  731.63,  758.90,    1.10,  7.0, 4.08, 4.05, 4.07
6, 14087, 1,    11.18, 5,   coast,   -8.11,  92841.00,  731.45,  758.72,    1.03,  7.0, 4.09, 4.05, 4.07
6, 14087, 1,    11.19, 5,   coast,   -8.10,  92841.00,  731.45,  758.72,    0.95,  7.0, 4.08, 4.05, 4.07
6, 14087, 1,    11.20, 5,   coast,   -8.09,  92846.00,  731.01,  758.27,    0.87,  7.0, 4.08, 4.04, 4.07
6, 14087, 1,    11.21, 5,   coast,   -8.09,  92842.00,  731.36,  758.63,    0.80,  7.0, 4.08, 4.04, 4.07
6, 14087, 1,    11.22, 5,   coast,   -8.08,  92839.00,  731.63,  758.90,    0.72,  7.0, 4.09, 4.05, 4.07
6, 14087, 1,    11.23, 5,   coast,   -8.08,  92841.00,  731.45,  758.72,    0.65,  7.0, 4.09, 4.04, 4.07
6, 14087, 1,    11.24, 5,   coast,   -8.08,  92841.00,  731.45,  758.72,    0.57,  7.0, 4.08, 4.04, 4.07
6, 14087, 1,    11.25, 5,   coast,   -7.94,  92847.00,  730.92,  758.18,    0.49,  7.0, 4.08, 4.05, 4.07
6, 14087, 1,    11.26, 5,   coast,   -7.92,  92845.00,  731.10,  758.36,    0.41,  7.0, 4.09, 4.05, 4.07
6, 14087, 1,    11.27, 5,   coast,   -7.90,  92839.00,  731.63,  758.90,    0.34,  7.0, 4.08, 4.04, 4.07
6, 14087, 1,    11.28, 5,   coast,   -7.89,  92844.00,  731.18,  758.45,    0.26,  7.0, 4.08, 4.04, 4.07
6, 14087, 1,    11.29, 5,   coast,   -7.87,  92841.00,  731.45,  758.72,    0.19,  7.0, 4.09, 4.05, 4.07
6, 14087, 1,    11.30, 5,   coast,   -7.86,  92845.00,  731.10,  758.36,    0.12,  7.0, 4.09, 4.05, 4.07
6, 14087, 1,    11.31, 5,   coast,   -7.85,  92844.00,  731.18,  758.45,    0.04,  7.0, 4.08, 4.04, 4.07
6, 14087, 1,    11.32, 5,   coast,   -7.84,  92840.00,  731.54,  758.81,   -0.03,  7.0, 4.08, 4.04, 4.07
6, 14087, 1,    11.33, 5,   coast,   -7.83,  92850.00,  730.65,  757.92,   -0.10,  7.0, 0.00, 4.02, 4.05
6, 14087, 1,    11.34, 6,  drogue,   -7.82,  92949.00,  721.81,  749.08,   -0.18,  7.0, 0.00, 4.06, 4.06
6, 14087, 1,    11.34, 6,  drogue,   -7.82,  92949.00,  721.81,  749.08,   -0.18,  7.0, 0.00, 4.06, 4.06
6, 14087, 1,    11.35, 6,  drogue,   -7.54,  92949.00,  721.81,  749.08,   -0.56,  7.0, 0.00, 4.04, 4.07
6, 14087, 1,    11.45, 6,  drogue,   -7.04,  92825.00,  732.88,  760.15,   -1.25,  7.0, 2.06, 4.07, 4.07
6, 14087, 1,    11.55, 6,  drogue,   -6.42,  92846.00,  731.01,  758.27,   -1.89,  7.0, 1.28, 4.04, 4.07
6, 14087, 1,    11.65, 6,  drogue,   -5.82,  92882.00,  727.79,  755.06,   -2.50,  7.1, 0.91, 4.04, 4.07
6, 14087, 1,    11.75, 6,  drogue,   -5.36,  92928.00,  723.68,  750.95,   -3.06,  7.1, 0.70, 4.04, 4.07
6, 14087, 1,    11.85, 6,  drogue,   -5.08,  92837.00,  731.81,  759.08,   -3.58,  7.1, 0.55, 4.04, 4.07
6, 14087, 1,    11.95, 6,  drogue,   -4.86,  92809.00,  734.31,  761.58,   -4.08,  7.1, 0.43, 4.04, 4.07
6, 14087, 1,    12.05, 6,  drogue,   -4.69,  92975.00,  719.49,  746.75,   -4.56,  7.1, 0.36, 4.04, 4.07
6, 14087, 1,    12.15, 6,  drogue,   -4.54,  92912.00,  725.11,  752.38,   -5.02,  7.1, 0.31, 4.04, 4.07
6, 14087, 1,    12.25, 6,  drogue,   -4.40,  92890.00,  727.08,  754.34,   -5.47,  7.1, 0.25, 4.07, 4.07
6, 14087, 1,    12.35, 6,  drogue,   -4.27,  92915.00,  724.84,  752.11,   -5.92,  7.1, 0.27, 4.04, 4.08
6, 14087, 1,    12.45, 6,  drogue,   -4.15,  92895.00,  726.63,  753.90,   -6.35,  7.1, 0.24, 4.04, 4.07
6, 14087, 1,    12.55, 6,  drogue,   -4.05,  92896.00,  726.54,  753.81,   -6.76,  7.1, 0.18, 4.07, 4.07
6, 14087, 1,    12.65, 6,  drogue,   -3.97,  92892.00,  726.90,  754.16,   -7.15,  7.1, 0.19, 4.05, 4.07
6, 14087, 1,    12.75, 6,  drogue,   -3.92,  92919.00,  724.49,  751.75,   -7.55,  7.1, 0.17, 4.04, 4.08
6, 14087, 1,    12.85, 6,  drogue,   -3.88,  92925.00,  723.95,  751.22,   -7.94,  7.1, 0.16, 4.05, 4.08
6, 14087, 1,    12.95, 6,  drogue,   -3.84,  92946.00,  722.08,  749.34,   -8.32,  7.1, 0.15, 4.05, 4.08
6, 14087, 1,    13.05, 6,  drogue,   -3.78,  92965.00,  720.38,  747.65,   -8.72,  7.1, 0.14, 4.04, 4.08
6, 14087, 1,    13.15, 6,  drogue,   -3.70,  92952.00,  721.54,  748.81,   -9.10,  7.1, 0.13, 4.04, 4.08
6, 14087, 1,    13.25, 6,  drogue,   -3.59,  92993.00,  717.88,  745.15,   -9.46,  7.1, 0.12, 4.04, 4.08
6, 14087, 1,    13.35, 6,  drogue,   -3.47,  92999.00,  717.35,  744.61,   -9.85,  7.1, 0.11, 4.05, 4.08
6, 14087, 1,    13.45, 6,  drogue,   -3.31,  93023.00,  715.20,  742.47,  -10.18,  7.1, 0.11, 4.05, 4.08
6, 14087, 1,    13.55, 6,  drogue,   -3.13,  93034.00,  714.22,  741.49,  -10.51,  7.1, 0.11, 4.04, 4.08
6, 14087, 1,    13.65, 6,  drogue,   -2.92,  93027.00,  714.85,  742.11,  -10.83,  7.1, 0.11, 4.04, 4.08
6, 14087, 1,    13.75, 6,  drogue,   -2.68,  93012.00,  716.19,  743.45,  -11.16,  7.1, 0.10, 4.04, 4.08
6, 14087, 1,    13.85, 6,  drogue,   -2.41,  93037.00,  713.96,  741.22,  -11.41,  7.1, 0.09, 4.04, 4.08
6, 14087, 1,    13.95, 6,  drogue,   -2.10,  93051.00,  712.71,  739.97,  -11.63,  7.1, 0.09, 4.04, 4.08
6, 14087, 1,    14.05, 6,  drogue,   -1.78,  93082.00,  709.94,  737.21,  -11.88,  7.1, 0.09, 4.04, 4.08
6, 14087, 1,    14.15, 6,  drogue,   -1.46,  93082.00,  709.94,  737.21,  -12.07,  7.1, 0.08, 4.04, 4.08
6, 14087, 1,    14.25, 6,  drogue,   -1.15,  93125.00,  706.11,  733.38,  -12.20,  7.1, 0.08, 4.04, 4.08
6, 14087, 1,    14.35, 6,  drogue,   -0.88,  93140.00,  704.77,  732.04,  -12.29,  7.1, 0.08, 4.04, 4.08
6, 14087, 1,    14.45, 6,  drogue,   -0.67,  93136.00,  705.13,  732.40,  -12.38,  7.1, 0.08, 4.04, 4.08
6, 14087, 1,    14.55, 6,  drogue,   -0.51,  93120.00,  706.55,  733.82,  -12.44,  7.1, 0.08, 4.05, 4.08
6, 14087, 1,    14.65, 6,  drogue,   -0.39,  93132.00,  705.48,  732.75,  -12.49,  7.1, 0.07, 4.04, 4.08
6, 14087, 1,    14.75, 6,  drogue,   -0.32,  93188.00,  700.50,  727.76,  -12.51,  7.1, 0.07, 4.04, 4.08
6, 14087, 1,    14.85, 6,  drogue,   -0.28,  93187.00,  700.58,  727.85,  -12.53,  7.1, 0.07, 4.04, 4.08
6, 14087, 1,    14.95, 6,  drogue,   -0.27,  93214.00,  698.18,  725.45,  -12.55,  7.1, 0.06, 4.04, 4.08
6, 14087, 1,    15.05, 6,  drogue,   -0.28,  93248.00,  695.15,  722.42,  -12.61,  7.1, 0.06, 4.05, 4.08
6, 14087, 1,    15.15, 6,  drogue,   -0.32,  93253.00,  694.71,  721.97,  -12.61,  7.1, 0.07, 4.04, 4.08
6, 14087, 1,    15.25, 6,  drogue,   -0.39,  93247.00,  695.24,  722.51,  -12.63,  7.1, 0.06, 4.04, 4.08
6, 14087, 1,    15.35, 6,  drogue,   -0.47,  93275.00,  692.75,  720.02,  -12.66,  7.1, 0.06, 4.04, 4.08
6, 14087, 1,    15.45, 6,  drogue,   -0.55,  93292.00,  691.24,  718.50,  -12.72,  7.1, 0.06, 4.05, 4.08
6, 14087, 1,    15.55, 6,  drogue,   -0.62,  93305.00,  690.08,  717.35,  -12.79,  7.1, 0.06, 4.04, 4.08
6, 14087, 1,    15.65, 6,  drogue,   -0.69,  93314.00,  689.28,  716.54,  -12.85,  7.1, 0.06, 4.04, 4.08
6, 14087, 1,    15.75, 6,  drogue,   -0.77,  93337.00,  687.23,  714.50,  -12.91,  7.1, 0.06, 4.04, 4.08
6, 14087, 1,    15.85, 6,  drogue,   -0.86,  93340.00,  686.96,  714.23,  -12.98,  7.1, 0.06, 4.04, 4.08
6, 14087, 1,    15.95, 6,  drogue,   -0.96,  93330.00,  687.85,  715.12,  -13.05,  7.1, 0.06, 4.05, 4.08
6, 14087, 1,    16.05, 6,  drogue,   -1.03,  93325.00,  688.30,  715.57,  -13.16,  7.1, 0.06, 4.04, 4.08
6, 14087, 1,    16.15, 6,  drogue,   -1.03,  93371.00,  684.21,  711.47,  -13.28,  7.1, 0.06, 4.04, 4.08
6, 14087, 1,    16.25, 6,  drogue,   -0.96,  93358.00,  685.36,  712.63,  -13.40,  7.1, 0.06, 4.04, 4.08
6, 14087, 1,    16.35, 6,  drogue,   -0.84,  93352.00,  685.90,  713.16,  -13.52,  7.1, 0.06, 4.04, 4.08
6, 14087, 1,    16.45, 6,  drogue,   -0.70,  93442.00,  677.89,  705.16,  -13.60,  7.1, 0.05, 4.04, 4.08
6, 14087, 1,    16.55, 6,  drogue,   -0.58,  93455.00,  676.74,  704.01,  -13.65,  7.1, 0.05, 4.04, 4.08
6, 14087, 1,    16.65, 6,  drogue,   -0.45,  93469.00,  675.49,  702.76,  -13.70,  7.1, 0.05, 4.05, 4.08
6, 14087, 1,    16.75, 6,  drogue,   -0.31,  93456.00,  676.65,  703.92,  -13.76,  7.1, 0.05, 4.05, 4.08
6, 14087, 1,    16.85, 6,  drogue,   -0.15,  93488.00,  673.81,  701.07,  -13.80,  7.1, 0.05, 4.05, 4.08
6, 14087, 1,    16.95, 6,  drogue,    0.05,  93515.00,  671.41,  698.67,  -13.82,  7.1, 0.05, 4.04, 4.08
6, 14087, 1,    17.05, 6,  drogue,    0.24,  93589.00,  664.84,  692.10,  -13.82,  7.1, 0.05, 4.05, 4.08
6, 14087, 1,    17.15, 6,  drogue,    0.40,  93519.00,  671.05,  698.32,  -13.79,  7.1, 0.05, 4.05, 4.08
6, 14087, 1,    17.25, 6,  drogue,    0.51,  93531.00,  669.99,  697.25,  -13.73,  7.1, 0.05, 4.04, 4.08
6, 14087, 1,    17.35, 6,  drogue,    0.57,  93571.00,  666.43,  693.70,  -13.66,  7.1, 0.05, 4.04, 4.08
6, 14087, 1,    17.45, 6,  drogue,    0.59,  93600.00,  663.86,  691.13,  -13.61,  7.1, 0.05, 4.05, 4.08
6, 14087, 1,    17.55, 6,  drogue,    0.57,  93618.00,  662.26,  689.53,  -13.55,  7.1, 0.05, 4.05, 4.08
6, 14087, 1,    17.65, 6,  drogue,    0.54,  93616.00,  662.44,  689.71,  -13.49,  7.1, 0.05, 4.04, 4.08
6, 14087, 1,    17.75, 6,  drogue,    0.47,  93602.00,  663.68,  690.95,  -13.43,  7.1, 0.05, 4.04, 4.08
6, 14087, 1,    17.85, 6,  drogue,    0.38,  93626.00,  661.55,  688.82,  -13.38,  7.1, 0.05, 4.04, 4.08
6, 14087, 1,    17.95, 6,  drogue,    0.27,  93612.00,  662.79,  690.06,  -13.33,  7.1, 0.05, 4.05, 4.08
6, 14087, 1,    18.05, 6,  drogue,    0.17,  93688.00,  656.05,  683.32,  -13.31,  7.1, 0.05, 4.04, 4.08
6, 14087, 1,    18.15, 6,  drogue,    0.07,  93705.00,  654.54,  681.81,  -13.30,  7.1, 0.05, 4.04, 4.08
6, 14087, 1,    18.25, 6,  drogue,   -0.02,  93721.00,  653.12,  680.39,  -13.30,  7.1, 0.05, 4.05, 4.08
6, 14087, 1,    18.35, 6,  drogue,   -0.09,  93721.00,  653.12,  680.39,  -13.29,  7.1, 0.05, 4.04, 4.08
6, 14087, 1,    18.45, 6,  drogue,   -0.14,  93723.00,  652.95,  680.22,  -13.30,  7.1, 0.05, 4.04, 4.08
6, 14087, 1,    18.55, 6,  drogue,   -0.14,  93724.00,  652.86,  680.13,  -13.32,  7.1, 0.05, 4.04, 4.08
6, 14087, 1,    18.65, 6,  drogue,   -0.10,  93755.00,  650.11,  677.38,  -13.36,  7.1, 0.05, 4.04, 4.08
6, 14087, 1,    18.75, 6,  drogue,   -0.02,  93790.00,  647.01,  674.28,  -13.38,  7.1, 0.05, 4.04, 4.08
6, 14087, 1,    18.85, 6,  drogue,    0.08,  93817.00,  644.62,  671.88,  -13.37,  7.1, 0.04, 4.04, 4.08
6, 14087, 1,    18.95, 6,  drogue,    0.16,  93808.00,  645.41,  672.68,  -13.36,  7.1, 0.04, 4.04, 4.08
6, 14087, 1,    19.05, 6,  drogue,    0.23,  93805.00,  645.68,  672.95,  -13.35,  7.1, 0.04, 4.04, 4.08
6, 14087, 1,    19.15, 6,  drogue,    0.28,  93820.00,  644.35,  671.62,  -13.31,  7.1, 0.05, 4.04, 4.08
6, 14087, 1,    19.25, 6,  drogue,    0.31,  93841.00,  642.49,  669.76,  -13.29,  7.1, 0.04, 4.04, 4.08
6, 14087, 1,    19.35, 6,  drogue,    0.32,  93843.00,  642.31,  669.58,  -13.26,  7.1, 0.04, 4.05, 4.08
6, 14087, 1,    19.45, 6,  drogue,    0.32,  93914.00,  636.03,  663.29,  -13.21,  7.1, 0.04, 4.05, 4.08
6, 14087, 1,    19.55, 6,  drogue,    0.29,  93909.00,  636.47,  663.74,  -13.18,  7.1, 0.04, 4.04, 4.08
6, 14087, 1,    19.65, 6,  drogue,    0.25,  93916.00,  635.85,  663.12,  -13.15,  7.1, 0.04, 4.04, 4.08
6, 14087, 1,    19.75, 6,  drogue,    0.18,  93925.00,  635.05,  662.32,  -13.11,  7.1, 0.04, 4.04, 4.08
6, 14087, 1,    19.85, 6,  drogue,    0.09,  93953.00,  632.57,  659.84,  -13.11,  7.1, 0.04, 4.05, 4.08
6, 14087, 1,    19.95, 6,  drogue,   -0.02,  93958.00,  632.13,  659.40,  -13.09,  7.1, 0.04, 4.05, 4.08
6, 14087, 1,    20.05, 6,  drogue,   -0.12,  94022.00,  626.47,  653.74,  -13.08,  7.1, 0.04, 4.05, 4.08
6, 14087, 1,    20.15, 6,  drogue,   -0.22,  93962.00,  631.78,  659.05,  -13.10,  7.1, 0.04, 4.04, 4.08
6, 14087, 1,    20.25, 6,  drogue,   -0.28,  94008.00,  627.71,  654.98,  -13.13,  7.1, 0.04, 4.04, 4.08
6, 14087, 1,    20.35, 6,  drogue,   -0.33,  94008.00,  627.71,  654.98,  -13.17,  7.1, 0.04, 4.04, 4.08
6, 14087, 1,    20.45, 6,  drogue,   -0.36,  93963.00,  631.69,  658.96,  -13.20,  7.1, 0.04, 4.04, 4.08
6, 14087, 1,    20.55, 6,  drogue,   -0.39,  94047.00,  624.26,  651.53,  -13.23,  7.1, 0.04, 4.04, 4.08
6, 14087, 1,    20.65, 6,  drogue,   -0.40,  94103.00,  619.31,  646.58,  -13.27,  7.1, 0.04, 4.04, 4.08
6, 14087, 1,    20.75, 6,  drogue,   -0.39,  94090.00,  620.46,  647.73,  -13.29,  7.1, 0.04, 4.04, 4.08
6, 14087, 1,    20.85, 6,  drogue,   -0.35,  94060.00,  623.11,  650.38,  -13.39,  7.1, 0.04, 4.04, 4.08
6, 14087, 1,    20.95, 6,  drogue,   -0.30,  94069.00,  622.31,  649.58,  -13.41,  7.1, 0.04, 4.05, 4.08
6, 14087, 1,    21.05, 6,  drogue,   -0.27,  94092.00,  620.28,  647.55,  -13.43,  7.1, 0.04, 4.04, 4.08
6, 14087, 1,    21.15, 6,  drogue,   -0.26,  94148.00,  615.33,  642.60,  -13.45,  7.1, 0.04, 4.05, 4.08
6, 14087, 1,    21.25, 6,  drogue,   -0.25,  94204.00,  610.39,  637.65,  -13.45,  7.1, 0.04, 4.04, 4.08
6, 14087, 1,    21.35, 6,  drogue,   -0.21,  94171.00,  613.30,  640.57,  -13.50,  7.1, 0.04, 4.04, 4.08
6, 14087, 1,    21.45, 6,  drogue,   -0.13,  94140.00,  616.04,  643.31,  -13.55,  7.1, 0.04, 4.05, 4.08
6, 14087, 1,    21.55, 6,  drogue,   -0.03,  94201.00,  610.65,  637.92,  -13.56,  7.1, 0.04, 4.05, 4.08
6, 14087, 1,    21.65, 6,  drogue,    0.05,  94233.00,  607.83,  635.09,  -13.56,  7.1, 0.03, 4.04, 4.08
6, 14087, 1,    21.75, 6,  drogue,    0.09,  94228.00,  608.27,  635.54,  -13.54,  7.1, 0.04, 4.05, 4.08
6, 14087, 1,    21.85, 6,  drogue,    0.08,  94294.00,  602.44,  629.71,  -13.49,  7.1, 0.03, 4.04, 4.08
6, 14087, 1,    21.95, 6,  drogue,    0.06,  94241.00,  607.12,  634.39,  -13.49,  7.1, 0.04, 4.04, 4.08
6, 14087, 1,    22.05, 6,  drogue,    0.06,  94222.00,  608.80,  636.06,  -13.53,  7.1, 0.03, 4.04, 4.08
6, 14087, 1,    22.15, 6,  drogue,    0.05,  94294.00,  602.44,  629.71,  -13.50,  7.1, 0.03, 4.04, 4.08
6, 14087, 1,    22.25, 6,  drogue,    0.03,  94316.00,  600.50,  627.77,  -13.50,  7.1, 0.03, 4.05, 4.08
6, 14087, 1,    22.35, 6,  drogue,   -0.02,  94353.00,  597.24,  624.51,  -13.49,  7.1, 0.03, 4.05, 4.08
6, 14087, 1,    22.45, 6,  drogue,   -0.10,  94337.00,  598.65,  625.92,  -13.47,  7.1, 0.03, 4.04, 4.08
6, 14087, 1,    22.55, 6,  drogue,   -0.18,  94334.00,  598.91,  626.18,  -13.48,  7.1, 0.03, 4.04, 4.08
6, 14087, 1,    22.65, 6,  drogue,   -0.26,  94345.00,  597.94,  625.21,  -13.53,  7.1, 0.03, 4.04, 4.08
6, 14087, 1,    22.75, 6,  drogue,   -0.33,  94332.00,  599.09,  626.36,  -13.55,  7.1, 0.03, 4.05, 4.08
6, 14087, 1,    22.85, 6,  drogue,   -0.41,  94476.00,  586.40,  613.66,  -13.56,  7.1, 0.03, 4.04, 4.08
6, 14087, 1,    22.95, 6,  drogue,   -0.48,  94381.00,  594.77,  622.04,  -13.60,  7.1, 0.03, 4.04, 4.08
6, 14087, 1,    23.05, 6,  drogue,   -0.51,  94402.00,  592.92,  620.19,  -13.65,  7.1, 0.03, 4.04, 4.08
6, 14087, 1,    23.15, 6,  drogue,   -0.50,  94436.00,  589.92,  617.19,  -13.72,  7.1, 0.03, 4.05, 4.08
6, 14087, 1,    23.25, 6,  drogue,   -0.45,  94430.00,  590.45,  617.72,  -13.81,  7.1, 0.03, 4.04, 4.08
6, 14087, 1,    23.35, 6,  drogue,   -0.39,  94555.00,  579.44,  606.71,  -13.84,  7.1, 0.03, 4.04, 4.08
6, 14087, 1,    23.45, 6,  drogue,   -0.33,  94500.00,  584.28,  611.55,  -13.85,  7.1, 0.03, 4.05, 4.08
6, 14087, 1,    23.55, 6,  drogue,   -0.27,  94494.00,  584.81,  612.08,  -13.89,  7.1, 0.03, 4.04, 4.08
6, 14087, 1,    23.65, 6,  drogue,   -0.20,  94499.00,  584.37,  611.64,  -13.93,  7.1, 0.03, 4.04, 4.08
6, 14087, 1,    23.75, 6,  drogue,   -0.11,  94519.00,  582.61,  609.88,  -13.96,  7.1, 0.03, 4.04, 4.08
6, 14087, 1,    23.85, 6,  drogue,   -0.03,  94482.00,  585.87,  613.14,  -13.98,  7.1, 0.03, 4.04, 4.08
6, 14087, 1,    23.95, 6,  drogue,    0.04,  94604.00,  575.13,  602.39,  -13.96,  7.1, 0.03, 4.05, 4.08
6, 14087, 1,    24.05, 6,  drogue,    0.11,  94656.00,  570.55,  597.82,  -13.93,  7.1, 0.03, 4.05, 4.08
6, 14087, 1,    24.15, 6,  drogue,    0.20,  94591.00,  576.27,  603.54,  -13.95,  7.1, 0.03, 4.04, 4.08
6, 14087, 1,    24.25, 6,  drogue,    0.32,  94598.00,  575.65,  602.92,  -13.95,  7.1, 0.03, 4.05, 4.08
6, 14087, 1,    24.35, 6,  drogue,    0.45,  94623.00,  573.45,  600.72,  -13.92,  7.1, 0.03, 4.05, 4.08
6, 14087, 1,    24.45, 6,  drogue,    0.56,  94644.00,  571.61,  598.87,  -13.87,  7.1, 0.03, 4.04, 4.08
6, 14087, 1,    24.55, 6,  drogue,    0.62,  94648.00,  571.25,  598.52,  -13.79,  7.1, 0.03, 4.04, 4.08
6, 14087, 1,    24.65, 6,  drogue,    0.65,  94678.00,  568.62,  595.88,  -13.70,  7.1, 0.03, 4.04, 4.08
6, 14087, 1,    24.75, 6,  drogue,    0.66,  94696.00,  567.03,  594.30,  -13.64,  7.1, 0.03, 4.04, 4.08
6, 14087, 1,    24.85, 6,  drogue,    0.66,  94710.00,  565.80,  593.07,  -13.62,  7.1, 0.03, 4.04, 4.08
6, 14087, 1,    24.95, 6,  drogue,    0.65,  94767.00,  560.79,  588.06,  -13.53,  7.1, 0.03, 4.05, 4.08
6, 14087, 1,    25.05, 6,  drogue,    0.60,  94760.00,  561.41,  588.68,  -13.45,  7.1, 0.03, 4.05, 4.08
6, 14087, 1,    25.15, 6,  drogue,    0.51,  94762.00,  561.23,  588.50,  -13.37,  7.1, 0.03, 4.05, 4.08
6, 14087, 1,    25.25, 6,  drogue,    0.40,  94778.00,  559.83,  587.09,  -13.30,  7.1, 0.03, 4.04, 4.08
6, 14087, 1,    25.35, 6,  drogue,    0.31,  94772.00,  560.35,  587.62,  -13.31,  7.1, 0.03, 4.04, 4.08
6, 14087, 1,    25.45, 6,  drogue,    0.23,  94773.00,  560.27,  587.53,  -13.28,  7.1, 0.03, 4.05, 4.08
6, 14087, 1,    25.55, 6,  drogue,    0.14,  94816.00,  556.49,  583.75,  -13.25,  7.1, 0.03, 4.04, 4.08
6, 14087, 1,    25.65, 6,  drogue,   -0.00,  94844.00,  554.03,  581.30,  -13.22,  7.1, 0.03, 4.05, 4.08
6, 14087, 1,    25.75, 6,  drogue,   -0.18,  94860.00,  552.62,  579.89,  -13.21,  7.1, 0.03, 4.04, 4.08
6, 14087, 1,    25.85, 6,  drogue,   -0.36,  94853.00,  553.24,  580.51,  -13.20,  7.1, 0.03, 4.04, 4.08
6, 14087, 1,    25.95, 6,  drogue,   -0.49,  94854.00,  553.15,  580.42,  -13.26,  7.1, 0.03, 4.04, 4.08
6, 14087, 1,    26.05, 6,  drogue,   -0.56,  94912.00,  548.06,  575.33,  -13.35,  7.1, 0.03, 4.04, 4.08
6, 14087, 1,    26.15, 6,  drogue,   -0.57,  94948.00,  544.90,  572.17,  -13.41,  7.1, 0.03, 4.04, 4.08
6, 14087, 1,    26.25, 6,  drogue,   -0.55,  94928.00,  546.65,  573.92,  -13.46,  7.1, 0.03, 4.04, 4.08
6, 14087, 1,    26.35, 6,  drogue,   -0.54,  94905.00,  548.67,  575.94,  -13.51,  7.1, 0.03, 4.05, 4.08
6, 14087, 1,    26.45, 6,  drogue,   -0.54,  94933.00,  546.22,  573.48,  -13.56,  7.1, 0.03, 4.04, 4.08
6, 14087, 1,    26.55, 6,  drogue,   -0.54,  94927.00,  546.74,  574.01,  -13.62,  7.1, 0.03, 4.04, 4.08
6, 14087, 1,    26.65, 6,  drogue,   -0.51,  94965.00,  543.41,  570.68,  -13.67,  7.1, 0.03, 4.04, 4.08
6, 14087, 1,    26.75, 6,  drogue,   -0.42,  95049.00,  536.04,  563.31,  -13.74,  7.1, 0.03, 4.04, 4.08
6, 14087, 1,    26.85, 6,  drogue,   -0.30,  95011.00,  539.37,  566.64,  -13.79,  7.1, 0.03, 4.04, 4.08
6, 14087, 1,    26.95, 6,  drogue,   -0.15,  95025.00,  538.15,  565.41,  -13.83,  7.1, 0.03, 4.05, 4.08
6, 14087, 1,    27.05, 6,  drogue,   -0.00,  95039.00,  536.92,  564.19,  -13.84,  7.1, 0.03, 4.05, 4.08
6, 14087, 1,    27.15, 6,  drogue,    0.12,  95044.00,  536.48,  563.75,  -13.83,  7.1, 0.03, 4.05, 4.08
6, 14087, 1,    27.25, 6,  drogue,    0.22,  95082.00,  533.15,  560.42,  -13.82,  7.1, 0.03, 4.05, 4.08
6, 14087, 1,    27.35, 6,  drogue,    0.31,  95122.00,  529.64,  556.91,  -13.77,  7.1, 0.03, 4.04, 4.08
6, 14087, 1,    27.45, 6,  drogue,    0.39,  95131.00,  528.85,  556.12,  -13.77,  7.1, 0.03, 4.05, 4.08
6, 14087, 1,    27.55, 6,  drogue,    0.48,  95137.00,  528.33,  555.60,  -13.73,  7.1, 0.03, 4.05, 4.08
6, 14087, 1,    27.65, 6,  drogue,    0.56,  95127.00,  529.21,  556.47,  -13.68,  7.1, 0.03, 4.04, 4.08
6, 14087, 1,    27.75, 6,  drogue,    0.62,  95151.00,  527.10,  554.37,  -13.61,  7.1, 0.03, 4.05, 4.08
6, 14087, 1,    27.85, 6,  drogue,    0.64,  95165.00,  525.88,  553.14,  -13.54,  7.1, 0.03, 4.04, 4.08
6, 14087, 1,    27.95, 6,  drogue,    0.62,  95198.00,  522.99,  550.25,  -13.47,  7.1, 0.03, 4.04, 4.08
6, 14087, 1,    28.05, 6,  drogue,    0.60,  95226.00,  520.54,  547.80,  -13.41,  7.1, 0.03, 4.04, 4.08
6, 14087, 1,    28.15, 6,  drogue,    0.58,  95242.00,  519.14,  546.40,  -13.34,  7.1, 0.03, 4.04, 4.08
6, 14087, 1,    28.25, 6,  drogue,    0.56,  95233.00,  519.92,  547.19,  -13.31,  7.1, 0.03, 4.04, 4.08
6, 14087, 1,    28.35, 6,  drogue,    0.53,  95208.00,  522.11,  549.38,  -13.24,  7.1, 0.03, 4.05, 4.08
6, 14087, 1,    28.45, 6,  drogue,    0.49,  95251.00,  518.35,  545.62,  -13.18,  7.1, 0.03, 4.05, 4.08
6, 14087, 1,    28.55, 6,  drogue,    0.44,  95280.00,  515.81,  543.08,  -13.12,  7.1, 0.03, 4.04, 4.08
6, 14087, 1,    28.65, 6,  drogue,    0.40,  95291.00,  514.85,  542.12,  -13.07,  7.1, 0.03, 4.05, 4.08
6, 14087, 1,    28.75, 6,  drogue,    0.38,  95345.00,  510.12,  537.39,  -13.06,  7.1, 0.03, 4.04, 4.08
6, 14087, 1,    28.85, 6,  drogue,    0.39,  95341.00,  510.47,  537.74,  -13.03,  7.1, 0.03, 4.04, 4.08
6, 14087, 1,    28.95, 6,  drogue,    0.39,  95324.00,  511.96,  539.23,  -12.99,  7.1, 0.03, 4.04, 4.08
6, 14087, 1,    29.05, 6,  drogue,    0.35,  95330.00,  511.44,  538.70,  -12.94,  7.1, 0.03, 4.04, 4.08
6, 14087, 1,    29.15, 6,  drogue,    0.28,  95370.00,  507.94,  535.21,  -12.87,  7.1, 0.03, 4.05, 4.08
6, 14087, 1,    29.25, 6,  drogue,    0.19,  95399.00,  505.40,  532.67,  -12.85,  7.1, 0.03, 4.04, 4.08
6, 14087, 1,    29.35, 6,  drogue,    0.11,  95392.00,  506.02,  533.28,  -12.85,  7.1, 0.03, 4.04, 4.08
6, 14087, 1,    29.45, 6,  drogue,    0.04,  95482.00,  498.15,  525.42,  -12.84,  7.1, 0.03, 4.04, 4.08
6, 14087, 1,    29.55, 6,  drogue,   -0.03,  95402.00,  505.14,  532.41,  -12.84,  7.1, 0.03, 4.04, 4.08
6, 14087, 1,    29.65, 6,  drogue,   -0.12,  95421.00,  503.48,  530.75,  -12.83,  7.1, 0.03, 4.04, 4.08
6, 14087, 1,    29.75, 6,  drogue,   -0.24,  95427.00,  502.96,  530.22,  -12.83,  7.1, 0.03, 4.05, 4.08
6, 14087, 1,    29.85, 6,  drogue,   -0.37,  95470.00,  499.20,  526.47,  -12.85,  7.1, 0.03, 4.04, 4.08
6, 14087, 1,    29.95, 6,  drogue,   -0.50,  95501.00,  496.49,  523.76,  -12.90,  7.1, 0.03, 4.05, 4.08
6, 14087, 1,    30.05, 6,  drogue,   -0.61,  95483.00,  498.06,  525.33,  -12.96,  7.1, 0.03, 4.05, 4.08
6, 14087, 1,    30.15, 6,  drogue,   -0.72,  95500.00,  496.58,  523.85,  -13.02,  7.1, 0.03, 4.04, 4.08
6, 14087, 1,    30.25, 6,  drogue,   -0.84,  95616.00,  486.45,  513.72,  -13.09,  7.1, 0.03, 4.04, 4.08
6, 14087, 1,    30.35, 6,  drogue,   -0.99,  95536.00,  493.44,  520.70,  -13.16,  7.1, 0.03, 4.05, 4.08
6, 14087, 1,    30.45, 6,  drogue,   -1.13,  95562.00,  491.17,  518.43,  -13.26,  7.1, 0.03, 4.04, 4.08
6, 14087, 1,    30.55, 6,  drogue,   -1.24,  95564.00,  490.99,  518.26,  -13.37,  7.1, 0.03, 4.05, 4.08
6, 14087, 1,    30.65, 6,  drogue,   -1.30,  95551.00,  492.13,  519.39,  -13.51,  7.1, 0.03, 4.04, 4.08
6, 14087, 1,    30.75, 6,  drogue,   -1.29,  95612.00,  486.80,  514.07,  -13.66,  7.1, 0.03, 4.04, 4.08
6, 14087, 1,    30.85, 6,  drogue,   -1.24,  95621.00,  486.02,  513.29,  -13.81,  7.1, 0.03, 4.04, 4.08
6, 14087, 1,    30.95, 6,  drogue,   -1.15,  95628.00,  485.41,  512.67,  -13.92,  7.1, 0.03, 4.04, 4.08
6, 14087, 1,    31.05, 6,  drogue,   -1.05,  95610.00,  486.98,  514.25,  -14.03,  7.1, 0.03, 4.05, 4.08
6, 14087, 1,    31.15, 6,  drogue,   -0.91,  95635.00,  484.80,  512.06,  -14.14,  7.1, 0.03, 4.04, 4.08
6, 14087, 1,    31.25, 6,  drogue,   -0.74,  95701.00,  479.04,  506.31,  -14.25,  7.1, 0.03, 4.04, 4.08
6, 14087, 1,    31.35, 6,  drogue,   -0.52,  95736.00,  475.99,  503.26,  -14.32,  7.1, 0.03, 4.05, 4.08
6, 14087, 1,    31.45, 6,  drogue,   -0.28,  95726.00,  476.86,  504.13,  -14.40,  7.1, 0.03, 4.04, 4.08
6, 14087, 1,    31.55, 6,  drogue,   -0.05,  95745.00,  475.21,  502.47,  -14.41,  7.1, 0.03, 4.05, 4.08
6, 14087, 1,    31.65, 6,  drogue,    0.17,  95758.00,  474.07,  501.34,  -14.40,  7.1, 0.03, 4.05, 4.08
6, 14087, 1,    31.75, 6,  drogue,    0.37,  95749.00,  474.86,  502.12,  -14.38,  7.1, 0.03, 4.04, 4.08
6, 14087, 1,    31.85, 6,  drogue,    0.56,  95789.00,  471.37,  498.64,  -14.35,  7.1, 0.03, 4.04, 4.08
6, 14087, 1,    31.95, 6,  drogue,    0.76,  95810.00,  469.54,  496.81,  -14.31,  7.1, 0.03, 4.04, 4.08
6, 14087, 1,    32.05, 6,  drogue,    0.98,  95812.00,  469.37,  496.64,  -14.23,  7.1, 0.03, 4.04, 4.08
6, 14087, 1,    32.15, 6,  drogue,    1.18,  95835.00,  467.37,  494.63,  -14.11,  7.1, 0.03, 4.05, 4.08
6, 14087, 1,    32.25, 6,  drogue,    1.36,  95841.00,  466.84,  494.11,  -14.02,  7.1, 0.03, 4.04, 4.08
6, 14087, 1,    32.35, 6,  drogue,    1.50,  95878.00,  463.62,  490.89,  -13.85,  7.1, 0.03, 4.04, 4.08
6, 14087, 1,    32.45, 6,  drogue,    1.60,  95892.00,  462.40,  489.67,  -13.69,  7.1, 0.03, 4.04, 4.08
6, 14087, 1,    32.55, 6,  drogue,    1.66,  95907.00,  461.10,  488.36,  -13.54,  7.1, 0.03, 4.04, 4.08
6, 14087, 1,    32.65, 6,  drogue,    1.69,  95936.00,  458.57,  485.84,  -13.37,  7.1, 0.03, 4.04, 4.08
6, 14087, 1,    32.75, 6,  drogue,    1.68,  95955.00,  456.92,  484.19,  -13.20,  7.1, 0.03, 4.05, 4.08
6, 14087, 1,    32.85, 6,  drogue,    1.64,  95962.00,  456.31,  483.58,  -13.02,  7.1, 0.03, 4.04, 4.08
6, 14087, 1,    32.95, 6,  drogue,    1.55,  95949.00,  457.44,  484.71,  -12.85,  7.1, 0.03, 4.04, 4.08
6, 14087, 1,    33.05, 6,  drogue,    1.43,  95982.00,  454.57,  481.84,  -12.68,  7.1, 0.03, 4.05, 4.08
6, 14087, 1,    33.15, 6,  drogue,    1.31,  95985.00,  454.31,  481.58,  -12.52,  7.1, 0.03, 4.04, 4.08
6, 14087, 1,    33.25, 6,  drogue,    1.22,  96002.00,  452.83,  480.10,  -12.42,  7.1, 0.03, 4.04, 4.08
6, 14087, 1,    33.35, 6,  drogue,    1.14,  96016.00,  451.62,  478.88,  -12.32,  7.1, 0.03, 4.04, 4.08
6, 14087, 1,    33.45, 6,  drogue,    1.05,  96032.00,  450.22,  477.49,  -12.18,  7.1, 0.03, 4.04, 4.08
6, 14087, 1,    33.55, 6,  drogue,    0.94,  96038.00,  449.70,  476.97,  -12.08,  7.1, 0.03, 4.05, 4.08
6, 14087, 1,    33.65, 6,  drogue,    0.78,  96065.00,  447.36,  474.62,  -11.97,  7.1, 0.02, 4.04, 4.08
6, 14087, 1,    33.75, 6,  drogue,    0.61,  96083.00,  445.79,  473.06,  -11.88,  7.1, 0.03, 4.04, 4.08
6, 14087, 1,    33.85, 6,  drogue,    0.45,  96099.00,  444.40,  471.67,  -11.82,  7.1, 0.03, 4.04, 4.08
6, 14087, 1,    33.95, 6,  drogue,    0.31,  96120.00,  442.58,  469.84,  -11.81,  7.1, 0.03, 4.04, 4.08
6, 14087, 1,    34.05, 6,  drogue,    0.17,  96124.00,  442.23,  469.50,  -11.77,  7.1, 0.03, 4.04, 4.08
6, 14087, 1,    34.15, 6,  drogue,    0.02,  96112.00,  443.27,  470.54,  -11.74,  7.1, 0.03, 4.05, 4.08
6, 14087, 1,    34.25, 6,  drogue,   -0.16,  96129.00,  441.79,  469.06,  -11.72,  7.1, 0.03, 4.05, 4.08
6, 14087, 1,    34.35, 6,  drogue,   -0.36,  96135.00,  441.27,  468.54,  -11.74,  7.1, 0.02, 4.04, 4.08
6, 14087, 1,    34.45, 6,  drogue,   -0.54,  96171.00,  438.15,  465.41,  -11.78,  7.1, 0.02, 4.05, 4.08
6, 14087, 1,    34.55, 6,  drogue,   -0.66,  96222.00,  433.72,  460.99,  -11.84,  7.1, 0.03, 4.04, 4.08
6, 14087, 1,    34.65, 6,  drogue,   -0.73,  96217.00,  434.15,  461.42,  -11.93,  7.1, 0.03, 4.05, 4.08
6, 14087, 1,    34.75, 6,  drogue,   -0.76,  96173.00,  437.97,  465.24,  -12.01,  7.1, 0.03, 4.04, 4.08
6, 14087, 1,    34.85, 6,  drogue,   -0.78,  96195.00,  436.06,  463.33,  -12.09,  7.1, 0.03, 4.04, 4.08
6, 14087, 1,    34.95, 6,  drogue,   -0.82,  96236.00,  432.50,  459.77,  -12.16,  7.1, 0.03, 4.04, 4.08
6, 14087, 1,    35.05, 6,  drogue,   -0.84,  96263.00,  430.16,  457.43,  -12.22,  7.1, 0.03, 4.05, 4.08
6, 14087, 1,    35.15, 6,  drogue,   -0.83,  96249.00,  431.38,  458.64,  -12.31,  7.1, 0.03, 4.04, 4.08
6, 14087, 1,    35.25, 6,  drogue,   -0.77,  96318.00,  425.39,  452.66,  -12.43,  7.1, 0.03, 4.05, 4.08
6, 14087, 1,    35.35, 6,  drogue,   -0.66,  96283.00,  428.43,  455.69,  -12.53,  7.1, 0.03, 4.05, 4.08
6, 14087, 1,    35.45, 6,  drogue,   -0.54,  96266.00,  429.90,  457.17,  -12.58,  7.1, 0.03, 4.04, 4.08
6, 14087, 1,    35.55, 6,  drogue,   -0.43,  96318.00,  425.39,  452.66,  -12.62,  7.1, 0.02, 4.05, 4.08
6, 14087, 1,    35.65, 6,  drogue,   -0.36,  96312.00,  425.91,  453.18,  -12.65,  7.1, 0.03, 4.04, 4.08
6, 14087, 1,    35.75, 6,  drogue,   -0.29,  96361.00,  421.66,  448.93,  -12.69,  7.1, 0.02, 4.05, 4.08
6, 14087, 1,    35.85, 6,  drogue,   -0.22,  96387.00,  419.41,  446.67,  -12.72,  7.1, 0.03, 4.04, 4.08
6, 14087, 1,    35.95, 6,  drogue,   -0.15,  96428.00,  415.85,  443.12,  -12.76,  7.1, 0.02, 4.05, 4.08
6, 14087, 1,    36.05, 6,  drogue,   -0.10,  96369.00,  420.97,  448.24,  -12.78,  7.1, 0.03, 4.04, 4.08
6, 14087, 1,    36.15, 6,  drogue,   -0.10,  96386.00,  419.49,  446.76,  -12.76,  7.1, 0.03, 4.04, 4.08
6, 14087, 1,    36.25, 6,  drogue,   -0.14,  96399.00,  418.37,  445.63,  -12.76,  7.1, 0.03, 4.04, 4.08
6, 14087, 1,    36.35, 6,  drogue,   -0.21,  96450.00,  413.95,  441.22,  -12.76,  7.1, 0.03, 4.04, 4.08
6, 14087, 1,    36.45, 6,  drogue,   -0.28,  96466.00,  412.56,  439.83,  -12.79,  7.1, 0.02, 4.04, 4.08
6, 14087, 1,    36.55, 6,  drogue,   -0.34,  96516.00,  408.23,  435.50,  -12.84,  7.1, 0.03, 4.04, 4.08
6, 14087, 1,    36.65, 6,  drogue,   -0.41,  96515.00,  408.32,  435.59,  -12.88,  7.1, 0.02, 4.05, 4.08
6, 14087, 1,    36.75, 6,  drogue,   -0.52,  96504.00,  409.27,  436.54,  -12.89,  7.1, 0.03, 4.04, 4.08
6, 14087, 1,    36.85, 6,  drogue,   -0.66,  96487.00,  410.74,  438.01,  -12.93,  7.1, 0.03, 4.05, 4.08
6, 14087, 1,    36.95, 6,  drogue,   -0.80,  96524.00,  407.54,  434.81,  -12.99,  7.1, 0.02, 4.04, 4.08
6, 14087, 1,    37.05, 6,  drogue,   -0.91,  96487.00,  410.74,  438.01,  -13.09,  7.1, 0.02, 4.05, 4.08
6, 14087, 1,    37.15, 6,  drogue,   -0.96,  96591.00,  401.74,  429.01,  -13.19,  7.1, 0.02, 4.04, 4.08
6, 14087, 1,    37.25, 6,  drogue,   -0.95,  96620.00,  399.23,  426.50,  -13.31,  7.1, 0.03, 4.04, 4.08
6, 14087, 1,    37.35, 6,  drogue,   -0.93,  96596.00,  401.31,  428.57,  -13.41,  7.1, 0.02, 4.05, 4.08
6, 14087, 1,    37.45, 6,  drogue,   -0.91,  96543.00,  405.89,  433.16,  -13.48,  7.1, 0.02, 4.04, 4.08
6, 14087, 1,    37.55, 6,  drogue,   -0.88,  96568.00,  403.73,  431.00,  -13.57,  7.1, 0.02, 4.04, 4.08
6, 14087, 1,    37.65, 6,  drogue,   -0.81,  96598.00,  401.13,  428.40,  -13.65,  7.1, 0.03, 4.04, 4.08
6, 14087, 1,    37.75, 6,  drogue,   -0.67,  96659.00,  395.86,  423.13,  -13.77,  7.1, 0.02, 4.05, 4.08
6, 14087, 1,    37.85, 6,  drogue,   -0.45,  96694.00,  392.83,  420.10,  -13.85,  7.1, 0.03, 4.04, 4.08
6, 14087, 1,    37.95, 6,  drogue,   -0.18,  96720.00,  390.58,  417.85,  -13.92,  7.1, 0.03, 4.04, 4.08
6, 14087, 1,    38.05, 6,  drogue,    0.09,  96703.00,  392.05,  419.32,  -13.92,  7.1, 0.02, 4.05, 4.08
6, 14087, 1,    38.15, 6,  drogue,    0.31,  96692.00,  393.00,  420.27,  -13.90,  7.1, 0.02, 4.05, 4.08
6, 14087, 1,    38.25, 6,  drogue,    0.49,  96745.00,  388.42,  415.69,  -13.86,  7.1, 0.02, 4.04, 4.08
6, 14087, 1,    38.35, 6,  drogue,    0.64,  96754.00,  387.64,  414.91,  -13.80,  7.1, 0.02, 4.04, 4.08
6, 14087, 1,    38.45, 6,  drogue,    0.75,  96785.00,  384.97,  412.23,  -13.73,  7.1, 0.03, 4.04, 4.08
6, 14087, 1,    38.55, 6,  drogue,    0.83,  96800.00,  383.67,  410.94,  -13.67,  7.1, 0.02, 4.04, 4.08
6, 14087, 1,    38.65, 6,  drogue,    0.88,  96792.00,  384.36,  411.63,  -13.57,  7.1, 0.02, 4.05, 4.08
6, 14087, 1,    38.75, 6,  drogue,    0.85,  96800.00,  383.67,  410.94,  -13.47,  7.1, 0.02, 4.04, 4.08
6, 14087, 1,    38.85, 6,  drogue,    0.74,  96815.00,  382.38,  409.64,  -13.37,  7.1, 0.02, 4.05, 4.08
6, 14087, 1,    38.95, 6,  drogue,    0.56,  96831.00,  380.99,  408.26,  -13.29,  7.1, 0.03, 4.04, 4.08
6, 14087, 1,    39.05, 6,  drogue,    0.32,  96896.00,  375.38,  402.65,  -13.20,  7.1, 0.02, 4.05, 4.08
6, 14087, 1,    39.15, 6,  drogue,    0.08,  96903.00,  374.78,  402.05,  -13.17,  7.1, 0.02, 4.05, 4.08
6, 14087, 1,    39.25, 6,  drogue,   -0.17,  96895.00,  375.47,  402.74,  -13.18,  7.1, 0.02, 4.05, 4.08
6, 14087, 1,    39.35, 6,  drogue,   -0.40,  96901.00,  374.95,  402.22,  -13.21,  7.1, 0.02, 4.04, 4.08
6, 14087, 1,    39.45, 6,  drogue,   -0.65,  96907.00,  374.43,  401.70,  -13.24,  7.1, 0.02, 4.04, 4.08
6, 14087, 1,    39.55, 6,  drogue,   -0.91,  96903.00,  374.78,  402.05,  -13.29,  7.1, 0.02, 4.05, 4.08
6, 14087, 1,    39.65, 6,  drogue,   -1.19,  96952.00,  370.55,  397.82,  -13.37,  7.1, 0.03, 4.05, 4.08
6, 14087, 1,    39.75, 6,  drogue,   -1.45,  97026.00,  364.17,  391.44,  -13.50,  7.1, 0.02, 4.05, 4.08
6, 14087, 1,    39.85, 6,  drogue,   -1.65,  96979.00,  368.22,  395.49,  -13.66,  7.1, 0.02, 4.05, 4.08
6, 14087, 1,    39.95, 6,  drogue,   -1.80,  96985.00,  367.70,  394.97,  -13.85,  7.1, 0.03, 4.05, 4.08
6, 14087, 1,    40.05, 6,  drogue,   -1.88,  96983.00,  367.88,  395.14,  -14.03,  7.1, 0.03, 4.04, 4.08
6, 14087, 1,    40.15, 6,  drogue,   -1.90,  97006.00,  365.89,  393.16,  -14.21,  7.1, 0.02, 4.04, 4.08
6, 14087, 1,    40.25, 6,  drogue,   -1.86,  97013.00,  365.29,  392.56,  -14.42,  7.1, 0.02, 4.04, 4.08
6, 14087, 1,    40.35, 6,  drogue,   -1.74,  97017.00,  364.94,  392.21,  -14.62,  7.1, 0.02, 4.04, 4.08
6, 14087, 1,    40.45, 6,  drogue,   -1.53,  97079.00,  359.60,  386.87,  -14.81,  7.1, 0.02, 4.04, 4.08
6, 14087, 1,    40.55, 6,  drogue,   -1.24,  97095.00,  358.22,  385.49,  -14.98,  7.1, 0.02, 4.04, 4.08
6, 14087, 1,    40.65, 6,  drogue,   -0.87,  97107.00,  357.19,  384.45,  -15.12,  7.1, 0.02, 4.04, 4.08
6, 14087, 1,    40.75, 6,  drogue,   -0.42,  97144.00,  354.00,  381.27,  -15.21,  7.1, 0.02, 4.04, 4.08
6, 14087, 1,    40.85, 6,  drogue,    0.09,  97179.00,  350.98,  378.25,  -15.26,  7.1, 0.03, 4.04, 4.08
6, 14087, 1,    40.95, 6,  drogue,    0.67,  97172.00,  351.59,  378.86,  -15.27,  7.1, 0.02, 4.04, 4.08
6, 14087, 1,    41.05, 6,  drogue,    1.28,  97174.00,  351.42,  378.68,  -15.23,  7.1, 0.02, 4.04, 4.08
6, 14087, 1,    41.15, 6,  drogue,    1.87,  97198.00,  349.35,  376.62,  -15.08,  7.1, 0.03, 4.04, 4.08
6, 14087, 1,    41.25, 6,  drogue,    2.41,  97236.00,  346.08,  373.35,  -14.89,  7.1, 0.03, 4.04, 4.08
6, 14087, 1,    41.35, 6,  drogue,    2.86,  97277.00,  342.55,  369.82,  -14.63,  7.1, 0.02, 4.04, 4.08
6, 14087, 1,    41.45, 6,  drogue,    3.22,  97270.00,  343.15,  370.42,  -14.32,  7.1, 0.02, 4.04, 4.08
6, 14087, 1,    41.55, 6,  drogue,    3.52,  97243.00,  345.48,  372.74,  -13.97,  7.1, 0.02, 4.05, 4.08
6, 14087, 1,    41.65, 6,  drogue,    3.76,  97257.00,  344.27,  371.54,  -13.63,  7.1, 0.02, 4.05, 4.08
6, 14087, 1,    41.75, 6,  drogue,    3.94,  97281.00,  342.21,  369.47,  -13.27,  7.1, 0.02, 4.04, 4.08
6, 14087, 1,    41.85, 6,  drogue,    4.02,  97336.00,  337.47,  364.74,  -12.84,  7.1, 0.02, 4.05, 4.08
6, 14087, 1,    41.95, 6,  drogue,    3.95,  97375.00,  334.12,  361.39,  -12.42,  7.1, 0.03, 4.04, 4.08
6, 14087, 1,    42.05, 6,  drogue,    3.70,  97389.00,  332.92,  360.19,  -11.98,  7.1, 0.03, 4.05, 4.08
6, 14087, 1,    42.15, 6,  drogue,    3.30,  97404.00,  331.63,  358.90,  -11.58,  7.1, 0.02, 4.04, 4.08
6, 14087, 1,    42.25, 6,  drogue,    2.79,  97428.00,  329.57,  356.83,  -11.23,  7.1, 0.03, 4.04, 4.08
6, 14087, 1,    42.35, 6,  drogue,    2.21,  97421.00,  330.17,  357.44,  -10.94,  7.1, 0.02, 4.04, 4.08
6, 14087, 1,    42.45, 6,  drogue,    1.60,  97426.00,  329.74,  357.01,  -10.74,  7.1, 0.02, 4.05, 4.08
6, 14087, 1,    42.55, 6,  drogue,    0.98,  97435.00,  328.97,  356.23,  -10.57,  7.1, 0.02, 4.04, 4.08
6, 14087, 1,    42.65, 6,  drogue,    0.36,  97450.00,  327.68,  354.94,  -10.46,  7.1, 0.02, 4.04, 4.08
6, 14087, 1,    42.75, 6,  drogue,   -0.24,  97448.00,  327.85,  355.12,  -10.41,  7.1, 0.02, 4.04, 4.08
6, 14087, 1,    42.85, 6,  drogue,   -0.81,  97440.00,  328.54,  355.80,  -10.47,  7.1, 0.02, 4.04, 4.08
6, 14087, 1,    42.95, 6,  drogue,   -1.33,  97445.00,  328.11,  355.37,  -10.56,  7.1, 0.02, 4.04, 4.08
6, 14087, 1,    43.05, 6,  drogue,   -1.78,  97430.00,  329.39,  356.66,  -10.69,  7.1, 0.02, 4.04, 4.08
6, 14087, 1,    43.15, 6,  drogue,   -2.15,  97394.00,  332.49,  359.76,  -10.88,  7.1, 0.03, 4.04, 4.08
6, 14087, 1,    43.25, 6,  drogue,   -2.44,  97482.00,  324.93,  352.20,  -11.11,  7.1, 0.03, 4.04, 4.08
6, 14087, 1,    43.35, 6,  drogue,   -2.66,  97485.00,  324.67,  351.94,  -11.38,  7.1, 0.03, 4.04, 4.08
6, 14087, 1,    43.45, 6,  drogue,   -2.80,  97507.00,  322.78,  350.05,  -11.66,  7.1, 0.02, 4.05, 4.08
6, 14087, 1,    43.55, 6,  drogue,   -2.88,  97554.00,  318.75,  346.01,  -11.94,  7.1, 0.02, 4.04, 4.08
6, 14087, 1,    43.65, 6,  drogue,   -2.92,  97587.00,  315.91,  343.18,  -12.23,  7.1, 0.03, 4.04, 4.08
6, 14087, 1,    43.75, 6,  drogue,   -2.90,  97571.00,  317.29,  344.55,  -12.52,  7.1, 0.03, 4.04, 4.08
6, 14087, 1,    43.85, 6,  drogue,   -2.79,  97552.00,  318.92,  346.18,  -12.83,  7.1, 0.02, 4.04, 4.08
6, 14087, 1,    43.95, 6,  drogue,   -2.59,  97580.00,  316.51,  343.78,  -13.14,  7.1, 0.03, 4.04, 4.08
6, 14087, 1,    44.05, 6,  drogue,   -2.31,  97569.00,  317.46,  344.73,  -13.41,  7.1, 0.02, 4.05, 4.08
6, 14087, 1,    44.15, 6,  drogue,   -2.00,  97628.00,  312.40,  339.66,  -13.65,  7.1, 0.02, 4.04, 4.08
6, 14087, 1,    44.25, 6,  drogue,   -1.67,  97662.00,  309.48,  336.75,  -13.85,  7.1, 0.03, 4.05, 4.08
6, 14087, 1,    44.35, 6,  drogue,   -1.36,  97692.00,  306.91,  334.17,  -14.00,  7.1, 0.02, 4.05, 4.08
6, 14087, 1,    44.45, 6,  drogue,   -1.08,  97711.00,  305.28,  332.55,  -14.14,  7.1, 0.03, 4.04, 4.08
6, 14087, 1,    44.55, 6,  drogue,   -0.81,  97690.00,  307.08,  334.35,  -14.24,  7.1, 0.02, 4.05, 4.08
6, 14087, 1,    44.65, 6,  drogue,   -0.54,  97685.00,  307.51,  334.77,  -14.32,  7.1, 0.03, 4.05, 4.08
6, 14087, 1,    44.75, 6,  drogue,   -0.27,  97697.00,  306.48,  333.75,  -14.37,  7.1, 0.02, 4.04, 4.08
6, 14087, 1,    44.85, 6,  drogue,    0.02,  97786.00,  298.85,  326.12,  -14.41,  7.1, 0.02, 4.04, 4.08
6, 14087, 1,    44.95, 6,  drogue,    0.32,  97754.00,  301.59,  328.86,  -14.43,  7.1, 0.03, 4.04, 4.08
6, 14087, 1,    45.05, 6,  drogue,    0.62,  97751.00,  301.85,  329.12,  -14.38,  7.1, 0.02, 4.04, 4.08
6, 14087, 1,    45.15, 6,  drogue,    0.92,  97796.00,  297.99,  325.26,  -14.29,  7.1, 0.03, 4.04, 4.08
6, 14087, 1,    45.25, 6,  drogue,    1.23,  97787.00,  298.76,  326.03,  -14.23,  7.1, 0.02, 4.04, 4.08
6, 14087, 1,    45.35, 6,  drogue,    1.52,  97795.00,  298.08,  325.35,  -14.11,  7.1, 0.03, 4.04, 4.08
6, 14087, 1,    45.45, 6,  drogue,    1.78,  97846.00,  293.71,  320.98,  -13.94,  7.1, 0.03, 4.04, 4.08
6, 14087, 1,    45.55, 6,  drogue,    2.00,  97879.00,  290.89,  318.15,  -13.75,  7.1, 0.03, 4.04, 4.08
6, 14087, 1,    45.65, 6,  drogue,    2.14,  97880.00,  290.80,  318.07,  -13.55,  7.1, 0.02, 4.05, 4.08
6, 14087, 1,    45.75, 6,  drogue,    2.20,  97905.00,  288.66,  315.93,  -13.32,  7.1, 0.02, 4.04, 4.08
6, 14087, 1,    45.85, 6,  drogue,    2.16,  97928.00,  286.69,  313.96,  -13.08,  7.1, 0.02, 4.05, 4.08
6, 14087, 1,    45.95, 6,  drogue,    2.03,  97961.00,  283.87,  311.14,  -12.86,  7.1, 0.02, 4.04, 4.08
6, 14087, 1,    46.05, 6,  drogue,    1.82,  97962.00,  283.78,  311.05,  -12.62,  7.1, 0.02, 4.05, 4.08
6, 14087, 1,    46.15, 6,  drogue,    1.56,  97969.00,  283.18,  310.45,  -12.44,  7.1, 0.02, 4.04, 4.08
6, 14087, 1,    46.25, 6,  drogue,    1.27,  97964.00,  283.61,  310.88,  -12.29,  7.1, 0.03, 4.04, 4.08
6, 14087, 1,    46.35, 6,  drogue,    0.97,  97980.00,  282.24,  309.51,  -12.17,  7.1, 0.03, 4.05, 4.08
6, 14087, 1,    46.45, 6,  drogue,    0.63,  98024.00,  278.48,  305.75,  -12.06,  7.1, 0.02, 4.04, 4.08
6, 14087, 1,    46.55, 6,  drogue,    0.27,  98032.00,  277.80,  305.06,  -11.99,  7.1, 0.03, 4.05, 4.08
6, 14087, 1,    46.65, 6,  drogue,   -0.12,  98027.00,  278.22,  305.49,  -11.95,  7.1, 0.03, 4.04, 4.08
6, 14087, 1,    46.75, 6,  drogue,   -0.50,  98053.00,  276.00,  303.27,  -11.95,  7.1, 0.03, 4.04, 4.08
6, 14087, 1,    46.85, 6,  drogue,   -0.85,  98074.00,  274.21,  301.47,  -12.03,  7.1, 0.03, 4.04, 4.08
6, 14087, 1,    46.95, 6,  drogue,   -1.15,  98094.00,  272.50,  299.76,  -12.12,  7.1, 0.03, 4.04, 4.08
6, 14087, 1,    47.05, 6,  drogue,   -1.38,  98029.00,  278.05,  305.32,  -12.24,  7.1, 0.03, 4.05, 4.08
6, 14087, 1,    47.15, 6,  drogue,   -1.56,  98057.00,  275.66,  302.93,  -12.39,  7.1, 0.03, 4.04, 4.08
6, 14087, 1,    47.25, 6,  drogue,   -1.66,  98085.00,  273.27,  300.53,  -12.55,  7.1, 0.03, 4.04, 4.08
6, 14087, 1,    47.35, 6,  drogue,   -1.69,  98073.00,  274.29,  301.56,  -12.73,  7.1, 0.03, 4.05, 4.08
6, 14087, 1,    47.45, 6,  drogue,   -1.62,  98057.00,  275.66,  302.93,  -12.92,  7.1, 0.02, 4.04, 4.08
6, 14087, 1,    47.55, 6,  drogue,   -1.46,  98099.00,  272.07,  299.34,  -13.11,  7.1, 0.03, 4.04, 4.08
6, 14087, 1,    47.65, 6,  drogue,   -1.24,  98157.00,  267.11,  294.38,  -13.26,  7.1, 0.03, 4.04, 4.08
6, 14087, 1,    47.75, 6,  drogue,   -0.97,  98214.00,  262.25,  289.51,  -13.39,  7.1, 0.03, 4.04, 4.08
6, 14087, 1,    47.85, 6,  drogue,   -0.69,  98241.00,  259.94,  287.21,  -13.48,  7.1, 0.03, 4.04, 4.08
6, 14087, 1,    47.95, 6,  drogue,   -0.41,  98261.00,  258.23,  285.50,  -13.55,  7.1, 0.03, 4.04, 4.08
6, 14087, 1,    48.05, 6,  drogue,   -0.14,  98252.00,  259.00,  286.27,  -13.59,  7.1, 0.02, 4.04, 4.08
6, 14087, 1,    48.15, 6,  drogue,    0.13,  98278.00,  256.78,  284.05,  -13.60,  7.1, 0.03, 4.05, 4.08
6, 14087, 1,    48.25, 6,  drogue,    0.38,  98291.00,  255.68,  282.94,  -13.60,  7.1, 0.03, 4.05, 4.08
6, 14087, 1,    48.35, 6,  drogue,    0.58,  98294.00,  255.42,  282.69,  -13.54,  7.1, 0.03, 4.05, 4.08
6, 14087, 1,    48.45, 6,  drogue,    0.74,  98267.00,  257.72,  284.99,  -13.48,  7.1, 0.03, 4.05, 4.08
6, 14087, 1,    48.55, 6,  drogue,    0.85,  98322.00,  253.03,  280.30,  -13.40,  7.1, 0.03, 4.04, 4.08
6, 14087, 1,    48.65, 6,  drogue,    0.92,  98325.00,  252.77,  280.04,  -13.29,  7.1, 0.03, 4.04, 4.08
6, 14087, 1,    48.75, 6,  drogue,    0.97,  98318.00,  253.37,  280.64,  -13.20,  7.1, 0.03, 4.05, 4.08
6, 14087, 1,    48.85, 6,  drogue,    0.98,  98350.00,  250.64,  277.91,  -13.11,  7.1, 0.03, 4.04, 4.08
6, 14087, 1,    48.95, 6,  drogue,    0.96,  98369.00,  249.02,  276.29,  -13.02,  7.1, 0.03, 4.05, 4.08
6, 14087, 1,    49.05, 6,  drogue,    0.89,  98387.00,  247.49,  274.76,  -12.90,  7.1, 0.03, 4.04, 4.08
6, 14087, 1,    49.15, 6,  drogue,    0.75,  98403.00,  246.12,  273.39,  -12.79,  7.1, 0.03, 4.04, 4.08
6, 14087, 1,    49.25, 6,  drogue,    0.55,  98419.00,  244.76,  272.03,  -12.72,  7.1, 0.03, 4.04, 4.08
6, 14087, 1,    49.35, 6,  drogue,    0.29,  98438.00,  243.14,  270.41,  -12.66,  7.1, 0.03, 4.04, 4.08
6, 14087, 1,    49.45, 6,  drogue,    0.02,  98461.00,  241.18,  268.45,  -12.61,  7.1, 0.03, 4.04, 4.08
6, 14087, 1,    49.55, 6,  drogue,   -0.24,  98480.00,  239.56,  266.83,  -12.61,  7.1, 0.03, 4.04, 4.08
6, 14087, 1,    49.65, 6,  drogue,   -0.45,  98467.00,  240.67,  267.94,  -12.64,  7.1, 0.03, 4.04, 4.08
6, 14087, 1,    49.75, 6,  drogue,   -0.59,  98497.00,  238.11,  265.38,  -12.71,  7.1, 0.03, 4.04, 4.08
6, 14087, 1,    49.85, 6,  drogue,   -0.67,  98483.00,  239.31,  266.57,  -12.79,  7.1, 0.03, 4.04, 4.08
6, 14087, 1,    49.95, 6,  drogue,   -0.69,  98522.00,  235.99,  263.25,  -12.87,  7.1, 0.03, 4.04, 4.08
6, 14087, 1,    50.05, 6,  drogue,   -0.69,  98564.00,  232.41,  259.68,  -12.92,  7.1, 0.03, 4.04, 4.08
6, 14087, 1,    50.15, 6,  drogue,   -0.69,  98577.00,  231.30,  258.57,  -12.99,  7.1, 0.03, 4.04, 4.08
6, 14087, 1,    50.25, 6,  drogue,   -0.70,  98610.00,  228.49,  255.76,  -13.06,  7.1, 0.03, 4.04, 4.08
6, 14087, 1,    50.35, 6,  drogue,   -0.70,  98544.00,  234.11,  261.38,  -13.13,  7.1, 0.03, 4.04, 4.08
6, 14087, 1,    50.45, 6,  drogue,   -0.67,  98579.00,  231.13,  258.40,  -13.19,  7.1, 0.03, 4.05, 4.08
6, 14087, 1,    50.55, 6,  drogue,   -0.61,  98603.00,  229.09,  256.36,  -13.28,  7.1, 0.03, 4.05, 4.08
6, 14087, 1,    50.65, 6,  drogue,   -0.51,  98603.00,  229.09,  256.36,  -13.35,  7.1, 0.03, 4.04, 4.08
6, 14087, 1,    50.75, 6,  drogue,   -0.36,  98651.00,  225.01,  252.27,  -13.41,  7.1, 0.03, 4.04, 4.08
6, 14087, 1,    50.85, 6,  drogue,   -0.18,  98661.00,  224.16,  251.42,  -13.44,  7.1, 0.03, 4.04, 4.08
6, 14087, 1,    50.95, 6,  drogue,    0.02,  98666.00,  223.73,  251.00,  -13.46,  7.1, 0.03, 4.04, 4.08
6, 14087, 1,    51.05, 6,  drogue,    0.23,  98672.00,  223.22,  250.49,  -13.47,  7.1, 0.03, 4.04, 4.08
6, 14087, 1,    51.15, 6,  drogue,    0.43,  98672.00,  223.22,  250.49,  -13.46,  7.1, 0.03, 4.05, 4.08
6, 14087, 1,    51.25, 6,  drogue,    0.61,  98732.00,  218.12,  245.39,  -13.39,  7.1, 0.03, 4.04, 4.08
6, 14087, 1,    51.35, 6,  drogue,    0.75,  98749.00,  216.67,  243.94,  -13.33,  7.1, 0.03, 4.04, 4.08
6, 14087, 1,    51.45, 6,  drogue,    0.84,  98779.00,  214.12,  241.39,  -13.25,  7.1, 0.03, 4.04, 4.08
6, 14087, 1,    51.55, 6,  drogue,    0.87,  98793.00,  212.93,  240.20,  -13.16,  7.1, 0.03, 4.05, 4.08
6, 14087, 1,    51.65, 6,  drogue,    0.82,  98814.00,  211.15,  238.42,  -13.05,  7.1, 0.03, 4.05, 4.08
6, 14087, 1,    51.75, 6,  drogue,    0.70,  98824.00,  210.30,  237.57,  -12.95,  7.1, 0.03, 4.05, 4.08
6, 14087, 1,    51.85, 6,  drogue,    0.51,  98845.00,  208.52,  235.78,  -12.87,  7.1, 0.03, 4.04, 4.08
6, 14087, 1,    51.95, 6,  drogue,    0.29,  98852.00,  207.92,  235.19,  -12.82,  7.1, 0.03, 4.04, 4.08
6, 14087, 1,    52.05, 6,  drogue,    0.06,  98840.00,  208.94,  236.21,  -12.79,  7.1, 0.03, 4.04, 4.08
6, 14087, 1,    52.15, 6,  drogue,   -0.17,  98854.00,  207.75,  235.02,  -12.79,  7.1, 0.03, 4.04, 4.08
6, 14087, 1,    52.25, 6,  drogue,   -0.43,  98868.00,  206.56,  233.83,  -12.81,  7.1, 0.03, 4.04, 4.08
6, 14087, 1,    52.35, 6,  drogue,   -0.70,  98902.00,  203.68,  230.94,  -12.83,  7.1, 0.03, 4.04, 4.08
6, 14087, 1,    52.45, 6,  drogue,   -0.96,  98916.00,  202.49,  229.76,  -12.89,  7.1, 0.03, 4.05, 4.08
6, 14087, 1,    52.55, 6,  drogue,   -1.20,  98935.00,  200.88,  228.14,  -13.01,  7.1, 0.03, 4.04, 4.08
6, 14087, 1,    52.65, 6,  drogue,   -1.37,  98925.00,  201.72,  228.99,  -13.14,  7.1, 0.03, 4.04, 4.08
6, 14087, 1,    52.75, 6,  drogue,   -1.48,  98967.00,  198.16,  225.43,  -13.30,  7.1, 0.03, 4.04, 4.08
6, 14087, 1,    52.85, 6,  drogue,   -1.56,  98915.00,  202.57,  229.84,  -13.46,  7.1, 0.03, 4.04, 4.08
6, 14087, 1,    52.95, 6,  drogue,   -1.60,  98955.00,  199.18,  226.45,  -13.60,  7.1, 0.03, 4.04, 4.08
6, 14087, 1,    53.05, 6,  drogue,   -1.61,  98997.00,  195.62,  222.88,  -13.75,  7.1, 0.03, 4.05, 4.08
6, 14087, 1,    53.15, 6,  drogue,   -1.52,  98998.00,  195.53,  222.80,  -13.92,  7.1, 0.03, 4.04, 4.08
6, 14087, 1,    53.25, 6,  drogue,   -1.31,  98974.00,  197.57,  224.83,  -14.11,  7.1, 0.03, 4.04, 4.08
6, 14087, 1,    53.35, 6,  drogue,   -0.98,  99060.00,  190.27,  217.54,  -14.29,  7.1, 0.03, 4.04, 4.08
6, 14087, 1,    53.45, 6,  drogue,   -0.54,  99076.00,  188.92,  216.18,  -14.41,  7.1, 0.03, 4.04, 4.08
6, 14087, 1,    53.55, 6,  drogue,   -0.08,  99095.00,  187.31,  214.57,  -14.44,  7.1, 0.03, 4.04, 4.08
6, 14087, 1,    53.65, 6,  drogue,    0.38,  99104.00,  186.54,  213.81,  -14.43,  7.1, 0.03, 4.04, 4.08
6, 14087, 1,    53.75, 6,  drogue,    0.80,  99117.00,  185.44,  212.71,  -14.41,  7.1, 0.03, 4.05, 4.08
6, 14087, 1,    53.85, 6,  drogue,    1.16,  99177.00,  180.36,  207.63,  -14.31,  7.1, 0.03, 4.05, 4.08
6, 14087, 1,    53.95, 6,  drogue,    1.47,  99187.00,  179.51,  206.78,  -14.19,  7.1, 0.03, 4.05, 4.08
6, 14087, 1,    54.05, 6,  drogue,    1.72,  99185.00,  179.68,  206.95,  -14.03,  7.1, 0.03, 4.05, 4.08
6, 14087, 1,    54.15, 6,  drogue,    1.89,  99196.00,  178.75,  206.02,  -13.84,  7.1, 0.03, 4.04, 4.08
6, 14087, 1,    54.25, 6,  drogue,    2.00,  99204.00,  178.07,  205.34,  -13.64,  7.1, 0.03, 4.04, 4.08
6, 14087, 1,    54.35, 6,  drogue,    2.06,  99219.00,  176.80,  204.07,  -13.44,  7.1, 0.03, 4.04, 4.08
6, 14087, 1,    54.45, 6,  drogue,    2.09,  99221.00,  176.63,  203.90,  -13.23,  7.1, 0.03, 4.05, 4.08
6, 14087, 1,    54.55, 6,  drogue,    2.09,  99281.00,  171.55,  198.82,  -13.02,  7.1, 0.05, 0.00, 4.06
6, 14087, 1,    54.57, 7,    main,    2.09,  99281.00,  171.55,  198.82,  -13.02,  7.1, 0.05, 0.00, 4.06
6, 14087, 1,    54.65, 7,    main,    2.05,  99276.00,  171.98,  199.24,  -12.80,  7.1, 0.03, 2.13, 4.07
6, 14087, 1,    54.75, 7,    main,    1.94,  99267.00,  172.74,  200.01,  -12.61,  7.1, 0.04, 1.76, 4.07
6, 14087, 1,    54.85, 7,    main,    1.77,  99282.00,  171.47,  198.74,  -12.36,  7.0, 0.03, 3.12, 4.07
6, 14087, 1,    54.95, 7,    main,    1.55,  99279.00,  171.72,  198.99,  -12.18,  7.1, 0.03, 3.57, 4.07
6, 14087, 1,    55.05, 7,    main,    1.29,  99339.00,  166.65,  193.91,  -12.04,  7.1, 0.03, 3.68, 4.07
6, 14087, 1,    55.15, 7,    main,    1.02,  99391.00,  162.25,  189.52,  -11.91,  7.0, 0.03, 3.73, 4.07
6, 14087, 1,    55.25, 7,    main,    0.76,  99420.00,  159.80,  187.07,  -11.78,  7.1, 0.03, 3.75, 4.07
6, 14087, 1,    55.35, 7,    main,    0.51,  99439.00,  158.19,  185.46,  -11.73,  7.1, 0.04, 3.76, 4.07
6, 14087, 1,    55.45, 7,    main,    0.27,  99373.00,  163.77,  191.04,  -11.68,  7.0, 0.00, 3.36, 4.07
6, 14087, 1,    55.55, 7,    main,    0.05,  99313.00,  168.85,  196.11,  -11.66,  7.0, 0.03, 2.16, 4.08
6, 14087, 1,    55.65, 7,    main,   -0.17,  99346.00,  166.05,  193.32,  -11.65,  7.1, 0.03, 1.09, 4.08
6, 14087, 1,    55.75, 7,    main,   -0.37,  99434.00,  158.61,  185.88,  -11.66,  7.1, 0.04, 0.77, 4.08
6, 14087, 1,    55.85, 7,    main,   -0.55,  99394.00,  162.00,  189.26,  -11.71,  7.1, 0.04, 0.64, 4.08
6, 14087, 1,    55.95, 7,    main,   -0.69,  99466.00,  155.91,  183.18,  -11.76,  7.1, 0.04, 0.59, 4.08
6, 14087, 1,    56.05, 7,    main,   -0.77,  99476.00,  155.06,  182.33,  -11.86,  7.1, 0.04, 0.51, 4.08
6, 14087, 1,    56.15, 7,    main,   -0.80,  99481.00,  154.64,  181.91,  -11.93,  7.1, 0.04, 0.47, 4.08
6, 14087, 1,    56.25, 7,    main,   -0.77,  99502.00,  152.87,  180.14,  -12.02,  7.1, 0.04, 0.44, 4.08
6, 14087, 1,    56.35, 7,    main,   -0.68,  99524.00,  151.01,  178.28,  -12.11,  7.1, 0.04, 0.42, 4.07
6, 14087, 1,    56.45, 7,    main,   -0.53,  99543.00,  149.41,  176.67,  -12.17,  7.1, 0.04, 0.39, 4.08
6, 14087, 1,    56.55, 7,    main,   -0.32,  99536.00,  150.00,  177.26,  -12.25,  7.1, 0.01, 0.38, 4.07
6, 14087, 1,    56.65, 7,    main,   -0.05,  99546.00,  149.15,  176.42,  -12.30,  7.1, 0.04, 0.34, 4.08
6, 14087, 1,    56.75, 7,    main,    0.26,  99562.00,  147.80,  175.07,  -12.31,  7.1, 0.04, 0.33, 4.08
6, 14087, 1,    56.85, 7,    main,    0.60,  99512.00,  152.02,  179.29,  -12.29,  7.1, 0.04, 0.31, 4.08
6, 14087, 1,    56.95, 7,    main,    0.99,  99596.00,  144.93,  172.20,  -12.22,  7.1, 0.04, 0.30, 4.08
6, 14087, 1,    57.05, 7,    main,    1.43,  99612.00,  143.58,  170.85,  -12.13,  7.1, 0.04, 0.29, 4.08
6, 14087, 1,    57.15, 7,    main,    1.92,  99620.00,  142.90,  170.17,  -12.01,  7.1, 0.04, 0.28, 4.08
6, 14087, 1,    57.25, 7,    main,    2.45,  99628.00,  142.23,  169.50,  -11.83,  7.1, 0.04, 0.28, 4.08
6, 14087, 1,    57.35, 7,    main,    2.95,  99659.00,  139.61,  166.88,  -11.59,  7.1, 0.04, 0.27, 4.08
6, 14087, 1,    57.45, 7,    main,    3.39,  99674.00,  138.35,  165.62,  -11.27,  7.1, 0.04, 0.26, 4.08
6, 14087, 1,    57.55, 7,    main,    3.73,  99684.00,  137.50,  164.77,  -10.89,  7.1, 0.03, 0.26, 4.08
6, 14087, 1,    57.65, 7,    main,    3.97,  99691.00,  136.91,  164.18,  -10.51,  7.1, 0.04, 0.24, 4.08
6, 14087, 1,    57.75, 7,    main,    4.15,  99731.00,  133.54,  160.81,  -10.12,  7.1, 0.04, 0.24, 4.08
6, 14087, 1,    57.85, 7,    main,    4.27,  99739.00,  132.87,  160.13,   -9.68,  7.1, 0.04, 0.23, 4.08
6, 14087, 1,    57.95, 7,    main,    4.36,  99743.00,  132.53,  159.80,   -9.26,  7.1, 0.04, 0.23, 4.08
6, 14087, 1,    58.05, 7,    main,    4.39,  99831.00,  125.11,  152.38,   -8.82,  7.1, 0.04, 0.22, 4.08
6, 14087, 1,    58.15, 7,    main,    4.37,  99774.00,  129.92,  157.18,   -8.37,  7.1, 0.04, 0.21, 4.08
6, 14087, 1,    58.25, 7,    main,    4.26,  99790.00,  128.57,  155.84,   -7.91,  7.1, 0.04, 0.20, 4.08
6, 14087, 1,    58.35, 7,    main,    4.09,  99783.00,  129.16,  156.43,   -7.47,  7.1, 0.04, 0.20, 4.08
6, 14087, 1,    58.45, 7,    main,    3.83,  99761.00,  131.01,  158.28,   -7.06,  7.1, 0.04, 0.20, 4.08
6, 14087, 1,    58.55, 7,    main,    3.51,  99793.00,  128.31,  155.58,   -6.65,  7.0, 0.04, 0.20, 4.08
6, 14087, 1,    58.65, 7,    main,    3.13,  99799.00,  127.81,  155.08,   -6.30,  7.0, 0.04, 0.20, 4.08
6, 14087, 1,    58.75, 7,    main,    2.71,  99801.00,  127.64,  154.91,   -5.99,  7.0, 0.04, 0.19, 4.08
6, 14087, 1,    58.85, 7,    main,    2.27,  99812.00,  126.71,  153.98,   -5.69,  7.0, 0.04, 0.19, 4.08
6, 14087, 1,    58.95, 7,    main,    1.83,  99815.00,  126.46,  153.73,   -5.48,  7.0, 0.04, 0.19, 4.08
6, 14087, 1,    59.05, 7,    main,    1.41,  99817.00,  126.29,  153.56,   -5.30,  7.0, 0.04, 0.19, 4.08
6, 14087, 1,    59.15, 7,    main,    1.02,  99830.00,  125.20,  152.46,   -5.17,  7.0, 0.04, 0.19, 4.08
6, 14087, 1,    59.25, 7,    main,    0.68,  99828.00,  125.37,  152.63,   -5.07,  7.0, 0.04, 0.19, 4.08
6, 14087, 1,    59.35, 7,    main,    0.38,  99828.00,  125.37,  152.63,   -5.01,  7.0, 0.04, 0.19, 4.08
6, 14087, 1,    59.45, 7,    main,    0.14,  99858.00,  122.84,  150.11,   -4.98,  7.0, 0.04, 0.19, 4.08
6, 14087, 1,    59.55, 7,    main,   -0.04,  99866.00,  122.16,  149.43,   -4.98,  7.0, 0.04, 0.19, 4.08
6, 14087, 1,    59.65, 7,    main,   -0.18,  99868.00,  122.00,  149.26,   -4.99,  7.0, 0.04, 0.18, 4.08
6, 14087, 1,    59.75, 7,    main,   -0.26,  99851.00,  123.43,  150.70,   -5.02,  7.0, 0.04, 0.18, 4.08
6, 14087, 1,    59.85, 7,    main,   -0.30,  99866.00,  122.16,  149.43,   -5.05,  7.0, 0.04, 0.18, 4.08
6, 14087, 1,    59.95, 7,    main,   -0.28,  99869.00,  121.91,  149.18,   -5.08,  7.0, 0.04, 0.18, 4.08
6, 14087, 1,    60.05, 7,    main,   -0.22,  99880.00,  120.99,  148.25,   -5.13,  7.0, 0.04, 0.18, 4.08
6, 14087, 1,    60.15, 7,    main,   -0.12,  99885.00,  120.56,  147.83,   -5.15,  7.0, 0.04, 0.18, 4.08
6, 14087, 1,    60.25, 7,    main,   -0.02,  99879.00,  121.07,  148.34,   -5.16,  7.0, 0.04, 0.18, 4.08
6, 14087, 1,    60.35, 7,    main,    0.06,  99884.00,  120.65,  147.92,   -5.17,  7.0, 0.04, 0.18, 4.08
6, 14087, 1,    60.45, 7,    main,    0.11,  99900.00,  119.30,  146.57,   -5.14,  7.0, 0.04, 0.18, 4.08
6, 14087, 1,    60.55, 7,    main,    0.13,  99903.00,  119.05,  146.32,   -5.13,  7.0, 0.04, 0.18, 4.08
6, 14087, 1,    60.65, 7,    main,    0.13,  99930.00,  116.78,  144.04,   -5.11,  7.0, 0.04, 0.17, 4.08
6, 14087, 1,    60.75, 7,    main,    0.11,  99946.00,  115.43,  142.70,   -5.10,  7.0, 0.04, 0.17, 4.08
6, 14087, 1,    60.85, 7,    main,    0.10,  99940.00,  115.93,  143.20,   -5.09,  7.0, 0.04, 0.17, 4.08
6, 14087, 1,    60.95, 7,    main,    0.10,  99929.00,  116.86,  144.13,   -5.08,  7.0, 0.04, 0.17, 4.08
6, 14087, 1,    61.05, 7,    main,    0.09,  99938.00,  116.10,  143.37,   -5.07,  7.0, 0.04, 0.17, 4.08
6, 14087, 1,    61.15, 7,    main,    0.09,  99948.00,  115.26,  142.53,   -5.06,  7.0, 0.04, 0.17, 4.08
6, 14087, 1,    61.25, 7,    main,    0.10,  99962.00,  114.08,  141.35,   -5.05,  7.0, 0.04, 0.17, 4.08
6, 14087, 1,    61.35, 7,    main,    0.11,  99957.00,  114.50,  141.77,   -5.04,  7.0, 0.04, 0.17, 4.08
6, 14087, 1,    61.45, 7,    main,    0.12,  99977.00,  112.82,  140.09,   -5.03,  7.0, 0.04, 0.17, 4.08
6, 14087, 1,    61.55, 7,    main,    0.14,  99986.00,  112.06,  139.33,   -5.03,  7.0, 0.04, 0.17, 4.08
6, 14087, 1,    61.65, 7,    main,    0.15,  99971.00,  113.32,  140.59,   -5.01,  7.0, 0.04, 0.17, 4.08
6, 14087, 1,    61.75, 7,    main,    0.14,  99977.00,  112.82,  140.09,   -4.99,  7.0, 0.04, 0.17, 4.08
6, 14087, 1,    61.85, 7,    main,    0.12,  99981.00,  112.48,  139.75,   -4.97,  7.0, 0.04, 0.17, 4.08
6, 14087, 1,    61.95, 7,    main,    0.09,  99989.00,  111.81,  139.08,   -4.95,  7.0, 0.04, 0.17, 4.08
6, 14087, 1,    62.05, 7,    main,    0.08,  99997.00,  111.14,  138.40,   -4.95,  7.0, 0.04, 0.17, 4.08
6, 14087, 1,    62.15, 7,    main,    0.07, 100002.00,  110.72,  137.98,   -4.95,  7.0, 0.04, 0.16, 4.08
6, 14087, 1,    62.25, 7,    main,    0.07, 100016.00,  109.54,  136.81,   -4.94,  7.0, 0.04, 0.16, 4.08
6, 14087, 1,    62.35, 7,    main,    0.07, 100016.00,  109.54,  136.81,   -4.93,  7.0, 0.04, 0.16, 4.08
6, 14087, 1,    62.45, 7,    main,    0.06, 100011.00,  109.96,  137.23,   -4.93,  7.0, 0.04, 0.16, 4.08
6, 14087, 1,    62.55, 7,    main,    0.06, 100018.00,  109.37,  136.64,   -4.92,  7.0, 0.05, 0.16, 4.08
6, 14087, 1,    62.65, 7,    main,    0.06, 100037.00,  107.77,  135.04,   -4.92,  7.0, 0.05, 0.16, 4.08
6, 14087, 1,    62.75, 7,    main,    0.07, 100055.00,  106.26,  133.53,   -4.92,  7.0, 0.05, 0.16, 4.08
6, 14087, 1,    62.85, 7,    main,    0.08, 100072.00,  104.83,  132.10,   -4.91,  7.0, 0.05, 0.16, 4.08
6, 14087, 1,    62.95, 7,    main,    0.08, 100077.00,  104.41,  131.68,   -4.89,  7.0, 0.04, 0.16, 4.08
6, 14087, 1,    63.05, 7,    main,    0.06, 100071.00,  104.91,  132.18,   -4.88,  7.0, 0.04, 0.16, 4.08
6, 14087, 1,    63.15, 7,    main,    0.04, 100072.00,  104.83,  132.10,   -4.87,  7.0, 0.05, 0.16, 4.08
6, 14087, 1,    63.25, 7,    main,    0.00, 100071.00,  104.91,  132.18,   -4.87,  7.0, 0.04, 0.16, 4.08
6, 14087, 1,    63.35, 7,    main,   -0.03, 100069.00,  105.08,  132.35,   -4.87,  7.0, 0.05, 0.16, 4.08
6, 14087, 1,    63.45, 7,    main,   -0.06, 100070.00,  105.00,  132.26,   -4.88,  7.0, 0.05, 0.15, 4.08
6, 14087, 1,    63.55, 7,    main,   -0.08, 100075.00,  104.58,  131.84,   -4.89,  7.0, 0.05, 0.15, 4.08
6, 14087, 1,    63.65, 7,    main,   -0.11, 100075.00,  104.58,  131.84,   -4.89,  7.0, 0.05, 0.15, 4.08
6, 14087, 1,    63.75, 7,    main,   -0.14, 100091.00,  103.23,  130.50,   -4.90,  7.0, 0.05, 0.15, 4.08
6, 14087, 1,    63.85, 7,    main,   -0.17, 100096.00,  102.81,  130.08,   -4.91,  7.0, 0.04, 0.15, 4.08
6, 14087, 1,    63.95, 7,    main,   -0.21, 100115.00,  101.21,  128.48,   -4.93,  7.0, 0.05, 0.15, 4.08
6, 14087, 1,    64.05, 7,    main,   -0.23, 100139.00,   99.20,  126.46,   -4.95,  7.0, 0.05, 0.15, 4.08
6, 14087, 1,    64.15, 7,    main,   -0.24, 100138.00,   99.28,  126.55,   -4.98,  7.0, 0.05, 0.15, 4.08
6, 14087, 1,    64.25, 7,    main,   -0.24, 100129.00,  100.04,  127.30,   -5.00,  7.0, 0.05, 0.15, 4.08
6, 14087, 1,    64.35, 7,    main,   -0.21, 100133.00,   99.70,  126.97,   -5.03,  7.0, 0.05, 0.15, 4.08
6, 14087, 1,    64.45, 7,    main,   -0.17, 100137.00,   99.36,  126.63,   -5.06,  7.0, 0.05, 0.15, 4.08
6, 14087, 1,    64.55, 7,    main,   -0.12, 100147.00,   98.52,  125.79,   -5.07,  7.0, 0.05, 0.15, 4.08
6, 14087, 1,    64.65, 7,    main,   -0.07, 100152.00,   98.10,  125.37,   -5.08,  7.0, 0.05, 0.15, 4.08
6, 14087, 1,    64.75, 7,    main,   -0.01, 100163.00,   97.18,  124.45,   -5.09,  7.0, 0.05, 0.15, 4.08
6, 14087, 1,    64.85, 7,    main,    0.06, 100166.00,   96.93,  124.20,   -5.10,  7.0, 0.05, 0.15, 4.08
6, 14087, 1,    64.95, 7,    main,    0.12, 100173.00,   96.34,  123.61,   -5.10,  7.0, 0.05, 0.14, 4.08
6, 14087, 1,    65.05, 7,    main,    0.18, 100178.00,   95.92,  123.19,   -5.08,  7.0, 0.05, 0.14, 4.08
6, 14087, 1,    65.15, 7,    main,    0.22, 100181.00,   95.67,  122.94,   -5.06,  7.0, 0.05, 0.14, 4.08
6, 14087, 1,    65.25, 7,    main,    0.22, 100185.00,   95.33,  122.60,   -5.03,  7.0, 0.05, 0.14, 4.08
6, 14087, 1,    65.35, 7,    main,    0.19, 100196.00,   94.41,  121.67,   -5.00,  7.0, 0.05, 0.14, 4.08
6, 14087, 1,    65.45, 7,    main,    0.14, 100204.00,   93.74,  121.00,   -4.98,  7.0, 0.05, 0.14, 4.08
6, 14087, 1,    65.55, 7,    main,    0.06, 100210.00,   93.23,  120.50,   -4.96,  7.0, 0.05, 0.14, 4.08
6, 14087, 1,    65.65, 7,    main,   -0.01, 100210.00,   93.23,  120.50,   -4.95,  7.0, 0.05, 0.14, 4.08
6, 14087, 1,    65.75, 7,    main,   -0.07, 100223.00,   92.14,  119.41,   -4.96,  7.0, 0.05, 0.14, 4.08
6, 14087, 1,    65.85, 7,    main,   -0.11, 100227.00,   91.80,  119.07,   -4.97,  7.0, 0.05, 0.14, 4.08
6, 14087, 1,    65.95, 7,    main,   -0.13, 100231.00,   91.47,  118.74,   -4.99,  7.0, 0.05, 0.14, 4.08
6, 14087, 1,    66.05, 7,    main,   -0.12, 100239.00,   90.80,  118.06,   -5.00,  7.0, 0.05, 0.14, 4.08
6, 14087, 1,    66.15, 7,    main,   -0.11, 100248.00,   90.04,  117.31,   -5.02,  7.0, 0.05, 0.14, 4.08
6, 14087, 1,    66.25, 7,    main,   -0.09, 100255.00,   89.45,  116.72,   -5.02,  7.0, 0.05, 0.14, 4.08
6, 14087, 1,    66.35, 7,    main,   -0.08, 100271.00,   88.11,  115.38,   -5.03,  7.0, 0.05, 0.14, 4.08
6, 14087, 1,    66.45, 7,    main,   -0.06, 100274.00,   87.86,  115.12,   -5.04,  7.0, 0.05, 0.14, 4.08
6, 14087, 1,    66.55, 7,    main,   -0.06, 100249.00,   89.96,  117.22,   -5.05,  7.0, 0.05, 0.14, 4.08
6, 14087, 1,    66.65, 7,    main,   -0.06, 100257.00,   89.28,  116.55,   -5.05,  7.0, 0.05, 0.14, 4.08
6, 14087, 1,    66.75, 7,    main,   -0.07, 100267.00,   88.44,  115.71,   -5.06,  7.0, 0.05, 0.14, 4.08
6, 14087, 1,    66.85, 7,    main,   -0.10, 100276.00,   87.69,  114.96,   -5.06,  7.0, 0.05, 0.14, 4.08
6, 14087, 1,    66.95, 7,    main,   -0.12, 100288.00,   86.68,  113.95,   -5.07,  7.0, 0.05, 0.14, 4.08
6, 14087, 1,    67.05, 7,    main,   -0.14, 100294.00,   86.18,  113.45,   -5.08,  7.0, 0.05, 0.14, 4.08
6, 14087, 1,    67.15, 7,    main,   -0.16, 100304.00,   85.34,  112.61,   -5.10,  7.0, 0.05, 0.14, 4.08
6, 14087, 1,    67.25, 7,    main,   -0.17, 100309.00,   84.92,  112.19,   -5.11,  7.0, 0.05, 0.14, 4.08
6, 14087, 1,    67.35, 7,    main,   -0.18, 100317.00,   84.25,  111.52,   -5.13,  7.0, 0.05, 0.14, 4.08
6, 14087, 1,    67.45, 7,    main,   -0.20, 100325.00,   83.58,  110.84,   -5.15,  7.0, 0.05, 0.14, 4.08
6, 14087, 1,    67.55, 7,    main,   -0.23, 100337.00,   82.57,  109.84,   -5.16,  7.0, 0.05, 0.13, 4.08
6, 14087, 1,    67.65, 7,    main,   -0.27, 100351.00,   81.40,  108.66,   -5.18,  7.0, 0.05, 0.13, 4.08
6, 14087, 1,    67.75, 7,    main,   -0.33, 100363.00,   80.39,  107.66,   -5.21,  7.0, 0.05, 0.14, 4.08
6, 14087, 1,    67.85, 7,    main,   -0.39, 100356.00,   80.98,  108.24,   -5.24,  7.0, 0.05, 0.13, 4.08
6, 14087, 1,    67.95, 7,    main,   -0.46, 100349.00,   81.56,  108.83,   -5.28,  7.0, 0.05, 0.13, 4.08
6, 14087, 1,    68.05, 7,    main,   -0.52, 100344.00,   81.98,  109.25,   -5.32,  7.0, 0.05, 0.13, 4.08
6, 14087, 1,    68.15, 7,    main,   -0.56, 100353.00,   81.23,  108.50,   -5.38,  7.0, 0.05, 0.13, 4.08
6, 14087, 1,    68.25, 7,    main,   -0.56, 100360.00,   80.64,  107.91,   -5.44,  7.0, 0.05, 0.13, 4.08
6, 14087, 1,    68.35, 7,    main,   -0.54, 100372.00,   79.63,  106.90,   -5.51,  7.0, 0.05, 0.13, 4.08
6, 14087, 1,    68.45, 7,    main,   -0.49, 100380.00,   78.96,  106.23,   -5.57,  7.0, 0.05, 0.13, 4.08
6, 14087, 1,    68.55, 7,    main,   -0.43, 100372.00,   79.63,  106.90,   -5.61,  7.0, 0.05, 0.13, 4.08
6, 14087, 1,    68.65, 7,    main,   -0.37, 100389.00,   78.21,  105.48,   -5.65,  7.0, 0.05, 0.13, 4.08
6, 14087, 1,    68.75, 7,    main,   -0.31, 100393.00,   77.87,  105.14,   -5.69,  7.0, 0.05, 0.13, 4.08
6, 14087, 1,    68.85, 7,    main,   -0.24, 100407.00,   76.70,  103.97,   -5.73,  7.0, 0.05, 0.13, 4.08
6, 14087, 1,    68.95, 7,    main,   -0.16, 100431.00,   74.69,  101.95,   -5.75,  7.0, 0.05, 0.13, 4.08
6, 14087, 1,    69.05, 7,    main,   -0.06, 100447.00,   73.34,  100.61,   -5.77,  7.0, 0.05, 0.13, 4.08
6, 14087, 1,    69.15, 7,    main,    0.06, 100448.00,   73.26,  100.53,   -5.78,  7.0, 0.05, 0.13, 4.08
6, 14087, 1,    69.25, 7,    main,    0.18, 100443.00,   73.68,  100.95,   -5.78,  7.0, 0.05, 0.13, 4.08
6, 14087, 1,    69.35, 7,    main,    0.31, 100447.00,   73.34,  100.61,   -5.76,  7.0, 0.05, 0.13, 4.08
6, 14087, 1,    69.45, 7,    main,    0.43, 100440.00,   73.93,  101.20,   -5.73,  7.0, 0.05, 0.13, 4.08
6, 14087, 1,    69.55, 7,    main,    0.55, 100451.00,   73.01,  100.28,   -5.68,  7.0, 0.05, 0.13, 4.08
6, 14087, 1,    69.65, 7,    main,    0.65, 100465.00,   71.84,   99.10,   -5.62,  7.0, 0.05, 0.13, 4.08
6, 14087, 1,    69.75, 7,    main,    0.74, 100476.00,   70.91,   98.18,   -5.56,  7.0, 0.05, 0.13, 4.08
6, 14087, 1,    69.85, 7,    main,    0.80, 100478.00,   70.75,   98.01,   -5.48,  7.0, 0.05, 0.13, 4.08
6, 14087, 1,    69.95, 7,    main,    0.83, 100489.00,   69.82,   97.09,   -5.40,  7.0, 0.05, 0.13, 4.08
6, 14087, 1,    70.05, 7,    main,    0.82, 100505.00,   68.48,   95.75,   -5.30,  7.0, 0.05, 0.13, 4.08
6, 14087, 1,    70.15, 7,    main,    0.79, 100517.00,   67.48,   94.75,   -5.22,  7.0, 0.05, 0.13, 4.08
6, 14087, 1,    70.25, 7,    main,    0.73, 100523.00,   66.98,   94.24,   -5.13,  7.0, 0.05, 0.13, 4.08
6, 14087, 1,    70.35, 7,    main,    0.67, 100520.00,   67.23,   94.49,   -5.06,  7.0, 0.05, 0.13, 4.08
6, 14087, 1,    70.45, 7,    main,    0.59, 100513.00,   67.81,   95.08,   -5.00,  7.0, 0.05, 0.13, 4.08
6, 14087, 1,    70.55, 7,    main,    0.51, 100519.00,   67.31,   94.58,   -4.93,  7.0, 0.05, 0.13, 4.08
6, 14087, 1,    70.65, 7,    main,    0.42, 100518.00,   67.39,   94.66,   -4.88,  7.0, 0.05, 0.13, 4.08
6, 14087, 1,    70.75, 7,    main,    0.33, 100530.00,   66.39,   93.66,   -4.84,  7.0, 0.06, 0.13, 4.08
6, 14087, 1,    70.85, 7,    main,    0.24, 100533.00,   66.14,   93.41,   -4.80,  7.0, 0.06, 0.13, 4.08
6, 14087, 1,    70.95, 7,    main,    0.16, 100547.00,   64.96,   92.23,   -4.78,  7.0, 0.06, 0.13, 4.08
6, 14087, 1,    71.05, 7,    main,    0.09, 100557.00,   64.13,   91.39,   -4.77,  7.0, 0.06, 0.13, 4.08
6, 14087, 1,    71.15, 7,    main,    0.02, 100568.00,   63.21,   90.47,   -4.76,  7.0, 0.06, 0.12, 4.08
6, 14087, 1,    71.25, 7,    main,   -0.06, 100578.00,   62.37,   89.64,   -4.76,  7.0, 0.06, 0.13, 4.08
6, 14087, 1,    71.35, 7,    main,   -0.13, 100575.00,   62.62,   89.89,   -4.76,  7.0, 0.06, 0.13, 4.08
6, 14087, 1,    71.45, 7,    main,   -0.19, 100566.00,   63.37,   90.64,   -4.78,  7.0, 0.06, 0.12, 4.08
6, 14087, 1,    71.55, 7,    main,   -0.25, 100577.00,   62.45,   89.72,   -4.80,  7.0, 0.06, 0.12, 4.08
6, 14087, 1,    71.65, 7,    main,   -0.29, 100581.00,   62.12,   89.38,   -4.83,  7.0, 0.06, 0.12, 4.08
6, 14087, 1,    71.75, 7,    main,   -0.31, 100594.00,   61.03,   88.30,   -4.86,  7.0, 0.06, 0.12, 4.08
6, 14087, 1,    71.85, 7,    main,   -0.32, 100596.00,   60.86,   88.13,   -4.89,  7.0, 0.06, 0.12, 4.08
6, 14087, 1,    71.95, 7,    main,   -0.30, 100603.00,   60.27,   87.54,   -4.93,  7.0, 0.06, 0.12, 4.08
6, 14087, 1,    72.05, 7,    main,   -0.26, 100607.00,   59.94,   87.21,   -4.96,  7.0, 0.06, 0.12, 4.08
6, 14087, 1,    72.15, 7,    main,   -0.19, 100610.00,   59.69,   86.96,   -4.99,  7.0, 0.05, 0.12, 4.08
6, 14087, 1,    72.25, 7,    main,   -0.12, 100620.00,   58.85,   86.12,   -5.02,  7.0, 0.06, 0.12, 4.08
6, 14087, 1,    72.35, 7,    main,   -0.06, 100629.00,   58.10,   85.37,   -5.02,  7.0, 0.06, 0.12, 4.08
6, 14087, 1,    72.45, 7,    main,   -0.02, 100630.00,   58.01,   85.28,   -5.02,  7.0, 0.06, 0.12, 4.08
6, 14087, 1,    72.55, 7,    main,    0.01, 100644.00,   56.84,   84.11,   -5.02,  7.0, 0.06, 0.12, 4.08
6, 14087, 1,    72.65, 7,    main,    0.04, 100642.00,   57.01,   84.28,   -5.02,  7.0, 0.06, 0.12, 4.08
6, 14087, 1,    72.75, 7,    main,    0.06, 100649.00,   56.42,   83.69,   -5.02,  7.0, 0.06, 0.12, 4.08
6, 14087, 1,    72.85, 7,    main,    0.08, 100658.00,   55.67,   82.94,   -5.02,  7.0, 0.06, 0.12, 4.08
6, 14087, 1,    72.95, 7,    main,    0.10, 100660.00,   55.50,   82.77,   -5.00,  7.0, 0.06, 0.12, 4.08
6, 14087, 1,    73.05, 7,    main,    0.12, 100672.00,   54.50,   81.77,   -4.99,  7.0, 0.06, 0.12, 4.08
6, 14087, 1,    73.15, 7,    main,    0.14, 100677.00,   54.08,   81.35,   -4.98,  7.0, 0.06, 0.12, 4.08
6, 14087, 1,    73.25, 7,    main,    0.16, 100686.00,   53.33,   80.60,   -4.97,  7.0, 0.06, 0.12, 4.08
6, 14087, 1,    73.35, 7,    main,    0.17, 100703.00,   51.91,   79.17,   -4.95,  7.0, 0.06, 0.12, 4.08
6, 14087, 1,    73.45, 7,    main,    0.16, 100713.00,   51.07,   78.34,   -4.93,  7.0, 0.06, 0.12, 4.08
6, 14087, 1,    73.55, 7,    main,    0.14, 100706.00,   51.65,   78.92,   -4.91,  7.0, 0.06, 0.12, 4.08
6, 14087, 1,    73.65, 7,    main,    0.09, 100693.00,   52.74,   80.01,   -4.89,  7.0, 0.06, 0.12, 4.08
6, 14087, 1,    73.75, 7,    main,    0.02, 100706.00,   51.65,   78.92,   -4.88,  7.0, 0.06, 0.12, 4.08
6, 14087, 1,    73.85, 7,    main,   -0.06, 100713.00,   51.07,   78.34,   -4.88,  7.0, 0.06, 0.11, 4.08
6, 14087, 1,    73.95, 7,    main,   -0.14, 100726.00,   49.98,   77.25,   -4.88,  7.0, 0.06, 0.12, 4.08
6, 14087, 1,    74.05, 7,    main,   -0.21, 100717.00,   50.73,   78.00,   -4.90,  7.0, 0.06, 0.11, 4.08
6, 14087, 1,    74.15, 7,    main,   -0.28, 100735.00,   49.23,   76.50,   -4.92,  7.0, 0.06, 0.11, 4.08
6, 14087, 1,    74.25, 7,    main,   -0.33, 100732.00,   49.48,   76.75,   -4.95,  7.0, 0.06, 0.11, 4.08
6, 14087, 1,    74.35, 7,    main,   -0.38, 100734.00,   49.31,   76.58,   -4.99,  7.0, 0.06, 0.11, 4.08
6, 14087, 1,    74.45, 7,    main,   -0.42, 100748.00,   48.14,   75.41,   -5.02,  7.0, 0.06, 0.11, 4.08
6, 14087, 1,    74.55, 7,    main,   -0.46, 100761.00,   47.05,   74.32,   -5.06,  7.0, 0.06, 0.11, 4.08
6, 14087, 1,    74.65, 7,    main,   -0.47, 100778.00,   45.63,   72.90,   -5.11,  7.0, 0.06, 0.11, 4.08
6, 14087, 1,    74.75, 7,    main,   -0.46, 100787.00,   44.88,   72.15,   -5.17,  7.0, 0.06, 0.11, 4.08
6, 14087, 1,    74.85, 7,    main,   -0.42, 100777.00,   45.72,   72.98,   -5.22,  7.0, 0.06, 0.11, 4.08
6, 14087, 1,    74.95, 7,    main,   -0.37, 100770.00,   46.30,   73.57,   -5.26,  7.0, 0.06, 0.11, 4.08
6, 14087, 1,    75.05, 7,    main,   -0.31, 100790.00,   44.63,   71.90,   -5.30,  7.0, 0.06, 0.11, 4.08
6, 14087, 1,    75.15, 7,    main,   -0.23, 100794.00,   44.30,   71.56,   -5.33,  7.0, 0.06, 0.11, 4.08
6, 14087, 1,    75.25, 7,    main,   -0.13, 100803.00,   43.54,   70.81,   -5.36,  7.0, 0.06, 0.11, 4.08
6, 14087, 1,    75.35, 7,    main,   -0.01, 100804.00,   43.46,   70.73,   -5.38,  7.0, 0.06, 0.11, 4.08
6, 14087, 1,    75.45, 7,    main,    0.12, 100811.00,   42.87,   70.14,   -5.38,  7.0, 0.06, 0.11, 4.08
6, 14087, 1,    75.55, 7,    main,    0.24, 100807.00,   43.21,   70.48,   -5.37,  7.0, 0.06, 0.11, 4.08
6, 14087, 1,    75.65, 7,    main,    0.33, 100823.00,   41.87,   69.14,   -5.33,  7.0, 0.06, 0.11, 4.08
6, 14087, 1,    75.75, 7,    main,    0.40, 100825.00,   41.70,   68.97,   -5.29,  7.0, 0.06, 0.11, 4.08
6, 14087, 1,    75.85, 7,    main,    0.45, 100835.00,   40.87,   68.14,   -5.25,  7.0, 0.06, 0.11, 4.08
6, 14087, 1,    75.95, 7,    main,    0.49, 100855.00,   39.20,   66.47,   -5.21,  7.0, 0.06, 0.11, 4.08
6, 14087, 1,    76.05, 7,    main,    0.54, 100870.00,   37.94,   65.21,   -5.17,  7.0, 0.06, 0.11, 4.08
6, 14087, 1,    76.15, 7,    main,    0.57, 100877.00,   37.36,   64.63,   -5.11,  7.0, 0.06, 0.11, 4.08
6, 14087, 1,    76.25, 7,    main,    0.59, 100868.00,   38.11,   65.38,   -5.04,  7.0, 0.06, 0.11, 4.08
6, 14087, 1,    76.35, 7,    main,    0.58, 100878.00,   37.28,   64.54,   -4.98,  7.0, 0.06, 0.11, 4.08
6, 14087, 1,    76.45, 7,    main,    0.56, 100874.00,   37.61,   64.88,   -4.92,  7.0, 0.06, 0.11, 4.08
6, 14087, 1,    76.55, 7,    main,    0.53, 100883.00,   36.86,   64.13,   -4.86,  7.0, 0.06, 0.11, 4.08
6, 14087, 1,    76.65, 7,    main,    0.50, 100900.00,   35.44,   62.71,   -4.82,  7.0, 0.06, 0.11, 4.08
6, 14087, 1,    76.75, 7,    main,    0.45, 100914.00,   34.27,   61.54,   -4.77,  7.0, 0.06, 0.11, 4.08
6, 14087, 1,    76.85, 7,    main,    0.38, 100907.00,   34.85,   62.12,   -4.71,  7.0, 0.06, 0.11, 4.08
6, 14087, 1,    76.95, 7,    main,    0.28, 100893.00,   36.02,   63.29,   -4.66,  7.0, 0.06, 0.11, 4.08
6, 14087, 1,    77.05, 7,    main,    0.18, 100903.00,   35.19,   62.46,   -4.63,  7.0, 0.06, 0.11, 4.08
6, 14087, 1,    77.15, 7,    main,    0.07, 100913.00,   34.35,   61.62,   -4.62,  7.0, 0.06, 0.11, 4.08
6, 14087, 1,    77.25, 7,    main,   -0.01, 100921.00,   33.68,   60.95,   -4.62,  7.0, 0.06, 0.11, 4.08
6, 14087, 1,    77.35, 7,    main,   -0.09, 100926.00,   33.27,   60.53,   -4.62,  7.0, 0.06, 0.11, 4.08
6, 14087, 1,    77.45, 7,    main,   -0.15, 100932.00,   32.77,   60.03,   -4.63,  7.0, 0.06, 0.11, 4.08
6, 14087, 1,    77.55, 7,    main,   -0.21, 100932.00,   32.77,   60.03,   -4.65,  7.0, 0.06, 0.11, 4.08
6, 14087, 1,    77.65, 7,    main,   -0.27, 100932.00,   32.77,   60.03,   -4.67,  7.0, 0.06, 0.11, 4.08
6, 14087, 1,    77.75, 7,    main,   -0.32, 100939.00,   32.18,   59.45,   -4.70,  7.0, 0.06, 0.11, 4.08
6, 14087, 1,    77.85, 7,    main,   -0.36, 100968.00,   29.76,   57.03,   -4.73,  7.0, 0.06, 0.11, 4.08
6, 14087, 1,    77.95, 7,    main,   -0.39, 100985.00,   28.34,   55.61,   -4.77,  7.0, 0.07, 0.11, 4.08
6, 14087, 1,    78.05, 7,    main,   -0.40, 100981.00,   28.67,   55.94,   -4.81,  7.0, 0.07, 0.11, 4.08
6, 14087, 1,    78.15, 7,    main,   -0.42, 100967.00,   29.84,   57.11,   -4.85,  7.0, 0.06, 0.11, 4.08
6, 14087, 1,    78.25, 7,    main,   -0.43, 100970.00,   29.59,   56.86,   -4.89,  7.0, 0.06, 0.11, 4.08
6, 14087, 1,    78.35, 7,    main,   -0.45, 100983.00,   28.51,   55.78,   -4.93,  7.0, 0.07, 0.10, 4.08
6, 14087, 1,    78.45, 7,    main,   -0.46, 100987.00,   28.17,   55.44,   -4.98,  7.0, 0.07, 0.11, 4.08
6, 14087, 1,    78.55, 7,    main,   -0.46, 100993.00,   27.67,   54.94,   -5.02,  7.0, 0.07, 0.11, 4.08
6, 14087, 1,    78.65, 7,    main,   -0.44, 101000.00,   27.09,   54.36,   -5.08,  7.0, 0.07, 0.11, 4.08
6, 14087, 1,    78.75, 7,    main,   -0.40, 101005.00,   26.67,   53.94,   -5.13,  7.0, 0.07, 0.11, 4.08
6, 14087, 1,    78.85, 7,    main,   -0.34, 101002.00,   26.92,   54.19,   -5.17,  7.0, 0.07, 0.11, 4.08
6, 14087, 1,    78.95, 7,    main,   -0.28, 101011.00,   26.17,   53.44,   -5.20,  7.0, 0.07, 0.11, 4.08
6, 14087, 1,    79.05, 7,    main,   -0.23, 101034.00,   24.25,   51.52,   -5.23,  7.0, 0.07, 0.10, 4.08
6, 14087, 1,    79.15, 7,    main,   -0.18, 101053.00,   22.67,   49.93,   -5.25,  7.0, 0.07, 0.10, 4.08
6, 14087, 1,    79.25, 7,    main,   -0.12, 101053.00,   22.67,   49.93,   -5.27,  7.0, 0.07, 0.11, 4.08
6, 14087, 1,    79.35, 7,    main,   -0.04, 101037.00,   24.00,   51.27,   -5.28,  7.0, 0.07, 0.10, 4.08
6, 14087, 1,    79.45, 7,    main,    0.05, 101048.00,   23.08,   50.35,   -5.29,  7.0, 0.07, 0.10, 4.08
6, 14087, 1,    79.55, 7,    main,    0.15, 101052.00,   22.75,   50.02,   -5.29,  7.0, 0.07, 0.10, 4.08
6, 14087, 1,    79.65, 7,    main,    0.25, 101059.00,   22.17,   49.43,   -5.28,  7.0, 0.07, 0.10, 4.08
6, 14087, 1,    79.75, 7,    main,    0.36, 101064.00,   21.75,   49.02,   -5.24,  7.0, 0.07, 0.11, 4.08
6, 14087, 1,    79.85, 7,    main,    0.46, 101078.00,   20.58,   47.85,   -5.21,  7.0, 0.07, 0.10, 4.08
6, 14087, 1,    79.95, 7,    main,    0.56, 101078.00,   20.58,   47.85,   -5.17,  7.0, 0.07, 0.10, 4.08
6, 14087, 1,    80.05, 7,    main,    0.66, 101087.00,   19.83,   47.10,   -5.11,  7.0, 0.07, 0.10, 4.08
6, 14087, 1,    80.15, 7,    main,    0.73, 101107.00,   18.16,   45.43,   -5.04,  7.0, 0.07, 0.10, 4.08
6, 14087, 1,    80.25, 7,    main,    0.79, 101111.00,   17.83,   45.10,   -4.96,  7.0, 0.07, 0.10, 4.08
6, 14087, 1,    80.35, 7,    main,    0.81, 101123.00,   16.83,   44.10,   -4.88,  7.0, 0.07, 0.10, 4.08
6, 14087, 1,    80.45, 7,    main,    0.82, 101130.00,   16.24,   43.51,   -4.79,  7.0, 0.07, 0.10, 4.08
6, 14087, 1,    80.55, 7,    main,    0.79, 101131.00,   16.16,   43.43,   -4.71,  7.0, 0.07, 0.10, 4.08
6, 14087, 1,    80.65, 7,    main,    0.72, 101139.00,   15.49,   42.76,   -4.63,  7.0, 0.07, 0.10, 4.08
6, 14087, 1,    80.75, 7,    main,    0.62, 101137.00,   15.66,   42.93,   -4.55,  7.0, 0.08, 0.10, 4.08
6, 14087, 1,    80.85, 7,    main,    0.50, 101135.00,   15.83,   43.10,   -4.47,  7.0, 0.07, 0.10, 4.08
6, 14087, 1,    80.95, 7,    main,    0.36, 101129.00,   16.33,   43.60,   -4.42,  7.0, 0.08, 0.10, 4.08
6, 14087, 1,    81.05, 7,    main,    0.24, 101138.00,   15.58,   42.85,   -4.39,  7.0, 0.07, 0.10, 4.08
6, 14087, 1,    81.15, 7,    main,    0.12, 101147.00,   14.83,   42.10,   -4.38,  7.0, 0.08, 0.10, 4.08
6, 14087, 1,    81.25, 7,    main,    0.02, 101152.00,   14.41,   41.68,   -4.37,  7.0, 0.07, 0.10, 4.08
6, 14087, 1,    81.35, 7,    main,   -0.08, 101168.00,   13.08,   40.34,   -4.36,  7.0, 0.08, 0.10, 4.08
6, 14087, 1,    81.45, 7,    main,   -0.19, 101182.00,   11.91,   39.18,   -4.36,  7.0, 0.08, 0.10, 4.08
6, 14087, 1,    81.55, 7,    main,   -0.30, 101189.00,   11.33,   38.59,   -4.38,  7.0, 0.08, 0.10, 4.08
6, 14087, 1,    81.65, 7,    main,   -0.41, 101176.00,   12.41,   39.68,   -4.42,  7.0, 0.08, 0.10, 4.08
6, 14087, 1,    81.75, 7,    main,   -0.51, 101164.00,   13.41,   40.68,   -4.46,  7.0, 0.08, 0.10, 4.08
6, 14087, 1,    81.85, 7,    main,   -0.59, 101186.00,   11.58,   38.84,   -4.51,  7.0, 0.08, 0.10, 4.08
6, 14087, 1,    81.95, 7,    main,   -0.65, 101195.00,   10.83,   38.09,   -4.57,  7.0, 0.08, 0.10, 4.08
6, 14087, 1,    82.05, 7,    main,   -0.68, 101202.00,   10.24,   37.51,   -4.64,  7.0, 0.08, 0.10, 4.08
6, 14087, 1,    82.15, 7,    main,   -0.68, 101201.00,   10.33,   37.59,   -4.72,  7.0, 0.08, 0.10, 4.08
6, 14087, 1,    82.25, 7,    main,   -0.64, 101214.00,    9.24,   36.51,   -4.79,  7.0, 0.08, 0.10, 4.08
6, 14087, 1,    82.35, 7,    main,   -0.58, 101215.00,    9.16,   36.43,   -4.86,  7.0, 0.08, 0.10, 4.08
6, 14087, 1,    82.45, 7,    main,   -0.51, 101207.00,    9.83,   37.09,   -4.92,  7.0, 0.08, 0.10, 4.08
6, 14087, 1,    82.55, 7,    main,   -0.43, 101226.00,    8.24,   35.51,   -4.97,  7.0, 0.08, 0.10, 4.08
6, 14087, 1,    82.65, 7,    main,   -0.35, 101224.00,    8.41,   35.68,   -5.02,  7.0, 0.08, 0.10, 4.08
6, 14087, 1,    82.75, 7,    main,   -0.28, 101230.00,    7.91,   35.18,   -5.05,  7.0, 0.08, 0.10, 4.08
6, 14087, 1,    82.85, 7,    main,   -0.20, 101248.00,    6.41,   33.68,   -5.08,  7.0, 0.08, 0.10, 4.08
6, 14087, 1,    82.95, 7,    main,   -0.14, 101267.00,    4.83,   32.10,   -5.09,  7.0, 0.08, 0.10, 4.08
6, 14087, 1,    83.05, 7,    main,   -0.09, 101281.00,    3.66,   30.93,   -5.11,  7.0, 0.08, 0.10, 4.08
6, 14087, 1,    83.15, 7,    main,   -0.04, 101276.00,    4.08,   31.35,   -5.11,  7.0, 0.08, 0.10, 4.08
6, 14087, 1,    83.25, 7,    main,    0.01, 101266.00,    4.91,   32.18,   -5.12,  7.0, 0.08, 0.10, 4.08
6, 14087, 1,    83.35, 7,    main,    0.07, 101275.00,    4.16,   31.43,   -5.12,  7.0, 0.08, 0.10, 4.08
6, 14087, 1,    83.45, 7,    main,    0.12, 101277.00,    4.00,   31.26,   -5.11,  7.0, 0.08, 0.10, 4.08
6, 14087, 1,    83.55, 7,    main,    0.16, 101282.00,    3.58,   30.85,   -5.10,  7.0, 0.08, 0.10, 4.08
6, 14087, 1,    83.65, 7,    main,    0.18, 101298.00,    2.25,   29.52,   -5.08,  7.0, 0.08, 0.10, 4.08
6, 14087, 1,    83.75, 7,    main,    0.17, 101300.00,    2.08,   29.35,   -5.05,  7.0, 0.08, 0.10, 4.08
6, 14087, 1,    83.85, 7,    main,    0.13, 101307.00,    1.50,   28.77,   -5.04,  7.0, 0.08, 0.10, 4.08
6, 14087, 1,    83.95, 7,    main,    0.07, 101313.00,    1.00,   28.27,   -5.02,  7.0, 0.08, 0.09, 4.08
6, 14087, 1,    84.05, 7,    main,    0.01, 101333.00,   -0.67,   26.60,   -5.01,  7.0, 0.09, 0.10, 4.08
6, 14087, 1,    84.15, 7,    main,   -0.06, 101342.00,   -1.42,   25.85,   -5.01,  7.0, 0.08, 0.10, 4.08
6, 14087, 1,    84.25, 7,    main,   -0.12, 101336.00,   -0.92,   26.35,   -5.02,  7.0, 0.08, 0.09, 4.08
6, 14087, 1,    84.35, 7,    main,   -0.18, 101331.00,   -0.50,   26.77,   -5.03,  7.0, 0.08, 0.10, 4.08
6, 14087, 1,    84.45, 7,    main,   -0.25, 101335.00,   -0.83,   26.44,   -5.05,  7.0, 0.08, 0.10, 4.08
6, 14087, 1,    84.55, 7,    main,   -0.31, 101347.00,   -1.83,   25.44,   -5.07,  7.0, 0.08, 0.09, 4.08
6, 14087, 1,    84.65, 7,    main,   -0.37, 101359.00,   -2.83,   24.44,   -5.10,  7.0, 0.08, 0.09, 4.08
6, 14087, 1,    84.75, 7,    main,   -0.42, 101362.00,   -3.08,   24.19,   -5.14,  7.0, 0.08, 0.09, 4.08
6, 14087, 1,    84.85, 7,    main,   -0.44, 101373.00,   -3.99,   23.27,   -5.18,  7.0, 0.08, 0.10, 4.08
6, 14087, 1,    84.95, 7,    main,   -0.44, 101374.00,   -4.08,   23.19,   -5.23,  7.0, 0.09, 0.10, 4.08
6, 14087, 1,    85.05, 7,    main,   -0.39, 101382.00,   -4.74,   22.52,   -5.29,  7.0, 0.09, 0.10, 4.08
6, 14087, 1,    85.15, 7,    main,   -0.32, 101380.00,   -4.58,   22.69,   -5.34,  7.0, 0.09, 0.10, 4.08
6, 14087, 1,    85.25, 7,    main,   -0.24, 101392.00,   -5.58,   21.69,   -5.36,  7.0, 0.09, 0.10, 4.08
6, 14087, 1,    85.35, 7,    main,   -0.15, 101396.00,   -5.91,   21.36,   -5.39,  7.0, 0.09, 0.10, 4.08
6, 14087, 1,    85.45, 7,    main,   -0.07, 101402.00,   -6.41,   20.86,   -5.40,  7.0, 0.09, 0.10, 4.08
6, 14087, 1,    85.55, 7,    main,    0.01, 101411.00,   -7.16,   20.11,   -5.41,  7.0, 0.09, 0.10, 4.08
6, 14087, 1,    85.65, 7,    main,    0.10, 101414.00,   -7.41,   19.86,   -5.41,  7.0, 0.09, 0.10, 4.08
6, 14087, 1,    85.75, 7,    main,    0.20, 101425.00,   -8.32,   18.95,   -5.40,  7.0, 0.09, 0.10, 4.08
6, 14087, 1,    85.85, 7,    main,    0.29, 101433.00,   -8.99,   18.28,   -5.38,  7.0, 0.09, 0.10, 4.08
6, 14087, 1,    85.95, 7,    main,    0.37, 101436.00,   -9.24,   18.03,   -5.35,  7.0, 0.09, 0.10, 4.08
6, 14087, 1,    86.05, 7,    main,    0.44, 101450.00,  -10.40,   16.87,   -5.31,  7.0, 0.09, 0.10, 4.08
6, 14087, 1,    86.15, 7,    main,    0.48, 101466.00,  -11.73,   15.54,   -5.26,  7.0, 0.09, 0.10, 4.08
6, 14087, 1,    86.25, 7,    main,    0.50, 101469.00,  -11.98,   15.29,   -5.21,  7.0, 0.09, 0.10, 4.08
6, 14087, 1,    86.35, 7,    main,    0.50, 101477.00,  -12.65,   14.62,   -5.15,  7.0, 0.09, 0.10, 4.08
6, 14087, 1,    86.45, 7,    main,    0.48, 101476.00,  -12.56,   14.71,   -5.10,  7.0, 0.09, 0.10, 4.08
6, 14087, 1,    86.55, 7,    main,    0.44, 101479.00,  -12.81,   14.46,   -5.05,  7.0, 0.09, 0.10, 4.08
6, 14087, 1,    86.65, 7,    main,    0.41, 101486.00,  -13.39,   13.87,   -5.01,  7.0, 0.09, 0.10, 4.08
6, 14087, 1,    86.75, 7,    main,    0.38, 101484.00,  -13.23,   14.04,   -4.96,  7.0, 0.09, 0.10, 4.08
6, 14087, 1,    86.85, 7,    main,    0.36, 101495.00,  -14.14,   13.13,   -4.93,  7.0, 0.09, 0.10, 4.08
6, 14087, 1,    86.95, 7,    main,    0.35, 101510.00,  -15.39,   11.88,   -4.90,  7.0, 0.09, 0.10, 4.08
6, 14087, 1,    87.05, 7,    main,    0.36, 101519.00,  -16.14,   11.13,   -4.87,  7.0, 0.09, 0.10, 4.08
6, 14087, 1,    87.15, 7,    main,    0.39, 101520.00,  -16.22,   11.05,   -4.83,  7.0, 0.09, 0.10, 4.08
6, 14087, 1,    87.25, 7,    main,    0.45, 101512.00,  -15.55,   11.71,   -4.80,  7.0, 0.09, 0.10, 4.08
6, 14087, 1,    87.35, 7,    main,    0.55, 101509.00,  -15.31,   11.96,   -4.76,  7.0, 0.10, 0.10, 4.08
6, 14087, 1,    87.45, 7,    main,    0.67, 101522.00,  -16.39,   10.88,   -4.71,  7.0, 0.10, 0.10, 4.08
6, 14087, 1,    87.55, 7,    main,    0.83, 101535.00,  -17.47,    9.80,   -4.65,  7.0, 0.10, 0.10, 4.08
6, 14087, 1,    87.65, 7,    main,    1.01, 101539.00,  -17.80,    9.47,   -4.57,  7.0, 0.10, 0.10, 4.08
6, 14087, 1,    87.75, 7,    main,    1.21, 101545.00,  -18.30,    8.97,   -4.47,  7.0, 0.10, 0.10, 4.08
6, 14087, 1,    87.85, 7,    main,    1.43, 101551.00,  -18.80,    8.47,   -4.35,  7.0, 0.10, 0.10, 4.08
6, 14087, 1,    87.95, 7,    main,    1.65, 101560.00,  -19.54,    7.72,   -4.21,  7.0, 0.10, 0.10, 4.08
6, 14087, 1,    88.05, 7,    main,    1.88, 101560.00,  -19.54,    7.72,   -4.05,  7.0, 0.10, 0.10, 4.08
6, 14087, 1,    88.15, 7,    main,    2.09, 101570.00,  -20.37,    6.89,   -3.86,  7.0, 0.10, 0.10, 4.08
6, 14087, 1,    88.25, 7,    main,    2.29, 101583.00,  -21.45,    5.81,   -3.64,  7.0, 0.11, 0.10, 4.08
6, 14087, 1,    88.35, 7,    main,    2.46, 101601.00,  -22.95,    4.32,   -3.41,  7.0, 0.11, 0.10, 4.08
6, 14087, 1,    88.45, 7,    main,    2.59, 101607.00,  -23.45,    3.82,   -3.16,  7.0, 0.11, 0.09, 4.08
6, 14087, 1,    88.55, 7,    main,    2.68, 101601.00,  -22.95,    4.32,   -2.89,  7.0, 0.11, 0.09, 4.08
6, 14087, 1,    88.65, 7,    main,    2.70, 101598.00,  -22.70,    4.57,   -2.61,  7.0, 0.11, 0.09, 4.08
6, 14087, 1,    88.75, 7,    main,    2.69, 101604.00,  -23.20,    4.07,   -2.33,  7.0, 0.11, 0.10, 4.08
6, 14087, 1,    88.85, 7,    main,    2.63, 101614.00,  -24.03,    3.24,   -2.06,  7.0, 0.11, 0.09, 4.08
6, 14087, 1,    88.95, 7,    main,    2.53, 101607.00,  -23.45,    3.82,   -1.79,  7.0, 0.11, 0.10, 4.08
6, 14087, 1,    89.05, 7,    main,    2.40, 101605.00,  -23.28,    3.99,   -1.54,  7.0, 0.11, 0.09, 4.08
6, 14087, 1,    89.15, 7,    main,    2.24, 101609.00,  -23.61,    3.65,   -1.29,  7.0, 0.11, 0.09, 4.08
6, 14087, 1,    89.25, 7,    main,    2.05, 101613.00,  -23.95,    3.32,   -1.06,  7.0, 0.11, 0.10, 4.08
6, 14087, 1,    89.35, 7,    main,    1.84, 101610.00,  -23.70,    3.57,   -0.85,  7.0, 0.11, 0.09, 4.08
6, 14087, 1,    89.45, 7,    main,    1.61, 101607.00,  -23.45,    3.82,   -0.66,  7.0, 0.11, 0.10, 4.08
6, 14087, 1,    89.55, 7,    main,    1.38, 101606.00,  -23.36,    3.90,   -0.50,  7.0, 0.11, 0.09, 4.08
6, 14087, 1,    89.65, 7,    main,    1.16, 101603.00,  -23.12,    4.15,   -0.37,  7.0, 0.11, 0.09, 4.08
6, 14087, 1,    89.75, 7,    main,    0.95, 101608.00,  -23.53,    3.74,   -0.25,  7.0, 0.11, 0.10, 4.08
6, 14087, 1,    89.85, 7,    main,    0.77, 101607.00,  -23.45,    3.82,   -0.16,  7.0, 0.11, 0.09, 4.08
6, 14087, 1,    89.95, 7,    main,    0.60, 101606.00,  -23.36,    3.90,   -0.09,  7.0, 0.11, 0.09, 4.08
6, 14087, 1,    90.05, 7,    main,    0.45, 101610.00,  -23.70,    3.57,   -0.03,  7.0, 0.11, 0.09, 4.08
6, 14087, 1,    90.15, 7,    main,    0.32, 101606.00,  -23.36,    3.90,    0.01,  7.0, 0.11, 0.09, 4.08
6, 14087, 1,    90.25, 7,    main,    0.22, 101606.00,  -23.36,    3.90,    0.04,  7.0, 0.11, 0.10, 4.08
6, 14087, 1,    90.35, 7,    main,    0.15, 101609.00,  -23.61,    3.65,    0.05,  7.0, 0.11, 0.09, 4.08
6, 14087, 1,    90.45, 7,    main,    0.10, 101608.00,  -23.53,    3.74,    0.06,  7.0, 0.11, 0.10, 4.08
6, 14087, 1,    90.55, 7,    main,    0.07, 101609.00,  -23.61,    3.65,    0.07,  7.0, 0.11, 0.09, 4.08
6, 14087, 1,    90.65, 7,    main,    0.04, 101607.00,  -23.45,    3.82,    0.08,  7.0, 0.11, 0.09, 4.08
6, 14087, 1,    90.75, 7,    main,    0.02, 101607.00,  -23.45,    3.82,    0.08,  7.0, 0.11, 0.09, 4.08
6, 14087, 1,    90.85, 7,    main,    0.01, 101607.00,  -23.45,    3.82,    0.08,  7.0, 0.11, 0.10, 4.08
6, 14087, 1,    90.95, 7,    main,   -0.01, 101608.00,  -23.53,    3.74,    0.08,  7.0, 0.11, 0.09, 4.08
6, 14087, 1,    91.05, 7,    main,   -0.02, 101605.00,  -23.28,    3.99,    0.08,  7.0, 0.11, 0.09, 4.08
6, 14087, 1,    91.15, 7,    main,   -0.02, 101607.00,  -23.45,    3.82,    0.08,  7.0, 0.10, 0.10, 4.08
6, 14087, 1,    91.25, 7,    main,   -0.03, 101606.00,  -23.36,    3.90,    0.08,  7.0, 0.10, 0.10, 4.08
6, 14087, 1,    91.35, 7,    main,   -0.04, 101606.00,  -23.36,    3.90,    0.07,  7.0, 0.10, 0.10, 4.08
6, 14087, 1,    91.45, 7,    main,   -0.04, 101608.00,  -23.53,    3.74,    0.07,  7.0, 0.10, 0.09, 4.08
6, 14087, 1,    91.55, 7,    main,   -0.05, 101602.00,  -23.03,    4.24,    0.07,  7.0, 0.10, 0.10, 4.08
6, 14087, 1,    91.65, 7,    main,   -0.06, 101607.00,  -23.45,    3.82,    0.06,  7.0, 0.11, 0.09, 4.08
6, 14087, 1,    91.75, 7,    main,   -0.06, 101604.00,  -23.20,    4.07,    0.06,  7.0, 0.11, 0.09, 4.08
6, 14087, 1,    91.85, 7,    main,   -0.06, 101605.00,  -23.28,    3.99,    0.05,  7.0, 0.10, 0.10, 4.08
6, 14087, 1,    91.95, 7,    main,   -0.06, 101606.00,  -23.36,    3.90,    0.04,  7.0, 0.10, 0.09, 4.08
6, 14087, 1,    92.05, 7,    main,   -0.05, 101604.00,  -23.20,    4.07,    0.03,  7.0, 0.10, 0.09, 4.08
6, 14087, 1,    92.15, 7,    main,   -0.04, 101604.00,  -23.20,    4.07,    0.03,  7.0, 0.10, 0.10, 4.08
6, 14087, 1,    92.25, 7,    main,   -0.04, 101608.00,  -23.53,    3.74,    0.03,  7.0, 0.10, 0.09, 4.08
6, 14087, 1,    92.35, 7,    main,   -0.03, 101602.00,  -23.03,    4.24,    0.02,  7.0, 0.10, 0.09, 4.08
6, 14087, 1,    92.45, 7,    main,   -0.03, 101608.00,  -23.53,    3.74,    0.02,  7.0, 0.10, 0.09, 4.08
6, 14087, 1,    92.55, 7,    main,   -0.03, 101608.00,  -23.53,    3.74,    0.02,  7.0, 0.10, 0.10, 4.08
6, 14087, 1,    92.65, 7,    main,   -0.03, 101606.00,  -23.36,    3.90,    0.01,  7.0, 0.10, 0.09, 4.08
6, 14087, 1,    92.75, 7,    main,   -0.02, 101608.00,  -23.53,    3.74,    0.01,  7.0, 0.10, 0.09, 4.08
6, 14087, 1,    92.85, 7,    main,   -0.02, 101600.00,  -22.87,    4.40,    0.01,  7.0, 0.11, 0.09, 4.08
6, 14087, 1,    92.95, 7,    main,   -0.02, 101609.00,  -23.61,    3.65,    0.00,  7.0, 0.11, 0.09, 4.08
6, 14087, 1,    93.05, 7,    main,   -0.01, 101606.00,  -23.36,    3.90,    0.01,  7.0, 0.11, 0.09, 4.08
6, 14087, 1,    93.15, 7,    main,   -0.01, 101602.00,  -23.03,    4.24,    0.00,  7.0, 0.10, 0.10, 4.08
6, 14087, 1,    93.25, 7,    main,   -0.00, 101607.00,  -23.45,    3.82,    0.00,  7.0, 0.10, 0.09, 4.07
6, 14087, 1,    93.35, 7,    main,   -0.00, 101604.00,  -23.20,    4.07,    0.00,  7.0, 0.11, 0.09, 4.08
6, 14087, 1,    93.45, 7,    main,   -0.00, 101608.00,  -23.53,    3.74,    0.00,  7.0, 0.10, 0.09, 4.08
6, 14087, 1,    93.55, 7,    main,   -0.01, 101602.00,  -23.03,    4.24,    0.00,  7.0, 0.10, 0.09, 4.08
6, 14087, 1,    93.65, 7,    main,   -0.01, 101607.00,  -23.45,    3.82,    0.00,  7.0, 0.10, 0.09, 4.08
6, 14087, 1,    93.75, 7,    main,   -0.01, 101606.00,  -23.36,    3.90,    0.00,  7.0, 0.10, 0.09, 4.08
6, 14087, 1,    93.85, 7,    main,   -0.02, 101611.00,  -23.78,    3.49,    0.00,  7.0, 0.10, 0.09, 4.08
6, 14087, 1,    93.95, 7,    main,   -0.02, 101602.00,  -23.03,    4.24,   -0.00,  7.0, 0.10, 0.09, 4.08
6, 14087, 1,    94.05, 7,    main,   -0.02, 101601.00,  -22.95,    4.32,   -0.00,  7.0, 0.10, 0.09, 4.08
6, 14087, 1,    94.15, 7,    main,   -0.02, 101601.00,  -22.95,    4.32,   -0.01,  7.0, 0.10, 0.09, 4.08
6, 14087, 1,    94.25, 7,    main,   -0.02, 101607.00,  -23.45,    3.82,   -0.01,  7.0, 0.10, 0.09, 4.08
6, 14087, 1,    94.35, 7,    main,   -0.01, 101603.00,  -23.12,    4.15,   -0.01,  7.0, 0.11, 0.09, 4.08
6, 14087, 1,    94.45, 7,    main,    0.00, 101610.00,  -23.70,    3.57,   -0.01,  7.0, 0.10, 0.09, 4.08
6, 14087, 1,    94.55, 7,    main,    0.02, 101605.00,  -23.28,    3.99,   -0.01,  7.0, 0.11, 0.09, 4.08
6, 14087, 1,    94.65, 7,    main,    0.03, 101609.00,  -23.61,    3.65,   -0.01,  7.0, 0.10, 0.09, 4.08
6, 14087, 1,    94.75, 7,    main,    0.05, 101609.00,  -23.61,    3.65,   -0.01,  7.0, 0.10, 0.09, 4.08
6, 14087, 1,    94.85, 7,    main,    0.07, 101607.00,  -23.45,    3.82,    0.00,  7.0, 0.10, 0.09, 4.08
6, 14087, 1,    94.95, 7,    main,    0.08, 101607.00,  -23.45,    3.82,    0.00,  7.0, 0.10, 0.09, 4.08
6, 14087, 1,    95.05, 7,    main,    0.09, 101602.00,  -23.03,    4.24,    0.01,  7.0, 0.11, 0.09, 4.08
6, 14087, 1,    95.15, 7,    main,    0.10, 101602.00,  -23.03,    4.24,    0.02,  7.0, 0.10, 0.09, 4.08
6, 14087, 1,    95.25, 7,    main,    0.11, 101607.00,  -23.45,    3.82,    0.03,  7.0, 0.10, 0.09, 4.08
6, 14087, 1,    95.35, 7,    main,    0.12, 101603.00,  -23.12,    4.15,    0.05,  7.0, 0.10, 0.09, 4.08
6, 14087, 1,    95.45, 7,    main,    0.12, 101600.00,  -22.87,    4.40,    0.06,  7.0, 0.10, 0.09, 4.08
6, 14087, 1,    95.55, 7,    main,    0.12, 101607.00,  -23.45,    3.82,    0.07,  7.0, 0.10, 0.09, 4.08
6, 14087, 1,    95.65, 7,    main,    0.12, 101606.00,  -23.36,    3.90,    0.08,  7.0, 0.10, 0.09, 4.08
6, 14087, 1,    95.75, 7,    main,    0.11, 101607.00,  -23.45,    3.82,    0.10,  7.0, 0.10, 0.09, 4.08
6, 14087, 1,    95.85, 7,    main,    0.10, 101607.00,  -23.45,    3.82,    0.10,  7.0, 0.10, 0.09, 4.08
6, 14087, 1,    95.95, 7,    main,    0.09, 101609.00,  -23.61,    3.65,    0.12,  7.0, 0.10, 0.09, 4.08
6, 14087, 1,    96.05, 7,    main,    0.07, 101607.00,  -23.45,    3.82,    0.13,  7.0, 0.10, 0.09, 4.08
6, 14087, 1,    96.15, 7,    main,    0.06, 101606.00,  -23.36,    3.90,    0.13,  7.0, 0.10, 0.09, 4.08
6, 14087, 1,    96.25, 7,    main,    0.04, 101606.00,  -23.36,    3.90,    0.14,  7.0, 0.10, 0.09, 4.08
6, 14087, 1,    96.35, 7,    main,    0.02, 101605.00,  -23.28,    3.99,    0.14,  7.0, 0.10, 0.09, 4.08
6, 14087, 1,    96.45, 7,    main,    0.01, 101606.00,  -23.36,    3.90,    0.14,  7.0, 0.10, 0.09, 4.08
6, 14087, 1,    96.55, 7,    main,    0.00, 101604.00,  -23.20,    4.07,    0.15,  7.0, 0.10, 0.09, 4.08
6, 14087, 1,    96.65, 7,    main,   -0.01, 101602.00,  -23.03,    4.24,    0.15,  7.0, 0.10, 0.09, 4.08
6, 14087, 1,    96.75, 7,    main,   -0.02, 101600.00,  -22.87,    4.40,    0.14,  7.0, 0.10, 0.09, 4.08
6, 14087, 1,    96.85, 7,    main,   -0.03, 101599.00,  -22.78,    4.48,    0.14,  7.0, 0.10, 0.09, 4.08
6, 14087, 1,    96.95, 7,    main,   -0.04, 101602.00,  -23.03,    4.24,    0.14,  7.0, 0.10, 0.09, 4.08
6, 14087, 1,    97.05, 7,    main,   -0.06, 101602.00,  -23.03,    4.24,    0.14,  7.0, 0.10, 0.09, 4.08
6, 14087, 1,    97.15, 7,    main,   -0.08, 101603.00,  -23.12,    4.15,    0.13,  7.0, 0.10, 0.09, 4.08
6, 14087, 1,    97.25, 7,    main,   -0.09, 101600.00,  -22.87,    4.40,    0.12,  7.0, 0.10, 0.09, 4.08
6, 14087, 1,    97.35, 7,    main,   -0.10, 101603.00,  -23.12,    4.15,    0.11,  7.0, 0.10, 0.09, 4.08
6, 14087, 1,    97.45, 7,    main,   -0.11, 101603.00,  -23.12,    4.15,    0.10,  7.0, 0.10, 0.09, 4.08
6, 14087, 1,    97.55, 7,    main,   -0.11, 101605.00,  -23.28,    3.99,    0.09,  7.0, 0.10, 0.09, 4.08
6, 14087, 1,    97.65, 7,    main,   -0.12, 101602.00,  -23.03,    4.24,    0.08,  7.0, 0.10, 0.09, 4.08
6, 14087, 1,    97.75, 7,    main,   -0.11, 101603.00,  -23.12,    4.15,    0.07,  7.0, 0.10, 0.09, 4.08
6, 14087, 1,    97.85, 7,    main,   -0.11, 101605.00,  -23.28,    3.99,    0.06,  7.0, 0.10, 0.09, 4.08
6, 14087, 1,    97.95, 7,    main,   -0.10, 101601.00,  -22.95,    4.32,    0.05,  7.0, 0.10, 0.09, 4.08
6, 14087, 1,    98.05, 7,    main,   -0.09, 101604.00,  -23.20,    4.07,    0.03,  7.0, 0.10, 0.09, 4.08
6, 14087, 1,    98.15, 7,    main,   -0.08, 101603.00,  -23.12,    4.15,    0.02,  7.0, 0.10, 0.09, 4.07
6, 14087, 1,    98.25, 7,    main,   -0.07, 101602.00,  -23.03,    4.24,    0.02,  7.0, 0.10, 0.09, 4.08
6, 14087, 1,    98.35, 7,    main,   -0.06, 101597.00,  -22.62,    4.65,    0.01,  7.0, 0.10, 0.09, 4.08
6, 14087, 1,    98.45, 7,    main,   -0.04, 101601.00,  -22.95,    4.32,    0.00,  7.0, 0.10, 0.09, 4.08
6, 14087, 1,    98.55, 7,    main,   -0.03, 101597.00,  -22.62,    4.65,   -0.00,  7.0, 0.10, 0.09, 4.08
6, 14087, 1,    98.65, 7,    main,   -0.02, 101599.00,  -22.78,    4.48,   -0.00,  7.0, 0.09, 0.09, 4.08
6, 14087, 1,    98.75, 7,    main,   -0.00, 101600.00,  -22.87,    4.40,   -0.01,  7.0, 0.10, 0.09, 4.08
6, 14087, 1,    98.85, 7,    main,    0.01, 101602.00,  -23.03,    4.24,   -0.01,  7.0, 0.09, 0.09, 4.08
6, 14087, 1,    98.95, 7,    main,    0.02, 101599.00,  -22.78,    4.48,   -0.01,  7.0, 0.09, 0.09, 4.08
6, 14087, 1,    99.05, 7,    main,    0.03, 101605.00,  -23.28,    3.99,   -0.00,  7.0, 0.09, 0.09, 4.08
6, 14087, 1,    99.15, 7,    main,    0.04, 101604.00,  -23.20,    4.07,   -0.00,  7.0, 0.09, 0.09, 4.08
6, 14087, 1,    99.25, 7,    main,    0.05, 101605.00,  -23.28,    3.99,    0.00,  7.0, 0.09, 0.09, 4.08
6, 14087, 1,    99.35, 7,    main,    0.05, 101607.00,  -23.45,    3.82,    0.01,  7.0, 0.10, 0.09, 4.08
6, 14087, 1,    99.45, 7,    main,    0.06, 101602.00,  -23.03,    4.24,    0.01,  7.0, 0.09, 0.09, 4.08
6, 14087, 1,    99.55, 7,    main,    0.06, 101600.00,  -22.87,    4.40,    0.02,  7.0, 0.09, 0.09, 4.08
6, 14087, 1,    99.65, 7,    main,    0.06, 101601.00,  -22.95,    4.32,    0.03,  7.0, 0.09, 0.09, 4.08
6, 14087, 1,    99.75, 7,    main,    0.06, 101605.00,  -23.28,    3.99,    0.03,  7.0, 0.09, 0.09, 4.08
6, 14087, 1,    99.85, 7,    main,    0.05, 101601.00,  -22.95,    4.32,    0.04,  7.0, 0.09, 0.09, 4.08
6, 14087, 1,    99.95, 7,    main,    0.03, 101600.00,  -22.87,    4.40,    0.05,  7.0, 0.09, 0.09, 4.08
6, 14087, 1,   100.05, 7,    main,    0.02, 101604.00,  -23.20,    4.07,    0.05,  7.0, 0.09, 0.09, 4.08
6, 14087, 1,   100.15, 7,    main,    0.00, 101601.00,  -22.95,    4.32,    0.05,  7.0, 0.10, 0.09, 4.08
6, 14087, 1,   100.25, 7,    main,   -0.01, 101599.00,  -22.78,    4.48,    0.05,  7.0, 0.09, 0.09, 4.08
6, 14087, 1,   100.35, 7,    main,   -0.02, 101602.00,  -23.03,    4.24,    0.05,  7.0, 0.09, 0.09, 4.08
6, 14087, 1,   100.45, 7,    main,   -0.03, 101602.00,  -23.03,    4.24,    0.05,  7.0, 0.10, 0.09, 4.08
6, 14087, 1,   100.55, 7,    main,   -0.04, 101598.00,  -22.70,    4.57,    0.04,  7.0, 0.10, 0.09, 4.08
6, 14087, 1,   100.65, 7,    main,   -0.05, 101602.00,  -23.03,    4.24,    0.04,  7.0, 0.09, 0.09, 4.08
6, 14087, 1,   100.75, 7,    main,   -0.05, 101600.00,  -22.87,    4.40,    0.04,  7.0, 0.09, 0.09, 4.08
6, 14087, 1,   100.85, 7,    main,   -0.05, 101602.00,  -23.03,    4.24,    0.03,  7.0, 0.09, 0.09, 4.08
6, 14087, 1,   100.95, 7,    main,   -0.05, 101598.00,  -22.70,    4.57,    0.02,  7.0, 0.09, 0.09, 4.08
6, 14087, 1,   101.05, 7,    main,   -0.04, 101600.00,  -22.87,    4.40,    0.02,  7.0, 0.09, 0.09, 4.08
6, 14087, 1,   101.15, 7,    main,   -0.02, 101603.00,  -23.12,    4.15,    0.01,  7.0, 0.09, 0.09, 4.08
6, 14087, 1,   101.25, 7,    main,   -0.00, 101602.00,  -23.03,    4.24,    0.01,  7.0, 0.09, 0.09, 4.08
6, 14087, 1,   101.35, 7,    main,    0.02, 101601.00,  -22.95,    4.32,    0.01,  7.0, 0.09, 0.09, 4.08
6, 14087, 1,   101.45, 7,    main,    0.03, 101601.00,  -22.95,    4.32,    0.01,  7.0, 0.09, 0.09, 4.08
6, 14087, 1,   101.55, 7,    main,    0.05, 101603.00,  -23.12,    4.15,    0.02,  7.0, 0.09, 0.09, 4.08
6, 14087, 1,   101.65, 7,    main,    0.06, 101600.00,  -22.87,    4.40,    0.02,  7.0, 0.10, 0.09, 4.08
6, 14087, 1,   101.75, 7,    main,    0.07, 101601.00,  -22.95,    4.32,    0.03,  7.0, 0.09, 0.09, 4.08
6, 14087, 1,   101.85, 7,    main,    0.08, 101600.00,  -22.87,    4.40,    0.04,  7.0, 0.09, 0.09, 4.08
6, 14087, 1,   101.95, 7,    main,    0.08, 101600.00,  -22.87,    4.40,    0.05,  7.0, 0.09, 0.09, 4.08
6, 14087, 1,   102.05, 7,    main,    0.09, 101602.00,  -23.03,    4.24,    0.05,  7.0, 0.09, 0.09, 4.08
6, 14087, 1,   102.15, 7,    main,    0.08, 101603.00,  -23.12,    4.15,    0.06,  7.0, 0.09, 0.09, 4.08
6, 14087, 1,   102.25, 7,    main,    0.08, 101602.00,  -23.03,    4.24,    0.07,  7.0, 0.09, 0.09, 4.08
6, 14087, 1,   102.35, 7,    main,    0.08, 101605.00,  -23.28,    3.99,    0.08,  7.0, 0.09, 0.09, 4.08
6, 14087, 1,   102.45, 7,    main,    0.07, 101599.00,  -22.78,    4.48,    0.09,  7.0, 0.09, 0.09, 4.08
6, 14087, 1,   102.55, 7,    main,    0.05, 101599.00,  -22.78,    4.48,    0.10,  7.0, 0.09, 0.09, 4.08
6, 14087, 1,   102.65, 7,    main,    0.04, 101597.00,  -22.62,    4.65,    0.10,  7.0, 0.09, 0.09, 4.08
6, 14087, 1,   102.75, 7,    main,    0.02, 101600.00,  -22.87,    4.40,    0.11,  7.0, 0.09, 0.09, 4.08
6, 14087, 1,   102.85, 7,    main,    0.01, 101597.00,  -22.62,    4.65,    0.11,  7.0, 0.09, 0.09, 4.08
6, 14087, 1,   102.95, 7,    main,   -0.01, 101605.00,  -23.28,    3.99,    0.11,  7.0, 0.09, 0.09, 4.08
6, 14087, 1,   103.05, 7,    main,   -0.03, 101598.00,  -22.70,    4.57,    0.11,  7.0, 0.09, 0.09, 4.08
6, 14087, 1,   103.15, 7,    main,   -0.05, 101601.00,  -22.95,    4.32,    0.10,  7.0, 0.09, 0.09, 4.08
6, 14087, 1,   103.25, 7,    main,   -0.06, 101602.00,  -23.03,    4.24,    0.10,  7.0, 0.09, 0.09, 4.08
6, 14087, 1,   103.35, 7,    main,   -0.07, 101599.00,  -22.78,    4.48,    0.09,  7.0, 0.09, 0.09, 4.08
6, 14087, 1,   103.45, 7,    main,   -0.08, 101601.00,  -22.95,    4.32,    0.09,  7.0, 0.09, 0.09, 4.08
6, 14087, 1,   103.55, 7,    main,   -0.09, 101597.00,  -22.62,    4.65,    0.08,  7.0, 0.09, 0.09, 4.08
6, 14087, 1,   103.65, 7,    main,   -0.09, 101598.00,  -22.70,    4.57,    0.07,  7.0, 0.09, 0.09, 4.08
6, 14087, 1,   103.75, 7,    main,   -0.09, 101597.00,  -22.62,    4.65,    0.06,  7.0, 0.09, 0.09, 4.08
6, 14087, 1,   103.85, 7,    main,   -0.09, 101596.00,  -22.53,    4.73,    0.05,  7.0, 0.09, 0.09, 4.08
6, 14087, 1,   103.95, 7,    main,   -0.09, 101600.00,  -22.87,    4.40,    0.04,  7.0, 0.09, 0.09, 4.08
6, 14087, 1,   104.05, 7,    main,   -0.08, 101597.00,  -22.62,    4.65,    0.03,  7.0, 0.09, 0.09, 4.08
6, 14087, 1,   104.15, 7,    main,   -0.06, 101599.00,  -22.78,    4.48,    0.02,  7.0, 0.09, 0.09, 4.08
6, 14087, 1,   104.25, 7,    main,   -0.04, 101602.00,  -23.03,    4.24,    0.01,  7.0, 0.09, 0.09, 4.08
6, 14087, 1,   104.35, 7,    main,   -0.04, 101594.00,  -22.37,    4.90,    0.01,  7.0, 0.09, 0.09, 4.08
6, 14087, 1,   104.45, 7,    main,   -0.04, 101599.00,  -22.78,    4.48,    0.01,  7.0, 0.09, 0.09, 4.08
6, 14087, 1,   104.62, 8,  landed,   -0.04, 101599.00,  -22.78,    4.48,    0.01,  7.0, 0.09, 0.09, 4.08
