packetType	timestamp_s	timestamp_ms	lineCutterNumber	state	timestamp	pressure	altitude	deltaAltitude	temperature	accelNorm	battery	cutSense1	cutSense2	currentSense	photoresistor
1	2984	0	1	1	8423761	100689	22.183835983276367	-0.20931920409202576	3074.13916015625	1.0076026916503906	3.906158447265625	0	739	465	482
1	3093	0	5	1	8414620	100745	25.78274154663086	-0.1673480123281479	3077.6513671875	1.0164517164230347	3.899120330810547	1	723	469	0
1	3734	0	1	1	8424511	100687	22.351289749145508	-0.16745738685131073	3074.035400390625	1.0119494199752808	3.899120330810547	0	739	465	484
1	3948	0	5	1	8415470	100742	26.033761978149414	0.0418371707201004	3077.48779296875	1.0197577476501465	3.899120330810547	0	722	474	0
1	4588	0	1	1	8425261	100688	22.267562866210938	-0.12559151649475098	3073.730224609375	1.0071951150894165	3.899120330810547	0	740	466	483
1	4804	0	5	1	8416320	100744	25.86641502380371	-0.1255115121603012	3077.598876953125	1.0158979892730713	3.899120330810547	1	723	469	0
1	5336	0	1	1	8426061	100685	22.51874542236328	0.04186417534947395	3073.9443359375	1.0092966556549072	3.899120330810547	0	739	465	484
1	5552	0	5	1	8417170	100743	25.950088500976562	-0.16735069453716278	3077.2392578125	1.0176992416381836	3.8920822143554688	1	723	469	0
1	6193	0	1	1	8426861	100684	22.602474212646484	0.1674560308456421	3074.242919921875	1.008256435394287	3.8920822143554688	0	738	464	483
1	6303	0	5	1	8417920	100738	26.368467330932617	0.20918922126293182	3077.697021484375	1.0160561800003052	3.899120330810547	0	724	467	0
1	6942	0	1	1	8427661	100684	22.602474212646484	0.2930445373058319	3074.1845703125	1.0186012983322144	3.899120330810547	0	739	464	484
1	7051	0	5	1	8418620	100741	26.1174373626709	0.0	3077.78857421875	1.021114706993103	3.899120330810547	0	724	469	0
1	7690	0	1	1	8428461	100686	22.435016632080078	-0.04186417534947395	3073.976806640625	1.007176160812378	3.8920822143554688	0	738	467	484
1	7690	0	5	1	8419320	100743	25.950088500976562	0.12550950050354004	3077.8017578125	1.0174827575683594	3.906158447265625	0	723	469	0
1	8440	0	1	1	8429211	100686	22.435016632080078	-0.12559354305267334	3074.07421875	1.003974437713623	3.906158447265625	0	739	465	484
1	8549	0	5	1	8420120	100742	26.033761978149414	0.0418371707201004	3077.9716796875	1.0114803314208984	3.906158447265625	0	725	467	0
1	9295	0	1	1	8430011	100690	22.10011100769043	-0.1255895048379898	3074.10009765625	1.0083305835723877	3.8920822143554688	0	739	465	484
1	9295	0	5	1	8420870	100744	25.86641502380371	-0.20918753743171692	3077.926025390625	1.0192958116531372	3.906158447265625	0	722	468	0
1	10044	0	1	1	8430861	100690	22.10011100769043	-0.3349120616912842	3074.191162109375	1.007837176322937	3.899120330810547	0	739	463	484
1	10153	0	5	1	8421720	100740	26.201112747192383	0.041837844997644424	3077.9912109375	1.0189658403396606	3.8920822143554688	0	724	470	0
1	11535	0	1	1	8432311	100687	22.351289749145508	0.083726666867733	3074.106689453125	1.0103998184204102	3.899120330810547	0	739	465	484
1	11535	0	5	1	8423120	100744	25.86641502380371	-0.08367400616407394	3078.45556640625	1.0175098180770874	3.8920822143554688	0	723	468	0
1	12283	0	5	1	8423870	100740	26.201112747192383	0.16734935343265533	3078.383544921875	1.0183014869689941	3.899120330810547	0	724	467	0
1	12392	0	1	1	8433061	100678	23.104862213134766	0.41865018010139465	3074.13916015625	1.0103195905685425	3.913196563720703	0	739	464	483
1	13137	0	1	1	8433861	100679	23.021129608154297	0.2511921226978302	3074.483154296875	1.0061975717544556	3.899120330810547	0	739	466	483
1	13137	0	5	1	8424720	100737	26.452144622802734	0.08367736637592316	3078.1416015625	1.0145963430404663	3.899120330810547	0	723	467	0
1	14632	0	5	1	8426220	100733	26.786861419677734	0.4602236747741699	3078.148193359375	1.0185991525650024	3.899120330810547	0	724	469	0
1	15164	0	1	1	8435911	100676	23.27233123779297	0.12560060620307922	3074.236572265625	1.0126320123672485	3.8920822143554688	0	739	465	484
1	15485	0	5	1	8427070	100734	26.703182220458984	0.0	3078.337890625	1.0173776149749756	3.906158447265625	0	725	468	0
1	15911	0	1	1	8436661	100680	22.937397003173828	-0.16746680438518524	3074.288330078125	1.0122283697128296	3.906158447265625	0	739	465	483
1	16233	0	5	1	8427820	100734	26.703182220458984	0.04183986037969589	3078.200439453125	1.0217715501785278	3.899120330810547	0	724	469	0
1	16659	0	1	1	8437461	100679	23.021129608154297	-0.04186653345823288	3074.132568359375	1.010482907295227	3.899120330810547	0	737	466	484
1	16874	0	5	1	8428520	100732	26.870542526245117	-0.041840869933366776	3078.095947265625	1.0185871124267578	3.899120330810547	0	724	470	0
1	17516	0	1	1	8438261	100681	22.853666305541992	-0.08373205363750458	3074.333740234375	1.0114054679870605	3.906158447265625	0	739	467	484
1	17731	0	5	1	8429270	100733	26.786861419677734	0.16735877096652985	3078.246337890625	1.0167062282562256	3.906158447265625	0	723	470	1
1	18265	0	1	1	8439011	100678	23.104862213134766	0.0	3074.171630859375	1.0117239952087402	3.899120330810547	0	740	466	483
1	18584	0	5	1	8430120	100738	26.368467330932617	-0.29287901520729065	3078.13525390625	1.0164107084274292	3.8850440979003906	1	724	468	0
1	19010	0	1	1	8439811	100681	22.853666305541992	-0.04186585918068886	3074.314453125	1.0088590383529663	3.8920822143554688	0	737	467	484
1	19228	0	5	1	8430870	100738	26.368467330932617	0.0	3078.4423828125	1.0186151266098022	3.913196563720703	0	723	468	0
1	19867	0	1	1	8440561	100679	23.021129608154297	-0.16746816039085388	3074.398681640625	1.0098611116409302	3.899120330810547	0	739	464	483
1	21250	0	1	1	8442011	100677	23.188596725463867	0.2093309909105301	3074.35986328125	1.0085216760635376	3.8920822143554688	0	738	465	483
1	21250	0	5	1	8432870	100734	26.703182220458984	0.1673574298620224	3078.658203125	1.0189015865325928	3.906158447265625	2	725	469	0
1	21998	0	5	1	8433620	100738	26.368467330932617	-0.1255175620317459	3078.978759765625	1.0176092386245728	3.899120330810547	0	723	471	0
1	22107	0	1	1	8442761	100683	22.68620491027832	0.08372936397790909	3074.171630859375	1.0094707012176514	3.8920822143554688	0	739	466	483
1	22747	0	5	1	8434370	100733	26.786861419677734	0.20919762551784515	3078.5732421875	1.0192129611968994	3.899120330810547	0	725	467	0
1	22856	0	1	1	8443611	100681	22.853666305541992	0.041865523904561996	3074.3857421875	1.0095022916793823	3.8920822143554688	0	739	467	484
1	23496	0	5	1	8435120	100734	26.703182220458984	0.1255185753107071	3078.710693359375	1.019667625427246	3.899120330810547	0	724	468	0
1	23605	0	1	1	8444411	100677	23.188596725463867	0.2093309909105301	3074.307861328125	1.01193106174469	3.899120330810547	0	739	466	484
1	24351	0	5	1	8435920	100737	26.452144622802734	-0.1255185753107071	3078.514404296875	1.0192087888717651	3.899120330810547	0	724	470	0
1	24460	0	1	1	8445211	100680	22.937397003173828	-0.0837327316403389	3074.1650390625	1.0111608505249023	3.906158447265625	0	739	465	483
1	25096	0	5	1	8436720	100736	26.53582191467285	-0.04183952510356903	3078.54052734375	1.0174447298049927	3.906158447265625	0	725	469	0
1	25205	0	1	1	8445961	100678	23.104862213134766	0.0837327316403389	3074.1650390625	1.0072031021118164	3.906158447265625	0	739	466	483
1	25844	0	5	1	8437420	100731	26.9542236328125	0.041840869933366776	3078.762939453125	1.0195527076721191	3.8920822143554688	0	729	470	0
1	25953	0	1	1	8446761	100673	23.52353858947754	0.2930704355239868	3074.067626953125	1.0098512172698975	3.906158447265625	0	739	466	483
1	26700	0	5	1	8438270	100731	26.9542236328125	0.29287901520729065	3078.566650390625	1.0181723833084106	3.8850440979003906	0	725	468	0
1	26809	0	1	1	8447561	100677	23.188596725463867	0.1674654632806778	3074.314453125	1.0120837688446045	3.906158447265625	0	737	463	483
1	27449	0	5	1	8439020	100734	26.703182220458984	-0.20920434594154358	3078.76953125	1.0168620347976685	3.906158447265625	0	724	470	0
1	27558	0	1	1	8448361	100675	23.35606575012207	-0.4186939597129822	3074.489501953125	1.0103647708892822	3.906158447265625	0	738	466	484
1	28197	0	5	1	8439770	100728	27.20527458190918	0.33472561836242676	3078.77587890625	1.0168708562850952	3.899120330810547	1	724	468	0
1	28412	0	1	1	8449161	100678	23.104862213134766	-0.16746950149536133	3074.24951171875	1.0113729238510132	3.906158447265625	0	739	466	483
1	29051	0	1	1	8449861	100669	23.858489990234375	0.41868048906326294	3074.022216796875	1.012220859527588	3.8920822143554688	0	738	466	484
1	29051	0	5	1	8440620	100728	27.20527458190918	0.20920602977275848	3079.050537109375	1.0166250467300415	3.8920822143554688	0	723	471	0
1	29800	0	5	1	8441420	100730	27.037906646728516	-0.0418415442109108	3078.82177734375	1.0169317722320557	3.899120330810547	0	724	469	0
1	29909	0	1	1	8450661	100669	23.858489990234375	0.3349470794200897	3074.398681640625	1.008974552154541	3.8920822143554688	0	738	466	483
1	30657	0	5	1	8442220	100729	27.12158966064453	0.0	3078.77587890625	1.016708493232727	3.899120330810547	0	724	470	0
1	31296	0	1	1	8452111	100673	23.52353858947754	-0.12560667097568512	3074.45068359375	1.0088993310928345	3.906158447265625	0	740	467	484
1	31511	0	5	1	8443070	100717	28.125839233398438	0.3765980899333954	3079.14208984375	1.016196370124817	3.8920822143554688	0	726	468	0
1	32046	0	1	1	8452861	100665	24.19345474243164	0.33495786786079407	3074.398681640625	1.013113021850586	3.8920822143554688	0	739	466	483
1	32366	0	5	1	8443920	100713	28.46061134338379	0.7113519906997681	3078.815185546875	1.0153498649597168	3.906158447265625	0	723	468	0
1	32796	0	1	1	8453611	100674	23.439802169799805	-0.37682607769966125	3074.24951171875	1.0093735456466675	3.8920822143554688	0	737	466	483
1	33115	0	5	1	8444720	100727	27.288957595825195	-0.04184255003929138	3078.69091796875	1.0162358283996582	3.899120330810547	1	724	470	0
1	33651	0	1	1	8454361	100664	24.277196884155273	0.04187124967575073	3074.11328125	1.0117579698562622	3.899120330810547	0	739	465	484
1	33973	0	5	1	8445520	100730	27.037906646728516	-0.5858122110366821	3078.815185546875	1.0147219896316528	3.899120330810547	1	723	468	0
1	34399	0	1	1	8455161	100663	24.360939025878906	0.25122445821762085	3074.015869140625	1.012030839920044	3.8920822143554688	0	738	466	484
1	34721	0	5	1	8446270	100720	27.874767303466797	0.3765890300273895	3078.7041015625	1.017810344696045	3.899120330810547	0	724	470	0
1	35252	0	1	1	8455961	100670	23.774751663208008	0.3768109381198883	3074.087158203125	1.0061321258544922	3.899120330810547	0	740	466	482
1	35469	0	5	1	8447020	100722	27.70738983154297	0.16737356781959534	3078.717041015625	1.0160133838653564	3.899120330810547	0	725	468	0
1	36000	0	1	1	8456761	100663	24.360939025878906	0.2930940091609955	3073.93798828125	1.0119785070419312	3.899120330810547	0	739	467	485
1	36217	0	5	1	8447770	100722	27.70738983154297	0.1255306899547577	3078.5537109375	1.0134203433990479	3.8920822143554688	1	722	469	0
1	36749	0	1	1	8457511	100664	24.277196884155273	-0.041871584951877594	3074.035400390625	1.0116162300109863	3.906158447265625	0	738	465	483
1	36965	0	5	1	8448570	100720	27.874767303466797	-0.1673816442489624	3078.52099609375	1.0220168828964233	3.8920822143554688	0	723	469	1
1	37497	0	1	1	8458261	100667	24.025970458984375	-0.2512285113334656	3074.015869140625	1.0119755268096924	3.899120330810547	0	738	464	485
1	37714	0	5	1	8449270	100721	27.791078567504883	-0.16738030314445496	3078.28564453125	1.0163145065307617	3.8920822143554688	0	723	469	0
1	38458	0	5	1	8449970	100718	28.04214859008789	0.2929096221923828	3078.43603515625	1.0180875062942505	3.8920822143554688	1	724	470	1
1	38885	0	1	1	8459661	100666	24.109712600708008	0.04187057539820671	3074.035400390625	1.0085582733154297	3.899120330810547	0	739	466	485
1	39206	0	5	1	8450770	100720	27.874767303466797	0.0	3078.46875	1.0279815196990967	3.8920822143554688	1	726	469	0
1	39740	0	1	1	8460411	100663	24.360939025878906	0.1256137490272522	3074.0546875	1.005409598350525	3.913196563720703	0	738	465	483
1	39954	0	5	1	8451520	100725	27.456329345703125	-0.1255306899547577	3078.45556640625	1.021532654762268	3.8920822143554688	1	724	469	0
1	40488	0	1	1	8461211	100664	24.277196884155273	-0.33498212695121765	3073.80810546875	1.0079739093780518	3.899120330810547	0	738	465	484
1	40703	0	5	1	8452320	100722	27.70738983154297	-0.12553371489048004	3078.527587890625	1.0171797275543213	3.899120330810547	0	725	469	1
1	41238	0	1	1	8461961	100667	24.025970458984375	-0.2512285113334656	3073.82763671875	1.0130558013916016	3.913196563720703	0	738	466	482
1	41452	0	5	1	8453020	100726	27.372642517089844	-0.3765980899333954	3078.416259765625	1.018517017364502	3.906158447265625	0	724	469	0
1	41986	0	1	1	8462761	100666	24.109712600708008	0.08374081552028656	3073.65234375	1.0102968215942383	3.913196563720703	0	739	464	483
1	42305	0	5	1	8453870	100730	27.037906646728516	-0.2510543167591095	3078.4033203125	1.016953468322754	3.899120330810547	0	724	472	0
1	42840	0	1	1	8463561	100677	23.188596725463867	-0.5024287104606628	3073.885986328125	1.0120769739151	3.899120330810547	0	738	465	484
1	43161	0	5	1	8454720	100728	27.20527458190918	-0.04184221476316452	3078.383544921875	1.0173935890197754	3.899120330810547	0	723	470	0
1	43588	0	1	1	8464311	100676	23.27233123779297	-0.2930798828601837	3073.78857421875	1.0127445459365845	3.8920822143554688	0	740	465	484
1	43803	0	5	1	8455470	100735	26.6195011138916	-0.460256963968277	3078.664794921875	1.0186731815338135	3.906158447265625	0	723	469	0
1	44338	0	1	1	8465111	100677	23.188596725463867	-0.2512083053588867	3073.8017578125	1.0124082565307617	3.906158447265625	0	740	465	483
1	44554	0	5	1	8456170	100729	27.12158966064453	0.0	3078.913330078125	1.0213127136230469	3.913196563720703	1	725	467	0
1	45087	0	1	1	8465911	100673	23.52353858947754	0.08373609930276871	3073.833984375	1.0085335969924927	3.906158447265625	0	738	463	484
1	45301	0	5	1	8456870	100725	27.456329345703125	0.1673695296049118	3078.80859375	1.0187739133834839	3.906158447265625	0	722	471	0
1	45836	0	1	1	8466661	100681	22.853666305541992	-0.2930680811405182	3074.04833984375	1.0086785554885864	3.899120330810547	0	739	463	485
1	46050	0	5	1	8457620	100735	26.6195011138916	-0.16736146807670593	3078.99169921875	1.0185468196868896	3.899120330810547	0	723	470	0
1	46688	0	1	1	8467411	100672	23.607275009155273	-0.25121840834617615	3073.866455078125	1.010514259338379	3.899120330810547	0	738	464	482
1	46797	0	5	1	8458370	100729	27.12158966064453	0.0	3079.031005859375	1.0158771276474	3.913196563720703	0	723	470	1
1	47437	0	1	1	8468161	100677	23.188596725463867	-0.1256026327610016	3073.860107421875	1.007253646850586	3.906158447265625	0	738	466	483
1	47546	0	5	1	8459170	100728	27.20527458190918	0.04184187948703766	3079.148681640625	1.0172526836395264	3.8850440979003906	0	724	468	0
1	48185	0	1	1	8468961	100682	22.769933700561523	-0.3349336087703705	3073.62646484375	1.0056941509246826	3.906158447265625	0	739	463	485
1	48401	0	5	1	8459970	100737	26.452144622802734	-0.37656480073928833	3079.0048828125	1.016110897064209	3.906158447265625	0	724	470	0
1	49041	0	5	1	8460670	100734	26.703182220458984	-0.12552160024642944	3078.939453125	1.0156691074371338	3.899120330810547	0	725	472	0
1	49573	0	1	1	8470311	100678	23.104862213134766	-0.2093377262353897	3073.69140625	1.01285719871521	3.8920822143554688	0	738	466	483
1	49789	0	5	1	8461370	100741	26.1174373626709	-0.3347121477127075	3079.1552734375	1.0191969871520996	3.906158447265625	1	724	470	0
1	50322	0	1	1	8471111	100679	23.021129608154297	-0.16746816039085388	3073.613525390625	1.0114129781723022	3.906158447265625	0	738	465	484
1	50431	0	5	1	8462070	100732	26.870542526245117	0.041840534657239914	3079.0244140625	1.0173519849777222	3.899120330810547	1	723	468	0
1	51178	0	1	1	8471911	100680	22.937397003173828	-0.2930704355239868	3074.0029296875	1.0117013454437256	3.899120330810547	0	740	468	484
1	51178	0	5	1	8462770	100732	26.870542526245117	-0.1255236119031906	3079.148681640625	1.0177042484283447	3.913196563720703	0	724	468	0
1	51926	0	5	1	8463570	100738	26.368467330932617	-0.04183885082602501	3079.3251953125	1.022460699081421	3.906158447265625	0	724	469	1
1	52035	0	1	1	8472661	100677	23.188596725463867	0.04186686873435974	3073.600341796875	1.0103446245193481	3.8780059814453125	0	739	464	483
1	52675	0	5	1	8464270	100735	26.6195011138916	0.0836787149310112	3079.410400390625	1.0179616212844849	3.8920822143554688	0	724	468	0
1	52784	0	1	1	8473561	100684	22.602474212646484	-0.041864849627017975	3073.7626953125	1.0096673965454102	3.906158447265625	0	739	465	483
1	53423	0	5	1	8465070	100738	26.368467330932617	-0.1673574298620224	3079.260009765625	1.0188653469085693	3.906158447265625	0	724	471	0
1	53637	0	1	1	8474361	100679	23.021129608154297	0.04186619818210602	3073.67822265625	1.010593295097351	3.8920822143554688	0	739	465	483
1	54277	0	5	1	8465820	100736	26.53582191467285	0.08367803692817688	3079.16845703125	1.0188740491867065	3.8920822143554688	0	724	468	0
1	54386	0	1	1	8475111	100683	22.68620491027832	-0.5024044513702393	3073.47705078125	1.0099443197250366	3.906158447265625	0	737	465	482
1	55238	0	1	1	8475961	100677	23.188596725463867	0.3349255323410034	3073.548583984375	1.008610486984253	3.899120330810547	0	738	465	481
1	55238	0	5	1	8466770	100733	26.786861419677734	0.12551958858966827	3079.55419921875	1.0171633958816528	3.899120330810547	0	723	470	0
1	55986	0	5	1	8467570	100732	26.870542526245117	0.12552058696746826	3079.495361328125	1.0180771350860596	3.8920822143554688	0	723	469	0
1	56626	0	1	1	8477361	100675	23.35606575012207	0.0	3073.658935546875	1.0116618871688843	3.8920822143554688	0	737	463	484
1	56735	0	5	1	8468270	100734	26.703182220458984	0.1255185753107071	3079.55419921875	1.0148061513900757	3.899120330810547	0	725	467	0
1	58011	0	1	1	8478811	100678	23.104862213134766	-0.04186686873435974	3073.833984375	1.0101758241653442	3.899120330810547	0	739	464	484
1	58120	0	5	1	8469670	100737	26.452144622802734	-0.2928813695907593	3079.750244140625	1.017148494720459	3.899120330810547	0	724	469	0
1	58865	0	1	1	8479561	100677	23.188596725463867	-0.1256026327610016	3073.71728515625	1.0115164518356323	3.913196563720703	0	739	463	485
1	58865	0	5	1	8470470	100737	26.452144622802734	0.0	3079.70458984375	1.0176442861557007	3.8920822143554688	0	724	469	0
1	59612	0	1	1	8480361	100684	22.602474212646484	0.08372869342565536	3073.7822265625	1.0094239711761475	3.913196563720703	0	739	463	484
1	59612	0	5	1	8471170	100739	26.2847900390625	0.0	3079.900634765625	1.0178354978561401	3.906158447265625	0	724	469	0
1	60360	0	1	1	8481161	100683	22.68620491027832	0.0	3073.795166015625	1.0116238594055176	3.899120330810547	0	739	465	483
1	60360	0	5	1	8471870	100738	26.368467330932617	0.08367669582366943	3079.802734375	1.0197703838348389	3.906158447265625	0	724	469	1
1	61109	0	1	1	8481911	100677	23.188596725463867	0.3349255323410034	3073.658935546875	1.0102473497390747	3.906158447265625	0	738	464	484
1	61109	0	5	1	8472670	100733	26.786861419677734	0.2928743064403534	3079.782958984375	1.016798496246338	3.906158447265625	0	724	469	0
1	61858	0	5	1	8473420	100740	26.201112747192383	-0.12551555037498474	3079.70458984375	1.0166630744934082	3.899120330810547	0	724	472	0
1	61968	0	1	1	8482711	100681	22.853666305541992	-0.08373205363750458	3073.47705078125	1.0107488632202148	3.8920822143554688	0	740	465	483
1	62606	0	5	1	8474170	100737	26.452144622802734	-0.0836787149310112	3079.80908203125	1.0155349969863892	3.8920822143554688	1	724	467	0
1	62715	0	1	1	8483461	100681	22.853666305541992	-0.04186585918068886	3073.373291015625	1.0076451301574707	3.8920822143554688	0	739	465	483
1	63459	0	1	1	8484211	100684	22.602474212646484	-0.041864849627017975	3073.619873046875	1.0060890913009644	3.8780059814453125	0	738	466	483
1	63459	0	5	1	8474920	100741	26.1174373626709	-0.3347121477127075	3079.900634765625	1.0191043615341187	3.899120330810547	1	724	471	0
1	64207	0	1	1	8484961	100684	22.602474212646484	-0.1255955547094345	3073.671875	1.00710928440094	3.8920822143554688	0	738	463	482
1	64207	0	5	1	8475770	100743	25.950088500976562	-0.3765466511249542	3080.077392578125	1.0168747901916504	3.899120330810547	1	723	467	0
1	64956	0	1	1	8485761	100680	22.937397003173828	0.04186585918068886	3073.60693359375	1.010951280593872	3.899120330810547	0	739	464	483
1	64956	0	5	1	8476570	100740	26.201112747192383	-0.20919425785541534	3080.011962890625	1.0178240537643433	3.913196563720703	1	724	470	0
1	65703	0	5	1	8477270	100741	26.1174373626709	0.0	3080.181884765625	1.0187311172485352	3.913196563720703	0	721	468	0
1	65812	0	1	1	8486561	100687	22.351289749145508	-0.25118809938430786	3073.78857421875	1.0075160264968872	3.8920822143554688	0	738	466	484
1	66451	0	5	1	8478070	100743	25.950088500976562	-0.16735069453716278	3080.096923828125	1.0175445079803467	3.899120330810547	0	724	470	0
1	66560	0	1	1	8487361	100681	22.853666305541992	0.1255955547094345	3073.5224609375	1.0102994441986084	3.8850440979003906	0	737	467	484
1	67200	0	5	1	8478770	100747	25.61539649963379	-0.41837337613105774	3080.1884765625	1.0205477476119995	3.8920822143554688	0	724	469	0
1	67309	0	1	1	8488111	100681	22.853666305541992	0.08373071253299713	3073.373291015625	1.0106167793273926	3.899120330810547	0	739	465	484
1	67948	0	5	1	8479570	100741	26.1174373626709	-0.041837844997644424	3080.051025390625	1.0178191661834717	3.8920822143554688	0	723	470	0
1	68058	0	1	1	8488861	100689	22.183835983276367	-0.16745468974113464	3073.529052734375	1.009922981262207	3.899120330810547	0	738	465	483
1	68803	0	1	1	8489611	100680	22.937397003173828	0.16746142506599426	3073.42529296875	1.0075225830078125	3.913196563720703	0	738	465	483
1	68803	0	5	1	8480320	100739	26.2847900390625	-0.08367736637592316	3080.351806640625	1.0208312273025513	3.8920822143554688	0	722	470	0
1	69444	0	5	1	8481070	100743	25.950088500976562	-0.08367467671632767	3080.54150390625	1.0162798166275024	3.899120330810547	0	724	468	0
1	69658	0	1	1	8490361	100679	23.021129608154297	0.1674627661705017	3073.62646484375	1.008347749710083	3.899120330810547	0	738	463	484
1	70300	0	5	1	8481820	100736	26.53582191467285	0.2510300874710083	3080.47607421875	1.0199447870254517	3.906158447265625	0	724	469	0
1	70407	0	1	1	8491161	100683	22.68620491027832	0.25118404626846313	3073.529052734375	1.0116987228393555	3.899120330810547	0	738	466	483
1	71050	0	5	1	8482620	100735	26.6195011138916	0.29286959767341614	3080.266845703125	1.0143495798110962	3.8850440979003906	0	724	472	0
1	71264	0	1	1	8491961	100677	23.188596725463867	0.2930610179901123	3073.470703125	1.0119256973266602	3.906158447265625	0	738	465	483
1	72008	0	1	1	8492761	100677	23.188596725463867	0.08373340219259262	3073.704345703125	1.0120068788528442	3.8920822143554688	0	740	464	483
1	72437	0	5	1	8484020	100734	26.703182220458984	0.1255185753107071	3080.5087890625	1.0182164907455444	3.906158447265625	0	722	467	0
1	72756	0	1	1	8493561	100679	23.021129608154297	0.20932762324810028	3073.6328125	1.0081684589385986	3.8920822143554688	0	738	463	484
1	73290	0	5	1	8484820	100737	26.452144622802734	0.0	3080.567626953125	1.0181893110275269	3.899120330810547	1	723	467	0
1	73611	0	1	1	8494311	100680	22.937397003173828	0.08373138308525085	3073.568115234375	1.0121510028839111	3.8920822143554688	0	740	462	483
1	74144	0	5	1	8485670	100734	26.703182220458984	0.04183986037969589	3080.15576171875	1.019945740699768	3.899120330810547	0	723	467	0
1	74361	0	1	1	8495111	100676	23.27233123779297	0.12560060620307922	3073.438232421875	1.0104418992996216	3.906158447265625	0	739	465	484
1	74893	0	5	1	8486470	100742	26.033761978149414	-0.20919090509414673	3080.495849609375	1.0141874551773071	3.8920822143554688	0	724	468	0
1	75110	0	1	1	8495911	100679	23.021129608154297	0.0	3073.58740234375	1.0084255933761597	3.8920822143554688	0	738	463	484
1	75642	0	5	1	8487170	100737	26.452144622802734	-0.04183918982744217	3080.580810546875	1.021269679069519	3.8920822143554688	1	725	471	0
1	75963	0	1	1	8496661	100679	23.021129608154297	-0.251204252243042	3073.42529296875	1.006860375404358	3.906158447265625	0	738	466	484
1	76390	0	5	1	8487970	100735	26.6195011138916	-0.12552058696746826	3080.37158203125	1.0169528722763062	3.8920822143554688	0	724	470	0
1	76711	0	1	1	8497461	100674	23.439802169799805	0.4186636507511139	3073.554931640625	1.0083491802215576	3.8920822143554688	0	739	463	483
1	77138	0	5	1	8488720	100731	26.9542236328125	0.20920099318027496	3080.410888671875	1.020315170288086	3.8920822143554688	1	725	469	0
1	77566	0	1	1	8498261	100679	23.021129608154297	0.1674627661705017	3073.554931640625	1.011163353919983	3.899120330810547	0	739	465	483
1	77888	0	5	1	8489520	100737	26.452144622802734	0.04183885082602501	3080.548095703125	1.0200620889663696	3.8920822143554688	0	723	468	0
1	78635	0	5	1	8490220	100730	27.037906646728516	0.2928813695907593	3080.4892578125	1.0220390558242798	3.8920822143554688	2	723	471	0
1	78956	0	1	1	8499711	100682	22.769933700561523	-0.16746410727500916	3073.509521484375	1.0072252750396729	3.8920822143554688	0	737	465	484
1	79384	0	5	1	8490970	100738	26.368467330932617	-0.08367803692817688	3080.6201171875	1.0191500186920166	3.899120330810547	2	724	470	0
1	79705	0	1	1	8500511	100683	22.68620491027832	-0.041865184903144836	3073.51611328125	1.0088837146759033	3.899120330810547	0	740	465	484
1	80133	0	5	1	8491720	100741	26.1174373626709	-0.25103211402893066	3080.312744140625	1.0194112062454224	3.906158447265625	0	724	470	0
1	80560	0	1	1	8501311	100678	23.104862213134766	0.0	3073.7626953125	1.0114351511001587	3.899120330810547	0	740	464	484
1	80988	0	5	1	8492570	100739	26.2847900390625	-0.41840028762817383	3080.580810546875	1.0189441442489624	3.899120330810547	2	724	469	1
1	81310	0	1	1	8502061	100687	22.351289749145508	-0.33492013812065125	3073.593994140625	1.0106288194656372	3.906158447265625	0	737	464	483
1	81737	0	5	1	8493370	100738	26.368467330932617	-0.08367803692817688	3080.646240234375	1.0181853771209717	3.8920822143554688	1	724	471	0
1	82058	0	1	1	8502861	100683	22.68620491027832	-0.041865184903144836	3073.749755859375	1.014195442199707	3.899120330810547	0	739	466	484
1	82485	0	5	1	8494070	100733	26.786861419677734	0.2928743064403534	3080.54150390625	1.0203348398208618	3.8920822143554688	0	724	470	1
1	82911	0	1	1	8503661	100681	22.853666305541992	-0.12559859454631805	3073.60693359375	1.0079739093780518	3.8920822143554688	0	738	465	483
1	83233	0	5	1	8494870	100729	27.12158966064453	0.2928837239742279	3080.678955078125	1.0149471759796143	3.913196563720703	0	724	469	0
1	83659	0	1	1	8504461	100675	23.35606575012207	0.5442517995834351	3073.40576171875	1.0104362964630127	3.899120330810547	0	738	463	484
1	84085	0	5	1	8495620	100733	26.786861419677734	0.2928743064403534	3080.600341796875	1.0178372859954834	3.899120330810547	0	725	470	1
1	84514	0	1	1	8505261	100672	23.607275009155273	0.12560464441776276	3073.756103515625	1.012053370475769	3.8920822143554688	0	739	464	483
1	84729	0	5	1	8496370	100728	27.20527458190918	0.33472561836242676	3080.711669921875	1.0144093036651611	3.906158447265625	0	725	466	0
1	85263	0	1	1	8506011	100669	23.858489990234375	0.25121232867240906	3073.568115234375	1.0078645944595337	3.899120330810547	0	738	466	482
1	85583	0	5	1	8497120	100734	26.703182220458984	0.0	3080.881591796875	1.019343376159668	3.8920822143554688	0	724	472	0
1	86117	0	1	1	8506811	100668	23.942230224609375	0.334949791431427	3073.58740234375	1.0058605670928955	3.8920822143554688	0	740	463	485
1	86332	0	5	1	8497920	100726	27.372642517089844	-0.08368611335754395	3080.73779296875	1.0212726593017578	3.899120330810547	1	724	468	0
1	86866	0	1	1	8507661	100672	23.607275009155273	-0.1674775779247284	3073.3212890625	1.0117100477218628	3.906158447265625	0	739	463	484
1	87187	0	5	1	8498670	100728	27.20527458190918	0.04184187948703766	3080.6201171875	1.0189208984375	3.913196563720703	0	723	469	0
1	87719	0	1	1	8508411	100681	22.853666305541992	-0.209332674741745	3073.749755859375	1.0087122917175293	3.8920822143554688	0	739	464	482
1	87936	0	5	1	8499470	100734	26.703182220458984	-0.25104624032974243	3080.423828125	1.0163745880126953	3.8920822143554688	0	725	469	0
1	88468	0	1	1	8509211	100681	22.853666305541992	-0.1674654632806778	3073.65234375	1.0105609893798828	3.899120330810547	0	740	466	484
1	88684	0	5	1	8500270	100740	26.201112747192383	-0.5857651233673096	3080.69189453125	1.0177831649780273	3.899120330810547	1	723	469	0
1	89216	0	1	1	8510011	100683	22.68620491027832	-0.4186670184135437	3073.62646484375	1.011366844177246	3.8920822143554688	0	737	466	484
1	89432	0	5	1	8500970	100738	26.368467330932617	-0.25103816390037537	3081.005859375	1.0151556730270386	3.906158447265625	1	724	469	0
1	89961	0	1	1	8510761	100681	22.853666305541992	0.08373071253299713	3073.47705078125	1.0104492902755737	3.8920822143554688	0	739	468	484
1	90178	0	5	1	8501770	100735	26.6195011138916	-0.16736146807670593	3080.6201171875	1.0189661979675293	3.8920822143554688	0	724	469	0
1	90710	0	1	1	8511511	100675	23.35606575012207	0.0	3073.53564453125	1.0102672576904297	3.899120330810547	0	738	464	483
1	90820	0	5	1	8502470	100732	26.870542526245117	0.08368073403835297	3080.875	1.0169121026992798	3.8920822143554688	0	723	468	0
1	91567	0	1	1	8512261	100669	23.858489990234375	0.25121232867240906	3073.36669921875	1.0064164400100708	3.906158447265625	0	738	464	483
1	91676	0	5	1	8503170	100725	27.456329345703125	0.08368544280529022	3080.698486328125	1.016116976737976	3.899120330810547	0	723	469	1
1	92527	0	5	1	8504020	100727	27.288957595825195	0.29288843274116516	3080.580810546875	1.0182905197143555	3.913196563720703	2	724	468	0
1	92846	0	1	1	8513661	100675	23.35606575012207	0.1256016194820404	3073.27587890625	1.009207010269165	3.8920822143554688	0	739	463	484
1	93275	0	5	1	8504820	100734	26.703182220458984	0.0	3080.862060546875	1.0182602405548096	3.899120330810547	1	725	470	0
1	93703	0	1	1	8514461	100675	23.35606575012207	-0.3349524736404419	3073.26953125	1.006334900856018	3.899120330810547	0	739	464	482
1	94025	0	5	1	8505570	100734	26.703182220458984	-0.25104624032974243	3080.85546875	1.0188459157943726	3.8920822143554688	0	723	470	0
1	94452	0	1	1	8515261	100679	23.021129608154297	-0.41868048906326294	3073.470703125	1.0105414390563965	3.8920822143554688	0	739	465	484
1	94774	0	5	1	8506320	100739	26.2847900390625	-0.251036137342453	3081.077880859375	1.0214428901672363	3.899120330810547	0	724	469	2
1	95200	0	1	1	8516011	100680	22.937397003173828	-0.2093343585729599	3073.470703125	0.9501656889915466	3.8780059814453125	0	740	464	483
1	95522	0	5	1	8507070	100735	26.6195011138916	-0.29288607835769653	3081.03857421875	1.016390085220337	3.8920822143554688	1	724	467	0
1	95949	0	1	1	8516761	100676	23.27233123779297	0.12560060620307922	3073.42529296875	0.9907540678977966	3.899120330810547	0	737	467	482
1	96376	0	5	1	8507920	100732	26.870542526245117	0.20919930934906006	3081.116943359375	0.9784533977508545	3.899120330810547	0	724	467	0
1	96802	0	1	1	8517561	100676	23.27233123779297	0.2511982023715973	3073.18505859375	1.008802056312561	3.899120330810547	0	739	466	483
1	97124	0	5	1	8508720	100733	26.786861419677734	0.16735877096652985	3080.816162109375	1.0096917152404785	3.913196563720703	0	723	471	1
1	97658	0	1	1	8518361	100682	22.769933700561523	-0.29306572675704956	3073.3603515625	1.0202052593231201	3.899120330810547	0	739	466	484
1	97873	0	5	1	8509420	100733	26.786861419677734	0.041840195655822754	3081.13671875	1.0141595602035522	3.899120330810547	0	724	470	2
1	98407	0	1	1	8519161	100674	23.439802169799805	0.04186788201332092	3073.36669921875	1.0188711881637573	3.8850440979003906	0	738	463	484
1	98622	0	5	1	8510170	100734	26.703182220458984	0.04183986037969589	3081.27392578125	1.0320756435394287	3.8920822143554688	0	723	470	0
1	99153	0	1	1	8519961	100677	23.188596725463867	0.2511961758136749	3073.574462890625	1.0060899257659912	3.8850440979003906	0	738	466	481
1	99370	0	5	1	8510920	100732	26.870542526245117	0.20919930934906006	3081.33935546875	1.0135647058486938	3.913196563720703	0	724	468	2
1	100009	0	1	1	8520711	100680	22.937397003173828	0.16746142506599426	3073.49658203125	1.0151987075805664	3.899120330810547	0	739	465	484
1	100119	0	5	1	8511670	100732	26.870542526245117	0.292876660823822	3081.097412109375	1.0189212560653687	3.8920822143554688	0	723	470	0
1	100759	0	1	1	8521511	100677	23.188596725463867	0.2093309909105301	3073.31494140625	1.0093209743499756	3.8920822143554688	0	739	464	483
1	101390	0	5	1	8512470	100734	26.703182220458984	0.08367938548326492	3081.17578125	1.0157997608184814	3.899120330810547	0	724	467	0
1	101495	0	1	1	8522311	100680	22.937397003173828	-0.16746680438518524	3073.58740234375	1.0143626928329468	3.906158447265625	0	739	466	484
1	102144	0	5	1	8513720	100737	26.452144622802734	-0.1255185753107071	3081.35888671875	1.019222617149353	3.899120330810547	1	724	469	0
1	102360	0	1	1	8523061	100679	23.021129608154297	-0.04186653345823288	3073.600341796875	1.0129681825637817	3.8920822143554688	0	739	464	483
1	102892	0	5	1	8514520	100738	26.368467330932617	0.0	3081.378662109375	1.0140793323516846	3.906158447265625	0	724	467	0
1	103213	0	1	1	8523911	100681	22.853666305541992	-0.08373205363750458	3073.40576171875	1.018245816230774	3.8920822143554688	0	738	466	483
1	103748	0	5	1	8515270	100737	26.452144622802734	0.12551555037498474	3081.417724609375	1.0168969631195068	3.899120330810547	0	724	467	2
1	103962	0	1	1	8524711	100675	23.35606575012207	0.3349309265613556	3073.3212890625	1.0099185705184937	3.906158447265625	0	738	466	485
1	104496	0	5	1	8516070	100732	26.870542526245117	0.5020642280578613	3081.40478515625	1.0184727907180786	3.8850440979003906	0	724	472	2
1	104711	0	1	1	8525461	100670	23.774751663208008	0.669867217540741	3073.47705078125	1.0117077827453613	3.906158447265625	0	740	462	483
1	105246	0	5	1	8516870	100733	26.786861419677734	0.20919762551784515	3081.463623046875	1.0179685354232788	3.8920822143554688	1	725	472	0
1	105461	0	1	1	8526211	100677	23.188596725463867	0.2511961758136749	3073.353759765625	1.008329153060913	3.8850440979003906	0	740	465	484
1	105992	0	5	1	8517570	100727	27.288957595825195	0.41840702295303345	3081.463623046875	1.0182162523269653	3.8920822143554688	0	723	469	0
1	106208	0	1	1	8526961	100672	23.607275009155273	-0.041868891566991806	3073.2890625	1.0093318223953247	3.913196563720703	0	739	466	484
1	106848	0	5	1	8518420	100737	26.452144622802734	-0.2928813695907593	3081.33935546875	1.0189363956451416	3.899120330810547	0	723	470	0
1	106957	0	1	1	8527761	100674	23.439802169799805	-0.041868217289447784	3073.308349609375	1.0058751106262207	3.8920822143554688	0	739	466	483
1	107596	0	5	1	8519170	100737	26.452144622802734	-0.20919930934906006	3081.287109375	1.014832854270935	3.906158447265625	1	725	470	0
1	107811	0	1	1	8528561	100673	23.52353858947754	0.12560364603996277	3073.438232421875	1.006479024887085	3.8920822143554688	0	737	467	483
1	108345	0	5	1	8519920	100732	26.870542526245117	0.08368073403835297	3081.29345703125	1.0208401679992676	3.913196563720703	0	723	468	0
1	108560	0	1	1	8529361	100665	24.19345474243164	0.5024287104606628	3073.26953125	1.0095300674438477	3.913196563720703	0	738	465	483
1	109093	0	5	1	8520720	100731	26.9542236328125	0.041840869933366776	3081.45703125	1.01787269115448	3.899120330810547	2	724	470	0
1	109414	0	1	1	8530161	100670	23.774751663208008	0.08373811841011047	3073.36669921875	1.0098330974578857	3.906158447265625	0	739	465	484
1	109841	0	5	1	8521420	100728	27.20527458190918	0.1255246251821518	3081.48974609375	1.0174791812896729	3.899120330810547	1	725	470	0
1	110163	0	1	1	8530911	100673	23.52353858947754	0.041868217289447784	3073.38623046875	1.012774109840393	3.913196563720703	0	738	463	483
1	110483	0	5	1	8522120	100727	27.288957595825195	-0.04184255003929138	3081.568115234375	1.016825556755066	3.899120330810547	0	724	470	0
1	110913	0	1	1	8531711	100655	25.030908584594727	0.8792891502380371	3073.262939453125	1.0132627487182617	3.8920822143554688	0	739	464	483
1	111233	0	5	1	8522820	100717	28.125839233398438	0.6694889068603516	3081.6533203125	1.0180743932724	3.899120330810547	0	724	469	0
1	111765	0	1	1	8532561	100667	24.025970458984375	0.20934781432151794	3073.412353515625	1.0066475868225098	3.8850440979003906	0	738	465	483
1	111980	0	5	1	8523620	100725	27.456329345703125	0.3765738904476166	3081.62060546875	1.0112361907958984	3.899120330810547	1	726	471	0
1	113257	0	1	1	8533961	100670	23.774751663208008	-0.46058374643325806	3073.191650390625	1.0116814374923706	3.906158447265625	0	739	466	483
1	113366	0	5	1	8525020	100726	27.372642517089844	-0.08368611335754395	3081.57470703125	1.0153340101242065	3.899120330810547	0	723	468	0
1	114006	0	1	1	8534761	100671	23.69101333618164	-0.04186922684311867	3073.20458984375	1.0100524425506592	3.899120330810547	0	737	465	483
1	114115	0	5	1	8525720	100728	27.20527458190918	-0.0836847648024559	3081.731689453125	1.0148850679397583	3.899120330810547	0	723	468	0
1	114755	0	1	1	8535561	100672	23.607275009155273	0.0	3073.3798828125	1.0149216651916504	3.899120330810547	0	738	465	485
1	114864	0	5	1	8526420	100725	27.456329345703125	0.04184288904070854	3081.365478515625	1.0140738487243652	3.913196563720703	0	723	470	0
1	115607	0	1	1	8536311	100671	23.69101333618164	-0.33496326208114624	3073.237060546875	1.0037529468536377	3.8920822143554688	0	739	464	482
1	115607	0	5	1	8527220	100727	27.288957595825195	-0.37659507989883423	3081.561767578125	1.0173097848892212	3.8920822143554688	1	725	469	0
1	116355	0	1	1	8537111	100675	23.35606575012207	-0.16747353971004486	3073.431640625	1.011980414390564	3.906158447265625	0	737	464	485
1	116355	0	5	1	8527920	100734	26.703182220458984	-0.25104624032974243	3081.862548828125	1.0202033519744873	3.899120330810547	1	724	472	0
1	117104	0	1	1	8537911	100673	23.52353858947754	-0.041868552565574646	3073.3408203125	1.014780044555664	3.899120330810547	0	737	464	482
1	117104	0	5	1	8528620	100729	27.12158966064453	0.1255236119031906	3081.908203125	1.0215425491333008	3.899120330810547	0	724	469	0
1	117747	0	5	1	8529370	100734	26.703182220458984	-0.20920434594154358	3081.685791015625	1.0193114280700684	3.899120330810547	0	724	469	0
1	117962	0	1	1	8538661	100671	23.69101333618164	0.16747353971004486	3073.27587890625	1.009001612663269	3.8850440979003906	0	737	465	482
1	118601	0	5	1	8530120	100728	27.20527458190918	-0.0836847648024559	3081.712158203125	1.0163023471832275	3.899120330810547	0	724	469	0
1	118711	0	1	1	8539461	100667	24.025970458984375	0.2512163817882538	3073.1396484375	1.010040521621704	3.899120330810547	0	738	466	484
1	119244	0	5	1	8530870	100729	27.12158966064453	0.0	3081.7578125	1.0184967517852783	3.8920822143554688	0	724	470	0
1	119565	0	1	1	8540261	100672	23.607275009155273	0.041868552565574646	3073.33447265625	1.0070555210113525	3.8920822143554688	0	737	465	482
1	120097	0	5	1	8531620	100729	27.12158966064453	0.16736415028572083	3081.882080078125	1.0174835920333862	3.899120330810547	0	724	469	0
1	120313	0	1	1	8541061	100675	23.35606575012207	0.0	3073.211181640625	1.0050870180130005	3.899120330810547	0	738	466	483
1	120846	0	5	1	8532420	100733	26.786861419677734	-0.12552261352539062	3081.901611328125	1.0149705410003662	3.906158447265625	0	723	469	0
1	121061	0	1	1	8541861	100665	24.19345474243164	0.4186939597129822	3073.217529296875	1.0150336027145386	3.899120330810547	0	739	464	484
1	121594	0	5	1	8533170	100730	27.037906646728516	0.0	3082.1240234375	1.0195341110229492	3.8920822143554688	0	724	469	0
1	121916	0	1	1	8542611	100672	23.607275009155273	0.08373676985502243	3073.262939453125	1.0158737897872925	3.899120330810547	0	739	464	484
1	122451	0	5	1	8533970	100732	26.870542526245117	0.08368073403835297	3082.052001953125	1.0161341428756714	3.913196563720703	0	723	467	0
1	122666	0	1	1	8543411	100669	23.858489990234375	0.1256076842546463	3073.061767578125	1.0083779096603394	3.8850440979003906	0	738	465	483
1	123304	0	5	1	8534820	100726	27.372642517089844	0.0	3081.999755859375	1.01806640625	3.899120330810547	2	725	470	0
1	123413	0	1	1	8544211	100676	23.27233123779297	-0.08373542129993439	3073.1201171875	1.0078437328338623	3.8920822143554688	0	737	464	483
1	124052	0	5	1	8535570	100728	27.20527458190918	0.04184187948703766	3082.012939453125	1.0195108652114868	3.906158447265625	0	724	468	0
1	124161	0	1	1	8544911	100672	23.607275009155273	-0.041868891566991806	3073.1787109375	1.0109646320343018	3.899120330810547	0	737	463	482
1	124906	0	1	1	8545711	100677	23.188596725463867	-0.376816987991333	3073.146240234375	1.0096585750579834	3.8920822143554688	0	737	465	483
1	124906	0	5	1	8536420	100729	27.12158966064453	-0.04184187948703766	3082.084716796875	1.0188542604446411	3.906158447265625	0	724	469	0
1	125654	0	5	1	8537220	100731	26.9542236328125	-0.1255246251821518	3082.11083984375	1.017563819885254	3.8920822143554688	0	724	470	0
1	125763	0	1	1	8546461	100671	23.69101333618164	-0.04186922684311867	3073.27587890625	1.0085901021957397	3.8850440979003906	0	738	465	482
1	126297	0	5	1	8537920	100733	26.786861419677734	-0.08368140459060669	3082.26123046875	1.0189965963363647	3.899120330810547	2	725	468	0
1	126511	0	1	1	8547261	100673	23.52353858947754	0.2093377262353897	3073.347412109375	1.0116983652114868	3.8920822143554688	0	737	464	482
1	127046	0	5	1	8538620	100732	26.870542526245117	-0.08368207514286041	3082.202392578125	1.015687108039856	3.899120330810547	0	724	468	0
1	127261	0	1	1	8548061	100681	22.853666305541992	-0.3768048584461212	3073.009765625	1.0071806907653809	3.8920822143554688	0	738	463	484
1	127687	0	5	1	8539320	100736	26.53582191467285	-0.20920099318027496	3082.150146484375	1.0193129777908325	3.906158447265625	0	725	468	0
1	128009	0	1	1	8548811	100675	23.35606575012207	0.04186754301190376	3073.2890625	1.0081119537353516	3.913196563720703	0	739	464	482
1	128544	0	5	1	8540120	100738	26.368467330932617	-0.3347202241420746	3082.00634765625	1.019978404045105	3.906158447265625	0	724	466	1
1	129183	0	5	1	8540820	100736	26.53582191467285	-0.08367938548326492	3082.202392578125	1.0177667140960693	3.913196563720703	0	724	470	0
1	129504	0	1	1	8550261	100681	22.853666305541992	-0.12559859454631805	3073.373291015625	1.0041754245758057	3.8920822143554688	0	740	466	482
1	129933	0	5	1	8541520	100734	26.703182220458984	-0.12552160024642944	3082.019287109375	1.0124142169952393	3.906158447265625	0	724	469	0
1	130254	0	1	1	8551011	100678	23.104862213134766	-0.33494439721107483	3073.197998046875	1.0046205520629883	3.899120330810547	0	739	463	483
1	130683	0	5	1	8542320	100737	26.452144622802734	0.0	3081.927734375	1.0234917402267456	3.906158447265625	0	724	469	0
1	131110	0	1	1	8551861	100684	22.602474212646484	-0.25119414925575256	3073.211181640625	1.0142405033111572	3.906158447265625	0	739	466	483
1	131538	0	5	1	8543070	100740	26.201112747192383	-0.3347148597240448	3082.215576171875	1.013256311416626	3.8850440979003906	0	723	467	0
1	131859	0	1	1	8552661	100682	22.769933700561523	-0.2093309909105301	3073.20458984375	1.012320637702942	3.899120330810547	0	738	464	483
1	132393	0	5	1	8543920	100738	26.368467330932617	0.08367669582366943	3082.2744140625	1.017642855644226	3.8920822143554688	0	723	469	0
1	132712	0	1	1	8553411	100684	22.602474212646484	-0.1255955547094345	3073.1591796875	1.012017011642456	3.906158447265625	0	740	466	482
1	133247	0	5	1	8544770	100735	26.6195011138916	0.0836787149310112	3082.47705078125	1.028900384902954	3.906158447265625	1	724	468	0
1	133459	0	1	1	8554211	100680	22.937397003173828	0.08373138308525085	3073.146240234375	1.0045788288116455	3.906158447265625	0	738	467	484
1	133992	0	5	1	8545570	100741	26.1174373626709	-0.041837844997644424	3082.529541015625	1.0194361209869385	3.899120330810547	0	724	471	1
1	134207	0	1	1	8555011	100682	22.769933700561523	-0.041865523904561996	3073.146240234375	1.0103974342346191	3.8920822143554688	0	737	464	483
1	134741	0	5	1	8546270	100738	26.368467330932617	0.16735205054283142	3082.490234375	1.0183929204940796	3.899120330810547	0	723	469	0
1	135063	0	1	1	8555761	100679	23.021129608154297	0.12559758126735687	3073.055419921875	1.009387493133545	3.8920822143554688	0	739	465	482
1	135594	0	5	1	8547120	100739	26.2847900390625	-0.08367736637592316	3082.503173828125	1.015489935874939	3.913196563720703	0	724	471	0
1	135810	0	1	1	8556561	100683	22.68620491027832	-0.08373071253299713	3073.055419921875	1.0110162496566772	3.899120330810547	0	739	468	483
1	136237	0	5	1	8547870	100737	26.452144622802734	0.20919090509414673	3082.764892578125	1.0151857137680054	3.906158447265625	0	724	468	0
1	136664	0	1	1	8557361	100682	22.769933700561523	-0.08373138308525085	3073.23046875	1.0123119354248047	3.899120330810547	0	737	464	483
1	137092	0	5	1	8548620	100740	26.201112747192383	0.041837844997644424	3082.62744140625	1.019507884979248	3.8920822143554688	0	723	469	0
1	137413	0	1	1	8558161	100684	22.602474212646484	-0.16746142506599426	3073.554931640625	1.0078376531600952	3.899120330810547	0	739	466	484
1	137947	0	5	1	8549420	100736	26.53582191467285	0.1673547327518463	3082.75830078125	1.0214897394180298	3.906158447265625	0	725	469	0
1	138162	0	1	1	8558961	100683	22.68620491027832	-0.08373071253299713	3073.243408203125	1.0099400281906128	3.8920822143554688	0	737	465	483
1	138588	0	5	1	8550220	100739	26.2847900390625	0.0	3082.771484375	1.0162630081176758	3.906158447265625	2	723	470	0
1	139017	0	1	1	8559711	100685	22.51874542236328	-0.12559455633163452	3073.282470703125	1.0090287923812866	3.899120330810547	0	738	465	484
1	139443	0	5	1	8550970	100739	26.2847900390625	0.0	3082.634033203125	1.019955039024353	3.906158447265625	1	722	469	0
1	139762	0	1	1	8560511	100683	22.68620491027832	-0.1674627661705017	3073.2890625	1.0106278657913208	3.899120330810547	0	739	463	484
1	140191	0	5	1	8551770	100739	26.2847900390625	-0.08367736637592316	3082.7451171875	1.0193126201629639	3.8920822143554688	0	724	472	0
1	140619	0	1	1	8561361	100684	22.602474212646484	-0.16746142506599426	3073.431640625	1.0078972578048706	3.906158447265625	0	738	465	483
1	140941	0	5	1	8552520	100745	25.78274154663086	-0.1673480123281479	3082.69287109375	1.017038345336914	3.899120330810547	0	724	470	0
1	141474	0	1	1	8562161	100684	22.602474212646484	-0.08373003453016281	3073.282470703125	1.0152297019958496	3.899120330810547	0	739	467	484
1	141690	0	5	1	8553270	100739	26.2847900390625	0.041838180273771286	3082.92822265625	1.0197136402130127	3.906158447265625	0	726	469	0
1	142222	0	1	1	8562961	100683	22.68620491027832	0.041864849627017975	3073.282470703125	1.012745976448059	3.899120330810547	0	738	465	486
1	142544	0	5	1	8554120	100741	26.1174373626709	-0.08367602527141571	3082.934814453125	1.017548680305481	3.899120330810547	0	725	470	0
1	142971	0	1	1	8563711	100685	22.51874542236328	0.04186417534947395	3073.217529296875	1.0087554454803467	3.906158447265625	0	740	465	483
1	143717	0	1	1	8564461	100680	22.937397003173828	0.25119009613990784	3073.262939453125	1.0045474767684937	3.899120330810547	0	739	466	485
1	144464	0	1	1	8565261	100684	22.602474212646484	-0.20932762324810028	3073.26953125	1.0104236602783203	3.8920822143554688	0	738	465	484
1	144680	0	5	1	8556220	100736	26.53582191467285	0.08367803692817688	3083.05908203125	1.0153874158859253	3.913196563720703	0	725	469	0
1	145319	0	1	1	8566061	100679	23.021129608154297	0.04186619818210602	3073.347412109375	1.011823058128357	3.906158447265625	0	739	464	484
1	145534	0	5	1	8557070	100736	26.53582191467285	0.08367803692817688	3083.314208984375	1.0210516452789307	3.906158447265625	0	723	468	0
1	146068	0	1	1	8566811	100675	23.35606575012207	0.29306572675704956	3073.33447265625	1.00456702709198	3.899120330810547	0	739	465	484
1	146282	0	5	1	8557820	100734	26.703182220458984	0.25103411078453064	3083.12451171875	1.0185551643371582	3.8920822143554688	0	723	469	1
1	146816	0	1	1	8567561	100675	23.35606575012207	0.29306572675704956	3073.243408203125	1.0059797763824463	3.899120330810547	0	740	465	484
1	146925	0	5	1	8558520	100734	26.703182220458984	0.3347094655036926	3083.0068359375	1.0199768543243408	3.8920822143554688	0	725	469	0
1	147670	0	5	1	8559220	100738	26.368467330932617	-0.1255175620317459	3083.3076171875	1.0175427198410034	3.8850440979003906	0	724	467	0
1	148204	0	1	1	8568961	100678	23.104862213134766	-0.1256016194820404	3073.26953125	1.0099120140075684	3.8920822143554688	0	740	466	483
1	148419	0	5	1	8560020	100738	26.368467330932617	-0.3347202241420746	3083.0263671875	1.0188319683074951	3.899120330810547	0	724	468	0
1	148952	0	1	1	8569761	100680	22.937397003173828	0.0	3073.3603515625	1.0171388387680054	3.8920822143554688	0	739	463	484
1	149272	0	5	1	8560820	100732	26.870542526245117	0.12552058696746826	3083.14404296875	1.014061450958252	3.906158447265625	0	723	468	0
1	149805	0	1	1	8570511	100669	23.858489990234375	0.41868048906326294	3073.25	1.0102579593658447	3.906158447265625	0	739	463	483
1	150020	0	5	1	8561570	100731	26.9542236328125	0.46023106575012207	3083.150634765625	1.010359287261963	3.8920822143554688	0	724	470	1
1	150554	0	1	1	8571311	100669	23.858489990234375	0.5861432552337646	3073.3603515625	0.9767966270446777	3.8920822143554688	0	738	464	483
1	150769	0	5	1	8562320	100733	26.786861419677734	0.251036137342453	3083.14404296875	1.0171622037887573	3.899120330810547	0	725	469	0
1	151302	0	1	1	8572111	100681	22.853666305541992	-0.4186737537384033	3073.347412109375	1.0147128105163574	3.8920822143554688	0	739	466	484
1	151517	0	5	1	8563070	100739	26.2847900390625	-0.16735607385635376	3083.281494140625	1.0143548250198364	3.8920822143554688	1	724	471	0
1	152156	0	1	1	8572861	100681	22.853666305541992	-0.33493632078170776	3073.3798828125	1.0080629587173462	3.899120330810547	0	739	465	482
1	152266	0	5	1	8563870	100742	26.033761978149414	-0.5439138412475586	3083.2880859375	1.012882947921753	3.906158447265625	0	725	470	0
1	152904	0	1	1	8573661	100682	22.769933700561523	-0.12559758126735687	3073.451171875	1.009435772895813	3.906158447265625	0	740	464	483
1	153121	0	5	1	8564670	100733	26.786861419677734	0.20919762551784515	3083.183349609375	1.0206857919692993	3.899120330810547	0	725	468	1
1	153653	0	1	1	8574411	100678	23.104862213134766	0.0837327316403389	3073.444580078125	1.0095046758651733	3.906158447265625	0	739	464	484
1	153762	0	5	1	8565370	100734	26.703182220458984	0.08367938548326492	3083.399169921875	1.016244649887085	3.913196563720703	0	725	469	0
1	154402	0	1	1	8575161	100675	23.35606575012207	0.3349309265613556	3073.444580078125	1.0118536949157715	3.899120330810547	0	740	465	483
1	154511	0	5	1	8566070	100731	26.9542236328125	0.29287901520729065	3083.392578125	1.0189199447631836	3.913196563720703	1	724	469	0
1	155255	0	1	1	8575961	100678	23.104862213134766	0.0837327316403389	3073.3408203125	1.0131264925003052	3.906158447265625	0	739	464	484
1	155255	0	5	1	8566870	100731	26.9542236328125	0.29287901520729065	3083.333740234375	1.0212641954421997	3.899120330810547	0	724	468	0
1	156746	0	1	1	8577461	100673	23.52353858947754	0.2093377262353897	3073.2890625	1.0198609828948975	3.913196563720703	0	739	467	483
1	157385	0	5	1	8568920	100730	27.037906646728516	0.08368207514286041	3083.320556640625	1.018128514289856	3.8920822143554688	1	724	471	0
1	157495	0	1	1	8578261	100673	23.52353858947754	0.16747084259986877	3073.262939453125	1.0072259902954102	3.906158447265625	0	740	464	484
1	158135	0	5	1	8569720	100726	27.372642517089844	0.2928907871246338	3083.34033203125	1.018722414970398	3.899120330810547	0	723	469	1
1	158244	0	1	1	8579061	100671	23.69101333618164	-0.0837387889623642	3073.33447265625	1.0088611841201782	3.906158447265625	0	738	466	484
1	158885	0	5	1	8570420	100735	26.6195011138916	-0.12552058696746826	3083.44482421875	1.0184104442596436	3.906158447265625	1	723	469	0
1	160374	0	1	1	8581111	100672	23.607275009155273	0.16747219860553741	3073.3798828125	1.009118676185608	3.8920822143554688	0	739	466	484
1	160374	0	5	1	8571920	100732	26.870542526245117	-0.1255236119031906	3083.47119140625	1.01692533493042	3.913196563720703	2	725	470	0
1	161123	0	1	1	8581861	100675	23.35606575012207	0.2093343585729599	3073.5810546875	1.0087236166000366	3.8850440979003906	0	739	466	483
1	161230	0	5	1	8572770	100733	26.786861419677734	0.0	3083.5888671875	1.0162419080734253	3.899120330810547	1	724	469	0
1	161870	0	1	1	8582661	100671	23.69101333618164	0.33494168519973755	3073.327880859375	1.0081027746200562	3.899120330810547	0	738	465	483
1	161979	0	5	1	8573520	100735	26.6195011138916	-0.12552058696746826	3083.614990234375	1.015333890914917	3.899120330810547	0	724	470	0
1	163363	0	1	1	8584111	100675	23.35606575012207	0.16746816039085388	3073.3603515625	1.0072673559188843	3.899120330810547	0	739	464	483
1	163363	0	5	1	8574920	100738	26.368467330932617	-0.1673574298620224	3083.44482421875	1.0168681144714355	3.899120330810547	0	724	468	1
1	164111	0	1	1	8584861	100671	23.69101333618164	-0.04186922684311867	3073.42529296875	1.0103353261947632	3.899120330810547	0	739	463	482
1	164219	0	5	1	8575770	100728	27.20527458190918	0.16736549139022827	3083.693359375	1.0184141397476196	3.906158447265625	0	723	470	1
1	164965	0	1	1	8585711	100672	23.607275009155273	0.16747219860553741	3073.16552734375	1.0118533372879028	3.899120330810547	0	739	465	482
1	164965	0	5	1	8576570	100729	27.12158966064453	0.1255236119031906	3083.582275390625	1.0164768695831299	3.8850440979003906	0	724	470	0
1	165713	0	1	1	8586511	100668	23.942230224609375	0.1674775779247284	3073.22412109375	1.010791301727295	3.8920822143554688	0	739	463	483
1	165823	0	5	1	8577320	100726	27.372642517089844	0.16736818850040436	3083.77197265625	1.0159765481948853	3.906158447265625	0	726	468	0
1	166567	0	1	1	8587261	100677	23.188596725463867	-0.0418672077357769	3073.36669921875	1.0076674222946167	3.899120330810547	0	739	465	484
1	166676	0	5	1	8578170	100735	26.6195011138916	-0.29288607835769653	3083.7783203125	1.01575767993927	3.906158447265625	0	724	470	0
1	167314	0	1	1	8588061	100677	23.188596725463867	-0.2512083053588867	3073.282470703125	1.0105293989181519	3.899120330810547	0	740	463	484
1	167424	0	5	1	8579020	100732	26.870542526245117	-0.16736549139022827	3083.81103515625	1.0187861919403076	3.899120330810547	0	725	470	0
1	168806	0	1	1	8589461	100668	23.942230224609375	0.2512143552303314	3073.327880859375	1.0108386278152466	3.8920822143554688	0	740	463	483
1	168915	0	5	1	8580470	100722	27.70738983154297	0.3347417712211609	3083.49072265625	1.0180543661117554	3.913196563720703	0	725	470	0
1	170297	0	1	1	8590961	100676	23.27233123779297	-0.2512103021144867	3073.081298828125	1.0111806392669678	3.913196563720703	0	738	466	483
1	170297	0	5	1	8581870	100729	27.12158966064453	-0.1673695296049118	3083.5888671875	1.014481782913208	3.906158447265625	0	725	469	0
1	171577	0	5	1	8583220	100732	26.870542526245117	-0.2092077136039734	3083.817626953125	1.0177462100982666	3.8920822143554688	0	724	470	0
1	171684	0	1	1	8592461	100674	23.439802169799805	0.04186788201332092	3073.256591796875	1.009092092514038	3.913196563720703	0	741	464	484
1	172431	0	5	1	8583920	100730	27.037906646728516	0.16736280918121338	3083.72607421875	1.0177807807922363	3.906158447265625	0	724	471	0
1	172540	0	1	1	8593261	100676	23.27233123779297	-0.2512103021144867	3073.418701171875	1.0116783380508423	3.899120330810547	0	740	465	482
1	173285	0	1	1	8594061	100671	23.69101333618164	-0.04186922684311867	3073.438232421875	1.0123521089553833	3.913196563720703	0	739	465	484
1	173928	0	5	1	8585420	100729	27.12158966064453	0.0418415442109108	3083.752197265625	1.0174846649169922	3.8920822143554688	0	724	469	0
1	174035	0	1	1	8594811	100673	23.52353858947754	-0.16747623682022095	3073.302001953125	1.0107332468032837	3.913196563720703	0	738	465	483
1	174782	0	1	1	8595611	100669	23.858489990234375	0.25121232867240906	3073.07470703125	1.0127290487289429	3.913196563720703	0	740	466	483
1	174782	0	5	1	8586270	100733	26.786861419677734	0.0	3083.830810546875	1.0177421569824219	3.899120330810547	0	724	467	0
1	175531	0	5	1	8587070	100735	26.6195011138916	-0.20920266211032867	3083.883056640625	1.0199730396270752	3.899120330810547	1	724	470	1
1	175640	0	1	1	8596411	100679	23.021129608154297	-0.29307281970977783	3073.51611328125	1.0064328908920288	3.899120330810547	0	737	464	485
1	176281	0	5	1	8587820	100729	27.12158966064453	0.16736415028572083	3083.8896484375	1.0152796506881714	3.899120330810547	0	724	470	0
1	176495	0	1	1	8597261	100674	23.439802169799805	0.08373542129993439	3073.3603515625	1.0101597309112549	3.899120330810547	0	740	463	484
1	177030	0	5	1	8588570	100725	27.456329345703125	0.3765738904476166	3084.118408203125	1.0218923091888428	3.906158447265625	2	724	469	0
1	177244	0	1	1	8598061	100670	23.774751663208008	0.08373811841011047	3073.256591796875	1.0086044073104858	3.906158447265625	0	739	463	483
1	177776	0	5	1	8589320	100729	27.12158966064453	-0.04184187948703766	3083.987548828125	1.0128477811813354	3.906158447265625	0	724	469	0
1	177990	0	1	1	8598761	100675	23.35606575012207	0.04186754301190376	3073.18505859375	1.0111008882522583	3.8920822143554688	0	738	465	485
1	178524	0	5	1	8590070	100729	27.12158966064453	0.0418415442109108	3084.17724609375	1.0175197124481201	3.913196563720703	0	723	468	0
1	178738	0	1	1	8599511	100672	23.607275009155273	0.041868552565574646	3073.431640625	1.007910132408142	3.906158447265625	0	738	465	484
1	179274	0	5	1	8590820	100729	27.12158966064453	0.25104421377182007	3084.151123046875	1.0148988962173462	3.906158447265625	0	725	470	0
1	179489	0	1	1	8600311	100676	23.27233123779297	0.0418672077357769	3073.172119140625	1.009749174118042	3.899120330810547	0	738	465	484
1	180130	0	5	1	8591670	100729	27.12158966064453	0.0	3083.974609375	1.0188562870025635	3.899120330810547	0	724	470	0
1	180239	0	1	1	8601061	100675	23.35606575012207	-0.04186788201332092	3073.191650390625	1.0080721378326416	3.899120330810547	0	738	466	483
1	180774	0	5	1	8592420	100724	27.540016174316406	0.3347363770008087	3084.281982421875	1.0167652368545532	3.906158447265625	0	724	470	1
1	180989	0	1	1	8601811	100668	23.942230224609375	0.2512143552303314	3073.217529296875	1.006752610206604	3.899120330810547	0	739	465	484
1	181631	0	5	1	8593170	100730	27.037906646728516	0.20920266211032867	3084.098876953125	1.0156995058059692	3.913196563720703	1	725	469	0
1	181740	0	1	1	8602561	100671	23.69101333618164	0.29307517409324646	3073.20458984375	1.0103951692581177	3.8920822143554688	0	739	466	485
1	182382	0	5	1	8593970	100734	26.703182220458984	-0.16736280918121338	3084.30810546875	1.0176771879196167	3.8920822143554688	2	725	471	0
1	182491	0	1	1	8603311	100676	23.27233123779297	-0.12560364603996277	3073.237060546875	1.006835699081421	3.8920822143554688	0	739	466	484
1	183026	0	5	1	8594670	100733	26.786861419677734	-0.2510482370853424	3084.30810546875	1.0197430849075317	3.8920822143554688	0	724	468	0
1	183346	0	1	1	8604061	100672	23.607275009155273	0.12560464441776276	3073.308349609375	1.007354736328125	3.899120330810547	0	739	468	483
1	183776	0	5	1	8595370	100728	27.20527458190918	0.20920602977275848	3084.37353515625	1.0176960229873657	3.8920822143554688	0	724	470	0
1	184095	0	1	1	8604861	100670	23.774751663208008	0.3768109381198883	3073.470703125	1.0107970237731934	3.8920822143554688	0	739	466	483
1	184524	0	5	1	8596070	100734	26.703182220458984	-0.16736280918121338	3084.294921875	1.0169434547424316	3.899120330810547	1	724	469	0
1	184951	0	1	1	8605661	100671	23.69101333618164	0.37680789828300476	3073.418701171875	1.0121651887893677	3.906158447265625	0	738	464	483
1	185274	0	5	1	8596770	100731	26.9542236328125	0.08368140459060669	3084.2099609375	1.019071102142334	3.899120330810547	0	724	470	0
1	185700	0	1	1	8606461	100671	23.69101333618164	0.29307517409324646	3073.18505859375	1.0110551118850708	3.899120330810547	0	739	464	481
1	186023	0	5	1	8597620	100728	27.20527458190918	0.25104624032974243	3084.32763671875	1.0174213647842407	3.906158447265625	0	723	470	0
1	186449	0	1	1	8607211	100673	23.52353858947754	0.0	3073.172119140625	1.0094106197357178	3.906158447265625	0	738	465	485
1	186877	0	5	1	8598420	100731	26.9542236328125	-0.1255246251821518	3084.249267578125	1.020186424255371	3.899120330810547	0	725	471	0
1	187198	0	1	1	8607961	100676	23.27233123779297	-0.12560364603996277	3073.33447265625	1.0105016231536865	3.906158447265625	0	738	465	484
1	187625	0	5	1	8599170	100729	27.12158966064453	0.0	3084.249267578125	1.0180940628051758	3.906158447265625	0	726	467	0
1	187946	0	1	1	8608761	100673	23.52353858947754	-0.041868552565574646	3073.211181640625	1.010899543762207	3.899120330810547	0	738	465	484
1	188374	0	5	1	8599970	100727	27.288957595825195	0.08368409425020218	3084.353759765625	1.0163553953170776	3.8850440979003906	1	723	470	0
1	188800	0	1	1	8609561	100673	23.52353858947754	-0.08373744785785675	3073.353759765625	1.009476661682129	3.906158447265625	0	739	462	484
1	189123	0	5	1	8600770	100732	26.870542526245117	-0.041840869933366776	3084.4453125	1.0180500745773315	3.906158447265625	0	724	472	0
1	189549	0	1	1	8610361	100675	23.35606575012207	-0.12560464441776276	3073.23046875	1.0108580589294434	3.899120330810547	0	739	467	483
1	189872	0	5	1	8601470	100731	26.9542236328125	-0.25105229020118713	3084.42578125	1.0189093351364136	3.8850440979003906	0	724	469	0
1	190298	0	1	1	8611111	100680	22.937397003173828	-0.33493900299072266	3073.13330078125	1.0091559886932373	3.906158447265625	0	739	464	483
1	190621	0	5	1	8602170	100731	26.9542236328125	-0.1255246251821518	3084.39306640625	1.014527440071106	3.899120330810547	1	724	469	0
1	191048	0	1	1	8611861	100676	23.27233123779297	-0.20934107899665833	3073.438232421875	1.0072656869888306	3.906158447265625	0	739	467	483
1	191370	0	5	1	8602970	100732	26.870542526245117	-0.041840869933366776	3084.504150390625	1.019443392753601	3.8920822143554688	0	723	470	0
1	191796	0	1	1	8612611	100673	23.52353858947754	0.08373609930276871	3073.26953125	1.0105234384536743	3.899120330810547	0	738	464	484
1	192753	0	1	1	8613361	100672	23.607275009155273	0.0	3073.146240234375	1.0110149383544922	3.8920822143554688	0	739	465	483
1	192863	0	5	1	8604420	100732	26.870542526245117	0.041840534657239914	3084.32763671875	1.0177911520004272	3.899120330810547	0	725	469	0
1	193608	0	1	1	8614311	100677	23.188596725463867	0.0	3073.16552734375	1.0104161500930786	3.906158447265625	0	740	466	484
1	193717	0	5	1	8605220	100732	26.870542526245117	-0.041840869933366776	3084.432373046875	1.0171681642532349	3.8920822143554688	0	723	469	1
1	195101	0	1	1	8615811	100677	23.188596725463867	-0.20933939516544342	3073.061767578125	1.0073641538619995	3.913196563720703	0	739	463	483
1	195210	0	5	1	8606720	100732	26.870542526245117	0.041840534657239914	3084.569580078125	1.01816987991333	3.899120330810547	0	725	471	0
1	195850	0	1	1	8616611	100674	23.439802169799805	0.0	3073.02294921875	1.0098786354064941	3.899120330810547	0	740	467	483
1	196065	0	5	1	8607570	100732	26.870542526245117	0.0	3084.7265625	1.0185997486114502	3.899120330810547	0	724	469	0
1	196598	0	1	1	8617411	100673	23.52353858947754	0.08373609930276871	3073.237060546875	1.0095386505126953	3.8920822143554688	0	739	466	484
1	196812	0	5	1	8608370	100732	26.870542526245117	-0.1255236119031906	3084.73974609375	1.018591284751892	3.899120330810547	1	724	470	0
1	197451	0	1	1	8618161	100675	23.35606575012207	-0.12560464441776276	3073.25	1.0084776878356934	3.8920822143554688	0	740	463	483
1	198198	0	1	1	8618961	100682	22.769933700561523	-0.2093309909105301	3073.1591796875	1.0089538097381592	3.899120330810547	0	738	466	483
1	198307	0	5	1	8609770	100732	26.870542526245117	0.12552058696746826	3085.053466796875	1.016696572303772	3.906158447265625	0	723	470	0
1	198947	0	1	1	8619711	100674	23.439802169799805	0.1256026327610016	3073.11376953125	1.0099070072174072	3.8780059814453125	0	739	465	483
1	199057	0	5	1	8610620	100736	26.53582191467285	-0.08367938548326492	3085.0078125	1.0189582109451294	3.8920822143554688	0	725	469	0
1	199694	0	1	1	8620511	100679	23.021129608154297	-0.08373340219259262	3073.1787109375	1.008947491645813	3.906158447265625	0	739	463	486
1	199803	0	5	1	8611420	100736	26.53582191467285	0.08367803692817688	3084.654541015625	1.0162911415100098	3.913196563720703	0	723	470	0
1	201392	0	1	1	8622161	100675	23.35606575012207	0.16746816039085388	3073.593994140625	1.0106512308120728	3.913196563720703	0	739	465	484
1	201392	0	5	1	8612920	100733	26.786861419677734	-0.12552261352539062	3085.001220703125	1.0187069177627563	3.899120330810547	2	724	469	1
1	202141	0	1	1	8622961	100676	23.27233123779297	-0.08373542129993439	3073.217529296875	1.0083345174789429	3.899120330810547	0	738	463	484
1	202141	0	5	1	8613620	100738	26.368467330932617	-0.29287901520729065	3085.066650390625	1.019553303718567	3.8920822143554688	0	723	471	0
1	202891	0	5	1	8614420	100734	26.703182220458984	-0.12552160024642944	3084.896484375	1.021661400794983	3.8920822143554688	0	725	470	0
1	203000	0	1	1	8623761	100681	22.853666305541992	-0.25120019912719727	3073.243408203125	1.0096092224121094	3.8920822143554688	0	738	463	484
1	203640	0	5	1	8615170	100729	27.12158966064453	0.1255236119031906	3084.988037109375	1.016406536102295	3.906158447265625	1	723	469	0
1	203749	0	1	1	8624511	100674	23.439802169799805	0.1256026327610016	3073.18505859375	1.0074728727340698	3.906158447265625	0	738	464	483
1	204493	0	1	1	8625261	100679	23.021129608154297	-0.04186653345823288	3073.20458984375	1.012149691581726	3.899120330810547	0	739	467	483
1	204493	0	5	1	8616020	100736	26.53582191467285	0.0	3085.066650390625	1.016109585762024	3.8920822143554688	0	723	470	2
1	205242	0	5	1	8616820	100738	26.368467330932617	-0.29287901520729065	3084.90966796875	1.0149136781692505	3.906158447265625	0	723	470	0
1	205351	0	1	1	8626061	100679	23.021129608154297	0.04186619818210602	3073.509521484375	1.010528564453125	3.8920822143554688	0	739	464	484
1	205991	0	5	1	8617520	100732	26.870542526245117	-0.16736549139022827	3085.053466796875	1.0168888568878174	3.8920822143554688	2	724	468	0
1	206100	0	1	1	8626861	100678	23.104862213134766	-0.1256016194820404	3073.25	1.0089560747146606	3.906158447265625	0	739	464	483
1	206740	0	5	1	8618270	100728	27.20527458190918	0.33472561836242676	3085.282470703125	1.0130114555358887	3.906158447265625	0	724	470	2
1	206849	0	1	1	8627611	100673	23.52353858947754	0.251204252243042	3073.347412109375	1.0121665000915527	3.899120330810547	0	739	465	483
1	207595	0	5	1	8619070	100731	26.9542236328125	0.16736146807670593	3085.184326171875	1.0185717344284058	3.906158447265625	0	723	469	1
1	207702	0	1	1	8628511	100671	23.69101333618164	0.29307517409324646	3073.048828125	1.012244701385498	3.899120330810547	0	738	467	485
1	208344	0	5	1	8619920	100731	26.9542236328125	0.16736146807670593	3085.0078125	1.0200523138046265	3.899120330810547	0	724	469	0
1	208558	0	1	1	8629261	100675	23.35606575012207	0.0	3073.152587890625	1.0110512971878052	3.8920822143554688	0	738	466	484
1	209199	0	5	1	8620720	100737	26.452144622802734	-0.37656480073928833	3085.38037109375	1.0172978639602661	3.8920822143554688	0	725	471	0
1	209308	0	1	1	8630061	100680	22.937397003173828	-0.25120222568511963	3073.399169921875	1.0081732273101807	3.8920822143554688	0	739	464	484
1	209947	0	5	1	8621470	100739	26.2847900390625	-0.41840028762817383	3084.9423828125	1.0170977115631104	3.906158447265625	0	724	470	0
1	210056	0	1	1	8630811	100678	23.104862213134766	-0.29307517409324646	3073.11376953125	1.0105946063995361	3.906158447265625	0	740	465	483
1	210695	0	5	1	8622220	100733	26.786861419677734	0.041840195655822754	3085.2626953125	1.0186028480529785	3.906158447265625	0	722	470	0
1	210804	0	1	1	8631611	100676	23.27233123779297	0.0	3073.16552734375	1.0122153759002686	3.8920822143554688	0	737	466	483
1	211443	0	5	1	8622970	100735	26.6195011138916	0.0	3085.531005859375	1.017820954322815	3.906158447265625	0	724	470	0
1	211657	0	1	1	8632411	100682	22.769933700561523	-0.12559758126735687	3073.256591796875	1.0120304822921753	3.899120330810547	0	738	466	483
1	212297	0	5	1	8623820	100737	26.452144622802734	0.04183885082602501	3085.439453125	1.0179402828216553	3.8920822143554688	0	723	469	0
1	212406	0	1	1	8633161	100681	22.853666305541992	-0.12559859454631805	3073.25	1.0101888179779053	3.899120330810547	0	740	465	485
1	213045	0	5	1	8624620	100733	26.786861419677734	0.0	3085.531005859375	1.01609468460083	3.913196563720703	0	724	470	0
1	213155	0	1	1	8633961	100677	23.188596725463867	0.04186686873435974	3073.172119140625	1.0085595846176147	3.8920822143554688	0	739	466	484
1	213793	0	5	1	8625420	100731	26.9542236328125	0.25104016065597534	3085.321533203125	1.0171973705291748	3.8920822143554688	0	724	469	0
1	214009	0	1	1	8634711	100679	23.021129608154297	-0.08373340219259262	3073.302001953125	1.012952208518982	3.899120330810547	0	738	467	482
1	214649	0	5	1	8626120	100733	26.786861419677734	0.16735877096652985	3085.51123046875	1.018057107925415	3.899120330810547	0	723	470	0
1	214758	0	1	1	8635511	100677	23.188596725463867	-0.0418672077357769	3073.282470703125	1.0105633735656738	3.899120330810547	0	739	466	483
1	215503	0	1	1	8636311	100675	23.35606575012207	0.04186754301190376	3073.256591796875	1.007021427154541	3.906158447265625	0	739	466	483
1	215503	0	5	1	8627020	100736	26.53582191467285	-0.08367938548326492	3085.733642578125	1.0189640522003174	3.8920822143554688	0	723	470	1
1	216146	0	5	1	8627770	100734	26.703182220458984	0.04183986037969589	3085.40673828125	1.0156298875808716	3.899120330810547	0	724	470	0
1	216361	0	1	1	8637061	100673	23.52353858947754	0.16747084259986877	3073.3408203125	1.0093618631362915	3.8920822143554688	0	740	464	485
1	216895	0	5	1	8628470	100731	26.9542236328125	0.12552160024642944	3085.498291015625	1.0190829038619995	3.899120330810547	0	724	469	0
1	217109	0	1	1	8637861	100674	23.439802169799805	0.16746950149536133	3073.20458984375	1.0107238292694092	3.8920822143554688	0	739	464	483
1	217536	0	5	1	8629170	100728	27.20527458190918	0.37656480073928833	3085.504638671875	1.0157217979431152	3.8920822143554688	0	726	467	0
1	217962	0	1	1	8638661	100672	23.607275009155273	0.3768048584461212	3073.25	1.0111806392669678	3.8920822143554688	0	738	465	485
1	218389	0	5	1	8629870	100728	27.20527458190918	0.25104624032974243	3085.648681640625	1.0194013118743896	3.8920822143554688	0	725	472	0
1	218711	0	1	1	8639461	100666	24.109712600708008	0.4605577886104584	3072.990478515625	1.007359266281128	3.899120330810547	0	739	465	483
1	219245	0	5	1	8630720	100732	26.870542526245117	0.041840534657239914	3085.609375	1.0191549062728882	3.8850440979003906	0	725	468	0
1	219460	0	1	1	8640211	100672	23.607275009155273	0.08373676985502243	3073.1787109375	1.0060709714889526	3.906158447265625	0	740	466	484
1	219993	0	5	1	8631520	100729	27.12158966064453	0.0418415442109108	3085.62255859375	1.019467830657959	3.906158447265625	0	725	470	0
1	220315	0	1	1	8641011	100671	23.69101333618164	0.041868891566991806	3073.126708984375	1.011472463607788	3.899120330810547	0	740	467	484
1	220741	0	5	1	8632320	100728	27.20527458190918	-0.0836847648024559	3085.55712890625	1.016923427581787	3.913196563720703	1	724	468	0
1	221063	0	1	1	8641811	100674	23.439802169799805	-0.20934444665908813	3073.048828125	1.012109398841858	3.8920822143554688	0	738	466	483
1	221488	0	5	1	8633070	100735	26.6195011138916	-0.08368005603551865	3085.85791015625	1.0165164470672607	3.899120330810547	0	725	469	0
1	221809	0	1	1	8642561	100679	23.021129608154297	-0.33494168519973755	3073.11376953125	1.0143088102340698	3.906158447265625	0	739	467	483
1	222237	0	5	1	8633820	100734	26.703182220458984	-0.3765738904476166	3085.6748046875	1.0210624933242798	3.8920822143554688	0	724	470	0
1	222665	0	1	1	8643461	100674	23.439802169799805	-0.29308459162712097	3072.970947265625	1.011020302772522	3.8920822143554688	0	739	466	483
1	222986	0	5	1	8634520	100735	26.6195011138916	-0.08368005603551865	3085.648681640625	1.0156490802764893	3.8920822143554688	0	726	471	0
1	223518	0	1	1	8644211	100680	22.937397003173828	-0.0837327316403389	3073.152587890625	1.0117415189743042	3.899120330810547	0	739	464	484
1	223628	0	5	1	8635220	100736	26.53582191467285	-0.08367938548326492	3085.74658203125	1.0190210342407227	3.899120330810547	0	723	470	0
1	224267	0	1	1	8645011	100679	23.021129608154297	-0.12560060620307922	3073.282470703125	1.0097486972808838	3.899120330810547	0	738	466	483
1	224376	0	5	1	8635920	100735	26.6195011138916	-0.25104421377182007	3085.70751953125	1.0178362131118774	3.899120330810547	0	724	470	0
1	225015	0	1	1	8645761	100678	23.104862213134766	-0.04186686873435974	3073.197998046875	1.0089820623397827	3.906158447265625	0	738	464	483
1	225015	0	5	1	8636620	100735	26.6195011138916	-0.04183986037969589	3085.851318359375	1.0197006464004517	3.899120330810547	0	724	469	0
1	225763	0	1	1	8646511	100672	23.607275009155273	0.20933939516544342	3073.1591796875	1.0109515190124512	3.906158447265625	0	741	465	482
1	225873	0	5	1	8637420	100730	27.037906646728516	0.16736280918121338	3085.79248046875	1.016676425933838	3.899120330810547	0	725	469	0
1	226512	0	5	1	8638120	100731	26.9542236328125	0.20920099318027496	3085.81201171875	1.0166881084442139	3.906158447265625	1	724	468	0
1	227152	0	1	1	8647911	100665	24.19345474243164	0.544295608997345	3073.3603515625	1.0056610107421875	3.899120330810547	0	739	465	483
1	227369	0	5	1	8638920	100727	27.288957595825195	0.12552563846111298	3085.79248046875	1.0173403024673462	3.8920822143554688	0	725	468	0
1	227901	0	1	1	8648711	100677	23.188596725463867	-0.08373475074768066	3073.197998046875	1.0083155632019043	3.8920822143554688	0	739	466	483
1	228010	0	5	1	8639620	100728	27.20527458190918	0.1255246251821518	3085.916748046875	1.0162450075149536	3.899120330810547	1	723	468	0
1	228757	0	1	1	8649511	100671	23.69101333618164	0.20934107899665833	3073.1396484375	1.0087037086486816	3.8920822143554688	0	740	467	483
1	228757	0	5	1	8640320	100729	27.12158966064453	0.0418415442109108	3086.165283203125	1.0157134532928467	3.899120330810547	0	724	470	1
1	229505	0	1	1	8650261	100673	23.52353858947754	-0.16747623682022095	3073.081298828125	1.0086899995803833	3.906158447265625	0	740	467	482
1	229505	0	5	1	8641120	100732	26.870542526245117	-0.08368207514286041	3086.152099609375	1.0209813117980957	3.913196563720703	0	724	470	1
1	230255	0	1	1	8651061	100670	23.774751663208008	0.12560667097568512	3073.256591796875	1.010898470878601	3.8920822143554688	0	738	465	486
1	230364	0	5	1	8641870	100731	26.9542236328125	0.0	3086.07373046875	1.0184485912322998	3.8920822143554688	0	724	468	1
1	231109	0	1	1	8651811	100674	23.439802169799805	-0.3349551558494568	3073.27587890625	1.0090959072113037	3.8920822143554688	0	739	465	482
1	231219	0	5	1	8642720	100731	26.9542236328125	-0.08368274569511414	3086.184814453125	1.0180543661117554	3.906158447265625	0	725	469	0
1	231858	0	1	1	8652611	100672	23.607275009155273	0.08373676985502243	3073.061767578125	1.0108017921447754	3.913196563720703	0	739	468	483
1	231858	0	5	1	8643470	100727	27.288957595825195	0.12552563846111298	3086.204345703125	1.0178133249282837	3.8920822143554688	0	725	470	0
1	232713	0	5	1	8644220	100727	27.288957595825195	0.2510482370853424	3086.099853515625	1.0189045667648315	3.899120330810547	0	724	467	0
1	233245	0	1	1	8653961	100671	23.69101333618164	-0.04186922684311867	3073.016357421875	1.0073370933532715	3.899120330810547	0	739	463	483
1	233462	0	5	1	8645020	100732	26.870542526245117	-0.08368207514286041	3086.26318359375	1.0175786018371582	3.899120330810547	0	725	470	0
1	233993	0	1	1	8654761	100674	23.439802169799805	-0.12560565769672394	3073.02294921875	1.007532000541687	3.899120330810547	0	739	466	483
1	234207	0	5	1	8645820	100730	27.037906646728516	-0.0418415442109108	3086.269775390625	1.0221378803253174	3.906158447265625	1	724	469	0
1	234741	0	1	1	8655561	100673	23.52353858947754	-0.041868552565574646	3073.262939453125	1.0123234987258911	3.899120330810547	0	739	463	485
1	234955	0	5	1	8646520	100731	26.9542236328125	-0.1673668473958969	3086.165283203125	1.0168061256408691	3.8920822143554688	0	726	467	1
1	235598	0	1	1	8656311	100678	23.104862213134766	-0.2093377262353897	3073.1787109375	1.0083644390106201	3.906158447265625	0	738	465	484
1	235705	0	5	1	8647220	100731	26.9542236328125	0.08368140459060669	3086.348388671875	1.0177043676376343	3.8920822143554688	0	726	470	0
1	236346	0	1	1	8657111	100676	23.27233123779297	-0.08373542129993439	3073.16552734375	1.0098100900650024	3.913196563720703	0	739	464	483
1	236453	0	5	1	8648020	100728	27.20527458190918	0.1255246251821518	3086.41357421875	1.0187650918960571	3.899120330810547	0	724	471	0
1	237092	0	1	1	8657911	100672	23.607275009155273	0.20933939516544342	3073.1787109375	1.0106838941574097	3.8920822143554688	0	739	465	484
1	237201	0	5	1	8648720	100729	27.12158966064453	0.08368274569511414	3086.43994140625	1.0188020467758179	3.899120330810547	0	724	469	0
1	237948	0	1	1	8658661	100668	23.942230224609375	0.376816987991333	3073.29541015625	1.0084658861160278	3.899120330810547	0	739	464	485
1	237948	0	5	1	8649520	100729	27.12158966064453	0.1255236119031906	3086.322021484375	1.015918493270874	3.899120330810547	2	725	470	0
1	238697	0	1	1	8659461	100672	23.607275009155273	0.0	3073.18505859375	1.0089699029922485	3.906158447265625	0	740	463	483
1	238806	0	5	1	8650270	100729	27.12158966064453	-0.12552665174007416	3086.498779296875	1.0163111686706543	3.906158447265625	0	725	470	0
1	239445	0	1	1	8660211	100674	23.439802169799805	-0.29308459162712097	3073.02294921875	1.009384274482727	3.899120330810547	0	738	465	482
1	239555	0	5	1	8651120	100729	27.12158966064453	-0.08368409425020218	3086.452880859375	1.0191997289657593	3.906158447265625	0	726	470	0
1	240195	0	1	1	8661011	100672	23.607275009155273	-0.1256076842546463	3072.9189453125	1.006895899772644	3.899120330810547	0	739	463	483
1	240304	0	5	1	8651920	100729	27.12158966064453	0.1255236119031906	3086.655517578125	1.0203020572662354	3.8920822143554688	1	724	468	0
1	241157	0	5	1	8652670	100727	27.288957595825195	0.08368409425020218	3086.5771484375	1.0175093412399292	3.8920822143554688	1	725	470	0
1	241584	0	1	1	8662361	100672	23.607275009155273	-0.041868891566991806	3073.1201171875	1.0126698017120361	3.899120330810547	0	738	465	483
1	242329	0	1	1	8663111	100668	23.942230224609375	0.08373946696519852	3073.23046875	1.010335087776184	3.899120330810547	0	740	464	483
1	242545	0	5	1	8654120	100730	27.037906646728516	0.0	3086.655517578125	1.018847942352295	3.906158447265625	0	725	469	0
1	243182	0	1	1	8663911	100670	23.774751663208008	0.08373811841011047	3073.1787109375	1.0081394910812378	3.899120330810547	0	739	465	484
1	243291	0	5	1	8654870	100727	27.288957595825195	0.0	3086.753662109375	1.0181827545166016	3.8920822143554688	1	725	470	0
1	244142	0	5	1	8655670	100729	27.12158966064453	-0.12552665174007416	3086.45947265625	1.0196609497070312	3.899120330810547	0	724	469	0
1	244569	0	1	1	8665311	100672	23.607275009155273	0.20933939516544342	3073.211181640625	1.0105092525482178	3.906158447265625	0	740	466	485
1	244996	0	5	1	8656520	100728	27.20527458190918	0.1255246251821518	3086.805908203125	1.0179187059402466	3.906158447265625	0	724	468	0
1	245424	0	1	1	8666111	100666	24.109712600708008	0.2930869460105896	3072.931884765625	1.0099046230316162	3.8920822143554688	0	740	464	482
1	246276	0	1	1	8666961	100668	23.942230224609375	0.04186990112066269	3073.3212890625	1.0097565650939941	3.906158447265625	0	736	465	483
1	246492	0	5	1	8658020	100729	27.12158966064453	-0.2510563135147095	3086.923828125	1.0178568363189697	3.906158447265625	0	724	469	0
1	247025	0	1	1	8667711	100670	23.774751663208008	-0.08373946696519852	3073.055419921875	1.0082569122314453	3.8920822143554688	0	740	468	484
1	247241	0	5	1	8658820	100729	27.12158966064453	-0.08368409425020218	3086.734130859375	1.0166661739349365	3.899120330810547	0	724	471	1
1	247773	0	1	1	8668511	100675	23.35606575012207	-0.25121232867240906	3073.107177734375	1.0094267129898071	3.8920822143554688	0	739	464	483
1	247989	0	5	1	8659520	100730	27.037906646728516	-0.2092110812664032	3086.838623046875	1.0168719291687012	3.8920822143554688	1	724	467	0
1	248629	0	1	1	8669311	100671	23.69101333618164	0.0	3073.256591796875	1.0135926008224487	3.8920822143554688	0	740	467	484
1	248738	0	5	1	8660320	100728	27.20527458190918	-0.12552765011787415	3086.936767578125	1.0169304609298706	3.906158447265625	0	725	468	0
1	249377	0	1	1	8670061	100672	23.607275009155273	-0.08373811841011047	3073.107177734375	1.0109899044036865	3.8920822143554688	0	739	465	484
1	249484	0	5	1	8661020	100728	27.20527458190918	-0.04184221476316452	3087.0478515625	1.0166845321655273	3.8920822143554688	1	724	470	0
1	250126	0	1	1	8670861	100670	23.774751663208008	-0.04186956584453583	3073.035888671875	1.0121488571166992	3.913196563720703	0	738	464	483
1	250233	0	5	1	8661820	100723	27.623703002929688	0.1673722267150879	3087.119873046875	1.01988685131073	3.8920822143554688	1	725	468	0
1	250980	0	1	1	8671661	100665	24.19345474243164	0.2512204051017761	3073.568115234375	1.0084712505340576	3.899120330810547	0	739	465	484
1	251089	0	5	1	8662570	100721	27.791078567504883	0.3347444534301758	3087.1787109375	1.0169309377670288	3.8920822143554688	0	724	467	0
1	251729	0	1	1	8672411	100663	24.360939025878906	0.4187006950378418	3073.042236328125	1.0074114799499512	3.899120330810547	0	739	466	484
1	251838	0	5	1	8663370	100720	27.874767303466797	0.3765890300273895	3087.152587890625	1.0171962976455688	3.913196563720703	1	725	469	1
1	252477	0	1	1	8673211	100668	23.942230224609375	0.1674775779247284	3072.96435546875	1.0081231594085693	3.899120330810547	0	738	464	484
1	252586	0	5	1	8664170	100722	27.70738983154297	0.1255306899547577	3086.8583984375	1.0184828042984009	3.906158447265625	0	724	470	0
1	253331	0	1	1	8673961	100669	23.858489990234375	-0.25122445821762085	3072.990478515625	1.0122289657592773	3.899120330810547	0	739	465	486
1	253440	0	5	1	8664920	100725	27.456329345703125	0.08368544280529022	3086.56396484375	1.0185130834579468	3.906158447265625	0	724	470	0
1	254079	0	1	1	8674761	100665	24.19345474243164	0.08374148607254028	3073.126708984375	1.0115307569503784	3.899120330810547	0	739	466	483
1	254079	0	5	1	8665670	100723	27.623703002929688	0.0	3086.851806640625	1.01824152469635	3.899120330810547	0	724	470	0
1	254934	0	5	1	8666420	100720	27.874767303466797	0.29290491342544556	3086.82568359375	1.018307089805603	3.899120330810547	1	725	471	1
1	255466	0	1	1	8676211	100661	24.528427124023438	0.20935793220996857	3073.029296875	1.0128687620162964	3.906158447265625	0	738	465	483
1	255682	0	5	1	8667220	100722	27.70738983154297	0.1255306899547577	3086.8974609375	1.0170941352844238	3.899120330810547	0	726	471	0
1	256321	0	1	1	8676961	100660	24.612173080444336	0.20935961604118347	3072.84765625	1.0129013061523438	3.906158447265625	0	740	464	484
1	256321	0	5	1	8667920	100721	27.791078567504883	0.20921780169010162	3086.838623046875	1.0170060396194458	3.906158447265625	1	724	469	0
1	257069	0	1	1	8677761	100665	24.19345474243164	0.0	3072.990478515625	1.007340908050537	3.913196563720703	0	739	465	484
1	257069	0	5	1	8668620	100725	27.456329345703125	-0.20921948552131653	3087.034912109375	1.0204799175262451	3.899120330810547	0	725	469	0
1	257924	0	1	1	8678511	100666	24.109712600708008	-0.2931034564971924	3073.23046875	1.0106518268585205	3.899120330810547	0	739	464	484
1	257924	0	5	1	8669470	100725	27.456329345703125	-0.2929096221923828	3086.819091796875	1.0198854207992554	3.8920822143554688	0	724	470	0
1	258674	0	5	1	8670270	100722	27.70738983154297	-0.08368880301713943	3086.7734375	1.0194422006607056	3.899120330810547	0	726	470	0
1	259313	0	1	1	8680011	100665	24.19345474243164	0.08374148607254028	3073.107177734375	1.009316325187683	3.8920822143554688	0	737	467	483
1	259423	0	5	1	8670970	100727	27.288957595825195	-0.04184255003929138	3087.10693359375	1.0198317766189575	3.906158447265625	0	725	471	0
1	260062	0	1	1	8680811	100667	24.025970458984375	-0.04187057539820671	3073.197998046875	1.0091954469680786	3.8920822143554688	0	740	465	484
1	260171	0	5	1	8671770	100727	27.288957595825195	-0.33474984765052795	3087.054443359375	1.0178660154342651	3.899120330810547	1	725	470	1
1	260918	0	1	1	8681611	100671	23.69101333618164	-0.3768351674079895	3073.262939453125	1.0089948177337646	3.906158447265625	0	740	465	484
1	261027	0	5	1	8672520	100727	27.288957595825195	0.04184221476316452	3087.034912109375	1.016539454460144	3.8850440979003906	0	725	471	0
1	261666	0	1	1	8682361	100669	23.858489990234375	0.25121232867240906	3073.16552734375	1.013350248336792	3.899120330810547	0	739	466	484
1	261773	0	5	1	8673320	100730	27.037906646728516	-0.2092110812664032	3087.067626953125	1.0202748775482178	3.899120330810547	0	726	469	0
1	262414	0	1	1	8683161	100667	24.025970458984375	0.0	3073.1787109375	1.010621428489685	3.899120330810547	0	737	466	481
1	262521	0	5	1	8674020	100729	27.12158966064453	-0.2092127650976181	3087.08056640625	1.02103853225708	3.906158447265625	0	727	469	0
1	263268	0	1	1	8683911	100667	24.025970458984375	0.08374013751745224	3073.055419921875	1.0114506483078003	3.8920822143554688	0	739	466	485
1	263377	0	5	1	8674870	100727	27.288957595825195	-0.04184255003929138	3087.34228515625	1.0166921615600586	3.906158447265625	0	725	468	0
1	264016	0	1	1	8684711	100668	23.942230224609375	0.04186990112066269	3072.9775390625	1.0119743347167969	3.899120330810547	0	739	464	485
1	264016	0	5	1	8675620	100724	27.540016174316406	0.12552866339683533	3087.42724609375	1.0190739631652832	3.906158447265625	0	723	470	1
1	264761	0	1	1	8685511	100673	23.52353858947754	-0.041868552565574646	3073.07470703125	1.0099014043807983	3.906158447265625	0	739	465	483
1	264871	0	5	1	8676370	100725	27.456329345703125	0.12552765011787415	3087.38134765625	1.0168052911758423	3.906158447265625	0	726	469	0
1	265614	0	1	1	8686261	100671	23.69101333618164	-0.0837387889623642	3073.07470703125	1.009613037109375	3.906158447265625	0	739	466	485
1	265614	0	5	1	8677170	100728	27.20527458190918	0.1255246251821518	3087.322509765625	1.017059087753296	3.906158447265625	0	726	471	0
1	266258	0	5	1	8677870	100729	27.12158966064453	-0.2092127650976181	3087.387939453125	1.0190014839172363	3.8920822143554688	0	725	469	0
1	266367	0	1	1	8687061	100673	23.52353858947754	-0.16747623682022095	3073.126708984375	1.0093636512756348	3.899120330810547	0	738	464	484
1	267006	0	5	1	8678570	100728	27.20527458190918	0.0	3087.39453125	1.018054485321045	3.906158447265625	0	724	470	0
1	267115	0	1	1	8687861	100668	23.942230224609375	0.08373946696519852	3073.081298828125	1.0120172500610352	3.899120330810547	0	739	466	483
1	267754	0	5	1	8679270	100728	27.20527458190918	0.08368342369794846	3087.564453125	1.0236773490905762	3.899120330810547	1	725	467	0
1	267969	0	1	1	8688611	100670	23.774751663208008	-0.04186956584453583	3073.11376953125	1.0109919309616089	3.8920822143554688	0	739	466	485
1	268503	0	5	1	8680070	100728	27.20527458190918	0.08368342369794846	3087.7412109375	1.0064218044281006	3.899120330810547	0	723	468	0
1	268717	0	1	1	8689411	100676	23.27233123779297	-0.2512103021144867	3073.16552734375	1.0077850818634033	3.8920822143554688	0	740	466	483
1	269252	0	5	1	8680770	100727	27.288957595825195	0.08368409425020218	3087.433837890625	1.0162433385849	3.899120330810547	0	725	471	0
1	269574	0	1	1	8690311	100671	23.69101333618164	0.0	3073.107177734375	1.0078041553497314	3.899120330810547	0	740	463	484
1	270000	0	5	1	8681570	100731	26.9542236328125	-0.29289549589157104	3087.94384765625	1.0150269269943237	3.8920822143554688	0	723	468	0
1	270428	0	1	1	8691061	100672	23.607275009155273	0.041868552565574646	3073.009765625	1.0093610286712646	3.8850440979003906	0	738	464	483
1	270749	0	5	1	8682270	100732	26.870542526245117	-0.041840869933366776	3087.682373046875	1.022709846496582	3.899120330810547	0	725	467	0
1	271176	0	1	1	8691861	100667	24.025970458984375	0.3349524736404419	3073.048828125	1.0096073150634766	3.899120330810547	0	739	465	484
1	271497	0	5	1	8683070	100731	26.9542236328125	0.08368140459060669	3087.636474609375	1.0228514671325684	3.8920822143554688	0	723	469	0
1	271924	0	1	1	8692661	100669	23.858489990234375	0.04186956584453583	3073.211181640625	1.0077067613601685	3.906158447265625	0	738	464	486
1	272246	0	5	1	8683820	100730	27.037906646728516	-0.08368342369794846	3087.64306640625	1.0200715065002441	3.899120330810547	2	724	468	0
1	272779	0	1	1	8693411	100672	23.607275009155273	-0.1674775779247284	3073.23046875	1.0110664367675781	3.906158447265625	0	739	466	484
1	272996	0	5	1	8684570	100727	27.288957595825195	0.08368409425020218	3087.669189453125	1.017887830734253	3.899120330810547	0	725	470	0
1	273529	0	1	1	8694211	100671	23.69101333618164	0.08373744785785675	3073.087646484375	1.0110509395599365	3.899120330810547	0	739	465	484
1	273745	0	5	1	8685270	100731	26.9542236328125	0.0	3087.74755859375	1.0151152610778809	3.899120330810547	1	724	468	0
1	274277	0	1	1	8695011	100672	23.607275009155273	-0.1256076842546463	3073.061767578125	1.0079894065856934	3.8850440979003906	0	737	464	484
1	274386	0	5	1	8685970	100730	27.037906646728516	-0.16736818850040436	3087.656005859375	1.0175528526306152	3.906158447265625	0	725	470	0
1	275133	0	5	1	8686720	100729	27.12158966064453	-0.12552665174007416	3087.754150390625	1.0213913917541504	3.899120330810547	2	725	469	0
1	275774	0	1	1	8696411	100667	24.025970458984375	0.16747893393039703	3073.048828125	1.013757586479187	3.899120330810547	0	740	464	484
1	275883	0	5	1	8687470	100730	27.037906646728516	0.0	3087.7802734375	1.019105076789856	3.8920822143554688	1	723	468	1
1	276629	0	5	1	8688220	100727	27.288957595825195	0.04184221476316452	3087.92431640625	1.015379548072815	3.8920822143554688	1	725	469	0
1	277055	0	1	1	8697811	100668	23.942230224609375	0.08373946696519852	3073.035888671875	1.0079431533813477	3.8920822143554688	0	740	466	483
1	277485	0	5	1	8689020	100727	27.288957595825195	-0.1673722267150879	3087.969970703125	1.0160106420516968	3.906158447265625	0	724	470	0
1	277911	0	1	1	8698611	100669	23.858489990234375	0.1256076842546463	3073.25	1.0103625059127808	3.899120330810547	0	741	465	483
1	278338	0	5	1	8689870	100728	27.20527458190918	0.08368342369794846	3087.950439453125	1.0178744792938232	3.8920822143554688	0	724	468	0
1	278659	0	1	1	8699411	100670	23.774751663208008	-0.04186956584453583	3073.1201171875	1.0106894969940186	3.906158447265625	0	741	464	485
1	279086	0	5	1	8690670	100725	27.456329345703125	0.08368544280529022	3087.832763671875	1.0171042680740356	3.8920822143554688	0	725	470	0
1	279408	0	1	1	8700161	100661	24.528427124023438	0.334968626499176	3073.431640625	1.0074269771575928	3.899120330810547	0	739	465	483
1	279835	0	5	1	8691370	100718	28.04214859008789	0.4602791666984558	3087.852294921875	1.0170804262161255	3.899120330810547	0	725	469	1
1	280157	0	1	1	8700911	100652	25.28215980529785	0.8374418020248413	3073.211181640625	1.0117353200912476	3.899120330810547	0	739	465	483
1	280583	0	5	1	8692170	100719	27.958457946777344	0.3765920400619507	3087.937255859375	1.0205295085906982	3.899120330810547	0	725	469	0
1	280904	0	1	1	8701661	100664	24.277196884155273	0.33496055006980896	3073.07470703125	1.0058037042617798	3.8920822143554688	0	739	466	485
1	281331	0	5	1	8692870	100719	27.958457946777344	0.33474984765052795	3088.126953125	1.0215519666671753	3.899120330810547	0	726	470	0
1	281653	0	1	1	8702411	100668	23.942230224609375	-0.4605911374092102	3073.087646484375	1.0145270824432373	3.913196563720703	0	740	466	484
1	281973	0	5	1	8693570	100722	27.70738983154297	-0.3347632884979248	3087.9765625	1.0212595462799072	3.899120330810547	0	724	467	0
1	282402	0	1	1	8703161	100666	24.109712600708008	-0.41872426867485046	3073.146240234375	1.0065268278121948	3.899120330810547	0	739	464	483
1	282830	0	5	1	8694320	100724	27.540016174316406	-0.29291197657585144	3088.19873046875	1.0197054147720337	3.899120330810547	0	724	470	0
1	283256	0	1	1	8703911	100668	23.942230224609375	-0.4605911374092102	3073.191650390625	1.0103049278259277	3.906158447265625	0	738	466	485
1	283471	0	5	1	8695070	100727	27.288957595825195	-0.29290491342544556	3088.2314453125	1.0161687135696411	3.8920822143554688	0	724	471	0
1	284004	0	1	1	8704711	100661	24.528427124023438	0.2512285113334656	3073.09423828125	1.0122109651565552	3.8920822143554688	0	738	465	483
1	284219	0	5	1	8695770	100715	28.293224334716797	0.20922788977622986	3088.32958984375	1.0174418687820435	3.899120330810547	0	724	470	0
1	284857	0	1	1	8705511	100662	24.444683074951172	0.20935624837875366	3073.16552734375	1.0119150876998901	3.906158447265625	0	740	464	483
1	284966	0	5	1	8696470	100723	27.623703002929688	0.041843559592962265	3088.218505859375	1.017310619354248	3.906158447265625	0	725	469	0
1	285605	0	1	1	8706311	100664	24.277196884155273	0.04187124967575073	3073.191650390625	1.0095354318618774	3.899120330810547	0	739	464	484
1	285714	0	5	1	8697270	100725	27.456329345703125	-0.1255306899547577	3088.349365234375	1.0158374309539795	3.899120330810547	0	723	468	0
1	286352	0	1	1	8707111	100666	24.109712600708008	-0.25123050808906555	3073.081298828125	1.0130419731140137	3.899120330810547	0	740	465	481
1	286568	0	5	1	8698020	100727	27.288957595825195	-0.37659507989883423	3088.172607421875	1.0180083513259888	3.899120330810547	0	724	470	1
1	287206	0	1	1	8707861	100665	24.19345474243164	-0.1674870103597641	3073.11376953125	1.0089740753173828	3.906158447265625	0	739	464	483
1	287316	0	5	1	8698920	100723	27.623703002929688	0.0	3088.349365234375	1.017021656036377	3.8920822143554688	0	725	471	1
1	287954	0	1	1	8708661	100665	24.19345474243164	0.12561172246932983	3073.262939453125	1.0078920125961304	3.8920822143554688	0	740	466	485
1	288064	0	5	1	8699620	100720	27.874767303466797	0.16737626492977142	3088.296875	1.0158190727233887	3.899120330810547	0	724	470	0
1	288808	0	1	1	8709511	100667	24.025970458984375	-0.12561273574829102	3073.191650390625	1.0082451105117798	3.906158447265625	0	740	466	484
1	288808	0	5	1	8700320	100721	27.791078567504883	0.08368813246488571	3088.388427734375	1.0166785717010498	3.899120330810547	1	724	471	0
1	289557	0	5	1	8701120	100721	27.791078567504883	0.0	3088.322998046875	1.0191842317581177	3.8920822143554688	0	724	469	0
1	289667	0	1	1	8710311	100661	24.528427124023438	0.20935793220996857	3073.068359375	1.0093543529510498	3.899120330810547	0	739	465	483
1	290306	0	1	1	8711061	100663	24.360939025878906	0.0	3073.327880859375	1.009969711303711	3.906158447265625	0	738	464	484
1	290306	0	5	1	8701870	100724	27.540016174316406	-0.5021449327468872	3088.421142578125	1.017462134361267	3.906158447265625	0	723	468	0
1	291055	0	5	1	8702620	100722	27.70738983154297	0.041843898594379425	3088.41455078125	1.020151972770691	3.8920822143554688	0	724	469	1
1	291164	0	1	1	8711811	100669	23.858489990234375	-0.12561070919036865	3073.081298828125	1.0098057985305786	3.899120330810547	0	740	464	484
1	291803	0	5	1	8703370	100727	27.288957595825195	-0.12552866339683533	3088.61083984375	1.0167264938354492	3.899120330810547	0	724	468	0
1	291912	0	1	1	8712611	100668	23.942230224609375	-0.20935456454753876	3073.262939453125	1.0107718706130981	3.899120330810547	0	739	463	484
1	292658	0	1	1	8713361	100671	23.69101333618164	-0.2512204051017761	3073.431640625	1.0092920064926147	3.8920822143554688	0	739	464	483
1	292658	0	5	1	8704220	100723	27.623703002929688	0.041843559592962265	3088.473388671875	1.0190991163253784	3.8850440979003906	0	725	469	0
1	294043	0	1	1	8714761	100670	23.774751663208008	-0.04186956584453583	3073.308349609375	1.0078734159469604	3.899120330810547	0	740	464	483
1	294152	0	5	1	8705670	100728	27.20527458190918	-0.12552765011787415	3088.571533203125	1.0166795253753662	3.8920822143554688	0	724	469	0
1	294792	0	1	1	8715561	100668	23.942230224609375	-0.16748297214508057	3073.2890625	1.0093927383422852	3.906158447265625	0	740	465	483
1	294901	0	5	1	8706420	100727	27.288957595825195	-0.08368544280529022	3088.322998046875	1.0182288885116577	3.8920822143554688	0	724	468	1
1	295646	0	1	1	8716311	100671	23.69101333618164	-0.20934949815273285	3073.2890625	1.0117754936218262	3.899120330810547	0	737	464	484
1	295755	0	5	1	8707270	100723	27.623703002929688	-0.041843898594379425	3088.47998046875	1.0199936628341675	3.906158447265625	0	723	468	0
1	296502	0	1	1	8717211	100669	23.858489990234375	0.0	3073.3212890625	1.0104026794433594	3.906158447265625	0	740	466	484
1	296502	0	5	1	8708070	100727	27.288957595825195	-0.12552866339683533	3088.59130859375	1.0166364908218384	3.913196563720703	0	724	470	0
1	297995	0	1	1	8718661	100668	23.942230224609375	0.04186990112066269	3073.146240234375	1.010487675666809	3.8850440979003906	0	740	465	483
1	297995	0	5	1	8709520	100727	27.288957595825195	-0.08368544280529022	3088.754638671875	1.0186165571212769	3.8850440979003906	0	726	468	0
1	298638	0	5	1	8710270	100725	27.456329345703125	0.08368544280529022	3088.748046875	1.01979660987854	3.899120330810547	0	726	469	0
1	298746	0	1	1	8719461	100670	23.774751663208008	0.04186922684311867	3073.11376953125	1.0107232332229614	3.899120330810547	0	740	467	483
1	299374	0	5	1	8710970	100726	27.372642517089844	0.0	3088.767822265625	1.017459750175476	3.8920822143554688	0	723	470	1
1	299493	0	1	1	8720261	100669	23.858489990234375	-0.20935288071632385	3073.23046875	1.0110379457473755	3.899120330810547	0	740	466	484
1	300134	0	5	1	8711670	100727	27.288957595825195	-0.04184255003929138	3088.728515625	1.0151225328445435	3.899120330810547	0	724	470	0
1	300348	0	1	1	8721011	100671	23.69101333618164	-0.2512204051017761	3073.29541015625	1.011454463005066	3.899120330810547	0	739	466	484
1	300883	0	5	1	8712470	100723	27.623703002929688	0.2510563135147095	3088.86572265625	1.0190681219100952	3.899120330810547	0	724	470	0
1	301097	0	1	1	8721811	100665	24.19345474243164	0.2930893003940582	3073.1591796875	1.0098267793655396	3.906158447265625	0	739	467	483
1	301736	0	5	1	8713220	100722	27.70738983154297	0.2929002046585083	3088.905029296875	1.0173704624176025	3.8920822143554688	0	724	469	1
1	301950	0	1	1	8722611	100662	24.444683074951172	0.2512264847755432	3073.302001953125	1.013122320175171	3.8920822143554688	0	739	463	482
1	302484	0	5	1	8714070	100729	27.12158966064453	-0.12552665174007416	3088.87890625	1.0185184478759766	3.8920822143554688	0	725	469	0
1	302699	0	1	1	8723411	100669	23.858489990234375	-0.08374013751745224	3073.353759765625	1.0086791515350342	3.899120330810547	0	740	464	482
1	303234	0	5	1	8714870	100727	27.288957595825195	-0.2510603666305542	3088.800537109375	1.0174379348754883	3.899120330810547	0	725	468	1
1	303448	0	1	1	8724161	100667	24.025970458984375	-0.20935624837875366	3073.100830078125	1.0099858045578003	3.899120330810547	0	740	464	483
1	303983	0	5	1	8715570	100727	27.288957595825195	-0.04184255003929138	3088.833251953125	1.0162092447280884	3.906158447265625	0	723	467	0
1	304197	0	1	1	8724911	100668	23.942230224609375	0.04186990112066269	3073.444580078125	1.0073407888412476	3.899120330810547	0	740	465	482
1	304837	0	5	1	8716370	100725	27.456329345703125	0.08368544280529022	3088.87890625	1.0156898498535156	3.913196563720703	0	724	471	0
1	304946	0	1	1	8725711	100671	23.69101333618164	-0.12560869753360748	3073.347412109375	1.0105355978012085	3.913196563720703	0	740	465	483
1	305585	0	5	1	8717170	100728	27.20527458190918	-0.04184221476316452	3088.728515625	1.0207878351211548	3.8920822143554688	0	724	467	0
1	305802	0	1	1	8726511	100669	23.858489990234375	-0.16748163104057312	3073.40576171875	1.0095837116241455	3.899120330810547	0	740	467	483
1	306335	0	5	1	8717870	100727	27.288957595825195	-0.12552866339683533	3089.16015625	1.015373945236206	3.8850440979003906	0	731	469	0
1	306551	0	1	1	8727311	100668	23.942230224609375	-0.04187023639678955	3073.172119140625	1.008130669593811	3.906158447265625	0	739	466	484
1	307190	0	5	1	8718720	100727	27.288957595825195	0.0	3088.957275390625	1.0177971124649048	3.899120330810547	0	724	471	0
1	307404	0	1	1	8728111	100671	23.69101333618164	0.08373744785785675	3073.18505859375	1.008001446723938	3.906158447265625	0	739	466	483
1	307938	0	5	1	8719470	100724	27.540016174316406	0.0418432243168354	3089.134033203125	1.0208714008331299	3.899120330810547	1	726	468	0
1	308152	0	1	1	8728861	100670	23.774751663208008	-0.12560969591140747	3073.3212890625	1.0102378129959106	3.899120330810547	0	739	465	484
1	308684	0	5	1	8720220	100733	26.786861419677734	-0.12552261352539062	3089.23193359375	1.0179989337921143	3.8920822143554688	0	726	470	0
1	308899	0	1	1	8729661	100668	23.942230224609375	0.04186990112066269	3073.347412109375	1.0105140209197998	3.899120330810547	0	739	464	484
1	309538	0	5	1	8721070	100726	27.372642517089844	0.0	3089.19921875	1.0182138681411743	3.8850440979003906	0	725	468	0
1	309753	0	1	1	8730461	100667	24.025970458984375	0.04187023639678955	3073.243408203125	1.0106040239334106	3.899120330810547	0	740	464	483
1	310287	0	5	1	8721870	100726	27.372642517089844	-0.16737356781959534	3089.166748046875	1.0190744400024414	3.899120330810547	0	725	469	1
1	310501	0	1	1	8731211	100668	23.942230224609375	0.12560869753360748	3073.191650390625	1.0088146924972534	3.8920822143554688	0	739	465	483
1	311143	0	5	1	8722670	100725	27.456329345703125	0.1673695296049118	3089.19287109375	1.0200542211532593	3.8920822143554688	0	724	467	0
1	311250	0	1	1	8732011	100669	23.858489990234375	0.1256076842546463	3073.40576171875	1.0127243995666504	3.899120330810547	0	739	466	483
1	311890	0	5	1	8723420	100728	27.20527458190918	0.0	3089.29736328125	1.0203014612197876	3.899120330810547	0	724	472	0
1	312637	0	5	1	8724170	100729	27.12158966064453	0.0	3089.356201171875	1.0191150903701782	3.8920822143554688	0	724	469	1
1	312746	0	1	1	8733411	100664	24.277196884155273	0.29309165477752686	3073.464111328125	1.0109853744506836	3.8920822143554688	0	738	466	484
1	313281	0	5	1	8724870	100727	27.288957595825195	0.1673668473958969	3089.2255859375	1.0201319456100464	3.8920822143554688	0	725	467	0
1	313495	0	1	1	8734211	100672	23.607275009155273	0.12560464441776276	3073.509521484375	1.0092155933380127	3.906158447265625	0	739	467	483
1	314135	0	5	1	8725620	100728	27.20527458190918	-0.0836847648024559	3089.38232421875	1.0207935571670532	3.8920822143554688	0	724	466	0
1	314349	0	1	1	8735011	100666	24.109712600708008	0.0	3073.3603515625	1.011436104774475	3.906158447265625	0	738	466	483
1	314776	0	5	1	8726370	100728	27.20527458190918	0.08368342369794846	3089.303955078125	1.015447735786438	3.8920822143554688	0	723	468	0
1	315097	0	1	1	8735861	100672	23.607275009155273	-0.041868891566991806	3073.26953125	1.005767583847046	3.899120330810547	0	738	465	483
1	315631	0	5	1	8727120	100732	26.870542526245117	0.0	3089.44775390625	1.0192571878433228	3.906158447265625	0	724	468	0
1	315953	0	1	1	8736611	100672	23.607275009155273	-0.08373811841011047	3073.49658203125	1.010986328125	3.906158447265625	0	737	463	484
1	316381	0	5	1	8727920	100730	27.037906646728516	-0.0418415442109108	3089.349609375	1.0126445293426514	3.8920822143554688	1	725	470	0
1	316702	0	1	1	8737411	100671	23.69101333618164	-0.16747893393039703	3073.256591796875	1.0162309408187866	3.899120330810547	0	739	464	484
1	317130	0	5	1	8728720	100729	27.12158966064453	-0.04184187948703766	3089.27783203125	1.015104055404663	3.913196563720703	0	724	469	0
1	317556	0	1	1	8738211	100674	23.439802169799805	0.0	3073.399169921875	1.0084598064422607	3.906158447265625	0	737	465	482
1	317878	0	5	1	8729420	100726	27.372642517089844	0.0836847648024559	3089.349609375	1.018823266029358	3.8920822143554688	0	724	467	0
1	318304	0	1	1	8739011	100671	23.69101333618164	0.08373744785785675	3073.3798828125	1.0080629587173462	3.8920822143554688	0	738	468	483
1	318519	0	5	1	8730120	100728	27.20527458190918	0.0	3089.68310546875	1.018233299255371	3.899120330810547	0	725	469	1
1	319053	0	1	1	8739811	100673	23.52353858947754	0.08373609930276871	3073.327880859375	1.011816382408142	3.913196563720703	0	739	464	483
1	319268	0	5	1	8730820	100730	27.037906646728516	-0.0418415442109108	3089.624267578125	1.0183374881744385	3.899120330810547	0	723	469	0
1	319907	0	1	1	8740561	100672	23.607275009155273	-0.1256076842546463	3073.438232421875	1.0116256475448608	3.8920822143554688	0	740	463	484
1	320017	0	5	1	8731520	100730	27.037906646728516	-0.16736818850040436	3089.689697265625	1.0190167427062988	3.906158447265625	0	725	469	0
1	320763	0	1	1	8741361	100668	23.942230224609375	-0.04187023639678955	3073.373291015625	1.0091184377670288	3.899120330810547	0	739	463	481
1	320763	0	5	1	8732320	100729	27.12158966064453	-0.04184187948703766	3089.689697265625	1.0162323713302612	3.899120330810547	0	724	470	0
1	321511	0	1	1	8742211	100670	23.774751663208008	0.04186922684311867	3073.26953125	1.0093748569488525	3.899120330810547	0	739	464	485
1	321511	0	5	1	8733020	100725	27.456329345703125	0.12552765011787415	3089.787841796875	1.019248127937317	3.906158447265625	1	723	471	1
1	322261	0	5	1	8733820	100726	27.372642517089844	0.12552665174007416	3089.735595703125	1.0172923803329468	3.899120330810547	0	725	470	0
1	322370	0	1	1	8743011	100668	23.942230224609375	0.08373946696519852	3073.13330078125	1.0064833164215088	3.8920822143554688	0	739	464	483
1	323009	0	5	1	8734520	100727	27.288957595825195	0.2092077136039734	3089.66357421875	1.0178765058517456	3.899120330810547	0	725	468	1
1	323118	0	1	1	8743811	100669	23.858489990234375	0.1256076842546463	3073.40576171875	1.0116643905639648	3.906158447265625	0	739	464	483
1	323757	0	5	1	8735320	100723	27.623703002929688	0.1673722267150879	3089.66357421875	1.0198887586593628	3.899120330810547	0	725	470	0
1	323867	0	1	1	8744611	100666	24.109712600708008	0.12561070919036865	3073.243408203125	1.0107178688049316	3.8920822143554688	0	740	465	483
1	324505	0	5	1	8736020	100718	28.04214859008789	0.20922285318374634	3089.604736328125	1.0176725387573242	3.8920822143554688	0	724	472	1
1	324720	0	1	1	8745361	100661	24.528427124023438	0.2930987477302551	3073.282470703125	1.0099838972091675	3.8920822143554688	0	739	468	483
1	325254	0	5	1	8736820	100726	27.372642517089844	-0.04184288904070854	3089.79443359375	1.0182157754898071	3.913196563720703	1	724	470	0
1	325469	0	1	1	8746161	100668	23.942230224609375	-0.08374081552028656	3073.431640625	1.0108989477157593	3.8920822143554688	0	738	464	484
1	326003	0	5	1	8737520	100728	27.20527458190918	-0.16737088561058044	3089.92529296875	1.0199447870254517	3.8850440979003906	0	724	468	0
1	326218	0	1	1	8746961	100669	23.858489990234375	-0.20935288071632385	3073.353759765625	1.0106922388076782	3.8780059814453125	0	738	464	482
1	326751	0	5	1	8738220	100726	27.372642517089844	-0.20921780169010162	3089.8271484375	1.0209206342697144	3.8920822143554688	0	725	470	0
1	327071	0	1	1	8747711	100670	23.774751663208008	-0.2930940091609955	3073.302001953125	1.0063809156417847	3.8920822143554688	0	739	465	485
1	327818	0	1	1	8748511	100665	24.19345474243164	0.04187091067433357	3073.464111328125	1.0099093914031982	3.8920822143554688	0	739	466	484
1	328139	0	5	1	8739720	100722	27.70738983154297	0.16737356781959534	3089.78125	1.0168753862380981	3.899120330810547	0	725	470	0
1	328884	0	5	1	8740470	100727	27.288957595825195	0.0	3089.8466796875	1.0174930095672607	3.899120330810547	0	724	468	0
1	329311	0	1	1	8749911	100673	23.52353858947754	-0.08373744785785675	3073.5615234375	1.0066930055618286	3.8920822143554688	0	739	465	483
1	329741	0	5	1	8741270	100729	27.12158966064453	-0.1673695296049118	3089.990478515625	1.019437313079834	3.899120330810547	0	724	471	0
1	330059	0	1	1	8750761	100669	23.858489990234375	-0.25122445821762085	3073.548583984375	1.0083439350128174	3.899120330810547	0	739	466	484
1	330487	0	5	1	8742020	100725	27.456329345703125	0.04184288904070854	3090.023193359375	1.0177446603775024	3.899120330810547	0	724	469	0
1	330806	0	1	1	8751561	100673	23.52353858947754	-0.2512163817882538	3073.483642578125	1.0089021921157837	3.8920822143554688	0	740	466	483
1	331236	0	5	1	8742770	100725	27.456329345703125	0.0	3090.055908203125	1.0158358812332153	3.906158447265625	0	724	467	0
1	331663	0	1	1	8752361	100670	23.774751663208008	0.0	3073.5810546875	1.0075680017471313	3.906158447265625	0	739	465	483
1	332090	0	5	1	8743620	100723	27.623703002929688	0.08368678390979767	3090.055908203125	1.0170167684555054	3.906158447265625	0	724	468	0
1	332411	0	1	1	8753111	100664	24.277196884155273	0.29309165477752686	3073.665283203125	1.0105035305023193	3.899120330810547	0	740	465	483
1	332838	0	5	1	8744370	100723	27.623703002929688	0.0	3090.252197265625	1.0195467472076416	3.899120330810547	0	724	470	0
1	333160	0	1	1	8753911	100660	24.612173080444336	0.5024489164352417	3073.65234375	1.0100475549697876	3.906158447265625	0	740	466	484
1	333587	0	5	1	8745120	100716	28.209531784057617	0.46028655767440796	3090.04296875	1.016441822052002	3.899120330810547	0	724	470	0
1	334014	0	1	1	8754711	100661	24.528427124023438	0.37683820724487305	3073.392822265625	1.011549711227417	3.906158447265625	0	740	466	483
1	334336	0	5	1	8745920	100719	27.958457946777344	0.2929072678089142	3089.970947265625	1.0184826850891113	3.8920822143554688	0	724	470	0
1	334762	0	1	1	8755511	100665	24.19345474243164	0.2512204051017761	3073.5419921875	1.0108453035354614	3.899120330810547	0	738	464	484
1	335509	0	1	1	8756261	100665	24.19345474243164	-0.293105810880661	3073.464111328125	1.0121129751205444	3.8920822143554688	0	738	465	484
1	335724	0	5	1	8747320	100720	27.874767303466797	0.04184456914663315	3090.154052734375	1.017548680305481	3.906158447265625	2	726	470	0
1	336258	0	1	1	8757011	100664	24.277196884155273	0.083742156624794	3073.64599609375	1.006614327430725	3.8920822143554688	0	739	465	483
1	336473	0	5	1	8748020	100725	27.456329345703125	-0.20921948552131653	3090.0625	1.0180176496505737	3.899120330810547	0	723	470	0
1	337006	0	1	1	8757761	100665	24.19345474243164	0.0	3073.671875	1.0114794969558716	3.913196563720703	0	738	465	483
1	337221	0	5	1	8748720	100722	27.70738983154297	-0.04184423387050629	3090.04931640625	1.0187464952468872	3.8920822143554688	0	725	470	0
1	337964	0	5	1	8749520	100722	27.70738983154297	0.1255306899547577	3090.1474609375	1.0192415714263916	3.906158447265625	0	724	470	0
1	338393	0	1	1	8759111	100669	23.858489990234375	-0.04186990112066269	3073.62646484375	1.0077145099639893	3.8920822143554688	0	739	465	484
1	338820	0	5	1	8750270	100726	27.372642517089844	-0.1255296766757965	3090.0166015625	1.017388105392456	3.899120330810547	0	725	470	0
1	339141	0	1	1	8759861	100666	24.109712600708008	0.12561070919036865	3073.671875	1.0048896074295044	3.899120330810547	0	739	464	484
1	339569	0	5	1	8751120	100720	27.874767303466797	0.12553270161151886	3090.539794921875	1.0191351175308228	3.8920822143554688	0	724	469	0
1	339890	0	1	1	8760611	100669	23.858489990234375	0.0	3073.64599609375	1.0125185251235962	3.8920822143554688	0	739	464	483
1	340318	0	5	1	8751920	100726	27.372642517089844	-0.08368611335754395	3090.252197265625	1.0174643993377686	3.8850440979003906	1	724	471	0
1	340640	0	1	1	8761411	100664	24.277196884155273	0.16748297214508057	3073.931396484375	1.0124708414077759	3.8920822143554688	0	739	463	482
1	341174	0	5	1	8752670	100721	27.791078567504883	0.0	3090.35009765625	1.0181148052215576	3.8920822143554688	0	724	469	0
1	341495	0	1	1	8762211	100668	23.942230224609375	-0.08374081552028656	3073.548583984375	1.0115703344345093	3.8920822143554688	0	739	466	484
1	341922	0	5	1	8753470	100718	28.04214859008789	0.37659507989883423	3090.22607421875	1.017514944076538	3.8850440979003906	0	725	467	0
1	342349	0	1	1	8763061	100662	24.444683074951172	0.16748566925525665	3073.60693359375	1.0108128786087036	3.8920822143554688	0	740	463	483
1	342671	0	5	1	8754270	100723	27.623703002929688	-0.041843898594379425	3090.35009765625	1.0171053409576416	3.899120330810547	0	724	470	0
1	343097	0	1	1	8763861	100664	24.277196884155273	0.20935288071632385	3073.684814453125	1.0078380107879639	3.899120330810547	0	739	466	484
1	343527	0	5	1	8755020	100727	27.288957595825195	-0.1673722267150879	3090.121337890625	1.0197727680206299	3.899120330810547	0	724	469	2
1	343953	0	1	1	8764661	100657	24.863412857055664	0.25123658776283264	3073.58740234375	1.0090965032577515	3.906158447265625	0	739	466	486
1	344380	0	5	1	8755920	100718	28.04214859008789	0.08369015157222748	3090.271728515625	1.0156477689743042	3.899120330810547	0	724	469	0
1	344701	0	1	1	8765411	100665	24.19345474243164	0.0	3073.639404296875	1.0121797323226929	3.899120330810547	0	738	466	484
1	345023	0	5	1	8756620	100715	28.293224334716797	0.3347606062889099	3090.35009765625	1.0184580087661743	3.906158447265625	0	726	469	0
1	345449	0	1	1	8766211	100661	24.528427124023438	0.1674870103597641	3073.548583984375	1.0083245038986206	3.906158447265625	0	739	463	484
1	345770	0	5	1	8757320	100720	27.874767303466797	0.0	3090.4482421875	1.0202211141586304	3.8920822143554688	0	724	469	0
1	346410	0	1	1	8767111	100655	25.030908584594727	0.4187276363372803	3073.490234375	1.0110664367675781	3.899120330810547	0	739	465	486
1	346517	0	5	1	8758120	100716	28.209531784057617	0.20922622084617615	3090.4091796875	1.018550992012024	3.8920822143554688	1	724	468	0
1	347159	0	1	1	8767861	100645	25.868431091308594	0.6281293630599976	3073.704345703125	1.0113815069198608	3.906158447265625	0	740	466	483
1	347266	0	5	1	8758820	100707	28.962787628173828	0.5021651387214661	3090.507080078125	1.0208877325057983	3.899120330810547	1	724	471	0
1	347906	0	1	1	8768661	100655	25.030908584594727	0.25124064087867737	3073.723876953125	1.0123013257980347	3.913196563720703	0	739	466	484
1	348013	0	5	1	8759520	100712	28.5443058013916	0.12554077804088593	3090.585693359375	1.0181057453155518	3.913196563720703	0	724	469	1
1	348760	0	5	1	8760320	100723	27.623703002929688	-0.37660717964172363	3090.402587890625	1.0167168378829956	3.8920822143554688	0	723	470	0
1	349400	0	5	1	8761020	100719	27.958457946777344	-0.1255367398262024	3090.31103515625	1.0174148082733154	3.899120330810547	0	725	468	1
1	349934	0	1	1	8770661	100657	24.863412857055664	-0.0837482213973999	3073.444580078125	1.0117906332015991	3.913196563720703	0	739	466	483
1	350149	0	5	1	8761720	100721	27.791078567504883	-0.20922622084617615	3090.212890625	1.0158640146255493	3.899120330810547	0	724	469	0
1	350683	0	1	1	8771411	100667	24.025970458984375	-0.2512285113334656	3073.665283203125	1.0122886896133423	3.913196563720703	0	741	465	484
1	350897	0	5	1	8762420	100722	27.70738983154297	-0.08368880301713943	3090.468017578125	1.01389741897583	3.8920822143554688	0	724	468	1
1	351536	0	1	1	8772211	100663	24.360939025878906	-0.08374418318271637	3073.62646484375	1.0069295167922974	3.8920822143554688	0	740	464	483
1	351643	0	5	1	8763120	100718	28.04214859008789	0.08369015157222748	3090.52685546875	1.0198646783828735	3.899120330810547	2	723	470	0
1	352387	0	1	1	8773111	100660	24.612173080444336	0.29310110211372375	3073.704345703125	1.0098817348480225	3.899120330810547	0	740	464	482
1	352497	0	5	1	8763970	100719	27.958457946777344	0.20922116935253143	3090.703369140625	1.019996166229248	3.8920822143554688	0	724	469	0
1	353136	0	5	1	8764720	100721	27.791078567504883	-0.12553471326828003	3090.605224609375	1.0176841020584106	3.899120330810547	1	724	471	0
1	353245	0	1	1	8773911	100662	24.444683074951172	0.08374350517988205	3073.775634765625	1.010449767112732	3.899120330810547	0	739	465	483
1	353885	0	5	1	8765420	100721	27.791078567504883	-0.20922622084617615	3090.552978515625	1.0180425643920898	3.8920822143554688	0	724	468	0
1	353994	0	1	1	8774711	100658	24.779664993286133	0.0	3073.853515625	1.0128834247589111	3.899120330810547	0	740	466	485
1	354633	0	5	1	8766120	100719	27.958457946777344	-0.04184524342417717	3090.834228515625	1.020123839378357	3.899120330810547	1	725	469	0
1	354742	0	1	1	8775461	100663	24.360939025878906	-0.12561677396297455	3073.892578125	1.0074797868728638	3.8920822143554688	0	738	464	483
1	355381	0	5	1	8766920	100719	27.958457946777344	0.16737760603427887	3090.807861328125	1.0164064168930054	3.899120330810547	0	726	467	0
1	355491	0	1	1	8776211	100658	24.779664993286133	0.16749104857444763	3073.58740234375	1.0101730823516846	3.906158447265625	0	739	466	484
1	356131	0	5	1	8767670	100719	27.958457946777344	0.0	3090.7294921875	1.018466830253601	3.899120330810547	1	724	468	0
1	356240	0	1	1	8776961	100662	24.444683074951172	-0.041872259229421616	3073.69140625	1.0087512731552124	3.8920822143554688	0	739	466	484
1	356880	0	5	1	8768420	100718	28.04214859008789	0.08369015157222748	3090.873291015625	1.0161218643188477	3.8920822143554688	0	724	469	0
1	356989	0	1	1	8777711	100662	24.444683074951172	7.105427357601002e-14	3073.62646484375	1.0118461847305298	3.8850440979003906	0	740	465	484
1	357629	0	5	1	8769170	100722	27.70738983154297	-0.20922453701496124	3090.801513671875	1.0184394121170044	3.8920822143554688	0	723	472	0
1	358376	0	5	1	8769970	100717	28.125839233398438	0.25106844305992126	3090.990966796875	1.0178024768829346	3.8850440979003906	0	731	470	1
1	359119	0	1	1	8779761	100668	23.942230224609375	-0.16748297214508057	3073.671875	1.0109553337097168	3.899120330810547	0	740	465	484
1	359229	0	5	1	8770770	100722	27.70738983154297	-0.16737894713878632	3091.102294921875	1.0182685852050781	3.899120330810547	0	724	468	1
1	359869	0	1	1	8780561	100664	24.277196884155273	-0.08374350517988205	3073.69140625	1.007784366607666	3.899120330810547	0	740	464	484
1	359978	0	5	1	8771520	100720	27.874767303466797	-0.08369015157222748	3090.951904296875	1.0166102647781372	3.8920822143554688	0	724	471	0
1	360618	0	1	1	8781311	100666	24.109712600708008	0.08374081552028656	3073.8017578125	1.0106804370880127	3.899120330810547	0	739	465	485
1	360727	0	5	1	8772270	100725	27.456329345703125	0.0	3091.004150390625	1.0163582563400269	3.8920822143554688	0	724	469	0
1	361366	0	1	1	8782061	100669	23.858489990234375	-0.08374013751745224	3073.67822265625	1.0103440284729004	3.906158447265625	0	739	465	484
1	361475	0	5	1	8773020	100727	27.288957595825195	-0.1673722267150879	3090.99755859375	1.0167112350463867	3.899120330810547	1	724	469	0
1	362115	0	1	1	8782811	100664	24.277196884155273	0.12561273574829102	3073.5419921875	1.0110325813293457	3.906158447265625	0	739	463	483
1	362225	0	5	1	8773820	100730	27.037906646728516	-0.3347417712211609	3091.036865234375	1.017943263053894	3.8920822143554688	2	724	470	0
1	362865	0	1	1	8783611	100666	24.109712600708008	0.04187057539820671	3073.905517578125	1.0110899209976196	3.913196563720703	0	739	463	483
1	364885	0	1	1	8785661	100667	24.025970458984375	-0.12561273574829102	3073.769287109375	1.0110722780227661	3.899120330810547	0	740	464	484
1	364885	0	5	1	8776470	100722	27.70738983154297	0.0	3091.285400390625	1.0181783437728882	3.8920822143554688	0	723	471	0
1	365634	0	5	1	8777170	100724	27.540016174316406	-0.041843559592962265	3091.206787109375	1.0191078186035156	3.899120330810547	0	724	470	0
1	365745	0	1	1	8786411	100665	24.19345474243164	0.0	3073.80810546875	1.0099085569381714	3.899120330810547	0	739	465	483
1	366488	0	1	1	8787211	100662	24.444683074951172	0.12561476230621338	3073.671875	1.0102781057357788	3.899120330810547	0	738	463	483
1	366488	0	5	1	8777970	100725	27.456329345703125	-0.20921948552131653	3091.219970703125	1.018765926361084	3.899120330810547	1	724	470	0
1	367875	0	1	1	8788661	100662	24.444683074951172	0.16748566925525665	3073.73681640625	1.012913703918457	3.899120330810547	0	739	465	483
1	367875	0	5	1	8779470	100723	27.623703002929688	0.0	3091.376953125	1.018629550933838	3.899120330810547	0	724	468	1
1	368624	0	1	1	8789411	100660	24.612173080444336	0.3768412470817566	3073.853515625	1.010353922843933	3.8920822143554688	0	739	466	483
1	368624	0	5	1	8780170	100716	28.209531784057617	0.29291436076164246	3091.206787109375	1.014971375465393	3.8920822143554688	0	723	468	1
1	369478	0	1	1	8790211	100660	24.612173080444336	0.29310110211372375	3073.64599609375	1.0116288661956787	3.906158447265625	0	740	464	483
1	369478	0	5	1	8780920	100722	27.70738983154297	0.08368746191263199	3091.24609375	1.017881155014038	3.906158447265625	0	724	469	0
1	370228	0	1	1	8790961	100661	24.528427124023438	0.0	3073.710693359375	1.0135095119476318	3.899120330810547	0	740	464	484
1	370228	0	5	1	8781770	100716	28.209531784057617	0.20922622084617615	3091.42919921875	1.0195631980895996	3.913196563720703	1	726	470	0
1	370979	0	1	1	8791761	100657	24.863412857055664	0.16749240458011627	3073.665283203125	1.009022831916809	3.8920822143554688	0	739	464	483
1	370979	0	5	1	8782570	100717	28.125839233398438	0.1255357265472412	3091.376953125	1.0172353982925415	3.899120330810547	0	724	470	0
1	371728	0	5	1	8783270	100719	27.958457946777344	0.04184490814805031	3091.34423828125	1.0205119848251343	3.8920822143554688	0	725	469	0
1	371837	0	1	1	8792561	100658	24.779664993286133	0.2512345612049103	3073.730224609375	1.0114978551864624	3.899120330810547	0	740	466	484
1	372477	0	5	1	8784070	100714	28.376916885375977	0.041846588253974915	3091.252685546875	1.0166693925857544	3.8920822143554688	0	722	470	0
1	372586	0	1	1	8793311	100661	24.528427124023438	-0.25124064087867737	3073.554931640625	1.0092626810073853	3.8920822143554688	0	739	467	483
1	373228	0	5	1	8784770	100721	27.791078567504883	-0.2929190695285797	3091.5009765625	1.0190588235855103	3.899120330810547	0	724	469	0
1	373337	0	1	1	8794111	100660	24.612173080444336	-0.1256198137998581	3073.67822265625	1.0080043077468872	3.8920822143554688	0	739	465	483
1	373976	0	5	1	8785570	100721	27.791078567504883	-0.08368947356939316	3091.657958984375	1.017138123512268	3.8920822143554688	0	724	468	1
1	375361	0	5	1	8786970	100722	27.70738983154297	-0.3347632884979248	3091.468505859375	1.0181492567062378	3.906158447265625	0	723	469	0
1	375471	0	1	1	8796161	100660	24.612173080444336	-0.04187293350696564	3073.78857421875	1.0068573951721191	3.899120330810547	0	739	465	484
1	376110	0	5	1	8787670	100719	27.958457946777344	-0.1255367398262024	3091.141357421875	1.0173101425170898	3.8850440979003906	1	725	470	0
1	376327	0	1	1	8797011	100661	24.528427124023438	0.0	3073.65234375	1.0102858543395996	3.906158447265625	0	740	466	485
1	376859	0	5	1	8788370	100723	27.623703002929688	-0.37660717964172363	3091.572998046875	1.019205927848816	3.899120330810547	1	726	470	0
1	377075	0	1	1	8797811	100664	24.277196884155273	-0.37685638666152954	3073.860107421875	1.011786699295044	3.899120330810547	0	740	465	485
1	377606	0	5	1	8789170	100725	27.456329345703125	0.0	3091.586181640625	1.020096778869629	3.8920822143554688	0	725	467	0
1	377824	0	1	1	8798611	100665	24.19345474243164	-0.08374283462762833	3073.833984375	1.0079115629196167	3.8920822143554688	0	739	466	484
1	378355	0	5	1	8789970	100723	27.623703002929688	-0.25106844305992126	3091.52734375	1.0175230503082275	3.8920822143554688	2	724	469	0
1	378678	0	1	1	8799361	100663	24.360939025878906	-0.041871920228004456	3073.82763671875	1.009207844734192	3.8850440979003906	0	739	466	483
1	379106	0	5	1	8790670	100716	28.209531784057617	0.33475789427757263	3091.671142578125	1.0206289291381836	3.8850440979003906	0	723	470	0
1	379429	0	1	1	8800161	100663	24.360939025878906	0.0	3073.892578125	1.010149598121643	3.899120330810547	0	740	466	484
1	379856	0	5	1	8791470	100717	28.125839233398438	0.4602828621864319	3091.697265625	1.0169110298156738	3.8920822143554688	0	725	468	0
1	380178	0	1	1	8800961	100657	24.863412857055664	0.16749240458011627	3073.600341796875	1.0115166902542114	3.899120330810547	0	740	466	484
1	380605	0	5	1	8792170	100722	27.70738983154297	-0.12553371489048004	3091.52734375	1.0183125734329224	3.899120330810547	0	725	469	0
1	381034	0	1	1	8801711	100658	24.779664993286133	0.08374620229005814	3073.65234375	1.0099220275878906	3.8850440979003906	0	739	464	484
1	381463	0	5	1	8792920	100717	28.125839233398438	0.0836908221244812	3091.677734375	1.0207029581069946	3.8920822143554688	0	725	471	0
1	381782	0	1	1	8802511	100662	24.444683074951172	-0.08374485373497009	3073.931396484375	1.0080647468566895	3.8920822143554688	0	740	464	482
1	382211	0	5	1	8793720	100718	28.04214859008789	0.0	3091.68408203125	1.0172327756881714	3.8920822143554688	0	724	468	0
1	382638	0	1	1	8803311	100665	24.19345474243164	0.04187091067433357	3073.769287109375	1.004518985748291	3.913196563720703	0	739	465	483
1	382960	0	5	1	8794520	100722	27.70738983154297	-0.16737894713878632	3091.906494140625	1.0186933279037476	3.899120330810547	1	726	468	0
1	383387	0	1	1	8804111	100662	24.444683074951172	0.0	3073.814697265625	1.0117967128753662	3.899120330810547	0	739	465	484
1	383814	0	5	1	8795270	100714	28.376916885375977	0.4184507429599762	3091.9326171875	1.0203557014465332	3.8920822143554688	0	723	470	0
1	384136	0	1	1	8804911	100659	24.695919036865234	0.12561778724193573	3073.93798828125	1.0098124742507935	3.913196563720703	0	740	467	483
1	384562	0	5	1	8796070	100715	28.293224334716797	0.2929167151451111	3091.84765625	1.0160359144210815	3.8920822143554688	0	725	467	0
1	384990	0	1	1	8805661	100657	24.863412857055664	0.25123658776283264	3073.879638671875	1.011001706123352	3.899120330810547	0	738	463	484
1	385311	0	5	1	8796870	100719	27.958457946777344	-0.1255367398262024	3091.83447265625	1.0166785717010498	3.913196563720703	0	724	469	0
1	385846	0	1	1	8806511	100658	24.779664993286133	0.0418732687830925	3073.879638671875	1.010298490524292	3.899120330810547	0	739	465	483
1	386061	0	5	1	8797620	100715	28.293224334716797	0.04184625297784805	3091.9130859375	1.0151950120925903	3.8850440979003906	0	723	469	0
1	386594	0	1	1	8807311	100662	24.444683074951172	-0.251238614320755	3073.7626953125	1.011759877204895	3.906158447265625	0	739	463	484
1	386809	0	5	1	8798370	100719	27.958457946777344	-0.16738298535346985	3091.83447265625	1.021054983139038	3.899120330810547	0	726	468	1
1	387448	0	1	1	8808111	100659	24.695919036865234	0.0	3073.7626953125	1.011926293373108	3.899120330810547	0	739	465	484
1	387557	0	5	1	8799070	100716	28.209531784057617	0.08369149267673492	3091.854248046875	1.0179961919784546	3.8920822143554688	1	724	470	0
1	388302	0	5	1	8799770	100718	28.04214859008789	-0.04184557870030403	3091.828125	1.019227385520935	3.8920822143554688	0	724	469	0
1	388836	0	1	1	8809511	100659	24.695919036865234	0.08374552428722382	3073.51611328125	1.0091464519500732	3.899120330810547	0	739	465	484
1	389051	0	5	1	8800570	100714	28.376916885375977	0.25107449293136597	3091.703857421875	1.0168546438217163	3.8920822143554688	0	725	468	0
1	389585	0	1	1	8810311	100658	24.779664993286133	0.08374620229005814	3074.022216796875	1.0101845264434814	3.8920822143554688	0	739	465	482
1	390332	0	1	1	8811061	100662	24.444683074951172	-0.041872259229421616	3074.061279296875	1.0097500085830688	3.899120330810547	0	740	465	484
1	390439	0	5	1	8801970	100721	27.791078567504883	-0.20922622084617615	3091.736572265625	1.0192066431045532	3.899120330810547	0	724	470	0
1	391081	0	1	1	8811861	100666	24.109712600708008	-0.2931034564971924	3073.892578125	1.007951259613037	3.899120330810547	0	737	466	483
1	391081	0	5	1	8802670	100723	27.623703002929688	-0.16737760603427887	3092.05029296875	1.017281174659729	3.8850440979003906	0	725	470	0
1	391831	0	5	1	8803370	100722	27.70738983154297	-0.08368880301713943	3091.8935546875	1.0166504383087158	3.899120330810547	1	727	470	2
1	391938	0	1	1	8812661	100660	24.612173080444336	0.08374485373497009	3074.0546875	1.0108678340911865	3.899120330810547	0	739	465	483
1	392686	0	1	1	8813411	100663	24.360939025878906	0.08374283462762833	3074.04833984375	1.008983850479126	3.906158447265625	0	738	465	484
1	392686	0	5	1	8804220	100724	27.540016174316406	0.08368611335754395	3092.109130859375	1.0170799493789673	3.899120330810547	0	726	469	0
1	393435	0	1	1	8814211	100664	24.277196884155273	-0.041871584951877594	3073.749755859375	1.007751703262329	3.899120330810547	0	738	464	484
1	393435	0	5	1	8804970	100723	27.623703002929688	0.0	3092.03076171875	1.0185787677764893	3.8920822143554688	0	725	469	0
1	394076	0	5	1	8805670	100721	27.791078567504883	0.0	3092.2333984375	1.0199294090270996	3.8920822143554688	0	724	469	0
1	394185	0	1	1	8814911	100667	24.025970458984375	0.0	3074.10009765625	1.006880521774292	3.899120330810547	0	739	467	483
1	394933	0	5	1	8806420	100725	27.456329345703125	-0.20921948552131653	3092.174560546875	1.0170698165893555	3.899120330810547	0	726	470	0
1	395042	0	1	1	8815761	100662	24.444683074951172	0.12561476230621338	3073.821044921875	1.0090004205703735	3.906158447265625	0	739	464	484
1	395572	0	5	1	8807170	100720	27.874767303466797	0.2510623633861542	3092.0634765625	1.0170222520828247	3.899120330810547	2	725	468	0
1	395788	0	1	1	8816561	100667	24.025970458984375	-0.04187057539820671	3074.126220703125	1.0124170780181885	3.899120330810547	0	739	466	482
1	396430	0	5	1	8807920	100725	27.456329345703125	-0.20921948552131653	3092.187744140625	1.0193090438842773	3.8920822143554688	1	724	468	0
1	396539	0	1	1	8817311	100663	24.360939025878906	0.20935456454753876	3073.89892578125	1.008821964263916	3.8920822143554688	0	740	466	484
1	397178	0	5	1	8808720	100720	27.874767303466797	0.16737626492977142	3092.05029296875	1.0172306299209595	3.899120330810547	0	725	469	1
1	397287	0	1	1	8818061	100664	24.277196884155273	-0.041871584951877594	3073.9638671875	1.0114552974700928	3.8920822143554688	0	739	466	484
1	398766	0	5	1	8810370	100725	27.456329345703125	-0.08368678390979767	3092.357666015625	1.0159670114517212	3.899120330810547	0	724	466	0
1	398874	0	1	1	8819561	100665	24.19345474243164	-0.04187124967575073	3074.087158203125	1.0096545219421387	3.8920822143554688	0	739	464	483
1	399513	0	5	1	8811070	100723	27.623703002929688	-0.12553270161151886	3092.279296875	1.0203430652618408	3.8920822143554688	0	725	470	0
1	399623	0	1	1	8820311	100667	24.025970458984375	-0.12561273574829102	3074.041748046875	1.011299729347229	3.906158447265625	0	740	466	484
1	400262	0	5	1	8811770	100717	28.125839233398438	0.20922453701496124	3092.357666015625	1.0189932584762573	3.899120330810547	0	723	470	1
1	400371	0	1	1	8821111	100664	24.277196884155273	0.083742156624794	3073.98974609375	1.0083609819412231	3.913196563720703	0	739	464	483
1	401009	0	5	1	8812520	100720	27.874767303466797	0.29290491342544556	3092.41650390625	1.0189554691314697	3.899120330810547	1	723	470	0
1	401861	0	1	1	8822611	100663	24.360939025878906	-0.041871920228004456	3074.191162109375	1.008941411972046	3.8920822143554688	0	740	466	484
1	401861	0	5	1	8813320	100716	28.209531784057617	0.1673816442489624	3092.48193359375	1.0176701545715332	3.8920822143554688	0	723	470	0
1	402609	0	5	1	8814120	100715	28.293224334716797	0.08369217067956924	3092.540771484375	1.0171326398849487	3.906158447265625	0	725	469	0
1	402718	0	1	1	8823411	100660	24.612173080444336	0.20935961604118347	3074.1650390625	1.010206699371338	3.899120330810547	0	737	465	485
1	403358	0	5	1	8814920	100723	27.623703002929688	-0.20922285318374634	3092.56689453125	1.0191617012023926	3.8850440979003906	0	725	469	0
1	403468	0	1	1	8824161	100662	24.444683074951172	0.12561476230621338	3073.950927734375	1.0114487409591675	3.8920822143554688	0	740	467	482
1	404214	0	5	1	8815720	100725	27.456329345703125	-0.33475521206855774	3092.48193359375	1.0156294107437134	3.906158447265625	1	722	470	0
1	404853	0	5	1	8816420	100726	27.372642517089844	-0.1255296766757965	3092.508056640625	1.01741623878479	3.8850440979003906	1	723	471	0
1	404962	0	1	1	8825661	100660	24.612173080444336	0.04187259450554848	3074.11328125	1.0107853412628174	3.899120330810547	0	739	464	484
1	405494	0	5	1	8817120	100721	27.791078567504883	0.20921780169010162	3092.5146484375	1.0178428888320923	3.8920822143554688	2	724	468	0
1	405711	0	1	1	8826461	100665	24.19345474243164	-0.293105810880661	3074.11962890625	1.011336088180542	3.899120330810547	0	739	464	483
1	406351	0	5	1	8817820	100722	27.70738983154297	-0.16737894713878632	3092.625732421875	1.0166195631027222	3.899120330810547	0	724	470	1
1	406461	0	1	1	8827211	100666	24.109712600708008	-0.1256137490272522	3073.93798828125	1.0083935260772705	3.8920822143554688	0	738	465	482
1	406992	0	5	1	8818570	100723	27.623703002929688	-0.20922285318374634	3092.625732421875	1.0204304456710815	3.899120330810547	0	725	470	0
1	407208	0	1	1	8827961	100665	24.19345474243164	-0.2512325346469879	3073.931396484375	1.012131690979004	3.899120330810547	0	738	464	483
1	407847	0	5	1	8819320	100717	28.125839233398438	0.20922453701496124	3092.606201171875	1.018785834312439	3.8920822143554688	0	726	470	0
1	408062	0	1	1	8828711	100663	24.360939025878906	-0.041871920228004456	3073.970458984375	1.0108366012573242	3.8920822143554688	0	740	465	484
1	408701	0	1	1	8829461	100667	24.025970458984375	-0.12561273574829102	3074.0546875	1.0096460580825806	3.8850440979003906	0	740	465	483
1	408701	0	5	1	8820170	100720	27.874767303466797	-0.1255357265472412	3092.560546875	1.0169451236724854	3.906158447265625	1	723	471	0
1	409557	0	5	1	8821020	100718	28.04214859008789	0.12553471326828003	3092.7109375	1.016272783279419	3.906158447265625	0	724	469	0
1	410089	0	1	1	8830811	100666	24.109712600708008	-0.20935793220996857	3074.21044921875	1.0098239183425903	3.899120330810547	0	739	466	484
1	410305	0	5	1	8821820	100721	27.791078567504883	0.04184423387050629	3092.8349609375	1.0181559324264526	3.899120330810547	0	725	472	0
1	410838	0	1	1	8831561	100661	24.528427124023438	0.20935793220996857	3073.9638671875	1.0078866481781006	3.906158447265625	0	740	465	485
1	411159	0	5	1	8822620	100719	27.958457946777344	0.12553371489048004	3092.9462890625	1.018424153327942	3.899120330810547	0	725	468	1
1	411586	0	1	1	8832311	100660	24.612173080444336	0.20935961604118347	3074.080810546875	1.0085052251815796	3.906158447265625	0	739	465	484
1	412012	0	5	1	8823470	100721	27.791078567504883	0.0	3092.854736328125	1.0195847749710083	3.899120330810547	1	724	469	0
1	412758	0	5	1	8824270	100720	27.874767303466797	0.04184456914663315	3092.97900390625	1.0164241790771484	3.899120330810547	0	724	468	0
1	412973	0	1	1	8833711	100661	24.528427124023438	-0.04187259450554848	3074.0546875	1.0128213167190552	3.913196563720703	0	739	466	484
1	413507	0	5	1	8824970	100719	27.958457946777344	0.25106438994407654	3092.906982421875	1.0119398832321167	3.8920822143554688	3	724	470	0
1	413722	0	1	1	8834461	100663	24.360939025878906	-0.16748970746994019	3074.1455078125	1.0177624225616455	3.906158447265625	0	740	465	484
1	414362	0	5	1	8825770	100721	27.791078567504883	0.08368813246488571	3092.920166015625	1.019926905632019	3.8850440979003906	0	725	468	1
1	414471	0	1	1	8835211	100661	24.528427124023438	0.0	3074.2041015625	1.0069876909255981	3.8850440979003906	0	739	466	483
1	415004	0	5	1	8826620	100722	27.70738983154297	-0.08368880301713943	3093.103271484375	1.025665521621704	3.8920822143554688	0	725	470	0
1	415326	0	1	1	8835961	100664	24.277196884155273	-0.12561576068401337	3074.294921875	1.0155351161956787	3.906158447265625	0	740	466	483
1	415754	0	5	1	8827320	100717	28.125839233398438	0.04184557870030403	3092.887451171875	1.0192497968673706	3.899120330810547	0	725	470	0
1	416076	0	1	1	8836761	100663	24.360939025878906	-0.08374418318271637	3074.223388671875	1.0076673030853271	3.899120330810547	0	739	464	485
1	416504	0	5	1	8828120	100722	27.70738983154297	-0.04184423387050629	3093.01171875	1.0180190801620483	3.8850440979003906	0	726	470	0
1	416827	0	1	1	8837611	100667	24.025970458984375	-0.29310110211372375	3074.09375	1.0084021091461182	3.899120330810547	0	739	465	482
1	417254	0	5	1	8828820	100722	27.70738983154297	-0.16737894713878632	3093.08349609375	1.0185647010803223	3.899120330810547	0	725	468	0
1	417680	0	1	1	8838411	100661	24.528427124023438	0.08374418318271637	3074.087158203125	1.0117560625076294	3.899120330810547	0	737	464	483
1	418001	0	5	1	8829520	100720	27.874767303466797	0.0	3092.841552734375	1.0167176723480225	3.8920822143554688	0	724	468	0
1	418429	0	1	1	8839211	100664	24.277196884155273	-0.041871584951877594	3074.217041015625	1.0084606409072876	3.906158447265625	0	738	466	484
1	418855	0	5	1	8830370	100722	27.70738983154297	0.08368746191263199	3093.188232421875	1.0195590257644653	3.899120330810547	0	724	468	0
1	419178	0	1	1	8839961	100659	24.695919036865234	0.20936129987239838	3074.061279296875	1.0114258527755737	3.906158447265625	0	740	464	484
1	419605	0	5	1	8831170	100720	27.874767303466797	0.04184456914663315	3093.31884765625	1.0207829475402832	3.899120330810547	0	724	467	1
1	420033	0	1	1	8840711	100666	24.109712600708008	-0.16748566925525665	3074.379150390625	1.0091389417648315	3.899120330810547	0	738	464	483
1	420779	0	1	1	8841511	100663	24.360939025878906	-0.041871920228004456	3074.197509765625	1.0100560188293457	3.8920822143554688	0	740	468	484
1	421100	0	5	1	8832570	100716	28.209531784057617	0.25107043981552124	3093.1162109375	1.017544150352478	3.899120330810547	0	725	471	0
1	421632	0	1	1	8842311	100663	24.360939025878906	0.041871584951877594	3074.346923828125	1.0112665891647339	3.899120330810547	0	740	465	484
1	421742	0	5	1	8833320	100720	27.874767303466797	0.08368880301713943	3092.9462890625	1.0168834924697876	3.899120330810547	0	724	469	0
1	422381	0	1	1	8843111	100663	24.360939025878906	-0.041871920228004456	3074.34033203125	1.0108311176300049	3.8920822143554688	0	741	465	482
1	422598	0	5	1	8834070	100718	28.04214859008789	0.0	3092.99853515625	1.0174099206924438	3.906158447265625	0	725	471	0
1	423131	0	1	1	8843911	100662	24.444683074951172	-0.08374485373497009	3074.32080078125	1.006629467010498	3.899120330810547	0	739	464	484
1	423452	0	5	1	8834920	100721	27.791078567504883	0.0	3093.01806640625	1.0179787874221802	3.899120330810547	0	725	468	0
1	423987	0	1	1	8844661	100662	24.444683074951172	0.16748566925525665	3074.30126953125	1.0114922523498535	3.906158447265625	0	739	466	484
1	424094	0	5	1	8835670	100714	28.376916885375977	0.4602939784526825	3093.181640625	1.021493911743164	3.8850440979003906	2	726	470	0
1	424735	0	1	1	8845461	100663	24.360939025878906	-0.041871920228004456	3074.171630859375	1.0112744569778442	3.899120330810547	0	739	466	483
1	424949	0	5	1	8836420	100717	28.125839233398438	0.0	3093.36474609375	1.018393635749817	3.8850440979003906	0	724	469	0
1	425483	0	1	1	8846261	100659	24.695919036865234	0.0	3074.294921875	1.0115737915039062	3.899120330810547	0	740	464	482
1	425590	0	5	1	8837170	100721	27.791078567504883	-0.4184608459472656	3092.93310546875	1.018385887145996	3.899120330810547	0	723	467	0
1	426338	0	1	1	8847011	100662	24.444683074951172	-0.041872259229421616	3074.067626953125	1.010757565498352	3.899120330810547	0	740	466	484
1	426447	0	5	1	8837920	100722	27.70738983154297	-0.04184423387050629	3093.371337890625	1.0189629793167114	3.8920822143554688	0	726	471	0
1	427087	0	1	1	8847811	100663	24.360939025878906	-0.041871920228004456	3074.288330078125	1.008044958114624	3.913196563720703	0	740	465	483
1	427196	0	5	1	8838720	100717	28.125839233398438	0.0836908221244812	3093.3515625	1.0194605588912964	3.8920822143554688	0	725	468	0
1	427940	0	5	1	8839520	100716	28.209531784057617	0.25107043981552124	3093.501953125	1.019477128982544	3.906158447265625	0	726	468	0
1	428475	0	1	1	8849161	100663	24.360939025878906	-0.08374418318271637	3074.45703125	1.0120787620544434	3.8920822143554688	0	739	465	483
1	428796	0	5	1	8840270	100716	28.209531784057617	0.20922622084617615	3093.305908203125	1.0184898376464844	3.899120330810547	1	724	470	0
1	429224	0	1	1	8849961	100661	24.528427124023438	0.0	3074.26904296875	1.012281060218811	3.899120330810547	0	739	466	485
1	429438	0	5	1	8841020	100719	27.958457946777344	-0.04184524342417717	3093.606689453125	1.01632821559906	3.899120330810547	0	723	467	0
1	429974	0	1	1	8850761	100659	24.695919036865234	-0.08374687284231186	3074.372802734375	1.0099561214447021	3.899120330810547	0	737	465	484
1	430188	0	5	1	8841720	100711	28.628000259399414	0.5021489858627319	3093.404052734375	1.018283724784851	3.913196563720703	0	726	470	0
1	430829	0	1	1	8851511	100657	24.863412857055664	0.25123658776283264	3074.3662109375	1.0078856945037842	3.899120330810547	0	740	465	483
1	430938	0	5	1	8842420	100714	28.376916885375977	0.2929190695285797	3093.21435546875	1.0184787511825562	3.913196563720703	0	723	469	0
1	431577	0	1	1	8852361	100658	24.779664993286133	0.293105810880661	3074.236572265625	1.009934663772583	3.899120330810547	0	739	465	483
1	431686	0	5	1	8843220	100718	28.04214859008789	0.20922285318374634	3093.162109375	1.0185405015945435	3.8920822143554688	0	724	469	0
1	432434	0	1	1	8853161	100660	24.612173080444336	-0.3349928855895996	3074.4052734375	1.0121486186981201	3.8920822143554688	0	740	466	482
1	432434	0	5	1	8843970	100717	28.125839233398438	-0.20923294126987457	3093.16845703125	1.0187252759933472	3.8920822143554688	0	725	469	0
1	433183	0	1	1	8853911	100659	24.695919036865234	-0.0418732687830925	3074.41162109375	1.0105615854263306	3.8850440979003906	0	739	463	484
1	433292	0	5	1	8844820	100720	27.874767303466797	-0.20922788977622986	3093.21435546875	1.0167146921157837	3.899120330810547	0	725	469	0
1	433932	0	1	1	8854711	100663	24.360939025878906	-0.041871920228004456	3074.307861328125	1.0123565196990967	3.899120330810547	0	738	464	483
1	434041	0	5	1	8845620	100723	27.623703002929688	-0.20922285318374634	3093.325439453125	1.0167509317398071	3.899120330810547	0	724	469	0
1	434786	0	1	1	8855511	100658	24.779664993286133	0.0418732687830925	3074.2041015625	1.0077842473983765	3.899120330810547	0	740	465	484
1	434786	0	5	1	8846320	100719	27.958457946777344	-0.1255367398262024	3093.489013671875	1.0190458297729492	3.913196563720703	0	724	470	0
1	435430	0	5	1	8847020	100715	28.293224334716797	0.16738298535346985	3093.66552734375	1.0180470943450928	3.8920822143554688	0	726	467	0
1	435539	0	1	1	8856261	100662	24.444683074951172	0.0	3074.372802734375	1.0083473920822144	3.899120330810547	0	740	465	485
1	436179	0	5	1	8847720	100719	27.958457946777344	-0.04184524342417717	3093.49560546875	1.0166503190994263	3.899120330810547	1	725	469	0
1	436286	0	1	1	8857061	100655	25.030908584594727	0.12562182545661926	3074.554443359375	1.0131999254226685	3.899120330810547	0	738	465	483
1	436927	0	5	1	8848520	100716	28.209531784057617	0.37660112977027893	3093.626220703125	1.0178087949752808	3.8920822143554688	0	726	469	0
1	437141	0	1	1	8857811	100650	25.449661254882812	0.5024893283843994	3074.41162109375	1.0085347890853882	3.906158447265625	0	739	465	482
1	437675	0	5	1	8849220	100707	28.962787628173828	0.33478212356567383	3093.482421875	1.0170800685882568	3.8850440979003906	1	725	468	0
1	437890	0	1	1	8858611	100653	25.198408126831055	0.16749779880046844	3074.275390625	1.0131676197052002	3.8920822143554688	0	740	465	484
1	438424	0	5	1	8849920	100713	28.46061134338379	0.16738568246364594	3093.639404296875	1.0174611806869507	3.899120330810547	0	725	467	1
1	438743	0	1	1	8859411	100655	25.030908584594727	-7.105427357601002e-14	3074.534912109375	1.011965036392212	3.899120330810547	0	739	464	483
1	439171	0	5	1	8850670	100719	27.958457946777344	-0.33477136492729187	3093.305908203125	1.0213717222213745	3.8920822143554688	0	726	470	0
1	439385	0	1	1	8860161	100649	25.533414840698242	-0.04187663644552231	3074.502685546875	1.0109825134277344	3.8920822143554688	0	740	462	484
1	440025	0	5	1	8851470	100713	28.46061134338379	0.0	3093.508544921875	1.0193390846252441	3.899120330810547	1	724	470	0
1	440239	0	1	1	8860961	100657	24.863412857055664	7.105427357601002e-14	3074.333740234375	1.0067555904388428	3.8920822143554688	0	739	464	483
1	440773	0	5	1	8852320	100712	28.5443058013916	0.12554077804088593	3093.462890625	1.0188674926757812	3.899120330810547	0	725	470	0
1	440988	0	1	1	8861711	100652	25.28215980529785	-0.041875626891851425	3074.35986328125	1.0102356672286987	3.899120330810547	0	740	465	483
1	441523	0	5	1	8853120	100706	29.046485900878906	0.0	3093.770263671875	1.0183770656585693	3.899120330810547	1	725	471	0
1	441737	0	1	1	8862461	100651	25.365909576416016	0.041875626891851425	3074.573974609375	1.007439374923706	3.906158447265625	0	738	465	483
1	442273	0	5	1	8853820	100712	28.5443058013916	0.0	3093.390869140625	1.0204929113388062	3.899120330810547	0	725	470	0
1	442487	0	1	1	8863211	100658	24.779664993286133	-0.1674964427947998	3074.262451171875	1.009405493736267	3.899120330810547	0	739	463	483
1	443127	0	5	1	8854670	100711	28.628000259399414	-0.08369620889425278	3093.554443359375	1.0144014358520508	3.906158447265625	0	725	470	0
1	443236	0	1	1	8864011	100646	25.784677505493164	0.33500906825065613	3074.353271484375	1.0093955993652344	3.913196563720703	0	740	468	483
1	443875	0	5	1	8855420	100711	28.628000259399414	-0.04184793308377266	3093.58056640625	1.0172206163406372	3.8920822143554688	1	724	470	0
1	443984	0	1	1	8864761	100654	25.11465835571289	-0.041874952614307404	3074.30126953125	1.0126092433929443	3.906158447265625	0	739	465	482
1	444624	0	5	1	8856120	100704	29.213886260986328	0.460330992937088	3093.619873046875	1.0192371606826782	3.8920822143554688	0	724	468	0
1	444733	0	1	1	8865461	100645	25.868431091308594	0.335011750459671	3074.333740234375	1.009568452835083	3.899120330810547	0	739	466	484
1	445373	0	5	1	8856920	100707	28.962787628173828	-0.20924976468086243	3093.443115234375	1.0172044038772583	3.8920822143554688	1	725	469	0
1	445482	0	1	1	8866211	100650	25.449661254882812	-0.12562991678714752	3074.26904296875	1.0151915550231934	3.906158447265625	0	740	463	484
1	446122	0	5	1	8857620	100706	29.046485900878906	0.3347848355770111	3093.737548828125	1.0185502767562866	3.8920822143554688	2	725	471	0
1	446336	0	1	1	8867061	100648	25.617168426513672	0.0	3074.30126953125	1.009795069694519	3.8920822143554688	0	740	465	484
1	446870	0	5	1	8858420	100710	28.71169662475586	-0.0836968794465065	3093.79638671875	1.0162663459777832	3.899120330810547	1	725	469	1
1	447084	0	1	1	8867811	100650	25.449661254882812	0.20937645435333252	3074.3857421875	1.0120197534561157	3.899120330810547	0	739	464	482
1	447618	0	5	1	8859120	100712	28.5443058013916	-0.08369553089141846	3093.704833984375	1.021077036857605	3.8920822143554688	0	723	468	0
1	447832	0	1	1	8868611	100657	24.863412857055664	-0.3350009620189667	3074.534912109375	1.0066050291061401	3.899120330810547	0	739	463	483
1	448367	0	5	1	8859820	100710	28.71169662475586	0.04184793308377266	3093.953369140625	1.018170714378357	3.913196563720703	0	724	469	0
1	448689	0	1	1	8869461	100651	25.365909576416016	0.125625878572464	3074.379150390625	1.0107998847961426	3.899120330810547	0	738	464	483
1	449116	0	5	1	8860620	100708	28.87908935546875	0.0	3093.907470703125	1.0194530487060547	3.8920822143554688	0	724	470	2
1	449543	0	1	1	8870261	100644	25.95218849182129	0.2931388318538666	3074.379150390625	1.0098073482513428	3.899120330810547	0	740	466	483
1	450289	0	1	1	8871011	100654	25.11465835571289	-0.08375024050474167	3074.528564453125	1.0103538036346436	3.8920822143554688	0	739	464	484
1	450503	0	5	1	8862020	100708	28.87908935546875	0.04184860736131668	3093.927001953125	1.0167478322982788	3.906158447265625	0	724	469	0
1	451037	0	1	1	8871811	100651	25.365909576416016	0.125625878572464	3074.45703125	1.0100325345993042	3.899120330810547	0	738	465	484
1	451252	0	5	1	8862770	100706	29.046485900878906	-0.12554986774921417	3093.90087890625	1.0169990062713623	3.899120330810547	0	725	468	0
1	451999	0	5	1	8863520	100707	28.962787628173828	-0.08369889855384827	3093.90087890625	1.0104228258132935	3.8920822143554688	0	725	467	1
1	452532	0	1	1	8873311	100646	25.784677505493164	0.33500906825065613	3074.3662109375	1.0060778856277466	3.899120330810547	0	740	465	483
1	452641	0	5	1	8864220	100706	29.046485900878906	0.209243044257164	3093.90087890625	1.0179939270019531	3.906158447265625	0	723	467	0
1	454131	0	5	1	8865670	100711	28.628000259399414	0.0	3093.6982421875	1.0172481536865234	3.899120330810547	2	725	469	0
1	454663	0	1	1	8875361	100658	24.779664993286133	-0.25124669075012207	3074.593505859375	1.0085452795028687	3.899120330810547	0	740	465	484
1	454879	0	5	1	8866420	100715	28.293224334716797	-0.16738837957382202	3094.077392578125	1.0205702781677246	3.899120330810547	0	725	468	0
1	455411	0	1	1	8876111	100652	25.28215980529785	0.0	3074.509033203125	1.0057822465896606	3.899120330810547	0	740	464	483
1	455629	0	5	1	8867220	100716	28.209531784057617	-0.16738702356815338	3093.98583984375	1.0196197032928467	3.8920822143554688	0	725	470	0
1	456161	0	1	1	8876861	100659	24.695919036865234	-0.08374687284231186	3074.463623046875	1.0107225179672241	3.906158447265625	0	739	465	483
1	456378	0	5	1	8867920	100712	28.5443058013916	0.20923294126987457	3093.855224609375	1.0172678232192993	3.899120330810547	0	724	472	0
1	456909	0	1	1	8877611	100654	25.11465835571289	0.2093697190284729	3074.515625	1.0105663537979126	3.906158447265625	0	739	466	483
1	457127	0	5	1	8868720	100715	28.293224334716797	-0.12554077804088593	3093.9990234375	1.0170148611068726	3.906158447265625	1	725	469	0
1	457658	0	1	1	8878361	100657	24.863412857055664	0.0	3074.638916015625	1.0095930099487305	3.8920822143554688	0	741	465	483
1	457875	0	5	1	8869420	100717	28.125839233398438	0.0836908221244812	3094.071044921875	1.0170711278915405	3.899120330810547	0	725	469	0
1	458407	0	1	1	8879111	100660	24.612173080444336	-0.1256198137998581	3074.489501953125	1.0071656703948975	3.906158447265625	0	739	466	485
1	458625	0	5	1	8870220	100718	28.04214859008789	-0.1673843413591385	3094.005615234375	1.017693042755127	3.8920822143554688	0	724	470	0
1	459157	0	1	1	8879861	100657	24.863412857055664	0.0	3074.56103515625	1.0106178522109985	3.899120330810547	0	740	465	484
1	459374	0	5	1	8870920	100710	28.71169662475586	0.08369553089141846	3093.8291015625	1.0198826789855957	3.8920822143554688	0	723	468	1
1	459905	0	1	1	8880611	100655	25.030908584594727	0.25124064087867737	3074.619384765625	1.0101053714752197	3.913196563720703	0	739	465	483
1	460122	0	5	1	8871670	100718	28.04214859008789	0.08369015157222748	3094.103759765625	1.021533489227295	3.8920822143554688	0	724	470	0
1	460654	0	1	1	8881411	100658	24.779664993286133	0.08374620229005814	3074.58056640625	1.0108418464660645	3.8920822143554688	0	740	466	486
1	460868	0	5	1	8872420	100719	27.958457946777344	-0.29292377829551697	3094.254150390625	1.0184246301651	3.913196563720703	0	725	471	0
1	461612	0	1	1	8882311	100651	25.365909576416016	0.20937477052211761	3074.573974609375	1.0085514783859253	3.899120330810547	0	739	465	484
1	461612	0	5	1	8873170	100708	28.87908935546875	0.3766253590583801	3094.175537109375	1.0194238424301147	3.8920822143554688	1	725	471	1
1	462360	0	1	1	8883061	100657	24.863412857055664	-0.04187394306063652	3074.4052734375	1.012224793434143	3.899120330810547	0	741	464	483
1	462470	0	5	1	8873970	100712	28.5443058013916	0.16738702356815338	3094.103759765625	1.0188896656036377	3.906158447265625	0	725	469	0
1	463109	0	1	1	8883861	100656	24.947160720825195	0.16749374568462372	3074.534912109375	1.009688377380371	3.899120330810547	0	739	465	481
1	463218	0	5	1	8874720	100716	28.209531784057617	-0.20923462510108948	3094.156005859375	1.0217492580413818	3.906158447265625	1	725	468	0
1	463961	0	1	1	8884661	100655	25.030908584594727	0.12562182545661926	3074.437744140625	1.0120145082473755	3.906158447265625	0	739	465	484
1	463961	0	5	1	8875470	100713	28.46061134338379	0.0	3094.2998046875	1.0213655233383179	3.8920822143554688	1	725	470	1
1	465348	0	1	1	8886061	100650	25.449661254882812	0.08375158905982971	3074.56103515625	1.0127326250076294	3.8920822143554688	0	740	465	484
1	465457	0	5	1	8876970	100708	28.87908935546875	0.16739241778850555	3094.37841796875	1.0157978534698486	3.8920822143554688	0	725	472	0
1	466096	0	1	1	8886861	100653	25.198408126831055	0.12562385201454163	3074.599853515625	1.0086700916290283	3.899120330810547	0	739	468	482
1	466311	0	5	1	8877820	100711	28.628000259399414	-0.04184793308377266	3094.345703125	1.017608404159546	3.8850440979003906	0	725	468	0
1	466950	0	1	1	8887611	100656	24.947160720825195	-0.29312703013420105	3074.392333984375	1.0130306482315063	3.899120330810547	0	741	465	484
1	467059	0	5	1	8878620	100712	28.5443058013916	-0.2510906457901001	3094.325927734375	1.0165075063705444	3.899120330810547	0	725	470	0
1	467698	0	1	1	8888411	100650	25.449661254882812	0.041875965893268585	3074.58056640625	1.0103209018707275	3.899120330810547	0	740	466	483
1	467914	0	5	1	8879370	100708	28.87908935546875	0.12554481625556946	3094.365234375	1.016520619392395	3.8920822143554688	0	725	467	0
1	468446	0	1	1	8889211	100656	24.947160720825195	-0.08374889940023422	3074.63232421875	1.0106966495513916	3.8920822143554688	0	738	463	483
1	468555	0	5	1	8880120	100711	28.628000259399414	0.0418475978076458	3094.273681640625	1.0220766067504883	3.8920822143554688	0	724	469	0
1	469301	0	1	1	8889961	100648	25.617168426513672	0.25125476717948914	3074.437744140625	1.0138792991638184	3.899120330810547	0	740	465	484
1	469411	0	5	1	8880870	100704	29.213886260986328	0.20924639701843262	3094.358642578125	1.0180649757385254	3.899120330810547	0	724	469	0
1	470050	0	1	1	8890761	100649	25.533414840698242	0.04187630116939545	3074.398681640625	1.0091394186019897	3.899120330810547	0	740	466	485
1	470265	0	5	1	8881720	100711	28.628000259399414	0.0418475978076458	3094.057861328125	1.0170162916183472	3.899120330810547	0	724	469	0
1	470798	0	1	1	8891561	100652	25.28215980529785	0.25124669075012207	3074.58056640625	1.0128169059753418	3.899120330810547	0	739	466	483
1	470907	0	5	1	8882470	100712	28.5443058013916	0.16738702356815338	3094.358642578125	1.0173768997192383	3.8920822143554688	0	725	470	0
1	471653	0	1	1	8892311	100657	24.863412857055664	-0.25124871730804443	3074.593505859375	1.0077321529388428	3.906158447265625	0	739	462	483
1	471762	0	5	1	8883220	100709	28.795392990112305	-0.12554682791233063	3094.391357421875	1.018375039100647	3.899120330810547	0	726	468	0
1	472402	0	1	1	8893111	100653	25.198408126831055	-0.08375091850757599	3074.684326171875	1.0091791152954102	3.8920822143554688	0	738	466	484
1	472511	0	5	1	8884020	100712	28.5443058013916	-0.12554380297660828	3094.56787109375	1.0197720527648926	3.8920822143554688	0	725	472	0
1	473150	0	5	1	8884720	100716	28.209531784057617	-0.3766283690929413	3094.410888671875	1.0201854705810547	3.906158447265625	0	725	470	0
1	473684	0	1	1	8894461	100657	24.863412857055664	-0.04187394306063652	3074.599853515625	1.0120694637298584	3.906158447265625	0	739	466	483
1	473898	0	5	1	8885420	100712	28.5443058013916	0.16738702356815338	3094.410888671875	1.0176172256469727	3.899120330810547	0	724	470	0
1	474432	0	1	1	8895211	100658	24.779664993286133	-0.1674964427947998	3074.697265625	1.0147743225097656	3.913196563720703	0	740	466	484
1	474647	0	5	1	8886170	100710	28.71169662475586	0.25108256936073303	3094.626708984375	1.0198339223861694	3.899120330810547	0	726	468	0
1	475395	0	5	1	8886920	100716	28.209531784057617	-0.16738702356815338	3094.325927734375	1.0172511339187622	3.899120330810547	0	724	469	0
1	475929	0	1	1	8896661	100658	24.779664993286133	0.0	3074.7685546875	1.0105562210083008	3.899120330810547	0	737	465	481
1	476146	0	5	1	8887670	100714	28.376916885375977	0.0	3094.659423828125	1.0163136720657349	3.899120330810547	0	724	472	0
1	476678	0	1	1	8897411	100657	24.863412857055664	-0.16749779880046844	3074.72314453125	1.0118606090545654	3.899120330810547	0	740	465	484
1	476892	0	5	1	8888420	100714	28.376916885375977	-0.041846923530101776	3094.65283203125	1.0178537368774414	3.906158447265625	0	724	470	0
1	477639	0	5	1	8889170	100713	28.46061134338379	0.08369351178407669	3094.67919921875	1.018033742904663	3.906158447265625	0	725	467	0
1	478066	0	1	1	8898811	100653	25.198408126831055	0.0	3074.534912109375	1.0102607011795044	3.8920822143554688	0	740	465	483
1	478493	0	5	1	8889920	100712	28.5443058013916	0.08369418978691101	3094.4501953125	1.0195831060409546	3.899120330810547	0	726	469	0
1	478923	0	1	1	8899561	100651	25.365909576416016	0.25124871730804443	3074.4052734375	1.011153221130371	3.8920822143554688	0	740	467	482
1	479242	0	5	1	8890770	100704	29.213886260986328	0.460330992937088	3094.509033203125	1.0169216394424438	3.8920822143554688	0	725	470	0
1	479672	0	1	1	8900361	100646	25.784677505493164	0.5025054812431335	3074.846435546875	1.011181116104126	3.899120330810547	0	741	467	482
1	479992	0	5	1	8891570	100709	28.795392990112305	0.29293084144592285	3094.875244140625	1.016115665435791	3.8850440979003906	0	725	467	0
1	480421	0	1	1	8901211	100647	25.7009220123291	0.33500635623931885	3074.6064453125	1.0094674825668335	3.8920822143554688	0	740	466	484
1	480848	0	5	1	8892370	100710	28.71169662475586	-0.04184827208518982	3094.7509765625	1.0190438032150269	3.8920822143554688	1	723	469	0
1	481276	0	1	1	8902011	100654	25.11465835571289	-0.2931317389011383	3074.56103515625	1.0092189311981201	3.906158447265625	0	740	465	484
1	481490	0	5	1	8893070	100709	28.795392990112305	-0.04184860736131668	3094.97998046875	1.020504117012024	3.899120330810547	0	725	469	1
1	482026	0	1	1	8902811	100651	25.365909576416016	0.125625878572464	3074.736328125	1.0111901760101318	3.899120330810547	0	740	467	483
1	482348	0	5	1	8893820	100709	28.795392990112305	0.04184827208518982	3094.587646484375	1.018982172012329	3.899120330810547	0	724	469	0
1	482774	0	1	1	8903561	100647	25.7009220123291	0.1675058752298355	3074.89208984375	1.0100685358047485	3.8920822143554688	0	739	464	484
1	483095	0	5	1	8894620	100707	28.962787628173828	0.25108861923217773	3095.08447265625	1.0180283784866333	3.899120330810547	0	724	470	0
1	483523	0	1	1	8904311	100650	25.449661254882812	0.16750183701515198	3074.78173828125	1.0101449489593506	3.8850440979003906	0	739	465	484
1	483844	0	5	1	8895320	100708	28.87908935546875	0.12554481625556946	3094.639892578125	1.0199873447418213	3.899120330810547	0	725	470	0
1	484272	0	1	1	8905061	100653	25.198408126831055	-0.2512567937374115	3074.703857421875	1.0117980241775513	3.899120330810547	0	740	467	485
1	484699	0	5	1	8896170	100709	28.795392990112305	-0.08369754999876022	3094.80322265625	1.019406795501709	3.906158447265625	0	724	471	0
1	485128	0	1	1	8905811	100650	25.449661254882812	-0.12562991678714752	3074.677734375	1.014487862586975	3.8920822143554688	0	739	464	482
1	485449	0	5	1	8896970	100705	29.130186080932617	0.08369889855384827	3094.666015625	1.0187879800796509	3.906158447265625	0	725	468	1
1	485876	0	1	1	8906611	100650	25.449661254882812	0.0	3074.6259765625	1.0107204914093018	3.906158447265625	0	740	466	484
1	486197	0	5	1	8897770	100709	28.795392990112305	0.12554380297660828	3094.894775390625	1.017736792564392	3.913196563720703	0	724	468	0
1	486624	0	1	1	8907311	100653	25.198408126831055	0.041874952614307404	3074.716796875	1.0074923038482666	3.906158447265625	0	740	467	484
1	486945	0	5	1	8898470	100713	28.46061134338379	-0.334787517786026	3094.8623046875	1.0167317390441895	3.899120330810547	0	724	470	0
1	487372	0	1	1	8908111	100653	25.198408126831055	-0.2512567937374115	3074.865966796875	1.0100047588348389	3.899120330810547	0	739	465	485
1	487588	0	5	1	8899170	100709	28.795392990112305	-0.04184860736131668	3094.8359375	1.0195963382720947	3.899120330810547	0	725	469	0
1	488229	0	1	1	8908911	100649	25.533414840698242	0.20937813818454742	3074.54150390625	1.0081195831298828	3.906158447265625	0	739	465	484
1	488338	0	5	1	8899870	100710	28.71169662475586	-0.12554582953453064	3095.006103515625	1.0164825916290283	3.8920822143554688	0	725	470	0
1	489083	0	5	1	8900570	100709	28.795392990112305	0.251084566116333	3094.973388671875	1.0186488628387451	3.913196563720703	0	725	469	0
1	489617	0	1	1	8910311	100651	25.365909576416016	-0.08375226706266403	3074.67138671875	1.0075196027755737	3.8920822143554688	0	739	466	484
1	489831	0	5	1	8901370	100705	29.130186080932617	0.041849616914987564	3094.822998046875	1.025187611579895	3.899120330810547	0	725	470	0
1	490364	0	1	1	8911111	100647	25.7009220123291	0.0	3074.58056640625	1.0086085796356201	3.8920822143554688	0	740	465	485
1	490579	0	5	1	8902120	100708	28.87908935546875	-0.1255478411912918	3094.927490234375	1.0180941820144653	3.906158447265625	1	726	470	0
1	491219	0	1	1	8911861	100648	25.617168426513672	0.16750453412532806	3074.820556640625	1.0087218284606934	3.8920822143554688	0	740	466	483
1	491328	0	5	1	8902870	100705	29.130186080932617	0.29294025897979736	3094.875244140625	1.0171198844909668	3.899120330810547	0	725	468	0
1	491968	0	1	1	8912661	100654	25.11465835571289	-0.16750183701515198	3074.65185546875	1.008733868598938	3.899120330810547	0	739	465	483
1	492077	0	5	1	8903570	100714	28.376916885375977	-0.3766344487667084	3095.13037109375	1.0171788930892944	3.899120330810547	2	726	469	0
1	493353	0	1	1	8914061	100656	24.947160720825195	-0.29312703013420105	3074.7880859375	1.0057471990585327	3.906158447265625	0	739	466	482
1	493463	0	5	1	8905020	100713	28.46061134338379	-0.1255427896976471	3094.76416015625	1.1478625535964966	3.899120330810547	0	725	470	0
1	494101	0	1	1	8914811	100652	25.28215980529785	-7.105427357601002e-14	3074.846435546875	1.0217080116271973	3.899120330810547	0	739	466	483
1	494315	0	5	1	8905820	100710	28.71169662475586	0.04184793308377266	3095.091064453125	1.021049976348877	3.8920822143554688	0	726	471	1
1	494850	0	1	1	8915561	100646	25.784677505493164	0.33500906825065613	3074.749267578125	1.0149999856948853	3.913196563720703	0	739	466	484
1	495065	0	5	1	8906620	100705	29.130186080932617	0.1673964560031891	3095.06494140625	1.0195399522781372	3.906158447265625	0	725	471	0
1	495703	0	1	1	8916411	100647	25.7009220123291	0.12562991678714752	3074.820556640625	1.0122591257095337	3.899120330810547	0	739	465	483
1	495813	0	5	1	8907320	100710	28.71169662475586	-0.12554582953453064	3095.189208984375	1.0775519609451294	3.8920822143554688	0	724	468	0
1	496452	0	1	1	8917211	100651	25.365909576416016	-1.709930852286418e+38	nan	nan	nan	65535	65535	65535	65535
1	497077	0	5	1	8908170	100709	28.795392990112305	0.16739106178283691	3094.875244140625	1.013464093208313	3.899120330810547	0	725	469	0
1	497298	0	1	1	8918011	100649	25.533414840698242	-0.08375361561775208	3074.74267578125	1.028335690498352	3.906158447265625	0	740	463	483
1	497830	0	5	1	8909370	100710	28.71169662475586	-0.25109466910362244	3094.960205078125	1.0216035842895508	3.8920822143554688	0	725	470	0
1	498046	0	1	1	8918761	100651	25.365909576416016	-0.12562890350818634	3074.7880859375	1.04521906375885	3.906158447265625	0	740	466	484
1	498580	0	5	1	8910170	100705	29.130186080932617	0.1673964560031891	3094.770751953125	1.0178159475326538	3.8920822143554688	0	726	472	0
1	498796	0	1	1	8919561	100646	25.784677505493164	0.16750723123550415	3074.749267578125	1.032605767250061	3.906158447265625	0	739	465	482
1	499329	0	5	1	8910870	100709	28.795392990112305	-0.08369754999876022	3095.006103515625	0.9976054430007935	3.899120330810547	1	726	470	0
1	499650	0	1	1	8920361	100654	25.11465835571289	0.0	3074.755615234375	1.0400617122650146	3.899120330810547	0	740	465	485
1	500077	0	5	1	8911620	100712	28.5443058013916	-0.16739241778850555	3095.091064453125	1.0152701139450073	3.8920822143554688	0	724	470	0
1	500399	0	1	1	8921111	100654	25.11465835571289	-0.5025216937065125	3074.72314453125	1.0118670463562012	3.899120330810547	0	739	467	483
1	500933	0	5	1	8912420	100702	29.381288528442383	0.3766435384750366	3095.13671875	1.022748351097107	3.8920822143554688	0	724	471	0
1	501784	0	1	1	8922561	100651	25.365909576416016	0.041875626891851425	3074.820556640625	1.0061842203140259	3.906158447265625	0	740	464	483
1	501784	0	5	1	8913270	100709	28.795392990112305	0.16739106178283691	3094.927490234375	1.0126012563705444	3.906158447265625	0	725	469	0
1	502426	0	5	1	8914020	100708	28.87908935546875	0.2092396765947342	3095.0517578125	1.0210261344909668	3.899120330810547	0	722	471	0
1	502640	0	1	1	8923311	100645	25.868431091308594	0.29313647747039795	3074.645263671875	1.0106441974639893	3.8920822143554688	0	739	466	483
1	503282	0	5	1	8914770	100711	28.628000259399414	-0.209243044257164	3094.973388671875	1.0181039571762085	3.899120330810547	1	724	470	0
1	503496	0	1	1	8924211	100655	25.030908584594727	-0.1256248652935028	3074.684326171875	1.0494545698165894	3.906158447265625	0	738	463	483
1	504030	0	5	1	8915570	100708	28.87908935546875	0.0	3095.359130859375	1.01708984375	3.899120330810547	2	726	468	0
1	504245	0	1	1	8924961	100649	25.533414840698242	-0.08375361561775208	3074.710205078125	1.0283970832824707	3.899120330810547	0	740	466	482
1	504777	0	5	1	8916270	100710	28.71169662475586	-0.0836968794465065	3095.110595703125	1.0101840496063232	3.899120330810547	0	724	472	0
1	504991	0	1	1	8925761	100650	25.449661254882812	0.12562687695026398	3074.840087890625	1.022915244102478	3.906158447265625	0	740	466	484
1	505631	0	5	1	8917120	100709	28.795392990112305	0.16739106178283691	3095.372314453125	0.9855431914329529	3.899120330810547	2	724	470	1
1	505845	0	1	1	8926511	100654	25.11465835571289	-0.041874952614307404	3074.599853515625	1.0305263996124268	3.8920822143554688	0	739	466	484
1	506379	0	5	1	8917920	100703	29.29758644104004	0.4184877574443817	3095.071533203125	1.0255810022354126	3.899120330810547	0	725	469	1
1	506593	0	1	1	8927311	100648	25.617168426513672	0.25125476717948914	3074.76220703125	0.9911773800849915	3.899120330810547	0	740	466	483
1	507020	0	5	1	8918620	100705	29.130186080932617	0.041849616914987564	3095.287353515625	1.0291246175765991	3.899120330810547	1	725	471	0
1	507449	0	1	1	8928111	100644	25.95218849182129	0.2512628734111786	3074.814208984375	0.9928335547447205	3.8920822143554688	0	740	466	485
1	507877	0	5	1	8919320	100700	29.54869270324707	0.3766495883464813	3095.391845703125	1.01303231716156	3.899120330810547	0	724	470	0
1	508199	0	1	1	8928911	100644	25.95218849182129	0.12563294172286987	3074.684326171875	0.9818296432495117	3.906158447265625	0	740	465	484
1	508732	0	5	1	8920170	100710	28.71169662475586	-0.2092447131872177	3095.2021484375	1.024976134300232	3.8850440979003906	0	725	469	0
1	508948	0	1	1	8929661	100655	25.030908584594727	-0.33500635623931885	3074.638916015625	1.0317567586898804	3.8920822143554688	0	740	466	483
1	509480	0	5	1	8920970	100714	28.376916885375977	-0.3766344487667084	3095.228271484375	1.0161733627319336	3.8850440979003906	1	724	471	0
1	509696	0	1	1	8930411	100651	25.365909576416016	-0.20938318967819214	3074.554443359375	1.0090359449386597	3.913196563720703	0	740	466	482
1	510229	0	5	1	8921720	100698	29.71609878540039	0.46035319566726685	3095.43115234375	1.0203806161880493	3.899120330810547	0	726	469	1
1	510445	0	1	1	8931161	100641	26.203460693359375	0.29314589500427246	3074.820556640625	1.0121910572052002	3.8920822143554688	0	740	464	484
1	510978	0	5	1	8922520	100706	29.046485900878906	0.0418492816388607	3095.306884765625	1.0203248262405396	3.899120330810547	1	724	470	0
1	511193	0	1	1	8931911	100646	25.784677505493164	0.33500906825065613	3074.859619140625	1.0081250667572021	3.8920822143554688	0	739	465	484
1	511728	0	5	1	8923220	100706	29.046485900878906	0.2510906457901001	3095.372314453125	1.0146830081939697	3.899120330810547	1	724	470	0
1	511942	0	1	1	8932711	100646	25.784677505493164	0.16750723123550415	3074.502685546875	1.0134658813476562	3.899120330810547	0	740	463	484
1	512583	0	5	1	8924070	100701	29.464988708496094	0.16740183532238007	3095.424560546875	1.0139477252960205	3.8920822143554688	0	724	469	0
1	512797	0	1	1	8933511	100647	25.7009220123291	-0.37690794467926025	3074.21044921875	1.0121062994003296	3.8920822143554688	0	739	465	485
1	513224	0	5	1	8924820	100701	29.464988708496094	0.20925144851207733	3095.2021484375	1.018906831741333	3.906158447265625	1	724	467	0
1	513546	0	1	1	8934311	100649	25.533414840698242	-0.37690186500549316	3074.58056640625	1.0124120712280273	3.906158447265625	0	740	465	484
1	514079	0	5	1	8925570	100706	29.046485900878906	-0.16740049421787262	3095.457275390625	1.016257882118225	3.906158447265625	0	725	470	0
1	514295	0	1	1	8935061	100645	25.868431091308594	-0.12563496828079224	3074.7880859375	1.0145772695541382	3.906158447265625	0	740	465	483
1	514723	0	5	1	8926320	100705	29.130186080932617	0.1255478411912918	3095.3134765625	1.0175037384033203	3.906158447265625	1	726	468	0
1	515575	0	5	1	8927070	100704	29.213886260986328	-0.20925481617450714	3095.28076171875	1.020029067993164	3.899120330810547	1	725	469	0
1	516322	0	5	1	8927870	100708	28.87908935546875	-0.1255478411912918	3095.3984375	1.0144902467727661	3.906158447265625	0	725	469	0
1	516429	0	1	1	8937111	100645	25.868431091308594	0.04187764972448349	3074.45068359375	1.014085054397583	3.899120330810547	0	740	465	482
1	517070	0	5	1	8928670	100707	28.962787628173828	-0.33480367064476013	3095.16943359375	1.0205239057540894	3.913196563720703	0	726	470	0
1	517177	0	1	1	8937911	100648	25.617168426513672	-0.04187697544693947	3074.736328125	1.0100148916244507	3.899120330810547	0	739	465	486
1	517818	0	5	1	8929370	100703	29.29758644104004	-0.12555289268493652	3095.509521484375	1.0215258598327637	3.899120330810547	2	724	470	1
1	517927	0	1	1	8938611	100639	26.3709774017334	0.1256379932165146	3074.573974609375	1.0101587772369385	3.899120330810547	0	741	466	484
1	518674	0	1	1	8939411	100639	26.3709774017334	0.16751666367053986	3074.45068359375	1.0088118314743042	3.8920822143554688	0	739	465	484
1	518674	0	5	1	8930120	100701	29.464988708496094	0.08370158821344376	3095.3984375	1.015995979309082	3.899120330810547	0	724	468	0
1	519422	0	1	1	8940161	100639	26.3709774017334	0.4187815487384796	3074.74267578125	1.0090142488479614	3.899120330810547	0	739	466	484
1	519531	0	5	1	8930970	100696	29.883508682250977	0.418511301279068	3095.45068359375	1.0198822021484375	3.899120330810547	0	725	468	0
1	520913	0	1	1	8941561	100638	26.45473861694336	0.12563900649547577	3074.58056640625	1.0142273902893066	3.906158447265625	0	740	466	483
1	521023	0	5	1	8932470	100698	29.71609878540039	-0.04185231029987335	3095.405029296875	1.019864559173584	3.906158447265625	0	724	469	0
1	521664	0	1	1	8942361	100635	26.706022262573242	0.12564204633235931	3074.4052734375	1.013237476348877	3.899120330810547	0	740	466	483
1	522408	0	1	1	8943161	100640	26.28721809387207	0.08375833183526993	3074.398681640625	1.0089219808578491	3.899120330810547	0	739	464	483
1	522408	0	5	1	8933970	100702	29.381288528442383	-0.376670777797699	3095.34619140625	1.0155061483383179	3.8920822143554688	0	724	468	0
1	523265	0	1	1	8943911	100637	26.538497924804688	0.0837603509426117	3074.528564453125	1.009720802307129	3.899120330810547	0	738	464	484
1	523265	0	5	1	8934770	100703	29.29758644104004	-0.5022297501564026	3095.31982421875	1.0184675455093384	3.899120330810547	0	726	470	0
1	524013	0	1	1	8944711	100646	25.784677505493164	-0.33503061532974243	3074.45068359375	1.0098565816879272	3.899120330810547	0	754	467	483
1	524013	0	5	1	8935520	100705	29.130186080932617	-0.5440756678581238	3095.274169921875	1.0191611051559448	3.8920822143554688	0	725	469	0
1	524761	0	5	1	8936320	100705	29.130186080932617	-0.12555086612701416	3095.228271484375	1.0159459114074707	3.906158447265625	1	725	470	0
1	525506	0	1	1	8946061	100649	25.533414840698242	-0.46066156029701233	3074.35986328125	1.0131702423095703	3.906158447265625	0	740	465	483
1	525506	0	5	1	8937020	100706	29.046485900878906	-0.08369956910610199	3095.06494140625	1.0198731422424316	3.906158447265625	0	724	470	0
1	526253	0	1	1	8946961	100647	25.7009220123291	0.2512567937374115	3074.6064453125	1.010106086730957	3.906158447265625	0	741	465	485
1	526362	0	5	1	8937870	100703	29.29758644104004	0.20924808084964752	3095.4638671875	1.0197540521621704	3.8850440979003906	0	725	468	1
1	526999	0	1	1	8947711	100645	25.868431091308594	0.1675085723400116	3074.515625	1.0107300281524658	3.8920822143554688	0	739	468	484
1	527108	0	5	1	8938670	100703	29.29758644104004	0.2510966956615448	3095.49658203125	1.0147504806518555	3.899120330810547	0	723	468	0
1	527855	0	1	1	8948511	100643	26.03594398498535	0.12563395500183105	3074.5673828125	1.0120376348495483	3.8850440979003906	0	739	465	483
1	527855	0	5	1	8939370	100702	29.381288528442383	0.16740049421787262	3095.326416015625	1.0194364786148071	3.8850440979003906	1	724	467	0
1	528604	0	1	1	8949261	100640	26.28721809387207	0.2931482493877411	3074.43115234375	1.0092946290969849	3.8920822143554688	0	740	466	483
1	528604	0	5	1	8940170	100707	28.962787628173828	-0.125548854470253	3095.3525390625	1.0204359292984009	3.899120330810547	0	724	470	0
1	529352	0	1	1	8950061	100641	26.203460693359375	0.20939160883426666	3074.664794921875	1.0112756490707397	3.8850440979003906	0	740	464	484
1	529462	0	5	1	8940920	100702	29.381288528442383	-0.20925818383693695	3095.287353515625	1.0194737911224365	3.899120330810547	1	725	470	0
1	530205	0	1	1	8950861	100648	25.617168426513672	-0.1256319284439087	3074.56103515625	1.0133072137832642	3.899120330810547	0	739	467	483
1	530205	0	5	1	8941720	100701	29.464988708496094	0.04185096174478531	3095.391845703125	1.0207706689834595	3.899120330810547	0	724	470	0
1	530953	0	1	1	8951611	100648	25.617168426513672	-0.33502522110939026	3074.444091796875	1.0134586095809937	3.899120330810547	0	739	467	483
1	530953	0	5	1	8942420	100708	28.87908935546875	-0.5859158635139465	3095.437744140625	1.0209484100341797	3.8920822143554688	0	725	469	0
1	531702	0	5	1	8943220	100705	29.130186080932617	0.08369889855384827	3095.509521484375	1.021545648574829	3.8850440979003906	1	724	470	1
1	532341	0	1	1	8953061	100644	25.95218849182129	-0.04187832400202751	3074.327392578125	1.0064449310302734	3.906158447265625	0	738	464	483
1	532341	0	5	1	8943920	100704	29.213886260986328	0.0	3095.28076171875	1.0198545455932617	3.8920822143554688	0	725	470	0
1	533195	0	1	1	8953811	100648	25.617168426513672	-0.16750992834568024	3074.437744140625	1.0061613321304321	3.8920822143554688	0	739	463	483
1	533195	0	5	1	8944670	100711	28.628000259399414	-0.3766435384750366	3095.37890625	1.0172858238220215	3.913196563720703	1	725	471	0
1	533838	0	5	1	8945420	100708	28.87908935546875	-0.04184894263744354	3095.306884765625	1.0204827785491943	3.899120330810547	0	726	469	0
1	534052	0	1	1	8954611	100649	25.533414840698242	-0.04187663644552231	3074.4248046875	1.0130029916763306	3.913196563720703	0	738	465	483
1	534693	0	5	1	8946170	100703	29.29758644104004	0.16739913821220398	3095.306884765625	1.0188456773757935	3.913196563720703	0	724	469	1
1	534802	0	1	1	8955461	100646	25.784677505493164	-0.08375563472509384	3074.437744140625	1.0102500915527344	3.8920822143554688	0	740	465	484
1	535548	0	5	1	8946970	100694	30.050922393798828	0.5859158635139465	3095.21533203125	1.018810510635376	3.8920822143554688	0	725	470	0
1	535658	0	1	1	8956261	100644	25.95218849182129	0.3350144624710083	3074.4052734375	1.009068489074707	3.899120330810547	0	740	464	484
1	536297	0	1	1	8957011	100647	25.7009220123291	0.08375361561775208	3074.418212890625	1.005883812904358	3.899120330810547	0	739	464	483
1	536297	0	5	1	8947820	100707	28.962787628173828	-0.08369889855384827	3095.43115234375	1.015120267868042	3.899120330810547	0	724	469	0
1	537046	0	5	1	8948570	100702	29.381288528442383	-0.08370226621627808	3095.41796875	1.018286108970642	3.899120330810547	0	725	469	0
1	537791	0	1	1	8958361	100642	26.119701385498047	0.0	3074.288330078125	1.0077052116394043	3.899120330810547	0	740	467	483
1	537791	0	5	1	8949320	100702	29.381288528442383	0.0	3095.522705078125	1.020128607749939	3.906158447265625	0	726	469	0
1	538541	0	1	1	8959211	100648	25.617168426513672	0.0	3074.262451171875	1.0097025632858276	3.899120330810547	0	740	466	484
1	538541	0	5	1	8950120	100707	28.962787628173828	0.12554582953453064	3095.548828125	1.0173002481460571	3.8850440979003906	0	724	470	0
1	539290	0	1	1	8960011	100650	25.449661254882812	-0.2512628734111786	3074.35986328125	1.0098615884780884	3.8920822143554688	0	740	467	482
1	539290	0	5	1	8950820	100707	28.962787628173828	-0.33480367064476013	3095.659912109375	1.0176430940628052	3.899120330810547	0	725	472	0
1	540040	0	5	1	8951620	100698	29.71609878540039	0.25110679864883423	3095.659912109375	1.0192877054214478	3.899120330810547	1	723	470	1
1	540149	0	1	1	8960811	100643	26.03594398498535	0.16751126945018768	3074.43115234375	1.0139176845550537	3.913196563720703	0	739	465	484
1	540789	0	5	1	8952320	100706	29.046485900878906	-0.041849616914987564	3095.64697265625	1.02049720287323	3.906158447265625	0	726	469	0
1	540899	0	1	1	8961561	100645	25.868431091308594	0.0	3074.34033203125	1.0076154470443726	3.8920822143554688	0	740	464	483
1	541539	0	5	1	8953070	100703	29.29758644104004	0.16739913821220398	3095.71240234375	1.0205693244934082	3.899120330810547	1	725	468	0
1	541648	0	1	1	8962361	100651	25.365909576416016	-0.08375226706266403	3074.327392578125	1.0108904838562012	3.8920822143554688	0	740	464	483
1	542287	0	5	1	8953820	100700	29.54869270324707	0.1674031764268875	3095.75146484375	1.018630027770996	3.899120330810547	0	724	469	0
1	542608	0	1	1	8963161	100646	25.784677505493164	0.1256309300661087	3074.528564453125	1.0070364475250244	3.8920822143554688	0	740	468	483
1	542930	0	5	1	8954520	100704	29.213886260986328	0.0	3095.424560546875	1.0174885988235474	3.899120330810547	0	725	470	0
1	543356	0	1	1	8964011	100643	26.03594398498535	0.12563395500183105	3074.379150390625	1.0111490488052368	3.8920822143554688	0	740	464	485
1	543784	0	5	1	8955320	100705	29.130186080932617	0.1673964560031891	3095.758056640625	1.0173875093460083	3.899120330810547	0	725	470	1
1	544106	0	1	1	8964811	100648	25.617168426513672	0.0	3074.41162109375	1.009440302848816	3.906158447265625	0	741	465	484
1	544534	0	5	1	8956070	100700	29.54869270324707	0.2929520308971405	3095.7646484375	1.0165983438491821	3.899120330810547	1	726	467	0
1	544961	0	1	1	8965611	100640	26.28721809387207	0.33502522110939026	3074.41162109375	1.0098626613616943	3.8920822143554688	0	740	466	484
1	545388	0	5	1	8956870	100703	29.29758644104004	0.20924808084964752	3095.509521484375	1.017896294593811	3.8850440979003906	0	726	469	2
1	545710	0	1	1	8966361	100645	25.868431091308594	-0.29315298795700073	3074.217041015625	1.0106779336929321	3.8920822143554688	0	740	465	485
1	546243	0	5	1	8957720	100710	28.71169662475586	-0.25109466910362244	3095.424560546875	1.017760992050171	3.899120330810547	0	726	470	0
1	546457	0	1	1	8967161	100648	25.617168426513672	-0.4187849164009094	3074.45703125	1.0068849325180054	3.899120330810547	0	739	465	483
1	546884	0	5	1	8958470	100710	28.71169662475586	-0.41849786043167114	3095.476806640625	1.0199605226516724	3.906158447265625	0	726	470	2
1	547312	0	1	1	8967961	100646	25.784677505493164	-0.12563395500183105	3074.4248046875	1.0107197761535645	3.899120330810547	0	741	464	484
1	547740	0	5	1	8959220	100706	29.046485900878906	0.16739509999752045	3095.705810546875	1.0170321464538574	3.8920822143554688	0	725	470	0
1	548063	0	1	1	8968761	100648	25.617168426513672	0.04187663644552231	3074.21044921875	1.0129854679107666	3.899120330810547	0	740	464	483
1	548487	0	5	1	8960020	100706	29.046485900878906	0.08369822800159454	3095.424560546875	1.018639087677002	3.899120330810547	0	724	468	0
1	548914	0	1	1	8969561	100647	25.7009220123291	7.105427357601002e-14	3074.32080078125	1.010673999786377	3.899120330810547	0	739	467	484
1	549128	0	5	1	8960720	100706	29.046485900878906	0.209243044257164	3095.489990234375	1.017961025238037	3.899120330810547	1	724	469	0
1	549768	0	1	1	8970411	100650	25.449661254882812	-0.20938487350940704	3074.34033203125	1.0129413604736328	3.906158447265625	0	741	466	483
1	549877	0	5	1	8961420	100706	29.046485900878906	0.08369822800159454	3095.66650390625	1.0198204517364502	3.899120330810547	0	724	471	0
1	550516	0	1	1	8971161	100652	25.28215980529785	-0.20938150584697723	3074.418212890625	1.0083296298980713	3.8920822143554688	0	740	465	484
1	550626	0	5	1	8962120	100708	28.87908935546875	-0.04184894263744354	3095.810302734375	1.0205575227737427	3.8920822143554688	0	726	470	0
1	551265	0	1	1	8971961	100645	25.868431091308594	0.2512608468532562	3074.489501953125	1.0140604972839355	3.899120330810547	0	741	463	484
1	551374	0	5	1	8962920	100705	29.130186080932617	0.2092447131872177	3095.522705078125	1.019311547279358	3.899120330810547	0	725	470	0
1	552120	0	1	1	8972711	100648	25.617168426513672	0.12562890350818634	3074.3662109375	1.0122630596160889	3.899120330810547	0	739	464	483
1	552120	0	5	1	8963620	100705	29.130186080932617	0.1673964560031891	3095.7841796875	1.0190430879592896	3.899120330810547	0	725	470	1
1	552868	0	1	1	8973511	100655	25.030908584594727	-0.2931293845176697	3074.392333984375	1.0124818086624146	3.8920822143554688	0	739	464	483
1	552868	0	5	1	8964320	100707	28.962787628173828	-0.125548854470253	3095.6533203125	1.0183066129684448	3.899120330810547	0	725	469	0
1	553617	0	1	1	8974311	100650	25.449661254882812	-0.12562991678714752	3074.281982421875	1.004143476486206	3.8920822143554688	0	740	465	482
1	553617	0	5	1	8965120	100712	28.5443058013916	-0.2510906457901001	3095.895263671875	1.0166820287704468	3.906158447265625	0	725	470	0
1	554258	0	5	1	8965820	100708	28.87908935546875	0.04184860736131668	3095.927978515625	1.0138378143310547	3.8920822143554688	1	726	469	1
1	554367	0	1	1	8975061	100651	25.365909576416016	0.0	3074.437744140625	1.010569453239441	3.899120330810547	0	740	465	483
1	555007	0	5	1	8966520	100714	28.376916885375977	-0.25108659267425537	3095.90185546875	1.0194627046585083	3.8920822143554688	0	724	471	0
1	555224	0	1	1	8975911	100649	25.533414840698242	-0.04187663644552231	3074.379150390625	1.0093302726745605	3.8920822143554688	0	739	465	483
1	555650	0	5	1	8967220	100713	28.46061134338379	-0.29293790459632874	3095.9150390625	1.0215942859649658	3.899120330810547	0	725	470	0
1	555972	0	1	1	8976661	100650	25.449661254882812	0.0	3074.573974609375	1.0105669498443604	3.8850440979003906	0	739	466	482
1	556504	0	5	1	8968020	100711	28.628000259399414	-0.08369620889425278	3095.96728515625	1.0192441940307617	3.8850440979003906	1	725	470	0
1	556721	0	1	1	8977461	100650	25.449661254882812	0.08375158905982971	3074.314453125	1.0073286294937134	3.8920822143554688	0	739	466	484
1	557149	0	5	1	8968720	100709	28.795392990112305	0.08369620889425278	3095.98046875	1.0188511610031128	3.899120330810547	0	725	471	0
1	557577	0	1	1	8978261	100654	25.11465835571289	-0.08375024050474167	3074.398681640625	1.01093327999115	3.899120330810547	0	739	465	484
1	558005	0	5	1	8969520	100712	28.5443058013916	-0.0418475978076458	3095.9345703125	1.0166881084442139	3.8920822143554688	0	724	468	0
1	558327	0	1	1	8979011	100655	25.030908584594727	-0.2512527406215668	3074.47021484375	1.0076557397842407	3.8920822143554688	0	740	464	484
1	558648	0	5	1	8970220	100713	28.46061134338379	-0.1255427896976471	3096.058837890625	1.0176825523376465	3.8920822143554688	0	726	469	1
1	559076	0	1	1	8979811	100657	24.863412857055664	-0.0837482213973999	3074.418212890625	1.0077730417251587	3.8850440979003906	0	740	465	483
1	559503	0	5	1	8971020	100709	28.795392990112305	0.12554380297660828	3095.9345703125	1.0170401334762573	3.899120330810547	0	725	469	0
1	559931	0	1	1	8980611	100652	25.28215980529785	0.2093730866909027	3074.32080078125	1.0117005109786987	3.899120330810547	0	739	464	483
1	560147	0	5	1	8971720	100708	28.87908935546875	0.0836968794465065	3095.973876953125	1.0181584358215332	3.8850440979003906	1	725	468	1
1	560680	0	1	1	8981361	100652	25.28215980529785	0.2093730866909027	3074.5673828125	1.0129176378250122	3.8920822143554688	0	740	465	482
1	561002	0	5	1	8972470	100709	28.795392990112305	0.41846758127212524	3096.11767578125	1.0150202512741089	3.8850440979003906	0	724	470	0
1	561537	0	1	1	8982211	100646	25.784677505493164	0.29313409328460693	3074.528564453125	1.0117881298065186	3.8850440979003906	0	739	465	484
1	561751	0	5	1	8973270	100708	28.87908935546875	-0.04184894263744354	3096.16357421875	1.0168616771697998	3.899120330810547	0	725	468	1
1	562286	0	1	1	8983011	100648	25.617168426513672	0.0	3074.502685546875	1.0085885524749756	3.906158447265625	0	740	464	482
1	562500	0	5	1	8973970	100703	29.29758644104004	0.20924808084964752	3096.104736328125	1.0200742483139038	3.8920822143554688	0	724	470	0
1	563034	0	1	1	8983761	100652	25.28215980529785	-0.20938150584697723	3074.34033203125	1.0154870748519897	3.8920822143554688	0	739	464	484
1	563354	0	5	1	8974820	100703	29.29758644104004	0.20924808084964752	3096.1962890625	1.019702672958374	3.899120330810547	0	725	470	1
1	563888	0	1	1	8984511	100648	25.617168426513672	0.08375293761491776	3074.444091796875	1.0142347812652588	3.899120330810547	0	739	466	485
1	564102	0	5	1	8975620	100702	29.381288528442383	0.12555086612701416	3096.143798828125	1.0194435119628906	3.899120330810547	0	724	470	0
1	564742	0	1	1	8985361	100648	25.617168426513672	0.0	3074.41162109375	1.0096439123153687	3.8920822143554688	0	739	466	483
1	564851	0	5	1	8976320	100705	29.130186080932617	0.041849616914987564	3096.209228515625	1.0150446891784668	3.8920822143554688	1	725	468	0
1	565490	0	1	1	8986161	100648	25.617168426513672	0.0	3074.3857421875	1.0122545957565308	3.8920822143554688	0	740	465	483
1	565599	0	5	1	8977120	100702	29.381288528442383	-0.04185096174478531	3096.045654296875	1.0191781520843506	3.899120330810547	0	725	469	0
1	566239	0	1	1	8986961	100654	25.11465835571289	-0.3768866956233978	3074.177978515625	1.014014720916748	3.8920822143554688	0	740	468	484
1	566239	0	5	1	8977820	100707	28.962787628173828	0.0	3096.222412109375	1.0183978080749512	3.899120330810547	1	725	469	0
1	567095	0	1	1	8987711	100651	25.365909576416016	-0.12562890350818634	3074.599853515625	1.0114251375198364	3.906158447265625	0	741	465	483
1	567095	0	5	1	8978570	100706	29.046485900878906	0.0	3096.09814453125	1.0193995237350464	3.8920822143554688	0	725	469	0
1	567844	0	1	1	8988511	100649	25.533414840698242	-0.04187663644552231	3074.223388671875	1.007275938987732	3.913196563720703	0	740	464	484
1	567953	0	5	1	8979370	100707	28.962787628173828	0.04184894263744354	3096.255126953125	1.0183252096176147	3.899120330810547	0	725	469	0
1	568592	0	1	1	8989311	100650	25.449661254882812	-0.04187630116939545	3074.26904296875	1.0086612701416016	3.906158447265625	0	739	465	483
1	568701	0	5	1	8980170	100703	29.29758644104004	0.2510966956615448	3096.111083984375	1.016916036605835	3.8920822143554688	0	724	472	1
1	569446	0	1	1	8990061	100648	25.617168426513672	0.20937982201576233	3074.4052734375	1.009642481803894	3.8920822143554688	0	740	465	481
1	569446	0	5	1	8980970	100705	29.130186080932617	-0.041849952191114426	3096.326904296875	1.0170366764068604	3.899120330810547	1	725	470	0
1	570192	0	1	1	8990861	100649	25.533414840698242	-0.1256309300661087	3074.638916015625	1.0097413063049316	3.899120330810547	0	739	465	485
1	570192	0	5	1	8981720	100705	29.130186080932617	-0.08370024710893631	3096.255126953125	1.0161923170089722	3.8850440979003906	0	725	470	0
1	570943	0	5	1	8982520	100708	28.87908935546875	-0.1255478411912918	3096.30078125	1.019966721534729	3.899120330810547	0	725	470	0
1	571052	0	1	1	8991711	100647	25.7009220123291	0.1675058752298355	3074.418212890625	1.0095559358596802	3.899120330810547	0	740	464	483
1	571693	0	5	1	8983220	100704	29.213886260986328	0.08369956910610199	3096.0654296875	1.0178426504135132	3.906158447265625	0	726	468	0
1	571802	0	1	1	8992461	100650	25.449661254882812	-0.16750723123550415	3074.463623046875	1.0071245431900024	3.8920822143554688	0	739	466	484
1	572443	0	5	1	8984020	100710	28.71169662475586	-0.12554582953453064	3096.2158203125	1.0210400819778442	3.8920822143554688	0	725	472	0
1	572552	0	1	1	8993211	100647	25.7009220123291	-0.08375496417284012	3074.54150390625	1.0123850107192993	3.906158447265625	0	740	466	484
1	573298	0	1	1	8993961	100649	25.533414840698242	-0.08375361561775208	3074.34033203125	1.010038137435913	3.8920822143554688	0	740	466	482
1	573834	0	5	1	8985420	100705	29.130186080932617	0.041849616914987564	3096.274658203125	1.0182901620864868	3.899120330810547	1	724	471	0
1	574048	0	1	1	8994761	100649	25.533414840698242	0.16750317811965942	3074.6259765625	1.0111589431762695	3.906158447265625	0	739	464	483
1	574582	0	5	1	8986120	100708	28.87908935546875	0.12554481625556946	3096.54931640625	1.0163390636444092	3.899120330810547	1	724	469	0
1	575328	0	5	1	8986920	100714	28.376916885375977	-0.2092379927635193	3096.3203125	1.0168123245239258	3.8920822143554688	2	725	469	0
1	575543	0	1	1	8996161	100648	25.617168426513672	0.16750453412532806	3074.548095703125	1.010359287261963	3.906158447265625	0	740	464	483
1	576078	0	5	1	8987620	100707	28.962787628173828	-0.16739913821220398	3096.16357421875	1.0165340900421143	3.899120330810547	0	725	471	0
1	576292	0	1	1	8996961	100646	25.784677505493164	7.105427357601002e-14	3074.1845703125	1.0126821994781494	3.899120330810547	0	742	464	483
1	576933	0	5	1	8988370	100708	28.87908935546875	-0.1255478411912918	3096.444580078125	1.0186214447021484	3.906158447265625	0	726	469	0
1	577042	0	1	1	8997761	100655	25.030908584594727	-0.20937645435333252	3074.483154296875	1.0090866088867188	3.899120330810547	0	739	465	484
1	577576	0	5	1	8989170	100714	28.376916885375977	-0.3347848355770111	3096.340087890625	1.0171518325805664	3.906158447265625	0	724	469	0
1	577895	0	1	1	8998511	100657	24.863412857055664	-0.2093730866909027	3074.45703125	1.0135482549667358	3.8920822143554688	0	742	465	485
1	578430	0	5	1	8989870	100713	28.46061134338379	-0.1255427896976471	3096.5361328125	1.0187952518463135	3.906158447265625	0	725	471	0
1	578644	0	1	1	8999311	100650	25.449661254882812	-0.08375293761491776	3074.5673828125	1.0111017227172852	3.8850440979003906	0	740	465	484
1	579284	0	5	1	8990720	100711	28.628000259399414	0.08369486033916473	3096.5361328125	1.0181996822357178	3.8850440979003906	0	724	469	0
1	579393	0	1	1	9000111	100647	25.7009220123291	0.1675058752298355	3074.573974609375	1.011261224746704	3.8850440979003906	0	739	466	484
1	580033	0	5	1	8991520	100712	28.5443058013916	-0.12554380297660828	3096.69970703125	1.0163313150405884	3.899120330810547	0	726	470	1
1	580142	0	1	1	9000811	100653	25.198408126831055	0.2512446641921997	3074.703857421875	1.0092425346374512	3.8920822143554688	0	739	464	483
1	580781	0	5	1	8992220	100713	28.46061134338379	0.0	3096.810791015625	1.0158120393753052	3.899120330810547	0	725	471	0
1	580997	0	1	1	9001611	100649	25.533414840698242	0.0	3074.554443359375	1.0120370388031006	3.8920822143554688	0	739	465	485
1	581529	0	5	1	8993020	100708	28.87908935546875	0.12554481625556946	3096.52978515625	1.017311692237854	3.899120330810547	0	725	470	0
1	581745	0	1	1	9002461	100652	25.28215980529785	0.0	3074.593505859375	1.0100642442703247	3.913196563720703	0	740	467	483
1	582277	0	5	1	8993770	100712	28.5443058013916	0.041847262531518936	3096.706298828125	1.0185797214508057	3.8920822143554688	0	724	471	0
1	582494	0	1	1	9003211	100652	25.28215980529785	-0.041875626891851425	3074.463623046875	1.009389877319336	3.8920822143554688	0	739	463	483
1	583027	0	5	1	8994520	100711	28.628000259399414	-0.12554481625556946	3096.392333984375	1.0183207988739014	3.8920822143554688	0	725	467	0
1	583348	0	1	1	9004011	100656	24.947160720825195	-0.3768806457519531	3074.599853515625	1.0096280574798584	3.899120330810547	0	739	467	484
1	583775	0	5	1	8995270	100712	28.5443058013916	-0.08369553089141846	3096.745361328125	1.0184615850448608	3.899120330810547	0	724	469	1
1	584096	0	1	1	9004761	100653	25.198408126831055	-0.16750317811965942	3074.45703125	1.0115612745285034	3.8920822143554688	0	739	466	483
1	584523	0	5	1	8996070	100712	28.5443058013916	0.12554077804088593	3096.80419921875	1.01796293258667	3.8920822143554688	0	725	469	1
1	584844	0	1	1	9005561	100650	25.449661254882812	0.2512507438659668	3074.5869140625	1.0113418102264404	3.906158447265625	0	740	467	483
1	585378	0	5	1	8996870	100714	28.376916885375977	-0.16738972067832947	3096.8173828125	1.01764714717865	3.8920822143554688	0	723	470	0
1	585592	0	1	1	9006261	100656	24.947160720825195	-0.08374889940023422	3074.534912109375	1.0093985795974731	3.8920822143554688	0	739	464	483
1	586127	0	5	1	8997620	100713	28.46061134338379	-0.08369486033916473	3096.7978515625	1.018837332725525	3.8920822143554688	0	726	469	0
1	586341	0	1	1	9007061	100652	25.28215980529785	0.2093730866909027	3074.593505859375	1.011438250541687	3.899120330810547	0	739	465	483
1	586875	0	5	1	8998420	100712	28.5443058013916	-0.0418475978076458	3096.673583984375	1.0203583240509033	3.906158447265625	1	725	469	0
1	587194	0	1	1	9007861	100654	25.11465835571289	0.04187461733818054	3074.372802734375	1.0105236768722534	3.8920822143554688	0	738	466	485
1	587623	0	5	1	8999120	100717	28.125839233398438	-0.25108054280281067	3096.922119140625	1.017449975013733	3.8850440979003906	1	725	471	0
1	587942	0	1	1	9008661	100649	25.533414840698242	0.08375226706266403	3074.35986328125	1.0089707374572754	3.8920822143554688	0	739	465	484
1	588369	0	5	1	8999920	100713	28.46061134338379	-0.041847262531518936	3096.640869140625	1.0197761058807373	3.8920822143554688	0	724	468	0
1	588798	0	1	1	9009461	100655	25.030908584594727	-0.1256248652935028	3074.56103515625	1.0087589025497437	3.906158447265625	0	740	465	484
1	589118	0	5	1	9000620	100708	28.87908935546875	0.0836968794465065	3096.712646484375	1.019608497619629	3.906158447265625	0	725	469	0
1	589547	0	1	1	9010211	100653	25.198408126831055	0.041874952614307404	3074.45703125	1.0106911659240723	3.899120330810547	0	739	463	484
1	589868	0	5	1	9001420	100712	28.5443058013916	0.041847262531518936	3096.7978515625	1.0162177085876465	3.8920822143554688	0	724	468	1
1	590401	0	1	1	9011061	100650	25.449661254882812	0.08375158905982971	3074.4052734375	1.012367606163025	3.906158447265625	0	740	467	485
1	591253	0	1	1	9011911	100651	25.365909576416016	0.041875626891851425	3074.658447265625	1.0122278928756714	3.906158447265625	0	741	466	483
1	591360	0	5	1	9002820	100711	28.628000259399414	0.0	3096.843505859375	1.0167649984359741	3.8920822143554688	0	725	468	0
1	591999	0	1	1	9012711	100652	25.28215980529785	-7.105427357601002e-14	3074.619384765625	1.0092693567276	3.8850440979003906	0	739	466	483
1	592213	0	5	1	9003670	100714	28.376916885375977	-0.25108659267425537	3096.739013671875	1.0178266763687134	3.899120330810547	0	723	468	0
1	592747	0	1	1	9013461	100649	25.533414840698242	0.16750317811965942	3074.3857421875	1.0096545219421387	3.8920822143554688	0	739	465	483
1	592961	0	5	1	9004470	100711	28.628000259399414	-0.04184793308377266	3097.052734375	1.0148804187774658	3.8920822143554688	0	726	469	1
1	593495	0	1	1	9014211	100654	25.11465835571289	-0.16750183701515198	3074.444091796875	1.0109809637069702	3.899120330810547	0	739	464	486
1	593710	0	5	1	9005170	100714	28.376916885375977	-0.16738972067832947	3097.033203125	1.0169934034347534	3.913196563720703	0	724	470	0
1	594244	0	1	1	9014961	100654	25.11465835571289	-0.20937813818454742	3074.41162109375	1.010049819946289	3.8850440979003906	0	740	466	484
1	594458	0	5	1	9005970	100711	28.628000259399414	-0.04184793308377266	3096.9873046875	1.0181015729904175	3.899120330810547	0	725	469	1
1	595405	0	1	1	9015711	100656	24.947160720825195	-0.2512507438659668	3074.444091796875	1.0103602409362793	3.899120330810547	0	739	466	485
1	595512	0	5	1	9006970	100714	28.376916885375977	-0.08369418978691101	3096.7978515625	1.018855094909668	3.899120330810547	0	725	471	0
1	596160	0	1	1	9016811	100645	25.868431091308594	0.29313647747039795	3074.502685546875	1.0127496719360352	3.8920822143554688	0	740	465	483
1	596270	0	5	1	9007770	100709	28.795392990112305	0.12554380297660828	3096.8828125	1.0201427936553955	3.8920822143554688	0	726	469	0
1	596909	0	1	1	9017561	100642	26.119701385498047	0.4187714457511902	3074.47021484375	1.0105128288269043	3.906158447265625	0	741	465	483
1	597124	0	5	1	9008570	100704	29.213886260986328	0.37663745880126953	3096.68017578125	1.0205658674240112	3.899120330810547	0	725	469	0
1	597657	0	1	1	9018311	100646	25.784677505493164	0.16750723123550415	3074.6259765625	1.0062644481658936	3.906158447265625	0	739	464	484
1	597979	0	5	1	9009420	100706	29.046485900878906	-0.20925144851207733	3096.86328125	1.019043207168579	3.8920822143554688	0	725	468	0
1	598405	0	1	1	9019061	100643	26.03594398498535	0.4187680780887604	3074.45703125	1.0129634141921997	3.906158447265625	0	740	466	483
1	598832	0	5	1	9010270	100703	29.29758644104004	0.16739913821220398	3096.922119140625	1.016116738319397	3.8920822143554688	0	725	469	1
1	599153	0	1	1	9019811	100649	25.533414840698242	0.04187630116939545	3074.4248046875	1.0074739456176758	3.8850440979003906	0	740	465	483
1	599580	0	5	1	9011070	100702	29.381288528442383	0.25109872221946716	3096.621337890625	1.0160636901855469	3.906158447265625	0	726	470	0
1	599794	0	1	1	9020511	100645	25.868431091308594	0.0	3074.489501953125	1.008675217628479	3.899120330810547	0	739	466	483
1	600329	0	5	1	9011870	100707	28.962787628173828	-0.08369889855384827	3096.732421875	1.016311764717102	3.8920822143554688	0	726	471	0
1	600650	0	1	1	9021261	100652	25.28215980529785	-0.16750453412532806	3074.314453125	1.0072495937347412	3.8920822143554688	0	740	463	484
1	601077	0	5	1	9012570	100704	29.213886260986328	-0.3766647279262543	3096.83056640625	1.0169000625610352	3.899120330810547	0	725	469	0
1	601398	0	1	1	9022061	100641	26.203460693359375	0.29314589500427246	3074.573974609375	1.0089398622512817	3.913196563720703	0	741	466	485
1	601825	0	5	1	9013270	100704	29.213886260986328	-0.08370091766119003	3096.856689453125	1.0192447900772095	3.899120330810547	0	724	469	0
1	602251	0	1	1	9022861	100647	25.7009220123291	-0.04187731072306633	3074.736328125	1.0125517845153809	3.913196563720703	0	739	464	484
1	602573	0	5	1	9014070	100704	29.213886260986328	0.125548854470253	3096.993896484375	1.0185492038726807	3.899120330810547	1	726	471	0
1	603107	0	1	1	9023711	100650	25.449661254882812	-0.16750723123550415	3074.47021484375	1.0125274658203125	3.906158447265625	0	739	464	483
1	603321	0	5	1	9014770	100703	29.29758644104004	0.08370024710893631	3097.124755859375	1.017026424407959	3.8920822143554688	1	724	469	0
1	603855	0	1	1	9024511	100640	26.28721809387207	0.25127094984054565	3074.41162109375	1.0081062316894531	3.899120330810547	0	741	466	484
1	604070	0	5	1	9015570	100701	29.464988708496094	-0.04185130074620247	3097.1181640625	1.0195302963256836	3.8920822143554688	0	726	469	0
1	604601	0	1	1	9025311	100641	26.203460693359375	0.20939160883426666	3074.58056640625	1.0108927488327026	3.913196563720703	0	740	463	483
1	604818	0	5	1	9016370	100701	29.464988708496094	-0.16740721464157104	3096.941650390625	1.020851731300354	3.899120330810547	1	726	469	0
1	605456	0	1	1	9026061	100641	26.203460693359375	0.12563598155975342	3074.76220703125	1.010878324508667	3.8920822143554688	0	740	465	483
1	605565	0	5	1	9017070	100702	29.381288528442383	0.16740049421787262	3097.007080078125	1.0179376602172852	3.906158447265625	0	726	468	1
1	606204	0	1	1	9026861	100636	26.62225914001465	0.37691399455070496	3074.392333984375	1.0068986415863037	3.8920822143554688	0	741	465	484
1	606204	0	5	1	9017770	100691	30.302045822143555	0.33482521772384644	3096.93505859375	1.014915108680725	3.8850440979003906	0	725	471	0
1	606953	0	5	1	9018470	100699	29.632394790649414	-0.20926323533058167	3097.02001953125	1.0197629928588867	3.899120330810547	0	725	469	0
1	607063	0	1	1	9027661	100644	25.95218849182129	-0.12563598155975342	3074.463623046875	1.0011767148971558	3.899120330810547	0	739	466	483
1	607701	0	5	1	9019170	100705	29.130186080932617	-0.20925313234329224	3096.78466796875	1.0144867897033691	3.8920822143554688	0	725	471	1
1	607811	0	1	1	9028461	100639	26.3709774017334	0.08375900238752365	3074.619384765625	1.0059880018234253	3.899120330810547	0	740	466	483
1	608450	0	5	1	9019970	100700	29.54869270324707	-0.20926155149936676	3096.8173828125	1.0181423425674438	3.899120330810547	0	726	469	0
1	608665	0	1	1	9029261	100643	26.03594398498535	-0.16751666367053986	3074.5673828125	1.0083798170089722	3.899120330810547	0	739	464	484
1	609198	0	5	1	9020670	100702	29.381288528442383	-0.1674058735370636	3096.778076171875	1.0204733610153198	3.8920822143554688	0	724	470	0
1	609412	0	1	1	9030061	100648	25.617168426513672	-0.20938824117183685	3074.353271484375	1.0116124153137207	3.899120330810547	0	740	465	482
1	609946	0	5	1	9021420	100707	28.962787628173828	-0.08369889855384827	3096.588623046875	1.017382264137268	3.8920822143554688	0	726	471	0
1	610161	0	1	1	9030861	100650	25.449661254882812	-0.46065783500671387	3074.4248046875	1.0116435289382935	3.8920822143554688	0	739	467	484
1	610800	0	5	1	9022270	100706	29.046485900878906	0.0418492816388607	3096.693115234375	1.0215867757797241	3.8920822143554688	0	725	468	0
1	611015	0	1	1	9031661	100642	26.119701385498047	-0.1256379932165146	3074.5673828125	1.007924199104309	3.906158447265625	0	738	464	482
1	611548	0	5	1	9023070	100707	28.962787628173828	-0.08369889855384827	3096.732421875	1.0197265148162842	3.8920822143554688	0	723	467	2
1	611762	0	1	1	9032411	100648	25.617168426513672	-0.04187697544693947	3074.444091796875	1.0102200508117676	3.906158447265625	0	740	465	483
1	612191	0	5	1	9023770	100699	29.632394790649414	0.33480367064476013	3096.895751953125	1.0182571411132812	3.8920822143554688	0	725	470	0
1	612618	0	1	1	9033261	100646	25.784677505493164	0.25125882029533386	3074.5673828125	1.0153814554214478	3.899120330810547	0	741	464	485
1	612940	0	5	1	9024470	100707	28.962787628173828	-0.16739913821220398	3097.026611328125	1.0188535451889038	3.899120330810547	0	725	469	0
1	613365	0	1	1	9034061	100647	25.7009220123291	0.1675058752298355	3074.502685546875	1.0088273286819458	3.8920822143554688	0	740	464	483
1	613687	0	5	1	9025170	100698	29.71609878540039	0.5440493822097778	3096.8828125	1.0168161392211914	3.913196563720703	0	725	469	0
1	614220	0	1	1	9034861	100644	25.95218849182129	-0.12563598155975342	3074.4052734375	1.0061726570129395	3.8850440979003906	0	740	463	484
1	614436	0	5	1	9025970	100703	29.29758644104004	-0.08370158821344376	3096.895751953125	1.0194505453109741	3.899120330810547	0	724	471	0
1	614968	0	1	1	9035661	100645	25.868431091308594	0.08375496417284012	3074.49609375	1.0100022554397583	3.899120330810547	0	739	464	484
1	615184	0	5	1	9026670	100699	29.632394790649414	0.33480367064476013	3096.76513671875	1.019732117652893	3.899120330810547	0	724	470	0
1	615715	0	1	1	9036461	100634	26.789785385131836	0.16752339899539948	3074.444091796875	1.007702350616455	3.906158447265625	0	739	465	483
1	615932	0	5	1	9027470	100694	30.050922393798828	0.3766677677631378	3096.8828125	1.0162352323532104	3.906158447265625	0	726	469	0
1	616465	0	1	1	9037211	100632	26.957311630249023	0.33504679799079895	3074.483154296875	1.0095943212509155	3.899120330810547	0	739	466	483
1	616679	0	5	1	9028170	100688	30.55317497253418	0.6696450114250183	3096.6865234375	1.018604040145874	3.899120330810547	0	724	469	0
1	617214	0	1	1	9037961	100645	25.868431091308594	-0.16751396656036377	3074.444091796875	1.0115007162094116	3.8920822143554688	0	740	463	485
1	617429	0	5	1	9028920	100707	28.962787628173828	-0.5859205722808838	3096.80419921875	1.0158995389938354	3.899120330810547	0	727	472	0
1	618071	0	1	1	9038761	100638	26.45473861694336	0.041880007833242416	3074.353271484375	1.01228666305542	3.899120330810547	0	739	467	483
1	618178	0	5	1	9029720	100690	30.38575553894043	0.12556298077106476	3096.86962890625	1.0171818733215332	3.899120330810547	1	726	470	0
1	618820	0	1	1	9039561	100632	26.957311630249023	0.2512871325016022	3074.52197265625	1.0136616230010986	3.8920822143554688	0	740	466	484
1	618927	0	5	1	9030420	100695	29.967214584350586	0.08370562642812729	3096.93505859375	1.0186532735824585	3.8780059814453125	0	724	470	0
1	619675	0	1	1	9040361	100638	26.45473861694336	0.041880007833242416	3074.463623046875	1.0137914419174194	3.8920822143554688	0	740	465	483
1	619675	0	5	1	9031170	100697	29.7998046875	-0.08370562642812729	3096.693115234375	1.0205644369125366	3.8920822143554688	0	725	467	0
1	620425	0	1	1	9041111	100643	26.03594398498535	-0.6700989603996277	3074.353271484375	1.0140663385391235	3.906158447265625	0	740	466	483
1	620425	0	5	1	9031920	100702	29.381288528442383	-0.7115121483802795	3096.889404296875	1.0183619260787964	3.899120330810547	0	726	470	0
1	621174	0	1	1	9041911	100637	26.538497924804688	0.12564001977443695	3074.30126953125	1.0119256973266602	3.899120330810547	0	740	465	485
1	621283	0	5	1	9032770	100700	29.54869270324707	-0.4603865146636963	3096.6865234375	1.0169098377227783	3.899120330810547	0	726	470	0
1	622030	0	1	1	9042711	100649	25.533414840698242	-0.20938655734062195	3074.236572265625	1.0064576864242554	3.899120330810547	0	740	467	483
1	622030	0	5	1	9033520	100705	29.130186080932617	-0.08370024710893631	3096.810791015625	1.0164475440979004	3.8920822143554688	1	725	470	0
1	622780	0	1	1	9043461	100644	25.95218849182129	-0.20939497649669647	3074.35986328125	1.014838457107544	3.8920822143554688	0	739	463	486
1	622889	0	5	1	9034420	100707	28.962787628173828	-0.20924976468086243	3096.69970703125	1.0194472074508667	3.8850440979003906	1	725	468	0
1	623636	0	1	1	9044311	100643	26.03594398498535	-0.04187865927815437	3074.41162109375	1.0122337341308594	3.8920822143554688	0	740	465	484
1	623745	0	5	1	9035220	100704	29.213886260986328	-0.12555187940597534	3097.013671875	1.016601324081421	3.899120330810547	0	725	468	0
1	624385	0	1	1	9045061	100640	26.28721809387207	0.33502522110939026	3074.379150390625	1.0164673328399658	3.899120330810547	0	739	466	484
1	624599	0	5	1	9036070	100705	29.130186080932617	0.0	3096.928466796875	1.0142111778259277	3.8920822143554688	0	725	468	0
1	625133	0	1	1	9045811	100650	25.449661254882812	-0.20938487350940704	3074.4765625	1.0121188163757324	3.8920822143554688	0	740	467	482
1	625348	0	5	1	9036870	100707	28.962787628173828	-0.33480367064476013	3097.00048828125	1.0209447145462036	3.899120330810547	0	725	470	0
1	625882	0	1	1	9046611	100641	26.203460693359375	0.08375765383243561	3074.5673828125	1.012008786201477	3.8920822143554688	0	740	466	484
1	626096	0	5	1	9037570	100696	29.883508682250977	0.3766616880893707	3096.78466796875	1.0192596912384033	3.906158447265625	1	723	470	0
1	626736	0	1	1	9047361	100635	26.706022262573242	0.46067267656326294	3074.444091796875	1.009708046913147	3.8920822143554688	0	740	465	484
1	626845	0	5	1	9038370	100685	30.804311752319336	0.9626108407974243	3096.83056640625	1.018290638923645	3.906158447265625	0	725	470	0
1	627484	0	1	1	9048161	100640	26.28721809387207	0.08375833183526993	3074.275390625	1.0075860023498535	3.8920822143554688	0	740	466	483
1	627698	0	5	1	9039120	100699	29.632394790649414	-0.04185197129845619	3096.745361328125	1.0207737684249878	3.8920822143554688	1	726	468	0
1	628337	0	5	1	9039870	100693	30.134628295898438	0.0418536551296711	3096.6865234375	1.0169243812561035	3.8920822143554688	1	726	470	0
1	628871	0	1	1	9049561	100637	26.538497924804688	-0.04188068211078644	3074.281982421875	1.0113639831542969	3.8920822143554688	0	740	465	484
1	629192	0	5	1	9040620	100699	29.632394790649414	-0.12555693089962006	3096.640869140625	1.0191679000854492	3.906158447265625	0	725	470	0
1	629726	0	1	1	9050361	100626	27.459911346435547	0.5025863647460938	3074.398681640625	1.0075935125350952	3.899120330810547	0	739	465	485
1	629835	0	5	1	9041420	100694	30.050922393798828	-0.12556198239326477	3096.48388671875	1.020850419998169	3.906158447265625	0	726	471	0
1	630477	0	1	1	9051161	100632	26.957311630249023	-0.20941519737243652	3074.32080078125	1.0116474628448486	3.8920822143554688	0	740	467	484
1	630692	0	5	1	9042120	100682	31.05545425415039	0.6278250217437744	3096.758544921875	1.0189235210418701	3.8920822143554688	0	726	470	0
1	631224	0	1	1	9051961	100635	26.706022262573242	0.20940172672271729	3074.346923828125	1.0134984254837036	3.899120330810547	0	740	467	484
1	631546	0	5	1	9042970	100696	29.883508682250977	0.0	3096.76513671875	1.0153937339782715	3.906158447265625	0	727	469	0
1	631974	0	1	1	9052711	100638	26.45473861694336	0.2512750029563904	3074.191162109375	1.0118350982666016	3.8920822143554688	0	740	465	485
1	632295	0	5	1	9043770	100688	30.55317497253418	0.3766859173774719	3096.555908203125	1.0163055658340454	3.906158447265625	0	725	470	0
1	633043	0	5	1	9044570	100699	29.632394790649414	-0.25111687183380127	3096.673583984375	1.0235382318496704	3.8920822143554688	1	725	471	0
1	633471	0	1	1	9054161	100643	26.03594398498535	-0.08375765383243561	3074.035400390625	1.0062447786331177	3.899120330810547	0	738	465	484
1	633792	0	5	1	9045270	100700	29.54869270324707	-0.20926155149936676	3096.712646484375	1.0208817720413208	3.8920822143554688	0	725	468	0
1	634219	0	1	1	9054861	100642	26.119701385498047	-0.2512790262699127	3074.022216796875	1.0106244087219238	3.899120330810547	0	740	463	484
1	634433	0	5	1	9045970	100696	29.883508682250977	-0.041852980852127075	3096.823974609375	1.0163222551345825	3.906158447265625	0	723	471	2
1	634964	0	1	1	9055711	100636	26.62225914001465	0.08376102894544601	3074.022216796875	1.0133694410324097	3.8920822143554688	0	739	464	484
1	635179	0	5	1	9046670	100701	29.464988708496094	0.0	3096.6865234375	1.0198832750320435	3.899120330810547	0	725	469	0
1	636032	0	5	1	9047520	100705	29.130186080932617	0.0	3096.95458984375	1.0195165872573853	3.899120330810547	0	724	470	0
1	636460	0	1	1	9057111	100640	26.28721809387207	0.20939329266548157	3074.132568359375	1.0085140466690063	3.8920822143554688	0	741	463	482
1	636888	0	5	1	9048370	100692	30.218338012695312	0.1255609691143036	3096.575439453125	1.0146199464797974	3.906158447265625	0	725	471	0
1	637207	0	1	1	9057861	100636	26.62225914001465	0.41879165172576904	3074.21044921875	1.0080552101135254	3.899120330810547	0	740	465	482
1	637636	0	5	1	9049170	100697	29.7998046875	0.3348090648651123	3096.791259765625	1.0181784629821777	3.913196563720703	0	725	468	0
1	637955	0	1	1	9058611	100650	25.449661254882812	-0.4187781810760498	3074.275390625	1.0106139183044434	3.899120330810547	0	739	465	485
1	638490	0	5	1	9049970	100708	28.87908935546875	-0.16739779710769653	3096.8369140625	1.016379475593567	3.8920822143554688	0	724	470	0
1	638704	0	1	1	9059361	100648	25.617168426513672	-0.3769049048423767	3074.288330078125	1.010195255279541	3.899120330810547	0	740	464	484
1	639239	0	5	1	9050720	100701	29.464988708496094	-0.41852813959121704	3096.6865234375	1.0179002285003662	3.8920822143554688	0	724	469	1
1	639454	0	1	1	9060161	100639	26.3709774017334	0.08375900238752365	3073.95751953125	1.0093474388122559	3.906158447265625	0	740	465	483
1	639988	0	5	1	9051520	100701	29.464988708496094	0.20925144851207733	3096.758544921875	1.016160249710083	3.899120330810547	0	725	468	0
1	640310	0	1	1	9060961	100644	25.95218849182129	0.16750992834568024	3074.015869140625	1.0162363052368164	3.8920822143554688	0	739	465	483
1	640737	0	5	1	9052220	100703	29.29758644104004	0.16739913821220398	3096.974365234375	1.01589834690094	3.8920822143554688	0	726	468	0
1	641058	0	1	1	9061761	100649	25.533414840698242	-0.1256309300661087	3073.98974609375	1.0109801292419434	3.8850440979003906	0	741	466	484
1	641485	0	5	1	9053020	100708	28.87908935546875	-0.2929496765136719	3096.6474609375	1.019682765007019	3.906158447265625	0	725	469	0
1	641912	0	1	1	9062561	100647	25.7009220123291	-0.2512689232826233	3074.255859375	1.0116137266159058	3.8920822143554688	0	739	466	484
1	642234	0	5	1	9053720	100706	29.046485900878906	-0.12554986774921417	3096.594970703125	1.022250771522522	3.8920822143554688	1	723	470	0
1	642662	0	1	1	9063361	100647	25.7009220123291	-0.20938992500305176	3074.080810546875	1.0081591606140137	3.8920822143554688	0	739	464	482
1	642983	0	5	1	9054420	100709	28.795392990112305	-0.1673964560031891	3096.974365234375	1.0181657075881958	3.899120330810547	0	725	469	0
1	643411	0	1	1	9064161	100646	25.784677505493164	-0.08375563472509384	3073.911865234375	1.0107626914978027	3.913196563720703	0	741	465	483
1	643733	0	5	1	9055220	100702	29.381288528442383	0.12555086612701416	3096.71923828125	1.0165377855300903	3.906158447265625	1	726	469	0
1	644266	0	1	1	9064861	100650	25.449661254882812	-0.08375293761491776	3074.255859375	1.0100196599960327	3.899120330810547	0	740	466	484
1	644375	0	5	1	9055920	100712	28.5443058013916	-0.08369553089141846	3096.76513671875	1.0184006690979004	3.899120330810547	0	725	470	0
1	645014	0	1	1	9065661	100652	25.28215980529785	-0.4187714457511902	3074.294921875	1.0089901685714722	3.899120330810547	0	740	465	482
1	645124	0	5	1	9056620	100704	29.213886260986328	-0.1674031764268875	3096.9482421875	1.0206482410430908	3.913196563720703	0	726	469	0
1	645763	0	1	1	9066461	100644	25.95218849182129	0.08375563472509384	3074.04833984375	1.0096640586853027	3.906158447265625	0	739	464	483
1	645873	0	5	1	9057320	100702	29.381288528442383	0.20924976468086243	3096.876220703125	1.019945502281189	3.899120330810547	1	725	469	0
1	646512	0	1	1	9067211	100643	26.03594398498535	0.20938824117183685	3073.9833984375	1.0097081661224365	3.899120330810547	0	741	466	486
1	646728	0	5	1	9058170	100705	29.130186080932617	0.2092447131872177	3096.68017578125	1.021920919418335	3.899120330810547	0	725	469	0
1	647261	0	1	1	9068011	100649	25.533414840698242	-0.1675085723400116	3074.00927734375	1.0077086687088013	3.899120330810547	0	740	466	484
1	647477	0	5	1	9058970	100707	28.962787628173828	-0.25110071897506714	3097.105224609375	1.0192104578018188	3.899120330810547	2	724	470	0
1	648117	0	1	1	9068761	100645	25.868431091308594	-0.04187798500061035	3073.89892578125	1.0084389448165894	3.899120330810547	0	739	466	483
1	648332	0	5	1	9059820	100705	29.130186080932617	0.041849616914987564	3097.08544921875	1.0189223289489746	3.906158447265625	0	726	469	0
1	648867	0	1	1	9069561	100641	26.203460693359375	0.41877481341362	3073.89892578125	1.0112866163253784	3.899120330810547	0	740	465	484
1	649081	0	5	1	9060620	100704	29.213886260986328	0.16739779710769653	3096.91552734375	1.019361138343811	3.8920822143554688	0	724	469	0
1	649615	0	1	1	9070361	100644	25.95218849182129	0.04187798500061035	3074.191162109375	1.0083954334259033	3.899120330810547	0	740	465	485
1	649935	0	5	1	9061370	100704	29.213886260986328	0.16739779710769653	3097.06591796875	1.0182163715362549	3.906158447265625	0	725	471	0
1	650470	0	1	1	9071111	100642	26.119701385498047	0.20938992500305176	3073.853515625	1.011813759803772	3.899120330810547	0	740	465	484
1	650684	0	5	1	9062170	100702	29.381288528442383	0.04185062646865845	3096.974365234375	1.0150176286697388	3.8920822143554688	2	725	470	1
1	651323	0	1	1	9071961	100646	25.784677505493164	0.0	3073.91845703125	1.0101144313812256	3.8920822143554688	0	739	466	484
1	651432	0	5	1	9062870	100705	29.130186080932617	0.2092447131872177	3096.993896484375	1.0205650329589844	3.906158447265625	0	724	471	0
1	652073	0	1	1	9072761	100643	26.03594398498535	0.12563395500183105	3074.035400390625	1.010504961013794	3.899120330810547	0	741	466	484
1	653562	0	1	1	9074261	100646	25.784677505493164	-0.08375563472509384	3074.132568359375	1.0095940828323364	3.8920822143554688	0	740	466	484
1	653562	0	5	1	9064970	100699	29.632394790649414	0.25110477209091187	3096.712646484375	1.0169888734817505	3.8920822143554688	0	725	467	1
1	654309	0	5	1	9065770	100705	29.130186080932617	-0.20925313234329224	3096.95458984375	1.019893765449524	3.8920822143554688	0	724	469	1
1	654419	0	1	1	9075061	100649	25.533414840698242	0.08375226706266403	3074.015869140625	1.010403037071228	3.899120330810547	0	740	465	482
1	655162	0	1	1	9075811	100651	25.365909576416016	-0.2512608468532562	3074.080810546875	1.0111973285675049	3.899120330810547	0	740	464	483
1	655697	0	5	1	9067220	100706	29.046485900878906	-0.08369956910610199	3097.052734375	1.016052484512329	3.8920822143554688	0	726	468	0
1	655911	0	1	1	9076611	100647	25.7009220123291	-0.16751126945018768	3074.0029296875	1.0106456279754639	3.8920822143554688	0	739	465	483
1	656551	0	5	1	9067970	100704	29.213886260986328	0.08369956910610199	3096.928466796875	1.0180950164794922	3.906158447265625	0	726	470	0
1	656765	0	1	1	9077361	100648	25.617168426513672	-0.1256319284439087	3074.15869140625	1.0096259117126465	3.8920822143554688	0	740	462	484
1	657404	0	5	1	9068820	100709	28.795392990112305	0.04184827208518982	3096.791259765625	1.01759934425354	3.906158447265625	1	725	467	0
1	657514	0	1	1	9078161	100647	25.7009220123291	0.20938150584697723	3074.0029296875	1.0072674751281738	3.8920822143554688	0	740	464	483
1	658152	0	5	1	9069620	100707	28.962787628173828	0.04184894263744354	3097.06591796875	1.0176743268966675	3.899120330810547	0	725	467	0
1	658262	0	1	1	9078961	100651	25.365909576416016	-0.041875965893268585	3073.996337890625	1.0099457502365112	3.8920822143554688	0	739	465	484
1	658902	0	5	1	9070320	100707	28.962787628173828	0.2092413604259491	3096.9482421875	1.017775535583496	3.906158447265625	0	727	469	1
1	659011	0	1	1	9079711	100643	26.03594398498535	0.16751126945018768	3074.0029296875	1.0092014074325562	3.899120330810547	0	740	463	484
1	659650	0	5	1	9071120	100708	28.87908935546875	0.2092396765947342	3097.229248046875	1.0219740867614746	3.8920822143554688	0	725	470	0
1	659760	0	1	1	9080461	100641	26.203460693359375	0.29314589500427246	3073.769287109375	1.0122429132461548	3.899120330810547	0	741	464	484
1	660398	0	5	1	9071870	100704	29.213886260986328	0.16739779710769653	3096.922119140625	1.0230555534362793	3.8920822143554688	0	726	469	1
1	660612	0	1	1	9081261	100651	25.365909576416016	-0.20938318967819214	3074.0029296875	1.0109410285949707	3.8920822143554688	0	740	467	484
1	661251	0	5	1	9072720	100704	29.213886260986328	0.041849952191114426	3097.1181640625	1.018662452697754	3.8920822143554688	0	725	469	1
1	661361	0	1	1	9082011	100648	25.617168426513672	0.04187663644552231	3073.9638671875	1.0073540210723877	3.8920822143554688	0	740	463	483
1	662000	0	5	1	9073520	100700	29.54869270324707	0.04185130074620247	3097.08544921875	1.0163718461990356	3.8920822143554688	0	724	469	0
1	662109	0	1	1	9082761	100644	25.95218849182129	0.2512628734111786	3073.710693359375	1.0103435516357422	3.906158447265625	0	739	465	484
1	662748	0	5	1	9074220	100704	29.213886260986328	0.16739779710769653	3096.908935546875	1.0182907581329346	3.906158447265625	1	725	469	0
1	662858	0	1	1	9083561	100642	26.119701385498047	0.4187714457511902	3073.866455078125	1.0088351964950562	3.899120330810547	0	739	466	486
1	663497	0	5	1	9075020	100697	29.7998046875	0.16740721464157104	3096.908935546875	1.0163755416870117	3.899120330810547	0	723	469	0
1	663606	0	1	1	9084261	100641	26.203460693359375	0.29314589500427246	3073.769287109375	1.0130966901779175	3.899120330810547	0	740	467	483
1	664245	0	5	1	9075720	100703	29.29758644104004	0.041850291192531586	3097.059326171875	1.0156339406967163	3.899120330810547	0	724	470	0
1	664354	0	1	1	9085061	100639	26.3709774017334	0.251272976398468	3073.970458984375	1.012689471244812	3.906158447265625	0	740	466	483
1	664994	0	5	1	9076520	100705	29.130186080932617	-0.16740183532238007	3097.1181640625	1.015567421913147	3.899120330810547	0	725	466	2
1	666376	0	1	1	9087111	100642	26.119701385498047	-0.20939835906028748	3073.80810546875	1.0142720937728882	3.8920822143554688	0	739	465	483
1	666376	0	5	1	9077920	100699	29.632394790649414	0.0	3096.732421875	1.0193578004837036	3.899120330810547	2	725	472	0
1	667125	0	5	1	9078620	100694	30.050922393798828	0.4185180366039276	3096.91552734375	1.0178275108337402	3.8920822143554688	0	725	469	0
1	667234	0	1	1	9087861	100636	26.62225914001465	0.37691399455070496	3073.71728515625	1.0122339725494385	3.906158447265625	0	741	464	483
1	667980	0	1	1	9088661	100638	26.45473861694336	0.08375968039035797	3073.970458984375	1.0115597248077393	3.899120330810547	0	741	464	483
1	667980	0	5	1	9079370	100702	29.381288528442383	-0.376670777797699	3097.059326171875	1.0172992944717407	3.899120330810547	0	726	471	0
1	668728	0	1	1	9089461	100634	26.789785385131836	0.1256430596113205	3073.710693359375	1.0112789869308472	3.906158447265625	0	739	465	485
1	668728	0	5	1	9080270	100700	29.54869270324707	-0.04185163602232933	3097.111572265625	1.017226219177246	3.906158447265625	1	725	469	0
1	669477	0	1	1	9090211	100635	26.706022262573242	0.16752205789089203	3073.73681640625	1.0115435123443604	3.899120330810547	0	742	464	484
1	669584	0	5	1	9081020	100698	29.71609878540039	-0.29297322034835815	3096.778076171875	1.0175848007202148	3.899120330810547	0	726	470	0
1	670226	0	1	1	9090961	100640	26.28721809387207	0.2931482493877411	3073.853515625	1.0097105503082275	3.8920822143554688	0	740	465	483
1	670226	0	5	1	9081770	100698	29.71609878540039	0.08370360732078552	3096.9873046875	1.0197914838790894	3.899120330810547	0	725	471	0
1	670974	0	1	1	9091661	100640	26.28721809387207	0.08375833183526993	3073.9638671875	1.013824462890625	3.906158447265625	0	740	467	484
1	670974	0	5	1	9082470	100705	29.130186080932617	-0.25110477209091187	3096.961181640625	1.019408106803894	3.8920822143554688	0	726	468	0
1	671616	0	5	1	9083170	100703	29.29758644104004	-0.2511087954044342	3096.8369140625	1.0184880495071411	3.8920822143554688	0	725	470	0
1	671725	0	1	1	9092411	100639	26.3709774017334	-0.12564103305339813	3073.873046875	1.0115635395050049	3.899120330810547	0	738	466	484
1	672365	0	5	1	9083870	100697	29.7998046875	0.2511087954044342	3097.08544921875	1.0206397771835327	3.899120330810547	0	725	469	0
1	672475	0	1	1	9093161	100640	26.28721809387207	0.16751530766487122	3073.69775390625	1.0104186534881592	3.8920822143554688	0	742	465	483
1	673115	0	5	1	9084620	100699	29.632394790649414	-0.08370428532361984	3097.242431640625	1.0166549682617188	3.899120330810547	0	724	469	0
1	673225	0	1	1	9093911	100640	26.28721809387207	0.0	3073.866455078125	1.0112844705581665	3.8920822143554688	0	740	465	483
1	673865	0	5	1	9085370	100700	29.54869270324707	0.04185130074620247	3097.1640625	1.0172197818756104	3.899120330810547	0	726	470	0
1	673974	0	1	1	9094711	100643	26.03594398498535	-0.25127699971199036	3073.58740234375	1.0107316970825195	3.8850440979003906	0	739	464	484
1	674614	0	5	1	9086120	100699	29.632394790649414	0.04185163602232933	3097.00048828125	1.0194532871246338	3.899120330810547	0	724	469	2
1	674829	0	1	1	9095511	100639	26.3709774017334	0.08375900238752365	3073.7626953125	1.0131529569625854	3.899120330810547	0	741	464	482
1	675577	0	1	1	9096261	100634	26.789785385131836	0.2094034105539322	3073.470703125	1.009183645248413	3.8920822143554688	0	739	467	484
1	676004	0	5	1	9087520	100702	29.381288528442383	0.0	3097.059326171875	1.0180786848068237	3.899120330810547	1	725	470	0
1	676326	0	1	1	9097011	100640	26.28721809387207	-0.041879668831825256	3073.769287109375	1.0098626613616943	3.899120330810547	0	739	466	485
1	676752	0	5	1	9088220	100701	29.464988708496094	0.0	3096.83056640625	1.0160207748413086	3.899120330810547	0	724	469	0
1	677074	0	1	1	9097761	100639	26.3709774017334	-0.0837603509426117	3073.658935546875	1.0112175941467285	3.906158447265625	0	739	467	483
1	677500	0	5	1	9088970	100700	29.54869270324707	0.0	3096.922119140625	1.0184231996536255	3.8920822143554688	0	724	469	0
1	677823	0	1	1	9098561	100641	26.203460693359375	-0.041879333555698395	3073.704345703125	1.0111560821533203	3.899120330810547	0	739	464	485
1	678247	0	5	1	9089720	100705	29.130186080932617	-0.3348090648651123	3096.823974609375	1.0174849033355713	3.899120330810547	0	726	469	0
1	678675	0	1	1	9099361	100639	26.3709774017334	0.1256379932165146	3073.60693359375	1.008720874786377	3.8850440979003906	0	740	464	481
1	678997	0	5	1	9090470	100695	29.967214584350586	0.041852980852127075	3096.8828125	1.0182018280029297	3.899120330810547	0	725	471	0
1	679741	0	5	1	9091220	100702	29.381288528442383	-0.1674058735370636	3097.261962890625	1.0150322914123535	3.8920822143554688	0	726	467	1
1	680063	0	1	1	9100761	100642	26.119701385498047	0.12563496828079224	3073.73681640625	1.0119811296463013	3.899120330810547	0	741	464	483
1	680489	0	5	1	9091970	100701	29.464988708496094	0.12555187940597534	3097.013671875	1.0191755294799805	3.8920822143554688	0	725	469	0
1	680811	0	1	1	9101561	100642	26.119701385498047	-0.1256379932165146	3073.67822265625	1.0102250576019287	3.8920822143554688	0	738	465	484
1	681238	0	5	1	9092770	100701	29.464988708496094	-0.04185130074620247	3096.993896484375	1.0178545713424683	3.8920822143554688	0	726	470	0
1	681668	0	1	1	9102361	100642	26.119701385498047	0.04187865927815437	3073.91845703125	1.0112758874893188	3.8920822143554688	0	739	465	483
1	681987	0	5	1	9093470	100699	29.632394790649414	0.0837029367685318	3097.157470703125	1.0196834802627563	3.8920822143554688	0	725	471	0
1	682419	0	1	1	9103161	100646	25.784677505493164	-0.25127094984054565	3073.64599609375	1.0130325555801392	3.899120330810547	0	739	466	484
1	682845	0	5	1	9094320	100701	29.464988708496094	0.16740183532238007	3097.2490234375	1.0197526216506958	3.8920822143554688	0	725	467	0
1	683168	0	1	1	9103911	100647	25.7009220123291	-0.12563294172286987	3073.6328125	1.0103983879089355	3.8920822143554688	0	738	467	484
1	683594	0	5	1	9095120	100703	29.29758644104004	-0.16740453243255615	3097.392822265625	1.0152966976165771	3.8920822143554688	0	725	470	1
1	684022	0	1	1	9104661	100639	26.3709774017334	0.041879668831825256	3073.704345703125	1.0096678733825684	3.899120330810547	0	740	465	482
1	684448	0	5	1	9095870	100701	29.464988708496094	0.04185096174478531	3097.340576171875	1.0194242000579834	3.8780059814453125	0	723	469	0
1	684770	0	1	1	9105461	100645	25.868431091308594	-0.20939329266548157	3073.833984375	1.0084728002548218	3.899120330810547	0	740	465	484
1	685305	0	5	1	9096720	100701	29.464988708496094	-0.0837029367685318	3097.08544921875	1.0186349153518677	3.906158447265625	1	725	469	0
1	686049	0	5	1	9097520	100703	29.29758644104004	-0.20925650000572205	3097.32080078125	1.0177005529403687	3.8920822143554688	0	725	468	0
1	686159	0	1	1	9106861	100638	26.45473861694336	0.20939666032791138	3073.775634765625	1.008299469947815	3.8850440979003906	0	739	464	483
1	686797	0	5	1	9098320	100705	29.130186080932617	-0.29295673966407776	3097.412353515625	1.0142993927001953	3.8850440979003906	0	725	469	0
1	687011	0	1	1	9107661	100645	25.868431091308594	-0.251272976398468	3073.892578125	1.0095434188842773	3.899120330810547	0	739	465	484
1	687545	0	5	1	9099020	100704	29.213886260986328	0.0	3097.45166015625	1.0176447629928589	3.899120330810547	0	726	469	0
1	687759	0	1	1	9108461	100641	26.203460693359375	0.04187899827957153	3073.568115234375	1.0090008974075317	3.906158447265625	0	741	464	484
1	688294	0	5	1	9099720	100702	29.381288528442383	-0.04185096174478531	3097.562744140625	1.0189212560653687	3.8850440979003906	0	725	467	0
1	688509	0	1	1	9109211	100644	25.95218849182129	-0.04187832400202751	3073.795166015625	1.011563777923584	3.8920822143554688	0	740	466	483
1	689043	0	5	1	9100520	100699	29.632394790649414	0.16740453243255615	3097.392822265625	1.017298936843872	3.899120330810547	0	725	469	0
1	689259	0	1	1	9110011	100640	26.28721809387207	0.20939329266548157	3073.613525390625	1.0086063146591187	3.899120330810547	0	741	465	484
1	689687	0	5	1	9101220	100699	29.632394790649414	0.16740453243255615	3097.340576171875	1.0167964696884155	3.8920822143554688	0	724	468	0
1	690115	0	1	1	9110811	100642	26.119701385498047	0.12563496828079224	3073.671875	1.010425329208374	3.899120330810547	0	740	466	484
1	690436	0	5	1	9101970	100700	29.54869270324707	-0.16740857064723969	3097.294677734375	1.0197420120239258	3.8920822143554688	0	724	470	0
1	690863	0	1	1	9111561	100635	26.706022262573242	0.0418810173869133	3073.730224609375	1.0082058906555176	3.8920822143554688	0	739	465	486
1	691290	0	5	1	9102770	100700	29.54869270324707	0.0	3097.190185546875	1.0203304290771484	3.899120330810547	0	726	468	0
1	691612	0	1	1	9112361	100640	26.28721809387207	0.0	3073.723876953125	1.0095797777175903	3.899120330810547	0	739	466	483
1	692144	0	5	1	9103620	100705	29.130186080932617	-0.20925313234329224	3097.275146484375	1.0178837776184082	3.8920822143554688	0	724	471	1
1	692468	0	1	1	9113111	100645	25.868431091308594	-0.3350333273410797	3073.749755859375	1.0096293687820435	3.899120330810547	0	739	463	483
1	692894	0	5	1	9104420	100700	29.54869270324707	-0.08370360732078552	3097.229248046875	1.0198419094085693	3.899120330810547	0	725	467	0
1	693216	0	1	1	9113911	100646	25.784677505493164	-0.5025539994239807	3073.62646484375	1.0146443843841553	3.8920822143554688	0	739	465	484
1	693843	0	5	1	9105320	100703	29.29758644104004	-0.12555289268493652	3097.484375	1.020630955696106	3.899120330810547	0	725	470	0
1	694068	0	1	1	9114761	100645	25.868431091308594	-0.20939329266548157	3073.69140625	1.0074257850646973	3.899120330810547	0	741	465	483
1	694600	0	5	1	9106070	100704	29.213886260986328	-0.2929590940475464	3097.458251953125	1.0191879272460938	3.899120330810547	0	726	469	1
1	694922	0	1	1	9115561	100642	26.119701385498047	0.08375698328018188	3073.749755859375	1.0076557397842407	3.899120330810547	0	740	464	482
1	695243	0	5	1	9106770	100702	29.381288528442383	0.04185062646865845	3097.38623046875	1.016640305519104	3.899120330810547	0	724	469	1
1	695671	0	1	1	9116361	100643	26.03594398498535	0.20938824117183685	3073.756103515625	1.0116182565689087	3.8920822143554688	0	739	464	483
1	695992	0	5	1	9107470	100702	29.381288528442383	0.04185062646865845	3097.575927734375	1.0172901153564453	3.8920822143554688	0	727	467	1
1	696419	0	1	1	9117161	100645	25.868431091308594	0.04187764972448349	3073.658935546875	1.0101298093795776	3.899120330810547	0	740	463	483
1	696740	0	5	1	9108270	100704	29.213886260986328	0.041849952191114426	3097.628173828125	1.0209193229675293	3.8920822143554688	0	724	471	0
1	697274	0	1	1	9117911	100644	25.95218849182129	-0.12563598155975342	3073.671875	1.010660171508789	3.906158447265625	0	740	467	483
1	697490	0	5	1	9108970	100706	29.046485900878906	-0.16740049421787262	3097.49755859375	1.018651008605957	3.8920822143554688	1	724	468	0
1	698022	0	1	1	9118711	100646	25.784677505493164	0.0	3073.470703125	1.011374831199646	3.8850440979003906	0	740	464	483
1	698238	0	5	1	9109670	100708	28.87908935546875	-0.1255478411912918	3097.43212890625	1.01792311668396	3.899120330810547	0	726	471	0
1	698771	0	1	1	9119511	100641	26.203460693359375	0.2512689232826233	3073.64599609375	1.009124755859375	3.8850440979003906	0	739	465	482
1	699092	0	5	1	9110520	100706	29.046485900878906	0.08369822800159454	3097.713134765625	1.0172064304351807	3.899120330810547	0	724	469	0
1	699628	0	1	1	9120261	100649	25.533414840698242	-0.04187663644552231	3073.619873046875	1.0066301822662354	3.899120330810547	0	740	466	483
1	699842	0	5	1	9111320	100701	29.464988708496094	0.04185096174478531	3097.38623046875	1.0175306797027588	3.906158447265625	0	724	468	0
1	700374	0	1	1	9121111	100645	25.868431091308594	0.08375496417284012	3073.548583984375	1.0094674825668335	3.8920822143554688	0	740	466	484
1	700483	0	5	1	9112020	100702	29.381288528442383	0.25109872221946716	3097.4189453125	1.0161999464035034	3.899120330810547	1	725	467	0
1	701123	0	1	1	9121811	100648	25.617168426513672	-0.2512668967247009	3073.710693359375	1.0096161365509033	3.899120330810547	0	739	466	485
1	701232	0	5	1	9112720	100712	28.5443058013916	-0.3766404986381531	3097.60205078125	1.018301010131836	3.906158447265625	0	726	469	0
1	701874	0	1	1	9122611	100642	26.119701385498047	0.12563496828079224	3073.704345703125	1.0096439123153687	3.899120330810547	0	741	465	484
1	702088	0	5	1	9113570	100703	29.29758644104004	0.08370024710893631	3097.706787109375	1.017838954925537	3.8920822143554688	0	726	469	0
1	702729	0	1	1	9123411	100647	25.7009220123291	-0.08375496417284012	3073.639404296875	1.0107526779174805	3.899120330810547	0	739	464	484
1	702945	0	5	1	9114370	100707	28.962787628173828	0.08369754999876022	3097.595458984375	1.0180097818374634	3.8920822143554688	0	725	472	0
1	703477	0	1	1	9124161	100643	26.03594398498535	0.16751126945018768	3073.730224609375	1.0088238716125488	3.899120330810547	0	739	465	483
1	703691	0	5	1	9115170	100698	29.71609878540039	0.1674058735370636	3097.615234375	1.021019458770752	3.899120330810547	0	724	467	0
1	704225	0	1	1	9124911	100638	26.45473861694336	0.37690794467926025	3073.730224609375	1.0084186792373657	3.899120330810547	0	741	465	484
1	704971	0	1	1	9125661	100638	26.45473861694336	0.29315298795700073	3073.58740234375	1.0085657835006714	3.899120330810547	0	740	466	484
1	705080	0	5	1	9116570	100700	29.54869270324707	0.1674031764268875	3097.615234375	1.0181970596313477	3.899120330810547	0	725	470	0
1	706464	0	1	1	9127111	100643	26.03594398498535	-0.293157696723938	3073.60693359375	1.0136151313781738	3.8920822143554688	0	740	466	484
1	706573	0	5	1	9118070	100701	29.464988708496094	-0.04185130074620247	3097.477783203125	1.0180060863494873	3.8920822143554688	0	725	469	0
1	707211	0	1	1	9127861	100642	26.119701385498047	-0.20939835906028748	3073.795166015625	1.011602520942688	3.906158447265625	0	739	463	483
1	707321	0	5	1	9118870	100702	29.381288528442383	-0.20925818383693695	3097.458251953125	1.0179178714752197	3.913196563720703	1	725	468	0
1	707959	0	1	1	9128661	100645	25.868431091308594	-0.12563496828079224	3073.7626953125	1.006698727607727	3.899120330810547	0	740	465	483
1	708174	0	5	1	9119620	100707	28.962787628173828	-0.25110071897506714	3097.791748046875	1.0172547101974487	3.899120330810547	0	725	467	1
1	708709	0	1	1	9129461	100644	25.95218849182129	-0.08375698328018188	3073.756103515625	1.0123037099838257	3.8920822143554688	0	741	464	484
1	708924	0	5	1	9120420	100708	28.87908935546875	-0.08369822800159454	3097.674072265625	1.0174992084503174	3.899120330810547	0	725	471	0
1	709564	0	1	1	9130161	100646	25.784677505493164	-0.08375563472509384	3073.600341796875	1.0084588527679443	3.8850440979003906	0	739	464	483
1	709673	0	5	1	9121220	100706	29.046485900878906	-0.041849616914987564	3097.7197265625	1.016640305519104	3.8920822143554688	0	725	468	0
1	710312	0	1	1	9130961	100645	25.868431091308594	-0.08375630527734756	3073.5419921875	1.0137135982513428	3.8920822143554688	0	739	463	484
1	710527	0	5	1	9122020	100702	29.381288528442383	0.04185062646865845	3097.706787109375	1.0152668952941895	3.899120330810547	1	725	470	1
1	711061	0	1	1	9131811	100646	25.784677505493164	-0.20939160883426666	3073.710693359375	1.0082367658615112	3.8920822143554688	0	739	466	484
1	711170	0	5	1	9122720	100703	29.29758644104004	0.12554986774921417	3097.745849609375	1.0167429447174072	3.906158447265625	0	725	469	0
1	711915	0	5	1	9123420	100702	29.381288528442383	0.29294732213020325	3097.62158203125	1.0174087285995483	3.899120330810547	0	725	467	1
1	712450	0	1	1	9133161	100646	25.784677505493164	-0.12563395500183105	3073.684814453125	1.0108871459960938	3.899120330810547	0	738	464	483
1	712665	0	5	1	9124120	100702	29.381288528442383	0.08370091766119003	3097.994384765625	1.018387794494629	3.8850440979003906	0	724	469	0
1	713198	0	1	1	9133911	100643	26.03594398498535	0.12563395500183105	3073.73681640625	1.0067015886306763	3.899120330810547	0	740	466	483
1	713520	0	5	1	9124970	100699	29.632394790649414	0.0	3097.7197265625	1.0197043418884277	3.899120330810547	1	723	471	1
1	713946	0	1	1	9134661	100641	26.203460693359375	0.20939160883426666	3073.5419921875	1.0095477104187012	3.8920822143554688	0	739	468	484
1	714268	0	5	1	9125770	100701	29.464988708496094	0.0	3097.909423828125	1.0185455083847046	3.899120330810547	0	725	470	1
1	714695	0	1	1	9135411	100641	26.203460693359375	0.20939160883426666	3073.704345703125	1.0125072002410889	3.8920822143554688	0	741	464	483
1	715122	0	5	1	9126520	100701	29.464988708496094	0.04185096174478531	3097.523681640625	1.0170365571975708	3.8850440979003906	0	726	471	0
1	715548	0	1	1	9136161	100639	26.3709774017334	0.16751666367053986	3073.749755859375	1.009690761566162	3.8850440979003906	0	741	464	481
1	715871	0	5	1	9127370	100699	29.632394790649414	0.0837029367685318	3097.78515625	1.0156477689743042	3.906158447265625	1	724	469	0
1	716297	0	1	1	9136961	100640	26.28721809387207	-0.041879668831825256	3073.600341796875	1.0109004974365234	3.8920822143554688	0	741	466	485
1	716620	0	5	1	9128170	100701	29.464988708496094	0.12555187940597534	3097.64794921875	1.0180516242980957	3.8920822143554688	0	724	468	2
1	717153	0	1	1	9137761	100640	26.28721809387207	0.08375833183526993	3073.593994140625	1.0103535652160645	3.906158447265625	0	739	464	483
1	717476	0	5	1	9128970	100692	30.218338012695312	0.6696234941482544	3097.759033203125	1.013942003250122	3.899120330810547	1	725	470	0
1	718008	0	1	1	9138611	100637	26.538497924804688	0.0837603509426117	3073.60693359375	1.0115841627120972	3.899120330810547	0	739	466	484
1	718117	0	5	1	9129670	100696	29.883508682250977	0.08370495587587357	3097.759033203125	1.018686294555664	3.8920822143554688	0	724	469	0
1	718758	0	1	1	9139411	100635	26.706022262573242	0.2931600511074066	3073.619873046875	1.0077251195907593	3.8920822143554688	0	740	466	483
1	718868	0	5	1	9130370	100695	29.967214584350586	0.16740991175174713	3098.046630859375	1.0196094512939453	3.899120330810547	0	725	470	0
1	719507	0	1	1	9140161	100641	26.203460693359375	-0.37692612409591675	3073.639404296875	1.0107159614562988	3.913196563720703	0	739	466	482
1	719616	0	5	1	9131120	100699	29.632394790649414	-0.20926323533058167	3097.935546875	1.0198419094085693	3.8850440979003906	1	726	470	0
1	720254	0	1	1	9140961	100636	26.62225914001465	-0.08376237004995346	3073.509521484375	1.0100359916687012	3.8920822143554688	0	741	464	484
1	720469	0	5	1	9131920	100694	30.050922393798828	0.16741125285625458	3097.739501953125	1.0178499221801758	3.899120330810547	0	726	468	1
1	721111	0	1	1	9141761	100637	26.538497924804688	-0.209406778216362	3073.53564453125	1.0092082023620605	3.8920822143554688	0	740	465	486
1	721111	0	5	1	9132670	100696	29.883508682250977	0.041852645576000214	3097.68701171875	1.0174752473831177	3.8920822143554688	0	723	470	0
1	721859	0	1	1	9142511	100638	26.45473861694336	0.041880007833242416	3073.444580078125	1.0089190006256104	3.8920822143554688	0	738	466	482
1	721966	0	5	1	9133420	100694	30.050922393798828	0.0	3097.889892578125	1.0184388160705566	3.899120330810547	1	724	469	0
1	722604	0	1	1	9143311	100633	26.87354850769043	0.12564407289028168	3073.64599609375	1.0087414979934692	3.899120330810547	0	741	465	483
1	722821	0	5	1	9134270	100697	29.7998046875	-0.08370562642812729	3097.955078125	1.020175814628601	3.8920822143554688	0	724	469	0
1	723459	0	1	1	9144111	100637	26.538497924804688	-0.1256430596113205	3073.82763671875	1.010757565498352	3.8920822143554688	0	740	464	484
1	723568	0	5	1	9135070	100698	29.71609878540039	-0.12555794417858124	3097.955078125	1.0182514190673828	3.8850440979003906	0	724	470	0
1	724207	0	1	1	9144861	100637	26.538497924804688	-0.04188068211078644	3073.470703125	1.0122418403625488	3.8850440979003906	0	740	464	484
1	724316	0	5	1	9135870	100692	30.218338012695312	0.1255609691143036	3097.896240234375	1.0179766416549683	3.8920822143554688	0	723	468	0
1	724956	0	1	1	9145661	100634	26.789785385131836	0.16752339899539948	3073.658935546875	1.0097990036010742	3.8920822143554688	0	740	462	483
1	725066	0	5	1	9136570	100693	30.134628295898438	0.25111687183380127	3098.09912109375	1.0195786952972412	3.906158447265625	0	726	472	0
1	725810	0	5	1	9137370	100691	30.302045822143555	0.04185432940721512	3097.889892578125	1.0195599794387817	3.8920822143554688	0	725	468	0
1	726344	0	1	1	9147011	100634	26.789785385131836	-0.12564608454704285	3073.593994140625	1.0126569271087646	3.8850440979003906	0	739	463	483
1	726666	0	5	1	9138120	100694	30.050922393798828	0.041853319853544235	3097.863525390625	1.0175580978393555	3.8920822143554688	0	724	469	0
1	727092	0	1	1	9147811	100635	26.706022262573242	0.0418810173869133	3073.619873046875	1.0115381479263306	3.8850440979003906	0	739	466	485
1	727413	0	5	1	9138870	100693	30.134628295898438	0.16741260886192322	3097.922607421875	1.0192456245422363	3.899120330810547	0	726	468	0
1	727945	0	1	1	9148561	100635	26.706022262573242	-0.167527437210083	3073.548583984375	1.0084166526794434	3.8920822143554688	0	740	464	482
1	728054	0	5	1	9139570	100695	29.967214584350586	-0.08370697498321533	3097.824462890625	1.0176780223846436	3.899120330810547	0	725	472	1
1	728693	0	1	1	9149361	100635	26.706022262573242	-0.04188135638833046	3073.5810546875	1.0109608173370361	3.899120330810547	0	740	465	482
1	728910	0	5	1	9140320	100691	30.302045822143555	0.12556198239326477	3098.059814453125	1.0165318250656128	3.8920822143554688	0	725	469	0
1	729442	0	1	1	9150161	100633	26.87354850769043	-0.04188203066587448	3073.821044921875	1.0109983682632446	3.899120330810547	0	740	465	484
1	729551	0	5	1	9141070	100693	30.134628295898438	-0.04185399040579796	3097.896240234375	1.01730477809906	3.8920822143554688	0	727	469	0
1	730297	0	1	1	9150911	100636	26.62225914001465	0.04188068211078644	3073.723876953125	1.0096198320388794	3.8920822143554688	0	739	466	482
1	730406	0	5	1	9141820	100696	29.883508682250977	0.0	3098.059814453125	1.0147974491119385	3.899120330810547	0	726	469	1
1	731046	0	1	1	9151711	100637	26.538497924804688	-0.1256430596113205	3073.5224609375	1.00937020778656	3.8920822143554688	0	741	465	483
1	731046	0	5	1	9142570	100697	29.7998046875	-0.16741260886192322	3098.190673828125	1.0174157619476318	3.913196563720703	0	727	470	0
1	731794	0	1	1	9152511	100638	26.45473861694336	-0.12564204633235931	3073.451171875	1.0091123580932617	3.8920822143554688	0	740	465	484
1	731902	0	5	1	9143320	100698	29.71609878540039	-0.20926490426063538	3098.040283203125	1.0179675817489624	3.899120330810547	0	726	470	0
1	732649	0	1	1	9153261	100635	26.706022262573242	0.0	3073.7626953125	1.0107125043869019	3.899120330810547	0	739	468	484
1	732759	0	5	1	9144170	100697	29.7998046875	-0.08370562642812729	3097.8310546875	1.0146212577819824	3.899120330810547	0	725	468	0
1	733397	0	1	1	9154061	100635	26.706022262573242	0.12564204633235931	3073.7822265625	1.0130655765533447	3.899120330810547	0	739	464	485
1	733397	0	5	1	9144920	100699	29.632394790649414	-0.2929708659648895	3098.0205078125	1.0187430381774902	3.8850440979003906	0	725	468	0
1	735419	0	1	1	9156111	100637	26.538497924804688	-0.04188068211078644	3073.730224609375	1.0094658136367798	3.8920822143554688	0	739	466	483
1	735528	0	5	1	9146920	100699	29.632394790649414	0.0	3098.3671875	1.0170611143112183	3.899120330810547	0	725	470	0
1	736275	0	5	1	9147720	100699	29.632394790649414	-0.08370428532361984	3098.223388671875	1.0179731845855713	3.8920822143554688	0	724	469	0
1	736914	0	1	1	9157511	100641	26.203460693359375	-0.12563900649547577	3073.5810546875	1.0102745294570923	3.8850440979003906	0	739	463	483
1	737023	0	5	1	9148520	100700	29.54869270324707	-0.04185163602232933	3098.040283203125	1.0177057981491089	3.8920822143554688	1	725	467	0
1	737662	0	1	1	9158361	100634	26.789785385131836	0.25128307938575745	3073.600341796875	1.0096161365509033	3.899120330810547	0	739	464	484
1	737771	0	5	1	9149320	100697	29.7998046875	0.04185231029987335	3098.125244140625	1.0174963474273682	3.8920822143554688	0	726	469	0
1	738411	0	1	1	9159111	100638	26.45473861694336	0.12563900649547577	3073.65234375	1.008803129196167	3.8920822143554688	0	740	466	483
1	738520	0	5	1	9150020	100701	29.464988708496094	-0.04185130074620247	3098.393310546875	1.0165929794311523	3.899120330810547	1	724	470	0
1	739266	0	5	1	9150720	100697	29.7998046875	-0.16741260886192322	3098.092529296875	1.0197651386260986	3.899120330810547	2	725	469	0
1	739799	0	1	1	9160461	100635	26.706022262573242	0.0418810173869133	3073.684814453125	1.0092145204544067	3.8920822143554688	0	740	464	484
1	740015	0	5	1	9151520	100698	29.71609878540039	0.04185197129845619	3098.406494140625	1.019266128540039	3.8920822143554688	0	725	470	0
1	740549	0	1	1	9161261	100636	26.62225914001465	0.08376102894544601	3073.53564453125	1.0110222101211548	3.906158447265625	0	740	464	485
1	740763	0	5	1	9152270	100693	30.134628295898438	0.0	3098.13818359375	1.0155181884765625	3.8920822143554688	0	726	467	0
1	741403	0	1	1	9162011	100640	26.28721809387207	-0.08375968039035797	3073.769287109375	1.0095065832138062	3.8920822143554688	0	739	465	484
1	741512	0	5	1	9153070	100693	30.134628295898438	0.08370697498321533	3098.543701171875	1.020106554031372	3.899120330810547	0	726	471	0
1	742153	0	1	1	9162811	100637	26.538497924804688	-0.04188068211078644	3073.5810546875	1.007407546043396	3.8850440979003906	0	740	465	483
1	742900	0	5	1	9154470	100697	29.7998046875	-0.12555894255638123	3098.31494140625	1.0174931287765503	3.8850440979003906	0	724	469	0
1	743541	0	1	1	9164211	100636	26.62225914001465	0.0	3073.684814453125	1.0099658966064453	3.899120330810547	0	741	466	486
1	743650	0	5	1	9155170	100701	29.464988708496094	-0.04185130074620247	3098.478271484375	1.0165083408355713	3.8920822143554688	0	725	470	0
1	744287	0	1	1	9164961	100631	27.04107666015625	0.4606874883174896	3073.38623046875	1.0098814964294434	3.8920822143554688	0	741	467	483
1	744501	0	5	1	9155970	100695	29.967214584350586	0.041852980852127075	3098.2822265625	1.0184271335601807	3.8920822143554688	1	725	468	1
1	745035	0	1	1	9165761	100633	26.87354850769043	0.2512851059436798	3073.833984375	1.0124911069869995	3.899120330810547	0	739	465	483
1	745249	0	5	1	9156720	100693	30.134628295898438	0.08370697498321533	3098.39990234375	1.0158246755599976	3.899120330810547	0	725	469	0
1	745888	0	1	1	9166561	100633	26.87354850769043	0.04188169166445732	3073.639404296875	1.011418342590332	3.8920822143554688	0	740	466	483
1	745997	0	5	1	9157520	100696	29.883508682250977	-0.08370630443096161	3098.50439453125	1.017645001411438	3.913196563720703	0	725	470	0
1	746745	0	5	1	9158220	100692	30.218338012695312	0.20926658809185028	3098.31494140625	1.017003059387207	3.899120330810547	0	725	469	0
1	747277	0	1	1	9167961	100634	26.789785385131836	0.08376237004995346	3073.65234375	1.0088951587677002	3.906158447265625	0	742	464	483
1	747491	0	5	1	9158920	100697	29.7998046875	-0.251120924949646	3098.33447265625	1.017270803451538	3.906158447265625	0	725	468	0
1	748025	0	1	1	9168761	100631	27.04107666015625	0.167527437210083	3073.600341796875	1.011187195777893	3.8850440979003906	0	741	463	483
1	748347	0	5	1	9159770	100695	29.967214584350586	-0.041853319853544235	3098.556884765625	1.0161687135696411	3.8920822143554688	0	725	470	0
1	748881	0	1	1	9169511	100632	26.957311630249023	0.12564507126808167	3073.684814453125	1.0105851888656616	3.8920822143554688	0	739	467	482
1	749095	0	5	1	9160570	100695	29.967214584350586	0.041852980852127075	3098.50439453125	1.0164687633514404	3.899120330810547	0	727	469	1
1	749630	0	1	1	9170311	100633	26.87354850769043	0.2512851059436798	3073.62646484375	1.0089002847671509	3.899120330810547	0	740	464	483
1	749844	0	5	1	9161370	100694	30.050922393798828	0.12555894255638123	3098.4326171875	1.0205656290054321	3.913196563720703	0	725	468	0
1	750376	0	1	1	9171111	100636	26.62225914001465	-0.12564407289028168	3073.821044921875	1.009278416633606	3.8850440979003906	0	739	465	483
1	750592	0	5	1	9162070	100698	29.71609878540039	-0.20926490426063538	3098.609130859375	1.0182749032974243	3.8920822143554688	0	724	468	0
1	751231	0	1	1	9171861	100633	26.87354850769043	-0.04188203066587448	3073.9443359375	1.0113582611083984	3.8920822143554688	0	739	466	484
1	751341	0	5	1	9162770	100697	29.7998046875	-0.041852645576000214	3098.7333984375	1.0207093954086304	3.8780059814453125	0	724	470	0
1	751874	0	1	1	9172611	100632	26.957311630249023	0.04188203066587448	3073.892578125	1.009641170501709	3.906158447265625	0	740	465	483
1	751983	0	5	1	9163520	100696	29.883508682250977	-0.20926827192306519	3098.707275390625	1.0155538320541382	3.899120330810547	0	727	468	0
1	752730	0	1	1	9173361	100635	26.706022262573242	0.08376169949769974	3073.749755859375	1.0077452659606934	3.8920822143554688	0	740	463	484
1	752839	0	5	1	9164270	100690	30.38575553894043	0.2929755747318268	3098.890380859375	1.0183254480361938	3.899120330810547	0	726	469	0
1	753478	0	1	1	9174161	100634	26.789785385131836	0.1256430596113205	3073.833984375	1.011816143989563	3.906158447265625	0	740	465	484
1	753587	0	5	1	9165070	100696	29.883508682250977	0.0	3098.694091796875	1.0187641382217407	3.8920822143554688	0	724	470	0
1	754226	0	1	1	9174961	100637	26.538497924804688	-0.08376169949769974	3073.860107421875	1.008455514907837	3.8920822143554688	0	742	463	483
1	754226	0	5	1	9165770	100697	29.7998046875	-0.041852645576000214	3098.595947265625	1.0200414657592773	3.8780059814453125	0	726	467	0
1	754974	0	1	1	9175711	100638	26.45473861694336	-0.16752339899539948	3073.80810546875	1.0093897581100464	3.899120330810547	0	738	466	484
1	755083	0	5	1	9166470	100698	29.71609878540039	-0.12555794417858124	3098.595947265625	1.0172864198684692	3.899120330810547	0	725	470	0
1	755829	0	1	1	9176511	100641	26.203460693359375	-0.2512810528278351	3073.7822265625	1.0132339000701904	3.899120330810547	0	739	463	483
1	755829	0	5	1	9167320	100700	29.54869270324707	-0.3766768276691437	3098.78564453125	1.0197761058807373	3.8920822143554688	0	725	470	0
1	756579	0	1	1	9177311	100635	26.706022262573242	0.2931600511074066	3073.833984375	1.010571002960205	3.8920822143554688	0	740	466	483
1	756579	0	5	1	9168120	100699	29.632394790649414	-0.04185197129845619	3098.864013671875	1.0179919004440308	3.899120330810547	0	725	467	0
1	757329	0	1	1	9178061	100639	26.3709774017334	-0.0837603509426117	3073.619873046875	1.010658860206604	3.906158447265625	0	740	463	483
1	757438	0	5	1	9168920	100697	29.7998046875	-0.041852645576000214	3098.7333984375	1.018573522567749	3.913196563720703	0	724	470	0
1	758077	0	5	1	9169620	100701	29.464988708496094	-0.25111284852027893	3098.87060546875	1.0181633234024048	3.899120330810547	0	724	472	0
1	758186	0	1	1	9178861	100641	26.203460693359375	-0.16751936078071594	3073.911865234375	1.0092384815216064	3.899120330810547	0	739	465	484
1	758934	0	1	1	9179611	100636	26.62225914001465	0.0	3073.60693359375	1.0110646486282349	3.8920822143554688	0	740	465	483
1	759467	0	5	1	9171020	100698	29.71609878540039	0.0	3098.844482421875	1.0171456336975098	3.8920822143554688	0	723	467	0
1	759681	0	1	1	9180361	100638	26.45473861694336	0.0	3073.671875	1.0131534337997437	3.906158447265625	0	741	466	483
1	760214	0	5	1	9171720	100697	29.7998046875	0.12555591762065887	3098.595947265625	1.019386649131775	3.899120330810547	0	724	469	0
1	760536	0	1	1	9181211	100638	26.45473861694336	0.1675180047750473	3073.574462890625	1.0108352899551392	3.899120330810547	0	741	464	484
1	760962	0	5	1	9172420	100695	29.967214584350586	0.041852980852127075	3098.517578125	1.0204181671142578	3.8920822143554688	2	726	469	0
1	761284	0	1	1	9181961	100639	26.3709774017334	-0.041880007833242416	3073.795166015625	1.008557915687561	3.899120330810547	0	740	464	484
1	761711	0	5	1	9173220	100697	29.7998046875	0.08370428532361984	3098.694091796875	1.0170222520828247	3.906158447265625	0	725	470	0
1	762033	0	1	1	9182711	100636	26.62225914001465	0.1675207018852234	3073.490234375	1.0106507539749146	3.8850440979003906	0	741	465	484
1	762460	0	5	1	9174020	100699	29.632394790649414	-0.12555693089962006	3098.5830078125	1.0188363790512085	3.8920822143554688	1	726	467	0
1	762782	0	1	1	9183511	100640	26.28721809387207	-0.08375968039035797	3073.866455078125	1.0078628063201904	3.899120330810547	0	739	465	485
1	763209	0	5	1	9174720	100696	29.883508682250977	0.0	3098.70068359375	1.0154842138290405	3.906158447265625	1	726	469	0
1	763636	0	1	1	9184261	100637	26.538497924804688	0.04188034310936928	3073.548583984375	1.0099636316299438	3.899120330810547	0	740	465	484
1	764063	0	5	1	9175470	100700	29.54869270324707	-0.12555591762065887	3098.524169921875	1.018066644668579	3.8920822143554688	0	726	471	0
1	764492	0	1	1	9185111	100638	26.45473861694336	-0.12564204633235931	3073.8017578125	1.0112324953079224	3.8920822143554688	0	740	464	484
1	764811	0	5	1	9176270	100699	29.632394790649414	0.16740453243255615	3098.556884765625	1.0189470052719116	3.899120330810547	0	725	469	1
1	765240	0	1	1	9185911	100642	26.119701385498047	-0.1675180047750473	3073.95751953125	1.0087264776229858	3.906158447265625	0	740	464	482
1	765558	0	5	1	9177070	100702	29.381288528442383	-0.08370226621627808	3098.6484375	1.0214641094207764	3.899120330810547	1	726	469	0
1	765987	0	1	1	9186711	100641	26.203460693359375	-0.08375900238752365	3073.730224609375	1.0115559101104736	3.906158447265625	0	740	467	484
1	766414	0	5	1	9177820	100701	29.464988708496094	-0.04185130074620247	3098.674560546875	1.0189740657806396	3.913196563720703	1	726	467	0
1	766841	0	1	1	9187461	100641	26.203460693359375	0.16751396656036377	3073.7822265625	1.0062273740768433	3.899120330810547	0	741	465	485
1	767588	0	1	1	9188261	100643	26.03594398498535	-0.16751666367053986	3073.795166015625	1.0125596523284912	3.913196563720703	0	739	465	484
1	767907	0	5	1	9179320	100699	29.632394790649414	0.16740453243255615	3098.739990234375	1.0159246921539307	3.8920822143554688	2	724	468	0
1	768442	0	1	1	9189061	100640	26.28721809387207	0.08375833183526993	3073.7626953125	1.0106054544448853	3.899120330810547	0	740	466	484
1	768656	0	5	1	9180120	100699	29.632394790649414	0.0837029367685318	3098.609130859375	1.0172231197357178	3.8920822143554688	0	725	470	0
1	769190	0	1	1	9189861	100634	26.789785385131836	0.16752339899539948	3073.769287109375	1.0117980241775513	3.906158447265625	0	740	466	485
1	769406	0	5	1	9180920	100690	30.38575553894043	0.4603828191757202	3098.70068359375	1.020916223526001	3.899120330810547	0	726	470	1
1	769940	0	1	1	9190661	100632	26.957311630249023	0.2512871325016022	3073.7431640625	1.01088547706604	3.8920822143554688	0	739	466	484
1	770154	0	5	1	9181620	100692	30.218338012695312	0.20926658809185028	3098.91650390625	1.0182234048843384	3.899120330810547	1	725	469	0
1	771430	0	1	1	9192111	100633	26.87354850769043	0.08376304805278778	3073.756103515625	1.0143872499465942	3.8920822143554688	0	740	464	484
1	771539	0	5	1	9183020	100694	30.050922393798828	-0.12556198239326477	3098.857666015625	1.0189546346664429	3.906158447265625	0	727	468	1
1	772073	0	1	1	9192811	100633	26.87354850769043	-0.08376439660787582	3073.84716796875	1.0148882865905762	3.899120330810547	0	740	466	483
1	772182	0	5	1	9183720	100693	30.134628295898438	0.08370697498321533	3098.798828125	1.0176692008972168	3.899120330810547	0	726	468	0
1	772930	0	1	1	9193611	100636	26.62225914001465	0.12564103305339813	3073.69775390625	1.0116559267044067	3.8920822143554688	0	740	464	483
1	773039	0	5	1	9184520	100695	29.967214584350586	0.12555794417858124	3098.674560546875	1.0167512893676758	3.899120330810547	0	725	472	0
1	773678	0	5	1	9185220	100696	29.883508682250977	-0.1255599558353424	3098.779052734375	1.0199110507965088	3.906158447265625	0	726	469	0
1	773787	0	1	1	9194461	100634	26.789785385131836	-0.0837637186050415	3073.6328125	1.0095757246017456	3.906158447265625	0	740	463	485
1	774428	0	5	1	9185920	100698	29.71609878540039	-0.16741125285625458	3098.707275390625	1.017077922821045	3.906158447265625	0	725	470	0
1	774537	0	1	1	9195211	100639	26.3709774017334	-0.2094034105539322	3073.684814453125	1.0114625692367554	3.906158447265625	0	739	465	484
1	775177	0	5	1	9186720	100694	30.050922393798828	0.08370630443096161	3098.55029296875	1.01850426197052	3.899120330810547	0	725	468	0
1	775286	0	1	1	9195961	100635	26.706022262573242	0.16752205789089203	3073.905517578125	1.0098305940628052	3.913196563720703	0	741	466	483
1	775927	0	5	1	9187420	100698	29.71609878540039	-0.16741125285625458	3098.85107421875	1.0176231861114502	3.906158447265625	1	725	470	0
1	776036	0	1	1	9196761	100639	26.3709774017334	-0.2512851059436798	3073.866455078125	1.010411024093628	3.899120330810547	0	740	464	484
1	776676	0	5	1	9188220	100701	29.464988708496094	-0.25111284852027893	3098.9033203125	1.01656973361969	3.8920822143554688	0	726	468	1
1	776785	0	1	1	9197461	100639	26.3709774017334	-0.12564103305339813	3073.58740234375	1.0131464004516602	3.8920822143554688	0	740	464	484
1	777530	0	1	1	9198261	100643	26.03594398498535	-0.37692007422447205	3073.73681640625	1.0107693672180176	3.906158447265625	0	742	465	485
1	777530	0	5	1	9188970	100697	29.7998046875	0.04185231029987335	3098.8837890625	1.020167350769043	3.8920822143554688	0	725	468	0
1	778174	0	5	1	9189720	100699	29.632394790649414	-0.20926323533058167	3099.047119140625	1.0191067457199097	3.8920822143554688	0	726	468	2
1	778283	0	1	1	9199011	100641	26.203460693359375	-0.041879333555698395	3073.600341796875	1.011173129081726	3.899120330810547	0	740	467	483
1	779030	0	1	1	9199761	100639	26.3709774017334	0.08375900238752365	3073.69140625	1.014657974243164	3.8920822143554688	0	740	465	484
1	779030	0	5	1	9190470	100704	29.213886260986328	-0.12555187940597534	3098.896728515625	1.0190192461013794	3.8920822143554688	0	725	468	0
1	779778	0	1	1	9200511	100636	26.62225914001465	0.08376102894544601	3073.710693359375	1.012103796005249	3.899120330810547	0	739	466	484
1	779887	0	5	1	9191320	100696	29.883508682250977	0.16740857064723969	3098.93603515625	1.0238169431686401	3.899120330810547	0	726	469	1
1	781270	0	1	1	9201911	100624	27.62744903564453	0.4607134461402893	3073.756103515625	1.0100220441818237	3.899120330810547	0	741	465	484
1	781379	0	5	1	9192820	100688	30.55317497253418	0.502241849899292	3099.02099609375	1.0177901983261108	3.8920822143554688	0	725	469	0
1	782019	0	1	1	9202711	100628	27.292375564575195	0.2931765615940094	3073.684814453125	1.0102590322494507	3.8920822143554688	0	740	463	483
1	782128	0	5	1	9193620	100689	30.469465255737305	0.2929779291152954	3098.93603515625	1.0161575078964233	3.899120330810547	0	725	471	0
1	782767	0	1	1	9203511	100624	27.62744903564453	0.2513032853603363	3073.710693359375	1.0080559253692627	3.899120330810547	0	740	466	484
1	782876	0	5	1	9194420	100681	31.139169692993164	0.2929967939853668	3098.726806640625	1.013930320739746	3.8920822143554688	0	725	471	0
1	783624	0	1	1	9204261	100624	27.62744903564453	0.37695038318634033	3073.5615234375	1.0094020366668701	3.8920822143554688	0	739	465	485
1	783624	0	5	1	9195120	100688	30.55317497253418	0.041855338960886	3098.72021484375	1.014500379562378	3.899120330810547	1	725	467	1
1	784371	0	1	1	9205061	100629	27.208608627319336	-0.041883375495672226	3073.7626953125	1.0081744194030762	3.8850440979003906	0	741	465	483
1	784480	0	5	1	9195870	100694	30.050922393798828	-0.29298266768455505	3098.7333984375	1.0153783559799194	3.8920822143554688	0	726	469	1
1	785119	0	1	1	9205811	100631	27.04107666015625	-0.08376574516296387	3073.93798828125	1.008844017982483	3.899120330810547	0	740	465	483
1	785229	0	5	1	9196720	100694	30.050922393798828	-0.08370764553546906	3099.027587890625	1.0180346965789795	3.8920822143554688	0	725	469	0
1	785870	0	1	1	9206611	100624	27.62744903564453	0.0	3073.704345703125	1.0119246244430542	3.899120330810547	0	741	467	483
1	785979	0	5	1	9197520	100684	30.888025283813477	0.041856683790683746	3098.923095703125	1.0279531478881836	3.8850440979003906	0	725	470	0
1	787259	0	1	1	9208011	100619	28.046306610107422	0.5444970726966858	3073.911865234375	1.014484167098999	3.906158447265625	0	741	466	483
1	787366	0	5	1	9198920	100678	31.39031982421875	0.25114718079566956	3099.02099609375	1.0194991827011108	3.8920822143554688	1	725	469	0
1	788111	0	5	1	9199620	100687	30.636886596679688	-0.12556904554367065	3098.962158203125	1.0216362476348877	3.8920822143554688	0	727	471	0
1	788646	0	1	1	9209361	100634	26.789785385131836	-0.5026025772094727	3073.91845703125	1.0115952491760254	3.8920822143554688	0	740	467	485
1	788861	0	5	1	9200420	100690	30.38575553894043	-0.29299208521842957	3098.994873046875	1.0196559429168701	3.899120330810547	0	725	467	0
1	789502	0	1	1	9210161	100626	27.459911346435547	-0.33508455753326416	3073.84716796875	1.011641263961792	3.8920822143554688	0	741	464	483
1	789609	0	5	1	9201120	100681	31.139169692993164	-0.08371639996767044	3099.26953125	1.014392614364624	3.899120330810547	0	725	468	0
1	790250	0	1	1	9210911	100630	27.124841690063477	0.0	3073.840576171875	1.0149281024932861	3.899120330810547	0	740	465	484
1	790357	0	5	1	9201920	100688	30.55317497253418	0.2929803133010864	3098.890380859375	1.0190603733062744	3.899120330810547	1	726	470	0
1	790998	0	1	1	9211711	100622	27.79499053955078	0.41883882880210876	3073.89892578125	1.0101059675216675	3.899120330810547	0	738	464	484
1	791107	0	5	1	9202620	100686	30.720600128173828	0.08371168375015259	3099.119140625	1.0238025188446045	3.899120330810547	0	726	467	2
1	791855	0	1	1	9212511	100616	28.29762840270996	0.7539220452308655	3073.665283203125	1.0154969692230225	3.899120330810547	0	739	467	484
1	791855	0	5	1	9203320	100678	31.39031982421875	0.7952578067779541	3099.00146484375	1.0223206281661987	3.899120330810547	0	726	470	0
1	792803	0	1	1	9213461	100618	28.13007926940918	0.29320016503334045	3073.503173828125	1.0141851902008057	3.8920822143554688	0	740	466	482
1	792803	0	5	1	9204270	100677	31.474037170410156	0.33486291766166687	3098.98828125	1.0226473808288574	3.8920822143554688	0	726	470	0
1	793557	0	1	1	9214261	100619	28.046306610107422	-0.12566125392913818	3073.444580078125	1.01348876953125	3.8920822143554688	0	740	465	485
1	794302	0	1	1	9215011	100624	27.62744903564453	-0.20942868292331696	3073.78857421875	1.0167748928070068	3.899120330810547	0	740	467	483
1	794302	0	5	1	9205770	100686	30.720600128173828	-0.12557005882263184	3098.942626953125	1.0158213376998901	3.8850440979003906	0	724	468	0
1	795158	0	1	1	9215811	100630	27.124841690063477	-0.8796146512031555	3073.67822265625	1.0115267038345337	3.8920822143554688	0	740	465	482
1	795158	0	5	1	9206620	100683	30.971738815307617	-0.5860336422920227	3098.779052734375	1.0201153755187988	3.8920822143554688	1	726	468	0
1	795907	0	1	1	9216561	100618	28.13007926940918	0.20943036675453186	3073.7431640625	1.0139440298080444	3.8920822143554688	0	741	465	483
1	795907	0	5	1	9207420	100680	31.222885131835938	0.0	3098.9033203125	1.0193568468093872	3.906158447265625	0	725	467	1
1	796655	0	1	1	9217361	100616	28.29762840270996	0.5026268362998962	3073.80810546875	1.010515809059143	3.8920822143554688	0	740	466	484
1	796655	0	5	1	9208120	100677	31.474037170410156	0.418575257062912	3098.864013671875	1.0138964653015137	3.8920822143554688	0	725	468	1
1	797403	0	5	1	9208920	100668	32.22753143310547	0.544180691242218	3098.641845703125	1.0105711221694946	3.899120330810547	0	726	472	0
1	797512	0	1	1	9218161	100616	28.29762840270996	0.16754767298698425	3073.710693359375	1.00914466381073	3.899120330810547	0	739	464	484
1	798152	0	5	1	9209620	100678	31.39031982421875	0.20929016172885895	3098.589599609375	1.0187686681747437	3.899120330810547	0	726	469	0
1	798262	0	1	1	9218961	100623	27.711219787597656	-0.16754361987113953	3073.483642578125	1.0091651678085327	3.899120330810547	0	739	466	484
1	798900	0	5	1	9210420	100676	31.557756423950195	-0.33488714694976807	3098.445556640625	1.011198878288269	3.906158447265625	0	726	470	0
1	799010	0	1	1	9219761	100619	28.046306610107422	-0.33510342240333557	3073.483642578125	1.0124675035476685	3.899120330810547	0	740	467	482
1	799650	0	5	1	9211120	100683	30.971738815307617	-0.20929016172885895	3098.694091796875	1.0213825702667236	3.913196563720703	0	724	469	1
1	799865	0	1	1	9220511	100628	27.292375564575195	-0.5026268362998962	3073.33447265625	1.008588194847107	3.8920822143554688	0	739	463	483
1	800292	0	5	1	9211820	100691	30.302045822143555	-0.41856178641319275	3098.694091796875	1.0202924013137817	3.899120330810547	0	724	468	0
1	800717	0	1	1	9221361	100633	26.87354850769043	-1.08904230594635	3073.574462890625	1.0116792917251587	3.906158447265625	0	740	465	484
1	801039	0	5	1	9212520	100690	30.38575553894043	-0.5441412925720215	3098.824951171875	1.0125209093093872	3.906158447265625	0	726	470	0
1	801466	0	1	1	9222161	100632	26.957311630249023	-0.4607245624065399	3073.548583984375	1.0066479444503784	3.8920822143554688	0	739	468	483
1	801787	0	5	1	9213320	100677	31.474037170410156	0.5441412925720215	3098.83154296875	1.0215014219284058	3.899120330810547	0	725	470	0
1	802321	0	1	1	9222961	100627	27.376142501831055	0.16753283143043518	3073.65234375	1.008049726486206	3.899120330810547	0	740	464	484
1	802535	0	5	1	9214020	100678	31.39031982421875	0.6278452277183533	3098.811767578125	1.0321729183197021	3.906158447265625	0	725	466	0
1	803174	0	1	1	9223761	100622	27.79499053955078	0.46072086691856384	3073.373291015625	1.0032734870910645	3.899120330810547	0	739	466	483
1	803174	0	5	1	9214720	100686	30.720600128173828	0.2092766910791397	3098.72021484375	1.0253092050552368	3.899120330810547	0	725	470	1
1	804029	0	1	1	9224661	100618	28.13007926940918	0.12565922737121582	3073.60693359375	1.0214667320251465	3.8920822143554688	0	740	465	483
1	804029	0	5	1	9215420	100666	32.394981384277344	0.5023307204246521	3098.4326171875	1.0282424688339233	3.8920822143554688	1	726	469	0
1	804778	0	1	1	9225461	100619	28.046306610107422	-0.12566125392913818	3073.243408203125	1.0187324285507202	3.8920822143554688	0	740	464	484
1	804778	0	5	1	9216270	100681	31.139169692993164	-0.20929352939128876	3098.70068359375	1.0234142541885376	3.899120330810547	0	724	471	0
1	805634	0	1	1	9226261	100627	27.376142501831055	-0.4188556671142578	3073.470703125	1.0068438053131104	3.8850440979003906	0	740	467	483
1	805634	0	5	1	9217120	100686	30.720600128173828	-0.4604383409023285	3099.08642578125	1.0262423753738403	3.899120330810547	0	726	468	0
1	807020	0	1	1	9227711	100616	28.29762840270996	-0.12566429376602173	3073.464111328125	1.0206379890441895	3.8920822143554688	0	740	465	483
1	807129	0	5	1	9218620	100678	31.39031982421875	-0.4186055660247803	3098.91650390625	1.0223448276519775	3.899120330810547	1	724	471	0
1	807769	0	1	1	9228461	100615	28.381404876708984	0.37697771191596985	3073.09423828125	1.0074790716171265	3.8850440979003906	0	739	465	483
1	808515	0	5	1	9220020	100669	32.14380645751953	1.2138535976409912	3098.95556640625	1.0191917419433594	3.899120330810547	0	725	471	0
1	808625	0	1	1	9229211	100612	28.632734298706055	1.1308784484863281	3073.237060546875	1.0042482614517212	3.8920822143554688	0	741	467	486
1	809264	0	5	1	9220720	100681	31.139169692993164	-0.20929352939128876	3098.628662109375	1.0206936597824097	3.8850440979003906	0	724	469	0
1	809373	0	1	1	9230011	100618	28.13007926940918	0.2513154447078705	3073.23046875	1.0096325874328613	3.8920822143554688	0	740	463	485
1	810009	0	5	1	9221520	100685	30.804311752319336	-0.20928679406642914	3098.726806640625	1.016066551208496	3.8780059814453125	0	726	470	0
1	810119	0	1	1	9230811	100623	27.711219787597656	0.083769790828228	3073.262939453125	1.008569359779358	3.899120330810547	0	739	464	485
1	810865	0	5	1	9222270	100688	30.55317497253418	-0.46043094992637634	3098.726806640625	1.016578197479248	3.899120330810547	2	726	469	0
1	810972	0	1	1	9231561	100623	27.711219787597656	-0.16754361987113953	3073.33447265625	1.0107780694961548	3.899120330810547	0	740	468	484
1	811614	0	5	1	9223070	100688	30.55317497253418	-0.5022903084754944	3098.63525390625	1.0199698209762573	3.8920822143554688	0	724	468	0
1	811721	0	1	1	9232361	100627	27.376142501831055	-0.2513093650341034	3073.09423828125	1.0104448795318604	3.899120330810547	0	739	465	486
1	812362	0	5	1	9223870	100685	30.804311752319336	-0.16742876172065735	3098.6220703125	1.0176753997802734	3.8780059814453125	0	727	468	1
1	812470	0	1	1	9233161	100625	27.54368019104004	0.0	3073.256591796875	1.0102497339248657	3.899120330810547	0	740	467	486
1	813110	0	5	1	9224570	100692	30.218338012695312	-0.2092750072479248	3098.9033203125	1.019939661026001	3.8920822143554688	0	725	468	0
1	813326	0	1	1	9233911	100626	27.459911346435547	0.08376776427030563	3073.26953125	1.0119805335998535	3.8920822143554688	0	739	467	484
1	813752	0	5	1	9225270	100689	30.469465255737305	0.08370966464281082	3098.56982421875	1.0171771049499512	3.8920822143554688	1	724	470	0
1	814075	0	1	1	9234711	100627	27.376142501831055	-0.04188404977321625	3073.2890625	1.012279748916626	3.899120330810547	0	738	466	485
1	814501	0	5	1	9225970	100687	30.636886596679688	0.04185567423701286	3098.713623046875	1.0210273265838623	3.899120330810547	0	726	470	0
1	814823	0	1	1	9235461	100619	28.046306610107422	0.37696555256843567	3073.237060546875	1.0068480968475342	3.899120330810547	0	741	466	484
1	815144	0	5	1	9226670	100676	31.557756423950195	0.5441456437110901	3098.93603515625	1.0244338512420654	3.8920822143554688	0	725	467	2
1	815572	0	1	1	9236261	100621	27.878761291503906	0.20942531526088715	3073.5224609375	1.0109217166900635	3.899120330810547	0	740	466	484
1	815891	0	5	1	9227370	100690	30.38575553894043	-0.25113505125045776	3098.837890625	1.0236365795135498	3.8920822143554688	0	725	469	0
1	816426	0	1	1	9237011	100624	27.62744903564453	0.1675368845462799	3073.256591796875	1.0091960430145264	3.8920822143554688	0	740	464	483
1	816535	0	5	1	9228070	100689	30.469465255737305	-0.16742336750030518	3098.563232421875	1.0209567546844482	3.906158447265625	1	726	470	0
1	817174	0	1	1	9237811	100630	27.124841690063477	-0.6701691150665283	3073.31494140625	1.012452244758606	3.8920822143554688	0	738	463	482
1	817283	0	5	1	9228770	100690	30.38575553894043	-0.4604235291481018	3098.6025390625	1.0205098390579224	3.8920822143554688	0	726	470	0
1	817923	0	1	1	9238611	100620	27.962533950805664	0.25131139159202576	3073.302001953125	1.0102081298828125	3.8920822143554688	0	739	466	483
1	818032	0	5	1	9229470	100676	31.557756423950195	0.7534173130989075	3098.83154296875	1.0160768032073975	3.899120330810547	0	725	470	0
1	818777	0	1	1	9239361	100616	28.29762840270996	0.6282759308815002	3073.048828125	1.0099220275878906	3.899120330810547	0	740	465	483
1	818777	0	5	1	9230220	100681	31.139169692993164	0.16742876172065735	3098.6220703125	1.0173406600952148	3.899120330810547	0	726	469	0
1	819525	0	1	1	9240161	100618	28.13007926940918	0.6701475381851196	3073.282470703125	1.0079021453857422	3.8920822143554688	0	739	465	483
1	819634	0	5	1	9230970	100682	31.05545425415039	0.41855841875076294	3098.595947265625	1.0172550678253174	3.906158447265625	0	726	468	0
1	820275	0	1	1	9240961	100615	28.381404876708984	0.29320722818374634	3073.262939453125	1.010455846786499	3.8920822143554688	0	739	464	485
1	820275	0	5	1	9231770	100676	31.557756423950195	0.33486559987068176	3098.78564453125	1.0155121088027954	3.899120330810547	0	725	470	0
1	821023	0	5	1	9232470	100676	31.557756423950195	-0.041859716176986694	3098.491455078125	1.0204486846923828	3.899120330810547	1	726	470	2
1	821132	0	1	1	9241711	100619	28.046306610107422	-0.2513255476951599	3073.16552734375	1.0070850849151611	3.899120330810547	0	740	465	484
1	821771	0	5	1	9233220	100684	30.888025283813477	-0.08371438086032867	3098.66796875	1.0165423154830933	3.8920822143554688	0	726	470	0
1	821880	0	1	1	9242511	100623	27.711219787597656	-0.04188539832830429	3073.07470703125	1.0113691091537476	3.8920822143554688	0	740	464	484
1	822519	0	5	1	9233970	100672	31.89263916015625	0.41859209537506104	3098.4521484375	1.0201059579849243	3.899120330810547	0	725	469	0
1	822629	0	1	1	9243211	100613	28.54895782470703	0.3350980281829834	3073.20458984375	1.0143530368804932	3.899120330810547	0	740	468	484
1	823268	0	5	1	9234720	100667	32.311256408691406	0.669758141040802	3098.50439453125	1.0244066715240479	3.8920822143554688	0	725	469	0
1	823377	0	1	1	9244011	100606	29.135414123535156	0.9215195775032043	3073.1591796875	1.015567660331726	3.8920822143554688	0	739	464	484
1	824124	0	5	1	9235520	100682	31.05545425415039	0.12557105720043182	3098.5830078125	1.0181732177734375	3.899120330810547	1	725	469	0
1	824233	0	1	1	9244811	100617	28.21385383605957	0.041887085884809494	3072.87353515625	1.0090519189834595	3.8920822143554688	0	741	463	483
1	824766	0	5	1	9236320	100676	31.557756423950195	-0.33488714694976807	3098.412841796875	1.0183918476104736	3.899120330810547	0	727	469	1
1	824982	0	1	1	9245611	100620	27.962533950805664	-0.5445496439933777	3073.20458984375	1.0061184167861938	3.8920822143554688	0	739	466	483
1	825623	0	5	1	9237020	100684	30.888025283813477	-0.6697527170181274	3098.56982421875	1.015629768371582	3.8920822143554688	0	726	471	0
1	825732	0	1	1	9246361	100627	27.376142501831055	-0.46074309945106506	3073.1591796875	1.0141663551330566	3.8920822143554688	0	741	467	483
1	826476	0	1	1	9247111	100627	27.376142501831055	-0.46074309945106506	3073.00341796875	1.0091421604156494	3.899120330810547	0	739	465	483
1	826476	0	5	1	9237870	100684	30.888025283813477	-0.37672531604766846	3098.530517578125	1.0136785507202148	3.899120330810547	0	726	468	0
1	827224	0	1	1	9247861	100622	27.79499053955078	0.1256551891565323	3073.061767578125	1.0160646438598633	3.8920822143554688	0	740	467	482
1	827224	0	5	1	9238670	100688	30.55317497253418	-0.2929967939853668	3098.798828125	1.0207158327102661	3.899120330810547	0	725	469	0
1	827973	0	1	1	9248611	100627	27.376142501831055	0.08376709371805191	3073.20458984375	1.0145498514175415	3.8920822143554688	0	741	467	483
1	827973	0	5	1	9239370	100690	30.38575553894043	-0.08371034264564514	3098.595947265625	1.0176762342453003	3.899120330810547	2	727	470	0
1	828618	0	5	1	9240120	100688	30.55317497253418	0.08371034264564514	3098.445556640625	1.0177357196807861	3.8920822143554688	0	726	470	0
1	829362	0	1	1	9250011	100620	27.962533950805664	0.04188607260584831	3072.945068359375	1.012913703918457	3.899120330810547	0	741	464	482
1	829471	0	5	1	9240870	100672	31.89263916015625	0.6278755068778992	3098.6025390625	1.0209437608718872	3.899120330810547	1	726	472	0
1	830110	0	1	1	9250761	100623	27.711219787597656	0.083769790828228	3072.96435546875	1.009497046470642	3.8920822143554688	0	739	464	483
1	830220	0	5	1	9241670	100680	31.222885131835938	-0.04185836762189865	3098.4716796875	1.0180355310440063	3.8920822143554688	0	726	471	0
1	830859	0	1	1	9251561	100616	28.29762840270996	0.2932048738002777	3073.016357421875	1.0098384618759155	3.8920822143554688	0	741	465	484
1	830859	0	5	1	9242370	100675	31.641475677490234	0.2930109202861786	3098.498046875	1.0229910612106323	3.8920822143554688	0	727	470	0
1	831606	0	5	1	9243120	100670	32.060081481933594	0.46045684814453125	3098.6875	1.0198729038238525	3.899120330810547	1	725	469	0
1	831715	0	1	1	9252361	100613	28.54895782470703	0.5026389360427856	3072.9775390625	1.009064793586731	3.899120330810547	0	740	466	484
1	832355	0	1	1	9253061	100626	27.459911346435547	0.0	3072.82177734375	1.0088176727294922	3.899120330810547	0	740	465	484
1	832355	0	5	1	9243870	100682	31.05545425415039	0.1674274057149887	3098.406494140625	1.019025444984436	3.8920822143554688	2	725	469	0
1	833104	0	5	1	9244620	100683	30.971738815307617	-0.376728355884552	3098.445556640625	1.0154650211334229	3.8920822143554688	1	725	470	0
1	833213	0	1	1	9253861	100627	27.376142501831055	-0.3769685924053192	3073.07470703125	1.0074909925460815	3.8920822143554688	0	741	465	484
1	833958	0	1	1	9254611	100619	28.046306610107422	-0.041886746883392334	3072.906005859375	1.0132420063018799	3.899120330810547	0	740	464	483
1	833958	0	5	1	9245420	100679	31.306602478027344	-0.08371774852275848	3098.478271484375	1.0204631090164185	3.906158447265625	0	726	469	2
1	834816	0	1	1	9255411	100613	28.54895782470703	0.5864073634147644	3072.996826171875	1.0053330659866333	3.8850440979003906	0	739	466	483
1	834816	0	5	1	9246270	100669	32.14380645751953	0.6278906464576721	3098.55029296875	1.0140962600708008	3.8920822143554688	0	726	469	0
1	835564	0	1	1	9256261	100612	28.632734298706055	0.16755305230617523	3072.65283203125	1.0117260217666626	3.899120330810547	0	741	464	484
1	835564	0	5	1	9247070	100673	31.808916091918945	0.29301565885543823	3098.41943359375	1.0183994770050049	3.899120330810547	0	726	470	1
1	836313	0	5	1	9247770	100677	31.474037170410156	-0.1674395352602005	3098.295166015625	1.0299880504608154	3.899120330810547	0	724	469	0
1	836423	0	1	1	9257011	100617	28.21385383605957	-0.29321902990341187	3072.704833984375	1.0154317617416382	3.899120330810547	0	739	466	482
1	836954	0	5	1	9248470	100676	31.557756423950195	-0.08371976763010025	3098.216796875	1.0117474794387817	3.8920822143554688	0	728	469	0
1	837171	0	1	1	9257811	100611	28.71651268005371	0.1256663054227829	3072.6982421875	1.0056148767471313	3.8780059814453125	0	740	466	483
1	837703	0	5	1	9249170	100679	31.306602478027344	-0.6697796583175659	3098.105712890625	1.011436104774475	3.899120330810547	0	724	469	0
1	838025	0	1	1	9258611	100622	27.79499053955078	-0.6702122092247009	3072.76318359375	1.0069419145584106	3.8780059814453125	0	740	465	486
1	838451	0	5	1	9249870	100674	31.725196838378906	0.0	3098.20361328125	1.0242327451705933	3.8920822143554688	0	726	469	0
1	838773	0	1	1	9259411	100614	28.465179443359375	0.12566328048706055	3072.78271484375	1.0063382387161255	3.899120330810547	0	740	464	483
1	839094	0	5	1	9250620	100662	32.729888916015625	0.5860666632652283	3098.040283203125	1.018831729888916	3.8920822143554688	0	726	470	1
1	839521	0	1	1	9260211	100605	29.219196319580078	0.25134173035621643	3072.58154296875	1.011578917503357	3.899120330810547	0	740	466	483
1	839947	0	5	1	9251370	100669	32.14380645751953	0.41860219836235046	3097.961669921875	1.017540454864502	3.899120330810547	1	725	470	0
1	840374	0	1	1	9260961	100613	28.54895782470703	-0.08377787470817566	3072.419189453125	1.0110126733779907	3.899120330810547	0	741	467	483
1	840803	0	5	1	9252220	100667	32.311256408691406	-0.041862744837999344	3097.843994140625	1.0181994438171387	3.8920822143554688	0	726	468	0
1	841230	0	1	1	9261761	100611	28.71651268005371	-0.0837792232632637	3072.607421875	1.01138174533844	3.8850440979003906	0	739	465	483
1	841551	0	5	1	9253020	100675	31.641475677490234	-0.29302743077278137	3097.81787109375	1.0221223831176758	3.8920822143554688	0	725	467	0
1	841978	0	1	1	9262611	100625	27.54368019104004	-0.4607505202293396	3072.633544921875	1.0119507312774658	3.899120330810547	0	740	466	486
1	842299	0	5	1	9253720	100675	31.641475677490234	0.0	3097.942138671875	1.0126512050628662	3.899120330810547	0	726	470	0
1	842831	0	1	1	9263411	100618	28.13007926940918	-0.37699589133262634	3072.419189453125	1.0095152854919434	3.8920822143554688	0	740	464	483
1	843152	0	5	1	9254570	100684	30.888025283813477	-0.460445761680603	3098.01416015625	1.0160255432128906	3.8850440979003906	0	725	472	0
1	843579	0	1	1	9264211	100618	28.13007926940918	-0.08377450704574585	3072.45166015625	1.0166922807693481	3.8920822143554688	0	740	463	484
1	843794	0	5	1	9255320	100680	31.222885131835938	-0.2511552572250366	3098.105712890625	1.016498327255249	3.899120330810547	0	723	471	0
1	844328	0	1	1	9265011	100616	28.29762840270996	0.16754767298698425	3072.276611328125	1.0089706182479858	3.899120330810547	0	740	464	484
1	844542	0	5	1	9256020	100682	31.05545425415039	-0.08371572941541672	3097.824462890625	1.0168322324752808	3.8920822143554688	1	726	471	0
1	845184	0	1	1	9265761	100612	28.632734298706055	0.3769868016242981	3072.237548828125	1.0091612339019775	3.906158447265625	0	742	468	484
1	845291	0	5	1	9256720	100678	31.39031982421875	0.0	3098.06640625	1.015701174736023	3.8920822143554688	0	725	470	0
1	845932	0	1	1	9266561	100616	28.29762840270996	0.08377450704574585	3072.308837890625	1.008001446723938	3.913196563720703	0	742	465	484
1	846039	0	5	1	9257520	100683	30.971738815307617	-0.29300856590270996	3098.007568359375	1.0131841897964478	3.8920822143554688	0	725	470	0
1	846785	0	5	1	9258270	100684	30.888025283813477	-0.20928847789764404	3098.1708984375	1.016487717628479	3.8850440979003906	0	726	468	0
1	847319	0	1	1	9267961	100623	27.711219787597656	-0.16754361987113953	3072.28955078125	1.007712721824646	3.899120330810547	0	741	463	482
1	847535	0	5	1	9259070	100682	31.05545425415039	-0.33487099409103394	3098.06640625	1.0191314220428467	3.8920822143554688	0	726	468	2
1	848070	0	1	1	9268711	100627	27.376142501831055	-0.2931954264640808	3072.3154296875	1.0119210481643677	3.8920822143554688	0	740	466	483
1	848285	0	5	1	9259770	100686	30.720600128173828	-0.25114312767982483	3098.092529296875	1.0183427333831787	3.899120330810547	0	725	470	0
1	848820	0	1	1	9269511	100623	27.711219787597656	-0.12565721571445465	3072.503662109375	1.0099937915802002	3.899120330810547	0	741	466	483
1	849035	0	5	1	9260570	100682	31.05545425415039	0.04185735806822777	3098.197021484375	1.019930362701416	3.899120330810547	1	726	469	0
1	849781	0	1	1	9270311	100624	27.62744903564453	0.12565316259860992	3072.153076171875	1.0093756914138794	3.906158447265625	0	739	463	484
1	849781	0	5	1	9261270	100680	31.222885131835938	0.08371572941541672	3098.040283203125	1.0203840732574463	3.8920822143554688	0	725	469	0
1	850426	0	5	1	9261970	100682	31.05545425415039	0.2511391043663025	3098.197021484375	1.0184836387634277	3.899120330810547	1	725	469	0
1	850535	0	1	1	9271161	100615	28.381404876708984	0.6282809972763062	3072.367431640625	1.011050820350647	3.8920822143554688	0	741	464	484
1	851175	0	5	1	9262670	100682	31.05545425415039	-0.12557409703731537	3098.03369140625	1.01914644241333	3.8920822143554688	0	726	469	0
1	851284	0	1	1	9271961	100622	27.79499053955078	0.29319071769714355	3072.302490234375	1.0139100551605225	3.906158447265625	0	740	466	483
1	851923	0	5	1	9263470	100682	31.05545425415039	-0.2511512041091919	3098.079345703125	1.0170326232910156	3.906158447265625	0	726	469	0
1	852032	0	1	1	9272661	100617	28.21385383605957	0.08377383649349213	3072.438720703125	1.0109955072402954	3.8920822143554688	0	741	465	483
1	852776	0	1	1	9273461	100621	27.878761291503906	-0.04188607260584831	3072.120849609375	1.01025390625	3.899120330810547	0	741	463	483
1	852776	0	5	1	9264270	100677	31.474037170410156	0.04185904189944267	3098.092529296875	1.0219467878341675	3.8920822143554688	0	725	471	1
1	853420	0	5	1	9264970	100683	30.971738815307617	0.08371370285749435	3098.007568359375	1.0166897773742676	3.899120330810547	0	725	468	1
1	853634	0	1	1	9274261	100624	27.62744903564453	-0.04188506305217743	3072.14013671875	1.0105196237564087	3.899120330810547	0	741	464	483
1	854169	0	5	1	9265670	100678	31.39031982421875	0.2930038571357727	3097.9814453125	1.0245991945266724	3.899120330810547	0	725	469	1
1	854383	0	1	1	9275011	100620	27.962533950805664	-0.04188641160726547	3072.1337890625	1.010615587234497	3.8920822143554688	0	740	466	483
1	855024	0	5	1	9266520	100685	30.804311752319336	-0.12557105720043182	3097.928955078125	1.0184391736984253	3.906158447265625	1	726	470	1
1	855133	0	1	1	9275761	100622	27.79499053955078	-0.16754497587680817	3072.172607421875	1.009708046913147	3.8920822143554688	0	739	464	481
1	855879	0	1	1	9276511	100624	27.62744903564453	-0.20942868292331696	3072.127197265625	1.0119684934616089	3.906158447265625	0	741	464	484
1	856410	0	5	1	9267970	100685	30.804311752319336	0.0	3098.11865234375	1.018315076828003	3.8920822143554688	1	725	471	0
1	856627	0	1	1	9277311	100622	27.79499053955078	-0.16754497587680817	3072.19873046875	1.0115567445755005	3.899120330810547	0	740	467	484
1	857267	0	5	1	9268720	100683	30.971738815307617	0.0	3098.0859375	1.0185532569885254	3.899120330810547	0	725	469	0
1	857481	0	1	1	9278111	100627	27.376142501831055	-0.4188556671142578	3072.237548828125	1.0105658769607544	3.8920822143554688	0	740	466	485
1	857908	0	5	1	9269470	100684	30.888025283813477	0.20928005874156952	3098.197021484375	1.0176424980163574	3.8920822143554688	1	726	468	0
1	858335	0	1	1	9278961	100619	28.046306610107422	0.2513134181499481	3072.016845703125	1.0089589357376099	3.906158447265625	0	740	465	484
1	858657	0	5	1	9270170	100684	30.888025283813477	-0.041857022792100906	3098.31494140625	1.0184860229492188	3.913196563720703	0	725	470	2
1	859404	0	5	1	9270870	100687	30.636886596679688	-0.04185601323843002	3098.20361328125	1.019608497619629	3.8920822143554688	1	725	470	0
1	859724	0	1	1	9280361	100632	26.957311630249023	-0.3769534230232239	3072.257080078125	1.0109748840332031	3.8920822143554688	0	740	466	483
1	860153	0	5	1	9271620	100690	30.38575553894043	-0.16742202639579773	3098.072998046875	1.015817642211914	3.906158447265625	0	725	470	0
1	860474	0	1	1	9281161	100628	27.292375564575195	-0.1675368845462799	3072.25048828125	1.0099854469299316	3.906158447265625	0	740	466	485
1	861008	0	5	1	9272420	100689	30.469465255737305	-0.08371101319789886	3098.059814453125	1.0194402933120728	3.8920822143554688	0	726	469	0
1	861330	0	1	1	9281911	100630	27.124841690063477	-0.3350737690925598	3072.153076171875	1.0083526372909546	3.899120330810547	0	739	467	484
1	861862	0	5	1	9273270	100686	30.720600128173828	0.04185601323843002	3098.13818359375	1.0183231830596924	3.899120330810547	0	725	469	0
1	862078	0	1	1	9282711	100628	27.292375564575195	-0.12565214931964874	3072.036376953125	1.0125164985656738	3.906158447265625	0	741	465	484
1	862609	0	5	1	9274070	100682	31.05545425415039	0.2511391043663025	3098.216796875	1.0191528797149658	3.899120330810547	0	726	467	0
1	862826	0	1	1	9283411	100623	27.711219787597656	0.33507105708122253	3072.146728515625	1.013150691986084	3.899120330810547	0	741	465	484
1	863357	0	5	1	9274870	100678	31.39031982421875	0.4604272246360779	3098.216796875	1.0195286273956299	3.8920822143554688	0	726	468	0
1	863574	0	1	1	9284211	100622	27.79499053955078	0.41883882880210876	3072.06884765625	1.0091426372528076	3.8920822143554688	0	741	464	484
1	864106	0	5	1	9275570	100676	31.557756423950195	0.2511512041091919	3098.105712890625	1.0208600759506226	3.899120330810547	2	726	469	1
1	864323	0	1	1	9285011	100614	28.465179443359375	0.41886579990386963	3072.04931640625	1.0102808475494385	3.899120330810547	0	740	466	484
1	864854	0	5	1	9276270	100683	30.971738815307617	-0.04185735806822777	3097.772216796875	1.0195635557174683	3.8920822143554688	0	725	471	0
1	865706	0	5	1	9277070	100679	31.306602478027344	0.04185836762189865	3097.7197265625	1.0203906297683716	3.8920822143554688	2	725	471	0
1	865816	0	1	1	9286411	100621	27.878761291503906	-0.29320958256721497	3072.010498046875	1.0104639530181885	3.8920822143554688	0	741	466	482
1	866455	0	5	1	9277920	100690	30.38575553894043	-0.5022822618484497	3097.759033203125	1.0218684673309326	3.899120330810547	0	725	469	1
1	866564	0	1	1	9287211	100621	27.878761291503906	0.0	3071.951904296875	1.0126923322677612	3.8920822143554688	0	741	465	484
1	867204	0	1	1	9287911	100627	27.376142501831055	-0.4188556671142578	3072.107666015625	1.0125596523284912	3.8920822143554688	0	741	465	483
1	867204	0	5	1	9278620	100683	30.971738815307617	0.041857022792100906	3097.8046875	1.0191062688827515	3.8920822143554688	0	725	469	0
1	867954	0	5	1	9279420	100683	30.971738815307617	-0.1255730837583542	3097.942138671875	1.0192173719406128	3.8920822143554688	0	725	469	0
1	868063	0	1	1	9288711	100621	27.878761291503906	-0.2513214945793152	3071.945556640625	1.0081608295440674	3.8920822143554688	0	738	465	484
1	868701	0	5	1	9280170	100678	31.39031982421875	0.2930038571357727	3097.68701171875	1.0196350812911987	3.8920822143554688	0	724	469	0
1	868918	0	1	1	9289461	100618	28.13007926940918	0.29320016503334045	3071.854736328125	1.008965015411377	3.8850440979003906	0	740	467	484
1	869556	0	5	1	9280970	100680	31.222885131835938	0.20928679406642914	3097.88330078125	1.0165810585021973	3.8920822143554688	0	725	470	0
1	869666	0	1	1	9290311	100609	28.884071350097656	0.7539644837379456	3071.95849609375	1.0121947526931763	3.8920822143554688	0	742	464	484
1	870306	0	5	1	9281770	100673	31.808916091918945	0.460445761680603	3098.05322265625	1.0190192461013794	3.8920822143554688	0	726	470	0
1	870416	0	1	1	9291111	100618	28.13007926940918	0.12565922737121582	3071.997314453125	1.0104200839996338	3.906158447265625	0	739	466	485
1	871267	0	1	1	9291911	100613	28.54895782470703	0.20943880081176758	3072.06884765625	1.0091700553894043	3.906158447265625	0	741	466	483
1	871801	0	5	1	9283270	100677	31.474037170410156	-0.1674395352602005	3098.0009765625	1.0143554210662842	3.8920822143554688	0	726	469	1
1	872016	0	1	1	9292711	100612	28.632734298706055	0.16755305230617523	3071.809326171875	1.0093519687652588	3.906158447265625	0	740	466	484
1	872659	0	5	1	9284120	100672	31.89263916015625	0.12558116018772125	3097.876708984375	1.0159589052200317	3.899120330810547	0	726	468	1
1	872874	0	1	1	9293511	100618	28.13007926940918	-0.12566226720809937	3072.205078125	1.01216459274292	3.8920822143554688	0	739	466	485
1	873408	0	5	1	9284870	100680	31.222885131835938	-0.29301565885543823	3097.660888671875	1.0188101530075073	3.906158447265625	1	725	469	0
1	873623	0	1	1	9294261	100621	27.878761291503906	-0.1675463169813156	3071.9130859375	1.010362982749939	3.906158447265625	0	740	466	483
1	874155	0	5	1	9285620	100682	31.05545425415039	-0.2930109202861786	3097.66748046875	1.0191277265548706	3.899120330810547	1	726	468	0
1	874370	0	1	1	9295061	100623	27.711219787597656	-0.41886916756629944	3071.880615234375	1.0100568532943726	3.8850440979003906	0	740	465	483
1	874901	0	5	1	9286420	100678	31.39031982421875	0.04185870289802551	3097.51708984375	1.0177949666976929	3.899120330810547	1	724	471	0
1	875223	0	1	1	9295861	100613	28.54895782470703	0.293211966753006	3071.997314453125	1.0082175731658936	3.899120330810547	0	742	465	484
1	875649	0	5	1	9287120	100681	31.139169692993164	0.0	3097.765625	1.0206055641174316	3.8920822143554688	1	725	469	0
1	875971	0	1	1	9296611	100620	27.962533950805664	0.04188607260584831	3071.7119140625	1.0105658769607544	3.8920822143554688	0	739	464	483
1	876398	0	5	1	9287920	100679	31.306602478027344	0.16743145883083344	3097.634765625	1.0183030366897583	3.8920822143554688	0	726	470	0
1	876720	0	1	1	9297411	100618	28.13007926940918	0.5445014238357544	3071.84814453125	1.0103780031204224	3.899120330810547	0	740	465	483
1	877256	0	5	1	9288670	100684	30.888025283813477	-0.460445761680603	3097.68701171875	1.0163267850875854	3.906158447265625	0	725	471	0
1	877578	0	1	1	9298161	100619	28.046306610107422	0.04188641160726547	3071.815673828125	1.0100871324539185	3.899120330810547	0	740	465	484
1	877897	0	5	1	9289420	100673	31.808916091918945	0.29301565885543823	3097.49755859375	1.0169992446899414	3.8920822143554688	0	725	468	0
1	878326	0	1	1	9298961	100613	28.54895782470703	0.2513255476951599	3071.64697265625	1.0124685764312744	3.8920822143554688	0	742	466	486
1	878753	0	5	1	9290170	100683	30.971738815307617	-0.1255730837583542	3097.575927734375	1.0157642364501953	3.8920822143554688	0	725	470	0
1	879075	0	1	1	9299661	100625	27.54368019104004	-0.33508723974227905	3072.016845703125	1.0094417333602905	3.8850440979003906	0	742	466	487
1	879607	0	5	1	9291020	100684	30.888025283813477	-0.125572070479393	3097.955078125	1.0205817222595215	3.8920822143554688	1	726	470	0
1	879824	0	1	1	9300461	100624	27.62744903564453	-0.08377046138048172	3071.71826171875	1.0092473030090332	3.8920822143554688	0	740	467	484
1	880356	0	5	1	9291820	100673	31.808916091918945	0.1674395352602005	3097.896240234375	1.018774390220642	3.899120330810547	0	726	470	0
1	880571	0	1	1	9301261	100609	28.884071350097656	0.5864262580871582	3071.569091796875	1.0120044946670532	3.899120330810547	0	742	465	483
1	881104	0	5	1	9292620	100674	31.725196838378906	0.376728355884552	3097.726318359375	1.020632028579712	3.8920822143554688	0	726	470	0
1	881427	0	1	1	9302011	100617	28.21385383605957	0.33508723974227905	3071.66650390625	1.0063315629959106	3.8920822143554688	0	740	466	486
1	881853	0	5	1	9293320	100681	31.139169692993164	0.0	3097.8046875	1.0216245651245117	3.8920822143554688	0	726	468	0
1	882175	0	1	1	9302811	100611	28.71651268005371	0.08377787470817566	3071.77685546875	1.0079708099365234	3.899120330810547	0	740	465	484
1	882602	0	5	1	9294070	100667	32.311256408691406	0.12558621168136597	3097.660888671875	1.0249592065811157	3.8850440979003906	1	727	469	0
1	882924	0	1	1	9303561	100618	28.13007926940918	-0.20943880081176758	3071.861083984375	1.0118956565856934	3.899120330810547	0	741	465	483
1	883457	0	5	1	9294920	100673	31.808916091918945	0.1674395352602005	3097.589111328125	1.0219736099243164	3.8920822143554688	1	726	470	0
1	883674	0	1	1	9304361	100614	28.465179443359375	0.29320958256721497	3071.84814453125	1.0117077827453613	3.8920822143554688	0	740	466	485
1	884205	0	5	1	9295670	100671	31.976360321044922	0.12558217346668243	3097.575927734375	1.0155211687088013	3.8920822143554688	0	725	469	0
1	884527	0	1	1	9305161	100623	27.711219787597656	-0.6283164024353027	3071.685791015625	1.0087281465530396	3.8920822143554688	0	741	466	484
1	884953	0	5	1	9296420	100681	31.139169692993164	-0.41859546303749084	3097.641357421875	1.0185033082962036	3.899120330810547	0	725	468	0
1	885275	0	1	1	9305911	100619	28.046306610107422	-0.2513255476951599	3071.6015625	1.0046638250350952	3.913196563720703	0	740	464	485
1	885702	0	5	1	9297220	100680	31.222885131835938	-0.20929521322250366	3097.634765625	1.0148450136184692	3.8920822143554688	0	727	470	0
1	886024	0	1	1	9306711	100617	28.21385383605957	0.041887085884809494	3071.413330078125	1.011974811553955	3.899120330810547	0	739	466	484
1	886451	0	5	1	9297920	100671	31.976360321044922	-0.0418613962829113	3097.811279296875	1.0194623470306396	3.899120330810547	2	725	470	1
1	886880	0	1	1	9307511	100619	28.046306610107422	0.04188641160726547	3071.659912109375	1.0105235576629639	3.8920822143554688	0	741	467	484
1	887094	0	5	1	9298620	100671	31.976360321044922	0.08372178673744202	3097.562744140625	1.0237443447113037	3.899120330810547	0	726	468	0
1	887629	0	1	1	9308311	100611	28.71651268005371	0.2094421684741974	3071.614501953125	1.0098645687103271	3.8920822143554688	0	739	464	483
1	887948	0	5	1	9299370	100666	32.394981384277344	0.3767525851726532	3097.654296875	1.0187047719955444	3.899120330810547	0	726	470	1
1	888377	0	1	1	9309061	100611	28.71651268005371	0.2094421684741974	3071.2900390625	1.009458303451538	3.899120330810547	0	741	466	484
1	888591	0	5	1	9300120	100671	31.976360321044922	-0.12558519840240479	3097.68701171875	1.0140079259872437	3.8920822143554688	0	725	469	0
1	889125	0	1	1	9309811	100610	28.800291061401367	0.33510610461235046	3071.3095703125	1.0075901746749878	3.899120330810547	0	740	464	483
1	889445	0	5	1	9300870	100671	31.976360321044922	0.6278805732727051	3097.45166015625	1.0238933563232422	3.8920822143554688	1	725	469	0
1	889873	0	1	1	9310561	100605	29.219196319580078	0.25134173035621643	3071.478271484375	1.0102142095565796	3.899120330810547	0	740	467	483
1	890195	0	5	1	9301670	100660	32.89734649658203	0.25118353962898254	3097.333984375	1.023851752281189	3.8850440979003906	0	725	468	0
1	890823	0	1	1	9311511	100614	28.465179443359375	-0.1256663054227829	3071.37451171875	1.011259913444519	3.899120330810547	0	740	466	484
1	891042	0	5	1	9302470	100675	31.641475677490234	-0.29302743077278137	3097.19677734375	1.0173192024230957	3.8920822143554688	0	726	469	0
1	891682	0	1	1	9312311	100615	28.381404876708984	-0.251333624124527	3071.4716796875	1.0036994218826294	3.8920822143554688	0	739	467	484
1	891896	0	5	1	9303320	100672	31.89263916015625	-0.2093086689710617	3097.039794921875	1.0211316347122192	3.8850440979003906	0	726	470	0
1	892430	0	1	1	9313061	100620	27.962533950805664	-0.25132352113723755	3071.37451171875	1.0110056400299072	3.899120330810547	0	739	466	484
1	892540	0	5	1	9304070	100675	31.641475677490234	-0.5442069172859192	3097.333984375	1.0159417390823364	3.8920822143554688	0	724	468	0
1	893180	0	1	1	9313811	100619	28.046306610107422	-0.12566125392913818	3071.367919921875	1.0107028484344482	3.906158447265625	0	740	468	482
1	893394	0	5	1	9304820	100679	31.306602478027344	-0.12557712197303772	3097.275146484375	1.018428921699524	3.906158447265625	0	726	469	0
1	893929	0	1	1	9314611	100619	28.046306610107422	-0.12566125392913818	3071.302978515625	1.0165141820907593	3.899120330810547	0	739	466	484
1	894143	0	5	1	9305620	100680	31.222885131835938	-0.41859883069992065	3097.105224609375	1.018202304840088	3.899120330810547	0	726	469	0
1	894677	0	1	1	9315361	100618	28.13007926940918	0.2513154447078705	3071.44580078125	1.0151981115341187	3.906158447265625	0	739	465	482
1	894998	0	5	1	9306370	100683	30.971738815307617	-0.544171929359436	3097.50390625	1.0185829401016235	3.8920822143554688	1	726	471	0
1	895530	0	1	1	9316111	100619	28.046306610107422	0.04188641160726547	3071.3095703125	1.0145938396453857	3.899120330810547	0	740	466	484
1	895639	0	5	1	9307170	100681	31.139169692993164	-0.41859546303749084	3097.039794921875	1.0162272453308105	3.8920822143554688	0	724	470	0
1	896277	0	1	1	9316911	100612	28.632734298706055	0.2932143211364746	3071.15380859375	1.0135493278503418	3.8780059814453125	0	739	465	484
1	896493	0	5	1	9307870	100675	31.641475677490234	-1.4210854715202004e-13	3097.327392578125	1.0163450241088867	3.8920822143554688	1	725	468	0
1	897133	0	5	1	9308620	100677	31.474037170410156	0.16743414103984833	3097.333984375	1.0174044370651245	3.8850440979003906	1	725	469	0
1	897665	0	1	1	9318261	100617	28.21385383605957	0.041887085884809494	3071.35498046875	1.0116350650787354	3.8920822143554688	0	740	464	484
1	897986	0	5	1	9309370	100671	31.976360321044922	0.1674422323703766	3097.36669921875	1.0181068181991577	3.8920822143554688	1	726	468	0
1	898412	0	1	1	9319061	100614	28.465179443359375	-0.04188843443989754	3071.283447265625	1.0107314586639404	3.906158447265625	0	741	464	484
1	898629	0	5	1	9310120	100678	31.39031982421875	0.08371707051992416	3097.209716796875	1.0180226564407349	3.8920822143554688	0	725	469	0
1	899160	0	1	1	9319811	100621	27.878761291503906	-0.20943373441696167	3071.2509765625	1.0105825662612915	3.899120330810547	0	741	464	484
1	899482	0	5	1	9310870	100680	31.222885131835938	-0.2511552572250366	3097.45166015625	1.0178946256637573	3.899120330810547	0	724	469	0
1	900018	0	1	1	9320611	100621	27.878761291503906	-0.41887590289115906	3071.37451171875	1.0099495649337769	3.8920822143554688	0	740	465	483
1	900762	0	1	1	9321411	100615	28.381404876708984	0.12566226720809937	3071.35498046875	1.0101089477539062	3.8920822143554688	0	739	465	483
1	900979	0	5	1	9312370	100676	31.557756423950195	0.12557712197303772	3097.595458984375	1.0173838138580322	3.8920822143554688	0	726	470	0
1	901618	0	5	1	9313120	100683	30.971738815307617	-0.04185735806822777	3097.8701171875	1.0183680057525635	3.899120330810547	0	727	469	0
1	902150	0	1	1	9322761	100624	27.62744903564453	-0.04188506305217743	3071.342041015625	1.0121312141418457	3.913196563720703	0	740	465	482
1	902472	0	5	1	9313870	100679	31.306602478027344	-0.12557712197303772	3097.7001953125	1.0197947025299072	3.8850440979003906	0	725	468	0
1	902898	0	1	1	9323511	100618	28.13007926940918	0.041886746883392334	3071.212158203125	1.0080227851867676	3.8920822143554688	0	741	465	484
1	903325	0	5	1	9314720	100681	31.139169692993164	-0.16743414103984833	3097.66748046875	1.0194387435913086	3.8920822143554688	0	724	470	0
1	903754	0	1	1	9324311	100618	28.13007926940918	0.12565922737121582	3071.0888671875	1.0097686052322388	3.8920822143554688	0	741	463	484
1	904075	0	5	1	9315520	100680	31.222885131835938	0.04185803234577179	3097.49755859375	1.0161621570587158	3.899120330810547	0	725	470	1
1	904503	0	1	1	9325111	100624	27.62744903564453	-0.12565620243549347	3071.2509765625	1.0125733613967896	3.8920822143554688	0	741	464	484
1	904718	0	5	1	9316220	100682	31.05545425415039	0.04185735806822777	3097.64794921875	1.019458532333374	3.8920822143554688	0	726	470	1
1	905252	0	1	1	9325861	100631	27.04107666015625	-0.4607282876968384	3071.26416015625	1.0092970132827759	3.8850440979003906	0	742	465	484
1	905467	0	5	1	9316970	100686	30.720600128173828	-0.20928511023521423	3097.713134765625	1.0182743072509766	3.8920822143554688	0	724	468	0
1	906000	0	1	1	9326611	100621	27.878761291503906	-0.1675463169813156	3071.238037109375	1.010443925857544	3.899120330810547	0	741	466	484
1	906321	0	5	1	9317770	100678	31.39031982421875	0.04185870289802551	3097.73291015625	1.0179264545440674	3.8850440979003906	0	726	467	1
1	906750	0	1	1	9327361	100617	28.21385383605957	0.20943205058574677	3071.1796875	1.012164831161499	3.8920822143554688	0	741	466	483
1	907070	0	5	1	9318570	100676	31.557756423950195	0.20929352939128876	3097.58251953125	1.0205650329589844	3.8850440979003906	1	725	468	0
1	907498	0	1	1	9328111	100620	27.962533950805664	0.25131139159202576	3071.0693359375	1.0103237628936768	3.899120330810547	0	741	466	482
1	907819	0	5	1	9319270	100680	31.222885131835938	0.08371572941541672	3097.47119140625	1.0177806615829468	3.913196563720703	0	726	469	0
1	908247	0	1	1	9328861	100624	27.62744903564453	-0.04188506305217743	3071.31591796875	1.0135135650634766	3.899120330810547	0	740	467	483
1	908675	0	5	1	9320120	100683	30.971738815307617	-0.20929016172885895	3097.713134765625	1.016584873199463	3.8850440979003906	1	726	471	1
1	908994	0	1	1	9329611	100621	27.878761291503906	-0.3350980281829834	3071.1796875	1.0083523988723755	3.8920822143554688	0	739	468	484
1	909424	0	5	1	9320920	100682	31.05545425415039	-0.12557409703731537	3097.83740234375	1.0195585489273071	3.8920822143554688	1	726	469	0
1	909743	0	1	1	9330411	100621	27.878761291503906	0.04188573732972145	3071.1796875	1.0097289085388184	3.899120330810547	0	739	467	483
1	910174	0	5	1	9321720	100685	30.804311752319336	-0.16742876172065735	3097.68701171875	1.018654704093933	3.906158447265625	1	724	470	0
1	910599	0	1	1	9331211	100624	27.62744903564453	-0.04188506305217743	3071.127685546875	1.0080480575561523	3.8850440979003906	0	739	466	483
1	910922	0	5	1	9322420	100685	30.804311752319336	-0.2511451542377472	3097.628173828125	1.0215563774108887	3.8920822143554688	1	726	469	0
1	911348	0	1	1	9332011	100622	27.79499053955078	-0.12565821409225464	3071.257568359375	1.0094927549362183	3.8920822143554688	0	741	463	483
1	911671	0	5	1	9323120	100683	30.971738815307617	-0.04185735806822777	3097.8310546875	1.0195690393447876	3.8920822143554688	0	725	469	0
1	912202	0	1	1	9332811	100618	28.13007926940918	0.16754497587680817	3071.11474609375	1.0121312141418457	3.906158447265625	0	740	464	483
1	912419	0	5	1	9323920	100682	31.05545425415039	0.0	3097.47119140625	1.018602728843689	3.8920822143554688	0	725	469	0
1	912951	0	1	1	9333561	100612	28.632734298706055	0.3351007401943207	3071.075927734375	1.011562705039978	3.8920822143554688	0	742	464	484
1	913168	0	5	1	9324620	100670	32.060081481933594	0.627885639667511	3097.634765625	1.01715087890625	3.899120330810547	0	725	468	0
1	913807	0	1	1	9334361	100614	28.465179443359375	0.5445189476013184	3070.946044921875	1.0116114616394043	3.899120330810547	0	740	465	484
1	913916	0	5	1	9325420	100679	31.306602478027344	0.16743145883083344	3097.811279296875	1.016994833946228	3.899120330810547	0	725	471	0
1	914555	0	1	1	9335211	100616	28.29762840270996	-0.041887760162353516	3070.946044921875	1.0064293146133423	3.899120330810547	0	741	467	484
1	914770	0	5	1	9326170	100675	31.641475677490234	-0.12558116018772125	3097.674072265625	1.0171722173690796	3.8780059814453125	0	727	468	1
1	915303	0	1	1	9335961	100610	28.800291061401367	-0.04188978299498558	3071.11474609375	1.0079548358917236	3.8920822143554688	0	740	464	484
1	915623	0	5	1	9327020	100664	32.562435150146484	0.5023388266563416	3097.772216796875	1.0187231302261353	3.899120330810547	0	725	468	0
1	916053	0	1	1	9336761	100605	29.219196319580078	0.586445152759552	3071.0498046875	1.0056233406066895	3.906158447265625	0	740	466	485
1	916373	0	5	1	9327820	100669	32.14380645751953	0.3348844647407532	3097.759033203125	1.020793080329895	3.8920822143554688	1	724	470	0
1	916908	0	1	1	9337561	100603	29.386762619018555	0.5026794075965881	3071.030517578125	1.012093424797058	3.899120330810547	0	741	465	485
1	917123	0	5	1	9328520	100663	32.64616012573242	0.37676167488098145	3097.726318359375	1.0210886001586914	3.899120330810547	0	726	468	1
1	917654	0	1	1	9338311	100614	28.465179443359375	-0.3351168930530548	3070.920166015625	1.0111770629882812	3.899120330810547	0	740	465	483
1	917764	0	5	1	9329270	100669	32.14380645751953	0.1255842000246048	3097.510498046875	1.0131752490997314	3.899120330810547	0	726	470	0
1	918402	0	1	1	9339111	100606	29.135414123535156	0.08378124982118607	3070.816162109375	1.0108290910720825	3.8920822143554688	0	741	464	484
1	918617	0	5	1	9330020	100662	32.729888916015625	0.376764714717865	3097.791748046875	1.015973448753357	3.906158447265625	1	726	471	0
1	919151	0	1	1	9339861	100602	29.47054672241211	0.12567541003227234	3070.82275390625	1.008983850479126	3.8920822143554688	0	739	466	484
1	919474	0	5	1	9330820	100668	32.22753143310547	0.29302743077278137	3097.58251953125	1.0205233097076416	3.899120330810547	0	726	468	1
1	919901	0	1	1	9340611	100602	29.47054672241211	0.25134778022766113	3070.673583984375	1.0046608448028564	3.8920822143554688	0	741	466	483
1	920224	0	5	1	9331670	100663	32.64616012573242	0.20931540429592133	3097.144287109375	1.0186902284622192	3.899120330810547	2	724	471	1
1	920757	0	1	1	9341411	100608	28.967851638793945	-0.16756384074687958	3070.985107421875	1.0101242065429688	3.913196563720703	0	740	466	483
1	920974	0	5	1	9332470	100661	32.81361770629883	0.2511815130710602	3097.36669921875	1.0154688358306885	3.8920822143554688	1	724	469	0
1	921507	0	1	1	9342211	100598	29.80569076538086	0.12567946314811707	3070.77734375	1.0074989795684814	3.899120330810547	0	742	466	483
1	921724	0	5	1	9333220	100657	33.14854049682617	0.08373121172189713	3097.255615234375	1.0191693305969238	3.899120330810547	1	725	469	0
1	922365	0	1	1	9343011	100598	29.80569076538086	0.41891974210739136	3070.764404296875	1.0060558319091797	3.899120330810547	0	740	465	483
1	922580	0	5	1	9333970	100656	33.23227310180664	0.5442332029342651	3097.490966796875	1.0188614130020142	3.906158447265625	1	726	468	0
1	923114	0	1	1	9343761	100601	29.554332733154297	0.0	3070.705810546875	1.0036746263504028	3.899120330810547	0	741	466	483
1	923434	0	5	1	9334820	100664	32.562435150146484	-0.12559227645397186	3097.425537109375	1.021662950515747	3.899120330810547	0	726	468	2
1	923863	0	1	1	9344511	100607	29.051631927490234	-0.2513498067855835	3070.556640625	1.0072342157363892	3.8920822143554688	0	741	466	484
1	924182	0	5	1	9335620	100667	32.311256408691406	-0.4186426103115082	3097.510498046875	1.021669626235962	3.8920822143554688	0	727	470	0
1	924610	0	1	1	9345261	100600	29.638118743896484	-0.16757464408874512	3070.459228515625	1.0030440092086792	3.8920822143554688	0	740	466	482
1	924825	0	5	1	9336320	100657	33.14854049682617	-0.25120171904563904	3097.589111328125	1.0194430351257324	3.913196563720703	0	725	471	0
1	925359	0	1	1	9346061	100595	30.057056427001953	0.33514657616615295	3070.660400390625	1.0129928588867188	3.913196563720703	0	740	465	484
1	925574	0	5	1	9337020	100659	32.9810791015625	0.5442200899124146	3097.43212890625	1.017897367477417	3.899120330810547	0	725	470	0
1	926215	0	1	1	9346861	100605	29.219196319580078	0.0	3070.35546875	1.0116528272628784	3.906158447265625	0	740	466	483
1	926430	0	5	1	9337870	100668	32.22753143310547	-0.5442375540733337	3097.2490234375	1.0164672136306763	3.899120330810547	0	726	470	0
1	926964	0	1	1	9347611	100591	30.39221954345703	0.4189433455467224	3070.368408203125	1.0197162628173828	3.8920822143554688	0	740	465	484
1	927178	0	5	1	9338620	100663	32.64616012573242	-0.5442594885826111	3097.30126953125	1.0181258916854858	3.8780059814453125	0	726	470	2
1	927712	0	1	1	9348411	100604	29.302978515625	-0.041891805827617645	3070.459228515625	1.0199533700942993	3.899120330810547	0	741	464	484
1	927927	0	5	1	9339370	100664	32.562435150146484	0.08372650295495987	3097.222900390625	1.0165367126464844	3.8920822143554688	0	726	469	0
1	928567	0	1	1	9349161	100594	30.140846252441406	0.5027158260345459	3070.53076171875	1.0215651988983154	3.899120330810547	0	739	465	485
1	928676	0	5	1	9340170	100657	33.14854049682617	0.29305335879325867	3096.98095703125	1.0222437381744385	3.8920822143554688	0	726	470	1
1	929423	0	5	1	9340870	100661	32.81361770629883	-0.1674610823392868	3097.412353515625	1.019313931465149	3.8850440979003906	0	725	468	0
1	929955	0	1	1	9350611	100597	29.88947868347168	-0.1256835013628006	3070.4462890625	1.0082828998565674	3.899120330810547	0	741	466	482
1	930171	0	5	1	9341620	100657	33.14854049682617	-0.25120171904563904	3097.392822265625	1.0214611291885376	3.899120330810547	0	725	469	0
1	930809	0	1	1	9351461	100601	29.554332733154297	-0.08378597348928452	3070.206298828125	1.0116397142410278	3.8920822143554688	0	741	463	483
1	931024	0	5	1	9342420	100665	32.47870635986328	-0.2511855661869049	3097.379638671875	1.0202878713607788	3.899120330810547	0	724	470	0
1	931558	0	1	1	9352261	100609	28.884071350097656	-0.6283872127532959	3070.167236328125	1.0096962451934814	3.8780059814453125	0	740	464	483
1	931773	0	5	1	9343220	100669	32.14380645751953	-0.7535688281059265	3097.490966796875	1.0181283950805664	3.8850440979003906	0	724	467	0
1	932413	0	1	1	9353011	100607	29.051631927490234	-0.8378799557685852	3070.095947265625	1.0118805170059204	3.899120330810547	0	741	465	483
1	932522	0	5	1	9343920	100670	32.060081481933594	-0.7954305410385132	3097.340576171875	1.0214182138442993	3.8920822143554688	0	725	469	0
1	933161	0	1	1	9353811	100613	28.54895782470703	-0.4189028739929199	3070.011474609375	1.0142061710357666	3.899120330810547	0	742	464	484
1	933375	0	5	1	9344770	100677	31.474037170410156	-1.0047179460525513	3097.46484375	1.0169531106948853	3.899120330810547	0	725	468	0
1	934016	0	5	1	9345520	100666	32.394981384277344	0.0	3097.34716796875	1.015105962753296	3.899120330810547	1	724	468	0
1	934547	0	1	1	9355161	100607	29.051631927490234	0.3351142108440399	3070.115234375	1.0145128965377808	3.906158447265625	0	740	464	484
1	934763	0	5	1	9346220	100661	32.81361770629883	0.5442113280296326	3097.406005859375	1.0174732208251953	3.8920822143554688	0	726	468	0
1	935296	0	1	1	9355961	100598	29.80569076538086	0.7959186434745789	3069.940185546875	1.010401725769043	3.899120330810547	0	740	466	484
1	935512	0	5	1	9346920	100657	33.14854049682617	0.669812023639679	3097.36669921875	1.02003812789917	3.899120330810547	0	727	471	0
1	936151	0	1	1	9356761	100597	29.88947868347168	0.25135791301727295	3069.8623046875	1.012938380241394	3.899120330810547	0	740	464	483
1	936366	0	5	1	9347770	100659	32.9810791015625	0.37677380442619324	3097.177001953125	1.0209654569625854	3.913196563720703	1	726	468	0
1	936899	0	1	1	9357511	100602	29.47054672241211	0.12567541003227234	3070.031005859375	1.0117065906524658	3.8850440979003906	0	740	465	486
1	937114	0	5	1	9348570	100655	33.31600570678711	0.12559834122657776	3097.1181640625	1.0171953439712524	3.906158447265625	0	725	470	0
1	937647	0	1	1	9358311	100594	30.140846252441406	0.1675773411989212	3069.77783203125	1.0061918497085571	3.8850440979003906	0	740	466	484
1	937862	0	5	1	9349370	100654	33.39973831176758	0.16746512055397034	3097.19677734375	1.0170613527297974	3.906158447265625	0	725	470	0
1	938501	0	1	1	9359111	100592	30.308427810668945	0.2513680160045624	3069.946533203125	1.0130387544631958	3.8780059814453125	0	740	463	483
1	938610	0	5	1	9350070	100657	33.14854049682617	-0.25120171904563904	3097.157470703125	1.0264973640441895	3.899120330810547	0	726	468	0
1	939248	0	1	1	9359911	100588	30.643598556518555	0.0	3069.745361328125	1.0041767358779907	3.8850440979003906	0	741	465	484
1	939357	0	5	1	9350870	100660	32.89734649658203	-0.6280118823051453	3097.2490234375	1.0217788219451904	3.8920822143554688	0	728	471	0
1	939996	0	1	1	9360661	100594	30.140846252441406	0.04189483821392059	3069.635009765625	1.0089836120605469	3.899120330810547	0	739	466	482
1	940105	0	5	1	9351570	100656	33.23227310180664	-0.20933561027050018	3097.105224609375	1.0170444250106812	3.899120330810547	0	725	469	0
1	940850	0	5	1	9352270	100655	33.31600570678711	-0.08373390883207321	3097.046142578125	1.026842474937439	3.8920822143554688	0	725	467	0
1	941489	0	1	1	9362011	100595	30.057056427001953	0.1256825029850006	3069.680419921875	1.0047581195831299	3.8920822143554688	0	741	464	482
1	941598	0	5	1	9353070	100652	33.56720733642578	-0.04186779633164406	3097.242431640625	1.0148983001708984	3.8920822143554688	0	726	472	0
1	942238	0	1	1	9362861	100588	30.643598556518555	0.20948094129562378	3069.66748046875	1.020311713218689	3.8920822143554688	0	741	466	482
1	942238	0	5	1	9353770	100649	33.818416595458984	0.0	3097.261962890625	1.017042875289917	3.8920822143554688	1	726	468	0
1	942987	0	1	1	9363661	100597	29.88947868347168	-0.3351627588272095	3069.712890625	1.0058032274246216	3.899120330810547	0	741	465	484
1	942987	0	5	1	9354470	100654	33.39973831176758	-0.1256023794412613	3097.275146484375	1.017420768737793	3.899120330810547	1	725	468	0
1	943735	0	5	1	9355170	100670	32.060081481933594	-0.8791671395301819	3097.06591796875	1.0201661586761475	3.8920822143554688	0	725	470	0
1	943844	0	1	1	9364411	100616	28.29762840270996	-0.712137758731842	3069.55712890625	1.0093655586242676	3.8920822143554688	0	741	463	483
1	944591	0	1	1	9365211	100604	29.302978515625	-0.4189332127571106	3069.330078125	1.0109572410583496	3.8920822143554688	0	741	466	484
1	945123	0	5	1	9356570	100661	32.81361770629883	-0.1255953013896942	3097.1181640625	1.0139659643173218	3.8920822143554688	0	725	470	1
1	945339	0	1	1	9365961	100585	30.894983291625977	0.6284326910972595	3069.382080078125	1.0049850940704346	3.899120330810547	0	741	466	483
1	945766	0	5	1	9357270	100659	32.9810791015625	0.4604976177215576	3097.333984375	1.0221331119537354	3.8850440979003906	0	725	469	0
1	946087	0	1	1	9366761	100588	30.643598556518555	0.5446329116821289	3069.4013671875	1.0116872787475586	3.906158447265625	0	740	464	484
1	946939	0	1	1	9367561	100592	30.308427810668945	0.37704747915267944	3069.317138671875	1.010481357574463	3.8920822143554688	0	740	465	484
1	947153	0	5	1	9358670	100662	32.729888916015625	-0.04186442866921425	3096.9873046875	1.0176243782043457	3.899120330810547	0	725	471	0
1	947687	0	1	1	9368311	100610	28.800291061401367	-0.6702769994735718	3069.2197265625	1.0110207796096802	3.8850440979003906	0	742	465	483
1	947901	0	5	1	9359370	100666	32.394981384277344	-0.25118353962898254	3097.026611328125	1.020270586013794	3.906158447265625	0	725	470	0
1	948436	0	1	1	9369111	100603	29.386762619018555	-0.37704142928123474	3069.08349609375	1.011369228363037	3.8850440979003906	0	740	465	484
1	948650	0	5	1	9360170	100670	32.060081481933594	-0.7116953134536743	3096.86962890625	1.022341251373291	3.899120330810547	0	726	471	0
1	949289	0	1	1	9369861	100603	29.386762619018555	-0.20946408808231354	3069.2392578125	1.0095429420471191	3.8850440979003906	0	741	465	484
1	949398	0	5	1	9360870	100661	32.81361770629883	-0.20932719111442566	3096.85009765625	1.0182197093963623	3.8920822143554688	0	727	468	2
1	950038	0	1	1	9370711	100604	29.302978515625	-0.16756924986839294	3069.02490234375	1.012467622756958	3.899120330810547	0	740	465	484
1	950252	0	5	1	9361620	100663	32.64616012573242	0.0	3097.0986328125	1.0145561695098877	3.8920822143554688	0	725	469	0
1	950786	0	1	1	9371461	100602	29.47054672241211	0.12567541003227234	3069.2001953125	1.0088062286376953	3.906158447265625	0	742	465	484
1	951000	0	5	1	9362420	100661	32.81361770629883	0.29304394125938416	3096.856689453125	1.0114004611968994	3.899120330810547	1	725	468	0
1	951534	0	1	1	9372211	100615	28.381404876708984	-0.3351142108440399	3069.278076171875	1.0120959281921387	3.899120330810547	0	742	465	485
1	951748	0	5	1	9363220	100671	31.976360321044922	-0.2093103528022766	3096.745361328125	1.0174357891082764	3.899120330810547	0	726	469	0
1	952282	0	1	1	9372961	100605	29.219196319580078	0.08378192037343979	3068.71337890625	1.0127915143966675	3.906158447265625	0	740	465	484
1	952497	0	5	1	9363920	100661	32.81361770629883	0.16745568811893463	3096.86328125	1.018588662147522	3.899120330810547	0	726	468	0
1	953136	0	1	1	9373711	100592	30.308427810668945	0.4189399778842926	3068.947021484375	1.0054787397384644	3.899120330810547	0	740	467	485
1	953245	0	5	1	9364720	100661	32.81361770629883	0.16745568811893463	3096.771728515625	1.0227174758911133	3.8850440979003906	0	724	470	0
1	953885	0	1	1	9374511	100607	29.051631927490234	0.12567035853862762	3068.986083984375	1.0119435787200928	3.899120330810547	0	740	466	485
1	953994	0	5	1	9365470	100667	32.311256408691406	0.0837244763970375	3096.76513671875	1.021506905555725	3.8920822143554688	0	725	469	0
1	954634	0	1	1	9375311	100607	29.051631927490234	-0.46081727743148804	3068.869140625	1.0099605321884155	3.8920822143554688	0	741	466	483
1	954743	0	5	1	9366270	100665	32.47870635986328	-0.33491677045822144	3096.627685546875	1.0181596279144287	3.8920822143554688	2	726	470	0
1	955383	0	1	1	9376061	100608	28.967851638793945	0.04189011827111244	3068.7783203125	1.007912516593933	3.8920822143554688	0	739	465	485
1	955493	0	5	1	9366970	100670	32.060081481933594	-0.12558621168136597	3097.059326171875	1.01620352268219	3.899120330810547	2	725	468	0
1	956132	0	5	1	9367670	100671	31.976360321044922	-0.5860902070999146	3096.895751953125	1.0177005529403687	3.899120330810547	1	723	471	0
1	956241	0	1	1	9376861	100617	28.21385383605957	-0.8378124833106995	3068.719970703125	1.0081498622894287	3.899120330810547	0	740	466	485
1	956881	0	5	1	9368370	100669	32.14380645751953	-0.16745030879974365	3097.203125	1.0181407928466797	3.8920822143554688	1	726	470	0
1	956990	0	1	1	9377611	100610	28.800291061401367	-0.46080613136291504	3068.921142578125	1.013563632965088	3.8920822143554688	0	740	466	485
1	957629	0	5	1	9369170	100671	31.976360321044922	-0.2511734366416931	3096.843505859375	1.0173859596252441	3.8850440979003906	0	725	469	2
1	957738	0	1	1	9378411	100610	28.800291061401367	-0.1675611436367035	3068.8173828125	1.0097190141677856	3.8920822143554688	0	740	465	483
1	958378	0	5	1	9369870	100669	32.14380645751953	0.16744491457939148	3096.86328125	1.0207566022872925	3.8920822143554688	0	725	470	1
1	958592	0	1	1	9379211	100607	29.051631927490234	0.4188894033432007	3068.6875	1.0101428031921387	3.8920822143554688	0	740	464	483
1	959127	0	5	1	9370570	100670	32.060081481933594	0.0418613962829113	3096.974365234375	1.0196244716644287	3.8920822143554688	0	726	469	1
1	959448	0	1	1	9380061	100612	28.632734298706055	-0.08377855271100998	3068.73291015625	1.0089538097381592	3.8920822143554688	0	740	463	483
1	959770	0	5	1	9371270	100666	32.394981384277344	0.0	3096.928466796875	1.0180472135543823	3.8850440979003906	0	725	469	1
1	960196	0	1	1	9380861	100606	29.135414123535156	0.1256713718175888	3068.7783203125	1.007804274559021	3.906158447265625	0	741	467	482
1	960518	0	5	1	9371970	100666	32.394981384277344	0.12558722496032715	3096.8173828125	1.0210496187210083	3.899120330810547	1	725	469	0
1	960942	0	1	1	9381561	100610	28.800291061401367	0.04188944399356842	3068.5966796875	1.0095125436782837	3.8920822143554688	0	739	465	481
1	961264	0	5	1	9372670	100677	31.474037170410156	-0.1674395352602005	3096.6865234375	1.0171332359313965	3.8920822143554688	0	726	469	0
1	962008	0	5	1	9373470	100670	32.060081481933594	-0.12558621168136597	3096.876220703125	1.0189447402954102	3.899120330810547	0	726	468	1
1	962223	0	1	1	9382911	100597	29.88947868347168	0.5027036666870117	3068.75244140625	1.0041645765304565	3.8850440979003906	0	739	464	483
1	962757	0	5	1	9374170	100666	32.394981384277344	0.2093103528022766	3096.69970703125	1.0153579711914062	3.8920822143554688	0	726	470	1
1	963079	0	1	1	9383661	100603	29.386762619018555	0.25134578347206116	3068.590087890625	1.0105836391448975	3.899120330810547	0	740	464	483
1	963506	0	5	1	9374920	100667	32.311256408691406	0.2093086689710617	3096.588623046875	1.0186541080474854	3.8920822143554688	0	727	472	1
1	963828	0	1	1	9384461	100609	28.884071350097656	0.0837792232632637	3068.71337890625	1.0075538158416748	3.8920822143554688	0	741	466	483
1	964254	0	5	1	9375720	100665	32.47870635986328	-0.33491677045822144	3096.8369140625	1.0172933340072632	3.899120330810547	1	726	468	0
1	964576	0	1	1	9385211	100609	28.884071350097656	-0.4608098566532135	3068.648681640625	1.0127259492874146	3.8920822143554688	0	740	466	484
1	965109	0	5	1	9376570	100671	31.976360321044922	-0.376764714717865	3096.823974609375	1.0201566219329834	3.8780059814453125	0	726	469	1
1	965430	0	1	1	9386011	100608	28.967851638793945	-0.0418904572725296	3068.499267578125	1.009628415107727	3.899120330810547	0	740	465	484
1	965857	0	5	1	9377320	100658	33.0648078918457	0.5023630261421204	3097.007080078125	1.0169333219528198	3.8920822143554688	0	727	471	0
1	966179	0	1	1	9386811	100602	29.47054672241211	0.12567541003227234	3068.609619140625	1.0055879354476929	3.899120330810547	0	740	464	485
1	966606	0	5	1	9378070	100671	31.976360321044922	-0.12558519840240479	3096.58203125	1.019897222518921	3.8920822143554688	1	726	468	0
1	967035	0	1	1	9387561	100611	28.71651268005371	-0.0837792232632637	3068.6162109375	1.0121415853500366	3.899120330810547	0	739	464	483
1	967355	0	5	1	9378870	100664	32.562435150146484	0.33489790558815	3096.9482421875	1.0147031545639038	3.899120330810547	0	726	468	1
1	967784	0	1	1	9388411	100604	29.302978515625	-0.20946238934993744	3068.36962890625	1.005637764930725	3.8920822143554688	0	739	466	483
1	968211	0	5	1	9379670	100668	32.22753143310547	-0.1674516499042511	3096.9482421875	1.0178334712982178	3.8920822143554688	1	726	470	0
1	968533	0	1	1	9389161	100592	30.308427810668945	0.6283972859382629	3068.6875	1.0094239711761475	3.8920822143554688	0	742	465	484
1	968853	0	5	1	9380370	100660	32.89734649658203	0.33490869402885437	3096.876220703125	1.0146753787994385	3.899120330810547	1	725	468	0
1	969282	0	1	1	9389911	100602	29.47054672241211	0.46079501509666443	3068.635498046875	1.0139914751052856	3.899120330810547	0	740	467	483
1	969710	0	5	1	9381120	100668	32.22753143310547	0.0	3096.65380859375	1.0182369947433472	3.906158447265625	1	726	468	0
1	970030	0	1	1	9390711	100615	28.381404876708984	-0.2932237684726715	3068.35009765625	1.0113978385925293	3.906158447265625	0	740	466	484
1	970458	0	5	1	9381920	100671	31.976360321044922	-0.46049389243125916	3096.425048828125	1.018955945968628	3.8920822143554688	0	725	470	0
1	970885	0	1	1	9391511	100613	28.54895782470703	-0.544580340385437	3068.44091796875	1.0109282732009888	3.899120330810547	0	740	466	484
1	971206	0	5	1	9382620	100672	31.89263916015625	-0.41862577199935913	3096.908935546875	1.0158278942108154	3.8920822143554688	0	725	467	0
1	971633	0	1	1	9392261	100604	29.302978515625	0.08378259837627411	3068.233154296875	1.0113919973373413	3.8920822143554688	0	741	463	482
1	972061	0	5	1	9383470	100673	31.808916091918945	0.0	3096.673583984375	1.0192230939865112	3.906158447265625	0	726	471	0
1	972382	0	1	1	9393061	100611	28.71651268005371	0.0	3068.161865234375	1.014121651649475	3.8920822143554688	0	739	464	485
1	972809	0	5	1	9384270	100668	32.22753143310547	0.12558519840240479	3096.5361328125	1.0216193199157715	3.8920822143554688	0	726	468	0
1	973131	0	1	1	9393811	100603	29.386762619018555	0.25134578347206116	3068.317626953125	1.0116764307022095	3.8780059814453125	0	741	466	483
1	973557	0	5	1	9384970	100665	32.47870635986328	0.0	3096.451171875	1.0193406343460083	3.899120330810547	0	726	467	0
1	973879	0	1	1	9394561	100611	28.71651268005371	-0.12566934525966644	3068.33056640625	1.0139367580413818	3.8920822143554688	0	741	464	482
1	974200	0	5	1	9385720	100674	31.725196838378906	-0.29302978515625	3096.562255859375	1.019805669784546	3.8920822143554688	0	725	470	0
1	974627	0	1	1	9395261	100605	29.219196319580078	0.12567238509655	3068.323974609375	1.0090537071228027	3.8780059814453125	0	741	467	483
1	975053	0	5	1	9386470	100673	31.808916091918945	-0.2093069851398468	3096.33349609375	1.0194388628005981	3.8920822143554688	0	726	470	1
1	975375	0	1	1	9396011	100614	28.465179443359375	-0.46079131960868835	3068.187744140625	1.0087794065475464	3.899120330810547	0	740	466	484
1	975696	0	5	1	9387220	100673	31.808916091918945	0.12558014690876007	3096.340087890625	1.0212470293045044	3.8920822143554688	0	726	468	0
1	976124	0	1	1	9396761	100609	28.884071350097656	0.0	3068.278564453125	1.0114351511001587	3.8920822143554688	0	740	466	483
1	976868	0	1	1	9397511	100609	28.884071350097656	0.251333624124527	3068.05810546875	1.007360577583313	3.8780059814453125	0	741	463	483
1	977189	0	5	1	9388620	100668	32.22753143310547	0.4604642689228058	3096.640869140625	1.0221089124679565	3.8780059814453125	1	725	469	0
1	977616	0	1	1	9398261	100611	28.71651268005371	0.04188910871744156	3068.01904296875	1.0083855390548706	3.899120330810547	0	740	464	482
1	978043	0	5	1	9389470	100664	32.562435150146484	0.20931372046470642	3096.3466796875	1.0190379619598389	3.8850440979003906	0	725	470	0
1	978365	0	1	1	9399061	100609	28.884071350097656	0.0837792232632637	3068.025634765625	1.0081787109375	3.8920822143554688	0	740	466	483
1	978792	0	5	1	9390270	100673	31.808916091918945	-0.12558318674564362	3096.673583984375	1.0193252563476562	3.899120330810547	0	725	467	0
1	979115	0	1	1	9399811	100606	29.135414123535156	0.1256713718175888	3068.064453125	1.0084120035171509	3.8850440979003906	0	739	465	483
1	979542	0	5	1	9390970	100668	32.22753143310547	0.2093069851398468	3096.33349609375	1.0194865465164185	3.899120330810547	0	726	468	1
1	979864	0	1	1	9400561	100607	29.051631927490234	-0.041890792548656464	3068.064453125	1.0122044086456299	3.8920822143554688	0	740	466	484
1	980185	0	5	1	9391720	100673	31.808916091918945	-0.3767586350440979	3096.30078125	1.0143808126449585	3.899120330810547	0	725	471	0
1	980611	0	1	1	9401311	100614	28.465179443359375	-0.4188995063304901	3067.92822265625	1.0139578580856323	3.899120330810547	0	739	464	483
1	980934	0	5	1	9392420	100674	31.725196838378906	-0.2511673867702484	3096.470703125	1.0197222232818604	3.8920822143554688	0	726	467	0
1	981361	0	1	1	9402061	100617	28.21385383605957	-0.25132960081100464	3067.86328125	1.009526014328003	3.8920822143554688	0	741	466	484
1	981683	0	5	1	9393120	100680	31.222885131835938	-0.37673744559288025	3096.470703125	1.0153354406356812	3.899120330810547	0	727	469	0
1	982111	0	1	1	9402811	100622	27.79499053955078	-0.4607616364955902	3068.10986328125	1.0090769529342651	3.906158447265625	0	740	466	484
1	982431	0	5	1	9393920	100671	31.976360321044922	0.04186106100678444	3096.594970703125	1.019205927848816	3.8920822143554688	0	726	469	1
1	982858	0	1	1	9403561	100612	28.632734298706055	-0.04188910871744156	3068.1748046875	1.008143424987793	3.899120330810547	0	742	467	481
1	983710	0	1	1	9404311	100603	29.386762619018555	0.7121148109436035	3067.90234375	1.0089324712753296	3.8920822143554688	0	740	467	483
1	983820	0	5	1	9395320	100673	31.808916091918945	0.29301565885543823	3096.438232421875	1.0235280990600586	3.913196563720703	0	726	470	0
1	984459	0	1	1	9405111	100605	29.219196319580078	0.16756249964237213	3068.01904296875	1.01190984249115	3.899120330810547	0	742	467	483
1	984568	0	5	1	9396020	100664	32.562435150146484	0.1674516499042511	3096.457763671875	1.0162224769592285	3.899120330810547	1	725	470	0
1	985951	0	1	1	9406561	100610	28.800291061401367	0.08377855271100998	3068.025634765625	1.0138496160507202	3.8920822143554688	0	740	465	483
1	985951	0	5	1	9397370	100671	31.976360321044922	0.0	3096.608154296875	1.0192886590957642	3.8920822143554688	1	725	469	0
1	986699	0	1	1	9407311	100601	29.554332733154297	0.2932402789592743	3067.94775390625	1.0127891302108765	3.8850440979003906	0	740	467	482
1	986808	0	5	1	9398220	100664	32.562435150146484	0.2511754631996155	3096.470703125	1.0174176692962646	3.8920822143554688	1	726	469	0
1	987447	0	1	1	9408111	100594	30.140846252441406	0.6283872127532959	3067.785400390625	1.002107858657837	3.8920822143554688	0	740	465	483
1	987556	0	5	1	9399020	100661	32.81361770629883	0.502350926399231	3096.24853515625	1.0194737911224365	3.8920822143554688	0	725	468	1
1	988196	0	5	1	9399720	100671	31.976360321044922	-0.3349006175994873	3096.31396484375	1.0171794891357422	3.906158447265625	0	726	469	0
1	988305	0	1	1	9408911	100610	28.800291061401367	-0.2513437569141388	3067.642578125	1.0075608491897583	3.8850440979003906	0	741	464	484
1	989039	0	5	1	9400520	100673	31.808916091918945	-0.2511694133281708	3096.359619140625	1.017164945602417	3.899120330810547	1	726	470	0
1	989144	0	1	1	9409761	100608	28.967851638793945	0.1675584465265274	3067.623291015625	1.0092717409133911	3.8780059814453125	0	740	465	484
1	989899	0	1	1	9410561	100614	28.465179443359375	-0.2094455361366272	3067.61669921875	1.0137035846710205	3.8850440979003906	0	740	464	484
1	989899	0	5	1	9401270	100677	31.474037170410156	-0.3348844647407532	3096.09814453125	1.0194799900054932	3.8920822143554688	1	726	469	0
1	991284	0	1	1	9411961	100611	28.71651268005371	0.16755440831184387	3067.694580078125	1.0119507312774658	3.8920822143554688	0	741	465	484
1	991393	0	5	1	9402770	100671	31.976360321044922	0.1674422323703766	3096.33349609375	1.0177606344223022	3.8920822143554688	1	727	470	0
1	992139	0	1	1	9412711	100614	28.465179443359375	0.20943711698055267	3067.447998046875	1.011184811592102	3.906158447265625	0	741	465	483
1	992249	0	5	1	9403620	100680	31.222885131835938	-0.20929521322250366	3096.3662109375	1.0199564695358276	3.8920822143554688	0	726	467	0
1	992888	0	1	1	9413511	100616	28.29762840270996	-0.041887760162353516	3067.52587890625	1.0116944313049316	3.8920822143554688	0	738	465	483
1	992997	0	5	1	9404420	100679	31.306602478027344	-0.41860219836235046	3096.3857421875	1.016929030418396	3.8850440979003906	0	726	468	0
1	993742	0	1	1	9414311	100611	28.71651268005371	0.0	3067.363525390625	1.009603500366211	3.8850440979003906	0	741	467	486
1	994383	0	5	1	9405820	100671	31.976360321044922	0.1674422323703766	3096.261474609375	1.019349455833435	3.8920822143554688	0	725	470	1
1	994490	0	1	1	9415111	100617	28.21385383605957	0.0	3067.811279296875	1.0110703706741333	3.899120330810547	0	741	466	484
1	995024	0	5	1	9406520	100674	31.725196838378906	0.16743817925453186	3096.438232421875	1.0173046588897705	3.913196563720703	1	725	468	0
1	995238	0	1	1	9415861	100617	28.21385383605957	-0.08377517759799957	3067.512939453125	1.009436011314392	3.8850440979003906	0	739	467	484
1	995878	0	1	1	9416561	100620	27.962533950805664	-0.293211966753006	3067.649169921875	1.0111305713653564	3.906158447265625	0	740	466	483
1	995878	0	5	1	9407320	100678	31.39031982421875	-0.04185904189944267	3096.444580078125	1.014939785003662	3.8920822143554688	2	727	470	0
1	996628	0	5	1	9408020	100676	31.557756423950195	0.041859377175569534	3096.274658203125	1.017566442489624	3.8920822143554688	0	725	470	0
1	996737	0	1	1	9417361	100617	28.21385383605957	-0.041887421160936356	3067.44140625	1.0096765756607056	3.899120330810547	0	741	465	484
1	997483	0	1	1	9418111	100618	28.13007926940918	0.0	3067.454345703125	1.013040542602539	3.8920822143554688	0	739	466	483
1	997483	0	5	1	9408920	100676	31.557756423950195	0.08371841907501221	3096.3857421875	1.0182100534439087	3.8850440979003906	0	726	470	0
1	998231	0	1	1	9418911	100613	28.54895782470703	0.04188843443989754	3067.207763671875	1.004881739616394	3.8920822143554688	0	741	468	485
1	998231	0	5	1	9409720	100676	31.557756423950195	-0.16744087636470795	3096.241943359375	1.0175098180770874	3.906158447265625	0	725	470	0
1	998979	0	5	1	9410420	100674	31.725196838378906	0.2511552572250366	3096.26806640625	1.01620614528656	3.906158447265625	0	725	470	2
1	999088	0	1	1	9419761	100611	28.71651268005371	0.04188910871744156	3067.298583984375	1.0110533237457275	3.899120330810547	0	741	465	484
1	999728	0	5	1	9411220	100673	31.808916091918945	0.20929856598377228	3096.35302734375	1.0184106826782227	3.8850440979003906	0	726	468	0
1	999942	0	1	1	9420561	100619	28.046306610107422	-0.12566125392913818	3067.44140625	1.0128037929534912	3.899120330810547	0	740	463	484
1	1000476	0	5	1	9411920	100663	32.64616012573242	0.08372717350721359	3096.1962890625	1.0174696445465088	3.899120330810547	1	726	469	0
1	1000690	0	1	1	9421361	100598	29.80569076538086	0.544589102268219	3067.259765625	1.013800859451294	3.899120330810547	0	742	468	483
1	1001224	0	5	1	9412620	100674	31.725196838378906	-0.16744357347488403	3096.0654296875	1.0178335905075073	3.8850440979003906	2	727	468	1
1	1001543	0	1	1	9422211	100603	29.386762619018555	0.3770141005516052	3067.279296875	1.0141208171844482	3.8920822143554688	0	740	464	481
1	1001973	0	5	1	9413420	100663	32.64616012573242	0.5442025661468506	3096.143798828125	1.018846869468689	3.8920822143554688	0	726	469	1
1	1002718	0	5	1	9414220	100672	31.89263916015625	-0.37676167488098145	3096.228759765625	1.0168702602386475	3.899120330810547	2	725	467	0
1	1003040	0	1	1	9423611	100605	29.219196319580078	-0.37703534960746765	3067.343994140625	1.0114951133728027	3.906158447265625	0	741	465	483
1	1003467	0	5	1	9414920	100652	33.56720733642578	0.7117010354995728	3096.13720703125	1.0192151069641113	3.906158447265625	1	725	468	0
1	1003788	0	1	1	9424411	100588	30.643598556518555	0.4608469605445862	3067.240234375	1.0092400312423706	3.8920822143554688	0	740	466	485
1	1004214	0	5	1	9415670	100663	32.64616012573242	0.37676167488098145	3095.90185546875	1.0201748609542847	3.8920822143554688	0	726	470	0
1	1004534	0	1	1	9425161	100607	29.051631927490234	0.08378057181835175	3067.337646484375	1.007301926612854	3.8920822143554688	0	741	466	484
1	1005070	0	5	1	9416520	100670	32.060081481933594	-0.2511754631996155	3095.81689453125	1.0247602462768555	3.8920822143554688	0	726	470	0
1	1005283	0	1	1	9425911	100606	29.135414123535156	-0.20945902168750763	3067.1689453125	1.0095146894454956	3.8850440979003906	0	739	465	483
1	1005818	0	5	1	9417270	100657	33.14854049682617	-0.04186611250042915	3095.790771484375	1.018485188484192	3.906158447265625	0	726	467	0
1	1006032	0	1	1	9426661	100601	29.554332733154297	-0.12567946314811707	3067.1103515625	1.0049066543579102	3.899120330810547	0	741	464	483
1	1006566	0	5	1	9418020	100663	32.64616012573242	0.1255902498960495	3095.875732421875	1.0190908908843994	3.8920822143554688	0	727	468	0
1	1006781	0	1	1	9427411	100604	29.302978515625	0.2513437569141388	3067.091064453125	1.0128957033157349	3.8920822143554688	0	739	467	482
1	1007315	0	5	1	9418820	100657	33.14854049682617	0.4186426103115082	3095.823486328125	1.0173799991607666	3.8920822143554688	0	725	470	0
1	1007634	0	1	1	9428261	100598	29.80569076538086	-0.3351600766181946	3067.01953125	1.0122432708740234	3.899120330810547	0	740	466	484
1	1008169	0	5	1	9419570	100665	32.47870635986328	-0.16745568811893463	3095.993408203125	1.019845724105835	3.899120330810547	1	726	469	0
1	1008383	0	1	1	9429011	100601	29.554332733154297	0.20945902168750763	3066.97412109375	1.0099859237670898	3.899120330810547	0	742	464	483
1	1009024	0	5	1	9420420	100659	32.9810791015625	0.12559430301189423	3096.026123046875	1.0171297788619995	3.899120330810547	0	726	470	0
1	1009133	0	1	1	9429811	100601	29.554332733154297	-0.2932567894458771	3066.961181640625	1.0123430490493774	3.899120330810547	0	739	464	484
1	1009880	0	1	1	9430561	100605	29.219196319580078	-0.37703534960746765	3067.1103515625	1.0111562013626099	3.899120330810547	0	741	464	486
1	1009880	0	5	1	9421220	100665	32.47870635986328	-0.16745568811893463	3095.75146484375	1.0185798406600952	3.8920822143554688	0	726	472	0
1	1010521	0	5	1	9422020	100673	31.808916091918945	-0.33489522337913513	3096.104736328125	1.0161811113357544	3.899120330810547	0	726	468	0
1	1010737	0	1	1	9431361	100611	28.71651268005371	-0.25134173035621643	3067.000244140625	1.0108635425567627	3.906158447265625	0	740	464	483
1	1011269	0	5	1	9422720	100663	32.64616012573242	-0.04186409339308739	3095.823486328125	1.0207812786102295	3.8850440979003906	0	725	470	0
1	1011485	0	1	1	9432161	100600	29.638118743896484	0.0	3067.045654296875	1.0117441415786743	3.8920822143554688	0	740	465	484
1	1012017	0	5	1	9423520	100672	31.89263916015625	-0.5023549795150757	3095.921630859375	1.022102952003479	3.899120330810547	0	725	468	0
1	1012338	0	1	1	9432911	100612	28.632734298706055	-0.04188910871744156	3067.162353515625	1.011417269706726	3.8850440979003906	0	740	465	485
1	1012874	0	5	1	9424270	100670	32.060081481933594	-0.12558621168136597	3095.771240234375	1.0206809043884277	3.8850440979003906	1	726	469	1
1	1013513	0	5	1	9425020	100664	32.562435150146484	-0.08372784405946732	3095.849609375	1.0194251537322998	3.906158447265625	0	726	470	0
1	1013833	0	1	1	9434411	100614	28.465179443359375	-0.3770080506801605	3066.92236328125	1.0148216485977173	3.8920822143554688	0	740	465	484
1	1014262	0	5	1	9425720	100670	32.060081481933594	0.0418613962829113	3095.810302734375	1.021824836730957	3.899120330810547	0	727	468	0
1	1014581	0	1	1	9435211	100612	28.632734298706055	0.08377720415592194	3066.837890625	1.0130754709243774	3.899120330810547	0	739	466	483
1	1015009	0	5	1	9426420	100671	31.976360321044922	-0.0418613962829113	3095.738525390625	1.0175385475158691	3.913196563720703	0	726	469	0
1	1015330	0	1	1	9436011	100613	28.54895782470703	-0.2094472199678421	3066.403076171875	1.010484218597412	3.899120330810547	0	741	464	484
1	1015759	0	5	1	9427220	100678	31.39031982421875	-0.46046796441078186	3095.738525390625	1.0166958570480347	3.906158447265625	0	725	469	1
1	1016186	0	1	1	9436761	100611	28.71651268005371	0.04188910871744156	3066.824951171875	1.0138999223709106	3.899120330810547	0	741	467	485
1	1016400	0	5	1	9427920	100673	31.808916091918945	0.08372043818235397	3095.7841796875	1.0227724313735962	3.9202346801757812	1	726	469	0
1	1016935	0	1	1	9437561	100611	28.71651268005371	0.08377787470817566	3066.88330078125	1.0088434219360352	3.8920822143554688	0	741	466	482
1	1017257	0	5	1	9428670	100673	31.808916091918945	-0.08372178673744202	3095.7646484375	1.0190950632095337	3.8920822143554688	0	726	469	0
1	1017684	0	1	1	9438361	100616	28.29762840270996	-0.041887760162353516	3066.79248046875	1.0113646984100342	3.906158447265625	0	739	465	483
1	1018005	0	5	1	9429420	100673	31.808916091918945	0.04186038672924042	3095.6142578125	1.0176233053207397	3.8920822143554688	0	726	469	0
1	1018432	0	1	1	9439111	100612	28.632734298706055	-0.04188910871744156	3066.63671875	1.0132509469985962	3.899120330810547	0	740	466	486
1	1018754	0	5	1	9430220	100667	32.311256408691406	0.2093086689710617	3095.627197265625	1.017645001411438	3.8920822143554688	0	726	468	0
1	1019182	0	1	1	9439861	100608	28.967851638793945	0.3769989311695099	3066.59765625	1.0137745141983032	3.8920822143554688	0	739	466	483
1	1019609	0	5	1	9430970	100669	32.14380645751953	0.16744491457939148	3095.69921875	1.0157124996185303	3.8920822143554688	0	727	471	0
1	1020036	0	1	1	9440611	100614	28.465179443359375	-0.1256663054227829	3066.487548828125	1.0146819353103638	3.899120330810547	0	741	468	482
1	1020250	0	5	1	9431720	100673	31.808916091918945	0.0	3095.758056640625	1.015665054321289	3.8850440979003906	0	725	469	0
1	1020784	0	1	1	9441411	100607	29.051631927490234	0.08378057181835175	3066.65625	1.0094927549362183	3.899120330810547	0	741	465	484
1	1021105	0	5	1	9432470	100674	31.725196838378906	-0.2511673867702484	3095.673095703125	1.0175042152404785	3.8920822143554688	0	725	467	0
1	1021640	0	1	1	9442211	100616	28.29762840270996	-0.2094421684741974	3066.474365234375	1.0094385147094727	3.899120330810547	0	740	465	483
1	1021855	0	5	1	9433320	100673	31.808916091918945	0.1674395352602005	3095.758056640625	1.0186110734939575	3.8920822143554688	0	726	468	0
1	1022389	0	1	1	9443011	100613	28.54895782470703	-0.08377787470817566	3066.37060546875	1.010809302330017	3.906158447265625	0	741	464	483
1	1022605	0	5	1	9434070	100676	31.557756423950195	-0.4604753851890564	3095.738525390625	1.02061128616333	3.906158447265625	0	725	469	1
1	1023137	0	1	1	9443811	100614	28.465179443359375	-0.25133565068244934	3066.558837890625	1.0126311779022217	3.906158447265625	0	741	465	484
1	1023353	0	5	1	9434820	100668	32.22753143310547	0.29302743077278137	3095.823486328125	1.0214285850524902	3.8920822143554688	1	727	470	0
1	1023993	0	1	1	9444561	100612	28.632734298706055	0.0	3066.21484375	1.0092878341674805	3.899120330810547	0	739	465	484
1	1024102	0	5	1	9435570	100677	31.474037170410156	-0.1674395352602005	3095.849609375	1.0216501951217651	3.8920822143554688	0	726	470	0
1	1024741	0	1	1	9445361	100616	28.29762840270996	-0.2513315975666046	3066.25390625	1.0082019567489624	3.8920822143554688	0	742	465	483
1	1024850	0	5	1	9436320	100675	31.641475677490234	-0.12558116018772125	3095.927978515625	1.0197244882583618	3.8920822143554688	0	727	469	0
1	1025490	0	1	1	9446111	100615	28.381404876708984	-0.04188809543848038	3066.474365234375	1.0108612775802612	3.906158447265625	0	742	464	485
1	1025599	0	5	1	9437120	100663	32.64616012573242	0.46048277616500854	3095.6796875	1.0134940147399902	3.899120330810547	0	727	471	0
1	1026237	0	1	1	9446911	100614	28.465179443359375	0.25132352113723755	3066.448486328125	1.0122475624084473	3.8920822143554688	0	741	464	483
1	1026451	0	5	1	9437870	100670	32.060081481933594	0.2930227220058441	3095.823486328125	1.018517017364502	3.8920822143554688	0	726	470	0
1	1027090	0	1	1	9447711	100608	28.967851638793945	0.25133565068244934	3066.292724609375	1.0110975503921509	3.8920822143554688	0	742	468	483
1	1027199	0	5	1	9438670	100669	32.14380645751953	0.37674349546432495	3095.888916015625	1.0187838077545166	3.899120330810547	0	725	469	0
1	1027839	0	1	1	9448461	100608	28.967851638793945	0.12566934525966644	3066.29931640625	1.0141181945800781	3.8920822143554688	0	741	466	483
1	1027948	0	5	1	9439470	100674	31.725196838378906	0.08371976763010025	3095.908447265625	1.0233635902404785	3.899120330810547	0	725	471	0
1	1028588	0	1	1	9449261	100615	28.381404876708984	-0.16755440831184387	3066.234375	1.0078386068344116	3.8920822143554688	0	740	464	483
1	1028805	0	5	1	9440220	100679	31.306602478027344	-0.29301801323890686	3095.73193359375	1.016589641571045	3.899120330810547	0	725	470	0
1	1029444	0	1	1	9450061	100618	28.13007926940918	-0.502667248249054	3066.111083984375	1.0113087892532349	3.906158447265625	0	740	464	484
1	1029444	0	5	1	9440970	100685	30.804311752319336	-0.9209248423576355	3095.744873046875	1.0229804515838623	3.899120330810547	0	725	470	0
1	1030193	0	1	1	9450811	100618	28.13007926940918	-0.2513275742530823	3065.98779296875	1.0128343105316162	3.899120330810547	0	739	465	485
1	1030300	0	5	1	9441720	100682	31.05545425415039	-0.41859209537506104	3095.79736328125	1.017345905303955	3.8850440979003906	0	728	468	0
1	1030941	0	5	1	9442470	100675	31.641475677490234	0.041859716176986694	3095.5029296875	1.0188974142074585	3.906158447265625	0	726	472	0
1	1031048	0	1	1	9451611	100620	27.962533950805664	-0.0837731584906578	3066.156494140625	1.010887622833252	3.913196563720703	0	743	465	484
1	1032434	0	1	1	9453061	100617	28.21385383605957	-0.041887421160936356	3066.14990234375	1.011167287826538	3.8920822143554688	0	741	465	485
1	1032434	0	5	1	9443870	100674	31.725196838378906	0.16743817925453186	3095.758056640625	1.0205748081207275	3.8850440979003906	1	726	470	0
1	1033182	0	5	1	9444670	100672	31.89263916015625	0.16744087636470795	3095.6337890625	1.0182479619979858	3.8920822143554688	0	727	468	0
1	1034034	0	5	1	9445420	100680	31.222885131835938	-0.29301565885543823	3095.725341796875	1.0194940567016602	3.8920822143554688	0	726	471	0
1	1034461	0	1	1	9455061	100615	28.381404876708984	0.08377517759799957	3066.07861328125	1.0087320804595947	3.8780059814453125	0	741	466	483
1	1034888	0	5	1	9446270	100678	31.39031982421875	-0.1255781352519989	3095.476806640625	1.0178989171981812	3.8850440979003906	0	726	469	0
1	1035209	0	1	1	9455861	100622	27.79499053955078	-0.41887253522872925	3066.117431640625	1.0083094835281372	3.899120330810547	0	741	466	485
1	1035529	0	5	1	9447020	100681	31.139169692993164	-0.20929352939128876	3095.705810546875	1.0189365148544312	3.8920822143554688	0	726	469	0
1	1035958	0	1	1	9456661	100619	28.046306610107422	-0.12566125392913818	3065.916259765625	1.006981611251831	3.8850440979003906	0	740	466	483
1	1036385	0	5	1	9447770	100682	31.05545425415039	-0.20929184556007385	3095.673095703125	1.0224300622940063	3.899120330810547	1	726	469	1
1	1036813	0	1	1	9457411	100617	28.21385383605957	0.0	3065.78662109375	1.0126594305038452	3.906158447265625	0	740	465	481
1	1037240	0	5	1	9448620	100676	31.557756423950195	0.2511512041091919	3095.96728515625	1.0177398920059204	3.899120330810547	0	726	468	1
1	1037561	0	1	1	9458211	100613	28.54895782470703	0.293211966753006	3065.955322265625	1.0094271898269653	3.899120330810547	0	740	466	483
1	1037988	0	5	1	9449420	100680	31.222885131835938	0.0	3095.60107421875	1.0196272134780884	3.899120330810547	1	725	469	0
1	1038309	0	1	1	9458961	100618	28.13007926940918	-0.16755035519599915	3065.74755859375	1.0077452659606934	3.8850440979003906	0	742	466	483
1	1038631	0	5	1	9450120	100681	31.139169692993164	-0.08371639996767044	3095.692626953125	1.019027590751648	3.899120330810547	0	725	468	0
1	1039059	0	1	1	9459761	100614	28.465179443359375	0.0	3065.799560546875	1.0103368759155273	3.8920822143554688	0	740	466	483
1	1039381	0	5	1	9450870	100677	31.474037170410156	0.2511492073535919	3095.88232421875	1.018054723739624	3.8850440979003906	0	725	468	0
1	1039914	0	1	1	9460561	100618	28.13007926940918	-0.08377450704574585	3065.754150390625	1.0154476165771484	3.8850440979003906	0	741	465	483
1	1040131	0	5	1	9451620	100680	31.222885131835938	0.1255730837583542	3095.7646484375	1.020172119140625	3.8920822143554688	0	725	469	2
1	1040663	0	1	1	9461311	100617	28.21385383605957	0.2932025194168091	3065.79296875	1.0117584466934204	3.906158447265625	0	740	466	483
1	1040879	0	5	1	9452320	100679	31.306602478027344	0.2511451542377472	3095.81689453125	1.019413709640503	3.8920822143554688	1	726	471	0
1	1041411	0	1	1	9462111	100622	27.79499053955078	-0.08377180993556976	3065.961669921875	1.0133346319198608	3.8920822143554688	0	740	465	484
1	1041734	0	5	1	9453170	100682	31.05545425415039	-0.08371572941541672	3095.391845703125	1.017712116241455	3.8850440979003906	0	726	470	1
1	1042269	0	1	1	9462911	100622	27.79499053955078	-0.20943205058574677	3065.955322265625	1.0094243288040161	3.899120330810547	0	739	465	485
1	1042483	0	5	1	9453970	100684	30.888025283813477	-0.25114718079566956	3095.60107421875	1.0199596881866455	3.8920822143554688	0	726	469	0
1	1043017	0	1	1	9463661	100623	27.711219787597656	-0.2932048738002777	3065.83837890625	1.0086877346038818	3.8920822143554688	0	740	465	485
1	1043338	0	5	1	9454720	100687	30.636886596679688	-0.3348575234413147	3095.4833984375	1.019378900527954	3.899120330810547	0	725	470	0
1	1043870	0	1	1	9464511	100624	27.62744903564453	-0.2932025194168091	3065.695556640625	1.0099296569824219	3.8920822143554688	0	741	466	483
1	1044086	0	5	1	9455520	100683	30.971738815307617	-0.1255730837583542	3095.588134765625	1.0191164016723633	3.899120330810547	0	727	469	1
1	1044725	0	1	1	9465311	100619	28.046306610107422	0.20942868292331696	3065.734619140625	1.0133074522018433	3.913196563720703	0	740	466	484
1	1044832	0	5	1	9456320	100678	31.39031982421875	0.25114718079566956	3095.6337890625	1.0190434455871582	3.8850440979003906	1	727	467	0
1	1045475	0	1	1	9466111	100613	28.54895782470703	0.5445233583450317	3065.67626953125	1.0092265605926514	3.8920822143554688	0	741	467	484
1	1045582	0	5	1	9457020	100676	31.557756423950195	0.2511512041091919	3095.607666015625	1.022424578666687	3.899120330810547	1	726	467	0
1	1046224	0	1	1	9466911	100610	28.800291061401367	0.33510610461235046	3065.7216796875	1.013587474822998	3.8780059814453125	0	740	466	484
1	1046331	0	5	1	9457720	100675	31.641475677490234	0.1255781352519989	3095.49658203125	1.0209882259368896	3.899120330810547	0	726	469	0
1	1047077	0	1	1	9467661	100614	28.465179443359375	0.20943711698055267	3065.708740234375	1.010595679283142	3.899120330810547	0	741	465	485
1	1047186	0	5	1	9458570	100672	31.89263916015625	0.12558116018772125	3095.37890625	1.0209251642227173	3.8850440979003906	1	726	470	0
1	1047823	0	1	1	9468461	100619	28.046306610107422	-0.2513255476951599	3065.5009765625	1.0060389041900635	3.899120330810547	0	741	466	483
1	1047932	0	5	1	9459370	100685	30.804311752319336	-0.2930038571357727	3095.437744140625	1.0187327861785889	3.8920822143554688	0	726	469	0
1	1048571	0	1	1	9469261	100614	28.465179443359375	-0.2094455361366272	3065.47509765625	1.0077379941940308	3.899120330810547	0	741	463	483
1	1048680	0	5	1	9460170	100674	31.725196838378906	0.041860051453113556	3095.509521484375	1.0162752866744995	3.8920822143554688	1	726	470	0
1	1049425	0	1	1	9470011	100617	28.21385383605957	-0.25132960081100464	3065.390625	1.00970458984375	3.8920822143554688	0	741	467	484
1	1049425	0	5	1	9460870	100678	31.39031982421875	0.0	3095.359130859375	1.0179803371429443	3.8920822143554688	1	725	469	2
1	1050173	0	1	1	9470811	100617	28.21385383605957	0.041887085884809494	3065.539794921875	1.0100762844085693	3.8920822143554688	0	742	464	483
1	1050173	0	5	1	9461620	100674	31.725196838378906	0.16743817925453186	3095.391845703125	1.017600417137146	3.8920822143554688	0	726	470	0
1	1050922	0	5	1	9462370	100681	31.139169692993164	-0.3767344057559967	3095.457275390625	1.0171523094177246	3.8920822143554688	0	726	467	0
1	1051031	0	1	1	9471611	100621	27.878761291503906	-0.3350980281829834	3065.23486328125	1.0132148265838623	3.8920822143554688	0	741	464	483
1	1051778	0	1	1	9472411	100621	27.878761291503906	0.12565620243549347	3065.604736328125	1.0102120637893677	3.8920822143554688	0	740	466	482
1	1052310	0	5	1	9463770	100681	31.139169692993164	0.20928511023521423	3095.51611328125	1.0173919200897217	3.8920822143554688	0	726	470	0
1	1052527	0	1	1	9473211	100618	28.13007926940918	0.2513154447078705	3065.54638671875	1.012168049812317	3.8920822143554688	0	740	466	484
1	1053058	0	5	1	9464470	100683	30.971738815307617	0.0	3095.509521484375	1.0172119140625	3.899120330810547	0	726	468	0
1	1053380	0	1	1	9473961	100626	27.459911346435547	-0.167539581656456	3065.384033203125	1.00838303565979	3.8920822143554688	0	741	468	483
1	1054126	0	1	1	9474761	100625	27.54368019104004	-0.16754092276096344	3065.338623046875	1.0124764442443848	3.8920822143554688	0	741	465	483
1	1054445	0	5	1	9465820	100683	30.971738815307617	0.0	3095.66650390625	1.0215376615524292	3.899120330810547	0	727	467	0
1	1054875	0	1	1	9475561	100620	27.962533950805664	0.20942699909210205	3065.332275390625	1.0117815732955933	3.8850440979003906	0	741	463	484
1	1055302	0	5	1	9466670	100686	30.720600128173828	0.0	3095.31982421875	1.01710045337677	3.8850440979003906	0	726	470	1
1	1055729	0	1	1	9476311	100623	27.711219787597656	0.1256541758775711	3065.36474609375	1.0100796222686768	3.8850440979003906	0	740	465	484
1	1056050	0	5	1	9467470	100680	31.222885131835938	-0.08371707051992416	3095.339599609375	1.0142842531204224	3.8850440979003906	0	726	470	0
1	1056477	0	1	1	9477111	100623	27.711219787597656	-0.08377113938331604	3065.332275390625	1.008501410484314	3.8920822143554688	0	741	465	483
1	1057221	0	1	1	9477861	100615	28.381404876708984	0.37697771191596985	3065.176513671875	1.006426453590393	3.8920822143554688	0	742	465	483
1	1057437	0	5	1	9468870	100680	31.222885131835938	0.04185803234577179	3095.28076171875	1.0174689292907715	3.899120330810547	0	725	470	0
1	1057969	0	1	1	9478661	100621	27.878761291503906	0.08377113938331604	3065.293212890625	1.0064685344696045	3.899120330810547	0	741	466	484
1	1058078	0	5	1	9469570	100681	31.139169692993164	0.04185769334435463	3095.424560546875	1.0161536931991577	3.8920822143554688	0	725	469	0
1	1058826	0	1	1	9479461	100619	28.046306610107422	-0.041886746883392334	3065.12451171875	1.009245753288269	3.8920822143554688	0	741	465	483
1	1058826	0	5	1	9470270	100679	31.306602478027344	-0.08371774852275848	3095.424560546875	1.014408826828003	3.899120330810547	0	725	470	0
1	1059575	0	1	1	9480211	100622	27.79499053955078	-0.20943205058574677	3065.2607421875	1.0110056400299072	3.8780059814453125	0	740	464	483
1	1059575	0	5	1	9471070	100680	31.222885131835938	-0.16743549704551697	3095.123779296875	1.0173161029815674	3.8850440979003906	0	726	471	0
1	1060324	0	1	1	9481011	100618	28.13007926940918	0.041886746883392334	3065.150390625	1.0098488330841064	3.8920822143554688	0	742	465	484
1	1060433	0	5	1	9471820	100676	31.557756423950195	0.041859377175569534	3095.189208984375	1.0152570009231567	3.8920822143554688	0	726	469	0
1	1061072	0	1	1	9481711	100613	28.54895782470703	0.5026389360427856	3065.0986328125	1.008865237236023	3.906158447265625	0	739	467	486
1	1061181	0	5	1	9472620	100681	31.139169692993164	0.2929967939853668	3095.41796875	1.0218303203582764	3.8850440979003906	0	725	469	0
1	1061821	0	1	1	9482511	100620	27.962533950805664	-0.20943541824817657	3065.0986328125	1.0104384422302246	3.899120330810547	0	740	465	483
1	1061930	0	5	1	9473420	100685	30.804311752319336	-0.33486291766166687	3095.30029296875	1.0165389776229858	3.906158447265625	0	726	468	0
1	1062675	0	5	1	9474120	100687	30.636886596679688	-0.3767162263393402	3095.326416015625	1.0157476663589478	3.899120330810547	0	725	470	0
1	1063422	0	5	1	9474820	100690	30.38575553894043	-0.37670713663101196	3095.228271484375	1.0175139904022217	3.8920822143554688	0	725	470	1
1	1064274	0	5	1	9475670	100684	30.888025283813477	0.0	3095.3134765625	1.0185015201568604	3.8850440979003906	0	725	469	0
1	1064488	0	1	1	9485161	100627	27.376142501831055	-0.16753822565078735	3065.12451171875	1.0104734897613525	3.8850440979003906	0	741	464	483
1	1065022	0	5	1	9476470	100688	30.55317497253418	-0.12556803226470947	3095.30029296875	1.0209131240844727	3.906158447265625	1	725	469	0
1	1065236	0	1	1	9485911	100624	27.62744903564453	0.04188472405076027	3065.150390625	1.0100303888320923	3.8920822143554688	0	741	467	483
1	1065983	0	1	1	9486661	100626	27.459911346435547	0.04188404977321625	3065.0986328125	1.0113142728805542	3.8920822143554688	0	740	466	485
1	1066410	0	5	1	9477870	100687	30.636886596679688	-0.08371236175298691	3095.359130859375	1.0175315141677856	3.8920822143554688	0	726	468	0
1	1066837	0	1	1	9487411	100622	27.79499053955078	0.25130733847618103	3065.10498046875	1.0077208280563354	3.8920822143554688	0	741	466	484
1	1067158	0	5	1	9478620	100685	30.804311752319336	-0.041856683790683746	3095.6796875	1.0136901140213013	3.8920822143554688	0	725	467	0
1	1067585	0	1	1	9488211	100627	27.376142501831055	-0.16753822565078735	3064.624755859375	1.0088133811950684	3.8920822143554688	0	740	465	483
1	1067907	0	5	1	9479420	100684	30.888025283813477	0.25113505125045776	3095.424560546875	1.0186330080032349	3.8920822143554688	0	725	469	0
1	1068335	0	1	1	9488961	100619	28.046306610107422	0.2931978106498718	3064.774169921875	1.0100103616714478	3.8920822143554688	0	741	465	484
1	1068763	0	5	1	9480170	100685	30.804311752319336	-0.041856683790683746	3095.31982421875	1.0150742530822754	3.899120330810547	0	725	468	0
1	1069085	0	1	1	9489761	100620	27.962533950805664	0.20942699909210205	3064.94287109375	1.009421944618225	3.8920822143554688	0	740	464	483
1	1069512	0	5	1	9480970	100684	30.888025283813477	-0.08371438086032867	3095.34619140625	1.0135934352874756	3.8920822143554688	0	726	468	0
1	1069937	0	1	1	9490561	100622	27.79499053955078	-0.12565821409225464	3064.663818359375	1.0125536918640137	3.8920822143554688	0	741	465	483
1	1070258	0	5	1	9481770	100689	30.469465255737305	-0.2929944396018982	3095.248046875	1.0173629522323608	3.8920822143554688	0	726	467	0
1	1070685	0	1	1	9491311	100619	28.046306610107422	0.08377248793840408	3064.8974609375	1.012996792793274	3.899120330810547	0	740	464	483
1	1071006	0	5	1	9482470	100682	31.05545425415039	-0.16743279993534088	3095.28076171875	1.0173105001449585	3.8920822143554688	1	725	469	0
1	1071433	0	1	1	9492061	100621	27.878761291503906	-0.2513214945793152	3064.800048828125	1.0110667943954468	3.899120330810547	0	741	465	483
1	1071754	0	5	1	9483270	100686	30.720600128173828	-0.12557005882263184	3095.3984375	1.0197398662567139	3.8920822143554688	2	725	469	0
1	1072181	0	1	1	9492811	100625	27.54368019104004	-0.04188472405076027	3064.8779296875	1.009329915046692	3.899120330810547	0	739	466	484
1	1072503	0	5	1	9483970	100682	31.05545425415039	-0.04185769334435463	3095.08447265625	1.0171257257461548	3.8920822143554688	0	725	471	0
1	1072930	0	1	1	9493611	100623	27.711219787597656	-0.12565721571445465	3065.16357421875	1.0098270177841187	3.899120330810547	0	741	468	484
1	1073251	0	5	1	9484670	100686	30.720600128173828	-0.25114312767982483	3095.19580078125	1.018576979637146	3.8920822143554688	0	726	471	0
1	1073785	0	1	1	9494411	100626	27.459911346435547	0.08376776427030563	3064.670166015625	1.0109484195709229	3.8920822143554688	0	741	466	483
1	1073999	0	5	1	9485470	100684	30.888025283813477	0.08371303230524063	3095.34619140625	1.017112374305725	3.8920822143554688	0	725	471	0
1	1074533	0	1	1	9495211	100626	27.459911346435547	0.04188404977321625	3064.61181640625	1.013567566871643	3.8920822143554688	0	741	466	485
1	1074747	0	5	1	9486270	100681	31.139169692993164	0.0837150514125824	3095.326416015625	1.0162591934204102	3.8920822143554688	0	725	470	0
1	1075387	0	1	1	9496011	100628	27.292375564575195	-0.1675368845462799	3064.56640625	1.0107884407043457	3.906158447265625	0	740	465	481
1	1075497	0	5	1	9486970	100685	30.804311752319336	0.041856348514556885	3095.372314453125	1.018033742904663	3.8920822143554688	0	725	469	1
1	1076137	0	1	1	9496761	100613	28.54895782470703	0.5026389360427856	3064.819580078125	1.0094883441925049	3.8920822143554688	0	741	464	484
1	1076246	0	5	1	9487670	100684	30.888025283813477	-0.041857022792100906	3095.49658203125	1.0146164894104004	3.8920822143554688	0	727	471	0
1	1076886	0	5	1	9488370	100686	30.720600128173828	0.08371168375015259	3095.3525390625	1.01881742477417	3.899120330810547	0	726	468	0
1	1076995	0	1	1	9497611	100624	27.62744903564453	0.04188472405076027	3064.5859375	1.013583779335022	3.8920822143554688	0	740	466	485
1	1077634	0	5	1	9489070	100687	30.636886596679688	-0.04185601323843002	3095.1826171875	1.0158631801605225	3.8850440979003906	0	725	471	0
1	1077743	0	1	1	9498411	100622	27.79499053955078	-0.16754497587680817	3064.819580078125	1.0131206512451172	3.899120330810547	0	741	463	484
1	1078382	0	5	1	9489870	100684	30.888025283813477	-0.25114718079566956	3095.16943359375	1.0164439678192139	3.906158447265625	0	726	471	0
1	1078597	0	1	1	9499211	100622	27.79499053955078	0.0	3064.68310546875	1.016231656074524	3.8920822143554688	0	741	465	484
1	1079131	0	5	1	9490570	100680	31.222885131835938	0.1255730837583542	3095.221923828125	1.0187599658966064	3.8920822143554688	2	725	469	0
1	1079345	0	1	1	9500011	100615	28.381404876708984	0.20943541824817657	3064.72216796875	1.0144747495651245	3.899120330810547	0	741	464	485
1	1079879	0	5	1	9491370	100679	31.306602478027344	0.04185836762189865	3095.293701171875	1.017506718635559	3.906158447265625	1	726	470	0
1	1080200	0	1	1	9500761	100621	27.878761291503906	-0.20943373441696167	3064.624755859375	1.0117019414901733	3.899120330810547	0	741	465	484
1	1080732	0	5	1	9492070	100681	31.139169692993164	0.125572070479393	3095.1171875	1.018660306930542	3.899120330810547	0	725	469	1
1	1080948	0	1	1	9501611	100626	27.459911346435547	-0.08376911282539368	3064.618408203125	1.0104988813400269	3.8850440979003906	0	738	465	486
1	1081480	0	5	1	9492920	100688	30.55317497253418	-0.46043094992637634	3095.19580078125	1.018723964691162	3.899120330810547	0	725	471	0
1	1081803	0	1	1	9502411	100625	27.54368019104004	-0.16754092276096344	3064.508056640625	1.0097019672393799	3.8920822143554688	0	741	466	484
1	1082338	0	5	1	9493720	100681	31.139169692993164	-0.04185803234577179	3095.248046875	1.0179170370101929	3.899120330810547	0	725	469	0
1	1082553	0	1	1	9503211	100619	28.046306610107422	0.08377248793840408	3064.624755859375	1.008291482925415	3.906158447265625	0	739	465	484
1	1083192	0	5	1	9494570	100687	30.636886596679688	-0.08371236175298691	3095.594482421875	1.0192593336105347	3.8850440979003906	1	726	469	0
1	1083406	0	1	1	9504011	100625	27.54368019104004	0.08376844227313995	3064.605224609375	1.0129878520965576	3.899120330810547	0	739	466	484
1	1083940	0	5	1	9495370	100682	31.05545425415039	0.20928342640399933	3095.176025390625	1.0189260244369507	3.899120330810547	1	726	469	1
1	1084154	0	1	1	9504811	100625	27.54368019104004	-0.04188472405076027	3064.50146484375	1.0133225917816162	3.899120330810547	0	740	466	484
1	1084689	0	5	1	9496170	100682	31.05545425415039	-0.16743279993534088	3095.110595703125	1.0167827606201172	3.8920822143554688	0	726	471	0
1	1084903	0	1	1	9505611	100620	27.962533950805664	0.20942699909210205	3064.748046875	1.012128233909607	3.8920822143554688	0	741	466	484
1	1085437	0	5	1	9496870	100679	31.306602478027344	0.37671318650245667	3095.45068359375	1.018826961517334	3.899120330810547	0	726	470	0
1	1085760	0	1	1	9506361	100623	27.711219787597656	-0.20943036675453186	3064.423583984375	1.0130715370178223	3.8850440979003906	0	741	466	484
1	1086187	0	5	1	9497570	100683	30.971738815307617	0.08371370285749435	3095.620849609375	1.0199493169784546	3.899120330810547	0	725	470	0
1	1086614	0	1	1	9507211	100625	27.54368019104004	-0.1256551891565323	3064.404052734375	1.0067533254623413	3.8920822143554688	0	741	467	484
1	1087041	0	5	1	9498420	100684	30.888025283813477	-0.041857022792100906	3095.16943359375	1.0200722217559814	3.8920822143554688	0	726	467	0
1	1088443	0	5	1	9499870	100679	31.306602478027344	0.41856852173805237	3095.411376953125	1.0201281309127808	3.8920822143554688	0	726	467	1
1	1088552	0	1	1	9509111	100620	27.962533950805664	0.16754227876663208	3064.689697265625	1.0086650848388672	3.906158447265625	0	741	466	484
1	1089191	0	5	1	9500620	100684	30.888025283813477	0.041856683790683746	3095.13671875	1.0223132371902466	3.899120330810547	0	726	471	0
1	1089300	0	1	1	9509911	100621	27.878761291503906	0.04188573732972145	3064.52099609375	1.0101872682571411	3.8920822143554688	0	741	465	483
1	1089940	0	5	1	9501420	100682	31.05545425415039	0.12557105720043182	3095.208740234375	1.0179052352905273	3.899120330810547	0	725	469	1
1	1090049	0	1	1	9510661	100624	27.62744903564453	-0.08377046138048172	3064.56640625	1.0107927322387695	3.8920822143554688	0	740	465	485
1	1090688	0	5	1	9502120	100688	30.55317497253418	-0.08371168375015259	3095.1630859375	1.0188348293304443	3.899120330810547	1	725	470	0
1	1090797	0	1	1	9511411	100624	27.62744903564453	-0.04188506305217743	3064.404052734375	1.0109750032424927	3.906158447265625	0	740	468	485
1	1091543	0	5	1	9502970	100685	30.804311752319336	-0.08371370285749435	3095.339599609375	1.0182050466537476	3.8850440979003906	0	727	469	0
1	1091650	0	1	1	9512261	100623	27.711219787597656	0.0	3064.293701171875	1.0134843587875366	3.8920822143554688	0	741	468	483
1	1092291	0	5	1	9503720	100687	30.636886596679688	0.16742068529129028	3095.071533203125	1.0178537368774414	3.906158447265625	0	725	471	1
1	1092400	0	1	1	9513061	100624	27.62744903564453	0.04188472405076027	3064.33935546875	1.0128989219665527	3.8920822143554688	0	742	465	484
1	1093040	0	5	1	9504470	100677	31.474037170410156	0.16743414103984833	3095.14990234375	1.0208685398101807	3.899120330810547	0	726	469	0
1	1093254	0	1	1	9513861	100617	28.21385383605957	0.33508723974227905	3064.267822265625	1.0119423866271973	3.899120330810547	0	741	465	483
1	1093788	0	5	1	9505270	100681	31.139169692993164	0.20928511023521423	3095.31982421875	1.0190045833587646	3.8920822143554688	0	725	470	0
1	1094003	0	1	1	9514661	100618	28.13007926940918	0.16754497587680817	3064.306884765625	1.0104143619537354	3.8850440979003906	0	741	466	483
1	1094538	0	5	1	9505970	100680	31.222885131835938	0.20928679406642914	3095.221923828125	1.0153284072875977	3.8780059814453125	0	725	469	1
1	1094754	0	1	1	9515411	100622	27.79499053955078	-0.04188573732972145	3064.358642578125	1.0106631517410278	3.8920822143554688	0	742	468	484
1	1095287	0	5	1	9506670	100684	30.888025283813477	-0.125572070479393	3094.9013671875	1.017313003540039	3.8920822143554688	0	727	468	0
1	1095609	0	1	1	9516211	100622	27.79499053955078	-0.08377180993556976	3064.11865234375	1.0125226974487305	3.899120330810547	0	741	466	484
1	1096036	0	5	1	9507420	100682	31.05545425415039	-0.08371572941541672	3095.267578125	1.0169296264648438	3.899120330810547	0	725	469	1
1	1096357	0	1	1	9516961	100624	27.62744903564453	-0.04188506305217743	3064.313232421875	1.0117418766021729	3.899120330810547	0	739	465	484
1	1096784	0	5	1	9508170	100683	30.971738815307617	0.041857022792100906	3095.038818359375	1.0177782773971558	3.899120330810547	0	725	471	1
1	1097211	0	1	1	9517861	100623	27.711219787597656	-0.25131744146347046	3064.326171875	1.007960319519043	3.8920822143554688	0	740	465	484
1	1098064	0	1	1	9518611	100629	27.208608627319336	-0.16753552854061127	3064.306884765625	1.0087863206863403	3.8920822143554688	0	740	466	483
1	1098278	0	5	1	9509670	100686	30.720600128173828	0.0	3095.3525390625	1.0171856880187988	3.8780059814453125	1	725	469	1
1	1098812	0	1	1	9519411	100627	27.376142501831055	-0.2513093650341034	3064.105712890625	1.0118907690048218	3.906158447265625	0	740	466	484
1	1099134	0	5	1	9510520	100690	30.38575553894043	-0.04185499995946884	3095.23486328125	1.018609642982483	3.8850440979003906	0	727	469	1
1	1099560	0	1	1	9520211	100626	27.459911346435547	-0.2931978106498718	3064.306884765625	1.0108375549316406	3.899120330810547	0	740	465	484
1	1099882	0	5	1	9511320	100691	30.302045822143555	-0.2511330544948578	3095.2021484375	1.0168161392211914	3.8920822143554688	1	726	471	0
1	1100414	0	1	1	9520961	100628	27.292375564575195	0.041883375495672226	3063.949951171875	1.0112276077270508	3.913196563720703	0	740	465	484
1	1100630	0	5	1	9512020	100695	29.967214584350586	-0.25112494826316833	3095.28076171875	1.0182304382324219	3.8920822143554688	0	726	469	0
1	1101162	0	1	1	9521761	100627	27.376142501831055	0.0	3064.07958984375	1.0090442895889282	3.899120330810547	0	742	465	484
1	1101379	0	5	1	9512820	100688	30.55317497253418	0.041855338960886	3095.293701171875	1.0163869857788086	3.8920822143554688	0	725	470	0
1	1102018	0	1	1	9522561	100626	27.459911346435547	0.04188404977321625	3064.202880859375	1.0091416835784912	3.8850440979003906	0	740	468	485
1	1102018	0	5	1	9513520	100687	30.636886596679688	-0.12556904554367065	3095.1826171875	1.0193055868148804	3.8920822143554688	0	726	468	1
1	1102660	0	1	1	9523311	100626	27.459911346435547	0.16753418743610382	3063.995361328125	1.009779930114746	3.899120330810547	0	742	466	484
1	1102876	0	5	1	9514270	100691	30.302045822143555	0.04185432940721512	3095.4833984375	1.0212292671203613	3.8850440979003906	0	726	468	0
1	1103515	0	5	1	9515020	100697	29.7998046875	-0.3348305821418762	3095.287353515625	1.0157748460769653	3.8920822143554688	0	727	470	2
1	1104048	0	1	1	9524661	100631	27.04107666015625	-0.2931860089302063	3063.98876953125	1.01212739944458	3.8920822143554688	0	740	465	484
1	1104266	0	5	1	9515720	100693	30.134628295898438	-0.5022701025009155	3095.3525390625	1.0181498527526855	3.8920822143554688	0	725	470	0
1	1104905	0	1	1	9525461	100632	26.957311630249023	-0.33506837487220764	3063.865478515625	1.010163426399231	3.8850440979003906	0	740	465	482
1	1105015	0	5	1	9516420	100693	30.134628295898438	-0.2092733234167099	3095.241455078125	1.016440749168396	3.8920822143554688	0	726	469	0
1	1105654	0	1	1	9526261	100631	27.04107666015625	0.25128912925720215	3064.086181640625	1.0096359252929688	3.899120330810547	0	741	467	483
1	1105763	0	5	1	9517120	100690	30.38575553894043	0.2092699557542801	3095.16943359375	1.017783522605896	3.8920822143554688	0	726	470	0
1	1106402	0	1	1	9527011	100629	27.208608627319336	0.2094118297100067	3063.91748046875	1.0078471899032593	3.8920822143554688	0	739	465	484
1	1106511	0	5	1	9517920	100687	30.636886596679688	0.25112900137901306	3095.208740234375	1.0212663412094116	3.906158447265625	1	726	470	0
1	1107152	0	1	1	9527811	100626	27.459911346435547	0.20941688120365143	3063.98876953125	1.0104469060897827	3.906158447265625	0	742	466	486
1	1107152	0	5	1	9518620	100690	30.38575553894043	0.12556298077106476	3095.437744140625	1.0198153257369995	3.899120330810547	0	725	468	0
1	1107901	0	5	1	9519320	100691	30.302045822143555	-0.04185466468334198	3095.359130859375	1.0195159912109375	3.899120330810547	0	724	468	0
1	1108011	0	1	1	9528611	100630	27.124841690063477	-0.16753418743610382	3064.07958984375	1.0121119022369385	3.8850440979003906	0	741	466	483
1	1108543	0	5	1	9520020	100690	30.38575553894043	-0.04185499995946884	3095.1826171875	1.018328070640564	3.8920822143554688	0	725	468	0
1	1108759	0	1	1	9529361	100631	27.04107666015625	-0.08376574516296387	3063.930419921875	1.0095103979110718	3.8920822143554688	0	741	465	483
1	1109398	0	5	1	9520820	100689	30.469465255737305	-0.1255670189857483	3095.3330078125	1.0175877809524536	3.8920822143554688	0	725	469	0
1	1109507	0	1	1	9530111	100626	27.459911346435547	0.08376776427030563	3063.800537109375	1.0077762603759766	3.8920822143554688	0	740	466	485
1	1110039	0	5	1	9521520	100688	30.55317497253418	0.16741932928562164	3095.156494140625	1.0206608772277832	3.8850440979003906	0	724	470	0
1	1110253	0	1	1	9530861	100621	27.878761291503906	0.3350764513015747	3063.885009765625	1.0098532438278198	3.899120330810547	0	741	464	485
1	1110895	0	5	1	9522320	100686	30.720600128173828	0.1255670189857483	3095.21533203125	1.0152531862258911	3.8850440979003906	0	727	470	0
1	1111003	0	1	1	9531661	100627	27.376142501831055	0.041883714497089386	3063.995361328125	1.009269118309021	3.8920822143554688	0	742	464	484
1	1111537	0	5	1	9523020	100683	30.971738815307617	0.20928174257278442	3095.6337890625	1.0150303840637207	3.8920822143554688	0	727	469	0
1	1112286	0	5	1	9523720	100685	30.804311752319336	-0.041856683790683746	3095.411376953125	1.015297770500183	3.8920822143554688	0	726	468	0
1	1112500	0	1	1	9533061	100617	28.21385383605957	0.1675463169813156	3063.891357421875	1.0123432874679565	3.8920822143554688	0	740	468	482
1	1113034	0	5	1	9524520	100689	30.469465255737305	-0.08371101319789886	3095.405029296875	1.018626093864441	3.8920822143554688	0	726	468	0
1	1113247	0	1	1	9533861	100625	27.54368019104004	-0.16754092276096344	3063.820068359375	1.012524962425232	3.899120330810547	0	742	464	484
1	1113782	0	5	1	9525220	100686	30.720600128173828	-0.20928511023521423	3095.221923828125	1.0184484720230103	3.899120330810547	0	727	470	0
1	1113997	0	1	1	9534661	100629	27.208608627319336	-0.3769625425338745	3063.885009765625	1.012093186378479	3.913196563720703	0	741	465	484
1	1114425	0	5	1	9525920	100687	30.636886596679688	-0.3348575234413147	3095.339599609375	1.0179301500320435	3.8920822143554688	0	726	470	0
1	1114852	0	1	1	9535411	100629	27.208608627319336	-0.6701744794845581	3063.943359375	1.0081853866577148	3.906158447265625	0	741	465	484
1	1115174	0	5	1	9526620	100694	30.050922393798828	-0.37669500708580017	3095.64697265625	1.015412449836731	3.8920822143554688	1	725	467	0
1	1115600	0	1	1	9536211	100628	27.292375564575195	-0.2931930720806122	3063.644775390625	1.010243535041809	3.899120330810547	0	741	465	484
1	1115922	0	5	1	9527320	100694	30.050922393798828	-0.37669500708580017	3095.228271484375	1.0188089609146118	3.8920822143554688	0	725	469	0
1	1116456	0	1	1	9537061	100627	27.376142501831055	0.12565013766288757	3063.76806640625	1.0095499753952026	3.913196563720703	0	742	465	482
1	1116671	0	5	1	9528120	100686	30.720600128173828	0.08371168375015259	3095.254638671875	1.0194027423858643	3.8850440979003906	0	725	469	0
1	1117310	0	1	1	9537861	100619	28.046306610107422	0.5863790512084961	3063.845947265625	1.011245846748352	3.8920822143554688	0	740	466	484
1	1117310	0	5	1	9528820	100684	30.888025283813477	0.16742472350597382	3095.476806640625	1.0188595056533813	3.899120330810547	0	727	469	0
1	1118696	0	5	1	9530170	100676	31.557756423950195	0.4604346454143524	3095.123779296875	1.0151067972183228	3.8920822143554688	0	727	470	0
1	1118805	0	1	1	9539361	100614	28.465179443359375	0.6282860636711121	3063.424072265625	1.00712251663208	3.899120330810547	0	739	465	482
1	1119550	0	1	1	9540161	100621	27.878761291503906	0.04188573732972145	3063.923828125	1.0125174522399902	3.899120330810547	0	741	465	483
1	1119550	0	5	1	9530920	100680	31.222885131835938	0.20928679406642914	3094.927490234375	1.0208852291107178	3.906158447265625	1	726	470	0
1	1120300	0	1	1	9540961	100613	28.54895782470703	0.3350980281829834	3063.553955078125	1.0118552446365356	3.8850440979003906	0	742	465	486
1	1120300	0	5	1	9531720	100675	31.641475677490234	0.08371908962726593	3094.947265625	1.0192806720733643	3.8920822143554688	0	726	468	0
1	1121050	0	5	1	9532520	100681	31.139169692993164	-0.16743414103984833	3095.038818359375	1.0157157182693481	3.913196563720703	2	726	471	0
1	1121160	0	1	1	9541711	100620	27.962533950805664	-0.25132352113723755	3063.34619140625	1.0107375383377075	3.8920822143554688	0	742	464	483
1	1121905	0	1	1	9542511	100609	28.884071350097656	0.251333624124527	3063.528076171875	1.00380277633667	3.899120330810547	0	742	464	482
1	1121905	0	5	1	9533270	100674	31.725196838378906	-0.12558217346668243	3094.71826171875	1.0184584856033325	3.8920822143554688	0	725	468	0
1	1122546	0	5	1	9534020	100666	32.394981384277344	0.25117141008377075	3094.81640625	1.0138696432113647	3.8780059814453125	0	726	469	0
1	1122760	0	1	1	9543261	100598	29.80569076538086	0.544589102268219	3063.573486328125	1.0015690326690674	3.913196563720703	0	742	465	484
1	1123295	0	5	1	9534720	100662	32.729888916015625	0.9209322333335876	3094.541748046875	1.0198923349380493	3.899120330810547	0	726	469	0
1	1123509	0	1	1	9544111	100603	29.386762619018555	0.29323554039001465	3063.326904296875	1.013442039489746	3.8920822143554688	0	741	466	483
1	1124043	0	5	1	9535470	100678	31.39031982421875	-0.37674349546432495	3094.659423828125	1.0344231128692627	3.899120330810547	1	725	471	0
1	1124257	0	1	1	9544911	100610	28.800291061401367	-0.29323554039001465	3063.3203125	1.0105860233306885	3.8920822143554688	0	742	467	483
1	1124897	0	5	1	9536320	100683	30.971738815307617	-0.4604494571685791	3094.03173828125	1.0172628164291382	3.899120330810547	0	727	469	0
1	1125113	0	1	1	9545711	100624	27.62744903564453	-0.9634417295455933	3063.2490234375	1.0095384120941162	3.8920822143554688	0	741	465	485
1	1125646	0	5	1	9537120	100688	30.55317497253418	-0.5860100984573364	3094.4501953125	1.0193920135498047	3.899120330810547	1	725	468	0
1	1125863	0	1	1	9546461	100627	27.376142501831055	-0.7539644837379456	3063.132080078125	1.0128391981124878	3.8850440979003906	0	742	465	484
1	1126394	0	5	1	9537820	100682	31.05545425415039	-0.08371572941541672	3094.4306640625	1.0168342590332031	3.899120330810547	1	726	469	0
1	1126717	0	1	1	9547311	100623	27.711219787597656	-0.25131744146347046	3063.157958984375	1.0144628286361694	3.8920822143554688	0	741	466	483
1	1127144	0	5	1	9538620	100671	31.976360321044922	0.5441675186157227	3094.672607421875	1.0203934907913208	3.8850440979003906	0	727	468	0
1	1127466	0	1	1	9548111	100622	27.79499053955078	0.29319071769714355	3062.96337890625	1.0064250230789185	3.899120330810547	0	741	465	484
1	1127999	0	5	1	9539470	100680	31.222885131835938	-0.12557610869407654	3094.456787109375	1.0178481340408325	3.899120330810547	0	726	468	0
1	1128213	0	1	1	9548861	100621	27.878761291503906	0.04188573732972145	3063.2490234375	1.0129554271697998	3.8920822143554688	0	742	465	483
1	1128852	0	5	1	9540270	100680	31.222885131835938	-0.16743549704551697	3094.67919921875	1.0142697095870972	3.8920822143554688	0	726	467	2
1	1128961	0	1	1	9549611	100616	28.29762840270996	-0.041887760162353516	3063.281494140625	1.0097159147262573	3.8920822143554688	0	741	463	485
1	1129601	0	5	1	9541020	100676	31.557756423950195	0.12557712197303772	3094.54833984375	1.0219262838363647	3.8850440979003906	0	725	468	0
1	1129710	0	1	1	9550361	100618	28.13007926940918	0.0	3063.1904296875	1.0127676725387573	3.8920822143554688	0	740	465	483
1	1130457	0	1	1	9551111	100614	28.465179443359375	0.376980721950531	3063.0478515625	1.0104193687438965	3.8850440979003906	0	740	465	482
1	1130989	0	5	1	9542470	100676	31.557756423950195	0.2511512041091919	3094.81640625	1.0218993425369263	3.8920822143554688	0	726	470	1
1	1131205	0	1	1	9551811	100616	28.29762840270996	0.12566125392913818	3063.2294921875	1.0125482082366943	3.8920822143554688	0	742	466	483
1	1131737	0	5	1	9543170	100677	31.474037170410156	0.0	3094.541748046875	1.007767677307129	3.8920822143554688	1	726	468	1
1	1131952	0	1	1	9552611	100613	28.54895782470703	-0.2094472199678421	3062.96337890625	1.0092633962631226	3.899120330810547	0	741	466	484
1	1132487	0	5	1	9543870	100678	31.39031982421875	-0.16743817925453186	3094.97998046875	1.0177143812179565	3.8850440979003906	0	726	470	0
1	1132809	0	1	1	9553361	100617	28.21385383605957	-0.16755171120166779	3063.119140625	1.0043234825134277	3.899120330810547	0	740	465	483
1	1133132	0	5	1	9544620	100683	30.971738815307617	-0.1255730837583542	3094.8818359375	1.0179970264434814	3.899120330810547	0	727	467	0
1	1133559	0	1	1	9554161	100616	28.29762840270996	-0.2094421684741974	3063.07373046875	1.0102076530456543	3.899120330810547	0	740	463	484
1	1133986	0	5	1	9545370	100681	31.139169692993164	-0.33487367630004883	3094.8359375	1.0244436264038086	3.8850440979003906	2	725	470	0
1	1134413	0	1	1	9554961	100625	27.54368019104004	-0.29320016503334045	3062.94384765625	1.0108699798583984	3.899120330810547	0	740	466	484
1	1134840	0	5	1	9546220	100675	31.641475677490234	0.1255781352519989	3094.685546875	1.0154438018798828	3.8920822143554688	0	726	469	0
1	1135159	0	1	1	9555761	100615	28.381404876708984	0.12566226720809937	3062.905029296875	1.015073299407959	3.906158447265625	0	741	468	484
1	1135906	0	1	1	9556511	100610	28.800291061401367	0.29321902990341187	3062.89208984375	1.016761064529419	3.8920822143554688	0	741	466	486
1	1136229	0	5	1	9547720	100674	31.725196838378906	0.376728355884552	3094.587646484375	1.0144292116165161	3.8850440979003906	0	726	468	0
1	1136656	0	1	1	9557261	100609	28.884071350097656	0.37699589133262634	3062.89208984375	1.0171775817871094	3.8850440979003906	0	740	463	485
1	1136978	0	5	1	9548420	100671	31.976360321044922	0.334879070520401	3094.345703125	1.0148334503173828	3.8920822143554688	1	725	469	0
1	1137404	0	1	1	9558061	100610	28.800291061401367	-0.08377990126609802	3062.645263671875	1.006954550743103	3.8850440979003906	0	742	467	484
1	1137726	0	5	1	9549120	100662	32.729888916015625	0.2511794865131378	3094.53515625	1.0199317932128906	3.8850440979003906	0	726	467	1
1	1138258	0	1	1	9558811	100617	28.21385383605957	-0.5445627570152283	3062.599853515625	1.0065116882324219	3.913196563720703	0	740	462	484
1	1138473	0	5	1	9549920	100677	31.474037170410156	-0.4186089336872101	3094.6005859375	1.0144389867782593	3.8920822143554688	0	727	469	0
1	1139006	0	1	1	9559611	100628	27.292375564575195	-0.7958481907844543	3062.716796875	1.0134118795394897	3.8920822143554688	0	740	465	484
1	1139222	0	5	1	9550620	100688	30.55317497253418	-0.7534536719322205	3094.476318359375	1.0180294513702393	3.8920822143554688	1	727	468	0
1	1139864	0	1	1	9560361	100627	27.376142501831055	-1.005310297012329	3062.677734375	1.0100617408752441	3.8920822143554688	0	740	464	483
1	1139971	0	5	1	9551420	100688	30.55317497253418	-0.5441500544548035	3094.306396484375	1.0206228494644165	3.899120330810547	1	727	469	1
1	1140612	0	1	1	9561261	100622	27.79499053955078	-0.41887253522872925	3062.775146484375	1.0128653049468994	3.906158447265625	0	742	465	484
1	1140719	0	5	1	9552120	100684	30.888025283813477	-0.4185853600502014	3094.672607421875	1.0161948204040527	3.899120330810547	0	726	469	0
1	1141358	0	1	1	9562011	100620	27.962533950805664	0.16754227876663208	3062.6259765625	1.010766863822937	3.899120330810547	0	740	465	484
1	1141468	0	5	1	9552920	100679	31.306602478027344	0.37671318650245667	3094.456787109375	1.017866849899292	3.8920822143554688	0	725	465	0
1	1142213	0	1	1	9562811	100626	27.459911346435547	0.25129926204681396	3062.74267578125	1.0132447481155396	3.8920822143554688	0	740	464	483
1	1142213	0	5	1	9553620	100681	31.139169692993164	0.41856178641319275	3094.437255859375	1.0188360214233398	3.899120330810547	0	726	468	0
1	1142961	0	1	1	9563561	100622	27.79499053955078	-0.08377180993556976	3062.677734375	1.00852632522583	3.8920822143554688	0	740	465	484
1	1142961	0	5	1	9554320	100684	30.888025283813477	-0.08371438086032867	3094.541748046875	1.01814866065979	3.899120330810547	1	726	470	0
1	1143710	0	1	1	9564311	100626	27.459911346435547	-0.41885906457901	3062.45068359375	1.0096577405929565	3.8920822143554688	0	742	464	483
1	1143710	0	5	1	9555120	100691	30.302045822143555	-0.502278208732605	3094.384765625	1.0189002752304077	3.8920822143554688	0	726	470	0
1	1144351	0	5	1	9555820	100684	30.888025283813477	0.16742472350597382	3094.6005859375	1.020963430404663	3.8920822143554688	0	726	468	0
1	1144461	0	1	1	9565061	100623	27.711219787597656	-0.16754361987113953	3062.47021484375	1.0086829662322998	3.899120330810547	0	741	466	484
1	1144994	0	5	1	9556520	100678	31.39031982421875	0.4185718894004822	3094.46337890625	1.0167168378829956	3.8850440979003906	1	726	469	0
1	1145208	0	1	1	9565861	100608	28.967851638793945	0.5864309668540955	3062.437744140625	1.0112358331680298	3.8920822143554688	0	741	466	483
1	1146063	0	1	1	9566661	100617	28.21385383605957	0.5445058345794678	3062.664794921875	1.0130263566970825	3.899120330810547	0	742	465	485
1	1146490	0	5	1	9557920	100683	30.971738815307617	0.37670108675956726	3094.188720703125	1.018085241317749	3.899120330810547	0	726	469	0
1	1146812	0	1	1	9567411	100623	27.711219787597656	-0.12565721571445465	3062.677734375	1.0088895559310913	3.906158447265625	0	742	465	485
1	1147239	0	5	1	9558720	100686	30.720600128173828	-0.6278805732727051	3094.293212890625	1.0182161331176758	3.8920822143554688	0	728	471	0
1	1147560	0	1	1	9568211	100627	27.376142501831055	-0.5445189476013184	3062.255859375	1.010860562324524	3.8920822143554688	0	741	466	483
1	1148094	0	5	1	9559470	100694	30.050922393798828	-0.4604087173938751	3094.50244140625	1.0168695449829102	3.8920822143554688	0	725	468	0
1	1148521	0	1	1	9569061	100628	27.292375564575195	-0.2931930720806122	3062.32080078125	1.0123544931411743	3.8920822143554688	0	741	465	484
1	1148735	0	5	1	9560220	100686	30.720600128173828	-0.041856348514556885	3094.587646484375	1.0205895900726318	3.8920822143554688	0	726	469	0
1	1149270	0	1	1	9569861	100631	27.04107666015625	-0.4188421964645386	3062.619384765625	1.00735604763031	3.8850440979003906	0	742	465	484
1	1149591	0	5	1	9560970	100691	30.302045822143555	-0.08370966464281082	3094.50244140625	1.0162092447280884	3.8920822143554688	0	725	469	0
1	1150019	0	1	1	9570661	100624	27.62744903564453	0.33506837487220764	3062.4052734375	1.0141501426696777	3.899120330810547	0	741	465	483
1	1150445	0	5	1	9561820	100675	31.641475677490234	0.6278603672981262	3094.3193359375	1.017736554145813	3.906158447265625	1	726	468	0
1	1150872	0	1	1	9571411	100609	28.884071350097656	0.8377315998077393	3062.197509765625	1.014566421508789	3.899120330810547	0	742	466	484
1	1151088	0	5	1	9562570	100679	31.306602478027344	0.502278208732605	3094.365234375	1.0206676721572876	3.8920822143554688	0	725	470	0
1	1151621	0	1	1	9572211	100613	28.54895782470703	0.6701744794845581	3062.24951171875	1.0158777236938477	3.913196563720703	0	742	466	484
1	1151943	0	5	1	9563320	100672	31.89263916015625	0.7115865349769592	3094.424072265625	1.01662015914917	3.8920822143554688	0	728	467	0
1	1152370	0	1	1	9573011	100620	27.962533950805664	-0.20943541824817657	3062.509033203125	1.0167584419250488	3.8920822143554688	0	740	465	485
1	1152586	0	5	1	9564070	100681	31.139169692993164	-0.08371639996767044	3094.54833984375	1.020153522491455	3.899120330810547	0	726	469	0
1	1153226	0	1	1	9573761	100615	28.381404876708984	0.1675490140914917	3062.281982421875	1.017825961112976	3.8850440979003906	0	741	465	484
1	1153335	0	5	1	9564770	100679	31.306602478027344	0.0	3094.358642578125	1.0149104595184326	3.899120330810547	0	727	470	1
1	1153974	0	1	1	9574561	100617	28.21385383605957	-0.3769989311695099	3062.15869140625	1.0028363466262817	3.899120330810547	0	740	466	483
1	1154188	0	5	1	9565520	100679	31.306602478027344	-0.4604642689228058	3094.2802734375	1.01918625831604	3.899120330810547	0	727	468	0
1	1154827	0	1	1	9575361	100617	28.21385383605957	-0.16755171120166779	3062.07421875	1.011240839958191	3.8780059814453125	0	740	464	485
1	1154936	0	5	1	9566320	100678	31.39031982421875	0.0	3094.46337890625	1.017151951789856	3.8780059814453125	1	726	470	0
1	1155575	0	1	1	9576161	100628	27.292375564575195	-0.335079163312912	3062.197509765625	1.0125453472137451	3.8850440979003906	0	741	466	483
1	1155789	0	5	1	9567120	100688	30.55317497253418	-0.2511391043663025	3094.39794921875	1.0141297578811646	3.899120330810547	0	726	468	0
1	1156324	0	1	1	9576961	100620	27.962533950805664	0.0	3062.314453125	1.0069379806518555	3.906158447265625	0	741	466	483
1	1156536	0	5	1	9567970	100673	31.808916091918945	0.251157283782959	3094.424072265625	1.009690523147583	3.8920822143554688	0	725	469	2
1	1157176	0	1	1	9577711	100616	28.29762840270996	0.12566125392913818	3061.879638671875	1.0134087800979614	3.899120330810547	0	742	466	485
1	1157176	0	5	1	9568670	100676	31.557756423950195	0.5441456437110901	3094.358642578125	1.0148619413375854	3.899120330810547	0	726	471	0
1	1157925	0	1	1	9578511	100615	28.381404876708984	0.5863979458808899	3062.041748046875	1.0147020816802979	3.8920822143554688	0	740	466	484
1	1157925	0	5	1	9569370	100672	31.89263916015625	0.5860195159912109	3094.33251953125	1.0164074897766113	3.906158447265625	0	726	469	1
1	1158675	0	5	1	9570170	100679	31.306602478027344	0.12557409703731537	3094.208251953125	1.0144751071929932	3.8920822143554688	0	726	469	0
1	1159316	0	1	1	9579911	100625	27.54368019104004	-0.6701960563659668	3062.067626953125	1.0123847723007202	3.8920822143554688	0	742	467	483
1	1159424	0	5	1	9570870	100684	30.888025283813477	-0.7953409552574158	3094.21484375	1.015343427658081	3.8920822143554688	0	726	467	0
1	1160063	0	1	1	9580661	100620	27.962533950805664	-0.20943541824817657	3061.82763671875	1.012347936630249	3.899120330810547	0	741	465	483
1	1160172	0	5	1	9571620	100681	31.139169692993164	-0.08371639996767044	3094.404541015625	1.0244883298873901	3.8920822143554688	0	726	470	0
1	1160810	0	1	1	9581461	100616	28.29762840270996	0.0	3061.795166015625	1.0114213228225708	3.8920822143554688	0	740	466	484
1	1160920	0	5	1	9572370	100679	31.306602478027344	0.0	3094.24755859375	1.0194817781448364	3.899120330810547	0	727	470	0
1	1162304	0	1	1	9582911	100626	27.459911346435547	-0.20942531526088715	3061.905517578125	1.0135278701782227	3.899120330810547	0	739	466	483
1	1162304	0	5	1	9573720	100684	30.888025283813477	-0.125572070479393	3094.4306640625	1.0187941789627075	3.8920822143554688	1	726	470	0
1	1163052	0	1	1	9583661	100625	27.54368019104004	-0.3769746720790863	3061.82763671875	1.0106759071350098	3.8920822143554688	0	742	464	484
1	1163052	0	5	1	9574470	100682	31.05545425415039	-0.08371572941541672	3094.325927734375	1.0167337656021118	3.8920822143554688	0	725	468	0
1	1163801	0	1	1	9584461	100620	27.962533950805664	-0.0837731584906578	3061.684814453125	1.0063979625701904	3.906158447265625	0	741	465	484
1	1163911	0	5	1	9575270	100681	31.139169692993164	0.0	3094.26708984375	1.0167934894561768	3.8780059814453125	0	726	469	0
1	1164657	0	1	1	9585261	100624	27.62744903564453	-0.12565620243549347	3061.60693359375	1.0083874464035034	3.899120330810547	0	741	468	484
1	1164657	0	5	1	9576070	100685	30.804311752319336	-0.20928679406642914	3094.260498046875	1.0191274881362915	3.899120330810547	0	726	469	0
1	1165298	0	5	1	9576770	100686	30.720600128173828	-0.37671926617622375	3094.057861328125	1.0177764892578125	3.899120330810547	0	726	469	0
1	1165514	0	1	1	9586111	100624	27.62744903564453	-0.37697771191596985	3061.73681640625	1.0095305442810059	3.8920822143554688	0	742	465	483
1	1166155	0	5	1	9577570	100685	30.804311752319336	0.08371236175298691	3094.071044921875	1.0200831890106201	3.906158447265625	2	727	469	0
1	1166265	0	1	1	9586911	100622	27.79499053955078	0.1256551891565323	3061.710693359375	1.0164543390274048	3.8920822143554688	0	739	463	484
1	1166796	0	5	1	9578270	100684	30.888025283813477	0.16742472350597382	3093.8486328125	1.0188796520233154	3.899120330810547	0	727	468	1
1	1167118	0	1	1	9587711	100623	27.711219787597656	-0.04188539832830429	3061.795166015625	1.007747769355774	3.906158447265625	0	741	465	484
1	1167652	0	5	1	9579070	100680	31.222885131835938	0.04185803234577179	3094.16259765625	1.0198639631271362	3.899120330810547	1	726	466	0
1	1167867	0	1	1	9588461	100617	28.21385383605957	0.2932025194168091	3061.723876953125	1.0070592164993286	3.899120330810547	0	741	466	485
1	1168293	0	5	1	9579770	100679	31.306602478027344	0.3348575234413147	3094.188720703125	1.0178110599517822	3.899120330810547	0	726	468	0
1	1168614	0	1	1	9589261	100620	27.962533950805664	0.12565721571445465	3061.671875	1.007460117340088	3.8920822143554688	0	739	466	483
1	1169041	0	5	1	9580470	100684	30.888025283813477	0.08371303230524063	3094.064453125	1.0227938890457153	3.8920822143554688	1	726	469	0
1	1169469	0	1	1	9590061	100620	27.962533950805664	-0.37698984146118164	3061.51611328125	1.0138033628463745	3.899120330810547	0	740	466	483
1	1169790	0	5	1	9581270	100685	30.804311752319336	-0.16742876172065735	3094.090576171875	1.0177479982376099	3.8920822143554688	1	726	470	0
1	1170218	0	1	1	9590861	100626	27.459911346435547	-0.7539705634117126	3061.756103515625	1.0105371475219727	3.8920822143554688	0	741	465	482
1	1170964	0	1	1	9591611	100626	27.459911346435547	-0.20942531526088715	3061.53564453125	1.0130510330200195	3.8920822143554688	0	741	465	484
1	1171178	0	5	1	9582670	100683	30.971738815307617	-0.1255730837583542	3094.071044921875	1.019428014755249	3.899120330810547	0	726	467	1
1	1171925	0	1	1	9592361	100622	27.79499053955078	0.04188539832830429	3061.5615234375	1.012436866760254	3.899120330810547	0	741	465	485
1	1172034	0	5	1	9583470	100681	31.139169692993164	0.25114113092422485	3094.110107421875	1.017821192741394	3.8920822143554688	0	726	472	2
1	1172675	0	1	1	9593261	100621	27.878761291503906	0.20942531526088715	3061.38623046875	1.0143331289291382	3.899120330810547	0	741	465	484
1	1172675	0	5	1	9584170	100684	30.888025283813477	0.08371303230524063	3093.992431640625	1.020869493484497	3.8920822143554688	0	726	470	0
1	1173424	0	1	1	9594061	100618	28.13007926940918	-0.041887085884809494	3061.658935546875	1.0115267038345337	3.899120330810547	0	742	465	483
1	1173424	0	5	1	9584870	100683	30.971738815307617	-0.376728355884552	3094.057861328125	1.0176405906677246	3.8920822143554688	0	726	470	0
1	1174172	0	5	1	9585570	100683	30.971738815307617	-0.2511492073535919	3093.9990234375	1.0198020935058594	3.8850440979003906	1	726	467	0
1	1174915	0	5	1	9586370	100683	30.971738815307617	-0.04185735806822777	3094.358642578125	1.0184290409088135	3.906158447265625	0	727	471	0
1	1175450	0	1	1	9596111	100623	27.711219787597656	-0.25131744146347046	3061.53564453125	1.0126692056655884	3.899120330810547	0	740	464	483
1	1175772	0	5	1	9587120	100687	30.636886596679688	-0.25114113092422485	3094.325927734375	1.0147110223770142	3.8850440979003906	0	726	470	0
1	1176305	0	1	1	9596861	100621	27.878761291503906	0.0	3061.418701171875	1.0107917785644531	3.8920822143554688	0	741	467	483
1	1176627	0	5	1	9588020	100683	30.971738815307617	0.08371370285749435	3094.083984375	1.016508936882019	3.8920822143554688	0	726	470	0
1	1177053	0	1	1	9597661	100624	27.62744903564453	0.1675368845462799	3061.44482421875	1.0156524181365967	3.899120330810547	0	741	464	484
1	1177375	0	5	1	9588770	100683	30.971738815307617	0.0	3094.21484375	1.0148764848709106	3.8920822143554688	1	726	469	0
1	1177908	0	1	1	9598461	100624	27.62744903564453	-0.04188506305217743	3061.49658203125	1.0133411884307861	3.899120330810547	0	741	463	484
1	1178123	0	5	1	9589570	100682	31.05545425415039	0.20928342640399933	3094.156005859375	1.0159597396850586	3.8920822143554688	0	725	469	0
1	1178654	0	1	1	9599261	100624	27.62744903564453	-0.04188506305217743	3061.457763671875	1.0074516534805298	3.8920822143554688	0	741	463	483
1	1178869	0	5	1	9590270	100684	30.888025283813477	-0.041857022792100906	3093.93359375	1.0187135934829712	3.8920822143554688	0	727	469	0
1	1179403	0	1	1	9600061	100625	27.54368019104004	-0.2513134181499481	3061.262939453125	1.0099098682403564	3.8920822143554688	0	742	467	484
1	1179618	0	5	1	9591070	100686	30.720600128173828	-0.25114312767982483	3094.1689453125	1.0207326412200928	3.906158447265625	0	725	470	0
1	1180258	0	1	1	9600811	100623	27.711219787597656	0.0	3061.27587890625	1.0104783773422241	3.906158447265625	0	740	464	483
1	1180367	0	5	1	9591770	100689	30.469465255737305	-0.3348521292209625	3093.992431640625	1.022346019744873	3.8920822143554688	2	726	468	1
1	1181005	0	1	1	9601611	100623	27.711219787597656	-0.12565721571445465	3061.470703125	1.014595866203308	3.8920822143554688	0	741	464	485
1	1181115	0	5	1	9592570	100683	30.971738815307617	-0.16743145883083344	3094.044921875	1.018231749534607	3.8920822143554688	2	726	468	0
1	1181753	0	1	1	9602411	100626	27.459911346435547	-0.08376911282539368	3061.243408203125	1.0117980241775513	3.899120330810547	0	741	464	485
1	1181863	0	5	1	9593270	100689	30.469465255737305	-0.2929944396018982	3093.972900390625	1.0153754949569702	3.8920822143554688	0	726	468	0
1	1182608	0	1	1	9603161	100628	27.292375564575195	-0.08376776427030563	3061.26953125	1.0090819597244263	3.8920822143554688	0	742	464	483
1	1182608	0	5	1	9594070	100688	30.55317497253418	-0.08371168375015259	3094.03173828125	1.0188305377960205	3.8850440979003906	0	726	469	0
1	1183357	0	1	1	9603961	100628	27.292375564575195	0.16753149032592773	3061.31494140625	1.008574366569519	3.899120330810547	0	742	463	483
1	1183357	0	5	1	9594770	100691	30.302045822143555	-0.12556500732898712	3094.05126953125	1.016271948814392	3.8850440979003906	0	726	469	0
1	1184106	0	5	1	9595570	100687	30.636886596679688	-0.12556904554367065	3093.992431640625	1.0184804201126099	3.899120330810547	1	728	469	0
1	1184215	0	1	1	9604761	100629	27.208608627319336	0.041883040219545364	3061.211181640625	1.0105597972869873	3.8920822143554688	0	741	464	484
1	1184853	0	5	1	9596270	100680	31.222885131835938	0.20928679406642914	3093.98583984375	1.0196049213409424	3.906158447265625	0	726	469	0
1	1184962	0	1	1	9605561	100624	27.62744903564453	0.04188472405076027	3061.282470703125	1.008971929550171	3.8850440979003906	0	740	462	484
1	1185497	0	5	1	9596970	100688	30.55317497253418	0.041855338960886	3094.123291015625	1.0171527862548828	3.8920822143554688	0	725	469	0
1	1185711	0	1	1	9606311	100624	27.62744903564453	0.04188472405076027	3061.172119140625	1.0082523822784424	3.8920822143554688	0	741	465	486
1	1186365	0	5	1	9597770	100692	30.218338012695312	-0.37670108675956726	3093.992431640625	1.0166696310043335	3.8850440979003906	0	726	467	0
1	1187014	0	5	1	9598470	100694	30.050922393798828	-0.2511269748210907	3094.038330078125	1.0183587074279785	3.899120330810547	0	726	470	0
1	1187123	0	1	1	9607711	100635	26.706022262573242	-0.41882872581481934	3061.13330078125	1.0107183456420898	3.899120330810547	0	740	463	483
1	1187655	0	5	1	9599170	100692	30.218338012695312	-0.0837089940905571	3093.98583984375	1.0167664289474487	3.8920822143554688	0	728	471	0
1	1187870	0	1	1	9608511	100628	27.292375564575195	-0.1675368845462799	3061.347412109375	1.0127674341201782	3.899120330810547	0	741	466	483
1	1188405	0	5	1	9599870	100691	30.302045822143555	0.04185432940721512	3094.083984375	1.0233672857284546	3.899120330810547	0	726	470	0
1	1188727	0	1	1	9609311	100626	27.459911346435547	0.04188404977321625	3061.18505859375	1.0091298818588257	3.8850440979003906	0	741	465	483
1	1189153	0	5	1	9600570	100686	30.720600128173828	0.2092766910791397	3094.044921875	1.019893765449524	3.8920822143554688	0	726	470	2
1	1189475	0	1	1	9610061	100627	27.376142501831055	0.20941519737243652	3061.13330078125	1.0099183320999146	3.8920822143554688	0	740	463	483
1	1189901	0	5	1	9601320	100690	30.38575553894043	-0.04185499995946884	3094.227783203125	1.0210134983062744	3.8850440979003906	0	728	470	0
1	1190223	0	1	1	9610861	100635	26.706022262573242	-0.2931765615940094	3061.07470703125	1.0096808671951294	3.8920822143554688	0	741	464	483
1	1190649	0	5	1	9602070	100694	30.050922393798828	-0.16741664707660675	3093.992431640625	1.0170891284942627	3.8920822143554688	0	727	470	0
1	1191183	0	1	1	9611761	100629	27.208608627319336	-0.08376709371805191	3061.042236328125	1.0104478597640991	3.8920822143554688	0	740	465	484
1	1191398	0	5	1	9602870	100690	30.38575553894043	-0.1255660206079483	3094.044921875	1.0169970989227295	3.8920822143554688	0	726	470	0
1	1191932	0	1	1	9612511	100634	26.789785385131836	-0.3769473731517792	3061.126708984375	1.0100438594818115	3.899120330810547	0	740	463	484
1	1192251	0	5	1	9603620	100692	30.218338012695312	0.04185399040579796	3094.005615234375	1.017008900642395	3.906158447265625	0	726	467	0
1	1192785	0	1	1	9613361	100634	26.789785385131836	-0.16752879321575165	3061.27587890625	1.0091979503631592	3.899120330810547	0	741	466	482
1	1192999	0	5	1	9604420	100692	30.218338012695312	0.08370764553546906	3094.21484375	1.0171579122543335	3.8920822143554688	0	725	468	0
1	1193533	0	1	1	9614161	100630	27.124841690063477	-0.12565013766288757	3060.990478515625	1.0090383291244507	3.899120330810547	0	741	465	484
1	1193747	0	5	1	9605120	100693	30.134628295898438	-0.04185399040579796	3094.234375	1.0170177221298218	3.8920822143554688	0	727	470	0
1	1194386	0	1	1	9614961	100631	27.04107666015625	0.04188236594200134	3060.841064453125	1.013880968093872	3.8920822143554688	0	740	465	486
1	1194603	0	5	1	9605970	100693	30.134628295898438	-0.2929850220680237	3094.26708984375	1.0195510387420654	3.913196563720703	0	725	469	0
1	1195135	0	1	1	9615711	100631	27.04107666015625	-0.08376574516296387	3061.02294921875	1.0098626613616943	3.899120330810547	0	740	466	483
1	1195244	0	5	1	9606720	100695	29.967214584350586	-0.1674152910709381	3094.136474609375	1.0178674459457397	3.899120330810547	0	727	468	0
1	1195884	0	1	1	9616511	100636	26.62225914001465	-0.16752609610557556	3061.035888671875	1.0112888813018799	3.899120330810547	0	742	467	484
1	1196100	0	5	1	9607470	100690	30.38575553894043	0.0837089940905571	3094.20166015625	1.0188273191452026	3.8920822143554688	0	727	469	0
1	1196632	0	1	1	9617261	100634	26.789785385131836	-0.25129520893096924	3061.081298828125	1.0118626356124878	3.8920822143554688	0	741	465	483
1	1196848	0	5	1	9608270	100694	30.050922393798828	-0.0418536551296711	3094.044921875	1.019672155380249	3.899120330810547	0	727	471	0
1	1197488	0	1	1	9618061	100633	26.87354850769043	-0.2512972354888916	3060.743896484375	1.0105597972869873	3.8850440979003906	0	741	466	483
1	1197597	0	5	1	9608970	100694	30.050922393798828	-0.2511269748210907	3093.94677734375	1.0185105800628662	3.8920822143554688	1	725	468	0
1	1198341	0	5	1	9609770	100690	30.38575553894043	0.04185466468334198	3094.26708984375	1.0177571773529053	3.8780059814453125	0	726	470	0
1	1198876	0	1	1	9619511	100634	26.789785385131836	-0.12564608454704285	3060.899658203125	1.0098949670791626	3.8920822143554688	0	741	463	483
1	1199090	0	5	1	9610570	100692	30.218338012695312	0.25111889839172363	3094.240966796875	1.0166585445404053	3.8850440979003906	0	726	469	0
1	1199836	0	1	1	9620261	100627	27.376142501831055	0.2512972354888916	3060.678955078125	1.0117405652999878	3.8850440979003906	0	741	466	484
1	1199836	0	5	1	9611270	100694	30.050922393798828	-0.0418536551296711	3094.1689453125	1.018878698348999	3.899120330810547	0	726	470	1
1	1200582	0	1	1	9621161	100624	27.62744903564453	0.20942026376724243	3060.96435546875	1.0127195119857788	3.8920822143554688	0	741	466	483
1	1200582	0	5	1	9612020	100690	30.38575553894043	0.0	3094.18212890625	1.016518235206604	3.8920822143554688	0	725	467	0
1	1201333	0	1	1	9621961	100626	27.459911346435547	-0.04188438877463341	3060.951416015625	1.0079693794250488	3.8780059814453125	0	740	468	484
1	1201333	0	5	1	9612770	100692	30.218338012695312	-0.0837089940905571	3094.09716796875	1.019647240638733	3.899120330810547	1	727	470	0
1	1202082	0	5	1	9613520	100683	30.971738815307617	0.29299208521842957	3094.234375	1.020077109336853	3.8920822143554688	0	726	471	0
1	1202191	0	1	1	9622711	100626	27.459911346435547	-0.04188438877463341	3060.8671875	1.012853980064392	3.899120330810547	0	741	463	483
1	1202936	0	1	1	9623511	100626	27.459911346435547	-0.04188438877463341	3060.925537109375	1.0117064714431763	3.8850440979003906	0	741	464	483
1	1202936	0	5	1	9614370	100690	30.38575553894043	-0.08371034264564514	3094.1298828125	1.0182677507400513	3.899120330810547	1	726	469	0
1	1203685	0	1	1	9624311	100617	28.21385383605957	0.460739403963089	3060.87353515625	1.00900137424469	3.899120330810547	0	741	465	483
1	1203685	0	5	1	9615170	100674	31.725196838378906	0.5860100984573364	3093.88134765625	1.0173075199127197	3.8920822143554688	0	726	469	1
1	1204539	0	1	1	9625061	100626	27.459911346435547	0.16753418743610382	3061.016357421875	1.0114983320236206	3.8920822143554688	0	742	466	484
1	1204539	0	5	1	9615970	100685	30.804311752319336	0.2929873764514923	3094.26708984375	1.0179661512374878	3.899120330810547	0	727	467	0
1	1205288	0	1	1	9625861	100627	27.376142501831055	0.0	3060.730712890625	1.013829231262207	3.8920822143554688	0	741	465	483
1	1205288	0	5	1	9616720	100687	30.636886596679688	-0.04185601323843002	3094.1494140625	1.018494963645935	3.899120330810547	1	727	470	0
1	1206037	0	5	1	9617520	100686	30.720600128173828	0.04185601323843002	3093.953369140625	1.022801399230957	3.8850440979003906	0	725	469	0
1	1206146	0	1	1	9626711	100625	27.54368019104004	-0.16754092276096344	3060.82177734375	1.0116382837295532	3.899120330810547	0	741	467	482
1	1206892	0	1	1	9627461	100623	27.711219787597656	0.0	3060.860595703125	1.0093790292739868	3.899120330810547	0	742	464	484
1	1206892	0	5	1	9618270	100683	30.971738815307617	0.16742606461048126	3094.175537109375	1.0175652503967285	3.899120330810547	0	726	470	0
1	1207641	0	1	1	9628261	100623	27.711219787597656	-0.08377113938331604	3060.594482421875	1.0087040662765503	3.8920822143554688	0	741	464	482
1	1207641	0	5	1	9619070	100685	30.804311752319336	-0.16742876172065735	3094.156005859375	1.0172404050827026	3.8920822143554688	0	728	471	0
1	1208389	0	5	1	9619870	100686	30.720600128173828	0.2092766910791397	3094.0185546875	1.020293951034546	3.8920822143554688	0	726	469	0
1	1209136	0	5	1	9620570	100685	30.804311752319336	0.12556803226470947	3093.98583984375	1.0157217979431152	3.899120330810547	0	726	471	0
1	1209670	0	1	1	9630311	100627	27.376142501831055	-0.08376844227313995	3060.82177734375	1.0113476514816284	3.8850440979003906	0	739	464	483
1	1209779	0	5	1	9621270	100688	30.55317497253418	-0.12556803226470947	3094.025146484375	1.0185073614120483	3.8920822143554688	0	727	468	0
1	1210419	0	1	1	9631011	100627	27.376142501831055	-0.04188404977321625	3060.659423828125	1.0133601427078247	3.8920822143554688	0	741	464	483
1	1210633	0	5	1	9621970	100690	30.38575553894043	-0.08371034264564514	3094.123291015625	1.0194792747497559	3.8920822143554688	0	725	469	0
1	1211166	0	1	1	9631811	100631	27.04107666015625	-0.25130128860473633	3060.82177734375	1.0119191408157349	3.899120330810547	0	742	466	482
1	1211487	0	5	1	9622820	100690	30.38575553894043	-0.33484944701194763	3094.1953125	1.0193862915039062	3.899120330810547	1	726	467	0
1	1212020	0	1	1	9632561	100628	27.292375564575195	-0.1675368845462799	3060.659423828125	1.0104942321777344	3.899120330810547	0	740	464	484
1	1212236	0	5	1	9623620	100698	29.71609878540039	-0.41853824257850647	3094.240966796875	1.0182912349700928	3.8850440979003906	0	726	469	0
1	1212768	0	1	1	9633361	100629	27.208608627319336	0.041883040219545364	3060.80224609375	1.0103611946105957	3.899120330810547	0	739	466	484
1	1212984	0	5	1	9624420	100696	29.883508682250977	-0.2929779291152954	3094.083984375	1.0207241773605347	3.8850440979003906	1	726	468	2
1	1213624	0	1	1	9634161	100632	26.957311630249023	0.04188203066587448	3060.724365234375	1.0116350650787354	3.8920822143554688	0	740	466	484
1	1213733	0	5	1	9625120	100694	30.050922393798828	-0.0418536551296711	3094.227783203125	1.01651132106781	3.8920822143554688	0	727	470	2
1	1214372	0	1	1	9634961	100627	27.376142501831055	0.08376709371805191	3060.678955078125	1.0092601776123047	3.8920822143554688	0	742	464	485
1	1214372	0	5	1	9625820	100693	30.134628295898438	0.0	3094.0185546875	1.0182795524597168	3.8920822143554688	0	726	469	2
1	1215013	0	5	1	9626520	100691	30.302045822143555	-0.12556500732898712	3094.057861328125	1.0207780599594116	3.8920822143554688	0	728	468	1
1	1215122	0	1	1	9635711	100631	27.04107666015625	-0.16753283143043518	3060.639892578125	1.0091915130615234	3.8920822143554688	0	740	465	483
1	1215762	0	5	1	9627220	100688	30.55317497253418	0.2092733234167099	3094.103759765625	1.0175015926361084	3.899120330810547	0	726	469	0
1	1215871	0	1	1	9636461	100623	27.711219787597656	0.41883546113967896	3060.594482421875	1.0072968006134033	3.899120330810547	0	741	464	483
1	1216618	0	1	1	9637211	100622	27.79499053955078	0.25130733847618103	3060.36083984375	1.0076895952224731	3.899120330810547	0	741	465	482
1	1216618	0	5	1	9628020	100677	31.474037170410156	0.418575257062912	3093.907470703125	1.0144555568695068	3.899120330810547	0	725	469	0
1	1217472	0	1	1	9638061	100624	27.62744903564453	-0.12565620243549347	3060.568603515625	1.006490707397461	3.899120330810547	0	740	463	484
1	1218006	0	5	1	9629420	100682	31.05545425415039	0.08371438086032867	3093.88134765625	1.021706223487854	3.899120330810547	2	725	469	0
1	1218221	0	1	1	9638861	100624	27.62744903564453	-0.04188506305217743	3060.685302734375	1.0074467658996582	3.8920822143554688	0	740	463	483
1	1218755	0	5	1	9630220	100683	30.971738815307617	0.33484673500061035	3093.757080078125	1.021024227142334	3.899120330810547	1	727	471	0
1	1218969	0	1	1	9639611	100628	27.292375564575195	-0.1675368845462799	3060.704833984375	1.0105550289154053	3.899120330810547	0	741	463	484
1	1219607	0	5	1	9630970	100691	30.302045822143555	-0.04185466468334198	3093.691650390625	1.0190316438674927	3.8920822143554688	0	726	469	0
1	1219717	0	1	1	9640361	100628	27.292375564575195	0.08376641571521759	3060.65283203125	1.0087803602218628	3.8920822143554688	0	741	464	483
1	1220461	0	1	1	9641111	100630	27.124841690063477	-0.20941856503486633	3060.607421875	1.0083088874816895	3.8920822143554688	0	740	463	482
1	1220461	0	5	1	9631820	100690	30.38575553894043	-0.33484944701194763	3093.86181640625	1.01392662525177	3.8920822143554688	1	726	469	0
1	1221104	0	5	1	9632570	100697	29.7998046875	-0.3766859173774719	3093.9794921875	1.0139033794403076	3.906158447265625	0	727	470	0
1	1221318	0	1	1	9641861	100634	26.789785385131836	-0.33506298065185547	3060.639892578125	1.0109516382217407	3.899120330810547	0	740	464	484
1	1221956	0	5	1	9633320	100694	30.050922393798828	-0.16741664707660675	3093.88134765625	1.017500877380371	3.8850440979003906	1	727	468	0
1	1222066	0	1	1	9642661	100633	26.87354850769043	-0.37695038318634033	3060.568603515625	1.0163421630859375	3.899120330810547	0	742	465	485
1	1222599	0	5	1	9634070	100696	29.883508682250977	-0.041852980852127075	3094.090576171875	1.0210895538330078	3.8850440979003906	1	725	469	1
1	1222921	0	1	1	9643461	100626	27.459911346435547	0.25129926204681396	3060.549072265625	1.0094002485275269	3.899120330810547	0	741	466	485
1	1223452	0	5	1	9634820	100697	29.7998046875	-0.16741260886192322	3093.940185546875	1.020733118057251	3.906158447265625	1	727	469	0
1	1223669	0	1	1	9644261	100632	26.957311630249023	-0.08376506716012955	3060.529541015625	1.0103545188903809	3.8920822143554688	0	740	465	485
1	1224201	0	5	1	9635620	100698	29.71609878540039	-0.25111889839172363	3094.188720703125	1.0172516107559204	3.8850440979003906	0	727	467	0
1	1224418	0	1	1	9645061	100632	26.957311630249023	-0.1256481111049652	3060.626953125	1.0078400373458862	3.899120330810547	0	741	465	483
1	1225057	0	5	1	9636370	100693	30.134628295898438	0.0418536551296711	3094.156005859375	1.0146605968475342	3.8920822143554688	0	726	471	1
1	1225272	0	1	1	9645811	100627	27.376142501831055	0.12565013766288757	3060.477783203125	1.0098168849945068	3.899120330810547	0	742	465	483
1	1225911	0	5	1	9637270	100690	30.38575553894043	0.12556298077106476	3093.940185546875	1.0184354782104492	3.913196563720703	0	726	470	0
1	1226020	0	1	1	9646611	100628	27.292375564575195	0.08376641571521759	3060.3544921875	1.010871171951294	3.8920822143554688	0	742	466	484
1	1226658	0	5	1	9638120	100687	30.636886596679688	0.16742068529129028	3094.09716796875	1.0188922882080078	3.8920822143554688	1	726	469	0
1	1226767	0	1	1	9647361	100625	27.54368019104004	0.25130128860473633	3060.666015625	1.0133370161056519	3.8780059814453125	0	740	465	483
1	1227407	0	5	1	9638870	100688	30.55317497253418	0.16741932928562164	3094.273681640625	1.0184284448623657	3.8920822143554688	0	727	468	0
1	1227622	0	1	1	9648161	100629	27.208608627319336	-0.041883375495672226	3060.523193359375	1.0097469091415405	3.8920822143554688	0	741	465	485
1	1228157	0	5	1	9639620	100690	30.38575553894043	-0.1255660206079483	3094.345703125	1.0166045427322388	3.8920822143554688	0	725	470	0
1	1228372	0	1	1	9649011	100626	27.459911346435547	0.12565113604068756	3060.34130859375	1.0100514888763428	3.899120330810547	0	742	466	483
1	1228907	0	5	1	9640370	100686	30.720600128173828	0.2511310279369354	3094.227783203125	1.019052505493164	3.8920822143554688	0	728	470	0
1	1230396	0	1	1	9651011	100620	27.962533950805664	0.25131139159202576	3060.34130859375	1.011724591255188	3.8850440979003906	0	739	466	483
1	1230396	0	5	1	9641820	100679	31.306602478027344	0.5441325306892395	3094.110107421875	1.017045021057129	3.899120330810547	0	725	469	0
1	1231037	0	5	1	9642520	100692	30.218338012695312	-0.04185432940721512	3094.077392578125	1.0180832147598267	3.899120330810547	0	726	470	0
1	1231147	0	1	1	9651761	100627	27.376142501831055	0.0	3060.373779296875	1.0132606029510498	3.906158447265625	0	740	464	483
1	1231788	0	5	1	9643220	100686	30.720600128173828	0.2092766910791397	3093.9140625	1.0177571773529053	3.8920822143554688	0	728	470	0
1	1231897	0	1	1	9652561	100627	27.376142501831055	-0.08376844227313995	3060.40625	1.006207823753357	3.899120330810547	0	740	467	484
1	1232539	0	5	1	9644020	100684	30.888025283813477	0.041856683790683746	3094.103759765625	1.0182307958602905	3.899120330810547	0	726	469	0
1	1232753	0	1	1	9653361	100623	27.711219787597656	0.083769790828228	3060.39990234375	1.012162446975708	3.8920822143554688	0	740	466	484
1	1233395	0	5	1	9644770	100680	31.222885131835938	0.3348548114299774	3093.71142578125	1.0178313255310059	3.8920822143554688	0	725	471	0
1	1233502	0	1	1	9654111	100625	27.54368019104004	-0.083769790828228	3060.328369140625	1.0106309652328491	3.8920822143554688	0	741	464	483
1	1234036	0	5	1	9645520	100680	31.222885131835938	0.3767101764678955	3093.809326171875	1.0173451900482178	3.8850440979003906	0	725	472	0
1	1234250	0	1	1	9654911	100619	28.046306610107422	-0.12566125392913818	3060.328369140625	1.0087789297103882	3.906158447265625	0	741	466	484
1	1234891	0	5	1	9646270	100685	30.804311752319336	0.12556803226470947	3093.98583984375	1.0204476118087769	3.906158447265625	0	726	470	0
1	1235108	0	1	1	9655661	100618	28.13007926940918	0.20943036675453186	3060.34130859375	1.009617805480957	3.8850440979003906	0	741	464	484
1	1235747	0	5	1	9647120	100686	30.720600128173828	-0.12557005882263184	3093.763671875	1.0193369388580322	3.899120330810547	0	725	471	0
1	1235856	0	1	1	9656461	100617	28.21385383605957	0.25131744146347046	3060.263427734375	1.0113730430603027	3.8920822143554688	0	743	465	483
1	1236495	0	5	1	9647920	100682	31.05545425415039	-0.08371572941541672	3093.776611328125	1.019386649131775	3.8920822143554688	0	726	469	0
1	1236709	0	1	1	9657261	100618	28.13007926940918	0.0837731584906578	3060.224609375	1.0076484680175781	3.899120330810547	0	743	464	483
1	1237244	0	5	1	9648620	100678	31.39031982421875	0.12557511031627655	3093.842041015625	1.0187281370162964	3.899120330810547	0	727	468	1
1	1237458	0	1	1	9658061	100618	28.13007926940918	-0.08377450704574585	3060.010498046875	1.010101079940796	3.899120330810547	0	741	465	481
1	1237993	0	5	1	9649370	100680	31.222885131835938	0.04185803234577179	3093.81591796875	1.016981601715088	3.8850440979003906	0	726	468	0
1	1238208	0	1	1	9658811	100619	28.046306610107422	0.0	3060.146728515625	1.014770746231079	3.906158447265625	0	741	465	484
1	1238742	0	5	1	9650120	100679	31.306602478027344	0.2511451542377472	3093.704833984375	1.0152729749679565	3.8920822143554688	0	727	472	0
1	1238956	0	1	1	9659561	100617	28.21385383605957	0.1675463169813156	3060.205078125	1.0111287832260132	3.8920822143554688	0	739	464	485
1	1239490	0	5	1	9650870	100681	31.139169692993164	0.04185769334435463	3093.273193359375	1.0161634683609009	3.899120330810547	0	726	470	1
1	1239704	0	1	1	9660361	100619	28.046306610107422	-0.08377383649349213	3060.04931640625	1.0082756280899048	3.8920822143554688	0	741	464	484
1	1240343	0	5	1	9651670	100680	31.222885131835938	-0.04185836762189865	3093.27978515625	1.019311547279358	3.8920822143554688	0	727	471	1
1	1240452	0	1	1	9661061	100616	28.29762840270996	0.041887421160936356	3060.153076171875	1.0097333192825317	3.899120330810547	0	742	467	484
1	1240986	0	5	1	9652470	100684	30.888025283813477	-0.25114718079566956	3093.2666015625	1.0203893184661865	3.899120330810547	0	727	470	1
1	1241201	0	1	1	9661811	100621	27.878761291503906	-0.12565922737121582	3060.0751953125	1.0133399963378906	3.899120330810547	0	741	463	483
1	1241841	0	5	1	9653170	100684	30.888025283813477	-0.20928847789764404	3093.475830078125	1.0183525085449219	3.899120330810547	0	726	468	0
1	1241950	0	1	1	9662561	100623	27.711219787597656	-0.20943036675453186	3059.9130859375	1.009221076965332	3.8920822143554688	0	742	466	484
1	1242485	0	5	1	9653970	100686	30.720600128173828	-0.08371303230524063	3093.36474609375	1.0192230939865112	3.8850440979003906	0	727	469	0
1	1242699	0	1	1	9663311	100619	28.046306610107422	0.20942868292331696	3059.8935546875	1.0084569454193115	3.899120330810547	0	741	465	485
1	1243339	0	1	1	9664011	100625	27.54368019104004	-0.04188472405076027	3059.984375	1.0111045837402344	3.8920822143554688	0	742	465	482
1	1243339	0	5	1	9654670	100690	30.38575553894043	-0.08371034264564514	3093.5478515625	1.0198907852172852	3.899120330810547	0	726	470	0
1	1244087	0	5	1	9655520	100675	31.641475677490234	0.37672531604766846	3093.53466796875	1.0172263383865356	3.899120330810547	1	726	471	0
1	1244196	0	1	1	9664811	100617	28.21385383605957	0.08377383649349213	3060.055908203125	1.0114927291870117	3.8920822143554688	0	741	466	482
1	1244838	0	5	1	9656320	100685	30.804311752319336	0.12556803226470947	3093.66552734375	1.0199358463287354	3.8780059814453125	0	725	468	0
1	1244947	0	1	1	9665561	100615	28.381404876708984	0.29320722818374634	3059.8935546875	1.0157909393310547	3.899120330810547	0	740	465	483
1	1245588	0	5	1	9657020	100680	31.222885131835938	-0.04185836762189865	3093.81591796875	1.0178788900375366	3.8920822143554688	0	726	471	0
1	1245697	0	1	1	9666361	100620	27.962533950805664	-0.20943541824817657	3059.951904296875	1.0104960203170776	3.8920822143554688	0	740	463	483
1	1246338	0	5	1	9657820	100681	31.139169692993164	-0.12557511031627655	3093.809326171875	1.0162831544876099	3.8920822143554688	0	726	471	0
1	1246552	0	1	1	9667161	100620	27.962533950805664	-0.41887927055358887	3060.08837890625	1.0052772760391235	3.8920822143554688	0	741	465	484
1	1247088	0	5	1	9658520	100690	30.38575553894043	-0.37670713663101196	3093.81591796875	1.0193020105361938	3.899120330810547	0	728	469	0
1	1247303	0	1	1	9667961	100625	27.54368019104004	-0.4188624322414398	3060.0234375	1.0056182146072388	3.899120330810547	0	741	467	482
1	1247838	0	5	1	9659270	100690	30.38575553894043	-0.25113505125045776	3093.81591796875	1.0170234441757202	3.899120330810547	0	727	470	0
1	1248052	0	1	1	9668711	100625	27.54368019104004	-0.16754092276096344	3060.04931640625	1.0104401111602783	3.899120330810547	0	739	466	483
1	1248799	0	1	1	9669461	100622	27.79499053955078	0.04188539832830429	3060.036376953125	1.0085442066192627	3.906158447265625	0	740	466	484
1	1249226	0	5	1	9660720	100687	30.636886596679688	-0.04185601323843002	3093.802978515625	1.0177937746047974	3.899120330810547	0	727	471	1
1	1249972	0	5	1	9661420	100689	30.469465255737305	-0.3767101764678955	3093.809326171875	1.0177263021469116	3.8920822143554688	0	726	469	0
1	1250189	0	1	1	9670861	100625	27.54368019104004	-0.083769790828228	3060.04296875	1.0112687349319458	3.8920822143554688	0	742	465	485
1	1250722	0	5	1	9662220	100686	30.720600128173828	0.0	3093.992431640625	1.0201247930526733	3.8920822143554688	0	725	468	0
1	1251044	0	1	1	9671611	100626	27.459911346435547	-0.08376911282539368	3059.906494140625	1.0115911960601807	3.899120330810547	0	742	463	484
1	1251579	0	5	1	9662970	100690	30.38575553894043	0.0	3093.8291015625	1.0196049213409424	3.906158447265625	1	726	469	1
1	1251793	0	1	1	9672411	100628	27.292375564575195	-0.08376776427030563	3060.081787109375	1.0100891590118408	3.8920822143554688	0	741	463	483
1	1252327	0	5	1	9663770	100686	30.720600128173828	0.08371168375015259	3094.1298828125	1.018931269645691	3.899120330810547	0	726	470	0
1	1252542	0	1	1	9673211	100627	27.376142501831055	-0.16753822565078735	3059.8935546875	1.0127686262130737	3.8920822143554688	0	741	467	484
1	1253182	0	5	1	9664570	100689	30.469465255737305	0.0	3094.090576171875	1.0195329189300537	3.8780059814453125	0	727	470	0
1	1253399	0	1	1	9673961	100620	27.962533950805664	0.25131139159202576	3059.789794921875	1.0109786987304688	3.8850440979003906	0	740	464	482
1	1254038	0	1	1	9674711	100621	27.878761291503906	0.12565620243549347	3059.8935546875	1.007055640220642	3.8850440979003906	0	741	465	484
1	1254038	0	5	1	9665420	100680	31.222885131835938	0.5441281795501709	3094.03173828125	1.019773244857788	3.8920822143554688	0	727	472	0
1	1254787	0	5	1	9666220	100682	31.05545425415039	0.2929944396018982	3094.136474609375	1.0174057483673096	3.8920822143554688	0	727	469	0
1	1254896	0	1	1	9675461	100621	27.878761291503906	0.16754092276096344	3059.822265625	1.0136377811431885	3.8850440979003906	0	740	466	483
1	1255640	0	1	1	9676261	100615	28.381404876708984	0.502630889415741	3059.900146484375	1.011125922203064	3.8920822143554688	0	741	464	483
1	1255640	0	5	1	9666970	100680	31.222885131835938	0.08371572941541672	3093.8486328125	1.017486810684204	3.8850440979003906	0	726	468	0
1	1256388	0	1	1	9677011	100613	28.54895782470703	0.3350980281829834	3059.97802734375	1.0124945640563965	3.8920822143554688	0	741	463	484
1	1256388	0	5	1	9667820	100674	31.725196838378906	0.33487099409103394	3093.940185546875	1.0198404788970947	3.8850440979003906	0	727	470	0
1	1257139	0	5	1	9668620	100679	31.306602478027344	0.20928847789764404	3093.691650390625	1.0189776420593262	3.8920822143554688	2	726	467	0
1	1257248	0	1	1	9677861	100613	28.54895782470703	0.2513255476951599	3059.861083984375	1.0102777481079102	3.906158447265625	0	741	464	484
1	1257994	0	1	1	9678661	100603	29.386762619018555	0.46079131960868835	3059.68603515625	1.0140397548675537	3.8850440979003906	0	740	463	485
1	1257994	0	5	1	9669370	100669	32.14380645751953	0.4604605734348297	3093.770263671875	1.01551353931427	3.8920822143554688	0	725	470	0
1	1259381	0	5	1	9670820	100673	31.808916091918945	0.04186038672924042	3093.155517578125	1.01674222946167	3.8920822143554688	0	727	469	0
1	1259490	0	1	1	9680061	100618	28.13007926940918	-0.33510610461235046	3059.62744140625	1.0099937915802002	3.8920822143554688	0	741	467	484
1	1260130	0	5	1	9671520	100679	31.306602478027344	-0.5860524773597717	3093.410400390625	1.0163424015045166	3.8850440979003906	0	726	470	0
1	1260239	0	1	1	9680861	100608	28.967851638793945	-0.25134778022766113	3059.51708984375	1.0135248899459839	3.8920822143554688	0	741	467	482
1	1260984	0	5	1	9672370	100676	31.557756423950195	-0.2511633336544037	3093.5478515625	1.0147364139556885	3.906158447265625	0	727	468	0
1	1261093	0	1	1	9681661	100609	28.884071350097656	-0.08378057181835175	3059.789794921875	1.0146633386611938	3.8850440979003906	0	741	465	483
1	1261732	0	5	1	9673170	100672	31.89263916015625	0.16744087636470795	3093.109619140625	1.016338586807251	3.906158447265625	0	727	468	0
1	1261841	0	1	1	9682411	100611	28.71651268005371	0.2094421684741974	3059.64697265625	1.010486125946045	3.899120330810547	0	740	464	483
1	1262481	0	5	1	9673970	100678	31.39031982421875	-0.25115931034088135	3093.076904296875	1.0177665948867798	3.899120330810547	0	725	470	0
1	1262590	0	1	1	9683211	100618	28.13007926940918	-0.37699589133262634	3059.458740234375	1.0144846439361572	3.899120330810547	0	741	465	484
1	1263338	0	1	1	9684011	100614	28.465179443359375	-0.04188843443989754	3059.439208984375	1.0189687013626099	3.8850440979003906	0	741	465	484
1	1263338	0	5	1	9674720	100679	31.306602478027344	-0.334879070520401	3093.005126953125	1.0168603658676147	3.899120330810547	0	726	470	0
1	1264088	0	5	1	9675520	100669	32.14380645751953	0.1255842000246048	3093.29931640625	1.0158478021621704	3.8850440979003906	0	727	469	0
1	1264197	0	1	1	9684761	100608	28.967851638793945	0.12566934525966644	3059.5107421875	1.0160205364227295	3.8920822143554688	0	741	465	484
1	1264836	0	5	1	9676220	100672	31.89263916015625	0.0837211161851883	3092.76318359375	1.0162222385406494	3.899120330810547	1	727	469	0
1	1264945	0	1	1	9685511	100613	28.54895782470703	-0.0418887697160244	3059.400390625	1.012864589691162	3.899120330810547	0	741	465	484
1	1265475	0	5	1	9676970	100669	32.14380645751953	0.25116536021232605	3093.01806640625	1.0194247961044312	3.899120330810547	0	726	470	2
1	1265692	0	1	1	9686261	100605	29.219196319580078	0.3770080506801605	3059.413330078125	1.009281039237976	3.899120330810547	0	741	463	483
1	1266225	0	5	1	9677670	100662	32.729888916015625	0.5023468732833862	3092.652099609375	1.017341136932373	3.8850440979003906	0	726	470	0
1	1266441	0	1	1	9687061	100595	30.057056427001953	0.5864923596382141	3059.543212890625	1.0189368724822998	3.906158447265625	0	741	467	484
1	1267081	0	5	1	9678420	100666	32.394981384277344	0.3767525851726532	3092.91357421875	1.0159419775009155	3.8920822143554688	0	726	469	0
1	1267190	0	1	1	9687861	100615	28.381404876708984	-0.2094438523054123	3059.328857421875	1.0115326642990112	3.8920822143554688	0	742	464	483
1	1267722	0	5	1	9679170	100668	32.22753143310547	-0.04186240956187248	3092.78271484375	1.0248924493789673	3.8920822143554688	0	725	469	0
1	1267939	0	1	1	9688611	100608	28.967851638793945	-0.08378124982118607	3059.367919921875	1.0080358982086182	3.8920822143554688	0	741	464	484
1	1268579	0	5	1	9679920	100669	32.14380645751953	-0.20931372046470642	3092.69775390625	1.0220316648483276	3.8850440979003906	0	725	470	0
1	1270067	0	1	1	9690661	100591	30.39221954345703	0.5865112543106079	3059.173095703125	1.0215599536895752	3.8850440979003906	0	741	466	484
1	1270067	0	5	1	9681420	100650	33.73468017578125	0.7535748481750488	3092.723876953125	1.0218737125396729	3.8920822143554688	0	726	470	1
1	1272088	0	1	1	9692711	100608	28.967851638793945	-0.6702877879142761	3058.73828125	1.0052961111068726	3.899120330810547	0	742	464	483
1	1272197	0	5	1	9683520	100668	32.22753143310547	-0.46050500869750977	3092.4951171875	1.0146152973175049	3.8850440979003906	0	726	469	0
1	1272837	0	5	1	9684270	100681	31.139169692993164	-1.0465518236160278	3092.56689453125	1.0171887874603271	3.8920822143554688	1	726	469	0
1	1272946	0	1	1	9693511	100616	28.29762840270996	-1.005399227142334	3058.744873046875	1.0073479413986206	3.899120330810547	0	740	465	485
1	1273692	0	1	1	9694311	100624	27.62744903564453	-0.9215492606163025	3058.770751953125	1.0091660022735596	3.8780059814453125	0	740	466	484
1	1273692	0	5	1	9685020	100685	30.804311752319336	-1.0046533346176147	3092.48193359375	1.0125062465667725	3.8780059814453125	0	726	468	0
1	1275714	0	1	1	9696361	100629	27.208608627319336	-0.12565113604068756	3058.790283203125	1.0096454620361328	3.906158447265625	0	741	464	482
1	1275714	0	5	1	9687120	100694	30.050922393798828	-0.711557924747467	3093.01171875	1.0161575078964233	3.8920822143554688	0	725	469	0
1	1276463	0	1	1	9697111	100618	28.13007926940918	0.29320016503334045	3058.91357421875	1.0065661668777466	3.8920822143554688	0	742	465	483
1	1276463	0	5	1	9687920	100677	31.474037170410156	0.46043094992637634	3093.05078125	1.0187242031097412	3.8920822143554688	0	726	470	0
1	1277211	0	1	1	9697861	100615	28.381404876708984	0.4188624322414398	3058.855224609375	1.0120255947113037	3.8850440979003906	0	741	465	484
1	1277211	0	5	1	9688620	100677	31.474037170410156	0.5022862553596497	3092.9658203125	1.0175259113311768	3.8850440979003906	0	726	468	0
1	1279343	0	1	1	9699911	100614	28.465179443359375	0.29320958256721497	3058.459228515625	1.014066219329834	3.906158447265625	0	739	464	483
1	1279343	0	5	1	9690720	100676	31.557756423950195	0.12557712197303772	3092.93310546875	1.0190423727035522	3.899120330810547	0	726	468	0
1	1280727	0	1	1	9701311	100611	28.71651268005371	0.04188910871744156	3058.49169921875	1.011170506477356	3.899120330810547	0	742	466	484
1	1280836	0	5	1	9692220	100672	31.89263916015625	0.25115931034088135	3092.841552734375	1.0205657482147217	3.8920822143554688	0	727	471	0
1	1281475	0	1	1	9702111	100613	28.54895782470703	-0.12566731870174408	3058.634521484375	1.010717511177063	3.8920822143554688	0	742	466	484
1	1281691	0	5	1	9693070	100680	31.222885131835938	-0.20929521322250366	3092.880859375	1.018248200416565	3.899120330810547	0	727	468	0
1	1282332	0	1	1	9702911	100618	28.13007926940918	-0.12566226720809937	3058.4658203125	1.0110852718353271	3.8850440979003906	0	741	466	484
1	1282332	0	5	1	9693820	100680	31.222885131835938	-0.16743549704551697	3093.01806640625	1.0181201696395874	3.899120330810547	0	726	470	2
1	1283081	0	1	1	9703661	100621	27.878761291503906	-0.41887590289115906	3058.589111328125	1.0114003419876099	3.8920822143554688	0	741	465	483
1	1283190	0	5	1	9694570	100677	31.474037170410156	-0.1674395352602005	3092.789306640625	1.0188463926315308	3.8920822143554688	0	726	470	0
1	1283829	0	1	1	9704411	100615	28.381404876708984	-0.16755440831184387	3058.58251953125	1.0113554000854492	3.8850440979003906	0	741	465	483
1	1283829	0	5	1	9695320	100682	31.05545425415039	-0.12557409703731537	3092.723876953125	1.0199804306030273	3.8920822143554688	0	726	470	0
1	1284578	0	1	1	9705161	100613	28.54895782470703	0.08377652615308762	3058.47216796875	1.0111503601074219	3.8920822143554688	0	741	464	482
1	1284687	0	5	1	9696070	100682	31.05545425415039	-0.12557409703731537	3092.593017578125	1.017645001411438	3.8780059814453125	0	726	468	0
1	1285743	0	1	1	9705961	100613	28.54895782470703	0.12566429376602173	3058.2255859375	1.0113638639450073	3.8920822143554688	0	741	463	484
1	1285847	0	5	1	9697220	100682	31.05545425415039	-0.12557409703731537	3092.6845703125	1.017764925956726	3.8920822143554688	1	727	470	0
1	1286496	0	1	1	9707061	100616	28.29762840270996	-0.2094421684741974	3058.348876953125	1.0101701021194458	3.8920822143554688	0	740	465	484
1	1286605	0	5	1	9698020	100672	31.89263916015625	0.29301801323890686	3092.82861328125	1.0182182788848877	3.899120330810547	1	726	469	0
1	1287138	0	1	1	9707811	100606	29.135414123535156	0.25133970379829407	3058.348876953125	1.0135681629180908	3.899120330810547	0	741	465	484
1	1287354	0	5	1	9698720	100672	31.89263916015625	0.0837211161851883	3092.61279296875	1.0170583724975586	3.8920822143554688	0	727	469	0
1	1287888	0	1	1	9708561	100606	29.135414123535156	0.46078017354011536	3058.2646484375	1.0111948251724243	3.8920822143554688	0	741	465	483
1	1288103	0	5	1	9699520	100672	31.89263916015625	0.0837211161851883	3092.887451171875	1.015242338180542	3.8920822143554688	0	728	468	1
1	1288850	0	5	1	9700270	100676	31.557756423950195	-0.12558014690876007	3092.8154296875	1.0170938968658447	3.8920822143554688	1	727	468	0
1	1289278	0	1	1	9709911	100611	28.71651268005371	-0.25134173035621643	3058.342529296875	1.0129146575927734	3.8850440979003906	0	740	465	484
1	1289600	0	5	1	9701070	100680	31.222885131835938	-0.29301565885543823	3092.84814453125	1.0174634456634521	3.8920822143554688	0	726	469	0
1	1290134	0	1	1	9710661	100610	28.800291061401367	-0.08377990126609802	3058.147705078125	1.010087013244629	3.906158447265625	0	742	465	483
1	1290454	0	5	1	9701870	100675	31.641475677490234	-0.209303617477417	3092.69775390625	1.0162017345428467	3.899120330810547	0	726	469	1
1	1290883	0	1	1	9711461	100615	28.381404876708984	-0.1256653070449829	3058.167236328125	1.0076731443405151	3.8920822143554688	0	741	464	483
1	1291203	0	5	1	9702620	100677	31.474037170410156	-0.2930227220058441	3092.75	1.0198111534118652	3.8920822143554688	0	728	471	0
1	1291632	0	1	1	9712261	100617	28.21385383605957	0.0	3058.173828125	1.0078679323196411	3.8920822143554688	0	740	466	486
1	1291952	0	5	1	9703420	100674	31.725196838378906	0.0	3092.403564453125	1.0225958824157715	3.906158447265625	0	727	471	0
1	1292486	0	1	1	9713011	100618	28.13007926940918	-0.12566226720809937	3058.0244140625	1.0084038972854614	3.8920822143554688	0	742	464	484
1	1292807	0	5	1	9704220	100684	30.888025283813477	-0.041857022792100906	3092.7109375	1.0184404850006104	3.899120330810547	0	726	470	0
1	1293339	0	1	1	9713861	100617	28.21385383605957	0.0	3058.076416015625	1.006351113319397	3.899120330810547	0	742	465	482
1	1293662	0	5	1	9705070	100677	31.474037170410156	0.12557610869407654	3092.91357421875	1.0173338651657104	3.8920822143554688	1	728	469	0
1	1294089	0	1	1	9714661	100611	28.71651268005371	0.37698984146118164	3058.387939453125	1.0108941793441772	3.8850440979003906	0	741	465	482
1	1294518	0	5	1	9705920	100682	31.05545425415039	0.1674274057149887	3092.5341796875	1.017985463142395	3.8920822143554688	0	727	470	0
1	1294838	0	1	1	9715411	100617	28.21385383605957	0.1675463169813156	3058.12841796875	1.0091924667358398	3.8920822143554688	0	742	465	484
1	1295268	0	5	1	9706720	100680	31.222885131835938	-0.04185836762189865	3092.84814453125	1.0195668935775757	3.899120330810547	0	726	470	1
1	1295587	0	1	1	9716261	100622	27.79499053955078	-0.37698376178741455	3057.946533203125	1.0135290622711182	3.8920822143554688	0	740	464	484
1	1296016	0	5	1	9707420	100684	30.888025283813477	-0.37672531604766846	3092.743408203125	1.0191234350204468	3.8780059814453125	0	726	469	0
1	1296336	0	1	1	9717011	100623	27.711219787597656	-0.12565721571445465	3058.050537109375	1.0125294923782349	3.899120330810547	0	741	466	484
1	1296764	0	5	1	9708220	100686	30.720600128173828	-0.20928511023521423	3092.776123046875	1.0178767442703247	3.899120330810547	1	728	468	0
1	1297192	0	1	1	9717761	100623	27.711219787597656	0.0	3057.8037109375	1.010059118270874	3.8920822143554688	0	741	465	484
1	1297620	0	5	1	9708970	100685	30.804311752319336	0.041856348514556885	3092.900390625	1.0194690227508545	3.899120330810547	0	725	469	0
1	1297941	0	1	1	9718561	100625	27.54368019104004	-0.2513134181499481	3058.147705078125	1.0112028121948242	3.8850440979003906	0	741	466	484
1	1298261	0	5	1	9709720	100686	30.720600128173828	-0.12557005882263184	3092.854736328125	1.01737380027771	3.899120330810547	1	727	468	0
1	1298794	0	1	1	9719361	100626	27.459911346435547	-0.25131139159202576	3057.784423828125	1.0103775262832642	3.8920822143554688	0	741	467	483
1	1299540	0	1	1	9720161	100623	27.711219787597656	-0.04188539832830429	3058.037353515625	1.0083303451538086	3.8920822143554688	0	739	465	484
1	1299755	0	5	1	9711120	100690	30.38575553894043	-0.20927837491035461	3093.14892578125	1.0181951522827148	3.8850440979003906	0	727	469	0
1	1300289	0	1	1	9720961	100619	28.046306610107422	0.20942868292331696	3057.81689453125	1.011452078819275	3.8850440979003906	0	739	465	485
1	1300608	0	5	1	9711970	100686	30.720600128173828	0.08371168375015259	3092.89404296875	1.0188534259796143	3.8780059814453125	0	726	469	0
1	1301144	0	1	1	9721711	100623	27.711219787597656	0.1256541758775711	3057.901123046875	1.0091701745986938	3.8920822143554688	0	741	465	484
1	1301359	0	5	1	9712770	100691	30.302045822143555	0.04185432940721512	3093.14892578125	1.0215585231781006	3.8920822143554688	1	728	470	0
1	1302105	0	5	1	9713570	100678	31.39031982421875	0.5859912037849426	3093.06396484375	1.0170046091079712	3.8920822143554688	0	726	469	0
1	1302532	0	1	1	9723161	100617	28.21385383605957	0.25131744146347046	3057.8232421875	1.0091432332992554	3.8920822143554688	0	741	466	484
1	1302853	0	5	1	9714270	100681	31.139169692993164	0.41856178641319275	3092.972412109375	1.0202879905700684	3.8920822143554688	1	727	468	1
1	1303280	0	1	1	9723911	100620	27.962533950805664	0.08377180993556976	3057.90771484375	1.010049819946289	3.8920822143554688	0	740	465	483
1	1303601	0	5	1	9714970	100684	30.888025283813477	0.12556904554367065	3093.04443359375	1.0193369388580322	3.899120330810547	1	727	470	0
1	1304241	0	1	1	9724811	100628	27.292375564575195	-0.5026268362998962	3057.8427734375	1.0122594833374023	3.899120330810547	0	741	465	482
1	1304456	0	5	1	9715820	100685	30.804311752319336	-0.16742876172065735	3092.97900390625	1.0197269916534424	3.899120330810547	0	725	470	0
1	1304990	0	1	1	9725561	100621	27.878761291503906	0.0	3057.836181640625	1.0085680484771729	3.8920822143554688	0	741	466	484
1	1305099	0	5	1	9716570	100683	30.971738815307617	-0.1255730837583542	3092.880859375	1.0171964168548584	3.8920822143554688	0	726	470	0
1	1305739	0	1	1	9726361	100618	28.13007926940918	0.33508455753326416	3057.8232421875	1.0093871355056763	3.899120330810547	0	741	465	484
1	1305848	0	5	1	9717270	100682	31.05545425415039	-0.20929184556007385	3092.8154296875	1.0185973644256592	3.8920822143554688	0	726	468	1
1	1307230	0	1	1	9727861	100601	29.554332733154297	0.837785542011261	3057.81689453125	1.0053478479385376	3.8780059814453125	0	741	465	484
1	1307339	0	5	1	9718720	100667	32.311256408691406	0.9208952188491821	3092.6845703125	1.0166270732879639	3.899120330810547	1	727	468	0
1	1308722	0	1	1	9729261	100611	28.71651268005371	-0.04188944399356842	3057.609130859375	1.0118159055709839	3.899120330810547	0	741	466	483
1	1308722	0	5	1	9720170	100670	32.060081481933594	0.0418613962829113	3092.723876953125	1.0186619758605957	3.8920822143554688	0	726	469	0
1	1309575	0	1	1	9730161	100606	29.135414123535156	-0.29324498772621155	3057.901123046875	1.0055865049362183	3.8920822143554688	0	741	465	485
1	1309575	0	5	1	9720970	100673	31.808916091918945	-0.04186072573065758	3092.880859375	1.0261433124542236	3.906158447265625	0	727	469	0
1	1310216	0	1	1	9730861	100605	29.219196319580078	0.08378192037343979	3057.829833984375	1.0078903436660767	3.8920822143554688	0	741	465	485
1	1310216	0	5	1	9721670	100672	31.89263916015625	0.0	3092.239990234375	1.0102014541625977	3.8850440979003906	0	726	468	1
1	1310964	0	5	1	9722370	100661	32.81361770629883	0.3349060118198395	3092.409912109375	1.028016209602356	3.8920822143554688	1	726	470	1
1	1311074	0	1	1	9731611	100590	30.476011276245117	0.5865159630775452	3057.479248046875	1.0237164497375488	3.8850440979003906	0	741	466	483
1	1311714	0	5	1	9723070	100672	31.89263916015625	-0.1255842000246048	3092.540771484375	1.0126638412475586	3.899120330810547	0	728	466	0
1	1311824	0	1	1	9732411	100603	29.386762619018555	0.25134578347206116	3057.68701171875	1.0120139122009277	3.8920822143554688	0	741	465	483
1	1312356	0	5	1	9723820	100675	31.641475677490234	-0.209303617477417	3092.61279296875	1.0129934549331665	3.8920822143554688	0	727	471	0
1	1312572	0	1	1	9733211	100609	28.884071350097656	-0.08378057181835175	3057.55712890625	1.0150439739227295	3.899120330810547	0	742	465	485
1	1313210	0	5	1	9724570	100666	32.394981384277344	-0.753587007522583	3092.305419921875	1.0256576538085938	3.899120330810547	1	727	470	0
1	1313425	0	1	1	9734011	100605	29.219196319580078	-0.08378326892852783	3057.563720703125	1.0090234279632568	3.8920822143554688	0	741	465	485
1	1313958	0	5	1	9725370	100674	31.725196838378906	-0.37675562500953674	3092.35107421875	1.01998770236969	3.899120330810547	1	728	470	0
1	1314173	0	1	1	9734811	100608	28.967851638793945	0.04189011827111244	3057.725830078125	1.0118122100830078	3.8920822143554688	0	741	464	483
1	1314707	0	5	1	9726170	100672	31.89263916015625	0.12558116018772125	3092.560546875	1.023629069328308	3.8920822143554688	0	725	470	0
1	1315030	0	1	1	9735561	100605	29.219196319580078	-0.041891466826200485	3057.64794921875	1.0190922021865845	3.899120330810547	0	743	465	483
1	1315458	0	5	1	9726870	100674	31.725196838378906	0.041860051453113556	3092.50146484375	1.0218933820724487	3.906158447265625	0	726	470	1
1	1315780	0	1	1	9736361	100616	28.29762840270996	-0.2094421684741974	3057.48583984375	1.0152190923690796	3.8920822143554688	0	740	465	483
1	1316099	0	5	1	9727570	100677	31.474037170410156	-0.12557914853096008	3092.54736328125	1.0197809934616089	3.8850440979003906	0	726	469	0
1	1316526	0	1	1	9737161	100614	28.465179443359375	-0.3770080506801605	3057.563720703125	1.0098438262939453	3.8850440979003906	0	741	464	484
1	1316954	0	5	1	9728270	100672	31.89263916015625	0.0	3092.292236328125	1.015073299407959	3.899120330810547	0	726	471	0
1	1317382	0	1	1	9737911	100608	28.967851638793945	0.0	3057.59619140625	1.0118155479431152	3.8920822143554688	0	741	465	484
1	1317596	0	5	1	9729070	100667	32.311256408691406	0.16744761168956757	3092.324951171875	1.0137418508529663	3.8920822143554688	0	725	469	0
1	1318130	0	1	1	9738711	100586	30.811187744140625	1.2148916721343994	3057.498779296875	1.008337140083313	3.899120330810547	0	743	468	484
1	1318452	0	5	1	9729770	100664	32.562435150146484	0.5023388266563416	3092.135498046875	1.0161747932434082	3.8920822143554688	0	725	469	0
1	1318879	0	1	1	9739511	100604	29.302978515625	0.041891466826200485	3057.330078125	1.0067002773284912	3.8850440979003906	0	742	465	484
1	1319200	0	5	1	9730620	100666	32.394981384277344	0.2093103528022766	3092.3447265625	1.0290979146957397	3.899120330810547	0	726	467	0
1	1319734	0	1	1	9740261	100601	29.554332733154297	0.12567642331123352	3057.368896484375	1.0129365921020508	3.8850440979003906	0	741	464	483
1	1319950	0	5	1	9731370	100666	32.394981384277344	-0.4605124294757843	3092.468994140625	1.0229684114456177	3.8920822143554688	0	726	470	0
1	1320482	0	1	1	9741061	100598	29.80569076538086	0.2932473421096802	3057.563720703125	1.0112992525100708	3.8850440979003906	0	741	465	483
1	1320699	0	5	1	9732120	100670	32.060081481933594	-0.04186173528432846	3092.324951171875	1.0020428895950317	3.8850440979003906	0	726	470	0
1	1321339	0	1	1	9741861	100602	29.47054672241211	0.25134778022766113	3057.37548828125	1.0106611251831055	3.899120330810547	0	741	465	483
1	1321554	0	5	1	9732970	100673	31.808916091918945	0.0	3092.298828125	1.0222936868667603	3.8920822143554688	0	726	468	0
1	1322087	0	1	1	9742661	100608	28.967851638793945	-0.20945565402507782	3057.349609375	1.0167236328125	3.899120330810547	0	743	465	484
1	1322301	0	5	1	9733770	100673	31.808916091918945	-0.8791459202766418	3092.272705078125	1.026598334312439	3.8780059814453125	0	728	468	0
1	1322835	0	1	1	9743411	100601	29.554332733154297	0.41890960931777954	3057.407958984375	0.9999399185180664	3.8920822143554688	0	741	466	484
1	1323155	0	5	1	9734570	100666	32.394981384277344	-0.16745434701442719	3092.44921875	1.0163644552230835	3.8920822143554688	0	726	470	0
1	1323584	0	1	1	9744161	100609	28.884071350097656	-0.29323792457580566	3057.51171875	1.0158923864364624	3.8920822143554688	0	742	468	485
1	1323904	0	5	1	9735320	100672	31.89263916015625	-0.25117141008377075	3092.279296875	1.0190435647964478	3.8920822143554688	0	727	467	0
1	1324333	0	1	1	9744911	100603	29.386762619018555	0.16756519675254822	3057.271728515625	1.0033162832260132	3.8920822143554688	0	741	467	483
1	1324653	0	5	1	9736120	100668	32.22753143310547	-0.20931540429592133	3092.272705078125	1.0193321704864502	3.8920822143554688	1	727	470	1
1	1325082	0	1	1	9745661	100609	28.884071350097656	-0.37702322006225586	3057.35595703125	1.0108355283737183	3.899120330810547	0	741	466	483
1	1325401	0	5	1	9736820	100674	31.725196838378906	-0.2093053013086319	3092.102783203125	1.015105962753296	3.906158447265625	0	726	470	0
1	1325829	0	1	1	9746461	100611	28.71651268005371	-0.293233186006546	3057.414306640625	1.0107332468032837	3.8920822143554688	0	742	466	484
1	1326150	0	5	1	9737620	100674	31.725196838378906	-0.16744357347488403	3092.48193359375	1.016867995262146	3.8920822143554688	0	727	469	0
1	1326684	0	1	1	9747261	100605	29.219196319580078	0.08378192037343979	3057.310546875	1.0245492458343506	3.8850440979003906	0	740	466	484
1	1326898	0	5	1	9738320	100662	32.729888916015625	0.20931708812713623	3092.004638671875	1.0232185125350952	3.8850440979003906	0	726	469	0
1	1327432	0	1	1	9748061	100602	29.47054672241211	0.20945733785629272	3057.109375	1.0165245532989502	3.8920822143554688	0	741	464	484
1	1327647	0	5	1	9739020	100675	31.641475677490234	-0.041860051453113556	3092.20068359375	1.0184004306793213	3.899120330810547	0	726	470	0
1	1328182	0	1	1	9748811	100604	29.302978515625	0.20945397019386292	3057.26513671875	1.0112931728363037	3.8920822143554688	0	742	465	484
1	1328396	0	5	1	9739820	100666	32.394981384277344	0.2093103528022766	3092.33154296875	1.0197721719741821	3.8780059814453125	0	726	468	0
1	1328931	0	1	1	9749561	100605	29.219196319580078	-0.1675678938627243	3057.109375	1.0150309801101685	3.8920822143554688	0	742	467	486
1	1329252	0	5	1	9740570	100665	32.47870635986328	0.0	3092.26611328125	1.0200518369674683	3.899120330810547	0	726	470	0
1	1329785	0	1	1	9750361	100600	29.638118743896484	0.544580340385437	3057.226318359375	1.0069314241409302	3.899120330810547	0	743	465	483
1	1329894	0	5	1	9741320	100667	32.311256408691406	0.16744761168956757	3092.0634765625	1.0220065116882324	3.899120330810547	1	725	470	0
1	1330641	0	5	1	9742070	100672	31.89263916015625	0.12558116018772125	3092.122314453125	1.0064903497695923	3.899120330810547	1	725	470	0
1	1331174	0	1	1	9751811	100601	29.554332733154297	0.1675678938627243	3057.15478515625	1.014207124710083	3.899120330810547	0	742	464	483
1	1331390	0	5	1	9742820	100662	32.729888916015625	-0.12559430301189423	3092.11572265625	1.019275426864624	3.8920822143554688	0	725	470	0
1	1332030	0	1	1	9752561	100600	29.638118743896484	0.41891297698020935	3057.1484375	1.0109400749206543	3.8920822143554688	0	741	465	483
1	1332139	0	5	1	9743570	100662	32.729888916015625	0.460486501455307	3092.16162109375	1.0182234048843384	3.899120330810547	2	727	468	0
1	1332778	0	1	1	9753361	100601	29.554332733154297	0.1675678938627243	3057.15478515625	1.0105013847351074	3.899120330810547	0	741	465	484
1	1332887	0	5	1	9744270	100663	32.64616012573242	-0.3767889440059662	3092.141845703125	1.0186744928359985	3.8920822143554688	1	725	469	2
1	1333526	0	5	1	9744970	100665	32.47870635986328	-0.12559126317501068	3091.841064453125	1.0087040662765503	3.913196563720703	1	726	470	0
1	1334058	0	1	1	9754711	100599	29.721904754638672	0.0	3057.031494140625	1.013879418373108	3.8780059814453125	0	742	465	483
1	1334275	0	5	1	9745670	100667	32.311256408691406	0.0	3091.7626953125	1.0174901485443115	3.899120330810547	0	726	470	0
1	1334807	0	1	1	9755461	100597	29.88947868347168	0.08378732204437256	3056.99267578125	1.0105127096176147	3.8920822143554688	0	742	465	484
1	1335129	0	5	1	9746520	100660	32.89734649658203	0.16745704412460327	3091.886962890625	1.022024393081665	3.906158447265625	1	725	468	0
1	1335663	0	1	1	9756261	100605	29.219196319580078	-0.20946070551872253	3056.875732421875	1.016218900680542	3.899120330810547	0	740	463	484
1	1335877	0	5	1	9747320	100675	31.641475677490234	-0.7116666436195374	3091.978515625	1.0160521268844604	3.899120330810547	0	727	468	0
1	1336515	0	1	1	9757111	100602	29.47054672241211	0.25134778022766113	3056.849853515625	1.0208820104599	3.899120330810547	0	742	464	485
1	1336730	0	5	1	9748070	100665	32.47870635986328	-0.12559126317501068	3091.919677734375	1.0166566371917725	3.899120330810547	0	726	470	1
1	1337372	0	1	1	9757961	100604	29.302978515625	0.20945397019386292	3056.810791015625	1.0162307024002075	3.8920822143554688	0	741	466	483
1	1337479	0	5	1	9748870	100668	32.22753143310547	-0.29304394125938416	3091.998046875	1.0160971879959106	3.899120330810547	0	726	468	0
1	1338118	0	1	1	9758761	100600	29.638118743896484	0.41891297698020935	3056.784912109375	1.0076215267181396	3.8920822143554688	0	740	465	484
1	1338228	0	5	1	9749670	100672	31.89263916015625	-0.1255842000246048	3091.769287109375	1.0160797834396362	3.899120330810547	0	726	469	0
1	1338974	0	5	1	9750370	100671	31.976360321044922	0.0	3091.71044921875	1.0182006359100342	3.8920822143554688	0	727	470	1
1	1339083	0	1	1	9759561	100606	29.135414123535156	0.1675611436367035	3056.888671875	1.0110307931900024	3.899120330810547	0	742	465	483
1	1339723	0	5	1	9751070	100671	31.976360321044922	-0.2511734366416931	3091.769287109375	1.0184037685394287	3.8920822143554688	0	727	468	0
1	1339831	0	1	1	9760411	100613	28.54895782470703	-0.46079501509666443	3056.947021484375	1.0101964473724365	3.8920822143554688	0	742	465	483
1	1340362	0	5	1	9751820	100679	31.306602478027344	-0.6279159188270569	3091.72998046875	1.019291877746582	3.8850440979003906	0	727	469	2
1	1340579	0	1	1	9761211	100604	29.302978515625	0.293233186006546	3056.745849609375	1.0110962390899658	3.8850440979003906	0	739	468	483
1	1341219	0	5	1	9752570	100667	32.311256408691406	0.0837244763970375	3091.84765625	1.0183981657028198	3.899120330810547	0	725	467	0
1	1341328	0	1	1	9761911	100598	29.80569076538086	0.41891974210739136	3056.9794921875	1.0101794004440308	3.899120330810547	0	742	463	483
1	1342073	0	1	1	9762661	100609	28.884071350097656	0.0	3056.70703125	1.0143834352493286	3.8920822143554688	0	740	463	483
1	1342073	0	5	1	9753420	100670	32.060081481933594	0.0418613962829113	3091.592529296875	1.021565318107605	3.8920822143554688	0	726	468	0
1	1342821	0	5	1	9754220	100677	31.474037170410156	-0.2511613070964813	3091.57958984375	1.018589973449707	3.8920822143554688	0	726	470	0
1	1342930	0	1	1	9763461	100612	28.632734298706055	-0.1675584465265274	3056.719970703125	1.0107795000076294	3.8920822143554688	0	742	466	485
1	1343676	0	1	1	9764261	100608	28.967851638793945	0.0	3056.66162109375	1.0120670795440674	3.8920822143554688	0	742	465	483
1	1344208	0	5	1	9755620	100671	31.976360321044922	0.0	3091.84765625	1.0172998905181885	3.8920822143554688	0	725	470	0
1	1344425	0	1	1	9765061	100609	28.884071350097656	-0.37702322006225586	3056.77197265625	1.0125203132629395	3.8780059814453125	0	742	466	483
1	1344957	0	5	1	9756320	100675	31.641475677490234	-0.041860051453113556	3091.651611328125	1.0128333568572998	3.899120330810547	0	727	468	1
1	1345279	0	1	1	9765811	100614	28.465179443359375	-0.1256663054227829	3056.499267578125	1.0129865407943726	3.899120330810547	0	742	465	482
1	1345705	0	5	1	9757120	100679	31.306602478027344	-0.29301801323890686	3091.651611328125	1.0151904821395874	3.8920822143554688	0	727	471	0
1	1346132	0	1	1	9766611	100614	28.465179443359375	-0.29322612285614014	3056.46044921875	1.014553189277649	3.8920822143554688	0	740	464	483
1	1346348	0	5	1	9757820	100682	31.05545425415039	-0.41859209537506104	3091.52734375	1.0160704851150513	3.899120330810547	1	725	470	0
1	1346880	0	1	1	9767461	100612	28.632734298706055	0.0418887697160244	3056.609619140625	1.0111149549484253	3.8920822143554688	0	741	464	483
1	1347098	0	5	1	9758520	100680	31.222885131835938	-0.3348763585090637	3091.657958984375	1.0149621963500977	3.899120330810547	0	727	470	1
1	1347738	0	1	1	9768261	100612	28.632734298706055	0.20944048464298248	3056.700439453125	1.010745882987976	3.899120330810547	0	742	466	483
1	1347847	0	5	1	9759270	100679	31.306602478027344	-0.04185870289802551	3091.507568359375	1.0193883180618286	3.899120330810547	0	725	467	1
1	1348487	0	1	1	9769061	100611	28.71651268005371	0.2094421684741974	3056.57080078125	1.0094801187515259	3.899120330810547	0	740	466	483
1	1348596	0	5	1	9760020	100674	31.725196838378906	0.20929689705371857	3091.802001953125	1.0187593698501587	3.8920822143554688	0	726	468	0
1	1349236	0	1	1	9769811	100614	28.465179443359375	0.08377585560083389	3056.427978515625	1.0119330883026123	3.8850440979003906	0	741	465	484
1	1349450	0	5	1	9760820	100674	31.725196838378906	0.20929689705371857	3091.703857421875	1.0166059732437134	3.8780059814453125	0	727	468	1
1	1350197	0	5	1	9761570	100669	32.14380645751953	0.6278906464576721	3091.788818359375	1.0190191268920898	3.899120330810547	0	727	470	0
1	1350729	0	1	1	9771211	100606	29.135414123535156	0.1256713718175888	3056.388916015625	1.0032554864883423	3.899120330810547	0	743	465	484
1	1351052	0	5	1	9762420	100675	31.641475677490234	0.08371908962726593	3091.51416015625	1.0210134983062744	3.8920822143554688	0	727	469	0
1	1351479	0	1	1	9772061	100620	27.962533950805664	0.08377180993556976	3056.629150390625	1.0101940631866455	3.899120330810547	0	741	463	483
1	1351906	0	5	1	9763220	100680	31.222885131835938	0.0	3091.6123046875	1.0183093547821045	3.8920822143554688	0	725	471	0
1	1352228	0	1	1	9772861	100615	28.381404876708984	-0.2932237684726715	3056.317626953125	1.0109219551086426	3.8920822143554688	0	741	464	483
1	1352654	0	5	1	9764070	100674	31.725196838378906	-0.2511673867702484	3091.8671875	1.0207618474960327	3.8920822143554688	1	726	469	0
1	1353188	0	1	1	9773811	100602	29.47054672241211	0.6283467411994934	3056.46044921875	1.01082444190979	3.899120330810547	0	742	465	485
1	1353508	0	5	1	9764870	100670	32.060081481933594	0.46045684814453125	3091.873779296875	1.0240836143493652	3.8920822143554688	0	726	468	0
1	1354041	0	1	1	9774611	100602	29.47054672241211	0.46079501509666443	3056.3759765625	1.0106703042984009	3.8920822143554688	0	741	465	483
1	1354362	0	5	1	9765720	100670	32.060081481933594	0.12558318674564362	3091.72998046875	1.025141954421997	3.8920822143554688	0	726	470	0
1	1355109	0	5	1	9766520	100680	31.222885131835938	-0.7116380333900452	3091.671142578125	1.0185604095458984	3.899120330810547	0	728	468	0
1	1356490	0	5	1	9767920	100678	31.39031982421875	-0.25115931034088135	3091.756103515625	1.018630027770996	3.899120330810547	0	726	469	0
1	1357234	0	5	1	9768620	100685	30.804311752319336	-0.20928679406642914	3091.756103515625	1.018383502960205	3.8920822143554688	0	728	471	0
1	1358086	0	5	1	9769420	100679	31.306602478027344	-0.251157283782959	3091.66455078125	1.022700309753418	3.899120330810547	1	726	472	0
1	1358833	0	5	1	9770220	100679	31.306602478027344	0.16743145883083344	3091.7626953125	1.0135383605957031	3.8920822143554688	1	727	469	0
1	1359582	0	5	1	9770920	100676	31.557756423950195	0.12557712197303772	3091.81494140625	1.021317958831787	3.8920822143554688	0	726	469	0
1	1360327	0	5	1	9771720	100680	31.222885131835938	-0.08371707051992416	3091.59912109375	1.0197041034698486	3.8920822143554688	0	726	468	0
1	1361076	0	5	1	9772470	100679	31.306602478027344	-0.12557712197303772	3091.638427734375	1.0218369960784912	3.8920822143554688	0	728	470	1
1	1361821	0	5	1	9773270	100678	31.39031982421875	0.0	3091.74951171875	1.0219143629074097	3.8920822143554688	0	727	467	0
1	1362568	0	5	1	9773970	100677	31.474037170410156	0.04185904189944267	3091.802001953125	1.0173224210739136	3.8920822143554688	0	725	469	0
1	1363313	0	5	1	9774720	100683	30.971738815307617	-0.16743145883083344	3091.81494140625	1.019375205039978	3.8850440979003906	1	727	467	0
1	1364061	0	5	1	9775470	100678	31.39031982421875	0.0	3091.657958984375	1.0181615352630615	3.8850440979003906	0	726	467	0
1	1364805	0	5	1	9776220	100678	31.39031982421875	0.16743279993534088	3091.51416015625	1.016469955444336	3.8920822143554688	1	727	472	0
1	1365555	0	5	1	9776970	100677	31.474037170410156	0.5022862553596497	3091.442138671875	1.0163938999176025	3.8920822143554688	0	727	472	0
1	1365665	0	1	1	9786311	100610	28.800291061401367	0.46076536178588867	3056.0126953125	1.0131384134292603	3.899120330810547	0	741	466	485
1	1366304	0	5	1	9777720	100673	31.808916091918945	0.20929856598377228	3091.57958984375	1.0168324708938599	3.8920822143554688	0	725	470	1
1	1366519	0	1	1	9787061	100612	28.632734298706055	0.16755305230617523	3056.1552734375	1.0103790760040283	3.8920822143554688	0	742	464	483
1	1367054	0	5	1	9778520	100679	31.306602478027344	-0.12557712197303772	3091.52734375	1.0178654193878174	3.8850440979003906	0	725	468	0
1	1367374	0	1	1	9787911	100617	28.21385383605957	0.0	3055.99951171875	1.0135360956192017	3.8780059814453125	0	742	465	483
1	1367803	0	5	1	9779270	100683	30.971738815307617	-0.544171929359436	3091.507568359375	1.0170148611068726	3.8850440979003906	0	726	471	0
1	1368123	0	1	1	9788711	100621	27.878761291503906	-0.5864357352256775	3056.044921875	1.0095735788345337	3.8780059814453125	0	741	466	481
1	1368552	0	5	1	9779970	100684	30.888025283813477	-0.460445761680603	3091.304931640625	1.0186049938201904	3.8920822143554688	1	727	470	0
1	1368873	0	1	1	9789461	100623	27.711219787597656	-0.41886916756629944	3056.090576171875	1.0114550590515137	3.8920822143554688	0	740	465	482
1	1369725	0	1	1	9790261	100619	28.046306610107422	-0.041886746883392334	3055.8828125	1.011876106262207	3.899120330810547	0	740	465	484
1	1369941	0	5	1	9781370	100687	30.636886596679688	-0.12556904554367065	3091.605712890625	1.0172559022903442	3.899120330810547	1	726	471	0
1	1370475	0	1	1	9791061	100618	28.13007926940918	0.16754497587680817	3055.876220703125	1.013862133026123	3.8920822143554688	0	739	464	485
1	1370691	0	5	1	9782070	100682	31.05545425415039	0.04185735806822777	3091.808349609375	1.018940806388855	3.899120330810547	1	726	471	0
1	1371330	0	1	1	9791861	100615	28.381404876708984	0.502630889415741	3056.03857421875	1.0090159177780151	3.899120330810547	0	742	464	484
1	1371439	0	5	1	9782820	100676	31.557756423950195	0.33486559987068176	3091.886962890625	1.0153063535690308	3.899120330810547	1	727	469	0
1	1372183	0	1	1	9792711	100609	28.884071350097656	0.5445408821105957	3055.759521484375	1.0173529386520386	3.8920822143554688	0	744	466	483
1	1372183	0	5	1	9783620	100674	31.725196838378906	0.5022984147071838	3091.677734375	1.0128775835037231	3.8850440979003906	0	726	470	0
1	1372934	0	1	1	9793511	100604	29.302978515625	0.5445627570152283	3055.714111328125	1.0099540948867798	3.8920822143554688	0	741	465	483
1	1373043	0	5	1	9784420	100665	32.47870635986328	0.7116265892982483	3091.52734375	1.0161851644515991	3.8850440979003906	0	724	468	0
1	1373682	0	1	1	9794261	100606	29.135414123535156	0.377005010843277	3055.649169921875	1.0087463855743408	3.8920822143554688	0	743	465	482
1	1374428	0	5	1	9785820	100667	32.311256408691406	0.2511694133281708	3091.34423828125	1.0194084644317627	3.906158447265625	1	725	471	0
1	1374537	0	1	1	9795011	100601	29.554332733154297	0.4607987403869629	3055.623291015625	1.0053331851959229	3.8850440979003906	0	742	465	483
1	1375176	0	5	1	9786570	100677	31.474037170410156	-0.5023347735404968	3091.24609375	1.013183832168579	3.906158447265625	0	727	471	0
1	1375285	0	1	1	9795861	100616	28.29762840270996	-0.5864592790603638	3055.876220703125	1.0066856145858765	3.8850440979003906	0	742	466	485
1	1375925	0	5	1	9787320	100674	31.725196838378906	0.0	3091.239501953125	1.0160927772521973	3.8920822143554688	0	727	469	0
1	1376032	0	1	1	9796661	100613	28.54895782470703	-0.2094472199678421	3055.7529296875	1.0071680545806885	3.8920822143554688	0	740	465	484
1	1376672	0	5	1	9788070	100679	31.306602478027344	-0.41860219836235046	3091.265625	1.015514612197876	3.8850440979003906	0	727	469	0
1	1376779	0	1	1	9797361	100613	28.54895782470703	-0.16755710542201996	3055.7724609375	1.0016934871673584	3.8780059814453125	0	742	464	485
1	1377420	0	5	1	9788870	100675	31.641475677490234	-0.1674422323703766	3090.96484375	1.0193530321121216	3.899120330810547	0	727	469	0
1	1377634	0	1	1	9798161	100608	28.967851638793945	0.08377990126609802	3055.765869140625	1.0072468519210815	3.8920822143554688	0	741	465	484
1	1378168	0	5	1	9789570	100675	31.641475677490234	0.20929521322250366	3091.16748046875	1.0185215473175049	3.906158447265625	0	726	471	0
1	1378382	0	1	1	9798961	100616	28.29762840270996	-0.2513315975666046	3055.603759765625	1.0104045867919922	3.906158447265625	0	740	463	483
1	1378917	0	5	1	9790320	100671	31.976360321044922	0.04186106100678444	3091.095703125	1.0199648141860962	3.8920822143554688	0	727	470	0
1	1379132	0	1	1	9799761	100604	29.302978515625	0.2513437569141388	3055.428466796875	1.0084627866744995	3.8920822143554688	0	742	465	484
1	1379665	0	5	1	9791070	100658	33.0648078918457	0.6279461979866028	3091.206787109375	1.0152279138565063	3.8920822143554688	0	726	471	0
1	1379986	0	1	1	9800561	100586	30.811187744140625	0.8378866910934448	3055.74658203125	1.0089770555496216	3.899120330810547	0	741	465	483
1	1380413	0	5	1	9791820	100644	34.23711395263672	1.3815373182296753	3091.291748046875	1.0192338228225708	3.906158447265625	1	727	470	1
1	1380842	0	1	1	9801361	100592	30.308427810668945	0.7121778726577759	3055.52587890625	1.008553385734558	3.8780059814453125	0	741	465	483
1	1381056	0	5	1	9792520	100653	33.48347473144531	0.7954177260398865	3091.089111328125	1.0236676931381226	3.8920822143554688	0	726	470	0
1	1381590	0	1	1	9802161	100595	30.057056427001953	0.5864923596382141	3055.57763671875	1.010227084159851	3.906158447265625	0	742	464	484
1	1381805	0	5	1	9793220	100658	33.0648078918457	-0.16746512055397034	3091.004150390625	1.0158257484436035	3.8850440979003906	0	728	470	0
1	1382339	0	1	1	9802911	100589	30.559804916381836	-0.167589470744133	3055.259765625	1.010053277015686	3.899120330810547	0	740	466	486
1	1382554	0	5	1	9793970	100659	32.9810791015625	-0.7536294460296631	3090.919189453125	1.0151644945144653	3.899120330810547	0	727	466	0
1	1383088	0	1	1	9803711	100583	31.062576293945312	0.2094893753528595	3055.21435546875	1.0066224336624146	3.8850440979003906	0	741	464	483
1	1383302	0	5	1	9794670	100651	33.650943756103516	-0.37682533264160156	3090.775146484375	1.0189834833145142	3.8920822143554688	0	726	469	0
1	1383837	0	1	1	9804461	100598	29.80569076538086	-0.1675773411989212	3055.071533203125	1.0034866333007812	3.8920822143554688	0	742	466	483
1	1384051	0	5	1	9795470	100670	32.060081481933594	-0.6279613971710205	3090.834228515625	1.0148924589157104	3.8920822143554688	1	725	468	0
1	1384691	0	1	1	9805261	100589	30.559804916381836	0.08379271626472473	3055.292236328125	1.0160753726959229	3.8920822143554688	0	741	465	482
1	1384800	0	5	1	9796170	100660	32.89734649658203	-0.1255963146686554	3090.552978515625	1.0213631391525269	3.8920822143554688	1	727	471	0
1	1385534	0	5	1	9796970	100661	32.81361770629883	0.04186442866921425	3090.35009765625	1.0167714357376099	3.899120330810547	0	726	470	0
1	1386181	0	1	1	9806761	100597	29.88947868347168	0.16757328808307648	3055.136474609375	1.0076513290405273	3.899120330810547	0	742	466	484
1	1386290	0	5	1	9797720	100665	32.47870635986328	0.16745030879974365	3090.48095703125	1.0126917362213135	3.899120330810547	0	727	469	0
1	1386930	0	1	1	9807561	100609	28.884071350097656	-0.4608098566532135	3055.17529296875	1.0122578144073486	3.906158447265625	0	741	465	483
1	1387039	0	5	1	9798470	100668	32.22753143310547	-0.20931540429592133	3090.2978515625	1.0196365118026733	3.899120330810547	0	725	470	0
1	1387783	0	1	1	9808311	100604	29.302978515625	-0.2932497262954712	3055.240234375	1.0073271989822388	3.8920822143554688	0	740	465	484
1	1387783	0	5	1	9799220	100664	32.562435150146484	-0.29305335879325867	3090.4091796875	1.015683650970459	3.8850440979003906	0	726	468	0
1	1388532	0	1	1	9809111	100598	29.80569076538086	0.2513558864593506	3055.000244140625	1.012653112411499	3.899120330810547	0	742	467	484
1	1388641	0	5	1	9799970	100663	32.64616012573242	0.1255902498960495	3090.356689453125	1.0182286500930786	3.906158447265625	1	726	469	0
1	1389385	0	1	1	9809911	100605	29.219196319580078	-0.08378326892852783	3054.86376953125	1.01216459274292	3.8850440979003906	0	742	464	484
1	1389494	0	5	1	9800820	100675	31.641475677490234	-0.5442069172859192	3090.193359375	1.0207158327102661	3.899120330810547	0	725	468	0
1	1390242	0	1	1	9810761	100610	28.800291061401367	-0.209452286362648	3054.837890625	1.0140526294708252	3.8850440979003906	0	742	465	483
1	1390986	0	5	1	9802270	100678	31.39031982421875	-0.5023307204246521	3090.239013671875	1.0189567804336548	3.8920822143554688	0	728	469	0
1	1391095	0	1	1	9811661	100617	28.21385383605957	-0.5445627570152283	3055.01953125	1.0138206481933594	3.8850440979003906	0	739	464	486
1	1391629	0	5	1	9803070	100672	31.89263916015625	-0.04186106100678444	3090.323974609375	1.0180778503417969	3.8920822143554688	0	726	469	0
1	1391951	0	1	1	9812461	100615	28.381404876708984	-0.2932237684726715	3055.026123046875	1.0121556520462036	3.8850440979003906	0	741	464	484
1	1392379	0	5	1	9803770	100676	31.557756423950195	0.041859377175569534	3090.239013671875	1.0167819261550903	3.8920822143554688	0	726	469	2
1	1392701	0	1	1	9813311	100615	28.381404876708984	-0.1256653070449829	3054.92236328125	1.013433575630188	3.8850440979003906	0	741	465	483
1	1393129	0	5	1	9804520	100670	32.060081481933594	0.209303617477417	3090.088623046875	1.0191535949707031	3.899120330810547	0	727	470	0
1	1393450	0	1	1	9814061	100608	28.967851638793945	0.12566934525966644	3054.695068359375	1.0154050588607788	3.8850440979003906	0	741	465	483
1	1393982	0	5	1	9805320	100663	32.64616012573242	0.6279209852218628	3090.186767578125	1.0189975500106812	3.8850440979003906	0	726	470	0
1	1394304	0	1	1	9814861	100607	29.051631927490234	0.0	3054.785888671875	1.0096856355667114	3.8850440979003906	0	741	466	483
1	1394731	0	5	1	9806120	100665	32.47870635986328	0.5441938042640686	3090.108154296875	1.0225039720535278	3.8850440979003906	0	727	469	0
1	1395052	0	1	1	9815661	100613	28.54895782470703	-0.2094472199678421	3054.643310546875	1.0111007690429688	3.8920822143554688	0	739	465	483
1	1395479	0	5	1	9806920	100674	31.725196838378906	-0.33489254117012024	3090.154052734375	1.018317461013794	3.899120330810547	1	726	472	0
1	1395906	0	1	1	9816461	100614	28.465179443359375	-0.46079131960868835	3054.623779296875	1.012676477432251	3.8920822143554688	0	740	463	484
1	1396229	0	5	1	9807670	100675	31.641475677490234	-0.29302743077278137	3090.26513671875	1.0181881189346313	3.8850440979003906	0	725	469	0
1	1396763	0	1	1	9817361	100618	28.13007926940918	-0.7121263146400452	3054.59765625	1.013085961341858	3.8920822143554688	0	742	466	483
1	1396978	0	5	1	9808420	100676	31.557756423950195	0.12557712197303772	3090.520263671875	1.0167900323867798	3.899120330810547	0	727	471	0
1	1397617	0	1	1	9818161	100610	28.800291061401367	-0.08377990126609802	3054.6171875	1.0087796449661255	3.8920822143554688	0	741	466	484
1	1397726	0	5	1	9809120	100671	31.976360321044922	0.2511613070964813	3090.39599609375	1.0192281007766724	3.899120330810547	0	727	469	0
1	1398362	0	1	1	9818961	100608	28.967851638793945	0.3769989311695099	3054.428955078125	1.0075490474700928	3.899120330810547	0	741	466	483
1	1398472	0	5	1	9809920	100672	31.89263916015625	0.25115931034088135	3090.26513671875	1.0159530639648438	3.8850440979003906	0	727	468	0
1	1399220	0	1	1	9819811	100611	28.71651268005371	0.16755440831184387	3054.57177734375	1.0091253519058228	3.8920822143554688	0	742	467	483
1	1399220	0	5	1	9810620	100675	31.641475677490234	0.1255781352519989	3090.494140625	1.0157437324523926	3.899120330810547	0	727	470	0
1	1399969	0	5	1	9811420	100681	31.139169692993164	-0.33487367630004883	3090.4287109375	1.0159165859222412	3.8780059814453125	2	727	469	2
1	1400183	0	1	1	9820611	100613	28.54895782470703	-0.3351196050643921	3054.7275390625	1.0098628997802734	3.8920822143554688	0	742	467	484
1	1400717	0	5	1	9812120	100666	32.394981384277344	0.2093103528022766	3090.5791015625	1.0221303701400757	3.899120330810547	0	725	467	0
1	1400931	0	1	1	9821461	100609	28.884071350097656	0.12566833198070526	3054.6171875	1.0050650835037231	3.8850440979003906	0	762	466	484
1	1401465	0	5	1	9812870	100672	31.89263916015625	0.0837211161851883	3090.6640625	1.0165294408798218	3.899120330810547	0	727	468	1
1	1401679	0	1	1	9822211	100614	28.465179443359375	0.08377585560083389	3054.455078125	1.0148566961288452	3.8920822143554688	0	741	465	486
1	1402214	0	5	1	9813620	100674	31.725196838378906	-0.12558217346668243	3090.474365234375	1.0075932741165161	3.8920822143554688	0	726	467	1
1	1402534	0	1	1	9823061	100613	28.54895782470703	-0.08377787470817566	3054.604248046875	1.0229384899139404	3.8920822143554688	0	743	467	484
1	1402963	0	5	1	9814370	100674	31.725196838378906	-0.2511673867702484	3090.690185546875	1.0126616954803467	3.8920822143554688	1	727	469	0
1	1403390	0	1	1	9823961	100615	28.381404876708984	-0.16755440831184387	3054.3056640625	1.0180509090423584	3.8920822143554688	0	741	466	484
1	1403712	0	5	1	9815120	100677	31.474037170410156	-0.1674395352602005	3090.3828125	1.0154153108596802	3.8850440979003906	0	728	466	0
1	1404138	0	1	1	9824711	100610	28.800291061401367	0.33510610461235046	3054.27978515625	1.016741394996643	3.899120330810547	0	740	465	484
1	1404457	0	5	1	9815870	100669	32.14380645751953	0.08372313529253006	3090.317626953125	1.0182708501815796	3.8920822143554688	0	727	468	0
1	1404991	0	1	1	9825461	100610	28.800291061401367	0.04188944399356842	3054.29931640625	1.0173970460891724	3.8850440979003906	0	742	466	482
1	1405205	0	5	1	9816570	100677	31.474037170410156	-0.08371908962726593	3090.33056640625	1.021167278289795	3.913196563720703	0	727	469	1
1	1405740	0	1	1	9826311	100611	28.71651268005371	0.1256663054227829	3054.29931640625	1.006986141204834	3.8920822143554688	0	740	464	484
1	1405955	0	5	1	9817270	100679	31.306602478027344	0.0	3090.39599609375	1.0157325267791748	3.899120330810547	0	727	469	0
1	1406597	0	1	1	9827111	100616	28.29762840270996	-0.4188927710056305	3054.46142578125	1.012679934501648	3.8920822143554688	0	740	463	483
1	1406597	0	5	1	9818020	100672	31.89263916015625	-0.08372245728969574	3090.33056640625	1.0244483947753906	3.8920822143554688	0	727	470	0
1	1407344	0	1	1	9827961	100608	28.967851638793945	0.12566934525966644	3054.07861328125	1.0078473091125488	3.899120330810547	0	742	465	484
1	1407453	0	5	1	9818770	100675	31.641475677490234	0.08371908962726593	3090.513671875	1.014933466911316	3.8920822143554688	0	727	467	0
1	1408200	0	5	1	9819620	100672	31.89263916015625	0.0837211161851883	3090.284912109375	1.0127166509628296	3.8850440979003906	0	727	469	0
1	1408840	0	1	1	9829411	100613	28.54895782470703	-0.08377787470817566	3054.21484375	1.0118517875671387	3.8920822143554688	0	741	466	484
1	1408950	0	5	1	9820370	100681	31.139169692993164	-0.2930132746696472	3090.356689453125	1.0160861015319824	3.8780059814453125	1	727	468	0
1	1409694	0	1	1	9830211	100614	28.465179443359375	-0.1256663054227829	3054.176025390625	1.0112318992614746	3.8920822143554688	0	744	465	483
1	1409694	0	5	1	9821070	100673	31.808916091918945	0.08372043818235397	3090.624755859375	1.0154657363891602	3.8920822143554688	1	727	469	0
1	1410443	0	1	1	9831011	100615	28.381404876708984	-0.544571578502655	3054.091552734375	1.0066330432891846	3.899120330810547	0	741	468	482
1	1411083	0	5	1	9822470	100680	31.222885131835938	0.1674301028251648	3090.422119140625	1.015552043914795	3.8850440979003906	0	726	468	1
1	1411192	0	1	1	9831811	100617	28.21385383605957	-0.08377517759799957	3054.18896484375	1.0097792148590088	3.8920822143554688	0	742	464	484
1	1411833	0	5	1	9823220	100683	30.971738815307617	-0.5023105144500732	3090.219482421875	1.0195997953414917	3.8850440979003906	0	726	470	0
1	1412155	0	1	1	9832661	100619	28.046306610107422	-0.12566125392913818	3054.09814453125	1.012422800064087	3.8920822143554688	0	742	465	485
1	1412581	0	5	1	9824020	100685	30.804311752319336	-0.12557105720043182	3090.389404296875	1.0166898965835571	3.899120330810547	0	726	469	0
1	1413010	0	1	1	9833511	100625	27.54368019104004	-0.3769746720790863	3053.994140625	1.013481855392456	3.899120330810547	0	742	467	484
1	1413437	0	5	1	9824770	100684	30.888025283813477	0.12556904554367065	3090.24560546875	1.0196118354797363	3.906158447265625	0	727	469	0
1	1413864	0	1	1	9834411	100617	28.21385383605957	0.125660240650177	3054.05908203125	1.0105013847351074	3.8920822143554688	0	741	463	484
1	1414185	0	5	1	9825570	100686	30.720600128173828	-0.1674274057149887	3090.369873046875	1.0210164785385132	3.8920822143554688	0	728	468	1
1	1414929	0	5	1	9826370	100677	31.474037170410156	0.37671926617622375	3090.56591796875	1.0207927227020264	3.8850440979003906	0	725	468	0
1	1415251	0	1	1	9835811	100618	28.13007926940918	0.16754497587680817	3054.338134765625	1.0120936632156372	3.899120330810547	0	741	468	485
1	1415678	0	5	1	9827070	100680	31.222885131835938	0.08371572941541672	3090.232421875	1.0186864137649536	3.8850440979003906	0	727	468	0
1	1416000	0	1	1	9836611	100617	28.21385383605957	0.041887085884809494	3054.046142578125	1.012279748916626	3.8850440979003906	0	741	465	483
1	1416427	0	5	1	9827770	100684	30.888025283813477	-0.1674301028251648	3090.402587890625	1.0170701742172241	3.899120330810547	0	727	470	0
1	1416854	0	1	1	9837361	100612	28.632734298706055	0.20944048464298248	3054.020263671875	1.010096549987793	3.899120330810547	0	741	466	484
1	1417176	0	5	1	9828570	100676	31.557756423950195	0.29300856590270996	3090.36328125	1.0185301303863525	3.899120330810547	0	727	468	0
1	1417602	0	1	1	9838161	100613	28.54895782470703	0.08377652615308762	3054.046142578125	1.014343023300171	3.899120330810547	0	741	465	484
1	1417925	0	5	1	9829270	100678	31.39031982421875	0.16743279993534088	3090.36328125	1.0189082622528076	3.899120330810547	0	725	469	0
1	1418351	0	1	1	9838911	100614	28.465179443359375	0.25132352113723755	3054.318603515625	1.0089067220687866	3.8780059814453125	0	741	464	483
1	1418674	0	5	1	9830070	100669	32.14380645751953	0.1255842000246048	3090.284912109375	1.01991868019104	3.8920822143554688	0	727	468	0
1	1419208	0	1	1	9839711	100612	28.632734298706055	-0.04188910871744156	3053.92919921875	1.0098791122436523	3.899120330810547	0	742	466	483
1	1419423	0	5	1	9830770	100682	31.05545425415039	-0.4604531526565552	3090.468017578125	1.0219632387161255	3.8920822143554688	1	726	469	0
1	1419955	0	1	1	9840511	100615	28.381404876708984	-0.04188809543848038	3053.890380859375	1.00649893283844	3.8850440979003906	0	741	465	484
1	1420064	0	5	1	9831520	100680	31.222885131835938	-0.41859883069992065	3090.1279296875	1.0269469022750854	3.8920822143554688	0	727	468	0
1	1420807	0	1	1	9841311	100620	27.962533950805664	-0.46076905727386475	3053.67626953125	1.0125985145568848	3.8850440979003906	0	742	465	483
1	1420917	0	5	1	9832270	100683	30.971738815307617	-0.4185887277126312	3090.26513671875	1.0195094347000122	3.899120330810547	2	726	468	0
1	1421663	0	1	1	9842111	100620	27.962533950805664	-0.125660240650177	3053.87744140625	1.006845474243164	3.899120330810547	0	741	465	483
1	1421663	0	5	1	9833070	100686	30.720600128173828	-0.1674274057149887	3090.389404296875	1.0171523094177246	3.8920822143554688	1	726	467	0
1	1422411	0	5	1	9833770	100683	30.971738815307617	-0.33486828207969666	3090.474365234375	1.0180383920669556	3.899120330810547	0	727	470	0
1	1422520	0	1	1	9843011	100619	28.046306610107422	-0.1675490140914917	3053.81884765625	1.009218454360962	3.8920822143554688	0	741	463	483
1	1423160	0	5	1	9834570	100683	30.971738815307617	0.041857022792100906	3090.402587890625	1.018103837966919	3.8920822143554688	0	727	467	0
1	1423267	0	1	1	9843811	100620	27.962533950805664	-0.125660240650177	3053.935791015625	1.0133278369903564	3.8850440979003906	0	741	464	483
1	1423908	0	5	1	9835270	100680	31.222885131835938	0.08371572941541672	3090.6640625	1.016259789466858	3.8920822143554688	0	727	469	0
1	1424123	0	1	1	9844611	100617	28.21385383605957	0.08377383649349213	3053.864501953125	1.0100384950637817	3.899120330810547	0	741	467	482
1	1424656	0	5	1	9836020	100682	31.05545425415039	-0.2930109202861786	3090.4482421875	1.0204617977142334	3.8780059814453125	0	726	471	0
1	1424976	0	1	1	9845461	100617	28.21385383605957	-0.25132960081100464	3053.572265625	1.0095458030700684	3.8920822143554688	0	741	464	485
1	1425616	0	1	1	9846211	100617	28.21385383605957	-0.12566328048706055	3053.76708984375	1.0099014043807983	3.8920822143554688	0	741	466	484
1	1426044	0	5	1	9837370	100683	30.971738815307617	-0.04185735806822777	3090.389404296875	1.0362598896026611	3.8920822143554688	0	725	469	0
1	1426474	0	1	1	9847011	100642	26.119701385498047	-1.130851149559021	3053.780029296875	10.636999130249023	3.899120330810547	0	742	467	483
1	1426779	0	5	1	9838220	100665	32.47870635986328	0.627910852432251	3090.4091796875	10.723438262939453	3.899120330810547	0	728	470	1
1	1427243	0	1	1	9847811	100583	31.062576293945312	1.214920997619629	3052.787109375	10.82032299041748	3.899120330810547	0	742	467	486
1	1427502	0	5	1	9838970	100583	39.3465461730957	4.229259967803955	3088.37548828125	7.873321056365967	3.899120330810547	0	727	468	0
1	1428000	0	1	1	9848611	100175	65.30821990966797	18.547182083129883	3052.17041015625	0.7476008534431458	3.899120330810547	0	742	467	483
1	1428244	0	5	1	9839720	99771	107.60078430175781	38.272666931152344	3085.85791015625	0.6020876169204712	3.8920822143554688	0	726	471	0
1	1428787	0	1	1	9849361	99106	155.5738067626953	62.71648406982422	3049.665283203125	0.5706205368041992	3.8850440979003906	0	742	463	486
1	1428997	0	5	1	9840470	98811	188.87815856933594	77.82294464111328	3082.581787109375	0.37881720066070557	3.8920822143554688	0	725	469	0
1	1429543	0	1	1	9850161	98117	239.78912353515625	101.5552978515625	3048.49072265625	0.4954582452774048	3.8920822143554688	0	741	465	483
1	1430345	0	1	1	9850911	97312	308.84539794921875	101.63604736328125	3048.477783203125	0.46373918652534485	3.8920822143554688	0	742	464	483
1	1431066	0	5	1	9842470	96649	374.2898864746094	92.70586395263672	3081.17578125	0.27545642852783203	3.899120330810547	0	728	469	1
1	1431084	0	1	1	9851711	96534	376.0264892578125	91.44999694824219	3048.951416015625	0.3472211956977844	3.8920822143554688	0	742	464	486
1	1432418	0	5	2	9843884	95569	388.664306640625	63.77156066894531	3073.865234375	0.19093358516693115	3.8850440979003906	0	727	469	0
1	1432436	0	1	2	9853070	95509	386.6010437011719	70.9259033203125	3038.11328125	0.23352761566638947	3.8920822143554688	0	742	464	486
1	1433236	0	1	2	9853820	95043	386.6010437011719	36.63948440551758	3047.075927734375	0.1611609160900116	3.8920822143554688	0	742	468	486
1	1433236	0	5	2	9844584	95138	388.664306640625	32.39315414428711	3079.782958984375	0.15749095380306244	3.8920822143554688	0	727	469	1
1	1433974	0	5	2	9845434	94686	388.664306640625	0.0	3080.95361328125	0.1017618402838707	3.8920822143554688	0	727	470	0
1	1433993	0	1	2	9854620	94627	386.6010437011719	3.641000747680664	3048.607421875	0.16296163201332092	3.8920822143554688	0	742	465	486
1	1434698	0	5	2	9846134	94433	388.664306640625	0.0	3081.44384765625	0.09045467525720596	3.8920822143554688	0	727	470	0
1	1435420	0	5	2	9846884	94188	388.664306640625	0.0	3081.55517578125	0.12601345777511597	3.8780059814453125	0	727	470	0
1	1435486	0	1	2	9856020	94125	386.6010437011719	0.0	3049.64599609375	0.11126814782619476	3.8920822143554688	0	741	467	484
1	1436178	0	5	3	9847603	94008	388.664306640625	0.0	3062.303955078125	0.9201386570930481	2.639296293258667	0	81	778	0
1	1436437	0	1	3	9856969	93962	386.6010437011719	0.0	3029.286865234375	0.13221246004104614	3.0545454025268555	0	44	775	486
1	1436917	0	5	3	9848353	93964	388.664306640625	0.0	3080.482666015625	0.1767200380563736	3.8850440979003906	0	0	470	1
1	1437539	0	1	3	9858119	93919	386.6010437011719	0.0	3061.665283203125	2.065908193588257	3.899120330810547	0	0	464	486
1	1437700	0	5	3	9849103	93942	388.664306640625	0.0	3103.47412109375	0.17367032170295715	3.8780059814453125	1	0	472	0
1	1438292	0	1	3	9858919	93894	386.6010437011719	0.0	3088.37158203125	0.2608587443828583	3.8850440979003906	0	0	467	483
1	1438422	0	5	3	9849853	93934	388.664306640625	0.0	3140.936767578125	0.3714523911476135	3.8780059814453125	0	0	471	0
1	1439098	0	1	3	9859719	94441	386.6010437011719	0.0	3076.787109375	0.970420241355896	3.8709676265716553	0	0	466	859
1	1439195	0	5	3	9850653	94579	388.664306640625	0.0	3131.14111328125	1.5961614847183228	3.8780059814453125	1	0	469	0
1	1439920	0	5	3	9851353	94546	388.664306640625	0.0	3113.60986328125	1.6824551820755005	3.8780059814453125	0	1	470	0
1	1439937	0	1	3	9860519	94391	386.6010437011719	0.0	3060.205078125	1.6335022449493408	3.8850440979003906	0	0	469	861
1	1440692	0	5	3	9852103	94200	388.664306640625	0.0	3115.76123046875	2.4400649070739746	3.8920822143554688	0	0	469	0
1	1440742	0	1	3	9861319	94137	386.6010437011719	0.0	3062.02880859375	1.585681676864624	3.8920822143554688	0	0	467	824
1	1441413	0	5	3	9852853	94286	388.664306640625	0.0	3131.3046875	0.8967564105987549	3.8780059814453125	0	0	472	0
1	1441497	0	1	3	9862119	94211	386.6010437011719	0.0	3073.126708984375	0.8759517669677734	3.899120330810547	0	0	467	795
1	1442200	0	5	3	9853603	94464	388.664306640625	0.0	3128.38818359375	1.1481685638427734	3.8780059814453125	1	1	470	0
1	1442396	0	1	3	9862919	94388	386.6010437011719	0.0	3079.785400390625	0.9249058961868286	3.8850440979003906	0	0	467	805
1	1442973	0	5	3	9854403	94452	388.664306640625	0.0	3123.712646484375	4.032702445983887	3.8850440979003906	1	0	469	0
1	1443696	0	5	3	9855153	94604	388.664306640625	0.0	3127.060791015625	1.1325186491012573	3.8780059814453125	0	0	470	0
1	1443893	0	1	3	9864469	94437	386.6010437011719	0.0	3087.781005859375	0.9546517729759216	3.8850440979003906	0	0	464	852
1	1444420	0	5	3	9855853	94731	388.664306640625	0.0	3134.567626953125	0.8118909001350403	3.899120330810547	0	1	469	0
1	1444791	0	1	3	9865319	94675	386.6010437011719	0.0	3092.135986328125	1.1148452758789062	3.8920822143554688	0	0	466	812
1	1445208	0	5	3	9856653	94845	388.664306640625	0.0	3128.178955078125	1.5012706518173218	3.8850440979003906	0	0	470	0
1	1445639	0	1	3	9866219	94756	386.6010437011719	0.0	3077.267333984375	0.992405891418457	3.8920822143554688	0	0	467	867
1	1445947	0	5	3	9857403	94902	388.664306640625	0.0	3086.119384765625	0.9591885805130005	3.8920822143554688	2	0	472	0
1	1446396	0	1	3	9867019	94666	386.6010437011719	0.0	3054.474365234375	1.6279319524765015	3.8920822143554688	0	0	464	872
1	1446703	0	5	3	9858153	95055	388.664306640625	0.0	3082.07177734375	0.5146461129188538	3.8920822143554688	0	0	468	0
1	1447184	0	1	3	9867819	95076	386.6010437011719	0.0	3055.3505859375	1.168030858039856	3.8850440979003906	0	0	464	827
1	1447601	0	5	3	9859003	95219	388.664306640625	0.0	3072.328369140625	1.1072231531143188	3.8920822143554688	0	0	470	0
1	1448037	0	1	3	9868619	95203	386.6010437011719	0.0	3046.368408203125	0.8055790066719055	3.8920822143554688	0	0	466	823
1	1448470	0	5	5	9859902	95313	388.664306640625	0.0	3043.73291015625	1.276528239250183	3.8850440979003906	1	0	470	0
1	1448839	0	1	5	9869418	95041	386.6010437011719	0.0	3012.951416015625	1.4519120454788208	3.8850440979003906	0	0	466	880
1	1449591	0	1	5	9870218	95441	386.6010437011719	0.0	3023.4912109375	1.0529496669769287	3.899120330810547	0	0	467	878
1	1449852	0	5	5	9861302	95569	388.664306640625	0.0	3038.39697265625	0.916836678981781	3.8780059814453125	1	0	471	0
1	1450398	0	1	5	9871018	95579	386.6010437011719	0.0	3009.498779296875	0.8558032512664795	3.899120330810547	0	0	465	816
1	1450593	0	5	5	9862052	95689	388.664306640625	0.0	3019.59716796875	1.3032019138336182	3.8780059814453125	0	0	472	0
1	1451142	0	1	5	9871768	95580	386.6010437011719	0.0	2997.751953125	1.124088168144226	3.899120330810547	0	0	468	912
1	1451319	0	5	5	9862752	95742	388.664306640625	0.0	3014.17626953125	1.1968563795089722	3.899120330810547	0	0	470	0
1	1451947	0	1	5	9872568	95726	386.6010437011719	0.0	2989.42529296875	1.0355637073516846	3.8850440979003906	0	0	463	866
1	1452684	0	1	5	9873318	95922	429.18206787109375	21.290515899658203	2985.109375	1.0251826047897339	3.899120330810547	0	0	466	819
1	1452703	0	5	5	9864152	96012	429.5588684082031	20.447277069091797	3008.49365234375	0.9052602648735046	3.8780059814453125	0	0	470	0
1	1453534	0	1	5	9874118	96019	420.7388000488281	17.06888198852539	2975.4716796875	0.8978169560432434	3.8920822143554688	0	0	465	862
1	1454048	0	5	5	9865502	96179	415.0405578613281	13.188117980957031	2989.876953125	1.392945647239685	3.8780059814453125	1	0	469	0
1	1454385	0	1	5	9874968	95953	426.4829406738281	-2.9607818126678467	2964.146728515625	0.9159085154533386	3.8850440979003906	0	0	467	867
1	1454803	0	5	5	9866202	96349	400.2823791503906	-13.507406234741211	2982.566162109375	1.0488451719284058	3.8850440979003906	0	1	469	0
1	1455284	0	1	5	9875818	96322	394.40887451171875	-13.730544090270996	2958.7080078125	1.177053689956665	3.899120330810547	0	0	468	824
1	1455822	0	5	5	9867252	96502	387.0180358886719	-15.444892883300781	2970.880859375	1.3547974824905396	3.8850440979003906	1	0	468	1
1	1456097	0	1	5	9876668	96464	382.092529296875	-26.027137756347656	2945.715087890625	1.1946355104446411	3.899120330810547	0	0	462	804
1	1456626	0	5	5	9868052	96560	381.9941711425781	-10.488912582397461	2959.816650390625	1.1781233549118042	3.8850440979003906	0	0	471	0
1	1456836	0	1	5	9877468	96347	392.23944091796875	-3.471904993057251	2933.643798828125	0.9244959354400635	3.8920822143554688	0	0	467	870
1	1457349	0	5	5	9868802	96745	365.986083984375	-13.07246208190918	2941.892822265625	1.3847771883010864	3.8920822143554688	0	1	469	0
1	1457641	0	1	5	9878218	96695	362.08807373046875	-13.470711708068848	2923.662109375	1.1746201515197754	3.899120330810547	0	0	465	844
1	1458103	0	5	5	9869552	96882	354.1474304199219	-13.880069732666016	2932.071044921875	0.9479712247848511	3.899120330810547	0	1	471	0
1	1458440	0	1	5	9879018	96842	349.3781433105469	-20.9968318939209	2913.72607421875	1.3083616495132446	3.8920822143554688	0	0	468	815
1	1458874	0	5	5	9870302	96995	344.39288330078125	-15.164833068847656	2926.015869140625	0.941200315952301	3.8850440979003906	0	1	471	0
1	1459196	0	1	5	9879818	96760	356.46612548828125	-8.82731819152832	2897.7021484375	1.0436375141143799	3.906158447265625	0	0	466	896
1	1459598	0	5	5	9871052	97023	341.9772644042969	-10.10257625579834	2915.0498046875	0.7781591415405273	3.8920822143554688	0	1	469	1
1	1459983	0	1	5	9880568	96948	340.2228088378906	-7.559631824493408	2889.79736328125	1.4369699954986572	3.8920822143554688	0	0	465	866
1	1460321	0	5	5	9871752	97184	328.09832763671875	-11.556570053100586	2909.81201171875	1.1186938285827637	3.8920822143554688	1	0	471	0
1	1460736	0	1	5	9881368	97178	320.3853454589844	-12.595734596252441	2883.541015625	1.261484980583191	3.899120330810547	0	0	466	820
1	1461092	0	5	5	9872552	97305	317.6798400878906	-13.270251274108887	2899.597900390625	0.7392504215240479	3.8920822143554688	0	1	469	0
1	1461540	0	1	5	9882118	97267	312.7193298339844	-27.886445999145508	2875.259765625	1.215370535850525	3.8920822143554688	0	0	463	819
1	1461812	0	5	5	9873252	97401	309.4213562011719	-13.863162994384766	2892.627197265625	0.9063899517059326	3.8920822143554688	1	1	469	0
1	1462346	0	1	5	9882918	97090	327.9708557128906	-0.5605278015136719	2861.247802734375	1.5065805912017822	3.899120330810547	0	0	465	882
1	1462606	0	5	5	9874002	97487	302.0287780761719	-11.139904022216797	2880.516845703125	1.31899094581604	3.8850440979003906	1	0	470	0
1	1463087	0	1	5	9883718	97491	293.45013427734375	-12.089115142822266	2856.030029296875	0.9749916791915894	3.899120330810547	0	0	467	841
1	1463347	0	5	5	9874802	97642	288.71820068359375	-12.58784008026123	2871.8525390625	1.1272979974746704	3.899120330810547	0	0	470	0
1	1463891	0	1	5	9884468	97640	280.6525573730469	-14.225536346435547	2845.029541015625	1.2199029922485352	3.8850440979003906	0	0	467	813
1	1464152	0	5	5	9875552	97762	278.42498779296875	-13.56374454498291	2859.8662109375	1.2904812097549438	3.8850440979003906	2	0	472	0
1	1464647	0	1	5	9885268	97655	279.3650817871094	-16.246627807617188	2834.152099609375	1.1021149158477783	3.8920822143554688	0	0	462	863
1	1464875	0	5	5	9876302	97812	274.1391906738281	-11.195765495300293	2855.42626953125	1.227453589439392	3.8780059814453125	1	0	469	0
1	1465435	0	1	5	9886018	97794	267.4421081542969	-9.868049621582031	2827.45458984375	0.8607867956161499	3.8920822143554688	0	0	465	868
1	1465596	0	5	5	9877052	97977	260.0085754394531	-12.424242973327637	2847.729736328125	1.0045013427734375	3.8920822143554688	0	0	469	0
1	1466319	0	5	5	9877752	98085	250.76986694335938	-13.013157844543457	2840.595703125	1.0065776109695435	3.8850440979003906	0	0	472	0
1	1466384	0	1	5	9886818	97970	252.3650665283203	-12.084064483642578	2819.121337890625	1.2898534536361694	3.906158447265625	0	0	465	825
1	1467103	0	5	5	9878552	98215	239.66012573242188	-14.883354187011719	2832.9580078125	1.248223066329956	3.899120330810547	0	0	469	0
1	1467793	0	1	5	9888368	98022	247.91468811035156	-5.393457889556885	2798.1328125	0.9964892268180847	3.899120330810547	0	0	464	869
1	1467828	0	5	5	9879252	98268	235.13418579101562	-11.453093528747559	2823.17529296875	1.0637431144714355	3.8780059814453125	1	0	469	0
1	1468534	0	1	5	9889168	98209	231.92620849609375	-7.224201679229736	2795.400390625	1.1654235124588013	3.8920822143554688	0	0	466	854
1	1468599	0	5	5	9880002	98384	225.23524475097656	-10.886529922485352	2820.9521484375	1.1449919939041138	3.8780059814453125	0	1	469	1
1	1469319	0	5	5	9880752	98526	213.1304473876953	-13.264839172363281	2818.01611328125	1.13832426071167	3.8920822143554688	0	0	470	1
1	1469338	0	1	5	9889918	98434	212.7213897705078	-13.96137809753418	2792.330810546875	1.0574753284454346	3.8850440979003906	0	0	467	814
1	1470104	0	5	5	9881502	98627	204.52928161621094	-14.662166595458984	2812.31396484375	1.535958170890808	3.8850440979003906	0	0	472	0
1	1470139	0	1	5	9890718	98535	204.1121063232422	-16.940845489501953	2785.7822265625	1.4806965589523315	3.8920822143554688	0	0	466	804
1	1470843	0	5	5	9882302	98750	194.06422424316406	-12.814167022705078	2801.57666015625	0.8552212119102478	3.899120330810547	0	0	469	0
1	1471486	0	1	5	9892118	98751	185.72415161132812	-12.944356918334961	2769.388671875	1.5413602590560913	3.899120330810547	0	0	465	841
1	1471600	0	5	5	9883052	98878	183.18496704101562	-13.524620056152344	2785.431640625	1.1599771976470947	3.8850440979003906	0	0	471	0
1	1472322	0	5	5	9883752	98979	174.6085968017578	-14.194278717041016	2780.867431640625	1.269934058189392	3.8850440979003906	1	0	469	0
1	1472996	0	1	5	9893518	98664	193.12648010253906	-2.5540716648101807	2752.332763671875	1.111060619354248	3.8920822143554688	0	0	464	904
1	1473096	0	5	5	9884552	99027	170.53518676757812	-10.659137725830078	2775.1259765625	1.1939468383789062	3.8920822143554688	0	0	471	0
1	1474065	0	1	5	9894368	98985	165.84056091308594	-7.560822486877441	2746.543701171875	1.430918574333191	3.899120330810547	0	0	467	863
1	1474182	0	5	5	9885602	99252	151.4623260498047	-12.67668342590332	2761.79931640625	1.1607666015625	3.8920822143554688	1	1	469	0
1	1474843	0	1	5	9895418	99250	143.36874389648438	-22.538742065429688	2742.00732421875	0.7440063953399658	3.8850440979003906	0	0	466	805
1	1474927	0	5	5	9886402	99367	141.72750854492188	-17.03473663330078	2760.988525390625	1.1768964529037476	3.899120330810547	0	0	471	0
1	1475646	0	1	5	9896218	99302	138.9648895263672	-17.301828384399414	2727.593017578125	1.131972074508667	3.8850440979003906	0	0	467	872
1	1475646	0	5	5	9887102	99439	135.63729858398438	-12.869271278381348	2748.649169921875	0.8308330178260803	3.8920822143554688	0	0	471	0
1	1476401	0	5	5	9887802	99552	126.08625030517578	-11.460174560546875	2745.261962890625	1.082857370376587	3.8920822143554688	0	1	468	0
1	1476437	0	1	5	9897018	99413	129.57057189941406	-9.101948738098145	2721.8818359375	1.2136807441711426	3.8920822143554688	0	0	465	857
1	1477174	0	5	5	9888602	99694	114.09649658203125	-13.815505027770996	2747.897216796875	1.0702224969863892	3.8850440979003906	0	0	470	0
1	1477191	0	1	5	9897818	99619	112.15858459472656	-14.503998756408691	2722.407470703125	1.0779424905776978	3.8850440979003906	0	0	466	812
1	1477899	0	5	5	9889352	99774	107.34778594970703	-13.172389030456543	2743.980224609375	1.2932037115097046	3.8850440979003906	0	1	471	0
1	1478092	0	1	5	9898618	99659	108.78099822998047	-18.013940811157227	2715.2294921875	1.3913769721984863	3.8780059814453125	0	0	464	876
1	1478799	0	5	5	9890152	99855	100.5191879272461	-9.489713668823242	2735.669189453125	1.4543849229812622	3.8920822143554688	0	0	467	0
1	1478993	0	1	5	9899518	99708	104.64494323730469	-6.122054576873779	2703.593017578125	0.9325177073478699	3.906158447265625	0	0	465	851
1	1479522	0	5	5	9890952	99928	94.36885833740234	-8.640361785888672	2729.57470703125	1.2767587900161743	3.8850440979003906	1	0	469	0
1	1479844	0	1	5	9900418	99907	87.86441040039062	-10.753791809082031	2694.889892578125	1.7574154138565063	3.899120330810547	0	0	466	822
1	1480293	0	5	5	9891752	100085	81.15375518798828	-13.054852485656738	2721.453125	0.9682446122169495	3.899120330810547	0	0	470	0
1	1480648	0	1	5	9901218	100028	77.67440032958984	-13.991652488708496	2685.310791015625	1.0082392692565918	3.899120330810547	0	0	466	819
1	1481017	0	5	5	9892452	100151	75.6033706665039	-11.53095531463623	2713.972412109375	1.253513216972351	3.8920822143554688	0	0	470	0
1	1481386	0	1	5	9902018	100032	77.33770751953125	-9.309226036071777	2671.85693359375	1.1434961557388306	3.8850440979003906	0	0	464	865
1	1481804	0	5	5	9893202	100310	62.244144439697266	-13.536186218261719	2698.40283203125	1.2995784282684326	3.8920822143554688	0	1	470	0
1	1482285	0	1	5	9902818	100292	55.47624588012695	-12.782824516296387	2668.423828125	1.4131927490234375	3.899120330810547	0	0	464	880
1	1482577	0	5	5	9894002	100436	51.66975784301758	-12.975794792175293	2690.93505859375	1.2286409139633179	3.899120330810547	1	0	470	0
1	1483139	0	1	5	9903718	100402	46.24097442626953	-17.189960479736328	2665.074951171875	0.8904370665550232	3.899120330810547	0	0	464	811
1	1483351	0	5	5	9894802	100552	41.9441032409668	-14.308015823364258	2687.64599609375	27.640552520751953	3.906158447265625	1	0	471	0
1	1483943	0	1	5	9904518	100470	40.53599548339844	-14.82481861114502	2655.677490234375	1.8988158702850342	3.8780059814453125	0	0	465	806
1	1484200	0	5	5	9895552	100595	38.34121322631836	-9.47504711151123	2684.075439453125	2.0479202270507812	3.8780059814453125	0	2	469	0
1	1484684	0	1	5	9905318	100507	37.43313217163086	-6.670248508453369	2656.709228515625	1.2152332067489624	3.8920822143554688	0	0	466	772
1	1484974	0	5	5	9896402	100607	37.335975646972656	-3.8546440601348877	2690.921875	0.9709920287132263	3.8850440979003906	0	0	470	2
1	1485596	0	1	5	9906118	100292	55.47624588012695	8.895781517028809	2655.476318359375	0.802148163318634	3.899120330810547	0	0	465	855
1	1485695	0	5	5	9897152	100594	38.42498779296875	-0.20944008231163025	2691.523681640625	0.9968590140342712	3.8780059814453125	0	0	470	0
1	1486446	0	1	5	9907018	100415	45.15007400512695	-1.426681637763977	2657.059814453125	1.068716049194336	3.899120330810547	0	0	466	800
1	1486446	0	5	5	9897902	100591	38.67631149291992	0.6282848715782166	2689.293701171875	0.9274126887321472	3.899120330810547	0	0	472	0
1	1487235	0	1	5	9907818	100476	40.03276824951172	-8.225728988647461	2652.65966796875	1.355654001235962	3.8850440979003906	0	0	466	803
1	1487235	0	5	5	9898652	100608	37.25221252441406	-0.8796058893203735	2686.7958984375	1.2781646251678467	3.899120330810547	1	0	472	0
1	1487941	0	5	5	9899402	100611	37.000919342041016	-0.5863732099533081	2684.04931640625	1.0054348707199097	3.8920822143554688	0	0	468	0
1	1487992	0	1	5	9908618	100499	38.10394287109375	-6.58671760559082	2649.025146484375	1.0162137746810913	3.899120330810547	0	0	465	794
1	1488699	0	5	5	9900152	100614	36.7496337890625	-1.1308945417404175	2681.387939453125	0.9617471098899841	3.8920822143554688	0	0	470	0
1	1488797	0	1	5	9909368	100499	38.10394287109375	-8.602156639099121	2647.318359375	0.9280368089675903	3.8920822143554688	0	0	464	784
1	1489484	0	5	5	9900902	100601	37.838584899902344	0.2513028085231781	2678.3798828125	1.0874234437942505	3.8920822143554688	0	0	470	0
1	1489638	0	1	5	9910168	100448	42.38138198852539	2.180647134780884	2644.527587890625	1.0415223836898804	3.906158447265625	0	0	465	818
1	1490395	0	1	5	9910918	100482	39.52956008911133	-1.3420231342315674	2644.56005859375	1.0108565092086792	3.8920822143554688	0	0	465	786
1	1490395	0	5	5	9901702	100615	36.66587448120117	-0.5863543748855591	2679.118896484375	1.0220954418182373	3.8920822143554688	0	0	471	0
1	1491006	0	5	5	9902402	100607	37.335975646972656	0.5444477796554565	2681.218017578125	1.0675030946731567	3.8920822143554688	1	1	470	0
1	1491158	0	1	5	9911718	100421	44.64662170410156	-0.3356383442878723	2643.391845703125	1.048580288887024	3.899120330810547	0	0	467	820
1	1491765	0	5	5	9903202	100614	36.7496337890625	0.08376018702983856	2679.635498046875	1.0183923244476318	3.913196563720703	0	0	470	1
1	1492069	0	1	5	9912518	100428	44.05929183959961	3.0615274906158447	2641.925048828125	0.9716234803199768	3.8920822143554688	0	0	466	813
1	1492676	0	5	5	9904002	100611	37.000919342041016	-0.08376356214284897	2677.03955078125	1.0375564098358154	3.8920822143554688	1	0	471	1
1	1492830	0	1	5	9913318	100478	39.865028381347656	-5.622215270996094	2641.185302734375	0.9433793425559998	3.8850440979003906	0	0	467	784
1	1493435	0	1	5	9914068	100322	52.956722259521484	6.503911972045898	2635.201416015625	0.9902235269546509	3.899120330810547	0	0	466	844
1	1493435	0	5	5	9904802	100598	38.08989334106445	0.2513088881969452	2673.900634765625	0.9770367741584778	3.8850440979003906	0	0	471	1
1	1494195	0	5	5	9905552	100615	36.66587448120117	-0.29316893219947815	2670.06884765625	0.9324415326118469	3.8920822143554688	1	1	472	0
1	1494349	0	1	5	9914868	100309	54.048439025878906	8.05610179901123	2630.61962890625	1.0121684074401855	3.8850440979003906	0	0	465	844
1	1494956	0	5	5	9906302	100600	37.9223518371582	-0.12565697729587555	2668.479736328125	1.0246013402938843	3.8920822143554688	0	1	471	1
1	1495261	0	1	5	9915718	100489	38.9425163269043	-0.964489758014679	2631.768310546875	1.015291690826416	3.8920822143554688	0	0	466	790
1	1495716	0	5	5	9907052	100612	36.91715621948242	-0.7539145350456238	2660.907470703125	0.9569804072380066	3.8920822143554688	0	0	470	0
1	1496021	0	1	5	9916518	100499	38.10394287109375	-0.20963959395885468	2627.497802734375	1.0924861431121826	3.8920822143554688	0	0	464	786
1	1496477	0	5	5	9907802	100612	36.91715621948242	-0.16752712428569794	2657.2783203125	0.8951218128204346	3.8920822143554688	0	0	470	0
1	1496780	0	1	5	9917318	100500	38.02008819580078	-0.5870074033737183	2623.2275390625	1.2215782403945923	3.8920822143554688	0	0	466	798
1	1497236	0	5	5	9908602	100602	37.75481414794922	-0.376973956823349	2655.2314453125	1.0379493236541748	3.8920822143554688	0	0	469	0
1	1497691	0	1	5	9918168	100461	41.290889739990234	1.8031039237976074	2618.47021484375	0.9140657782554626	3.8920822143554688	0	0	465	825
1	1497996	0	5	5	9909352	100597	38.173667907714844	0.5026096701622009	2651.765869140625	0.908263087272644	3.8920822143554688	0	0	472	0
1	1498452	0	1	5	9918968	100442	42.884727478027344	2.683873414993286	2616.185791015625	1.0575004816055298	3.899120330810547	0	0	465	798
1	1498758	0	5	5	9910102	100611	37.000919342041016	0.1675230711698532	2649.248291015625	0.9808281064033508	3.906158447265625	0	0	470	0
1	1499216	0	1	5	9919768	100379	48.17130661010742	0.7553629279136658	2612.986328125	1.0045228004455566	3.8920822143554688	0	0	464	808
1	1499520	0	5	5	9910802	100601	37.838584899902344	0.2094198614358902	2648.378662109375	1.1087130308151245	3.8920822143554688	1	0	471	0
1	1500127	0	1	5	9920568	100472	40.36825180053711	-2.223093271255493	2613.65478515625	1.0614289045333862	3.8850440979003906	0	0	467	821
1	1500127	0	5	5	9911552	100609	37.16844940185547	-0.4188380241394043	2649.699462890625	0.9406120777130127	3.8850440979003906	0	0	472	1
1	1500887	0	1	5	9921418	100451	42.12971878051758	0.20971225202083588	2613.486083984375	0.9623037576675415	3.8920822143554688	0	0	466	844
1	1500887	0	5	5	9912252	100598	38.08989334106445	0.2931925058364868	2650.7783203125	0.9943464994430542	3.906158447265625	1	0	469	0
1	1501647	0	5	5	9912952	100606	37.419742584228516	0.0418829582631588	2652.367431640625	0.8558388948440552	3.8920822143554688	0	0	470	0
1	1501801	0	1	5	9922268	100402	46.24097442626953	-1.17500901222229	2613.85595703125	0.9309358596801758	3.8920822143554688	0	0	464	819
1	1502407	0	5	5	9913752	100602	37.75481414794922	0.0	2651.73974609375	0.9089537262916565	3.8850440979003906	1	1	472	0
1	1502561	0	1	5	9923068	100481	39.613426208496094	-7.259498119354248	2611.681640625	0.8385722637176514	3.8920822143554688	0	0	463	798
1	1503171	0	5	5	9914452	100607	37.335975646972656	-0.4188447594642639	2649.346435546875	1.016409158706665	3.899120330810547	0	1	472	0
1	1503323	0	1	5	9923818	100503	37.768531799316406	-3.0614781379699707	2610.5849609375	0.8783870339393616	3.8850440979003906	0	0	465	782
1	1503930	0	5	5	9915302	100615	36.66587448120117	-0.3350515365600586	2650.07861328125	1.000083088874817	3.906158447265625	0	2	471	0
1	1504082	0	1	5	9924618	100478	39.865028381347656	-3.5656256675720215	2610.370849609375	1.0226236581802368	3.8780059814453125	0	0	467	792
1	1504690	0	5	5	9916102	100611	37.000919342041016	-0.5026015639305115	2650.1572265625	0.9650499224662781	3.899120330810547	2	1	469	0
1	1504844	0	1	5	9925418	100495	38.43936538696289	-4.991876125335693	2609.267578125	0.9560708999633789	3.8920822143554688	0	0	467	818
1	1505598	0	5	5	9916852	100603	37.671043395996094	0.5444653034210205	2647.67236328125	0.9451795816421509	3.899120330810547	0	0	471	0
1	1505752	0	1	5	9926218	100347	50.85758590698242	6.54452657699585	2605.094482421875	1.0624103546142578	3.8920822143554688	0	0	466	846
1	1506358	0	5	5	9917652	100595	38.34121322631836	0.6701462268829346	2643.278076171875	1.0024604797363281	3.8920822143554688	0	1	468	1
1	1506512	0	1	5	9927018	100344	51.109458923339844	5.915746212005615	2603.1083984375	1.0249313116073608	3.899120330810547	0	0	467	843
1	1507119	0	5	5	9918452	100601	37.838584899902344	0.29318544268608093	2640.734375	0.9636569023132324	3.8920822143554688	0	0	471	0
1	1507273	0	1	5	9927818	100477	39.94889831542969	0.041934337466955185	2603.335693359375	1.0202313661575317	3.8920822143554688	0	0	465	818
1	1507730	0	5	5	9919152	100619	36.33083724975586	-0.7119873762130737	2640.453125	0.9886232614517212	3.906158447265625	0	1	471	0
1	1508034	0	1	5	9928568	100433	43.63978958129883	-4.490521430969238	2602.36865234375	0.9611246585845947	3.8920822143554688	0	0	466	800
1	1508792	0	1	5	9929368	100337	51.69718933105469	0.5037581324577332	2597.598388671875	0.9910553097724915	3.899120330810547	0	0	465	850
1	1509096	0	5	5	9920552	100595	38.34121322631836	0.4188515245914459	2634.1494140625	0.995227038860321	3.899120330810547	0	0	472	0
1	1509552	0	1	5	9930118	100351	50.52176284790039	4.4896159172058105	2596.24853515625	0.9109799861907959	3.8920822143554688	0	0	468	839
1	1509857	0	5	5	9921252	100593	38.50876235961914	0.9633235931396484	2631.690673828125	0.9983274340629578	3.8850440979003906	1	0	470	0
1	1510466	0	1	5	9930918	100425	44.31100082397461	-2.3498475551605225	2595.742431640625	0.9153963327407837	3.8920822143554688	0	0	465	813
1	1510621	0	5	5	9922002	100599	38.00612258911133	-0.1675446480512619	2631.14794921875	0.9544479846954346	3.8920822143554688	1	1	471	0
1	1511358	0	5	5	9922802	100606	37.419742584228516	-0.5026218295097351	2631.174072265625	0.9729840159416199	3.899120330810547	0	0	472	0
1	1511508	0	1	5	9932018	100433	43.63978958129883	-3.1051807403564453	2596.08642578125	0.935687780380249	3.8780059814453125	0	0	466	815
1	1512124	0	5	5	9923502	100603	37.671043395996094	-0.125653937458992	2630.6640625	0.9972502589225769	3.8920822143554688	0	0	469	1
1	1512429	0	1	5	9932818	100484	39.36183166503906	-2.1389787197113037	2595.657958984375	1.0128183364868164	3.899120330810547	0	0	463	817
1	1512887	0	5	5	9924252	100610	37.08468246459961	-0.3350650370121002	2630.500732421875	1.0133795738220215	3.8920822143554688	1	1	473	0
1	1513191	0	1	5	9933718	100370	48.926753997802734	5.034048080444336	2593.3798828125	0.962084174156189	3.899120330810547	0	0	465	829
1	1513647	0	5	5	9924952	100612	36.91715621948242	-0.41882792115211487	2631.0302734375	1.0164813995361328	3.906158447265625	0	2	470	0
1	1513952	0	1	5	9934468	100426	44.22709655761719	-2.601658821105957	2594.301513671875	1.0751639604568481	3.8920822143554688	0	0	466	789
1	1514256	0	5	5	9925702	100616	36.582115173339844	-0.460697740316391	2627.806640625	1.0399672985076904	3.899120330810547	1	0	471	1
1	1514713	0	1	5	9935218	100498	38.18779754638672	-0.5450848937034607	2595.22314453125	1.0219104290008545	3.899120330810547	0	0	466	779
1	1515017	0	5	5	9926402	100615	36.66587448120117	-0.5025854110717773	2629.23193359375	0.9991343021392822	3.899120330810547	0	0	472	0
1	1515626	0	1	5	9936068	100453	41.96194839477539	1.7193633317947388	2593.22412109375	0.9659548401832581	3.899120330810547	0	0	463	779
1	1515780	0	5	5	9927152	100608	37.25221252441406	0.12564584612846375	2629.2646484375	1.0422842502593994	3.899120330810547	1	0	468	0
1	1516236	0	1	5	9936868	100414	45.233985900878906	0.37758857011795044	2590.297119140625	0.9998420476913452	3.899120330810547	0	0	465	796
1	1516540	0	5	5	9927852	100610	37.08468246459961	0.0	2629.022705078125	1.0260519981384277	3.899120330810547	0	0	472	0
1	1517146	0	1	5	9937618	100502	37.85238265991211	-0.2515624463558197	2590.9462890625	0.9626976251602173	3.906158447265625	0	0	465	770
1	1517300	0	5	5	9928652	100610	37.08468246459961	0.041881609708070755	2628.22509765625	1.0548138618469238	3.8920822143554688	0	0	472	0
1	1517907	0	1	5	9938418	100499	38.10394287109375	-0.3354274034500122	2589.5185546875	0.9913358688354492	3.8850440979003906	0	0	464	779
1	1518062	0	5	5	9929402	100614	36.7496337890625	-0.0837615355849266	2628.67626953125	1.0113239288330078	3.8920822143554688	1	0	471	0
1	1518670	0	1	5	9939218	100494	38.52322006225586	-0.5451024770736694	2589.30419921875	1.0057860612869263	3.8920822143554688	0	0	465	780
1	1518824	0	5	5	9930202	100614	36.7496337890625	-0.04188060015439987	2628.52587890625	0.9812119603157043	3.8850440979003906	0	2	472	1
1	1519432	0	1	5	9939968	100491	38.77479934692383	0.12578780949115753	2589.576904296875	0.9933475852012634	3.8850440979003906	0	0	466	782
1	1519735	0	5	5	9930952	100611	37.000919342041016	0.1256428062915802	2627.04150390625	1.0183486938476562	3.8920822143554688	0	0	470	0
1	1520192	0	1	5	9940768	100477	39.94889831542969	-0.8806991577148438	2587.80517578125	0.9824051260948181	3.906158447265625	0	0	466	780
1	1520344	0	5	5	9931752	100612	36.91715621948242	0.0837615355849266	2626.034423828125	1.0122843980789185	3.8920822143554688	0	0	470	0
1	1520951	0	1	5	9941518	100493	38.607078552246094	-1.7193771600723267	2587.76611328125	0.9979581236839294	3.899120330810547	0	0	465	782
1	1521105	0	5	5	9932552	100617	36.498355865478516	-0.25128260254859924	2624.84423828125	1.0010011196136475	3.906158447265625	0	0	472	0
1	1521860	0	1	5	9942318	100494	38.52322006225586	-3.7329986095428467	2586.844482421875	1.0023179054260254	3.899120330810547	0	0	466	782
1	1521860	0	5	5	9933252	100615	36.66587448120117	-0.1256418079137802	2624.131591796875	1.0125446319580078	3.8920822143554688	0	0	471	1
1	1522623	0	1	5	9943118	100439	43.136409759521484	1.9711521863937378	2585.3388671875	0.9961065649986267	3.899120330810547	0	0	466	781
1	1522623	0	5	5	9933952	100615	36.66587448120117	-0.1675230711698532	2624.4716796875	1.0065345764160156	3.8920822143554688	0	1	468	0
1	1523385	0	1	5	9943868	100494	38.52322006225586	0.04192859306931496	2585.974853515625	0.9906875491142273	3.906158447265625	0	0	467	783
1	1523385	0	5	5	9934752	100612	36.91715621948242	-0.12564483284950256	2624.07275390625	1.013068675994873	3.899120330810547	0	0	471	0
1	1524146	0	1	5	9944668	100500	38.02008819580078	-0.08385414630174637	2586.461669921875	1.0010243654251099	3.8920822143554688	0	0	464	773
1	1524146	0	5	5	9935452	100613	36.833396911621094	0.08376086503267288	2622.431396484375	1.0039772987365723	3.8850440979003906	1	2	469	0
1	1524908	0	1	5	9945468	100503	37.768531799316406	-4.82369327545166	2587.1171875	0.9981780052185059	3.899120330810547	0	0	465	780
1	1524908	0	5	5	9936302	100610	37.08468246459961	0.08376288414001465	2623.379638671875	1.0023417472839355	3.899120330810547	2	0	470	1
1	1525672	0	5	5	9937052	100610	37.08468246459961	-0.041881948709487915	2626.021240234375	0.990203320980072	3.899120330810547	0	0	473	0
1	1525827	0	1	5	9946318	100498	38.18779754638672	0.1677069365978241	2587.4287109375	0.999981164932251	3.8850440979003906	0	0	467	773
1	1526432	0	5	5	9937752	100613	36.833396911621094	0.08376086503267288	2626.77978515625	0.9808549284934998	3.899120330810547	0	1	470	0
1	1526736	0	1	5	9947218	100499	38.10394287109375	0.0	2587.25341796875	1.0088974237442017	3.899120330810547	0	0	466	777
1	1527192	0	5	5	9938452	100615	36.66587448120117	-0.20940469205379486	2627.0283203125	0.998970091342926	3.899120330810547	0	0	470	1
1	1527496	0	1	5	9948018	100509	37.26543426513672	-0.37732693552970886	2587.000244140625	0.9860473275184631	3.899120330810547	0	0	465	776
1	1527953	0	5	5	9939302	100611	37.000919342041016	0.08376221358776093	2627.721435546875	1.0062474012374878	3.899120330810547	0	0	472	0
1	1528257	0	1	5	9948818	100504	37.6846809387207	-0.3354138731956482	2587.27294921875	1.0004130601882935	3.899120330810547	0	0	463	775
1	1528713	0	5	5	9940002	100615	36.66587448120117	-0.04188026487827301	2627.531982421875	1.0128395557403564	3.899120330810547	0	0	473	0
1	1529169	0	1	5	9949618	100502	37.85238265991211	0.04192589223384857	2587.201416015625	1.0099002122879028	3.8920822143554688	0	0	466	790
1	1529323	0	5	5	9940752	100615	36.66587448120117	-0.2512866258621216	2626.69482421875	1.0126347541809082	3.8850440979003906	0	0	472	0
1	1530079	0	1	5	9950518	100503	37.768531799316406	-0.37734517455101013	2585.87744140625	1.006822943687439	3.8920822143554688	0	0	466	772
1	1530233	0	5	5	9941552	100613	36.833396911621094	0.08376086503267288	2624.32763671875	1.0197722911834717	3.899120330810547	2	0	470	0
1	1530839	0	1	5	9951318	100434	43.55588912963867	2.9356048107147217	2581.69140625	0.9837558269500732	3.899120330810547	0	0	468	818
1	1530992	0	5	5	9942302	100606	37.419742584228516	0.2931736409664154	2622.666748046875	0.9964504241943359	3.8920822143554688	0	0	469	1
1	1531600	0	1	5	9952168	100507	37.43313217163086	-0.12577463686466217	2583.073974609375	0.9814556241035461	3.8920822143554688	0	0	466	782
1	1531752	0	5	5	9943102	100615	36.66587448120117	-0.08376086503267288	2620.35205078125	0.9540572166442871	3.899120330810547	0	0	470	0
1	1532510	0	1	5	9952968	100508	37.349281311035156	-3.1452529430389404	2583.177734375	0.9937272071838379	3.8920822143554688	0	0	466	773
1	1532510	0	5	5	9943852	100616	36.582115173339844	-0.16752173006534576	2621.064697265625	0.9850115180015564	3.8850440979003906	0	0	472	1
1	1533272	0	5	5	9944602	100616	36.582115173339844	-0.2512845993041992	2622.797607421875	1.00510835647583	3.8920822143554688	0	0	471	0
1	1533427	0	1	5	9953818	100505	37.600830078125	-5.2013044357299805	2582.944091796875	1.003062129020691	3.8920822143554688	0	0	466	776
1	1533882	0	5	5	9945302	100602	37.75481414794922	0.4607088565826416	2621.411376953125	1.0008928775787354	3.899120330810547	1	1	472	0
1	1534186	0	1	5	9954718	100497	38.27165222167969	0.41926059126853943	2580.39990234375	1.0181211233139038	3.899120330810547	0	0	465	783
1	1534641	0	5	5	9946002	100614	36.7496337890625	0.0	2618.17431640625	0.9062308073043823	3.8920822143554688	1	0	470	0
1	1535401	0	5	5	9946752	100608	37.25221252441406	0.29316893219947815	2615.696044921875	1.0167608261108398	3.8920822143554688	0	0	471	0
1	1535704	0	1	5	9956218	100480	39.69729232788086	-5.915984630584717	2574.9677734375	0.9773868322372437	3.8920822143554688	0	0	465	807
1	1536161	0	5	5	9947552	100611	37.000919342041016	0.04188127443194389	2614.9375	1.0312916040420532	3.8850440979003906	0	1	471	1
1	1536616	0	1	5	9957068	100490	38.85865783691406	0.08385955542325974	2575.078125	1.0831636190414429	3.8780059814453125	0	0	463	777
1	1536922	0	5	5	9948302	100607	37.335975646972656	0.12564685940742493	2614.676025390625	0.9881470799446106	3.906158447265625	0	0	470	0
1	1537227	0	1	5	9957818	100477	39.94889831542969	-5.286432266235352	2574.3837890625	0.9791589975357056	3.899120330810547	0	0	465	813
1	1537682	0	5	5	9949052	100608	37.25221252441406	-0.5863873958587646	2614.86572265625	1.032840371131897	3.8920822143554688	0	0	472	0
1	1537986	0	1	5	9958568	100450	42.21360778808594	0.9646141529083252	2574.42919921875	0.9897910356521606	3.899120330810547	0	0	465	811
1	1538441	0	5	5	9949802	100608	37.25221252441406	0.0	2614.35546875	1.0035762786865234	3.8920822143554688	0	0	472	0
1	1538745	0	1	5	9959368	100492	38.69093704223633	-3.7330586910247803	2574.15673828125	0.9773045182228088	3.8920822143554688	0	0	465	782
1	1539202	0	5	5	9950502	100605	37.503509521484375	0.08376625925302505	2613.603515625	1.0141113996505737	3.8920822143554688	0	0	469	0
1	1539658	0	1	5	9960118	100487	39.1102409362793	-3.187741994857788	2574.3447265625	1.027055025100708	3.8920822143554688	0	0	465	784
1	1539812	0	5	5	9951252	100609	37.16844940185547	-0.25129878520965576	2613.4990234375	0.9648106098175049	3.913196563720703	1	1	471	0
1	1540570	0	1	5	9961018	100354	50.269901275634766	1.3430625200271606	2572.456298828125	1.0197011232376099	3.899120330810547	0	0	468	818
1	1541327	0	1	5	9961818	100473	40.28437805175781	0.5870689153671265	2574.020263671875	0.9959441423416138	3.8920822143554688	0	0	466	802
1	1541327	0	5	5	9952602	100612	36.91715621948242	-0.25129270553588867	2614.911376953125	1.0088815689086914	3.8920822143554688	0	0	470	0
1	1541937	0	5	5	9953352	100614	36.7496337890625	-0.2931712865829468	2613.793212890625	1.0585155487060547	3.8920822143554688	0	0	471	0
1	1542090	0	1	5	9962618	100505	37.600830078125	-3.8165786266326904	2574.507080078125	1.0238876342773438	3.906158447265625	0	0	466	773
1	1542696	0	5	5	9954102	100613	36.833396911621094	-0.08376221358776093	2614.957275390625	1.0093847513198853	3.899120330810547	1	0	471	0
1	1543001	0	1	5	9963468	100500	38.02008819580078	-0.12578172981739044	2574.065673828125	0.9842836856842041	3.8920822143554688	0	0	466	776
1	1543456	0	5	5	9954852	100604	37.587276458740234	0.33505964279174805	2615.31689453125	0.9623552560806274	3.8850440979003906	0	1	473	0
1	1543760	0	1	5	9964218	100456	41.710296630859375	1.761249303817749	2573.9423828125	1.0029520988464355	3.8920822143554688	0	0	465	787
1	1544217	0	5	5	9955602	100605	37.503509521484375	0.25129473209381104	2612.00146484375	0.9969459772109985	3.899120330810547	0	0	470	0
1	1544521	0	1	5	9965018	100414	45.233985900878906	3.6488757133483887	2571.372314453125	1.0064667463302612	3.8920822143554688	0	0	468	837
1	1544977	0	5	5	9956352	100616	36.582115173339844	-0.08376018702983856	2608.405029296875	0.9633803963661194	3.899120330810547	0	0	472	0
1	1545281	0	1	5	9965818	100445	42.633052825927734	-2.349468469619751	2571.034912109375	1.0258097648620605	3.8920822143554688	0	0	465	799
1	1545737	0	5	5	9957052	100617	36.498355865478516	-0.20940130949020386	2608.921630859375	1.0261722803115845	3.8920822143554688	2	0	472	2
1	1546042	0	1	5	9966618	100459	41.458648681640625	-2.768815517425537	2570.41845703125	1.0227512121200562	3.8920822143554688	0	0	465	791
1	1546498	0	5	5	9957802	100612	36.91715621948242	-0.33505964279174805	2610.804931640625	1.0102263689041138	3.899120330810547	2	1	469	1
1	1546802	0	1	5	9967418	100476	40.03276824951172	1.0063389539718628	2570.567626953125	0.9955796003341675	3.8920822143554688	0	0	467	829
1	1547258	0	5	5	9958552	100615	36.66587448120117	-0.29316893219947815	2611.458740234375	0.9989105463027954	3.899120330810547	2	0	470	1
1	1547715	0	1	5	9968218	100498	38.18779754638672	-0.46122196316719055	2571.77490234375	0.9606447815895081	3.899120330810547	0	0	465	779
1	1548020	0	5	5	9959352	100614	36.7496337890625	0.08376018702983856	2610.641357421875	0.9987487196922302	3.899120330810547	0	0	471	0
1	1548628	0	1	5	9969068	100401	46.324893951416016	3.7750489711761475	2569.46435546875	0.9938602447509766	3.8850440979003906	0	0	467	813
1	1548781	0	5	5	9960102	100614	36.7496337890625	-0.04188060015439987	2610.321044921875	1.036252737045288	3.899120330810547	0	1	468	0
1	1549238	0	1	5	9969868	100498	38.18779754638672	0.20963282883167267	2569.8017578125	1.0429240465164185	3.899120330810547	0	0	465	788
1	1549542	0	5	5	9960852	100611	37.000919342041016	0.1675230711698532	2611.027099609375	0.9847453832626343	3.8850440979003906	0	1	471	0
1	1550149	0	1	5	9970618	100399	46.49273681640625	2.894495725631714	2568.62060546875	1.0437946319580078	3.899120330810547	0	0	464	812
1	1550303	0	5	5	9961602	100612	36.91715621948242	0.1256418079137802	2611.275634765625	1.001560091972351	3.899120330810547	0	0	472	0
1	1550909	0	1	5	9971418	100505	37.600830078125	-0.37733909487724304	2569.8603515625	0.9976962208747864	3.8920822143554688	0	0	465	786
1	1550909	0	5	5	9962352	100610	37.08468246459961	0.12564381957054138	2610.90283203125	0.9993274211883545	3.8920822143554688	0	1	472	0
1	1551670	0	1	5	9972218	100491	38.77479934692383	0.1677163988351822	2569.66552734375	0.9893600940704346	3.8920822143554688	0	0	464	808
1	1551825	0	5	5	9963052	100610	37.08468246459961	0.16752442717552185	2610.19677734375	1.0037435293197632	3.899120330810547	0	0	469	1
1	1552430	0	5	5	9963852	100613	36.833396911621094	-0.12564381957054138	2612.00146484375	0.955376386642456	3.8920822143554688	0	0	472	1
1	1552584	0	1	5	9972968	100439	43.136409759521484	2.600086212158203	2568.536376953125	1.0430136919021606	3.8920822143554688	0	0	466	802
1	1553190	0	5	5	9964552	100614	36.7496337890625	-0.16752442717552185	2613.263671875	0.9921690225601196	3.906158447265625	0	1	469	1
1	1553494	0	1	5	9973918	100342	51.27737808227539	6.419006824493408	2566.732177734375	1.029899001121521	3.899120330810547	0	0	466	819
1	1553950	0	5	5	9965302	100617	36.498355865478516	-0.20940130949020386	2612.75341796875	0.999550461769104	3.8850440979003906	0	0	471	0
1	1554255	0	1	5	9974768	100468	40.7037467956543	0.8806139826774597	2568.5947265625	0.9959372282028198	3.8920822143554688	0	0	464	794
1	1554711	0	5	5	9966052	100617	36.498355865478516	-0.16752037405967712	2612.66845703125	1.000903844833374	3.8920822143554688	0	0	473	0
1	1555019	0	1	5	9975568	100486	39.1941032409668	-1.3839223384857178	2569.1787109375	1.0232932567596436	3.8920822143554688	0	0	465	802
1	1555473	0	5	5	9966802	100613	36.833396911621094	0.0	2610.955322265625	1.0063327550888062	3.8920822143554688	0	0	470	0
1	1555780	0	1	5	9976368	100492	38.69093704223633	0.3773512542247772	2568.134033203125	0.9909786581993103	3.899120330810547	0	0	468	802
1	1556084	0	5	5	9967502	100613	36.833396911621094	0.08376086503267288	2609.85009765625	0.974104106426239	3.899120330810547	0	2	470	0
1	1556541	0	1	5	9977118	100431	43.807586669921875	-1.4684592485427856	2567.874267578125	1.0376678705215454	3.8920822143554688	0	0	463	810
1	1556845	0	5	5	9968202	100611	37.000919342041016	0.08376221358776093	2611.589599609375	1.0215275287628174	3.8920822143554688	1	1	470	0
1	1557301	0	1	5	9977918	100498	38.18779754638672	0.041927240788936615	2568.8671875	1.0257208347320557	3.906158447265625	0	0	465	796
1	1557605	0	5	5	9969002	100607	37.335975646972656	0.04188262298703194	2611.288818359375	0.9939088225364685	3.8850440979003906	0	0	471	0
1	1558211	0	1	5	9978668	100496	38.355506896972656	-1.1321815252304077	2569.412353515625	0.9832509160041809	3.8920822143554688	0	0	464	798
1	1558365	0	5	5	9969702	100611	37.000919342041016	-0.041881609708070755	2611.98193359375	0.9853895306587219	3.8920822143554688	0	0	471	1
1	1558973	0	1	5	9979468	100473	40.28437805175781	0.922507107257843	2569.02294921875	0.9841139912605286	3.913196563720703	0	0	465	792
1	1559126	0	5	5	9970452	100611	37.000919342041016	0.0	2612.8974609375	1.0158581733703613	3.8780059814453125	0	0	471	0
1	1559734	0	1	5	9980218	100410	45.569637298583984	0.9229757189750671	2568.01708984375	1.0301049947738647	3.8780059814453125	0	0	466	792
1	1559886	0	5	5	9971202	100605	37.503509521484375	0.33505693078041077	2611.78564453125	0.97658371925354	3.8850440979003906	0	0	471	1
1	1560493	0	1	5	9981018	100367	49.17858123779297	4.489036560058594	2566.628173828125	1.0127099752426147	3.8850440979003906	0	0	465	842
1	1560645	0	5	5	9971952	100599	38.00612258911133	0.5026015639305115	2608.96728515625	1.0012630224227905	3.906158447265625	0	1	470	0
1	1561252	0	1	5	9981818	100455	41.7941780090332	1.7193355560302734	2567.7705078125	1.0369278192520142	3.8920822143554688	0	0	467	826
1	1561406	0	5	5	9972702	100607	37.335975646972656	-0.0418829582631588	2607.071044921875	1.0010334253311157	3.906158447265625	2	0	471	0
1	1562010	0	1	5	9982568	100493	38.607078552246094	-4.236563205718994	2566.998046875	1.0080221891403198	3.8920822143554688	0	0	465	786
1	1562010	0	5	5	9973452	100610	37.08468246459961	-0.20941311120986938	2605.652099609375	1.0375802516937256	3.906158447265625	1	0	470	2
1	1562772	0	1	5	9983318	100370	48.926753997802734	2.3078765869140625	2563.668701171875	1.022623896598816	3.8920822143554688	0	0	467	812
1	1562772	0	5	5	9974152	100612	36.91715621948242	-0.08376288414001465	2605.037353515625	1.0294334888458252	3.8780059814453125	0	1	470	1
1	1563532	0	1	5	9984068	100502	37.85238265991211	-0.2934907078742981	2563.889404296875	0.9941087365150452	3.8920822143554688	0	0	466	782
1	1563532	0	5	5	9974852	100617	36.498355865478516	-0.08375951647758484	2604.684326171875	1.0095125436782837	3.899120330810547	0	0	469	0
1	1564141	0	5	5	9975552	100626	35.74455261230469	-0.5863024592399597	2605.2138671875	0.991510808467865	3.8920822143554688	0	1	473	0
1	1564294	0	1	5	9984868	100494	38.52322006225586	-0.04192893207073212	2563.863525390625	1.0316358804702759	3.899120330810547	0	0	466	781
1	1564900	0	5	5	9976302	100614	36.7496337890625	0.12563978135585785	2605.239990234375	1.0097880363464355	3.899120330810547	1	0	470	1
1	1565054	0	1	5	9985618	100471	40.452125549316406	-1.6357818841934204	2561.812744140625	0.9981111288070679	3.906158447265625	0	0	466	819
1	1565661	0	5	5	9977052	100611	37.000919342041016	0.08376221358776093	2604.34423828125	1.011034607887268	3.899120330810547	0	1	471	0
1	1565816	0	1	5	9986418	100395	46.82843017578125	4.152604103088379	2559.995361328125	0.9779819846153259	3.8920822143554688	0	0	465	807
1	1566422	0	5	5	9977752	100615	36.66587448120117	0.4606606662273407	2603.369873046875	1.0370296239852905	3.906158447265625	1	0	471	0
1	1566726	0	1	5	9987218	100489	38.9425163269043	0.37736037373542786	2560.60546875	1.011696219444275	3.8850440979003906	0	0	463	779
1	1567183	0	5	5	9978552	100619	36.33083724975586	-0.29315948486328125	2602.016357421875	0.9713402986526489	3.8850440979003906	0	2	471	0
1	1567488	0	1	5	9988018	100346	50.94154357910156	6.460726737976074	2556.782958984375	1.035457730293274	3.8920822143554688	0	0	466	831
1	1567944	0	5	5	9979252	100622	36.07957077026367	-0.5863213539123535	2601.2578125	0.9711217880249023	3.8920822143554688	1	0	472	0
1	1568249	0	1	5	9988768	100499	38.10394287109375	-2.893772602081299	2556.7763671875	0.9937254190444946	3.8850440979003906	0	0	465	777
1	1568706	0	5	5	9980052	100609	37.16844940185547	0.20940637588500977	2601.296875	0.990827202796936	3.8920822143554688	0	0	469	1
1	1569011	0	1	5	9989568	100431	43.807586669921875	-0.5453793406486511	2554.1416015625	0.971726655960083	3.906158447265625	0	0	466	831
1	1569468	0	5	5	9980752	100608	37.25221252441406	0.7119530439376831	2600.531982421875	0.9945641756057739	3.8920822143554688	0	0	470	1
1	1569775	0	1	5	9990318	100388	47.415916442871094	4.991393566131592	2551.818115234375	0.9640313982963562	3.8920822143554688	0	0	467	829
1	1570078	0	5	5	9981502	100610	37.08468246459961	0.2931641936302185	2600.3291015625	1.0025851726531982	3.8920822143554688	0	1	471	0
1	1570535	0	1	5	9991118	100504	37.6846809387207	-0.922440230846405	2554.90087890625	1.009260892868042	3.8850440979003906	0	0	464	780
1	1570840	0	5	5	9982202	100615	36.66587448120117	-0.29316893219947815	2600.852294921875	1.01443612575531	3.899120330810547	0	2	471	1
1	1571296	0	1	5	9991868	100493	38.607078552246094	-5.495613098144531	2556.10791015625	0.9924934506416321	3.8920822143554688	0	0	466	782
1	1571600	0	5	5	9982902	100611	37.000919342041016	0.0	2601.31005859375	1.0214049816131592	3.899120330810547	0	0	471	0
1	1572055	0	1	5	9992618	100497	38.27165222167969	-6.5448431968688965	2557.86669921875	0.9641968607902527	3.899120330810547	0	0	467	777
1	1572360	0	5	5	9983652	100606	37.419742584228516	0.20941142737865448	2600.57763671875	1.0059258937835693	3.8920822143554688	0	0	471	0
1	1572818	0	1	5	9993318	100451	42.12971878051758	2.1386685371398926	2556.627197265625	1.0012280941009521	3.8920822143554688	0	0	466	791
1	1572972	0	5	5	9984402	100604	37.587276458740234	0.5444609522819519	2598.295654296875	0.9999940395355225	3.906158447265625	0	0	469	0
1	1573579	0	1	5	9994118	100408	45.73746871948242	3.649052143096924	2556.2119140625	0.983527660369873	3.8920822143554688	0	0	466	805
1	1573733	0	5	5	9985152	100605	37.503509521484375	0.37693753838539124	2598.079833984375	0.9711599946022034	3.899120330810547	0	1	471	0
1	1574491	0	1	5	9994918	100421	44.64662170410156	3.1874849796295166	2557.925048828125	0.9834212064743042	3.906158447265625	0	0	465	802
1	1574491	0	5	5	9985902	100605	37.503509521484375	0.1256488859653473	2598.446044921875	1.0155307054519653	3.8850440979003906	0	0	470	0
1	1575250	0	1	5	9995818	100379	48.17130661010742	3.566028356552124	2559.482666015625	0.9482905864715576	3.899120330810547	0	0	465	828
1	1575250	0	5	5	9986652	100604	37.587276458740234	0.1675325185060501	2601.035400390625	0.9548736810684204	3.8920822143554688	0	0	471	1
1	1576009	0	5	5	9987402	100595	38.34121322631836	0.5445004105567932	2601.597900390625	0.9794440865516663	3.906158447265625	0	1	468	0
1	1576163	0	1	5	9996618	100319	53.20864486694336	5.581406116485596	2557.2373046875	0.9640588760375977	3.8920822143554688	0	0	465	846
1	1576769	0	5	5	9988152	100584	39.26276397705078	1.0052759647369385	2600.335693359375	0.967337429523468	3.906158447265625	1	1	473	0
1	1576923	0	1	5	9997418	100288	55.812225341796875	7.763923645019531	2555.225341796875	1.0346782207489014	3.8920822143554688	0	0	467	850
1	1577529	0	5	5	9988852	100592	38.59253692626953	0.4607459306716919	2596.091796875	1.0243388414382935	3.899120330810547	1	0	471	0
1	1577683	0	1	5	9998168	100389	47.33198928833008	4.027010917663574	2553.907958984375	0.9884340763092041	3.899120330810547	0	0	464	835
1	1578289	0	5	5	9989652	100585	39.17898178100586	0.753969132900238	2592.861572265625	1.0156337022781372	3.899120330810547	0	0	471	0
1	1578443	0	1	5	9998968	100367	49.17858123779297	1.5527218580245972	2550.5849609375	1.0180697441101074	3.8920822143554688	0	0	467	812
1	1579049	0	5	5	9990352	100605	37.503509521484375	-0.7120676040649414	2591.494873046875	1.0013853311538696	3.8850440979003906	0	0	470	0
1	1579203	0	1	5	9999718	100321	53.04069519042969	6.75556755065918	2548.547119140625	0.9658589363098145	3.8920822143554688	0	0	463	818
1	1579809	0	5	5	9991152	100607	37.335975646972656	-0.7539448738098145	2591.762939453125	1.035393238067627	3.8920822143554688	0	0	470	0
1	1579963	0	1	5	10000518	100394	46.912353515625	3.3978590965270996	2550.085205078125	1.0171054601669312	3.8920822143554688	0	0	465	828
1	1580567	0	5	5	9991902	100600	37.9223518371582	-0.16754330694675446	2592.933349609375	0.98780757188797	3.906158447265625	0	0	470	0
1	1580721	0	1	5	10001318	100372	48.758872985839844	3.733991861343384	2549.69580078125	1.009863257408142	3.8850440979003906	0	0	465	837
1	1581327	0	5	5	9992652	100596	38.25743865966797	0.08377232402563095	2588.872802734375	0.9802864789962769	3.899120330810547	0	0	469	0
1	1581633	0	1	5	10002118	100308	54.132423400878906	7.301430702209473	2548.37841796875	1.0166378021240234	3.8920822143554688	0	0	466	850
1	1582087	0	5	5	9993402	100587	39.01142501831055	0.8377232551574707	2587.558349609375	0.9547107219696045	3.899120330810547	0	0	471	1
1	1582393	0	1	5	10002918	100371	48.842811584472656	0.8813029527664185	2548.677001953125	1.0727611780166626	3.8920822143554688	0	0	465	843
1	1582850	0	5	5	9994202	100606	37.419742584228516	-0.4607348144054413	2584.406494140625	0.9897624850273132	3.899120330810547	1	0	469	0
1	1583154	0	1	5	10003718	100439	43.136409759521484	-5.372033596038818	2549.812744140625	0.9980342388153076	3.8920822143554688	0	0	466	826
1	1583459	0	5	5	9994902	100614	36.7496337890625	-0.6701300740242004	2583.60205078125	1.0254236459732056	3.899120330810547	0	1	472	0
1	1583915	0	1	5	10004418	100492	38.69093704223633	-7.97269868850708	2549.40380859375	0.9942424297332764	3.906158447265625	0	0	464	778
1	1584221	0	5	5	9995602	100616	36.582115173339844	-0.7538902163505554	2585.256591796875	0.9989039897918701	3.899120330810547	0	0	471	0
1	1584677	0	1	5	10005218	100486	39.1941032409668	-1.3839223384857178	2548.300537109375	1.0145022869110107	3.8920822143554688	0	0	465	804
1	1584981	0	5	5	9996352	100611	37.000919342041016	-0.5026015639305115	2587.08740234375	1.0142650604248047	3.8920822143554688	0	0	470	1
1	1585437	0	1	5	10005968	100488	39.0263786315918	-4.194769382476807	2548.118896484375	0.9838653802871704	3.8920822143554688	0	0	465	780
1	1585741	0	5	5	9997152	100616	36.582115173339844	-0.08376018702983856	2588.087890625	1.0390419960021973	3.899120330810547	0	1	471	1
1	1586196	0	1	5	10006768	100356	50.10200119018555	5.747459888458252	2545.509765625	1.0150245428085327	3.8920822143554688	0	0	466	830
1	1586504	0	5	5	9997852	100610	37.08468246459961	0.20940469205379486	2588.192626953125	1.0143487453460693	3.8920822143554688	0	0	471	0
1	1586957	0	1	5	10007568	100479	39.78116226196289	0.5031816363334656	2546.353515625	1.0260727405548096	3.899120330810547	0	0	465	807
1	1587265	0	5	5	9998602	100608	37.25221252441406	0.3350488543510437	2586.943603515625	0.9745363593101501	3.8920822143554688	0	1	472	2
1	1587872	0	1	5	10008318	100470	40.53599548339844	-0.7549184560775757	2541.810546875	1.1253371238708496	3.899120330810547	0	0	465	802
1	1588027	0	5	5	9999402	100603	37.671043395996094	0.3769436180591583	2583.66748046875	1.0441253185272217	3.899120330810547	1	0	472	0
1	1588632	0	1	5	10009168	100474	40.20050811767578	-0.3774333596229553	2538.396728515625	1.012933611869812	3.899120330810547	0	0	465	803
1	1588786	0	5	5	10000152	100619	36.33083724975586	-0.2512785494327545	2582.59521484375	1.0813896656036377	3.899120330810547	0	0	471	1
1	1589393	0	1	5	10009968	100459	41.458648681640625	1.7612067461013794	2533.983642578125	1.00497305393219	3.8920822143554688	0	0	464	803
1	1589547	0	5	5	10000902	100624	35.91205978393555	-0.37690719962120056	2581.274169921875	1.0679795742034912	3.8920822143554688	0	0	472	2
1	1590306	0	1	5	10010818	100477	39.94889831542969	-2.9782021045684814	2534.15869140625	0.9078210592269897	3.8920822143554688	0	0	465	799
1	1590306	0	5	5	10001652	100615	36.66587448120117	-0.08376086503267288	2580.18212890625	0.8988519310951233	3.8850440979003906	0	0	470	0
1	1591068	0	5	5	10002402	100612	36.91715621948242	0.544425904750824	2580.751220703125	1.0220203399658203	3.899120330810547	0	2	471	1
1	1591223	0	1	5	10011718	100459	41.458648681640625	-0.7549853920936584	2536.125244140625	1.0160213708877563	3.8920822143554688	0	0	465	778
1	1591828	0	5	5	10003152	100610	37.08468246459961	0.2512845993041992	2582.16357421875	1.021885871887207	3.906158447265625	0	0	472	1
1	1592132	0	1	5	10012518	100446	42.54916000366211	0.5033155083656311	2537.124755859375	0.9817295074462891	3.899120330810547	0	0	467	781
1	1592891	0	1	5	10013418	100504	37.6846809387207	-0.46119967103004456	2538.67578125	1.0078967809677124	3.8920822143554688	0	0	465	779
1	1593195	0	5	5	10004502	100618	36.41459655761719	-0.4188076853752136	2582.61474609375	0.9891606569290161	3.8920822143554688	1	1	472	2
1	1593651	0	1	5	10014218	100392	47.08020782470703	4.110774517059326	2539.266357421875	1.035650610923767	3.906158447265625	0	0	465	795
1	1594560	0	1	5	10015018	100497	38.27165222167969	-0.3773634135723114	2539.3896484375	1.03814697265625	3.8920822143554688	0	0	466	799
1	1594560	0	5	5	10005902	100611	37.000919342041016	0.1675230711698532	2585.08642578125	1.0675691366195679	3.899120330810547	2	0	470	0
1	1595323	0	5	5	10006602	100611	37.000919342041016	0.1675230711698532	2585.099609375	1.0965310335159302	3.906158447265625	0	0	471	0
1	1595477	0	1	5	10015968	100368	49.09463882446289	0.671498715877533	2537.968505859375	0.9869532585144043	3.8920822143554688	0	0	465	833
1	1595933	0	5	5	10007352	100608	37.25221252441406	0.20940805971622467	2582.908935546875	1.221886396408081	3.906158447265625	0	2	471	0
1	1596387	0	1	5	10016768	100484	39.36183166503906	0.1257949024438858	2536.9560546875	0.9578186273574829	3.8920822143554688	0	0	464	828
1	1596693	0	5	5	10008052	100613	36.833396911621094	0.0	2580.89501953125	1.0787512063980103	3.899120330810547	0	2	470	0
1	1597298	0	1	5	10017718	100502	37.85238265991211	-0.04192622750997543	2534.405517578125	1.1010231971740723	3.8850440979003906	0	0	466	789
1	1597452	0	5	5	10008752	100620	36.2470817565918	-0.7119816541671753	2580.770751953125	1.0790797472000122	3.8920822143554688	0	0	469	0
1	1598059	0	1	5	10018568	100471	40.452125549316406	0.16774342954158783	2531.17333984375	1.0272468328475952	3.8920822143554688	0	0	466	816
1	1598213	0	5	5	10009502	100621	36.163326263427734	-0.3769162893295288	2579.423583984375	1.061087727546692	3.8920822143554688	1	0	472	0
1	1598821	0	1	5	10019368	100341	51.3613395690918	6.5448431968688965	2525.58544921875	1.048410415649414	3.899120330810547	0	0	466	847
1	1598975	0	5	5	10010302	100585	39.17898178100586	1.089031457901001	2575.068603515625	1.0164036750793457	3.8920822143554688	1	0	471	0
1	1599580	0	1	5	10020118	100346	50.94154357910156	5.454387664794922	2522.91162109375	1.1321532726287842	3.8850440979003906	0	0	465	844
1	1599580	0	5	5	10011002	100603	37.671043395996094	0.6282241940498352	2571.27587890625	1.009629249572754	3.8920822143554688	0	0	471	1
1	1600340	0	1	5	10020918	100337	51.69718933105469	-1.2176170349121094	2523.372314453125	1.0490033626556396	3.8920822143554688	0	0	464	840
1	1600494	0	5	5	10011802	100601	37.838584899902344	0.2513028085231781	2571.72705078125	1.067116141319275	3.899120330810547	1	2	471	0
1	1601100	0	1	5	10021718	100379	48.17130661010742	-0.2937818765640259	2524.85205078125	1.0108731985092163	3.899120330810547	0	0	466	812
1	1601254	0	5	5	10012552	100609	37.16844940185547	-0.6701570153236389	2572.113037109375	1.1362133026123047	3.899120330810547	2	1	472	0
1	1602013	0	1	5	10022468	100481	39.613426208496094	-6.419731616973877	2526.280029296875	0.9636441469192505	3.8920822143554688	0	0	466	803
1	1602013	0	5	5	10013352	100597	38.173667907714844	0.041885994374752045	2571.661865234375	1.0188933610916138	3.8920822143554688	0	0	472	0
1	1602624	0	5	5	10014052	100607	37.335975646972656	-0.4607310891151428	2571.3544921875	0.9556754231452942	3.899120330810547	0	1	469	0
1	1602776	0	1	5	10023268	100492	38.69093704223633	-0.6289795637130737	2526.396728515625	0.9666904807090759	3.8920822143554688	0	0	466	781
1	1603382	0	5	5	10014752	100606	37.419742584228516	-0.2094198614358902	2569.928955078125	1.0122928619384766	3.8850440979003906	0	0	471	0
1	1603536	0	1	5	10024018	100464	41.03925323486328	0.9645053148269653	2526.331787109375	1.0095462799072266	3.899120330810547	0	0	464	788
1	1604141	0	5	5	10015502	100615	36.66587448120117	-0.5025854110717773	2569.27490234375	1.00192391872406	3.899120330810547	1	0	472	1
1	1604295	0	1	5	10024818	100400	46.408817291259766	0.2517571747303009	2524.384765625	0.9482027292251587	3.8920822143554688	0	0	467	788
1	1604901	0	5	5	10016252	100611	37.000919342041016	-0.5026015639305115	2568.60791015625	1.0047048330307007	3.906158447265625	0	0	471	0
1	1605055	0	1	5	10025618	100495	38.43936538696289	-2.9358177185058594	2525.903564453125	0.995053231716156	3.8920822143554688	0	0	464	814
1	1605661	0	5	5	10017002	100609	37.16844940185547	0.041881948709487915	2569.0068359375	1.012362003326416	3.906158447265625	0	0	471	1
1	1605816	0	1	5	10026368	100420	44.73052978515625	3.1875107288360596	2522.457275390625	0.8905578255653381	3.899120330810547	0	0	465	804
1	1606425	0	5	5	10017702	100614	36.7496337890625	-0.2931712865829468	2568.93505859375	0.9511826634407043	3.906158447265625	0	0	468	1
1	1606579	0	1	5	10027168	100483	39.44569396972656	-3.5235209465026855	2523.391845703125	1.0464409589767456	3.906158447265625	0	0	465	784
1	1607186	0	5	5	10018502	100613	36.833396911621094	-0.12564381957054138	2568.143798828125	1.0019605159759521	3.906158447265625	0	1	471	1
1	1607340	0	1	5	10027918	100416	45.066165924072266	3.2295427322387695	2518.531005859375	0.9604676961898804	3.8850440979003906	0	0	466	837
1	1607796	0	5	5	10019202	100598	38.08989334106445	0.33507582545280457	2566.4892578125	0.9820109009742737	3.899120330810547	0	0	473	2
1	1608551	0	5	5	10019952	100607	37.335975646972656	0.08376491069793701	2567.025634765625	0.9946185946464539	3.899120330810547	1	0	470	1
1	1609007	0	1	5	10029418	100416	45.066165924072266	2.8521671295166016	2516.603271484375	1.068518042564392	3.8920822143554688	0	0	465	803
1	1609311	0	5	5	10020652	100603	37.671043395996094	0.25129878520965576	2565.475830078125	1.037360429763794	3.8920822143554688	1	1	470	0
1	1609766	0	1	5	10030268	100478	39.865028381347656	-0.5032343864440918	2515.05224609375	0.9016922116279602	3.8920822143554688	0	0	466	798
1	1610073	0	5	5	10021452	100602	37.75481414794922	0.12565191090106964	2563.324462890625	0.9315735697746277	3.8920822143554688	0	1	467	0
1	1610527	0	1	5	10031068	100488	39.0263786315918	0.04193061962723732	2515.130126953125	1.1679896116256714	3.8920822143554688	0	0	465	793
1	1610833	0	5	5	10022152	100593	38.50876235961914	0.6282747387886047	2561.38232421875	0.9786416888237	3.8920822143554688	0	1	473	0
1	1611287	0	1	5	10031868	100366	49.26252365112305	4.405200481414795	2511.7099609375	0.913838803768158	3.8920822143554688	0	0	465	837
1	1611591	0	5	5	10022852	100587	39.01142501831055	0.9214881658554077	2560.63671875	0.8597142100334167	3.8920822143554688	1	1	470	0
1	1612047	0	1	5	10032618	100485	39.2779655456543	-0.08386427909135818	2515.23388671875	1.0171072483062744	3.8920822143554688	0	0	466	819
1	1612350	0	5	5	10023652	100606	37.419742584228516	0.0418829582631588	2560.322998046875	0.9481453895568848	3.906158447265625	0	1	470	0
1	1612807	0	1	5	10033418	100471	40.452125549316406	-6.2103118896484375	2515.701171875	0.8907718062400818	3.8920822143554688	0	0	465	824
1	1613111	0	5	5	10024452	100593	38.50876235961914	-0.3351108729839325	2558.459228515625	0.9423132538795471	3.913196563720703	1	1	473	0
1	1613719	0	1	5	10034218	100308	54.132423400878906	5.875519752502441	2512.404296875	0.9848199486732483	3.899120330810547	0	0	467	852
1	1613874	0	5	5	10025202	100590	38.76008987426758	0.37698304653167725	2556.451904296875	0.9753314852714539	3.8850440979003906	1	0	473	0
1	1614480	0	1	5	10035018	100476	40.03276824951172	-0.880706250667572	2514.98095703125	0.9687904715538025	3.899120330810547	0	0	466	831
1	1614634	0	5	5	10026002	100592	38.59253692626953	0.5026298761367798	2552.534912109375	1.0382786989212036	3.8920822143554688	0	0	470	0
1	1615239	0	1	5	10035818	100472	40.36825180053711	-6.462185859680176	2514.390380859375	0.9996963143348694	3.8850440979003906	0	0	464	814
1	1615393	0	5	5	10026752	100593	38.50876235961914	0.04188734292984009	2549.834228515625	0.9392842054367065	3.8920822143554688	0	0	470	0
1	1616000	0	1	5	10036518	100336	51.78115463256836	-1.133643388748169	2511.301025390625	1.0041923522949219	3.899120330810547	0	0	465	823
1	1616154	0	5	5	10027502	100592	38.59253692626953	0.20943503081798553	2547.696044921875	0.9194993376731873	3.8920822143554688	1	2	470	1
1	1616762	0	1	5	10037318	100423	44.47880935668945	1.677839994430542	2511.963134765625	1.0535354614257812	3.8850440979003906	0	0	463	816
1	1616915	0	5	5	10028252	100597	38.173667907714844	-0.25132304430007935	2546.5712890625	1.1374515295028687	3.8920822143554688	1	0	470	0
1	1617525	0	1	5	10038068	100471	40.452125549316406	-2.307020664215088	2511.84619140625	0.9521641135215759	3.8850440979003906	0	0	465	833
1	1617525	0	5	5	10028952	100583	39.3465461730957	0.25133922696113586	2546.852294921875	1.0177934169769287	3.899120330810547	0	0	472	0
1	1618285	0	1	5	10038868	100288	55.812225341796875	1.6796683073043823	2508.19873046875	0.957378089427948	3.8850440979003906	0	0	465	846
1	1618285	0	5	5	10029652	100574	40.100608825683594	0.6702595353126526	2544.94287109375	0.9799580574035645	3.8920822143554688	0	1	471	2
1	1619045	0	5	5	10030352	100593	38.50876235961914	-0.2932208478450775	2544.27587890625	0.9984156489372253	3.899120330810547	0	1	470	0
1	1619199	0	1	5	10039668	100472	40.36825180053711	-3.565798282623291	2512.46923828125	0.9215809106826782	3.899120330810547	0	0	465	813
1	1619805	0	5	5	10031102	100580	39.59789276123047	-0.16757027804851532	2545.15869140625	0.9914273023605347	3.8920822143554688	1	1	471	0
1	1619959	0	1	5	10040468	100406	45.90530014038086	0.3776129484176636	2512.04736328125	1.0044124126434326	3.8920822143554688	0	0	464	811
1	1620414	0	5	5	10031802	100587	39.01142501831055	-0.12567012012004852	2548.38916015625	0.8526089787483215	3.8850440979003906	0	2	469	0
1	1620720	0	1	5	10041268	100300	54.8043098449707	2.351155996322632	2511.20361328125	1.2087703943252563	3.899120330810547	0	0	465	845
1	1621177	0	5	5	10032602	100587	39.01142501831055	0.12566708028316498	2551.31201171875	1.0614110231399536	3.8920822143554688	0	2	472	0
1	1621480	0	1	5	10042068	100309	54.048439025878906	3.777851104736328	2512.2939453125	0.9723961353302002	3.8920822143554688	0	0	464	841
1	1621937	0	5	5	10033302	100583	39.3465461730957	0.08378109335899353	2551.73046875	0.9835378527641296	3.8920822143554688	0	0	472	1
1	1622391	0	1	5	10042918	100331	52.200984954833984	5.622804641723633	2513.416748046875	0.9917421340942383	3.899120330810547	0	0	464	827
1	1622696	0	5	5	10034102	100575	40.016822814941406	0.5864771008491516	2552.266845703125	0.974554181098938	3.899120330810547	0	0	471	0
1	1623153	0	1	5	10043718	100290	55.64423370361328	1.88955819606781	2512.462646484375	0.9836016893386841	3.906158447265625	0	0	464	850
1	1623456	0	5	5	10034852	100576	39.93303298950195	0.33513516187667847	2549.5791015625	0.9951072335243225	3.8850440979003906	1	1	470	0
1	1623913	0	1	5	10044518	100356	50.10200119018555	-2.351155996322632	2511.924072265625	0.9505023956298828	3.8920822143554688	0	0	467	846
1	1624220	0	5	5	10035602	100578	39.765464782714844	0.0	2546.806640625	1.0133553743362427	3.899120330810547	2	0	471	0
1	1624828	0	1	5	10045318	100307	54.216407775878906	-1.0919077396392822	2509.81494140625	0.995780885219574	3.8850440979003906	0	0	463	843
1	1624982	0	5	5	10036352	100579	39.681678771972656	-0.0418924018740654	2545.47265625	0.9757351279258728	3.899120330810547	0	0	468	2
1	1625587	0	1	5	10046118	100323	52.87274932861328	-1.217754602432251	2509.8212890625	0.9417473077774048	3.8920822143554688	0	0	465	843
1	1625741	0	5	5	10037102	100591	38.67631149291992	-0.5026825070381165	2545.152099609375	1.0488272905349731	3.8920822143554688	1	1	469	0
1	1626348	0	1	5	10046918	100465	40.95537567138672	-7.386427879333496	2512.151123046875	1.0109522342681885	3.8920822143554688	0	0	467	826
1	1627108	0	1	5	10047668	100300	54.8043098449707	0.04199424758553505	2509.4189453125	0.8117475509643555	3.899120330810547	0	0	464	843
1	1627108	0	5	5	10038452	100588	38.92764663696289	-0.29323264956474304	2545.7734375	0.9906303882598877	3.8920822143554688	0	1	470	1
1	1627871	0	1	5	10048468	100381	48.003440856933594	-2.9385182857513428	2510.57421875	0.9805489778518677	3.8920822143554688	0	0	464	836
1	1627871	0	5	5	10039202	100588	38.92764663696289	0.20944176614284515	2544.158203125	0.9916449785232544	3.8920822143554688	0	0	471	1
1	1628632	0	5	5	10039902	100596	38.25743865966797	-0.33510279655456543	2541.67333984375	1.0001193284988403	3.899120330810547	0	0	471	1
1	1628786	0	1	5	10049218	100461	41.290889739990234	-6.336784362792969	2511.190673828125	1.0027834177017212	3.8920822143554688	0	0	465	827
1	1629241	0	5	5	10040652	100600	37.9223518371582	-0.41886836290359497	2541.5556640625	0.9995661973953247	3.8920822143554688	0	0	471	0
1	1629545	0	1	5	10050118	100441	42.96862030029297	0.5452782511711121	2510.405517578125	1.0576179027557373	3.899120330810547	0	0	466	787
1	1630002	0	5	5	10041352	100583	39.3465461730957	0.3770042955875397	2541.575439453125	0.9875757098197937	3.8920822143554688	1	0	469	0
1	1630458	0	1	5	10050918	100463	41.123130798339844	-1.5100317001342773	2507.5302734375	1.0217739343643188	3.899120330810547	0	0	465	822
1	1630763	0	5	5	10042152	100585	39.17898178100586	0.25133517384529114	2541.895751953125	1.0105232000350952	3.906158447265625	2	1	471	0
1	1631220	0	1	5	10051718	100440	43.052513122558594	1.845341444015503	2507.024169921875	1.0378859043121338	3.8920822143554688	0	0	464	796
1	1631524	0	5	5	10042902	100600	37.9223518371582	0.125653937458992	2541.863037109375	0.9768161177635193	3.906158447265625	1	0	471	0
1	1631979	0	1	5	10052568	100353	50.35385513305664	4.82505464553833	2506.336181640625	1.0369995832443237	3.8780059814453125	0	0	466	822
1	1632283	0	5	5	10043652	100584	39.26276397705078	0.12567012012004852	2541.33984375	0.9823876619338989	3.8920822143554688	1	0	472	0
1	1632889	0	1	5	10053418	100452	42.045833587646484	-4.112034320831299	2507.69921875	0.9945523142814636	3.8920822143554688	0	0	465	835
1	1633043	0	5	5	10044402	100591	38.67631149291992	-0.29322555661201477	2539.142822265625	0.9984927773475647	3.8920822143554688	0	0	471	0
1	1633650	0	1	5	10054218	100424	44.39490509033203	-2.014106273651123	2508.302734375	1.0472749471664429	3.899120330810547	0	0	465	825
1	1633804	0	5	5	10045202	100595	38.34121322631836	-0.08377435058355331	2538.325439453125	1.0024399757385254	3.899120330810547	0	0	470	0
1	1634416	0	1	5	10055018	100459	41.458648681640625	-4.153776168823242	2508.25732421875	0.9840213060379028	3.8920822143554688	0	0	468	813
1	1634567	0	5	5	10045902	100587	39.01142501831055	0.12566708028316498	2538.541259765625	0.9861931204795837	3.906158447265625	0	0	470	0
1	1635324	0	1	5	10055868	100437	43.30419921875	1.0905344486236572	2506.531005859375	0.9730411171913147	3.8920822143554688	0	0	465	816
1	1635324	0	5	5	10046652	100584	39.26276397705078	0.20944851636886597	2537.6650390625	0.9653587341308594	3.899120330810547	0	1	471	1
1	1636083	0	5	5	10047402	100582	39.430328369140625	0.1256721466779709	2536.1806640625	1.0081522464752197	3.906158447265625	0	2	470	0
1	1636237	0	1	5	10056718	100400	46.408817291259766	3.06221866607666	2505.018798828125	1.013358235359192	3.8920822143554688	0	0	468	797
1	1636840	0	5	5	10048202	100593	38.50876235961914	-0.2932208478450775	2535.788330078125	0.9941667914390564	3.8920822143554688	1	2	472	0
1	1636994	0	1	5	10057568	100473	40.28437805175781	-1.8455049991607666	2505.1875	0.9991993308067322	3.8920822143554688	0	0	465	825
1	1637599	0	5	5	10048902	100594	38.42498779296875	-0.4188885986804962	2536.74951171875	0.973060131072998	3.8850440979003906	0	0	471	0
1	1637753	0	1	5	10058318	100362	49.598304748535156	2.391934394836426	2503.422119140625	0.9757607579231262	3.8920822143554688	0	0	464	802
1	1638210	0	5	5	10049652	100589	38.843868255615234	0.20944008231163025	nan	nan	nan	65535	65535	65535	65535
1	1638926	0	1	5	10059068	100470	40.53599548339844	-5.244751453399658	2504.765625	0.9618511199951172	3.8920822143554688	0	0	466	799
1	1639076	0	5	5	10050352	100597	38.173667907714844	0.0	2536.85400390625	1.0266450643539429	3.906158447265625	1	2	471	0
1	1639690	0	1	5	10060168	100304	54.468360900878906	0.5878696441650391	2500.099365234375	0.9765860438346863	3.8920822143554688	0	0	465	822
1	1639690	0	5	5	10051102	100584	39.26276397705078	0.37700125575065613	2536.357177734375	0.9318498373031616	3.906158447265625	1	0	471	0
1	1640453	0	1	5	10061018	100457	41.62641143798828	0.5871446132659912	2501.948974609375	0.9981578588485718	3.8920822143554688	0	0	466	819
1	1640453	0	5	5	10051802	100587	39.01142501831055	0.08377839624881744	2534.5849609375	1.0086454153060913	3.906158447265625	1	1	468	0
1	1641214	0	1	5	10061718	100299	54.888301849365234	6.882585525512695	2498.029052734375	0.988197386264801	3.8850440979003906	0	0	462	846
1	1641214	0	5	5	10052552	100577	39.849246978759766	0.7121306657791138	2532.0478515625	0.9863656163215637	3.899120330810547	1	0	470	1
1	1641976	0	1	5	10062568	100302	54.63633346557617	4.994856357574463	2496.7958984375	0.9806507229804993	3.899120330810547	0	0	465	847
1	1641976	0	5	5	10053352	100576	39.93303298950195	0.08378581702709198	2529.589111328125	0.9892415404319763	3.899120330810547	0	0	472	0
1	1642735	0	1	5	10063318	100411	45.48572540283203	-2.979787588119507	2499.197265625	1.0045032501220703	3.899120330810547	0	0	465	828
1	1642735	0	5	5	10054052	100583	39.3465461730957	-0.041891053318977356	2527.817138671875	0.9863060116767883	3.899120330810547	1	0	471	0
1	1643495	0	5	5	10054802	100589	38.843868255615234	-0.46079787611961365	2527.699462890625	1.0960533618927002	3.8920822143554688	2	0	470	0
1	1643649	0	1	5	10064118	100405	45.989219665527344	-3.777667999267578	2499.677490234375	1.018178939819336	3.8850440979003906	0	0	467	799
1	1644106	0	5	5	10055502	100596	38.25743865966797	-0.963478684425354	2529.09228515625	1.0184826850891113	3.906158447265625	0	0	471	0
1	1644409	0	1	5	10064918	100415	45.15007400512695	-1.426681637763977	2498.833740234375	1.031251311302185	3.8920822143554688	0	0	466	820
1	1644866	0	5	5	10056302	100593	38.50876235961914	-0.16755273938179016	2531.47900390625	1.033092975616455	3.8920822143554688	0	0	470	0
1	1645320	0	1	5	10065768	100465	40.95537567138672	-5.706773281097412	2497.73046875	0.9875257611274719	3.899120330810547	0	0	467	831
1	1646080	0	1	5	10066568	100443	42.80083465576172	-4.238271713256836	2496.685546875	0.9516286849975586	3.906158447265625	0	0	466	834
1	1646234	0	5	5	10057652	100593	38.50876235961914	0.08377435058355331	2530.42626953125	1.0556466579437256	3.913196563720703	0	0	470	0
1	1646992	0	1	5	10067418	100392	47.08020782470703	-0.4196494519710541	2496.361083984375	1.0102059841156006	3.906158447265625	0	0	465	799
1	1646992	0	5	5	10058402	100598	38.08989334106445	-0.20943334698677063	2528.7587890625	0.966157853603363	3.899120330810547	1	1	471	1
1	1647751	0	1	5	10068218	100464	41.03925323486328	-0.1677583009004593	2496.25732421875	0.9721526503562927	3.899120330810547	0	0	465	785
1	1647751	0	5	5	10059102	100600	37.9223518371582	-0.25131696462631226	2529.438720703125	1.0134551525115967	3.906158447265625	1	1	471	0
1	1648511	0	1	5	10068968	100483	39.44569396972656	-2.6424169540405273	2497.73046875	0.9619241952896118	3.8920822143554688	0	0	466	784
1	1648511	0	5	5	10059902	100596	38.25743865966797	-0.16754870116710663	2531.354736328125	0.9743659496307373	3.899120330810547	0	0	471	0
1	1649273	0	1	5	10069768	100367	49.17858123779297	4.656775951385498	2496.854248046875	1.0083633661270142	3.8920822143554688	0	0	465	835
1	1649273	0	5	5	10060652	100593	38.50876235961914	0.376973956823349	2532.33544921875	0.9691306352615356	3.906158447265625	0	0	471	0
1	1650034	0	1	5	10070568	100370	48.926753997802734	4.9082560539245605	2495.244873046875	0.9756252765655518	3.8850440979003906	0	0	466	796
1	1650034	0	5	5	10061402	100595	38.34121322631836	0.08377300202846527	2531.322021484375	0.9871749877929688	3.899120330810547	0	0	471	0
1	1650794	0	5	5	10062102	100598	38.08989334106445	0.33507582545280457	2530.55029296875	1.0005133152008057	3.899120330810547	0	0	470	0
1	1650948	0	1	5	10071368	100473	40.28437805175781	-2.097215414047241	2498.0615234375	0.9456667900085449	3.913196563720703	0	0	465	814
1	1651555	0	5	5	10062852	100589	38.843868255615234	0.0837770476937294	2530.76611328125	0.9966872930526733	3.899120330810547	0	1	471	0
1	1651859	0	1	5	10072268	100463	41.123130798339844	0.4613111615180969	2497.003662109375	1.007659912109375	3.906158447265625	0	0	465	819
1	1652315	0	5	5	10063602	100608	37.25221252441406	-0.7539387941360474	2531.7275390625	1.0055409669876099	3.8920822143554688	1	0	469	1
1	1652623	0	1	5	10073118	100472	40.36825180053711	-0.251623272895813	2496.588134765625	1.0131253004074097	3.8920822143554688	0	0	467	797
1	1652926	0	5	5	10064352	100598	38.08989334106445	-0.251321017742157	2531.537841796875	1.0695997476577759	3.8920822143554688	0	1	471	0
1	1653382	0	1	5	10073868	100406	45.90530014038086	2.936267375946045	2494.03125	0.9211840629577637	3.9202346801757812	0	0	466	801
1	1653835	0	5	5	10065152	100599	38.00612258911133	-0.1675446480512619	2531.622802734375	1.0307729244232178	3.8850440979003906	0	0	470	0
1	1654142	0	1	5	10074668	100428	44.05929183959961	2.1809985637664795	2493.596435546875	0.9979545474052429	3.899120330810547	0	0	466	790
1	1654596	0	5	5	10065902	100604	37.587276458740234	-0.12565292418003082	2531.380859375	0.9816586971282959	3.906158447265625	1	0	472	0
1	1654900	0	1	5	10075418	100471	40.452125549316406	-5.496588230133057	2495.043701171875	0.991032063961029	3.899120330810547	0	0	465	828
1	1655205	0	5	5	10066602	100599	38.00612258911133	-0.29320669174194336	2531.642333984375	0.9890247583389282	3.899120330810547	0	0	471	0
1	1655811	0	1	5	10076168	100475	40.11663818359375	-0.7548880577087402	2494.58935546875	0.9574012756347656	3.8850440979003906	0	0	467	792
1	1655966	0	5	5	10067302	100597	38.173667907714844	-0.08377300202846527	2531.86474609375	0.9989517331123352	3.8920822143554688	0	0	472	0
1	1656424	0	1	5	10076968	100314	53.628536224365234	5.204115390777588	2491.798583984375	0.9990469217300415	3.8850440979003906	0	0	464	840
1	1656728	0	5	5	10068052	100600	37.9223518371582	-0.04188532009720802	2529.641357421875	1.0247796773910522	3.8709676265716553	0	0	470	0
1	1657184	0	1	5	10077768	100474	40.20050811767578	0.2516070306301117	2494.732177734375	0.9917155504226685	3.906158447265625	0	0	466	784
1	1657488	0	5	5	10068802	100594	38.42498779296875	0.083773672580719	2528.869873046875	1.014077067375183	3.8920822143554688	0	1	472	0
1	1658097	0	1	5	10078518	100450	42.21360778808594	0.838805079460144	2494.77099609375	0.983069896697998	3.8920822143554688	0	0	467	794
1	1658249	0	5	5	10069552	100599	38.00612258911133	-0.20943166315555573	2530.269287109375	0.9919425845146179	3.906158447265625	1	0	470	0
1	1658856	0	1	5	10079318	100466	40.871498107910156	-0.5032830238342285	2494.88134765625	0.9617892503738403	3.8780059814453125	0	0	465	789
1	1659010	0	5	5	10070302	100596	38.25743865966797	-0.083773672580719	2529.870361328125	0.9458830952644348	3.8920822143554688	0	2	469	0
1	1659617	0	1	5	10080068	100482	39.52956008911133	-5.957870006561279	2493.531494140625	1.0122164487838745	3.8920822143554688	0	0	464	775
1	1659771	0	5	5	10071052	100599	38.00612258911133	-0.20943166315555573	2529.654541015625	1.0704939365386963	3.8920822143554688	1	1	471	1
1	1660376	0	1	5	10080818	100376	48.423118591308594	3.5661144256591797	2489.708740234375	0.9725716710090637	3.906158447265625	0	0	463	813
1	1660530	0	5	5	10071802	100588	38.92764663696289	0.37698912620544434	2529.88330078125	0.9879016876220703	3.899120330810547	0	1	471	0
1	1661135	0	1	5	10081568	100418	44.898345947265625	2.0134241580963135	2489.209228515625	0.9852801561355591	3.8920822143554688	0	0	465	825
1	1661290	0	5	5	10072602	100594	38.42498779296875	-0.16755139827728271	2528.922119140625	0.9462040066719055	3.906158447265625	0	0	469	0
1	1661896	0	1	5	10082418	100448	42.38138198852539	-0.4194599986076355	2490.1630859375	0.964235782623291	3.8920822143554688	0	0	466	823
1	1662050	0	5	5	10073352	100586	39.0952033996582	0.20944514870643616	2528.987548828125	0.9847176671028137	3.899120330810547	0	0	471	0
1	1662658	0	1	5	10083218	100484	39.36183166503906	-2.8102121353149414	2493.45361328125	1.0113805532455444	3.8920822143554688	0	0	464	785
1	1662812	0	5	5	10074052	100596	38.25743865966797	-0.5445529818534851	2530.6484375	0.9533007144927979	3.899120330810547	0	0	469	0
1	1663572	0	1	5	10083968	100377	48.33917999267578	0.7973371744155884	2492.8369140625	0.9263463616371155	3.8920822143554688	0	0	465	815
1	1663572	0	5	5	10074902	100598	38.08989334106445	-0.12565898895263672	2532.119873046875	0.9068561792373657	3.8920822143554688	0	1	471	1
1	1664331	0	1	5	10084768	100389	47.33198928833008	3.4818689823150635	2493.03173828125	0.9810479283332825	3.8920822143554688	0	0	465	793
1	1664935	0	5	5	10076252	100586	39.0952033996582	0.20944514870643616	2530.406494140625	1.0329499244689941	3.8850440979003906	0	0	471	0
1	1665089	0	1	5	10085568	100411	45.48572540283203	1.7618882656097412	2493.693603515625	1.0076934099197388	3.8920822143554688	0	0	465	817
1	1665545	0	5	5	10076952	100594	38.42498779296875	0.0	2529.654541015625	1.034936785697937	3.899120330810547	0	0	469	0
1	1665848	0	1	5	10086318	100466	40.871498107910156	0.3354949653148651	2492.79150390625	1.0389187335968018	3.8780059814453125	0	0	465	807
1	1666607	0	1	5	10087118	100479	39.78116226196289	-0.29354509711265564	2493.038330078125	1.0719057321548462	3.8920822143554688	0	0	465	791
1	1667061	0	5	5	10078352	100601	37.838584899902344	-0.2513149380683899	2532.23095703125	1.0326905250549316	3.8920822143554688	0	1	471	1
1	1667367	0	1	5	10087868	100476	40.03276824951172	-5.958158016204834	2495.251220703125	1.0175654888153076	3.8920822143554688	0	0	466	786
1	1667672	0	5	5	10079102	100596	38.25743865966797	-0.16754870116710663	2533.937744140625	0.9787395000457764	3.8920822143554688	0	0	471	0
1	1668129	0	1	5	10088668	100470	40.53599548339844	0.7128779888153076	2495.095458984375	0.9968379735946655	3.8920822143554688	0	0	465	786
1	1668433	0	5	5	10079802	100597	38.173667907714844	-0.041886329650878906	2532.884765625	0.9977201223373413	3.8850440979003906	0	0	472	0
1	1668888	0	1	5	10089468	100476	40.03276824951172	-0.2935521900653839	2493.466552734375	1.0021628141403198	3.899120330810547	0	0	465	783
1	1669192	0	5	5	10080502	100593	38.50876235961914	0.29320430755615234	2531.223876953125	0.9786308407783508	3.913196563720703	0	0	470	0
1	1669797	0	1	5	10090218	100453	41.96194839477539	0.7549123764038086	2492.0517578125	1.0312774181365967	3.8920822143554688	0	0	465	791
1	1669951	0	5	5	10081302	100596	38.25743865966797	-0.12566101551055908	2530.94921875	0.9987761378288269	3.8920822143554688	0	0	471	1
1	1670558	0	1	5	10091018	100478	39.865028381347656	-0.6709899306297302	2491.000244140625	0.9397441744804382	3.8850440979003906	0	0	465	773
1	1670711	0	5	5	10082002	100590	38.76008987426758	0.04188835248351097	2530.8837890625	0.9984197020530701	3.913196563720703	0	0	470	0
1	1671321	0	1	5	10091818	100478	39.865028381347656	-0.08386901021003723	2489.040283203125	1.0215222835540771	3.8920822143554688	0	0	468	780
1	1671474	0	5	5	10082752	100593	38.50876235961914	0.12566101551055908	2530.818603515625	0.9320265650749207	3.8920822143554688	0	0	468	0
1	1672081	0	1	5	10092568	100479	39.78116226196289	-2.4327306747436523	2489.988037109375	1.0223153829574585	3.899120330810547	0	0	467	783
1	1672235	0	5	5	10083502	100600	37.9223518371582	-0.25131696462631226	2531.086669921875	1.0258572101593018	3.8850440979003906	0	0	472	0
1	1672841	0	1	5	10093368	100463	41.123130798339844	0.5871162414550781	2492.135986328125	0.9860140681266785	3.899120330810547	0	0	465	805
1	1672995	0	5	5	10084302	100595	38.34121322631836	-0.12566202878952026	2532.564453125	1.018969178199768	3.906158447265625	1	1	470	0
1	1673600	0	1	5	10094118	100477	39.94889831542969	-0.08386968821287155	2491.8701171875	0.9922887682914734	3.8920822143554688	0	0	466	813
1	1673754	0	5	5	10085052	100597	38.173667907714844	-0.167547345161438	2531.871337890625	0.9918891191482544	3.8920822143554688	0	0	471	0
1	1674362	0	1	5	10094918	100471	40.452125549316406	0.6709412932395935	2492.376220703125	0.9866901636123657	3.899120330810547	0	0	465	784
1	1674515	0	5	5	10085852	100599	38.00612258911133	-0.12565797567367554	2531.93017578125	1.0050923824310303	3.8850440979003906	0	0	471	0
1	1675124	0	5	5	10086552	100593	38.50876235961914	0.08377435058355331	2533.774169921875	1.0050257444381714	3.899120330810547	0	1	472	0
1	1675278	0	1	5	10095718	100445	42.633052825927734	1.216272234916687	2493.9013671875	1.0375372171401978	3.8920822143554688	0	0	466	806
1	1675884	0	5	5	10087252	100596	38.25743865966797	0.16754330694675446	2532.636474609375	0.9930746555328369	3.899120330810547	1	0	472	0
1	1676038	0	1	5	10096468	100476	40.03276824951172	-3.691575527191162	2494.5244140625	1.001044750213623	3.8920822143554688	0	0	466	791
1	1676645	0	5	5	10088002	100600	37.9223518371582	-0.08377097547054291	2532.237548828125	0.9874302744865417	3.8850440979003906	0	0	472	0
1	1676799	0	1	5	10097318	100421	44.64662170410156	2.4327306747436523	2492.733154296875	1.011053442955017	3.8920822143554688	0	0	464	802
1	1677406	0	5	5	10088802	100595	38.34121322631836	0.12565898895263672	2532.557861328125	0.9940866827964783	3.8850440979003906	0	1	470	1
1	1677712	0	1	5	10098118	100482	39.52956008911133	-1.0484260320663452	2493.6806640625	0.9919846653938293	3.8850440979003906	0	0	464	783
1	1678167	0	5	5	10089502	100598	38.08989334106445	-0.041885994374752045	2531.655517578125	1.0173256397247314	3.899120330810547	1	0	470	0
1	1678474	0	1	5	10098868	100434	43.55588912963867	-0.5453661680221558	2491.65576171875	1.0059230327606201	3.899120330810547	0	0	468	820
1	1678929	0	5	5	10090252	100602	37.75481414794922	-0.041884645819664	2532.44677734375	0.9798126816749573	3.899120330810547	1	0	470	0
1	1679082	0	1	5	10099668	100486	39.1941032409668	-1.5936397314071655	2493.9921875	0.9653987288475037	3.8920822143554688	0	0	465	784
1	1679690	0	5	5	10091002	100598	38.08989334106445	-0.041885994374752045	2533.9638671875	0.9521112442016602	3.899120330810547	1	0	471	1
1	1679993	0	1	5	10100418	100442	42.884727478027344	1.7614480257034302	2492.291748046875	0.9752072095870972	3.8920822143554688	0	0	466	797
1	1680450	0	5	5	10091802	100594	38.42498779296875	0.2932019531726837	2533.708740234375	0.9923232793807983	3.8920822143554688	0	0	471	0
1	1680754	0	1	5	10101218	100447	42.46527099609375	-0.5872582197189331	2491.798583984375	0.9706974625587463	3.906158447265625	0	0	467	836
1	1681210	0	5	5	10092502	100596	38.25743865966797	0.37696483731269836	2532.25048828125	1.0119422674179077	3.8920822143554688	0	0	471	0
1	1681515	0	1	5	10101968	100392	47.08020782470703	0.12588824331760406	2489.520751953125	1.0132112503051758	3.8920822143554688	0	0	466	835
1	1681972	0	5	5	10093252	100591	38.67631149291992	0.20943671464920044	2531.1650390625	0.9695738554000854	3.899120330810547	0	1	469	0
1	1682276	0	1	5	10102768	100368	49.09463882446289	4.65673828125	2488.170654296875	1.063307285308838	3.8920822143554688	0	0	469	820
1	1682731	0	5	5	10094002	100601	37.838584899902344	-0.502642035484314	2531.7470703125	0.9387446641921997	3.8850440979003906	0	0	472	0
1	1683035	0	1	5	10103568	100482	39.52956008911133	-0.20966830849647522	2491.156005859375	1.0168601274490356	3.8920822143554688	0	0	466	790
1	1683492	0	5	5	10094752	100598	38.08989334106445	-0.16754600405693054	2531.64892578125	0.9445561766624451	3.8920822143554688	0	2	470	0
1	1683796	0	1	5	10104318	100487	39.1102409362793	-5.327980041503906	2491.863525390625	1.0063925981521606	3.899120330810547	0	0	466	785
1	1684252	0	5	5	10095502	100582	39.430328369140625	0.16756218671798706	2532.590576171875	0.9685457348823547	3.899120330810547	1	1	471	0
1	1684557	0	1	5	10105118	100347	50.85758590698242	4.657526969909668	2490.1435546875	0.9781398177146912	3.899120330810547	0	0	465	822
1	1685013	0	5	5	10096302	100598	38.08989334106445	0.12565596401691437	2533.748046875	1.0470609664916992	3.8920822143554688	1	0	472	0
1	1685471	0	1	5	10105918	100334	51.94908142089844	6.125894546508789	2490.662841796875	1.0420005321502686	3.8850440979003906	0	0	466	841
1	1685626	0	5	5	10097002	100598	38.08989334106445	0.08377097547054291	2534.572021484375	1.0007998943328857	3.8920822143554688	0	2	471	1
1	1686382	0	1	5	10106768	100353	50.35385513305664	4.866991996765137	2491.746826171875	0.9844522476196289	3.899120330810547	0	0	464	825
1	1686535	0	5	5	10097802	100596	38.25743865966797	-0.2513250708580017	2534.258056640625	1.0031101703643799	3.899120330810547	1	0	470	0
1	1687143	0	1	5	10107568	100467	40.787620544433594	-6.378467082977295	2492.8955078125	1.007605791091919	3.8920822143554688	0	0	465	808
1	1687295	0	5	5	10098602	100590	38.76008987426758	0.5026379823684692	2533.166015625	0.9709306359291077	3.8920822143554688	1	1	472	0
1	1687902	0	1	5	10108368	100343	51.193416595458984	4.48990535736084	2490.74072265625	0.8425884246826172	3.899120330810547	0	0	466	807
1	1688056	0	5	5	10099352	100584	39.26276397705078	0.46077561378479004	2531.289306640625	0.9169275760650635	3.899120330810547	0	2	469	0
1	1688663	0	5	5	10100102	100589	38.843868255615234	0.1256650686264038	2528.732421875	1.0013468265533447	3.8920822143554688	0	0	471	0
1	1688818	0	1	5	10109168	100336	51.78115463256836	2.6022465229034424	2490.461669921875	1.0078734159469604	3.8920822143554688	0	0	466	818
1	1689424	0	5	5	10100802	100595	38.34121322631836	-0.5026662945747375	2529.451904296875	1.047823190689087	3.8850440979003906	0	0	471	1
1	1689578	0	1	5	10110018	100475	40.11663818359375	-2.0132782459259033	2492.0712890625	1.021802306175232	3.8920822143554688	0	0	465	785
1	1690183	0	5	5	10101602	100595	38.34121322631836	-0.46077561378479004	2530.7333984375	1.0340543985366821	3.8850440979003906	0	2	470	0
1	1690337	0	1	5	10110818	100388	47.415916442871094	-2.602456569671631	2489.267578125	1.025376319885254	3.8850440979003906	0	0	464	809
1	1690944	0	5	5	10102352	100593	38.50876235961914	0.0	2529.203369140625	0.9764748215675354	3.8920822143554688	1	0	470	0
1	1691098	0	1	5	10111618	100457	41.62641143798828	0.5871446132659912	2489.02734375	0.9898809790611267	3.8920822143554688	0	0	466	790
1	1691705	0	5	5	10103102	100598	38.08989334106445	-0.041885994374752045	2529.517333984375	0.9967862963676453	3.8920822143554688	2	0	472	0
1	1692464	0	5	5	10103852	100597	38.173667907714844	-0.1256600022315979	2531.642333984375	1.0589995384216309	3.899120330810547	0	1	472	0
1	1692619	0	1	5	10113068	100479	39.78116226196289	-3.691486358642578	2490.8251953125	1.0883653163909912	3.8850440979003906	0	0	464	785
1	1693225	0	5	5	10104602	100592	38.59253692626953	0.08377502113580704	2529.576171875	1.097421407699585	3.8850440979003906	0	0	471	0
1	1693379	0	1	5	10113918	100395	46.82843017578125	-1.1750754117965698	2488.13818359375	1.014235019683838	3.8920822143554688	0	0	467	831
1	1693984	0	5	5	10105302	100601	37.838584899902344	-0.2513149380683899	2529.013671875	1.0021798610687256	3.8920822143554688	0	0	472	1
1	1694138	0	1	5	10114718	100456	41.710296630859375	0.293582946062088	2490.29296875	0.9890872836112976	3.8920822143554688	0	0	466	786
1	1694745	0	5	5	10106102	100596	38.25743865966797	0.0	2530.302001953125	1.0393697023391724	3.8920822143554688	0	0	470	0
1	1695049	0	1	5	10115468	100466	40.871498107910156	0.8806281685829163	2491.18212890625	1.0328909158706665	3.8920822143554688	0	0	465	809
1	1695356	0	5	5	10106802	100597	38.173667907714844	-0.2932114005088806	2529.602294921875	0.9185434579849243	3.8920822143554688	0	0	470	0
1	1695811	0	1	5	10116268	100430	43.89148712158203	2.222896099090576	2489.5595703125	1.051304817199707	3.8920822143554688	0	0	466	807
1	1696117	0	5	5	10107502	100575	40.016822814941406	0.7121421694755554	2529.334228515625	0.9272441864013672	3.899120330810547	0	1	471	0
1	1696574	0	1	5	10117068	100317	53.3765983581543	3.4419310092926025	2488.9365234375	1.104768991470337	3.8920822143554688	0	0	466	846
1	1696877	0	5	5	10108302	100580	39.59789276123047	0.5445661544799805	2526.535400390625	0.9568554759025574	3.8920822143554688	1	0	470	0
1	1697333	0	1	5	10117868	100309	54.048439025878906	4.994574546813965	2488.281005859375	0.9836658239364624	3.8780059814453125	0	0	465	845
1	1697636	0	5	5	10109002	100594	38.42498779296875	-0.04188734292984009	2525.881591796875	1.0221748352050781	3.8920822143554688	1	0	470	0
1	1698242	0	1	5	10118668	100415	45.15007400512695	-5.163084030151367	2490.442138671875	0.9910277724266052	3.8920822143554688	0	0	463	800
1	1698396	0	5	5	10109752	100586	39.0952033996582	-0.2932373583316803	2526.450439453125	0.9429835081100464	3.8850440979003906	0	0	470	0
1	1699002	0	1	5	10119468	100450	42.21360778808594	-6.043391704559326	2490.240966796875	0.8768631219863892	3.8850440979003906	0	0	466	817
1	1699309	0	5	5	10110602	100590	38.76008987426758	-0.4607941508293152	2528.2158203125	1.0256401300430298	3.8920822143554688	0	0	469	0
1	1699762	0	1	5	10120218	100474	40.20050811767578	-2.8523972034454346	2491.71435546875	0.9898029565811157	3.8920822143554688	0	0	465	806
1	1700069	0	5	5	10111352	100590	38.76008987426758	-0.33511897921562195	2529.46484375	1.0244522094726562	3.8920822143554688	1	0	471	0
1	1700524	0	1	5	10121018	100480	39.69729232788086	-3.271840810775757	2492.642333984375	1.0572277307510376	3.899120330810547	0	0	466	808
1	1700677	0	5	5	10112102	100589	38.843868255615234	0.33510008454322815	2530.236572265625	1.0107392072677612	3.8920822143554688	1	0	472	0
1	1701283	0	1	5	10121768	100433	43.63978958129883	1.7196404933929443	2491.6103515625	1.0068905353546143	3.899120330810547	0	0	466	828
1	1701587	0	5	5	10112852	100582	39.430328369140625	0.20945188403129578	2529.17724609375	0.9573832154273987	3.8850440979003906	0	0	472	0
1	1702043	0	1	5	10122568	100479	39.78116226196289	-3.397749423980713	2490.87060546875	1.023557424545288	3.8920822143554688	0	0	466	779
1	1702195	0	5	5	10113602	100599	38.00612258911133	-0.5864298939704895	2529.13134765625	0.984534502029419	3.8920822143554688	0	0	471	0
1	1702802	0	1	5	10123368	100446	42.54916000366211	-2.307485818862915	2489.663330078125	1.0589873790740967	3.8920822143554688	0	0	466	790
1	1702956	0	5	5	10114352	100587	39.01142501831055	0.20944344997406006	2529.79833984375	0.930749237537384	3.8850440979003906	2	2	470	0
1	1703712	0	1	5	10124168	100323	52.87274932861328	1.5952470302581787	2487.794189453125	0.9854010343551636	3.8920822143554688	0	0	465	835
1	1703712	0	5	5	10115102	100584	39.26276397705078	0.37700125575065613	2529.04638671875	1.0574508905410767	3.8920822143554688	1	0	472	1
1	1704474	0	1	5	10124918	100389	47.33198928833008	-1.6788415908813477	2490.111328125	0.9772977232933044	3.8920822143554688	0	0	465	837
1	1704474	0	5	5	10115802	100584	39.26276397705078	0.4188885986804962	2528.84375	1.0110381841659546	3.899120330810547	0	1	472	0
1	1705233	0	1	5	10125668	100375	48.50705337524414	3.943591833114624	2489.84521484375	0.9836052060127258	3.8920822143554688	0	0	468	793
1	1705233	0	5	5	10116502	100590	38.76008987426758	-0.04188869148492813	2528.732421875	0.9745913743972778	3.8780059814453125	0	0	471	0
1	1705994	0	1	5	10126468	100421	44.64662170410156	-2.3079512119293213	2488.521240234375	1.0445996522903442	3.8850440979003906	0	0	465	810
1	1705994	0	5	5	10117252	100586	39.0952033996582	0.12566809356212616	2527.666748046875	1.0188959836959839	3.8920822143554688	1	0	471	0
1	1706605	0	5	5	10118002	100593	38.50876235961914	-0.37700125575065613	2527.5751953125	1.0227512121200562	3.8920822143554688	0	0	471	0
1	1706759	0	1	5	10127268	100352	50.437808990478516	1.0912822484970093	2486.6650390625	0.9616718888282776	3.8920822143554688	0	0	465	789
1	1707366	0	5	5	10118752	100591	38.67631149291992	-0.25133517384529114	2528.856689453125	1.042946219444275	3.8920822143554688	1	0	471	0
1	1708125	0	5	5	10119502	100592	38.59253692626953	-0.2513331472873688	2530.29541015625	1.1007575988769531	3.899120330810547	0	0	470	0
1	1708279	0	1	5	10128668	100478	39.865028381347656	-0.46129629015922546	2490.85107421875	1.097914457321167	3.8780059814453125	0	0	466	781
1	1708886	0	5	5	10120252	100597	38.173667907714844	-0.167547345161438	2530.4326171875	1.0079625844955444	3.8920822143554688	0	1	469	0
1	1709040	0	1	5	10129518	100483	39.44569396972656	-0.2516009509563446	2491.337890625	0.9720665812492371	3.8920822143554688	0	0	465	777
1	1709647	0	5	5	10121002	100586	39.0952033996582	0.2932208478450775	2529.56298828125	0.9770303964614868	3.8920822143554688	0	0	470	0
1	1709801	0	1	5	10130318	100352	50.437808990478516	4.992842197418213	2487.2685546875	0.944706380367279	3.8920822143554688	0	0	466	830
1	1710407	0	5	5	10121752	100597	38.173667907714844	-0.586439311504364	2530.256103515625	1.0734491348266602	3.8920822143554688	1	0	471	1
1	1710562	0	1	5	10131068	100430	43.89148712158203	1.7196820974349976	2488.929931640625	1.089569330215454	3.8920822143554688	0	0	469	792
1	1711169	0	5	5	10122502	100594	38.42498779296875	0.0	2530.06005859375	0.9921243190765381	3.899120330810547	2	0	470	0
1	1711475	0	1	5	10131868	100478	39.865028381347656	0.0	2488.7548828125	1.0163395404815674	3.906158447265625	0	0	463	774
1	1711928	0	5	5	10123252	100597	38.173667907714844	-0.08377300202846527	2529.170654296875	0.9928949475288391	3.899120330810547	0	0	472	1
1	1712082	0	1	5	10132668	100476	40.03276824951172	-1.5518206357955933	2485.989990234375	0.979880690574646	3.8920822143554688	0	0	466	779
1	1712689	0	5	5	10124002	100594	38.42498779296875	-0.04188734292984009	2528.333740234375	0.956990122795105	3.906158447265625	1	1	470	0
1	1712994	0	1	5	10133468	100455	41.7941780090332	1.1742419004440308	2484.581787109375	1.0072423219680786	3.8920822143554688	0	0	468	801
1	1713448	0	5	5	10124752	100596	38.25743865966797	-0.12566101551055908	2528.81103515625	1.0332790613174438	3.8920822143554688	0	1	470	0
1	1713755	0	1	5	10134218	100475	40.11663818359375	0.12580402195453644	2484.5234375	0.9060462117195129	3.899120330810547	0	0	465	775
1	1714211	0	5	5	10125502	100595	38.34121322631836	-0.04188700392842293	2527.9609375	1.0233588218688965	3.8850440979003906	0	0	471	0
1	1714665	0	1	5	10135018	100480	39.69729232788086	0.2096632421016693	2483.69921875	1.0484446287155151	3.8920822143554688	0	0	464	781
1	1714972	0	5	5	10126252	100593	38.50876235961914	0.20943334698677063	2528.340087890625	1.0159392356872559	3.8920822143554688	2	0	471	0
1	1715427	0	1	5	10135868	100488	39.0263786315918	-1.2580757141113281	2484.386962890625	0.9820153117179871	3.8920822143554688	0	0	467	769
1	1715731	0	5	5	10127052	100594	38.42498779296875	0.1256600022315979	2529.615234375	1.0291085243225098	3.899120330810547	0	0	472	0
1	1716187	0	1	5	10136668	100483	39.44569396972656	-0.12579895555973053	2485.951171875	0.974062979221344	3.8920822143554688	0	0	464	772
1	1716490	0	5	5	10127802	100600	37.9223518371582	-0.16754330694675446	2531.406982421875	1.0437530279159546	3.8850440979003906	1	0	471	1
1	1716947	0	1	5	10137468	100419	44.81443786621094	2.5166382789611816	2487.1064453125	1.0822062492370605	3.906158447265625	0	0	467	803
1	1717250	0	5	5	10128552	100590	38.76008987426758	0.12566405534744263	2532.825927734375	0.9385483264923096	3.899120330810547	1	0	470	1
1	1717707	0	1	5	10138218	100473	40.28437805175781	0.3354760408401489	2488.527587890625	1.018226981163025	3.8920822143554688	0	0	463	783
1	1718012	0	5	5	10129302	100589	38.843868255615234	0.3769860863685608	2532.4140625	1.1471948623657227	3.899120330810547	0	0	472	0
1	1718470	0	1	5	10139018	100489	38.9425163269043	-2.138892650604248	2489.49462890625	0.9422544240951538	3.899120330810547	0	0	464	771
1	1718774	0	5	5	10130052	100595	38.34121322631836	-0.20943839848041534	2532.538330078125	1.0376896858215332	3.8920822143554688	0	0	470	0
1	1719230	0	1	5	10139718	100491	38.77479934692383	-5.411754608154297	2487.9111328125	0.9416822791099548	3.8920822143554688	0	0	464	792
1	1719384	0	5	5	10130802	100591	38.67631149291992	-0.04188835248351097	2529.46484375	1.087280511856079	3.899120330810547	0	0	471	0
1	1719991	0	1	5	10140518	100490	38.85865783691406	-0.2935190796852112	2485.55517578125	0.988929271697998	3.8920822143554688	0	0	463	771
1	1720145	0	5	5	10131502	100582	39.430328369140625	0.2932302951812744	2524.436279296875	1.2493911981582642	3.899120330810547	1	0	470	1
1	1720902	0	5	5	10132302	100582	39.430328369140625	0.2513412535190582	2525.60693359375	1.0005228519439697	3.906158447265625	0	0	469	0
1	1721508	0	1	5	10141968	100490	38.85865783691406	0.3773573338985443	2486.431396484375	0.954784631729126	3.8920822143554688	0	0	463	766
1	1721662	0	5	5	10133002	100591	38.67631149291992	-0.16755543649196625	2526.803466796875	1.0979770421981812	3.899120330810547	1	0	472	0
1	1722419	0	1	5	10142768	100494	38.52322006225586	-0.461236834526062	2487.567138671875	0.990543007850647	3.899120330810547	0	0	464	764
1	1722419	0	5	5	10133752	100593	38.50876235961914	-0.418891966342926	2529.576171875	1.0915558338165283	3.8920822143554688	0	0	469	0
1	1723180	0	1	5	10143668	100498	38.18779754638672	-0.5870168805122375	2486.872802734375	0.9504063129425049	3.8920822143554688	0	0	464	763
1	1723180	0	5	5	10134502	100593	38.50876235961914	-0.37700125575065613	2530.7333984375	0.9675800204277039	3.8920822143554688	0	0	469	0
1	1723940	0	1	5	10144468	100501	37.93623733520508	-0.08385346829891205	2485.59423828125	0.9783791899681091	3.8920822143554688	0	0	466	764
1	1723940	0	5	5	10135252	100594	38.42498779296875	-0.04188734292984009	2531.32861328125	1.0465680360794067	3.8920822143554688	0	0	472	1
1	1724702	0	1	5	10145268	100501	37.93623733520508	-0.16770829260349274	2485.581298828125	0.8598455190658569	3.899120330810547	0	0	464	759
1	1724702	0	5	5	10136102	100598	38.08989334106445	-0.33509740233421326	2531.819091796875	0.9326555132865906	3.8920822143554688	0	0	469	0
1	1725464	0	5	5	10136852	100596	38.25743865966797	-0.33510279655456543	2532.760498046875	1.0197279453277588	3.899120330810547	0	2	469	0
1	1725617	0	1	5	10146068	100500	38.02008819580078	-0.12578172981739044	2485.24365234375	1.0705617666244507	3.8920822143554688	0	0	465	784
1	1726227	0	5	5	10137552	100589	38.843868255615234	0.16755273938179016	2533.087646484375	0.9413467049598694	3.8920822143554688	1	0	470	0
1	1726381	0	1	5	10146868	100500	38.02008819580078	0.04192656651139259	2485.10107421875	1.1726855039596558	3.8850440979003906	0	0	464	760
1	1726986	0	5	5	10138352	100590	38.76008987426758	0.16755139827728271	2533.24462890625	1.279876947402954	3.899120330810547	0	1	469	0
1	1727140	0	1	5	10147668	100500	38.02008819580078	-0.41928425431251526	2483.90673828125	0.9972306489944458	3.906158447265625	0	0	465	743
1	1727745	0	5	5	10139052	100589	38.843868255615234	0.16755273938179016	2532.825927734375	1.068326711654663	3.906158447265625	0	0	471	0
1	1727900	0	1	5	10148468	100499	38.10394287109375	-0.041927240788936615	2482.887939453125	0.795331597328186	3.899120330810547	0	0	465	754
1	1728506	0	5	5	10139852	100590	38.76008987426758	-0.08377771824598312	2533.342529296875	1.0679429769515991	3.899120330810547	1	0	471	0
1	1728661	0	1	5	10149218	100493	38.607078552246094	0.12578578293323517	2481.72607421875	1.1164414882659912	3.899120330810547	0	0	463	736
1	1729268	0	5	5	10140552	100587	39.01142501831055	0.20944344997406006	2524.9462890625	0.9563865661621094	3.8920822143554688	0	1	468	1
1	1729423	0	1	5	10149968	100479	39.78116226196289	0.46125170588493347	2477.669921875	1.046101450920105	3.8850440979003906	0	0	465	743
1	1730030	0	5	5	10141302	100587	39.01142501831055	0.2513311505317688	2515.275146484375	0.9746784567832947	3.899120330810547	0	1	468	0
1	1730184	0	1	5	10150718	100488	39.0263786315918	-0.33545711636543274	2475.632080078125	1.0162593126296997	3.8920822143554688	0	0	464	751
1	1730789	0	5	5	10142052	100585	39.17898178100586	0.25133517384529114	2515.693603515625	1.0047630071640015	3.899120330810547	0	1	471	0
1	1731396	0	5	5	10142802	100589	38.843868255615234	-0.5026906132698059	2514.451171875	1.0349596738815308	3.899120330810547	0	0	472	1
1	1731700	0	1	5	10152118	100475	40.11663818359375	0.29353800415992737	2474.7041015625	0.9756981134414673	3.8920822143554688	0	0	466	753
1	1732307	0	5	5	10143552	100586	39.0952033996582	-0.041890040040016174	2512.646240234375	1.0885308980941772	3.906158447265625	1	0	470	1
1	1732612	0	1	5	10152968	100488	39.0263786315918	-0.04193095862865448	2475.22314453125	0.9730049967765808	3.8920822143554688	0	0	464	759
1	1732919	0	5	5	10144352	100584	39.26276397705078	0.20944851636886597	2516.595947265625	0.9769591689109802	3.8920822143554688	1	0	469	0
1	1733373	0	1	5	10153818	100499	38.10394287109375	-0.5031492114067078	2477.00146484375	1.243856430053711	3.899120330810547	0	0	465	739
1	1733679	0	5	5	10145052	100590	38.76008987426758	-0.1675567924976349	2519.12646484375	1.0872036218643188	3.8850440979003906	0	1	469	0
1	1734133	0	1	5	10154618	100486	39.1941032409668	-0.0419316329061985	2476.04736328125	0.9911823272705078	3.8780059814453125	0	0	463	772
1	1734437	0	5	5	10145852	100590	38.76008987426758	-0.20944683253765106	2518.845458984375	1.0621601343154907	3.8850440979003906	1	0	470	0
1	1734894	0	1	5	10155418	100498	38.18779754638672	-0.7547481060028076	2475.9306640625	1.028270959854126	3.8850440979003906	0	0	465	751
1	1735197	0	5	5	10146552	100591	38.67631149291992	-0.1256660670042038	2519.10693359375	1.1355457305908203	3.8780059814453125	1	0	469	0
1	1735653	0	1	5	10156168	100498	38.18779754638672	0.20963282883167267	2476.923583984375	0.9234979748725891	3.8850440979003906	0	0	465	758
1	1735958	0	5	5	10147302	100592	38.59253692626953	-0.04188801720738411	2521.19287109375	1.040186882019043	3.8920822143554688	0	1	471	0
1	1736417	0	1	5	10156968	100462	41.207008361816406	1.5096057653427124	2477.38427734375	0.9845141172409058	3.8850440979003906	0	0	465	797
1	1736721	0	5	5	10148002	100591	38.67631149291992	-0.04188835248351097	2523.056640625	0.9763519167900085	3.8780059814453125	2	1	469	1
1	1737178	0	1	5	10157718	100476	40.03276824951172	0.7967010736465454	2477.4296875	1.0096980333328247	3.8920822143554688	0	0	466	773
1	1737482	0	5	5	10148802	100597	38.173667907714844	-0.08377300202846527	2522.951904296875	1.3170315027236938	3.8920822143554688	1	0	470	0
1	1738087	0	1	5	10158568	100492	38.69093704223633	0.20964296162128448	2476.68994140625	0.9999425411224365	3.899120330810547	0	0	465	770
1	1738241	0	5	5	10149552	100591	38.67631149291992	0.12566304206848145	2521.500244140625	0.9925026893615723	3.8920822143554688	0	0	470	0
1	1739450	0	1	5	10160018	100370	48.926753997802734	5.159836769104004	2469.96630859375	1.0042558908462524	3.8920822143554688	0	0	464	820
1	1739604	0	5	5	10150952	100588	38.92764663696289	0.1256660670042038	2513.274169921875	1.0379663705825806	3.8850440979003906	0	1	467	0
1	1740363	0	1	5	10160768	100467	40.787620544433594	-2.0134079456329346	2472.5234375	1.077845573425293	3.8920822143554688	0	0	463	862
1	1740518	0	5	5	10151752	100572	40.268184661865234	1.0891454219818115	2515.1572265625	1.0244463682174683	3.899120330810547	0	0	469	1
1	1741124	0	1	5	10161568	100305	54.384376525878906	5.83371639251709	2465.248046875	1.0255024433135986	3.8920822143554688	0	0	465	893
1	1741278	0	5	5	10152552	100582	39.430328369140625	0.1256721466779709	2509.075927734375	0.9602457880973816	3.8920822143554688	0	0	470	0
1	1741883	0	1	5	10162368	100485	39.2779655456543	-3.6073851585388184	2461.334716796875	0.9653805494308472	3.8920822143554688	0	0	465	886
1	1742037	0	5	5	10153352	100593	38.50876235961914	0.04188734292984009	2503.354248046875	1.0038576126098633	3.8920822143554688	0	0	471	0
1	1742643	0	5	5	10154052	100595	38.34121322631836	-0.08377435058355331	2502.2490234375	1.0172228813171387	3.8920822143554688	1	0	469	0
1	1743401	0	1	5	10163818	100494	38.52322006225586	-0.33544090390205383	2462.658447265625	0.9978228807449341	3.8920822143554688	0	0	463	881
1	1743401	0	5	5	10154802	100512	45.2967529296875	3.603428363800049	2501.3271484375	0.986967146396637	3.899120330810547	0	1	468	0
1	1744161	0	1	5	10164668	100397	46.66058349609375	3.020355701446533	2461.315185546875	1.0119379758834839	3.8850440979003906	0	0	464	856
1	1744161	0	5	5	10155502	100544	42.61454772949219	1.969117283821106	2501.6279296875	0.9812476634979248	3.899120330810547	0	1	470	1
1	1744924	0	1	5	10165468	100366	49.26252365112305	3.943878173828125	2460.808837890625	0.9661834836006165	3.899120330810547	0	0	465	889
1	1744924	0	5	5	10156302	100541	42.86597442626953	0.29332709312438965	2499.770751953125	0.9416722655296326	3.899120330810547	1	0	467	0
1	1745683	0	1	5	10166268	100491	38.77479934692383	-0.4193146526813507	2462.6845703125	1.1090365648269653	3.906158447265625	0	0	466	784
1	1745683	0	5	5	10157052	100596	38.25743865966797	-0.5445529818534851	2501.83056640625	1.1203289031982422	3.8920822143554688	0	1	466	0
1	1746443	0	5	5	10157802	100588	38.92764663696289	0.20944176614284515	2500.934814453125	0.9742239117622375	3.8920822143554688	0	0	468	0
1	1746597	0	1	5	10167068	100481	39.613426208496094	-5.5801005363464355	2462.321044921875	0.8843474388122559	3.906158447265625	0	0	463	822
1	1747204	0	5	5	10158502	100600	37.9223518371582	-1.0472341775894165	2495.984619140625	1.0231291055679321	3.8920822143554688	2	0	470	0
1	1747358	0	1	5	10167868	100331	52.200984954833984	6.671163082122803	2457.16796875	1.4845879077911377	3.8850440979003906	0	0	465	842
1	1747965	0	5	5	10159252	100594	38.42498779296875	-0.16755139827728271	2490.890625	1.1173608303070068	3.899120330810547	0	0	470	0
1	1748119	0	1	5	10168668	100363	49.51435852050781	-0.12592074275016785	2456.33740234375	0.8493728041648865	3.8920822143554688	0	0	464	815
1	1748727	0	5	5	10160002	100594	38.42498779296875	-0.04188734292984009	2484.260009765625	1.0237607955932617	3.899120330810547	1	0	469	0
1	1748881	0	1	5	10169418	100345	51.0255012512207	2.8118443489074707	2453.3583984375	1.0610272884368896	3.8780059814453125	0	0	465	831
1	1749636	0	1	5	10170218	100504	37.6846809387207	-8.139888763427734	2455.396240234375	1.0705986022949219	3.899120330810547	0	0	466	790
1	1750093	0	5	5	10161402	100598	38.08989334106445	-0.46076446771621704	2483.6650390625	1.029226541519165	3.8780059814453125	0	0	471	1
1	1750547	0	1	5	10170968	100398	46.57666015625	3.6074142456054688	2453.42333984375	1.0087236166000366	3.906158447265625	0	0	464	809
1	1750701	0	5	5	10162102	100601	37.838584899902344	-0.41886499524116516	2485.35205078125	1.0203367471694946	3.899120330810547	0	0	468	0
1	1751308	0	1	5	10171768	100430	43.89148712158203	-4.238716125488281	2451.606201171875	1.0206681489944458	3.8920822143554688	0	0	466	827
1	1751613	0	5	5	10162852	100594	38.42498779296875	0.0	2488.5234375	0.8772305250167847	3.913196563720703	0	1	468	0
1	1752070	0	1	5	10172468	100471	40.452125549316406	-0.5452035069465637	2445.849365234375	1.0612577199935913	3.899120330810547	0	0	463	794
1	1752374	0	5	5	10163652	100598	38.08989334106445	-0.16754600405693054	2490.093017578125	1.1000254154205322	3.8920822143554688	0	1	471	0
1	1752830	0	1	5	10173268	100517	36.59467697143555	-3.900113582611084	2445.76513671875	1.0921990871429443	3.899120330810547	0	0	464	759
1	1752984	0	5	5	10164402	100598	38.08989334106445	-0.20943334698677063	2491.9892578125	0.932774543762207	3.8850440979003906	1	0	470	0
1	1753590	0	1	5	10174068	100411	45.48572540283203	3.4812514781951904	2444.3828125	0.9157167673110962	3.8850440979003906	0	0	464	781
1	1753744	0	5	5	10165102	100600	37.9223518371582	0.08376962691545486	2493.1533203125	1.012146234512329	3.8920822143554688	1	0	469	0
1	1754499	0	1	5	10174868	100512	37.01389694213867	-0.3773178160190582	2445.9921875	1.0332579612731934	3.899120330810547	0	0	463	767
1	1754499	0	5	5	10165902	100597	38.173667907714844	0.20942659676074982	2493.597900390625	1.0282338857650757	3.899120330810547	0	0	468	0
1	1755259	0	1	5	10175718	100504	37.6846809387207	-0.04192555323243141	2446.848876953125	0.8284857869148254	3.8920822143554688	0	0	465	760
1	1755259	0	5	5	10166602	100601	37.838584899902344	0.08376895636320114	2493.4736328125	1.128383755683899	3.899120330810547	0	0	471	1
1	1756021	0	1	5	10176518	100513	36.930049896240234	-2.0965394973754883	2446.9658203125	1.0201306343078613	3.8850440979003906	0	0	463	747
1	1756021	0	5	5	10167402	100602	37.75481414794922	-0.08376962691545486	2492.616943359375	1.000181794166565	3.899120330810547	0	0	470	0
1	1756784	0	1	5	10177268	100510	37.18158721923828	-0.2515462338924408	2445.641845703125	1.000157356262207	3.8920822143554688	0	0	462	754
1	1756784	0	5	5	10168152	100599	38.00612258911133	-0.08377165347337723	2488.7392578125	1.0134423971176147	3.8920822143554688	0	0	469	0
1	1757544	0	1	5	10178068	100484	39.36183166503906	0.8805004358291626	2444.369873046875	1.0002919435501099	3.899120330810547	0	0	466	784
1	1757544	0	5	5	10168902	100604	37.587276458740234	-0.2513088881969452	2484.08349609375	1.0655664205551147	3.899120330810547	0	0	470	0
1	1758305	0	1	5	10178868	100500	38.02008819580078	0.4192504584789276	2442.325439453125	1.0331729650497437	3.899120330810547	0	0	465	771
1	1758305	0	5	5	10169652	100603	37.671043395996094	-0.2094249129295349	2483.305419921875	1.0646758079528809	3.8920822143554688	0	2	469	0
1	1759069	0	5	5	10170452	100585	39.17898178100586	0.6702001690864563	2484.23388671875	0.9694625735282898	3.906158447265625	1	1	471	0
1	1759828	0	1	5	10180268	100423	44.47880935668945	3.9001450538635254	2438.230224609375	1.024073839187622	3.8920822143554688	0	0	464	839
1	1759828	0	5	5	10171152	100584	39.26276397705078	0.9215103983879089	2483.46875	0.975265383720398	3.8920822143554688	0	0	470	0
1	1760590	0	5	5	10171902	100596	38.25743865966797	0.12565797567367554	2483.370849609375	1.0164963006973267	3.8920822143554688	0	0	469	3
1	1761345	0	1	5	10181818	100512	37.01389694213867	-0.20961762964725494	2435.5302734375	1.0163112878799438	3.8920822143554688	0	0	464	758
1	1761345	0	5	5	10172652	100601	37.838584899902344	-0.2932019531726837	2485.011962890625	1.0094356536865234	3.8920822143554688	1	0	471	0
1	1762105	0	1	5	10182568	100387	47.499847412109375	5.033358097076416	2429.306396484375	1.008589267730713	3.8850440979003906	0	0	464	833
1	1762105	0	5	5	10173402	100594	38.42498779296875	0.04188700392842293	2481.0166015625	1.0270999670028687	3.8920822143554688	1	1	468	0
1	1762717	0	5	5	10174102	100593	38.50876235961914	0.12566101551055908	2477.361328125	1.0206758975982666	3.8920822143554688	0	1	469	0
1	1762871	0	1	5	10183368	100390	47.24806213378906	4.907464981079102	2426.833740234375	0.9904463291168213	3.8920822143554688	0	0	465	822
1	1763478	0	5	5	10174852	100588	38.92764663696289	0.29321610927581787	2478.571044921875	1.0198026895523071	3.8920822143554688	0	0	469	0
1	1763782	0	1	5	10184218	100448	42.38138198852539	-3.3566272258758545	2427.099853515625	0.9972023963928223	3.8920822143554688	0	0	464	773
1	1764238	0	5	5	10175602	100586	39.0952033996582	0.12566809356212616	2481.010009765625	1.0491812229156494	3.899120330810547	0	0	470	0
1	1764693	0	1	5	10185068	100380	48.087371826171875	-0.3357493579387665	2427.37890625	0.9974495768547058	3.8920822143554688	0	0	464	829
1	1764997	0	5	5	10176402	100587	39.01142501831055	0.20944344997406006	2482.08251953125	0.9905707836151123	3.899120330810547	0	0	470	0
1	1765454	0	1	5	10185918	100484	39.36183166503906	0.4193045198917389	2430.2021484375	1.029966115951538	3.8920822143554688	0	0	465	766
1	1765758	0	5	5	10177102	100588	38.92764663696289	0.20944176614284515	2483.089599609375	1.030002474784851	3.899120330810547	0	1	470	0
1	1766215	0	1	5	4294967262	4294967295	nan	nan	nan	nan	nan	65535	65535	65535	65535
1	1766926	0	5	5	10177902	100588	38.92764663696289	0.0	2484.842041015625	0.9875752329826355	3.899120330810547	0	1	469	1
1	1767076	0	1	5	10187518	100490	38.85865783691406	-1.2999958992004395	2429.611572265625	1.0163921117782593	3.8850440979003906	0	0	462	814
1	1767691	0	5	5	10178952	100587	39.01142501831055	0.20944344997406006	2482.671142578125	0.9134698510169983	3.8920822143554688	1	1	470	0
1	1767995	0	1	5	10188368	100497	38.27165222167969	-0.08385617285966873	2428.722412109375	0.9951534867286682	3.8850440979003906	0	0	465	775
1	1768300	0	5	5	10179702	100598	38.08989334106445	-0.293209046125412	2479.2314453125	0.9996817708015442	3.899120330810547	0	1	469	1
1	1768756	0	1	5	10189218	100408	45.73746871948242	3.187819004058838	2425.522705078125	0.9646468162536621	3.8920822143554688	0	0	465	823
1	1769061	0	5	5	10180402	100586	39.0952033996582	0.08377906680107117	2479.015625	1.008238434791565	3.8850440979003906	0	0	468	0
1	1769517	0	1	5	10190018	100496	38.355506896972656	-4.02665376663208	2423.92626953125	1.0392621755599976	3.8780059814453125	0	0	463	792
1	1769823	0	5	5	10181102	100589	38.843868255615234	0.16755273938179016	2475.451904296875	0.9648323655128479	3.899120330810547	0	1	466	0
1	1770279	0	1	5	10190818	100497	38.27165222167969	-0.4192943871021271	2423.179931640625	0.9641045928001404	3.8850440979003906	0	0	465	799
1	1770584	0	5	5	10181952	100587	39.01142501831055	-0.04188970476388931	2474.503662109375	0.9912225008010864	3.8920822143554688	0	1	469	0
1	1771192	0	1	5	10191668	100328	52.45288848876953	6.251996040344238	2420.0517578125	1.0414087772369385	3.8920822143554688	0	0	465	831
1	1771344	0	5	5	10182702	100593	38.50876235961914	-0.2513311505317688	2472.18896484375	1.0271011590957642	3.8850440979003906	0	0	469	0
1	1771950	0	1	5	10192468	100494	38.52322006225586	-0.0838581994175911	2423.30322265625	0.9870206713676453	3.8920822143554688	0	0	464	772
1	1772104	0	5	5	10183452	100594	38.42498779296875	-0.20944008231163025	2470.214111328125	0.9987146854400635	3.899120330810547	0	0	468	0
1	1772711	0	1	5	10193268	100476	40.03276824951172	-5.118567943572998	2421.9208984375	1.0095925331115723	3.8920822143554688	0	0	463	784
1	1772866	0	5	5	10184252	100591	38.67631149291992	0.04188801720738411	2465.08740234375	0.977265477180481	3.899120330810547	0	0	470	0
1	1773474	0	1	5	10194018	100404	46.07313537597656	-2.308267593383789	2419.0263671875	1.0221816301345825	3.8920822143554688	0	0	464	779
1	1773779	0	5	5	10185002	100592	38.59253692626953	0.04188767820596695	2463.9169921875	1.0018870830535889	3.8920822143554688	1	0	470	0
1	1774234	0	1	5	10194818	100371	48.842811584472656	5.327507495880127	2416.994873046875	0.989093542098999	3.8920822143554688	0	0	465	825
1	1774538	0	5	5	10185802	100590	38.76008987426758	0.16755139827728271	2462.56982421875	1.0278517007827759	3.899120330810547	0	0	470	0
1	1775144	0	1	5	10195568	100481	39.613426208496094	0.9643731713294983	2416.943115234375	1.0025076866149902	3.8850440979003906	0	0	463	773
1	1775298	0	5	5	10186602	100590	38.76008987426758	0.16755139827728271	2458.54833984375	0.9999336004257202	3.8920822143554688	0	0	470	0
1	1775906	0	1	5	10196418	100503	37.768531799316406	-5.369261741638184	2416.586181640625	1.0450944900512695	3.8920822143554688	0	0	464	768
1	1775906	0	5	5	10187302	100590	38.76008987426758	0.16755139827728271	2456.122314453125	0.9776465892791748	3.906158447265625	0	0	470	0
1	1776669	0	1	5	10197218	100504	37.6846809387207	-2.012807607650757	2417.69580078125	1.0066391229629517	3.8920822143554688	0	0	464	767
1	1776824	0	5	5	10188002	100596	38.25743865966797	-0.16754870116710663	2458.443603515625	1.054005742073059	3.899120330810547	0	0	470	1
1	1777430	0	1	5	10197968	100506	37.5169792175293	-0.16770154237747192	2418.35791015625	0.9994713068008423	3.899120330810547	0	0	463	771
1	1777430	0	5	5	10188852	100590	38.76008987426758	0.04188835248351097	2461.28173828125	1.0207926034927368	3.8850440979003906	0	1	470	2
1	1778187	0	5	5	10189602	100588	38.92764663696289	0.20944176614284515	2462.76611328125	1.006428599357605	3.8920822143554688	0	2	469	0
1	1778341	0	1	5	10198768	100497	38.27165222167969	0.3354111909866333	2417.637451171875	0.9968233704566956	3.899120330810547	0	0	464	794
1	1778946	0	5	5	10190302	100588	38.92764663696289	0.25132912397384644	2458.49609375	1.0339038372039795	3.8920822143554688	0	0	468	0
1	1779100	0	1	5	10199568	100482	39.52956008911133	0.922440230846405	2414.30810546875	1.0269882678985596	3.899120330810547	0	0	464	809
1	1779707	0	5	5	10191002	100593	38.50876235961914	0.04188734292984009	2457.606689453125	0.9944981336593628	3.8920822143554688	0	0	472	0
1	1780012	0	1	5	10200318	100476	40.03276824951172	1.2578933238983154	2413.951171875	1.0013325214385986	3.8920822143554688	0	0	465	800
1	1780470	0	5	5	10191802	100587	39.01142501831055	0.20944344997406006	2458.306396484375	0.9853289127349854	3.8920822143554688	0	1	471	0
1	1780775	0	1	5	10201268	100506	37.5169792175293	-3.0194549560546875	2413.0166015625	0.9951413869857788	3.8780059814453125	0	0	463	780
1	1781230	0	5	5	10192602	100590	38.76008987426758	-0.2932279109954834	2455.723388671875	1.0449970960617065	3.8780059814453125	0	0	468	0
1	1781536	0	1	5	10202068	100448	42.38138198852539	1.8032927513122559	2409.4990234375	0.9876277446746826	3.899120330810547	0	0	463	823
1	1782292	0	1	5	10202868	100455	41.7941780090332	1.8870452642440796	2408.421630859375	1.004518747329712	3.8920822143554688	0	0	463	802
1	1782596	0	5	5	10193952	100598	38.08989334106445	-0.16754600405693054	2448.47802734375	1.0412182807922363	3.899120330810547	0	1	470	0
1	1783203	0	1	5	10203668	100501	37.93623733520508	-3.3551933765411377	2409.25244140625	1.0045208930969238	3.8920822143554688	0	0	465	770
1	1783357	0	5	5	10194752	100588	38.92764663696289	0.08377771824598312	2447.5234375	1.0058008432388306	3.8850440979003906	1	0	469	0
1	1783963	0	1	5	10204468	100468	40.7037467956543	1.6353074312210083	2406.57861328125	1.0179392099380493	3.899120330810547	0	0	465	780
1	1784118	0	5	5	10195452	100593	38.50876235961914	0.08377435058355331	2445.044921875	0.9919648170471191	3.8850440979003906	2	1	470	0
1	1784726	0	1	5	10205268	100480	39.69729232788086	0.041933324187994	2405.189697265625	1.0291213989257812	3.8920822143554688	0	0	463	835
1	1785030	0	5	5	10196252	100582	39.430328369140625	0.5026703476905823	2443.011474609375	0.9835445284843445	3.8920822143554688	1	0	469	0
1	1785487	0	1	5	10206018	100409	45.6535530090332	3.6490228176116943	2402.918212890625	0.9716857075691223	3.8920822143554688	0	0	464	831
1	1785791	0	5	5	10197002	100586	39.0952033996582	0.04188970476388931	2440.873046875	1.0282403230667114	3.899120330810547	0	0	471	0
1	1786247	0	1	5	10206768	100498	38.18779754638672	0.1677069365978241	2404.183837890625	1.0046931505203247	3.8850440979003906	0	0	464	780
1	1786402	0	5	5	10197802	100587	39.01142501831055	0.2513311505317688	2444.43701171875	1.0094549655914307	3.906158447265625	1	0	471	0
1	1787009	0	1	5	10207518	100508	37.349281311035156	-2.6838300228118896	2404.5537109375	0.9966944456100464	3.899120330810547	0	0	465	773
1	1787163	0	5	5	10198502	100595	38.34121322631836	-0.5864487886428833	2447.013427734375	0.9974238872528076	3.899120330810547	0	0	471	0
1	1787771	0	1	5	10208318	100499	38.10394287109375	0.5450233817100525	2403.541259765625	1.0201319456100464	3.8850440979003906	0	0	465	767
1	1787925	0	5	5	10199302	100589	38.843868255615234	0.20944008231163025	2446.947998046875	1.0155255794525146	3.899120330810547	1	1	471	1
1	1788684	0	5	5	10200102	100586	39.0952033996582	0.1675567924976349	2445.430908203125	1.0171067714691162	3.8850440979003906	1	0	470	1
1	1789290	0	1	5	10209718	100385	47.66770935058594	4.865736484527588	2398.712646484375	1.0118815898895264	3.8920822143554688	0	0	463	830
1	1789445	0	5	5	10200802	100586	39.0952033996582	0.37699517607688904	2448.2099609375	1.0070635080337524	3.899120330810547	0	1	471	0
1	1790052	0	1	5	10210468	100506	37.5169792175293	-1.8869539499282837	2402.171875	0.9931619167327881	3.899120330810547	0	0	463	777
1	1790206	0	5	5	10201502	100588	38.92764663696289	0.20944176614284515	2449.282470703125	1.0290513038635254	3.8920822143554688	0	0	471	1
1	1790814	0	1	5	10211268	100500	38.02008819580078	0.04192656651139259	2402.723388671875	0.9899178147315979	3.8920822143554688	0	0	464	778
1	1790968	0	5	5	10202352	100584	39.26276397705078	0.0	2448.556640625	1.0341172218322754	3.8920822143554688	0	0	470	0
1	1791726	0	5	5	10203102	100594	38.42498779296875	-0.3351081907749176	2447.673828125	1.0391298532485962	3.8920822143554688	0	1	470	0
1	1792180	0	1	5	10212668	100474	40.20050811767578	1.2998387813568115	2400.10791015625	1.0086370706558228	3.8920822143554688	0	0	463	799
1	1792485	0	5	5	10203852	100594	38.42498779296875	-0.4188885986804962	2446.052001953125	1.0232905149459839	3.899120330810547	0	0	469	0
1	1793091	0	1	5	10213518	100486	39.1941032409668	0.5450804829597473	2399.5693359375	1.0338363647460938	3.8920822143554688	0	0	464	749
1	1793245	0	5	5	10204602	100594	38.42498779296875	-0.04188734292984009	2443.92041015625	1.0411055088043213	3.8850440979003906	0	0	469	0
1	1793702	0	1	5	10214268	100482	39.52956008911133	1.1320629119873047	2399.446044921875	0.816033661365509	3.8850440979003906	0	0	464	838
1	1794006	0	5	5	10205302	100592	38.59253692626953	-0.04188801720738411	2443.72412109375	0.9272394180297852	3.899120330810547	1	0	470	0
1	1794613	0	1	5	10215018	100481	39.613426208496094	-2.6844141483306885	2399.478515625	1.0407317876815796	3.8920822143554688	0	0	466	837
1	1794767	0	5	5	10206102	100588	38.92764663696289	0.1675540953874588	2446.346435546875	1.006339192390442	3.899120330810547	0	0	469	0
1	1795224	0	1	5	10215818	100485	39.2779655456543	-2.894099235534668	2398.738525390625	1.0567572116851807	3.8920822143554688	0	0	464	762
1	1795528	0	5	5	10206852	100589	38.843868255615234	0.0	2447.22265625	1.0048868656158447	3.899120330810547	0	0	468	0
1	1796133	0	1	5	10216568	100481	39.613426208496094	-0.6709737181663513	2397.83642578125	1.0240212678909302	3.899120330810547	0	0	463	770
1	1796287	0	5	5	10207652	100590	38.76008987426758	0.12566405534744263	2447.82421875	1.0118811130523682	3.8920822143554688	2	0	468	0
1	1797045	0	1	5	10217468	100503	37.768531799316406	-0.6289238333702087	2397.531494140625	1.0168191194534302	3.899120330810547	0	0	464	745
1	1797199	0	5	5	10208402	100595	38.34121322631836	-0.04188700392842293	2449.6943359375	1.0172251462936401	3.8920822143554688	0	0	468	1
1	1797806	0	1	5	10218268	100497	38.27165222167969	-0.5450893044471741	2398.511474609375	1.0230144262313843	3.8920822143554688	0	0	465	719
1	1798565	0	1	5	10219068	100507	37.43313217163086	-0.46118852496147156	2398.654296875	1.0102483034133911	3.899120330810547	0	0	464	738
1	1798565	0	5	5	10209852	100601	37.838584899902344	-0.3350892961025238	2452.6630859375	0.9874948263168335	3.906158447265625	1	1	468	0
1	1799327	0	5	5	10210602	100599	38.00612258911133	-0.1675446480512619	2453.23193359375	1.0150014162063599	3.899120330810547	0	0	471	0
1	1799481	0	1	5	10219918	100517	36.59467697143555	-0.4611513614654541	2399.335693359375	0.985220193862915	3.899120330810547	0	0	462	745
1	1800085	0	5	5	10211352	100598	38.08989334106445	-0.08377232402563095	2452.303466796875	1.0281777381896973	3.906158447265625	1	0	470	0
1	1800239	0	1	5	10220718	100503	37.768531799316406	0.12577565014362335	2398.5634765625	0.9964907765388489	3.899120330810547	0	0	464	795
1	1800694	0	5	5	10212102	100594	38.42498779296875	0.16754600405693054	2451.1982421875	1.0338966846466064	3.8850440979003906	2	0	468	0
1	1800998	0	1	5	10221518	100477	39.94889831542969	0.7128377556800842	2397.025390625	1.0109432935714722	3.8850440979003906	0	0	463	793
1	1801605	0	5	5	10212852	100597	38.173667907714844	0.16754195094108582	2450.466064453125	1.0075762271881104	3.8920822143554688	1	0	470	0
1	1801909	0	1	5	10222318	100431	43.807586669921875	2.8098950386047363	2395.149658203125	1.0206695795059204	3.899120330810547	0	0	465	805
1	1802217	0	5	5	10213602	100584	39.26276397705078	0.6283202767372131	2449.79248046875	1.0017367601394653	3.906158447265625	0	0	471	0
1	1802670	0	1	5	10223218	100384	47.75164031982422	3.8175017833709717	2393.235107421875	1.0493340492248535	3.899120330810547	0	0	464	843
1	1802978	0	5	5	10214302	100585	39.17898178100586	0.5445442199707031	2448.00732421875	1.0081907510757446	3.8920822143554688	0	0	470	0
1	1803432	0	1	5	10223968	100398	46.57666015625	1.6362303495407104	2391.807373046875	1.0199605226516724	3.8850440979003906	0	0	464	804
1	1803736	0	5	5	10215102	100591	38.67631149291992	0.335094690322876	2447.0263671875	1.0169392824172974	3.8920822143554688	2	0	470	0
1	1804192	0	1	5	10224768	100460	41.3747673034668	-2.013521671295166	2393.60498046875	1.0134254693984985	3.899120330810547	0	0	464	764
1	1805100	0	5	5	10216502	100587	39.01142501831055	0.0	2450.053955078125	1.0200526714324951	3.8920822143554688	0	1	469	0
1	1805254	0	1	5	10225568	100480	39.69729232788086	-2.7683467864990234	2395.4091796875	1.0308951139450073	3.8920822143554688	0	0	464	787
1	1805861	0	5	5	10217252	100592	38.59253692626953	0.08377502113580704	2450.805908203125	1.0264146327972412	3.8850440979003906	1	0	469	0
1	1806016	0	1	5	10226468	100471	40.452125549316406	-0.6710278391838074	2394.6435546875	0.9986957311630249	3.899120330810547	0	0	464	758
1	1806621	0	5	5	10217952	100596	38.25743865966797	-0.041886668652296066	2451.68212890625	1.0169745683670044	3.8920822143554688	1	1	470	0
1	1806775	0	1	5	10227268	100503	37.768531799316406	-3.0195279121398926	2395.013427734375	1.0171630382537842	3.8920822143554688	0	0	464	769
1	1807383	0	5	5	10218752	100599	38.00612258911133	-0.2513189911842346	2451.002197265625	1.0817254781723022	3.899120330810547	1	0	469	0
1	1807537	0	1	5	10228068	100505	37.600830078125	-0.12577666342258453	2393.702392578125	1.0180988311767578	3.8850440979003906	0	0	463	751
1	1808295	0	1	5	10228818	100517	36.59467697143555	-3.1450247764587402	2392.37841796875	0.9838401675224304	3.899120330810547	0	0	466	754
1	1808295	0	5	5	10219502	100598	38.08989334106445	-0.20943334698677063	2449.217041015625	1.01449453830719	3.8920822143554688	1	1	469	0
1	1808907	0	5	5	10220302	100604	37.587276458740234	-0.2513088881969452	2446.817138671875	1.0219335556030273	3.8920822143554688	0	0	470	1
1	1809667	0	5	5	10221002	100605	37.503509521484375	-0.2931925058364868	2446.751708984375	1.0113823413848877	3.8850440979003906	1	0	467	0
1	1809822	0	1	5	10230318	100511	37.097740173339844	-0.3353949785232544	2389.35400390625	1.0409265756607056	3.899120330810547	0	0	463	810
1	1810429	0	5	5	10221752	100608	37.25221252441406	-0.3350704312324524	2447.10498046875	1.0196768045425415	3.899120330810547	0	0	469	0
1	1810583	0	1	5	10231118	100522	36.17547607421875	-0.25152191519737244	2389.4580078125	1.0237329006195068	3.899120330810547	0	0	463	746
1	1811188	0	5	5	10222502	100606	37.419742584228516	-0.12565089762210846	2447.216064453125	1.0192344188690186	3.899120330810547	1	0	470	0
1	1811492	0	1	5	10231868	100526	35.840126037597656	-0.5449619293212891	2388.562255859375	1.0028414726257324	3.906158447265625	0	0	463	765
1	1811949	0	5	5	10223252	100601	37.838584899902344	0.08376895636320114	2446.66015625	0.9904540777206421	3.8920822143554688	0	0	469	1
1	1812253	0	1	5	10232718	100509	37.26543426513672	0.5449795126914978	2385.194091796875	1.022247552871704	3.8850440979003906	0	0	463	757
1	1812560	0	5	5	10223952	100599	38.00612258911133	0.5863637924194336	2444.613525390625	1.0176997184753418	3.8920822143554688	2	0	470	1
1	1813016	0	1	5	10233518	100514	36.84620666503906	0.16768532991409302	2383.681884765625	1.0029144287109375	3.899120330810547	0	0	464	729
1	1813320	0	5	5	10224702	100598	38.08989334106445	0.62824946641922	2442.265869140625	1.0015435218811035	3.899120330810547	1	1	472	0
1	1813777	0	1	5	10234268	100444	42.716941833496094	3.228814125061035	2380.209716796875	1.0323915481567383	3.8850440979003906	0	0	463	816
1	1814081	0	5	5	10225402	100603	37.671043395996094	-0.125653937458992	2437.01513671875	1.0125174522399902	3.899120330810547	0	0	472	0
1	1814538	0	1	5	10235068	100509	37.26543426513672	0.4611402153968811	2379.826904296875	1.0557713508605957	3.8920822143554688	0	0	463	789
1	1814842	0	5	5	10226102	100600	37.9223518371582	0.0	2435.98193359375	0.9983853101730347	3.8920822143554688	0	1	471	0
1	1815448	0	1	5	10235918	100489	38.9425163269043	-0.46125540137290955	2378.054931640625	1.0546537637710571	3.899120330810547	0	0	466	779
1	1815603	0	5	5	10226952	100591	38.67631149291992	0.12566304206848145	2435.713623046875	0.7397180795669556	3.899120330810547	0	0	468	0
1	1816209	0	1	5	10236718	100477	39.94889831542969	-1.300132155418396	2378.697509765625	0.9662169218063354	3.8920822143554688	0	0	465	800
1	1816363	0	5	5	10227702	100596	38.25743865966797	0.08377232402563095	2438.113525390625	0.9991743564605713	3.8780059814453125	2	0	469	0
1	1817122	0	1	5	10237568	100425	44.31100082397461	2.9358177185058594	2377.451416015625	0.9807095527648926	3.8850440979003906	0	0	466	818
1	1817122	0	5	5	10228452	100589	38.843868255615234	0.2513270974159241	2438.13330078125	1.0091185569763184	3.8850440979003906	0	1	470	0
1	1817883	0	1	5	10238418	100491	38.77479934692383	-2.9359123706817627	2379.969482421875	1.0339627265930176	3.8780059814453125	0	0	464	787
1	1817883	0	5	5	10229202	100596	38.25743865966797	-0.33510279655456543	2440.029541015625	0.9984146952629089	3.906158447265625	1	1	468	1
1	1818644	0	1	5	10239168	100481	39.613426208496094	-2.013180732727051	2379.651611328125	0.986417829990387	3.8920822143554688	0	0	464	802
1	1818644	0	5	5	10229902	100587	39.01142501831055	0.12566708028316498	2441.5400390625	1.0059164762496948	3.899120330810547	0	1	470	0
1	1819254	0	5	5	10230602	100596	38.25743865966797	-0.2513250708580017	2442.69091796875	1.0403422117233276	3.8920822143554688	0	0	471	0
1	1819559	0	1	5	10239968	100464	41.03925323486328	1.1322270631790161	2379.703369140625	0.9969601631164551	3.899120330810547	0	0	462	799
1	1820017	0	5	5	10231302	100595	38.34121322631836	-0.2513270974159241	2441.880126953125	0.9951176643371582	3.8920822143554688	0	1	470	0
1	1820171	0	1	5	10240768	100449	42.29749298095703	-0.7550462484359741	2378.723388671875	1.0428783893585205	3.8920822143554688	0	0	464	814
1	1820626	0	5	5	10232002	100592	38.59253692626953	0.08377502113580704	2441.59228515625	1.0198978185653687	3.899120330810547	0	0	469	1
1	1821082	0	1	5	10241568	100486	39.1941032409668	-0.9225740432739258	2378.853271484375	1.231029748916626	3.8920822143554688	0	0	463	801
1	1821386	0	5	5	10232802	100586	39.0952033996582	0.4607681930065155	2442.75634765625	0.9822759032249451	3.899120330810547	1	1	469	0
1	1821841	0	1	5	10242368	100501	37.93623733520508	-1.0902005434036255	2378.50927734375	0.992556631565094	3.8850440979003906	0	0	462	767
1	1822147	0	5	5	10233502	100591	38.67631149291992	-0.25133517384529114	2440.572265625	1.0167778730392456	3.899120330810547	0	0	470	0
1	1822754	0	1	5	10243168	100500	38.02008819580078	-0.5450761318206787	2375.673095703125	1.0186971426010132	3.8920822143554688	0	0	463	777
1	1822908	0	5	5	10234252	100590	38.76008987426758	-0.04188869148492813	2437.930419921875	1.006058931350708	3.899120330810547	0	0	470	0
1	1823512	0	1	5	10243968	100504	37.6846809387207	-0.7547116279602051	2375.154052734375	0.9962546825408936	3.8850440979003906	0	0	464	750
1	1824270	0	1	5	10244718	100490	38.85865783691406	0.46121081709861755	2376.094970703125	0.9952969551086426	3.8920822143554688	0	0	463	791
1	1824270	0	5	5	10235652	100586	39.0952033996582	0.04188970476388931	2440.461181640625	1.0011866092681885	3.8920822143554688	0	0	471	0
1	1825033	0	1	5	10245518	100506	37.5169792175293	-0.2934812307357788	2377.81494140625	1.030014157295227	3.8780059814453125	0	0	465	737
1	1825185	0	5	5	10236452	100591	38.67631149291992	-0.04188835248351097	2442.501220703125	1.0076833963394165	3.899120330810547	1	0	471	0
1	1825791	0	1	5	10246318	100504	37.6846809387207	-0.7127803564071655	2377.8798828125	0.996744692325592	3.8850440979003906	0	0	462	759
1	1826546	0	5	5	10237852	100595	38.34121322631836	-0.3351054787635803	2442.311767578125	1.056384563446045	3.8920822143554688	0	2	471	0
1	1826700	0	1	5	10247168	100490	38.85865783691406	0.2935025095939636	2376.030029296875	0.9956179261207581	3.8850440979003906	0	0	464	806
1	1827308	0	5	5	10238602	100585	39.17898178100586	0.08377974480390549	2439.159912109375	0.9605287909507751	3.8920822143554688	0	0	468	0
1	1828069	0	5	5	10239302	100600	37.9223518371582	-0.16754330694675446	2438.427490234375	0.9614385366439819	3.899120330810547	0	0	471	2
1	1828224	0	1	5	10248718	100490	38.85865783691406	-0.33545172214508057	2371.688232421875	1.2354501485824585	3.899120330810547	0	0	466	772
1	1828831	0	5	5	10240102	100606	37.419742584228516	-0.6701732277870178	2436.478759765625	0.9692647457122803	3.899120330810547	1	1	472	0
1	1829135	0	1	5	10249568	100495	38.43936538696289	-1.8451777696609497	2370.3125	1.2194266319274902	3.8780059814453125	0	0	463	770
1	1829589	0	5	5	10240852	100592	38.59253692626953	0.0	2436.125732421875	0.8149477243423462	3.899120330810547	1	1	470	0
1	1830046	0	1	5	10250468	100370	48.926753997802734	5.369478225708008	2368.5146484375	0.812992513179779	3.8920822143554688	0	0	466	863
1	1830200	0	5	5	10241602	100617	36.498355865478516	-0.8376558423042297	2437.27001953125	1.081512689590454	3.8920822143554688	1	1	470	1
1	1830808	0	1	5	10251268	100206	62.7022590637207	12.131447792053223	2365.21142578125	0.8814562559127808	3.906158447265625	0	0	466	868
1	1831568	0	1	5	10252118	100293	55.392250061035156	-0.4619852304458618	2370.208740234375	0.9921838045120239	3.8850440979003906	0	0	464	856
1	1831722	0	5	5	10242952	100595	38.34121322631836	-0.5445573925971985	2438.407958984375	1.0032588243484497	3.899120330810547	0	3	469	0
1	1832328	0	1	5	10252868	100298	54.9722900390625	7.637498378753662	2373.43408203125	1.082743763923645	3.899120330810547	0	0	464	855
1	1832328	0	5	5	10243702	100588	38.92764663696289	0.7958338856697083	2439.865966796875	0.9814910888671875	3.8920822143554688	0	0	470	0
1	1833089	0	1	5	10253618	100348	50.77362823486328	-4.997800350189209	2376.32861328125	1.2878673076629639	3.899120330810547	0	0	468	853
1	1833089	0	5	5	10244402	100596	38.25743865966797	-0.9215846061706543	2441.193603515625	1.1825153827667236	3.8920822143554688	1	0	471	0
1	1833850	0	1	5	10254368	100419	44.81443786621094	-5.540893077850342	2378.39892578125	0.9666617512702942	3.906158447265625	0	0	465	813
1	1833850	0	5	5	10245152	100608	37.25221252441406	-0.7120504379272461	2442.73681640625	0.9477994441986084	3.8920822143554688	0	0	470	0
1	1834462	0	5	5	10245852	100614	36.7496337890625	-0.7539023756980896	2443.449462890625	0.9557339549064636	3.8920822143554688	0	0	472	0
1	1834765	0	1	5	10255168	100511	37.097740173339844	-8.181417465209961	2379.64501953125	1.0655570030212402	3.8920822143554688	0	0	465	783
1	1835223	0	5	5	10246602	100616	36.582115173339844	-0.9633235931396484	2443.815673828125	1.338531255722046	3.8780059814453125	0	1	473	1
1	1835377	0	1	5	10255968	100504	37.6846809387207	-7.04823637008667	2380.5537109375	1.2816628217697144	3.8780059814453125	0	0	467	780
1	1835981	0	5	5	10247302	100570	40.43576431274414	1.8849456310272217	2444.319091796875	0.9249331951141357	3.8850440979003906	0	0	470	0
1	1836285	0	1	5	10256768	100227	60.93730545043945	12.003626823425293	2376.54296875	0.8748831152915955	3.899120330810547	0	0	462	862
1	1836740	0	5	5	10248052	100536	43.2850341796875	3.1839380264282227	2444.17529296875	1.0928800106048584	3.8920822143554688	1	0	468	0
1	1837197	0	1	5	10257568	100172	65.56044006347656	14.357117652893066	2377.341064453125	0.8598989248275757	3.899120330810547	0	0	465	867
1	1837501	0	5	5	10248802	100550	42.11170959472656	2.387866973876953	2444.783447265625	0.7499726414680481	3.8920822143554688	0	0	470	1
1	1837958	0	1	5	10258418	100253	58.75253677368164	3.023866891860962	2381.3583984375	1.1488704681396484	3.8920822143554688	0	0	465	859
1	1838263	0	5	5	10249552	100571	40.35197448730469	-0.6703620553016663	2445.92138671875	0.7955637574195862	3.8850440979003906	0	0	469	0
1	1838720	0	1	5	10259168	100235	60.265018463134766	-2.8158655166625977	2383.09765625	1.0043163299560547	3.8920822143554688	0	0	467	866
1	1839025	0	5	5	10250352	100570	40.43576431274414	-1.005583643913269	2445.14306640625	1.0455775260925293	3.8920822143554688	1	0	469	0
1	1839480	0	1	5	10260018	100164	66.23307037353516	2.3537399768829346	2379.5283203125	1.0054831504821777	3.8920822143554688	0	0	464	871
1	1839784	0	5	5	10251052	100558	41.44129943847656	0.2932869493961334	2441.60546875	0.9363835453987122	3.8920822143554688	1	1	471	0
1	1840241	0	1	5	10260818	100145	67.83073425292969	2.564237356185913	2377.931640625	0.8774752616882324	3.8920822143554688	0	0	465	870
1	1840395	0	5	5	10251752	100551	42.02790832519531	1.1312223672866821	2437.681884765625	1.1544321775436401	3.8920822143554688	0	0	470	1
1	1841156	0	1	5	10261618	100162	66.40122985839844	1.3451464176177979	2378.814453125	0.9558228850364685	3.899120330810547	0	0	465	871
1	1841156	0	5	5	10252502	100550	42.11170959472656	0.7541816234588623	2437.85205078125	1.030080795288086	3.899120330810547	1	0	471	0
1	1841917	0	1	5	10262368	100185	64.46751403808594	-0.6305399537086487	2381.87109375	1.576444387435913	3.8920822143554688	0	0	465	870
1	1841917	0	5	5	10253252	100571	40.35197448730469	-0.4608646333217621	2439.369140625	1.324142575263977	3.8920822143554688	1	1	469	0
1	1842676	0	1	5	10263168	100432	43.72368621826172	-11.717157363891602	2386.51806640625	0.9812098741531372	3.8920822143554688	0	0	464	855
1	1842676	0	5	5	10253952	100580	39.59789276123047	-1.256908655166626	2440.82080078125	0.9356442093849182	3.8920822143554688	0	0	471	0
1	1843435	0	1	5	10263968	100439	43.136409759521484	-11.842622756958008	2387.582275390625	0.9696922898292542	3.899120330810547	0	0	464	861
1	1843435	0	5	5	10254652	100580	39.59789276123047	-1.0893032550811768	2441.965087890625	0.9882323741912842	3.899120330810547	0	0	470	0
1	1844195	0	1	5	10264718	100354	50.269901275634766	1.426992416381836	2385.440673828125	0.9946218132972717	3.899120330810547	0	0	465	866
1	1844195	0	5	5	10255452	100552	41.9441032409668	0.7122740149497986	2440.945068359375	0.997316837310791	3.8920822143554688	0	0	469	0
1	1844805	0	5	5	10256152	100572	40.268184661865234	0.7959364056587219	2438.878662109375	0.9564498662948608	3.8780059814453125	0	0	470	0
1	1844958	0	1	5	10265418	100238	60.01292419433594	8.396309852600098	2383.31201171875	0.8903412222862244	3.8850440979003906	0	0	465	866
1	1845566	0	5	5	10256902	100563	41.022315979003906	0.6284264922142029	2436.34814453125	0.709929883480072	3.8850440979003906	0	0	470	0
1	1845720	0	1	5	10266218	100208	62.534156799316406	9.531082153320312	2384.019287109375	0.6770336031913757	3.899120330810547	0	0	464	867
1	1846326	0	5	5	10257602	100583	39.3465461730957	-1.1311768293380737	2438.17236328125	0.847270667552948	3.899120330810547	0	0	471	0
1	1846480	0	1	5	10266968	100361	49.682254791259766	-1.9311509132385254	2388.724609375	1.1137702465057373	3.8850440979003906	0	0	469	855
1	1847386	0	1	5	10267818	100563	32.7386589050293	-16.999454498291016	2393.079345703125	1.1172245740890503	3.899120330810547	0	0	467	701
1	1847540	0	5	5	10258952	100633	35.15829849243164	-2.8482131958007812	2444.103515625	0.9846349954605103	3.8920822143554688	0	0	471	0
1	1848144	0	1	5	10268668	100571	32.06819534301758	-9.89846134185791	2394.533203125	1.0127776861190796	3.8920822143554688	0	96	465	547
1	1848448	0	5	5	10259702	100629	35.4932975769043	-1.8847332000732422	2447.49072265625	1.067204236984253	3.8850440979003906	0	0	470	0
1	1848903	0	1	5	10269468	100515	36.76236343383789	1.1736743450164795	2395.487060546875	0.7941260933876038	3.8850440979003906	0	0	465	797
1	1849208	0	5	5	10260502	100618	36.41459655761719	0.502524733543396	2450.41357421875	0.8169009685516357	3.8920822143554688	0	0	468	0
1	1849818	0	1	5	10270268	100550	33.8282585144043	0.9219350814819336	2396.55810546875	1.0446110963821411	3.8920822143554688	0	0	466	713
1	1849971	0	5	5	10261252	100626	35.74455261230469	0.41874703764915466	2450.917236328125	0.9795660376548767	3.8850440979003906	0	1	471	0
1	1850730	0	1	5	10271168	100554	33.492984771728516	-0.12572702765464783	2396.979736328125	1.0100221633911133	3.899120330810547	0	0	464	703
1	1850730	0	5	5	10262002	100627	35.66080093383789	-0.2093844711780548	2452.035400390625	0.9951534867286682	3.8920822143554688	0	0	468	0
1	1851490	0	1	5	10271968	100544	34.3311882019043	0.25146520137786865	2397.771728515625	1.006961464881897	3.8850440979003906	0	0	465	721
1	1851490	0	5	5	10262752	100625	35.82830810546875	0.0	2453.519775390625	0.9930043816566467	3.8780059814453125	0	0	472	0
1	1852100	0	5	5	10263502	100629	35.4932975769043	-0.12562765181064606	2454.768798828125	0.9923866987228394	3.899120330810547	0	0	471	0
1	1852254	0	1	5	10272768	100553	33.576805114746094	-0.125728040933609	2399.1279296875	1.004892349243164	3.8850440979003906	0	0	464	711
1	1852859	0	5	5	10264202	100634	35.07455062866211	-0.29312410950660706	2455.095703125	0.9932597279548645	3.899120330810547	0	1	471	0
1	1853014	0	1	5	10273518	100553	33.576805114746094	-0.125728040933609	2399.355224609375	1.0042085647583008	3.8920822143554688	0	0	465	708
1	1853623	0	5	5	10265002	100631	35.32579803466797	-0.08375007659196854	2455.572998046875	0.9930475354194641	3.906158447265625	0	1	472	0
1	1853777	0	1	5	10274318	100553	33.576805114746094	-0.16763806343078613	2400.140380859375	0.9994765520095825	3.899120330810547	0	0	465	705
1	1854384	0	5	5	10265702	100630	35.4095458984375	0.08374940603971481	2456.78271484375	0.9905052185058594	3.906158447265625	0	1	473	1
1	1854688	0	1	5	10275068	100549	33.912078857421875	0.1257290542125702	2401.26318359375	1.0090090036392212	3.8850440979003906	0	0	463	718
1	1855144	0	5	5	10266502	100616	36.582115173339844	0.5862835645675659	2458.05126953125	0.990435779094696	3.8920822143554688	0	0	471	1
1	1855298	0	1	5	10275868	100468	40.7037467956543	3.5634713172912598	2400.97119140625	1.0076408386230469	3.8920822143554688	0	0	464	845
1	1855904	0	5	5	10267202	100625	35.82830810546875	0.1675042062997818	2459.3984375	0.9955509901046753	3.899120330810547	1	0	472	0
1	1856209	0	1	5	10276668	100486	39.1941032409668	2.682922124862671	2403.42431640625	1.000410556793213	3.8850440979003906	0	0	466	796
1	1856665	0	5	5	10267952	100631	35.32579803466797	-0.1675015091896057	2459.457275390625	1.0059865713119507	3.8920822143554688	1	1	470	0
1	1856972	0	1	5	10277418	100502	37.85238265991211	-1.0482571125030518	2404.677001953125	1.0463567972183228	3.8920822143554688	0	0	464	748
1	1857427	0	5	5	10268652	100627	35.66080093383789	-0.5025368928909302	2459.692626953125	0.9897836446762085	3.8920822143554688	0	1	472	0
1	1857733	0	1	5	10278218	100508	37.349281311035156	-1.2998073101043701	2405.75439453125	0.9090299606323242	3.8920822143554688	0	0	463	738
1	1858037	0	5	5	10269452	100626	35.74455261230469	-0.1256306767463684	2460.758544921875	1.013747215270996	3.899120330810547	0	0	471	1
1	1858492	0	1	5	10278968	100555	33.4091682434082	-2.5150976181030273	2408.123046875	1.0154963731765747	3.8920822143554688	0	0	467	696
1	1858796	0	5	5	10270152	100627	35.66080093383789	0.0	2461.765625	0.9762808680534363	3.8920822143554688	0	0	471	0
1	1859252	0	1	5	10279768	100541	34.582664489746094	-1.2575386762619019	2408.622802734375	0.9994319081306458	3.8920822143554688	0	0	466	722
1	1859557	0	5	5	10270852	100625	35.82830810546875	-0.0418768934905529	2462.6220703125	0.9810067415237427	3.8920822143554688	0	1	469	1
1	1860014	0	1	5	10280568	100541	34.582664489746094	-2.0122077465057373	2409.395263671875	1.0306380987167358	3.8850440979003906	0	0	464	722
1	1860318	0	5	5	10271602	100627	35.66080093383789	0.0	2464.5185546875	0.9831849336624146	3.899120330810547	1	2	472	0
1	1860776	0	1	5	10281268	100548	33.99589920043945	0.12573006749153137	2409.511962890625	0.9936481714248657	3.8920822143554688	0	0	462	730
1	1861080	0	5	5	10272302	100629	35.4932975769043	-0.12562765181064606	2465.47314453125	0.9879428744316101	3.8850440979003906	0	0	471	0
1	1861536	0	1	5	10282068	100545	34.24736785888672	-0.20956191420555115	2409.4990234375	1.006416916847229	3.8850440979003906	0	0	464	727
1	1861840	0	5	5	10273102	100623	35.99581527709961	0.041877228766679764	2466.545654296875	0.9906448125839233	3.8920822143554688	2	0	469	1
1	1862447	0	1	5	10282868	100546	34.163543701171875	0.12573209404945374	2410.251953125	1.0054618120193481	3.8920822143554688	0	0	464	723
1	1862447	0	5	5	10273852	100628	35.577049255371094	0.08375075459480286	2467.04248046875	0.9940510392189026	3.8920822143554688	1	1	470	1
1	1863205	0	1	5	10283668	100548	33.99589920043945	0.0	2411.5888671875	1.0034184455871582	3.8850440979003906	0	0	465	721
1	1863205	0	5	5	10274602	100624	35.91205978393555	0.08375345170497894	2467.899169921875	0.9950253963470459	3.8850440979003906	2	2	470	1
1	1863965	0	5	5	10275302	100625	35.82830810546875	0.04187655448913574	2468.978271484375	0.9427623748779297	3.899120330810547	1	0	469	0
1	1864120	0	1	5	10284518	100528	35.672454833984375	0.8801884055137634	2411.718505859375	1.0384852886199951	3.8920822143554688	0	0	465	741
1	1864726	0	5	5	10276052	100603	37.671043395996094	1.1726237535476685	2468.468017578125	1.0264339447021484	3.899120330810547	0	1	470	0
1	1864880	0	1	5	10285318	100431	43.807586669921875	4.738198757171631	2411.48486328125	0.9995059967041016	3.8920822143554688	0	0	465	853
1	1865486	0	5	5	10276752	100603	37.671043395996094	0.9632460474967957	2468.213134765625	0.9916371703147888	3.8850440979003906	0	0	471	0
1	1865790	0	1	5	10286168	100278	56.65222930908203	11.495803833007812	2408.78515625	0.9977241158485413	3.8920822143554688	0	0	464	857
1	1866096	0	5	5	10277452	100603	37.671043395996094	0.3769436180591583	2468.664306640625	0.9974768757820129	3.899120330810547	1	0	471	0
1	1866551	0	1	5	10287018	100513	36.930049896240234	-7.341587066650391	2414.6455078125	1.000280499458313	3.8850440979003906	0	0	462	842
1	1866856	0	5	5	10278202	100610	37.08468246459961	-0.16752982139587402	2469.364013671875	0.9872690439224243	3.8920822143554688	1	1	472	1
1	1867311	0	1	5	10287818	100527	35.756290435791016	-6.081606864929199	2415.15185546875	1.0009419918060303	3.8920822143554688	0	0	464	819
1	1867618	0	5	5	10278952	100607	37.335975646972656	-0.12564988434314728	2469.730224609375	0.9995905756950378	3.8920822143554688	1	0	471	1
1	1868375	0	5	5	10279752	100616	36.582115173339844	-0.37693145871162415	2470.22705078125	1.0663478374481201	3.906158447265625	0	0	469	0
1	1868679	0	1	5	10289218	100443	42.80083465576172	3.019235849380493	2414.34716796875	0.9833618402481079	3.8920822143554688	0	0	464	836
1	1869136	0	5	5	10280452	100631	35.32579803466797	-0.9632073044776917	2471.5546875	0.9888359308242798	3.8920822143554688	0	0	471	0
1	1869590	0	1	5	10290068	100483	39.44569396972656	1.6770288944244385	2416.521240234375	0.9536668062210083	3.8850440979003906	0	0	464	821
1	1869896	0	5	5	10281252	100607	37.335975646972656	0.9213398694992065	2472.581298828125	0.9990742802619934	3.913196563720703	1	1	468	0
1	1870502	0	1	5	10290968	100340	51.4453010559082	8.01217269897461	2416.631591796875	1.0830726623535156	3.8850440979003906	0	0	465	855
1	1870656	0	5	5	10281952	100597	38.173667907714844	0.5026096701622009	2473.86279296875	0.9937667846679688	3.899120330810547	0	0	470	0
1	1871263	0	1	5	10291768	100386	47.583778381347656	5.787988662719727	2420.07763671875	1.0041338205337524	3.8920822143554688	0	0	465	856
1	1871418	0	5	5	10282702	100596	38.25743865966797	0.6701408624649048	2475.203369140625	0.9941100478172302	3.899120330810547	1	0	469	1
1	1872026	0	1	5	10292568	100384	47.75164031982422	3.4400713443756104	2422.07666015625	1.0020854473114014	3.913196563720703	0	0	464	856
1	1872934	0	1	5	10293368	100385	47.66770935058594	0.16785979270935059	2424.354736328125	1.0059705972671509	3.8920822143554688	0	0	466	857
1	1873389	0	5	5	10284752	100608	37.25221252441406	-0.5863873958587646	2479.473388671875	0.960945188999176	3.899120330810547	1	0	470	1
1	1873693	0	1	5	10294218	100544	34.3311882019043	-6.7941575050354	2429.51416015625	1.153143048286438	3.8920822143554688	0	0	463	726
1	1874150	0	5	5	10285452	100620	36.2470817565918	-1.1727275848388672	2481.28466796875	1.1756746768951416	3.8920822143554688	1	0	471	0
1	1874454	0	1	5	10295018	100499	38.10394287109375	-4.655987739562988	2429.38427734375	0.9089909791946411	3.8850440979003906	0	0	465	787
1	1874910	0	5	5	10286152	100610	37.08468246459961	-0.8377030491828918	2481.833984375	1.017377257347107	3.8850440979003906	0	0	469	0
1	1875367	0	1	5	10295818	100483	39.44569396972656	-1.5936782360076904	2429.345458984375	1.0038201808929443	3.8850440979003906	0	0	463	816
1	1875521	0	5	5	10286902	100618	36.41459655761719	0.20939120650291443	2482.154541015625	1.0032669305801392	3.8920822143554688	1	1	471	1
1	1876127	0	1	5	10296568	100539	34.75031661987305	-0.25148746371269226	2431.5	0.98472660779953	3.8920822143554688	0	0	466	797
1	1876281	0	5	5	10287602	100603	37.671043395996094	1.0051223039627075	2482.8671875	0.9602649807929993	3.8920822143554688	0	2	471	2
1	1877037	0	5	5	10288352	100608	37.25221252441406	0.5025652050971985	2484.573974609375	1.004174828529358	3.899120330810547	0	1	471	0
1	1877491	0	1	5	10298018	100549	33.912078857421875	-0.9221058487892151	2434.0830078125	1.0074875354766846	3.8850440979003906	0	0	464	778
1	1877797	0	5	5	10289102	100623	35.99581527709961	0.0	2486.849609375	1.0140607357025146	3.899120330810547	0	0	471	0
1	1878403	0	1	5	10298768	100531	35.420955657958984	-1.676920771598816	2434.913818359375	0.921824038028717	3.8920822143554688	0	0	466	771
1	1878557	0	5	5	10289902	100626	35.74455261230469	-0.8794784545898438	2488.23583984375	0.42621275782585144	3.899120330810547	0	1	471	1
1	1879165	0	1	5	10299568	100526	35.840126037597656	-1.7608519792556763	2435.932861328125	0.9817792773246765	3.899120330810547	0	745	466	848
1	1879319	0	5	5	10290652	100568	40.60334777832031	1.9687367677688599	2486.843017578125	1.0094126462936401	3.899120330810547	2	0	472	1
1	1879775	0	1	5	10300368	100527	35.756290435791016	0.5029870867729187	2437.50341796875	0.9789590835571289	3.8850440979003906	0	743	466	837
1	1880080	0	5	5	10291402	100616	36.582115173339844	0.04187959060072899	2489.007568359375	1.0064533948898315	3.8850440979003906	0	0	469	0
1	1880836	0	5	5	10292152	100627	35.66080093383789	-0.7119415402412415	2489.6875	1.0092873573303223	3.899120330810547	1	0	471	1
1	1881291	0	1	5	10301818	100541	34.582664489746094	-1.9283502101898193	2441.046875	0.9846591949462891	3.8920822143554688	0	741	464	774
1	1881597	0	5	5	10292902	100624	35.91205978393555	-1.0889174938201904	2490.694580078125	1.0047606229782104	3.8780059814453125	0	2	470	0
1	1882353	0	5	5	10293652	100587	39.01142501831055	1.3402924537658691	2491.59033203125	1.011113166809082	3.899120330810547	0	0	471	1
1	1882809	0	1	5	10303368	100186	64.3834457397461	15.026128768920898	2437.15283203125	0.942431628704071	3.899120330810547	0	0	469	856
1	1883114	0	5	5	10294402	100626	35.74455261230469	0.04187621921300888	2494.25830078125	0.9950819611549377	3.8920822143554688	0	1	469	0
1	1883722	0	1	5	10304168	100401	46.324893951416016	5.9549407958984375	2443.0263671875	0.9766517281532288	3.899120330810547	0	0	465	807
1	1883875	0	5	5	10295152	100599	38.00612258911133	1.2145373821258545	2494.127685546875	0.8025503754615784	3.8920822143554688	1	0	470	0
1	1884634	0	1	5	10305068	100360	49.76620101928711	5.873056411743164	2444.72021484375	0.9958814382553101	3.8920822143554688	0	0	465	852
1	1884634	0	5	5	10295902	100607	37.335975646972656	-1.4242098331451416	2495.35693359375	1.0117661952972412	3.899120330810547	0	1	471	0
1	1885393	0	1	5	10305868	100532	35.33712387084961	-9.69159984588623	2449.737060546875	0.9958440661430359	3.8850440979003906	0	0	465	745
1	1885393	0	5	5	10296602	100627	35.66080093383789	-0.16750690340995789	2497.3447265625	1.0075061321258545	3.8920822143554688	0	0	472	0
1	1886002	0	5	5	10297402	100617	36.498355865478516	-2.5133721828460693	2497.501708984375	1.0081782341003418	3.8850440979003906	0	0	470	0
1	1886156	0	1	5	10306668	100271	57.240272521972656	-0.12601429224014282	2445.3173828125	0.999599039554596	3.8920822143554688	0	0	465	867
1	1886913	0	5	5	10298152	100548	42.279319763183594	3.3511359691619873	2497.436279296875	1.3929343223571777	3.8920822143554688	0	1	472	1
1	1887068	0	1	5	10307468	100175	65.30821990966797	14.440610885620117	2445.78466796875	1.1876097917556763	3.906158447265625	0	0	465	868
1	1887524	0	5	5	10298902	100591	38.67631149291992	1.5496320724487305	2499.633544921875	0.9835465550422668	3.899120330810547	0	0	470	0
1	1887981	0	1	5	10308368	100178	65.05599975585938	14.524099349975586	2448.3740234375	1.0350291728973389	3.8850440979003906	0	0	465	851
1	1888286	0	5	5	10299602	100581	39.51411056518555	-1.4664111137390137	2500.418212890625	0.8671450018882751	3.899120330810547	1	1	471	0
1	1888741	0	1	5	10309218	100168	65.8967514038086	4.412246227264404	2451.580078125	1.314457893371582	3.8920822143554688	0	0	466	868
1	1889045	0	5	5	10300402	100548	42.279319763183594	0.9217775464057922	2500.902099609375	1.1224929094314575	3.8920822143554688	1	0	469	0
1	1889501	0	1	5	10310018	100319	53.20864486694336	-5.629434108734131	2454.954833984375	0.998332679271698	3.8780059814453125	0	0	463	867
1	1889805	0	5	5	10301102	100547	42.36312484741211	1.9690697193145752	2501.2421875	1.0046018362045288	3.8920822143554688	0	0	471	1
1	1890262	0	1	5	10310768	100316	53.460575103759766	-6.049932479858398	2455.818115234375	0.9968835711479187	3.8920822143554688	0	0	465	867
1	1890566	0	5	5	10301802	100546	42.44693374633789	0.4609166085720062	2502.39306640625	1.0092864036560059	3.8920822143554688	1	0	472	1
1	1891024	0	1	5	10311518	100321	53.04069519042969	0.0	2457.622314453125	0.9965383410453796	3.8920822143554688	0	0	465	868
1	1891176	0	5	5	10302552	100548	42.279319763183594	-0.12570959329605103	2504.11279296875	1.0026087760925293	3.899120330810547	0	0	470	1
1	1891934	0	5	5	10303302	100545	42.530738830566406	0.16761210560798645	2506.3818359375	1.0093666315078735	3.899120330810547	1	0	471	2
1	1892688	0	5	5	10304052	100546	42.44693374633789	0.08380605280399323	2508.21923828125	1.0108656883239746	3.8920822143554688	0	1	470	0
1	1892994	0	1	5	10313568	100316	53.460575103759766	0.46185845136642456	2463.77490234375	0.9977617263793945	3.906158447265625	0	0	465	867
1	1893449	0	5	5	10304752	100543	42.69835662841797	0.2933223843574524	2510.35107421875	1.009762167930603	3.899120330810547	0	1	472	1
1	1893905	0	1	5	10314368	100316	53.460575103759766	0.20994073152542114	2466.83154296875	0.9993590712547302	3.8850440979003906	0	0	466	870
1	1894209	0	5	5	10305552	100548	42.279319763183594	0.04190252348780632	2512.28662109375	0.9992039799690247	3.8920822143554688	0	0	472	0
1	1894666	0	1	5	10315118	100322	52.956722259521484	-0.12596240639686584	2468.74609375	0.9964341521263123	3.8780059814453125	0	0	464	868
1	1895391	0	1	5	10315968	100452	42.045833587646484	-5.5394182205200195	2473.211181640625	0.9959914088249207	3.8920822143554688	0	0	465	891
1	1895391	0	5	5	10306252	100535	43.36884689331055	0.3771500289440155	2513.378662109375	1.079103946685791	3.8850440979003906	0	1	470	0
1	1896157	0	5	5	10307402	100521	44.54231262207031	1.0476895570755005	2516.811767578125	0.9930801391601562	3.8920822143554688	0	1	469	0
1	1896310	0	1	5	10316718	100460	41.3747673034668	-6.042904376983643	2475.17138671875	0.9597758650779724	3.8850440979003906	0	0	465	888
1	1896916	0	5	5	10308202	100516	44.9614372253418	0.9639210104942322	2519.19189453125	1.0035464763641357	3.899120330810547	1	0	470	0
1	1897071	0	1	5	10317518	100459	41.458648681640625	-1.3842235803604126	2477.60498046875	0.9926653504371643	3.8920822143554688	0	0	466	890
1	1897676	0	5	5	10308902	100520	44.626136779785156	-0.08382495492696762	2521.5068359375	1.0063196420669556	3.8920822143554688	0	0	470	0
1	1897830	0	1	5	10318268	100461	41.290889739990234	-0.3355301320552826	2479.8701171875	1.00072181224823	3.8780059814453125	0	0	465	891
1	1898435	0	5	5	10309702	100538	43.117408752441406	-0.7962761521339417	2524.52783203125	0.9764806032180786	3.899120330810547	1	2	469	0
1	1898589	0	1	5	10319068	100347	50.85758590698242	4.741408348083496	2480.62939453125	1.1133393049240112	3.8920822143554688	0	0	464	854
1	1899045	0	5	5	10310402	100543	42.69835662841797	-0.9219779968261719	2526.738037109375	1.1209059953689575	3.899120330810547	0	1	470	0
1	1899348	0	1	5	10319868	100198	63.37470245361328	10.832202911376953	2480.467041015625	1.0179363489151	3.8920822143554688	0	0	466	868
1	1899805	0	5	5	10311102	100551	42.02790832519531	-1.2572022676467896	2528.57568359375	1.0118504762649536	3.899120330810547	0	1	470	0
1	1900108	0	1	5	10320618	100199	63.290645599365234	10.9998779296875	2483.6796875	0.9992035031318665	3.8920822143554688	0	0	463	869
1	1900566	0	5	5	10311852	100548	42.279319763183594	0.4190100431442261	2530.798828125	1.0070595741271973	3.8850440979003906	0	1	469	0
1	1900872	0	1	5	10321418	100198	63.37470245361328	0.2101409137248993	2487.145263671875	0.9969055652618408	3.8920822143554688	0	0	463	868
1	1901328	0	5	5	10312602	100547	42.36312484741211	0.16760940849781036	2532.91748046875	1.008580207824707	3.913196563720703	0	1	471	0
1	1901632	0	1	5	10322168	100196	63.54281997680664	0.12608760595321655	2490.532958984375	0.99821537733078	3.8920822143554688	0	0	466	869
1	1902087	0	5	5	10313352	100548	42.279319763183594	-0.12570959329605103	2535.04931640625	1.0044993162155151	3.8920822143554688	0	0	470	0
1	1902391	0	1	5	10322918	100194	63.710941314697266	0.042030218988657	2493.810546875	1.001346230506897	3.8920822143554688	0	0	468	868
1	1902848	0	5	5	10314102	100545	42.530738830566406	0.2095142900943756	2537.6650390625	1.0095802545547485	3.8850440979003906	0	1	470	1
1	1903303	0	1	5	10323668	100202	63.038475036621094	-0.2942020297050476	2497.107421875	0.9997300505638123	3.8850440979003906	0	0	463	868
1	1903457	0	5	5	10314802	100548	42.279319763183594	-0.04190285876393318	2540.280517578125	1.0054152011871338	3.8920822143554688	0	0	470	1
1	1903913	0	1	5	10324468	100206	62.7022590637207	-0.546370804309845	2500.300537109375	0.9969671368598938	3.8850440979003906	0	0	465	868
1	1904221	0	5	5	10315502	100551	42.02790832519531	-0.08380403369665146	2542.830810546875	1.009279727935791	3.899120330810547	1	0	470	0
1	1904675	0	1	5	10325268	100204	62.870365142822266	-0.2941972613334656	2503.577880859375	0.9978095293045044	3.8850440979003906	0	0	466	866
1	1904980	0	5	5	10316302	100553	41.86030197143555	-0.12570452690124512	2544.884033203125	1.0070068836212158	3.8850440979003906	0	0	472	0
1	1905736	0	5	5	10317102	100547	42.36312484741211	0.04190285876393318	2547.7744140625	1.0092142820358276	3.8920822143554688	0	0	472	1
1	1906190	0	1	5	10326718	100199	63.290645599365234	0.12608455121517181	2509.79541015625	1.0022060871124268	3.8850440979003906	0	0	465	867
1	1906496	0	5	5	10317852	100546	42.44693374633789	0.167610764503479	2550.1416015625	1.0090874433517456	3.8850440979003906	0	0	471	0
1	1907101	0	1	5	10327568	100196	63.54281997680664	0.12608760595321655	2513.42333984375	0.9965775012969971	3.8850440979003906	0	0	466	868
1	1907255	0	5	5	10318602	100546	42.44693374633789	0.0	2552.41064453125	1.0082945823669434	3.8850440979003906	1	0	469	0
1	1908013	0	1	5	10328468	100192	63.87906265258789	0.21015110611915588	2517.50537109375	0.9982326030731201	3.8780059814453125	0	0	466	867
1	1908013	0	5	5	10319352	100546	42.44693374633789	0.0	2554.653564453125	1.007266640663147	3.899120330810547	0	0	469	1
1	1908773	0	1	5	10329268	100192	63.87906265258789	0.12609167397022247	2521.412353515625	1.0114516019821167	3.8780059814453125	0	0	465	870
1	1908773	0	5	5	10320102	100546	42.44693374633789	0.167610764503479	2557.478515625	1.0097980499267578	3.899120330810547	0	0	470	0
1	1909533	0	1	5	10330068	100191	63.96312713623047	0.0840621367096901	2524.91064453125	0.9927670359611511	3.8920822143554688	0	0	467	867
1	1909533	0	5	5	10320852	100545	42.530738830566406	-0.04190387204289436	2559.878173828125	1.0080217123031616	3.899120330810547	0	1	472	0
1	1910296	0	1	5	10330868	100190	64.04718780517578	-0.042031917721033096	2528.09716796875	0.9974892735481262	3.8920822143554688	0	0	465	869
1	1910296	0	5	5	10321552	100547	42.36312484741211	0.16760940849781036	2561.990478515625	1.0074474811553955	3.8920822143554688	0	1	468	0
1	1910905	0	5	5	10322302	100546	42.44693374633789	0.12570858001708984	2564.30517578125	1.0079123973846436	3.8920822143554688	1	0	469	0
1	1911211	0	1	5	10331618	100192	63.87906265258789	-0.08406281471252441	2531.37451171875	1.0006436109542847	3.8920822143554688	0	0	467	869
1	1911818	0	5	5	10323002	100552	41.9441032409668	-0.25141412019729614	2566.56787109375	1.0077407360076904	3.8920822143554688	0	0	471	0
1	1911972	0	1	5	10332418	100198	63.37470245361328	-0.4623399078845978	2535.138671875	0.9977502822875977	3.8920822143554688	0	0	466	868
1	1912577	0	5	5	10323852	100546	42.44693374633789	0.33521613478660583	2569.79150390625	1.0095462799072266	3.899120330810547	0	0	470	0
1	1913333	0	1	5	10333868	100190	64.04718780517578	0.3362431228160858	2541.94677734375	1.0020060539245605	3.8920822143554688	0	0	468	867
1	1913333	0	5	5	10324602	100550	42.11170959472656	-0.08380470424890518	2573.048095703125	1.0081185102462769	3.8850440979003906	0	1	469	0
1	1914096	0	5	5	10325352	100549	42.19551467895508	0.16760671138763428	2574.990234375	1.006849765777588	3.8920822143554688	0	0	472	0
1	1914248	0	1	5	10334668	100199	63.290645599365234	0.08405670523643494	2545.1982421875	0.9995403289794922	3.899120330810547	0	0	466	869
1	1915006	0	1	5	10335468	100198	63.37470245361328	-0.12608861923217773	2548.43017578125	1.000258207321167	3.8920822143554688	0	0	466	868
1	1915462	0	5	5	10326752	100553	41.86030197143555	-0.4190269112586975	2579.69189453125	1.0076135396957397	3.899120330810547	1	0	471	1
1	1915766	0	1	5	10336218	100195	63.62688064575195	0.08405942469835281	2551.285888671875	0.9978861212730408	3.8850440979003906	0	0	463	868
1	1916224	0	5	5	10327502	100547	42.36312484741211	0.2095109224319458	2582.01318359375	1.0078204870224	3.8920822143554688	0	1	469	2
1	1916528	0	1	5	10337018	100194	63.710941314697266	0.1260896474123001	2554.66064453125	0.9986605048179626	3.8920822143554688	0	0	464	869
1	1916984	0	5	5	10328302	100548	42.279319763183594	0.2095092386007309	2584.510986328125	1.0084507465362549	3.8920822143554688	0	1	469	2
1	1917288	0	1	5	10337768	100191	63.96312713623047	0.0	2557.8603515625	1.0010414123535156	3.8920822143554688	0	0	466	867
1	1917745	0	5	5	10329052	100555	41.69269943237305	-0.25140804052352905	2586.093505859375	1.0071208477020264	3.8920822143554688	1	0	468	0
1	1918049	0	1	5	10338568	100190	64.04718780517578	-0.08406417816877365	2559.320556640625	0.9966796636581421	3.8920822143554688	0	0	466	867
1	1918354	0	5	5	10329752	100548	42.279319763183594	-0.04190285876393318	2587.36865234375	1.0027066469192505	3.8920822143554688	0	0	470	0
1	1918811	0	1	5	10339368	100187	64.29938507080078	0.33625125885009766	2561.994384765625	0.9990580677986145	3.8850440979003906	0	0	465	869
1	1919114	0	5	5	10330452	100544	42.61454772949219	0.2095159888267517	2589.173583984375	1.0088530778884888	3.8920822143554688	0	0	472	0
1	1919573	0	1	5	10340118	100185	64.46751403808594	0.2521945834159851	2564.99267578125	0.9964622855186462	3.8920822143554688	0	0	466	867
1	1920327	0	1	5	10340918	100182	64.71971893310547	0.29423293471336365	2568.335205078125	1.0000214576721191	3.8850440979003906	0	0	464	868
1	1920481	0	5	5	10331802	100545	42.530738830566406	-0.04190387204289436	2593.665771484375	1.0086321830749512	3.8850440979003906	1	0	470	0
1	1921237	0	1	5	10341668	100185	64.46751403808594	-0.08406757563352585	2571.729248046875	0.9957156181335449	3.8920822143554688	0	0	464	869
1	1921237	0	5	5	10332552	100542	42.78216552734375	0.3352269232273102	2596.150634765625	1.0057333707809448	3.8920822143554688	1	1	472	0
1	1921997	0	1	5	10342518	100190	64.04718780517578	-0.16812971234321594	2575.532470703125	0.9959115982055664	3.8850440979003906	0	0	465	869
1	1922604	0	5	5	10333902	100549	42.19551467895508	-0.12570858001708984	2600.6953125	1.00691556930542	3.8920822143554688	0	0	470	0
1	1922759	0	1	5	10343318	100192	63.87906265258789	-0.294225811958313	2578.99169921875	0.9977211952209473	3.8920822143554688	0	0	467	867
1	1923366	0	5	5	10334652	100546	42.44693374633789	0.04190319776535034	2602.722412109375	1.0068161487579346	3.8920822143554688	1	0	470	1
1	1923520	0	1	5	10344068	100185	64.46751403808594	-0.12610186636447906	2581.7109375	0.9988161325454712	3.8920822143554688	0	0	465	870
1	1923976	0	5	5	10335352	100547	42.36312484741211	-0.04190319776535034	2604.056396484375	1.0064218044281006	3.8920822143554688	0	0	469	0
1	1924432	0	1	5	10344868	100188	64.21531677246094	-0.042032599449157715	2583.71630859375	0.9998998641967773	3.8780059814453125	0	0	467	869
1	1924735	0	5	5	10336102	100555	41.69269943237305	-0.46092402935028076	2604.56005859375	1.009971261024475	3.8920822143554688	1	0	471	0
1	1925192	0	1	5	10345668	100288	55.812225341796875	-3.9493567943573	2588.291748046875	1.0000454187393188	3.8920822143554688	0	0	466	864
1	1925497	0	5	5	10336852	100619	36.33083724975586	-3.016143798828125	2607.97998046875	1.0051977634429932	3.8920822143554688	0	0	472	0
1	1926104	0	1	5	10346518	100492	38.69093704223633	-12.8462553024292	2594.762451171875	0.9985764622688293	3.8920822143554688	0	0	466	840
1	1926258	0	5	5	10337602	100550	42.11170959472656	-0.04190218448638916	2609.477294921875	1.0093733072280884	3.906158447265625	0	0	472	0
1	1927016	0	1	5	10347368	100187	64.29938507080078	0.5884254574775696	2591.647216796875	1.0006908178329468	3.913196563720703	0	0	465	870
1	1927016	0	5	5	10338352	100547	42.36312484741211	0.46091288328170776	2611.589599609375	1.0048997402191162	3.8780059814453125	0	0	469	0
1	1927778	0	1	5	10348218	100201	63.12253189086914	14.144193649291992	2594.78173828125	0.9968806505203247	3.8920822143554688	0	0	464	868
1	1927778	0	5	5	10339152	100547	42.36312484741211	3.099900484085083	2613.394287109375	1.008594036102295	3.899120330810547	0	0	467	2
1	1928538	0	1	5	10349018	100192	63.87906265258789	-0.08406281471252441	2597.689453125	0.9983088970184326	3.8920822143554688	0	0	466	869
1	1928538	0	5	5	10339852	100547	42.36312484741211	0.2514120936393738	2615.70263671875	1.00730562210083	3.899120330810547	0	0	471	2
1	1929299	0	5	5	10340602	100545	42.530738830566406	0.16761210560798645	2618.1875	1.0078973770141602	3.8850440979003906	0	0	470	1
1	1929453	0	1	5	10349868	100188	64.21531677246094	0.46233615279197693	2600.869384765625	0.9991486072540283	3.906158447265625	0	0	465	869
1	1930213	0	1	5	10350718	100191	63.96312713623047	0.12609270215034485	2604.893310546875	1.0015672445297241	3.8850440979003906	0	0	464	870
1	1930667	0	5	5	10341952	100548	42.279319763183594	0.12570655345916748	2622.529541015625	1.0085440874099731	3.8780059814453125	0	0	471	0
1	1930973	0	1	5	10351418	100189	64.13125610351562	0.16812562942504883	2607.632080078125	0.9988161325454712	3.8850440979003906	0	0	465	870
1	1931428	0	5	5	10342702	100550	42.11170959472656	-0.2095142900943756	2624.7919921875	1.0101364850997925	3.8920822143554688	1	0	469	0
1	1931733	0	1	5	10352218	100182	64.71971893310547	0.2522006928920746	2610.72119140625	1.000885009765625	3.8920822143554688	0	0	464	868
1	1932187	0	5	5	10343452	100544	42.61454772949219	0.1257106065750122	2627.244140625	1.0063676834106445	3.8850440979003906	2	0	470	0
1	1932641	0	1	5	10353018	100184	64.55158233642578	0.3782903254032135	2614.64111328125	0.995788037776947	3.8850440979003906	0	0	465	869
1	1932795	0	5	5	10344202	100543	42.69835662841797	0.2095176726579666	2629.8271484375	1.0068870782852173	3.899120330810547	1	1	468	0
1	1933401	0	1	5	10353868	100184	64.55158233642578	0.1260998398065567	2618.67138671875	0.9975338578224182	3.899120330810547	0	0	464	870
1	1933708	0	5	5	10344902	100545	42.530738830566406	0.08380673080682755	2633.090087890625	1.0073474645614624	3.899120330810547	1	0	470	0
1	1934162	0	1	5	10354668	100186	64.3834457397461	-0.042033277451992035	2622.266845703125	1.0025091171264648	3.899120330810547	0	0	465	869
1	1934315	0	5	5	10345702	100546	42.44693374633789	-0.08380740880966187	2635.391845703125	1.006996989250183	3.899120330810547	0	2	470	0
1	1935075	0	1	5	10355418	100189	64.13125610351562	-0.25219863653182983	2624.512451171875	0.9989959001541138	3.8850440979003906	0	0	463	867
1	1935075	0	5	5	10346402	100543	42.69835662841797	-0.12571464478969574	2636.693115234375	1.008782148361206	3.8850440979003906	0	1	472	0
1	1935834	0	1	5	10356268	100184	64.55158233642578	0.08406689763069153	2627.406982421875	0.9986527562141418	3.8920822143554688	0	0	466	870
1	1935834	0	5	5	10347202	100545	42.530738830566406	0.0	2638.210205078125	1.0079907178878784	3.8920822143554688	0	0	469	0
1	1936593	0	1	5	10357068	100179	64.97193145751953	0.46236979961395264	2630.58056640625	0.9967548847198486	3.8920822143554688	0	0	466	870
1	1936593	0	5	5	10347902	100543	42.69835662841797	0.0	2640.63623046875	1.007023572921753	3.8850440979003906	0	0	471	0
1	1937353	0	1	5	10357868	100183	64.63565063476562	-0.08406893163919449	2634.422607421875	0.9979466795921326	3.8920822143554688	0	0	466	868
1	1937353	0	5	5	10348652	100545	42.530738830566406	-0.04190387204289436	2643.526611328125	1.006493091583252	3.8920822143554688	0	1	472	1
1	1938115	0	1	5	10358618	100193	63.79500198364258	-0.5884634852409363	2637.58984375	0.9982834458351135	3.8850440979003906	0	0	465	869
1	1938115	0	5	5	10349402	100549	42.19551467895508	-0.16761210560798645	2645.795654296875	1.0076998472213745	3.8920822143554688	0	0	471	0
1	1938878	0	1	5	10359418	100188	64.21531677246094	-0.29423531889915466	2640.782958984375	0.9997962713241577	3.8850440979003906	0	0	465	869
1	1939484	0	5	5	10350852	100546	42.44693374633789	-0.0419035330414772	2650.9091796875	1.0062751770019531	3.8920822143554688	1	1	470	0
1	1939788	0	1	5	10360168	100183	64.63565063476562	0.16813379526138306	2643.567138671875	0.9986605048179626	3.8920822143554688	0	0	466	871
1	1940246	0	5	5	10351552	100545	42.530738830566406	0.12570959329605103	2652.5244140625	1.0079123973846436	3.8780059814453125	0	0	470	0
1	1940550	0	1	5	10360968	100179	64.97193145751953	0.25220680236816406	2647.2080078125	1.0009933710098267	3.8780059814453125	0	0	466	871
1	1941006	0	5	5	10352352	100548	42.279319763183594	-0.2095176726579666	2654.87841796875	1.0053390264511108	3.8920822143554688	1	0	471	1
1	1941310	0	1	5	10361718	100187	64.29938507080078	-0.042032938450574875	2649.998779296875	0.9978621006011963	3.8920822143554688	0	0	466	867
1	1941767	0	5	5	10353052	100547	42.36312484741211	-0.1257106065750122	2656.251708984375	1.0049375295639038	3.899120330810547	0	0	468	0
1	1942071	0	1	5	10362518	100186	64.3834457397461	0.0	2652.341552734375	0.9969314932823181	3.8850440979003906	0	0	465	869
1	1942528	0	5	5	10353752	100543	42.69835662841797	0.1257116198539734	2657.670654296875	1.006859302520752	3.8850440979003906	0	0	468	0
1	1942832	0	1	5	10363318	100187	64.29938507080078	-0.042032938450574875	2655.099853515625	0.9981914162635803	3.8780059814453125	0	0	466	869
1	1943290	0	5	5	10354602	100547	42.36312484741211	0.16760940849781036	2660.227294921875	1.0048611164093018	3.8850440979003906	0	0	469	0
1	1943745	0	1	5	10364118	100182	64.71971893310547	0.21016809344291687	2656.74169921875	0.9973950982093811	3.8850440979003906	0	0	464	872
1	1944050	0	5	5	10355352	100546	42.44693374633789	0.12570858001708984	2660.34521484375	1.0062345266342163	3.8850440979003906	0	1	468	0
1	1944505	0	1	5	10364918	100186	64.3834457397461	0.08406553417444229	2657.702392578125	0.9995966553688049	3.8920822143554688	0	0	466	870
1	1944810	0	5	5	10356052	100548	42.279319763183594	-0.04190285876393318	2661.175537109375	1.0108659267425537	3.8920822143554688	0	1	470	0
1	1945268	0	1	5	10365718	100190	64.04718780517578	-0.16812971234321594	2661.447021484375	0.9997727870941162	3.8850440979003906	0	0	465	871
1	1945423	0	5	5	10356752	100545	42.530738830566406	0.16761210560798645	2663.307373046875	1.0070068836212158	3.8850440979003906	0	0	469	0
1	1946181	0	1	5	10366518	100189	64.13125610351562	-0.16813106834888458	2663.79638671875	0.9976943135261536	3.8780059814453125	0	0	465	869
1	1946181	0	5	5	10357502	100550	42.11170959472656	-0.04190218448638916	2665.896728515625	1.0062624216079712	3.8780059814453125	1	0	470	1
1	1946940	0	1	5	10367418	100184	64.55158233642578	0.0	2667.962890625	0.9977045059204102	3.8850440979003906	0	0	467	871
1	1946940	0	5	5	10358252	100551	42.02790832519531	-0.2095126062631607	2668.03515625	1.008330225944519	3.8920822143554688	0	0	469	0
1	1947700	0	1	5	10368218	100183	64.63565063476562	0.16813379526138306	2670.74072265625	0.9987304210662842	3.8920822143554688	0	0	466	871
1	1947700	0	5	5	10359052	100548	42.279319763183594	0.04190252348780632	2670.25830078125	1.010420560836792	3.8920822143554688	0	0	472	0
1	1948609	0	1	5	10369018	100180	64.88785552978516	0.16813786327838898	2674.01171875	0.9956296682357788	3.906158447265625	0	0	467	869
1	1949067	0	5	5	10360452	100556	41.6088981628418	-0.29330819845199585	2673.29248046875	1.0057320594787598	3.906158447265625	0	0	471	0
1	1949371	0	1	5	10369768	100530	35.50478744506836	-14.313231468200684	2680.4755859375	0.9956468939781189	3.8920822143554688	0	0	465	812
1	1949980	0	5	5	10361252	100618	36.41459655761719	-2.9742648601531982	2674.999267578125	1.0099000930786133	3.8920822143554688	1	0	471	0
1	1950132	0	1	5	10370568	100505	37.600830078125	-13.433341979980469	2680.131591796875	0.9987289905548096	3.8850440979003906	0	0	464	857
1	1950738	0	5	5	10362102	100552	41.9441032409668	-0.16760806739330292	2674.2734375	1.0079182386398315	3.8780059814453125	1	0	473	0
1	1950892	0	1	5	10371368	100214	62.02986145019531	-1.260860800743103	2675.037109375	0.9978334307670593	3.8920822143554688	0	0	465	869
1	1951497	0	5	5	10362852	100550	42.11170959472656	3.057948350906372	2675.653076171875	1.0088058710098267	3.899120330810547	0	0	471	0
1	1951651	0	1	5	10372118	100214	62.02986145019531	13.514029502868652	2678.652099609375	0.9967371821403503	3.913196563720703	0	0	464	867
1	1952257	0	5	5	10363602	100554	41.7765007019043	0.25139790773391724	2678.170654296875	1.0068100690841675	3.8920822143554688	2	0	471	0
1	1952411	0	1	5	10372918	100259	58.2484245300293	-1.1763660907745361	2683.305419921875	0.996039867401123	3.906158447265625	0	0	465	869
1	1953019	0	5	5	10364352	100551	42.02790832519531	-0.08380403369665146	2681.688720703125	1.0076744556427002	3.899120330810547	0	0	471	0
1	1953173	0	1	5	10373618	100246	59.3406982421875	-1.3445813655853271	2686.9072265625	0.9994264245033264	3.8920822143554688	0	0	466	868
1	1953782	0	5	5	10365102	100545	42.530738830566406	0.3352188169956207	2683.689697265625	1.0073328018188477	3.899120330810547	0	1	470	1
1	1953936	0	1	5	10374418	100205	62.786312103271484	1.0505602359771729	2688.8154296875	0.998108983039856	3.8850440979003906	0	0	465	867
1	1954393	0	5	5	10365802	100549	42.19551467895508	0.29330819845199585	2683.402099609375	1.0083845853805542	3.899120330810547	0	1	471	0
1	1955300	0	5	5	10366502	100544	42.61454772949219	0.335221529006958	2684.1669921875	1.0072112083435059	3.8850440979003906	1	0	470	0
1	1955454	0	1	5	10375818	100193	63.79500198364258	2.0590980052948	2691.197021484375	0.9968438148498535	3.8850440979003906	0	0	465	869
1	1955909	0	5	5	10367252	100548	42.279319763183594	-0.2514222264289856	2685.193603515625	1.0058947801589966	3.8920822143554688	1	0	470	0
1	1956213	0	1	5	10376618	100203	62.95442199707031	0.46228012442588806	2693.91650390625	0.9987806081771851	3.899120330810547	0	0	466	868
1	1956668	0	5	5	10368002	100544	42.61454772949219	-0.041904207319021225	2687.024658203125	1.0081018209457397	3.8850440979003906	0	0	468	1
1	1956973	0	1	5	10377418	100198	63.37470245361328	0.16811341047286987	2696.525390625	0.9998152256011963	3.8920822143554688	0	0	469	868
1	1957430	0	5	5	10368752	100541	42.86597442626953	0.12571364641189575	2690.09814453125	1.012134313583374	3.8850440979003906	0	0	470	0
1	1957883	0	1	5	10378268	100195	63.62688064575195	-0.042030218988657	2700.055908203125	0.9979466795921326	3.8780059814453125	0	0	464	870
1	1958189	0	5	5	10369552	100548	42.279319763183594	-0.1676134616136551	2692.9033203125	1.0047197341918945	3.899120330810547	0	0	471	0
1	1958945	0	5	5	10370252	100543	42.69835662841797	0.1257116198539734	2695.04150390625	1.0062958002090454	3.8850440979003906	0	0	471	1
1	1959402	0	1	5	10379718	100194	63.710941314697266	0.2942044138908386	2704.968994140625	0.9984803795814514	3.899120330810547	0	0	466	870
1	1959706	0	5	5	10371002	100547	42.36312484741211	-0.08380673080682755	2696.35595703125	1.004156231880188	3.8920822143554688	0	0	471	0
1	1960161	0	1	5	10380618	100196	63.54281997680664	0.0	2707.331298828125	1.0009409189224243	3.8920822143554688	0	0	466	870
1	1960467	0	5	5	10371852	100550	42.11170959472656	-0.3771318197250366	2697.38916015625	1.006859302520752	3.8850440979003906	0	0	471	1
1	1960922	0	1	5	10381418	100309	54.048439025878906	-4.747189998626709	2708.74609375	0.9966322779655457	3.8920822143554688	0	0	465	869
1	1961229	0	5	5	10372602	100584	39.26276397705078	-1.675891637802124	2696.964111328125	1.010156273841858	3.8920822143554688	0	2	471	0
1	1961682	0	1	5	10382218	100481	39.613426208496094	-11.922666549682617	2712.263671875	1.000219464302063	3.8920822143554688	0	0	468	862
1	1961988	0	5	5	10373352	100565	40.8547248840332	-0.8380065560340881	2698.42236328125	1.0084612369537354	3.906158447265625	0	1	472	0
1	1962594	0	1	5	10382968	100379	48.17130661010742	-7.391556262969971	2711.44580078125	0.999330997467041	3.899120330810547	0	0	467	867
1	1962748	0	5	5	10374102	100563	41.022315979003906	-0.3770923316478729	2700.331787109375	1.008413553237915	3.8920822143554688	1	0	471	1
1	1963356	0	1	5	10383768	100243	59.592777252197266	10.031608581542969	2711.225341796875	0.9995405673980713	3.8850440979003906	0	0	467	868
1	1963510	0	5	5	10374852	100552	41.9441032409668	1.5501186847686768	2701.30615234375	1.0084450244903564	3.899120330810547	1	1	469	0
1	1964120	0	1	5	10384518	100362	49.598304748535156	0.04197324067354202	2715.11279296875	0.9996454119682312	3.8920822143554688	0	0	466	868
1	1964274	0	5	5	10375552	100571	40.35197448730469	-0.12568630278110504	2702.50927734375	1.0075385570526123	3.8920822143554688	1	0	470	0
1	1964881	0	1	5	10385368	100504	37.6846809387207	-6.334587574005127	2719.318359375	0.9997631311416626	3.899120330810547	0	0	466	842
1	1965035	0	5	5	10376302	100594	38.42498779296875	-1.675756812095642	2704.392578125	1.0076295137405396	3.899120330810547	0	0	470	0
1	1965640	0	1	5	10386168	100194	63.710941314697266	5.083192348480225	2715.02197265625	0.9992027878761292	3.899120330810547	0	0	467	870
1	1965794	0	5	5	10377002	100545	42.530738830566406	0.4609203040599823	2703.764892578125	1.0146416425704956	3.899120330810547	0	0	471	0
1	1966552	0	1	5	10386918	100208	62.534156799316406	11.795819282531738	2717.935791015625	0.9988263845443726	3.8780059814453125	0	0	463	870
1	1966552	0	5	5	10377852	100547	42.36312484741211	1.9271823167800903	2705.3408203125	1.0096869468688965	3.8850440979003906	0	1	470	0
1	1967313	0	1	5	10387718	100308	54.132423400878906	-1.7219449281692505	2720.759033203125	0.9985057711601257	3.8920822143554688	0	0	465	868
1	1967313	0	5	5	10378602	100557	41.52510070800781	-0.5447239875793457	2707.184814453125	1.008389949798584	3.8920822143554688	0	0	471	0
1	1968075	0	1	5	10388518	100276	56.82024002075195	-3.361290454864502	2722.47900390625	0.9965338110923767	3.8780059814453125	0	0	467	868
1	1968075	0	5	5	10379352	100555	41.69269943237305	-0.5028282403945923	2709.59765625	1.0061591863632202	3.8850440979003906	0	0	470	0
1	1968685	0	5	5	10380052	100551	42.02790832519531	-0.16760940849781036	2710.74853515625	1.0092675685882568	3.8780059814453125	0	1	471	0
1	1968837	0	1	5	10389268	100253	58.75253677368164	-0.5461633801460266	2724.386962890625	1.0000214576721191	3.8920822143554688	0	0	466	868
1	1969594	0	1	5	10390068	100251	58.92057800292969	3.527730703353882	2728.001953125	0.9994699954986572	3.899120330810547	0	0	464	867
1	1969594	0	5	5	10380852	100548	42.279319763183594	0.4190100431442261	2713.56689453125	1.0084785223007202	3.899120330810547	1	0	470	0
1	1970203	0	5	5	10381602	100545	42.530738830566406	0.16761210560798645	2715.463134765625	1.004378080368042	3.899120330810547	0	0	470	1
1	1970357	0	1	5	10390818	100183	64.63565063476562	2.5634498596191406	2728.89111328125	0.9969824552536011	3.8920822143554688	0	0	466	868
1	1970964	0	5	5	10382302	100543	42.69835662841797	0.46092772483825684	2714.88134765625	1.0065674781799316	3.8920822143554688	1	0	469	0
1	1971119	0	1	5	10391618	100322	52.956722259521484	1.4693361520767212	2731.915283203125	0.9968806505203247	3.8920822143554688	0	0	464	868
1	1971727	0	5	5	10383002	100582	39.430328369140625	-1.5921099185943604	2716.0712890625	1.0078253746032715	3.899120330810547	0	0	471	1
1	1971881	0	1	5	10392418	100462	41.207008361816406	-11.58821964263916	2735.030517578125	0.9974038004875183	3.899120330810547	0	0	465	866
1	1972487	0	5	5	10383852	100539	43.03359603881836	0.20952442288398743	2717.431396484375	1.0077407360076904	3.8850440979003906	1	0	472	0
1	1972791	0	1	5	10393168	100210	62.36605453491211	-0.9246312379837036	2732.486572265625	1.000147819519043	3.8920822143554688	0	0	466	869
1	1973249	0	5	5	10384552	100552	41.9441032409668	0.41899654269218445	2720.2041015625	1.0072765350341797	3.899120330810547	0	0	469	1
1	1973553	0	1	5	10393968	100291	55.560237884521484	8.434650421142578	2737.613525390625	0.9996944069862366	3.899120330810547	0	0	466	867
1	1974008	0	5	5	10385352	100546	42.44693374633789	0.9636881351470947	2722.40771484375	1.0050803422927856	3.8920822143554688	0	0	470	1
1	1974315	0	1	5	10394718	100238	60.01292419433594	2.39432954788208	2738.26904296875	0.9972479343414307	3.8920822143554688	0	0	466	869
1	1974770	0	5	5	10386102	100545	42.530738830566406	-0.04190387204289436	2724.297607421875	1.0076943635940552	3.8920822143554688	1	0	470	0
1	1975076	0	1	5	10395518	100212	62.19795608520508	0.25213953852653503	2741.312744140625	0.9964509010314941	3.8780059814453125	0	0	465	869
1	1975531	0	5	5	10386852	100543	42.69835662841797	0.5866281986236572	2727.3251953125	1.0093733072280884	3.8850440979003906	0	1	469	0
1	1975835	0	1	5	10396318	100238	60.01292419433594	1.2183053493499756	2745.2783203125	1.003301978111267	3.8850440979003906	0	0	466	869
1	1976290	0	5	5	10387602	100549	42.19551467895508	-0.2095159888267517	2729.67919921875	1.0097854137420654	3.899120330810547	0	0	472	0
1	1976743	0	1	5	10397118	100286	55.980220794677734	-2.604600191116333	2748.28955078125	0.9991082549095154	3.8780059814453125	0	0	467	869
1	1977049	0	5	5	10388352	100550	42.11170959472656	-0.4609425961971283	2731.1962890625	1.0079518556594849	3.899120330810547	0	0	470	0
1	1977504	0	1	5	10397918	100256	58.5004768371582	-1.59660005569458	2748.815185546875	0.9985069632530212	3.8920822143554688	0	0	467	870
1	1977810	0	5	5	10389052	100545	42.530738830566406	0.0419035330414772	2732.0595703125	1.0082716941833496	3.899120330810547	0	0	471	1
1	1978265	0	1	5	10398718	100205	62.786312103271484	3.1090428829193115	2749.873046875	0.9991129040718079	3.899120330810547	0	0	467	869
1	1978419	0	5	5	10389802	100540	42.94978713989258	0.3771348297595978	2734.13232421875	1.0058931112289429	3.8850440979003906	0	0	470	0
1	1979028	0	1	5	10399468	100196	63.54281997680664	3.1092689037323	2752.216064453125	0.9985992908477783	3.899120330810547	0	0	466	870
1	1979180	0	5	5	10390552	100541	42.86597442626953	0.12571364641189575	2735.924072265625	1.0087676048278809	3.899120330810547	0	1	471	0
1	1979787	0	1	5	10400268	100186	64.3834457397461	1.428929328918457	2753.87109375	0.9970164895057678	3.8850440979003906	0	0	468	868
1	1980543	0	1	5	10401018	100190	64.04718780517578	0.6304380297660828	2755.67529296875	0.9980514049530029	3.8920822143554688	0	0	465	871
1	1980697	0	5	5	10391952	100542	42.78216552734375	0.08380875736474991	2738.003662109375	1.008096694946289	3.906158447265625	2	1	469	0
1	1981305	0	1	5	10401768	100190	64.04718780517578	0.08406281471252441	2756.823974609375	0.9987936019897461	3.8920822143554688	0	0	465	870
1	1981305	0	5	5	10392652	100539	43.03359603881836	0.08381078392267227	2739.409423828125	1.0050201416015625	3.899120330810547	0	0	469	0
1	1982069	0	1	5	10402518	100182	64.71971893310547	0.33626484870910645	2759.4912109375	0.9984135031700134	3.8780059814453125	0	0	466	869
1	1982069	0	5	5	10393352	100544	42.61454772949219	0.08380740880966187	2741.88134765625	1.0091110467910767	3.8920822143554688	0	2	470	0
1	1982832	0	1	5	10403318	100190	64.04718780517578	-0.08406417816877365	2762.587158203125	0.9984287619590759	3.899120330810547	0	0	467	868
1	1982832	0	5	5	10394152	100540	42.94978713989258	0.0	2744.3203125	1.0054575204849243	3.8920822143554688	0	2	471	0
1	1983592	0	1	5	10404118	100465	40.95537567138672	-11.966241836547852	2769.0185546875	0.9984033703804016	3.8920822143554688	0	0	465	866
1	1983592	0	5	5	10394852	100570	40.43576431274414	-1.215104579925537	2746.393310546875	1.0105210542678833	3.899120330810547	1	0	470	0
1	1984352	0	5	5	10395652	100584	39.26276397705078	-1.675891637802124	2748.315673828125	1.0029188394546509	3.899120330810547	0	1	472	0
1	1984506	0	1	5	10404918	100479	39.78116226196289	-12.553348541259766	2770.39453125	0.9984534978866577	3.899120330810547	0	0	466	863
1	1985112	0	5	5	10396452	100541	42.86597442626953	0.041904885321855545	2748.184814453125	1.0078130960464478	3.8920822143554688	0	1	471	0
1	1985266	0	1	5	10405718	100217	61.7777214050293	2.3527321815490723	2766.954833984375	0.9974124431610107	3.8920822143554688	0	0	466	867
1	1985875	0	5	5	10397202	100539	43.03359603881836	1.5502809286117554	2749.362060546875	1.0053296089172363	3.899120330810547	0	0	469	0
1	1986030	0	1	5	10406518	100191	63.96312713623047	11.168355941772461	2768.97314453125	0.9956830739974976	3.8850440979003906	0	0	462	868
1	1986637	0	5	5	10397952	100538	43.117408752441406	1.0056483745574951	2751.885986328125	1.0103117227554321	3.8850440979003906	1	0	470	0
1	1986791	0	1	5	10407268	100181	64.80378723144531	4.831757545471191	2772.101318359375	0.9981005191802979	3.899120330810547	0	0	466	868
1	1987247	0	5	5	10398652	100537	43.20122146606445	0.41904714703559875	2753.7626953125	1.0062012672424316	3.8920822143554688	2	1	469	0
1	1987552	0	1	5	10408068	100177	65.14006805419922	1.7231972217559814	2775.041259765625	0.9992130398750305	3.899120330810547	0	0	464	870
1	1988007	0	5	5	10399352	100542	42.78216552734375	-0.041904885321855545	2755.567626953125	1.0084012746810913	3.899120330810547	0	1	472	1
1	1988313	0	1	5	10408868	100288	55.812225341796875	-4.4957804679870605	2779.47412109375	1.0013906955718994	3.8850440979003906	0	0	466	870
1	1988769	0	5	5	10400102	100547	42.36312484741211	-0.25142425298690796	2757.11083984375	1.003029227256775	3.8920822143554688	0	0	470	0
1	1989074	0	1	5	10409568	100326	52.62083053588867	-6.007409572601318	2781.732421875	0.9988161325454712	3.8850440979003906	0	0	466	867
1	1989981	0	1	5	10410318	100210	62.36605453491211	-1.0927636623382568	2781.99853515625	1.0003421306610107	3.906158447265625	0	0	465	839
1	1990135	0	5	5	10401502	100552	41.9441032409668	-0.4190302789211273	2761.099609375	1.0081185102462769	3.8780059814453125	0	1	471	0
1	1990590	0	1	5	10411118	100203	62.95442199707031	3.361100435256958	2783.0888671875	0.9979628920555115	3.899120330810547	0	0	463	854
1	1990894	0	5	5	10402252	100552	41.9441032409668	-0.335221529006958	2761.420166015625	1.0130690336227417	3.899120330810547	1	1	472	0
1	1991501	0	1	5	10411918	100525	35.9239616394043	-14.145676612854004	2790.195556640625	0.9992281794548035	3.8920822143554688	0	0	466	802
1	1991654	0	5	5	10402952	100594	38.42498779296875	-1.5500563383102417	2762.96337890625	1.0109258890151978	3.899120330810547	0	0	471	0
1	1992263	0	1	5	10412718	100454	41.8780632019043	-10.874407768249512	2787.18408203125	1.0011404752731323	3.8780059814453125	0	0	465	833
1	1992415	0	5	5	10403752	100571	40.35197448730469	-0.12568630278110504	2760.622314453125	1.0066813230514526	3.8850440979003906	0	0	470	0
1	1993026	0	1	5	10413518	100484	39.36183166503906	-10.661680221557617	2787.37890625	0.9979801177978516	3.8850440979003906	0	0	466	823
1	1993178	0	5	5	10404502	100606	37.419742584228516	-0.712061882019043	2761.956298828125	1.0056809186935425	3.8850440979003906	0	0	469	0
1	1993784	0	1	5	10414318	100504	37.6846809387207	-3.2292563915252686	2791.026123046875	0.9975840449333191	3.8920822143554688	0	0	466	831
1	1993938	0	5	5	10405252	100605	37.503509521484375	0.33505693078041077	2764.879150390625	1.0073403120040894	3.8780059814453125	0	0	470	0
1	1994693	0	1	5	10415068	100178	65.05599975585938	9.281631469726562	2787.33984375	0.9947431087493896	3.899120330810547	0	0	466	870
1	1994693	0	5	5	10406002	100535	43.36884689331055	1.9692599773406982	2766.00390625	1.0078659057617188	3.8850440979003906	0	0	469	0
1	1995453	0	1	5	10415868	100191	63.96312713623047	8.525384902954102	2791.259765625	0.9984544515609741	3.899120330810547	0	0	465	860
1	1995453	0	5	5	10406802	100589	38.843868255615234	0.16755273938179016	2769.410888671875	1.0062686204910278	3.8920822143554688	1	0	472	0
1	1996214	0	1	5	10416668	100168	65.8967514038086	8.694847106933594	2791.5712890625	1.0020122528076172	3.8920822143554688	0	0	466	869
1	1996214	0	5	5	10407502	100535	43.36884689331055	2.0949320793151855	2768.501953125	1.0077705383300781	3.899120330810547	0	0	470	0
1	1996976	0	5	5	10408252	100534	43.45266342163086	0.08381415903568268	2767.612548828125	1.0066245794296265	3.899120330810547	0	0	470	1
1	1997130	0	1	5	10417518	100164	66.23307037353516	0.33631378412246704	2792.006103515625	0.995498538017273	3.8920822143554688	0	0	465	872
1	1997738	0	5	5	10408952	100533	43.536476135253906	0.4609648585319519	2768.260009765625	1.0067987442016602	3.8920822143554688	4	1	468	0
1	1998041	0	1	5	10418418	100167	65.98082733154297	0.08407844603061676	2794.62158203125	0.9977504014968872	3.899120330810547	0	0	465	870
1	1998498	0	5	5	10409752	100536	43.2850341796875	-0.08381415903568268	2769.85546875	1.0085750818252563	3.899120330810547	0	2	467	0
1	1998802	0	1	5	10419218	100162	66.40122985839844	0.0	2798.321044921875	0.9973054528236389	3.8920822143554688	0	0	465	872
1	1999107	0	5	5	10410452	100538	43.117408752441406	-0.08381280303001404	2772.32080078125	1.0074197053909302	3.8850440979003906	0	0	470	1
1	1999564	0	1	5	10420018	100170	65.72859191894531	-0.21019697189331055	2800.14453125	0.9983519911766052	3.8850440979003906	0	0	467	869
1	2000021	0	5	5	10411202	100532	43.62029266357422	1.4210854715202004e-13	2774.217041015625	1.00896155834198	3.8920822143554688	0	1	470	0
1	2000325	0	1	5	10420768	100165	66.14898681640625	0.1261191964149475	2802.33837890625	0.9971991777420044	3.8850440979003906	0	0	467	870
1	2000781	0	5	5	10412002	100534	43.45266342163086	0.04190724715590477	2777.4931640625	1.0084785223007202	3.8920822143554688	0	0	471	0
1	2001085	0	1	5	10421568	100167	65.98082733154297	0.04203939437866211	2804.927734375	0.9990723729133606	3.8920822143554688	0	0	465	871
1	2001391	0	5	5	10412752	100537	43.20122146606445	0.0	2778.284423828125	1.0104646682739258	3.8850440979003906	1	0	469	0
1	2001844	0	1	5	10422318	100167	65.98082733154297	0.04203939437866211	2805.32373046875	0.9968758821487427	3.8850440979003906	0	0	466	871
1	2002150	0	5	5	10413502	100535	43.36884689331055	-0.1257227510213852	2777.996826171875	1.0095462799072266	3.8920822143554688	0	0	470	0
1	2002606	0	1	5	10423118	100166	66.06491088867188	-0.04204007238149643	2806.783935546875	0.9966332316398621	3.8920822143554688	0	0	467	870
1	2003063	0	5	5	10414252	100536	43.2850341796875	-0.25144651532173157	2779.2587890625	1.0085128545761108	3.8920822143554688	0	0	472	1
1	2003371	0	1	5	10423918	100167	65.98082733154297	-0.29428526759147644	2808.626953125	0.9973783493041992	3.8920822143554688	0	0	466	870
1	2003826	0	5	5	10415102	100527	44.03938293457031	0.37717434763908386	2780.84130859375	1.007060170173645	3.8850440979003906	0	0	470	0
1	2004282	0	1	5	10424668	100163	66.31715393066406	0.08408116549253464	2811.236083984375	0.995201051235199	3.899120330810547	0	0	465	870
1	2004584	0	5	5	10415852	100535	43.36884689331055	-0.0838148295879364	2783.18212890625	1.0046491622924805	3.8780059814453125	0	1	470	0
1	2005040	0	1	5	10425468	100163	66.31715393066406	0.16816097497940063	2813.34521484375	0.9984368085861206	3.899120330810547	0	0	466	872
1	2005344	0	5	5	10416602	100536	43.2850341796875	0.0	2784.973876953125	1.0086605548858643	3.8850440979003906	0	0	472	2
1	2006101	0	5	5	10417352	100537	43.20122146606445	-0.08381348103284836	2786.222900390625	1.0090034008026123	3.8920822143554688	0	0	472	0
1	2006406	0	1	5	10426868	100167	65.98082733154297	-0.16816097497940063	2816.6552734375	0.9967135787010193	3.8850440979003906	0	0	465	870
1	2006862	0	5	5	10418102	100535	43.36884689331055	0.0	2787.007568359375	1.0063457489013672	3.8920822143554688	0	1	470	0
1	2007169	0	1	5	10427618	100165	66.14898681640625	0.0	2818.1025390625	0.9980856776237488	3.8920822143554688	0	0	465	869
1	2007623	0	5	5	10418852	100537	43.20122146606445	-0.08381348103284836	2788.753662109375	1.0083656311035156	3.8850440979003906	1	0	469	1
1	2007930	0	1	5	10428418	100167	65.98082733154297	-0.12612022459506989	2820.3349609375	1.0011895895004272	3.8920822143554688	0	0	467	871
1	2008384	0	5	5	10419602	100539	43.03359603881836	-0.12571869790554047	2790.296875	1.0108935832977295	3.8920822143554688	0	0	468	0
1	2008839	0	1	5	10429218	100171	65.64451599121094	-0.21019527316093445	2823.755126953125	0.9953458309173584	3.899120330810547	0	0	465	871
1	2008993	0	5	5	10420352	100543	42.69835662841797	-0.37715306878089905	2792.572265625	1.0068809986114502	3.899120330810547	1	1	471	0
1	2009752	0	1	5	10430118	100169	65.81267547607422	-0.12611818313598633	2826.99365234375	0.9993705153465271	3.8920822143554688	0	0	465	870
1	2009906	0	5	5	10421102	100539	43.03359603881836	0.0	2793.841064453125	1.009039282798767	3.8920822143554688	0	1	468	0
1	2010511	0	1	5	10430918	100172	65.56044006347656	-0.16815418004989624	2827.649169921875	1.000870704650879	3.8920822143554688	0	0	467	870
1	2010666	0	5	5	10421852	100538	43.117408752441406	0.1257166713476181	2793.226318359375	1.0071353912353516	3.8780059814453125	0	0	471	0
1	2011273	0	1	5	10431718	100526	35.840126037597656	-14.818120002746582	2834.48974609375	0.9988282918930054	3.899120330810547	0	0	465	813
1	2011273	0	5	5	10422652	100616	36.582115173339844	-3.183835506439209	2794.776123046875	1.0104289054870605	3.8920822143554688	0	0	470	0
1	2012034	0	1	5	10432468	100518	36.51083755493164	-14.692956924438477	2833.892578125	0.9954513311386108	3.899120330810547	0	0	466	812
1	2012034	0	5	5	10423352	100559	41.35750198364258	-0.9637657403945923	2794.58642578125	1.0069165229797363	3.8850440979003906	0	0	468	0
1	2012795	0	1	5	10433268	100166	66.06491088867188	0.3783453702926636	2829.823486328125	0.9971953630447388	3.899120330810547	0	0	465	871
1	2012795	0	5	5	10424102	100538	43.117408752441406	0.04190589487552643	2796.705078125	1.004727840423584	3.8920822143554688	0	0	472	1
1	2013555	0	5	5	10424852	100532	43.62029266357422	3.351567506790161	2799.6083984375	1.009574055671692	3.899120330810547	0	1	470	0
1	2013709	0	1	5	10434068	100161	66.48531341552734	15.448347091674805	2833.95751953125	0.9973273277282715	3.899120330810547	0	0	465	871
1	2014316	0	5	5	10425602	100533	43.536476135253906	0.0838148295879364	2801.5244140625	1.0102567672729492	3.8920822143554688	1	1	469	0
1	2014471	0	1	5	10434918	100158	66.7375717163086	0.2522496283054352	2836.98828125	0.9980010986328125	3.8850440979003906	0	0	464	872
1	2015077	0	5	5	10426352	100534	43.45266342163086	0.04190724715590477	2802.39404296875	1.0083845853805542	3.8850440979003906	0	0	472	0
1	2015383	0	1	5	10435818	100159	66.65348052978516	-0.04204245284199715	2838.63671875	0.9991848468780518	3.8850440979003906	0	0	465	870
1	2015838	0	5	5	10427152	100532	43.62029266357422	-0.08381685614585876	2805.120849609375	1.008819341659546	3.8920822143554688	1	1	472	0
1	2016142	0	1	5	10436618	100164	66.23307037353516	-0.12612327933311462	2842.08935546875	0.9988744854927063	3.8850440979003906	0	0	465	870
1	2016597	0	5	5	10427852	100534	43.45266342163086	-0.12572376430034637	2807.2919921875	1.0080605745315552	3.8920822143554688	1	0	471	0
1	2016901	0	1	5	10437418	100158	66.7375717163086	0.12612633407115936	2845.1787109375	1.0001651048660278	3.8920822143554688	0	0	465	870
1	2017357	0	5	5	10428602	100537	43.20122146606445	-0.16762831807136536	2809.84228515625	1.0081990957260132	3.8850440979003906	0	0	470	1
1	2017811	0	1	5	10438218	100159	66.65348052978516	0.0	2847.145263671875	0.9975606203079224	3.8850440979003906	0	0	465	871
1	2018117	0	5	5	10429352	100532	43.62029266357422	-0.04190826043486595	2810.5615234375	1.006657600402832	3.899120330810547	0	1	471	0
1	2018724	0	1	5	10439118	100162	66.40122985839844	-0.0840832069516182	2848.644287109375	0.9999443292617798	3.8850440979003906	0	0	466	871
1	2018878	0	5	5	10430152	100530	43.787925720214844	0.12572477757930756	2811.176025390625	1.0055632591247559	3.8850440979003906	0	0	470	0
1	2019484	0	1	5	10439918	100160	66.56939697265625	0.04204177111387253	2850.111083984375	0.9967247247695923	3.8920822143554688	0	0	467	872
1	2019638	0	5	5	10430902	100531	43.70410919189453	0.12572376430034637	2812.523193359375	1.00702965259552	3.899120330810547	0	2	469	1
1	2020244	0	1	5	10440718	100162	66.40122985839844	0.04204109311103821	2852.869384765625	0.9985910058021545	3.8850440979003906	0	0	466	871
1	2020398	0	5	5	10431702	100534	43.45266342163086	0.0	2814.39990234375	1.0079617500305176	3.8850440979003906	0	2	471	0
1	2021005	0	1	5	10441468	100175	65.30821990966797	-0.5885491371154785	2854.589111328125	0.9977989792823792	3.8920822143554688	0	0	464	871
1	2021159	0	5	5	10432402	100537	43.20122146606445	-0.3352620303630829	2815.19775390625	1.0074197053909302	3.8850440979003906	0	1	470	0
1	2021768	0	1	5	10442268	100176	65.2241439819336	-0.8828415274620056	2856.0625	0.9956693053245544	3.8920822143554688	0	0	466	872
1	2021922	0	5	5	10433202	100539	43.03359603881836	-0.3771652281284332	2817.290283203125	1.0096570253372192	3.8850440979003906	0	0	469	2
1	2022528	0	1	5	10443018	100521	36.259315490722656	-14.902796745300293	2865.771484375	0.9981784820556641	3.899120330810547	0	0	467	812
1	2022528	0	5	5	10433902	100612	36.91715621948242	-3.351567506790161	2821.579833984375	1.008878469467163	3.8850440979003906	0	2	470	0
1	2023389	0	5	5	10434702	100610	37.08468246459961	-1.5917510986328125	2823.914306640625	1.0058765411376953	3.8920822143554688	0	0	472	0
1	2023538	0	1	5	10443918	100522	36.17547607421875	-1.5093138217926025	2866.556640625	0.9985332489013672	3.8850440979003906	0	0	466	806
1	2024154	0	5	5	10435402	100608	37.25221252441406	-2.6811676025390625	2824.895263671875	1.0061614513397217	3.8920822143554688	0	0	470	0
1	2024458	0	1	5	10444818	100511	37.097740173339844	0.0	2866.134765625	0.9992321133613586	3.8850440979003906	0	0	467	828
1	2024915	0	5	5	10436202	100530	43.787925720214844	3.4772653579711914	2823.881591796875	1.0088324546813965	3.906158447265625	1	0	471	1
1	2025221	0	1	5	10445618	100165	66.14898681640625	15.112512588500977	2861.76708984375	0.9987198114395142	3.8920822143554688	0	0	466	871
1	2025676	0	5	5	10436902	100532	43.62029266357422	3.1840405464172363	2825.699462890625	1.0084502696990967	3.899120330810547	0	0	471	0
1	2025980	0	1	5	10446418	100170	65.72859191894531	14.81847858428955	2865.37548828125	0.9984762072563171	3.8920822143554688	0	0	464	869
1	2026284	0	5	5	10437652	100532	43.62029266357422	2.8489701747894287	2826.948486328125	1.0069408416748047	3.8920822143554688	0	0	471	1
1	2026891	0	1	5	10447218	100172	65.56044006347656	0.25222107768058777	2868.659423828125	0.997748076915741	3.8920822143554688	0	0	464	871
1	2027045	0	5	5	10438352	100535	43.36884689331055	-0.377177357673645	2827.164306640625	1.0076897144317627	3.8780059814453125	0	0	470	0
1	2027649	0	1	5	10448118	100175	65.30821990966797	-0.3783453702926636	2868.854248046875	0.9976887106895447	3.8850440979003906	0	0	466	869
1	2027804	0	5	5	10439152	100537	43.20122146606445	-0.04190657287836075	2826.902587890625	1.0072932243347168	3.8920822143554688	0	1	470	0
1	2028559	0	5	5	10439902	100539	43.03359603881836	-0.12571869790554047	2828.98876953125	1.0078357458114624	3.8780059814453125	2	0	470	0
1	2028714	0	1	5	10449018	100175	65.30821990966797	-0.12611205875873566	2871.78125	0.9986976385116577	3.899120330810547	0	0	465	871
1	2029320	0	5	5	10440652	100571	40.35197448730469	-1.382716417312622	2830.152587890625	1.0059092044830322	3.8780059814453125	1	0	472	0
1	2029475	0	1	5	10449918	100343	51.193416595458984	-7.4357452392578125	2875.701171875	0.9971531629562378	3.8920822143554688	0	0	465	868
1	2030082	0	5	5	10441352	100562	41.106109619140625	-1.1313680410385132	2831.368896484375	1.0097681283950806	3.8780059814453125	0	0	469	0
1	2030235	0	1	5	10450718	100254	58.668514251708984	-3.5300393104553223	2876.1943359375	0.9978370070457458	3.8920822143554688	0	0	466	869
1	2030844	0	5	5	10442102	100562	41.106109619140625	-0.8799316883087158	2831.91162109375	1.006300449371338	3.8920822143554688	0	0	470	0
1	2030996	0	1	5	10451518	100377	48.33917999267578	-7.938068389892578	2879.205810546875	0.998031735420227	3.906158447265625	0	0	465	867
1	2031905	0	1	5	10452318	100241	59.760833740234375	3.3180816173553467	2879.400390625	0.9958549737930298	3.899120330810547	0	0	466	869
1	2032208	0	5	5	10443502	100551	42.02790832519531	0.37710145115852356	2834.86083984375	1.0073474645614624	3.8920822143554688	0	0	472	0
1	2032666	0	1	5	10453118	100268	57.49230194091797	-0.5040876865386963	2881.503173828125	1.002475619316101	3.8850440979003906	0	0	467	869
1	2032968	0	5	5	10444302	100564	40.93852233886719	0.20948223769664764	2836.201416015625	1.0049083232879639	3.8920822143554688	0	1	471	0
1	2033427	0	1	5	10453918	100289	55.72822952270508	2.939039945602417	2880.47119140625	0.9989316463470459	3.8920822143554688	0	0	466	868
1	2033731	0	5	5	10445002	100565	40.8547248840332	-0.41898640990257263	2835.534423828125	1.0096180438995361	3.8920822143554688	0	1	469	0
1	2034336	0	1	5	10454768	100417	44.98225402832031	-7.515334129333496	2882.4765625	0.9968902468681335	3.8920822143554688	0	0	466	865
1	2034490	0	5	5	10445752	100585	39.17898178100586	-1.2987585067749023	2836.51513671875	1.0088902711868286	3.899120330810547	1	1	472	0
1	2035096	0	1	5	10455518	100461	41.290889739990234	-7.260669231414795	2884.72216796875	0.9998147487640381	3.899120330810547	0	0	466	843
1	2035250	0	5	5	10446502	100596	38.25743865966797	-1.633829951286316	2838.228515625	1.0091990232467651	3.8850440979003906	0	0	470	0
1	2035857	0	1	5	10456318	100183	64.63565063476562	6.0493950843811035	2883.391845703125	0.9969598054885864	3.8920822143554688	0	0	465	868
1	2036010	0	5	5	10447252	100553	41.86030197143555	0.7122682929039001	2840.033203125	1.0055806636810303	3.899120330810547	2	0	470	1
1	2036621	0	1	5	10457068	100192	63.87906265258789	11.797342300415039	2886.643310546875	0.9994779825210571	3.8850440979003906	0	0	465	867
1	2036621	0	5	5	10447952	100580	39.59789276123047	0.5864534974098206	2842.760009765625	1.0053024291992188	3.8920822143554688	0	0	470	0
1	2037383	0	1	5	10457868	100251	58.92057800292969	-0.3781130909919739	2890.375	1.0015819072723389	3.8920822143554688	0	0	467	860
1	2037383	0	5	5	10448702	100589	38.843868255615234	0.0	2844.375244140625	1.009021282196045	3.8850440979003906	0	0	470	1
1	2038142	0	1	5	10458618	100251	58.92057800292969	-3.02567458152771	2892.919189453125	1.0011329650878906	3.8850440979003906	0	0	466	859
1	2038142	0	5	5	10449502	100594	38.42498779296875	-1.7176575660705566	2846.094970703125	1.0096535682678223	3.8920822143554688	0	0	470	0
1	2038901	0	5	5	10450252	100604	37.587276458740234	-0.5026298761367798	2847.265380859375	1.0078115463256836	3.899120330810547	0	0	468	0
1	2039055	0	1	5	10459418	100340	51.4453010559082	-4.535910129547119	2896.436767578125	0.9997220635414124	3.8850440979003906	0	0	468	848
1	2039662	0	1	5	10460218	100343	51.193416595458984	-3.8215694427490234	2895.664306640625	1.005558967590332	3.899120330810547	0	0	464	851
1	2039662	0	5	5	10450952	100595	38.34121322631836	-0.08377435058355331	2847.494384765625	1.0130946636199951	3.8920822143554688	0	0	471	0
1	2040424	0	1	5	10460918	100289	55.72822952270508	-0.6300103664398193	2896.533935546875	1.0001349449157715	3.8920822143554688	0	0	467	858
1	2040424	0	5	5	10451752	100594	38.42498779296875	0.04188700392842293	2848.265869140625	1.0102145671844482	3.8920822143554688	0	0	472	0
1	2041183	0	1	5	10461718	100279	56.5682258605957	3.2750887870788574	2899.577880859375	0.9982851147651672	3.899120330810547	0	0	466	858
1	2041183	0	5	5	10452452	100597	38.173667907714844	0.12565697729587555	2849.65234375	1.0093997716903687	3.899120330810547	0	2	469	0
1	2041942	0	5	5	10453202	100601	37.838584899902344	-0.12565596401691437	2850.410888671875	1.004982590675354	3.8920822143554688	0	0	468	1
1	2042096	0	1	5	10462468	100370	48.926753997802734	-2.602834463119507	2901.68701171875	0.9960517287254333	3.8920822143554688	0	0	465	846
1	2042702	0	5	5	10453952	100597	38.173667907714844	-0.08377300202846527	2848.337890625	1.0111685991287231	3.8920822143554688	1	0	471	0
1	2042857	0	1	5	10463268	100364	49.43041229248047	-2.686948776245117	2900.64208984375	0.9959246516227722	3.899120330810547	0	0	466	846
1	2043464	0	5	5	10454752	100594	38.42498779296875	0.25131696462631226	2849.65234375	1.0087555646896362	3.8780059814453125	0	0	470	0
1	2043619	0	1	5	10464018	100303	54.55234909057617	-1.4210854715202004e-13	2901.537841796875	0.9949807524681091	3.8850440979003906	0	0	464	851
1	2044226	0	5	5	10455452	100596	38.25743865966797	0.20942828059196472	2851.064697265625	1.0106698274612427	3.8780059814453125	2	0	471	0
1	2044379	0	1	5	10464818	100285	56.0642204284668	3.9044883251190186	2902.71240234375	1.0011392831802368	3.8780059814453125	0	0	466	860
1	2044985	0	5	5	10456202	100593	38.50876235961914	0.08377435058355331	2852.385498046875	1.004106879234314	3.8850440979003906	0	0	471	0
1	2045138	0	1	5	10465668	100325	52.704803466796875	1.3433767557144165	2905.678466796875	0.9969135522842407	3.8920822143554688	0	0	466	850
1	2045595	0	5	5	10456952	100598	38.08989334106445	-0.20943334698677063	2853.54296875	1.0113648176193237	3.8780059814453125	0	0	468	0
1	2046503	0	5	5	10457702	100598	38.08989334106445	-0.3769860863685608	2854.419189453125	1.008527398109436	3.8920822143554688	0	0	470	0
1	2046657	0	1	5	10467118	100274	56.988250732421875	1.0079799890518188	2907.132080078125	1.0024129152297974	3.8920822143554688	0	0	466	859
1	2047264	0	5	5	10458502	100594	38.42498779296875	0.083773672580719	2852.496826171875	1.0122907161712646	3.899120330810547	1	0	470	1
1	2047419	0	1	5	10467918	100248	59.17264938354492	2.730067014694214	2905.5810546875	0.9981784820556641	3.8920822143554688	0	0	468	860
1	2047875	0	5	5	10459202	100597	38.173667907714844	0.041885994374752045	2850.397705078125	1.0077595710754395	3.8709676265716553	1	0	470	0
1	2048331	0	1	5	10468718	100303	54.55234909057617	0.46190690994262695	2906.619384765625	0.998117208480835	3.8850440979003906	0	0	466	853
1	2048635	0	5	5	10459952	100601	37.838584899902344	-0.20942828059196472	2852.398681640625	1.0065120458602905	3.8920822143554688	0	0	473	1
1	2049091	0	1	5	10469518	100276	56.82024002075195	-0.9241383671760559	2908.261474609375	0.9929077625274658	3.8920822143554688	0	0	467	858
1	2049395	0	5	5	10460702	100597	38.173667907714844	-0.08377300202846527	2853.111328125	1.0092089176177979	3.8850440979003906	0	0	471	0
1	2049851	0	1	5	10470268	100226	61.02134323120117	1.386459469795227	2908.43017578125	0.9953371286392212	3.8920822143554688	0	0	467	864
1	2050155	0	5	5	10461502	100588	38.92764663696289	0.4188750982284546	2853.12451171875	1.0018742084503174	3.8920822143554688	0	0	471	0
1	2050462	0	1	5	10471018	100222	61.357505798339844	3.7385146617889404	2908.33935546875	0.9968485236167908	3.8920822143554688	0	0	465	864
1	2050917	0	5	5	10462252	100592	38.59253692626953	0.16754870116710663	2852.281005859375	1.0059036016464233	3.8920822143554688	2	0	469	0
1	2051375	0	1	5	10471768	100238	60.01292419433594	0.7142136096954346	2909.8515625	1.0008801221847534	3.899120330810547	0	0	465	863
1	2051679	0	5	5	10462952	100591	38.67631149291992	0.04188801720738411	2852.333251953125	1.009987235069275	3.8920822143554688	0	0	470	1
1	2052133	0	1	5	10472568	100230	60.6851921081543	-0.882456362247467	2911.63623046875	0.9982326030731201	3.8920822143554688	0	0	466	864
1	2052439	0	5	5	10463702	100590	38.76008987426758	0.0	2853.752197265625	1.0069336891174316	3.8920822143554688	0	0	471	0
1	2052894	0	1	5	10473318	100231	60.60115432739258	0.0	2913.076904296875	1.0072845220565796	3.8780059814453125	0	0	466	864
1	2053200	0	5	5	10464452	100589	38.843868255615234	0.16755273938179016	2854.981689453125	1.00400710105896	3.8920822143554688	1	1	468	0
1	2053654	0	1	5	10474118	100232	60.517120361328125	0.08403429388999939	2915.257568359375	0.9983923435211182	3.8920822143554688	0	0	466	863
1	2053962	0	5	5	10465252	100591	38.67631149291992	-0.0837770476937294	2857.270263671875	1.0104947090148926	3.8850440979003906	0	0	471	0
1	2054418	0	1	5	10474918	100247	59.25667190551758	-1.0083951950073242	2916.588134765625	0.9983294606208801	3.906158447265625	0	0	465	862
1	2054722	0	5	5	10466002	100593	38.50876235961914	-0.16755273938179016	2858.120361328125	1.009616494178772	3.8920822143554688	0	0	470	0
1	2055178	0	1	5	10475668	100247	59.25667190551758	-1.1344584226608276	2916.724365234375	0.9929351210594177	3.8850440979003906	0	0	466	862
1	2055481	0	5	5	10466752	100594	38.42498779296875	-0.2932184934616089	2858.806884765625	1.0083564519882202	3.899120330810547	0	2	469	0
1	2055938	0	1	5	10476468	100217	61.7777214050293	1.1344858407974243	2917.256591796875	0.9863755106925964	3.8850440979003906	0	0	466	864
1	2056846	0	1	5	10477268	100247	59.25667190551758	-0.12603871524333954	2919.60595703125	0.9981387257575989	3.8850440979003906	0	0	467	860
1	2057452	0	5	5	10468752	100594	38.42498779296875	0.0	2860.487548828125	1.007501244544983	3.899120330810547	1	0	468	0
1	2057606	0	1	5	10478018	100258	58.33243942260742	-0.9662889838218689	2921.38427734375	0.9967824816703796	3.8780059814453125	0	0	467	859
1	2058213	0	5	5	10469552	100592	38.59253692626953	-0.20944344997406006	2861.625244140625	1.00714910030365	3.8850440979003906	0	0	467	0
1	2058367	0	1	5	10478818	100244	59.508750915527344	-0.42015111446380615	2923.357177734375	0.99904465675354	3.8850440979003906	0	0	466	860
1	2059127	0	1	5	10479568	100234	60.34905242919922	0.7562475800514221	2924.7978515625	0.9996268153190613	3.8920822143554688	0	0	467	861
1	2059732	0	5	5	10470952	100593	38.50876235961914	0.12566101551055908	2863.175048828125	1.00630521774292	3.8920822143554688	0	0	468	1
1	2059886	0	1	5	10480368	100261	58.08039093017578	-0.4200934171676636	2925.745361328125	0.9914801716804504	3.899120330810547	0	0	467	858
1	2060491	0	5	5	10471702	100595	38.34121322631836	-0.08377435058355331	2862.272705078125	1.0056989192962646	3.899120330810547	1	0	471	0
1	2060645	0	1	5	10481118	100270	57.324283599853516	-1.1342476606369019	2926.212646484375	1.0042688846588135	3.899120330810547	0	0	466	856
1	2061250	0	5	5	10472502	100594	38.42498779296875	-0.2932184934616089	2861.769287109375	1.0101388692855835	3.8850440979003906	2	0	470	1
1	2061554	0	1	5	10481918	100252	58.83655548095703	-1.0503735542297363	2926.783935546875	0.9989285469055176	3.8780059814453125	0	0	467	858
1	2061861	0	5	5	10473202	100593	38.50876235961914	0.08377435058355331	2862.44921875	1.0085902214050293	3.8920822143554688	1	0	470	0
1	2062165	0	1	5	10482718	100256	58.5004768371582	0.6301019787788391	2927.08251953125	0.9959575533866882	3.8920822143554688	0	0	468	860
1	2062774	0	5	5	10474002	100594	38.42498779296875	-0.04188734292984009	2860.96484375	1.0061708688735962	3.8780059814453125	0	1	470	0
1	2063078	0	1	5	10483468	100252	58.83655548095703	0.5461103916168213	2926.5048828125	0.9993681311607361	3.8850440979003906	0	0	465	860
1	2063382	0	5	5	10474752	100595	38.34121322631836	-0.16755004227161407	2861.952392578125	1.0041581392288208	3.8850440979003906	0	0	472	0
1	2063838	0	1	5	10484268	100277	56.73623275756836	-1.1761950254440308	2928.80224609375	1.0029383897781372	3.8920822143554688	0	0	466	857
1	2064141	0	5	5	10475502	100587	39.01142501831055	0.3351054787635803	2863.3515625	1.007908821105957	3.8920822143554688	0	1	470	0
1	2064597	0	1	5	10485018	100208	62.534156799316406	2.0588486194610596	2929.69140625	0.9998323917388916	3.899120330810547	0	0	465	865
1	2065052	0	5	5	10476252	100583	39.3465461730957	0.4607793092727661	2864.973388671875	1.0080046653747559	3.8920822143554688	0	0	471	0
1	2065357	0	1	5	10485818	100210	62.36605453491211	2.3948709964752197	2932.14453125	0.9989778399467468	3.8850440979003906	0	0	465	866
1	2065662	0	5	5	10477002	100583	39.3465461730957	0.628325343132019	2866.241943359375	1.0076954364776611	3.8920822143554688	1	0	470	1
1	2066118	0	1	5	10486618	100219	61.60963439941406	1.0084278583526611	2934.39013671875	0.9935588836669922	3.8920822143554688	0	0	467	865
1	2066425	0	5	5	10477702	100589	38.843868255615234	-0.20944851636886597	2867.1640625	1.0067921876907349	3.8920822143554688	0	1	469	0
1	2066880	0	1	5	10487368	100252	58.83655548095703	-1.9328513145446777	2935.72705078125	0.9976330399513245	3.8780059814453125	0	0	466	856
1	2067184	0	5	5	10478452	100597	38.173667907714844	-0.6283303499221802	2867.693603515625	0.9904877543449402	3.8850440979003906	0	0	469	0
1	2067640	0	1	5	10488168	100408	45.73746871948242	-8.104172706604004	2939.1083984375	0.9821953177452087	3.8850440979003906	0	0	466	836
1	2067794	0	5	5	10479152	100600	37.9223518371582	-0.6702055931091309	2868.1513671875	1.0103789567947388	3.899120330810547	0	0	470	1
1	2068554	0	1	5	10488918	100458	41.54253005981445	-9.109151840209961	2939.59521484375	1.0251425504684448	3.8920822143554688	0	0	468	834
1	2068706	0	5	5	10479852	100602	37.75481414794922	-0.5445266962051392	2868.216796875	1.037161111831665	3.8850440979003906	1	0	472	1
1	2069161	0	1	5	10489718	100526	35.840126037597656	-9.860055923461914	2939.588623046875	0.9935749769210815	3.8920822143554688	0	0	465	794
1	2069315	0	5	5	10480652	100605	37.503509521484375	-0.37696483731269836	2868.524169921875	1.0052566528320312	3.899120330810547	0	0	474	1
1	2070074	0	1	5	10490518	100529	35.588623046875	-5.074423313140869	2938.23876953125	1.0013715028762817	3.899120330810547	0	0	465	794
1	2070074	0	5	5	10481352	100609	37.16844940185547	-0.2931830883026123	2868.83154296875	1.0048073530197144	3.8850440979003906	0	0	471	0
1	2070832	0	1	5	10491318	100526	35.840126037597656	-2.222126007080078	2938.2646484375	0.9971064329147339	3.8920822143554688	0	0	466	796
1	2070832	0	5	5	10482102	100606	37.419742584228516	-0.08376692980527878	2869.374267578125	1.0057542324066162	3.8850440979003906	0	0	469	1
1	2071592	0	5	5	10482852	100606	37.419742584228516	0.0418829582631588	2870.021484375	1.010798454284668	3.8850440979003906	0	0	473	1
1	2071746	0	1	5	10492118	100458	41.54253005981445	2.8931195735931396	2937.141845703125	0.9501767158508301	3.8850440979003906	0	0	464	811
1	2072353	0	5	5	10483652	100609	37.16844940185547	-0.04188228398561478	2870.812744140625	0.9747412204742432	3.8850440979003906	0	2	470	0
1	2072507	0	1	5	10492918	100514	36.84620666503906	0.46112164855003357	2939.783203125	0.9167302250862122	3.8920822143554688	0	0	465	775
1	2073115	0	5	5	10484352	100607	37.335975646972656	0.0	2870.70166015625	1.0146523714065552	3.8920822143554688	1	0	472	0
1	2073270	0	1	5	10493768	100512	37.01389694213867	-0.08384604007005692	2937.894775390625	1.1469838619232178	3.899120330810547	0	0	466	776
1	2073876	0	5	5	10485102	100603	37.671043395996094	0.33506232500076294	2870.46630859375	1.135916829109192	3.8850440979003906	0	0	472	1
1	2074180	0	1	5	10494618	100502	37.85238265991211	-1.0482571125030518	2936.7265625	0.7340888977050781	3.8920822143554688	0	0	465	758
1	2074634	0	5	5	10485852	100597	38.173667907714844	0.5026096701622009	2868.05322265625	1.083709478378296	3.8920822143554688	0	0	469	0
1	2075091	0	1	5	10495468	100204	62.870365142822266	13.09592342376709	2928.432373046875	0.9255392551422119	3.8920822143554688	0	0	466	893
1	2075395	0	5	5	10486652	100556	41.6088981628418	2.2202258110046387	2864.71826171875	0.9674282073974609	3.8920822143554688	0	0	470	1
1	2075851	0	1	5	10496268	100176	65.2241439819336	14.063200950622559	2926.55029296875	1.0722026824951172	3.8920822143554688	0	0	466	888
1	2076156	0	5	5	10487352	100488	47.30885696411133	4.735137939453125	2861.8935546875	0.7957041263580322	3.8920822143554688	2	0	472	1
1	2076611	0	1	5	10497068	100145	67.83073425292969	14.863395690917969	2928.185791015625	1.0684123039245605	3.8920822143554688	0	0	466	881
1	2076917	0	5	5	10488152	100490	47.14116668701172	0.20960713922977448	2860.5595703125	0.9967623949050903	3.8850440979003906	0	0	470	0
1	2077523	0	1	5	10497918	100157	66.8216552734375	2.7740955352783203	2930.256103515625	1.224990963935852	3.899120330810547	0	0	467	874
1	2077677	0	5	5	10488952	100540	42.94978713989258	0.0	2861.19384765625	0.9624072909355164	3.8850440979003906	0	0	468	1
1	2078282	0	1	5	10498768	100203	62.95442199707031	-2.6063475608825684	2929.23046875	1.0592352151870728	3.8850440979003906	0	0	466	861
1	2079038	0	1	5	10499568	100275	56.90424346923828	-5.505291938781738	2927.192626953125	1.0584425926208496	3.906158447265625	0	0	466	856
1	2079038	0	5	5	10490302	100563	41.022315979003906	-3.185194492340088	2853.235595703125	0.9906640648841858	3.8780059814453125	0	1	469	0
1	2079801	0	5	5	10491052	100564	40.93852233886719	-0.7542059421539307	2848.60595703125	1.0709285736083984	3.899120330810547	1	0	470	0
1	2079953	0	1	5	10500368	100305	54.384376525878906	-4.705312728881836	2923.519287109375	0.9980711340904236	3.8920822143554688	0	0	465	851
1	2080408	0	5	5	10491752	100580	39.59789276123047	-0.29325151443481445	2844.86572265625	0.9950297474861145	3.906158447265625	1	1	470	0
1	2080866	0	1	5	10501218	100383	47.8355712890625	-5.62652587890625	2923.357177734375	0.9290879964828491	3.8850440979003906	0	0	466	850
1	2081171	0	5	5	10492452	100580	39.59789276123047	-0.25135743618011475	2846.4677734375	1.0689680576324463	3.8920822143554688	0	0	469	0
1	2081628	0	1	5	10502068	100463	41.123130798339844	-8.436623573303223	2925.297607421875	1.0087107419967651	3.899120330810547	0	0	467	807
1	2081933	0	5	5	10493202	100585	39.17898178100586	-0.7540783882141113	2848.664794921875	1.0101161003112793	3.8850440979003906	0	0	471	0
1	2082389	0	1	5	10502868	100478	39.865028381347656	-3.313854455947876	2924.674560546875	0.9756251573562622	3.8920822143554688	0	0	465	810
1	2082693	0	5	5	10493902	100582	39.430328369140625	-0.33514055609703064	2847.926025390625	1.0444122552871704	3.8780059814453125	0	0	472	0
1	2083300	0	1	5	10503618	100472	40.36825180053711	-2.852442979812622	2924.382568359375	0.9357541799545288	3.8920822143554688	0	0	467	815
1	2083454	0	5	5	10494702	100579	39.681678771972656	0.08378379046916962	2849.8876953125	1.0361034870147705	3.8920822143554688	0	0	468	0
1	2084059	0	1	5	10504468	100473	40.28437805175781	0.16774073243141174	2924.719970703125	0.9685364961624146	3.8850440979003906	0	0	468	807
1	2084214	0	5	5	10495452	100580	39.59789276123047	0.0837831124663353	2852.830322265625	0.9970834851264954	3.8850440979003906	0	0	472	0
1	2084823	0	1	5	10505268	100472	40.36825180053711	0.08387171477079391	2925.382080078125	0.9578387141227722	3.8850440979003906	0	0	466	806
1	2084977	0	5	5	10496302	100580	39.59789276123047	0.16756488382816315	2852.836669921875	1.1805499792099	3.8920822143554688	1	0	470	0
1	2085582	0	1	5	10506068	100473	40.28437805175781	0.1258060485124588	2923.720703125	0.9761505722999573	3.8850440979003906	0	0	466	816
1	2085736	0	5	5	10497052	100588	38.92764663696289	-0.41890883445739746	2853.1376953125	1.019178867340088	3.8850440979003906	0	0	470	1
1	2086492	0	1	5	10506918	100476	40.03276824951172	0.0	2924.096923828125	1.0250599384307861	3.8850440979003906	0	0	466	813
1	2086492	0	5	5	10497802	100587	39.01142501831055	-0.335127055644989	2854.314697265625	1.0142302513122559	3.8780059814453125	0	0	473	0
1	2087257	0	5	5	10498602	100587	39.01142501831055	0.0	2852.797607421875	0.9725329279899597	3.8850440979003906	0	0	469	0
1	2087409	0	1	5	10507818	100488	39.0263786315918	-0.5031937956809998	2922.94189453125	0.9377870559692383	3.8850440979003906	0	0	465	768
1	2088168	0	1	5	10508618	100488	39.0263786315918	-0.461259126663208	2921.6826171875	1.0185317993164062	3.8920822143554688	0	0	465	774
1	2088168	0	5	5	10499352	100587	39.01142501831055	-0.08377974480390549	2850.82275390625	1.0038267374038696	3.8850440979003906	1	0	470	0
1	2088928	0	1	5	10509418	100482	39.52956008911133	0.16772855818271637	2922.240966796875	0.9800336360931396	3.8850440979003906	0	0	466	774
1	2088928	0	5	5	10500202	100588	38.92764663696289	-0.12566910684108734	2852.732177734375	0.9926079511642456	3.8850440979003906	0	0	470	0
1	2089684	0	5	5	10500952	100589	38.843868255615234	-0.16755813360214233	2852.352783203125	1.1058979034423828	3.8920822143554688	0	0	469	0
1	2090442	0	1	5	10510818	100473	40.28437805175781	0.5451375842094421	2919.62548828125	0.9660648107528687	3.8920822143554688	0	0	467	800
1	2090442	0	5	5	10501702	100578	39.765464782714844	0.08378446102142334	2850.894775390625	0.9170225858688354	3.8920822143554688	0	0	470	0
1	2091203	0	5	5	10502502	100579	39.681678771972656	0.2513473331928253	2850.031494140625	1.010297417640686	3.8850440979003906	1	0	472	0
1	2091357	0	1	5	10511718	100476	40.03276824951172	0.25160297751426697	2917.970458984375	1.116003155708313	3.899120330810547	0	0	466	783
1	2092117	0	1	5	10512518	100486	39.1941032409668	-0.5451375842094421	2917.996337890625	0.9875228404998779	3.8920822143554688	0	0	465	799
1	2092117	0	5	5	10503352	100591	38.67631149291992	-0.5026825070381165	2849.3056640625	0.9980586767196655	3.8920822143554688	1	0	470	1
1	2092725	0	1	5	10513268	100497	38.27165222167969	-0.922492265701294	2916.58154296875	1.0363997220993042	3.8920822143554688	0	0	465	804
1	2092879	0	5	5	10504102	100595	38.34121322631836	-0.5445573925971985	2848.926513671875	1.0431361198425293	3.8920822143554688	1	2	471	0
1	2093485	0	1	5	10513968	100493	38.607078552246094	-0.4193078875541687	2914.796875	1.0054395198822021	3.899120330810547	0	0	468	793
1	2093485	0	5	5	10504852	100590	38.76008987426758	0.0	2848.795654296875	1.0013549327850342	3.8780059814453125	0	0	472	0
1	2094245	0	5	5	10505552	100593	38.50876235961914	-0.08377569913864136	2844.43408203125	0.9969040155410767	3.8850440979003906	0	2	470	0
1	2094399	0	1	5	10514718	100502	37.85238265991211	-0.5031370520591736	2912.674560546875	0.9694714546203613	3.8850440979003906	0	0	467	771
1	2095005	0	5	5	10506352	100587	39.01142501831055	0.12566708028316498	2842.41357421875	0.965731680393219	3.8850440979003906	1	1	471	1
1	2095160	0	1	5	10515568	100507	37.43313217163086	-0.2515523135662079	2908.482177734375	0.9694201946258545	3.8920822143554688	0	0	466	767
1	2095921	0	1	5	10516368	100506	37.5169792175293	-0.335408478975296	2905.568115234375	0.9865404367446899	3.8920822143554688	0	0	468	771
1	2096377	0	5	5	10507702	100588	38.92764663696289	0.08377771824598312	2838.653564453125	0.9972741603851318	3.8850440979003906	0	0	472	1
1	2096681	0	1	5	10517168	100491	38.77479934692383	0.12578780949115753	2902.62158203125	1.0149905681610107	3.8780059814453125	0	0	467	785
1	2097136	0	5	5	10508452	100579	39.681678771972656	0.41890546679496765	2836.744140625	0.957263171672821	3.8780059814453125	0	0	471	1
1	2097593	0	1	5	10518018	100478	39.865028381347656	1.2578730583190918	2900.03857421875	0.980631411075592	3.8920822143554688	0	0	466	790
1	2097897	0	5	5	10509202	100583	39.3465461730957	0.2932279109954834	2837.1953125	1.0175509452819824	3.8780059814453125	0	1	470	1
1	2098504	0	1	5	10518918	100475	40.11663818359375	1.0482739210128784	2898.662841796875	0.9921473860740662	3.8850440979003906	0	0	468	798
1	2098658	0	5	5	10509952	100577	39.849246978759766	0.41891220211982727	2836.71142578125	0.9774588346481323	3.8850440979003906	0	1	471	0
1	2099264	0	1	5	10519718	100475	40.11663818359375	0.33547064661979675	2896.423583984375	1.011405348777771	3.899120330810547	0	0	466	816
1	2099418	0	5	5	10510702	100578	39.765464782714844	0.08378446102142334	2831.126953125	1.0020276308059692	3.8850440979003906	0	0	469	0
1	2100025	0	1	5	10520518	100481	39.613426208496094	0.04193298518657684	2894.638916015625	1.0031267404556274	3.8920822143554688	0	0	464	815
1	2100783	0	5	5	10512102	100579	39.681678771972656	-0.2094653844833374	2830.316162109375	0.9559781551361084	3.899120330810547	0	0	471	0
1	2100937	0	1	5	10521368	100480	39.69729232788086	-0.293542742729187	2893.522705078125	0.968063235282898	3.8920822143554688	0	0	468	778
1	2101543	0	5	5	10512802	100578	39.765464782714844	-0.2094670683145523	2831.59765625	0.9765914082527161	3.8920822143554688	0	0	470	1
1	2102300	0	5	5	10513602	100574	40.100608825683594	0.1675729751586914	2831.32958984375	0.9422641396522522	3.8850440979003906	0	0	470	0
1	2102455	0	1	5	10522818	100475	40.11663818359375	0.08386968821287155	2891.802734375	0.9678091406822205	3.8850440979003906	0	0	467	781
1	2103211	0	5	5	10514352	100573	40.18439865112305	0.2094670683145523	2829.531494140625	1.0262587070465088	3.8920822143554688	0	0	471	0
1	2103366	0	1	5	10523718	100469	40.619873046875	0.33548685908317566	2888.86279296875	1.012035846710205	3.8920822143554688	0	0	465	791
1	2103822	0	5	5	10515152	100578	39.765464782714844	0.2513493597507477	2828.47216796875	0.9149928092956543	3.899120330810547	0	0	472	1
1	2104126	0	1	5	10524618	100475	40.11663818359375	0.08386968821287155	2885.87744140625	0.9685484170913696	3.899120330810547	0	0	466	800
1	2104583	0	5	5	10515852	100582	39.430328369140625	0.041891053318977356	2827.530517578125	1.1675128936767578	3.8850440979003906	1	1	470	0
1	2104887	0	1	5	10525418	100487	39.1102409362793	-0.7128779888153076	2884.81298828125	0.9538964033126831	3.8850440979003906	0	0	466	773
1	2105343	0	5	5	10516602	100587	39.01142501831055	-0.5864865183830261	2826.497314453125	0.9879745841026306	3.8780059814453125	0	1	467	0
1	2105799	0	1	5	10526218	100490	38.85865783691406	-0.6709250807762146	2881.431884765625	1.0215882062911987	3.899120330810547	0	0	466	778
1	2106103	0	5	5	10517352	100586	39.0952033996582	-0.5027027130126953	2825.797607421875	0.9538888931274414	3.8920822143554688	1	0	468	1
1	2106560	0	1	5	10527018	100472	40.36825180053711	0.12580706179141998	2880.3154296875	1.0311715602874756	3.899120330810547	0	0	467	804
1	2106867	0	5	5	10518152	100579	39.681678771972656	0.2932373583316803	2823.064208984375	1.0242266654968262	3.8920822143554688	0	0	471	0
1	2107325	0	1	5	10527818	100463	41.123130798339844	0.9225814342498779	2877.544189453125	0.9664949774742126	3.8850440979003906	0	0	466	781
1	2107479	0	5	5	10518852	100570	40.43576431274414	0.6283910870552063	2819.225830078125	0.9215917587280273	3.8920822143554688	0	0	469	0
1	2108085	0	1	5	10528568	100461	41.290889739990234	1.1741851568222046	2874.1240234375	1.0701611042022705	3.8920822143554688	0	0	468	783
1	2108389	0	5	5	10519602	100565	40.8547248840332	0.6703081130981445	2818.140380859375	1.0457468032836914	3.8850440979003906	0	0	471	0
1	2109145	0	5	5	10520402	100576	39.93303298950195	-0.1675756722688675	2816.564453125	0.9974908232688904	3.8850440979003906	1	1	470	0
1	2109601	0	1	5	10530018	100470	40.53599548339844	-0.0838744193315506	2870.755859375	1.0195356607437134	3.8920822143554688	0	0	468	786
1	2109905	0	5	5	10521152	100578	39.765464782714844	-0.41894257068634033	2816.91748046875	0.9894354343414307	3.8920822143554688	0	0	470	1
1	2110512	0	1	5	10530918	100474	40.20050811767578	-0.5032505989074707	2869.587646484375	1.029447317123413	3.899120330810547	0	0	466	785
1	2110667	0	5	5	10521902	100575	40.016822814941406	0.16757163405418396	2816.91748046875	0.9752195477485657	3.8850440979003906	0	0	470	0
1	2111124	0	1	5	10531668	100475	40.11663818359375	-0.2516171932220459	2867.59521484375	1.0002046823501587	3.8850440979003906	0	0	467	780
1	2111278	0	5	5	10522602	100576	39.93303298950195	0.12567821145057678	2816.891357421875	1.0111106634140015	3.8780059814453125	0	2	471	0
1	2112037	0	1	5	10532418	100474	40.20050811767578	-0.29355692863464355	2867.231689453125	1.0253604650497437	3.906158447265625	0	0	466	778
1	2112037	0	5	5	10523352	100573	40.18439865112305	0.041894085705280304	2817.506103515625	1.022728443145752	3.899120330810547	0	0	469	0
1	2112797	0	1	5	10533218	100473	40.28437805175781	-0.1677461415529251	2866.809814453125	0.9756080508232117	3.899120330810547	0	0	467	781
1	2112797	0	5	5	10524152	100574	40.100608825683594	0.0	2816.963134765625	1.0066850185394287	3.8920822143554688	0	1	471	0
1	2113557	0	1	5	10534068	100476	40.03276824951172	0.08386901021003723	2864.577392578125	0.9662238359451294	3.8920822143554688	0	0	468	788
1	2113557	0	5	5	10524852	100578	39.765464782714844	0.0	2817.13330078125	0.966622531414032	3.8920822143554688	0	0	473	1
1	2114468	0	1	5	10534818	100471	40.452125549316406	0.08387239277362823	2863.85693359375	1.0280673503875732	3.8920822143554688	0	0	468	822
1	2114925	0	5	5	10526202	100571	40.35197448730469	0.20947043597698212	2815.655517578125	1.0146119594573975	3.8780059814453125	0	0	471	0
1	2115230	0	1	5	10535718	100465	40.95537567138672	0.5032384395599365	2859.281494140625	1.0142161846160889	3.8920822143554688	0	0	465	802
1	2115686	0	5	5	10526902	100575	40.016822814941406	0.0837864875793457	2810.888427734375	0.9755330085754395	3.8850440979003906	0	0	469	0
1	2115990	0	1	5	10536518	100468	40.7037467956543	0.16774748265743256	2857.029541015625	0.8693984150886536	3.8850440979003906	0	0	465	803
1	2116445	0	5	5	10527702	100582	39.430328369140625	-0.37703463435173035	2810.97998046875	1.1400089263916016	3.8850440979003906	0	1	472	0
1	2116902	0	1	5	10537218	100475	40.11663818359375	-0.29355454444885254	2857.035888671875	1.0228396654129028	3.8850440979003906	0	0	465	805
1	2117206	0	5	5	10528452	100584	39.26276397705078	-0.4608164131641388	2812.209228515625	0.9954355359077454	3.899120330810547	0	0	470	0
1	2117663	0	1	5	10538118	100477	39.94889831542969	-1.4679148197174072	2855.718505859375	0.9979957342147827	3.8920822143554688	0	0	464	799
1	2117967	0	5	5	10529302	100575	40.016822814941406	0.12567922472953796	2810.29345703125	1.0188953876495361	3.8850440979003906	1	0	470	0
1	2118425	0	1	5	10538918	100477	39.94889831542969	0.08386833965778351	2853.362548828125	1.1007827520370483	3.8920822143554688	0	0	466	794
1	2118729	0	5	5	10530002	100578	39.765464782714844	0.2513493597507477	2809.652587890625	0.9641457796096802	3.8850440979003906	0	1	471	0
1	2119183	0	1	5	10539718	100471	40.452125549316406	0.20967844128608704	2851.649169921875	1.003483772277832	3.8850440979003906	0	0	465	801
1	2119489	0	5	5	10530802	100569	40.51955795288086	0.46083125472068787	2809.240478515625	0.973085880279541	3.8920822143554688	0	0	470	0
1	2120093	0	1	5	10540468	100469	40.619873046875	0.20968182384967804	2847.7421875	1.0198036432266235	3.8850440979003906	0	0	466	838
1	2120247	0	5	5	10531552	100573	40.18439865112305	0.2513594627380371	2806.5791015625	0.9955384135246277	3.8920822143554688	0	1	470	0
1	2120702	0	1	5	10541218	100445	42.633052825927734	1.1324005126953125	2844.990478515625	1.010530948638916	3.8780059814453125	0	0	466	810
1	2121007	0	5	5	10532302	100570	40.43576431274414	0.20947211980819702	2805.454345703125	1.0139265060424805	3.899120330810547	0	2	470	0
1	2121615	0	1	5	10542018	100469	40.619873046875	-0.2516293525695801	2845.44482421875	0.9296783804893494	3.8920822143554688	0	0	465	783
1	2121769	0	5	5	10533102	100580	39.59789276123047	-0.37704071402549744	2806.91259765625	1.2003793716430664	3.8920822143554688	0	0	472	0
1	2122377	0	1	5	10542818	100480	39.69729232788086	-0.6290404200553894	2846.262451171875	0.9715193510055542	3.8920822143554688	0	0	465	783
1	2122531	0	5	5	10533852	100588	38.92764663696289	-0.6283758878707886	2808.3251953125	1.0237371921539307	3.899120330810547	2	1	472	0
1	2123138	0	1	5	10543618	100488	39.0263786315918	-0.9644975662231445	2846.39892578125	1.0006211996078491	3.8850440979003906	0	0	466	789
1	2124650	0	1	5	10545018	100491	38.77479934692383	-0.4193146526813507	2843.1279296875	0.9122011065483093	3.8920822143554688	0	0	466	770
1	2124650	0	5	5	10535902	100579	39.681678771972656	0.2932373583316803	2806.788330078125	0.9666434526443481	3.8920822143554688	0	0	471	0
1	2125411	0	1	5	10545868	100474	40.20050811767578	0.5032019019126892	2839.759521484375	0.9895597696304321	3.8920822143554688	0	0	465	767
1	2125411	0	5	5	10536652	100571	40.35197448730469	0.5446056127548218	2804.728515625	0.9680668115615845	3.899120330810547	0	0	471	0
1	2126022	0	5	5	10537352	100577	39.849246978759766	0.3351324498653412	2803.32275390625	1.0123847723007202	3.8920822143554688	0	0	472	0
1	2126176	0	1	5	10546668	100463	41.123130798339844	1.2160958051681519	2837.020751953125	0.9045583605766296	3.8920822143554688	0	0	466	776
1	2126780	0	5	5	10538102	100565	40.8547248840332	0.25137564539909363	2802.7080078125	1.0191900730133057	3.8780059814453125	0	0	469	0
1	2126934	0	1	5	10547418	100460	41.3747673034668	0.7548697590827942	2835.84619140625	1.0331021547317505	3.8920822143554688	0	0	465	787
1	2127539	0	5	5	10538852	100565	40.8547248840332	0.5027391910552979	2801.98876953125	0.9621402025222778	3.8850440979003906	2	2	473	1
1	2127844	0	1	5	10548218	100465	40.95537567138672	0.4613037407398224	2834.6064453125	1.0623157024383545	3.8850440979003906	0	0	466	792
1	2128300	0	5	5	10539552	100569	40.51955795288086	0.041895437985658646	2801.949462890625	0.9219186902046204	3.8850440979003906	0	0	471	1
1	2128605	0	1	5	10548968	100465	40.95537567138672	0.0	2834.69091796875	0.9767292141914368	3.8920822143554688	0	0	466	788
1	2128912	0	5	5	10540252	100567	40.68714141845703	-0.08379323780536652	2801.262939453125	1.0094904899597168	3.8780059814453125	0	1	470	0
1	2129368	0	1	5	10549868	100472	40.36825180053711	-0.4193788766860962	2830.744873046875	0.9869725704193115	3.8920822143554688	0	0	466	783
1	2129672	0	5	5	10540952	100568	40.60334777832031	0.20947550237178802	2797.783935546875	1.0169806480407715	3.8850440979003906	0	0	471	0
1	2130278	0	1	5	10550718	100480	39.69729232788086	-0.7967973947525024	2828.337158203125	1.048414707183838	3.8920822143554688	0	0	464	816
1	2130432	0	5	5	10541702	100574	40.100608825683594	-0.41895604133605957	2796.358642578125	0.9661210775375366	3.8780059814453125	1	0	469	1
1	2131188	0	1	5	10551618	100396	46.7445068359375	2.9365041255950928	2826.85107421875	0.8690035939216614	3.8850440979003906	0	0	465	847
1	2131188	0	5	5	10542502	100564	40.93852233886719	0.08379390835762024	2797.41796875	0.8978630304336548	3.8920822143554688	0	0	471	0
1	2131953	0	1	5	10552418	100167	65.98082733154297	13.015965461730957	2822.619384765625	1.0290642976760864	3.906158447265625	0	0	464	862
1	2131953	0	5	5	10543302	100547	42.36312484741211	1.2150459289550781	2797.045166015625	0.9722339510917664	3.8780059814453125	0	0	470	0
1	2132714	0	1	5	10553218	100182	64.71971893310547	12.30154037475586	2823.171142578125	0.9476404190063477	3.8920822143554688	0	0	468	860
1	2132869	0	5	5	10544052	100551	42.02790832519531	0.963649332523346	2792.50048828125	0.9319283366203308	3.8850440979003906	0	0	471	0
1	2133625	0	1	5	10554018	100236	60.18098831176758	-0.08403293788433075	2824.235595703125	1.0312083959579468	3.8920822143554688	0	0	464	854
1	2133625	0	5	5	10544902	100563	41.022315979003906	-0.1256944090127945	2791.258056640625	1.0374037027359009	3.8920822143554688	0	0	471	0
1	2134385	0	5	5	10545602	100582	39.430328369140625	-1.2149872779846191	2793.128173828125	0.9775323271751404	3.8920822143554688	0	0	471	0
1	2134539	0	1	5	10554918	100495	38.43936538696289	-14.107059478759766	2827.512939453125	0.9802646040916443	3.899120330810547	0	0	467	767
1	2134995	0	5	5	10546352	100583	39.3465461730957	-1.2987794876098633	2795.1162109375	0.8929120898246765	3.8920822143554688	0	0	471	0
1	2135299	0	1	5	10555718	100474	40.20050811767578	-10.70456314086914	2824.728759765625	0.913063108921051	3.899120330810547	0	0	468	800
1	2135906	0	5	5	10547052	100577	39.849246978759766	-0.5865337252616882	2795.23388671875	0.9791269898414612	3.8920822143554688	0	0	471	1
1	2136059	0	1	5	10556518	100478	39.865028381347656	-8.435603141784668	2821.989990234375	1.0622119903564453	3.899120330810547	0	0	466	801
1	2136516	0	5	5	10547852	100574	40.100608825683594	0.3770315945148468	2790.976806640625	1.0467346906661987	3.8780059814453125	0	1	470	0
1	2136821	0	1	5	10557268	100490	38.85865783691406	-0.4193180203437805	2819.296630859375	1.0161855220794678	3.8780059814453125	0	0	465	755
1	2137275	0	5	5	10548602	100555	41.69269943237305	1.1730769872665405	2787.03369140625	0.9236702919006348	3.8920822143554688	1	1	471	0
1	2137581	0	1	5	10558068	100236	60.18098831176758	10.032175064086914	2808.39990234375	1.1139787435531616	3.8920822143554688	0	0	466	848
1	2138035	0	5	5	10549352	100540	42.94978713989258	1.8016198873519897	2783.967041015625	1.104925274848938	3.8920822143554688	0	2	470	0
1	2138341	0	1	5	10558868	100495	38.43936538696289	-0.7128320336341858	2814.59130859375	1.014923334121704	3.8920822143554688	0	0	464	749
1	2139249	0	1	5	10559618	100357	50.01804733276367	-1.9312132596969604	2811.91748046875	0.909247875213623	3.8920822143554688	0	0	466	790
1	2139403	0	5	5	10550702	100588	38.92764663696289	-1.4244276285171509	2788.576904296875	1.0025626420974731	3.8850440979003906	0	1	471	0
1	2139857	0	1	5	10560418	100475	40.11663818359375	-9.107902526855469	2814.928955078125	1.0336449146270752	3.8850440979003906	0	0	464	812
1	2140163	0	5	5	10551502	100512	45.2967529296875	1.5087156295776367	2788.426513671875	1.0437071323394775	3.8920822143554688	2	0	470	0
1	2140618	0	1	5	10561118	100420	44.73052978515625	2.7262814044952393	2814.2734375	1.0169509649276733	3.8920822143554688	0	0	466	846
1	2140922	0	5	5	10552202	100570	40.43576431274414	0.4608275294303894	2789.583984375	0.99696284532547	3.8920822143554688	0	1	471	0
1	2141379	0	1	5	10561918	100311	53.88047409057617	-1.133872151374817	2811.242431640625	0.9763278365135193	3.8920822143554688	0	0	465	910
1	2141682	0	5	5	10552952	100526	44.12320327758789	2.136976957321167	2787.236572265625	0.8414191007614136	3.899120330810547	0	0	469	0
1	2142288	0	1	5	10562668	100467	40.787620544433594	-7.344311237335205	2812.663818359375	1.0494673252105713	3.8920822143554688	0	0	465	793
1	2142442	0	5	5	10553702	100603	37.671043395996094	-3.687110424041748	2786.2490234375	1.124236822128296	3.906158447265625	0	0	471	0
1	2143049	0	1	5	10563468	100520	36.34315490722656	-1.8028714656829834	2812.391357421875	0.37811416387557983	3.8850440979003906	0	0	464	729
1	2143203	0	5	5	10554452	100603	37.671043395996094	-2.262235164642334	2785.63427734375	0.8585109114646912	3.8850440979003906	0	0	472	0
1	2143810	0	1	5	10564218	100522	36.17547607421875	-10.784430503845215	2811.8330078125	1.006442904472351	3.8920822143554688	0	0	464	721
1	2143964	0	5	5	10555202	100605	37.503509521484375	-0.46073850989341736	2786.602294921875	0.9915542602539062	3.899120330810547	0	0	469	0
1	2144571	0	1	5	10565018	100521	36.259315490722656	-1.0061687231063843	2811.51513671875	1.0078822374343872	3.8920822143554688	0	0	466	720
1	2144725	0	5	5	10555952	100606	37.419742584228516	-0.12565089762210846	2788.30224609375	0.9938453435897827	3.8920822143554688	1	0	469	1
1	2145331	0	1	5	10565818	100526	35.840126037597656	-0.2095939964056015	2810.256103515625	1.0035345554351807	3.8780059814453125	0	0	467	723
1	2145484	0	5	5	10556752	100606	37.419742584228516	-0.08376692980527878	2787.55029296875	0.9919219613075256	3.906158447265625	0	0	470	0
1	2146240	0	1	5	10566568	100525	35.9239616394043	-0.08383726328611374	2804.3046875	1.003859519958496	3.8920822143554688	0	0	465	720
1	2146240	0	5	5	10557502	100605	37.503509521484375	-0.04188363254070282	2782.51513671875	0.9939306378364563	3.899120330810547	0	0	471	0
1	2147001	0	5	5	10558202	100605	37.503509521484375	0.29317599534988403	2779.4287109375	0.992631733417511	3.899120330810547	1	0	471	0
1	2147155	0	1	5	10567518	100524	36.0078010559082	0.08383658528327942	2801.87109375	1.0022608041763306	3.8920822143554688	0	0	466	723
1	2147611	0	5	5	10558952	100604	37.587276458740234	0.29317834973335266	2780.416259765625	0.9928702116012573	3.8850440979003906	0	0	470	1
1	2147917	0	1	5	10568318	100525	35.9239616394043	-0.16767586767673492	2796.685546875	1.0012718439102173	3.906158447265625	0	0	466	723
1	2148374	0	5	5	10559702	100606	37.419742584228516	0.0	2779.74267578125	0.9935401678085327	3.8920822143554688	0	1	472	0
1	2148678	0	1	5	10569118	100523	36.091636657714844	-0.12575842440128326	2793.051025390625	1.0052810907363892	3.8920822143554688	0	0	466	723
1	2149133	0	5	5	10560452	100609	37.16844940185547	-0.2931830883026123	2780.069580078125	0.9932698011398315	3.8920822143554688	1	0	472	1
1	2149437	0	1	5	10569868	100525	35.9239616394043	0.0	2791.279296875	1.0035148859024048	3.8850440979003906	0	0	465	721
1	2149894	0	5	5	10561152	100606	37.419742584228516	-0.12565089762210846	2780.403076171875	0.992191731929779	3.8850440979003906	0	1	469	0
1	2150198	0	1	5	10570668	100522	36.17547607421875	0.1257563978433609	2793.719482421875	1.0038191080093384	3.8850440979003906	0	0	466	724
1	2150654	0	5	5	10561952	100604	37.587276458740234	-0.08376827836036682	2780.8935546875	0.9924909472465515	3.8920822143554688	0	0	470	0
1	2150959	0	1	5	10571418	100524	36.0078010559082	0.04191846027970314	2794.076416015625	1.005624771118164	3.8850440979003906	0	0	465	722
1	2151418	0	5	5	10562652	100605	37.503509521484375	-0.04188363254070282	2779.016845703125	0.9904233813285828	3.899120330810547	0	1	471	0
1	2151998	0	1	5	10572518	100523	36.091636657714844	-0.12575842440128326	2790.00732421875	1.001099705696106	3.8920822143554688	0	0	465	724
1	2152147	0	5	5	10563452	100610	37.08468246459961	-0.2931807339191437	2778.10791015625	0.9908932447433472	3.899120330810547	2	0	471	0
1	2152769	0	1	5	10573318	100526	35.840126037597656	-0.08383658528327942	2788.1640625	1.0022392272949219	3.8850440979003906	0	0	465	724
1	2152923	0	5	5	10564202	100609	37.16844940185547	-0.2094147950410843	2776.9765625	0.9912735819816589	3.8920822143554688	0	0	468	1
1	2153682	0	1	5	10574118	100524	36.0078010559082	0.04191846027970314	2785.256591796875	1.0034351348876953	3.8920822143554688	0	0	466	723
1	2153682	0	5	5	10565002	100609	37.16844940185547	0.041881948709487915	2773.229736328125	0.991675078868866	3.899120330810547	0	0	472	1
1	2154440	0	5	5	10565702	100607	37.335975646972656	-0.0418829582631588	2772.78515625	0.9917921423912048	3.8850440979003906	0	0	470	0
1	2154594	0	1	5	10574918	100520	36.34315490722656	0.12575842440128326	2781.810302734375	1.005565881729126	3.899120330810547	0	0	467	723
1	2155199	0	5	5	10566452	100605	37.503509521484375	0.25129473209381104	2773.027099609375	0.9932510852813721	3.8920822143554688	1	0	470	0
1	2155353	0	1	5	10575768	100526	35.840126037597656	0.29341742396354675	2780.4345703125	1.0058695077896118	3.8920822143554688	0	0	467	727
1	2155960	0	5	5	10567202	100606	37.419742584228516	0.08376558125019073	2773.41943359375	0.9952884912490845	3.8920822143554688	2	1	470	0
1	2156114	0	1	5	10576518	100522	36.17547607421875	0.1257563978433609	2780.59033203125	1.008517861366272	3.8850440979003906	0	0	465	722
1	2156722	0	5	5	10567952	100613	36.833396911621094	-0.2512906789779663	2774.34130859375	0.9957475662231445	3.8920822143554688	0	0	469	0
1	2156876	0	1	5	10577318	100528	35.672454833984375	-0.25150975584983826	2780.07763671875	1.002633810043335	3.8920822143554688	0	0	466	724
1	2157482	0	5	5	10568652	100613	36.833396911621094	-0.33505693078041077	2772.7587890625	0.9932510852813721	3.8850440979003906	0	1	470	0
1	2157636	0	1	5	10578118	100529	35.588623046875	-0.3353463411331177	2773.84716796875	1.006234884262085	3.8850440979003906	0	0	464	721
1	2158093	0	5	5	10569452	100608	37.25221252441406	-0.1256488859653473	2772.64111328125	0.9919641017913818	3.8920822143554688	0	0	470	0
1	2158397	0	1	5	10578868	100523	36.091636657714844	0.2515077292919159	2772.542724609375	1.0052388906478882	3.8920822143554688	0	0	464	721
1	2158853	0	5	5	10570152	100609	37.16844940185547	0.041881948709487915	2773.530517578125	0.9911383986473083	3.8780059814453125	0	0	471	1
1	2159158	0	1	5	10579668	100524	36.0078010559082	-0.08383793383836746	2773.639404296875	1.0026708841323853	3.8850440979003906	0	0	465	720
1	2159614	0	5	5	10570902	100610	37.08468246459961	0.0	2774.25634765625	0.9918820261955261	3.8920822143554688	0	0	469	2
1	2159918	0	1	5	10580418	100523	36.091636657714844	0.16767317056655884	2773.944580078125	1.0048539638519287	3.899120330810547	0	0	463	726
1	2160375	0	5	5	10571652	100607	37.335975646972656	0.20940974354743958	2773.87060546875	0.9920118451118469	3.899120330810547	1	0	469	1
1	2160830	0	1	5	10581218	100523	36.091636657714844	0.16767317056655884	2773.392822265625	1.0048346519470215	3.899120330810547	0	0	466	728
1	2161134	0	5	5	10572452	100608	37.25221252441406	-0.04188262298703194	2774.347900390625	0.9927961230278015	3.8920822143554688	1	0	469	0
1	2161589	0	1	5	10582018	100526	35.840126037597656	-0.04191812500357628	2772.62060546875	1.0043951272964478	3.8920822143554688	0	0	466	723
1	2161893	0	5	5	10573152	100606	37.419742584228516	0.16752982139587402	2774.282470703125	0.9922045469284058	3.8920822143554688	0	0	470	0
1	2162350	0	1	5	10582768	100529	35.588623046875	-0.2095889300107956	2771.432861328125	1.0034008026123047	3.8920822143554688	0	0	466	723
1	2162654	0	5	5	10573952	100607	37.335975646972656	-0.0418829582631588	2771.980712890625	0.9932123422622681	3.8920822143554688	0	0	468	0
1	2163111	0	1	5	10583568	100526	35.840126037597656	0.08383523672819138	2768.59033203125	1.0065281391143799	3.8850440979003906	0	0	466	723
1	2163416	0	5	5	10574652	100604	37.587276458740234	0.12564988434314728	2770.0712890625	0.9921513199806213	3.906158447265625	0	0	469	0
1	2163873	0	1	5	10584318	100521	36.259315490722656	0.04191947355866432	2766.240966796875	1.004286766052246	3.8920822143554688	0	0	466	720
1	2164028	0	5	5	10575402	100610	37.08468246459961	-0.08376423269510269	2768.129150390625	0.9910391569137573	3.8850440979003906	1	3	470	0
1	2164785	0	5	5	10576152	100610	37.08468246459961	-0.16752982139587402	2761.7470703125	0.9962422847747803	3.8850440979003906	0	2	470	0
1	2165390	0	1	5	10585818	100522	36.17547607421875	0.2095922976732254	2754.799072265625	1.003860354423523	3.899120330810547	0	0	465	722
1	2165544	0	5	5	10576852	100608	37.25221252441406	-0.2094164788722992	2762.322509765625	0.9949612021446228	3.8920822143554688	1	1	471	0
1	2166302	0	1	5	10586668	100520	36.34315490722656	0.4191829264163971	2753.9619140625	1.0031319856643677	3.8850440979003906	0	0	466	727
1	2166455	0	5	5	10577652	100602	37.75481414794922	0.25130078196525574	2762.904541015625	0.9944140911102295	3.8850440979003906	2	1	469	1
1	2166911	0	1	5	10587468	100493	38.607078552246094	1.3834763765335083	2753.49462890625	1.0048737525939941	3.8850440979003906	0	0	465	792
1	2167066	0	5	5	10578402	100605	37.503509521484375	0.1256488859653473	2764.1533203125	0.9897505640983582	3.8850440979003906	1	0	470	0
1	2167826	0	1	5	10588218	100490	38.85865783691406	1.2158312797546387	2753.8125	1.0017491579055786	3.8850440979003906	0	0	465	792
1	2167826	0	5	5	10579102	100601	37.838584899902344	0.12565292418003082	2764.343017578125	0.9923359751701355	3.8850440979003906	0	0	470	0
1	2168586	0	1	5	10589018	100492	38.69093704223633	0.04192926734685898	2754.22802734375	1.0041649341583252	3.8920822143554688	0	0	465	789
1	2168586	0	5	5	10579802	100600	37.9223518371582	0.08376962691545486	2765.08203125	0.9926427602767944	3.8920822143554688	1	0	472	1
1	2169193	0	5	5	10580552	100597	38.173667907714844	0.16754195094108582	2765.160400390625	0.9904963970184326	3.8850440979003906	1	0	469	0
1	2169347	0	1	5	10589818	100489	38.9425163269043	0.08386022597551346	2753.592041015625	1.0034960508346558	3.899120330810547	0	0	466	790
1	2170255	0	1	5	10590668	100490	38.85865783691406	0.0	2752.131591796875	1.0073498487472534	3.8780059814453125	0	0	465	791
1	2170711	0	5	5	10581902	100599	38.00612258911133	0.16753925383090973	2763.2509765625	0.9909239411354065	3.899120330810547	0	1	471	0
1	2171168	0	1	5	10591518	100495	38.43936538696289	-0.08385752141475677	2748.3740234375	1.0032354593276978	3.8920822143554688	0	0	466	789
1	2171473	0	5	5	10582702	100600	37.9223518371582	-0.08377097547054291	2760.373779296875	0.9941895604133606	3.8850440979003906	0	0	471	0
1	2171929	0	1	5	10592368	100490	38.85865783691406	0.0419299453496933	2746.251708984375	1.0054869651794434	3.8920822143554688	0	0	465	791
1	2172083	0	5	5	10583402	100602	37.75481414794922	-0.041884645819664	2759.73291015625	0.9945143461227417	3.906158447265625	0	0	471	0
1	2172690	0	1	5	10593168	100496	38.355506896972656	-0.12578578293323517	2745.115966796875	1.0051995515823364	3.8850440979003906	0	0	464	791
1	2172844	0	5	5	10584152	100601	37.838584899902344	0.08376895636320114	2758.372802734375	0.9918819069862366	3.8920822143554688	0	1	471	0
1	2173604	0	1	5	10593918	100491	38.77479934692383	0.08385887742042542	2743.422119140625	1.007328987121582	3.8850440979003906	0	0	466	794
1	2173604	0	5	5	10584902	100599	38.00612258911133	0.0	2759.765625	0.9942503571510315	3.8920822143554688	0	0	470	0
1	2174365	0	1	5	10594818	100493	38.607078552246094	0.04192893207073212	2742.20849609375	1.0047049522399902	3.8920822143554688	0	0	468	791
1	2174365	0	5	5	10585702	100601	37.838584899902344	0.041884645819664	2760.105712890625	0.9935700297355652	3.899120330810547	0	0	468	1
1	2175125	0	1	5	10595618	100493	38.607078552246094	-0.16771911084651947	2740.663818359375	1.00655996799469	3.8780059814453125	0	0	465	791
1	2175125	0	5	5	10586402	100600	37.9223518371582	0.0	2757.052001953125	0.9935700297355652	3.8850440979003906	0	0	472	0
1	2175883	0	1	5	10596418	100489	38.9425163269043	0.1257898360490799	2737.321533203125	1.0033602714538574	3.899120330810547	0	0	464	791
1	2175883	0	5	5	10587202	100600	37.9223518371582	0.04188498109579086	2756.967041015625	0.9922823905944824	3.8920822143554688	0	1	471	0
1	2176642	0	5	5	10587952	100601	37.838584899902344	-0.16754195094108582	2757.2939453125	0.9914134740829468	3.8920822143554688	0	0	470	1
1	2176796	0	1	5	10597218	100490	38.85865783691406	0.2515746057033539	2736.970947265625	1.0044894218444824	3.8780059814453125	0	0	466	790
1	2177403	0	5	5	10588702	100598	38.08989334106445	0.08377097547054291	2758.28125	0.9922129511833191	3.8850440979003906	2	0	469	0
1	2177557	0	1	5	10598068	100490	38.85865783691406	0.0	2736.3544921875	1.0050562620162964	3.8850440979003906	0	0	468	791
1	2178165	0	5	5	10589402	100603	37.671043395996094	0.0	2759.896484375	0.9939402341842651	3.8920822143554688	2	0	469	0
1	2178319	0	1	5	10598868	100490	38.85865783691406	0.08385955542325974	2736.41943359375	1.0033420324325562	3.899120330810547	0	0	466	791
1	2178927	0	5	5	10590152	100604	37.587276458740234	-0.12565292418003082	2759.28173828125	0.9924691915512085	3.8920822143554688	1	0	468	1
1	2179231	0	1	5	10599618	100500	38.02008819580078	-0.37735429406166077	2733.8623046875	1.0047773122787476	3.899120330810547	0	0	466	791
1	2179535	0	5	5	10590902	100601	37.838584899902344	0.12565292418003082	2757.104248046875	0.9931742548942566	3.8920822143554688	1	0	470	0
1	2179991	0	1	5	10600468	100496	38.355506896972656	-0.08385685086250305	2732.135986328125	1.0026538372039795	3.8850440979003906	0	0	466	792
1	2180295	0	5	5	10591652	100605	37.503509521484375	-0.16753655672073364	2756.6923828125	0.9937141537666321	3.8850440979003906	1	1	471	0
1	2180751	0	1	5	10601268	100496	38.355506896972656	0.041927918791770935	2730.195556640625	1.0049997568130493	3.8850440979003906	0	0	464	790
1	2181206	0	5	5	10592402	100606	37.419742584228516	-0.2931901514530182	2753.60595703125	0.9922021627426147	3.8850440979003906	0	0	469	0
1	2181512	0	1	5	10601968	100497	38.27165222167969	-0.125784769654274	2727.859130859375	1.0070046186447144	3.8850440979003906	0	0	466	791
1	2181818	0	5	5	10593152	100602	37.75481414794922	0.0	2753.12841796875	0.9894444346427917	3.899120330810547	0	1	471	1
1	2182275	0	1	5	10602768	100497	38.27165222167969	0.041927579790353775	2726.1328125	1.0033973455429077	3.8850440979003906	0	0	467	790
1	2182580	0	5	5	10593852	100605	37.503509521484375	-0.0837676078081131	2752.468017578125	0.9914621710777283	3.8850440979003906	1	0	469	1
1	2183035	0	1	5	10603518	100498	38.18779754638672	-0.16771234571933746	2726.230224609375	1.0010206699371338	3.899120330810547	0	0	468	789
1	2183794	0	1	5	10604318	100496	38.355506896972656	0.08385549485683441	2726.840087890625	1.0017738342285156	3.8780059814453125	0	0	465	791
1	2183946	0	5	5	10595252	100605	37.503509521484375	-0.12565191090106964	2753.566650390625	0.9946688413619995	3.8920822143554688	1	0	469	0
1	2184703	0	1	5	10605118	100501	37.93623733520508	-0.25156447291374207	2725.68505859375	1.0049141645431519	3.8780059814453125	0	0	466	792
1	2184703	0	5	5	10596002	100606	37.419742584228516	-0.04188329726457596	2752.114990234375	0.9931061863899231	3.8920822143554688	0	0	471	0
1	2185462	0	1	5	10605868	100501	37.93623733520508	-0.08385346829891205	2721.803955078125	1.0049349069595337	3.899120330810547	0	0	465	789
1	2185462	0	5	5	10596752	100603	37.671043395996094	0.04188397154211998	2748.453125	0.9947834014892578	3.8920822143554688	1	1	471	1
1	2186073	0	5	5	10597452	100601	37.838584899902344	0.2513028085231781	2747.890625	0.9915000200271606	3.8850440979003906	0	0	471	0
1	2186228	0	1	5	10606668	100494	38.52322006225586	0.125784769654274	2718.215087890625	1.0022177696228027	3.8850440979003906	0	0	467	791
1	2186833	0	5	5	10598152	100604	37.587276458740234	-0.12565292418003082	2750.035400390625	0.9939315915107727	3.899120330810547	0	0	471	0
1	2186987	0	1	5	10607418	100494	38.52322006225586	0.125784769654274	2719.4287109375	1.0065406560897827	3.8780059814453125	0	0	465	791
1	2187595	0	5	5	10598852	100595	38.34121322631836	0.20942996442317963	2749.734619140625	0.9942588806152344	3.899120330810547	0	0	472	0
1	2187749	0	1	5	10608218	100492	38.69093704223633	0.12578679621219635	2719.298828125	1.0020747184753418	3.899120330810547	0	0	466	790
1	2188205	0	5	5	10599552	100600	37.9223518371582	0.16753791272640228	2749.531982421875	0.9896950125694275	3.8920822143554688	1	2	470	0
1	2188963	0	5	5	10600252	100603	37.671043395996094	-0.04188430681824684	2748.302734375	0.9927922487258911	3.8780059814453125	0	0	470	0
1	2189117	0	1	5	10609668	100494	38.52322006225586	0.08385685086250305	2718.351318359375	1.006523847579956	3.8780059814453125	0	0	464	790
1	2189725	0	5	5	10601002	100600	37.9223518371582	0.0	2746.916259765625	0.9939493536949158	3.899120330810547	1	2	470	0
1	2190030	0	1	5	10610418	100491	38.77479934692383	0.1677163988351822	2717.85791015625	1.0017690658569336	3.8920822143554688	0	0	465	792
1	2190486	0	5	5	10601752	100600	37.9223518371582	-0.04188532009720802	2747.393798828125	0.9903371930122375	3.8920822143554688	2	0	472	0
1	2190790	0	1	5	10611218	100492	38.69093704223633	0.12578679621219635	2716.488525390625	1.0010442733764648	3.8920822143554688	0	0	465	792
1	2191246	0	5	5	10602502	100595	38.34121322631836	0.2931995987892151	2746.95556640625	0.9959608912467957	3.899120330810547	0	0	469	1
1	2191550	0	1	5	10612018	100494	38.52322006225586	0.0	2716.612060546875	1.004799723625183	3.8780059814453125	0	0	465	790
1	2192006	0	5	5	10603252	100602	37.75481414794922	-0.041884645819664	2747.58984375	0.9917075037956238	3.8920822143554688	1	0	471	0
1	2192461	0	1	5	10612868	100490	38.85865783691406	0.08385955542325974	2714.39892578125	1.0037999153137207	3.8850440979003906	0	0	465	792
1	2192766	0	5	5	10604002	100598	38.08989334106445	0.0	2744.71923828125	0.9929507374763489	3.8850440979003906	0	0	469	0
1	2193374	0	1	5	10613718	100489	38.9425163269043	0.25157663226127625	2711.783447265625	1.0070260763168335	3.899120330810547	0	0	464	792
1	2193528	0	5	5	10604752	100595	38.34121322631836	0.1675446480512619	2745.294677734375	0.9908429980278015	3.8850440979003906	0	2	470	0
1	2194135	0	1	5	10614518	100492	38.69093704223633	0.04192926734685898	2709.674072265625	1.0047099590301514	3.899120330810547	0	0	464	790
1	2194289	0	5	5	10605502	100597	38.173667907714844	0.0	2743.882080078125	0.9934811592102051	3.8920822143554688	2	0	469	0
1	2194895	0	1	5	10615318	100487	39.1102409362793	0.12579186260700226	2707.915283203125	1.0037078857421875	3.8850440979003906	0	0	463	791
1	2194895	0	5	5	10606252	100597	38.173667907714844	0.0	2744.745361328125	0.9932301044464111	3.8850440979003906	0	0	469	1
1	2195654	0	1	5	10616118	100493	38.607078552246094	-0.08385887742042542	2707.56494140625	1.0048346519470215	3.8780059814453125	0	0	465	790
1	2195654	0	5	5	10607002	100601	37.838584899902344	-0.2513149380683899	2745.510498046875	0.9907630681991577	3.8850440979003906	0	0	472	0
1	2196414	0	1	5	10616918	100495	38.43936538696289	-0.25157663226127625	2706.085205078125	1.003455400466919	3.8850440979003906	0	0	465	790
1	2196568	0	5	5	10607752	100599	38.00612258911133	0.04188532009720802	2745.530029296875	0.9897341728210449	3.8920822143554688	0	0	467	0
1	2197176	0	1	5	10617618	100488	39.0263786315918	0.12579084932804108	2705.228515625	1.0024462938308716	3.8920822143554688	0	0	465	791
1	2197176	0	5	5	10608502	100597	38.173667907714844	-0.041886329650878906	2744.35302734375	0.9892874360084534	3.899120330810547	0	2	471	1
1	2197939	0	5	5	10609202	100600	37.9223518371582	-0.04188532009720802	2744.0849609375	0.9931484460830688	3.899120330810547	2	0	469	0
1	2198091	0	1	5	10618518	100493	38.607078552246094	-0.04192926734685898	2703.31396484375	1.0010992288589478	3.899120330810547	0	0	465	789
1	2198697	0	5	5	10609952	100595	38.34121322631836	0.08377300202846527	2741.377685546875	0.9924424290657043	3.8850440979003906	0	0	470	0
1	2198849	0	1	5	10619318	100492	38.69093704223633	-0.04192960634827614	2701.11376953125	1.0038617849349976	3.8850440979003906	0	0	465	791
1	2199458	0	5	5	10610752	100600	37.9223518371582	-0.12565697729587555	2740.56689453125	0.9939192533493042	3.8920822143554688	0	0	470	1
1	2199612	0	1	5	10620118	100492	38.69093704223633	0.04192926734685898	2700.698486328125	1.0035548210144043	3.8850440979003906	0	0	467	791
1	2200220	0	5	5	10611452	100597	38.173667907714844	0.12565697729587555	2739.28515625	0.9936094880104065	3.8920822143554688	0	0	469	0
1	2200524	0	1	5	10620918	100488	39.0263786315918	0.04193061962723732	2697.85595703125	1.0052417516708374	3.8920822143554688	0	0	466	791
1	2200980	0	5	5	10612152	100594	38.42498779296875	0.37697091698646545	2740.18115234375	0.9932905435562134	3.899120330810547	0	0	470	1
1	2201134	0	1	5	10621668	100486	39.1941032409668	0.2096531093120575	2698.1025390625	1.0043784379959106	3.8850440979003906	0	0	465	791
1	2202042	0	1	5	10622418	100486	39.1941032409668	0.08386225253343582	2698.491943359375	1.0057752132415771	3.899120330810547	0	0	467	790
1	2202346	0	5	5	10613602	100593	38.50876235961914	0.08377435058355331	2742.090576171875	0.9921827912330627	3.8920822143554688	1	2	472	0
1	2202801	0	1	5	10623268	100489	38.9425163269043	-0.12579287588596344	2698.894287109375	1.006120204925537	3.8850440979003906	0	0	466	791
1	2203106	0	5	5	10614352	100596	38.25743865966797	0.041886329650878906	2741.828857421875	0.9932798743247986	3.8920822143554688	1	0	470	2
1	2203564	0	1	5	10624068	100482	39.52956008911133	0.2515908181667328	2699.231689453125	1.0027261972427368	3.906158447265625	0	0	465	791
1	2203868	0	5	5	10615102	100598	38.08989334106445	-0.20943334698677063	2742.56787109375	0.9927934408187866	3.8920822143554688	0	0	470	1
1	2204477	0	1	5	10624868	100486	39.1941032409668	0.08386225253343582	2699.5107421875	1.0041841268539429	3.899120330810547	0	0	466	792
1	2204629	0	5	5	10615852	100592	38.59253692626953	0.0	2743.260986328125	0.9949458837509155	3.8920822143554688	0	0	469	0
1	2205235	0	1	5	10625668	100490	38.85865783691406	-0.1677231639623642	2698.95263671875	0.9981780052185059	3.8780059814453125	0	0	467	789
1	2205389	0	5	5	10616602	100595	38.34121322631836	0.0	2743.869140625	0.9930926561355591	3.8920822143554688	2	1	468	1
1	2205994	0	1	5	10626468	100487	39.1102409362793	0.04193095862865448	2698.3037109375	1.003398060798645	3.8850440979003906	0	0	464	791
1	2206148	0	5	5	10617352	100593	38.50876235961914	0.12566101551055908	2744.542724609375	0.9896463751792908	3.8850440979003906	0	0	471	0
1	2206755	0	1	5	10627218	100488	39.0263786315918	0.0	2696.421630859375	1.0062181949615479	3.8850440979003906	0	0	464	790
1	2206909	0	5	5	10618152	100593	38.50876235961914	-0.04188767820596695	2742.607177734375	0.9914045333862305	3.8709676265716553	0	1	468	1
1	2207516	0	1	5	10628018	100486	39.1941032409668	-0.12579591572284698	2692.261474609375	1.0037610530853271	3.8920822143554688	0	0	465	790
1	2208275	0	1	5	10628818	100491	38.77479934692383	-0.16772180795669556	2690.4052734375	1.0048747062683105	3.8920822143554688	0	0	465	788
1	2208275	0	5	5	10619602	100598	38.08989334106445	-0.12565898895263672	2740.279052734375	0.9948132038116455	3.8850440979003906	0	0	472	0
1	2209034	0	5	5	10620352	100595	38.34121322631836	0.08377300202846527	2739.121826171875	0.9924341440200806	3.899120330810547	2	2	470	0
1	2209188	0	1	5	10629568	100496	38.355506896972656	-0.29350489377975464	2690.17822265625	1.005850076675415	3.899120330810547	0	0	467	787
1	2209793	0	5	5	10621102	100598	38.08989334106445	-0.12565898895263672	2740.455810546875	0.9938303828239441	3.8850440979003906	2	0	470	0
1	2209947	0	1	5	10630368	100492	38.69093704223633	0.0838581994175911	2690.82080078125	1.003706455230713	3.8920822143554688	0	0	466	789
1	2210555	0	5	5	10621852	100594	38.42498779296875	-0.08377502113580704	2741.03759765625	0.9953578114509583	3.8850440979003906	2	0	470	1
1	2210709	0	1	5	10631218	100496	38.355506896972656	-0.0419282540678978	2690.98291015625	1.004432201385498	3.8780059814453125	0	0	466	786
1	2211316	0	5	5	10622602	100602	37.75481414794922	-0.2931995987892151	2738.507080078125	0.9929021000862122	3.8850440979003906	0	1	469	0
1	2211621	0	1	5	10632018	100494	38.52322006225586	0.125784769654274	2688.3349609375	1.0034761428833008	3.8920822143554688	0	0	465	787
1	2212077	0	5	5	10623352	100597	38.173667907714844	-0.041886329650878906	2733.89697265625	0.992781937122345	3.8920822143554688	1	0	469	0
1	2212834	0	5	5	10624102	100594	38.42498779296875	0.2932019531726837	2735.9306640625	0.9936193227767944	3.899120330810547	1	0	470	0
1	2213138	0	1	5	10633518	100486	39.1941032409668	0.5450804829597473	2686.14794921875	1.0041446685791016	3.8850440979003906	0	0	465	793
1	2213594	0	5	5	10624852	100599	38.00612258911133	-0.12565797567367554	2737.330078125	0.9921026825904846	3.8850440979003906	1	0	469	1
1	2214051	0	1	5	10634368	100489	38.9425163269043	0.04193028435111046	2686.913818359375	1.002709150314331	3.8780059814453125	0	0	465	791
1	2214203	0	5	5	10625552	100599	38.00612258911133	-0.12565797567367554	2737.323486328125	0.9905233979225159	3.899120330810547	0	0	471	0
1	2214811	0	1	5	10635218	100489	38.9425163269043	0.08386022597551346	2685.2783203125	1.0080809593200684	3.899120330810547	0	0	462	792
1	2214963	0	5	5	10626252	100598	38.08989334106445	-0.12565898895263672	2735.283203125	0.9910643100738525	3.8920822143554688	1	0	470	0
1	2215573	0	1	5	10636018	100490	38.85865783691406	-0.12579186260700226	2680.7353515625	1.0073091983795166	3.899120330810547	0	0	465	794
1	2216329	0	1	5	10636768	100485	39.2779655456543	0.12579388916492462	2678.57421875	1.0052005052566528	3.8920822143554688	0	0	466	792
1	2216483	0	5	5	10627702	100593	38.50876235961914	0.167547345161438	2730.810546875	0.9953578114509583	3.8850440979003906	1	0	469	1
1	2217089	0	1	5	10637568	100489	38.9425163269043	0.0	2679.190673828125	1.0059115886688232	3.8850440979003906	0	0	465	791
1	2217242	0	5	5	10628452	100596	38.25743865966797	-0.16754870116710663	2731.006591796875	0.9953793883323669	3.8850440979003906	1	0	470	0
1	2218002	0	1	5	10638368	100486	39.1941032409668	0.2096531093120575	2676.7763671875	1.0017294883728027	3.8850440979003906	0	0	465	791
1	2218002	0	5	5	10629252	100590	38.76008987426758	0.41886836290359497	2731.732421875	0.9917430877685547	3.8920822143554688	1	0	469	1
1	2218763	0	1	5	10639168	100488	39.0263786315918	-0.08386225253343582	2677.6005859375	1.0019638538360596	3.8850440979003906	0	0	465	790
1	2218763	0	5	5	10630052	100594	38.42498779296875	0.083773672580719	2734.34814453125	0.991744875907898	3.8850440979003906	1	0	470	0
1	2219524	0	1	5	10639918	100492	38.69093704223633	-0.2096514105796814	2675.738037109375	1.004164218902588	3.8850440979003906	0	0	466	792
1	2219524	0	5	5	10630802	100596	38.25743865966797	-0.12566101551055908	2733.772705078125	0.9927918910980225	3.8920822143554688	0	0	469	0
1	2220282	0	1	5	10640668	100491	38.77479934692383	0.0	2674.848876953125	1.0062949657440186	3.8920822143554688	0	0	464	791
1	2220282	0	5	5	10631602	100599	38.00612258911133	-0.1675446480512619	2732.268798828125	0.9931411147117615	3.8850440979003906	0	0	472	0
1	2221043	0	5	5	10632302	100595	38.34121322631836	0.041886668652296066	2731.2421875	0.9919626712799072	3.8920822143554688	0	2	471	0
1	2221802	0	1	5	10642168	100495	38.43936538696289	-0.29350724816322327	2672.88232421875	1.0062596797943115	3.8850440979003906	0	0	463	789
1	2221802	0	5	5	10633002	100599	38.00612258911133	-0.041885655373334885	2729.921142578125	0.993599534034729	3.8850440979003906	1	0	469	1
1	2222562	0	1	5	10642968	100492	38.69093704223633	-0.04192960634827614	2672.4345703125	1.0041061639785767	3.8850440979003906	0	0	465	790
1	2223169	0	5	5	10634402	100604	37.587276458740234	-0.2513088881969452	2730.489990234375	0.9918017387390137	3.8780059814453125	0	0	471	0
1	2223323	0	1	5	10643768	100506	37.5169792175293	-0.6708385944366455	2672.0322265625	1.0030709505081177	3.899120330810547	0	0	466	784
1	2223929	0	5	5	10635202	100606	37.419742584228516	-0.4188481271266937	2730.365966796875	0.9909961223602295	3.8920822143554688	1	1	472	1
1	2224235	0	1	5	10644568	100502	37.85238265991211	-0.586997926235199	2671.733642578125	1.0041860342025757	3.8850440979003906	0	0	465	754
1	2224690	0	5	5	10635952	100598	38.08989334106445	0.041885655373334885	2731.27490234375	0.9889383316040039	3.906158447265625	0	0	471	0
1	2224994	0	1	5	10645368	100498	38.18779754638672	0.251558393239975	2671.34423828125	1.0085358619689941	3.8780059814453125	0	0	465	792
1	2225450	0	5	5	10636702	100597	38.173667907714844	0.20942659676074982	2732.14453125	0.9932904243469238	3.8850440979003906	0	0	470	0
1	2225755	0	1	5	10646168	100489	38.9425163269043	1.2158410549163818	2670.09814453125	1.00525963306427	3.899120330810547	0	0	464	792
1	2226059	0	5	5	10637402	100601	37.838584899902344	0.12565292418003082	2732.072509765625	0.989784300327301	3.8850440979003906	0	0	469	1
1	2226818	0	5	5	10638102	100596	38.25743865966797	0.08377232402563095	2732.353759765625	0.9934638738632202	3.8920822143554688	0	0	470	0
1	2227122	0	1	5	10647568	100489	38.9425163269043	0.16771911084651947	2670.864013671875	1.0041251182556152	3.8920822143554688	0	0	463	792
1	2227579	0	5	5	10638852	100599	38.00612258911133	0.12565495073795319	2732.569580078125	0.9956003427505493	3.899120330810547	1	0	468	0
1	2228035	0	1	5	10648368	100491	38.77479934692383	0.0	2671.5908203125	1.0031094551086426	3.8920822143554688	0	0	466	794
1	2228339	0	5	5	10639602	100593	38.50876235961914	0.08377435058355331	2733.086181640625	0.9965968728065491	3.8920822143554688	0	0	470	0
1	2228794	0	1	5	10649168	100490	38.85865783691406	0.0	2671.980224609375	1.0065836906433105	3.8920822143554688	0	0	466	791
1	2229099	0	5	5	10640352	100595	38.34121322631836	0.1675446480512619	2734.805908203125	0.9941323399543762	3.8850440979003906	0	0	471	0
1	2230160	0	1	5	10650618	100488	39.0263786315918	0.04193061962723732	2672.564453125	1.0054869651794434	3.8850440979003906	0	0	467	791
1	2230616	0	5	5	10641852	100591	38.67631149291992	0.293209046125412	2736.5517578125	0.9934519529342651	3.8920822143554688	0	0	470	1
1	2231072	0	1	5	10651468	100489	38.9425163269043	0.1257898360490799	2671.558349609375	1.0034359693527222	3.8920822143554688	0	0	465	792
1	2231377	0	5	5	10642602	100597	38.173667907714844	-0.08377300202846527	2734.923583984375	0.994721531867981	3.8780059814453125	2	0	469	0
1	2231830	0	1	5	10652268	100486	39.1941032409668	0.08386225253343582	2670.42919921875	1.0068104267120361	3.8850440979003906	0	0	465	792
1	2232136	0	5	5	10643402	100600	37.9223518371582	-0.29320430755615234	2735.191650390625	0.9927627444267273	3.899120330810547	0	0	469	0
1	2232891	0	5	5	10644102	100593	38.50876235961914	0.2513189911842346	2734.8125	0.9903663992881775	3.8780059814453125	0	0	471	1
1	2233347	0	1	5	10653718	100489	38.9425163269043	-0.04193061962723732	2668.281005859375	1.002095103263855	3.8920822143554688	0	0	465	793
1	2233651	0	5	5	10644852	100599	38.00612258911133	-0.12565797567367554	2734.28271484375	0.9898853302001953	3.8920822143554688	0	0	468	0
1	2234108	0	1	5	10654468	100490	38.85865783691406	-0.08386090397834778	2667.76171875	1.0071600675582886	3.8850440979003906	0	0	466	793
1	2234413	0	5	5	10645602	100593	38.50876235961914	0.167547345161438	2731.1962890625	0.9928808808326721	3.899120330810547	0	0	469	0
1	2234719	0	1	5	10655218	100492	38.69093704223633	-0.1257898360490799	2667.060791015625	1.0016734600067139	3.8920822143554688	0	0	465	792
1	2235176	0	5	5	10646352	100597	38.173667907714844	-0.041886329650878906	2731.490478515625	0.9939839839935303	3.899120330810547	0	1	469	0
1	2235630	0	1	5	10655968	100491	38.77479934692383	-0.0419299453496933	2667.3984375	1.0058695077896118	3.913196563720703	0	0	466	791
1	2235784	0	5	5	10647152	100594	38.42498779296875	0.20943166315555573	2732.2490234375	0.9925711750984192	3.899120330810547	0	0	469	1
1	2236389	0	1	5	10656768	100490	38.85865783691406	0.2096463441848755	2668.24853515625	1.0061395168304443	3.8850440979003906	0	0	464	793
1	2236695	0	5	5	10647852	100595	38.34121322631836	0.041886668652296066	2733.504638671875	0.9965782165527344	3.899120330810547	0	0	470	0
1	2237150	0	1	5	10657568	100490	38.85865783691406	-0.08386090397834778	2667.171142578125	1.0035141706466675	3.8850440979003906	0	0	465	792
1	2237454	0	5	5	10648702	100599	38.00612258911133	-0.041885655373334885	2733.06005859375	0.9939604997634888	3.8920822143554688	1	0	469	0
1	2237911	0	1	5	10658368	100490	38.85865783691406	-0.04193028435111046	2663.81591796875	1.0070674419403076	3.8920822143554688	0	0	465	792
1	2238064	0	5	5	10649402	100601	37.838584899902344	-0.12565596401691437	2730.202392578125	0.9908873438835144	3.8920822143554688	0	0	469	1
1	2238824	0	5	5	10650102	100599	38.00612258911133	-0.041885655373334885	2728.162109375	0.9922010898590088	3.8850440979003906	0	0	471	0
1	2239582	0	5	5	10650902	100597	38.173667907714844	0.0	2727.848388671875	0.9923386573791504	3.899120330810547	0	1	467	0
1	2240037	0	1	5	10660468	100491	38.77479934692383	-0.08386022597551346	2660.103515625	1.004817247390747	3.8920822143554688	0	0	466	793
1	2240341	0	5	5	10651602	100595	38.34121322631836	0.08377300202846527	2729.607421875	0.9935593605041504	3.899120330810547	0	1	470	0
1	2240949	0	1	5	10661268	100493	38.607078552246094	0.04192893207073212	2661.65478515625	1.004148244857788	3.8780059814453125	0	0	465	792
1	2241103	0	5	5	10652352	100600	37.9223518371582	-0.25131696462631226	2730.503173828125	0.9933851361274719	3.8850440979003906	0	1	469	0
1	2241710	0	1	5	10662118	100493	38.607078552246094	-0.1257888227701187	2661.61572265625	1.0054869651794434	3.899120330810547	0	0	465	793
1	2241864	0	5	5	10653202	100600	37.9223518371582	-0.16754330694675446	2731.61474609375	0.9929083585739136	3.899120330810547	0	0	471	0
1	2242624	0	1	5	10662918	100497	38.27165222167969	-0.125784769654274	2660.447509765625	1.004838228225708	3.8920822143554688	0	0	464	792
1	2242624	0	5	5	10653952	100600	37.9223518371582	-0.12565697729587555	2732.5107421875	0.9911972284317017	3.899120330810547	0	0	472	0
1	2243382	0	1	5	10663768	100493	38.607078552246094	0.0	2659.74658203125	1.0054486989974976	3.8780059814453125	0	0	465	791
1	2243382	0	5	5	10654702	100598	38.08989334106445	0.041885655373334885	2731.20947265625	0.9916213154792786	3.899120330810547	0	0	469	0
1	2244141	0	5	5	10655452	100595	38.34121322631836	0.2513149380683899	2732.000732421875	0.9936497211456299	3.8920822143554688	1	0	470	0
1	2244295	0	1	5	10664618	100489	38.9425163269043	0.04193028435111046	2660.14892578125	1.0036213397979736	3.8850440979003906	0	0	466	793
1	2244901	0	5	5	10656202	100596	38.25743865966797	0.12565797567367554	2731.935302734375	0.9916670322418213	3.899120330810547	0	1	471	1
1	2245055	0	1	5	10665418	100488	39.0263786315918	0.12579084932804108	2660.084228515625	1.0048542022705078	3.8780059814453125	0	0	466	792
1	2245662	0	5	5	10656952	100600	37.9223518371582	1.4210854715202004e-13	2733.55029296875	0.992763340473175	3.899120330810547	1	1	471	0
1	2245816	0	1	5	10666168	100493	38.607078552246094	0.0	2660.603271484375	1.0043774843215942	3.8920822143554688	0	0	464	792
1	2246424	0	5	5	10657652	100594	38.42498779296875	0.1256600022315979	2734.06689453125	0.9918613433837891	3.8920822143554688	0	0	469	0
1	2246578	0	1	5	10666968	100489	38.9425163269043	0.04193028435111046	2661.447021484375	1.0037235021591187	3.8850440979003906	0	0	466	794
1	2247183	0	5	5	10658352	100595	38.34121322631836	0.20942996442317963	2734.84521484375	0.9939690232276917	3.8850440979003906	2	0	470	0
1	2247337	0	1	5	10667768	100487	39.1102409362793	0.25158068537712097	2661.687255859375	1.0059088468551636	3.899120330810547	0	0	468	794
1	2247792	0	5	5	10659102	100601	37.838584899902344	-0.20942828059196472	2734.51171875	0.9913552403450012	3.8850440979003906	1	0	470	0
1	2248097	0	1	5	10668518	100497	38.27165222167969	-0.20964296162128448	2661.08349609375	1.002784013748169	3.899120330810547	0	0	463	793
1	2248704	0	5	5	10659902	100598	38.08989334106445	-0.041885994374752045	2732.0986328125	0.9901544451713562	3.899120330810547	0	0	470	0
1	2248858	0	1	5	10669318	100490	38.85865783691406	0.0	2658.63037109375	1.0052436590194702	3.8850440979003906	0	0	463	791
1	2249315	0	5	5	10660602	100598	38.08989334106445	-0.12565898895263672	2730.43115234375	0.9931840896606445	3.899120330810547	1	0	470	0
1	2249772	0	1	5	10670118	100495	38.43936538696289	-0.12578679621219635	2656.151123046875	1.0023621320724487	3.8920822143554688	0	0	464	793
1	2250077	0	5	5	10661352	100596	38.25743865966797	0.041886329650878906	2728.731201171875	0.9946429133415222	3.8780059814453125	0	0	469	0
1	2250533	0	1	5	10670868	100492	38.69093704223633	0.04192926734685898	2655.593017578125	1.002824306488037	3.8920822143554688	0	0	464	793
1	2250837	0	5	5	10662102	100598	38.08989334106445	0.08377097547054291	2729.8427734375	0.9918641448020935	3.8850440979003906	0	0	470	0
1	2251293	0	1	5	10671668	100494	38.52322006225586	0.0	2655.44384765625	1.0054869651794434	3.8920822143554688	0	0	465	790
1	2251597	0	5	5	10662852	100597	38.173667907714844	-0.167547345161438	2730.4638671875	0.9942189455032349	3.8850440979003906	1	0	470	0
1	2252054	0	1	5	10672468	100495	38.43936538696289	-0.04192859306931496	2654.950439453125	1.000293493270874	3.8920822143554688	0	0	465	793
1	2252359	0	5	5	10663602	100598	38.08989334106445	0.041885655373334885	2729.836181640625	0.9907630681991577	3.8850440979003906	0	0	470	0
1	2252970	0	1	5	10673368	100496	38.355506896972656	-0.2515746057033539	2655.586669921875	1.005087971687317	3.8850440979003906	0	0	463	794
1	2253122	0	5	5	10664352	100599	38.00612258911133	0.0	2730.333251953125	0.9925408959388733	3.8850440979003906	0	0	472	0
1	2253879	0	1	5	10674218	100491	38.77479934692383	0.04192960634827614	2654.30810546875	1.0041080713272095	3.8850440979003906	0	0	467	792
1	2253879	0	5	5	10665102	100601	37.838584899902344	-0.2513149380683899	2729.215087890625	0.9929161667823792	3.8850440979003906	1	0	470	0
1	2254639	0	1	5	10675018	100495	38.43936538696289	-0.04192859306931496	2652.322021484375	1.0010805130004883	3.8920822143554688	0	0	466	792
1	2254639	0	5	5	10665852	100603	37.671043395996094	-0.41885825991630554	2726.082763671875	0.9929021000862122	3.8920822143554688	1	0	470	0
1	2255399	0	1	5	10675768	100495	38.43936538696289	-0.04192859306931496	2649.382080078125	1.0077152252197266	3.8780059814453125	0	0	465	792
1	2255399	0	5	5	10666602	100601	37.838584899902344	-0.12565596401691437	2722.250732421875	0.9933927059173584	3.8850440979003906	1	1	470	2
1	2256160	0	1	5	10676568	100495	38.43936538696289	0.0	2646.370849609375	1.0060184001922607	3.8920822143554688	0	0	466	792
1	2256160	0	5	5	10667352	100598	38.08989334106445	0.041885655373334885	2719.445556640625	0.9951011538505554	3.8850440979003906	0	1	472	1
1	2256922	0	1	5	10677368	100493	38.607078552246094	0.20964127779006958	2643.80078125	1.0028077363967896	3.8850440979003906	0	0	467	792
1	2256922	0	5	5	10668102	100603	37.671043395996094	-0.04188430681824684	2719.0009765625	0.9939705729484558	3.899120330810547	0	1	470	2
1	2257533	0	5	5	10668852	100604	37.587276458740234	0.0	2719.50439453125	0.9934905171394348	3.899120330810547	0	1	469	0
1	2257837	0	1	5	10678218	100498	38.18779754638672	0.0	2643.560546875	1.0079010725021362	3.8920822143554688	0	0	468	791
1	2258291	0	5	5	10669602	100602	37.75481414794922	-0.12565495073795319	2719.93603515625	0.9942641258239746	3.8920822143554688	1	0	470	0
1	2258597	0	1	5	10679018	100499	38.10394287109375	-0.29349780082702637	2644.1640625	1.002095103263855	3.8850440979003906	0	0	465	791
1	2259354	0	1	5	10679818	100498	38.18779754638672	-0.041927579790353775	2643.40478515625	1.0055639743804932	3.899120330810547	0	0	464	793
1	2259808	0	5	5	10671002	100603	37.671043395996094	-0.08376895636320114	2717.143798828125	0.991912305355072	3.8920822143554688	0	0	469	0
1	2260114	0	1	5	10680568	100497	38.27165222167969	-0.125784769654274	2643.0869140625	1.0017116069793701	3.8850440979003906	0	0	467	792
1	2260572	0	5	5	10671802	100600	37.9223518371582	0.125653937458992	2717.281005859375	0.9918641448020935	3.8920822143554688	1	1	470	1
1	2260876	0	1	5	10681368	100499	38.10394287109375	0.08385346829891205	2642.658447265625	1.005831003189087	3.899120330810547	0	0	466	790
1	2261332	0	5	5	10672552	100603	37.671043395996094	-0.08376895636320114	2717.961181640625	0.9921838045120239	3.8780059814453125	0	0	470	0
1	2261787	0	1	5	10682168	100497	38.27165222167969	-0.125784769654274	2642.295166015625	1.0069475173950195	3.8780059814453125	0	0	467	792
1	2261941	0	5	5	10673302	100603	37.671043395996094	0.04188397154211998	2719.56982421875	0.9933120608329773	3.899120330810547	1	0	469	0
1	2262398	0	1	5	10682868	100495	38.43936538696289	0.08385617285966873	2642.385986328125	1.0076488256454468	3.899120330810547	0	0	463	791
1	2262701	0	5	5	10674002	100605	37.503509521484375	-0.04188363254070282	2721.2177734375	0.9952183961868286	3.8920822143554688	2	0	470	0
1	2263159	0	1	5	10683668	100492	38.69093704223633	0.12578679621219635	2643.560546875	1.0020369291305542	3.8920822143554688	0	0	465	793
1	2263465	0	5	5	10674802	100606	37.419742584228516	-0.2094198614358902	2719.65478515625	0.991073489189148	3.8850440979003906	0	0	468	0
1	2264072	0	1	5	10684468	100495	38.43936538696289	-0.04192859306931496	2643.33984375	1.0061759948730469	3.8850440979003906	0	0	464	793
1	2264227	0	5	5	10675552	100601	37.838584899902344	-0.08377030491828918	2716.5029296875	0.9925806522369385	3.8850440979003906	0	0	469	0
1	2264832	0	1	5	10685268	100495	38.43936538696289	0.08385617285966873	2641.44482421875	1.0024223327636719	3.8920822143554688	0	0	465	792
1	2264986	0	5	5	10676302	100602	37.75481414794922	-0.08376962691545486	2715.280029296875	0.9904137253761292	3.8920822143554688	0	1	471	0
1	2265593	0	1	5	10686068	100495	38.43936538696289	0.0419282540678978	2641.2177734375	1.005584716796875	3.8850440979003906	0	0	465	793
1	2265747	0	5	5	10677002	100600	37.9223518371582	0.29318779706954956	2714.9990234375	0.991472601890564	3.8920822143554688	0	0	470	1
1	2266507	0	5	5	10677752	100606	37.419742584228516	-0.25130483508110046	2716.875732421875	0.9932342767715454	3.8780059814453125	0	1	471	0
1	2267115	0	1	5	10687468	100497	38.27165222167969	0.0	2640.283203125	1.0038403272628784	3.8920822143554688	0	0	465	791
1	2267269	0	5	5	10678552	100600	37.9223518371582	0.125653937458992	2715.260498046875	0.9931151866912842	3.8920822143554688	0	1	471	0
1	2267876	0	1	5	10688318	100500	38.02008819580078	-0.29349541664123535	2639.186279296875	1.003149390220642	3.8920822143554688	0	0	465	792
1	2268180	0	5	5	10679352	100604	37.587276458740234	-0.08376827836036682	2713.822021484375	0.9903505444526672	3.8850440979003906	0	0	470	1
1	2268634	0	1	5	10689118	100495	38.43936538696289	0.16771098971366882	2639.5107421875	1.0044515132904053	3.8780059814453125	0	0	465	792
1	2268940	0	5	5	10680202	100599	38.00612258911133	0.12565495073795319	2716.7841796875	0.992560625076294	3.8850440979003906	0	1	469	0
1	2269546	0	1	5	10689868	100501	37.93623733520508	-0.12578071653842926	2640.140380859375	1.0051629543304443	3.8850440979003906	0	0	465	791
1	2269700	0	5	5	10680952	100604	37.587276458740234	0.04188363254070282	2715.9208984375	0.9928508400917053	3.8850440979003906	0	1	471	1
1	2270306	0	1	5	10690668	100497	38.27165222167969	-0.08385617285966873	2638.647705078125	1.004510521888733	3.8850440979003906	0	0	464	793
1	2270461	0	5	5	10681752	100604	37.587276458740234	0.0	2713.658447265625	0.9909343123435974	3.8850440979003906	1	1	468	0
1	2271070	0	1	5	10691468	100502	37.85238265991211	-0.20963452756404877	2638.5244140625	1.0054322481155396	3.8850440979003906	0	0	466	792
1	2271224	0	5	5	10682502	100605	37.503509521484375	-0.16753655672073364	2711.906005859375	0.9946207404136658	3.8920822143554688	0	0	469	0
1	2271830	0	1	5	10692218	100500	38.02008819580078	-0.04192690551280975	2637.375732421875	1.0051995515823364	3.8920822143554688	0	0	466	793
1	2272134	0	5	5	10683302	100603	37.671043395996094	-0.08376895636320114	2713.78271484375	0.9921783804893494	3.899120330810547	0	0	470	0
1	2272590	0	1	5	10693018	100501	37.93623733520508	-0.25156447291374207	2637.72607421875	1.0062165260314941	3.8850440979003906	0	0	465	793
1	2272744	0	5	5	10684102	100606	37.419742584228516	-0.08376692980527878	2715.18212890625	0.9921743869781494	3.8850440979003906	0	1	467	0
1	2273350	0	1	5	10693768	100501	37.93623733520508	-0.08385346829891205	2637.894775390625	1.007193684577942	3.8920822143554688	0	0	464	793
1	2273504	0	5	5	10684802	100605	37.503509521484375	-0.04188363254070282	2716.3720703125	0.9941908717155457	3.906158447265625	0	0	469	0
1	2274111	0	1	5	10694568	100497	38.27165222167969	-0.08385617285966873	2638.66064453125	1.005122184753418	3.8850440979003906	0	0	466	792
1	2274265	0	5	5	10685602	100599	38.00612258911133	0.08377030491828918	2718.2880859375	0.9911749958992004	3.899120330810547	1	0	469	0
1	2274873	0	1	5	10695368	100493	38.607078552246094	0.29349541664123535	2639.7509765625	1.0052193403244019	3.8920822143554688	0	0	464	794
1	2275027	0	5	5	10686302	100602	37.75481414794922	0.12565191090106964	2719.432373046875	0.9939537644386292	3.8850440979003906	1	0	470	0
1	2275785	0	5	5	10687002	100604	37.587276458740234	0.2512967586517334	2720.459228515625	0.9927961230278015	3.8850440979003906	0	0	472	0
1	2275939	0	1	5	10696118	100497	38.27165222167969	-0.041927918791770935	2640.367431640625	1.0044149160385132	3.8780059814453125	0	0	466	792
1	2276546	0	5	5	10687752	100604	37.587276458740234	-0.16753791272640228	2721.282958984375	0.9911836385726929	3.8850440979003906	0	0	472	0
1	2276700	0	1	5	10697068	100495	38.43936538696289	0.1257837563753128	2640.5556640625	1.0037815570831299	3.8850440979003906	0	0	465	794
1	2277307	0	5	5	10688552	100603	37.671043395996094	0.04188397154211998	2720.70751953125	0.9936769604682922	3.8850440979003906	0	0	470	1
1	2277462	0	1	5	10697868	100495	38.43936538696289	0.0419282540678978	2640.250732421875	1.0030333995819092	3.899120330810547	0	0	464	792
1	2278069	0	5	5	10689302	100600	37.9223518371582	0.125653937458992	2721.250244140625	0.9922045469284058	3.8850440979003906	1	1	467	1
1	2278223	0	1	5	10698668	100496	38.355506896972656	0.12578274309635162	2640.471435546875	1.0049163103103638	3.8780059814453125	0	0	465	792
1	2279130	0	1	5	10699468	100499	38.10394287109375	-0.20963959395885468	2640.984130859375	1.0027509927749634	3.8709676265716553	0	0	464	793
1	2279436	0	5	5	10690652	100603	37.671043395996094	-0.08376895636320114	2723.127197265625	0.9935495257377625	3.8920822143554688	1	1	469	0
1	2279889	0	1	5	10700268	100496	38.355506896972656	-0.0419282540678978	2640.763427734375	1.0034582614898682	3.8850440979003906	0	0	465	794
1	2280598	0	5	5	10691452	100599	38.00612258911133	0.08377030491828918	2723.696044921875	0.9926798939704895	3.8920822143554688	0	0	471	0
1	2281209	0	1	5	10701718	100499	38.10394287109375	-0.08385482430458069	2639.900146484375	1.0018123388290405	3.8920822143554688	0	0	466	792
1	2281363	0	5	5	10692552	100603	37.671043395996094	0.0	2721.52490234375	0.9963759183883667	3.8920822143554688	0	1	470	1
1	2282120	0	1	5	10702468	100500	38.02008819580078	-0.08385414630174637	2637.492431640625	1.0020208358764648	3.8920822143554688	0	0	463	792
1	2282120	0	5	5	10693302	100606	37.419742584228516	-0.04188329726457596	2719.798583984375	0.9927253723144531	3.8780059814453125	0	1	472	0
1	2282881	0	5	5	10694052	100604	37.587276458740234	0.08376692980527878	2719.242919921875	0.9922735095024109	3.899120330810547	1	2	470	1
1	2283034	0	1	5	10703368	100498	38.18779754638672	0.0	2635.512939453125	1.002784252166748	3.8850440979003906	0	0	466	794
1	2283490	0	5	5	10694802	100605	37.503509521484375	0.16753116250038147	2720.2236328125	0.9919251799583435	3.899120330810547	0	0	471	1
1	2283795	0	1	5	10704168	100499	38.10394287109375	0.04192690551280975	2633.78662109375	1.003800868988037	3.899120330810547	0	0	464	791
1	2284401	0	5	5	10695552	100609	37.16844940185547	-0.1256478726863861	2721.400634765625	0.9922021627426147	3.8920822143554688	0	0	472	0
1	2284554	0	1	5	10704968	100497	38.27165222167969	0.0	2634.474609375	1.0054869651794434	3.8850440979003906	0	0	465	792
1	2285160	0	5	5	10696352	100606	37.419742584228516	-0.08376692980527878	2719.3017578125	0.991821825504303	3.8780059814453125	0	0	470	1
1	2285314	0	1	5	10705718	100497	38.27165222167969	0.0	2632.949462890625	1.0049976110458374	3.899120330810547	0	0	465	791
1	2285920	0	5	5	10697152	100607	37.335975646972656	-0.0418829582631588	2718.353515625	0.9919536709785461	3.899120330810547	0	0	469	0
1	2286075	0	1	5	10706518	100498	38.18779754638672	-0.08385549485683441	2631.009033203125	1.0039012432098389	3.8920822143554688	0	0	465	790
1	2286681	0	5	5	10697902	100604	37.587276458740234	0.12564988434314728	2714.482421875	0.9899681806564331	3.8850440979003906	0	0	469	0
1	2286835	0	1	5	10707268	100499	38.10394287109375	-0.08385482430458069	2627.556396484375	1.0032734870910645	3.8780059814453125	0	0	466	792
1	2287291	0	5	5	10698602	100604	37.587276458740234	-0.08376827836036682	2710.709228515625	0.9936305284500122	3.8920822143554688	0	0	470	1
1	2287594	0	1	5	10708068	100496	38.355506896972656	0.041927918791770935	2626.401123046875	1.0075750350952148	3.8850440979003906	0	0	466	792
1	2288051	0	5	5	10699352	100602	37.75481414794922	0.12565191090106964	2710.487060546875	0.9920462965965271	3.8920822143554688	1	1	470	1
1	2288354	0	1	5	10708868	100501	37.93623733520508	-0.04192656651139259	2625.45361328125	1.0090986490249634	3.8850440979003906	0	0	466	792
1	2288811	0	5	5	10700102	100605	37.503509521484375	-0.04188363254070282	2710.186279296875	0.9917064309120178	3.899120330810547	0	0	472	2
1	2289266	0	1	5	10709668	100500	38.02008819580078	0.167704239487648	2622.481201171875	1.0052193403244019	3.8920822143554688	0	0	465	792
1	2290025	0	1	5	10710468	100500	38.02008819580078	0.04192656651139259	2620.553466796875	1.0027836561203003	3.8850440979003906	0	0	465	793
1	2290179	0	5	5	10701452	100606	37.419742584228516	0.0418829582631588	2707.962890625	0.9966882467269897	3.8920822143554688	0	0	471	0
1	2290784	0	1	5	10711268	100503	37.768531799316406	-0.04192589223384857	2619.391845703125	1.004286766052246	3.8920822143554688	0	0	466	791
1	2290939	0	5	5	10702202	100600	37.9223518371582	0.3769527077674866	2706.955810546875	0.992673397064209	3.8920822143554688	0	1	471	0
1	2291696	0	1	5	10712018	100499	38.10394287109375	0.04192690551280975	2619.46337890625	1.0062360763549805	3.8920822143554688	0	0	465	792
1	2291696	0	5	5	10702952	100608	37.25221252441406	-0.08376558125019073	2707.269775390625	0.9894868731498718	3.8920822143554688	0	0	470	0
1	2292456	0	1	5	10712868	100496	38.355506896972656	0.2934883236885071	2621.033935546875	1.0026737451553345	3.899120330810547	0	0	468	794
1	2292456	0	5	5	10703752	100609	37.16844940185547	-0.08376491069793701	2710.787841796875	0.9942293763160706	3.8920822143554688	0	0	469	0
1	2293218	0	1	5	10713668	100503	37.768531799316406	-0.1257786899805069	2622.29296875	1.006255865097046	3.899120330810547	0	0	463	794
1	2293218	0	5	5	10704452	100609	37.16844940185547	-0.2094147950410843	2712.42919921875	0.9905759692192078	3.8920822143554688	0	1	469	0
1	2293979	0	5	5	10705152	100607	37.335975646972656	-0.08376625925302505	2710.290771484375	0.9932798743247986	3.8850440979003906	0	1	469	0
1	2294133	0	1	5	10714468	100503	37.768531799316406	-0.083852119743824	2622.072265625	1.0041061639785767	3.8920822143554688	0	0	465	791
1	2294739	0	5	5	10705952	100610	37.08468246459961	-0.12564685940742493	2709.9638671875	0.9934141635894775	3.8920822143554688	0	0	469	1
1	2295044	0	1	5	10715368	100504	37.6846809387207	-0.29348596930503845	2620.67041015625	1.0000462532043457	3.8850440979003906	0	0	465	793
1	2295498	0	5	5	10706702	100610	37.08468246459961	-0.20941311120986938	2709.3623046875	0.9938856363296509	3.899120330810547	1	0	470	0
1	2295805	0	1	5	10716168	100505	37.600830078125	-0.20962946116924286	2620.053955078125	1.0063154697418213	3.8780059814453125	0	0	466	793
1	2296108	0	5	5	10707402	100609	37.16844940185547	-0.04188228398561478	2709.636962890625	0.9938486218452454	3.8920822143554688	0	0	470	2
1	2296565	0	1	5	10716968	100503	37.768531799316406	0.12577565014362335	2619.573486328125	1.0062341690063477	3.8920822143554688	0	0	466	792
1	2296869	0	5	5	10708202	100608	37.25221252441406	0.04188228398561478	2710.558837890625	0.9920828342437744	3.8920822143554688	0	0	471	1
1	2297326	0	1	5	10717768	100502	37.85238265991211	0.0	2620.125244140625	1.0045090913772583	3.8850440979003906	0	0	465	791
1	2297630	0	5	5	10708902	100610	37.08468246459961	0.0	2711.906005859375	0.9948790073394775	3.8780059814453125	0	2	469	0
1	2298085	0	1	5	10718468	100501	37.93623733520508	0.16770288348197937	2621.9228515625	1.0040873289108276	3.8850440979003906	0	0	465	795
1	2298389	0	5	5	10709652	100610	37.08468246459961	-0.08376423269510269	2713.24658203125	0.9891181588172913	3.8920822143554688	1	1	470	0
1	2298846	0	1	5	10719218	100501	37.93623733520508	0.12577767670154572	2623.156005859375	1.0055246353149414	3.8850440979003906	0	0	467	792
1	2299151	0	5	5	10710402	100607	37.335975646972656	0.04188262298703194	2714.109619140625	0.99323970079422	3.8920822143554688	0	1	471	1
1	2299607	0	1	5	10720018	100505	37.600830078125	-0.12577666342258453	2623.32470703125	1.004164218902588	3.8850440979003906	0	0	464	794
1	2299912	0	5	5	10711152	100609	37.16844940185547	0.12564483284950256	2714.122802734375	0.9921290874481201	3.8920822143554688	1	0	472	0
1	2300370	0	1	5	10720768	100501	37.93623733520508	0.04192622750997543	2622.883544921875	1.003416895866394	3.899120330810547	0	0	466	793
1	2300675	0	5	5	10711902	100611	37.000919342041016	-0.08376356214284897	2714.593505859375	0.9922045469284058	3.8780059814453125	0	1	471	1
1	2301131	0	1	5	10721568	100498	38.18779754638672	0.20963282883167267	2623.285888671875	1.0041253566741943	3.8920822143554688	0	0	466	794
1	2302038	0	1	5	10722418	100503	37.768531799316406	0.0	2623.36376953125	1.0030338764190674	3.8920822143554688	0	0	464	792
1	2302038	0	5	5	10713302	100608	37.25221252441406	-0.08376558125019073	2713.187744140625	0.9920828342437744	3.8850440979003906	0	0	471	0
1	2302798	0	1	5	10723218	100506	37.5169792175293	-0.25155434012413025	2624.265869140625	1.0051841735839844	3.8920822143554688	0	0	465	794
1	2302798	0	5	5	10714002	100613	36.833396911621094	-0.1675257682800293	2711.984375	0.9956468939781189	3.8920822143554688	0	0	470	0
1	2303559	0	5	5	10714752	100613	36.833396911621094	-0.1675257682800293	2710.218994140625	0.9946884512901306	3.8920822143554688	1	0	471	1
1	2303713	0	1	5	10724068	100509	37.26543426513672	-0.46118107438087463	2624.2138671875	1.0048747062683105	3.8850440979003906	0	0	467	793
1	2304321	0	5	5	10715502	100617	36.498355865478516	-0.376928448677063	2708.09375	0.9939493536949158	3.899120330810547	1	0	470	1
1	2304474	0	1	5	10724868	100507	37.43313217163086	-0.33540576696395874	2622.396728515625	1.0061769485473633	3.8850440979003906	0	0	465	794
1	2305083	0	5	5	10716252	100616	36.582115173339844	-0.2512845993041992	2707.361328125	0.9914553165435791	3.8850440979003906	0	1	469	0
1	2305837	0	1	5	10726318	100513	36.930049896240234	-0.04192251339554787	2621.325927734375	1.0021350383758545	3.8920822143554688	0	0	466	791
1	2305837	0	5	5	10717052	100618	36.41459655761719	-0.12563876807689667	2708.87841796875	0.9928808808326721	3.8920822143554688	0	0	472	0
1	2306598	0	5	5	10717802	100619	36.33083724975586	-0.29315948486328125	2708.185302734375	0.9936094880104065	3.8920822143554688	0	2	469	0
1	2306752	0	1	5	10727118	100509	37.26543426513672	-0.04192386567592621	2618.522216796875	1.0049406290054321	3.8850440979003906	0	0	468	794
1	2307209	0	5	5	10718502	100615	36.66587448120117	0.0	2707.1650390625	0.9919425845146179	3.8920822143554688	0	0	471	0
1	2307665	0	1	5	10727968	100508	37.349281311035156	0.25153812766075134	2617.99658203125	1.0038195848464966	3.899120330810547	0	0	464	793
1	2307971	0	5	5	10719252	100613	36.833396911621094	0.16752037405967712	2708.368408203125	0.9935793876647949	3.8850440979003906	0	1	468	0
1	2308427	0	1	5	10728818	100506	37.5169792175293	0.0838487446308136	2619.13232421875	1.0031704902648926	3.8850440979003906	0	0	465	793
1	2308883	0	5	5	10720052	100609	37.16844940185547	0.2512866258621216	2709.774169921875	0.990852952003479	3.8920822143554688	1	1	469	0
1	2309186	0	1	5	10729568	100499	38.10394287109375	0.5869459509849548	2620.014892578125	1.0048656463623047	3.8780059814453125	0	0	466	793
1	2309490	0	5	5	10720852	100609	37.16844940185547	0.1675257682800293	2711.003662109375	0.9955973029136658	3.8920822143554688	1	2	469	0
1	2309796	0	1	5	10730268	100501	37.93623733520508	0.4192470908164978	2621.436279296875	1.0030521154403687	3.8850440979003906	0	0	466	793
1	2310250	0	5	5	10721552	100609	37.16844940185547	0.0	2712.187255859375	0.9920168519020081	3.8920822143554688	0	2	472	0
1	2310557	0	1	5	10731068	100503	37.768531799316406	0.04192555323243141	2623.1884765625	1.005122184753418	3.8850440979003906	0	0	466	792
1	2311012	0	5	5	10722302	100611	37.000919342041016	-0.08376356214284897	2714.057373046875	0.9929109811782837	3.899120330810547	0	1	471	0
1	2311469	0	1	5	10731818	100500	38.02008819580078	-0.12578172981739044	2624.2138671875	1.0016748905181885	3.8920822143554688	0	0	465	794
1	2311776	0	5	5	10723002	100613	36.833396911621094	-0.1675257682800293	2715.103515625	0.9948024153709412	3.8920822143554688	1	1	469	1
1	2312230	0	1	5	10732618	100508	37.349281311035156	-0.2515502870082855	2623.928466796875	1.0045493841171265	3.8850440979003906	0	0	465	793
1	2312536	0	5	5	10723752	100618	36.41459655761719	-0.5863401889801025	2714.489013671875	0.9952884912490845	3.8780059814453125	0	0	470	2
1	2312989	0	1	5	10733368	100514	36.84620666503906	-0.5869411826133728	2619.9111328125	1.0028250217437744	3.8850440979003906	0	0	465	794
1	2313296	0	5	5	10724552	100619	36.33083724975586	-0.6282191276550293	2709.15966796875	0.9941970109939575	3.8850440979003906	1	0	469	0
1	2313751	0	1	5	10734168	100520	36.34315490722656	-0.7546143531799316	2614.56982421875	1.0083844661712646	3.899120330810547	0	0	467	794
1	2314056	0	5	5	10725352	100621	36.163326263427734	-0.3350353538990021	2705.26220703125	0.9919790029525757	3.8850440979003906	0	0	470	1
1	2314512	0	1	5	10734968	100515	36.76236343383789	-0.12576653063297272	2611.104248046875	1.0058903694152832	3.8850440979003906	0	0	464	793
1	2314817	0	5	5	10726052	100621	36.163326263427734	-0.2512744963169098	2705.066162109375	0.9915685653686523	3.899120330810547	2	2	471	0
1	2315425	0	1	5	10735768	100512	37.01389694213867	0.04192251339554787	2613.0771484375	1.0052019357681274	3.8920822143554688	0	0	466	793
1	2315579	0	5	5	10726802	100619	36.33083724975586	0.04187857732176781	2706.118896484375	0.9922218322753906	3.8850440979003906	1	0	469	1
1	2316184	0	1	5	10736568	100511	37.097740173339844	0.20961087942123413	2614.4140625	1.0052019357681274	3.8780059814453125	0	0	464	793
1	2316184	0	5	5	10727502	100617	36.498355865478516	0.20939289033412933	2707.256591796875	0.9939796924591064	3.8850440979003906	0	0	472	1
1	2316942	0	1	5	10737418	100508	37.349281311035156	0.12577058374881744	2615.965087890625	1.0047792196273804	3.8850440979003906	0	0	465	794
1	2316942	0	5	5	10728252	100620	36.2470817565918	-0.08375748991966248	2708.6494140625	0.991102933883667	3.8920822143554688	0	0	471	0
1	2317704	0	5	5	10729002	100623	35.99581527709961	-0.12563371658325195	2707.24365234375	0.9942566752433777	3.8780059814453125	1	0	469	0
1	2317858	0	1	5	10738168	100513	36.930049896240234	0.0	2616.633544921875	1.0045489072799683	3.8920822143554688	0	0	465	792
1	2318466	0	5	5	10729802	100633	35.15829849243164	-0.5862694382667542	2703.810546875	0.9957576394081116	3.899120330810547	1	0	470	0
1	2318620	0	1	5	10739018	100527	35.756290435791016	-0.5868797302246094	2614.193359375	1.004599690437317	3.8920822143554688	0	0	466	793
1	2319229	0	5	5	10730502	100617	36.498355865478516	0.16751497983932495	2699.429443359375	0.9974076747894287	3.8850440979003906	0	0	472	0
1	2319381	0	1	5	10739818	100514	36.84620666503906	0.29344576597213745	2609.67626953125	1.002865195274353	3.8920822143554688	0	0	466	792
1	2319988	0	5	5	10731302	100621	36.163326263427734	0.0	2698.428955078125	0.9960566759109497	3.8920822143554688	0	0	471	1
1	2320142	0	1	5	10740568	100512	37.01389694213867	0.12576653063297272	2608.48876953125	1.0048539638519287	3.8850440979003906	0	0	466	794
1	2320748	0	5	5	10732052	100608	37.25221252441406	0.8794572353363037	2700.20751953125	0.9943196177482605	3.8920822143554688	1	0	469	0
1	2320902	0	1	5	10741368	100506	37.5169792175293	0.5869128108024597	2609.69580078125	1.0069053173065186	3.8850440979003906	0	0	464	793
1	2321507	0	5	5	10732802	100613	36.833396911621094	0.2931571304798126	2699.939453125	0.9910351037979126	3.8850440979003906	0	0	470	0
1	2321662	0	1	5	10742168	100503	37.768531799316406	0.3773178160190582	2610.33837890625	1.007845401763916	3.8780059814453125	0	0	465	794
1	2322269	0	5	5	10733502	100611	37.000919342041016	0.25128260254859924	2701.286376953125	0.9925010204315186	3.899120330810547	0	2	472	1
1	2322574	0	1	5	10743018	100507	37.43313217163086	0.04192420095205307	2612.6357421875	1.0029972791671753	3.8920822143554688	0	0	465	792
1	2323030	0	5	5	10734252	100614	36.7496337890625	-0.2931712865829468	2703.365966796875	0.9898271560668945	3.8920822143554688	1	0	471	0
1	2323485	0	1	5	10743868	100502	37.85238265991211	0.0	2612.4150390625	1.005507230758667	3.899120330810547	0	0	466	793
1	2323789	0	5	5	10735002	100610	37.08468246459961	-0.08376423269510269	2701.933837890625	0.9924323558807373	3.8850440979003906	0	1	471	0
1	2324396	0	1	5	10744718	100508	37.349281311035156	-0.0838487446308136	2611.532470703125	1.0068480968475342	3.8850440979003906	0	0	466	793
1	2324550	0	5	5	10735802	100615	36.66587448120117	-0.08376086503267288	2700.4951171875	0.9897664189338684	3.8850440979003906	0	1	470	0
1	2325005	0	1	5	10745518	100509	37.26543426513672	0.12576957046985626	2610.494140625	1.0048365592956543	3.906158447265625	0	0	465	792
1	2325310	0	5	5	10736552	100622	36.07957077026367	-0.37691327929496765	2698.651123046875	0.9906721115112305	3.8920822143554688	0	0	471	0
1	2325918	0	1	5	10746318	100511	37.097740173339844	-0.12577058374881744	2609.11181640625	1.0052825212478638	3.8780059814453125	0	0	465	792
1	2326072	0	5	5	10737302	100615	36.66587448120117	-0.1256418079137802	2697.330322265625	0.9954598546028137	3.8920822143554688	0	0	472	0
1	2326830	0	1	5	10747168	100507	37.43313217163086	0.08384806662797928	2604.627197265625	1.0039633512496948	3.8850440979003906	0	0	465	792
1	2327435	0	5	5	10738652	100612	36.91715621948242	0.0	2694.43994140625	0.9899681806564331	3.8920822143554688	0	0	470	0
1	2327589	0	1	5	10748018	100507	37.43313217163086	0.12577159702777863	2603.458984375	1.0045138597488403	3.8850440979003906	0	0	465	794
1	2328194	0	5	5	10739402	100617	36.498355865478516	-0.08375951647758484	2694.610107421875	0.9939315915107727	3.8920822143554688	0	1	470	1
1	2328348	0	1	5	10748818	100508	37.349281311035156	0.04192386567592621	2604.451904296875	1.006195306777954	3.8920822143554688	0	0	465	792
1	2328803	0	5	5	10740102	100617	36.498355865478516	-0.12563978135585785	2693.60302734375	0.9933653473854065	3.8920822143554688	0	1	470	0
1	2329109	0	1	5	10749568	100512	37.01389694213867	-0.25154218077659607	2604.010498046875	1.0025042295455933	3.8920822143554688	0	0	465	795
1	2329566	0	5	5	10740902	100614	36.7496337890625	-0.04188060015439987	2691.58251953125	0.9947612285614014	3.8920822143554688	1	1	470	0
1	2329871	0	1	5	10750368	100511	37.097740173339844	-0.08384671807289124	2601.72607421875	1.0041253566741943	3.8920822143554688	0	0	464	793
1	2330328	0	5	5	10741602	100616	36.582115173339844	0.04187959060072899	2691.229248046875	0.992745041847229	3.8920822143554688	1	0	472	0
1	2330783	0	1	5	10751168	100508	37.349281311035156	0.20961594581604004	2602.621826171875	1.0052388906478882	3.8850440979003906	0	0	465	793
1	2331087	0	5	5	10742352	100618	36.41459655761719	-0.12563876807689667	2691.615234375	0.9937141537666321	3.899120330810547	1	0	471	0
1	2331543	0	1	5	10751968	100512	37.01389694213867	-0.08384604007005692	2601.20703125	1.0041639804840088	3.8780059814453125	0	0	467	791
1	2331847	0	5	5	10743102	100616	36.582115173339844	-0.2512845993041992	2691.876708984375	0.9923954606056213	3.899120330810547	2	0	471	1
1	2332305	0	1	5	10752768	100535	35.08563232421875	-1.047978401184082	2600.927734375	1.0059335231781006	3.8920822143554688	0	0	464	752
1	2332609	0	5	5	10743902	100619	36.33083724975586	-0.12563775479793549	2692.125244140625	0.9957576394081116	3.899120330810547	0	1	467	0
1	2333066	0	1	5	10753568	100507	37.43313217163086	0.08384806662797928	2598.35791015625	1.0024805068969727	3.8920822143554688	0	0	466	792
1	2333370	0	5	5	10744602	100614	36.7496337890625	0.16751903295516968	2692.26904296875	0.9916035532951355	3.899120330810547	0	0	470	0
1	2333826	0	1	5	10754268	100505	37.600830078125	0.37731173634529114	2599.078125	1.0034761428833008	3.8920822143554688	0	0	464	791
1	2334583	0	1	5	10755068	100512	37.01389694213867	-0.08384604007005692	2597.455810546875	1.0069657564163208	3.8920822143554688	0	0	465	792
1	2335342	0	5	5	10746652	100620	36.2470817565918	-0.1675163358449936	2684.9453125	0.9947612285614014	3.8850440979003906	0	1	469	0
1	2335494	0	1	5	10755918	100509	37.26543426513672	0.04192352667450905	2593.39306640625	1.0024396181106567	3.8850440979003906	0	0	464	792
1	2336101	0	5	5	10747352	100612	36.91715621948242	0.20940130949020386	2681.87841796875	0.9913381934165955	3.8780059814453125	0	0	469	0
1	2336256	0	1	5	10756718	100507	37.43313217163086	0.08384806662797928	2589.843017578125	1.0039445161819458	3.8850440979003906	0	0	466	793
1	2336863	0	5	5	10748102	100610	37.08468246459961	0.2931641936302185	2680.773193359375	0.9924043416976929	3.8780059814453125	1	0	472	0
1	2337018	0	1	5	10757518	100506	37.5169792175293	0.20961932837963104	2589.08349609375	1.003848910331726	3.8850440979003906	0	0	466	791
1	2337624	0	5	5	10748852	100616	36.582115173339844	-0.12564079463481903	2679.269287109375	0.9931355118751526	3.8850440979003906	1	0	469	0
1	2337928	0	1	5	10758268	100511	37.097740173339844	-0.04192318767309189	2585.7607421875	1.0052393674850464	3.8920822143554688	0	0	465	792
1	2338383	0	5	5	10749602	100613	36.833396911621094	0.04188060015439987	2680.15869140625	0.9929513335227966	3.8920822143554688	0	0	470	0
1	2338687	0	1	5	10759068	100504	37.6846809387207	0.0	2585.643798828125	1.006274700164795	3.8780059814453125	0	0	465	794
1	2338993	0	5	5	10750302	100608	37.25221252441406	0.29316893219947815	2681.701904296875	0.9918613433837891	3.8920822143554688	0	0	469	0
1	2339447	0	1	5	10759868	100504	37.6846809387207	0.3353922665119171	2586.18896484375	1.0031319856643677	3.899120330810547	0	0	464	791
1	2339903	0	5	5	10751002	100611	37.000919342041016	-0.041881609708070755	2681.44677734375	0.9914107918739319	3.8850440979003906	0	0	470	0
1	2340208	0	1	5	10760668	100508	37.349281311035156	-0.20962439477443695	2584.8974609375	1.0061211585998535	3.8850440979003906	0	0	463	792
1	2340513	0	5	5	10751802	100607	37.335975646972656	0.20940974354743958	2679.288818359375	0.9898578524589539	3.8850440979003906	0	1	470	0
1	2341120	0	1	5	10761468	100501	37.93623733520508	0.16770288348197937	2586.682373046875	1.0037615299224854	3.8780059814453125	0	0	462	791
1	2341274	0	5	5	10752602	100607	37.335975646972656	0.2512906789779663	2681.72802734375	0.9953477382659912	3.899120330810547	0	0	470	0
1	2341881	0	1	5	10762318	100500	38.02008819580078	0.20962946116924286	2588.506103515625	1.0062708854675293	3.8780059814453125	0	0	465	794
1	2342035	0	5	5	10753302	100607	37.335975646972656	0.16752846539020538	2683.689697265625	0.9929328560829163	3.8920822143554688	1	0	471	0
1	2342794	0	1	5	10763118	100501	37.93623733520508	0.20962776243686676	2589.9013671875	1.0075196027755737	3.8920822143554688	0	0	462	792
1	2342794	0	5	5	10754102	100608	37.25221252441406	0.16752712428569794	2686.089599609375	0.993826150894165	3.899120330810547	0	0	469	1
1	2343554	0	1	5	10763968	100502	37.85238265991211	0.04192589223384857	2591.06298828125	1.0068659782409668	3.8850440979003906	0	0	464	793
1	2343554	0	5	5	10754852	100606	37.419742584228516	0.08376558125019073	2687.260009765625	0.991894543170929	3.8850440979003906	0	0	470	0
1	2344315	0	5	5	10755602	100604	37.587276458740234	0.0	2687.260009765625	0.9928635954856873	3.8850440979003906	0	0	470	0
1	2344470	0	1	5	10764868	100505	37.600830078125	-0.2515563666820526	2591.72509765625	1.0048775672912598	3.8850440979003906	0	0	464	794
1	2345075	0	5	5	10756352	100607	37.335975646972656	-0.0418829582631588	2686.75	0.9867607355117798	3.899120330810547	1	0	470	0
1	2345229	0	1	5	10765668	100502	37.85238265991211	-0.04192622750997543	2591.62109375	1.0025815963745117	3.8850440979003906	0	0	465	794
1	2345834	0	5	5	10757152	100605	37.503509521484375	0.29317599534988403	2685.24609375	1.178247332572937	3.899120330810547	0	1	470	0
1	2346138	0	1	5	10766518	100446	42.54916000366211	2.1387546062469482	2590.79052734375	1.206784963607788	3.8850440979003906	0	0	466	813
1	2346595	0	5	5	10757852	100601	37.838584899902344	0.2094198614358902	2685.94580078125	0.99040687084198	3.8920822143554688	2	0	469	0
1	2346899	0	1	5	10767318	100379	48.17130661010742	5.1175360679626465	2590.310302734375	0.9530580639839172	3.8920822143554688	0	0	464	838
1	2347356	0	5	5	10758652	100550	42.11170959472656	2.387866973876953	2683.487060546875	0.946358859539032	3.899120330810547	0	0	471	0
1	2347812	0	1	5	10768168	100275	56.90424346923828	9.44207763671875	2587.104248046875	0.8252695798873901	3.8920822143554688	0	0	465	892
1	2348117	0	5	5	10759352	100557	41.52510070800781	1.843258261680603	2676.150146484375	1.1008573770523071	3.8850440979003906	1	2	470	1
1	2348574	0	1	5	10769018	100186	64.3834457397461	8.190004348754883	2582.476806640625	0.877801239490509	3.8780059814453125	0	0	465	911
1	2348878	0	5	5	10760102	100602	37.75481414794922	-0.2513129413127899	2673.129150390625	1.0251591205596924	3.8850440979003906	0	0	470	0
1	2349334	0	1	5	10769818	100459	41.458648681640625	-6.294895172119141	2601.6611328125	1.1046507358551025	3.8850440979003906	0	0	463	907
1	2349639	0	5	5	10760852	100601	37.838584899902344	-2.42988657951355	2674.083740234375	1.019484281539917	3.8920822143554688	0	1	470	0
1	2350399	0	5	5	10761602	100611	37.000919342041016	-1.7593179941177368	2676.503173828125	0.9788777232170105	3.899120330810547	1	0	471	0
1	2350854	0	1	5	10771218	100498	38.18779754638672	-10.702489852905273	2599.305419921875	1.0047966241836548	3.899120330810547	0	0	465	836
1	2351008	0	5	5	10762302	100610	37.08468246459961	-0.2512967586517334	2678.366943359375	0.9812689423561096	3.899120330810547	1	0	472	0
1	2351614	0	1	5	10771968	100460	41.3747673034668	0.37744858860969543	2596.196533203125	1.262773036956787	3.8780059814453125	0	0	466	842
1	2351768	0	5	5	10763102	100602	37.75481414794922	0.0	2679.72705078125	0.19744442403316498	3.8920822143554688	1	0	470	0
1	2352376	0	1	5	10772768	100495	38.43936538696289	0.08385617285966873	2595.054443359375	1.0157312154769897	3.8850440979003906	0	0	464	799
1	2352680	0	5	5	10763852	100604	37.587276458740234	0.5025813579559326	2680.053955078125	0.9449589848518372	3.8920822143554688	0	2	469	0
1	2353286	0	1	5	10773568	100500	38.02008819580078	-0.7547359466552734	2593.64599609375	0.9959661960601807	3.899120330810547	0	0	464	800
1	2353439	0	5	5	10764652	100607	37.335975646972656	-0.12564988434314728	2677.085205078125	0.9733870625495911	3.8850440979003906	0	0	468	0
1	2354048	0	1	5	10774368	100406	45.90530014038086	3.3136672973632812	2589.758544921875	1.119486689567566	3.8920822143554688	0	0	465	848
1	2354200	0	5	5	10765402	100620	36.2470817565918	-0.8795209527015686	2675.215087890625	0.976609468460083	3.8850440979003906	0	1	471	0
1	2354656	0	1	5	10775168	100267	57.57631301879883	9.736185073852539	2587.908935546875	1.017877221107483	3.8920822143554688	0	0	466	908
1	2354963	0	5	5	10766252	100589	38.843868255615234	0.8377097845077515	2672.99169921875	1.0092694759368896	3.8850440979003906	1	1	471	0
1	2355568	0	1	5	10775968	100334	51.94908142089844	5.70654296875	2596.78076171875	1.0107731819152832	3.8850440979003906	0	0	463	872
1	2355722	0	5	5	10767002	100589	38.843868255615234	0.6282949447631836	2674.00537109375	0.9919245839118958	3.8920822143554688	0	1	471	1
1	2356478	0	1	5	10776868	100368	49.09463882446289	-4.450869560241699	2599.883056640625	1.03383469581604	3.899120330810547	0	0	465	848
1	2356478	0	5	5	10767752	100605	37.503509521484375	0.460697740316391	2674.54150390625	0.9652289152145386	3.8920822143554688	0	0	472	0
1	2357238	0	1	5	10777668	100423	44.47880935668945	-3.525226354598999	2599.48046875	0.8272981643676758	3.8850440979003906	0	0	465	820
1	2357238	0	5	5	10768502	100606	37.419742584228516	-1.172859787940979	2673.462646484375	0.8366983532905579	3.8780059814453125	1	0	470	0
1	2358000	0	1	5	10778468	100381	48.003440856933594	-1.0073050260543823	2594.37939453125	1.2051503658294678	3.8920822143554688	0	0	466	829
1	2358000	0	5	5	10769202	100606	37.419742584228516	-0.4607348144054413	2671.762451171875	1.0558501482009888	3.8920822143554688	0	0	467	0
1	2358763	0	1	5	10779218	100315	53.5445556640625	4.071372032165527	2590.803466796875	0.9215299487113953	3.8780059814453125	0	0	463	843
1	2358763	0	5	5	10769902	100544	42.61454772949219	2.346097230911255	2670.166748046875	0.8243833184242249	3.8780059814453125	0	0	471	0
1	2359372	0	5	5	10770652	100604	37.587276458740234	0.1675325185060501	2670.873046875	0.8963291645050049	3.8920822143554688	1	0	470	0
1	2359526	0	1	5	10780018	100368	49.09463882446289	2.769373893737793	2590.16748046875	0.9243583083152771	3.8850440979003906	0	0	463	833
1	2360132	0	5	5	10771352	100617	36.498355865478516	-0.376928448677063	2669.244873046875	0.9485567808151245	3.899120330810547	0	0	472	1
1	2360438	0	1	5	10780768	100519	36.42699432373047	-7.089361190795898	2590.6865234375	1.2052282094955444	3.8780059814453125	0	0	465	788
1	2360892	0	5	5	10772102	100608	37.25221252441406	-1.4241982698440552	2665.85107421875	0.8769428133964539	3.8850440979003906	0	1	471	1
1	2361651	0	5	5	10772852	100597	38.173667907714844	0.08377165347337723	2659.802490234375	1.0330374240875244	3.8920822143554688	0	0	470	0
1	2361805	0	1	5	10782268	100501	37.93623733520508	0.20962776243686676	2585.235107421875	1.0412791967391968	3.8850440979003906	0	0	466	784
1	2362262	0	5	5	10773602	100603	37.671043395996094	0.9213694930076599	2654.0087890625	1.0616458654403687	3.8850440979003906	1	0	469	1
1	2362566	0	1	5	10783068	100480	39.69729232788086	1.3416987657546997	2584.125244140625	1.0339723825454712	3.8850440979003906	0	0	465	790
1	2363023	0	5	5	10774302	100600	37.9223518371582	0.6701192855834961	2651.137939453125	0.9405839443206787	3.899120330810547	1	0	470	0
1	2363479	0	1	5	10783868	100523	36.091636657714844	-0.7545961141586304	2584.040771484375	1.0756323337554932	3.8850440979003906	0	0	466	696
1	2363783	0	5	5	10775002	100607	37.335975646972656	0.08376491069793701	2652.66162109375	1.0462957620620728	3.8780059814453125	0	0	472	0
1	2364239	0	1	5	10784618	100527	35.756290435791016	-1.8866347074508667	2587.2080078125	1.059863805770874	3.8780059814453125	0	0	467	683
1	2364543	0	5	5	10775852	100608	37.25221252441406	-0.25130078196525574	2658.939208984375	0.9976574182510376	3.8920822143554688	0	1	470	0
1	2364999	0	1	5	10785418	100530	35.50478744506836	-0.8803231120109558	2587.954345703125	1.0144131183624268	3.8920822143554688	0	0	466	684
1	2365303	0	5	5	10776602	100617	36.498355865478516	-0.5025773048400879	2656.768310546875	0.9834825396537781	3.899120330810547	0	1	469	1
1	2365760	0	1	5	10786168	100528	35.672454833984375	-0.1676718145608902	2584.7158203125	0.999800443649292	3.8850440979003906	0	0	465	683
1	2366065	0	5	5	10777302	100605	37.503509521484375	0.25129473209381104	2651.870361328125	0.9092530012130737	3.899120330810547	0	0	471	0
1	2366521	0	1	5	10786968	100528	35.672454833984375	-0.08383523672819138	2584.722412109375	0.9839231967926025	3.8850440979003906	0	0	465	678
1	2366826	0	5	5	10778102	100613	36.833396911621094	-0.04188093915581703	2646.77001953125	0.9754214286804199	3.8850440979003906	1	1	469	0
1	2367282	0	1	5	10787768	100536	35.001800537109375	-0.2934103310108185	2581.944580078125	1.0225569009780884	3.8920822143554688	0	0	466	682
1	2367586	0	5	5	10778802	100616	36.582115173339844	0.04187959060072899	2639.0341796875	0.987660825252533	3.899120330810547	2	1	472	1
1	2368195	0	1	5	10788518	100532	35.33712387084961	-0.20958386361598969	2579.419921875	1.0549181699752808	3.8850440979003906	0	0	465	685
1	2368347	0	5	5	10779502	100609	37.16844940185547	0.0	2637.654296875	0.9792456030845642	3.8850440979003906	0	1	470	0
1	2368802	0	1	5	10789318	100526	35.840126037597656	0.04191778600215912	2575.74658203125	0.9561307430267334	3.8780059814453125	0	0	464	684
1	2369106	0	5	5	10780352	100618	36.41459655761719	-0.2512805759906769	2633.27978515625	0.9980912804603577	3.8920822143554688	1	1	468	0
1	2369714	0	1	5	10790118	100534	35.16946029663086	-0.12574727833271027	2575.311767578125	1.0000709295272827	3.8920822143554688	0	0	466	687
1	2369869	0	5	5	10781102	100615	36.66587448120117	-0.04188026487827301	2637.026611328125	1.0149816274642944	3.899120330810547	2	0	472	0
1	2370625	0	1	5	10790968	100523	36.091636657714844	0.08383726328611374	2575.779052734375	1.0178159475326538	3.8780059814453125	0	0	466	689
1	2370779	0	5	5	10781902	100603	37.671043395996094	0.25129878520965576	2639.890869140625	1.004760980606079	3.8920822143554688	0	0	471	0
1	2371384	0	1	5	10791768	100522	36.17547607421875	0.16767452657222748	2576.8759765625	1.0112888813018799	3.8850440979003906	0	0	466	690
1	2371538	0	5	5	10782752	100613	36.833396911621094	-0.33505693078041077	2644.46826171875	1.000306248664856	3.8920822143554688	0	0	470	0
1	2372748	0	1	5	10793218	100526	35.840126037597656	-0.2934339642524719	2568.8154296875	1.0131430625915527	3.8780059814453125	0	0	464	687
1	2373504	0	1	5	10793968	100528	35.672454833984375	-0.08383523672819138	2567.23828125	1.0187426805496216	3.8920822143554688	0	0	466	688
1	2373504	0	5	5	10784752	100609	37.16844940185547	0.1675257682800293	2629.08154296875	1.0106606483459473	3.8920822143554688	1	0	469	0
1	2374265	0	5	5	10785552	100609	37.16844940185547	0.12564483284950256	2628.905029296875	0.9986006021499634	3.8780059814453125	0	1	471	0
1	2374420	0	1	5	10794768	100526	35.840126037597656	-0.2095939964056015	2567.802978515625	1.0055370330810547	3.899120330810547	0	0	466	687
1	2375027	0	5	5	10786302	100612	36.91715621948242	-0.25129270553588867	2624.419189453125	1.0324069261550903	3.899120330810547	2	1	470	0
1	2375181	0	1	5	10795568	100532	35.33712387084961	-0.4191761612892151	2565.843017578125	0.8492081165313721	3.8780059814453125	0	0	466	685
1	2375787	0	5	5	10787002	100609	37.16844940185547	-0.04188228398561478	2616.140869140625	0.9860008955001831	3.8920822143554688	1	0	471	0
1	2375941	0	1	5	10796318	100534	35.16946029663086	-0.29341503977775574	2563.733642578125	0.9884185194969177	3.8850440979003906	0	0	464	682
1	2376547	0	5	5	10787752	100612	36.91715621948242	-0.16752712428569794	2610.556396484375	0.9909956455230713	3.8850440979003906	0	1	471	0
1	2376702	0	1	5	10797118	100530	35.50478744506836	-0.04191677272319794	2563.467529296875	0.9892752766609192	3.8850440979003906	0	0	466	680
1	2377308	0	5	5	10788502	100608	37.25221252441406	0.20940805971622467	2607.254150390625	1.012323260307312	3.8850440979003906	0	0	470	1
1	2377463	0	1	5	10797868	100525	35.9239616394043	0.16767047345638275	2562.20849609375	1.0255846977233887	3.8850440979003906	0	0	466	681
1	2378070	0	5	5	10789352	100605	37.503509521484375	0.33505693078041077	2600.4599609375	0.9850145578384399	3.8780059814453125	0	0	470	1
1	2378225	0	1	5	10798668	100527	35.756290435791016	0.29341503977775574	2557.24365234375	1.000853180885315	3.8920822143554688	0	0	466	683
1	2378832	0	5	5	10790102	100602	37.75481414794922	0.3350650370121002	2595.398681640625	0.9907382726669312	3.899120330810547	0	0	469	1
1	2378985	0	1	5	10799468	100527	35.756290435791016	0.0	2555.21240234375	0.9995375871658325	3.8920822143554688	0	0	464	684
1	2379593	0	5	5	10790802	100607	37.335975646972656	-0.08376625925302505	2593.65283203125	1.0069841146469116	3.8780059814453125	0	0	470	0
1	2379897	0	1	5	10800218	100524	36.0078010559082	0.08383658528327942	2556.289794921875	0.995937705039978	3.8920822143554688	0	0	465	690
1	2380353	0	5	5	10791602	100604	37.587276458740234	0.04188363254070282	2594.228271484375	0.9890336394309998	3.8850440979003906	0	1	469	0
1	2380508	0	1	5	10801018	100522	36.17547607421875	0.04191913455724716	2555.004638671875	1.0198081731796265	3.899120330810547	0	0	465	689
1	2381112	0	5	5	10792352	100609	37.16844940185547	-0.08376491069793701	2596.817626953125	0.9852864742279053	3.8920822143554688	1	1	471	0
1	2381418	0	1	5	10801768	100530	35.50478744506836	-0.125751331448555	2555.562744140625	0.9781448245048523	3.8920822143554688	0	0	465	687
1	2381874	0	5	5	10793102	100610	37.08468246459961	0.0	2598.9560546875	0.9848706722259521	3.8780059814453125	0	0	470	1
1	2382029	0	1	5	10802518	100527	35.756290435791016	-0.2515117824077606	2555.186279296875	0.9969031810760498	3.8780059814453125	0	0	466	687
1	2382634	0	5	5	10793852	100609	37.16844940185547	-0.2094147950410843	2597.465087890625	1.0021235942840576	3.8920822143554688	0	1	472	0
1	2383393	0	5	5	10794652	100613	36.833396911621094	-0.20940805971622467	2591.3837890625	1.0050978660583496	3.8920822143554688	0	0	469	0
1	2383545	0	1	5	10803968	100540	34.66648864746094	-0.6287363767623901	2551.130126953125	1.038474202156067	3.8780059814453125	0	0	466	680
1	2384302	0	1	5	10804768	100536	35.001800537109375	-0.20957711338996887	2548.46923828125	0.9248136878013611	3.8850440979003906	0	742	467	672
1	2384302	0	5	5	10795402	100613	36.833396911621094	-0.12564381957054138	2589.80126953125	0.9728918075561523	3.906158447265625	1	2	471	0
1	2384912	0	5	5	10796202	100614	36.7496337890625	-0.04188060015439987	2588.7158203125	1.038641333580017	3.8850440979003906	0	0	470	0
1	2385218	0	1	5	10805568	100529	35.588623046875	0.12574930489063263	2546.256103515625	1.0233047008514404	3.8920822143554688	0	743	466	671
1	2385674	0	5	5	10796902	100610	37.08468246459961	0.08376288414001465	2590.5205078125	0.9287548065185547	3.8920822143554688	0	0	471	0
1	2385979	0	1	5	10806368	100518	36.51083755493164	0.5030235648155212	2545.120361328125	1.018547773361206	3.8920822143554688	0	0	467	666
1	2386434	0	5	5	10797652	100606	37.419742584228516	0.1256478726863861	2588.23828125	0.9821987152099609	3.8850440979003906	1	0	472	0
1	2386890	0	1	5	10807168	100528	35.672454833984375	0.1257503181695938	2542.14794921875	1.060627818107605	3.8920822143554688	0	0	464	669
1	2387194	0	5	5	10798402	100608	37.25221252441406	0.16752712428569794	2587.479736328125	0.9540738463401794	3.8780059814453125	0	0	472	0
1	2387650	0	1	5	10808068	100529	35.588623046875	0.16766506433486938	2539.8701171875	0.9575958251953125	3.8780059814453125	0	0	467	673
1	2387954	0	5	5	10799152	100608	37.25221252441406	-0.25130078196525574	2586.910888671875	0.9618036150932312	3.8920822143554688	0	0	471	1
1	2388409	0	1	5	10808818	100531	35.420955657958984	-0.08383321017026901	2537.858154296875	0.9760631322860718	3.8920822143554688	0	0	466	671
1	2388714	0	5	5	10799902	100615	36.66587448120117	-0.1675230711698532	2584.81201171875	0.9992586970329285	3.8850440979003906	0	1	471	0
1	2389172	0	1	5	10809668	100531	35.420955657958984	0.08383185416460037	2536.65087890625	1.0303982496261597	3.8780059814453125	0	0	465	671
1	2389476	0	5	5	10800702	100608	37.25221252441406	0.12564584612846375	2582.69970703125	0.9293482899665833	3.8850440979003906	0	0	471	0
1	2390233	0	5	5	10801452	100609	37.16844940185547	-0.04188228398561478	2582.072021484375	0.9700333476066589	3.8920822143554688	0	0	470	0
1	2390690	0	1	5	10811118	100532	35.33712387084961	-0.08383253216743469	2536.203125	1.0056281089782715	3.8920822143554688	0	0	464	675
1	2390994	0	5	5	10802202	100612	36.91715621948242	-0.12564483284950256	2582.039306640625	1.0107028484344482	3.8780059814453125	0	0	470	1
1	2391601	0	1	5	10811968	100535	35.08563232421875	-0.08383050560951233	2536.021484375	0.9885071516036987	3.899120330810547	0	0	465	664
1	2392360	0	1	5	10812818	100532	35.33712387084961	0.041915759444236755	2536.3525390625	1.0130218267440796	3.8780059814453125	0	0	466	663
1	2392360	0	5	5	10803602	100613	36.833396911621094	0.0	2584.0009765625	0.9991457462310791	3.8920822143554688	2	0	470	0
1	2393122	0	1	5	10813618	100531	35.420955657958984	0.0	2535.320556640625	1.0470551252365112	3.899120330810547	0	0	465	661
1	2393276	0	5	5	10804402	100614	36.7496337890625	0.04188026487827301	2581.96728515625	0.9686112999916077	3.899120330810547	0	0	470	3
1	2393883	0	5	5	10805202	100615	36.66587448120117	0.0	2580.201904296875	0.8289976119995117	3.8850440979003906	1	2	471	1
1	2394037	0	1	5	10814418	100538	34.834144592285156	-0.16765831410884857	2533.165771484375	0.9727157950401306	3.8850440979003906	0	742	465	650
1	2394644	0	5	5	10805902	100612	36.91715621948242	-0.12564483284950256	2578.52783203125	0.9397897124290466	3.8780059814453125	1	0	470	0
1	2394948	0	1	5	10815268	100544	34.3311882019043	-0.3353058099746704	2531.698974609375	0.9717181921005249	3.8920822143554688	0	743	467	643
1	2395705	0	1	5	10816118	100537	34.917972564697266	0.04191407188773155	2531.06298828125	0.951964259147644	3.8850440979003906	0	744	465	649
1	2396010	0	5	5	10807252	100614	36.7496337890625	-0.0837615355849266	2577.252685546875	0.9956693053245544	3.8920822143554688	2	0	470	0
1	2396768	0	1	5	10817068	100539	34.75031661987305	-0.04191373288631439	2529.408203125	0.9117256999015808	3.8850440979003906	0	744	463	635
1	2396768	0	5	5	10807952	100612	36.91715621948242	0.16752173006534576	2576.6904296875	0.9606072306632996	3.899120330810547	0	2	471	0
1	2397527	0	5	5	10808752	100612	36.91715621948242	0.20940130949020386	2575.787841796875	1.0702588558197021	3.8780059814453125	2	0	470	0
1	2397681	0	1	5	10818018	100539	34.75031661987305	-0.16765695810317993	2528.175048828125	1.0587272644042969	3.8920822143554688	0	745	465	653
1	2398136	0	5	5	10809452	100612	36.91715621948242	0.1256418079137802	2576.173828125	0.9535255432128906	3.8920822143554688	1	0	472	1
1	2398593	0	1	5	10818868	100546	34.163543701171875	-0.2514732778072357	2527.69482421875	1.0279195308685303	3.8850440979003906	0	746	464	646
1	2398896	0	5	5	10810152	100623	35.99581527709961	-0.4606717824935913	2576.298095703125	0.9528017640113831	3.8920822143554688	0	0	471	1
1	2399352	0	1	5	10819718	100544	34.3311882019043	-0.4191356599330902	2525.909912109375	0.8910492062568665	3.8850440979003906	0	0	466	655
1	2399658	0	5	5	10810902	100619	36.33083724975586	-0.33504074811935425	2576.36328125	0.8594185709953308	3.8850440979003906	2	0	469	0
1	2400114	0	1	5	10820518	100544	34.3311882019043	-0.04191204532980919	2525.60498046875	0.9477832317352295	3.8850440979003906	0	0	465	670
1	2400269	0	5	5	10811602	100617	36.498355865478516	-0.04187959060072899	2576.48095703125	0.7472167611122131	3.8780059814453125	1	0	471	1
1	2401026	0	5	5	10812352	100624	35.91205978393555	0.0	2575.833740234375	1.045189619064331	3.8850440979003906	0	0	471	1
1	2401482	0	1	5	10821918	100550	33.8282585144043	-0.20955348014831543	2523.320556640625	1.0291955471038818	3.8850440979003906	0	0	466	677
1	2401784	0	5	5	10813052	100629	35.4932975769043	-0.4606495201587677	2575.17333984375	0.9960682392120361	3.8850440979003906	0	0	469	1
1	2402394	0	1	5	10822768	100539	34.75031661987305	-0.12574221193790436	2519.7900390625	0.9700026512145996	3.899120330810547	0	0	465	676
1	2402546	0	5	5	10813752	100615	36.66587448120117	0.293152391910553	2567.38525390625	0.9746586680412292	3.8920822143554688	0	0	470	1
1	2403305	0	1	5	10823668	100541	34.582664489746094	-0.16765426099300385	2516.863037109375	1.0175034999847412	3.8780059814453125	0	0	465	673
1	2403305	0	5	5	10814502	100620	36.2470817565918	-0.20939625799655914	2553.136474609375	1.0181282758712769	3.8920822143554688	0	0	472	1
1	2404065	0	1	5	10824468	100542	34.49884033203125	-0.1257391721010208	2515.49365234375	0.9958056211471558	3.8920822143554688	0	0	465	677
1	2404065	0	5	5	10815202	100616	36.582115173339844	0.2512724697589874	2552.966552734375	1.056531548500061	3.8850440979003906	0	1	472	0
1	2404675	0	5	5	10815952	100622	36.07957077026367	-0.4187942147254944	2550.17431640625	1.0917104482650757	3.8920822143554688	0	0	470	0
1	2404829	0	1	5	10825318	100541	34.582664489746094	-0.5029789805412292	2513.630859375	1.115174651145935	3.8780059814453125	0	0	467	677
1	2405435	0	5	5	10816652	100614	36.7496337890625	-0.1256428062915802	2550.828125	0.9778178930282593	3.899120330810547	2	1	473	0
1	2405739	0	1	5	10826118	100535	35.08563232421875	0.0	2511.68408203125	0.983253538608551	3.8920822143554688	0	0	465	681
1	2406196	0	5	5	10817352	100613	36.833396911621094	0.2931571304798126	2545.367919921875	1.029894471168518	3.8920822143554688	0	1	470	0
1	2406651	0	1	5	10826968	100533	35.253292083740234	0.25148746371269226	2511.099853515625	0.994107186794281	3.899120330810547	0	0	466	680
1	2406806	0	5	5	10818152	100610	37.08468246459961	0.3769223690032959	2542.10498046875	1.0165702104568481	3.8920822143554688	0	0	469	0
1	2407261	0	1	5	10827768	100532	35.33712387084961	0.12574626505374908	2509.451416015625	0.9811155796051025	3.8920822143554688	0	0	466	679
1	2407566	0	5	5	10818852	100617	36.498355865478516	-0.3350461423397064	2537.69775390625	0.9669608473777771	3.899120330810547	0	0	472	0
1	2408173	0	1	5	10828568	100530	35.50478744506836	0.41914916038513184	2508.919189453125	1.0024144649505615	3.8780059814453125	0	0	465	680
1	2408327	0	5	5	10819602	100613	36.833396911621094	0.0	2535.906005859375	1.006748080253601	3.8780059814453125	0	0	473	0
1	2409214	0	1	5	10829668	100535	35.08563232421875	0.12574322521686554	2509.4189453125	0.9927970767021179	3.8920822143554688	0	0	461	677
1	2409214	0	5	5	10820502	100614	36.7496337890625	-0.0837615355849266	2534.774658203125	0.9835891127586365	3.8780059814453125	0	0	471	0
1	2410130	0	1	5	10830468	100537	34.917972564697266	-0.20957542955875397	2509.120361328125	1.0124956369400024	3.8920822143554688	0	0	465	671
1	2410130	0	5	5	10821252	100611	37.000919342041016	0.08376221358776093	2532.01513671875	0.9120564460754395	3.8850440979003906	0	0	471	0
1	2410738	0	5	5	10822052	100613	36.833396911621094	0.0	2531.302490234375	1.0002104043960571	3.8920822143554688	0	1	470	0
1	2410892	0	1	5	10831268	100535	35.08563232421875	0.041914746165275574	2508.705078125	1.040393590927124	3.8920822143554688	0	0	466	671
1	2411648	0	1	5	10832018	100530	35.50478744506836	0.3772357702255249	2508.302734375	1.131081223487854	3.8850440979003906	0	0	466	689
1	2412256	0	5	5	10823452	100620	36.2470817565918	-0.2931571304798126	2529.484619140625	1.104285478591919	3.8920822143554688	0	1	469	0
1	2412409	0	1	5	10832818	100537	34.917972564697266	-0.20957542955875397	2506.212890625	1.0275977849960327	3.8920822143554688	0	743	465	688
1	2413018	0	5	5	10824202	100620	36.2470817565918	-0.418800950050354	2530.5439453125	1.0457171201705933	3.8850440979003906	0	1	473	1
1	2413172	0	1	5	10833568	100539	34.75031661987305	-0.08382780849933624	2501.637451171875	1.028003215789795	3.8920822143554688	0	744	464	686
1	2413927	0	1	5	10834368	100530	35.50478744506836	0.25149354338645935	2497.094482421875	0.9913303256034851	3.8920822143554688	0	746	466	692
1	2414383	0	5	5	10825652	100608	37.25221252441406	0.4188076853752136	2525.986083984375	0.9437351226806641	3.8850440979003906	0	1	470	0
1	2414689	0	1	5	10835168	100534	35.16946029663086	0.041915085166692734	2497.366943359375	0.9523684978485107	3.8920822143554688	0	745	464	662
1	2415145	0	5	5	10826352	100612	36.91715621948242	0.29315948486328125	2530.570068359375	0.9414656162261963	3.8850440979003906	0	1	472	0
1	2415451	0	1	5	10835918	100529	35.588623046875	0.2514955699443817	2499.44384765625	0.9627164006233215	3.8920822143554688	0	0	466	661
1	2415757	0	5	5	10827052	100610	37.08468246459961	0.12564381957054138	2535.075439453125	1.1526910066604614	3.8920822143554688	1	2	472	0
1	2416212	0	1	5	10836718	100533	35.253292083740234	-0.20958217978477478	2501.22216796875	0.8931326270103455	3.899120330810547	0	0	466	662
1	2416519	0	5	5	10827802	100606	37.419742584228516	0.16752982139587402	2537.69775390625	0.8752061128616333	3.906158447265625	0	2	472	1
1	2417128	0	1	5	10837468	100536	35.001800537109375	-0.20957711338996887	2500.423828125	0.9027909636497498	3.8920822143554688	0	0	466	620
1	2417282	0	5	5	10828552	100606	37.419742584228516	0.0418829582631588	2538.842041015625	1.113213062286377	3.8850440979003906	1	0	472	0
1	2417888	0	1	5	10838268	100281	56.40022277832031	10.489632606506348	2495.92626953125	0.9659900069236755	3.8920822143554688	0	0	466	915
1	2418192	0	5	5	10829302	100518	44.793785095214844	3.770786762237549	2538.194580078125	1.0191501379013062	3.899120330810547	1	0	469	0
1	2418650	0	1	5	10839118	100181	64.80378723144531	14.817163467407227	2496.607666015625	0.9292342662811279	3.8850440979003906	0	0	464	891
1	2418804	0	5	5	10830102	100498	46.47043228149414	4.6091108322143555	2536.808349609375	0.9347484707832336	3.8850440979003906	1	0	469	1
1	2419563	0	1	5	10839918	100177	65.14006805419922	10.79209041595459	2497.90576171875	1.0316357612609863	3.8920822143554688	0	0	464	894
1	2419563	0	5	5	10830852	100481	47.89579772949219	4.944836616516113	2535.722900390625	1.007796049118042	3.8850440979003906	0	0	469	0
1	2420325	0	5	5	10831552	100537	43.20122146606445	-1.2992607355117798	2537.024169921875	1.2115505933761597	3.899120330810547	0	0	472	0
1	2420479	0	1	5	10840768	100223	61.27346420288086	-1.302799940109253	2499.97607421875	1.2904438972473145	3.8850440979003906	0	0	464	856
1	2421084	0	5	5	10832302	100545	42.530738830566406	-1.9698468446731567	2532.96337890625	1.2329665422439575	3.8920822143554688	1	0	472	0
1	2421238	0	1	5	10841668	100170	65.72859191894531	1.13491690158844	2496.185791015625	0.8345494866371155	3.8920822143554688	0	0	466	867
1	2421845	0	5	5	10833102	100556	41.6088981628418	-2.3050100803375244	2528.124267578125	0.9095401763916016	3.8920822143554688	0	0	469	0
1	2421999	0	1	5	10842468	100187	64.29938507080078	0.9246386885643005	2495.21875	0.9904878735542297	3.8780059814453125	0	0	464	866
1	2422606	0	5	5	10833802	100562	41.106109619140625	-0.9637424945831299	2525.051025390625	1.170396327972412	3.8920822143554688	2	1	469	0
1	2422760	0	1	5	10843268	100219	61.60963439941406	-1.2608097791671753	2494.4140625	0.9952214956283569	3.8850440979003906	0	0	467	861
1	2423219	0	5	5	10834502	100563	41.022315979003906	-0.754211962223053	2524.148681640625	0.973491370677948	3.899120330810547	0	0	469	0
1	2423674	0	1	5	10844068	100198	63.37470245361328	-1.933694839477539	2495.114990234375	0.8733784556388855	3.8780059814453125	0	0	466	864
1	2423979	0	5	5	10835202	100562	41.106109619140625	-0.41899654269218445	2525.99267578125	1.039017915725708	3.8920822143554688	1	1	472	0
1	2424435	0	1	5	10844868	100158	66.7375717163086	2.1437318325042725	2494.75146484375	1.017543911933899	3.8850440979003906	0	0	466	869
1	2424738	0	5	5	10835952	100554	41.7765007019043	0.5027837157249451	2526.901611328125	0.9747645854949951	3.8920822143554688	0	2	470	0
1	2425194	0	1	5	10845668	100195	63.62688064575195	0.2521741986274719	2497.55517578125	1.043420433998108	3.8920822143554688	0	0	465	864
1	2425499	0	5	5	10836702	100556	41.6088981628418	0.08379931002855301	2528.156982421875	0.9505928158760071	3.8920822143554688	0	0	471	0
1	2426709	0	1	5	10847068	100189	64.13125610351562	-0.6305195689201355	2500.897705078125	0.9398422241210938	3.8920822143554688	0	0	464	866
1	2426864	0	5	5	10838102	100545	42.530738830566406	0.2514161467552185	2531.962890625	0.9844309687614441	3.899120330810547	1	0	471	0
1	2427472	0	1	5	10847918	100198	63.37470245361328	-0.3782750368118286	2503.1884765625	0.987392246723175	3.8850440979003906	0	0	464	864
1	2427626	0	5	5	10838802	100552	41.9441032409668	0.4608943462371826	2532.865234375	1.00729501247406	3.8850440979003906	1	0	472	0
1	2428232	0	1	5	10848718	100204	62.870365142822266	-0.04202716425061226	2505.135498046875	1.0717564821243286	3.8850440979003906	0	0	466	860
1	2428386	0	5	5	10839552	100551	42.02790832519531	0.209504172205925	2533.421142578125	1.0823981761932373	3.899120330810547	0	1	470	0
1	2429145	0	1	5	10849468	100220	61.52558898925781	-1.428929328918457	2507.361572265625	1.1114296913146973	3.8850440979003906	0	0	465	862
1	2429145	0	5	5	10840352	100544	42.61454772949219	0.377122700214386	2535.833984375	1.0197402238845825	3.8920822143554688	0	0	473	0
1	2429904	0	1	5	10850268	100195	63.62688064575195	0.0	2510.029052734375	0.9854098558425903	3.8920822143554688	0	0	464	865
1	2429904	0	5	5	10841052	100543	42.69835662841797	0.25142019987106323	2537.1875	0.9395032525062561	3.8850440979003906	0	0	470	0
1	2430663	0	1	5	10851068	100234	60.34905242919922	-0.8404040336608887	2511.97607421875	1.0395069122314453	3.899120330810547	0	0	467	860
1	2430663	0	5	5	10841852	100549	42.19551467895508	0.04190218448638916	2538.096435546875	1.0080851316452026	3.899120330810547	0	0	471	0
1	2431425	0	1	5	10851818	100208	62.534156799316406	0.29417112469673157	2511.197265625	0.9282757043838501	3.8920822143554688	0	0	465	864
1	2432031	0	5	5	10843252	100544	42.61454772949219	-0.041904207319021225	2537.33154296875	0.9871854782104492	3.8920822143554688	1	1	470	0
1	2432185	0	1	5	10852618	100228	60.853267669677734	-0.840444803237915	2513.71533203125	0.9700450301170349	3.8850440979003906	0	0	465	859
1	2432790	0	5	5	10844002	100559	41.35750198364258	-0.3352026343345642	2538.201171875	0.9762697219848633	3.8850440979003906	0	0	472	0
1	2432944	0	1	5	10853368	100293	55.392250061035156	-2.436384439468384	2515.441650390625	1.0214163064956665	3.8920822143554688	0	0	466	851
1	2433553	0	5	5	10844802	100536	43.2850341796875	0.04190657287836075	2539.123046875	1.0115604400634766	3.906158447265625	1	1	471	0
1	2433706	0	1	5	10854168	100268	57.49230194091797	-2.562952756881714	2515.642822265625	0.8991869688034058	3.8920822143554688	0	0	465	853
1	2434465	0	1	5	10854968	100280	56.484222412109375	-0.25201329588890076	2515.973876953125	0.9617258906364441	3.8920822143554688	0	0	466	852
1	2434922	0	5	5	10846152	100537	43.20122146606445	0.7542605996131897	2538.5869140625	0.9384946227073669	3.899120330810547	0	0	472	0
1	2435377	0	1	5	10855718	100246	59.3406982421875	2.0162205696105957	2514.6240234375	0.8997004628181458	3.8920822143554688	0	0	463	858
1	2435684	0	5	5	10846902	100524	44.29084396362305	0.8800522089004517	2536.66455078125	1.1174620389938354	3.8850440979003906	0	0	469	0
1	2436138	0	1	5	10856518	100305	54.384376525878906	-0.5879313349723816	2516.36328125	1.0254522562026978	3.8850440979003906	0	0	465	854
1	2436442	0	5	5	10847652	100529	43.87174606323242	0.9638200998306274	2536.559814453125	0.9869770407676697	3.8920822143554688	0	0	472	1
1	2436899	0	1	5	10857268	100223	61.27346420288086	1.8065695762634277	2515.43505859375	0.9372172951698303	3.8920822143554688	0	0	464	862
1	2437202	0	5	5	10848452	100545	42.530738830566406	-1.1734360456466675	2536.422607421875	1.059487223625183	3.8920822143554688	2	1	471	0
1	2437659	0	1	5	10858068	100212	62.19795608520508	2.2688159942626953	2516.142578125	0.9293972849845886	3.8920822143554688	0	0	464	862
1	2437963	0	5	5	10849152	100540	42.94978713989258	0.12571464478969574	2536.756103515625	1.3536076545715332	3.8920822143554688	0	0	470	1
1	2438420	0	1	5	10858868	100287	55.89622497558594	0.6719378232955933	2519.627685546875	0.9629549980163574	3.899120330810547	0	0	464	855
1	2438574	0	5	5	10849902	100521	44.54231262207031	0.7962633371353149	2537.58642578125	1.1301394701004028	3.8850440979003906	0	1	472	0
1	2439329	0	1	5	10859668	100315	53.5445556640625	-4.326700210571289	2521.90576171875	1.2724816799163818	3.8850440979003906	0	0	465	854
1	2439483	0	5	5	10850652	100553	41.86030197143555	-0.377122700214386	2539.666015625	0.8159220814704895	3.8850440979003906	0	1	471	1
1	2440088	0	1	5	10860468	100307	54.216407775878906	-3.696613311767578	2522.301513671875	0.992479681968689	3.8780059814453125	0	0	465	862
1	2440394	0	5	5	10851502	100537	43.20122146606445	-0.2933530807495117	2538.057373046875	0.9052247405052185	3.8920822143554688	1	0	469	0
1	2440849	0	1	5	10861268	100293	55.392250061035156	0.5039370656013489	2522.26904296875	0.9706032872200012	3.8920822143554688	0	0	464	855
1	2441003	0	5	5	10852302	100515	45.045265197753906	1.6343826055526733	2535.722900390625	0.9345378875732422	3.8920822143554688	0	1	472	0
1	2441762	0	1	5	10862068	100316	53.460575103759766	-0.419906884431839	2522.256103515625	0.9913241267204285	3.8780059814453125	0	0	465	849
1	2441762	0	5	5	10853052	100539	43.03359603881836	0.7123485803604126	2534.951171875	1.205260992050171	3.906158447265625	1	0	472	0
1	2442523	0	1	5	10862968	100220	61.52558898925781	2.6886847019195557	2522.26904296875	0.9762446880340576	3.8920822143554688	0	0	466	864
1	2442677	0	5	5	10853852	100551	42.02790832519531	-1.2152905464172363	2533.767578125	1.0587273836135864	3.8920822143554688	1	1	468	2
1	2443435	0	1	5	10863768	100224	61.189422607421875	3.3185369968414307	2524.060302734375	1.1024131774902344	3.8850440979003906	0	0	464	858
1	2443435	0	5	5	10854652	100548	42.279319763183594	-1.0476727485656738	2534.840087890625	1.011117935180664	3.8850440979003906	0	0	471	0
1	2444195	0	1	5	10864568	100277	56.73623275756836	-1.5543142557144165	2527.889404296875	0.9493680596351624	3.899120330810547	0	0	465	855
1	2444195	0	5	5	10855352	100536	43.2850341796875	0.16762426495552063	2535.788330078125	0.9701358079910278	3.899120330810547	0	0	473	0
1	2444955	0	1	5	10865368	100351	50.52176284790039	-5.922145843505859	2529.284912109375	0.9218487739562988	3.8850440979003906	0	0	464	844
1	2444955	0	5	5	10856152	100585	39.17898178100586	-1.8854008913040161	2537.37060546875	0.9059901833534241	3.8850440979003906	2	1	471	0
1	2445566	0	5	5	10856852	100571	40.35197448730469	-0.9636726379394531	2534.68310546875	0.9665692448616028	3.8920822143554688	1	2	469	1
1	2445871	0	1	5	10866218	100330	52.284950256347656	-3.485860586166382	2528.16845703125	0.9690266847610474	3.8920822143554688	0	0	465	848
1	2446329	0	5	5	10857552	100556	41.6088981628418	-1.047605276107788	2535.35009765625	0.9352976083755493	3.8920822143554688	0	0	469	0
1	2446632	0	1	5	10867018	100345	51.0255012512207	-1.2175383567810059	2528.402099609375	1.1104320287704468	3.8850440979003906	0	0	465	850
1	2447088	0	5	5	10858352	100543	42.69835662841797	2.471771001815796	2533.355712890625	0.9548740386962891	3.8850440979003906	0	1	472	0
1	2447391	0	1	5	10867818	100244	59.508750915527344	4.325582504272461	2525.838623046875	1.119388222694397	3.8850440979003906	0	0	464	872
1	2447849	0	5	5	10859102	100540	42.94978713989258	1.089426040649414	2530.975341796875	0.9002410173416138	3.8920822143554688	0	0	472	0
1	2448303	0	1	5	10868668	100252	58.83655548095703	3.0238912105560303	2524.151123046875	0.9414986968040466	3.8850440979003906	0	0	464	859
1	2448607	0	5	5	10859852	100570	40.43576431274414	-0.5446670055389404	2532.5185546875	1.033237338066101	3.899120330810547	1	1	470	0
1	2449216	0	1	5	10869568	100323	52.87274932861328	-2.6038222312927246	2524.365478515625	0.9506370425224304	3.8920822143554688	0	0	465	849
1	2449370	0	5	5	10860602	100565	40.8547248840332	0.1675851196050644	2530.739990234375	1.0467830896377563	3.8850440979003906	0	0	469	0
1	2449978	0	1	5	10870368	100332	52.11701583862305	-4.704286575317383	2523.2880859375	0.9586101174354553	3.8850440979003906	0	0	464	852
1	2450132	0	5	5	10861402	100556	41.6088981628418	0.46087950468063354	2529.09228515625	1.296378493309021	3.8920822143554688	0	0	470	0
1	2450738	0	1	5	10871168	100289	55.72822952270508	-0.6720137596130371	2526.66943359375	1.0570337772369385	3.8920822143554688	0	0	466	855
1	2450893	0	5	5	10862102	100543	42.69835662841797	1.1312952041625977	2533.787353515625	1.1342175006866455	3.899120330810547	0	0	471	0
1	2451498	0	1	5	10871918	100325	52.704803466796875	0.9236087799072266	2530.628173828125	1.403860330581665	3.8850440979003906	0	0	465	851
1	2451652	0	5	5	10862852	100569	40.51955795288086	-0.04189577326178551	2536.808349609375	0.9661502838134766	3.8920822143554688	0	1	469	1
1	2452258	0	1	5	10872718	100457	41.62641143798828	-7.302903652191162	2536.96240234375	0.9064258337020874	3.8850440979003906	0	0	465	825
1	2452412	0	5	5	10863602	100608	37.25221252441406	-2.3459460735321045	2539.613525390625	0.682092010974884	3.8920822143554688	0	1	472	0
1	2453171	0	1	5	10873518	100422	44.56271743774414	-4.19700288772583	2534.210693359375	0.8593486547470093	3.8920822143554688	0	0	465	825
1	2453171	0	5	5	10864352	100596	38.25743865966797	-2.681426763534546	2540.561767578125	0.9093784689903259	3.8780059814453125	0	1	468	0
1	2453932	0	5	5	10865102	100618	36.41459655761719	-0.5863401889801025	2540.110595703125	1.305102825164795	3.8920822143554688	0	0	471	1
1	2454087	0	1	5	10874368	100400	46.408817291259766	-4.785702705383301	2532.341552734375	1.2812315225601196	3.8920822143554688	0	0	464	822
1	2454543	0	5	5	10865852	100601	37.838584899902344	0.12565292418003082	2540.960693359375	1.1096549034118652	3.8850440979003906	0	2	471	0
1	2454847	0	1	5	10875218	100282	56.316219329833984	7.848174571990967	2525.9814453125	0.8034066557884216	3.8780059814453125	0	0	466	859
1	2455303	0	5	5	10866552	100570	40.43576431274414	1.7593038082122803	2540.542236328125	0.855760931968689	3.8920822143554688	2	0	471	0
1	2455607	0	1	5	10876018	100315	53.5445556640625	5.455751419067383	2536.949462890625	0.9972777366638184	3.8780059814453125	0	0	465	893
1	2456064	0	5	5	10867352	100582	39.430328369140625	1.0471751689910889	2540.810302734375	0.5897986888885498	3.8920822143554688	0	2	470	0
1	2456369	0	1	5	10876768	100341	51.3613395690918	2.0146749019622803	2538.13720703125	1.393567442893982	3.8920822143554688	0	0	466	865
1	2456826	0	5	5	10868052	100570	40.43576431274414	1.6336590051651	2542.03955078125	0.8352177739143372	3.8920822143554688	0	1	468	1
1	2457130	0	1	5	10877518	100320	53.124671936035156	-0.5458679795265198	2539.824462890625	1.1089754104614258	3.8920822143554688	0	0	464	899
1	2457586	0	5	5	10868852	100583	39.3465461730957	-0.6702973246574402	2544.262939453125	0.9731533527374268	3.8850440979003906	0	0	470	1
1	2457891	0	1	5	10878268	100266	57.66032409667969	3.9050869941711426	2538.091796875	0.7807782292366028	3.8780059814453125	0	0	465	886
1	2458347	0	5	5	10869552	100608	37.25221252441406	-1.0052759647369385	2543.37353515625	0.5448374152183533	3.8850440979003906	1	0	470	0
1	2458650	0	1	5	10879118	100295	55.224266052246094	0.5039289593696594	2544.41943359375	1.0904024839401245	3.8920822143554688	0	0	464	913
1	2459107	0	5	5	10870302	100574	40.100608825683594	-0.33516213297843933	2542.78515625	1.1795165538787842	3.8780059814453125	2	0	468	0
1	2459412	0	1	5	10879918	100335	51.865116119384766	-0.3778567314147949	2549.83203125	0.7318547368049622	3.8850440979003906	0	0	465	838
1	2459868	0	5	5	10871052	100565	40.8547248840332	1.8012572526931763	2541.294189453125	1.0066767930984497	3.899120330810547	0	1	469	1
1	2460325	0	1	5	10880668	100379	48.17130661010742	-3.1065337657928467	2548.663818359375	1.1369553804397583	3.8850440979003906	0	0	464	828
1	2460479	0	5	5	10871802	100558	41.44129943847656	2.052661657333374	2542.078857421875	0.9951882362365723	3.8850440979003906	0	0	471	0
1	2461085	0	1	5	10881468	100294	55.308258056640625	1.3856983184814453	2545.425537109375	0.947571873664856	3.8850440979003906	0	0	463	898
1	2461239	0	5	5	10872502	100536	43.2850341796875	0.9218665957450867	2541.01953125	0.6804252862930298	3.8850440979003906	0	1	469	0
1	2461845	0	1	5	10882268	100299	54.888301849365234	2.6869704723358154	2543.335693359375	0.7278152704238892	3.899120330810547	0	0	466	875
1	2461999	0	5	5	10873202	100547	42.36312484741211	1.047470211982727	2540.509521484375	1.2461806535720825	3.8920822143554688	2	1	467	2
1	2462604	0	1	5	10883018	100268	57.49230194091797	2.5197057723999023	2541.025146484375	1.2813442945480347	3.8850440979003906	0	0	466	872
1	2462759	0	5	5	10873952	100508	45.632076263427734	1.5506680011749268	2538.953125	1.108493685722351	3.8920822143554688	0	1	472	2
1	2463366	0	1	5	10883768	100358	49.93409729003906	-2.6870789527893066	2545.451416015625	0.9644027948379517	3.8920822143554688	0	0	466	840
1	2463521	0	5	5	10874702	100522	44.45848846435547	0.9638744592666626	2540.424560546875	0.5509219169616699	3.899120330810547	0	2	471	0
1	2464128	0	1	5	10884518	100329	52.368919372558594	-0.7557775378227234	2546.606689453125	0.650324285030365	3.8850440979003906	0	0	465	839
1	2464281	0	5	5	10875452	100544	42.61454772949219	-0.3771500289440155	2540.764404296875	1.3354452848434448	3.8920822143554688	1	1	470	0
1	2464890	0	1	5	10885318	100305	54.384376525878906	-1.5539628267288208	2547.2685546875	1.1473535299301147	3.8709676265716553	0	0	466	890
1	2464890	0	5	5	10876202	100538	43.117408752441406	-0.8381888270378113	2541.398681640625	1.2649719715118408	3.8920822143554688	0	0	469	2
1	2465649	0	1	5	10886068	100454	41.8780632019043	-5.497342109680176	2550.98095703125	0.5581763982772827	3.8780059814453125	0	0	465	805
1	2465649	0	5	5	10876952	100596	38.25743865966797	-2.0947465896606445	2542.575927734375	0.5889939069747925	3.8850440979003906	0	2	471	0
1	2466410	0	5	5	10877652	100609	37.16844940185547	-2.8906688690185547	2542.798095703125	1.260730504989624	3.8920822143554688	2	0	469	0
1	2466564	0	1	5	10886968	100497	38.27165222167969	-5.285580158233643	2552.7265625	1.217175006866455	3.906158447265625	0	0	465	837
1	2467171	0	5	5	10878452	100609	37.16844940185547	-2.3459272384643555	2541.313720703125	1.013542652130127	3.899120330810547	0	0	471	0
1	2467325	0	1	5	10887718	100341	51.3613395690918	1.0074349641799927	2553.01220703125	0.7074058055877686	3.8920822143554688	0	0	465	858
1	2467932	0	5	5	10879152	100564	40.93852233886719	0.7959876656532288	2539.607177734375	0.5962634086608887	3.899120330810547	0	1	471	0
1	2468086	0	1	5	10888518	100300	54.8043098449707	5.917845726013184	2558.8662109375	1.3697935342788696	3.8850440979003906	0	0	465	915
1	2468542	0	5	5	10879852	100546	42.44693374633789	2.2622897624969482	2539.99951171875	1.41217041015625	3.8850440979003906	0	0	469	0
1	2468997	0	1	5	10889368	100299	54.888301849365234	-1.2599953413009644	2557.951171875	0.5396073460578918	3.8920822143554688	0	0	465	847
1	2469303	0	5	5	10880602	100550	42.11170959472656	2.4297494888305664	2540.6337890625	0.9700473546981812	3.8920822143554688	0	0	470	0
1	2469909	0	1	5	10890268	100312	53.79649353027344	-0.25194820761680603	2555.9716796875	1.148377776145935	3.8780059814453125	0	0	465	846
1	2470064	0	5	5	10881302	100556	41.6088981628418	-0.0419001579284668	2540.45068359375	0.5496761202812195	3.899120330810547	0	1	470	0
1	2470671	0	1	5	10891068	100317	53.3765983581543	-0.2939288914203644	2554.0830078125	0.6357611417770386	3.8920822143554688	0	0	466	847
1	2470826	0	5	5	10882052	100543	42.69835662841797	-0.37715306878089905	2540.143310546875	1.2895922660827637	3.8850440979003906	1	1	472	0
1	2471432	0	1	5	10891868	100314	53.628536224365234	-0.12597054243087769	2556.25732421875	1.4774271249771118	3.8920822143554688	0	0	466	846
1	2471586	0	5	5	10882802	100534	43.45266342163086	0.9637812972068787	2542.131103515625	1.001880168914795	3.8850440979003906	1	0	472	0
1	2472345	0	1	5	10892668	100299	54.888301849365234	1.343658685684204	2557.08154296875	0.7065625190734863	3.899120330810547	0	0	463	853
1	2472345	0	5	5	10883552	100534	43.45266342163086	1.2151731252670288	2542.79150390625	0.7442244291305542	3.8920822143554688	0	0	470	0
1	2473105	0	1	5	10893468	100331	52.200984954833984	-1.0077115297317505	2558.431396484375	1.1676994562149048	3.899120330810547	0	0	465	849
1	2473105	0	5	5	10884302	100556	41.6088981628418	-0.5866329669952393	2543.713623046875	1.2090415954589844	3.8920822143554688	0	0	469	0
1	2473866	0	1	5	10894318	100352	50.437808990478516	-2.603212594985962	2560.352294921875	0.8869650363922119	3.8920822143554688	0	0	466	853
1	2473866	0	5	5	10885052	100578	39.765464782714844	-1.8016923666000366	2544.315185546875	1.4201210737228394	3.8850440979003906	0	0	470	2
1	2474628	0	5	5	10885802	100530	43.787925720214844	0.5447854399681091	2543.6416015625	0.7889249920845032	3.8850440979003906	0	1	471	1
1	2474782	0	1	5	10895118	100276	56.82024002075195	1.0079636573791504	2560.39794921875	0.7715933322906494	3.906158447265625	0	0	465	864
1	2475237	0	5	5	10886552	100529	43.87174606323242	0.9638200998306274	2543.962158203125	0.924403190612793	3.8920822143554688	2	1	471	0
1	2475691	0	1	5	10895968	100227	60.93730545043945	5.039859771728516	2561.397216796875	1.2001621723175049	3.8780059814453125	0	0	464	862
1	2475998	0	5	5	10887252	100559	41.35750198364258	0.12569542229175568	2544.596435546875	0.9742932915687561	3.8850440979003906	0	1	470	0
1	2476451	0	1	5	10896818	100194	63.710941314697266	3.6553590297698975	2563.29248046875	0.9416099786758423	3.8850440979003906	0	0	463	863
1	2476758	0	5	5	10888002	100554	41.7765007019043	-1.257171869277954	2545.322265625	1.293774962425232	3.8850440979003906	0	1	471	0
1	2477213	0	1	5	10897618	100268	57.49230194091797	0.7140405774116516	2566.64111328125	0.9902616739273071	3.8850440979003906	0	0	466	868
1	2477367	0	5	5	10888702	100530	43.787925720214844	0.1676323562860489	2545.145751953125	1.1245923042297363	3.899120330810547	2	0	471	0
1	2477977	0	1	5	10898368	100275	56.90424346923828	-4.117913722991943	2567.355224609375	0.8315200209617615	3.8850440979003906	0	0	464	889
1	2478129	0	5	5	10889402	100543	42.69835662841797	0.6285277009010315	2545.184814453125	0.9703041911125183	3.8780059814453125	0	0	469	0
1	2478887	0	1	5	10899168	100324	52.78877639770508	-4.830665111541748	2567.478515625	1.1405516862869263	3.8920822143554688	0	0	465	875
1	2478887	0	5	5	10890152	100612	36.91715621948242	-3.267752170562744	2544.77294921875	1.2694464921951294	3.8850440979003906	1	0	469	1
1	2479646	0	1	5	10900018	100469	40.619873046875	-8.184189796447754	2575.6103515625	1.0351778268814087	3.8850440979003906	0	0	465	839
1	2479646	0	5	5	10890852	100617	36.498355865478516	-3.686694622039795	2545.623046875	1.0196505784988403	3.8850440979003906	1	1	469	1
1	2480406	0	1	5	10900818	100518	36.51083755493164	-9.776692390441895	2571.430908203125	0.7497631311416626	3.899120330810547	0	0	468	816
1	2480406	0	5	5	10891602	100611	37.000919342041016	-2.7649097442626953	2544.766357421875	0.7779954075813293	3.8920822143554688	0	0	470	0
1	2481167	0	5	5	10892302	100619	36.33083724975586	-0.16751767694950104	2542.955078125	0.8037734031677246	3.8920822143554688	1	0	471	1
1	2481321	0	1	5	10901668	100529	35.588623046875	-6.83695125579834	2563.104248046875	1.3675624132156372	3.8780059814453125	0	0	464	812
1	2481778	0	5	5	10893102	100609	37.16844940185547	0.1675257682800293	2540.15625	1.1893417835235596	3.8850440979003906	1	0	470	1
1	2482233	0	1	5	10902568	100487	39.1102409362793	1.0900951623916626	2558.009521484375	0.7481623888015747	3.8920822143554688	0	0	466	828
1	2482537	0	5	5	10893802	100610	37.08468246459961	0.16752442717552185	2539.548095703125	0.9412809014320374	3.8920822143554688	0	0	470	2
1	2482992	0	1	5	10903368	100478	39.865028381347656	1.7609370946884155	2558.541748046875	1.1012492179870605	3.8780059814453125	0	0	464	825
1	2483296	0	5	5	10894552	100613	36.833396911621094	0.7119243741035461	2539.744384765625	0.7240861654281616	3.8920822143554688	0	0	470	0
1	2483752	0	1	5	10904168	100326	52.62083053588867	7.300371170043945	2554.998046875	1.107352375984192	3.8920822143554688	0	0	464	911
1	2484057	0	5	5	10895252	100606	37.419742584228516	0.5025732517242432	2538.68505859375	0.8402771353721619	3.8850440979003906	0	0	469	0
1	2484513	0	1	5	10904918	100524	36.0078010559082	-1.6770154237747192	2564.07763671875	0.8583853840827942	3.899120330810547	0	0	463	810
1	2484668	0	5	5	10895952	100617	36.498355865478516	-0.25128260254859924	2540.03857421875	0.8932256102561951	3.8920822143554688	0	1	470	0
1	2485429	0	5	5	10896652	100622	36.07957077026367	-0.37691327929496765	2540.077880859375	1.0505441427230835	3.8920822143554688	0	0	469	2
1	2486033	0	1	5	10906368	100514	36.84620666503906	-3.1870481967926025	2564.460693359375	0.7996006011962891	3.8850440979003906	0	0	465	785
1	2486187	0	5	5	10897402	100611	37.000919342041016	0.25128260254859924	2540.70556640625	1.103701114654541	3.899120330810547	0	0	469	1
1	2486790	0	1	5	10907168	100523	36.091636657714844	0.08383726328611374	2564.60986328125	1.09163236618042	3.899120330810547	0	0	464	788
1	2486944	0	5	5	10898202	100628	35.577049255371094	-0.25126034021377563	2541.130615234375	0.9449175596237183	3.8850440979003906	0	0	471	0
1	2487550	0	1	5	10907968	100429	43.97538757324219	3.858036994934082	2563.889404296875	1.5983929634094238	3.899120330810547	0	0	466	830
1	2487854	0	5	5	10899002	100605	37.503509521484375	0.5025773048400879	2541.8173828125	0.9768686294555664	3.906158447265625	1	1	470	0
1	2488462	0	1	5	10908818	100201	63.12253189086914	13.934619903564453	2561.5595703125	0.9723995923995972	3.8850440979003906	0	0	467	864
1	2488616	0	5	5	10899802	100558	41.44129943847656	2.974001407623291	2541.425048828125	0.9544352293014526	3.8780059814453125	0	1	471	0
1	2489073	0	1	5	10909568	100194	63.710941314697266	13.013130187988281	2563.285888671875	0.7616627216339111	3.8850440979003906	0	0	466	867
1	2489378	0	5	5	10900652	100564	40.93852233886719	2.010681390762329	2540.659912109375	1.0253099203109741	3.8780059814453125	0	1	470	1
1	2489985	0	1	5	10910318	100192	63.87906265258789	10.413274765014648	2565.67431640625	0.8496611714363098	3.899120330810547	0	0	465	869
1	2490139	0	5	5	10901402	100566	40.77093505859375	-1.1313316822052002	2541.810791015625	1.007662296295166	3.8920822143554688	1	1	470	0
1	2490593	0	1	5	10911118	100247	59.25667190551758	-2.016986131668091	2566.01806640625	0.9905942678451538	3.8920822143554688	0	0	464	864
1	2490899	0	5	5	10902152	100556	41.6088981628418	0.12569846212863922	2537.1484375	1.1975592374801636	3.8850440979003906	1	1	471	1
1	2491353	0	1	5	10911818	100308	54.132423400878906	-4.999414920806885	2567.37451171875	0.798396110534668	3.8780059814453125	0	0	463	863
1	2491659	0	5	5	10902902	100556	41.6088981628418	0.4189830422401428	2536.8671875	1.1430610418319702	3.8850440979003906	0	0	470	0
1	2492114	0	1	5	10912618	100286	55.980220794677734	-3.2349414825439453	2565.713134765625	0.8943901062011719	3.8780059814453125	0	0	465	868
1	2492419	0	5	5	10903652	100540	42.94978713989258	1.1313225030899048	2533.95068359375	1.1040095090866089	3.899120330810547	0	0	470	1
1	2493026	0	1	5	10913368	100287	55.89622497558594	-0.9240562319755554	2562.422607421875	0.9286749958992004	3.8780059814453125	0	0	465	866
1	2493180	0	5	5	10904402	100544	42.61454772949219	-0.3771500289440155	2530.44580078125	1.3238071203231812	3.8850440979003906	0	1	470	0
1	2493938	0	1	5	10914218	100287	55.89622497558594	0.7559239268302917	2563.2080078125	1.2468544244766235	3.8850440979003906	0	0	462	868
1	2493938	0	5	5	10905152	100539	43.03359603881836	0.04190555959939957	2531.276123046875	1.2140260934829712	3.8920822143554688	1	0	469	0
1	2494546	0	1	5	10915018	100296	55.14027404785156	-0.33597704768180847	2567.10205078125	0.9265598058700562	3.8780059814453125	0	0	466	863
1	2494546	0	5	5	10905852	100540	42.94978713989258	-0.083811454474926	2535.04931640625	0.9097050428390503	3.8850440979003906	0	0	472	0
1	2495306	0	5	5	10906552	100546	42.44693374633789	-0.50286465883255	2538.63916015625	0.8581570386886597	3.8920822143554688	0	1	469	0
1	2496065	0	1	5	10916418	100321	53.04069519042969	-1.4277641773223877	2570.95703125	0.9320669770240784	3.8780059814453125	0	0	466	867
1	2496065	0	5	5	10907252	100567	40.68714141845703	-1.424668550491333	2540.960693359375	0.9746118187904358	3.8920822143554688	0	0	471	2
1	2496826	0	5	5	10908002	100548	42.279319763183594	-0.2514222264289856	2539.692138671875	0.9372072219848633	3.8920822143554688	0	0	471	0
1	2496980	0	1	5	10917268	100284	56.14822006225586	0.6299595236778259	2569.529296875	1.05178701877594	3.8850440979003906	0	0	464	915
1	2497436	0	5	5	10908752	100592	38.59253692626953	-1.508181095123291	2537.442626953125	0.9198577404022217	3.8920822143554688	0	0	470	0
1	2497890	0	1	5	10918168	100334	51.94908142089844	-0.6297815442085266	2569.834228515625	0.9547418355941772	3.8780059814453125	0	0	463	909
1	2498194	0	5	5	10909452	100559	41.35750198364258	0.8798041939735413	2535.945068359375	0.9779788255691528	3.8850440979003906	0	0	471	1
1	2498649	0	1	5	10918968	100294	55.308258056640625	0.5039330124855042	2569.269775390625	0.9808291792869568	3.8850440979003906	0	0	465	872
1	2498954	0	5	5	10910252	100560	41.273704528808594	-0.29329875111579895	2534.238525390625	0.864647388458252	3.8920822143554688	0	0	471	0
1	2499411	0	1	5	10919768	100285	56.0642204284668	2.2674789428710938	2570.15234375	1.1066471338272095	3.8920822143554688	0	0	466	868
1	2499714	0	5	5	10910952	100542	42.78216552734375	2.7230937480926514	2537.095947265625	0.7846682667732239	3.8850440979003906	0	1	469	0
1	2500172	0	1	5	10920518	100322	52.956722259521484	-0.8398070335388184	2573.42333984375	1.0047111511230469	3.8920822143554688	0	0	466	890
1	2500476	0	5	5	10911702	100610	37.08468246459961	-2.3040080070495605	2541.2744140625	0.8335776329040527	3.8920822143554688	0	0	471	0
1	2501082	0	1	5	10921418	100338	51.613224029541016	-1.259598731994629	2574.799072265625	0.9618315100669861	3.8920822143554688	0	0	466	874
1	2501236	0	5	5	10912402	100627	35.66080093383789	-3.1416518688201904	2542.8046875	0.8289832472801208	3.8850440979003906	1	0	469	0
1	2501993	0	1	5	10922318	100265	57.74433517456055	1.7219728231430054	2572.845703125	0.883354902267456	3.8780059814453125	0	0	462	907
1	2501993	0	5	5	10913252	100617	36.498355865478516	-1.5497692823410034	2541.431396484375	0.9447389245033264	3.8920822143554688	0	0	470	0
1	2502754	0	5	5	10913952	100627	35.66080093383789	-0.41877734661102295	2541.01953125	1.2791063785552979	3.899120330810547	0	0	470	0
1	2503511	0	1	5	10923818	100301	54.72032165527344	4.9109883308410645	2589.843017578125	1.3994334936141968	3.8780059814453125	0	0	465	857
1	2503511	0	5	5	10914702	100627	35.66080093383789	0.2093760371208191	2542.38623046875	1.248867392539978	3.8920822143554688	0	1	469	0
1	2504275	0	5	5	10915402	100603	37.671043395996094	0.5025854110717773	2542.30126953125	1.5140559673309326	3.8920822143554688	1	0	471	0
1	2504428	0	1	5	10924718	100301	54.72032165527344	-3.1925296783447266	2595.898193359375	0.7283758521080017	3.899120330810547	0	0	465	914
1	2505034	0	5	5	10916252	100603	37.671043395996094	0.7957378029823303	2542.510498046875	0.8951404690742493	3.8920822143554688	0	0	472	0
1	2505338	0	1	5	10925618	100236	60.18098831176758	4.157934665679932	2591.5107421875	1.4063949584960938	3.899120330810547	0	0	464	913
1	2505793	0	5	5	10917002	100617	36.498355865478516	0.16751497983932495	2544.367431640625	1.0149866342544556	3.8920822143554688	0	0	471	0
1	2506097	0	1	5	10926468	100322	52.956722259521484	-0.8818009495735168	2601.0966796875	1.0286779403686523	3.899120330810547	0	0	464	903
1	2506554	0	5	5	10917802	100615	36.66587448120117	-1.4241180419921875	2544.334716796875	1.0186002254486084	3.913196563720703	0	0	470	0
1	2506858	0	1	5	10927268	100466	40.871498107910156	-6.336528778076172	2607.0478515625	0.8033807277679443	3.8920822143554688	0	0	465	831
1	2507314	0	5	5	10918552	100619	36.33083724975586	0.16751229763031006	2545.014892578125	1.0548726320266724	3.8850440979003906	0	0	472	1
1	2507619	0	1	5	10928018	100506	37.5169792175293	-10.995884895324707	2600.83056640625	0.9146856665611267	3.8780059814453125	0	0	464	825
1	2508076	0	5	5	10919352	100628	35.577049255371094	-0.711935818195343	2544.26953125	1.1279940605163574	3.8920822143554688	0	0	471	0
1	2508531	0	1	5	10928818	100516	36.67852020263672	-10.322880744934082	2596.345947265625	0.9478420615196228	3.8920822143554688	0	0	466	830
1	2508835	0	5	5	10920052	100623	35.99581527709961	0.08375412225723267	2543.89013671875	1.1219367980957031	3.899120330810547	0	0	470	1
1	2509290	0	1	5	10929618	100496	38.355506896972656	-0.7128263115882874	2594.184814453125	0.7158064842224121	3.8850440979003906	0	0	465	836
1	2509596	0	5	5	10920852	100623	35.99581527709961	0.4187571406364441	2543.4716796875	0.8989041447639465	3.899120330810547	0	1	469	0
1	2510052	0	1	5	10930368	100492	38.69093704223633	1.2158116102218628	2593.931640625	0.9805738925933838	3.8780059814453125	0	0	465	835
1	2510357	0	5	5	10921552	100627	35.66080093383789	0.0	2543.35400390625	0.9229257106781006	3.8920822143554688	1	0	470	0
1	2510814	0	1	5	10931168	100490	38.85865783691406	0.2515746057033539	2591.471923828125	1.275413990020752	3.8850440979003906	0	0	464	837
1	2511118	0	5	5	10922352	100624	35.91205978393555	-0.12563270330429077	2541.346435546875	0.8627644777297974	3.8920822143554688	1	1	470	1
1	2511575	0	1	5	10931918	100321	53.04069519042969	7.887630462646484	2584.98193359375	1.0478308200836182	3.8850440979003906	0	0	465	859
1	2511879	0	5	5	10923052	100622	36.07957077026367	-0.041877903044223785	2540.4375	0.8930028676986694	3.899120330810547	0	0	471	1
1	2512333	0	1	5	10932718	100325	52.704803466796875	7.551986217498779	2588.622802734375	1.0667186975479126	3.8850440979003906	0	0	466	896
1	2512639	0	5	5	10923802	100578	39.765464782714844	1.9267014265060425	2539.30615234375	1.1220126152038574	3.8920822143554688	0	0	471	0
1	2513396	0	5	5	10924652	100587	39.01142501831055	1.5915589332580566	2541.50341796875	0.9056895971298218	3.899120330810547	1	0	472	1
1	2513702	0	1	5	10934118	100322	52.956722259521484	-2.2677900791168213	2584.637939453125	0.8989395499229431	3.8709676265716553	0	0	466	882
1	2514156	0	5	5	10925352	100616	36.582115173339844	-0.6701192855834961	2543.262451171875	1.253861904144287	3.8920822143554688	1	1	471	0
1	2514613	0	1	5	10934918	100301	54.72032165527344	0.839813768863678	2591.017578125	1.0535314083099365	3.8780059814453125	0	0	464	853
1	2514915	0	5	5	10926052	100621	36.163326263427734	-2.094325065612793	2544.511474609375	0.9433096051216125	3.8850440979003906	2	0	471	0
1	2515373	0	1	5	10935718	100305	54.384376525878906	0.5878649353981018	2594.230224609375	1.2529244422912598	3.8850440979003906	0	0	466	861
1	2515527	0	5	5	10926802	100619	36.33083724975586	-0.5444521903991699	2544.77294921875	0.7349030375480652	3.8850440979003906	1	2	472	0
1	2516133	0	1	5	10936518	100425	44.31100082397461	-6.128613471984863	2600.0322265625	0.9418155550956726	3.899120330810547	0	0	466	847
1	2516439	0	5	5	10927552	100622	36.07957077026367	-0.3350326716899872	2543.7724609375	1.0247838497161865	3.8850440979003906	2	1	471	0
1	2516892	0	1	5	10937218	100439	43.136409759521484	-1.6781647205352783	2598.876953125	0.7494506239891052	3.899120330810547	0	0	465	846
1	2517046	0	5	5	10928352	100623	35.99581527709961	0.0	2543.733154296875	1.0121631622314453	3.8920822143554688	1	0	472	0
1	2517653	0	1	5	10938018	100291	55.560237884521484	-0.8400171995162964	2591.225341796875	1.1225717067718506	3.8850440979003906	0	0	464	857
1	2517806	0	5	5	10929052	100621	36.163326263427734	0.08375547081232071	2543.4521484375	0.9454126358032227	3.899120330810547	0	0	471	1
1	2518566	0	1	5	10938868	100474	40.20050811767578	-1.258217692375183	2598.052734375	0.8941869735717773	3.8920822143554688	0	0	468	842
1	2518566	0	5	5	10929802	100618	36.41459655761719	0.20939120650291443	2540.895263671875	1.0286495685577393	3.8920822143554688	0	0	469	1
1	2519328	0	1	5	10939668	100437	43.30419921875	-0.5873055458068848	2595.476318359375	0.8283427953720093	3.8920822143554688	0	0	466	837
1	2519328	0	5	5	10930552	100627	35.66080093383789	-0.251262366771698	2541.6865234375	0.79168701171875	3.8920822143554688	1	1	472	0
1	2520087	0	1	5	10940468	100293	55.392250061035156	5.330860137939453	2587.487060546875	0.8533576726913452	3.8850440979003906	0	0	464	854
1	2520087	0	5	5	10931302	100622	36.07957077026367	0.16750824451446533	2541.562255859375	0.912564218044281	3.8780059814453125	1	1	471	0
1	2520847	0	1	5	10941218	100419	44.81443786621094	1.9295315742492676	2596.566650390625	1.336881160736084	3.8850440979003906	0	0	467	845
1	2520847	0	5	5	10932052	100650	33.73468017578125	-1.298079252243042	2541.313720703125	1.370625376701355	3.906158447265625	1	0	471	0
1	2521607	0	1	5	10942018	100427	44.143192291259766	0.41949719190597534	2594.2626953125	0.9543962478637695	3.899120330810547	0	0	464	840
1	2522218	0	5	5	10933452	100633	35.15829849243164	-0.5025126338005066	2537.010986328125	0.8487268090248108	3.899120330810547	0	0	470	0
1	2522370	0	1	5	10942818	100291	55.560237884521484	2.141430139541626	2584.11865234375	0.7772164344787598	3.899120330810547	0	0	464	883
1	2522978	0	5	5	10934252	100630	35.4095458984375	0.7955649495124817	2535.1015625	0.6860045790672302	3.8850440979003906	0	1	470	0
1	2523281	0	1	5	10943568	100413	45.31789779663086	1.3004779815673828	2595.229736328125	1.0203520059585571	3.8920822143554688	0	0	467	846
1	2523738	0	5	5	10935002	100649	33.818416595458984	-0.29308873414993286	2535.15380859375	1.3322597742080688	3.8850440979003906	0	0	471	0
1	2523892	0	1	5	10944368	100488	39.0263786315918	-3.0618484020233154	2591.66650390625	1.1755998134613037	3.899120330810547	0	0	466	827
1	2524498	0	5	5	10935752	100643	34.32085418701172	-0.4605976343154907	2531.760009765625	1.0342034101486206	3.8780059814453125	0	0	469	0
1	2524652	0	1	5	10945068	100427	44.143192291259766	-4.070878982543945	2583.2490234375	0.7198588848114014	3.899120330810547	0	0	465	841
1	2525408	0	1	5	10945868	100419	44.81443786621094	0.8809618949890137	2580.54931640625	1.125077724456787	3.8920822143554688	0	0	466	848
1	2525865	0	5	5	10937102	100647	33.98589324951172	-0.2512219250202179	2527.7255859375	0.7263079881668091	3.8920822143554688	0	0	470	1
1	2526321	0	1	5	10946618	100304	54.468360900878906	8.475690841674805	2574.5654296875	1.3631176948547363	3.8920822143554688	0	0	466	862
1	2526475	0	5	5	10937802	100636	34.90705871582031	0.4187133312225342	2527.817138671875	0.46166959404945374	3.899120330810547	0	0	471	0
1	2527081	0	1	5	10947418	100429	43.97538757324219	-1.6783000230789185	2581.697998046875	0.9239327907562256	3.8850440979003906	0	0	465	838
1	2527385	0	5	5	10938502	100637	34.82331466674805	0.12561652064323425	2526.82958984375	0.7974374294281006	3.8780059814453125	1	0	470	0
1	2527841	0	1	5	10948168	100412	45.40181350708008	0.3356410562992096	2579.089111328125	0.6049513220787048	3.8780059814453125	0	0	464	849
1	2528145	0	5	5	10939352	100639	34.65582275390625	0.1674853414297104	2528.170166015625	0.9717362523078918	3.8850440979003906	0	1	470	0
1	2528602	0	1	5	10949018	100430	43.89148712158203	-0.41952088475227356	2577.4794921875	1.2516154050827026	3.899120330810547	0	0	463	834
1	2528756	0	5	5	10940052	100641	34.488338470458984	-0.20936088263988495	2528.35986328125	0.7104431986808777	3.8850440979003906	1	0	471	0
1	2529363	0	1	5	10949718	100526	35.840126037597656	-4.10958194732666	2575.98681640625	1.0795655250549316	3.8850440979003906	0	0	464	829
1	2529517	0	5	5	10940752	100648	33.902156829833984	-0.5024519562721252	2523.056640625	0.9852592349052429	3.899120330810547	0	1	472	0
1	2530125	0	1	5	10950468	100524	36.0078010559082	-4.697005748748779	2569.055419921875	1.0158514976501465	3.8850440979003906	0	0	465	825
1	2530279	0	5	5	10941552	100627	35.66080093383789	0.46061617136001587	2519.63671875	0.9984039664268494	3.8920822143554688	1	0	470	0
1	2530885	0	1	5	10951268	100509	37.26543426513672	-3.229126214981079	2562.532958984375	0.8136831521987915	3.899120330810547	0	0	468	825
1	2531039	0	5	5	10942252	100628	35.577049255371094	0.7537082433700562	2519.878662109375	1.3432011604309082	3.8920822143554688	2	1	470	0
1	2531646	0	1	5	10952068	100518	36.51083755493164	0.8802593350410461	2562.072265625	1.205186367034912	3.8920822143554688	0	0	465	825
1	2531799	0	5	5	10943052	100622	36.07957077026367	0.9630987644195557	2519.92431640625	1.000645399093628	3.8920822143554688	2	1	471	0
1	2532408	0	1	5	10952818	100529	35.588623046875	-0.08383455872535706	2562.176025390625	0.9585182070732117	3.8850440979003906	0	0	466	823
1	2532561	0	5	5	10943852	100628	35.577049255371094	-0.04187588393688202	2518.923828125	0.8698911070823669	3.8920822143554688	0	0	470	1
1	2533170	0	1	5	10953618	100532	35.33712387084961	-1.5511205196380615	2555.08251953125	0.7653014063835144	3.8920822143554688	0	0	465	822
1	2533324	0	5	5	10944552	100640	34.572078704833984	-0.5862364172935486	2518.583740234375	1.3154826164245605	3.8780059814453125	0	2	471	0
1	2534078	0	1	5	10954368	100493	38.607078552246094	1.1738823652267456	2548.793701171875	1.5877199172973633	3.8920822143554688	0	0	466	822
1	2534078	0	5	5	10945302	100632	35.24205017089844	-0.16750015318393707	2515.961669921875	1.016918420791626	3.8920822143554688	0	0	471	0
1	2534688	0	1	5	10955118	100493	38.607078552246094	1.6349780559539795	2548.44970703125	1.0436910390853882	3.8850440979003906	0	0	465	829
1	2534842	0	5	5	10946002	100633	35.15829849243164	0.16749341785907745	2514.8564453125	1.0547294616699219	3.899120330810547	0	1	470	0
1	2535599	0	1	5	10955918	100497	38.27165222167969	1.4253482818603516	2547.949951171875	0.7766585946083069	3.8920822143554688	0	0	465	829
1	2535599	0	5	5	10946852	100636	34.90705871582031	0.0	2513.2021484375	1.2920619249343872	3.8850440979003906	0	0	470	0
1	2536962	0	1	5	10957318	100527	35.756290435791016	-1.4253941774368286	2543.26416015625	1.247835397720337	3.8920822143554688	0	0	464	819
1	2537673	0	1	5	10958118	100531	35.420955657958984	-1.25764000415802	2540.804443359375	0.982010543346405	3.8850440979003906	0	0	465	820
1	2537673	0	5	5	10948852	100627	35.66080093383789	0.3768708109855652	2510.691162109375	0.9225878715515137	3.899120330810547	0	0	472	0
1	2538444	0	5	5	10949652	100629	35.4932975769043	0.041875209659338	2508.76220703125	0.626747190952301	3.8850440979003906	1	1	469	0
1	2538597	0	1	5	10958918	100524	36.0078010559082	0.12575437128543854	2539.214599609375	0.8873064517974854	3.8920822143554688	0	0	465	821
1	2539202	0	5	5	10950452	100646	34.06963348388672	-0.7955841422080994	2508.48095703125	1.0549263954162598	3.8850440979003906	0	2	471	0
1	2539507	0	1	5	10959818	100537	34.917972564697266	-0.5868324637413025	2533.269775390625	1.0996809005737305	3.8920822143554688	0	0	465	823
1	2540266	0	1	5	10960618	100524	36.0078010559082	-0.2515178620815277	2529.180908203125	0.7787349820137024	3.8850440979003906	0	0	466	820
1	2540572	0	5	5	10951802	100627	35.66080093383789	0.12562663853168488	2501.654052734375	1.217442512512207	3.899120330810547	0	0	470	0
1	2541028	0	1	5	10961418	100524	36.0078010559082	0.670654833316803	2528.31787109375	1.0536613464355469	3.8850440979003906	0	0	466	812
1	2541332	0	5	5	10952552	100632	35.24205017089844	0.4605976343154907	2495.6904296875	0.8497638702392578	3.8920822143554688	2	0	471	1
1	2542088	0	5	5	10953302	100627	35.66080093383789	-0.04187621921300888	2490.465576171875	0.9070086479187012	3.8780059814453125	0	0	472	0
1	2542545	0	1	5	10962818	100530	35.50478744506836	-0.25150570273399353	2527.29248046875	1.2555128335952759	3.8850440979003906	0	0	466	814
1	2542850	0	5	5	10954052	100622	36.07957077026367	0.25126034021377563	2486.30029296875	0.6940813064575195	3.8780059814453125	0	0	469	0
1	2543306	0	1	5	10963618	100516	36.67852020263672	0.0	2524.68994140625	1.1497790813446045	3.8920822143554688	0	0	465	828
1	2543609	0	5	5	10954802	100639	34.65582275390625	-0.16749072074890137	2483.972412109375	1.2870172262191772	3.8850440979003906	0	2	471	0
1	2544067	0	1	5	10964418	100425	44.31100082397461	4.2773542404174805	2519.335693359375	0.6112791895866394	3.8920822143554688	0	0	465	838
1	2544372	0	5	5	10955602	100650	33.73468017578125	-1.2143224477767944	2485.26708984375	0.9693878293037415	3.8920822143554688	0	1	469	0
1	2544828	0	1	5	10965218	100393	46.996280670166016	5.410402297973633	2514.864013671875	1.5393595695495605	3.8850440979003906	0	0	465	845
1	2545132	0	5	5	10956352	100641	34.488338470458984	-0.4187301695346832	2483.50146484375	0.8100693225860596	3.8850440979003906	0	1	469	0
1	2545738	0	1	5	10966018	100423	44.47880935668945	2.2230215072631836	2514.02685546875	0.9268119931221008	3.8850440979003906	0	0	465	837
1	2545892	0	5	5	10957102	100632	35.24205017089844	0.4605976343154907	2483.207275390625	0.6108431816101074	3.8780059814453125	0	0	469	1
1	2546650	0	5	5	10957952	100642	34.40459442138672	0.4186931252479553	2481.154052734375	1.1200820207595825	3.8850440979003906	2	1	469	0
1	2547106	0	1	5	10967468	100328	52.45288848876953	-0.29390281438827515	2499.028564453125	0.6172013878822327	3.8850440979003906	0	0	465	889
1	2547411	0	5	5	10958652	100664	32.562435150146484	-1.1723124980926514	2478.51220703125	1.1463067531585693	3.8850440979003906	1	1	470	0
1	2547869	0	1	5	10968218	100446	42.54916000366211	-0.8809192776679993	2501.1181640625	1.2722834348678589	3.8850440979003906	0	0	468	841
1	2548174	0	5	5	10959352	100685	30.804311752319336	-2.135120153427124	2473.588134765625	1.0639840364456177	3.8920822143554688	1	0	471	0
1	2548779	0	1	5	10969118	100506	37.5169792175293	-2.7677667140960693	2490.617431640625	1.081347942352295	3.8920822143554688	0	0	465	830
1	2548933	0	5	5	10960102	100652	33.56720733642578	-0.1674732118844986	2470.848388671875	0.6526267528533936	3.8850440979003906	0	1	470	0
1	2549538	0	1	5	10969918	100363	49.51435852050781	3.818148136138916	2480.92138671875	0.7104560732841492	3.8780059814453125	0	0	464	910
1	2549692	0	5	5	10960852	100649	33.818416595458984	0.5442638397216797	2470.050537109375	1.278965950012207	3.8920822143554688	2	0	472	0
1	2550299	0	1	5	10970718	100386	47.583778381347656	3.523890256881714	2482.686767578125	1.292972207069397	3.8850440979003906	0	0	465	841
1	2550452	0	5	5	10961652	100626	35.74455261230469	1.6747859716415405	2466.061767578125	1.1214637756347656	3.8850440979003906	0	0	470	0
1	2551212	0	1	5	10971568	100512	37.01389694213867	-3.900270700454712	2486.9765625	0.7376470565795898	3.8780059814453125	0	0	465	826
1	2551212	0	5	5	10962402	100668	32.22753143310547	-0.8373121619224548	2466.467041015625	0.6813275218009949	3.8850440979003906	0	2	471	0
1	2551823	0	5	5	10963102	100660	32.89734649658203	-1.0467286109924316	2465.486328125	0.7562139630317688	3.8850440979003906	0	1	468	0
1	2551975	0	1	5	10972368	100557	33.241539001464844	-6.289923191070557	2482.491943359375	0.9265541434288025	3.8850440979003906	0	0	466	822
1	2552582	0	5	5	10963852	100640	34.572078704833984	0.3349625766277313	2462.556884765625	1.295638084411621	3.899120330810547	1	0	470	0
1	2552736	0	1	5	10973168	100546	34.163543701171875	-9.354601860046387	2477.29345703125	1.008767008781433	3.8850440979003906	0	0	465	824
1	2553492	0	5	5	10964602	100650	33.73468017578125	-0.12560641765594482	2461.0986328125	1.2192559242248535	3.8850440979003906	1	0	468	0
1	2553646	0	1	5	10973918	100461	41.290889739990234	2.2223408222198486	2470.77099609375	1.1992301940917969	3.8850440979003906	0	0	464	832
1	2554102	0	5	5	10965352	100609	37.16844940185547	2.344870090484619	2459.14990234375	0.927905261516571	3.8850440979003906	0	0	470	0
1	2554256	0	1	5	10974718	100378	48.255245208740234	7.63257360458374	2467.20166015625	0.6908537745475769	3.8920822143554688	0	0	467	898
1	2554864	0	5	5	10966102	100649	33.818416595458984	-0.7536900639533997	2458.234375	0.8569860458374023	3.8850440979003906	2	0	471	0
1	2555169	0	1	5	10975518	100489	38.9425163269043	1.467358946800232	2469.447021484375	1.2986083030700684	3.899120330810547	0	0	466	820
1	2555626	0	5	5	10966852	100675	31.641475677490234	-1.4653021097183228	2459.28076171875	1.2875851392745972	3.8850440979003906	1	0	469	0
1	2555930	0	1	5	10976268	100512	37.01389694213867	-5.536738872528076	2470.420654296875	0.5680904388427734	3.8780059814453125	0	0	465	835
1	2556386	0	5	5	10967652	100667	32.311256408691406	-1.5910210609436035	2456.324951171875	0.7435203790664673	3.899120330810547	0	0	472	0
1	2557143	0	5	5	10968452	100680	31.222885131835938	-2.0514559745788574	2451.7802734375	1.3450812101364136	3.8780059814453125	1	0	470	1
1	2557297	0	1	5	10977668	100576	31.6491756439209	-6.037256240844727	2463.9111328125	1.5096558332443237	3.8920822143554688	0	0	464	838
1	2557903	0	5	5	10969152	100659	32.9810791015625	0.2930486500263214	2447.49072265625	1.4544519186019897	3.8920822143554688	0	1	469	0
1	2558057	0	1	5	10978418	100446	42.54916000366211	4.611904144287109	2454.64990234375	0.9921844005584717	3.8850440979003906	0	0	466	901
1	2558664	0	5	5	10969852	100665	32.47870635986328	0.33489522337913513	2444.816162109375	1.0516794919967651	3.8780059814453125	2	1	470	0
1	2558818	0	1	5	10979168	100444	42.716941833496094	3.1449739933013916	2455.792236328125	0.7257280349731445	3.8850440979003906	0	0	463	849
1	2559426	0	5	5	10970602	100650	33.73468017578125	0.9210211634635925	2442.697509765625	0.8617396354675293	3.8850440979003906	2	1	470	0
1	2560183	0	1	5	10980618	100355	50.185951232910156	7.04715633392334	2449.37353515625	1.2898635864257812	3.899120330810547	0	0	465	860
1	2560183	0	5	5	10971452	100627	35.66080093383789	1.3398611545562744	2440.179931640625	1.2554163932800293	3.8780059814453125	1	0	469	0
1	2560942	0	1	5	10981368	100437	43.30419921875	-0.04194819927215576	2454.76025390625	0.7736028432846069	3.899120330810547	0	0	465	845
1	2560942	0	5	5	10972202	100631	35.32579803466797	0.7536900639533997	2439.159912109375	0.6582732200622559	3.8920822143554688	0	0	470	2
1	2561701	0	1	5	10982118	100489	38.9425163269043	-7.510969638824463	2449.931640625	0.825110673904419	3.8920822143554688	0	0	468	834
1	2561856	0	5	5	10973002	100622	36.07957077026367	1.2143126726150513	2439.76806640625	1.3333320617675781	3.8850440979003906	0	1	469	1
1	2562463	0	1	5	10982818	100520	36.34315490722656	-6.795472145080566	2446.797119140625	1.6185474395751953	3.8850440979003906	0	0	466	815
1	2562618	0	5	5	10973802	100624	35.91205978393555	1.0049524307250977	2440.92529296875	1.1128770112991333	3.8850440979003906	1	0	470	2
1	2563226	0	1	5	10983618	100529	35.588623046875	-2.264007329940796	2446.43359375	0.7448946237564087	3.8850440979003906	0	0	466	814
1	2563380	0	5	5	10974552	100624	35.91205978393555	0.0	2441.651123046875	0.6644948124885559	3.8920822143554688	0	0	469	0
1	2564139	0	1	5	10984418	100532	35.33712387084961	-1.1318531036376953	2445.486083984375	1.3057646751403809	3.8850440979003906	0	0	465	818
1	2564139	0	5	5	10975302	100627	35.66080093383789	-0.5025368928909302	2440.461181640625	1.3597476482391357	3.8920822143554688	1	0	469	1
1	2564899	0	1	5	10985318	100538	34.834144592285156	-0.628746509552002	2440.014892578125	0.7752751708030701	3.8920822143554688	0	0	464	822
1	2564899	0	5	5	10976102	100635	34.990806579589844	-0.6281382441520691	2438.02197265625	0.9428235292434692	3.899120330810547	2	1	471	1
1	2565658	0	5	5	10976802	100633	35.15829849243164	-0.3350030183792114	2434.45166015625	0.6596529483795166	3.8920822143554688	1	0	470	0
1	2565813	0	1	5	10986118	100542	34.49884033203125	-0.7544806599617004	2437.24365234375	1.2568563222885132	3.8780059814453125	0	0	463	825
1	2566420	0	5	5	10977602	100630	35.4095458984375	0.5443470478057861	2433.843505859375	1.205116629600525	3.8920822143554688	0	1	469	1
1	2566574	0	1	5	10986918	100524	36.0078010559082	0.712567925453186	2432.525634765625	1.232816219329834	3.899120330810547	0	0	464	827
1	2567030	0	5	5	10978302	100632	35.24205017089844	0.20936761796474457	2432.025634765625	1.3133132457733154	3.8920822143554688	0	2	471	1
1	2567333	0	1	5	10987718	100499	38.10394287109375	2.054021120071411	2429.793212890625	0.7542031407356262	3.8850440979003906	0	0	468	846
1	2567789	0	5	5	10979052	100620	36.2470817565918	0.6700114011764526	2429.7109375	0.5264507532119751	3.8850440979003906	0	1	471	2
1	2568092	0	1	5	10988518	100420	44.73052978515625	4.529036521911621	2428.028076171875	1.2822316884994507	3.8850440979003906	0	0	464	858
1	2568548	0	5	5	10979802	100625	35.82830810546875	0.04187655448913574	2428.756103515625	1.2510875463485718	3.8850440979003906	1	1	472	1
1	2568853	0	1	5	10989318	100474	40.20050811767578	1.6352282762527466	2428.76123046875	0.7507595419883728	3.8920822143554688	0	0	462	832
1	2569308	0	5	5	10980552	100626	35.74455261230469	0.16750285029411316	2428.84765625	1.0945959091186523	3.8920822143554688	0	1	469	0
1	2569766	0	1	5	10990068	100477	39.94889831542969	-2.474724292755127	2426.450927734375	1.1861668825149536	3.8780059814453125	0	0	465	818
1	2570070	0	5	5	10981252	100626	35.74455261230469	0.12562765181064606	2427.8603515625	0.9412968158721924	3.8780059814453125	2	1	471	0
1	2570527	0	1	5	10990918	100401	46.324893951416016	1.9298115968704224	2424.78955078125	1.1160995960235596	3.8920822143554688	0	0	463	909
1	2570831	0	5	5	10982002	100612	36.91715621948242	0.544425904750824	2425.571533203125	0.7707763314247131	3.8850440979003906	0	1	470	1
1	2571286	0	1	5	10991718	100355	50.185951232910156	5.244328498840332	2422.939697265625	0.7533736824989319	3.8920822143554688	0	0	464	906
1	2572042	0	1	5	10992468	100272	57.15626525878906	0.9240040183067322	2420.142578125	1.0844027996063232	3.8850440979003906	0	0	464	868
1	2572348	0	5	5	10983502	100555	41.69269943237305	3.3090734481811523	2424.23095703125	1.1841533184051514	3.8780059814453125	1	0	472	1
1	2572803	0	1	5	10993268	100255	58.584495544433594	9.443601608276367	2422.453125	1.2814440727233887	3.8920822143554688	0	0	465	861
1	2573713	0	1	5	10994068	100231	60.60115432739258	1.9744629859924316	2424.7763671875	1.153279423713684	3.8850440979003906	0	0	465	861
1	2573713	0	5	5	10984902	100622	36.07957077026367	-3.3093931674957275	2427.41552734375	1.211704969406128	3.8920822143554688	0	1	471	0
1	2574474	0	1	5	10994818	100287	55.89622497558594	-0.798038899898529	2426.333984375	1.251373529434204	3.8850440979003906	0	0	465	856
1	2574474	0	5	5	10985652	100618	36.41459655761719	-2.38765549659729	2428.095703125	1.1648095846176147	3.8920822143554688	1	0	469	0
1	2575232	0	1	5	10995618	100282	56.316219329833984	-2.100450277328491	2424.64013671875	0.7901514768600464	3.8850440979003906	0	0	466	859
1	2575232	0	5	5	10986402	100620	36.2470817565918	-1.3402817249298096	2426.8271484375	0.7466318607330322	3.8920822143554688	0	1	471	0
1	2575991	0	1	5	10996418	100299	54.888301849365234	-2.394252061843872	2424.516845703125	1.0319241285324097	3.8850440979003906	0	0	464	858
1	2576599	0	5	5	10987852	100616	36.582115173339844	-0.460697740316391	2425.833251953125	1.0947675704956055	3.8920822143554688	0	0	470	0
1	2577357	0	5	5	10988602	100615	36.66587448120117	-0.04188026487827301	2426.101318359375	1.2182292938232422	3.899120330810547	0	1	470	1
1	2577511	0	1	5	10997818	100299	54.888301849365234	-1.0919783115386963	2424.92578125	1.325127363204956	3.8780059814453125	0	0	463	858
1	2578117	0	5	5	10989352	100594	38.42498779296875	0.7539145350456238	2426.48046875	1.0700457096099854	3.8920822143554688	2	0	472	0
1	2578272	0	1	5	10998618	100237	60.096954345703125	2.6463215351104736	2424.497314453125	0.8631517291069031	3.8850440979003906	0	0	464	868
1	2578878	0	5	5	10990102	100575	40.016822814941406	1.759232997894287	2425.623779296875	1.1247942447662354	3.8920822143554688	0	1	469	0
1	2579182	0	1	5	10999418	100278	56.65222930908203	0.7979744672775269	2426.0615234375	0.735963761806488	3.8850440979003906	0	0	465	867
1	2579639	0	5	5	10990852	100591	38.67631149291992	0.7958146929740906	2427.02978515625	0.9341285824775696	3.8850440979003906	0	1	470	1
1	2579943	0	1	5	11000318	100244	59.508750915527344	-0.08402750641107559	2427.88525390625	1.061421275138855	3.8850440979003906	0	0	465	868
1	2580400	0	5	5	10991602	100590	38.76008987426758	0.12566405534744263	2426.0751953125	0.7214890122413635	3.913196563720703	1	1	468	0
1	2580704	0	1	5	11001118	100254	58.668514251708984	0.25205400586128235	2428.832763671875	1.0874327421188354	3.899120330810547	0	0	466	865
1	2581464	0	1	5	11001918	100259	58.2484245300293	0.6720897555351257	2427.6904296875	0.7589846253395081	3.8780059814453125	0	0	467	867
1	2582373	0	1	5	11002718	100294	55.308258056640625	-1.8481721878051758	2428.637939453125	1.004653811454773	3.8850440979003906	0	0	465	865
1	2582527	0	5	5	10993702	100578	39.765464782714844	1.0053246021270752	2421.517333984375	1.237597942352295	3.8920822143554688	1	0	471	0
1	2583285	0	1	5	11003618	100317	53.3765983581543	-2.561938762664795	2431.9609375	0.9968425035476685	3.8850440979003906	0	0	464	871
1	2583285	0	5	5	10994502	100561	41.18990707397461	1.4662340879440308	2425.172607421875	1.0783010721206665	3.8920822143554688	2	0	468	0
1	2584045	0	1	5	11004418	100335	51.865116119384766	-2.0995514392852783	2433.551025390625	0.5354025363922119	3.899120330810547	0	0	463	912
1	2584045	0	5	5	10995252	100601	37.838584899902344	0.16753655672073364	2428.7431640625	0.5591658353805542	3.8920822143554688	1	0	472	0
1	2584803	0	1	5	11005268	100328	52.45288848876953	0.12595325708389282	2434.154541015625	1.378732442855835	3.8920822143554688	0	0	465	882
1	2584803	0	5	5	10996002	100584	39.26276397705078	-0.9216736555099487	2429.959228515625	1.4385038614273071	3.8850440979003906	0	0	470	1
1	2585565	0	5	5	10996752	100598	38.08989334106445	-0.837783932685852	2431.82958984375	1.1432315111160278	3.8920822143554688	0	1	470	0
1	2585719	0	1	5	11006068	100342	51.27737808227539	-0.6297408938407898	2436.601318359375	0.7538477182388306	3.8850440979003906	0	0	466	866
1	2586326	0	5	5	10997502	100611	37.000919342041016	-0.46071627736091614	2431.8623046875	0.44681575894355774	3.899120330810547	1	0	470	2
1	2586630	0	1	5	11006918	100382	47.91950607299805	-2.014788866043091	2436.6142578125	1.6580694913864136	3.8850440979003906	0	0	465	861
1	2587087	0	5	5	10998252	100633	35.15829849243164	-2.4711544513702393	2432.3525390625	1.5233131647109985	3.899120330810547	0	0	471	1
1	2587241	0	1	5	11007718	100352	50.437808990478516	-0.8815874457359314	2436.322265625	0.5784350633621216	3.8920822143554688	0	0	465	914
1	2587696	0	5	5	10998952	100632	35.24205017089844	-1.6752442121505737	2432.091064453125	1.0235321521759033	3.8850440979003906	0	0	471	0
1	2588153	0	1	5	11008418	100372	48.758872985839844	-1.3432141542434692	2437.50341796875	0.8723161816596985	3.8780059814453125	0	0	466	885
1	2588456	0	5	5	10999702	100656	33.23227310180664	-1.6330411434173584	2431.822998046875	0.5517219305038452	3.906158447265625	0	0	470	0
1	2589365	0	5	5	11000502	100621	36.163326263427734	-0.16751497983932495	2429.6845703125	1.644370436668396	3.8920822143554688	0	0	471	1
1	2589519	0	1	5	11009918	100380	48.087371826171875	-1.0492887496948242	2449.321533203125	0.7098761200904846	3.8850440979003906	0	0	464	858
1	2589977	0	5	5	11001252	100609	37.16844940185547	2.470458507537842	2432.0126953125	0.9002890586853027	3.8920822143554688	0	1	470	0
1	2590431	0	1	5	11010718	100344	51.109458923339844	-1.0915817022323608	2447.296630859375	1.53067946434021	3.8780059814453125	0	0	466	865
1	2590737	0	5	5	11002052	100567	40.68714141845703	3.3087539672851562	2433.05224609375	1.6946731805801392	3.899120330810547	1	0	472	0
1	2591042	0	1	5	11011518	100309	54.048439025878906	1.9312443733215332	2448.244384765625	0.8730530142784119	3.8920822143554688	0	0	467	869
1	2591498	0	5	5	11002752	100566	40.77093505859375	2.0525293350219727	2434.078857421875	1.148097038269043	3.8920822143554688	0	1	470	1
1	2591955	0	1	5	11012268	100291	55.560237884521484	3.3167426586151123	2448.43896484375	0.7222604155540466	3.8850440979003906	0	0	464	871
1	2592258	0	5	5	11003452	100564	40.93852233886719	1.6756218671798706	2435.112060546875	0.8834525942802429	3.8780059814453125	2	1	471	0
1	2592714	0	1	5	11013068	100297	55.05628204345703	0.5459120273590088	2449.68505859375	1.2862805128097534	3.8920822143554688	0	0	464	864
1	2593018	0	5	5	11004252	100582	39.430328369140625	-0.5446143746376038	2434.157470703125	0.8724082708358765	3.8850440979003906	0	0	471	0
1	2593475	0	1	5	11013868	100275	56.90424346923828	1.4279024600982666	2450.626220703125	0.4460640847682953	3.8920822143554688	0	0	466	867
1	2594231	0	1	5	11014618	100246	59.3406982421875	2.478160858154297	2451.138916015625	1.0231125354766846	3.8920822143554688	0	0	464	869
1	2594385	0	5	5	11005602	100588	38.92764663696289	-0.8797475099563599	2430.5283203125	0.9226515889167786	3.8850440979003906	0	0	470	0
1	2594992	0	1	5	11015418	100251	58.92057800292969	1.302179217338562	2452.787353515625	0.9049237370491028	3.8780059814453125	0	0	463	866
1	2595145	0	5	5	11006402	100600	37.9223518371582	-0.25131696462631226	2430.49560546875	1.1247732639312744	3.8850440979003906	0	0	471	0
1	2595753	0	1	5	11016168	100285	56.0642204284668	-0.37800928950309753	2454.111328125	1.3355700969696045	3.899120330810547	0	0	464	862
1	2595906	0	5	5	11007102	100603	37.671043395996094	-1.424255609512329	2431.456787109375	0.8742030262947083	3.8920822143554688	1	1	472	0
1	2596512	0	1	5	11016968	100318	53.29262161254883	-3.6122491359710693	2455.2275390625	1.05778968334198	3.8850440979003906	0	0	466	871
1	2596665	0	5	5	11007852	100575	40.016822814941406	0.6283657550811768	2432.81689453125	0.8936654329299927	3.8920822143554688	1	0	469	1
1	2597424	0	5	5	11008602	100649	33.818416595458984	-2.1357388496398926	2436.87109375	0.6714797616004944	3.899120330810547	1	0	470	1
1	2598030	0	1	5	11018418	100367	49.17858123779297	-2.2669665813446045	2466.792724609375	0.7287415862083435	3.899120330810547	0	0	464	873
1	2598184	0	5	5	11009352	100619	36.33083724975586	-1.5497443675994873	2437.328857421875	0.9024248719215393	3.8920822143554688	0	0	470	0
1	2598790	0	1	5	11019118	100337	51.69718933105469	-0.33586588501930237	2464.7158203125	0.6219196915626526	3.8780059814453125	0	0	466	879
1	2598943	0	5	5	11010102	100593	38.50876235961914	0.41885825991630554	2436.511474609375	1.4176698923110962	3.8850440979003906	0	0	471	1
1	2599552	0	1	5	11019918	100374	48.59099197387695	-2.3928029537200928	2465.27392578125	1.5132551193237305	3.8850440979003906	0	0	465	858
1	2599552	0	5	5	11010852	100603	37.671043395996094	2.7636191844940186	2437.976318359375	0.9921252727508545	3.8920822143554688	2	0	471	0
1	2600312	0	1	5	11020668	100361	49.682254791259766	0.0839468240737915	2464.81982421875	0.9514939188957214	3.8850440979003906	0	0	465	914
1	2600312	0	5	5	11011552	100612	36.91715621948242	0.16752173006534576	2437.43359375	0.9877308011054993	3.8920822143554688	1	1	470	0
1	2601074	0	1	5	11021468	100385	47.66770935058594	-2.3506059646606445	2464.91064453125	0.7262654900550842	3.8850440979003906	0	0	465	855
1	2601074	0	5	5	11012302	100625	35.82830810546875	-1.7591197490692139	2437.309326171875	0.7546422481536865	3.8920822143554688	0	0	470	0
1	2601833	0	1	5	11022268	100404	46.07313537597656	-0.8812176585197449	2464.164306640625	1.3887650966644287	3.8850440979003906	0	0	464	851
1	2601833	0	5	5	11013052	100662	32.729888916015625	-1.1723313331604004	2437.073974609375	1.6139317750930786	3.8920822143554688	0	0	469	0
1	2602593	0	1	5	11022968	100390	47.24806213378906	-2.0146586894989014	2464.125244140625	1.0632944107055664	3.899120330810547	0	0	465	883
1	2602593	0	5	5	11013802	100639	34.65582275390625	-1.5913795232772827	2435.308349609375	1.0946638584136963	3.8850440979003906	0	0	469	0
1	2603354	0	1	5	11023718	100395	46.82843017578125	0.08392380177974701	2466.3642578125	1.0128636360168457	3.8920822143554688	0	0	466	867
1	2603960	0	5	5	11015202	100610	37.08468246459961	1.8006049394607544	2434.46484375	0.8155146241188049	3.8850440979003906	1	0	470	0
1	2604115	0	1	5	11024518	100323	52.87274932861328	2.6025195121765137	2465.62451171875	0.97225022315979	3.8920822143554688	0	0	464	919
1	2604721	0	5	5	11015952	100586	39.0952033996582	2.4290454387664795	2434.49755859375	1.0524101257324219	3.899120330810547	2	0	470	0
1	2604875	0	1	5	11025318	100319	53.20864486694336	4.155149936676025	2467.6689453125	1.4710772037506104	3.8780059814453125	0	0	465	881
1	2605481	0	5	5	11016702	100584	39.26276397705078	3.1827080249786377	2436.491943359375	1.2998701333999634	3.8920822143554688	0	0	471	0
1	2605787	0	1	5	11026118	100225	61.10538101196289	5.165876865386963	2468.778564453125	0.8301724791526794	3.8780059814453125	0	0	463	868
1	2606242	0	5	5	11017452	100569	40.51955795288086	1.3404866456985474	2437.793212890625	1.0453284978866577	3.8850440979003906	0	2	470	1
1	2606999	0	5	5	11018202	100561	41.18990707397461	0.1256933957338333	2438.525634765625	0.6093127727508545	3.8850440979003906	1	0	470	0
1	2607304	0	1	5	11027618	100255	58.584495544433594	-0.42011377215385437	2472.67919921875	1.5462925434112549	3.8780059814453125	0	0	466	870
1	2607758	0	5	5	11018952	100549	42.19551467895508	1.3825939893722534	2439.048583984375	1.2778689861297607	3.8850440979003906	0	2	471	0
1	2608065	0	1	5	11028468	100288	55.812225341796875	-2.2684128284454346	2476.7744140625	0.6861951947212219	3.8850440979003906	0	0	465	866
1	2608368	0	5	5	11019652	100548	42.279319763183594	1.2569289207458496	2440.382568359375	1.4154953956604004	3.8850440979003906	0	0	472	0
1	2608826	0	1	5	11029268	100297	55.05628204345703	-2.6884024143218994	2480.53857421875	1.2296991348266602	3.8850440979003906	0	0	467	884
1	2609279	0	5	5	11020402	100583	39.3465461730957	-1.2568782567977905	2442.847900390625	1.0516513586044312	3.899120330810547	1	1	470	0
1	2609735	0	1	5	11030018	100316	53.460575103759766	-1.4698224067687988	2481.284912109375	1.263427495956421	3.8850440979003906	0	0	464	902
1	2610039	0	5	5	11021202	100584	39.26276397705078	-0.2513493597507477	2442.92626953125	0.7943911552429199	3.8780059814453125	2	1	470	1
1	2610493	0	1	5	11030818	100357	50.01804733276367	-1.805242657661438	2480.8369140625	0.6650499701499939	3.8850440979003906	0	0	467	866
1	2610799	0	5	5	11022002	100611	37.000919342041016	-2.513493537902832	2442.32470703125	1.2079867124557495	3.8920822143554688	0	1	468	0
1	2611253	0	1	5	11031618	100355	50.185951232910156	-1.1754546165466309	2480.36962890625	1.0295449495315552	3.8850440979003906	0	0	466	916
1	2611559	0	5	5	11022752	100619	36.33083724975586	-1.5916357040405273	2440.827392578125	0.9946327209472656	3.8850440979003906	1	1	469	0
1	2612014	0	1	5	11032368	100359	49.85015106201172	-1.2174007892608643	2479.1171875	1.3953783512115479	3.8920822143554688	0	0	464	912
1	2612471	0	5	5	11023602	100671	31.976360321044922	-2.7635748386383057	2440.9189453125	0.9642782211303711	3.899120330810547	0	1	472	2
1	2612776	0	1	5	11033168	100447	42.46527099609375	-3.77638840675354	2487.8203125	0.9835072755813599	3.8850440979003906	0	0	464	859
1	2613080	0	5	5	11024352	100659	32.9810791015625	-1.7586385011672974	2436.3154296875	1.4251042604446411	3.8780059814453125	1	1	472	1
1	2613536	0	1	5	11033918	100111	70.69032287597656	9.916370391845703	2475.236083984375	0.8545754551887512	3.8920822143554688	0	0	463	912
1	2613839	0	5	5	11025102	100643	34.32085418701172	0.0	2432.01904296875	0.9875839352607727	3.8780059814453125	0	0	471	0
1	2614447	0	1	5	11034718	100263	57.91236114501953	2.351858377456665	2482.329833984375	1.3375303745269775	3.899120330810547	0	0	466	913
1	2614751	0	5	5	11025902	100680	31.222885131835938	-0.4604605734348297	2431.410888671875	0.892853856086731	3.8920822143554688	2	0	471	1
1	2615206	0	1	5	11035568	100441	42.96862030029297	-6.505800724029541	2486.60009765625	0.6869063973426819	3.8850440979003906	0	0	464	859
1	2615360	0	5	5	11026602	100670	32.060081481933594	-0.3349032998085022	2428.81494140625	1.2430329322814941	3.8920822143554688	0	1	470	0
1	2615968	0	1	5	11036318	100364	49.43041229248047	-0.12591972947120667	2480.512451171875	0.8802564144134521	3.8850440979003906	0	0	465	914
1	2616122	0	5	5	11027352	100672	31.89263916015625	-1.1303668022155762	2425.833251953125	1.4193886518478394	3.8780059814453125	1	0	471	0
1	2616729	0	1	5	11037118	100374	48.59099197387695	3.524231195449829	2483.582275390625	1.395473837852478	3.8920822143554688	0	0	464	880
1	2616882	0	5	5	11028102	100624	35.91205978393555	2.219011068344116	2426.048828125	0.8842514753341675	3.899120330810547	0	1	471	0
1	2617641	0	5	5	11028852	100619	36.33083724975586	1.8004746437072754	2429.370849609375	0.7258257865905762	3.8920822143554688	1	1	471	1
1	2618097	0	1	5	11038518	100341	51.3613395690918	2.0566391944885254	2483.893798828125	0.5184201598167419	3.8920822143554688	0	0	465	916
1	2618402	0	5	5	11029552	100637	34.82331466674805	0.5024479031562805	2429.69775390625	1.3715248107910156	3.906158447265625	0	2	470	1
1	2619007	0	1	5	11039318	100379	48.17130661010742	-0.9653456211090088	2486.39892578125	1.4527660608291626	3.8850440979003906	0	0	465	884
1	2619007	0	5	5	11030252	100621	36.163326263427734	-0.041878242045640945	2430.12939453125	1.0151662826538086	3.8850440979003906	0	0	471	1
1	2619768	0	5	5	11031002	100620	36.2470817565918	0.25126439332962036	2430.358154296875	0.7189468741416931	3.8780059814453125	1	1	471	0
1	2619922	0	1	5	11040218	100360	49.76620101928711	-0.08394885063171387	2485.983642578125	0.6069685816764832	3.899120330810547	0	0	466	885
1	2620680	0	1	5	11041018	100347	50.85758590698242	0.9654157161712646	2486.411865234375	1.1690412759780884	3.8850440979003906	0	0	464	892
1	2621136	0	5	5	11032352	100586	39.0952033996582	1.4240608215332031	2430.783203125	0.8900687098503113	3.8850440979003906	1	0	471	0
1	2621439	0	1	5	11041818	100302	54.63633346557617	1.8893752098083496	2487.158203125	0.8849105834960938	3.8780059814453125	0	0	463	907
1	2621895	0	5	5	11033102	100577	39.849246978759766	1.7173258066177368	2431.973388671875	1.3691846132278442	3.8850440979003906	0	1	469	0
1	2622199	0	1	5	11042618	100323	52.87274932861328	1.5112988948822021	2489.689453125	0.5417618751525879	3.8920822143554688	0	0	466	908
1	2622655	0	5	5	11033852	100594	38.42498779296875	0.3350866138935089	2433.372802734375	1.0451414585113525	3.8850440979003906	0	0	471	2
1	2623112	0	1	5	11043418	100330	52.284950256347656	-0.08396917581558228	2491.56494140625	1.244689702987671	3.899120330810547	0	0	466	910
1	2623417	0	5	5	11034602	100598	38.08989334106445	-1.1310402154922485	2435.105712890625	0.5458674430847168	3.8920822143554688	0	0	470	1
1	2623874	0	1	5	11044218	100333	52.033050537109375	-0.5877984762191772	2492.506103515625	1.114861249923706	3.8850440979003906	0	0	465	918
1	2624029	0	5	5	11035302	100600	37.9223518371582	-0.8796625137329102	2435.39990234375	0.9101235270500183	3.8920822143554688	0	1	471	0
1	2624633	0	1	5	11044918	100341	51.3613395690918	-0.33585503697395325	2491.435302734375	0.7594759464263916	3.8850440979003906	0	0	465	912
1	2624787	0	5	5	11036052	100606	37.419742584228516	-0.795840322971344	2433.287841796875	1.3464100360870361	3.8780059814453125	2	0	471	1
1	2625392	0	1	5	11045768	100337	51.69718933105469	-0.12594716250896454	2491.91552734375	1.3781830072402954	3.8920822143554688	0	0	466	871
1	2625547	0	5	5	11036802	100602	37.75481414794922	0.6282292008399963	2432.561767578125	0.8908141255378723	3.8920822143554688	1	1	471	1
1	2626304	0	5	5	11037552	100598	38.08989334106445	0.4607236981391907	2432.86279296875	0.47679609060287476	3.8850440979003906	1	0	472	1
1	2626761	0	1	5	11047218	100359	49.85015106201172	-0.6716341972351074	2495.777099609375	0.6514531970024109	3.8709676265716553	0	0	465	901
1	2627066	0	5	5	11038302	100635	34.990806579589844	-1.675203800201416	2434.425537109375	1.4306976795196533	3.8850440979003906	0	0	470	1
1	2627675	0	1	5	11047968	100332	52.11701583862305	0.3358577489852905	2496.075439453125	0.8833635449409485	3.899120330810547	0	0	467	897
1	2627830	0	5	5	11039052	100590	38.76008987426758	0.2513250708580017	2433.3662109375	0.9352151155471802	3.8920822143554688	0	1	471	1
1	2628435	0	1	5	11048768	100301	54.72032165527344	1.3016536235809326	2496.10791015625	1.281177282333374	3.8780059814453125	0	0	463	897
1	2628589	0	5	5	11039802	100571	40.35197448730469	1.3823491334915161	2432.0126953125	0.6289382576942444	3.8850440979003906	1	0	471	0
1	2629192	0	1	5	11049568	100322	52.956722259521484	1.175502061843872	2498.47021484375	0.6511742472648621	3.8850440979003906	0	0	465	904
1	2629346	0	5	5	11040552	100587	39.01142501831055	0.2932184934616089	2432.725341796875	0.9242877960205078	3.8920822143554688	1	0	468	0
1	2630103	0	1	5	11050418	100309	54.048439025878906	0.9237280488014221	2499.06103515625	1.323381781578064	3.8780059814453125	0	0	466	903
1	2630103	0	5	5	11041302	100580	39.59789276123047	0.20945526659488678	2429.691162109375	1.2146131992340088	3.8850440979003906	1	1	471	0
1	2630865	0	1	5	11051268	100305	54.384376525878906	1.133679986000061	2498.405517578125	1.0198758840560913	3.8920822143554688	0	0	464	912
1	2630865	0	5	5	11042052	100586	39.0952033996582	0.37699517607688904	2427.016845703125	1.1863410472869873	3.8850440979003906	0	1	471	0
1	2631629	0	5	5	11042802	100593	38.50876235961914	-0.12566405534744263	2425.00927734375	0.6938581466674805	3.8850440979003906	1	0	472	2
1	2631781	0	1	5	11052118	100335	51.865116119384766	-1.1336525678634644	2498.587158203125	0.8995527029037476	3.8920822143554688	0	0	464	905
1	2632387	0	5	5	11043602	100581	39.51411056518555	0.41889873147010803	2425.721923828125	1.0225859880447388	3.899120330810547	0	0	470	0
1	2632541	0	1	5	11052918	100327	52.536861419677734	-0.5878269672393799	2499.982421875	1.1484118700027466	3.8780059814453125	0	0	464	904
1	2633146	0	5	5	11044352	100655	33.31600570678711	-2.512603521347046	2430.155517578125	1.1396650075912476	3.8920822143554688	0	1	470	1
1	2633300	0	1	5	11053668	100346	50.94154357910156	-0.33584147691726685	2500.39794921875	0.935114324092865	3.8780059814453125	0	0	465	855
1	2633905	0	5	5	11045152	100698	29.71609878540039	-4.5638837814331055	2428.553466796875	0.9068403244018555	3.899120330810547	0	0	472	1
1	2634059	0	1	5	11054468	100500	38.02008819580078	-8.098158836364746	2502.46826171875	0.9787907004356384	3.8850440979003906	0	0	465	853
1	2634667	0	5	5	11045852	100660	32.89734649658203	-3.140817642211914	2422.9951171875	0.8354814648628235	3.8920822143554688	0	0	470	1
1	2635427	0	5	5	11046652	100687	30.636886596679688	-1.172095537185669	2419.980712890625	1.1716309785842896	3.8920822143554688	0	2	472	0
1	2635579	0	1	5	11055868	100527	35.756290435791016	-2.725358724594116	2500.60546875	1.2269819974899292	3.8920822143554688	0	0	464	852
1	2636185	0	5	5	11047402	100594	38.42498779296875	4.312591552734375	2417.50244140625	1.131210446357727	3.8920822143554688	0	1	469	0
1	2636339	0	1	5	11056718	100344	51.109458923339844	0.7555762529373169	2495.861328125	0.8728294968605042	3.899120330810547	0	0	464	873
1	2636944	0	5	5	11048202	100605	37.503509521484375	2.7635748386383057	2421.301513671875	0.709936261177063	3.8780059814453125	0	2	471	0
1	2637098	0	1	5	11057518	100320	53.124671936035156	6.545951843261719	2498.12646484375	1.0088796615600586	3.8920822143554688	0	0	467	861
1	2637704	0	5	5	11048952	100627	35.66080093383789	1.7584969997406006	2424.839111328125	1.1859437227249146	3.8920822143554688	0	1	471	0
1	2638462	0	1	5	11058918	100312	53.79649353027344	0.6718022227287292	2501.209228515625	0.9435693621635437	3.8850440979003906	0	0	465	859
1	2638462	0	5	5	11049702	100609	37.16844940185547	-0.2931830883026123	2424.937255859375	1.0937241315841675	3.8780059814453125	0	0	471	1
1	2639228	0	5	5	11050452	100621	36.163326263427734	-0.16751497983932495	2424.204833984375	0.7534521222114563	3.8920822143554688	0	0	471	0
1	2639380	0	1	5	11059718	100292	55.47624588012695	1.0498223304748535	2500.57958984375	1.3480820655822754	3.8850440979003906	0	0	463	859
1	2639986	0	5	5	11051202	100608	37.25221252441406	0.5444434285163879	2424.39453125	1.4732160568237305	3.8920822143554688	0	0	468	0
1	2640140	0	1	5	11060518	100274	56.988250732421875	1.8478140830993652	2501.040283203125	1.0605792999267578	3.8780059814453125	0	0	465	867
1	2640745	0	5	5	11052002	100591	38.67631149291992	0.8376962542533875	2426.506591796875	0.9536465406417847	3.8920822143554688	0	0	470	0
1	2640899	0	1	5	11061318	100247	59.25667190551758	2.7300891876220703	2503.720703125	1.0149719715118408	3.8920822143554688	0	0	464	867
1	2641654	0	5	5	11052752	100585	39.17898178100586	0.4188852310180664	2427.657470703125	0.9860357046127319	3.8850440979003906	0	0	467	0
1	2641808	0	1	5	11062068	100356	50.10200119018555	-3.1071105003356934	2506.23876953125	1.140017032623291	3.8920822143554688	0	0	465	866
1	2642264	0	5	5	11053502	100632	35.24205017089844	-1.2982672452926636	2426.912109375	1.0784555673599243	3.8850440979003906	0	0	471	0
1	2642721	0	1	5	11063018	100427	44.143192291259766	-7.0106072425842285	2509.944580078125	0.7686455845832825	3.8780059814453125	0	0	466	851
1	2643026	0	5	5	11054252	100658	33.0648078918457	-3.6016883850097656	2424.67578125	1.3072283267974854	3.899120330810547	0	0	469	0
1	2643482	0	1	5	11063818	100297	55.05628204345703	2.4351651668548584	2499.24267578125	0.8269233107566833	3.8780059814453125	0	0	466	911
1	2643786	0	5	5	11055052	100652	33.56720733642578	-1.214302897453308	2420.314208984375	1.176053524017334	3.8850440979003906	1	0	469	0
1	2644242	0	1	5	11064618	100521	36.259315490722656	-9.314493179321289	2503.80517578125	0.9043809771537781	3.8850440979003906	0	0	467	844
1	2644546	0	5	5	11055752	100665	32.47870635986328	-1.0048149824142456	2416.953125	1.173850178718567	3.8850440979003906	0	1	469	0
1	2645003	0	1	5	11065418	100537	34.917972564697266	-3.815594434738159	2494.14794921875	1.0529510974884033	3.8850440979003906	0	0	464	836
1	2645308	0	5	5	11056552	100660	32.89734649658203	0.04186476394534111	2414.8408203125	0.7746963500976562	3.8920822143554688	0	0	469	0
1	2645915	0	1	5	11066218	100359	49.85015106201172	3.566603422164917	2485.13330078125	1.2203599214553833	3.8850440979003906	0	0	465	914
1	2646069	0	5	5	11057302	100564	40.93852233886719	3.7275235652923584	2411.71533203125	0.70816570520401	3.8920822143554688	0	1	470	1
1	2646678	0	1	5	11067018	100220	61.52558898925781	14.351558685302734	2486.652099609375	0.9425889849662781	3.8920822143554688	0	0	466	869
1	2646830	0	5	5	11058052	100592	38.59253692626953	2.7638638019561768	2414.03662109375	0.9452369809150696	3.899120330810547	0	1	470	1
1	2647586	0	5	5	11058852	100584	39.26276397705078	2.6384353637695312	2416.0244140625	1.201736569404602	3.8920822143554688	1	0	469	0
1	2648343	0	5	5	11059602	100566	40.77093505859375	0.0837925598025322	2412.264404296875	1.3211662769317627	3.8920822143554688	1	0	470	0
1	2648649	0	1	5	11069118	100308	54.132423400878906	-3.4864797592163086	2489.410400390625	0.9492777585983276	3.8780059814453125	0	0	467	857
1	2649105	0	5	5	11060352	100602	37.75481414794922	-0.6283050775527954	2410.897705078125	0.7088696956634521	3.8850440979003906	1	0	470	0
1	2649562	0	1	5	11069918	100290	55.64423370361328	0.8398883938789368	2489.390869140625	1.4806814193725586	3.8920822143554688	0	0	464	861
1	2649866	0	5	5	11061102	100609	37.16844940185547	-2.094527244567871	2412.794189453125	0.7345765829086304	3.899120330810547	0	1	471	0
1	2650323	0	1	5	11070668	100289	55.72822952270508	1.9315561056137085	2490.617431640625	0.907309889793396	3.8850440979003906	0	0	465	859
1	2650628	0	5	5	11061852	100600	37.9223518371582	-0.16754330694675446	2415.383544921875	1.4252381324768066	3.8920822143554688	2	1	472	0
1	2651083	0	1	5	11071418	100331	52.200984954833984	-2.3936336040496826	2491.324951171875	0.6119321584701538	3.8850440979003906	0	0	465	858
1	2651387	0	5	5	11062602	100600	37.9223518371582	0.04188498109579086	2414.76904296875	1.02511727809906	3.8850440979003906	1	1	472	0
1	2651994	0	1	5	11072368	100357	50.01804733276367	-2.8970887660980225	2490.280029296875	1.0339233875274658	3.8850440979003906	0	0	466	853
1	2652148	0	5	5	11063402	100587	39.01142501831055	0.6283050775527954	2413.00341796875	0.5940231680870056	3.906158447265625	0	0	472	0
1	2652755	0	1	5	11073168	100318	53.29262161254883	0.6717696785926819	2486.15234375	0.587175190448761	3.8780059814453125	0	0	464	859
1	2652908	0	5	5	11064152	100591	38.67631149291992	-0.0837770476937294	2409.75341796875	0.8679879903793335	3.8850440979003906	0	0	469	1
1	2653518	0	1	5	11073968	100268	57.49230194091797	2.6456592082977295	2484.54931640625	1.067581295967102	3.8850440979003906	0	0	466	860
1	2653671	0	5	5	11064902	100609	37.16844940185547	-0.5444959998130798	2409.64892578125	1.2362587451934814	3.899120330810547	0	1	472	0
1	2654431	0	1	5	11074768	100328	52.45288848876953	0.6297358274459839	2486.275634765625	1.4612587690353394	3.8780059814453125	0	0	465	859
1	2654431	0	5	5	11065602	100617	36.498355865478516	-1.2565343379974365	2411.159423828125	1.4430217742919922	3.899120330810547	1	1	471	0
1	2655190	0	5	5	11066402	100575	40.016822814941406	1.0472341775894165	2409.773193359375	0.6602871417999268	3.8850440979003906	1	0	472	0
1	2655344	0	1	5	11075618	100330	52.284950256347656	-2.1416375637054443	2485.341064453125	0.5639005899429321	3.8850440979003906	0	0	466	858
1	2655950	0	5	5	11067102	100600	37.9223518371582	0.5025975704193115	2406.48388671875	0.8629445433616638	3.899120330810547	0	1	471	3
1	2656104	0	1	5	11076518	100278	56.65222930908203	0.7139829397201538	2480.583984375	1.4054158926010132	3.8920822143554688	0	0	467	861
1	2656561	0	5	5	11067852	100614	36.7496337890625	-1.0052274465560913	2406.63427734375	1.3515855073928833	3.906158447265625	1	2	471	0
1	2657019	0	1	5	11077318	100281	56.40022277832031	1.8896955251693726	2481.576904296875	0.7938903570175171	3.8850440979003906	0	0	466	863
1	2657321	0	5	5	11068552	100614	36.7496337890625	-0.6701300740242004	2407.73291015625	1.1943508386611938	3.8920822143554688	0	1	471	0
1	2657777	0	1	5	11078118	100303	54.55234909057617	-1.0499409437179565	2483.828857421875	0.9124643802642822	3.906158447265625	0	0	466	868
1	2658081	0	5	5	11069252	100640	34.572078704833984	-0.921258270740509	2408.792236328125	0.961904764175415	3.8920822143554688	1	0	471	1
1	2658536	0	1	5	11078918	100294	55.308258056640625	-0.33598247170448303	2486.048583984375	1.2451469898223877	3.8920822143554688	0	0	464	865
1	2658841	0	5	5	11070052	100602	37.75481414794922	0.5863496661186218	2408.07958984375	0.670164167881012	3.8920822143554688	0	1	472	0
1	2659296	0	1	5	11079668	100275	56.90424346923828	0.7140002250671387	2487.2490234375	0.7485695481300354	3.8920822143554688	0	0	465	866
1	2659601	0	5	5	11070752	100596	38.25743865966797	1.5076955556869507	2409.419921875	1.3388210535049438	3.8920822143554688	1	1	472	1
1	2660057	0	1	5	11080468	100286	55.980220794677734	1.5117502212524414	2487.580078125	1.0685185194015503	3.8850440979003906	0	0	465	866
1	2660211	0	5	5	11071502	100597	38.173667907714844	1.3820598125457764	2410.394287109375	1.100577473640442	3.8920822143554688	2	0	469	0
1	2660970	0	1	5	11081318	100274	56.988250732421875	-0.5460707545280457	2486.561279296875	0.8846839666366577	3.8780059814453125	0	0	466	861
1	2660970	0	5	5	11072202	100616	36.582115173339844	-0.8795492649078369	2411.15283203125	0.7374233603477478	3.8850440979003906	2	0	472	1
1	2661732	0	5	5	11072952	100610	37.08468246459961	-0.6701516509056091	2411.407958984375	0.9020075798034668	3.899120330810547	1	0	470	0
1	2661884	0	1	5	11082168	100269	57.40829086303711	-0.16802243888378143	2487.411376953125	0.9971348643302917	3.8920822143554688	0	0	465	864
1	2662490	0	1	5	11082968	100249	59.088623046875	1.8061902523040771	2488.08642578125	1.2207250595092773	3.8850440979003906	0	0	466	865
1	2662490	0	5	5	11073702	100611	37.000919342041016	0.711935818195343	2411.1005859375	1.3282079696655273	3.8850440979003906	0	0	471	0
1	2663249	0	5	5	11074452	100603	37.671043395996094	0.5025854110717773	2411.63671875	0.9449368715286255	3.906158447265625	0	0	470	0
1	2663403	0	1	5	11083718	100267	57.57631301879883	-0.08401189744472504	2489.82568359375	0.9110097885131836	3.8850440979003906	0	0	466	862
1	2664009	0	5	5	11075202	100612	36.91715621948242	0.3769162893295288	2413.00341796875	0.5372569561004639	3.8920822143554688	0	0	472	0
1	2664164	0	1	5	11084518	100324	52.78877639770508	-2.393768787384033	2492.265869140625	1.0704399347305298	3.8850440979003906	0	0	465	858
1	2664772	0	5	5	11075952	100615	36.66587448120117	-0.8795562982559204	2411.505859375	1.0752055644989014	3.8920822143554688	2	1	472	0
1	2664926	0	1	5	11085368	100303	54.55234909057617	-2.68827223777771	2489.1767578125	1.022145390510559	3.8780059814453125	0	0	466	862
1	2665382	0	5	5	11076652	100617	36.498355865478516	-0.5025773048400879	2408.393310546875	1.526973843574524	3.899120330810547	0	0	471	1
1	2665835	0	1	5	11086168	100252	58.83655548095703	1.428167700767517	2485.315185546875	0.6072383522987366	3.8920822143554688	0	0	468	864
1	2666550	0	5	5	11077802	100608	37.25221252441406	-0.08376558125019073	2408.38037109375	1.4555073976516724	3.8780059814453125	1	0	470	1
1	2666700	0	1	5	11087018	100258	58.33243942260742	2.855804920196533	2485.37353515625	1.3427774906158447	3.899120330810547	0	0	466	865
1	2667315	0	5	5	11078502	100584	39.26276397705078	1.3822044134140015	2410.139404296875	0.9289655685424805	3.899120330810547	1	2	470	0
1	2667470	0	1	5	11087818	100245	59.42472457885742	0.7561803460121155	2487.138916015625	0.4477637708187103	3.899120330810547	0	0	465	863
1	2668076	0	5	5	11079252	100626	35.74455261230469	-0.29314297437667847	2411.466796875	0.8366869688034058	3.899120330810547	0	0	472	1
1	2668230	0	1	5	11088568	100314	53.628536224365234	-2.772056818008423	2489.059814453125	1.5836786031723022	3.8850440979003906	0	0	467	856
1	2668836	0	5	5	11080002	100619	36.33083724975586	-0.5863354802131653	2411.061279296875	1.2089407444000244	3.8920822143554688	0	0	469	1
1	2669594	0	1	5	11090018	100265	57.74433517456055	0.21002720296382904	2487.00244140625	0.48594483733177185	3.8850440979003906	0	0	465	862
1	2669594	0	5	5	11080802	100600	37.9223518371582	0.08376962691545486	2411.13330078125	0.4239465296268463	3.8850440979003906	2	0	472	0
1	2670354	0	5	5	11081652	100631	35.32579803466797	-0.544399619102478	2411.17236328125	1.426121473312378	3.8920822143554688	0	0	472	0
1	2670508	0	1	5	11090818	100318	53.29262161254883	-0.5038841962814331	2487.75537109375	1.541409969329834	3.8920822143554688	0	0	467	858
1	2671113	0	5	5	11082352	100626	35.74455261230469	-0.1256306767463684	2411.061279296875	0.8672892451286316	3.899120330810547	0	0	471	1
1	2671268	0	1	5	11091618	100384	47.75164031982422	-3.8203048706054688	2488.02783203125	0.49254146218299866	3.8920822143554688	0	0	465	845
1	2671874	0	5	5	11083052	100633	35.15829849243164	-0.6700276136398315	2413.15380859375	0.4746417701244354	3.899120330810547	1	0	471	0
1	2672029	0	1	5	11092368	100428	44.05929183959961	-6.128464698791504	2488.793701171875	1.050417423248291	3.8850440979003906	0	0	466	827
1	2672636	0	5	5	11083852	100632	35.24205017089844	0.33498415350914	2412.650390625	1.254691243171692	3.8850440979003906	0	0	472	0
1	2672790	0	1	5	11093168	100418	44.898345947265625	-3.063577175140381	2487.62548828125	1.151098608970642	3.8920822143554688	0	0	466	829
1	2673397	0	5	5	11084602	100624	35.91205978393555	0.7537325024604797	2409.8515625	0.5217407941818237	3.8850440979003906	1	1	471	0
1	2673551	0	1	5	11093918	100319	53.20864486694336	3.6936304569244385	2483.88720703125	0.8529496192932129	3.8850440979003906	0	0	466	859
1	2674159	0	5	5	11085352	100621	36.163326263427734	-0.08375681936740875	2406.425048828125	1.2389428615570068	3.8920822143554688	0	1	469	0
1	2674313	0	1	5	11094718	100267	57.57631301879883	8.98144245147705	2481.1162109375	1.0529649257659912	3.8780059814453125	0	0	464	860
1	2674920	0	5	5	11086052	100619	36.33083724975586	-0.5025691986083984	2405.973876953125	1.0641785860061646	3.8780059814453125	0	0	469	0
1	2675075	0	1	5	11095518	100264	57.82835006713867	4.324884414672852	2480.78515625	0.7084262371063232	3.8850440979003906	0	0	466	865
1	2675681	0	5	5	11086902	100639	34.65582275390625	-1.046905517578125	2405.96728515625	0.9779634475708008	3.8850440979003906	0	0	470	0
1	2675987	0	1	5	11096368	100282	56.316219329833984	-0.12600308656692505	2481.65478515625	1.014838457107544	3.8920822143554688	0	0	465	860
1	2676441	0	5	5	11087652	100622	36.07957077026367	0.2931358814239502	2404.67919921875	1.2592494487762451	3.8780059814453125	0	0	471	0
1	2676747	0	1	5	11097168	100332	52.11701583862305	-2.477620840072632	2480.823974609375	0.7760050296783447	3.8850440979003906	0	0	464	857
1	2677204	0	5	5	11088352	100578	39.765464782714844	1.717311978340149	2403.81591796875	0.6201775670051575	3.899120330810547	2	1	473	0
1	2677508	0	1	5	11097968	100323	52.87274932861328	-1.3017481565475464	2480.220458984375	1.1023815870285034	3.899120330810547	0	0	464	859
1	2677813	0	5	5	11089052	100606	37.419742584228516	1.0469728708267212	2404.07763671875	0.7060449123382568	3.8920822143554688	0	0	472	1
1	2678572	0	5	5	11089852	100624	35.91205978393555	-0.6281938552856445	2404.306396484375	1.0910683870315552	3.8920822143554688	1	2	469	0
1	2679029	0	1	5	11099418	100315	53.5445556640625	0.37789028882980347	2478.71484375	1.263279676437378	3.8709676265716553	0	0	466	858
1	2679482	0	5	5	11090552	100630	35.4095458984375	-1.3401738405227661	2403.521728515625	0.7673757076263428	3.8850440979003906	1	2	471	0
1	2679788	0	1	5	11100168	100292	55.47624588012695	-0.04199730232357979	2477.71533203125	1.0986851453781128	3.8780059814453125	0	0	466	859
1	2680092	0	5	5	11091352	100616	36.582115173339844	0.04187959060072899	2405.058349609375	1.3365321159362793	3.8920822143554688	0	1	470	0
1	2680548	0	1	5	11100968	100269	57.40829086303711	1.0920135974884033	2478.8251953125	0.6399519443511963	3.8850440979003906	0	0	465	860
1	2680853	0	5	5	11092102	100610	37.08468246459961	0.2512845993041992	2406.150390625	0.965362548828125	3.899120330810547	1	0	472	0
1	2681309	0	1	5	11101718	100283	56.23221969604492	1.049898624420166	2478.526611328125	1.54567551612854	3.8850440979003906	0	0	466	860
1	2681614	0	5	5	11092852	100623	35.99581527709961	0.041877228766679764	2405.091064453125	0.44550225138664246	3.899120330810547	0	0	471	1
1	2682224	0	1	5	11102518	100322	52.956722259521484	-2.0577681064605713	2478.55908203125	0.803911030292511	3.8850440979003906	0	0	465	856
1	2682378	0	5	5	11093602	100621	36.163326263427734	0.6700060367584229	2404.875244140625	1.3647117614746094	3.8920822143554688	0	0	471	0
1	2682984	0	1	5	11103318	100300	54.8043098449707	-0.5459560751914978	2478.442138671875	1.2321542501449585	3.8780059814453125	0	0	466	859
1	2683137	0	5	5	11094352	100618	36.41459655761719	0.12563572824001312	2405.444091796875	0.9936515092849731	3.8850440979003906	0	0	470	0
1	2683745	0	1	5	11104118	100354	50.269901275634766	-2.4771807193756104	2480.642333984375	1.0007808208465576	3.899120330810547	0	0	463	858
1	2683897	0	5	5	11095102	100646	34.06963348388672	-0.8374603390693665	2406.294189453125	0.5377328991889954	3.8920822143554688	0	1	470	0
1	2684655	0	1	5	11104968	100347	50.85758590698242	-1.5954272747039795	2480.531982421875	0.908374547958374	3.8850440979003906	0	0	467	856
1	2684655	0	5	5	11095852	100632	35.24205017089844	-0.1256246119737625	2406.52978515625	1.4000461101531982	3.899120330810547	1	0	470	0
1	2685266	0	1	5	11105718	100289	55.72822952270508	1.0498477220535278	2478.993896484375	1.3839423656463623	3.8850440979003906	0	0	465	862
1	2685421	0	5	5	11096552	100623	35.99581527709961	0.29313352704048157	2404.1953125	1.276358723640442	3.8850440979003906	0	0	469	0
1	2686026	0	1	5	11106418	100284	56.14822006225586	2.5193803310394287	2478.143798828125	1.0456660985946655	3.8850440979003906	0	0	465	864
1	2686180	0	5	5	11097352	100630	35.4095458984375	-0.29313352704048157	2402.874267578125	0.5427267551422119	3.899120330810547	0	0	468	0
1	2686785	0	1	5	11107218	100285	56.0642204284668	1.5957363843917847	2478.688720703125	0.8737888336181641	3.8920822143554688	0	0	465	864
1	2686939	0	5	5	11098102	100644	34.23711395263672	0.08373997360467911	2404.090576171875	1.2820079326629639	3.8920822143554688	0	1	471	1
1	2687696	0	5	5	11098852	100643	34.32085418701172	-0.586222231388092	2402.423095703125	1.3408130407333374	3.8850440979003906	0	0	472	0
1	2688303	0	1	5	11108618	100299	54.888301849365234	-0.12598580121994019	2478.89013671875	1.381589651107788	3.8850440979003906	0	0	465	861
1	2688457	0	5	5	11099602	100640	34.572078704833984	0.0837426707148552	2399.029296875	1.0427725315093994	3.8920822143554688	0	1	469	0
1	2689065	0	1	5	11109468	100267	57.57631301879883	0.04200544208288193	2477.059814453125	0.4319283068180084	3.8850440979003906	0	0	464	867
1	2689065	0	5	5	11100352	100634	35.07455062866211	-0.4187537729740143	2392.418212890625	0.5164819955825806	3.8780059814453125	1	1	468	0
1	2689827	0	1	5	11110218	100277	56.73623275756836	-0.9661407470703125	2476.17724609375	0.9407497048377991	3.899120330810547	0	0	465	865
1	2689827	0	5	5	11101052	100641	34.488338470458984	0.08374199271202087	2388.998291015625	1.1929394006729126	3.8850440979003906	0	1	471	0
1	2690436	0	1	5	11110918	100275	56.90424346923828	0.7979938387870789	2475.982421875	1.506687045097351	3.8850440979003906	0	0	467	860
1	2690589	0	5	5	11101802	100616	36.582115173339844	1.4237170219421387	2389.7568359375	1.0799567699432373	3.8850440979003906	0	1	472	0
1	2691348	0	1	5	11111718	100280	56.484222412109375	1.007931113243103	2475.632080078125	0.5326539874076843	3.8920822143554688	0	0	466	863
1	2691348	0	5	5	11102502	100627	35.66080093383789	1.3817262649536133	2392.509765625	0.6049944758415222	3.899120330810547	1	1	469	0
1	2691958	0	5	5	11103202	100638	34.739566802978516	0.4605754017829895	2394.84423828125	0.666281521320343	3.8850440979003906	0	0	470	0
1	2692112	0	1	5	11112518	100326	52.62083053588867	-2.309720993041992	2477.462158203125	1.3552173376083374	3.8920822143554688	0	0	464	859
1	2692869	0	5	5	11104002	100620	36.2470817565918	0.08375614881515503	2395.066650390625	1.5938631296157837	3.8850440979003906	0	0	472	1
1	2693023	0	1	5	11113318	100330	52.284950256347656	-2.2256412506103516	2476.053955078125	1.0392858982086182	3.8850440979003906	0	0	466	858
1	2693478	0	5	5	11104702	100627	35.66080093383789	0.04187588393688202	2394.837890625	0.7157931923866272	3.8920822143554688	0	0	472	1
1	2693782	0	1	5	11114118	100303	54.55234909057617	0.5038964152336121	2473.6005859375	1.2509111166000366	3.8850440979003906	0	0	467	861
1	2694239	0	5	5	11105452	100630	35.4095458984375	-0.29313352704048157	2395.328125	0.7599279880523682	3.899120330810547	1	0	472	0
1	2694543	0	1	5	11114918	100293	55.392250061035156	1.763566255569458	2473.114013671875	1.0521690845489502	3.8850440979003906	0	0	464	862
1	2695301	0	1	5	11115668	100288	55.812225341796875	0.2519848346710205	2471.562744140625	0.4985195994377136	3.8850440979003906	0	0	468	860
1	2695606	0	5	5	11106802	100620	36.2470817565918	-0.1675163358449936	2395.10595703125	1.351306438446045	3.8920822143554688	0	1	472	1
1	2696063	0	1	5	11116468	100292	55.47624588012695	-0.20998989045619965	2472.10791015625	1.5511125326156616	3.8850440979003906	0	0	464	860
1	2696368	0	5	5	11107552	100609	37.16844940185547	1.0050737857818604	2396.91064453125	0.549049437046051	3.906158447265625	0	0	471	1
1	2696978	0	1	5	11117318	100272	57.15626525878906	2.0157971382141113	2472.32861328125	0.4316442012786865	3.8850440979003906	0	0	466	862
1	2696978	0	5	5	11108252	100631	35.32579803466797	-0.7537992596626282	2396.95654296875	1.0177028179168701	3.8850440979003906	0	1	470	1
1	2697737	0	1	5	11118168	100292	55.47624588012695	-0.4619889557361603	2474.71044921875	1.7038668394088745	3.8850440979003906	0	0	464	858
1	2697737	0	5	5	11108952	100620	36.2470817565918	-0.20939625799655914	2396.949951171875	1.5199756622314453	3.8920822143554688	0	2	468	1
1	2698497	0	1	5	11118968	100327	52.536861419677734	-2.4777207374572754	2471.8095703125	0.5463371872901917	3.8850440979003906	0	0	464	860
1	2698651	0	5	5	11109752	100637	34.82331466674805	-0.46061986684799194	2395.347900390625	0.6918738484382629	3.8920822143554688	1	0	472	0
1	2699407	0	1	5	11119718	100384	47.75164031982422	-4.534299373626709	2471.867919921875	1.1697934865951538	3.8780059814453125	0	0	467	852
1	2699407	0	5	5	11110602	100618	36.41459655761719	0.5862741470336914	2392.967529296875	1.5296205282211304	3.8920822143554688	0	1	470	0
1	2700170	0	1	5	11120518	100358	49.93409729003906	-2.0991616249084473	2471.72509765625	0.9943748116493225	3.8850440979003906	0	0	465	856
1	2700779	0	5	5	11112002	100617	36.498355865478516	0.3350245952606201	2393.85693359375	0.5990709662437439	3.8920822143554688	1	0	471	0
1	2700931	0	1	5	11121318	100292	55.47624588012695	2.8969953060150146	2468.49951171875	0.8705464601516724	3.8850440979003906	0	0	466	862
1	2701687	0	1	5	11122118	100272	57.15626525878906	3.569108009338379	2468.16845703125	1.3802844285964966	3.8850440979003906	0	0	464	861
1	2701687	0	5	5	11112752	100621	36.163326263427734	-0.7538599371910095	2394.268798828125	1.0395801067352295	3.8920822143554688	0	0	470	0
1	2702296	0	5	5	11113552	100610	37.08468246459961	0.3769223690032959	2392.065185546875	1.1149377822875977	3.8920822143554688	1	1	470	0
1	2702600	0	1	5	11122918	100302	54.63633346557617	0.1259796917438507	2468.376220703125	0.48944830894470215	3.8780059814453125	0	0	464	860
1	2703057	0	5	5	11114302	100599	38.00612258911133	0.7120046019554138	2390.894775390625	0.5531224608421326	3.8920822143554688	1	0	469	1
1	2703361	0	1	5	11123768	100286	55.980220794677734	-1.0920929908752441	2467.169189453125	1.4023528099060059	3.8920822143554688	0	0	464	859
1	2703819	0	5	5	11115102	100599	38.00612258911133	0.9632770419120789	2393.42529296875	1.3547159433364868	3.8920822143554688	0	0	471	0
1	2704276	0	1	5	11124568	100276	56.82024002075195	0.6300001740455627	2468.038818359375	1.046142816543579	3.8780059814453125	0	0	467	861
1	2704580	0	5	5	11115802	100609	37.16844940185547	-0.1256478726863861	2394.870361328125	1.540095567703247	3.8850440979003906	0	1	471	0
1	2705036	0	1	5	11125418	100269	57.40829086303711	-0.6301121115684509	2468.40869140625	1.233014464378357	3.899120330810547	0	0	465	859
1	2705341	0	5	5	11116552	100607	37.335975646972656	-0.0418829582631588	2393.3271484375	0.9045396447181702	3.8920822143554688	1	0	471	0
1	2705946	0	1	5	11126268	100261	58.08039093017578	1.1760810613632202	2467.928466796875	0.8583794236183167	3.899120330810547	0	0	464	860
1	2706101	0	5	5	11117302	100620	36.2470817565918	-0.6700977087020874	2393.18994140625	0.8917820453643799	3.8920822143554688	0	0	470	0
1	2706708	0	1	5	11127068	100303	54.55234909057617	-0.9659379124641418	2467.2080078125	1.0532307624816895	3.8850440979003906	0	0	465	860
1	2706863	0	5	5	11118102	100605	37.503509521484375	0.0	2392.791015625	1.2909176349639893	3.8920822143554688	0	0	472	0
1	2707472	0	1	5	11127818	100316	53.460575103759766	-1.805840253829956	2467.1171875	1.294832468032837	3.8920822143554688	0	0	467	858
1	2707626	0	5	5	11118802	100599	38.00612258911133	0.7120046019554138	2393.928955078125	0.6667349338531494	3.8850440979003906	0	1	471	0
1	2708385	0	1	5	11128718	100326	52.62083053588867	-1.049746036529541	2465.241455078125	0.8772199153900146	3.8780059814453125	0	0	466	858
1	2708385	0	5	5	11119602	100608	37.25221252441406	0.3350488543510437	2393.42529296875	1.1131953001022339	3.899120330810547	1	0	471	0
1	2709144	0	1	5	11129518	100335	51.865116119384766	-1.2596291303634644	2463.145263671875	1.0821542739868164	3.8920822143554688	0	0	465	857
1	2709144	0	5	5	11120302	100634	35.07455062866211	-1.005065679550171	2392.1435546875	1.3677663803100586	3.8920822143554688	2	0	468	0
1	2709904	0	1	5	11130318	100291	55.560237884521484	2.099449872970581	2462.230224609375	0.5660712718963623	3.8920822143554688	0	0	466	859
1	2709904	0	5	5	11121052	100611	37.000919342041016	0.08376221358776093	2391.27392578125	0.6058279871940613	3.8780059814453125	1	0	471	0
1	2710513	0	5	5	11121752	100607	37.335975646972656	0.46069031953811646	2392.82373046875	0.7694883346557617	3.8850440979003906	0	0	471	1
1	2711271	0	5	5	11122502	100607	37.335975646972656	0.7538356184959412	2392.568603515625	1.329041838645935	3.899120330810547	0	1	470	2
1	2711425	0	1	5	11131718	100267	57.57631301879883	1.5539754629135132	2460.445556640625	1.4417080879211426	3.8920822143554688	0	0	465	862
1	2712033	0	5	5	11123202	100606	37.419742584228516	0.1256478726863861	2393.14404296875	0.828881561756134	3.8850440979003906	0	0	469	1
1	2712185	0	1	5	11132518	100299	54.888301849365234	0.3359472155570984	2460.919189453125	0.445119172334671	3.8850440979003906	0	0	465	859
1	2712942	0	1	5	11133318	100256	58.5004768371582	1.7640931606292725	2459.9912109375	1.1385180950164795	3.8850440979003906	0	0	467	862
1	2713398	0	5	5	11124602	100598	38.08989334106445	0.0	2391.149658203125	1.3589801788330078	3.8920822143554688	0	1	470	1
1	2713854	0	1	5	11134118	100254	58.668514251708984	1.4701429605484009	2459.562744140625	0.5334905385971069	3.8920822143554688	0	0	466	862
1	2714157	0	5	5	11125352	100592	38.59253692626953	0.251321017742157	2389.678466796875	1.004676342010498	3.906158447265625	0	1	473	0
1	2714613	0	1	5	11134968	100267	57.57631301879883	0.630046010017395	2461.366943359375	1.368283987045288	3.8920822143554688	0	0	467	860
1	2714917	0	5	5	11126152	100601	37.838584899902344	-0.5445310473442078	2391.18896484375	0.9059085845947266	3.8920822143554688	1	2	471	0
1	2715374	0	1	5	11135768	100340	51.4453010559082	-3.6536178588867188	2463.2880859375	0.43122145533561707	3.899120330810547	0	0	467	857
1	2715678	0	5	5	11126852	100601	37.838584899902344	-0.2932019531726837	2392.444580078125	1.504311442375183	3.8920822143554688	1	1	471	0
1	2716133	0	1	5	11136518	100342	51.27737808227539	-3.695568799972534	2461.802001953125	1.5324000120162964	3.8780059814453125	0	0	465	854
1	2716437	0	5	5	11127652	100593	38.50876235961914	0.04188734292984009	2392.6865234375	0.5917761325836182	3.8850440979003906	0	0	473	0
1	2716893	0	1	5	11137318	100326	52.62083053588867	-1.5956977605819702	2461.899169921875	0.8641481399536133	3.8709676265716553	0	0	465	855
1	2717198	0	5	5	11128402	100595	38.34121322631836	0.4188515245914459	2393.680419921875	1.2401456832885742	3.8850440979003906	1	1	472	0
1	2717654	0	1	5	11138118	100317	53.3765983581543	0.6297917366027832	2462.26904296875	0.9446728229522705	3.8850440979003906	0	0	465	858
1	2717958	0	5	5	11129152	100589	38.843868255615234	0.20944008231163025	2395.230224609375	0.9324625134468079	3.8920822143554688	1	0	472	0
1	2718566	0	1	5	11138868	100337	51.69718933105469	-0.4198357164859772	2463.385498046875	1.1972326040267944	3.8850440979003906	0	0	466	852
1	2718718	0	5	5	11129902	100593	38.50876235961914	-0.20944176614284515	2397.1396484375	0.6312296390533447	3.8920822143554688	0	0	469	0
1	2719326	0	1	5	11139668	100286	55.980220794677734	2.0575520992279053	2462.969970703125	0.4105542302131653	3.8920822143554688	0	0	466	858
1	2719326	0	5	5	11130602	100592	38.59253692626953	0.20943503081798553	2397.544921875	1.1527650356292725	3.8920822143554688	0	0	471	1
1	2720084	0	1	5	11140418	100278	56.65222930908203	1.4698580503463745	2462.93115234375	1.3243694305419922	3.8920822143554688	0	0	466	860
1	2720239	0	5	5	11131352	100590	38.76008987426758	-0.04188869148492813	2397.44677734375	1.1371656656265259	3.8920822143554688	2	0	470	0
1	2720844	0	1	5	11141218	100350	50.605716705322266	-1.301464557647705	2464.19677734375	0.901400625705719	3.8780059814453125	0	0	465	851
1	2720998	0	5	5	11132152	100598	38.08989334106445	-1.0891454219818115	2397.898193359375	0.6566064953804016	3.8920822143554688	1	0	474	0
1	2721605	0	1	5	11142068	100327	52.536861419677734	-2.3097023963928223	2462.476806640625	1.3835783004760742	3.899120330810547	0	0	465	855
1	2721759	0	5	5	11132902	100573	40.18439865112305	0.6702648997306824	2396.832275390625	1.5160579681396484	3.906158447265625	0	2	470	0
1	2722366	0	5	5	11133652	100574	40.100608825683594	0.33514055609703064	2395.740234375	0.9280698299407959	3.899120330810547	0	0	472	0
1	2722520	0	1	5	11142868	100260	58.164405822753906	2.0159926414489746	2458.875	0.8411250710487366	3.8850440979003906	0	0	464	860
1	2723128	0	5	5	11134352	100598	38.08989334106445	-0.5445442199707031	2397.021728515625	0.513897180557251	3.8780059814453125	1	2	471	0
1	2723432	0	1	5	11143718	100291	55.560237884521484	0.5459384918212891	2460.6142578125	1.3491790294647217	3.8920822143554688	0	0	466	858
1	2724188	0	1	5	11144568	100325	52.704803466796875	-1.0077602863311768	2463.8720703125	0.9134554862976074	3.8920822143554688	0	0	466	856
1	2724493	0	5	5	11135752	100590	38.76008987426758	-0.5864723920822144	2398.983642578125	1.4559192657470703	3.8850440979003906	1	2	470	1
1	2724947	0	1	5	11145368	100316	53.460575103759766	-1.2178233861923218	2462.145751953125	1.2105040550231934	3.899120330810547	0	0	465	855
1	2725254	0	5	5	11136502	100603	37.671043395996094	-0.5864109992980957	2397.335693359375	0.8425750732421875	3.8920822143554688	0	2	470	0
1	2725709	0	1	5	11146118	100262	57.996376037597656	1.7220144271850586	2460.069091796875	1.4545438289642334	3.899120330810547	0	0	466	860
1	2726167	0	5	5	11137302	100595	38.34121322631836	-0.37699517607688904	2396.282958984375	0.8000373244285583	3.8850440979003906	0	0	471	0
1	2726472	0	1	5	11146918	100293	55.392250061035156	1.9314937591552734	2460.54931640625	0.5429112315177917	3.8920822143554688	0	0	465	859
1	2726929	0	5	5	11138052	100592	38.59253692626953	-0.41889533400535583	2396.204345703125	1.4642051458358765	3.8920822143554688	0	0	470	0
1	2727234	0	1	5	11147718	100266	57.66032409667969	0.8820501565933228	2459.10205078125	1.5776238441467285	3.899120330810547	0	0	466	860
1	2727538	0	5	5	11138802	100586	39.0952033996582	0.8796129822731018	2395.0078125	0.6566504240036011	3.8920822143554688	1	1	472	0
1	2727994	0	1	5	11148418	100225	61.10538101196289	1.974558711051941	2458.654296875	1.0036242008209229	3.8850440979003906	0	0	466	862
1	2728298	0	5	5	11139502	100583	39.3465461730957	0.7539812922477722	2395.8056640625	0.5826220512390137	3.8920822143554688	1	0	467	0
1	2728905	0	1	5	11149218	100251	58.92057800292969	1.932148814201355	2458.375244140625	0.5605505108833313	3.8780059814453125	0	0	466	861
1	2729059	0	5	5	11140302	100580	39.59789276123047	0.8377704620361328	2394.112060546875	1.4316307306289673	3.8780059814453125	1	1	472	1
1	2729668	0	1	5	11150018	100272	57.15626525878906	-0.46206358075141907	2457.641845703125	1.5967320203781128	3.8850440979003906	0	0	464	857
1	2729823	0	5	5	11141052	100582	39.430328369140625	-0.37703463435173035	2392.509765625	0.701029360294342	3.8850440979003906	0	1	471	0
1	2730582	0	1	5	11150868	100337	51.69718933105469	-4.325932025909424	2457.849365234375	0.47498348355293274	3.8850440979003906	0	0	466	855
1	2730582	0	5	5	11141802	100577	39.849246978759766	0.37702250480651855	2392.82373046875	1.0124882459640503	3.8850440979003906	0	1	469	0
1	2731189	0	1	5	11151668	100298	54.9722900390625	-1.2600054740905762	2456.72021484375	1.4900399446487427	3.8920822143554688	0	0	467	857
1	2731343	0	5	5	11142552	100578	39.765464782714844	0.3351297676563263	2393.745849609375	1.2071337699890137	3.8850440979003906	0	0	471	1
1	2732100	0	1	5	11152418	100301	54.72032165527344	-0.4199577569961548	2456.369873046875	0.8075308203697205	3.8920822143554688	0	0	465	859
1	2732100	0	5	5	11143302	100584	39.26276397705078	0.46077561378479004	2392.2548828125	0.6427120566368103	3.8920822143554688	1	0	472	0
1	2732862	0	1	5	11153218	100304	54.468360900878906	0.8397934436798096	2455.642822265625	0.844748854637146	3.8920822143554688	0	0	465	856
1	2732862	0	5	5	11144002	100583	39.3465461730957	-0.08378244191408157	2392.594970703125	0.6832464337348938	3.8920822143554688	0	0	472	0
1	2733624	0	1	5	11154018	100297	55.05628204345703	1.3016955852508545	2457.044677734375	1.1705392599105835	3.8850440979003906	0	0	464	859
1	2733624	0	5	5	11144802	100586	39.0952033996582	-0.3351297676563263	2395.6552734375	1.406699776649475	3.8920822143554688	0	0	472	0
1	2734233	0	1	5	11154718	100274	56.988250732421875	1.2179511785507202	2457.447021484375	0.9584249258041382	3.8850440979003906	0	0	466	859
1	2734388	0	5	5	11145552	100575	40.016822814941406	0.6283657550811768	2395.785888671875	0.9337266683578491	3.8920822143554688	0	0	471	0
1	2735143	0	1	5	11155418	100261	58.08039093017578	1.3440710306167603	2457.7001953125	0.4711691439151764	3.899120330810547	0	0	466	857
1	2735143	0	5	5	11146352	100583	39.3465461730957	0.16756083071231842	2397.048095703125	1.0224387645721436	3.8920822143554688	2	0	471	1
1	2735904	0	1	5	11156268	100267	57.57631301879883	0.7560460567474365	2456.506103515625	1.2790955305099487	3.899120330810547	0	0	465	856
1	2735904	0	5	5	11147052	100574	40.100608825683594	0.1675729751586914	2396.551025390625	1.2539573907852173	3.8920822143554688	1	0	470	0
1	2736667	0	1	5	11157068	100208	62.534156799316406	3.02496600151062	2455.130126953125	0.8659221529960632	3.8850440979003906	0	0	467	865
1	2736667	0	5	5	11147852	100564	40.93852233886719	0.460849791765213	2394.876953125	0.9170821309089661	3.8920822143554688	0	0	471	0
1	2737430	0	1	5	11157868	100224	61.189422607421875	2.1425888538360596	2455.947998046875	0.6641337871551514	3.8780059814453125	0	0	464	860
1	2737430	0	5	5	11148552	100549	42.19551467895508	1.466375708580017	2394.6416015625	0.8991299867630005	3.8920822143554688	0	0	469	0
1	2738190	0	1	5	11158618	100194	63.710941314697266	1.8910237550735474	2456.4736328125	1.136138677597046	3.8920822143554688	0	0	465	864
1	2738190	0	5	5	11149352	100557	41.52510070800781	0.5446670055389404	2397.1787109375	1.102283239364624	3.899120330810547	0	0	470	0
1	2738951	0	1	5	11159418	100269	57.40829086303711	-1.8485454320907593	2458.7646484375	1.0542006492614746	3.8850440979003906	0	0	467	860
1	2738951	0	5	5	11150152	100558	41.44129943847656	-0.041899483650922775	2396.498779296875	1.1341025829315186	3.8920822143554688	0	1	472	1
1	2739710	0	1	5	11160118	100243	59.592777252197266	-0.756302535533905	2459.608154296875	0.836329460144043	3.8920822143554688	0	0	466	861
1	2739710	0	5	5	11150902	100556	41.6088981628418	0.4189830422401428	2397.77392578125	0.8828359842300415	3.8920822143554688	0	0	471	0
1	2740320	0	5	5	11151602	100569	40.51955795288086	-0.33517563343048096	2396.799560546875	0.7968048453330994	3.8920822143554688	0	0	468	1
1	2740473	0	1	5	11160918	100189	64.13125610351562	1.7230302095413208	2457.41455078125	1.1281646490097046	3.8780059814453125	0	0	465	866
1	2741082	0	5	5	11152302	100591	38.67631149291992	-1.633895754814148	2396.4072265625	1.0478487014770508	3.8850440979003906	0	0	470	1
1	2741386	0	1	5	11161718	100224	61.189422607421875	3.360530376434326	2453.06640625	1.0778563022613525	3.8850440979003906	0	0	463	865
1	2741842	0	5	5	11153052	100583	39.3465461730957	-0.46082010865211487	2392.4248046875	1.0312228202819824	3.8850440979003906	0	0	472	0
1	2742144	0	1	5	11162518	100240	59.84486389160156	-1.3866722583770752	2449.652587890625	0.9653621912002563	3.8780059814453125	0	0	466	861
1	2742601	0	5	5	11153802	100557	41.52510070800781	0.5865620970726013	2389.4560546875	0.9826477766036987	3.8920822143554688	0	0	470	0
1	2743055	0	1	5	11163368	100277	56.73623275756836	-2.352656126022339	2450.937744140625	1.070296049118042	3.8850440979003906	0	0	467	857
1	2743362	0	5	5	11154552	100559	41.35750198364258	1.424370288848877	2391.25439453125	1.2255042791366577	3.899120330810547	0	0	471	1
1	2743820	0	1	5	11164168	100221	61.44154739379883	-0.8825204968452454	2450.7041015625	1.0554767847061157	3.899120330810547	0	0	463	862
1	2744123	0	5	5	11155302	100536	43.2850341796875	2.0111348628997803	2393.850341796875	0.8426668047904968	3.8920822143554688	1	0	472	0
1	2744730	0	1	5	11165018	100344	51.109458923339844	-3.737518548965454	2454.52001953125	1.0548923015594482	3.899120330810547	0	0	465	849
1	2744884	0	5	5	11156052	100589	38.843868255615234	0.04188869148492813	2395.916748046875	0.9939296841621399	3.8920822143554688	0	0	473	0
1	2745491	0	1	5	11165868	100355	50.185951232910156	-5.627798080444336	2454.64990234375	0.9751895666122437	3.8780059814453125	0	0	464	839
1	2745645	0	5	5	11156852	100547	42.36312484741211	0.2095109224319458	2396.22412109375	0.9439350366592407	3.8850440979003906	0	0	472	0
1	2746250	0	1	5	11166668	100284	56.14822006225586	0.6719540953636169	2452.87158203125	1.053085446357727	3.899120330810547	0	0	464	855
1	2746405	0	5	5	11157652	100546	42.44693374633789	0.9636881351470947	2396.1259765625	1.0223578214645386	3.8920822143554688	0	0	470	1
1	2747163	0	1	5	11167468	100357	50.01804733276367	1.888536810874939	2454.63037109375	1.0487860441207886	3.8780059814453125	0	0	465	850
1	2747163	0	5	5	11158402	100592	38.59253692626953	0.251321017742157	2394.82470703125	1.0987632274627686	3.8920822143554688	0	0	470	0
1	2747924	0	1	5	11168318	100438	43.22030258178711	-6.295961856842041	2455.49365234375	1.0737066268920898	3.8780059814453125	0	0	466	817
1	2747924	0	5	5	11159102	100609	37.16844940185547	-2.639242649078369	2396.217529296875	0.9197425246238708	3.8920822143554688	1	1	470	1
1	2748535	0	5	5	11159802	100612	36.91715621948242	-3.0582191944122314	2397.786865234375	0.9645943641662598	3.899120330810547	1	0	471	0
1	2748687	0	1	5	11169118	100377	48.33917999267578	-3.5685317516326904	2454.2021484375	0.9844780564308167	3.8920822143554688	0	0	463	835
1	2749294	0	5	5	11160552	100562	41.106109619140625	1.9269496202468872	2395.98876953125	1.070676326751709	3.8850440979003906	0	1	472	0
1	2749449	0	1	5	11169918	100281	56.40022277832031	5.834846019744873	2452.404296875	0.9606860280036926	3.8780059814453125	0	0	466	856
1	2750054	0	5	5	11161302	100567	40.68714141845703	1.6336984634399414	2395.02099609375	1.0331087112426758	3.899120330810547	1	0	469	1
1	2750359	0	1	5	11170668	100362	49.598304748535156	2.769507884979248	2454.83154296875	1.0730408430099487	3.8920822143554688	0	0	464	838
1	2750817	0	5	5	11162002	100608	37.25221252441406	-0.5445004105567932	2397.1787109375	0.8604536652565002	3.8920822143554688	1	0	470	0
1	2751121	0	1	5	11171468	100424	44.39490509033203	-4.826767444610596	2456.6748046875	0.9894388914108276	3.899120330810547	0	0	466	835
1	2751425	0	5	5	11162702	100602	37.75481414794922	-1.5918536186218262	2399.2451171875	0.6574472784996033	3.8850440979003906	0	0	470	1
1	2751879	0	1	5	11172218	100328	52.45288848876953	-0.8397663235664368	2454.35791015625	1.1872763633728027	3.8920822143554688	0	0	467	851
1	2752185	0	5	5	11163402	100597	38.173667907714844	-0.7121134996414185	2399.2646484375	0.9886627197265625	3.8850440979003906	0	0	472	0
1	2752639	0	1	5	11173018	100339	51.52926254272461	3.273503541946411	2455.29248046875	0.7146404385566711	3.8780059814453125	0	0	466	854
1	2752945	0	5	5	11164152	100596	38.25743865966797	0.33508121967315674	2400.088623046875	1.2385270595550537	3.899120330810547	2	2	471	0
1	2753400	0	1	5	11173768	100360	49.76620101928711	1.17514169216156	2456.726806640625	1.3478600978851318	3.899120330810547	0	0	465	849
1	2753706	0	5	5	11164952	100566	40.77093505859375	-0.4189830422401428	2400.337158203125	0.4613490402698517	3.8920822143554688	0	1	471	0
1	2754314	0	1	5	11174618	100349	50.68967056274414	-0.7976396083831787	2455.00048828125	0.8301900029182434	3.8920822143554688	0	0	466	851
1	2754468	0	5	5	11165652	100580	39.59789276123047	0.8377704620361328	2398.022216796875	1.1336493492126465	3.899120330810547	0	0	471	0
1	2755075	0	1	5	11175418	100256	58.5004768371582	4.409111499786377	2452.852294921875	1.229615330696106	3.8920822143554688	0	0	466	860
1	2755230	0	5	5	11166402	100582	39.430328369140625	0.33511897921562195	2397.754150390625	0.9441907405853271	3.8780059814453125	0	0	471	0
1	2755836	0	1	5	11176218	100301	54.72032165527344	0.6298730373382568	2454.6044921875	0.9808679223060608	3.8850440979003906	0	0	465	855
1	2755990	0	5	5	11167152	100579	39.681678771972656	-0.2094653844833374	2398.087646484375	0.7891826033592224	3.899120330810547	0	0	470	1
1	2756597	0	1	5	11177018	100332	52.11701583862305	-0.671780526638031	2455.947998046875	0.7167737483978271	3.8850440979003906	0	0	467	852
1	2756751	0	5	5	11167902	100568	40.60334777832031	0.7121822834014893	2399.003173828125	1.0840685367584229	3.906158447265625	0	0	470	1
1	2757357	0	1	5	11177768	100323	52.87274932861328	-1.7637370824813843	2452.96240234375	1.2903001308441162	3.8850440979003906	0	0	464	852
1	2757511	0	5	5	11168652	100574	40.100608825683594	0.12568023800849915	2395.936279296875	1.2321391105651855	3.8920822143554688	1	0	469	1
1	2758119	0	1	5	11178568	100282	56.316219329833984	1.679749608039856	2450.19775390625	0.6562690734863281	3.8920822143554688	0	0	465	855
1	2758274	0	5	5	11169402	100549	42.19551467895508	1.2150263786315918	2393.333740234375	0.573344886302948	3.8920822143554688	1	1	471	2
1	2758882	0	1	5	11179318	100269	57.40829086303711	2.099822759628296	2450.366455078125	0.9297546744346619	3.8920822143554688	0	0	466	858
1	2759035	0	5	5	11170202	100567	40.68714141845703	-0.20948562026023865	2393.12451171875	1.3516173362731934	3.8850440979003906	0	0	470	0
1	2759644	0	1	5	11180118	100245	59.42472457885742	2.814114570617676	2450.37939453125	1.179498553276062	3.8920822143554688	0	0	465	859
1	2759796	0	5	5	11170952	100565	40.8547248840332	-0.08379458636045456	2394.40625	1.0722609758377075	3.8920822143554688	1	1	469	0
1	2760554	0	1	5	11180918	100282	56.316219329833984	0.5459781289100647	2451.35302734375	0.507651686668396	3.899120330810547	0	0	463	857
1	2760554	0	5	5	11171802	100558	41.44129943847656	0.544662594795227	2395.47216796875	0.7246583700180054	3.8850440979003906	0	0	468	0
1	2761315	0	5	5	11172552	100569	40.51955795288086	0.08379053324460983	2395.21044921875	1.4875551462173462	3.8850440979003906	0	1	469	0
1	2761470	0	1	5	11181768	100278	56.65222930908203	-0.4620411992073059	2450.301513671875	1.3237276077270508	3.8850440979003906	0	0	465	860
1	2762228	0	1	5	11182568	100295	55.224266052246094	-1.050008773803711	2452.631591796875	0.7764378190040588	3.8850440979003906	0	0	466	859
1	2762228	0	5	5	11173352	100571	40.35197448730469	-0.08379053324460983	2395.177734375	0.8962924480438232	3.8850440979003906	0	0	471	1
1	2762987	0	1	5	11183318	100294	55.308258056640625	-1.0080125331878662	2454.35791015625	0.6606770157814026	3.8850440979003906	0	0	466	857
1	2762987	0	5	5	11174202	100563	41.022315979003906	0.12569136917591095	2396.19140625	0.9866628646850586	3.899120330810547	0	1	471	1
1	2763748	0	1	5	11184168	100277	56.73623275756836	-0.37803369760513306	2453.196044921875	1.013037919998169	3.8780059814453125	0	0	466	859
1	2763748	0	5	5	11174952	100572	40.268184661865234	-0.16758106648921967	2395.57666015625	1.1680997610092163	3.8850440979003906	0	1	472	1
1	2764510	0	1	5	11184968	100267	57.57631301879883	0.630046010017395	2452.80029296875	0.6760833859443665	3.8920822143554688	0	0	466	858
1	2764510	0	5	5	11175702	100572	40.268184661865234	0.08378851413726807	2395.537353515625	0.7839484214782715	3.8920822143554688	0	2	472	1
1	2765120	0	5	5	11176402	100571	40.35197448730469	-0.08379053324460983	2397.39453125	0.5161740183830261	3.8920822143554688	0	0	470	0
1	2765426	0	1	5	11185768	100300	54.8043098449707	0.3359445035457611	2454.928955078125	1.2667791843414307	3.8850440979003906	0	0	463	857
1	2765881	0	5	5	11177152	100573	40.18439865112305	-0.041894424706697464	2395.714111328125	1.3613097667694092	3.8920822143554688	1	2	473	0
1	2766335	0	1	5	11186618	100287	55.89622497558594	-0.798038899898529	2454.3837890625	0.8300970792770386	3.8780059814453125	0	0	465	859
1	2766789	0	5	5	11177902	100579	39.681678771972656	-0.377043753862381	2394.785400390625	1.1162176132202148	3.8850440979003906	0	2	472	1
1	2767095	0	1	5	11187518	100306	54.300392150878906	-0.5459296703338623	2453.689453125	1.5118231773376465	3.8850440979003906	0	0	464	857
1	2767548	0	5	5	11178702	100562	41.106109619140625	0.4189628064632416	2393.902587890625	0.7998639941215515	3.8920822143554688	1	0	470	0
1	2768005	0	1	5	11188318	100321	53.04069519042969	-1.2177742719650269	2453.650390625	0.5502758622169495	3.8780059814453125	0	0	465	857
1	2768159	0	5	5	11179402	100559	41.35750198364258	0.3770771324634552	2394.046630859375	1.5625805854797363	3.8850440979003906	1	1	470	0
1	2768766	0	1	5	11189118	100313	53.7125129699707	-0.29393839836120605	2452.50830078125	1.1770148277282715	3.8850440979003906	0	0	466	856
1	2768920	0	5	5	11180152	100551	42.02790832519531	0.7960709929466248	2393.7392578125	0.995997428894043	3.8850440979003906	1	2	472	0
1	2769678	0	1	5	11189918	100315	53.5445556640625	-0.7138676643371582	2450.937744140625	1.0238919258117676	3.899120330810547	0	0	465	854
1	2769678	0	5	5	11180902	100570	40.43576431274414	-0.20948055386543274	2392.830322265625	0.7152886986732483	3.8920822143554688	1	1	470	1
1	2770435	0	1	5	11190768	100237	60.096954345703125	3.7380616664886475	2451.632080078125	1.542689561843872	3.8780059814453125	0	0	465	859
1	2770435	0	5	5	11181652	100576	39.93303298950195	-0.5865384936332703	2394.098876953125	1.3610707521438599	3.8920822143554688	0	1	473	0
1	2771194	0	1	5	11191568	100222	61.357505798339844	5.333916187286377	2452.540771484375	0.9384298324584961	3.8780059814453125	0	0	467	860
1	2771194	0	5	5	11182352	100562	41.106109619140625	0.2932775020599365	2394.432373046875	1.025426983833313	3.8920822143554688	0	0	472	1
1	2771955	0	1	5	11192318	100328	52.45288848876953	-2.477700710296631	2454.2021484375	0.832378625869751	3.8850440979003906	0	0	466	855
1	2771955	0	5	5	11183152	100557	41.52510070800781	0.418979674577713	2393.268310546875	0.9005379676818848	3.8920822143554688	0	0	469	2
1	2772716	0	5	5	11183852	100549	42.19551467895508	0.8798750042915344	2391.980224609375	0.9760664105415344	3.899120330810547	1	2	473	1
1	2772871	0	1	5	11193168	100381	48.003440856933594	-7.139283180236816	2453.5791015625	1.1754610538482666	3.8850440979003906	0	0	463	858
1	2773327	0	5	5	11184602	100551	42.02790832519531	0.7122797966003418	2390.75732421875	1.0267078876495361	3.8920822143554688	1	0	471	0
1	2773631	0	1	5	11193968	100221	61.44154739379883	2.7306623458862305	2448.92578125	1.0067366361618042	3.899120330810547	0	0	466	861
1	2774086	0	5	5	11185302	100542	42.78216552734375	0.6285327672958374	2390.724609375	1.1180919408798218	3.8920822143554688	0	0	469	0
1	2774390	0	1	5	11194818	100220	61.52558898925781	4.6623029708862305	2449.607177734375	0.9460927844047546	3.8920822143554688	0	0	465	859
1	2774846	0	5	5	11186052	100558	41.44129943847656	-0.4190100431442261	2390.561279296875	0.8804313540458679	3.8920822143554688	0	0	471	0
1	2775302	0	1	5	11195668	100224	61.189422607421875	1.9745746850967407	2451.77490234375	1.38516104221344	3.8920822143554688	0	0	466	858
1	2775607	0	5	5	11186802	100559	41.35750198364258	-0.5447152256965637	2392.529541015625	0.8476675152778625	3.899120330810547	2	0	469	1
1	2776213	0	1	5	11196518	100269	57.40829086303711	-2.016627550125122	2456.583984375	0.5105476975440979	3.8850440979003906	0	0	466	859
1	2776367	0	5	5	11187552	100565	40.8547248840332	-0.9637191891670227	2395.12548828125	1.6705862283706665	3.8920822143554688	0	0	471	0
1	2777124	0	5	5	11188302	100566	40.77093505859375	-0.6703890562057495	2397.21142578125	0.8601980209350586	3.8850440979003906	0	2	473	1
1	2777732	0	1	5	11198018	100241	59.760833740234375	-0.8823779225349426	2459.095458984375	1.1411106586456299	3.8780059814453125	0	0	466	863
1	2777886	0	5	5	11189052	100572	40.268184661865234	-0.6284568309783936	2397.564697265625	0.7189851403236389	3.8920822143554688	0	0	470	0
1	2778492	0	1	5	11198868	100220	61.52558898925781	2.184662342071533	2458.3232421875	0.8381149768829346	3.8850440979003906	0	0	467	863
1	2778647	0	5	5	11189802	100569	40.51955795288086	-0.5027715563774109	2396.531494140625	0.9582324028015137	3.8920822143554688	1	0	471	2
1	2779405	0	1	5	11199668	100236	60.18098831176758	0.714225172996521	2459.452392578125	1.3078593015670776	3.8850440979003906	0	0	465	859
1	2779405	0	5	5	11190552	100560	41.273704528808594	0.4189695417881012	2397.218017578125	1.2196617126464844	3.8920822143554688	1	0	470	0
1	2780165	0	1	5	11200468	100220	61.52558898925781	-0.6723884344100952	2461.431884765625	0.9056589007377625	3.8920822143554688	0	0	465	863
1	2780165	0	5	5	11191302	100567	40.68714141845703	0.08379188179969788	2397.682373046875	0.8594594597816467	3.899120330810547	0	0	471	1
1	2780774	0	1	5	11201168	100235	60.265018463134766	0.12604787945747375	2463.184326171875	0.7522176504135132	3.899120330810547	0	0	466	860
1	2780928	0	5	5	11192052	100559	41.35750198364258	0.3770771324634552	2399.656982421875	0.8160737156867981	3.899120330810547	2	1	469	0
1	2781535	0	1	5	11201968	100257	58.41645812988281	-1.7646774053573608	2464.2939453125	1.2605736255645752	3.8920822143554688	0	0	464	859
1	2781688	0	5	5	11192852	100540	42.94978713989258	1.1313225030899048	2399.14697265625	1.1736781597137451	3.8850440979003906	0	0	472	1
1	2782446	0	1	5	11202718	100236	60.18098831176758	0.5041691064834595	2464.430419921875	0.9908189177513123	3.8780059814453125	0	0	466	864
1	2782446	0	5	5	11193652	100534	43.45266342163086	1.7598137855529785	2400.212890625	0.7593809366226196	3.899120330810547	0	2	470	1
1	2783207	0	1	5	11203518	100205	62.786312103271484	0.5042954087257385	2465.520751953125	0.8478453755378723	3.8709676265716553	0	0	466	866
1	2783207	0	5	5	11194402	100566	40.77093505859375	-0.7541937828063965	2402.488525390625	1.0861997604370117	3.899120330810547	1	1	470	1
1	2783967	0	1	5	11204268	100249	59.088623046875	1.0501868724822998	2467.104248046875	1.0739775896072388	3.8780059814453125	0	0	464	861
1	2783967	0	5	5	11195152	100564	40.93852233886719	-0.5446932911872864	2402.580078125	1.1742278337478638	3.899120330810547	0	1	470	0
1	2784728	0	5	5	11195852	100561	41.18990707397461	-0.7961286902427673	2402.91357421875	1.167205572128296	3.899120330810547	0	0	471	0
1	2784882	0	1	5	11205118	100381	48.003440856933594	-6.2148237228393555	2469.667724609375	0.7770559787750244	3.8920822143554688	0	0	465	846
1	2785487	0	1	5	11205918	100337	51.69718933105469	-5.712671279907227	2467.636474609375	1.751507043838501	3.8920822143554688	0	0	465	854
1	2785487	0	5	5	11196652	100574	40.100608825683594	0.1675729751586914	2401.383544921875	1.226491093635559	3.899120330810547	0	0	470	0
1	2786248	0	5	5	11197352	100568	40.60334777832031	0.29326334595680237	2402.390380859375	1.0270414352416992	3.8850440979003906	0	1	472	0
1	2786402	0	1	5	11206668	100287	55.89622497558594	2.057535409927368	2467.85693359375	0.5624554753303528	3.8780059814453125	0	0	465	858
1	2786859	0	5	5	11198102	100566	40.77093505859375	0.1256883293390274	2403.887939453125	0.5582146048545837	3.8850440979003906	0	0	470	0
1	2787163	0	1	5	11207518	100286	55.980220794677734	2.35142183303833	2469.511962890625	1.3272231817245483	3.8780059814453125	0	0	466	858
1	2787774	0	5	5	11198852	100568	40.60334777832031	0.37704983353614807	2404.953857421875	1.5370973348617554	3.8920822143554688	0	1	472	0
1	2787926	0	1	5	11208318	100376	48.423118591308594	-2.64469838142395	2471.81591796875	0.5027746558189392	3.8780059814453125	0	0	465	851
1	2788533	0	5	5	11199702	100571	40.35197448730469	-0.20947887003421783	2404.875244140625	0.5102691054344177	3.899120330810547	2	0	472	0
1	2788687	0	1	5	11209068	100370	48.926753997802734	-4.534811973571777	2471.400634765625	1.3912181854248047	3.8780059814453125	0	0	464	854
1	2789292	0	5	5	11200452	100567	40.68714141845703	-0.33518102765083313	2404.822998046875	1.3610366582870483	3.8920822143554688	0	1	471	0
1	2789596	0	1	5	11209868	100272	57.15626525878906	1.2599648237228394	2469.511962890625	0.8189491033554077	3.899120330810547	0	0	467	858
1	2790052	0	5	5	11201252	100563	41.022315979003906	0.41895943880081177	2405.476806640625	0.7913085222244263	3.8850440979003906	1	0	470	0
1	2790356	0	1	5	11210668	100238	60.01292419433594	6.00474214553833	2469.551025390625	1.0836056470870972	3.8780059814453125	0	0	464	859
1	2790812	0	5	5	11202052	100572	40.268184661865234	-0.041894763708114624	2405.372314453125	1.0687577724456787	3.8920822143554688	1	0	472	0
1	2791269	0	1	5	11211468	100410	45.569637298583984	-3.7355282306671143	2472.302734375	1.0732280015945435	3.8850440979003906	0	0	464	850
1	2791574	0	5	5	11202752	100576	39.93303298950195	-0.7122339010238647	2405.830078125	0.9813305139541626	3.8920822143554688	1	0	471	1
1	2792030	0	1	5	11212318	100349	50.68967056274414	-4.997759819030762	2472.41943359375	0.7191036939620972	3.8850440979003906	0	0	464	849
1	2792335	0	5	5	11203502	100597	38.173667907714844	-1.0472594499588013	2407.64794921875	1.0994282960891724	3.899120330810547	1	0	469	1
1	2792790	0	1	5	11213118	100449	42.29749298095703	-5.539552211761475	2472.361083984375	1.0106329917907715	3.8920822143554688	0	0	467	806
1	2793095	0	5	5	11204252	100583	39.3465461730957	-0.5027148723602295	2406.294189453125	0.7431579828262329	3.899120330810547	0	1	469	0
1	2793551	0	1	5	11213918	100503	37.768531799316406	-2.5580978393554688	2472.023681640625	1.7790418863296509	3.8920822143554688	0	0	466	765
1	2793856	0	5	5	11205002	100598	38.08989334106445	-1.0053569078445435	2407.53662109375	0.9247655272483826	3.913196563720703	1	1	472	1
1	2794556	0	1	5	11214818	100492	38.69093704223633	0.3773512542247772	2472.867431640625	0.891904354095459	3.8850440979003906	0	0	466	817
1	2795172	0	5	5	11206402	100589	38.843868255615234	0.04188869148492813	2411.427490234375	0.9870603680610657	3.8920822143554688	1	0	470	1
1	2795476	0	1	5	11215718	100481	39.613426208496094	-0.5032221674919128	2473.834228515625	0.9777625799179077	3.8920822143554688	0	0	466	803
1	2795931	0	5	5	11207152	100592	38.59253692626953	0.0	2411.466796875	1.1607037782669067	3.899120330810547	0	0	472	0
1	2796235	0	1	5	11216568	100413	45.31789779663086	2.7264351844787598	2472.6337890625	1.0884839296340942	3.8780059814453125	0	0	465	782
1	2796691	0	5	5	11207902	100591	38.67631149291992	0.04188801720738411	2411.911376953125	1.0248132944107056	3.8850440979003906	0	0	470	0
1	2796996	0	1	5	11217368	100372	48.758872985839844	5.24360990524292	2470.842529296875	1.0075836181640625	3.899120330810547	0	0	464	789
1	2797452	0	5	5	11208602	100595	38.34121322631836	-0.46077561378479004	2410.865234375	1.0025618076324463	3.8920822143554688	0	1	471	1
1	2797757	0	1	5	11218118	100520	36.34315490722656	-2.5577473640441895	2470.582763671875	0.9514527916908264	3.8850440979003906	0	0	467	725
1	2798665	0	1	5	11218968	100289	55.72822952270508	4.449900150299072	2463.24267578125	0.9917921423912048	3.8780059814453125	0	0	464	808
1	2798817	0	5	5	11210002	100571	40.35197448730469	0.8797191977500916	2410.55126953125	0.9773421883583069	3.899120330810547	0	0	468	1
1	2799578	0	1	5	11219818	100240	59.84486389160156	7.683026313781738	2463.0673828125	1.0042033195495605	3.8850440979003906	0	0	465	855
1	2799578	0	5	5	11210702	100568	40.60334777832031	1.1729542016983032	2410.577392578125	0.9864564538002014	3.8780059814453125	0	1	472	0
1	2800187	0	1	5	11220618	100240	59.84486389160156	2.730243444442749	2466.143798828125	1.0085537433624268	3.8920822143554688	0	0	464	855
1	2800341	0	5	5	11211452	100573	40.18439865112305	0.6702648997306824	2412.0029296875	0.9983380436897278	3.8920822143554688	0	0	472	1
1	2801095	0	1	5	11221368	100243	59.592777252197266	-0.42015451192855835	2468.525390625	1.004035234451294	3.8850440979003906	0	0	465	856
1	2801095	0	5	5	11212302	100573	40.18439865112305	-0.08378918468952179	2414.729736328125	0.9947956204414368	3.899120330810547	0	2	472	0
1	2801855	0	1	5	11222168	100255	58.584495544433594	-0.42011377215385437	2468.94091796875	1.0020571947097778	3.8920822143554688	0	0	466	856
1	2801855	0	5	5	11213052	100573	40.18439865112305	-0.08378918468952179	2415.710693359375	0.9978764057159424	3.8850440979003906	0	1	470	0
1	2802617	0	1	5	11222968	100259	58.2484245300293	-0.7562047839164734	2467.51953125	1.0020833015441895	3.8920822143554688	0	0	463	855
1	2802617	0	5	5	11213802	100581	39.51411056518555	-0.3770376741886139	2414.428955078125	0.9953487515449524	3.8920822143554688	0	0	471	0
1	2803378	0	5	5	11214502	100574	40.100608825683594	0.12568023800849915	2414.03662109375	0.9896714091300964	3.8920822143554688	0	0	471	0
1	2803531	0	1	5	11223768	100239	59.92889404296875	0.588178277015686	2466.71484375	0.9927771091461182	3.8850440979003906	0	0	467	856
1	2803987	0	5	5	11215202	100578	39.765464782714844	0.08378446102142334	2414.945556640625	0.9908633232116699	3.8920822143554688	1	0	471	0
1	2804291	0	1	5	11224668	100251	58.92057800292969	0.08402139693498611	2467.279541015625	1.0080196857452393	3.8920822143554688	0	0	465	856
1	2804745	0	5	5	11216002	100577	39.849246978759766	-0.12568023800849915	2414.030029296875	0.9889976382255554	3.8920822143554688	2	1	471	1
1	2805202	0	1	5	11225468	100256	58.5004768371582	-0.5461500883102417	2466.078857421875	1.0068063735961914	3.8850440979003906	0	0	465	858
1	2805507	0	5	5	11216702	100575	40.016822814941406	0.2932468056678772	2414.010498046875	0.9903467893600464	3.8920822143554688	0	0	470	2
1	2805965	0	1	5	11226268	100243	59.592777252197266	0.04201358184218407	2466.2216796875	1.001412034034729	3.8850440979003906	0	0	464	857
1	2806270	0	5	5	11217452	100574	40.100608825683594	0.3770315945148468	2414.5009765625	0.9940794706344604	3.8920822143554688	0	0	468	0
1	2806726	0	1	5	11226968	100248	59.17264938354492	-0.04201222583651543	2466.3642578125	1.005208969116211	3.8780059814453125	0	0	466	856
1	2807031	0	5	5	11218202	100583	39.3465461730957	-0.1675662249326706	2413.761962890625	0.9893847107887268	3.8780059814453125	0	0	471	0
1	2807335	0	1	5	11227768	100242	59.67680358886719	0.1260407567024231	2463.41796875	0.9989414811134338	3.8850440979003906	0	0	469	857
1	2807791	0	5	5	11219002	100574	40.100608825683594	0.1675729751586914	2410.91748046875	1.0019254684448242	3.899120330810547	1	0	472	1
1	2808245	0	1	5	11228518	100245	59.42472457885742	0.16804958879947662	2461.808349609375	1.0053104162216187	3.8850440979003906	0	0	467	857
1	2808551	0	5	5	11219702	100587	39.01142501831055	-0.29323500394821167	2411.525634765625	0.9951441287994385	3.8920822143554688	0	0	471	1
1	2809007	0	1	5	11229318	100236	60.18098831176758	0.714225172996521	2460.3935546875	1.0083614587783813	3.8780059814453125	0	0	466	857
1	2809312	0	5	5	11220452	100567	40.68714141845703	0.37705284357070923	2412.611083984375	0.9939395189285278	3.8850440979003906	1	1	472	0
1	2809770	0	1	5	11230068	100239	59.92889404296875	0.33611002564430237	2461.788818359375	1.0056995153427124	3.8850440979003906	0	0	466	856
1	2810073	0	5	5	11221252	100575	40.016822814941406	-0.25136756896972656	2415.259521484375	0.9932126998901367	3.8850440979003906	1	0	472	0
1	2810530	0	1	5	11230868	100227	60.93730545043945	1.3444401025772095	2464.24853515625	1.001219630241394	3.8850440979003906	0	0	467	855
1	2810833	0	5	5	11221952	100576	39.93303298950195	0.16757027804851532	2418.13671875	0.9950209856033325	3.8850440979003906	0	0	472	0
1	2811290	0	1	5	11231668	100242	59.67680358886719	0.042013924568891525	2463.917724609375	1.0046898126602173	3.8920822143554688	0	0	464	856
1	2811594	0	5	5	11222752	100571	40.35197448730469	0.1256832778453827	2419.02587890625	0.9946768283843994	3.8780059814453125	2	1	469	0
1	2812050	0	1	5	11232368	100244	59.508750915527344	0.12603871524333954	2464.274658203125	1.0013622045516968	3.8920822143554688	0	0	464	858
1	2812806	0	1	5	11233168	100245	59.42472457885742	0.08402547240257263	2464.053955078125	1.0064293146133423	3.8850440979003906	0	0	467	856
1	2812961	0	5	5	11224102	100571	40.35197448730469	-0.25137564539909363	2421.7724609375	0.9935216903686523	3.8850440979003906	2	1	472	0
1	2813571	0	1	5	11233918	100240	59.84486389160156	-0.1260458379983902	2464.125244140625	1.0076508522033691	3.863929510116577	0	0	464	855
1	2813571	0	5	5	11224802	100574	40.100608825683594	-0.16757836937904358	2422.766357421875	0.9967437386512756	3.8920822143554688	0	2	468	0
1	2814330	0	1	5	11234718	100241	59.760833740234375	0.16805501282215118	2465.7412109375	1.001698613166809	3.8920822143554688	0	0	465	858
1	2814484	0	5	5	11225552	100576	39.93303298950195	-0.08378716558218002	2425.022216796875	0.9948064088821411	3.899120330810547	0	0	472	2
1	2815091	0	1	5	11235468	100251	58.92057800292969	-0.16804686188697815	2466.195556640625	1.006973385810852	3.8850440979003906	0	0	466	857
1	2815245	0	5	5	11226402	100582	39.430328369140625	-0.25135338306427	2423.7470703125	0.9945476651191711	3.8920822143554688	0	1	469	0
1	2816000	0	1	5	11236268	100245	59.42472457885742	-0.21006961166858673	2464.203125	1.0062553882598877	3.899120330810547	0	0	464	857
1	2816000	0	5	5	11227152	100583	39.3465461730957	-0.46082010865211487	2420.64111328125	0.993017852306366	3.8850440979003906	0	1	470	0
1	2816759	0	1	5	11237068	100255	58.584495544433594	-0.3781008720397949	2459.92626953125	0.9975056648254395	3.8850440979003906	0	0	463	854
1	2816759	0	5	5	11227902	100587	39.01142501831055	-0.335127055644989	2416.72412109375	1.0038864612579346	3.899120330810547	0	1	472	0
1	2817371	0	5	5	11228602	100592	38.59253692626953	-0.1675540953874588	2417.364990234375	0.9962412714958191	3.8920822143554688	0	0	471	0
1	2817525	0	1	5	11237818	100252	58.83655548095703	-0.12603361904621124	2459.205810546875	1.0057766437530518	3.8850440979003906	0	0	466	855
1	2818132	0	5	5	11229302	100579	39.681678771972656	1.0053164958953857	2418.561767578125	0.9952940940856934	3.8850440979003906	2	1	472	1
1	2818286	0	1	5	11238618	100247	59.25667190551758	0.6301477551460266	2459.024169921875	1.0075654983520508	3.8920822143554688	0	0	466	857
1	2818892	0	5	5	11230052	100579	39.681678771972656	0.5445705056190491	2420.54296875	0.9959340691566467	3.8920822143554688	0	1	468	0
1	2819047	0	1	5	11239418	100250	59.004600524902344	0.04201120883226395	2460.250732421875	1.0038964748382568	3.8920822143554688	0	0	465	856
1	2819652	0	5	5	11230802	100588	38.92764663696289	-0.3351243734359741	2422.681396484375	0.9918445348739624	3.8920822143554688	0	0	470	0
1	2819959	0	1	5	11240268	100247	59.25667190551758	0.16804686188697815	2459.841796875	1.0016547441482544	3.8850440979003906	0	0	467	856
1	2820414	0	5	5	11231552	100591	38.67631149291992	-0.670254111289978	2422.51123046875	0.9957736730575562	3.8920822143554688	1	1	469	2
1	2820871	0	1	5	11241118	100248	59.17264938354492	-0.29409271478652954	2459.54345703125	1.004868745803833	3.899120330810547	0	0	468	856
1	2821175	0	5	5	11232302	100575	40.016822814941406	0.2932468056678772	2421.831298828125	0.9935171008110046	3.8920822143554688	0	1	472	1
1	2821630	0	1	5	11241918	100250	59.004600524902344	0.0	2456.733154296875	1.0037004947662354	3.8850440979003906	0	0	464	859
1	2821936	0	5	5	11233052	100585	39.17898178100586	-0.50270676612854	2420.536376953125	0.9950373768806458	3.8920822143554688	0	0	471	0
1	2822390	0	1	5	11242668	100255	58.584495544433594	-0.1680414378643036	2454.974365234375	1.0061159133911133	3.8850440979003906	0	0	466	858
1	2822696	0	5	5	11233852	100595	38.34121322631836	-0.9215919971466064	2420.70654296875	0.9976446032524109	3.8850440979003906	2	1	470	0
1	2823151	0	1	5	11243468	100246	59.3406982421875	0.0	2453.306396484375	1.0016075372695923	3.8850440979003906	0	0	463	856
1	2823456	0	5	5	11234602	100604	37.587276458740234	-0.4607422351837158	2420.314208984375	0.992877721786499	3.8780059814453125	0	0	472	0
1	2823911	0	1	5	11244268	100259	58.2484245300293	-0.46211209893226624	2452.37841796875	0.9875105023384094	3.8920822143554688	0	0	466	859
1	2824216	0	5	5	11235302	100584	39.26276397705078	0.0	2417.705078125	0.9967949390411377	3.8920822143554688	1	1	471	0
1	2824824	0	1	5	11245068	100251	58.92057800292969	0.4200934171676636	2451.77490234375	1.0076980590820312	3.8850440979003906	0	0	465	855
1	2824978	0	5	5	11236102	100582	39.430328369140625	0.2513412535190582	2419.73876953125	0.9970289468765259	3.8850440979003906	0	1	469	0
1	2825584	0	1	5	11245868	100246	59.3406982421875	1.4702379703521729	2452.001953125	1.0025837421417236	3.8850440979003906	0	0	466	858
1	2825738	0	5	5	11236902	100580	39.59789276123047	0.20945526659488678	2421.576171875	0.9950346350669861	3.8920822143554688	0	0	471	0
1	2826344	0	1	5	11246668	100239	59.92889404296875	0.25208455324172974	2453.793212890625	1.0029069185256958	3.8850440979003906	0	0	463	857
1	2826498	0	5	5	11237652	100574	40.100608825683594	0.12568023800849915	2423.819091796875	0.9944227337837219	3.899120330810547	1	1	472	1
1	2827103	0	1	5	11247418	100253	58.75253677368164	-0.12603260576725006	2457.427734375	0.9918083548545837	3.8920822143554688	0	0	466	854
1	2827257	0	5	5	11238452	100606	37.419742584228516	-1.4661160707473755	2428.337646484375	0.9948582649230957	3.8850440979003906	0	0	470	0
1	2827863	0	1	5	11248268	100526	35.840126037597656	-11.876324653625488	2463.00244140625	1.0079139471054077	3.899120330810547	0	0	465	743
1	2828017	0	5	5	11239202	100610	37.08468246459961	-1.4660688638687134	2428.540283203125	0.9919205904006958	3.8920822143554688	0	2	473	0
1	2828777	0	1	5	11249018	100523	36.091636657714844	-11.83459758758545	2460.95166015625	1.0078139305114746	3.8780059814453125	0	0	465	736
1	2828777	0	5	5	11240002	100609	37.16844940185547	-1.382293462753296	2426.101318359375	0.9954389929771423	3.899120330810547	0	0	470	0
1	2829537	0	1	5	11249868	100260	58.164405822753906	11.162139892578125	2453.994384765625	1.0022141933441162	3.8920822143554688	0	0	464	854
1	2829537	0	5	5	11240702	100590	38.76008987426758	1.0052274465560913	2425.303466796875	0.9926556348800659	3.899120330810547	1	0	469	0
1	2830297	0	5	5	11241502	100581	39.51411056518555	1.172831416130066	2427.59228515625	0.9943234920501709	3.8850440979003906	0	0	471	0
1	2830451	0	1	5	11250718	100246	59.3406982421875	11.540691375732422	2454.02685546875	1.0057495832443237	3.8780059814453125	0	0	465	856
1	2831058	0	5	5	11242202	100579	39.681678771972656	-0.3351486623287201	2429.652099609375	1.0115845203399658	3.899120330810547	2	2	471	1
1	2831213	0	1	5	11251518	100244	59.508750915527344	-0.12604176998138428	2455.71435546875	1.0116604566574097	3.8780059814453125	0	0	466	855
1	2831820	0	5	5	11242952	100576	39.93303298950195	0.3770255446434021	2431.005615234375	0.9966121912002563	3.8920822143554688	1	0	469	0
1	2831974	0	1	5	11252268	100251	58.92057800292969	0.2520601153373718	2457.05126953125	1.0066806077957153	3.8850440979003906	0	0	465	858
1	2832581	0	5	5	11243702	100575	40.016822814941406	0.04189341142773628	2430.253662109375	0.9992333054542542	3.899120330810547	0	0	470	0
1	2832735	0	1	5	11253118	100250	59.004600524902344	-0.04201154783368111	2457.58984375	1.0035629272460938	3.8920822143554688	0	0	467	857
1	2833342	0	5	5	11244452	100578	39.765464782714844	-0.12567922472953796	2430.56103515625	0.9909148216247559	3.899120330810547	0	0	470	1
1	2833495	0	1	5	11253918	100242	59.67680358886719	0.1260407567024231	2457.74560546875	1.0298622846603394	3.8780059814453125	0	0	466	856
1	2834103	0	5	5	11245302	100582	39.430328369140625	0.1256721466779709	2431.790283203125	1.0015382766723633	3.8850440979003906	0	1	471	0
1	2834407	0	1	5	11254718	100524	36.0078010559082	-11.58242416381836	2464.68994140625	1.0060625076293945	3.8920822143554688	0	0	467	733
1	2834866	0	5	5	11246002	100604	37.587276458740234	-1.0053083896636963	2435.1513671875	1.0053050518035889	3.899120330810547	0	0	471	1
1	2835320	0	1	5	11255618	100524	36.0078010559082	-11.70846176147461	2465.1376953125	1.0076872110366821	3.8920822143554688	0	0	464	732
1	2835628	0	5	5	11246752	100604	37.587276458740234	-1.172878623008728	2436.230224609375	1.0002186298370361	3.8920822143554688	0	0	470	0
1	2836383	0	5	5	11247502	100578	39.765464782714844	1.1309764385223389	2435.05322265625	0.8518141508102417	3.8920822143554688	0	1	470	1
1	2836839	0	1	5	11257068	100242	59.67680358886719	11.666825294494629	2458.99169921875	1.040978193283081	3.8780059814453125	0	0	464	855
1	2836993	0	5	5	11248202	100605	37.503509521484375	0.0	2433.93505859375	0.9966557025909424	3.8920822143554688	0	0	470	0
1	2837599	0	1	5	11257918	100260	58.164405822753906	10.910626411437988	2457.1875	1.0044245719909668	3.8920822143554688	0	0	465	840
1	2837753	0	5	5	11248952	100593	38.50876235961914	0.5445091724395752	2433.039306640625	0.9891817569732666	3.8850440979003906	2	1	471	0
1	2838359	0	1	5	11258718	100252	58.83655548095703	-0.42012396454811096	2458.14794921875	1.0008543729782104	3.899120330810547	0	0	466	856
1	2839119	0	5	5	11250402	100596	38.25743865966797	0.33508121967315674	2432.771240234375	1.006316900253296	3.8850440979003906	0	1	471	1
1	2839273	0	1	5	11259518	100263	57.91236114501953	10.658843040466309	2457.706787109375	1.006108283996582	3.8920822143554688	0	0	466	852
1	2839880	0	5	5	11251102	100581	39.51411056518555	0.6283354163169861	2429.586669921875	0.9865335822105408	3.899120330810547	1	2	470	1
1	2840034	0	1	5	11260368	100256	58.5004768371582	0.12602649629116058	2454.74072265625	1.0034950971603394	3.899120330810547	0	0	467	856
1	2840943	0	1	5	11261268	100243	59.592777252197266	0.7982000708580017	2453.611572265625	1.0026981830596924	3.8709676265716553	0	0	466	856
1	2841248	0	5	5	11252502	100579	39.681678771972656	0.335127055644989	2430.658935546875	0.9922827482223511	3.8920822143554688	1	1	472	1
1	2841704	0	1	5	11262068	100238	60.01292419433594	0.6301935911178589	2455.98681640625	1.0058956146240234	3.8920822143554688	0	0	466	857
1	2842008	0	5	5	11253252	100574	40.100608825683594	0.5864818096160889	2433.3662109375	0.9959397315979004	3.899120330810547	2	1	470	0
1	2842465	0	1	5	11262868	100234	60.34905242919922	0.6302139163017273	2457.4990234375	1.0027062892913818	3.8920822143554688	0	0	465	855
1	2842773	0	5	5	11254002	100588	38.92764663696289	-0.2513412535190582	2435.26904296875	0.9981588125228882	3.8920822143554688	0	1	472	0
1	2843380	0	1	5	11263618	100243	59.592777252197266	-0.21007300913333893	2455.779052734375	1.0059186220169067	3.8780059814453125	0	0	465	857
1	2843534	0	5	5	11254752	100572	40.268184661865234	0.08378851413726807	2432.771240234375	0.9958670735359192	3.899120330810547	0	0	471	0
1	2843987	0	1	5	11264418	100247	59.25667190551758	-0.29409509897232056	2456.2333984375	1.0001097917556763	3.8850440979003906	0	0	465	854
1	2844294	0	5	5	11255452	100586	39.0952033996582	-0.20945356786251068	2434.811279296875	0.9929591417312622	3.8920822143554688	0	1	471	0
1	2844900	0	1	5	11265168	100241	59.760833740234375	0.3361046016216278	2455.772705078125	1.0053822994232178	3.8780059814453125	0	0	467	856
1	2845054	0	5	5	11256252	100577	39.849246978759766	0.3351324498653412	2434.90283203125	1.0015220642089844	3.8920822143554688	2	1	471	0
1	2845663	0	1	5	11265968	100237	60.096954345703125	0.042015619575977325	2456.733154296875	1.002868413925171	3.899120330810547	0	0	465	856
1	2845968	0	5	5	11257052	100578	39.765464782714844	0.12567618489265442	2436.06689453125	0.9902558326721191	3.899120330810547	0	0	469	2
1	2846425	0	1	5	11266768	100513	36.930049896240234	-11.037275314331055	2462.677978515625	1.0050119161605835	3.899120330810547	0	0	464	741
1	2846729	0	5	5	11257852	100607	37.335975646972656	-1.089066505432129	2438.093994140625	0.9948644042015076	3.8920822143554688	0	0	470	1
1	2847486	0	5	5	11258602	100599	38.00612258911133	-1.0891367197036743	2438.963623046875	0.9987033605575562	3.8850440979003906	1	0	472	1
1	2847941	0	1	5	11268168	100510	37.18158721923828	-11.289623260498047	2460.899658203125	1.0035942792892456	3.8920822143554688	0	0	463	733
1	2848095	0	5	5	11259352	100596	38.25743865966797	0.08377232402563095	2439.879150390625	0.9923802018165588	3.899120330810547	0	0	470	1
1	2848701	0	1	5	11269018	100517	36.59467697143555	-0.041921161115169525	2459.978271484375	1.0020915269851685	3.8850440979003906	0	0	465	737
1	2849005	0	5	5	11260102	100605	37.503509521484375	-0.33507850766181946	2439.414794921875	0.9985990524291992	3.8850440979003906	1	1	469	0
1	2849463	0	1	5	11269818	100244	59.508750915527344	11.415115356445312	2452.2421875	1.0003681182861328	3.8850440979003906	0	0	463	855
1	2849618	0	5	5	11260852	100574	40.100608825683594	0.8378109335899353	2435.11865234375	0.9979131817817688	3.8850440979003906	0	0	468	0
1	2850378	0	1	5	11270618	100264	57.82835006713867	10.616835594177246	2452.30712890625	1.0090572834014893	3.8850440979003906	0	0	465	847
1	2850378	0	5	5	11261602	100612	36.91715621948242	-0.20940974354743958	2435.498046875	0.9947680234909058	3.8850440979003906	2	1	470	0
1	2851137	0	1	5	11271468	100518	36.51083755493164	-11.20487117767334	2456.661865234375	1.0026452541351318	3.8850440979003906	0	0	465	761
1	2851137	0	5	5	11262352	100581	39.51411056518555	0.12567315995693207	2435.079345703125	0.9967935085296631	3.8850440979003906	0	0	472	1
1	2851897	0	5	5	11263102	100575	40.016822814941406	0.6283657550811768	2435.537109375	0.9928416013717651	3.8850440979003906	2	0	471	2
1	2852051	0	1	5	11272318	100243	59.592777252197266	0.42012056708335876	2450.502685546875	1.0023066997528076	3.8920822143554688	0	0	466	858
1	2852658	0	5	5	11263802	100584	39.26276397705078	1.0052759647369385	2437.145751953125	0.9954625964164734	3.8850440979003906	1	0	470	0
1	2852812	0	1	5	11273118	100245	59.42472457885742	11.54078483581543	2451.83984375	1.0098906755447388	3.8920822143554688	0	0	465	858
1	2853419	0	5	5	11264552	100588	38.92764663696289	-0.5445880889892578	2438.13330078125	0.9908846020698547	3.8850440979003906	1	0	469	0
1	2853573	0	1	5	11273868	100258	58.33243942260742	-0.7141963243484497	2452.2939453125	0.9961647391319275	3.8920822143554688	0	0	465	856
1	2854180	0	5	5	11265302	100578	39.765464782714844	-0.04189273715019226	2436.68798828125	0.9963280558586121	3.8780059814453125	0	0	469	1
1	2854334	0	1	5	11274668	100513	36.930049896240234	-11.121298789978027	2455.058837890625	1.0028680562973022	3.8920822143554688	0	0	464	766
1	2854942	0	5	5	11266052	100587	39.01142501831055	-0.335127055644989	2437.43994140625	0.9932928681373596	3.8850440979003906	0	1	470	0
1	2855094	0	1	5	11275468	100529	35.588623046875	-11.87603759765625	2455.8115234375	1.0086101293563843	3.8920822143554688	0	0	463	766
1	2855701	0	5	5	11266802	100607	37.335975646972656	-0.7120561599731445	2437.675537109375	0.9953847527503967	3.8920822143554688	0	0	472	2
1	2855855	0	1	5	11276218	100526	35.840126037597656	-11.414194107055664	2453.44287109375	1.015477180480957	3.8850440979003906	0	0	463	736
1	2856461	0	5	5	11267552	100598	38.08989334106445	0.12565596401691437	2436.230224609375	0.9924508333206177	3.8850440979003906	0	1	473	1
1	2856616	0	1	5	11277018	100273	57.07225799560547	-1.5543644428253174	2447.290283203125	1.006291389465332	3.899120330810547	0	0	466	839
1	2857072	0	5	5	11268302	100584	39.26276397705078	1.2565646171569824	2435.6875	0.9942126870155334	3.8850440979003906	0	0	471	2
1	2857982	0	5	5	11269052	100583	39.3465461730957	1.2984553575515747	2437.629638671875	0.9925495386123657	3.899120330810547	1	1	470	0
1	2858136	0	1	5	11278468	100255	58.584495544433594	0.3360666036605835	2447.828857421875	1.0042399168014526	3.8920822143554688	0	0	463	855
1	2858743	0	5	5	11269852	100614	36.7496337890625	-0.8795633912086487	2437.28955078125	0.9930490851402283	3.8920822143554688	0	0	471	1
1	2858897	0	1	5	11279268	100253	58.75253677368164	-0.12603260576725006	2446.582763671875	1.0072195529937744	3.8920822143554688	0	0	466	857
1	2859354	0	5	5	11270602	100590	38.76008987426758	-0.41890209913253784	2437.943603515625	0.9984999299049377	3.899120330810547	0	0	468	0
1	2859808	0	1	5	11280068	100241	59.760833740234375	0.5881687998771667	2445.83642578125	1.004323959350586	3.8780059814453125	0	0	465	856
1	2860113	0	5	5	11271302	100586	39.0952033996582	-0.16756218671798706	2436.720703125	0.9888961315155029	3.8850440979003906	1	0	472	2
1	2860570	0	1	5	11280868	100260	58.164405822753906	10.659100532531738	2444.863037109375	1.0039737224578857	3.8920822143554688	0	0	464	858
1	2860875	0	5	5	11272052	100588	38.92764663696289	0.1256660670042038	2432.86279296875	0.9947680234909058	3.8920822143554688	1	0	470	0
1	2861332	0	1	5	11281668	100246	59.3406982421875	0.5461368560791016	2443.49365234375	1.0069777965545654	3.8850440979003906	0	0	466	857
1	2861637	0	5	5	11272802	100575	40.016822814941406	-0.04189375042915344	2434.059326171875	0.9911558628082275	3.8850440979003906	0	0	471	1
1	2862092	0	1	5	11282468	100249	59.088623046875	0.5041161775588989	2445.67431640625	1.0031590461730957	3.8850440979003906	0	0	463	856
1	2862397	0	5	5	11273552	100585	39.17898178100586	0.0	2435.373779296875	0.9941202402114868	3.906158447265625	0	1	471	0
1	2862852	0	1	5	11283268	100244	59.508750915527344	0.6721711754798889	2446.16748046875	1.0019670724868774	3.8780059814453125	0	0	463	855
1	2863157	0	5	5	11274352	100583	39.3465461730957	-0.08378244191408157	2438.348876953125	0.9904851317405701	3.899120330810547	1	0	472	0
1	2863763	0	1	5	11284068	100268	57.49230194091797	-0.7981613874435425	2447.199462890625	0.9999459981918335	3.8920822143554688	0	0	466	851
1	2863917	0	5	5	11275102	100586	39.0952033996582	-0.5027027130126953	2440.12109375	0.9941034317016602	3.8920822143554688	1	0	470	0
1	2864525	0	1	5	11284868	100264	57.82835006713867	9.904129981994629	2447.32275390625	0.9968259930610657	3.8850440979003906	0	0	465	853
1	2864679	0	5	5	11275852	100604	37.587276458740234	-1.0890928506851196	2440.43505859375	0.9954786896705627	3.8850440979003906	0	0	471	0
1	2865287	0	1	5	11285668	100242	59.67680358886719	0.2940903306007385	2446.60888671875	0.9946773052215576	3.8920822143554688	0	0	464	857
1	2865439	0	5	5	11276602	100590	38.76008987426758	-0.6283657550811768	2439.20556640625	0.9850380420684814	3.8920822143554688	1	1	472	0
1	2866045	0	1	5	11286418	100249	59.088623046875	-0.42013412714004517	2445.492431640625	1.0138822793960571	3.8850440979003906	0	0	464	855
1	2866199	0	5	5	11277352	100595	38.34121322631836	-0.628340482711792	2437.008544921875	1.000920295715332	3.8780059814453125	2	0	470	1
1	2866804	0	1	5	11287218	100257	58.41645812988281	8.940230369567871	2444.239990234375	0.9978656768798828	3.8850440979003906	0	0	466	857
1	2866958	0	5	5	11278152	100593	38.50876235961914	-0.20944176614284515	2435.190673828125	1.004102110862732	3.8920822143554688	0	1	469	1
1	2867714	0	1	5	11287968	100261	58.08039093017578	-0.04200781509280205	2444.123046875	1.00800621509552	3.8850440979003906	0	0	465	856
1	2867714	0	5	5	11278852	100593	38.50876235961914	-0.2513311505317688	2435.72021484375	0.9900780916213989	3.899120330810547	0	0	471	0
1	2868475	0	1	5	11288818	100265	57.74433517456055	-0.5040999054908752	2445.67431640625	1.0014772415161133	3.8850440979003906	0	0	463	857
1	2868475	0	5	5	11279602	100609	37.16844940185547	-0.5863826870918274	2439.03564453125	0.9813103675842285	3.8920822143554688	0	0	471	0
1	2869085	0	5	5	11280302	100596	38.25743865966797	0.08377232402563095	2439.879150390625	0.9899201393127441	3.906158447265625	0	0	472	0
1	2869239	0	1	5	11289618	100255	58.584495544433594	0.2940594553947449	2445.87548828125	1.0037851333618164	3.8920822143554688	0	0	464	857
1	2869846	0	5	5	11281102	100611	37.000919342041016	-0.46071627736091614	2441.010498046875	0.9979910850524902	3.8920822143554688	1	0	471	0
1	2870000	0	1	5	11290368	100246	59.3406982421875	0.5041283965110779	2445.771484375	1.0130424499511719	3.8920822143554688	0	0	464	856
1	2870606	0	5	5	11281802	100598	38.08989334106445	-0.5026541948318481	2440.984375	0.9972852468490601	3.8920822143554688	0	0	471	0
1	2870912	0	1	5	11291168	100239	59.92889404296875	0.8402343392372131	2445.12255859375	1.0025228261947632	3.899120330810547	0	0	465	858
1	2871368	0	5	5	11282552	100601	37.838584899902344	-0.5864204168319702	2441.0693359375	0.997328519821167	3.899120330810547	0	0	469	0
1	2871675	0	1	5	11291968	100272	57.15626525878906	-1.134229302406311	2445.76513671875	1.000423550605774	3.8780059814453125	0	0	465	858
1	2872130	0	5	5	11283352	100594	38.42498779296875	-0.08377502113580704	2441.18701171875	0.9907386302947998	3.899120330810547	2	0	471	1
1	2872436	0	1	5	11292718	100242	59.67680358886719	0.672182023525238	2444.92138671875	0.9943060874938965	3.8850440979003906	0	0	465	855
1	2872891	0	5	5	11284102	100599	38.00612258911133	-0.9634554386138916	2441.984619140625	0.9856650829315186	3.899120330810547	1	1	469	0
1	2873195	0	1	5	11293518	100247	59.25667190551758	-0.04201256483793259	2444.330810546875	1.004902958869934	3.8850440979003906	0	0	465	858
1	2873953	0	1	5	11294318	100249	59.088623046875	1.1761950254440308	2443.798583984375	1.0066176652908325	3.8850440979003906	0	0	467	855
1	2874258	0	5	5	11285452	100588	38.92764663696289	-0.08377906680107117	2440.827392578125	0.9946781396865845	3.8850440979003906	0	0	471	0
1	2874865	0	1	5	11295168	100277	56.73623275756836	-0.5880643129348755	2444.064697265625	1.0015367269515991	3.8850440979003906	0	0	463	858
1	2875020	0	5	5	11286252	100611	37.000919342041016	-1.2565950155258179	2439.51953125	0.996429979801178	3.899120330810547	2	0	471	0
1	2875626	0	1	5	11295968	100240	59.84486389160156	0.9662500023841858	2444.194580078125	0.9994413256645203	3.8850440979003906	0	0	465	856
1	2875780	0	5	5	11286952	100589	38.843868255615234	0.0837770476937294	2439.951171875	0.9928200244903564	3.8850440979003906	0	0	471	0
1	2876386	0	1	5	11296768	100251	58.92057800292969	0.5461148023605347	2444.947265625	1.0048701763153076	3.8780059814453125	0	0	466	855
1	2877145	0	5	5	11288352	100599	38.00612258911133	0.6282444000244141	2441.494384765625	0.9943322539329529	3.8920822143554688	1	0	471	1
1	2877299	0	1	5	11297568	100266	57.66032409667969	-0.378067284822464	2446.018310546875	1.001366376876831	3.8850440979003906	0	0	466	859
1	2877906	0	5	5	11289052	100604	37.587276458740234	-0.8796342015266418	2440.428466796875	0.995638370513916	3.8920822143554688	1	0	470	0
1	2878667	0	5	5	11289852	100599	38.00612258911133	0.20942322909832	2440.52001953125	0.9989948272705078	3.8920822143554688	0	0	470	0
1	2878820	0	1	5	11299068	100267	57.57631301879883	-0.25203976035118103	2443.883056640625	1.0033177137374878	3.8780059814453125	0	0	464	857
1	2879428	0	1	5	11299868	100247	59.25667190551758	1.0081998109817505	2444.583984375	1.0013078451156616	3.8920822143554688	0	0	466	856
1	2879428	0	5	5	11290552	100594	38.42498779296875	-0.5445617437362671	2441.049560546875	0.9950423240661621	3.8920822143554688	0	0	471	0
1	2880187	0	5	5	11291302	100584	39.26276397705078	0.29322555661201477	2441.29150390625	0.9924975633621216	3.8920822143554688	0	1	469	0
1	2880341	0	1	5	11300568	100254	58.668514251708984	-0.2940784692764282	2444.8759765625	1.0016565322875977	3.8850440979003906	0	0	464	856
1	2880946	0	5	5	11292052	100603	37.671043395996094	-0.6283000111579895	2440.4677734375	0.9819963574409485	3.899120330810547	0	1	472	0
1	2881100	0	1	5	11301468	100261	58.08039093017578	0.168027862906456	2445.34326171875	1.009385108947754	3.8850440979003906	0	0	466	856
1	2881555	0	5	5	11292802	100602	37.75481414794922	-0.9215400815010071	2441.128173828125	0.9937295913696289	3.899120330810547	0	1	472	2
1	2882009	0	1	5	11302268	100257	58.41645812988281	0.04200883209705353	2445.667724609375	1.005490779876709	3.8920822143554688	0	0	466	856
1	2882315	0	5	5	11293502	100591	38.67631149291992	0.293209046125412	2441.298095703125	0.9937332272529602	3.8850440979003906	0	1	472	0
1	2882769	0	1	5	11303068	100258	58.33243942260742	0.7140982747077942	2445.10302734375	1.0080472230911255	3.8780059814453125	0	0	467	857
1	2883077	0	5	5	11294302	100608	37.25221252441406	-0.2094164788722992	2440.199462890625	0.99946129322052	3.8920822143554688	2	1	471	1
1	2883529	0	1	5	11303818	100254	58.668514251708984	0.5881070494651794	2445.41455078125	1.018877387046814	3.8850440979003906	0	0	468	858
1	2883836	0	5	5	11295052	100600	37.9223518371582	-0.4607570469379425	2441.226318359375	0.9927324652671814	3.8920822143554688	1	0	471	0
1	2884290	0	1	5	11304618	100268	57.49230194091797	-0.3360530138015747	2446.868408203125	1.004408359527588	3.8850440979003906	0	0	464	856
1	2884746	0	5	5	11295852	100592	38.59253692626953	0.41886162757873535	2440.80126953125	0.9965309500694275	3.8850440979003906	0	1	473	0
1	2885052	0	1	5	11305418	100279	56.5682258605957	-0.882107138633728	2446.58935546875	1.0021486282348633	3.8850440979003906	0	0	465	857
1	2885356	0	5	5	11296602	100606	37.419742584228516	-0.25130483508110046	2441.42236328125	0.9992265105247498	3.8920822143554688	2	0	470	0
1	2885813	0	1	5	11306118	100265	57.74433517456055	-0.6721440553665161	2447.21875	0.9953937530517578	3.8920822143554688	0	0	466	855
1	2886118	0	5	5	11297302	100600	37.9223518371582	0.3769527077674866	2442.00439453125	0.9948053359985352	3.8920822143554688	1	0	472	0
1	2886877	0	5	5	11298052	100611	37.000919342041016	-0.5444872379302979	2442.39013671875	1.002597451210022	3.8920822143554688	0	1	472	1
1	2887181	0	1	5	11307568	100256	58.5004768371582	0.5460927486419678	2447.361572265625	1.0007671117782593	3.899120330810547	0	0	465	854
1	2887637	0	5	5	11298802	100603	37.671043395996094	-0.5445222854614258	2437.276611328125	0.9952288269996643	3.8920822143554688	1	1	472	0
1	2888091	0	1	5	11308368	100266	57.66032409667969	0.08401121944189072	2444.49951171875	1.0075539350509644	3.899120330810547	0	0	465	850
1	2888395	0	5	5	11299552	100606	37.419742584228516	-0.1675352156162262	2432.856201171875	0.9917868375778198	3.8920822143554688	2	0	471	0
1	2888852	0	1	5	11309168	100264	57.82835006713867	0.5460575222969055	2439.138916015625	1.0041000843048096	3.8780059814453125	0	0	466	850
1	2889156	0	5	5	11300302	100603	37.671043395996094	-0.5026339292526245	2424.316162109375	0.9952830672264099	3.8780059814453125	0	0	469	0
1	2889613	0	1	5	11309968	100264	57.82835006713867	0.04200645908713341	2437.633056640625	1.0108121633529663	3.8850440979003906	0	0	464	855
1	2889767	0	5	5	11301002	100601	37.838584899902344	-0.2513149380683899	2426.303955078125	0.9906541705131531	3.899120330810547	2	1	471	0
1	2890373	0	1	5	11310718	100288	55.812225341796875	-0.9660549163818359	2440.93017578125	0.9758670330047607	3.8920822143554688	0	0	467	856
1	2890677	0	5	5	11301802	100609	37.16844940185547	-0.5863826870918274	2431.286865234375	1.000517725944519	3.8850440979003906	0	1	471	0
1	2891133	0	1	5	11311518	100256	58.5004768371582	0.5880975127220154	2442.8251953125	0.9968509078025818	3.8920822143554688	0	0	464	854
1	2891287	0	5	5	11302502	100590	38.76008987426758	0.5026379823684692	2433.111083984375	0.9931691288948059	3.8920822143554688	1	0	470	1
1	2891895	0	1	5	11312318	100266	57.66032409667969	-0.5040957927703857	2443.389892578125	0.9966655373573303	3.8850440979003906	0	0	465	856
1	2892049	0	5	5	11303302	100609	37.16844940185547	0.29316654801368713	2433.712890625	0.9945734143257141	3.899120330810547	0	1	468	0
1	2892806	0	1	5	11313068	100274	56.988250732421875	-0.0840071514248848	2443.71435546875	1.0005313158035278	3.899120330810547	0	0	465	855
1	2892960	0	5	5	11304052	100620	36.2470817565918	-1.0470656156539917	2433.83056640625	0.9981734752655029	3.899120330810547	1	1	471	0
1	2893570	0	1	5	11313868	100248	59.17264938354492	1.0921987295150757	2441.838623046875	1.0012590885162354	3.8920822143554688	0	0	465	851
1	2893570	0	5	5	11304802	100597	38.173667907714844	0.25131091475486755	2431.424072265625	0.9953707456588745	3.8850440979003906	0	1	471	1
1	2894330	0	1	5	11314668	100257	58.41645812988281	0.6721006035804749	2441.24169921875	1.001668095588684	3.8920822143554688	0	0	467	855
1	2894330	0	5	5	11305552	100591	38.67631149291992	1.0052193403244019	2429.89404296875	0.9916113615036011	3.8920822143554688	0	1	470	1
1	2895089	0	1	5	11315468	100261	58.08039093017578	0.5040673017501831	2440.70947265625	1.0100215673446655	3.8920822143554688	0	0	464	857
1	2895089	0	5	5	11306302	100589	38.843868255615234	0.7958275079727173	2429.52783203125	0.999321699142456	3.8920822143554688	1	0	469	0
1	2895850	0	1	5	11316268	100250	59.004600524902344	0.7561498284339905	2439.0869140625	1.0054374933242798	3.8850440979003906	0	0	465	856
1	2895850	0	5	5	11307052	100579	39.681678771972656	1.2147328853607178	2427.6640625	0.9916137456893921	3.899120330810547	0	1	471	2
1	2896611	0	5	5	11307802	100595	38.34121322631836	-0.46077561378479004	2428.23291015625	0.9978053569793701	3.899120330810547	1	0	471	1
1	2896765	0	1	5	11317068	100275	56.90424346923828	-1.0081672668457031	2439.651611328125	1.0110962390899658	3.8920822143554688	0	0	465	857
1	2897373	0	5	5	11308552	100591	38.67631149291992	-0.20944514870643616	2429.7109375	0.9996346831321716	3.8920822143554688	3	2	470	0
1	2897677	0	1	5	11317968	100263	57.91236114501953	-0.6721549034118652	2439.79443359375	0.9972842931747437	3.8920822143554688	0	0	465	857
1	2898133	0	5	5	11309302	100587	39.01142501831055	-0.2513432800769806	2428.49462890625	0.9950867295265198	3.899120330810547	0	0	470	0
1	2898437	0	1	5	11318768	100258	58.33243942260742	0.1680319458246231	2437.6005859375	1.0050007104873657	3.8850440979003906	0	0	465	858
1	2898892	0	5	5	11310052	100597	38.173667907714844	0.0	2428.265625	0.9947363138198853	3.899120330810547	2	1	470	1
1	2899198	0	1	5	11319568	100247	59.25667190551758	0.42010697722435	2438.1328125	1.005274772644043	3.899120330810547	0	0	465	856
1	2899651	0	5	5	11310802	100574	40.100608825683594	1.1310129165649414	2430.2666015625	0.9938755631446838	3.8850440979003906	1	0	471	1
1	2899958	0	1	5	11320318	100244	59.508750915527344	0.8822068572044373	2439.0869140625	1.0042797327041626	3.8920822143554688	0	0	465	857
1	2900413	0	5	5	11311552	100573	40.18439865112305	0.50270676612854	2431.064453125	0.9904166460037231	3.8920822143554688	1	1	470	1
1	2900720	0	1	5	11321068	100245	59.42472457885742	1.1762330532073975	2440.904052734375	1.0028225183486938	3.8920822143554688	0	0	465	857
1	2901175	0	5	5	11312302	100572	40.268184661865234	0.6283809542655945	2431.16259765625	0.9953372478485107	3.899120330810547	2	1	471	0
1	2901479	0	1	5	11321868	100249	59.088623046875	0.0	2441.592041015625	1.0031176805496216	3.8920822143554688	0	0	464	857
1	2901935	0	5	5	11313052	100576	39.93303298950195	-0.12568125128746033	2431.469970703125	0.9958425164222717	3.8920822143554688	0	1	470	1
1	2902388	0	1	5	11322668	100252	58.83655548095703	-0.29408320784568787	2442.04638671875	1.003487467765808	3.8850440979003906	0	0	465	858
1	2902694	0	5	5	11313852	100577	39.849246978759766	-0.0837864875793457	2429.468994140625	0.9928808808326721	3.8850440979003906	0	0	470	0
1	2903149	0	1	5	11323468	100251	58.92057800292969	-0.21005943417549133	2441.144287109375	1.0055006742477417	3.8920822143554688	0	0	466	857
1	2903454	0	5	5	11314602	100594	38.42498779296875	-0.9215994477272034	2428.703857421875	0.9935697913169861	3.8920822143554688	1	1	472	1
1	2903909	0	1	5	11324218	100245	59.42472457885742	0.08402547240257263	2439.813720703125	1.005604863166809	3.899120330810547	0	0	465	857
1	2904216	0	5	5	11315402	100582	39.430328369140625	-0.2932468056678772	2428.23291015625	0.9984579086303711	3.899120330810547	0	2	470	1
1	2904673	0	1	5	11325018	100250	59.004600524902344	0.0	2439.657958984375	1.004705786705017	3.8920822143554688	0	0	465	855
1	2904976	0	5	5	11316102	100585	39.17898178100586	0.12566910684108734	2430.207763671875	0.9948524236679077	3.8920822143554688	1	0	470	0
1	2905432	0	1	5	11325818	100254	58.668514251708984	0.4620896875858307	2440.897705078125	1.0004416704177856	3.8920822143554688	0	0	464	858
1	2905737	0	5	5	11316902	100579	39.681678771972656	0.335127055644989	2432.38525390625	0.9904876351356506	3.8850440979003906	0	1	472	0
1	2906343	0	1	5	11326668	100250	59.004600524902344	0.16804279386997223	2441.62451171875	0.9989727139472961	3.8920822143554688	0	0	466	857
1	2906497	0	5	5	11317652	100576	39.93303298950195	0.16757027804851532	2432.83642578125	0.9958795309066772	3.8920822143554688	2	1	471	0
1	2907255	0	1	5	11327568	100257	58.41645812988281	-0.3360828757286072	2443.1884765625	1.0047895908355713	3.8780059814453125	0	0	466	860
1	2907255	0	5	5	11318452	100580	39.59789276123047	-0.04189206287264824	2434.177001953125	0.9964479207992554	3.8920822143554688	1	0	471	0
1	2908014	0	1	5	11328368	100246	59.3406982421875	0.0	2441.527099609375	0.9973028302192688	3.8850440979003906	0	0	466	857
1	2908014	0	5	5	11319152	100576	39.93303298950195	0.3770255446434021	2433.0654296875	0.9912554621696472	3.8780059814453125	0	1	470	0
1	2908776	0	1	5	11329218	100246	59.3406982421875	-0.2940974533557892	2442.2734375	1.0032695531845093	3.8780059814453125	0	0	466	856
1	2908776	0	5	5	11319902	100589	38.843868255615234	-0.6283708214759827	2434.78515625	0.9935007095336914	3.8850440979003906	1	1	472	1
1	2909536	0	1	5	11329918	100245	59.42472457885742	0.12603770196437836	2442.611083984375	1.0073280334472656	3.8780059814453125	0	0	464	858
1	2909536	0	5	5	11320602	100578	39.765464782714844	-0.08378581702709198	2436.51806640625	0.9948452115058899	3.8850440979003906	0	0	472	2
1	2910296	0	1	5	11330718	100245	59.42472457885742	-0.04201324284076691	2444.843505859375	1.0018099546432495	3.8850440979003906	0	0	465	858
1	2910296	0	5	5	11321402	100578	39.765464782714844	-0.335151344537735	2438.348876953125	0.992917001247406	3.8920822143554688	0	0	470	0
1	2911055	0	5	5	11322102	100577	39.849246978759766	-0.04189307615160942	2440.513427734375	0.9947114586830139	3.8850440979003906	0	0	470	1
1	2911209	0	1	5	11331468	100246	59.3406982421875	0.04201256483793259	2447.06298828125	1.001595377922058	3.8850440979003906	0	0	466	857
1	2911813	0	5	5	11322952	100577	39.849246978759766	-0.04189307615160942	2441.546630859375	0.9943806529045105	3.8850440979003906	0	1	472	1
1	2912119	0	1	5	11332268	100243	59.592777252197266	-0.042013924568891525	2447.582275390625	1.004042148590088	3.899120330810547	0	0	464	857
1	2912574	0	5	5	11323702	100578	39.765464782714844	0.0418924018740654	2442.161376953125	0.9945460557937622	3.8850440979003906	2	0	470	0
1	2912880	0	1	5	11333218	100243	59.592777252197266	0.1680523008108139	2449.146484375	1.001194953918457	3.8780059814453125	0	0	466	857
1	2913184	0	5	5	11324402	100577	39.849246978759766	-0.16757433116436005	2444.15576171875	0.9946318864822388	3.8850440979003906	2	0	472	0
1	2913639	0	1	5	11334018	100251	58.92057800292969	-0.21005943417549133	2450.775390625	1.0024020671844482	3.8920822143554688	0	0	463	856
1	2913944	0	5	5	11325202	100572	40.268184661865234	0.1675756722688675	2445.18896484375	0.9933414459228516	3.8850440979003906	0	0	472	0
1	2914851	0	5	5	11325952	100577	39.849246978759766	-0.12568023800849915	2443.867919921875	0.993179202079773	3.8850440979003906	1	0	472	0
1	2915157	0	1	5	11335468	100250	59.004600524902344	-0.2940879464149475	2449.55517578125	1.0020712614059448	3.8850440979003906	0	0	466	857
1	2915461	0	5	5	11326702	100578	39.765464782714844	0.12567618489265442	2443.429931640625	0.9960277080535889	3.8920822143554688	0	1	469	0
1	2916069	0	1	5	11336218	100250	59.004600524902344	-0.1260356605052948	2449.92529296875	1.0040475130081177	3.8850440979003906	0	0	465	856
1	2916224	0	5	5	11327452	100588	38.92764663696289	-0.5445880889892578	2443.22705078125	0.9954007267951965	3.8850440979003906	0	1	471	1
1	2916830	0	1	5	11337168	100250	59.004600524902344	-0.08402343094348907	2448.555908203125	1.0016229152679443	3.8780059814453125	0	0	465	857
1	2916984	0	5	5	11328202	100578	39.765464782714844	0.16756758093833923	2439.114013671875	0.9973837733268738	3.8920822143554688	1	0	472	0
1	2917742	0	1	5	11338068	100239	59.92889404296875	0.5041568875312805	2447.92626953125	1.0026973485946655	3.8850440979003906	0	0	465	857
1	2917742	0	5	5	11328952	100573	40.18439865112305	0.2513594627380371	2439.85302734375	0.9961685538291931	3.8850440979003906	0	0	470	0
1	2918502	0	1	5	11338868	100249	59.088623046875	0.42010021209716797	2451.405029296875	1.0038124322891235	3.8850440979003906	0	0	464	854
1	2919109	0	5	5	11330352	100582	39.430328369140625	0.0	2446.150146484375	0.9913813471794128	3.8920822143554688	0	1	470	0
1	2919264	0	1	5	11339668	100248	59.17264938354492	-0.16805094480514526	2452.4951171875	1.0022259950637817	3.8780059814453125	0	0	464	855
1	2919873	0	5	5	11331052	100578	39.765464782714844	-0.41894257068634033	2441.795166015625	0.9948757886886597	3.899120330810547	0	2	472	0
1	2920027	0	1	5	11340418	100249	59.088623046875	-0.46214941143989563	2450.567626953125	1.0038769245147705	3.8780059814453125	0	0	462	855
1	2920633	0	5	5	11331802	100582	39.430328369140625	0.1256721466779709	2441.834228515625	0.9963083267211914	3.8920822143554688	0	2	470	0
1	2920787	0	1	5	11341218	100251	58.92057800292969	-0.16804686188697815	2451.236083984375	1.0049488544464111	3.8780059814453125	0	0	465	856
1	2921393	0	5	5	11332502	100583	39.3465461730957	0.16756083071231842	2443.613037109375	0.9949161410331726	3.8920822143554688	2	1	472	1
1	2921699	0	1	5	11341968	100258	58.33243942260742	-0.16803736984729767	2451.9111328125	1.0002561807632446	3.8780059814453125	0	0	466	856
1	2922153	0	5	5	11333302	100575	40.016822814941406	0.2513554096221924	2442.7431640625	0.9948912262916565	3.8920822143554688	0	1	472	1
1	2922861	0	1	5	11343168	100259	58.2484245300293	-0.21004585921764374	2452.041015625	1.0017377138137817	3.8920822143554688	0	0	467	857
1	2922861	0	5	5	11334052	100585	39.17898178100586	-0.2513473331928253	2443.109375	0.9891132116317749	3.8920822143554688	0	1	471	0
1	2923630	0	5	5	11334802	100586	39.0952033996582	0.04188970476388931	2444.195068359375	0.9960095882415771	3.8920822143554688	2	1	471	0
1	2923784	0	1	5	11344068	100252	58.83655548095703	0.21004925668239594	2453.228515625	1.0036420822143555	3.8780059814453125	0	0	465	858
1	2924389	0	5	5	11335552	100582	39.430328369140625	0.041891053318977356	2445.515869140625	0.9957994222640991	3.8850440979003906	0	1	470	1
1	2925146	0	5	5	11336302	100588	38.92764663696289	-0.29323264956474304	2447.431884765625	0.9952800869941711	3.8920822143554688	0	0	471	0
1	2925299	0	1	5	11345568	100439	43.136409759521484	-7.934096813201904	2458.99169921875	1.0005615949630737	3.8780059814453125	0	0	464	844
1	2925908	0	5	5	11337052	100583	39.3465461730957	-0.12567417323589325	2450.19140625	0.9914531111717224	3.8920822143554688	1	1	471	0
1	2926060	0	1	5	11346418	100257	58.41645812988281	-0.42010697722435	2457.135498046875	1.0060102939605713	3.8850440979003906	0	0	466	855
1	2926668	0	5	5	11337752	100584	39.26276397705078	0.0	2450.34814453125	0.9921813607215881	3.899120330810547	0	1	469	0
1	2926823	0	1	5	11347218	100255	58.584495544433594	-0.04200984910130501	2457.382080078125	1.0016728639602661	3.8850440979003906	0	0	467	857
1	2927429	0	5	5	11338552	100592	38.59253692626953	0.7958082556724548	2449.485107421875	0.9966537952423096	3.899120330810547	1	2	470	0
1	2927583	0	1	5	11347968	100255	58.584495544433594	7.8918304443359375	2457.5185546875	1.0037403106689453	3.8850440979003906	0	0	465	855
1	2928189	0	5	5	11339302	100582	39.430328369140625	0.1256721466779709	2450.71435546875	0.9942886829376221	3.8850440979003906	1	0	474	0
1	2928493	0	1	5	11348768	100262	57.996376037597656	-0.37807950377464294	2458.7451171875	1.003179907798767	3.8850440979003906	0	0	464	854
1	2928948	0	5	5	11340052	100597	38.173667907714844	-0.586439311504364	2452.257568359375	0.9933053255081177	3.899120330810547	0	1	469	1
1	2929253	0	1	5	11349568	100275	56.90424346923828	-1.1342018842697144	2459.3681640625	1.0009337663650513	3.8780059814453125	0	0	465	851
1	2929709	0	5	5	11340852	100595	38.34121322631836	-0.3351054787635803	2448.988037109375	0.9945216178894043	3.8780059814453125	0	0	470	0
1	2930014	0	1	5	11350318	100283	56.23221969604492	-1.0921194553375244	2457.810546875	1.0009291172027588	3.899120330810547	0	0	466	848
1	2930320	0	5	5	11341552	100597	38.173667907714844	-0.37698912620544434	2444.979736328125	0.9993916153907776	3.8780059814453125	0	1	472	0
1	2930776	0	1	5	11351118	100271	57.240272521972656	-0.08400918543338776	2455.863525390625	1.007901668548584	3.8780059814453125	0	0	463	853
1	2931080	0	5	5	11342302	100598	38.08989334106445	-0.08377232402563095	2444.6591796875	0.9913962483406067	3.8850440979003906	0	0	470	0
1	2931536	0	1	5	11351868	100256	58.5004768371582	0.8821213841438293	2456.129638671875	1.0034559965133667	3.8850440979003906	0	0	467	856
1	2931839	0	5	5	11343002	100586	39.0952033996582	0.753963053226471	2446.4052734375	0.9957560896873474	3.8920822143554688	0	1	470	1
1	2932295	0	1	5	11352668	100268	57.49230194091797	0.546039879322052	2456.6748046875	0.9969484806060791	3.8920822143554688	0	0	464	855
1	2932598	0	5	5	11343752	100589	38.843868255615234	0.20944008231163025	2445.8427734375	0.9950675964355469	3.8920822143554688	0	1	470	0
1	2933357	0	5	5	11344552	100588	38.92764663696289	0.0	2444.57421875	0.9940539002418518	3.8850440979003906	1	1	470	0
1	2933811	0	1	5	11354118	100280	56.484222412109375	-0.7140694260597229	2453.767333984375	1.0180689096450806	3.8850440979003906	0	0	465	854
1	2934118	0	5	5	11345302	100595	38.34121322631836	0.4607348144054413	2444.92724609375	0.9933318495750427	3.8780059814453125	0	0	470	0
1	2934574	0	1	5	11354868	100261	58.08039093017578	0.12602141499519348	2452.540771484375	1.0023149251937866	3.899120330810547	0	0	465	853
1	2934879	0	5	5	11346002	100605	37.503509521484375	-0.6282899379730225	2446.1044921875	0.9909234642982483	3.8920822143554688	0	1	470	0
1	2935485	0	1	5	11355768	100520	36.34315490722656	-10.49056339263916	2457.9921875	1.0020556449890137	3.8850440979003906	0	0	464	738
1	2935639	0	5	5	11346802	100598	38.08989334106445	0.6701300740242004	2448.82470703125	0.9936427474021912	3.8920822143554688	0	0	469	0
1	2936246	0	1	5	11356568	100244	59.508750915527344	0.8822068572044373	2454.954833984375	1.007843255996704	3.8920822143554688	0	0	466	858
1	2936400	0	5	5	11347552	100579	39.681678771972656	0.5864582061767578	2452.0810546875	0.9971264004707336	3.8920822143554688	1	2	471	1
1	2937006	0	1	5	11357268	100247	59.25667190551758	11.834025382995605	2456.72021484375	1.0004829168319702	3.8780059814453125	0	0	463	857
1	2937161	0	5	5	11348352	100579	39.681678771972656	1.1728503704071045	2453.36279296875	0.9984206557273865	3.8920822143554688	0	2	470	0
1	2937920	0	1	5	11358168	100243	59.592777252197266	0.5041406154632568	2457.959716796875	1.0036389827728271	3.8780059814453125	0	0	466	859
1	2938075	0	5	5	11349102	100570	40.43576431274414	0.0	2453.912109375	0.9912348985671997	3.8850440979003906	1	0	472	0
1	2938679	0	1	5	11358968	100240	59.84486389160156	0.16805636882781982	2459.024169921875	1.0016372203826904	3.8850440979003906	0	0	466	857
1	2938833	0	5	5	11349952	100576	39.93303298950195	-0.12568125128746033	2456.573486328125	0.9961122870445251	3.8920822143554688	0	0	470	0
1	2939439	0	1	5	11359768	100241	59.760833740234375	0.16805501282215118	2459.913330078125	1.0039677619934082	3.8920822143554688	0	0	466	857
1	2939439	0	5	5	11350702	100575	40.016822814941406	0.04189341142773628	2458.48291015625	0.997114896774292	3.899120330810547	0	0	469	0
1	2940198	0	1	5	11360568	100244	59.508750915527344	-0.21007131040096283	2462.003173828125	1.003588318824768	3.8920822143554688	0	0	467	856
1	2940956	0	1	5	11361368	100251	58.92057800292969	-0.42012736201286316	2462.405517578125	1.0057258605957031	3.8920822143554688	0	0	467	857
1	2940956	0	5	5	11352052	100576	39.93303298950195	0.12567821145057678	2461.02001953125	0.9979785680770874	3.8850440979003906	2	1	469	0
1	2941716	0	5	5	11352852	100581	39.51411056518555	-0.2513554096221924	2460.7978515625	0.9927608966827393	3.8850440979003906	1	1	470	0
1	2941871	0	1	5	11362168	100246	59.3406982421875	-0.2940974533557892	2462.89208984375	1.0028516054153442	3.8920822143554688	0	0	464	857
1	2942326	0	5	5	11353552	100578	39.765464782714844	-0.1675729751586914	2461.209716796875	0.9951979517936707	3.899120330810547	1	1	472	0
1	2942632	0	1	5	11362968	100246	59.3406982421875	-0.21006791293621063	2463.93701171875	1.0039751529693604	3.8850440979003906	0	0	465	858
1	2943086	0	5	5	11354302	100572	40.268184661865234	0.2513614892959595	2462.3212890625	0.9963146448135376	3.8920822143554688	0	1	471	2
1	2943391	0	1	5	11363768	100250	59.004600524902344	0.12603260576725006	2464.839111328125	1.0073131322860718	3.8920822143554688	0	0	468	855
1	2943847	0	5	5	11355002	100568	40.60334777832031	0.37704983353614807	2462.779052734375	0.988402247428894	3.8920822143554688	1	0	469	0
1	2944150	0	1	5	11364568	100251	58.92057800292969	-0.33609917759895325	2465.008056640625	1.0045820474624634	3.8920822143554688	0	0	465	857
1	2944607	0	5	5	11355802	100588	38.92764663696289	-0.4608015716075897	2463.55078125	0.9900919198989868	3.8920822143554688	0	0	470	1
1	2945363	0	5	5	11356552	100583	39.3465461730957	-0.5027148723602295	2460.41845703125	0.9987128973007202	3.8850440979003906	0	0	470	0
1	2945670	0	1	5	11365968	100264	57.82835006713867	-0.9242278933525085	2463.51513671875	0.9996581673622131	3.8850440979003906	0	0	466	855
1	2946124	0	5	5	11357302	100587	39.01142501831055	-0.2513432800769806	2460.679931640625	0.9942496418952942	3.8850440979003906	1	1	470	0
1	2946431	0	1	5	11366818	100263	57.91236114501953	-0.7561803460121155	2464.430419921875	1.0021946430206299	3.8850440979003906	0	0	466	856
1	2946885	0	5	5	11358002	100577	39.849246978759766	-1.0893296003341675	2461.50390625	0.9946195483207703	3.8920822143554688	0	1	472	0
1	2947190	0	1	5	11367618	100253	58.75253677368164	-0.21005603671073914	2464.741943359375	1.0060114860534668	3.8850440979003906	0	0	465	856
1	2947647	0	5	5	11358752	100594	38.42498779296875	-0.5026703476905823	2462.524169921875	0.9936494827270508	3.8850440979003906	0	1	471	0
1	2947950	0	1	5	11368318	100263	57.91236114501953	-0.4200866222381592	2464.365478515625	1.0091720819473267	3.8850440979003906	0	0	466	856
1	2948407	0	5	5	11359552	100592	38.59253692626953	-0.08377636969089508	2463.191162109375	0.9983891248703003	3.899120330810547	1	1	472	0
1	2948710	0	1	5	11369118	100251	58.92057800292969	-0.21005943417549133	2464.462890625	0.9991195797920227	3.899120330810547	0	0	465	857
1	2949168	0	5	5	11360302	100574	40.100608825683594	0.7959235906600952	2463.426513671875	0.9997564554214478	3.8920822143554688	0	0	471	0
1	2949625	0	1	5	11369868	100251	58.92057800292969	0.2520601153373718	2465.235107421875	1.0034328699111938	3.8850440979003906	0	0	463	857
1	2949778	0	5	5	11361002	100588	38.92764663696289	-0.37701642513275146	2464.25048828125	0.9981244802474976	3.8850440979003906	0	0	470	0
1	2950386	0	1	5	11370718	100264	57.82835006713867	-0.16802921891212463	2465.903564453125	1.0032132863998413	3.8850440979003906	0	0	466	857
1	2950538	0	5	5	11361702	100585	39.17898178100586	0.3351108729839325	2464.930419921875	0.9877679944038391	3.906158447265625	1	0	472	0
1	2951144	0	1	5	11371518	100259	58.2484245300293	-0.7982193827629089	2464.64453125	1.0105522871017456	3.8850440979003906	0	0	464	856
1	2951299	0	5	5	11362502	100587	39.01142501831055	-0.377019464969635	2463.230224609375	1.0016591548919678	3.8780059814453125	1	0	471	0
1	2952054	0	1	5	11372268	100258	58.33243942260742	0.2520458698272705	2463.580078125	1.0003445148468018	3.8920822143554688	0	0	466	856
1	2952054	0	5	5	11363202	100584	39.26276397705078	-0.12567315995693207	2462.11865234375	0.9925422072410583	3.899120330810547	1	1	469	0
1	2952816	0	1	5	11373118	100257	58.41645812988281	-0.21004925668239594	2461.276123046875	0.998546838760376	3.8780059814453125	0	0	464	857
1	2952816	0	5	5	11364002	100598	38.08989334106445	-0.837783932685852	2459.9345703125	0.9957213401794434	3.8850440979003906	0	0	471	0
1	2953426	0	1	5	11373868	100269	57.40829086303711	-0.29404282569885254	2456.246337890625	0.9970852732658386	3.8780059814453125	0	0	463	858
1	2953580	0	5	5	11364702	100599	38.00612258911133	-0.5445398092269897	2454.788330078125	0.9918679594993591	3.8920822143554688	1	2	469	0
1	2954336	0	1	5	11374618	100267	57.57631301879883	-0.504091739654541	2453.44287109375	1.0008394718170166	3.8780059814453125	0	0	464	859
1	2954336	0	5	5	11365452	100598	38.08989334106445	-0.5026541948318481	2449.890625	1.0028660297393799	3.8920822143554688	0	1	470	1
1	2954946	0	5	5	11366152	100583	39.3465461730957	1.1309309005737305	2449.615966796875	0.9954798817634583	3.8920822143554688	0	0	470	0
1	2955100	0	1	5	11375418	100249	59.088623046875	1.0501868724822998	2453.436279296875	1.005780816078186	3.8850440979003906	0	0	466	857
1	2955708	0	5	5	11366902	100579	39.681678771972656	0.795891523361206	2452.84619140625	0.9940261244773865	3.8850440979003906	0	0	470	1
1	2955863	0	1	5	11376218	100253	58.75253677368164	0.8401393294334412	2455.15625	1.007874608039856	3.8850440979003906	0	0	464	857
1	2956470	0	5	5	11367602	100582	39.430328369140625	0.5026703476905823	2454.258544921875	0.9920452237129211	3.8780059814453125	0	1	469	0
1	2956625	0	1	5	11376968	100259	58.2484245300293	-0.21004585921764374	2456.571044921875	0.9989926218986511	3.8920822143554688	0	0	465	858
1	2957230	0	5	5	11368352	100585	39.17898178100586	0.20944683253765106	2455.998046875	0.996157169342041	3.8780059814453125	1	1	471	0
1	2957384	0	1	5	11377768	100258	58.33243942260742	-0.16803736984729767	2457.27197265625	1.0026973485946655	3.8850440979003906	0	0	464	856
1	2957990	0	5	5	11369102	100584	39.26276397705078	0.16755948960781097	2458.33251953125	0.9948071241378784	3.8780059814453125	0	0	470	0
1	2958143	0	1	5	11378518	100259	58.2484245300293	-0.12602649629116058	2457.34326171875	1.0038740634918213	3.8780059814453125	0	0	467	856
1	2958752	0	5	5	11369802	100583	39.3465461730957	0.1256711333990097	2457.855224609375	0.9922117590904236	3.8850440979003906	0	1	470	0
1	2958904	0	1	5	11379318	100253	58.75253677368164	0.0	2456.285400390625	1.0003589391708374	3.8780059814453125	0	0	465	856
1	2959359	0	5	5	11370602	100571	40.35197448730469	0.5446056127548218	2458.09716796875	0.9955261945724487	3.8850440979003906	0	0	471	0
1	2959817	0	1	5	11380118	100249	59.088623046875	0.2940737009048462	2457.155029296875	1.0024415254592896	3.899120330810547	0	0	465	856
1	2960424	0	1	5	11380868	100249	59.088623046875	0.21005433797836304	2459.017578125	1.0039377212524414	3.8780059814453125	0	0	466	856
1	2960879	0	5	5	11371952	100575	40.016822814941406	0.46080899238586426	2463.315185546875	0.9930083751678467	3.8780059814453125	2	0	470	0
1	2961335	0	1	5	11381568	100253	58.75253677368164	-0.12603260576725006	2460.094970703125	1.0051120519638062	3.8920822143554688	0	0	466	856
1	2961489	0	5	5	11372702	100581	39.51411056518555	-0.4608275294303894	2465.277099609375	0.9932928681373596	3.8920822143554688	1	0	471	1
1	2962093	0	1	5	11382418	100248	59.17264938354492	0.12603464722633362	2460.5751953125	1.0046665668487549	3.8920822143554688	0	0	466	857
1	2962248	0	5	5	11373452	100577	39.849246978759766	0.08378513902425766	2464.681884765625	0.9933703541755676	3.899120330810547	0	1	471	0
1	2962853	0	1	5	11383218	100260	58.164405822753906	-0.5041202306747437	2462.029052734375	1.0065257549285889	3.8850440979003906	0	0	466	856
1	2963158	0	5	5	11374252	100590	38.76008987426758	-0.41890209913253784	2465.211669921875	0.9977560043334961	3.899120330810547	0	0	472	0
1	2963766	0	1	5	11383968	100245	59.42472457885742	0.29408320784568787	2461.055419921875	1.0054858922958374	3.8850440979003906	0	0	464	857
1	2963766	0	5	5	11374952	100582	39.430328369140625	0.0	2461.83740234375	0.9909700155258179	3.8920822143554688	1	1	472	0
1	2964528	0	1	5	11384818	100250	59.004600524902344	0.12603260576725006	2461.477294921875	1.0049270391464233	3.8850440979003906	0	0	465	856
1	2964528	0	5	5	11375702	100579	39.681678771972656	0.20945695042610168	2463.243408203125	0.9952765107154846	3.8850440979003906	0	0	470	0
1	2965291	0	1	5	11385618	100253	58.75253677368164	0.042010191828012466	2463.24267578125	1.0056062936782837	3.899120330810547	0	0	465	856
1	2965291	0	5	5	11376402	100583	39.3465461730957	0.1256711333990097	2464.61669921875	0.9959795475006104	3.8850440979003906	0	1	470	1
1	2965899	0	5	5	11377152	100584	39.26276397705078	-0.08378176391124725	2463.9365234375	0.9894513487815857	3.899120330810547	0	0	469	2
1	2966053	0	1	5	11386368	100251	58.92057800292969	0.1680414378643036	2463.859130859375	1.009175419807434	3.8850440979003906	0	0	465	858
1	2966659	0	5	5	11377852	100582	39.430328369140625	-0.0837831124663353	2464.48583984375	0.9942948222160339	3.8780059814453125	2	1	470	0
1	2966813	0	1	5	11387168	100257	58.41645812988281	-0.3360828757286072	2463.8203125	1.0047012567520142	3.8920822143554688	0	0	466	856
1	2967421	0	5	5	11378652	100577	39.849246978759766	0.16756892204284668	2464.03466796875	0.9927407503128052	3.8850440979003906	1	1	470	0
1	2967574	0	1	5	11387968	100248	59.17264938354492	0.0	2463.184326171875	1.002830982208252	3.8920822143554688	0	0	465	858
1	2968331	0	5	5	11379402	100580	39.59789276123047	-0.16757027804851532	2465.62353515625	0.9933985471725464	3.8920822143554688	2	1	470	0
1	2968485	0	1	5	11388768	100245	59.42472457885742	0.16804958879947662	2463.0869140625	1.0068933963775635	3.8850440979003906	0	0	466	857
1	2969091	0	5	5	11380202	100582	39.430328369140625	0.16756218671798706	2465.329345703125	0.9926562309265137	3.906158447265625	0	2	472	1
1	2969245	0	1	5	11389568	100247	59.25667190551758	0.1260356605052948	2463.8720703125	1.0048190355300903	3.8920822143554688	0	0	465	857
1	2969702	0	5	5	11380902	100576	39.93303298950195	0.25135338306427	2464.610107421875	0.9918560981750488	3.899120330810547	2	0	471	0
1	2970006	0	1	5	11390368	100250	59.004600524902344	0.12603260576725006	2464.501708984375	1.0051424503326416	3.8920822143554688	0	0	464	857
1	2970764	0	1	5	11391118	100250	59.004600524902344	0.04201120883226395	2466.71484375	1.001349687576294	3.8920822143554688	0	0	467	858
1	2971069	0	5	5	11382302	100583	39.3465461730957	-0.12567417323589325	2469.75634765625	0.9926066994667053	3.8920822143554688	1	0	469	0
1	2971526	0	1	5	11391918	100249	59.088623046875	0.04201154783368111	2466.3125	1.0051798820495605	3.8920822143554688	0	0	466	857
1	2971830	0	5	5	11383002	100585	39.17898178100586	-0.2513473331928253	2469.658203125	0.9916132688522339	3.8920822143554688	0	1	472	0
1	2972285	0	1	5	11392668	100248	59.17264938354492	-0.04201222583651543	2465.02099609375	1.0043257474899292	3.899120330810547	0	0	464	858
1	2972589	0	5	5	11383752	100587	39.01142501831055	-0.377019464969635	2468.474609375	0.9955501556396484	3.8920822143554688	0	2	471	0
1	2973044	0	1	5	11393468	100254	58.668514251708984	-0.0840207189321518	2466.3837890625	1.0027669668197632	3.8780059814453125	0	0	464	856
1	2973502	0	5	5	11384502	100588	38.92764663696289	0.0	2471.10986328125	0.9920026659965515	3.8780059814453125	0	0	472	0
1	2973956	0	1	5	11394268	100248	59.17264938354492	-0.12603770196437836	2468.525390625	1.0013622045516968	3.8850440979003906	0	0	465	857
1	2974261	0	5	5	11385352	100582	39.430328369140625	-0.04189138859510422	2473.130615234375	0.9932912588119507	3.8850440979003906	0	1	472	1
1	2974718	0	1	5	11395068	100248	59.17264938354492	0.04201188683509827	2470.491943359375	1.0009820461273193	3.8780059814453125	0	0	465	857
1	2974871	0	5	5	11386102	100585	39.17898178100586	-0.08378109335899353	2475.438720703125	0.9948327541351318	3.8850440979003906	0	0	470	0
1	2975478	0	1	5	11395818	100270	57.324283599853516	-1.00820791721344	2471.309814453125	0.9940813779830933	3.899120330810547	0	0	465	855
1	2975632	0	5	5	11386852	100604	37.587276458740234	-0.8377434611320496	2474.68017578125	1.0002450942993164	3.8850440979003906	0	1	471	0
1	2976236	0	1	5	11396568	100259	58.2484245300293	-0.5881497859954834	2467.36376953125	1.0074013471603394	3.8850440979003906	0	0	464	859
1	2976540	0	5	5	11387652	100609	37.16844940185547	-1.2147231101989746	2471.783447265625	0.9973325729370117	3.8850440979003906	0	0	469	1
1	2977145	0	1	5	11397418	100249	59.088623046875	0.5041161775588989	2464.923583984375	0.9961603879928589	3.899120330810547	0	0	466	857
1	2977299	0	5	5	11388402	100579	39.681678771972656	0.4607941508293152	2471.083740234375	0.9970522522926331	3.8850440979003906	1	0	470	0
1	2977906	0	1	5	11398218	100252	58.83655548095703	0.5461103916168213	2465.501220703125	1.0012449026107788	3.8850440979003906	0	0	464	858
1	2978061	0	5	5	11389252	100581	39.51411056518555	0.37701037526130676	2471.9404296875	1.000237226486206	3.8920822143554688	0	0	472	0
1	2978670	0	1	5	11399018	100254	58.668514251708984	-0.16804279386997223	2466.104736328125	1.0022565126419067	3.8780059814453125	0	0	466	858
1	2978824	0	5	5	11390002	100599	38.00612258911133	0.3769557476043701	2473.150146484375	0.9959345459938049	3.8920822143554688	0	0	471	0
1	2979582	0	1	5	11399868	100250	59.004600524902344	0.0	2464.728759765625	1.0038789510726929	3.8850440979003906	0	0	465	858
1	2979582	0	5	5	11390702	100583	39.3465461730957	-0.2094586342573166	2471.966552734375	0.996157169342041	3.8850440979003906	0	0	471	0
1	2980341	0	1	5	11400668	100248	59.17264938354492	0.0	2466.773193359375	1.0027775764465332	3.8920822143554688	0	0	465	857
1	2980341	0	5	5	11391402	100576	39.93303298950195	0.4608052670955658	2473.67333984375	0.9907678961753845	3.8920822143554688	1	0	473	0
1	2980951	0	5	5	11392152	100593	38.50876235961914	0.20943334698677063	2476.171142578125	0.9964406490325928	3.8920822143554688	1	1	471	0
1	2981105	0	1	5	11401468	100250	59.004600524902344	0.3360801637172699	2468.36328125	1.010798692703247	3.8920822143554688	0	0	465	857
1	2981862	0	5	5	11392902	100587	39.01142501831055	-0.335127055644989	2475.876953125	0.99376380443573	3.8850440979003906	1	1	469	0
1	2982017	0	1	5	11402268	100264	57.82835006713867	-0.7981871962547302	2467.798583984375	1.0019865036010742	3.8850440979003906	0	0	465	857
1	2982472	0	5	5	11393702	100592	38.59253692626953	-0.9216142892837524	2475.203369140625	0.9967314004898071	3.8850440979003906	0	0	472	0
1	2982777	0	1	5	11403068	100258	58.33243942260742	0.21003907918930054	2467.487060546875	1.004856824874878	3.8920822143554688	0	0	465	858
1	2983535	0	1	5	11403918	100269	57.40829086303711	-1.0922428369522095	2463.547607421875	1.0009125471115112	3.8780059814453125	0	0	465	856
1	2983839	0	5	5	11395052	100604	37.587276458740234	-0.08376827836036682	2469.8935546875	0.9917805790901184	3.899120330810547	0	0	469	2
1	2984295	0	1	5	11404668	100246	59.3406982421875	0.6301528811454773	2461.3994140625	1.002297043800354	3.8780059814453125	0	0	465	856
1	2984600	0	5	5	11395802	100573	40.18439865112305	0.4608164131641388	2469.246337890625	0.9947164058685303	3.899120330810547	1	1	471	0
1	2985208	0	1	5	11405468	100258	58.33243942260742	0.6720951795578003	2462.411865234375	1.0051956176757812	3.8780059814453125	0	0	464	857
1	2985362	0	5	5	11396552	100581	39.51411056518555	1.0053002834320068	2471.404296875	0.9941781759262085	3.8920822143554688	0	0	472	0
1	2986123	0	5	5	11397302	100582	39.430328369140625	-0.04189138859510422	2471.04443359375	0.9932378530502319	3.8850440979003906	0	0	472	0
1	2986579	0	1	5	11406918	100255	58.584495544433594	-0.1680414378643036	2462.450927734375	1.0051510334014893	3.8850440979003906	0	0	466	855
1	2986883	0	5	5	11398052	100574	40.100608825683594	0.5864818096160889	2471.4892578125	0.9942668676376343	3.8920822143554688	0	1	473	0
1	2987338	0	1	5	11407668	100255	58.584495544433594	0.04200951009988785	2463.703369140625	1.0084779262542725	3.8780059814453125	0	0	464	857
1	2987643	0	5	5	11398752	100589	38.843868255615234	-0.16755813360214233	2474.54296875	0.996472954750061	3.8920822143554688	0	0	469	1
1	2988099	0	1	5	11408468	100269	57.40829086303711	-0.6301121115684509	2464.436767578125	1.0009366273880005	3.8920822143554688	0	0	466	857
1	2988403	0	5	5	11399502	100592	38.59253692626953	-0.8797191977500916	2474.3466796875	0.9861847758293152	3.8920822143554688	0	2	470	0
1	2988861	0	1	5	11409268	100253	58.75253677368164	-0.3360937237739563	2462.677978515625	1.0050817728042603	3.8780059814453125	0	0	466	856
1	2989166	0	5	5	11400302	100590	38.76008987426758	-0.544579267501831	2473.634033203125	0.999981164932251	3.8850440979003906	0	1	470	0
1	2989624	0	1	5	11410018	100256	58.5004768371582	-0.16804008185863495	2461.548828125	1.0057638883590698	3.8850440979003906	0	0	463	858
1	2989928	0	5	5	11401052	100584	39.26276397705078	0.2513372004032135	2472.4765625	0.9980208277702332	3.8920822143554688	0	0	471	0
1	2990383	0	1	5	11410818	100252	58.83655548095703	0.3780825436115265	2460.451904296875	1.005172848701477	3.8920822143554688	0	0	466	857
1	2990537	0	5	5	11401752	100582	39.430328369140625	0.5445573925971985	2471.90771484375	0.9961217641830444	3.8780059814453125	1	0	470	0
1	2991445	0	5	5	11402502	100588	38.92764663696289	0.08377771824598312	2473.686279296875	0.9968166947364807	3.8780059814453125	1	0	471	0
1	2991902	0	1	5	11412218	100239	59.92889404296875	0.42013412714004517	2462.736328125	1.00187087059021	3.8850440979003906	0	0	466	856
1	2992056	0	5	5	11403302	100570	40.43576431274414	0.4608275294303894	2475.69384765625	0.99267578125	3.8920822143554688	2	1	469	1
1	2992813	0	1	5	11413068	100242	59.67680358886719	0.3361018896102905	2464.884521484375	1.0031347274780273	3.8850440979003906	0	0	464	858
1	2992968	0	5	5	11404052	100573	40.18439865112305	0.4189257025718689	2478.557861328125	0.9986446499824524	3.8850440979003906	0	1	470	2
1	2993577	0	1	5	11413868	100248	59.17264938354492	-0.08402479439973831	2465.974853515625	0.9972164034843445	3.8780059814453125	0	0	465	856
1	2993577	0	5	5	11404802	100576	39.93303298950195	0.04189307615160942	2479.27734375	0.9963815212249756	3.8920822143554688	0	0	471	0
1	2994336	0	1	5	11414668	100247	59.25667190551758	-0.1680523008108139	2466.87060546875	1.0036265850067139	3.8920822143554688	0	0	464	858
1	2994336	0	5	5	11405552	100571	40.35197448730469	0.0	2479.754638671875	0.9909253716468811	3.8850440979003906	0	0	470	0
1	2995245	0	1	5	11415468	100245	59.42472457885742	-0.2940998375415802	2469.817138671875	0.9929255247116089	3.8709676265716553	0	0	464	856
1	2996454	0	5	5	11407602	100613	36.833396911621094	-1.7173949480056763	2481.840576171875	1.0262948274612427	3.899120330810547	0	1	472	0
1	2996759	0	1	5	11416968	100285	56.0642204284668	-1.8062922954559326	2469.16162109375	1.0132564306259155	3.8850440979003906	0	0	465	857
1	2997213	0	5	5	11408402	100587	39.01142501831055	-0.377019464969635	2474.601806640625	0.9934501647949219	3.8850440979003906	1	0	472	1
1	2997520	0	1	5	11417818	100262	57.996376037597656	-0.6301477551460266	2464.7353515625	0.996959924697876	3.8780059814453125	0	0	464	858
1	2997974	0	5	5	11409102	100586	39.0952033996582	0.08377906680107117	2475.77880859375	0.9914588928222656	3.8920822143554688	1	0	472	0
1	2998732	0	5	5	11409902	100585	39.17898178100586	0.4607718884944916	2475.857421875	1.0018374919891357	3.8850440979003906	1	0	470	0
1	2998886	0	1	5	11419268	100252	58.83655548095703	0.50410395860672	2465.144287109375	1.0059254169464111	3.899120330810547	0	0	465	856
1	2999492	0	5	5	11410652	100575	40.016822814941406	0.5026987195014954	2475.99462890625	0.9904059171676636	3.8850440979003906	1	0	471	0
1	2999647	0	1	5	11420068	100251	58.92057800292969	0.042010869830846786	2465.721923828125	0.9944007992744446	3.8780059814453125	0	0	464	855
1	3000252	0	5	5	11411402	100586	39.0952033996582	0.2513331472873688	2476.14501953125	0.9833753108978271	3.8780059814453125	0	0	471	0
1	3000559	0	1	5	11420918	100248	59.17264938354492	0.1680455058813095	2466.611083984375	1.0018123388290405	3.8850440979003906	0	0	466	856
1	3001013	0	5	5	11412102	100581	39.51411056518555	0.04189138859510422	2478.57763671875	0.9899705648422241	3.8780059814453125	0	0	474	0
1	3001471	0	1	5	11421768	100258	58.33243942260742	-0.04200883209705353	2468.759033203125	1.0020204782485962	3.8920822143554688	0	0	467	856
1	3001626	0	5	5	11412852	100580	39.59789276123047	0.0	2479.296875	0.995366096496582	3.8850440979003906	1	1	470	0
1	3002232	0	1	5	11422618	100260	58.164405822753906	-0.1680346578359604	2468.506103515625	1.003922700881958	3.8780059814453125	0	0	464	857
1	3002988	0	1	5	11423418	100261	58.08039093017578	-0.5041161775588989	2467.078125	1.002361536026001	3.8709676265716553	0	0	465	855
1	3002988	0	5	5	11414202	100583	39.3465461730957	-0.3770315945148468	2479.721923828125	0.9991858005523682	3.8920822143554688	0	0	469	0
1	3003748	0	1	5	11424118	100258	58.33243942260742	-0.4621158242225647	2467.305419921875	0.9922524690628052	3.8780059814453125	0	0	464	857
1	3003748	0	5	5	11414952	100584	39.26276397705078	-0.33513516187667847	2481.736083984375	0.9993676543235779	3.8920822143554688	1	0	469	0
1	3004509	0	1	5	11424918	100251	58.92057800292969	0.3780856132507324	2469.14208984375	0.9953911304473877	3.8780059814453125	0	0	467	855
1	3005268	0	5	5	11416302	100584	39.26276397705078	0.0	2484.861572265625	0.9981220960617065	3.8920822143554688	0	0	471	1
1	3005421	0	1	5	11425668	100243	59.592777252197266	0.46213075518608093	2471.251220703125	0.9903618693351746	3.8850440979003906	0	0	465	856
1	3006030	0	5	5	11417152	100585	39.17898178100586	0.041890040040016174	2486.0322265625	0.9952471852302551	3.8850440979003906	0	1	472	0
1	3006786	0	5	5	11417902	100590	38.76008987426758	-0.4607941508293152	2487.4052734375	0.9973763227462769	3.8920822143554688	1	0	469	1
1	3006941	0	1	5	11427218	100254	58.668514251708984	0.04200984910130501	2471.8095703125	0.9984748363494873	3.8920822143554688	0	0	463	855
1	3007547	0	5	5	11418652	100593	38.50876235961914	-0.5445661544799805	2487.9873046875	0.9920622706413269	3.8850440979003906	0	1	471	1
1	3007852	0	1	5	11428068	100253	58.75253677368164	0.5881117582321167	2473.0166015625	1.0202438831329346	3.8780059814453125	0	0	464	856
1	3008156	0	5	5	11419352	100587	39.01142501831055	-0.20945188403129578	2487.006591796875	0.9970994591712952	3.8920822143554688	0	1	472	0
1	3008612	0	1	5	11428918	100266	57.66032409667969	-0.33605843782424927	2472.34814453125	1.0257325172424316	3.8850440979003906	0	0	463	858
1	3008917	0	5	5	11420102	100590	38.76008987426758	-0.37701037526130676	2485.862060546875	1.0018699169158936	3.8920822143554688	0	0	470	0
1	3009223	0	1	5	11429668	100257	58.41645812988281	0.4200730621814728	2472.04296875	1.0175937414169312	3.8850440979003906	0	0	466	858
1	3009677	0	5	5	11420802	100575	40.016822814941406	0.46080899238586426	2485.365234375	0.9893141984939575	3.8920822143554688	0	0	470	0
1	3009983	0	1	5	11430368	100270	57.324283599853516	-0.462071031332016	2472.322265625	1.0123051404953003	3.8850440979003906	0	0	465	855
1	3010436	0	5	5	11421602	100574	40.100608825683594	0.33514055609703064	2486.849609375	0.9953402280807495	3.8920822143554688	1	1	472	0
