#version	serial	flight	time	state	state_name	acceleration	pressure	altitude	height	speed	temperature	drogue_voltage	main_voltage	battery_voltage
6	6363	11	-0.62	3	boost	10.40	102507.00	-97.93	6.92	14.73	17.0	4.06	4.09	4.07
6	6363	11	-0.61	3	boost	10.94	102501.00	-97.44	7.42	14.94	17.0	4.06	4.09	4.07
6	6363	11	-0.60	3	boost	11.51	102502.00	-97.52	7.34	15.15	17.0	4.06	4.09	4.07
6	6363	11	-0.59	3	boost	12.09	102501.00	-97.44	7.42	15.37	17.0	4.07	4.10	4.07
6	6363	11	-0.58	3	boost	12.69	102496.00	-97.02	7.83	15.58	17.0	4.06	4.09	4.07
6	6363	11	-0.57	3	boost	13.31	102497.00	-97.11	7.75	15.80	17.0	4.07	4.09	4.07
6	6363	11	-0.56	3	boost	13.94	102491.00	-96.61	8.24	16.02	17.0	4.06	4.10	4.06
6	6363	11	-0.55	3	boost	14.59	102486.00	-96.20	8.66	16.24	17.0	4.07	4.09	4.07
6	6363	11	-0.54	3	boost	15.25	102481.00	-95.79	9.07	16.47	17.0	4.06	4.09	4.07
6	6363	11	-0.53	3	boost	15.92	102484.00	-96.03	8.82	16.70	17.0	4.06	4.09	4.07
6	6363	11	-0.52	3	boost	16.60	102472.00	-95.04	9.81	16.93	17.0	4.05	4.08	4.08
6	6363	11	-0.51	3	boost	17.28	102482.00	-95.87	8.99	17.16	17.0	4.06	4.10	4.07
6	6363	11	-0.50	3	boost	17.97	102481.00	-95.79	9.07	17.39	17.0	4.06	4.09	4.07
6	6363	11	-0.49	3	boost	18.66	102471.00	-94.96	9.89	17.63	17.0	4.06	4.09	4.07
6	6363	11	-0.48	3	boost	19.34	102474.00	-95.21	9.65	17.87	17.0	4.06	4.09	4.07
6	6363	11	-0.47	3	boost	20.02	102471.00	-94.96	9.89	18.11	17.0	4.06	4.09	4.07
6	6363	11	-0.46	3	boost	20.69	102459.00	-93.97	10.88	18.35	17.0	4.06	4.09	4.07
6	6363	11	-0.45	3	boost	21.34	102460.00	-94.05	10.80	18.60	17.0	4.06	4.09	4.07
6	6363	11	-0.44	3	boost	21.98	102457.00	-93.81	11.05	18.85	17.0	4.06	4.09	4.07
6	6363	11	-0.43	3	boost	22.60	102461.00	-94.14	10.72	19.10	17.0	4.06	4.09	4.07
6	6363	11	-0.42	3	boost	23.20	102453.00	-93.48	11.38	19.35	17.0	4.07	4.09	4.07
6	6363	11	-0.41	3	boost	23.77	102443.00	-92.65	12.20	19.61	17.0	4.05	4.08	4.08
6	6363	11	-0.40	3	boost	24.31	102442.00	-92.57	12.29	19.86	17.0	4.06	4.09	4.07
6	6363	11	-0.39	3	boost	24.82	102442.00	-92.57	12.29	20.12	17.0	4.07	4.09	4.07
6	6363	11	-0.38	3	boost	25.30	102436.00	-92.07	12.78	20.38	17.0	4.06	4.09	4.07
6	6363	11	-0.37	3	boost	25.75	102429.00	-91.50	13.36	20.65	17.0	4.06	4.09	4.07
6	6363	11	-0.36	3	boost	26.16	102434.00	-91.91	12.95	20.91	17.0	4.06	4.10	4.07
6	6363	11	-0.35	3	boost	26.54	102415.00	-90.34	14.51	21.18	17.0	4.07	4.09	4.07
6	6363	11	-0.34	3	boost	26.88	102416.00	-90.42	14.43	21.45	17.0	4.06	4.09	4.07
6	6363	11	-0.33	3	boost	27.19	102417.00	-90.51	14.35	21.72	17.0	4.06	4.09	4.07
6	6363	11	-0.32	3	boost	27.47	102414.00	-90.26	14.60	21.99	17.0	4.06	4.09	4.06
6	6363	11	-0.31	3	boost	27.71	102405.00	-89.52	15.34	22.27	17.0	4.06	4.09	4.07
6	6363	11	-0.30	3	boost	27.93	102400.00	-89.10	15.75	22.55	17.0	4.05	4.08	4.08
6	6363	11	-0.29	3	boost	28.11	102400.00	-89.10	15.75	22.83	17.0	4.06	4.09	4.07
6	6363	11	-0.28	3	boost	28.28	102394.00	-88.61	16.25	23.11	17.0	4.07	4.09	4.07
6	6363	11	-0.27	3	boost	28.41	102391.00	-88.36	16.49	23.39	17.0	4.06	4.10	4.07
6	6363	11	-0.26	3	boost	28.53	102389.00	-88.20	16.66	23.67	17.0	4.06	4.09	4.07
6	6363	11	-0.25	3	boost	28.64	102381.00	-87.54	17.32	23.96	17.0	4.06	4.09	4.07
6	6363	11	-0.24	3	boost	28.72	102375.00	-87.04	17.82	24.25	17.0	4.06	4.09	4.07
6	6363	11	-0.23	3	boost	28.80	102370.00	-86.63	18.23	24.54	17.0	4.07	4.09	4.07
6	6363	11	-0.22	3	boost	28.87	102374.00	-86.96	17.90	24.83	17.0	4.07	4.09	4.07
6	6363	11	-0.21	3	boost	28.93	102364.00	-86.13	18.72	25.12	17.0	4.06	4.09	4.07
6	6363	11	-0.20	3	boost	28.99	102358.00	-85.64	19.22	25.42	17.0	4.06	4.09	4.07
6	6363	11	-0.19	3	boost	29.05	102357.00	-85.55	19.30	25.71	17.0	4.05	4.08	4.08
6	6363	11	-0.18	3	boost	29.11	102347.00	-84.73	20.13	26.01	17.0	4.07	4.09	4.07
6	6363	11	-0.17	3	boost	29.17	102347.00	-84.73	20.13	26.31	17.0	4.06	4.09	4.07
6	6363	11	-0.16	3	boost	29.24	102338.00	-83.99	20.87	26.61	17.0	4.07	4.09	4.07
6	6363	11	-0.15	3	boost	29.30	102346.00	-84.65	20.21	26.91	17.0	4.07	4.09	4.07
6	6363	11	-0.14	3	boost	29.37	102330.00	-83.32	21.53	27.21	17.0	4.06	4.09	4.07
6	6363	11	-0.13	3	boost	29.45	102331.00	-83.41	21.45	27.52	17.0	4.06	4.09	4.07
6	6363	11	-0.12	3	boost	29.53	102320.00	-82.50	22.36	27.82	17.0	4.06	4.09	4.07
6	6363	11	-0.11	3	boost	29.60	102320.00	-82.50	22.36	28.13	17.0	4.06	4.09	4.07
6	6363	11	-0.10	3	boost	29.66	102319.00	-82.42	22.44	28.43	17.0	4.07	4.09	4.07
6	6363	11	-0.09	3	boost	29.72	102312.00	-81.84	23.02	28.74	17.0	4.06	4.09	4.07
6	6363	11	-0.08	3	boost	29.78	102307.00	-81.42	23.43	29.05	17.0	4.06	4.09	4.08
6	6363	11	-0.07	3	boost	29.82	102305.00	-81.26	23.60	29.36	17.0	4.06	4.09	4.06
6	6363	11	-0.06	3	boost	29.87	102300.00	-80.85	24.01	29.67	17.0	4.06	4.09	4.07
6	6363	11	-0.05	3	boost	29.90	102300.00	-80.85	24.01	29.98	17.0	4.06	4.09	4.07
6	6363	11	-0.04	3	boost	29.93	102292.00	-80.19	24.67	30.29	17.0	4.06	4.09	4.07
6	6363	11	-0.03	3	boost	29.95	102289.00	-79.94	24.92	30.60	17.0	4.06	4.09	4.07
6	6363	11	-0.02	3	boost	29.97	102290.00	-80.02	24.83	30.91	17.0	4.06	4.09	4.07
6	6363	11	-0.01	3	boost	29.98	102287.00	-79.77	25.08	31.22	17.0	4.06	4.09	4.06
6	6363	11	0.00	3	boost	29.98	102282.00	-79.36	25.50	31.53	17.0	4.06	4.09	4.07
6	6363	11	0.00	3	boost	29.98	102282.00	-79.36	25.50	31.53	17.0	4.06	4.09	4.07
6	6363	11	0.00	3	boost	29.98	102282.00	-79.36	25.50	31.53	17.0	4.06	4.09	4.07
6	6363	11	0.00	3	boost	29.98	102282.00	-79.36	25.50	31.53	17.0	4.06	4.09	4.07
6	6363	11	0.00	3	boost	29.98	102282.00	-79.36	25.50	31.53	17.0	4.06	4.09	4.07
6	6363	11	0.00	3	boost	29.98	102282.00	-79.36	25.50	31.53	17.0	4.06	4.09	4.07
6	6363	11	0.00	3	boost	29.98	102282.00	-79.36	25.50	31.53	17.0	4.06	4.09	4.07
6	6363	11	0.00	3	boost	29.98	102282.00	-79.36	25.50	31.53	17.0	4.06	4.09	4.07
6	6363	11	0.00	3	boost	29.98	102282.00	-79.36	25.50	31.53	17.0	4.06	4.09	4.07
6	6363	11	0.00	3	boost	29.98	102282.00	-79.36	25.50	31.53	17.0	4.06	4.09	4.07
6	6363	11	0.00	3	boost	29.98	102282.00	-79.36	25.50	31.53	17.0	4.06	4.09	4.07
6	6363	11	0.00	3	boost	29.98	102282.00	-79.36	25.50	31.53	17.0	4.06	4.09	4.07
6	6363	11	0.00	3	boost	29.98	102282.00	-79.36	25.50	31.53	17.0	4.06	4.09	4.07
6	6363	11	0.00	3	boost	29.98	102282.00	-79.36	25.50	31.53	17.0	4.06	4.09	4.07
6	6363	11	0.00	3	boost	29.98	102282.00	-79.36	25.50	31.53	17.0	4.06	4.09	4.07
6	6363	11	0.00	3	boost	29.98	102282.00	-79.36	25.50	31.53	17.0	4.06	4.09	4.07
6	6363	11	0.00	3	boost	29.98	102282.00	-79.36	25.50	31.53	17.0	4.06	4.09	4.07
6	6363	11	0.00	3	boost	29.98	102282.00	-79.36	25.50	31.53	17.0	4.06	4.09	4.07
6	6363	11	0.00	3	boost	29.98	102282.00	-79.36	25.50	31.53	17.0	4.06	4.09	4.07
6	6363	11	0.00	3	boost	29.98	102282.00	-79.36	25.50	31.53	17.0	4.06	4.09	4.07
6	6363	11	0.00	3	boost	29.98	102282.00	-79.36	25.50	31.53	17.0	4.06	4.09	4.07
6	6363	11	0.00	3	boost	29.98	102282.00	-79.36	25.50	31.53	17.0	4.06	4.09	4.07
6	6363	11	0.00	3	boost	29.98	102282.00	-79.36	25.50	31.53	17.0	4.06	4.09	4.07
6	6363	11	0.00	3	boost	29.98	102282.00	-79.36	25.50	31.53	17.0	4.06	4.09	4.07
6	6363	11	0.00	3	boost	29.98	102282.00	-79.36	25.50	31.53	17.0	4.06	4.09	4.07
6	6363	11	0.00	3	boost	29.98	102282.00	-79.36	25.50	31.53	17.0	4.06	4.09	4.07
6	6363	11	0.00	3	boost	29.98	102282.00	-79.36	25.50	31.53	17.0	4.06	4.09	4.07
6	6363	11	0.00	3	boost	29.98	102282.00	-79.36	25.50	31.53	17.0	4.06	4.09	4.07
6	6363	11	0.00	3	boost	29.98	102282.00	-79.36	25.50	31.53	17.0	4.06	4.09	4.07
6	6363	11	0.00	3	boost	29.98	102282.00	-79.36	25.50	31.53	17.0	4.06	4.09	4.07
6	6363	11	0.00	3	boost	29.98	102282.00	-79.36	25.50	31.53	17.0	4.06	4.09	4.07
6	6363	11	0.00	3	boost	29.98	102282.00	-79.36	25.50	31.53	17.0	4.06	4.09	4.07
6	6363	11	0.00	3	boost	29.98	102282.00	-79.36	25.50	31.53	17.0	4.06	4.09	4.07
6	6363	11	0.00	3	boost	29.98	102282.00	-79.36	25.50	31.53	17.0	4.06	4.09	4.07
6	6363	11	0.00	3	boost	29.98	102282.00	-79.36	25.50	31.53	17.0	4.06	4.09	4.07
6	6363	11	0.00	3	boost	29.98	102282.00	-79.36	25.50	31.53	17.0	4.06	4.09	4.07
6	6363	11	0.00	3	boost	29.98	102282.00	-79.36	25.50	31.53	17.0	4.06	4.09	4.07
6	6363	11	0.00	3	boost	29.98	102282.00	-79.36	25.50	31.53	17.0	4.06	4.09	4.07
6	6363	11	0.00	3	boost	29.98	102282.00	-79.36	25.50	31.53	17.0	4.06	4.09	4.07
6	6363	11	0.00	3	boost	29.98	102282.00	-79.36	25.50	31.53	17.0	4.06	4.09	4.07
6	6363	11	0.00	3	boost	29.98	102282.00	-79.36	25.50	31.53	17.0	4.06	4.09	4.07
6	6363	11	0.00	3	boost	29.98	102282.00	-79.36	25.50	31.53	17.0	4.06	4.09	4.07
6	6363	11	0.00	3	boost	29.98	102282.00	-79.36	25.50	31.53	17.0	4.06	4.09	4.07
6	6363	11	0.00	3	boost	29.98	102282.00	-79.36	25.50	31.53	17.0	4.06	4.09	4.07
6	6363	11	0.00	3	boost	29.98	102282.00	-79.36	25.50	31.53	17.0	4.06	4.09	4.07
6	6363	11	0.00	3	boost	29.98	102282.00	-79.36	25.50	31.53	17.0	4.06	4.09	4.07
6	6363	11	0.00	3	boost	29.98	102282.00	-79.36	25.50	31.53	17.0	4.06	4.09	4.07
6	6363	11	0.00	3	boost	29.98	102282.00	-79.36	25.50	31.53	17.0	4.06	4.09	4.07
6	6363	11	0.00	3	boost	29.98	102282.00	-79.36	25.50	31.53	17.0	4.06	4.09	4.07
6	6363	11	0.00	3	boost	29.98	102282.00	-79.36	25.50	31.53	17.0	4.06	4.09	4.07
6	6363	11	0.00	3	boost	29.98	102282.00	-79.36	25.50	31.53	17.0	4.06	4.09	4.07
6	6363	11	0.00	3	boost	29.98	102282.00	-79.36	25.50	31.53	17.0	4.06	4.09	4.07
6	6363	11	0.00	3	boost	29.98	102282.00	-79.36	25.50	31.53	17.0	4.06	4.09	4.07
6	6363	11	0.00	3	boost	29.98	102282.00	-79.36	25.50	31.53	17.0	4.06	4.09	4.07
6	6363	11	0.00	3	boost	29.98	102282.00	-79.36	25.50	31.53	17.0	4.06	4.09	4.07
6	6363	11	0.00	3	boost	29.98	102282.00	-79.36	25.50	31.53	17.0	4.06	4.09	4.07
6	6363	11	0.00	3	boost	29.98	102282.00	-79.36	25.50	31.53	17.0	4.06	4.09	4.07
6	6363	11	0.00	3	boost	29.98	102282.00	-79.36	25.50	31.53	17.0	4.06	4.09	4.07
6	6363	11	0.00	3	boost	29.98	102282.00	-79.36	25.50	31.53	17.0	4.06	4.09	4.07
6	6363	11	0.00	3	boost	29.98	102282.00	-79.36	25.50	31.53	17.0	4.06	4.09	4.07
6	6363	11	0.00	3	boost	29.98	102282.00	-79.36	25.50	31.53	17.0	4.06	4.09	4.07
6	6363	11	0.00	3	boost	29.98	102282.00	-79.36	25.50	31.53	17.0	4.06	4.09	4.07
6	6363	11	0.00	3	boost	29.98	102282.00	-79.36	25.50	31.53	17.0	4.06	4.09	4.07
6	6363	11	0.00	3	boost	29.98	102282.00	-79.36	25.50	31.53	17.0	4.06	4.09	4.07
6	6363	11	0.01	3	boost	29.97	102282.00	-79.36	25.50	31.84	17.0	4.07	4.18	4.07
6	6363	11	0.02	3	boost	29.96	102282.00	-79.36	25.50	32.15	17.0	4.08	4.07	4.07
6	6363	11	0.02	3	boost	29.96	102282.00	-79.36	25.50	32.15	17.0	4.08	4.07	4.07
6	6363	11	0.03	3	boost	29.95	102282.00	-79.36	25.50	32.46	17.0	4.09	4.06	4.09
6	6363	11	0.04	3	boost	29.92	102244.00	-76.22	28.64	32.78	16.9	4.07	4.11	4.06
6	6363	11	0.05	3	boost	29.89	102251.00	-76.80	28.06	33.09	16.9	4.07	4.10	4.07
6	6363	11	0.06	3	boost	29.85	102259.00	-77.46	27.40	33.40	16.9	4.08	4.09	4.08
6	6363	11	0.07	3	boost	29.81	102248.00	-76.55	28.30	33.71	16.9	4.06	4.09	4.07
6	6363	11	0.08	3	boost	29.76	102248.00	-76.55	28.30	34.02	16.9	4.06	4.07	4.08
6	6363	11	0.09	3	boost	29.70	102241.00	-75.97	28.88	34.33	16.9	4.06	4.09	4.07
6	6363	11	0.10	3	boost	29.63	102242.00	-76.05	28.80	34.64	16.9	4.04	4.10	4.05
6	6363	11	0.11	3	boost	29.56	102237.00	-75.64	29.21	34.94	16.9	4.06	4.10	4.06
6	6363	11	0.12	3	boost	29.48	102244.00	-76.22	28.64	35.25	16.9	4.08	4.11	4.06
6	6363	11	0.13	3	boost	29.40	102231.00	-75.15	29.71	35.56	16.9	4.06	4.08	4.08
6	6363	11	0.14	3	boost	29.31	102231.00	-75.15	29.71	35.86	16.9	4.07	4.08	4.07
6	6363	11	0.15	3	boost	29.21	102221.00	-74.32	30.54	36.17	16.9	4.06	4.08	4.08
6	6363	11	0.16	3	boost	29.11	102212.00	-73.58	31.28	36.47	16.9	4.04	4.07	4.07
6	6363	11	0.17	3	boost	29.00	102213.00	-73.66	31.20	36.78	16.9	4.06	4.09	4.06
6	6363	11	0.18	3	boost	28.88	102207.00	-73.16	31.69	37.08	16.9	4.05	4.11	4.05
6	6363	11	0.19	3	boost	28.76	102206.00	-73.08	31.78	37.38	16.9	4.06	4.10	4.06
6	6363	11	0.20	3	boost	28.63	102190.00	-71.76	33.10	37.68	16.9	4.09	4.10	4.07
6	6363	11	0.21	3	boost	28.49	102188.00	-71.59	33.26	37.97	16.9	4.07	4.09	4.07
6	6363	11	0.22	3	boost	28.35	102185.00	-71.34	33.51	38.27	16.9	4.07	4.09	4.07
6	6363	11	0.23	3	boost	28.21	102190.00	-71.76	33.10	38.56	16.9	4.05	4.08	4.07
6	6363	11	0.24	3	boost	28.05	102189.00	-71.67	33.18	38.85	16.9	4.07	4.06	4.10
6	6363	11	0.25	3	boost	27.90	102189.00	-71.67	33.18	39.14	16.9	4.06	4.09	4.06
6	6363	11	0.26	3	boost	27.73	102175.00	-70.52	34.34	39.43	16.9	4.06	4.09	4.07
6	6363	11	0.27	3	boost	27.56	102167.00	-69.86	35.00	39.72	16.9	4.06	4.09	4.06
6	6363	11	0.28	3	boost	27.39	102168.00	-69.94	34.92	40.00	16.9	4.06	4.09	4.07
6	6363	11	0.29	3	boost	27.21	102157.00	-69.03	35.83	40.29	16.9	4.06	4.09	4.07
6	6363	11	0.30	3	boost	27.03	102159.00	-69.19	35.66	40.57	16.9	4.06	4.10	4.06
6	6363	11	0.31	3	boost	26.84	102148.00	-68.28	36.57	40.85	16.9	4.06	4.07	4.08
6	6363	11	0.32	3	boost	26.65	102154.00	-68.78	36.08	41.12	16.9	4.06	4.09	4.07
6	6363	11	0.33	3	boost	26.45	102149.00	-68.37	36.49	41.40	16.9	4.07	4.08	4.08
6	6363	11	0.34	3	boost	26.25	102135.00	-67.21	37.65	41.67	16.9	4.06	4.09	4.07
6	6363	11	0.35	3	boost	26.04	102132.00	-66.96	37.89	41.94	16.9	4.05	4.06	4.09
6	6363	11	0.36	3	boost	25.83	102132.00	-66.96	37.89	42.21	16.9	4.06	4.08	4.06
6	6363	11	0.37	3	boost	25.62	102123.00	-66.22	38.64	42.47	16.9	4.07	4.10	4.06
6	6363	11	0.38	3	boost	25.40	102126.00	-66.46	38.39	42.74	16.9	4.05	4.08	4.07
6	6363	11	0.39	3	boost	25.19	102107.00	-64.89	39.96	43.00	16.9	4.06	4.09	4.07
6	6363	11	0.40	3	boost	24.96	102109.00	-65.06	39.80	43.25	16.9	4.07	4.09	4.07
6	6363	11	0.41	3	boost	24.74	102099.00	-64.23	40.62	43.51	16.9	4.06	4.09	4.07
6	6363	11	0.42	3	boost	24.51	102095.00	-63.90	40.96	43.76	16.9	4.06	4.09	4.06
6	6363	11	0.43	3	boost	24.28	102100.00	-64.31	40.54	44.01	16.9	4.06	4.09	4.07
6	6363	11	0.44	3	boost	24.05	102089.00	-63.40	41.45	44.26	16.9	4.06	4.10	4.07
6	6363	11	0.45	3	boost	23.81	102084.00	-62.99	41.87	44.50	16.9	4.06	4.07	4.08
6	6363	11	0.46	3	boost	23.57	102082.00	-62.82	42.03	44.74	16.9	4.07	4.08	4.08
6	6363	11	0.47	3	boost	23.34	102082.00	-62.82	42.03	44.98	16.9	4.05	4.09	4.06
6	6363	11	0.48	3	boost	23.10	102058.00	-60.84	44.02	45.22	16.9	4.05	4.08	4.07
6	6363	11	0.49	3	boost	22.85	102056.00	-60.67	44.18	45.45	16.9	4.06	4.09	4.07
6	6363	11	0.50	3	boost	22.61	102066.00	-61.50	43.35	45.68	16.9	4.06	4.10	4.06
6	6363	11	0.51	3	boost	22.37	102044.00	-59.68	45.18	45.90	16.9	4.06	4.09	4.07
6	6363	11	0.52	3	boost	22.13	102053.00	-60.42	44.43	46.13	16.9	4.05	4.08	4.07
6	6363	11	0.53	3	boost	21.88	102026.00	-58.19	46.67	46.35	16.9	4.06	4.09	4.06
6	6363	11	0.54	3	boost	21.64	102036.00	-59.02	45.84	46.57	16.9	4.06	4.09	4.07
6	6363	11	0.55	3	boost	21.39	102026.00	-58.19	46.67	46.79	16.9	4.06	4.09	4.06
6	6363	11	0.56	3	boost	21.15	102020.00	-57.69	47.16	47.00	16.9	4.06	4.09	4.07
6	6363	11	0.57	3	boost	20.90	102009.00	-56.78	48.07	47.21	16.9	4.05	4.07	4.08
6	6363	11	0.58	3	boost	20.66	102009.00	-56.78	48.07	47.42	16.9	4.06	4.09	4.06
6	6363	11	0.59	3	boost	20.42	102003.00	-56.29	48.57	47.62	16.9	4.05	4.07	4.08
6	6363	11	0.60	3	boost	20.18	102006.00	-56.53	48.32	47.82	16.9	4.07	4.09	4.07
6	6363	11	0.61	3	boost	19.94	101994.00	-55.54	49.31	48.02	16.9	4.07	4.08	4.08
6	6363	11	0.62	3	boost	19.70	101982.00	-54.55	50.31	48.22	16.9	4.06	4.08	4.07
6	6363	11	0.63	3	boost	19.46	101987.00	-54.96	49.89	48.41	16.9	4.05	4.09	4.06
6	6363	11	0.64	3	boost	19.22	101975.00	-53.97	50.89	48.60	16.9	4.06	4.09	4.06
6	6363	11	0.65	3	boost	18.99	101964.00	-53.06	51.80	48.79	16.9	4.07	4.11	4.06
6	6363	11	0.66	3	boost	18.76	101946.00	-51.57	53.29	48.98	16.9	4.06	4.08	4.08
6	6363	11	0.67	3	boost	18.53	101945.00	-51.48	53.37	49.16	16.9	4.07	4.09	4.07
6	6363	11	0.68	3	boost	18.30	101953.00	-52.15	52.71	49.34	16.9	4.05	4.07	4.08
6	6363	11	0.69	3	boost	18.07	101953.00	-52.15	52.71	49.52	16.9	4.06	4.09	4.06
6	6363	11	0.70	3	boost	17.85	101931.00	-50.32	54.53	49.70	16.9	4.06	4.10	4.06
6	6363	11	0.71	3	boost	17.63	101927.00	-49.99	54.86	49.87	16.9	4.06	4.09	4.07
6	6363	11	0.72	3	boost	17.41	101921.00	-49.49	55.36	50.04	16.9	4.06	4.09	4.07
6	6363	11	0.73	3	boost	17.20	101912.00	-48.75	56.11	50.21	16.9	4.05	4.07	4.09
6	6363	11	0.74	3	boost	16.99	101901.00	-47.84	57.02	50.37	16.9	4.06	4.09	4.07
6	6363	11	0.75	3	boost	16.78	101906.00	-48.25	56.60	50.54	16.9	4.06	4.10	4.06
6	6363	11	0.76	3	boost	16.57	101891.00	-47.01	57.85	50.70	16.9	4.06	4.09	4.07
6	6363	11	0.77	3	boost	16.37	101884.00	-46.43	58.43	50.86	16.9	4.06	4.09	4.07
6	6363	11	0.78	3	boost	16.17	101879.00	-46.01	58.84	51.02	16.9	4.06	4.09	4.07
6	6363	11	0.79	3	boost	15.98	101876.00	-45.77	59.09	51.17	16.9	4.05	4.07	4.09
6	6363	11	0.80	3	boost	15.79	101876.00	-45.77	59.09	51.33	16.9	4.06	4.09	4.06
6	6363	11	0.81	3	boost	15.60	101864.00	-44.77	60.08	51.48	16.9	4.06	4.09	4.07
6	6363	11	0.82	3	boost	15.41	101863.00	-44.69	60.17	51.63	16.9	4.06	4.09	4.07
6	6363	11	0.83	3	boost	15.23	101847.00	-43.36	61.49	51.77	16.9	4.07	4.09	4.07
6	6363	11	0.84	3	boost	15.06	101838.00	-42.62	62.24	51.92	16.9	4.06	4.09	4.07
6	6363	11	0.85	3	boost	14.89	101829.00	-41.87	62.99	52.06	16.9	4.06	4.10	4.07
6	6363	11	0.86	3	boost	14.72	101831.00	-42.04	62.82	52.20	16.9	4.06	4.09	4.07
6	6363	11	0.87	3	boost	14.55	101824.00	-41.46	63.40	52.34	16.9	4.06	4.09	4.07
6	6363	11	0.88	3	boost	14.39	101818.00	-40.96	63.90	52.48	16.9	4.07	4.09	4.07
6	6363	11	0.89	3	boost	14.24	101810.00	-40.29	64.56	52.61	16.9	4.06	4.10	4.07
6	6363	11	0.90	3	boost	14.08	101809.00	-40.21	64.64	52.75	16.9	4.05	4.07	4.08
6	6363	11	0.91	3	boost	13.94	101809.00	-40.21	64.64	52.88	16.9	4.06	4.09	4.06
6	6363	11	0.92	3	boost	13.79	101793.00	-38.88	65.97	53.01	16.9	4.06	4.09	4.07
6	6363	11	0.93	3	boost	13.65	101783.00	-38.06	66.80	53.14	16.9	4.07	4.09	4.07
6	6363	11	0.94	3	boost	13.51	101779.00	-37.72	67.13	53.27	16.9	4.06	4.09	4.07
6	6363	11	0.95	3	boost	13.38	101773.00	-37.23	67.63	53.40	16.9	4.06	4.10	4.07
6	6363	11	0.96	3	boost	13.25	101770.00	-36.98	67.88	53.53	16.9	4.07	4.09	4.07
6	6363	11	0.97	3	boost	13.12	101768.00	-36.81	68.04	53.65	16.9	4.06	4.09	4.07
6	6363	11	0.98	3	boost	13.00	101752.00	-35.48	69.37	53.77	16.9	4.07	4.10	4.07
6	6363	11	0.99	3	boost	12.88	101740.00	-34.49	70.37	53.90	16.9	4.06	4.09	4.07
6	6363	11	1.00	3	boost	12.76	101739.00	-34.41	70.45	54.02	16.9	4.06	4.09	4.06
6	6363	11	1.01	3	boost	12.65	101728.00	-33.49	71.36	54.14	16.9	4.06	4.07	4.08
6	6363	11	1.02	3	boost	12.54	101728.00	-33.49	71.36	54.26	16.9	4.06	4.09	4.06
6	6363	11	1.03	3	boost	12.43	101710.00	-32.00	72.86	54.38	16.9	4.07	4.09	4.07
6	6363	11	1.04	3	boost	12.33	101712.00	-32.17	72.69	54.50	16.9	4.06	4.09	4.07
6	6363	11	1.05	3	boost	12.23	101711.00	-32.08	72.77	54.61	16.9	4.06	4.10	4.06
6	6363	11	1.06	3	boost	12.13	101707.00	-31.75	73.11	54.73	16.9	4.06	4.09	4.06
6	6363	11	1.07	3	boost	12.03	101703.00	-31.42	73.44	54.85	16.9	4.06	4.09	4.07
6	6363	11	1.08	3	boost	11.94	101697.00	-30.92	73.94	54.96	16.9	4.06	4.09	4.07
6	6363	11	1.09	3	boost	11.85	101689.00	-30.26	74.60	55.08	16.9	4.06	4.09	4.07
6	6363	11	1.10	3	boost	11.76	101684.00	-29.84	75.01	55.19	16.9	4.06	4.07	4.09
6	6363	11	1.11	3	boost	11.67	101675.00	-29.09	75.76	55.31	16.9	4.06	4.09	4.07
6	6363	11	1.12	3	boost	11.58	101672.00	-28.85	76.01	55.42	16.9	4.05	4.08	4.08
6	6363	11	1.13	3	boost	11.50	101672.00	-28.85	76.01	55.53	16.9	4.05	4.09	4.06
6	6363	11	1.14	3	boost	11.41	101655.00	-27.43	77.42	55.64	16.9	4.06	4.10	4.06
6	6363	11	1.15	3	boost	11.33	101663.00	-28.10	76.76	55.75	16.9	4.06	4.09	4.07
6	6363	11	1.16	3	boost	11.25	101651.00	-27.10	77.75	55.87	16.9	4.06	4.09	4.07
6	6363	11	1.17	3	boost	11.17	101643.00	-26.44	78.42	55.98	16.9	4.06	4.09	4.07
6	6363	11	1.18	3	boost	11.08	101628.00	-25.19	79.66	56.09	16.9	4.06	4.09	4.06
6	6363	11	1.19	3	boost	11.00	101630.00	-25.36	79.50	56.20	16.9	4.07	4.09	4.07
6	6363	11	1.20	3	boost	10.92	101615.00	-24.11	80.74	56.31	16.9	4.06	4.09	4.07
6	6363	11	1.21	3	boost	10.84	101616.00	-24.20	80.66	56.41	16.9	4.06	4.10	4.07
6	6363	11	1.22	3	boost	10.76	101601.00	-22.95	81.91	56.52	16.9	4.06	4.09	4.07
6	6363	11	1.23	3	boost	10.68	101594.00	-22.37	82.49	56.63	16.9	4.05	4.08	4.08
6	6363	11	1.24	3	boost	10.60	101594.00	-22.37	82.49	56.74	16.9	4.06	4.09	4.06
6	6363	11	1.25	3	boost	10.52	101568.00	-20.21	84.65	56.85	16.9	4.06	4.10	4.06
6	6363	11	1.26	3	boost	10.43	101569.00	-20.29	84.56	56.96	16.9	4.06	4.09	4.07
6	6363	11	1.27	3	boost	10.35	101558.00	-19.38	85.48	57.06	16.9	4.06	4.09	4.07
6	6363	11	1.28	3	boost	10.26	101553.00	-18.96	85.89	57.17	16.9	4.06	4.09	4.07
6	6363	11	1.29	3	boost	10.18	101538.00	-17.72	87.14	57.28	16.9	4.06	4.09	4.07
6	6363	11	1.30	3	boost	10.09	101531.00	-17.13	87.72	57.38	16.9	4.06	4.09	4.07
6	6363	11	1.31	3	boost	10.00	101524.00	-16.55	88.30	57.49	16.9	4.06	4.09	4.07
6	6363	11	1.32	3	boost	9.91	101522.00	-16.39	88.47	57.59	16.9	4.06	4.09	4.07
6	6363	11	1.33	3	boost	9.81	101507.00	-15.14	89.72	57.70	16.9	4.07	4.10	4.07
6	6363	11	1.34	3	boost	9.72	101500.00	-14.56	90.30	57.80	16.9	4.05	4.08	4.07
6	6363	11	1.35	3	boost	9.62	101500.00	-14.56	90.30	57.90	16.9	4.06	4.09	4.06
6	6363	11	1.36	3	boost	9.52	101483.00	-13.14	91.71	58.01	16.9	4.06	4.09	4.07
6	6363	11	1.37	3	boost	9.42	101475.00	-12.48	92.38	58.11	16.9	4.06	4.09	4.07
6	6363	11	1.38	3	boost	9.32	101462.00	-11.40	93.46	58.21	16.9	4.06	4.09	4.07
6	6363	11	1.39	3	boost	9.22	101452.00	-10.57	94.29	58.32	16.9	4.06	4.09	4.07
6	6363	11	1.40	3	boost	9.11	101444.00	-9.90	94.95	58.42	16.9	4.06	4.09	4.07
6	6363	11	1.41	3	boost	9.00	101448.00	-10.23	94.62	58.51	16.9	4.06	4.09	4.07
6	6363	11	1.42	3	boost	8.89	101443.00	-9.82	95.04	58.61	16.9	4.06	4.09	4.07
6	6363	11	1.43	3	boost	8.78	101424.00	-8.24	96.62	58.71	16.9	4.06	4.09	4.07
6	6363	11	1.44	3	boost	8.66	101424.00	-8.24	96.62	58.80	16.9	4.06	4.09	4.07
6	6363	11	1.45	3	boost	8.54	101407.00	-6.82	98.03	58.89	16.9	4.06	4.08	4.09
6	6363	11	1.46	3	boost	8.42	101407.00	-6.82	98.03	58.98	16.9	4.06	4.09	4.06
6	6363	11	1.47	3	boost	8.30	101392.00	-5.58	99.28	59.07	16.9	4.06	4.09	4.07
6	6363	11	1.48	3	boost	8.18	101396.00	-5.91	98.95	59.16	16.9	4.06	4.09	4.07
6	6363	11	1.49	3	boost	8.05	101383.00	-4.83	100.03	59.24	16.9	4.06	4.09	4.07
6	6363	11	1.50	3	boost	7.92	101387.00	-5.16	99.70	59.33	16.9	4.07	4.09	4.07
6	6363	11	1.51	3	boost	7.79	101373.00	-3.99	100.86	59.41	16.9	4.06	4.09	4.06
6	6363	11	1.52	3	boost	7.66	101359.00	-2.83	102.03	59.49	16.9	4.06	4.09	4.07
6	6363	11	1.53	3	boost	7.52	101351.00	-2.16	102.69	59.57	16.9	4.06	4.09	4.07
6	6363	11	1.54	3	boost	7.38	101344.00	-1.58	103.27	59.65	16.9	4.06	4.09	4.07
6	6363	11	1.55	3	boost	7.24	101333.00	-0.67	104.19	59.72	16.9	4.06	4.09	4.07
6	6363	11	1.56	3	boost	7.10	101330.00	-0.42	104.44	59.80	16.9	4.05	4.09	4.07
6	6363	11	1.57	3	boost	6.96	101330.00	-0.42	104.44	59.87	16.9	4.06	4.09	4.06
6	6363	11	1.58	3	boost	6.82	101319.00	0.50	105.35	59.94	16.9	4.06	4.09	4.07
6	6363	11	1.59	3	boost	6.67	101306.00	1.58	106.44	60.01	16.9	4.06	4.09	4.07
6	6363	11	1.60	3	boost	6.52	101297.00	2.33	107.19	60.08	16.9	4.06	4.09	4.07
6	6363	11	1.61	3	boost	6.37	101289.00	3.00	107.85	60.15	16.9	4.06	4.09	4.07
6	6363	11	1.62	3	boost	6.22	101284.00	3.41	108.27	60.21	16.9	4.06	4.09	4.07
6	6363	11	1.63	3	boost	6.07	101278.00	3.91	108.77	60.27	16.9	4.06	4.09	4.07
6	6363	11	1.64	3	boost	5.92	101277.00	4.00	108.85	60.34	16.9	4.07	4.09	4.07
6	6363	11	1.65	3	boost	5.77	101270.00	4.58	109.43	60.40	16.9	4.06	4.09	4.07
6	6363	11	1.66	3	boost	5.61	101264.00	5.08	109.93	60.45	16.9	4.07	4.09	4.07
6	6363	11	1.67	3	boost	5.46	101254.00	5.91	110.77	60.51	16.9	4.05	4.08	4.08
6	6363	11	1.68	3	boost	5.30	101254.00	5.91	110.77	60.57	16.9	4.06	4.09	4.06
6	6363	11	1.69	3	boost	5.14	101248.00	6.41	111.27	60.62	16.9	4.07	4.09	4.07
6	6363	11	1.70	3	boost	4.98	101228.00	8.08	112.93	60.67	16.9	4.06	4.09	4.07
6	6363	11	1.71	3	boost	4.82	101222.00	8.58	113.43	60.72	16.9	4.06	4.09	4.07
6	6363	11	1.72	3	boost	4.66	101215.00	9.16	114.02	60.77	16.9	4.06	4.09	4.06
6	6363	11	1.73	3	boost	4.50	101204.00	10.08	114.93	60.82	16.9	4.06	4.09	4.07
6	6363	11	1.74	3	boost	4.34	101204.00	10.08	114.93	60.86	16.9	4.06	4.09	4.07
6	6363	11	1.75	3	boost	4.18	101193.00	10.99	115.85	60.91	16.9	4.06	4.09	4.06
6	6363	11	1.76	3	boost	4.02	101187.00	11.49	116.35	60.95	16.9	4.06	4.09	4.07
6	6363	11	1.77	3	boost	3.86	101179.00	12.16	117.02	60.99	16.9	4.06	4.09	4.07
6	6363	11	1.78	3	boost	3.69	101165.00	13.33	118.18	61.03	16.9	4.05	4.08	4.08
6	6363	11	1.79	3	boost	3.53	101165.00	13.33	118.18	61.07	16.9	4.05	4.09	4.05
6	6363	11	1.80	3	boost	3.37	101134.00	15.91	120.77	61.10	16.9	4.06	4.09	4.07
6	6363	11	1.81	3	boost	3.20	101134.00	15.91	120.77	61.14	16.9	4.06	4.09	4.07
6	6363	11	1.82	3	boost	3.04	101129.00	16.33	121.18	61.17	16.9	4.06	4.09	4.07
6	6363	11	1.83	3	boost	2.88	101118.00	17.25	122.10	61.20	16.9	4.06	4.09	4.07
6	6363	11	1.84	3	boost	2.71	101103.00	18.50	123.35	61.23	16.9	4.06	4.09	4.07
6	6363	11	1.85	3	boost	2.55	101100.00	18.75	123.60	61.26	16.9	4.06	4.09	4.07
6	6363	11	1.86	3	boost	2.39	101097.00	19.00	123.85	61.28	16.9	4.06	4.09	4.07
6	6363	11	1.87	3	boost	2.23	101089.00	19.66	124.52	61.31	16.9	4.06	4.09	4.07
6	6363	11	1.88	3	boost	2.06	101070.00	21.25	126.10	61.33	16.9	4.06	4.10	4.06
6	6363	11	1.89	3	boost	1.90	101067.00	21.50	126.35	61.35	16.9	4.05	4.08	4.08
6	6363	11	1.90	3	boost	1.74	101067.00	21.50	126.35	61.37	16.9	4.06	4.10	4.05
6	6363	11	1.91	3	boost	1.58	101038.00	23.92	128.77	61.39	16.9	4.07	4.10	4.06
6	6363	11	1.92	3	boost	1.41	101041.00	23.67	128.52	61.40	16.8	4.06	4.09	4.07
6	6363	11	1.93	3	boost	1.25	101029.00	24.67	129.52	61.41	16.8	4.06	4.09	4.06
6	6363	11	1.94	3	boost	1.09	101025.00	25.00	129.86	61.43	16.9	4.06	4.09	4.07
6	6363	11	1.95	3	boost	0.93	101015.00	25.84	130.69	61.44	16.9	4.06	4.10	4.07
6	6363	11	1.96	3	boost	0.77	101016.00	25.75	130.61	61.44	16.9	4.06	4.09	4.07
6	6363	11	1.97	3	boost	0.61	101010.00	26.25	131.11	61.45	16.9	4.06	4.09	4.07
6	6363	11	1.98	3	boost	0.45	100995.00	27.51	132.36	61.46	16.9	4.06	4.09	4.07
6	6363	11	1.99	3	boost	0.29	100992.00	27.76	132.61	61.46	16.9	4.06	4.10	4.07
6	6363	11	2.00	3	boost	0.14	100994.00	27.59	132.45	61.46	16.9	4.06	4.08	4.09
6	6363	11	2.01	3	boost	-0.02	100994.00	27.59	132.45	61.46	16.9	4.06	4.09	4.06
6	6363	11	2.02	3	boost	-0.18	100971.00	29.51	134.36	61.46	16.9	4.06	4.09	4.07
6	6363	11	2.03	3	boost	-0.34	100956.00	30.76	135.62	61.46	16.8	4.06	4.09	4.07
6	6363	11	2.04	3	boost	-0.49	100948.00	31.43	136.29	61.45	16.9	4.06	4.09	4.07
6	6363	11	2.05	3	boost	-0.65	100952.00	31.10	135.95	61.45	16.9	4.06	4.09	4.07
6	6363	11	2.06	3	boost	-0.80	100939.00	32.18	137.04	61.44	16.9	4.06	4.09	4.07
6	6363	11	2.07	3	boost	-0.95	100929.00	33.02	137.87	61.43	16.9	4.06	4.09	4.07
6	6363	11	2.08	3	boost	-1.11	100918.00	33.93	138.79	61.42	16.9	4.06	4.09	4.06
6	6363	11	2.09	3	boost	-1.26	100903.00	35.19	140.04	61.41	16.9	4.06	4.10	4.07
6	6363	11	2.10	3	boost	-1.41	100896.00	35.77	140.63	61.39	16.9	4.06	4.09	4.07
6	6363	11	2.11	3	boost	-1.56	100889.00	36.36	141.21	61.38	16.9	4.05	4.08	4.08
6	6363	11	2.12	3	boost	-1.71	100889.00	36.36	141.21	61.36	16.9	4.06	4.09	4.06
6	6363	11	2.13	3	boost	-1.86	100879.00	37.19	142.05	61.34	16.9	4.07	4.09	4.07
6	6363	11	2.14	3	boost	-2.01	100858.00	38.95	143.80	61.32	16.8	4.06	4.09	4.07
6	6363	11	2.15	3	boost	-2.16	100847.00	39.87	144.72	61.30	16.8	4.06	4.09	4.07
6	6363	11	2.16	3	boost	-2.30	100841.00	40.37	145.22	61.28	16.9	4.07	4.09	4.07
6	6363	11	2.17	3	boost	-2.45	100837.00	40.70	145.56	61.25	16.9	4.06	4.09	4.07
6	6363	11	2.18	3	boost	-2.59	100826.00	41.62	146.48	61.23	16.9	4.06	4.09	4.07
6	6363	11	2.19	3	boost	-2.73	100831.00	41.20	146.06	61.20	16.9	4.06	4.09	4.07
6	6363	11	2.20	3	boost	-2.88	100818.00	42.29	147.15	61.17	16.9	4.06	4.09	4.07
6	6363	11	2.21	3	boost	-3.02	100813.00	42.71	147.56	61.14	16.9	4.06	4.09	4.07
6	6363	11	2.22	3	boost	-3.16	100809.00	43.04	147.90	61.11	16.9	4.05	4.08	4.08
6	6363	11	2.23	3	boost	-3.30	100809.00	43.04	147.90	61.07	16.9	4.06	4.09	4.06
6	6363	11	2.24	3	boost	-3.43	100795.00	44.21	149.07	61.04	16.9	4.06	4.09	4.07
6	6363	11	2.25	3	boost	-3.57	100778.00	45.63	150.49	61.00	16.8	4.06	4.09	4.07
6	6363	11	2.26	3	boost	-3.71	100769.00	46.39	151.24	60.96	16.8	4.06	4.09	4.07
6	6363	11	2.27	3	boost	-3.84	100761.00	47.05	151.91	60.92	16.9	4.07	4.09	4.07
6	6363	11	2.28	3	boost	-3.97	100747.00	48.23	153.08	60.88	16.9	4.07	4.09	4.07
6	6363	11	2.29	3	boost	-4.11	100740.00	48.81	153.67	60.84	16.9	4.07	4.09	4.07
6	6363	11	2.30	3	boost	-4.24	100739.00	48.89	153.75	60.80	16.9	4.06	4.09	4.07
6	6363	11	2.31	3	boost	-4.37	100718.00	50.65	155.51	60.76	16.9	4.06	4.10	4.07
6	6363	11	2.32	3	boost	-4.49	100717.00	50.73	155.59	60.71	16.9	4.06	4.09	4.07
6	6363	11	2.33	3	boost	-4.62	100705.00	51.74	156.59	60.66	16.9	4.05	4.08	4.08
6	6363	11	2.34	3	boost	-4.75	100705.00	51.74	156.59	60.61	16.9	4.06	4.09	4.06
6	6363	11	2.35	3	boost	-4.87	100697.00	52.41	157.26	60.56	16.9	4.06	4.09	4.07
6	6363	11	2.36	3	boost	-5.00	100698.00	52.32	157.18	60.51	16.8	4.06	4.09	4.07
6	6363	11	2.37	3	boost	-5.12	100682.00	53.66	158.52	60.46	16.8	4.07	4.09	4.07
6	6363	11	2.38	3	boost	-5.24	100673.00	54.42	159.27	60.41	16.9	4.06	4.10	4.07
6	6363	11	2.39	3	boost	-5.36	100668.00	54.83	159.69	60.35	16.9	4.06	4.09	4.07
6	6363	11	2.40	3	boost	-5.48	100657.00	55.75	160.61	60.30	16.9	4.06	4.10	4.06
6	6363	11	2.41	3	boost	-5.60	100649.00	56.42	161.28	60.24	16.9	4.06	4.09	4.07
6	6363	11	2.42	3	boost	-5.71	100643.00	56.93	161.78	60.19	16.9	4.06	4.10	4.06
6	6363	11	2.43	3	boost	-5.83	100644.00	56.84	161.70	60.13	16.9	4.06	4.09	4.07
6	6363	11	2.44	3	boost	-5.94	100635.00	57.60	162.45	60.07	16.9	4.05	4.08	4.08
6	6363	11	2.45	3	boost	-6.06	100635.00	57.60	162.45	60.00	16.9	4.06	4.09	4.06
6	6363	11	2.46	3	boost	-6.17	100620.00	58.85	163.71	59.94	16.9	4.06	4.09	4.07
6	6363	11	2.47	3	boost	-6.28	100615.00	59.27	164.13	59.88	16.8	4.06	4.09	4.07
6	6363	11	2.48	3	boost	-6.39	100600.00	60.53	165.38	59.81	16.8	4.06	4.09	4.06
6	6363	11	2.49	3	boost	-6.50	100607.00	59.94	164.80	59.75	16.9	4.06	4.09	4.07
6	6363	11	2.50	3	boost	-6.60	100590.00	61.36	166.22	59.68	16.9	4.07	4.09	4.07
6	6363	11	2.51	3	boost	-6.71	100579.00	62.28	167.14	59.61	16.9	4.06	4.09	4.07
6	6363	11	2.52	3	boost	-6.81	100571.00	62.95	167.81	59.54	16.9	4.07	4.09	4.07
6	6363	11	2.53	3	boost	-6.91	100560.00	63.88	168.73	59.47	16.9	4.06	4.09	4.07
6	6363	11	2.54	3	boost	-7.02	100558.00	64.04	168.90	59.40	16.9	4.06	4.10	4.07
6	6363	11	2.55	3	boost	-7.12	100549.00	64.80	169.65	59.33	16.9	4.05	4.08	4.08
6	6363	11	2.56	3	boost	-7.21	100549.00	64.80	169.65	59.26	16.9	4.06	4.09	4.06
6	6363	11	2.57	3	boost	-7.31	100539.00	65.63	170.49	59.18	16.9	4.06	4.09	4.07
6	6363	11	2.58	3	boost	-7.41	100520.00	67.23	172.08	59.11	16.8	4.06	4.09	4.06
6	6363	11	2.59	3	boost	-7.50	100520.00	67.23	172.08	59.03	16.8	4.06	4.09	4.07
6	6363	11	2.60	3	boost	-7.60	100512.00	67.90	172.75	58.95	16.8	4.06	4.09	4.07
6	6363	11	2.61	3	boost	-7.69	100501.00	68.82	173.67	58.87	16.9	4.06	4.09	4.07
6	6363	11	2.62	3	boost	-7.78	100495.00	69.32	174.18	58.80	16.9	4.06	4.09	4.07
6	6363	11	2.63	3	boost	-7.87	100482.00	70.41	175.27	58.72	16.9	4.07	4.10	4.06
6	6363	11	2.64	3	boost	-7.96	100482.00	70.41	175.27	58.63	16.9	4.06	4.09	4.07
6	6363	11	2.65	3	boost	-8.05	100476.00	70.91	175.77	58.55	16.9	4.06	4.09	4.07
6	6363	11	2.66	3	boost	-8.13	100467.00	71.67	176.52	58.47	16.9	4.05	4.08	4.08
6	6363	11	2.67	3	boost	-8.22	100467.00	71.67	176.52	58.39	16.9	4.06	4.09	4.06
6	6363	11	2.68	3	boost	-8.30	100454.00	72.76	177.61	58.30	16.9	4.06	4.09	4.07
6	6363	11	2.69	3	boost	-8.39	100437.00	74.18	179.04	58.22	16.8	4.06	4.09	4.06
6	6363	11	2.70	3	boost	-8.47	100428.00	74.94	179.79	58.13	16.8	4.06	4.09	4.07
6	6363	11	2.71	3	boost	-8.55	100421.00	75.52	180.38	58.04	16.8	4.06	4.09	4.07
6	6363	11	2.72	3	boost	-8.63	100434.00	74.43	179.29	57.96	16.9	4.06	4.09	4.07
6	6363	11	2.73	3	boost	-8.70	100410.00	76.45	181.30	57.87	16.9	4.07	4.09	4.07
6	6363	11	2.74	3	boost	-8.78	100405.00	76.87	181.72	57.78	16.9	4.07	4.10	4.07
6	6363	11	2.75	3	boost	-8.86	100392.00	77.96	182.81	57.69	16.9	4.06	4.09	4.07
6	6363	11	2.76	3	boost	-8.93	100394.00	77.79	182.64	57.60	16.9	4.07	4.09	4.07
6	6363	11	2.77	3	boost	-9.00	100382.00	78.79	183.65	57.51	16.9	4.05	4.08	4.08
6	6363	11	2.78	3	boost	-9.08	100382.00	78.79	183.65	57.42	16.9	4.06	4.09	4.06
6	6363	11	2.79	3	boost	-9.15	100364.00	80.30	185.16	57.32	16.9	4.06	4.09	4.07
6	6363	11	2.80	3	boost	-9.22	100371.00	79.72	184.57	57.23	16.8	4.06	4.09	4.07
6	6363	11	2.81	3	boost	-9.28	100366.00	80.14	184.99	57.14	16.8	4.07	4.09	4.06
6	6363	11	2.82	3	boost	-9.35	100349.00	81.56	186.42	57.04	16.8	4.06	4.09	4.06
6	6363	11	2.83	3	boost	-9.42	100355.00	81.06	185.92	56.95	16.9	4.06	4.09	4.07
6	6363	11	2.84	3	boost	-9.48	100347.00	81.73	186.59	56.85	16.9	4.06	4.09	4.07
6	6363	11	2.85	3	boost	-9.54	100343.00	82.07	186.92	56.75	16.9	4.06	4.10	4.07
6	6363	11	2.86	3	boost	-9.61	100326.00	83.49	188.35	56.66	16.9	4.06	4.09	4.07
6	6363	11	2.87	3	boost	-9.67	100334.00	82.82	187.68	56.56	16.9	4.07	4.10	4.07
6	6363	11	2.88	3	boost	-9.73	100331.00	83.07	187.93	56.46	16.9	4.05	4.08	4.09
6	6363	11	2.89	3	boost	-9.79	100331.00	83.07	187.93	56.36	16.9	4.06	4.09	4.05
6	6363	11	2.90	3	boost	-9.84	100316.00	84.33	189.19	56.26	16.9	4.07	4.10	4.06
6	6363	11	2.91	3	boost	-9.90	100314.00	84.50	189.36	56.16	16.8	4.06	4.10	4.06
6	6363	11	2.92	3	boost	-9.95	100297.00	85.93	190.78	56.06	16.8	4.07	4.10	4.07
6	6363	11	2.93	3	boost	-10.01	100295.00	86.09	190.95	55.96	16.8	4.07	4.09	4.07
6	6363	11	2.94	3	boost	-10.06	100293.00	86.26	191.12	55.86	16.9	4.06	4.09	4.07
6	6363	11	2.95	3	boost	-10.11	100283.00	87.10	191.96	55.76	16.9	4.06	4.09	4.07
6	6363	11	2.96	3	boost	-10.16	100269.00	88.28	193.13	55.65	16.9	4.06	4.09	4.07
6	6363	11	2.97	3	boost	-10.21	100268.00	88.36	193.22	55.55	16.9	4.06	4.09	4.07
6	6363	11	2.98	3	boost	-10.26	100249.00	89.96	194.81	55.44	16.9	4.06	4.09	4.07
6	6363	11	2.99	3	boost	-10.31	100252.00	89.70	194.56	55.34	16.9	4.05	4.08	4.08
6	6363	11	3.00	3	boost	-10.35	100252.00	89.70	194.56	55.24	16.9	4.06	4.09	4.06
6	6363	11	3.01	3	boost	-10.40	100240.00	90.71	195.57	55.13	16.9	4.06	4.09	4.07
6	6363	11	3.02	3	boost	-10.44	100233.00	91.30	196.16	55.03	16.8	4.06	4.09	4.07
6	6363	11	3.03	3	boost	-10.48	100219.00	92.48	197.33	54.92	16.8	4.07	4.09	4.07
6	6363	11	3.04	3	boost	-10.53	100214.00	92.90	197.75	54.81	16.8	4.06	4.09	4.07
6	6363	11	3.05	3	boost	-10.57	100211.00	93.15	198.00	54.71	16.9	4.06	4.09	4.07
6	6363	11	3.06	3	boost	-10.60	100188.00	95.08	199.93	54.60	16.9	4.06	4.09	4.07
6	6363	11	3.07	3	boost	-10.64	100194.00	94.58	199.43	54.49	16.9	4.06	4.09	4.07
6	6363	11	3.08	3	boost	-10.68	100190.00	94.91	199.77	54.38	16.9	4.07	4.10	4.07
6	6363	11	3.09	3	boost	-10.72	100178.00	95.92	200.77	54.27	16.9	4.06	4.09	4.07
6	6363	11	3.10	3	boost	-10.75	100177.00	96.00	200.86	54.16	16.9	4.05	4.08	4.08
6	6363	11	3.11	3	boost	-10.78	100177.00	96.00	200.86	54.05	16.9	4.06	4.09	4.06
6	6363	11	3.12	3	boost	-10.82	100161.00	97.35	202.20	53.94	16.9	4.06	4.09	4.07
6	6363	11	3.13	3	boost	-10.85	100155.00	97.85	202.71	53.83	16.8	4.06	4.09	4.07
6	6363	11	3.14	3	boost	-10.88	100145.00	98.69	203.55	53.72	16.8	4.06	4.09	4.07
6	6363	11	3.15	3	boost	-10.91	100144.00	98.78	203.63	53.61	16.8	4.06	4.09	4.07
6	6363	11	3.16	3	boost	-10.94	100132.00	99.78	204.64	53.50	16.8	4.06	4.09	4.07
6	6363	11	3.17	3	boost	-10.96	100124.00	100.46	205.31	53.39	16.9	4.07	4.09	4.07
6	6363	11	3.18	3	boost	-10.99	100122.00	100.63	205.48	53.28	16.9	4.06	4.09	4.07
6	6363	11	3.19	3	boost	-11.02	100112.00	101.47	206.32	53.16	16.9	4.06	4.09	4.07
6	6363	11	3.20	3	boost	-11.04	100109.00	101.72	206.57	53.05	16.9	4.06	4.09	4.07
6	6363	11	3.21	3	boost	-11.06	100102.00	102.31	207.16	52.94	16.9	4.05	4.08	4.08
6	6363	11	3.22	3	boost	-11.09	100102.00	102.31	207.16	52.83	16.9	4.06	4.09	4.06
6	6363	11	3.23	3	boost	-11.11	100089.00	103.40	208.25	52.72	16.8	4.06	4.09	4.07
6	6363	11	3.24	3	boost	-11.13	100079.00	104.24	209.10	52.60	16.8	4.06	4.09	4.07
6	6363	11	3.25	3	boost	-11.15	100073.00	104.74	209.60	52.49	16.8	4.06	4.09	4.07
6	6363	11	3.26	3	boost	-11.17	100065.00	105.42	210.27	52.38	16.8	4.06	4.10	4.06
6	6363	11	3.27	3	boost	-11.19	100061.00	105.75	210.61	52.26	16.8	4.06	4.09	4.07
6	6363	11	3.28	3	boost	-11.21	100055.00	106.26	211.11	52.15	16.9	4.06	4.09	4.07
6	6363	11	3.29	3	boost	-11.22	100055.00	106.26	211.11	52.04	16.9	4.06	4.09	4.07
6	6363	11	3.30	3	boost	-11.24	100053.00	106.43	211.28	51.93	16.9	4.06	4.09	4.07
6	6363	11	3.31	3	boost	-11.25	100049.00	106.76	211.62	51.81	16.9	4.06	4.09	4.07
6	6363	11	3.32	3	boost	-11.27	100037.00	107.77	212.63	51.70	16.9	4.05	4.08	4.08
6	6363	11	3.33	3	boost	-11.28	100037.00	107.77	212.63	51.58	16.9	4.06	4.09	4.06
6	6363	11	3.34	3	boost	-11.30	100025.00	108.78	213.64	51.47	16.9	4.06	4.09	4.07
6	6363	11	3.35	3	boost	-11.31	100026.00	108.70	213.55	51.36	16.8	4.06	4.10	4.07
6	6363	11	3.36	3	boost	-11.32	100018.00	109.37	214.23	51.24	16.8	4.06	4.09	4.07
6	6363	11	3.37	3	boost	-11.33	100004.00	110.55	215.40	51.13	16.8	4.06	4.09	4.07
6	6363	11	3.38	3	boost	-11.34	100007.00	110.30	215.15	51.02	16.8	4.07	4.09	4.07
6	6363	11	3.39	3	boost	-11.35	99992.00	111.56	216.41	50.90	16.9	4.07	4.10	4.07
6	6363	11	3.40	3	boost	-11.36	99989.00	111.81	216.67	50.79	16.9	4.06	4.09	4.07
6	6363	11	3.41	3	boost	-11.37	99983.00	112.31	217.17	50.67	16.9	4.06	4.09	4.07
6	6363	11	3.42	3	boost	-11.38	99972.00	113.24	218.10	50.56	16.9	4.06	4.09	4.07
6	6363	11	3.43	3	boost	-11.39	99976.00	112.90	217.76	50.44	16.9	4.05	4.08	4.08
6	6363	11	3.44	3	boost	-11.40	99976.00	112.90	217.76	50.33	16.9	4.06	4.09	4.06
6	6363	11	3.45	3	boost	-11.40	99968.00	113.58	218.43	50.22	16.8	4.06	4.09	4.07
6	6363	11	3.46	3	boost	-11.41	99954.00	114.76	219.61	50.10	16.8	4.06	4.09	4.07
6	6363	11	3.47	3	boost	-11.42	99948.00	115.26	220.12	49.99	16.8	4.06	4.09	4.07
6	6363	11	3.48	3	boost	-11.42	99946.00	115.43	220.28	49.87	16.8	4.06	4.09	4.07
6	6363	11	3.49	3	boost	-11.43	99936.00	116.27	221.13	49.76	16.8	4.06	4.09	4.07
6	6363	11	3.50	3	boost	-11.43	99928.00	116.94	221.80	49.64	16.9	4.06	4.09	4.07
6	6363	11	3.51	3	boost	-11.44	99931.00	116.69	221.55	49.53	16.9	4.06	4.09	4.07
6	6363	11	3.52	3	boost	-11.44	99920.00	117.62	222.47	49.41	16.9	4.06	4.09	4.07
6	6363	11	3.53	3	boost	-11.44	99922.00	117.45	222.30	49.30	16.9	4.07	4.10	4.06
6	6363	11	3.54	5	coast	-11.45	99897.00	119.55	224.41	49.18	16.9	4.05	4.08	4.07
6	6363	11	3.54	5	coast	-11.45	99897.00	119.55	224.41	49.18	16.9	4.05	4.08	4.07
6	6363	11	3.55	5	coast	-11.45	99897.00	119.55	224.41	49.07	16.9	4.05	4.09	4.06
6	6363	11	3.56	5	coast	-11.45	99888.00	120.31	225.17	48.95	16.9	4.07	4.09	4.08
6	6363	11	3.57	5	coast	-11.45	99888.00	120.31	225.17	48.84	16.8	4.06	4.09	4.07
6	6363	11	3.58	5	coast	-11.45	99891.00	120.06	224.91	48.72	16.8	4.04	4.08	4.06
6	6363	11	3.59	5	coast	-11.45	99879.00	121.07	225.93	48.61	16.8	4.06	4.09	4.07
6	6363	11	3.60	5	coast	-11.45	99871.00	121.74	226.60	48.49	16.9	4.05	4.11	4.05
6	6363	11	3.61	5	coast	-11.46	99880.00	120.99	225.84	48.38	16.8	4.07	4.10	4.07
6	6363	11	3.62	5	coast	-11.46	99855.00	123.09	227.95	48.26	16.9	4.09	4.10	4.07
6	6363	11	3.63	5	coast	-11.45	99859.00	122.75	227.61	48.15	16.9	4.06	4.09	4.07
6	6363	11	3.64	5	coast	-11.45	99836.00	124.69	229.55	48.03	16.9	4.07	4.08	4.09
6	6363	11	3.65	5	coast	-11.45	99846.00	123.85	228.70	47.92	16.9	4.06	4.07	4.09
6	6363	11	3.66	5	coast	-11.45	99846.00	123.85	228.70	47.80	16.9	4.04	4.08	4.05
6	6363	11	3.67	5	coast	-11.45	99829.00	125.28	230.14	47.69	16.9	4.06	4.09	4.06
6	6363	11	3.68	5	coast	-11.45	99828.00	125.37	230.22	47.57	16.8	4.07	4.12	4.05
6	6363	11	3.69	5	coast	-11.45	99811.00	126.80	231.65	47.45	16.8	4.06	4.10	4.06
6	6363	11	3.70	5	coast	-11.44	99816.00	126.38	231.23	47.34	16.8	4.08	4.09	4.08
6	6363	11	3.71	5	coast	-11.44	99802.00	127.56	232.41	47.22	16.8	4.06	4.09	4.07
6	6363	11	3.72	5	coast	-11.44	99802.00	127.56	232.41	47.11	16.9	4.05	4.06	4.09
6	6363	11	3.73	5	coast	-11.43	99785.00	128.99	233.84	46.99	16.9	4.05	4.06	4.09
6	6363	11	3.74	5	coast	-11.43	99794.00	128.23	233.09	46.88	16.9	4.06	4.09	4.07
6	6363	11	3.75	5	coast	-11.42	99783.00	129.16	234.01	46.76	16.9	4.06	4.09	4.07
6	6363	11	3.76	5	coast	-11.42	99774.00	129.92	234.77	46.65	16.9	4.05	4.07	4.08
6	6363	11	3.77	5	coast	-11.42	99774.00	129.92	234.77	46.53	16.9	4.06	4.10	4.06
6	6363	11	3.78	5	coast	-11.41	99766.00	130.59	235.45	46.42	16.9	4.06	4.09	4.07
6	6363	11	3.79	5	coast	-11.41	99758.00	131.26	236.12	46.30	16.8	4.07	4.09	4.07
6	6363	11	3.80	5	coast	-11.40	99752.00	131.77	236.63	46.19	16.8	4.05	4.07	4.08
6	6363	11	3.81	5	coast	-11.39	99750.00	131.94	236.79	46.08	16.8	4.07	4.09	4.08
6	6363	11	3.82	5	coast	-11.39	99735.00	133.20	238.06	45.96	16.8	4.06	4.09	4.07
6	6363	11	3.83	5	coast	-11.38	99751.00	131.86	236.71	45.85	16.8	4.05	4.07	4.07
6	6363	11	3.84	5	coast	-11.38	99731.00	133.54	238.40	45.73	16.9	4.06	4.09	4.07
6	6363	11	3.85	5	coast	-11.37	99736.00	133.12	237.98	45.62	16.9	4.06	4.10	4.06
6	6363	11	3.86	5	coast	-11.36	99724.00	134.13	238.99	45.51	16.9	4.07	4.10	4.06
6	6363	11	3.87	5	coast	-11.35	99712.00	135.14	240.00	45.39	16.9	4.06	4.06	4.09
6	6363	11	3.88	5	coast	-11.35	99712.00	135.14	240.00	45.28	16.9	4.06	4.09	4.06
6	6363	11	3.89	5	coast	-11.34	99709.00	135.40	240.25	45.17	16.9	4.06	4.09	4.07
6	6363	11	3.90	5	coast	-11.33	99710.00	135.31	240.17	45.05	16.8	4.06	4.09	4.07
6	6363	11	3.91	5	coast	-11.33	99709.00	135.40	240.25	44.94	16.8	4.06	4.09	4.07
6	6363	11	3.92	5	coast	-11.32	99702.00	135.99	240.84	44.83	16.8	4.06	4.09	4.07
6	6363	11	3.93	5	coast	-11.31	99692.00	136.83	241.69	44.71	16.8	4.06	4.09	4.07
6	6363	11	3.94	5	coast	-11.30	99687.00	137.25	242.11	44.60	16.8	4.06	4.07	4.08
6	6363	11	3.95	5	coast	-11.29	99687.00	137.25	242.11	44.49	16.9	4.06	4.09	4.07
6	6363	11	3.96	5	coast	-11.28	99683.00	137.59	242.44	44.37	16.9	4.06	4.08	4.08
6	6363	11	3.97	5	coast	-11.28	99680.00	137.84	242.70	44.26	16.9	4.06	4.08	4.07
6	6363	11	3.98	5	coast	-11.27	99664.00	139.19	244.05	44.15	16.9	4.06	4.06	4.09
6	6363	11	3.99	5	coast	-11.26	99664.00	139.19	244.05	44.03	16.9	4.05	4.09	4.06
6	6363	11	4.00	5	coast	-11.25	99641.00	141.13	245.99	43.92	16.8	4.06	4.11	4.05
6	6363	11	4.01	5	coast	-11.24	99641.00	141.13	245.99	43.81	16.8	4.06	4.10	4.06
6	6363	11	4.02	5	coast	-11.23	99650.00	140.37	245.23	43.69	16.8	4.08	4.09	4.08
6	6363	11	4.03	5	coast	-11.23	99635.00	141.64	246.49	43.58	16.8	4.06	4.09	4.07
6	6363	11	4.04	5	coast	-11.22	99635.00	141.64	246.49	43.47	16.8	4.06	4.08	4.08
6	6363	11	4.05	5	coast	-11.21	99625.00	142.48	247.34	43.36	16.8	4.06	4.09	4.06
6	6363	11	4.06	5	coast	-11.20	99622.00	142.74	247.59	43.25	16.9	4.05	4.09	4.06
6	6363	11	4.07	5	coast	-11.19	99623.00	142.65	247.51	43.13	16.8	4.06	4.10	4.06
6	6363	11	4.08	5	coast	-11.18	99603.00	144.34	249.20	43.02	16.9	4.07	4.11	4.06
6	6363	11	4.09	5	coast	-11.17	99607.00	144.00	248.86	42.91	16.9	4.06	4.08	4.08
6	6363	11	4.10	5	coast	-11.16	99607.00	144.00	248.86	42.80	16.9	4.07	4.09	4.06
6	6363	11	4.11	5	coast	-11.16	99589.00	145.52	250.38	42.69	16.8	4.06	4.08	4.08
6	6363	11	4.12	5	coast	-11.15	99596.00	144.93	249.79	42.58	16.8	4.05	4.07	4.08
6	6363	11	4.13	5	coast	-11.14	99578.00	146.45	251.31	42.46	16.8	4.05	4.09	4.07
6	6363	11	4.14	5	coast	-11.13	99579.00	146.37	251.22	42.35	16.8	4.05	4.10	4.05
6	6363	11	4.15	5	coast	-11.12	99574.00	146.79	251.64	42.24	16.8	4.05	4.07	4.08
6	6363	11	4.16	5	coast	-11.11	99566.00	147.46	252.32	42.13	16.8	4.06	4.09	4.07
6	6363	11	4.17	5	coast	-11.10	99563.00	147.72	252.57	42.02	16.9	4.06	4.09	4.07
6	6363	11	4.18	5	coast	-11.09	99560.00	147.97	252.83	41.91	16.9	4.07	4.09	4.07
6	6363	11	4.19	5	coast	-11.09	99558.00	148.14	252.99	41.80	16.9	4.07	4.10	4.07
6	6363	11	4.20	5	coast	-11.08	99558.00	148.14	252.99	41.69	16.9	4.06	4.07	4.08
6	6363	11	4.21	5	coast	-11.07	99558.00	148.14	252.99	41.58	16.9	4.05	4.09	4.06
6	6363	11	4.22	5	coast	-11.06	99546.00	149.15	254.01	41.47	16.8	4.06	4.07	4.08
6	6363	11	4.23	5	coast	-11.05	99537.00	149.91	254.77	41.36	16.8	4.07	4.09	4.07
6	6363	11	4.24	5	coast	-11.04	99521.00	151.26	256.12	41.24	16.8	4.07	4.09	4.07
6	6363	11	4.25	5	coast	-11.04	99536.00	150.00	254.85	41.13	16.8	4.06	4.09	4.07
6	6363	11	4.26	5	coast	-11.03	99522.00	151.18	256.03	41.02	16.8	4.06	4.09	4.07
6	6363	11	4.27	5	coast	-11.02	99522.00	151.18	256.03	40.91	16.9	4.06	4.10	4.06
6	6363	11	4.28	5	coast	-11.01	99513.00	151.94	256.79	40.80	16.9	4.06	4.10	4.06
6	6363	11	4.29	5	coast	-11.00	99491.00	153.80	258.65	40.70	16.9	4.05	4.08	4.07
6	6363	11	4.30	5	coast	-11.00	99493.00	153.63	258.48	40.59	16.9	4.06	4.09	4.07
6	6363	11	4.31	5	coast	-10.99	99493.00	153.63	258.48	40.48	16.9	4.06	4.07	4.08
6	6363	11	4.32	5	coast	-10.98	99493.00	153.63	258.48	40.37	16.9	4.06	4.09	4.06
6	6363	11	4.33	5	coast	-10.97	99479.00	154.81	259.67	40.26	16.8	4.07	4.09	4.07
6	6363	11	4.34	5	coast	-10.96	99475.00	155.15	260.00	40.15	16.8	4.06	4.09	4.07
6	6363	11	4.35	5	coast	-10.96	99471.00	155.49	260.34	40.04	16.8	4.06	4.09	4.07
6	6363	11	4.36	5	coast	-10.95	99473.00	155.32	260.17	39.93	16.8	4.06	4.07	4.08
6	6363	11	4.37	5	coast	-10.94	99458.00	156.59	261.44	39.82	16.8	4.06	4.09	4.07
6	6363	11	4.38	5	coast	-10.93	99454.00	156.92	261.78	39.71	16.8	4.07	4.09	4.07
6	6363	11	4.39	5	coast	-10.93	99449.00	157.35	262.20	39.60	16.8	4.07	4.09	4.07
6	6363	11	4.40	5	coast	-10.92	99445.00	157.68	262.54	39.49	16.9	4.07	4.09	4.07
6	6363	11	4.41	5	coast	-10.91	99447.00	157.52	262.37	39.38	16.9	4.06	4.09	4.07
6	6363	11	4.42	5	coast	-10.90	99433.00	158.70	263.55	39.27	16.9	4.06	4.07	4.09
6	6363	11	4.43	5	coast	-10.90	99433.00	158.70	263.55	39.16	16.9	4.06	4.09	4.06
6	6363	11	4.44	5	coast	-10.89	99432.00	158.78	263.64	39.06	16.8	4.07	4.09	4.07
6	6363	11	4.45	5	coast	-10.88	99432.00	158.78	263.64	38.95	16.8	4.06	4.09	4.07
6	6363	11	4.46	5	coast	-10.88	99422.00	159.63	264.48	38.84	16.8	4.06	4.09	4.07
6	6363	11	4.47	5	coast	-10.87	99421.00	159.71	264.57	38.73	16.8	4.06	4.09	4.07
6	6363	11	4.48	5	coast	-10.86	99410.00	160.64	265.50	38.62	16.8	4.06	4.09	4.07
6	6363	11	4.49	5	coast	-10.86	99411.00	160.56	265.41	38.51	16.8	4.06	4.09	4.06
6	6363	11	4.50	5	coast	-10.85	99407.00	160.90	265.75	38.40	16.8	4.06	4.09	4.07
6	6363	11	4.51	5	coast	-10.84	99396.00	161.83	266.68	38.29	16.9	4.07	4.09	4.07
6	6363	11	4.52	5	coast	-10.83	99397.00	161.74	266.60	38.18	16.9	4.06	4.09	4.07
6	6363	11	4.53	5	coast	-10.83	99400.00	161.49	266.34	38.08	16.9	4.06	4.07	4.08
6	6363	11	4.54	5	coast	-10.82	99400.00	161.49	266.34	37.97	16.9	4.05	4.09	4.05
6	6363	11	4.55	5	coast	-10.81	99379.00	163.26	268.12	37.86	16.8	4.06	4.09	4.07
6	6363	11	4.56	5	coast	-10.81	99390.00	162.33	267.19	37.75	16.8	4.06	4.09	4.07
6	6363	11	4.57	5	coast	-10.80	99378.00	163.35	268.20	37.64	16.8	4.06	4.09	4.07
6	6363	11	4.58	5	coast	-10.80	99374.00	163.69	268.54	37.54	16.8	4.06	4.09	4.07
6	6363	11	4.59	5	coast	-10.79	99362.00	164.70	269.56	37.43	16.8	4.06	4.09	4.07
6	6363	11	4.60	5	coast	-10.78	99361.00	164.79	269.64	37.32	16.8	4.06	4.09	4.06
6	6363	11	4.61	5	coast	-10.78	99362.00	164.70	269.56	37.21	16.9	4.06	4.09	4.07
6	6363	11	4.62	5	coast	-10.77	99350.00	165.72	270.57	37.10	16.9	4.06	4.09	4.07
6	6363	11	4.63	5	coast	-10.76	99352.00	165.55	270.40	37.00	16.9	4.07	4.09	4.07
6	6363	11	4.64	5	coast	-10.76	99354.00	165.38	270.23	36.89	16.9	4.06	4.07	4.08
6	6363	11	4.65	5	coast	-10.75	99354.00	165.38	270.23	36.78	16.9	4.06	4.09	4.06
6	6363	11	4.66	5	coast	-10.74	99332.00	167.24	272.09	36.68	16.8	4.06	4.09	4.07
6	6363	11	4.67	5	coast	-10.74	99334.00	167.07	271.93	36.57	16.8	4.06	4.09	4.07
6	6363	11	4.68	5	coast	-10.73	99331.00	167.32	272.18	36.46	16.8	4.06	4.10	4.06
6	6363	11	4.69	5	coast	-10.73	99327.00	167.66	272.52	36.35	16.8	4.06	4.09	4.06
6	6363	11	4.70	5	coast	-10.72	99330.00	167.41	272.26	36.25	16.8	4.06	4.09	4.06
6	6363	11	4.71	5	coast	-10.71	99322.00	168.08	272.94	36.14	16.8	4.06	4.09	4.07
6	6363	11	4.72	5	coast	-10.71	99308.00	169.27	274.12	36.03	16.8	4.07	4.09	4.07
6	6363	11	4.73	5	coast	-10.70	99304.00	169.61	274.46	35.93	16.9	4.06	4.07	4.08
6	6363	11	4.74	5	coast	-10.70	99311.00	169.02	273.87	35.82	16.9	4.06	4.10	4.06
6	6363	11	4.75	5	coast	-10.69	99303.00	169.69	274.55	35.71	16.9	4.05	4.08	4.08
6	6363	11	4.76	5	coast	-10.68	99303.00	169.69	274.55	35.61	16.9	4.06	4.09	4.06
6	6363	11	4.77	5	coast	-10.68	99291.00	170.71	275.56	35.50	16.9	4.06	4.09	4.07
6	6363	11	4.78	5	coast	-10.67	99287.00	171.05	275.90	35.39	16.8	4.06	4.09	4.07
6	6363	11	4.79	5	coast	-10.66	99286.00	171.13	275.99	35.29	16.8	4.06	4.09	4.07
6	6363	11	4.80	5	coast	-10.66	99285.00	171.22	276.07	35.18	16.8	4.07	4.09	4.07
6	6363	11	4.81	5	coast	-10.65	99279.00	171.72	276.58	35.07	16.8	4.07	4.09	4.07
6	6363	11	4.82	5	coast	-10.65	99271.00	172.40	277.26	34.97	16.8	4.06	4.09	4.07
6	6363	11	4.83	5	coast	-10.64	99262.00	173.16	278.02	34.86	16.8	4.06	4.09	4.07
6	6363	11	4.84	5	coast	-10.63	99266.00	172.82	277.68	34.75	16.9	4.06	4.09	4.07
6	6363	11	4.85	5	coast	-10.63	99260.00	173.33	278.19	34.65	16.9	4.06	4.09	4.07
6	6363	11	4.86	5	coast	-10.62	99256.00	173.67	278.53	34.54	16.9	4.05	4.08	4.08
6	6363	11	4.87	5	coast	-10.62	99256.00	173.67	278.53	34.43	16.9	4.06	4.09	4.05
6	6363	11	4.88	5	coast	-10.61	99243.00	174.77	279.63	34.33	16.8	4.06	4.09	4.07
6	6363	11	4.89	5	coast	-10.60	99237.00	175.28	280.13	34.22	16.8	4.06	4.09	4.07
6	6363	11	4.90	5	coast	-10.60	99235.00	175.45	280.30	34.11	16.8	4.06	4.09	4.07
6	6363	11	4.91	5	coast	-10.59	99229.00	175.96	280.81	34.01	16.8	4.06	4.09	4.07
6	6363	11	4.92	5	coast	-10.58	99225.00	176.29	281.15	33.90	16.8	4.06	4.09	4.07
6	6363	11	4.93	5	coast	-10.58	99226.00	176.21	281.06	33.80	16.9	4.06	4.09	4.07
6	6363	11	4.94	5	coast	-10.57	99217.00	176.97	281.83	33.69	16.9	4.07	4.09	4.07
6	6363	11	4.95	5	coast	-10.57	99216.00	177.06	281.91	33.58	16.9	4.07	4.09	4.07
6	6363	11	4.96	5	coast	-10.56	99212.00	177.39	282.25	33.48	16.9	4.06	4.10	4.07
6	6363	11	4.97	5	coast	-10.55	99217.00	176.97	281.83	33.37	16.9	4.05	4.09	4.07
6	6363	11	4.98	5	coast	-10.55	99217.00	176.97	281.83	33.27	16.9	4.06	4.09	4.06
6	6363	11	4.99	5	coast	-10.54	99199.00	178.50	283.35	33.16	16.9	4.07	4.09	4.07
6	6363	11	5.00	5	coast	-10.53	99202.00	178.24	283.10	33.05	16.8	4.06	4.09	4.07
6	6363	11	5.01	5	coast	-10.53	99197.00	178.66	283.52	32.95	16.8	4.06	4.10	4.06
6	6363	11	5.02	5	coast	-10.52	99182.00	179.94	284.79	32.84	16.8	4.06	4.09	4.07
6	6363	11	5.03	5	coast	-10.52	99183.00	179.85	284.71	32.74	16.8	4.06	4.09	4.07
6	6363	11	5.04	5	coast	-10.51	99180.00	180.10	284.96	32.63	16.8	4.07	4.09	4.07
6	6363	11	5.05	5	coast	-10.50	99177.00	180.36	285.21	32.53	16.9	4.06	4.09	4.06
6	6363	11	5.06	5	coast	-10.50	99176.00	180.44	285.30	32.42	16.9	4.07	4.09	4.07
6	6363	11	5.07	5	coast	-10.49	99174.00	180.61	285.47	32.32	16.9	4.06	4.09	4.07
6	6363	11	5.08	5	coast	-10.49	99170.00	180.95	285.81	32.21	16.9	4.05	4.08	4.08
6	6363	11	5.09	5	coast	-10.48	99170.00	180.95	285.81	32.11	16.9	4.06	4.09	4.06
6	6363	11	5.10	5	coast	-10.47	99171.00	180.87	285.72	32.00	16.8	4.06	4.09	4.07
6	6363	11	5.11	5	coast	-10.47	99157.00	182.05	286.91	31.90	16.8	4.06	4.09	4.07
6	6363	11	5.12	5	coast	-10.46	99156.00	182.14	286.99	31.79	16.8	4.06	4.09	4.07
6	6363	11	5.13	5	coast	-10.46	99146.00	182.98	287.84	31.69	16.8	4.06	4.09	4.07
6	6363	11	5.14	5	coast	-10.45	99151.00	182.56	287.42	31.59	16.8	4.06	4.09	4.06
6	6363	11	5.15	5	coast	-10.44	99147.00	182.90	287.76	31.48	16.8	4.06	4.09	4.07
6	6363	11	5.16	5	coast	-10.44	99142.00	183.32	288.18	31.38	16.8	4.06	4.09	4.06
6	6363	11	5.17	5	coast	-10.43	99131.00	184.26	289.11	31.27	16.9	4.06	4.09	4.07
6	6363	11	5.18	5	coast	-10.43	99130.00	184.34	289.20	31.17	16.9	4.06	4.09	4.07
6	6363	11	5.19	5	coast	-10.42	99129.00	184.43	289.28	31.07	16.9	4.05	4.09	4.08
6	6363	11	5.20	5	coast	-10.42	99129.00	184.43	289.28	30.96	16.9	4.06	4.09	4.06
6	6363	11	5.21	5	coast	-10.41	99111.00	185.95	290.81	30.86	16.8	4.06	4.10	4.06
6	6363	11	5.22	5	coast	-10.41	99118.00	185.36	290.21	30.76	16.8	4.07	4.09	4.07
6	6363	11	5.23	5	coast	-10.40	99112.00	185.87	290.72	30.65	16.8	4.06	4.09	4.07
6	6363	11	5.24	5	coast	-10.40	99109.00	186.12	290.98	30.55	16.8	4.06	4.09	4.07
6	6363	11	5.25	5	coast	-10.39	99105.00	186.46	291.31	30.44	16.8	4.07	4.09	4.07
6	6363	11	5.26	5	coast	-10.39	99105.00	186.46	291.31	30.34	16.8	4.06	4.09	4.07
6	6363	11	5.27	5	coast	-10.38	99095.00	187.31	292.16	30.24	16.9	4.07	4.10	4.07
6	6363	11	5.28	5	coast	-10.38	99095.00	187.31	292.16	30.13	16.9	4.07	4.09	4.07
6	6363	11	5.29	5	coast	-10.37	99091.00	187.65	292.50	30.03	16.9	4.06	4.09	4.07
6	6363	11	5.30	5	coast	-10.37	99091.00	187.65	292.50	29.93	16.9	4.05	4.09	4.08
6	6363	11	5.31	5	coast	-10.37	99091.00	187.65	292.50	29.82	16.9	4.05	4.08	4.06
6	6363	11	5.32	5	coast	-10.36	99078.00	188.75	293.60	29.72	16.8	4.06	4.09	4.07
6	6363	11	5.33	5	coast	-10.36	99071.00	189.34	294.20	29.62	16.8	4.07	4.09	4.07
6	6363	11	5.34	5	coast	-10.35	99073.00	189.17	294.03	29.51	16.8	4.06	4.09	4.07
6	6363	11	5.35	5	coast	-10.35	99072.00	189.26	294.11	29.41	16.8	4.07	4.09	4.07
6	6363	11	5.36	5	coast	-10.35	99068.00	189.60	294.45	29.30	16.8	4.06	4.09	4.07
6	6363	11	5.37	5	coast	-10.34	99061.00	190.19	295.04	29.20	16.8	4.06	4.09	4.07
6	6363	11	5.38	5	coast	-10.34	99060.00	190.27	295.13	29.10	16.8	4.06	4.09	4.07
6	6363	11	5.39	5	coast	-10.33	99060.00	190.27	295.13	28.99	16.9	4.06	4.09	4.07
6	6363	11	5.40	5	coast	-10.33	99055.00	190.70	295.55	28.89	16.9	4.07	4.09	4.07
6	6363	11	5.41	5	coast	-10.33	99051.00	191.04	295.89	28.79	16.9	4.04	4.08	4.07
6	6363	11	5.42	5	coast	-10.32	99051.00	191.04	295.89	28.68	16.9	4.06	4.09	4.06
6	6363	11	5.43	5	coast	-10.32	99030.00	192.82	297.67	28.58	16.9	4.06	4.09	4.07
6	6363	11	5.44	5	coast	-10.32	99034.00	192.48	297.33	28.48	16.8	4.07	4.09	4.07
6	6363	11	5.45	5	coast	-10.31	99035.00	192.39	297.25	28.37	16.8	4.06	4.09	4.07
6	6363	11	5.46	5	coast	-10.31	99028.00	192.99	297.84	28.27	16.8	4.06	4.09	4.07
6	6363	11	5.47	5	coast	-10.31	99035.00	192.39	297.25	28.17	16.8	4.06	4.09	4.07
6	6363	11	5.48	5	coast	-10.30	99029.00	192.90	297.76	28.06	16.8	4.07	4.10	4.07
6	6363	11	5.49	5	coast	-10.30	99025.00	193.24	298.10	27.96	16.9	4.06	4.09	4.07
6	6363	11	5.50	5	coast	-10.30	99020.00	193.67	298.52	27.86	16.9	4.06	4.09	4.07
6	6363	11	5.51	5	coast	-10.30	99019.00	193.75	298.61	27.76	16.9	4.06	4.09	4.07
6	6363	11	5.52	5	coast	-10.29	99010.00	194.51	299.37	27.65	16.9	4.04	4.08	4.07
6	6363	11	5.53	5	coast	-10.29	99010.00	194.51	299.37	27.55	16.9	4.06	4.09	4.06
6	6363	11	5.54	5	coast	-10.29	98995.00	195.79	300.64	27.45	16.8	4.06	4.09	4.07
6	6363	11	5.55	5	coast	-10.28	98998.00	195.53	300.39	27.35	16.8	4.06	4.09	4.07
6	6363	11	5.56	5	coast	-10.28	98998.00	195.53	300.39	27.24	16.8	4.06	4.09	4.06
6	6363	11	5.57	5	coast	-10.28	98992.00	196.04	300.90	27.14	16.8	4.07	4.09	4.07
6	6363	11	5.58	5	coast	-10.28	98994.00	195.87	300.73	27.04	16.8	4.06	4.09	4.06
6	6363	11	5.59	5	coast	-10.27	98995.00	195.79	300.64	26.93	16.8	4.07	4.09	4.07
6	6363	11	5.60	5	coast	-10.27	98993.00	195.96	300.81	26.83	16.9	4.07	4.09	4.07
6	6363	11	5.61	5	coast	-10.27	98985.00	196.63	301.49	26.73	16.9	4.06	4.09	4.07
6	6363	11	5.62	5	coast	-10.27	98983.00	196.80	301.66	26.63	16.9	4.07	4.09	4.07
6	6363	11	5.63	5	coast	-10.27	98975.00	197.48	302.34	26.52	16.9	4.05	4.08	4.08
6	6363	11	5.64	5	coast	-10.26	98975.00	197.48	302.34	26.42	16.9	4.06	4.10	4.06
6	6363	11	5.65	5	coast	-10.26	98963.00	198.50	303.36	26.32	16.9	4.07	4.09	4.07
6	6363	11	5.66	5	coast	-10.26	98974.00	197.57	302.42	26.22	16.8	4.07	4.09	4.07
6	6363	11	5.67	5	coast	-10.26	98972.00	197.74	302.59	26.11	16.8	4.07	4.09	4.07
6	6363	11	5.68	5	coast	-10.26	98966.00	198.25	303.10	26.01	16.8	4.06	4.09	4.06
6	6363	11	5.69	5	coast	-10.25	98956.00	199.09	303.95	25.91	16.8	4.06	4.09	4.07
6	6363	11	5.70	5	coast	-10.25	98959.00	198.84	303.70	25.81	16.8	4.06	4.09	4.07
6	6363	11	5.71	5	coast	-10.25	98955.00	199.18	304.03	25.70	16.9	4.06	4.09	4.07
6	6363	11	5.72	5	coast	-10.25	98947.00	199.86	304.71	25.60	16.9	4.06	4.10	4.07
6	6363	11	5.73	5	coast	-10.25	98954.00	199.26	304.12	25.50	16.9	4.06	4.09	4.07
6	6363	11	5.74	5	coast	-10.25	98947.00	199.86	304.71	25.40	16.9	4.05	4.08	4.08
6	6363	11	5.75	5	coast	-10.25	98947.00	199.86	304.71	25.30	16.9	4.06	4.09	4.06
6	6363	11	5.76	5	coast	-10.25	98938.00	200.62	305.48	25.19	16.8	4.06	4.09	4.07
6	6363	11	5.77	5	coast	-10.25	98939.00	200.54	305.39	25.09	16.8	4.07	4.09	4.07
6	6363	11	5.78	5	coast	-10.25	98937.00	200.71	305.56	24.99	16.8	4.06	4.09	4.07
6	6363	11	5.79	5	coast	-10.25	98927.00	201.56	306.41	24.89	16.8	4.06	4.09	4.07
6	6363	11	5.80	5	coast	-10.25	98926.00	201.64	306.50	24.79	16.8	4.06	4.09	4.07
6	6363	11	5.81	5	coast	-10.25	98929.00	201.39	306.24	24.68	16.9	4.06	4.09	4.07
6	6363	11	5.82	5	coast	-10.25	98931.00	201.22	306.07	24.58	16.9	4.06	4.09	4.07
6	6363	11	5.83	5	coast	-10.25	98922.00	201.98	306.84	24.48	16.9	4.06	4.09	4.06
6	6363	11	5.84	5	coast	-10.25	98921.00	202.06	306.92	24.38	16.9	4.06	4.09	4.07
6	6363	11	5.85	5	coast	-10.26	98912.00	202.83	307.68	24.27	16.9	4.05	4.09	4.08
6	6363	11	5.86	5	coast	-10.26	98912.00	202.83	307.68	24.17	16.9	4.06	4.09	4.06
6	6363	11	5.87	5	coast	-10.26	98913.00	202.74	307.60	24.07	16.9	4.06	4.10	4.07
6	6363	11	5.88	5	coast	-10.26	98907.00	203.25	308.11	23.97	16.8	4.07	4.09	4.07
6	6363	11	5.89	5	coast	-10.26	98904.00	203.51	308.36	23.86	16.8	4.07	4.09	4.07
6	6363	11	5.90	5	coast	-10.26	98900.00	203.85	308.70	23.76	16.8	4.06	4.10	4.06
6	6363	11	5.91	5	coast	-10.27	98903.00	203.59	308.45	23.66	16.8	4.06	4.09	4.06
6	6363	11	5.92	5	coast	-10.27	98900.00	203.85	308.70	23.56	16.9	4.07	4.09	4.07
6	6363	11	5.93	5	coast	-10.27	98888.00	204.87	309.72	23.45	16.8	4.06	4.09	4.07
6	6363	11	5.94	5	coast	-10.28	98882.00	205.38	310.23	23.35	16.9	4.06	4.09	4.07
6	6363	11	5.95	5	coast	-10.28	98886.00	205.04	309.89	23.25	16.9	4.07	4.09	4.07
6	6363	11	5.96	5	coast	-10.28	98878.00	205.71	310.57	23.15	16.9	4.06	4.08	4.09
6	6363	11	5.97	5	coast	-10.28	98878.00	205.71	310.57	23.04	16.9	4.05	4.09	4.06
6	6363	11	5.98	5	coast	-10.29	98876.00	205.88	310.74	22.94	16.9	4.06	4.09	4.07
6	6363	11	5.99	5	coast	-10.29	98875.00	205.97	310.82	22.84	16.8	4.06	4.09	4.07
6	6363	11	6.00	5	coast	-10.30	98871.00	206.31	311.16	22.74	16.8	4.06	4.09	4.07
6	6363	11	6.01	5	coast	-10.30	98867.00	206.65	311.50	22.63	16.8	4.07	4.09	4.07
6	6363	11	6.02	5	coast	-10.30	98865.00	206.82	311.67	22.53	16.8	4.07	4.09	4.07
6	6363	11	6.03	5	coast	-10.31	98856.00	207.58	312.44	22.43	16.8	4.06	4.09	4.07
6	6363	11	6.04	5	coast	-10.31	98857.00	207.50	312.35	22.33	16.9	4.06	4.09	4.07
6	6363	11	6.05	5	coast	-10.32	98854.00	207.75	312.61	22.23	16.9	4.06	4.09	4.07
6	6363	11	6.06	5	coast	-10.32	98857.00	207.50	312.35	22.12	16.9	4.06	4.09	4.07
6	6363	11	6.07	5	coast	-10.33	98852.00	207.92	312.78	22.02	16.9	4.05	4.09	4.08
6	6363	11	6.08	5	coast	-10.33	98852.00	207.92	312.78	21.92	16.9	4.05	4.09	4.05
6	6363	11	6.09	5	coast	-10.33	98840.00	208.94	313.80	21.82	16.8	4.06	4.09	4.07
6	6363	11	6.10	5	coast	-10.34	98840.00	208.94	313.80	21.71	16.8	4.07	4.09	4.07
6	6363	11	6.11	5	coast	-10.34	98840.00	208.94	313.80	21.61	16.8	4.07	4.09	4.08
6	6363	11	6.12	5	coast	-10.35	98838.00	209.11	313.97	21.51	16.8	4.06	4.09	4.07
6	6363	11	6.13	5	coast	-10.35	98839.00	209.03	313.88	21.41	16.8	4.07	4.09	4.07
6	6363	11	6.14	5	coast	-10.36	98833.00	209.54	314.39	21.31	16.8	4.06	4.09	4.07
6	6363	11	6.15	5	coast	-10.36	98831.00	209.71	314.56	21.21	16.9	4.07	4.09	4.07
6	6363	11	6.16	5	coast	-10.37	98828.00	209.96	314.82	21.10	16.9	4.06	4.09	4.07
6	6363	11	6.17	5	coast	-10.37	98827.00	210.05	314.90	21.00	16.9	4.06	4.09	4.07
6	6363	11	6.18	5	coast	-10.38	98823.00	210.39	315.24	20.90	16.9	4.06	4.09	4.08
6	6363	11	6.19	5	coast	-10.38	98823.00	210.39	315.24	20.80	16.9	4.06	4.09	4.06
6	6363	11	6.20	5	coast	-10.39	98815.00	211.07	315.92	20.70	16.8	4.06	4.09	4.07
6	6363	11	6.21	5	coast	-10.39	98812.00	211.32	316.18	20.59	16.8	4.06	4.09	4.07
6	6363	11	6.22	5	coast	-10.40	98808.00	211.66	316.52	20.49	16.8	4.06	4.09	4.07
6	6363	11	6.23	5	coast	-10.40	98807.00	211.74	316.60	20.39	16.8	4.06	4.09	4.07
6	6363	11	6.24	5	coast	-10.40	98804.00	212.00	316.86	20.24	16.8	4.06	4.09	4.06
6	6363	11	6.25	5	coast	-10.41	98802.00	212.17	317.03	20.08	16.8	4.06	4.09	4.07
6	6363	11	6.26	5	coast	-10.41	98802.00	212.17	317.03	19.98	16.9	4.06	4.09	4.07
6	6363	11	6.27	5	coast	-10.42	98802.00	212.17	317.03	19.88	16.9	4.06	4.09	4.07
6	6363	11	6.28	5	coast	-10.42	98796.00	212.68	317.53	19.79	16.9	4.06	4.09	4.07
6	6363	11	6.29	5	coast	-10.42	98795.00	212.76	317.62	19.69	16.9	4.05	4.08	4.08
6	6363	11	6.30	5	coast	-10.43	98795.00	212.76	317.62	19.60	16.9	4.06	4.09	4.06
6	6363	11	6.31	5	coast	-10.43	98790.00	213.19	318.04	19.50	16.9	4.06	4.09	4.07
6	6363	11	6.32	5	coast	-10.43	98787.00	213.44	318.30	19.41	16.8	4.06	4.09	4.07
6	6363	11	6.33	5	coast	-10.44	98786.00	213.53	318.38	19.32	16.8	4.06	4.09	4.07
6	6363	11	6.34	5	coast	-10.44	98785.00	213.61	318.47	19.23	16.8	4.06	4.09	4.06
6	6363	11	6.35	5	coast	-10.44	98785.00	213.61	318.47	19.14	16.8	4.06	4.09	4.07
6	6363	11	6.36	5	coast	-10.44	98789.00	213.27	318.13	19.05	16.8	4.07	4.09	4.07
6	6363	11	6.37	5	coast	-10.45	98772.00	214.72	319.57	18.96	16.9	4.06	4.09	4.07
6	6363	11	6.38	5	coast	-10.45	98775.00	214.46	319.32	18.79	16.9	4.06	4.09	4.07
6	6363	11	6.39	5	coast	-10.45	98772.00	214.72	319.57	18.69	16.9	4.06	4.09	4.07
6	6363	11	6.40	5	coast	-10.45	98770.00	214.89	319.74	18.58	16.9	4.06	4.08	4.09
6	6363	11	6.41	5	coast	-10.46	98770.00	214.89	319.74	18.48	16.9	4.05	4.09	4.06
6	6363	11	6.42	5	coast	-10.46	98767.00	215.14	320.00	18.38	16.8	4.06	4.09	4.07
6	6363	11	6.43	5	coast	-10.46	98767.00	215.14	320.00	18.27	16.8	4.06	4.09	4.06
6	6363	11	6.44	5	coast	-10.46	98764.00	215.40	320.25	18.17	16.8	4.06	4.09	4.07
6	6363	11	6.45	5	coast	-10.46	98758.00	215.91	320.76	18.07	16.8	4.06	4.09	4.07
6	6363	11	6.46	5	coast	-10.46	98763.00	215.48	320.34	17.96	16.9	4.06	4.09	4.07
6	6363	11	6.47	5	coast	-10.46	98765.00	215.31	320.17	17.86	16.8	4.06	4.09	4.06
6	6363	11	6.48	5	coast	-10.46	98753.00	216.33	321.19	17.74	16.9	4.07	4.09	4.07
6	6363	11	6.49	5	coast	-10.46	98751.00	216.50	321.36	17.64	16.9	4.06	4.09	4.07
6	6363	11	6.50	5	coast	-10.46	98750.00	216.59	321.44	17.53	16.9	4.06	4.09	4.07
6	6363	11	6.51	5	coast	-10.46	98747.00	216.84	321.70	17.43	16.9	4.05	4.08	4.08
6	6363	11	6.52	5	coast	-10.46	98747.00	216.84	321.70	17.32	16.9	4.06	4.09	4.06
6	6363	11	6.53	5	coast	-10.46	98742.00	217.27	322.12	17.22	16.9	4.06	4.09	4.07
6	6363	11	6.54	5	coast	-10.46	98740.00	217.44	322.29	17.12	16.8	4.07	4.09	4.07
6	6363	11	6.55	5	coast	-10.46	98739.00	217.52	322.38	17.01	16.8	4.06	4.09	4.07
6	6363	11	6.56	5	coast	-10.46	98739.00	217.52	322.38	16.91	16.8	4.06	4.09	4.07
6	6363	11	6.57	5	coast	-10.46	98734.00	217.95	322.80	16.80	16.8	4.07	4.09	4.07
6	6363	11	6.58	5	coast	-10.46	98740.00	217.44	322.29	16.69	16.8	4.06	4.09	4.07
6	6363	11	6.59	5	coast	-10.46	98731.00	218.20	323.06	16.58	16.8	4.06	4.09	4.07
6	6363	11	6.60	5	coast	-10.46	98734.00	217.95	322.80	16.48	16.9	4.06	4.09	4.07
6	6363	11	6.61	5	coast	-10.46	98725.00	218.71	323.57	16.37	16.9	4.07	4.09	4.07
6	6363	11	6.62	5	coast	-10.46	98726.00	218.63	323.48	16.27	16.9	4.06	4.09	4.08
6	6363	11	6.63	5	coast	-10.45	98726.00	218.63	323.48	16.16	16.9	4.06	4.09	4.06
6	6363	11	6.64	5	coast	-10.45	98718.00	219.31	324.16	16.06	16.9	4.06	4.09	4.07
6	6363	11	6.65	5	coast	-10.45	98718.00	219.31	324.16	15.95	16.8	4.06	4.10	4.06
6	6363	11	6.66	5	coast	-10.45	98720.00	219.14	323.99	15.85	16.8	4.06	4.09	4.07
6	6363	11	6.67	5	coast	-10.45	98717.00	219.39	324.25	15.74	16.8	4.06	4.09	4.07
6	6363	11	6.68	5	coast	-10.44	98717.00	219.39	324.25	15.64	16.8	4.07	4.09	4.07
6	6363	11	6.69	5	coast	-10.44	98719.00	219.22	324.08	15.54	16.9	4.06	4.09	4.06
6	6363	11	6.70	5	coast	-10.44	98713.00	219.73	324.59	15.43	16.9	4.06	4.09	4.07
6	6363	11	6.71	5	coast	-10.43	98713.00	219.73	324.59	15.33	16.9	4.06	4.09	4.07
6	6363	11	6.72	5	coast	-10.43	98711.00	219.90	324.76	15.23	16.9	4.07	4.09	4.07
6	6363	11	6.73	5	coast	-10.43	98706.00	220.33	325.18	15.13	16.9	4.05	4.08	4.08
6	6363	11	6.74	5	coast	-10.42	98706.00	220.33	325.18	15.03	16.9	4.06	4.09	4.06
6	6363	11	6.75	5	coast	-10.42	98700.00	220.84	325.69	14.93	16.9	4.06	4.09	4.07
6	6363	11	6.76	5	coast	-10.41	98706.00	220.33	325.18	14.83	16.8	4.06	4.09	4.07
6	6363	11	6.77	5	coast	-10.41	98696.00	221.18	326.03	14.73	16.8	4.07	4.09	4.07
6	6363	11	6.78	5	coast	-10.40	98693.00	221.43	326.29	14.60	16.8	4.07	4.10	4.07
6	6363	11	6.79	5	coast	-10.39	98694.00	221.35	326.20	14.50	16.8	4.06	4.09	4.07
6	6363	11	6.80	5	coast	-10.39	98698.00	221.01	325.86	14.39	16.8	4.06	4.09	4.07
6	6363	11	6.81	5	coast	-10.38	98690.00	221.69	326.54	14.29	16.9	4.06	4.09	4.07
6	6363	11	6.82	5	coast	-10.37	98689.00	221.77	326.63	14.19	16.9	4.07	4.09	4.07
6	6363	11	6.83	5	coast	-10.36	98690.00	221.69	326.54	14.08	16.9	4.06	4.09	4.07
6	6363	11	6.84	5	coast	-10.35	98679.00	222.62	327.48	13.98	16.9	4.05	4.08	4.08
6	6363	11	6.85	5	coast	-10.33	98679.00	222.62	327.48	13.88	16.9	4.06	4.09	4.06
6	6363	11	6.86	5	coast	-10.32	98683.00	222.28	327.14	13.77	16.9	4.07	4.09	4.07
6	6363	11	6.87	5	coast	-10.30	98686.00	222.03	326.89	13.67	16.8	4.07	4.09	4.07
6	6363	11	6.88	5	coast	-10.29	98673.00	223.14	327.99	13.56	16.8	4.06	4.09	4.07
6	6363	11	6.89	5	coast	-10.27	98681.00	222.45	327.31	13.45	16.8	4.06	4.09	4.07
6	6363	11	6.90	5	coast	-10.26	98675.00	222.97	327.82	13.35	16.8	4.06	4.09	4.07
6	6363	11	6.91	5	coast	-10.24	98667.00	223.65	328.50	13.25	16.9	4.06	4.09	4.07
6	6363	11	6.92	5	coast	-10.22	98677.00	222.79	327.65	13.14	16.9	4.06	4.09	4.07
6	6363	11	6.93	5	coast	-10.20	98669.00	223.48	328.33	13.04	16.9	4.07	4.10	4.07
6	6363	11	6.94	5	coast	-10.18	98672.00	223.22	328.08	12.94	16.9	4.06	4.09	4.07
6	6363	11	6.95	5	coast	-10.15	98674.00	223.05	327.91	12.83	16.9	4.05	4.09	4.08
6	6363	11	6.96	5	coast	-10.13	98674.00	223.05	327.91	12.73	16.9	4.06	4.09	4.06
6	6363	11	6.97	5	coast	-10.10	98663.00	223.99	328.84	12.63	16.9	4.07	4.10	4.07
6	6363	11	6.98	5	coast	-10.07	98663.00	223.99	328.84	12.52	16.8	4.06	4.09	4.07
6	6363	11	6.99	5	coast	-10.05	98668.00	223.56	328.42	12.42	16.8	4.06	4.09	4.07
6	6363	11	7.00	5	coast	-10.02	98659.00	224.33	329.18	12.31	16.8	4.06	4.09	4.06
6	6363	11	7.01	5	coast	-9.99	98654.00	224.75	329.61	12.21	16.8	4.06	4.09	4.07
6	6363	11	7.02	5	coast	-9.96	98664.00	223.90	328.76	12.11	16.9	4.06	4.09	4.07
6	6363	11	7.03	5	coast	-9.92	98656.00	224.58	329.44	12.01	16.9	4.06	4.09	4.07
6	6363	11	7.04	5	coast	-9.89	98661.00	224.16	329.01	11.90	16.9	4.06	4.09	4.07
6	6363	11	7.05	5	coast	-9.86	98663.00	223.99	328.84	11.80	16.9	4.06	4.09	4.07
6	6363	11	7.06	5	coast	-9.82	98647.00	225.35	330.20	11.70	16.9	4.06	4.08	4.08
6	6363	11	7.07	5	coast	-9.79	98647.00	225.35	330.20	11.60	16.9	4.05	4.09	4.06
6	6363	11	7.08	5	coast	-9.75	98647.00	225.35	330.20	11.49	16.9	4.06	4.09	4.07
6	6363	11	7.09	5	coast	-9.71	98651.00	225.01	329.86	11.39	16.8	4.06	4.09	4.07
6	6363	11	7.10	5	coast	-9.67	98652.00	224.92	329.78	11.29	16.8	4.06	4.09	4.07
6	6363	11	7.11	5	coast	-9.63	98645.00	225.52	330.37	11.18	16.8	4.06	4.09	4.07
6	6363	11	7.12	5	coast	-9.59	98649.00	225.18	330.03	11.08	16.8	4.06	4.10	4.06
6	6363	11	7.13	5	coast	-9.55	98642.00	225.77	330.63	10.98	16.9	4.06	4.09	4.07
6	6363	11	7.14	5	coast	-9.51	98637.00	226.20	331.05	10.88	16.9	4.07	4.09	4.07
6	6363	11	7.15	5	coast	-9.47	98639.00	226.03	330.88	10.78	16.9	4.06	4.09	4.07
6	6363	11	7.16	5	coast	-9.43	98636.00	226.28	331.14	10.68	16.9	4.06	4.09	4.06
6	6363	11	7.17	5	coast	-9.39	98637.00	226.20	331.05	10.58	16.9	4.05	4.08	4.08
6	6363	11	7.18	5	coast	-9.34	98637.00	226.20	331.05	10.50	16.9	4.06	4.09	4.06
6	6363	11	7.19	5	coast	-9.30	98636.00	226.28	331.14	10.40	16.9	4.07	4.09	4.07
6	6363	11	7.20	5	coast	-9.26	98634.00	226.45	331.31	10.30	16.8	4.07	4.09	4.07
6	6363	11	7.21	5	coast	-9.22	98637.00	226.20	331.05	10.21	16.8	4.06	4.09	4.07
6	6363	11	7.22	5	coast	-9.18	98630.00	226.79	331.65	10.12	16.8	4.06	4.09	4.07
6	6363	11	7.23	5	coast	-9.13	98630.00	226.79	331.65	10.02	16.8	4.06	4.09	4.07
6	6363	11	7.24	5	coast	-9.09	98631.00	226.71	331.56	9.93	16.9	4.06	4.09	4.07
6	6363	11	7.25	5	coast	-9.05	98628.00	226.96	331.82	9.84	16.9	4.06	4.09	4.07
6	6363	11	7.26	5	coast	-9.01	98630.00	226.79	331.65	9.74	16.9	4.06	4.10	4.06
6	6363	11	7.27	5	coast	-8.97	98627.00	227.05	331.90	9.65	16.9	4.06	4.09	4.07
6	6363	11	7.28	5	coast	-8.93	98625.00	227.22	332.07	9.60	16.9	4.06	4.09	4.08
6	6363	11	7.29	5	coast	-8.89	98625.00	227.22	332.07	9.52	16.9	4.06	4.09	4.06
6	6363	11	7.30	5	coast	-8.85	98621.00	227.56	332.41	9.44	16.9	4.06	4.09	4.07
6	6363	11	7.31	5	coast	-8.81	98623.00	227.39	332.24	9.36	16.8	4.06	4.09	4.06
6	6363	11	7.32	5	coast	-8.78	98621.00	227.56	332.41	9.28	16.8	4.06	4.09	4.07
6	6363	11	7.33	5	coast	-8.74	98622.00	227.47	332.33	9.21	16.8	4.07	4.10	4.07
6	6363	11	7.34	5	coast	-8.70	98620.00	227.64	332.50	9.13	16.8	4.07	4.10	4.07
6	6363	11	7.35	5	coast	-8.67	98623.00	227.39	332.24	9.06	16.9	4.06	4.09	4.07
6	6363	11	7.36	5	coast	-8.63	98618.00	227.81	332.67	8.99	16.9	4.06	4.09	4.07
6	6363	11	7.37	5	coast	-8.60	98621.00	227.56	332.41	8.91	16.9	4.06	4.09	4.07
6	6363	11	7.38	5	coast	-8.57	98615.00	228.07	332.92	8.78	16.9	4.06	4.09	4.07
6	6363	11	7.39	5	coast	-8.54	98620.00	227.64	332.50	8.69	16.9	4.05	4.09	4.08
6	6363	11	7.40	5	coast	-8.51	98620.00	227.64	332.50	8.61	16.9	4.06	4.09	4.06
6	6363	11	7.41	5	coast	-8.47	98602.00	229.18	334.03	8.53	16.9	4.06	4.09	4.07
6	6363	11	7.42	5	coast	-8.45	98616.00	227.98	332.84	8.44	16.8	4.06	4.09	4.07
6	6363	11	7.43	5	coast	-8.42	98612.00	228.32	333.18	8.36	16.8	4.06	4.09	4.07
6	6363	11	7.44	5	coast	-8.39	98606.00	228.84	333.69	8.28	16.8	4.06	4.09	4.06
6	6363	11	7.45	5	coast	-8.36	98613.00	228.24	333.09	8.20	16.9	4.06	4.09	4.07
6	6363	11	7.46	5	coast	-8.33	98614.00	228.15	333.01	8.12	16.9	4.06	4.09	4.07
6	6363	11	7.47	5	coast	-8.31	98610.00	228.49	333.35	8.04	16.9	4.06	4.09	4.07
6	6363	11	7.48	5	coast	-8.28	98605.00	228.92	333.78	7.93	16.9	4.07	4.09	4.07
6	6363	11	7.49	5	coast	-8.26	98604.00	229.01	333.86	7.85	16.9	4.06	4.09	4.07
6	6363	11	7.50	5	coast	-8.24	98603.00	229.09	333.95	7.77	16.9	4.05	4.08	4.08
6	6363	11	7.51	5	coast	-8.21	98603.00	229.09	333.95	7.68	16.9	4.06	4.09	4.06
6	6363	11	7.52	5	coast	-8.19	98597.00	229.60	334.46	7.60	16.9	4.06	4.09	4.07
6	6363	11	7.53	5	coast	-8.17	98602.00	229.18	334.03	7.52	16.8	4.06	4.09	4.07
6	6363	11	7.54	5	coast	-8.15	98596.00	229.69	334.54	7.43	16.8	4.06	4.09	4.07
6	6363	11	7.55	5	coast	-8.12	98600.00	229.35	334.20	7.35	16.8	4.06	4.09	4.07
6	6363	11	7.56	5	coast	-8.10	98601.00	229.26	334.12	7.27	16.9	4.06	4.09	4.06
6	6363	11	7.57	5	coast	-8.08	98599.00	229.43	334.29	7.19	16.9	4.06	4.09	4.07
6	6363	11	7.58	5	coast	-8.06	98603.00	229.09	333.95	7.11	16.9	4.06	4.09	4.07
6	6363	11	7.59	5	coast	-8.04	98599.00	229.43	334.29	7.03	16.9	4.07	4.09	4.07
6	6363	11	7.60	5	coast	-8.02	98598.00	229.52	334.37	6.95	16.9	4.06	4.09	4.07
6	6363	11	7.61	5	coast	-8.00	98597.00	229.60	334.46	6.87	16.9	4.05	4.09	4.07
6	6363	11	7.62	5	coast	-7.99	98597.00	229.60	334.46	6.79	16.9	4.05	4.09	4.06
6	6363	11	7.63	5	coast	-7.97	98589.00	230.28	335.14	6.71	16.9	4.06	4.09	4.07
6	6363	11	7.64	5	coast	-7.95	98602.00	229.18	334.03	6.63	16.8	4.07	4.09	4.07
6	6363	11	7.65	5	coast	-7.93	98600.00	229.35	334.20	6.56	16.8	4.06	4.09	4.06
6	6363	11	7.66	5	coast	-7.91	98591.00	230.11	334.97	6.48	16.8	4.06	4.09	4.07
6	6363	11	7.67	5	coast	-7.89	98591.00	230.11	334.97	6.40	16.9	4.06	4.09	4.07
6	6363	11	7.68	5	coast	-7.87	98590.00	230.20	335.05	6.31	16.9	4.06	4.09	4.07
6	6363	11	7.69	5	coast	-7.86	98591.00	230.11	334.97	6.24	16.9	4.06	4.09	4.07
6	6363	11	7.70	5	coast	-7.84	98592.00	230.03	334.88	6.16	16.9	4.06	4.09	4.07
6	6363	11	7.71	5	coast	-7.82	98588.00	230.37	335.22	6.08	16.9	4.06	4.10	4.06
6	6363	11	7.72	5	coast	-7.80	98592.00	230.03	334.88	6.00	16.9	4.05	4.08	4.08
6	6363	11	7.73	5	coast	-7.79	98592.00	230.03	334.88	5.92	16.9	4.06	4.09	4.06
6	6363	11	7.74	5	coast	-7.77	98585.00	230.62	335.48	5.84	16.9	4.06	4.09	4.07
6	6363	11	7.75	5	coast	-7.75	98587.00	230.45	335.31	5.77	16.8	4.07	4.09	4.07
6	6363	11	7.76	5	coast	-7.73	98590.00	230.20	335.05	5.69	16.8	4.06	4.09	4.07
6	6363	11	7.77	5	coast	-7.72	98581.00	230.96	335.82	5.61	16.8	4.06	4.09	4.07
6	6363	11	7.78	5	coast	-7.70	98581.00	230.96	335.82	5.54	16.9	4.06	4.09	4.07
6	6363	11	7.79	5	coast	-7.69	98584.00	230.71	335.56	5.47	16.9	4.06	4.09	4.07
6	6363	11	7.80	5	coast	-7.69	98582.00	230.88	335.73	5.40	16.9	4.06	4.09	4.07
6	6363	11	7.81	5	coast	-7.68	98582.00	230.88	335.73	5.32	16.9	4.06	4.09	4.07
6	6363	11	7.82	5	coast	-7.69	98581.00	230.96	335.82	5.25	16.9	4.06	4.09	4.07
6	6363	11	7.83	5	coast	-7.69	98580.00	231.05	335.90	5.17	16.9	4.05	4.08	4.08
6	6363	11	7.84	5	coast	-7.70	98580.00	231.05	335.90	5.10	16.9	4.06	4.09	4.06
6	6363	11	7.85	5	coast	-7.71	98579.00	231.13	335.99	5.03	16.9	4.06	4.09	4.07
6	6363	11	7.86	5	coast	-7.72	98582.00	230.88	335.73	4.95	16.8	4.07	4.09	4.07
6	6363	11	7.87	5	coast	-7.74	98585.00	230.62	335.48	4.88	16.8	4.06	4.09	4.07
6	6363	11	7.88	5	coast	-7.61	98581.00	230.96	335.82	4.79	16.8	4.06	4.10	4.06
6	6363	11	7.89	5	coast	-7.61	98580.00	231.05	335.90	4.71	16.9	4.06	4.09	4.07
6	6363	11	7.90	5	coast	-7.61	98578.00	231.22	336.07	4.64	16.9	4.06	4.09	4.07
6	6363	11	7.91	5	coast	-7.62	98577.00	231.30	336.16	4.56	16.9	4.06	4.09	4.07
6	6363	11	7.92	5	coast	-7.63	98580.00	231.05	335.90	4.48	16.9	4.06	4.09	4.07
6	6363	11	7.93	5	coast	-7.64	98580.00	231.05	335.90	4.41	16.9	4.06	4.09	4.06
6	6363	11	7.94	5	coast	-7.66	98579.00	231.13	335.99	4.33	16.9	4.05	4.08	4.08
6	6363	11	7.95	5	coast	-7.68	98579.00	231.13	335.99	4.25	16.9	4.06	4.09	4.06
6	6363	11	7.96	5	coast	-7.71	98566.00	232.24	337.09	4.18	16.9	4.07	4.09	4.07
6	6363	11	7.97	5	coast	-7.74	98573.00	231.64	336.50	4.10	16.8	4.06	4.09	4.07
6	6363	11	7.98	5	coast	-7.62	98577.00	231.30	336.16	4.04	16.8	4.06	4.10	4.06
6	6363	11	7.99	5	coast	-7.63	98574.00	231.56	336.41	3.96	16.8	4.06	4.09	4.06
6	6363	11	8.00	5	coast	-7.65	98576.00	231.39	336.24	3.89	16.9	4.07	4.09	4.07
6	6363	11	8.01	5	coast	-7.67	98579.00	231.13	335.99	3.82	16.9	4.06	4.09	4.07
6	6363	11	8.02	5	coast	-7.70	98574.00	231.56	336.41	3.74	16.9	4.06	4.09	4.07
6	6363	11	8.03	5	coast	-7.73	98571.00	231.81	336.67	3.67	16.9	4.06	4.09	4.07
6	6363	11	8.04	5	coast	-7.76	98576.00	231.39	336.24	3.59	16.9	4.06	4.09	4.07
6	6363	11	8.05	5	coast	-7.80	98569.00	231.98	336.84	3.52	16.9	4.05	4.08	4.08
6	6363	11	8.06	5	coast	-7.85	98569.00	231.98	336.84	3.45	16.9	4.06	4.09	4.06
6	6363	11	8.07	5	coast	-7.89	98567.00	232.15	337.01	3.37	16.9	4.06	4.09	4.07
6	6363	11	8.08	5	coast	-7.79	98575.00	231.47	336.33	3.31	16.8	4.06	4.09	4.07
6	6363	11	8.09	5	coast	-7.82	98570.00	231.90	336.75	3.24	16.8	4.06	4.10	4.06
6	6363	11	8.10	5	coast	-7.85	98570.00	231.90	336.75	3.17	16.9	4.06	4.09	4.07
6	6363	11	8.11	5	coast	-7.89	98572.00	231.73	336.58	3.10	16.9	4.06	4.09	4.07
6	6363	11	8.12	5	coast	-7.93	98567.00	232.15	337.01	3.03	16.9	4.06	4.09	4.07
6	6363	11	8.13	5	coast	-7.98	98568.00	232.07	336.92	2.96	16.9	4.07	4.09	4.07
6	6363	11	8.14	5	coast	-8.03	98566.00	232.24	337.09	2.89	16.9	4.06	4.09	4.07
6	6363	11	8.15	5	coast	-8.08	98560.00	232.75	337.61	2.82	16.9	4.06	4.09	4.07
6	6363	11	8.16	5	coast	-8.14	98563.00	232.49	337.35	2.75	16.9	4.05	4.08	4.08
6	6363	11	8.17	5	coast	-8.20	98563.00	232.49	337.35	2.67	16.9	4.06	4.09	4.05
6	6363	11	8.18	5	coast	-8.11	98559.00	232.84	337.69	2.60	16.9	4.06	4.09	4.07
6	6363	11	8.19	5	coast	-8.15	98567.00	232.15	337.01	2.53	16.8	4.06	4.09	4.07
6	6363	11	8.20	5	coast	-8.19	98572.00	231.73	336.58	2.45	16.8	4.06	4.09	4.07
6	6363	11	8.21	5	coast	-8.24	98561.00	232.67	337.52	2.38	16.8	4.06	4.09	4.07
6	6363	11	8.22	5	coast	-8.28	98563.00	232.49	337.35	2.31	16.8	4.06	4.09	4.07
6	6363	11	8.23	5	coast	-8.34	98559.00	232.84	337.69	2.24	16.9	0.00	4.08	4.05
6	6363	11	8.24	5	coast	-8.39	99428.00	159.12	263.98	2.16	16.9	0.00	4.09	4.06
6	6363	11	8.25	5	coast	-8.45	99820.00	126.04	230.90	2.09	16.9	0.00	4.08	4.08
6	6363	11	8.26	5	coast	-8.51	98348.00	250.81	355.67	2.02	16.9	0.00	4.09	4.08
6	6363	11	8.27	6	drogue	-8.56	98382.00	247.91	352.77	1.94	16.9	0.00	4.06	4.11
6	6363	11	8.27	6	drogue	-8.56	98382.00	247.91	352.77	1.94	16.9	0.00	4.06	4.11
6	6363	11	8.28	6	drogue	-8.65	98382.00	247.91	352.77	1.50	16.9	0.00	4.07	4.04
6	6363	11	8.38	6	drogue	-8.84	98582.00	230.88	335.73	0.71	16.9	2.25	4.08	4.08
6	6363	11	8.48	6	drogue	-8.88	98584.00	230.71	335.56	-0.12	16.9	1.69	4.09	4.07
6	6363	11	8.58	6	drogue	-8.87	98588.00	230.37	335.22	-0.98	16.9	1.45	4.09	4.07
6	6363	11	8.68	6	drogue	-8.92	98547.00	233.86	338.71	-1.85	17.0	1.97	4.09	4.07
6	6363	11	8.78	6	drogue	-9.09	98588.00	230.37	335.22	-2.75	17.0	1.76	4.07	4.09
6	6363	11	8.88	6	drogue	-9.18	98600.00	229.35	334.20	-3.67	17.0	1.66	4.09	4.07
6	6363	11	8.98	6	drogue	-9.18	98601.00	229.26	334.12	-4.60	17.0	1.57	4.10	4.07
6	6363	11	9.08	6	drogue	-9.06	98603.00	229.09	333.95	-5.55	17.0	1.47	4.09	4.07
6	6363	11	9.18	6	drogue	-8.80	98532.00	235.13	339.99	-6.47	17.0	1.34	4.09	4.07
6	6363	11	9.28	6	drogue	-8.39	98371.00	248.85	353.71	-7.37	17.0	1.30	4.09	4.07
6	6363	11	9.38	6	drogue	-7.82	98552.00	233.43	338.29	-8.24	17.0	1.11	4.09	4.07
6	6363	11	9.48	6	drogue	-7.09	98647.00	225.35	330.20	-9.06	17.0	1.01	4.07	4.09
6	6363	11	9.58	6	drogue	-6.23	98634.00	226.45	331.31	-9.79	17.0	0.97	4.09	4.07
6	6363	11	9.68	6	drogue	-5.26	98667.00	223.65	328.50	-10.43	17.0	0.93	4.10	4.07
6	6363	11	9.78	6	drogue	-4.23	98647.00	225.35	330.20	-10.96	17.0	0.88	4.09	4.07
6	6363	11	9.88	6	drogue	-3.16	98719.00	219.22	324.08	-11.39	17.0	0.85	4.09	4.07
6	6363	11	9.98	6	drogue	-2.07	98694.00	221.35	326.20	-11.70	17.0	0.81	4.10	4.07
6	6363	11	10.08	6	drogue	-0.99	98664.00	223.90	328.76	-11.91	17.0	0.79	4.09	4.07
6	6363	11	10.18	6	drogue	0.06	98704.00	220.50	325.35	-12.02	17.0	0.76	4.09	4.08
6	6363	11	10.28	6	drogue	1.03	98784.00	213.70	318.55	-11.99	17.0	0.73	4.09	4.07
6	6363	11	10.38	6	drogue	1.90	98795.00	212.76	317.62	-11.86	17.0	0.71	4.09	4.07
6	6363	11	10.48	6	drogue	2.62	98808.00	211.66	316.52	-11.66	17.0	0.67	4.09	4.08
6	6363	11	10.58	6	drogue	3.19	98819.00	210.73	315.58	-11.37	17.0	0.64	4.08	4.09
6	6363	11	10.68	6	drogue	3.60	98798.00	212.51	317.36	-11.01	17.0	0.63	4.09	4.07
6	6363	11	10.78	6	drogue	3.86	98811.00	211.41	316.26	-10.63	17.0	0.61	4.09	4.07
6	6363	11	10.88	6	drogue	3.97	98833.00	209.54	314.39	-10.22	17.0	0.61	4.09	4.07
6	6363	11	10.98	6	drogue	3.93	98845.00	208.52	313.37	-9.81	17.0	0.59	4.09	4.07
6	6363	11	11.08	6	drogue	3.71	98872.00	206.22	311.08	-9.40	17.0	0.58	4.09	4.07
6	6363	11	11.18	6	drogue	3.34	98872.00	206.22	311.08	-9.00	17.0	0.56	4.09	4.07
6	6363	11	11.28	6	drogue	2.85	98890.00	204.70	309.55	-8.58	17.0	0.55	4.09	4.08
6	6363	11	11.38	6	drogue	2.31	98908.00	203.17	308.02	-8.32	17.0	0.54	4.09	4.07
6	6363	11	11.48	6	drogue	1.79	98917.00	202.40	307.26	-8.13	17.0	0.53	4.09	4.07
6	6363	11	11.58	6	drogue	1.34	98884.00	205.21	310.06	-7.96	17.0	0.52	4.09	4.07
6	6363	11	11.68	6	drogue	0.95	98892.00	204.53	309.38	-7.83	17.0	0.49	4.08	4.09
6	6363	11	11.78	6	drogue	0.61	98901.00	203.76	308.62	-7.72	17.0	0.49	4.09	4.07
6	6363	11	11.88	6	drogue	0.28	98914.00	202.66	307.51	-7.68	17.0	0.48	4.09	4.07
6	6363	11	11.98	6	drogue	-0.01	98917.00	202.40	307.26	-7.66	17.0	0.48	4.09	4.08
6	6363	11	12.08	6	drogue	-0.26	98940.00	200.45	305.31	-7.65	17.0	0.47	4.09	4.07
6	6363	11	12.18	6	drogue	-0.42	98946.00	199.94	304.80	-7.69	17.0	0.47	4.09	4.08
6	6363	11	12.28	6	drogue	-0.50	98958.00	198.92	303.78	-7.77	17.0	0.46	4.09	4.07
6	6363	11	12.38	6	drogue	-0.48	98958.00	198.92	303.78	-7.83	17.0	0.45	4.09	4.08
6	6363	11	12.48	6	drogue	-0.40	98978.00	197.23	302.08	-7.89	17.0	0.45	4.09	4.08
6	6363	11	12.58	6	drogue	-0.28	98983.00	196.80	301.66	-7.93	17.0	0.44	4.09	4.07
6	6363	11	12.68	6	drogue	-0.15	98994.00	195.87	300.73	-7.96	17.0	0.44	4.09	4.07
6	6363	11	12.78	6	drogue	-0.05	99000.00	195.36	300.22	-7.97	17.0	0.42	4.08	4.08
6	6363	11	12.88	6	drogue	0.04	98995.00	195.79	300.64	-7.97	17.0	0.42	4.09	4.08
6	6363	11	12.98	6	drogue	0.11	99022.00	193.50	298.35	-7.96	17.1	0.41	4.09	4.08
6	6363	11	13.08	6	drogue	0.18	99053.00	190.87	295.72	-7.95	17.1	0.41	4.09	4.07
6	6363	11	13.18	6	drogue	0.24	99068.00	189.60	294.45	-7.93	17.0	0.41	4.09	4.07
6	6363	11	13.28	6	drogue	0.30	99074.00	189.09	293.94	-7.91	17.1	0.40	4.09	4.07
6	6363	11	13.38	6	drogue	0.36	99081.00	188.49	293.35	-7.88	17.1	0.39	4.09	4.08
6	6363	11	13.48	6	drogue	0.41	99075.00	189.00	293.86	-7.85	17.1	0.39	4.09	4.08
6	6363	11	13.58	6	drogue	0.46	99068.00	189.60	294.45	-7.80	17.1	0.39	4.09	4.07
6	6363	11	13.68	6	drogue	0.48	99078.00	188.75	293.60	-7.75	17.1	0.38	4.09	4.07
6	6363	11	13.78	6	drogue	0.48	99084.00	188.24	293.09	-7.70	17.1	0.38	4.09	4.07
6	6363	11	13.88	6	drogue	0.47	99109.00	186.12	290.98	-7.65	17.1	0.36	4.08	4.09
6	6363	11	13.98	6	drogue	0.43	99127.00	184.59	289.45	-7.59	17.1	0.37	4.09	4.07
6	6363	11	14.08	6	drogue	0.37	99148.00	182.82	287.67	-7.55	17.1	0.36	4.09	4.08
6	6363	11	14.18	6	drogue	0.31	99150.00	182.65	287.50	-7.51	17.1	0.36	4.09	4.07
6	6363	11	14.28	6	drogue	0.23	99146.00	182.98	287.84	-7.48	17.1	0.36	4.09	4.07
6	6363	11	14.38	6	drogue	0.16	99137.00	183.75	288.60	-7.45	17.1	0.36	4.09	4.07
6	6363	11	14.48	6	drogue	0.09	99148.00	182.82	287.67	-7.44	17.1	0.36	4.09	4.07
6	6363	11	14.58	6	drogue	0.04	99154.00	182.31	287.16	-7.43	17.1	0.35	4.10	4.07
6	6363	11	14.68	6	drogue	0.00	99175.00	180.53	285.38	-7.44	17.1	0.35	4.09	4.08
6	6363	11	14.78	6	drogue	-0.03	99176.00	180.44	285.30	-7.44	17.1	0.35	4.09	4.07
6	6363	11	14.88	6	drogue	-0.04	99185.00	179.68	284.54	-7.44	17.1	0.34	4.09	4.07
6	6363	11	14.98	6	drogue	-0.05	99213.00	177.31	282.17	-7.45	17.1	0.33	4.09	4.08
6	6363	11	15.08	6	drogue	-0.04	99227.00	176.12	280.98	-7.45	17.1	0.34	4.09	4.07
6	6363	11	15.18	6	drogue	-0.01	99245.00	174.60	279.46	-7.46	17.1	0.34	4.09	4.08
6	6363	11	15.28	6	drogue	0.02	99252.00	174.01	278.86	-7.47	17.1	0.34	4.09	4.07
6	6363	11	15.38	6	drogue	0.05	99261.00	173.25	278.10	-7.47	17.1	0.34	4.09	4.07
6	6363	11	15.48	6	drogue	0.06	99267.00	172.74	277.59	-7.45	17.1	0.33	4.09	4.07
6	6363	11	15.58	6	drogue	0.04	99267.00	172.74	277.59	-7.44	17.1	0.33	4.09	4.08
6	6363	11	15.68	6	drogue	-0.01	99261.00	173.25	278.10	-7.43	17.1	0.33	4.09	4.08
6	6363	11	15.78	6	drogue	-0.08	99256.00	173.67	278.53	-7.43	17.1	0.33	4.09	4.07
6	6363	11	15.88	6	drogue	-0.17	99248.00	174.35	279.20	-7.44	17.1	0.33	4.09	4.08
6	6363	11	15.98	6	drogue	-0.27	99266.00	172.82	277.68	-7.45	17.1	0.33	4.09	4.07
6	6363	11	16.08	6	drogue	-0.38	99283.00	171.38	276.24	-7.48	17.1	0.32	4.09	4.09
6	6363	11	16.18	6	drogue	-0.51	99301.00	169.86	274.72	-7.51	17.1	0.33	4.10	4.07
6	6363	11	16.28	6	drogue	-0.66	99324.00	167.92	272.77	-7.56	17.1	0.33	4.09	4.07
6	6363	11	16.38	6	drogue	-0.81	99342.00	166.39	271.25	-7.62	17.1	0.33	4.09	4.08
6	6363	11	16.48	6	drogue	-0.96	99364.00	164.53	269.39	-7.70	17.1	0.32	4.09	4.07
6	6363	11	16.58	6	drogue	-1.09	99364.00	164.53	269.39	-7.80	17.1	0.32	4.09	4.07
6	6363	11	16.68	6	drogue	-1.17	99380.00	163.18	268.03	-7.92	17.1	0.31	4.09	4.08
6	6363	11	16.78	6	drogue	-1.19	99382.00	163.01	267.87	-8.05	17.1	0.31	4.09	4.07
6	6363	11	16.88	6	drogue	-1.15	99372.00	163.86	268.71	-8.18	17.1	0.32	4.10	4.07
6	6363	11	16.98	6	drogue	-1.06	99378.00	163.35	268.20	-8.30	17.1	0.31	4.09	4.07
6	6363	11	17.08	6	drogue	-0.91	99372.00	163.86	268.71	-8.42	17.1	0.31	4.09	4.08
6	6363	11	17.18	6	drogue	-0.72	99386.00	162.67	267.53	-8.52	17.1	0.30	4.08	4.09
6	6363	11	17.28	6	drogue	-0.49	99406.00	160.98	265.84	-8.59	17.1	0.31	4.09	4.08
6	6363	11	17.38	6	drogue	-0.22	99409.00	160.73	265.58	-8.65	17.1	0.31	4.09	4.07
6	6363	11	17.48	6	drogue	0.07	99413.00	160.39	265.24	-8.68	17.1	0.31	4.09	4.07
6	6363	11	17.58	6	drogue	0.37	99434.00	158.61	263.47	-8.68	17.1	0.30	4.09	4.07
6	6363	11	17.68	6	drogue	0.64	99445.00	157.68	262.54	-8.63	17.1	0.31	4.09	4.07
6	6363	11	17.78	6	drogue	0.85	99454.00	156.92	261.78	-8.55	17.1	0.31	4.09	4.07
6	6363	11	17.88	6	drogue	0.98	99473.00	155.32	260.17	-8.45	17.1	0.31	4.09	4.07
6	6363	11	17.98	6	drogue	1.05	99473.00	155.32	260.17	-8.34	17.1	0.30	4.09	4.07
6	6363	11	18.08	6	drogue	1.06	99508.00	152.36	257.22	-8.23	17.1	0.30	4.09	4.07
6	6363	11	18.18	6	drogue	1.04	99527.00	150.76	255.61	-8.12	17.1	0.30	4.09	4.07
6	6363	11	18.28	6	drogue	1.00	99549.00	148.90	253.75	-8.01	17.1	0.29	4.08	4.09
6	6363	11	18.38	6	drogue	0.95	99559.00	148.05	252.91	-7.91	17.1	0.29	4.09	4.08
6	6363	11	18.48	6	drogue	0.90	99569.00	147.21	252.07	-7.82	17.1	0.29	4.09	4.08
6	6363	11	18.58	6	drogue	0.87	99582.00	146.11	250.97	-7.73	17.1	0.29	4.09	4.08
6	6363	11	18.68	6	drogue	0.84	99574.00	146.79	251.64	-7.65	17.1	0.28	4.09	4.07
6	6363	11	18.78	6	drogue	0.80	99583.00	146.03	250.88	-7.56	17.1	0.28	4.09	4.07
6	6363	11	18.88	6	drogue	0.73	99566.00	147.46	252.32	-7.47	17.1	0.28	4.09	4.07
6	6363	11	18.98	6	drogue	0.63	99560.00	147.97	252.83	-7.39	17.1	0.28	4.09	4.07
6	6363	11	19.08	6	drogue	0.52	99554.00	148.48	253.33	-7.32	17.1	0.28	4.09	4.08
6	6363	11	19.18	6	drogue	0.42	99571.00	147.04	251.90	-7.28	17.1	0.28	4.09	4.08
6	6363	11	19.28	6	drogue	0.36	99577.00	146.53	251.39	-7.24	17.1	0.28	4.10	4.07
6	6363	11	19.38	6	drogue	0.34	99601.00	144.51	249.36	-7.21	17.1	0.27	4.09	4.09
6	6363	11	19.48	6	drogue	0.36	99618.00	143.07	247.93	-7.19	17.1	0.28	4.09	4.07
6	6363	11	19.58	6	drogue	0.42	99624.00	142.57	247.42	-7.17	17.1	0.27	4.09	4.08
6	6363	11	19.68	6	drogue	0.49	99620.00	142.90	247.76	-7.12	17.1	0.28	4.09	4.08
6	6363	11	19.78	6	drogue	0.58	99627.00	142.31	247.17	-7.07	17.1	0.27	4.09	4.08
6	6363	11	19.88	6	drogue	0.68	99645.00	140.80	245.65	-7.01	17.1	0.27	4.09	4.07
6	6363	11	19.98	6	drogue	0.78	99683.00	137.59	242.44	-6.95	17.1	0.27	4.09	4.07
6	6363	11	20.08	6	drogue	0.86	99706.00	135.65	240.50	-6.87	17.1	0.27	4.09	4.08
6	6363	11	20.18	6	drogue	0.91	99720.00	134.47	239.32	-6.79	17.1	0.27	4.09	4.07
6	6363	11	20.28	6	drogue	0.93	99725.00	134.05	238.90	-6.67	17.1	0.27	4.09	4.07
6	6363	11	20.38	6	drogue	0.89	99738.00	132.95	237.81	-6.57	17.1	0.27	4.10	4.07
6	6363	11	20.48	6	drogue	0.80	99741.00	132.70	237.55	-6.48	17.1	0.26	4.08	4.09
6	6363	11	20.58	6	drogue	0.65	99742.00	132.61	237.47	-6.40	17.1	0.27	4.09	4.07
6	6363	11	20.68	6	drogue	0.44	99725.00	134.05	238.90	-6.31	17.1	0.27	4.09	4.08
6	6363	11	20.78	6	drogue	0.17	99701.00	136.07	240.93	-6.26	17.1	0.27	4.09	4.07
6	6363	11	20.88	6	drogue	-0.14	99692.00	136.83	241.69	-6.23	17.1	0.27	4.09	4.07
6	6363	11	20.98	6	drogue	-0.48	99693.00	136.75	241.60	-6.24	17.1	0.27	4.09	4.07
6	6363	11	21.08	6	drogue	-0.81	99741.00	132.70	237.55	-6.29	17.1	0.27	4.10	4.08
6	6363	11	21.18	6	drogue	-1.11	99754.00	131.60	236.46	-6.38	17.1	0.27	4.09	4.08
6	6363	11	21.28	6	drogue	-1.36	99748.00	132.11	236.96	-6.50	17.1	0.27	4.09	4.07
6	6363	11	21.38	6	drogue	-1.54	99768.00	130.42	235.28	-6.65	17.1	0.26	4.09	4.08
6	6363	11	21.48	6	drogue	-1.67	99797.00	127.98	232.83	-6.81	17.1	0.27	4.09	4.08
6	6363	11	21.58	6	drogue	-1.73	99796.00	128.06	232.92	-6.99	17.1	0.25	4.08	4.10
6	6363	11	21.68	6	drogue	-1.73	99782.00	129.24	234.10	-7.17	17.1	0.26	4.09	4.07
6	6363	11	21.78	6	drogue	-1.69	99796.00	128.06	232.92	-7.35	17.1	0.26	4.09	4.07
6	6363	11	21.88	6	drogue	-1.58	99822.00	125.87	230.73	-7.53	17.1	0.26	4.09	4.08
6	6363	11	21.98	6	drogue	-1.41	99835.00	124.78	229.63	-7.70	17.1	0.25	4.09	4.08
6	6363	11	22.08	6	drogue	-1.18	99821.00	125.96	230.81	-7.85	17.1	0.25	4.09	4.07
6	6363	11	22.18	6	drogue	-0.90	99832.00	125.03	229.88	-7.98	17.1	0.25	4.09	4.08
6	6363	11	22.28	6	drogue	-0.58	99800.00	127.72	232.58	-8.07	17.1	0.25	4.09	4.08
6	6363	11	22.38	6	drogue	-0.24	99862.00	122.50	227.36	-8.13	17.1	0.25	4.09	4.08
6	6363	11	22.48	6	drogue	0.09	99885.00	120.56	225.42	-8.16	17.1	0.24	4.09	4.08
6	6363	11	22.58	6	drogue	0.39	99874.00	121.49	226.35	-8.15	17.1	0.25	4.10	4.07
6	6363	11	22.68	6	drogue	0.64	99882.00	120.82	225.67	-8.10	17.1	0.24	4.08	4.09
6	6363	11	22.78	6	drogue	0.84	99898.00	119.47	224.33	-8.02	17.1	0.24	4.09	4.08
6	6363	11	22.88	6	drogue	0.97	99930.00	116.78	221.63	-7.93	17.1	0.24	4.09	4.08
6	6363	11	22.98	6	drogue	1.06	99938.00	116.10	220.96	-7.81	17.1	0.24	4.09	4.07
6	6363	11	23.08	6	drogue	1.12	99957.00	114.50	219.36	-7.71	17.1	0.24	4.10	4.07
6	6363	11	23.18	6	drogue	1.16	99939.00	116.02	220.87	-7.60	17.1	0.24	4.09	4.08
6	6363	11	23.28	6	drogue	1.19	99959.00	114.33	219.19	-7.48	17.1	0.24	4.09	4.07
6	6363	11	23.38	6	drogue	1.20	99950.00	115.09	219.95	-7.36	17.1	0.24	4.09	4.07
6	6363	11	23.48	6	drogue	1.18	99941.00	115.85	220.71	-7.24	17.1	0.24	4.09	4.08
6	6363	11	23.58	6	drogue	1.12	99974.00	113.07	217.93	-7.11	17.1	0.24	4.09	4.07
6	6363	11	23.68	6	drogue	1.04	99996.00	111.22	216.08	-6.99	17.1	0.23	4.09	4.07
6	6363	11	23.78	6	drogue	0.94	99986.00	112.06	216.92	-6.88	17.1	0.22	4.08	4.09
6	6363	11	23.88	6	drogue	0.82	100005.00	110.46	215.32	-6.79	17.1	0.23	4.09	4.07
6	6363	11	23.98	6	drogue	0.70	100010.00	110.04	214.90	-6.71	17.1	0.23	4.09	4.07
6	6363	11	24.08	6	drogue	0.57	100021.00	109.12	213.97	-6.64	17.1	0.23	4.09	4.08
6	6363	11	24.18	6	drogue	0.44	100031.00	108.28	213.13	-6.58	17.1	0.23	4.09	4.07
6	6363	11	24.28	6	drogue	0.32	100034.00	108.02	212.88	-6.52	17.1	0.23	4.09	4.08
6	6363	11	24.38	6	drogue	0.23	100036.00	107.86	212.71	-6.51	17.1	0.23	4.09	4.07
6	6363	11	24.48	6	drogue	0.16	100044.00	107.18	212.04	-6.50	17.1	0.23	4.09	4.07
6	6363	11	24.58	6	drogue	0.12	100043.00	107.27	212.12	-6.48	17.1	0.23	4.09	4.07
6	6363	11	24.68	6	drogue	0.11	100044.00	107.18	212.04	-6.47	17.1	0.23	4.09	4.07
6	6363	11	24.78	6	drogue	0.12	100074.00	104.66	209.52	-6.46	17.1	0.23	4.09	4.07
6	6363	11	24.88	6	drogue	0.15	100071.00	104.91	209.77	-6.46	17.1	0.22	4.08	4.09
6	6363	11	24.98	6	drogue	0.22	100072.00	104.83	209.68	-6.45	17.1	0.23	4.09	4.08
6	6363	11	25.08	6	drogue	0.31	100083.00	103.90	208.76	-6.44	17.1	0.23	4.09	4.07
6	6363	11	25.18	6	drogue	0.41	100098.00	102.64	207.50	-6.40	17.1	0.23	4.09	4.08
6	6363	11	25.28	6	drogue	0.49	100108.00	101.80	206.66	-6.36	17.1	0.22	4.09	4.08
6	6363	11	25.38	6	drogue	0.56	100119.00	100.88	205.73	-6.30	17.1	0.22	4.09	4.07
6	6363	11	25.48	6	drogue	0.61	100123.00	100.54	205.40	-6.24	17.1	0.22	4.09	4.07
6	6363	11	25.58	6	drogue	0.65	100130.00	99.95	204.81	-6.18	17.1	0.22	4.09	4.07
6	6363	11	25.68	6	drogue	0.68	100146.00	98.61	203.46	-6.12	17.1	0.22	4.09	4.07
6	6363	11	25.78	6	drogue	0.71	100149.00	98.36	203.21	-6.04	17.1	0.22	4.10	4.07
6	6363	11	25.88	6	drogue	0.73	100164.00	97.10	201.95	-5.98	17.1	0.22	4.09	4.08
6	6363	11	25.98	6	drogue	0.74	100167.00	96.84	201.70	-5.90	17.1	0.21	4.09	4.08
6	6363	11	26.08	6	drogue	0.75	100169.00	96.68	201.53	-5.82	17.1	0.22	4.09	4.07
6	6363	11	26.18	6	drogue	0.74	100172.00	96.42	201.28	-5.75	17.1	0.22	4.09	4.08
6	6363	11	26.28	6	drogue	0.73	100183.00	95.50	200.35	-5.67	17.1	0.22	4.10	4.07
6	6363	11	26.38	6	drogue	0.69	100184.00	95.42	200.27	-5.60	17.1	0.22	4.09	4.07
6	6363	11	26.48	6	drogue	0.64	100189.00	95.00	199.85	-5.52	17.1	0.22	4.09	4.08
6	6363	11	26.58	6	drogue	0.58	100190.00	94.91	199.77	-5.46	17.1	0.22	4.09	4.07
6	6363	11	26.68	6	drogue	0.50	100194.00	94.58	199.43	-5.40	17.1	0.22	4.09	4.07
6	6363	11	26.78	6	drogue	0.43	100210.00	93.23	198.09	-5.35	17.1	0.22	4.09	4.08
6	6363	11	26.88	6	drogue	0.35	100219.00	92.48	197.33	-5.31	17.1	0.22	4.10	4.07
6	6363	11	26.98	6	drogue	0.26	100236.00	91.05	195.90	-5.27	17.1	0.21	4.09	4.08
6	6363	11	27.08	6	drogue	0.18	100231.00	91.47	196.32	-5.24	17.1	0.20	4.08	4.09
6	6363	11	27.18	6	drogue	0.10	100230.00	91.55	196.41	-5.22	17.1	0.22	4.09	4.08
6	6363	11	27.28	6	drogue	0.03	100243.00	90.46	195.32	-5.22	17.1	0.21	4.09	4.08
6	6363	11	27.38	6	drogue	-0.03	100253.00	89.62	194.48	-5.22	17.1	0.22	4.09	4.07
6	6363	11	27.48	6	drogue	-0.09	100261.00	88.95	193.80	-5.22	17.1	0.21	4.09	4.08
6	6363	11	27.58	6	drogue	-0.13	100262.00	88.86	193.72	-5.23	17.1	0.21	4.09	4.07
6	6363	11	27.68	6	drogue	-0.17	100262.00	88.86	193.72	-5.24	17.1	0.21	4.09	4.07
6	6363	11	27.78	6	drogue	-0.20	100274.00	87.86	192.71	-5.26	17.1	0.21	4.09	4.07
6	6363	11	27.88	6	drogue	-0.23	100288.00	86.68	191.54	-5.29	17.1	0.21	4.09	4.07
6	6363	11	27.98	6	drogue	-0.25	100283.00	87.10	191.96	-5.31	17.1	0.21	4.09	4.07
6	6363	11	28.08	6	drogue	-0.26	100290.00	86.51	191.37	-5.33	17.1	0.21	4.09	4.07
6	6363	11	28.18	6	drogue	-0.27	100302.00	85.51	190.36	-5.36	17.1	0.20	4.08	4.09
6	6363	11	28.28	6	drogue	-0.27	100301.00	85.59	190.45	-5.39	17.1	0.21	4.09	4.08
6	6363	11	28.38	6	drogue	-0.26	100301.00	85.59	190.45	-5.42	17.1	0.21	4.09	4.07
6	6363	11	28.48	6	drogue	-0.24	100310.00	84.84	189.69	-5.45	17.1	0.21	4.09	4.07
6	6363	11	28.58	6	drogue	-0.22	100318.00	84.16	189.02	-5.47	17.1	0.21	4.09	4.08
6	6363	11	28.68	6	drogue	-0.19	100332.00	82.99	187.84	-5.49	17.1	0.21	4.09	4.07
6	6363	11	28.78	6	drogue	-0.15	100334.00	82.82	187.68	-5.51	17.1	0.21	4.09	4.07
6	6363	11	28.88	6	drogue	-0.11	100340.00	82.32	187.17	-5.53	17.1	0.21	4.09	4.07
6	6363	11	28.98	6	drogue	-0.05	100352.00	81.31	186.17	-5.55	17.1	0.21	4.09	4.07
6	6363	11	29.08	6	drogue	0.00	100356.00	80.98	185.83	-5.55	17.1	0.21	4.09	4.07
6	6363	11	29.18	6	drogue	0.05	100365.00	80.22	185.08	-5.54	17.1	0.21	4.09	4.08
6	6363	11	29.28	6	drogue	0.08	100382.00	78.79	183.65	-5.54	17.1	0.20	4.07	4.09
6	6363	11	29.38	6	drogue	0.10	100384.00	78.63	183.48	-5.53	17.1	0.20	4.09	4.08
6	6363	11	29.48	6	drogue	0.11	100388.00	78.29	183.15	-5.52	17.1	0.20	4.09	4.07
6	6363	11	29.58	6	drogue	0.12	100394.00	77.79	182.64	-5.51	17.1	0.20	4.09	4.07
6	6363	11	29.68	6	drogue	0.11	100388.00	78.29	183.15	-5.49	17.1	0.20	4.09	4.08
6	6363	11	29.78	6	drogue	0.10	100405.00	76.87	181.72	-5.48	17.1	0.20	4.09	4.07
6	6363	11	29.88	6	drogue	0.09	100412.00	76.28	181.13	-5.47	17.1	0.20	4.09	4.08
6	6363	11	29.98	6	drogue	0.07	100414.00	76.11	180.97	-5.46	17.1	0.20	4.09	4.07
6	6363	11	30.05	7	main	0.07	100414.00	76.11	180.97	-5.46	17.1	0.20	4.09	4.07
6	6363	11	30.08	7	main	0.04	100421.00	75.52	180.38	-5.45	17.1	0.21	1.97	4.09
6	6363	11	30.18	7	main	0.01	100432.00	74.60	179.46	-5.45	17.1	0.21	0.62	4.06
6	6363	11	30.28	7	main	-0.02	100436.00	74.27	179.12	-5.45	17.1	0.21	0.36	4.08
6	6363	11	30.38	7	main	-0.05	100442.00	73.76	178.62	-5.45	17.1	0.21	0.26	4.10
6	6363	11	30.48	7	main	-0.07	100450.00	73.09	177.95	-5.45	17.1	0.21	0.20	4.07
6	6363	11	30.58	7	main	-0.09	100452.00	72.93	177.78	-5.46	17.1	0.21	0.17	4.07
6	6363	11	30.68	7	main	-0.09	100457.00	72.51	177.36	-5.47	17.1	0.21	0.15	4.07
6	6363	11	30.78	7	main	-0.08	100467.00	71.67	176.52	-5.49	17.1	0.22	0.13	4.08
6	6363	11	30.88	7	main	-0.07	100475.00	71.00	175.85	-5.49	17.1	0.21	0.11	4.08
6	6363	11	30.98	7	main	-0.05	100480.00	70.58	175.43	-5.50	17.1	0.21	0.11	4.07
6	6363	11	31.08	7	main	-0.03	100483.00	70.33	175.18	-5.50	17.1	0.22	0.10	4.07
6	6363	11	31.18	7	main	-0.02	100493.00	69.49	174.34	-5.51	17.1	0.21	0.09	4.08
6	6363	11	31.28	7	main	-0.00	100504.00	68.57	173.42	-5.51	17.1	0.22	0.09	4.07
6	6363	11	31.38	7	main	0.01	100506.00	68.40	173.26	-5.51	17.1	0.21	0.08	4.08
6	6363	11	31.48	7	main	0.02	100519.00	67.31	172.17	-5.51	17.1	0.21	0.08	4.10
6	6363	11	31.58	7	main	0.02	100528.00	66.56	171.41	-5.51	17.1	0.21	0.07	4.08
6	6363	11	31.68	7	main	0.00	100533.00	66.14	170.99	-5.50	17.1	0.21	0.07	4.07
6	6363	11	31.78	7	main	-0.02	100531.00	66.30	171.16	-5.50	17.1	0.21	0.06	4.07
6	6363	11	31.88	7	main	-0.05	100543.00	65.30	170.16	-5.50	17.1	0.21	0.06	4.08
6	6363	11	31.98	7	main	-0.08	100546.00	65.05	169.90	-5.50	17.1	0.21	0.06	4.07
6	6363	11	32.08	7	main	-0.12	100549.00	64.80	169.65	-5.51	17.1	0.20	0.06	4.09
6	6363	11	32.18	7	main	-0.15	100565.00	63.46	168.31	-5.53	17.1	0.21	0.06	4.07
6	6363	11	32.28	7	main	-0.17	100564.00	63.54	168.40	-5.54	17.1	0.21	0.05	4.07
6	6363	11	32.38	7	main	-0.19	100572.00	62.87	167.73	-5.56	17.1	0.21	0.05	4.07
6	6363	11	32.48	7	main	-0.21	100585.00	61.78	166.64	-5.58	17.1	0.21	0.05	4.07
6	6363	11	32.58	7	main	-0.21	100584.00	61.87	166.72	-5.60	17.1	0.20	0.06	4.09
6	6363	11	32.68	7	main	-0.21	100590.00	61.36	166.22	-5.62	17.1	0.21	0.05	4.07
6	6363	11	32.78	7	main	-0.19	100600.00	60.53	165.38	-5.64	17.1	0.20	0.05	4.08
6	6363	11	32.88	7	main	-0.17	100600.00	60.53	165.38	-5.67	17.1	0.20	0.05	4.08
6	6363	11	32.98	7	main	-0.14	100613.00	59.44	164.29	-5.69	17.1	0.20	0.05	4.07
6	6363	11	33.08	7	main	-0.11	100609.00	59.77	164.63	-5.70	17.1	0.20	0.05	4.08
6	6363	11	33.18	7	main	-0.07	100627.00	58.27	163.12	-5.71	17.1	0.20	0.04	4.08
6	6363	11	33.28	7	main	-0.03	100634.00	57.68	162.54	-5.72	17.1	0.20	0.04	4.07
6	6363	11	33.38	7	main	0.02	100648.00	56.51	161.36	-5.72	17.1	0.20	0.04	4.07
6	6363	11	33.48	7	main	0.07	100647.00	56.59	161.45	-5.72	17.1	0.20	0.04	4.07
6	6363	11	33.58	7	main	0.12	100656.00	55.84	160.69	-5.72	17.1	0.20	0.04	4.07
6	6363	11	33.68	7	main	0.16	100669.00	54.75	159.61	-5.70	17.1	0.20	0.05	4.09
6	6363	11	33.78	7	main	0.20	100666.00	55.00	159.86	-5.68	17.1	0.20	0.04	4.07
6	6363	11	33.88	7	main	0.23	100679.00	53.91	158.77	-5.66	17.1	0.20	0.04	4.07
6	6363	11	33.98	7	main	0.25	100680.00	53.83	158.69	-5.64	17.1	0.20	0.04	4.07
6	6363	11	34.08	7	main	0.27	100697.00	52.41	157.26	-5.61	17.1	0.20	0.04	4.08
6	6363	11	34.18	7	main	0.29	100696.00	52.49	157.35	-5.59	17.1	0.20	0.04	4.07
6	6363	11	34.28	7	main	0.31	100698.00	52.32	157.18	-5.56	17.1	0.20	0.04	4.07
6	6363	11	34.38	7	main	0.32	100713.00	51.07	155.92	-5.52	17.1	0.20	0.04	4.08
6	6363	11	34.48	7	main	0.32	100718.00	50.65	155.51	-5.49	17.1	0.20	0.03	4.08
6	6363	11	34.58	7	main	0.33	100724.00	50.15	155.00	-5.46	17.1	0.20	0.04	4.08
6	6363	11	34.68	7	main	0.33	100723.00	50.23	155.09	-5.43	17.1	0.20	0.03	4.08
6	6363	11	34.78	7	main	0.34	100734.00	49.31	154.17	-5.40	17.1	0.19	0.05	4.09
6	6363	11	34.88	7	main	0.36	100739.00	48.89	153.75	-5.36	17.1	0.20	0.03	4.08
6	6363	11	34.98	7	main	0.37	100749.00	48.06	152.91	-5.33	17.1	0.20	0.03	4.07
6	6363	11	35.08	7	main	0.38	100751.00	47.89	152.75	-5.29	17.1	0.20	0.04	4.07
6	6363	11	35.18	7	main	0.40	100764.00	46.80	151.66	-5.25	17.1	0.20	0.03	4.07
6	6363	11	35.28	7	main	0.42	100766.00	46.64	151.49	-5.21	17.1	0.20	0.03	4.08
6	6363	11	35.38	7	main	0.44	100778.00	45.63	150.49	-5.17	17.1	0.20	0.03	4.07
6	6363	11	35.48	7	main	0.46	100778.00	45.63	150.49	-5.13	17.1	0.20	0.03	4.07
6	6363	11	35.58	7	main	0.47	100793.00	44.38	149.23	-5.08	17.1	0.20	0.03	4.07
6	6363	11	35.68	7	main	0.47	100789.00	44.71	149.57	-5.03	17.1	0.20	0.03	4.07
6	6363	11	35.78	7	main	0.45	100803.00	43.54	148.40	-4.98	17.1	0.20	0.03	4.07
6	6363	11	35.88	7	main	0.40	100807.00	43.21	148.06	-4.93	17.1	0.19	0.04	4.09
6	6363	11	35.98	7	main	0.34	100814.00	42.62	147.48	-4.88	17.1	0.20	0.03	4.07
6	6363	11	36.08	7	main	0.26	100821.00	42.04	146.89	-4.85	17.1	0.20	0.03	4.08
6	6363	11	36.18	7	main	0.18	100819.00	42.21	147.06	-4.82	17.1	0.20	0.03	4.07
6	6363	11	36.28	7	main	0.08	100823.00	41.87	146.73	-4.80	17.1	0.20	0.03	4.07
6	6363	11	36.38	7	main	-0.02	100831.00	41.20	146.06	-4.79	17.1	0.20	0.03	4.07
6	6363	11	36.48	7	main	-0.12	100833.00	41.04	145.89	-4.79	17.1	0.20	0.03	4.08
6	6363	11	36.58	7	main	-0.23	100846.00	39.95	144.81	-4.81	17.1	0.20	0.03	4.08
6	6363	11	36.68	7	main	-0.33	100856.00	39.11	143.97	-4.83	17.1	0.20	0.03	4.07
6	6363	11	36.78	7	main	-0.42	100862.00	38.61	143.47	-4.86	17.1	0.20	0.03	4.07
6	6363	11	36.88	7	main	-0.50	100861.00	38.70	143.55	-4.91	17.1	0.20	0.03	4.08
6	6363	11	36.98	7	main	-0.57	100862.00	38.61	143.47	-4.96	17.1	0.19	0.04	4.09
6	6363	11	37.08	7	main	-0.62	100869.00	38.03	142.88	-5.02	17.1	0.20	0.03	4.07
6	6363	11	37.18	7	main	-0.66	100876.00	37.44	142.30	-5.09	17.1	0.19	0.03	4.08
6	6363	11	37.28	7	main	-0.68	100881.00	37.03	141.88	-5.15	17.1	0.19	0.03	4.07
6	6363	11	37.38	7	main	-0.69	100881.00	37.03	141.88	-5.23	17.1	0.20	0.03	4.07
6	6363	11	37.48	7	main	-0.68	100898.00	35.61	140.46	-5.30	17.1	0.20	0.03	4.07
6	6363	11	37.58	7	main	-0.66	100894.00	35.94	140.79	-5.37	17.1	0.19	0.03	4.08
6	6363	11	37.68	7	main	-0.63	100900.00	35.44	140.29	-5.43	17.1	0.20	0.03	4.08
6	6363	11	37.78	7	main	-0.60	100906.00	34.94	139.79	-5.50	17.1	0.19	0.03	4.08
6	6363	11	37.88	7	main	-0.55	100923.00	33.52	138.37	-5.56	17.1	0.19	0.03	4.07
6	6363	11	37.98	7	main	-0.50	100931.00	32.85	137.70	-5.62	17.1	0.19	0.03	4.07
6	6363	11	38.08	7	main	-0.45	100940.00	32.10	136.95	-5.67	17.1	0.19	0.04	4.09
6	6363	11	38.18	7	main	-0.40	100948.00	31.43	136.29	-5.71	17.1	0.19	0.03	4.07
6	6363	11	38.28	7	main	-0.36	100956.00	30.76	135.62	-5.74	17.2	0.19	0.03	4.08
6	6363	11	38.38	7	main	-0.33	100964.00	30.09	134.95	-5.78	17.1	0.19	0.03	4.07
6	6363	11	38.48	7	main	-0.30	100963.00	30.18	135.03	-5.82	17.2	0.19	0.03	4.08
6	6363	11	38.58	7	main	-0.27	100973.00	29.34	134.20	-5.85	17.2	0.19	0.03	4.07
6	6363	11	38.68	7	main	-0.23	100980.00	28.76	133.61	-5.88	17.1	0.19	0.03	4.07
6	6363	11	38.78	7	main	-0.20	100982.00	28.59	133.45	-5.90	17.2	0.19	0.03	4.07
6	6363	11	38.88	7	main	-0.16	100987.00	28.17	133.03	-5.92	17.2	0.19	0.03	4.08
6	6363	11	38.98	7	main	-0.13	101003.00	26.84	131.69	-5.93	17.2	0.19	0.03	4.07
6	6363	11	39.08	7	main	-0.11	100995.00	27.51	132.36	-5.95	17.2	0.19	0.03	4.07
6	6363	11	39.18	7	main	-0.08	101009.00	26.34	131.19	-5.96	17.2	0.19	0.04	4.09
6	6363	11	39.28	7	main	-0.06	101013.00	26.00	130.86	-5.97	17.2	0.19	0.03	4.07
6	6363	11	39.38	7	main	-0.03	101034.00	24.25	129.11	-5.97	17.2	0.19	0.03	4.07
6	6363	11	39.48	7	main	-0.00	101033.00	24.34	129.19	-5.97	17.2	0.19	0.03	4.07
6	6363	11	39.58	7	main	0.02	101039.00	23.83	128.69	-5.97	17.2	0.19	0.03	4.07
6	6363	11	39.68	7	main	0.05	101048.00	23.08	127.94	-5.97	17.2	0.19	0.03	4.07
6	6363	11	39.78	7	main	0.09	101063.00	21.83	126.69	-5.97	17.2	0.19	0.02	4.07
6	6363	11	39.88	7	main	0.13	101066.00	21.58	126.44	-5.96	17.2	0.19	0.02	4.08
6	6363	11	39.98	7	main	0.17	101076.00	20.75	125.60	-5.95	17.2	0.19	0.03	4.08
6	6363	11	40.08	7	main	0.21	101081.00	20.33	125.19	-5.93	17.2	0.19	0.03	4.08
6	6363	11	40.18	7	main	0.25	101079.00	20.50	125.35	-5.91	17.2	0.19	0.03	4.07
6	6363	11	40.28	7	main	0.29	101092.00	19.41	124.27	-5.88	17.2	0.19	0.04	4.08
6	6363	11	40.38	7	main	0.31	101104.00	18.41	123.27	-5.85	17.2	0.19	0.03	4.07
6	6363	11	40.48	7	main	0.33	101116.00	17.41	122.27	-5.82	17.2	0.19	0.02	4.08
6	6363	11	40.58	7	main	0.33	101111.00	17.83	122.68	-5.78	17.2	0.19	0.02	4.07
6	6363	11	40.68	7	main	0.32	101121.00	17.00	121.85	-5.75	17.2	0.19	0.03	4.08
6	6363	11	40.78	7	main	0.30	101123.00	16.83	121.68	-5.72	17.2	0.19	0.02	4.07
6	6363	11	40.88	7	main	0.28	101137.00	15.66	120.52	-5.68	17.2	0.19	0.02	4.07
6	6363	11	40.98	7	main	0.24	101141.00	15.33	120.18	-5.66	17.2	0.19	0.03	4.07
6	6363	11	41.08	7	main	0.19	101148.00	14.74	119.60	-5.63	17.2	0.19	0.03	4.08
6	6363	11	41.18	7	main	0.14	101150.00	14.58	119.43	-5.61	17.2	0.19	0.02	4.07
6	6363	11	41.28	7	main	0.10	101165.00	13.33	118.18	-5.59	17.2	0.19	0.02	4.07
6	6363	11	41.38	7	main	0.05	101161.00	13.66	118.52	-5.59	17.2	0.18	0.03	4.09
6	6363	11	41.48	7	main	0.02	101177.00	12.33	117.18	-5.58	17.2	0.19	0.02	4.07
6	6363	11	41.58	7	main	-0.02	101187.00	11.49	116.35	-5.58	17.2	0.19	0.03	4.07
6	6363	11	41.68	7	main	-0.04	101191.00	11.16	116.02	-5.58	17.2	0.19	0.03	4.07
6	6363	11	41.78	7	main	-0.06	101197.00	10.66	115.52	-5.59	17.2	0.19	0.02	4.07
6	6363	11	41.88	7	main	-0.08	101199.00	10.49	115.35	-5.60	17.2	0.19	0.03	4.07
6	6363	11	41.98	7	main	-0.08	101204.00	10.08	114.93	-5.61	17.2	0.19	0.02	4.08
6	6363	11	42.08	7	main	-0.09	101215.00	9.16	114.02	-5.62	17.2	0.19	0.02	4.07
6	6363	11	42.18	7	main	-0.10	101218.00	8.91	113.77	-5.62	17.2	0.19	0.02	4.07
6	6363	11	42.28	7	main	-0.09	101228.00	8.08	112.93	-5.63	17.2	0.19	0.02	4.07
6	6363	11	42.38	7	main	-0.08	101232.00	7.74	112.60	-5.64	17.2	0.19	0.02	4.07
6	6363	11	42.48	7	main	-0.06	101240.00	7.08	111.93	-5.66	17.2	0.18	0.03	4.09
6	6363	11	42.58	7	main	-0.04	101247.00	6.49	111.35	-5.66	17.2	0.19	0.02	4.07
6	6363	11	42.68	7	main	-0.02	101255.00	5.83	110.68	-5.66	17.2	0.19	0.02	4.08
6	6363	11	42.78	7	main	-0.01	101264.00	5.08	109.93	-5.66	17.2	0.19	0.02	4.07
6	6363	11	42.88	7	main	0.00	101265.00	5.00	109.85	-5.67	17.2	0.19	0.02	4.07
6	6363	11	42.98	7	main	0.01	101273.00	4.33	109.18	-5.67	17.2	0.19	0.02	4.07
6	6363	11	43.08	7	main	0.02	101286.00	3.25	108.10	-5.67	17.2	0.19	0.02	4.08
6	6363	11	43.18	7	main	0.03	101291.00	2.83	107.69	-5.66	17.2	0.19	0.03	4.07
6	6363	11	43.28	7	main	0.03	101299.00	2.16	107.02	-5.66	17.2	0.19	0.02	4.07
6	6363	11	43.38	7	main	0.03	101305.00	1.66	106.52	-5.65	17.2	0.18	0.02	4.08
6	6363	11	43.48	7	main	0.02	101312.00	1.08	105.94	-5.65	17.2	0.19	0.02	4.07
6	6363	11	43.58	7	main	0.02	101315.00	0.83	105.69	-5.65	17.2	0.18	0.03	4.09
6	6363	11	43.68	7	main	0.02	101325.00	0.00	104.86	-5.65	17.2	0.19	0.02	4.08
6	6363	11	43.78	7	main	0.02	101335.00	-0.83	104.02	-5.65	17.2	0.19	0.02	4.07
6	6363	11	43.88	7	main	0.02	101329.00	-0.33	104.52	-5.64	17.2	0.19	0.02	4.08
6	6363	11	43.98	7	main	0.02	101341.00	-1.33	103.52	-5.64	17.2	0.19	0.02	4.08
6	6363	11	44.08	7	main	0.01	101354.00	-2.41	102.44	-5.64	17.2	0.19	0.02	4.07
6	6363	11	44.18	7	main	0.01	101356.00	-2.58	102.28	-5.64	17.2	0.19	0.02	4.07
6	6363	11	44.28	7	main	0.00	101365.00	-3.33	101.53	-5.64	17.2	0.19	0.02	4.07
6	6363	11	44.38	7	main	-0.00	101368.00	-3.58	101.28	-5.64	17.2	0.19	0.02	4.07
6	6363	11	44.48	7	main	-0.01	101381.00	-4.66	100.19	-5.64	17.2	0.19	0.02	4.08
6	6363	11	44.58	7	main	-0.01	101380.00	-4.58	100.28	-5.64	17.2	0.18	0.02	4.08
6	6363	11	44.68	7	main	-0.00	101383.00	-4.83	100.03	-5.64	17.2	0.18	0.03	4.09
6	6363	11	44.78	7	main	0.01	101397.00	-5.99	98.86	-5.64	17.2	0.19	0.02	4.07
6	6363	11	44.88	7	main	0.02	101405.00	-6.66	98.20	-5.64	17.2	0.19	0.02	4.08
6	6363	11	44.98	7	main	0.04	101419.00	-7.82	97.03	-5.64	17.2	0.19	0.02	4.07
6	6363	11	45.08	7	main	0.05	101419.00	-7.82	97.03	-5.64	17.2	0.19	0.02	4.07
6	6363	11	45.18	7	main	0.06	101422.00	-8.07	96.78	-5.63	17.2	0.19	0.02	4.07
6	6363	11	45.28	7	main	0.07	101431.00	-8.82	96.04	-5.62	17.2	0.19	0.02	4.08
6	6363	11	45.38	7	main	0.08	101442.00	-9.73	95.12	-5.62	17.2	0.19	0.02	4.08
6	6363	11	45.48	7	main	0.08	101449.00	-10.32	94.54	-5.61	17.2	0.18	0.02	4.08
6	6363	11	45.58	7	main	0.08	101451.00	-10.48	94.37	-5.60	17.2	0.19	0.02	4.07
6	6363	11	45.68	7	main	0.07	101467.00	-11.81	93.04	-5.59	17.2	0.18	0.02	4.07
6	6363	11	45.78	7	main	0.04	101466.00	-11.73	93.12	-5.58	17.2	0.18	0.03	4.09
6	6363	11	45.88	7	main	0.01	101463.00	-11.48	93.37	-5.57	17.2	0.19	0.02	4.07
6	6363	11	45.98	7	main	-0.02	101483.00	-13.14	91.71	-5.57	17.2	0.19	0.02	4.07
6	6363	11	46.08	7	main	-0.05	101480.00	-12.89	91.96	-5.58	17.2	0.19	0.02	4.07
6	6363	11	46.18	7	main	-0.07	101492.00	-13.89	90.96	-5.58	17.2	0.19	0.02	4.07
6	6363	11	46.28	7	main	-0.09	101495.00	-14.14	90.71	-5.59	17.2	0.19	0.02	4.07
6	6363	11	46.38	7	main	-0.11	101503.00	-14.81	90.05	-5.60	17.2	0.18	0.02	4.08
6	6363	11	46.48	7	main	-0.12	101512.00	-15.55	89.30	-5.61	17.2	0.18	0.02	4.08
6	6363	11	46.58	7	main	-0.14	101525.00	-16.64	88.22	-5.62	17.2	0.19	0.02	4.07
6	6363	11	46.68	7	main	-0.14	101529.00	-16.97	87.89	-5.64	17.2	0.19	0.02	4.07
6	6363	11	46.78	7	main	-0.14	101532.00	-17.22	87.64	-5.65	17.2	0.19	0.02	4.07
6	6363	11	46.88	7	main	-0.13	101543.00	-18.13	86.72	-5.67	17.2	0.18	0.03	4.09
6	6363	11	46.98	7	main	-0.11	101544.00	-18.21	86.64	-5.69	17.2	0.19	0.02	4.08
6	6363	11	47.08	7	main	-0.08	101547.00	-18.46	86.39	-5.70	17.2	0.19	0.02	4.07
6	6363	11	47.18	7	main	-0.05	101558.00	-19.38	85.48	-5.71	17.2	0.19	0.02	4.08
6	6363	11	47.28	7	main	-0.01	101566.00	-20.04	84.81	-5.71	17.2	0.19	0.02	4.08
6	6363	11	47.38	7	main	0.03	101572.00	-20.54	84.31	-5.71	17.2	0.18	0.02	4.07
6	6363	11	47.48	7	main	0.06	101586.00	-21.70	83.15	-5.71	17.2	0.18	0.02	4.08
6	6363	11	47.58	7	main	0.10	101578.00	-21.04	83.82	-5.70	17.2	0.18	0.02	4.07
6	6363	11	47.68	7	main	0.13	101587.00	-21.79	83.07	-5.70	17.2	0.18	0.02	4.07
6	6363	11	47.78	7	main	0.15	101604.00	-23.20	81.66	-5.68	17.2	0.19	0.02	4.07
6	6363	11	47.88	7	main	0.17	101616.00	-24.20	80.66	-5.66	17.2	0.18	0.02	4.08
6	6363	11	47.98	7	main	0.18	101615.00	-24.11	80.74	-5.65	17.2	0.17	0.03	4.09
6	6363	11	48.08	7	main	0.18	101630.00	-25.36	79.50	-5.62	17.2	0.18	0.02	4.08
6	6363	11	48.18	7	main	0.18	101630.00	-25.36	79.50	-5.60	17.2	0.19	0.02	4.07
6	6363	11	48.28	7	main	0.16	101641.00	-26.27	78.58	-5.59	17.2	0.19	0.02	4.08
6	6363	11	48.38	7	main	0.15	101643.00	-26.44	78.42	-5.57	17.2	0.19	0.02	4.08
6	6363	11	48.48	7	main	0.13	101645.00	-26.60	78.25	-5.55	17.2	0.18	0.02	4.07
6	6363	11	48.58	7	main	0.11	101656.00	-27.52	77.34	-5.54	17.2	0.19	0.02	4.08
6	6363	11	48.68	7	main	0.10	101661.00	-27.93	76.92	-5.53	17.2	0.18	0.02	4.08
6	6363	11	48.78	7	main	0.09	101672.00	-28.85	76.01	-5.52	17.2	0.19	0.02	4.07
6	6363	11	48.88	7	main	0.08	101673.00	-28.93	75.93	-5.52	17.2	0.19	0.02	4.07
6	6363	11	48.98	7	main	0.08	101680.00	-29.51	75.35	-5.51	17.2	0.18	0.02	4.07
6	6363	11	49.08	7	main	0.08	101693.00	-30.59	74.27	-5.50	17.2	0.18	0.03	4.09
6	6363	11	49.18	7	main	0.09	101691.00	-30.42	74.43	-5.49	17.2	0.18	0.02	4.07
6	6363	11	49.28	7	main	0.11	101703.00	-31.42	73.44	-5.48	17.2	0.19	0.02	4.08
6	6363	11	49.38	7	main	0.13	101702.00	-31.34	73.52	-5.48	17.2	0.19	0.02	4.07
6	6363	11	49.48	7	main	0.16	101712.00	-32.17	72.69	-5.46	17.2	0.18	0.02	4.08
6	6363	11	49.58	7	main	0.18	101718.00	-32.66	72.19	-5.44	17.2	0.19	0.02	4.07
6	6363	11	49.68	7	main	0.20	101734.00	-33.99	70.86	-5.43	17.2	0.19	0.02	4.08
6	6363	11	49.78	7	main	0.22	101730.00	-33.66	71.20	-5.41	17.2	0.19	0.02	4.07
6	6363	11	49.88	7	main	0.25	101751.00	-35.40	69.45	-5.39	17.2	0.18	0.02	4.08
6	6363	11	49.98	7	main	0.28	101749.00	-35.24	69.62	-5.36	17.2	0.18	0.02	4.08
6	6363	11	50.08	7	main	0.30	101750.00	-35.32	69.54	-5.34	17.2	0.19	0.02	4.08
6	6363	11	50.18	7	main	0.31	101764.00	-36.48	68.38	-5.30	17.2	0.18	0.03	4.09
6	6363	11	50.28	7	main	0.30	101776.00	-37.47	67.38	-5.27	17.2	0.18	0.02	4.08
6	6363	11	50.38	7	main	0.28	101770.00	-36.98	67.88	-5.24	17.2	0.19	0.02	4.08
6	6363	11	50.48	7	main	0.25	101784.00	-38.14	66.72	-5.20	17.2	0.18	0.02	4.08
6	6363	11	50.58	7	main	0.21	101787.00	-38.39	66.47	-5.18	17.2	0.19	0.02	4.08
6	6363	11	50.68	7	main	0.16	101801.00	-39.55	65.31	-5.16	17.2	0.18	0.02	4.08
6	6363	11	50.78	7	main	0.11	101796.00	-39.13	65.72	-5.14	17.2	0.18	0.02	4.07
6	6363	11	50.88	7	main	0.06	101809.00	-40.21	64.64	-5.13	17.2	0.18	0.02	4.08
6	6363	11	50.98	7	main	0.01	101813.00	-40.54	64.31	-5.12	17.2	0.19	0.02	4.07
6	6363	11	51.08	7	main	-0.03	101812.00	-40.46	64.40	-5.12	17.2	0.18	0.02	4.07
6	6363	11	51.18	7	main	-0.06	101820.00	-41.12	63.73	-5.13	17.2	0.19	0.02	4.07
6	6363	11	51.28	7	main	-0.07	101826.00	-41.62	63.23	-5.14	17.2	0.17	0.03	4.08
6	6363	11	51.38	7	main	-0.08	101835.00	-42.37	62.49	-5.14	17.2	0.18	0.02	4.08
6	6363	11	51.48	7	main	-0.07	101831.00	-42.04	62.82	-5.15	17.2	0.18	0.02	4.07
6	6363	11	51.58	7	main	-0.05	101848.00	-43.44	61.41	-5.16	17.2	0.18	0.02	4.07
6	6363	11	51.68	7	main	-0.01	101858.00	-44.27	60.58	-5.17	17.2	0.18	0.02	4.07
6	6363	11	51.78	7	main	0.05	101856.00	-44.11	60.75	-5.17	17.2	0.18	0.02	4.07
6	6363	11	51.88	7	main	0.11	101866.00	-44.94	59.92	-5.17	17.2	0.18	0.02	4.07
6	6363	11	51.98	7	main	0.18	101882.00	-46.26	58.59	-5.17	17.2	0.18	0.02	4.08
6	6363	11	52.08	7	main	0.25	101874.00	-45.60	59.26	-5.14	17.2	0.18	0.02	4.07
6	6363	11	52.18	7	main	0.32	101879.00	-46.01	58.84	-5.11	17.2	0.18	0.02	4.07
6	6363	11	52.28	7	main	0.38	101896.00	-47.42	57.43	-5.09	17.2	0.19	0.02	4.07
6	6363	11	52.38	7	main	0.43	101897.00	-47.51	57.35	-5.04	17.2	0.17	0.03	4.09
6	6363	11	52.48	7	main	0.47	101909.00	-48.50	56.36	-5.00	17.2	0.18	0.02	4.07
6	6363	11	52.58	7	main	0.50	101915.00	-49.00	55.86	-4.95	17.2	0.18	0.02	4.08
6	6363	11	52.68	7	main	0.51	101918.00	-49.25	55.61	-4.90	17.2	0.18	0.02	4.08
6	6363	11	52.78	7	main	0.50	101921.00	-49.49	55.36	-4.84	17.2	0.18	0.02	4.07
6	6363	11	52.88	7	main	0.47	101932.00	-50.41	54.45	-4.79	17.2	0.18	0.02	4.07
6	6363	11	52.98	7	main	0.42	101943.00	-51.32	53.54	-4.74	17.2	0.18	0.02	4.08
6	6363	11	53.08	7	main	0.36	101944.00	-51.40	53.46	-4.69	17.2	0.18	0.02	4.07
6	6363	11	53.18	7	main	0.27	101951.00	-51.98	52.88	-4.65	17.2	0.18	0.02	4.07
6	6363	11	53.28	7	main	0.17	101952.00	-52.06	52.79	-4.63	17.2	0.18	0.02	4.08
6	6363	11	53.38	7	main	0.07	101952.00	-52.06	52.79	-4.61	17.2	0.18	0.02	4.07
6	6363	11	53.48	7	main	-0.02	101960.00	-52.73	52.13	-4.60	17.2	0.17	0.03	4.09
6	6363	11	53.58	7	main	-0.11	101966.00	-53.22	51.63	-4.60	17.2	0.18	0.02	4.07
6	6363	11	53.68	7	main	-0.19	101974.00	-53.88	50.97	-4.62	17.2	0.18	0.02	4.07
6	6363	11	53.78	7	main	-0.24	101972.00	-53.72	51.14	-4.64	17.2	0.18	0.02	4.07
6	6363	11	53.88	7	main	-0.27	101978.00	-54.22	50.64	-4.67	17.2	0.18	0.02	4.07
6	6363	11	53.98	7	main	-0.28	101997.00	-55.79	49.07	-4.70	17.2	0.18	0.02	4.07
6	6363	11	54.08	7	main	-0.26	101980.00	-54.38	50.47	-4.73	17.2	0.18	0.02	4.07
6	6363	11	54.18	7	main	-0.22	101999.00	-55.95	48.90	-4.76	17.2	0.18	0.02	4.07
6	6363	11	54.28	7	main	-0.16	102006.00	-56.53	48.32	-4.79	17.2	0.18	0.02	4.08
6	6363	11	54.38	7	main	-0.09	102009.00	-56.78	48.07	-4.81	17.2	0.18	0.02	4.07
6	6363	11	54.48	7	main	0.00	102024.00	-58.02	46.83	-4.82	17.2	0.19	0.02	4.07
6	6363	11	54.58	7	main	0.10	102018.00	-57.53	47.33	-4.82	17.2	0.18	0.03	4.09
6	6363	11	54.68	7	main	0.19	102029.00	-58.44	46.42	-4.81	17.2	0.19	0.02	4.07
6	6363	11	54.78	7	main	0.28	102034.00	-58.85	46.00	-4.78	17.2	0.18	0.02	4.07
6	6363	11	54.88	7	main	0.36	102040.00	-59.35	45.51	-4.76	17.2	0.19	0.02	4.07
6	6363	11	54.98	7	main	0.43	102044.00	-59.68	45.18	-4.72	17.2	0.18	0.02	4.07
6	6363	11	55.08	7	main	0.49	102054.00	-60.51	44.35	-4.67	17.2	0.18	0.02	4.07
6	6363	11	55.18	7	main	0.53	102066.00	-61.50	43.35	-4.62	17.2	0.19	0.02	4.07
6	6363	11	55.28	7	main	0.55	102069.00	-61.75	43.11	-4.57	17.2	0.18	0.02	4.07
6	6363	11	55.38	7	main	0.54	102077.00	-62.41	42.44	-4.51	17.2	0.18	0.02	4.08
6	6363	11	55.48	7	main	0.51	102083.00	-62.91	41.95	-4.45	17.2	0.19	0.02	4.07
6	6363	11	55.58	7	main	0.46	102084.00	-62.99	41.87	-4.40	17.2	0.18	0.02	4.07
6	6363	11	55.68	7	main	0.38	102097.00	-64.07	40.79	-4.35	17.2	0.17	0.03	4.09
6	6363	11	55.78	7	main	0.30	102095.00	-63.90	40.96	-4.30	17.2	0.18	0.02	4.07
6	6363	11	55.88	7	main	0.19	102101.00	-64.40	40.46	-4.27	17.2	0.18	0.02	4.08
6	6363	11	55.98	7	main	0.08	102104.00	-64.64	40.21	-4.26	17.2	0.18	0.02	4.07
6	6363	11	56.08	7	main	-0.04	102105.00	-64.73	40.13	-4.24	17.2	0.18	0.02	4.07
6	6363	11	56.18	7	main	-0.16	102104.00	-64.64	40.21	-4.25	17.2	0.18	0.02	4.07
6	6363	11	56.28	7	main	-0.27	102112.00	-65.31	39.55	-4.27	17.2	0.18	0.02	4.07
6	6363	11	56.38	7	main	-0.36	102116.00	-65.64	39.22	-4.29	17.2	0.18	0.02	4.07
6	6363	11	56.48	7	main	-0.45	102119.00	-65.89	38.97	-4.33	17.2	0.18	0.02	4.07
6	6363	11	56.58	7	main	-0.53	102127.00	-66.55	38.31	-4.38	17.2	0.18	0.02	4.07
6	6363	11	56.68	7	main	-0.59	102124.00	-66.30	38.56	-4.43	17.2	0.18	0.02	4.07
6	6363	11	56.78	7	main	-0.64	102143.00	-67.87	36.98	-4.49	17.2	0.17	0.03	4.08
6	6363	11	56.88	7	main	-0.67	102154.00	-68.78	36.08	-4.56	17.2	0.18	0.02	4.07
6	6363	11	56.98	7	main	-0.68	102150.00	-68.45	36.41	-4.63	17.2	0.18	0.02	4.08
6	6363	11	57.08	7	main	-0.66	102165.00	-69.69	35.17	-4.70	17.2	0.18	0.02	4.07
6	6363	11	57.18	7	main	-0.62	102167.00	-69.86	35.00	-4.78	17.2	0.18	0.02	4.07
6	6363	11	57.28	7	main	-0.55	102172.00	-70.27	34.59	-4.84	17.2	0.18	0.02	4.07
6	6363	11	57.38	7	main	-0.47	102175.00	-70.52	34.34	-4.90	17.2	0.18	0.02	4.07
6	6363	11	57.48	7	main	-0.37	102174.00	-70.43	34.42	-4.95	17.2	0.18	0.02	4.07
6	6363	11	57.58	7	main	-0.26	102193.00	-72.00	32.85	-4.99	17.2	0.17	0.02	4.07
6	6363	11	57.68	7	main	-0.14	102187.00	-71.51	33.35	-5.02	17.2	0.17	0.02	4.07
6	6363	11	57.78	7	main	-0.02	102198.00	-72.42	32.44	-5.03	17.2	0.17	0.02	4.08
6	6363	11	57.88	7	main	0.11	102200.00	-72.58	32.27	-5.04	17.2	0.17	0.03	4.09
6	6363	11	57.98	7	main	0.25	102214.00	-73.74	31.11	-5.02	17.2	0.17	0.02	4.08
6	6363	11	58.08	7	main	0.37	102216.00	-73.91	30.95	-5.00	17.2	0.18	0.02	4.07
6	6363	11	58.18	7	main	0.49	102231.00	-75.15	29.71	-4.96	17.2	0.18	0.02	4.07
6	6363	11	58.28	7	main	0.59	102233.00	-75.31	29.54	-4.91	17.2	0.18	0.02	4.08
6	6363	11	58.38	7	main	0.69	102240.00	-75.89	28.97	-4.85	17.2	0.18	0.02	4.07
6	6363	11	58.48	7	main	0.78	102238.00	-75.72	29.13	-4.78	17.2	0.18	0.02	4.07
6	6363	11	58.58	7	main	0.86	102251.00	-76.80	28.06	-4.70	17.2	0.18	0.02	4.07
6	6363	11	58.68	7	main	0.93	102260.00	-77.54	27.31	-4.61	17.2	0.17	0.02	4.08
6	6363	11	58.78	7	main	0.99	102269.00	-78.29	26.57	-4.52	17.2	0.17	0.02	4.07
6	6363	11	58.88	7	main	1.03	102275.00	-78.78	26.07	-4.42	17.2	0.17	0.02	4.07
6	6363	11	58.98	7	main	1.05	102276.00	-78.86	25.99	-4.31	17.2	0.17	0.03	4.09
6	6363	11	59.08	7	main	1.04	102286.00	-79.69	25.17	-4.20	17.2	0.17	0.02	4.07
6	6363	11	59.18	7	main	1.00	102289.00	-79.94	24.92	-4.09	17.2	0.17	0.02	4.07
6	6363	11	59.28	7	main	0.93	102286.00	-79.69	25.17	-3.98	17.2	0.17	0.02	4.08
6	6363	11	59.38	7	main	0.84	102292.00	-80.19	24.67	-3.89	17.2	0.17	0.02	4.07
6	6363	11	59.48	7	main	0.73	102298.00	-80.68	24.17	-3.80	17.2	0.18	0.02	4.07
6	6363	11	59.58	7	main	0.60	102301.00	-80.93	23.93	-3.73	17.2	0.18	0.02	4.08
6	6363	11	59.68	7	main	0.47	102307.00	-81.42	23.43	-3.66	17.2	0.18	0.02	4.07
6	6363	11	59.78	7	main	0.33	102308.00	-81.51	23.35	-3.62	17.2	0.17	0.02	4.07
6	6363	11	59.88	7	main	0.19	102321.00	-82.58	22.27	-3.58	17.2	0.18	0.02	4.07
6	6363	11	59.98	7	main	0.06	102315.00	-82.09	22.77	-3.56	17.2	0.17	0.02	4.07
6	6363	11	60.08	7	main	-0.08	102324.00	-82.83	22.03	-3.56	17.2	0.17	0.03	4.08
6	6363	11	60.18	7	main	-0.20	102322.00	-82.66	22.19	-3.57	17.2	0.17	0.02	4.08
6	6363	11	60.28	7	main	-0.30	102329.00	-83.24	21.61	-3.59	17.2	0.17	0.02	4.07
6	6363	11	60.38	7	main	-0.39	102338.00	-83.99	20.87	-3.62	17.2	0.17	0.02	4.07
6	6363	11	60.48	7	main	-0.46	102344.00	-84.48	20.37	-3.67	17.2	0.17	0.02	4.08
6	6363	11	60.58	7	main	-0.51	102340.00	-84.15	20.71	-3.71	17.2	0.18	0.02	4.07
6	6363	11	60.68	7	main	-0.53	102348.00	-84.81	20.04	-3.77	17.2	0.17	0.02	4.07
6	6363	11	60.78	7	main	-0.54	102345.00	-84.56	20.29	-3.83	17.2	0.17	0.02	4.07
6	6363	11	60.88	7	main	-0.52	102348.00	-84.81	20.04	-3.88	17.2	0.17	0.02	4.07
6	6363	11	60.98	7	main	-0.49	102354.00	-85.31	19.55	-3.94	17.2	0.17	0.02	4.08
6	6363	11	61.08	7	main	-0.44	102361.00	-85.88	18.97	-3.99	17.2	0.17	0.02	4.07
6	6363	11	61.18	7	main	-0.39	102361.00	-85.88	18.97	-4.03	17.2	0.17	0.03	4.08
6	6363	11	61.28	7	main	-0.34	102379.00	-87.37	17.49	-4.07	17.2	0.17	0.02	4.07
6	6363	11	61.38	7	main	-0.30	102385.00	-87.87	16.99	-4.11	17.2	0.17	0.02	4.07
6	6363	11	61.48	7	main	-0.26	102392.00	-88.44	16.41	-4.14	17.2	0.17	0.02	4.07
6	6363	11	61.58	7	main	-0.23	102397.00	-88.86	16.00	-4.16	17.2	0.17	0.03	4.07
6	6363	11	61.68	7	main	-0.21	102401.00	-89.19	15.67	-4.18	17.2	0.17	0.02	4.07
6	6363	11	61.78	7	main	-0.21	102404.00	-89.43	15.42	-4.20	17.2	0.17	0.02	4.07
6	6363	11	61.88	7	main	-0.22	102406.00	-89.60	15.26	-4.22	17.2	0.17	0.02	4.07
6	6363	11	61.98	7	main	-0.24	102408.00	-89.76	15.09	-4.24	17.2	0.17	0.02	4.07
6	6363	11	62.08	7	main	-0.27	102417.00	-90.51	14.35	-4.26	17.2	0.17	0.02	4.07
6	6363	11	62.18	7	main	-0.32	102418.00	-90.59	14.27	-4.28	17.2	0.17	0.02	4.07
6	6363	11	62.28	7	main	-0.38	102429.00	-91.50	13.36	-4.31	17.2	0.17	0.03	4.08
6	6363	11	62.38	7	main	-0.44	102439.00	-92.32	12.53	-4.35	17.2	0.17	0.02	4.08
6	6363	11	62.48	7	main	-0.50	102445.00	-92.82	12.04	-4.40	17.2	0.17	0.02	4.07
6	6363	11	62.58	7	main	-0.55	102436.00	-92.07	12.78	-4.45	17.2	0.17	0.02	4.07
6	6363	11	62.68	7	main	-0.59	102444.00	-92.73	12.12	-4.50	17.2	0.17	0.02	4.08
6	6363	11	62.78	7	main	-0.63	102455.00	-93.64	11.21	-4.57	17.2	0.17	0.02	4.07
6	6363	11	62.88	7	main	-0.66	102454.00	-93.56	11.30	-4.63	17.2	0.17	0.02	4.07
6	6363	11	62.98	7	main	-0.68	102464.00	-94.38	10.47	-4.70	17.2	0.17	0.03	4.07
6	6363	11	63.08	7	main	-0.68	102463.00	-94.30	10.55	-4.77	17.2	0.17	0.02	4.07
6	6363	11	63.18	7	main	-0.66	102465.00	-94.47	10.39	-4.83	17.2	0.17	0.02	4.08
6	6363	11	63.28	7	main	-0.61	102487.00	-96.28	8.57	-4.91	17.2	0.17	0.02	4.07
6	6363	11	63.38	7	main	-0.53	102484.00	-96.03	8.82	-4.98	17.2	0.17	0.03	4.09
6	6363	11	63.48	7	main	-0.41	102487.00	-96.28	8.57	-5.03	17.2	0.17	0.02	4.07
6	6363	11	63.58	7	main	-0.26	102491.00	-96.61	8.24	-5.08	17.2	0.17	0.02	4.08
6	6363	11	63.68	7	main	-0.08	102503.00	-97.60	7.25	-5.11	17.2	0.17	0.03	4.07
6	6363	11	63.78	7	main	0.12	102517.00	-98.76	6.10	-5.12	17.2	0.17	0.03	4.07
6	6363	11	63.88	7	main	0.34	102524.00	-99.33	5.52	-5.11	17.2	0.17	0.03	4.07
6	6363	11	63.98	7	main	0.56	102527.00	-99.58	5.28	-5.08	17.2	0.17	0.03	4.07
6	6363	11	64.08	7	main	0.80	102537.00	-100.40	4.45	-5.03	17.2	0.17	0.03	4.08
6	6363	11	64.18	7	main	1.04	102535.00	-100.24	4.62	-4.94	17.2	0.17	0.03	4.08
6	6363	11	64.28	7	main	1.29	102548.00	-101.31	3.54	-4.84	17.2	0.17	0.03	4.08
6	6363	11	64.38	7	main	1.53	102557.00	-102.05	2.80	-4.71	17.2	0.17	0.03	4.07
6	6363	11	64.48	7	main	1.77	102565.00	-102.71	2.14	-4.56	17.2	0.17	0.04	4.09
6	6363	11	64.58	7	main	1.98	102566.00	-102.80	2.06	-4.38	17.2	0.17	0.03	4.08
6	6363	11	64.68	7	main	2.16	102567.00	-102.88	1.98	-4.17	17.2	0.17	0.03	4.07
6	6363	11	64.78	7	main	2.32	102579.00	-103.87	0.99	-3.95	17.2	0.17	0.03	4.07
6	6363	11	64.88	7	main	2.44	102577.00	-103.70	1.15	-3.71	17.2	0.17	0.03	4.08
6	6363	11	64.98	7	main	2.53	102585.00	-104.36	0.49	-3.47	17.2	0.17	0.03	4.07
6	6363	11	65.08	7	main	2.60	102595.00	-105.19	-0.33	-3.21	17.2	0.17	0.03	4.07
6	6363	11	65.18	7	main	2.63	102591.00	-104.86	0.00	-2.94	17.2	0.17	0.03	4.07
6	6363	11	65.28	7	main	2.62	102618.00	-107.08	-2.22	-2.68	17.2	0.15	0.03	4.07
6	6363	11	65.38	7	main	2.58	102614.00	-106.75	-1.90	-2.41	17.2	0.15	0.03	4.08
6	6363	11	65.48	7	main	2.51	102611.00	-106.50	-1.65	-2.14	17.2	0.15	0.03	4.07
6	6363	11	65.58	7	main	2.40	102615.00	-106.83	-1.98	-1.89	17.2	0.14	0.04	4.09
6	6363	11	65.68	7	main	2.26	102619.00	-107.16	-2.31	-1.64	17.2	0.15	0.03	4.08
6	6363	11	65.78	7	main	2.11	102614.00	-106.75	-1.90	-1.42	17.2	0.15	0.03	4.08
6	6363	11	65.88	7	main	1.94	102618.00	-107.08	-2.22	-1.20	17.2	0.15	0.03	4.07
6	6363	11	65.98	7	main	1.76	102608.00	-106.26	-1.40	-1.00	17.2	0.15	0.03	4.08
6	6363	11	66.08	7	main	1.57	102616.00	-106.92	-2.06	-0.83	17.2	0.15	0.03	4.07
6	6363	11	66.18	7	main	1.37	102606.00	-106.09	-1.24	-0.67	17.2	0.15	0.03	4.08
6	6363	11	66.28	7	main	1.18	102615.00	-106.83	-1.98	-0.53	17.2	0.15	0.03	4.07
6	6363	11	66.38	7	main	0.99	102612.00	-106.59	-1.73	-0.42	17.2	0.15	0.03	4.08
6	6363	11	66.48	7	main	0.81	102609.00	-106.34	-1.48	-0.32	17.2	0.15	0.03	4.07
6	6363	11	66.58	7	main	0.65	102615.00	-106.83	-1.98	-0.24	17.2	0.15	0.03	4.08
6	6363	11	66.68	7	main	0.49	102612.00	-106.59	-1.73	-0.17	17.2	0.14	0.04	4.09
6	6363	11	66.78	7	main	0.36	102613.00	-106.67	-1.81	-0.13	17.2	0.15	0.03	4.07
6	6363	11	66.88	7	main	0.23	102618.00	-107.08	-2.22	-0.10	17.2	0.15	0.03	4.07
6	6363	11	66.98	7	main	0.14	102620.00	-107.25	-2.39	-0.08	17.2	0.15	0.03	4.07
6	6363	11	67.08	7	main	0.06	102617.00	-107.00	-2.14	-0.07	17.2	0.15	0.04	4.07
6	6363	11	67.18	7	main	0.01	102620.00	-107.25	-2.39	-0.06	17.2	0.15	0.03	4.07
6	6363	11	67.28	7	main	-0.02	102612.00	-106.59	-1.73	-0.07	17.2	0.15	0.03	4.08
6	6363	11	67.38	7	main	-0.03	102603.00	-105.84	-0.99	-0.07	17.2	0.16	0.03	4.08
6	6363	11	67.48	7	main	-0.02	102614.00	-106.75	-1.90	-0.08	17.2	0.16	0.04	4.07
6	6363	11	67.58	7	main	-0.01	102613.00	-106.67	-1.81	-0.08	17.2	0.16	0.04	4.07
6	6363	11	67.68	7	main	0.01	102617.00	-107.00	-2.14	-0.08	17.2	0.15	0.04	4.08
6	6363	11	67.78	7	main	0.03	102610.00	-106.42	-1.57	-0.08	17.2	0.14	0.05	4.09
6	6363	11	67.88	7	main	0.06	102615.00	-106.83	-1.98	-0.08	17.2	0.15	0.04	4.08
6	6363	11	67.98	7	main	0.08	102611.00	-106.50	-1.65	-0.07	17.2	0.16	0.04	4.07
6	6363	11	68.08	7	main	0.10	102615.00	-106.83	-1.98	-0.06	17.2	0.16	0.04	4.07
6	6363	11	68.18	7	main	0.12	102619.00	-107.16	-2.31	-0.05	17.2	0.15	0.04	4.07
6	6363	11	68.28	7	main	0.13	102615.00	-106.83	-1.98	-0.04	17.2	0.15	0.04	4.08
6	6363	11	68.38	7	main	0.14	102621.00	-107.33	-2.47	-0.03	17.2	0.15	0.04	4.07
6	6363	11	68.48	7	main	0.15	102610.00	-106.42	-1.57	-0.01	17.2	0.15	0.04	4.07
6	6363	11	68.58	7	main	0.15	102617.00	-107.00	-2.14	0.00	17.2	0.15	0.04	4.08
6	6363	11	68.68	7	main	0.15	102616.00	-106.92	-2.06	0.02	17.2	0.16	0.05	4.07
6	6363	11	68.78	7	main	0.14	102617.00	-107.00	-2.14	0.04	17.2	0.16	0.04	4.07
6	6363	11	68.88	7	main	0.13	102621.00	-107.33	-2.47	0.05	17.2	0.15	0.05	4.09
6	6363	11	68.98	7	main	0.11	102616.00	-106.92	-2.06	0.06	17.2	0.16	0.05	4.08
6	6363	11	69.08	7	main	0.09	102617.00	-107.00	-2.14	0.08	17.2	0.15	0.05	4.08
6	6363	11	69.18	7	main	0.07	102614.00	-106.75	-1.90	0.08	17.2	0.15	0.05	4.08
6	6363	11	69.28	7	main	0.04	102611.00	-106.50	-1.65	0.09	17.2	0.15	0.05	4.07
6	6363	11	69.38	7	main	0.01	102615.00	-106.83	-1.98	0.10	17.2	0.15	0.05	4.07
6	6363	11	69.48	7	main	-0.03	102616.00	-106.92	-2.06	0.10	17.2	0.15	0.05	4.08
6	6363	11	69.58	7	main	-0.07	102610.00	-106.42	-1.57	0.10	17.2	0.16	0.05	4.08
6	6363	11	69.68	7	main	-0.10	102614.00	-106.75	-1.90	0.09	17.2	0.15	0.05	4.08
6	6363	11	69.78	7	main	-0.11	102614.00	-106.75	-1.90	0.08	17.2	0.15	0.05	4.07
6	6363	11	69.88	7	main	-0.13	102618.00	-107.08	-2.22	0.06	17.2	0.16	0.05	4.07
6	6363	11	69.98	7	main	-0.14	102611.00	-106.50	-1.65	0.05	17.2	0.14	0.06	4.09
6	6363	11	70.08	7	main	-0.14	102612.00	-106.59	-1.73	0.04	17.2	0.15	0.05	4.07
6	6363	11	70.18	7	main	-0.15	102612.00	-106.59	-1.73	0.02	17.2	0.15	0.05	4.08
6	6363	11	70.28	7	main	-0.15	102614.00	-106.75	-1.90	0.01	17.2	0.15	0.05	4.08
6	6363	11	70.38	7	main	-0.15	102607.00	-106.17	-1.32	-0.01	17.2	0.15	0.05	4.08
6	6363	11	70.48	7	main	-0.15	102615.00	-106.83	-1.98	-0.02	17.2	0.15	0.05	4.07
6	6363	11	70.58	7	main	-0.14	102618.00	-107.08	-2.22	-0.04	17.3	0.15	0.05	4.07
6	6363	11	70.68	7	main	-0.12	102614.00	-106.75	-1.90	-0.05	17.3	0.15	0.05	4.07
6	6363	11	70.78	7	main	-0.11	102607.00	-106.17	-1.32	-0.07	17.3	0.15	0.05	4.08
6	6363	11	70.88	7	main	-0.10	102613.00	-106.67	-1.81	-0.08	17.3	0.15	0.05	4.08
6	6363	11	70.98	7	main	-0.08	102617.00	-107.00	-2.14	-0.09	17.2	0.14	0.05	4.08
6	6363	11	71.08	7	main	-0.07	102618.00	-107.08	-2.22	-0.10	17.3	0.14	0.06	4.09
6	6363	11	71.18	7	main	-0.06	102619.00	-107.16	-2.31	-0.10	17.3	0.15	0.06	4.08
6	6363	11	71.28	7	main	-0.05	102614.00	-106.75	-1.90	-0.11	17.3	0.15	0.05	4.07
6	6363	11	71.38	7	main	-0.03	102612.00	-106.59	-1.73	-0.11	17.3	0.15	0.06	4.08
6	6363	11	71.48	7	main	-0.02	102612.00	-106.59	-1.73	-0.12	17.3	0.15	0.06	4.08
6	6363	11	71.58	7	main	-0.00	102615.00	-106.83	-1.98	-0.12	17.3	0.15	0.06	4.07
6	6363	11	71.68	7	main	0.02	102617.00	-107.00	-2.14	-0.12	17.3	0.15	0.06	4.07
6	6363	11	71.78	7	main	0.03	102615.00	-106.83	-1.98	-0.12	17.3	0.15	0.06	4.07
6	6363	11	71.88	7	main	0.05	102618.00	-107.08	-2.22	-0.11	17.3	0.15	0.06	4.08
6	6363	11	71.98	7	main	0.07	102609.00	-106.34	-1.48	-0.11	17.3	0.14	0.07	4.08
6	6363	11	72.08	7	main	0.08	102610.00	-106.42	-1.57	-0.10	17.3	0.14	0.07	4.07
6	6363	11	72.18	7	main	0.10	102610.00	-106.42	-1.57	-0.09	17.3	0.14	0.08	4.09
6	6363	11	72.28	7	main	0.11	102622.00	-107.41	-2.55	-0.08	17.3	0.14	0.07	4.07
6	6363	11	72.38	7	main	0.12	102617.00	-107.00	-2.14	-0.07	17.3	0.14	0.08	4.08
6	6363	11	72.48	7	main	0.13	102623.00	-107.49	-2.64	-0.06	17.3	0.14	0.08	4.08
6	6363	11	72.58	7	main	0.13	102621.00	-107.33	-2.47	-0.05	17.3	0.14	0.08	4.08
6	6363	11	72.68	7	main	0.13	102614.00	-106.75	-1.90	-0.04	17.3	0.14	0.08	4.07
6	6363	11	72.78	7	main	0.13	102618.00	-107.08	-2.22	-0.02	17.3	0.15	0.08	4.08
6	6363	11	72.88	7	main	0.11	102613.00	-106.67	-1.81	-0.00	17.3	0.15	0.08	4.07
6	6363	11	72.98	7	main	0.10	102616.00	-106.92	-2.06	0.01	17.3	0.15	0.09	4.07
6	6363	11	73.08	7	main	0.08	102623.00	-107.49	-2.64	0.02	17.3	0.15	0.09	4.07
6	6363	11	73.18	7	main	0.07	102614.00	-106.75	-1.90	0.02	17.3	0.15	0.09	4.07
6	6363	11	73.28	7	main	0.06	102617.00	-107.00	-2.14	0.03	17.3	0.14	0.11	4.09
6	6363	11	73.38	7	main	0.04	102620.00	-107.25	-2.39	0.04	17.3	0.14	0.11	4.08
6	6363	11	73.48	7	main	0.02	102610.00	-106.42	-1.57	0.04	17.3	0.14	0.11	4.08
6	6363	11	73.58	7	main	-0.00	102617.00	-107.00	-2.14	0.05	17.3	0.14	0.11	4.08
6	6363	11	73.68	7	main	-0.02	102615.00	-106.83	-1.98	0.05	17.3	0.14	0.11	4.07
6	6363	11	73.78	7	main	-0.04	102618.00	-107.08	-2.22	0.04	17.3	0.14	0.11	4.08
6	6363	11	73.88	7	main	-0.05	102607.00	-106.17	-1.32	0.03	17.3	0.14	0.11	4.07
6	6363	11	73.98	7	main	-0.06	102617.00	-107.00	-2.14	0.03	17.3	0.14	0.11	4.08
6	6363	11	74.08	7	main	-0.07	102620.00	-107.25	-2.39	0.03	17.3	0.14	0.11	4.07
6	6363	11	74.18	7	main	-0.08	102615.00	-106.83	-1.98	0.02	17.3	0.15	0.11	4.08
6	6363	11	74.28	7	main	-0.09	102615.00	-106.83	-1.98	0.01	17.3	0.15	0.12	4.08
6	6363	11	74.38	7	main	-0.08	102614.00	-106.75	-1.90	-0.00	17.3	0.14	0.13	4.09
6	6363	11	74.48	7	main	-0.06	102614.00	-106.75	-1.90	-0.01	17.3	0.15	0.12	4.07
6	6363	11	74.58	7	main	-0.04	102615.00	-106.83	-1.98	-0.02	17.3	0.15	0.13	4.07
6	6363	11	74.68	7	main	-0.03	102621.00	-107.33	-2.47	-0.02	17.3	0.14	0.13	4.08
6	6363	11	74.78	7	main	-0.02	102610.00	-106.42	-1.57	-0.02	17.3	0.14	0.14	4.08
6	6363	11	74.88	7	main	-0.02	102615.00	-106.83	-1.98	-0.02	17.3	0.14	0.14	4.08
6	6363	11	74.98	7	main	-0.02	102619.00	-107.16	-2.31	-0.02	17.3	0.14	0.14	4.08
6	6363	11	75.08	7	main	-0.01	102618.00	-107.08	-2.22	-0.03	17.3	0.15	0.14	4.07
6	6363	11	75.18	7	main	-0.01	102619.00	-107.16	-2.31	-0.03	17.3	0.15	0.15	4.07
6	6363	11	75.28	7	main	-0.00	102618.00	-107.08	-2.22	-0.03	17.3	0.14	0.15	4.07
6	6363	11	75.38	7	main	-0.00	102613.00	-106.67	-1.81	-0.03	17.3	0.14	0.16	4.08
6	6363	11	75.48	7	main	-0.00	102614.00	-106.75	-1.90	-0.03	17.3	0.14	0.17	4.09
6	6363	11	75.58	7	main	-0.00	102607.00	-106.17	-1.32	-0.03	17.3	0.15	0.17	4.07
6	6363	11	75.68	7	main	0.00	102620.00	-107.25	-2.39	-0.03	17.3	0.15	0.17	4.08
6	6363	11	75.78	7	main	0.01	102623.00	-107.49	-2.64	-0.03	17.3	0.14	0.17	4.08
6	6363	11	75.88	7	main	0.02	102614.00	-106.75	-1.90	-0.03	17.3	0.14	0.19	4.08
6	6363	11	75.98	7	main	0.03	102615.00	-106.83	-1.98	-0.03	17.3	0.15	0.19	4.07
6	6363	11	76.08	7	main	0.03	102609.00	-106.34	-1.48	-0.03	17.3	0.14	0.18	4.08
6	6363	11	76.18	7	main	0.04	102618.00	-107.08	-2.22	-0.02	17.3	0.14	0.19	4.07
6	6363	11	76.28	7	main	0.05	102621.00	-107.33	-2.47	-0.02	17.3	0.15	0.19	4.07
6	6363	11	76.38	7	main	0.06	102622.00	-107.41	-2.55	-0.01	17.3	0.14	0.19	4.07
6	6363	11	76.48	7	main	0.06	102614.00	-106.75	-1.90	-0.00	17.3	0.15	0.19	4.07
6	6363	11	76.58	7	main	0.06	102616.00	-106.92	-2.06	0.00	17.3	0.14	0.20	4.09
6	6363	11	76.68	7	main	0.06	102616.00	-106.92	-2.06	0.01	17.3	0.14	0.19	4.07
6	6363	11	76.78	7	main	0.05	102610.00	-106.42	-1.57	0.02	17.3	0.15	0.20	4.08
6	6363	11	76.88	7	main	0.04	102612.00	-106.59	-1.73	0.02	17.3	0.14	0.20	4.08
6	6363	11	76.98	7	main	0.02	102619.00	-107.16	-2.31	0.03	17.3	0.14	0.20	4.07
6	6363	11	77.08	7	main	0.01	102625.00	-107.66	-2.80	0.03	17.3	0.14	0.21	4.07
6	6363	11	77.18	7	main	-0.01	102618.00	-107.08	-2.22	0.03	17.3	0.14	0.21	4.08
6	6363	11	77.28	7	main	-0.03	102612.00	-106.59	-1.73	0.03	17.3	0.14	0.21	4.07
6	6363	11	77.38	7	main	-0.05	102618.00	-107.08	-2.22	0.03	17.3	0.14	0.21	4.07
6	6363	11	77.48	7	main	-0.07	102617.00	-107.00	-2.14	0.02	17.3	0.14	0.22	4.08
6	6363	11	77.58	7	main	-0.09	102617.00	-107.00	-2.14	0.02	17.3	0.14	0.22	4.07
6	6363	11	77.68	7	main	-0.11	102615.00	-106.83	-1.98	0.01	17.3	0.14	0.24	4.09
6	6363	11	77.78	7	main	-0.11	102622.00	-107.41	-2.55	-0.01	17.3	0.15	0.22	4.08
6	6363	11	77.88	7	main	-0.10	102612.00	-106.59	-1.73	-0.02	17.3	0.15	0.23	4.07
6	6363	11	77.98	7	main	-0.09	102614.00	-106.75	-1.90	-0.03	17.3	0.14	0.23	4.08
6	6363	11	78.08	7	main	-0.07	102607.00	-106.17	-1.32	-0.04	17.3	0.15	0.23	4.08
6	6363	11	78.18	7	main	-0.04	102612.00	-106.59	-1.73	-0.05	17.3	0.15	0.24	4.08
6	6363	11	78.28	7	main	-0.01	102622.00	-107.41	-2.55	-0.06	17.3	0.14	0.24	4.08
6	6363	11	78.38	7	main	0.04	102617.00	-107.00	-2.14	-0.06	17.3	0.15	0.27	4.08
6	6363	11	78.48	7	main	0.08	102610.00	-106.42	-1.57	-0.05	17.3	0.15	0.25	4.08
6	6363	11	78.58	7	main	0.12	102614.00	-106.75	-1.90	-0.05	17.3	0.15	0.25	4.07
6	6363	11	78.68	7	main	0.15	102618.00	-107.08	-2.22	-0.03	17.3	0.15	0.27	4.08
6	6363	11	78.78	7	main	0.17	102617.00	-107.00	-2.14	-0.02	17.3	0.14	0.28	4.09
6	6363	11	78.88	7	main	0.18	102619.00	-107.16	-2.31	0.00	17.3	0.15	0.28	4.08
6	6363	11	78.98	7	main	0.19	102619.00	-107.16	-2.31	0.02	17.3	0.15	0.26	4.08
6	6363	11	79.08	7	main	0.19	102620.00	-107.25	-2.39	0.04	17.3	0.15	0.27	4.07
6	6363	11	79.18	7	main	0.18	102616.00	-106.92	-2.06	0.06	17.3	0.14	0.28	4.07
6	6363	11	79.28	7	main	0.16	102618.00	-107.08	-2.22	0.08	17.3	0.14	0.29	4.07
6	6363	11	79.38	7	main	0.14	102621.00	-107.33	-2.47	0.10	17.3	0.14	0.28	4.08
6	6363	11	79.48	7	main	0.11	102621.00	-107.33	-2.47	0.11	17.3	0.15	0.27	4.08
6	6363	11	79.58	7	main	0.09	102618.00	-107.08	-2.22	0.12	17.3	0.14	0.29	4.07
6	6363	11	79.68	7	main	0.06	102615.00	-106.83	-1.98	0.13	17.3	0.14	0.28	4.08
6	6363	11	79.78	7	main	0.03	102620.00	-107.25	-2.39	0.13	17.3	0.14	0.28	4.07
6	6363	11	79.88	7	main	0.03	102616.00	-106.92	-2.06	0.14	17.3	0.13	0.29	4.09
6	6363	11	79.98	7	main	0.03	102613.00	-106.67	-1.81	0.14	17.3	0.14	0.31	4.08
6	6363	11	80.10	8	landed	0.03	102613.00	-106.67	-1.81	0.14	17.3	0.14	0.31	4.08
