generated_time_s	RUN START 2022-10-15 14:16:17
0	14:16:33: Ground Station GPS {'gs_lat': 44.82508138020833
1	14:16:37: Ground Station GPS {'gs_lat': 44.8250732421875
2	14:16:39: Ground Station GPS {'gs_lat': 44.8250732421875
3	14:16:41: Ground Station GPS {'gs_lat': 44.8250732421875
4	14:16:42: Orientation {'radio_id': 1
5	14:16:43: Position Data {'radio_id': 1
6	14:16:43: Ground Station GPS {'gs_lat': 44.8250732421875
7	14:16:43: Position Data {'radio_id': 1
8	14:16:43: Pyro Info {'radio_id': 1
9	14:16:43: Line Cutter Data 1 {'radio_id': 1
10	14:16:43: Orientation {'radio_id': 1
11	14:16:43: Orientation {'radio_id': 1
12	14:16:43: Position Data {'radio_id': 1
13	14:16:43: Orientation {'radio_id': 1
14	14:16:43: Position Data {'radio_id': 1
15	14:16:43: Orientation {'radio_id': 1
16	14:16:44: Position Data {'radio_id': 1
17	14:16:44: Orientation {'radio_id': 1
18	14:16:44: Pyro Info {'radio_id': 1
19	14:16:44: Line Cutter Data 5 {'radio_id': 1
20	14:16:44: Position Data {'radio_id': 1
21	14:16:44: Orientation {'radio_id': 1
22	14:16:44: Position Data {'radio_id': 1
23	14:16:44: Orientation {'radio_id': 1
24	14:16:44: Position Data {'radio_id': 1
25	14:16:45: Orientation {'radio_id': 1
26	14:16:45: Alt Info & Cfg {'radio_id': 1
27	14:16:45: Orientation {'radio_id': 1
28	14:16:45: Position Data {'radio_id': 1
29	14:16:45: Orientation {'radio_id': 1
30	14:16:45: Position Data {'radio_id': 1
31	14:16:45: Line Cutter Data 5 {'radio_id': 1
32	14:16:45: Position Data {'radio_id': 1
33	14:16:45: Orientation {'radio_id': 1
34	14:16:45: Position Data {'radio_id': 1
35	14:16:46: Orientation {'radio_id': 1
36	14:16:46: Orientation {'radio_id': 1
37	14:16:46: Position Data {'radio_id': 1
38	14:16:46: Orientation {'radio_id': 1
39	14:16:46: Pyro Info {'radio_id': 1
40	14:16:46: Line Cutter Data 1 {'radio_id': 1
41	14:16:46: Orientation {'radio_id': 1
42	14:16:46: Position Data {'radio_id': 1
43	14:16:46: Orientation {'radio_id': 1
44	14:16:46: Position Data {'radio_id': 1
45	14:16:46: Orientation {'radio_id': 1
46	14:16:47: Position Data {'radio_id': 1
47	14:16:47: Ground Station GPS {'gs_lat': 44.8250732421875
48	14:16:47: Orientation {'radio_id': 1
49	14:16:47: Orientation {'radio_id': 1
50	14:16:47: Position Data {'radio_id': 1
51	14:16:47: Line Cutter Data 1 {'radio_id': 1
52	14:16:47: Line Cutter Data 5 {'radio_id': 1
53	14:16:47: Orientation {'radio_id': 1
54	14:16:47: Position Data {'radio_id': 1
55	14:16:47: Orientation {'radio_id': 1
56	14:16:47: Position Data {'radio_id': 1
57	14:16:47: Orientation {'radio_id': 1
58	14:16:48: Position Data {'radio_id': 1
59	14:16:48: Orientation {'radio_id': 1
60	14:16:48: Orientation {'radio_id': 1
61	14:16:48: Position Data {'radio_id': 1
62	14:16:48: Line Cutter Data 1 {'radio_id': 1
63	14:16:48: Orientation {'radio_id': 1
64	14:16:48: Position Data {'radio_id': 1
65	14:16:48: Orientation {'radio_id': 1
66	14:16:49: Orientation {'radio_id': 1
67	14:16:49: Ground Station GPS {'gs_lat': 44.8250732421875
68	14:16:49: Orientation {'radio_id': 1
69	14:16:49: Position Data {'radio_id': 1
70	14:16:49: Orientation {'radio_id': 1
71	14:16:49: Position Data {'radio_id': 1
72	14:16:49: Pyro Info {'radio_id': 1
73	14:16:49: Line Cutter Data 5 {'radio_id': 1
74	14:16:49: Position Data {'radio_id': 1
75	14:16:49: Orientation {'radio_id': 1
76	14:16:49: Position Data {'radio_id': 1
77	14:16:49: Orientation {'radio_id': 1
78	14:16:50: Position Data {'radio_id': 1
79	14:16:50: Alt Info & Cfg {'radio_id': 1
80	14:16:50: Orientation {'radio_id': 1
81	14:16:50: Position Data {'radio_id': 1
82	14:16:50: Orientation {'radio_id': 1
83	14:16:50: Pyro Info {'radio_id': 1
84	14:16:50: Line Cutter Data 5 {'radio_id': 1
85	14:16:50: Orientation {'radio_id': 1
86	14:16:50: Position Data {'radio_id': 1
87	14:16:50: Orientation {'radio_id': 1
88	14:16:51: Orientation {'radio_id': 1
89	14:16:51: Position Data {'radio_id': 1
90	14:16:51: Ground Station GPS {'gs_lat': 44.8250732421875
91	14:16:51: Orientation {'radio_id': 1
92	14:16:51: Position Data {'radio_id': 1
93	14:16:51: Alt Info & Cfg {'radio_id': 1
94	14:16:51: Orientation {'radio_id': 1
95	14:16:51: Pyro Info {'radio_id': 1
96	14:16:51: Line Cutter Data 5 {'radio_id': 1
97	14:16:51: Line Cutter Vars 5 {'radio_id': 1
98	14:16:51: Orientation {'radio_id': 1
99	14:16:51: Position Data {'radio_id': 1
100	14:16:51: Position Data {'radio_id': 1
101	14:16:52: Orientation {'radio_id': 1
102	14:16:52: Orientation {'radio_id': 1
103	14:16:52: Position Data {'radio_id': 1
104	14:16:52: Orientation {'radio_id': 1
105	14:16:52: Position Data {'radio_id': 1
106	14:16:52: Pyro Info {'radio_id': 1
107	14:16:52: Line Cutter Data 5 {'radio_id': 1
108	14:16:52: Orientation {'radio_id': 1
109	14:16:52: Orientation {'radio_id': 1
110	14:16:52: Position Data {'radio_id': 1
111	14:16:53: Orientation {'radio_id': 1
112	14:16:53: Ground Station GPS {'gs_lat': 44.8250732421875
113	14:16:53: Position Data {'radio_id': 1
114	14:16:53: Orientation {'radio_id': 1
115	14:16:53: Position Data {'radio_id': 1
116	14:16:53: Pyro Info {'radio_id': 1
117	14:16:53: Line Cutter Data 1 {'radio_id': 1
118	14:16:53: Orientation {'radio_id': 1
119	14:16:53: Alt Info & Cfg {'radio_id': 1
120	14:16:53: Orientation {'radio_id': 1
121	14:16:53: Orientation {'radio_id': 1
122	14:16:54: Position Data {'radio_id': 1
123	14:16:54: Orientation {'radio_id': 1
124	14:16:54: Position Data {'radio_id': 1
125	14:16:54: Orientation {'radio_id': 1
126	14:16:54: Position Data {'radio_id': 1
127	14:16:54: Pyro Info {'radio_id': 1
128	14:16:54: Line Cutter Data 5 {'radio_id': 1
129	14:16:54: Orientation {'radio_id': 1
130	14:16:54: Position Data {'radio_id': 1
131	14:16:54: Orientation {'radio_id': 1
132	14:16:54: Position Data {'radio_id': 1
133	14:16:54: Alt Info & Cfg {'radio_id': 1
134	14:16:54: Orientation {'radio_id': 1
135	14:16:55: Position Data {'radio_id': 1
136	14:16:55: Ground Station GPS {'gs_lat': 44.8250732421875
137	14:16:55: Orientation {'radio_id': 1
138	14:16:55: Orientation {'radio_id': 1
139	14:16:55: Pyro Info {'radio_id': 1
140	14:16:55: Line Cutter Data 5 {'radio_id': 1
141	14:16:55: Position Data {'radio_id': 1
142	14:16:55: Orientation {'radio_id': 1
143	14:16:55: Position Data {'radio_id': 1
144	14:16:55: Orientation {'radio_id': 1
145	14:16:56: Position Data {'radio_id': 1
146	14:16:56: Orientation {'radio_id': 1
147	14:16:56: Position Data {'radio_id': 1
148	14:16:56: Alt Info & Cfg {'radio_id': 1
149	14:16:56: Orientation {'radio_id': 1
150	14:16:56: Position Data {'radio_id': 1
151	14:16:56: Line Cutter Data 1 {'radio_id': 1
152	14:16:56: Line Cutter Data 5 {'radio_id': 1
153	14:16:56: Orientation {'radio_id': 1
154	14:16:56: Position Data {'radio_id': 1
155	14:16:56: Orientation {'radio_id': 1
156	14:16:56: Position Data {'radio_id': 1
157	14:16:56: Orientation {'radio_id': 1
158	14:16:57: Position Data {'radio_id': 1
159	14:16:57: Ground Station GPS {'gs_lat': 44.8250732421875
160	14:16:57: Position Data {'radio_id': 1
161	14:16:57: Orientation {'radio_id': 1
162	14:16:57: Position Data {'radio_id': 1
163	14:16:57: Orientation {'radio_id': 1
164	14:16:57: Position Data {'radio_id': 1
165	14:16:57: Pyro Info {'radio_id': 1
166	14:16:57: Line Cutter Data 5 {'radio_id': 1
167	14:16:57: Position Data {'radio_id': 1
168	14:16:57: Orientation {'radio_id': 1
169	14:16:58: Position Data {'radio_id': 1
170	14:16:58: Orientation {'radio_id': 1
171	14:16:58: Position Data {'radio_id': 1
172	14:16:58: Orientation {'radio_id': 1
173	14:16:58: Position Data {'radio_id': 1
174	14:16:58: Orientation {'radio_id': 1
175	14:16:58: Position Data {'radio_id': 1
176	14:16:58: Pyro Info {'radio_id': 1
177	14:16:58: Line Cutter Data 1 {'radio_id': 1
178	14:16:58: Line Cutter Data 5 {'radio_id': 1
179	14:16:58: Alt Info & Cfg {'radio_id': 1
180	14:16:58: Orientation {'radio_id': 1
181	14:16:59: Orientation {'radio_id': 1
182	14:16:59: Ground Station GPS {'gs_lat': 44.8250732421875
183	14:16:59: Orientation {'radio_id': 1
184	14:16:59: Orientation {'radio_id': 1
185	14:16:59: Position Data {'radio_id': 1
186	14:16:59: Orientation {'radio_id': 1
187	14:16:59: Position Data {'radio_id': 1
188	14:16:59: Line Cutter Data 1 {'radio_id': 1
189	14:16:59: Orientation {'radio_id': 1
190	14:16:59: Position Data {'radio_id': 1
191	14:16:59: Alt Info & Cfg {'radio_id': 1
192	14:17:00: Orientation {'radio_id': 1
193	14:17:00: Orientation {'radio_id': 1
194	14:17:00: Position Data {'radio_id': 1
195	14:17:00: Orientation {'radio_id': 1
196	14:17:00: Orientation {'radio_id': 1
197	14:17:00: Position Data {'radio_id': 1
198	14:17:00: Line Cutter Data 1 {'radio_id': 1
199	14:17:00: Orientation {'radio_id': 1
200	14:17:00: Position Data {'radio_id': 1
201	14:17:00: Orientation {'radio_id': 1
202	14:17:01: Position Data {'radio_id': 1
203	14:17:01: Alt Info & Cfg {'radio_id': 1
204	14:17:01: Ground Station GPS {'gs_lat': 44.8250732421875
205	14:17:01: Orientation {'radio_id': 1
206	14:17:01: Position Data {'radio_id': 1
207	14:17:01: Orientation {'radio_id': 1
208	14:17:01: Line Cutter Vars 1 {'radio_id': 1
209	14:17:01: Orientation {'radio_id': 1
210	14:17:01: Pyro Info {'radio_id': 1
211	14:17:01: Line Cutter Data 5 {'radio_id': 1
212	14:17:01: Position Data {'radio_id': 1
213	14:17:01: Orientation {'radio_id': 1
214	14:17:02: Position Data {'radio_id': 1
215	14:17:02: Orientation {'radio_id': 1
216	14:17:02: Position Data {'radio_id': 1
217	14:17:02: Orientation {'radio_id': 1
218	14:17:02: Position Data {'radio_id': 1
219	14:17:02: Orientation {'radio_id': 1
220	14:17:02: Position Data {'radio_id': 1
221	14:17:02: Line Cutter Data 1 {'radio_id': 1
222	14:17:02: Orientation {'radio_id': 1
223	14:17:02: Position Data {'radio_id': 1
224	14:17:03: Orientation {'radio_id': 1
225	14:17:03: Ground Station GPS {'gs_lat': 44.8250732421875
226	14:17:03: Position Data {'radio_id': 1
227	14:17:03: Orientation {'radio_id': 1
228	14:17:03: Position Data {'radio_id': 1
229	14:17:03: Orientation {'radio_id': 1
230	14:17:03: Alt Info & Cfg {'radio_id': 1
231	14:17:03: Line Cutter Data 1 {'radio_id': 1
232	14:17:03: Line Cutter Data 5 {'radio_id': 1
233	14:17:03: Orientation {'radio_id': 1
234	14:17:03: Position Data {'radio_id': 1
235	14:17:04: Orientation {'radio_id': 1
236	14:17:04: Orientation {'radio_id': 1
237	14:17:04: Orientation {'radio_id': 1
238	14:17:04: Position Data {'radio_id': 1
239	14:17:04: Orientation {'radio_id': 1
240	14:17:04: Position Data {'radio_id': 1
241	14:17:04: Line Cutter Data 1 {'radio_id': 1
242	14:17:04: Line Cutter Data 5 {'radio_id': 1
243	14:17:04: Orientation {'radio_id': 1
244	14:17:04: Position Data {'radio_id': 1
245	14:17:04: Orientation {'radio_id': 1
246	14:17:05: Position Data {'radio_id': 1
247	14:17:05: Ground Station GPS {'gs_lat': 44.8250732421875
248	14:17:05: Orientation {'radio_id': 1
249	14:17:05: Orientation {'radio_id': 1
250	14:17:05: Orientation {'radio_id': 1
251	14:17:05: Position Data {'radio_id': 1
252	14:17:05: Pyro Info {'radio_id': 1
253	14:17:05: Line Cutter Data 1 {'radio_id': 1
254	14:17:05: Line Cutter Data 5 {'radio_id': 1
255	14:17:05: Orientation {'radio_id': 1
256	14:17:06: Orientation {'radio_id': 1
257	14:17:06: Alt Info & Cfg {'radio_id': 1
258	14:17:06: Orientation {'radio_id': 1
259	14:17:06: Position Data {'radio_id': 1
260	14:17:06: Orientation {'radio_id': 1
261	14:17:06: Position Data {'radio_id': 1
262	14:17:06: Orientation {'radio_id': 1
263	14:17:06: Pyro Info {'radio_id': 1
264	14:17:06: Line Cutter Data 5 {'radio_id': 1
265	14:17:06: Orientation {'radio_id': 1
266	14:17:06: Orientation {'radio_id': 1
267	14:17:07: Position Data {'radio_id': 1
268	14:17:07: Ground Station GPS {'gs_lat': 44.8250732421875
269	14:17:07: Orientation {'radio_id': 1
270	14:17:07: Position Data {'radio_id': 1
271	14:17:07: Orientation {'radio_id': 1
272	14:17:07: Position Data {'radio_id': 1
273	14:17:07: Orientation {'radio_id': 1
274	14:17:07: Pyro Info {'radio_id': 1
275	14:17:07: Line Cutter Data 1 {'radio_id': 1
276	14:17:07: Line Cutter Data 5 {'radio_id': 1
277	14:17:07: Position Data {'radio_id': 1
278	14:17:08: Orientation {'radio_id': 1
279	14:17:08: Orientation {'radio_id': 1
280	14:17:08: Position Data {'radio_id': 1
281	14:17:08: Orientation {'radio_id': 1
282	14:17:08: Orientation {'radio_id': 1
283	14:17:08: Position Data {'radio_id': 1
284	14:17:08: Alt Info & Cfg {'radio_id': 1
285	14:17:08: Pyro Info {'radio_id': 1
286	14:17:08: Line Cutter Data 5 {'radio_id': 1
287	14:17:08: Position Data {'radio_id': 1
288	14:17:09: Orientation {'radio_id': 1
289	14:17:09: Position Data {'radio_id': 1
290	14:17:09: Ground Station GPS {'gs_lat': 44.8250732421875
291	14:17:09: Position Data {'radio_id': 1
292	14:17:09: Orientation {'radio_id': 1
293	14:17:09: Position Data {'radio_id': 1
294	14:17:09: Orientation {'radio_id': 1
295	14:17:09: Position Data {'radio_id': 1
296	14:17:09: Pyro Info {'radio_id': 1
297	14:17:09: Line Cutter Data 5 {'radio_id': 1
298	14:17:09: Position Data {'radio_id': 1
299	14:17:09: Alt Info & Cfg {'radio_id': 1
300	14:17:09: Orientation {'radio_id': 1
301	14:17:10: Position Data {'radio_id': 1
302	14:17:10: Orientation {'radio_id': 1
303	14:17:10: Position Data {'radio_id': 1
304	14:17:10: Orientation {'radio_id': 1
305	14:17:10: Position Data {'radio_id': 1
306	14:17:10: Orientation {'radio_id': 1
307	14:17:10: Position Data {'radio_id': 1
308	14:17:10: Orientation {'radio_id': 1
309	14:17:10: Position Data {'radio_id': 1
310	14:17:10: Pyro Info {'radio_id': 1
311	14:17:10: Line Cutter Data 1 {'radio_id': 1
312	14:17:11: Line Cutter Data 5 {'radio_id': 1
313	14:17:11: Alt Info & Cfg {'radio_id': 1
314	14:17:11: Ground Station GPS {'gs_lat': 44.8250732421875
315	14:17:11: Orientation {'radio_id': 1
316	14:17:11: Orientation {'radio_id': 1
317	14:17:11: Position Data {'radio_id': 1
318	14:17:11: Line Cutter Vars 5 {'radio_id': 1
319	14:17:11: Orientation {'radio_id': 1
320	14:17:11: Position Data {'radio_id': 1
321	14:17:11: Orientation {'radio_id': 1
322	14:17:11: Position Data {'radio_id': 1
323	14:17:11: Pyro Info {'radio_id': 1
324	14:17:11: Line Cutter Data 5 {'radio_id': 1
325	14:17:12: Orientation {'radio_id': 1
326	14:17:12: Orientation {'radio_id': 1
327	14:17:12: Alt Info & Cfg {'radio_id': 1
328	14:17:12: Orientation {'radio_id': 1
329	14:17:12: Position Data {'radio_id': 1
330	14:17:12: Pyro Info {'radio_id': 1
331	14:17:12: Line Cutter Data 1 {'radio_id': 1
332	14:17:12: Line Cutter Data 5 {'radio_id': 1
333	14:17:13: Orientation {'radio_id': 1
334	14:17:13: Position Data {'radio_id': 1
335	14:17:13: Ground Station GPS {'gs_lat': 44.82508138020833
336	14:17:13: Position Data {'radio_id': 1
337	14:17:13: Orientation {'radio_id': 1
338	14:17:13: Alt Info & Cfg {'radio_id': 1
339	14:17:13: Orientation {'radio_id': 1
340	14:17:13: Position Data {'radio_id': 1
341	14:17:13: Orientation {'radio_id': 1
342	14:17:13: Position Data {'radio_id': 1
343	14:17:13: Pyro Info {'radio_id': 1
344	14:17:13: Line Cutter Data 1 {'radio_id': 1
345	14:17:13: Line Cutter Data 5 {'radio_id': 1
346	14:17:14: Orientation {'radio_id': 1
347	14:17:14: Orientation {'radio_id': 1
348	14:17:14: Position Data {'radio_id': 1
349	14:17:14: Orientation {'radio_id': 1
350	14:17:14: Orientation {'radio_id': 1
351	14:17:14: Position Data {'radio_id': 1
352	14:17:14: Orientation {'radio_id': 1
353	14:17:14: Alt Info & Cfg {'radio_id': 1
354	14:17:14: Pyro Info {'radio_id': 1
355	14:17:14: Line Cutter Data 1 {'radio_id': 1
356	14:17:15: Line Cutter Data 5 {'radio_id': 1
357	14:17:15: Position Data {'radio_id': 1
358	14:17:15: Orientation {'radio_id': 1
359	14:17:15: Position Data {'radio_id': 1
360	14:17:15: Orientation {'radio_id': 1
361	14:17:15: Position Data {'radio_id': 1
362	14:17:15: Orientation {'radio_id': 1
363	14:17:15: Position Data {'radio_id': 1
364	14:17:15: Orientation {'radio_id': 1
365	14:17:15: Position Data {'radio_id': 1
366	14:17:15: Pyro Info {'radio_id': 1
367	14:17:15: Line Cutter Data 1 {'radio_id': 1
368	14:17:16: Orientation {'radio_id': 1
369	14:17:16: Alt Info & Cfg {'radio_id': 1
370	14:17:16: Orientation {'radio_id': 1
371	14:17:16: Position Data {'radio_id': 1
372	14:17:16: Orientation {'radio_id': 1
373	14:17:16: Position Data {'radio_id': 1
374	14:17:16: Orientation {'radio_id': 1
375	14:17:16: Orientation {'radio_id': 1
376	14:17:16: Position Data {'radio_id': 1
377	14:17:16: Pyro Info {'radio_id': 1
378	14:17:16: Line Cutter Data 1 {'radio_id': 1
379	14:17:17: Line Cutter Data 5 {'radio_id': 1
380	14:17:17: Position Data {'radio_id': 1
381	14:17:17: Orientation {'radio_id': 1
382	14:17:17: Position Data {'radio_id': 1
383	14:17:17: Alt Info & Cfg {'radio_id': 1
384	14:17:17: Orientation {'radio_id': 1
385	14:17:17: Position Data {'radio_id': 1
386	14:17:17: Orientation {'radio_id': 1
387	14:17:17: Position Data {'radio_id': 1
388	14:17:17: Orientation {'radio_id': 1
389	14:17:17: Pyro Info {'radio_id': 1
390	14:17:17: Line Cutter Data 5 {'radio_id': 1
391	14:17:18: Position Data {'radio_id': 1
392	14:17:18: Orientation {'radio_id': 1
393	14:17:18: Position Data {'radio_id': 1
394	14:17:18: Orientation {'radio_id': 1
395	14:17:18: Position Data {'radio_id': 1
396	14:17:18: Alt Info & Cfg {'radio_id': 1
397	14:17:18: Orientation {'radio_id': 1
398	14:17:18: Position Data {'radio_id': 1
399	14:17:18: Orientation {'radio_id': 1
400	14:17:18: Position Data {'radio_id': 1
401	14:17:18: Pyro Info {'radio_id': 1
402	14:17:18: Line Cutter Data 1 {'radio_id': 1
403	14:17:19: Orientation {'radio_id': 1
404	14:17:19: Orientation {'radio_id': 1
405	14:17:19: Orientation {'radio_id': 1
406	14:17:19: Orientation {'radio_id': 1
407	14:17:19: Position Data {'radio_id': 1
408	14:17:19: Orientation {'radio_id': 1
409	14:17:19: Position Data {'radio_id': 1
410	14:17:19: Pyro Info {'radio_id': 1
411	14:17:20: Line Cutter Data 5 {'radio_id': 1
412	14:17:20: Position Data {'radio_id': 1
413	14:17:20: Orientation {'radio_id': 1
414	14:17:20: Position Data {'radio_id': 1
415	14:17:20: Orientation {'radio_id': 1
416	14:17:20: Position Data {'radio_id': 1
417	14:17:20: Orientation {'radio_id': 1
418	14:17:20: Position Data {'radio_id': 1
419	14:17:20: Orientation {'radio_id': 1
420	14:17:20: Position Data {'radio_id': 1
421	14:17:20: Pyro Info {'radio_id': 1
422	14:17:21: Line Cutter Data 5 {'radio_id': 1
423	14:17:21: Position Data {'radio_id': 1
424	14:17:21: Orientation {'radio_id': 1
425	14:17:21: Ground Station GPS {'gs_lat': 44.8250732421875
426	14:17:21: Orientation {'radio_id': 1
427	14:17:21: Position Data {'radio_id': 1
428	14:17:21: Line Cutter Vars 5 {'radio_id': 1
429	14:17:21: Position Data {'radio_id': 1
430	14:17:21: Orientation {'radio_id': 1
431	14:17:21: Pyro Info {'radio_id': 1
432	14:17:22: Orientation {'radio_id': 1
433	14:17:22: Position Data {'radio_id': 1
434	14:17:22: Orientation {'radio_id': 1
435	14:17:22: Position Data {'radio_id': 1
436	14:17:22: Orientation {'radio_id': 1
437	14:17:22: Position Data {'radio_id': 1
438	14:17:22: Orientation {'radio_id': 1
439	14:17:22: Position Data {'radio_id': 1
440	14:17:22: Orientation {'radio_id': 1
441	14:17:22: Pyro Info {'radio_id': 1
442	14:17:23: Orientation {'radio_id': 1
443	14:17:23: Position Data {'radio_id': 1
444	14:17:23: Orientation {'radio_id': 1
445	14:17:23: Position Data {'radio_id': 1
446	14:17:23: Orientation {'radio_id': 1
447	14:17:23: Alt Info & Cfg {'radio_id': 1
448	14:17:23: Orientation {'radio_id': 1
449	14:17:23: Orientation {'radio_id': 1
450	14:17:23: Position Data {'radio_id': 1
451	14:17:23: Line Cutter Data 1 {'radio_id': 1
452	14:17:24: Orientation {'radio_id': 1
453	14:17:24: Position Data {'radio_id': 1
454	14:17:24: Orientation {'radio_id': 1
455	14:17:24: Orientation {'radio_id': 1
456	14:17:24: Orientation {'radio_id': 1
457	14:17:24: Position Data {'radio_id': 1
458	14:17:24: Alt Info & Cfg {'radio_id': 1
459	14:17:24: Orientation {'radio_id': 1
460	14:17:24: Orientation {'radio_id': 1
461	14:17:25: Position Data {'radio_id': 1
462	14:17:25: Line Cutter Data 1 {'radio_id': 1
463	14:17:25: Line Cutter Data 5 {'radio_id': 1
464	14:17:25: Orientation {'radio_id': 1
465	14:17:25: Position Data {'radio_id': 1
466	14:17:25: Orientation {'radio_id': 1
467	14:17:25: Orientation {'radio_id': 1
468	14:17:25: Position Data {'radio_id': 1
469	14:17:25: Orientation {'radio_id': 1
470	14:17:25: Position Data {'radio_id': 1
471	14:17:25: Orientation {'radio_id': 1
472	14:17:26: Position Data {'radio_id': 1
473	14:17:26: Alt Info & Cfg {'radio_id': 1
474	14:17:26: Line Cutter Data 1 {'radio_id': 1
475	14:17:26: Orientation {'radio_id': 1
476	14:17:26: Position Data {'radio_id': 1
477	14:17:26: Orientation {'radio_id': 1
478	14:17:26: Position Data {'radio_id': 1
479	14:17:26: Orientation {'radio_id': 1
480	14:17:26: Position Data {'radio_id': 1
481	14:17:26: Orientation {'radio_id': 1
482	14:17:27: Orientation {'radio_id': 1
483	14:17:27: Position Data {'radio_id': 1
484	14:17:27: Pyro Info {'radio_id': 1
485	14:17:27: Line Cutter Data 5 {'radio_id': 1
486	14:17:27: Position Data {'radio_id': 1
487	14:17:27: Orientation {'radio_id': 1
488	14:17:27: Position Data {'radio_id': 1
489	14:17:27: Orientation {'radio_id': 1
490	14:17:27: Position Data {'radio_id': 1
491	14:17:27: Orientation {'radio_id': 1
492	14:17:27: Position Data {'radio_id': 1
493	14:17:28: Orientation {'radio_id': 1
494	14:17:28: Pyro Info {'radio_id': 1
495	14:17:28: Line Cutter Data 5 {'radio_id': 1
496	14:17:28: Position Data {'radio_id': 1
497	14:17:28: Orientation {'radio_id': 1
498	14:17:28: Position Data {'radio_id': 1
499	14:17:28: Alt Info & Cfg {'radio_id': 1
500	14:17:28: Orientation {'radio_id': 1
501	14:17:28: Position Data {'radio_id': 1
502	14:17:28: Orientation {'radio_id': 1
503	14:17:28: Position Data {'radio_id': 1
504	14:17:29: Orientation {'radio_id': 1
505	14:17:29: Pyro Info {'radio_id': 1
506	14:17:29: Line Cutter Data 1 {'radio_id': 1
507	14:17:29: Line Cutter Data 5 {'radio_id': 1
508	14:17:29: Position Data {'radio_id': 1
509	14:17:29: Orientation {'radio_id': 1
510	14:17:29: Position Data {'radio_id': 1
511	14:17:29: Orientation {'radio_id': 1
512	14:17:29: Position Data {'radio_id': 1
513	14:17:29: Orientation {'radio_id': 1
514	14:17:30: Orientation {'radio_id': 1
515	14:17:30: Pyro Info {'radio_id': 1
516	14:17:30: Line Cutter Data 5 {'radio_id': 1
517	14:17:30: Position Data {'radio_id': 1
518	14:17:30: Orientation {'radio_id': 1
519	14:17:30: Orientation {'radio_id': 1
520	14:17:30: Position Data {'radio_id': 1
521	14:17:30: Orientation {'radio_id': 1
522	14:17:30: Position Data {'radio_id': 1
523	14:17:30: Alt Info & Cfg {'radio_id': 1
524	14:17:31: Orientation {'radio_id': 1
525	14:17:31: Pyro Info {'radio_id': 1
526	14:17:31: Line Cutter Data 1 {'radio_id': 1
527	14:17:31: Line Cutter Data 5 {'radio_id': 1
528	14:17:31: Orientation {'radio_id': 1
529	14:17:31: Orientation {'radio_id': 1
530	14:17:31: Position Data {'radio_id': 1
531	14:17:31: Line Cutter Vars 1 {'radio_id': 1
532	14:17:31: Line Cutter Vars 5 {'radio_id': 1
533	14:17:31: Position Data {'radio_id': 1
534	14:17:31: Orientation {'radio_id': 1
535	14:17:32: Orientation {'radio_id': 1
536	14:17:32: Pyro Info {'radio_id': 1
537	14:17:32: Line Cutter Data 5 {'radio_id': 1
538	14:17:32: Orientation {'radio_id': 1
539	14:17:32: Position Data {'radio_id': 1
540	14:17:32: Orientation {'radio_id': 1
541	14:17:32: Position Data {'radio_id': 1
542	14:17:32: Orientation {'radio_id': 1
543	14:17:32: Position Data {'radio_id': 1
544	14:17:32: Orientation {'radio_id': 1
545	14:17:32: Position Data {'radio_id': 1
546	14:17:32: Orientation {'radio_id': 1
547	14:17:33: Position Data {'radio_id': 1
548	14:17:33: Pyro Info {'radio_id': 1
549	14:17:33: Line Cutter Data 5 {'radio_id': 1
550	14:17:33: Position Data {'radio_id': 1
551	14:17:33: Orientation {'radio_id': 1
552	14:17:33: Position Data {'radio_id': 1
553	14:17:33: Orientation {'radio_id': 1
554	14:17:33: Position Data {'radio_id': 1
555	14:17:33: Orientation {'radio_id': 1
556	14:17:33: Position Data {'radio_id': 1
557	14:17:33: Orientation {'radio_id': 1
558	14:17:34: Pyro Info {'radio_id': 1
559	14:17:34: Line Cutter Data 5 {'radio_id': 1
560	14:17:34: Position Data {'radio_id': 1
561	14:17:34: Orientation {'radio_id': 1
562	14:17:34: Position Data {'radio_id': 1
563	14:17:34: Orientation {'radio_id': 1
564	14:17:34: Position Data {'radio_id': 1
565	14:17:34: Alt Info & Cfg {'radio_id': 1
566	14:17:34: Orientation {'radio_id': 1
567	14:17:34: Orientation {'radio_id': 1
568	14:17:35: Position Data {'radio_id': 1
569	14:17:35: Line Cutter Data 1 {'radio_id': 1
570	14:17:35: Orientation {'radio_id': 1
571	14:17:35: Orientation {'radio_id': 1
572	14:17:35: Position Data {'radio_id': 1
573	14:17:35: Orientation {'radio_id': 1
574	14:17:35: Position Data {'radio_id': 1
575	14:17:35: Orientation {'radio_id': 1
576	14:17:35: Position Data {'radio_id': 1
577	14:17:35: Alt Info & Cfg {'radio_id': 1
578	14:17:35: Orientation {'radio_id': 1
579	14:17:36: Position Data {'radio_id': 1
580	14:17:36: Line Cutter Data 5 {'radio_id': 1
581	14:17:36: Position Data {'radio_id': 1
582	14:17:36: Orientation {'radio_id': 1
583	14:17:36: Position Data {'radio_id': 1
584	14:17:36: Orientation {'radio_id': 1
585	14:17:36: Position Data {'radio_id': 1
586	14:17:36: Orientation {'radio_id': 1
587	14:17:36: Position Data {'radio_id': 1
588	14:17:36: Orientation {'radio_id': 1
589	14:17:37: Position Data {'radio_id': 1
590	14:17:37: Alt Info & Cfg {'radio_id': 1
591	14:17:37: Orientation {'radio_id': 1
592	14:17:37: Position Data {'radio_id': 1
593	14:17:37: Pyro Info {'radio_id': 1
594	14:17:37: Line Cutter Data 5 {'radio_id': 1
595	14:17:37: Orientation {'radio_id': 1
596	14:17:37: Orientation {'radio_id': 1
597	14:17:37: Position Data {'radio_id': 1
598	14:17:37: Orientation {'radio_id': 1
599	14:17:37: Position Data {'radio_id': 1
600	14:17:38: Orientation {'radio_id': 1
601	14:17:38: Orientation {'radio_id': 1
602	14:17:38: Pyro Info {'radio_id': 1
603	14:17:38: Line Cutter Data 5 {'radio_id': 1
604	14:17:38: Position Data {'radio_id': 1
605	14:17:38: Orientation {'radio_id': 1
606	14:17:38: Position Data {'radio_id': 1
607	14:17:38: Orientation {'radio_id': 1
608	14:17:38: Position Data {'radio_id': 1
609	14:17:39: Orientation {'radio_id': 1
610	14:17:39: Orientation {'radio_id': 1
611	14:17:39: Ground Station GPS {'gs_lat': 44.8250732421875
612	14:17:39: Pyro Info {'radio_id': 1
613	14:17:39: Line Cutter Data 5 {'radio_id': 1
614	14:17:39: Orientation {'radio_id': 1
615	14:17:39: Position Data {'radio_id': 1
616	14:17:39: Orientation {'radio_id': 1
617	14:17:39: Position Data {'radio_id': 1
618	14:17:39: Alt Info & Cfg {'radio_id': 1
619	14:17:39: Orientation {'radio_id': 1
620	14:17:39: Orientation {'radio_id': 1
621	14:17:40: Position Data {'radio_id': 1
622	14:17:40: Orientation {'radio_id': 1
623	14:17:40: Position Data {'radio_id': 1
624	14:17:40: Line Cutter Data 1 {'radio_id': 1
625	14:17:40: Line Cutter Data 5 {'radio_id': 1
626	14:17:40: Orientation {'radio_id': 1
627	14:17:40: Orientation {'radio_id': 1
628	14:17:40: Orientation {'radio_id': 1
629	14:17:40: Position Data {'radio_id': 1
630	14:17:40: Alt Info & Cfg {'radio_id': 1
631	14:17:41: Orientation {'radio_id': 1
632	14:17:41: Orientation {'radio_id': 1
633	14:17:41: Position Data {'radio_id': 1
634	14:17:41: Ground Station GPS {'gs_lat': 44.8250732421875
635	14:17:41: Line Cutter Data 1 {'radio_id': 1
636	14:17:41: Line Cutter Data 5 {'radio_id': 1
637	14:17:41: Orientation {'radio_id': 1
638	14:17:41: Position Data {'radio_id': 1
639	14:17:41: Orientation {'radio_id': 1
640	14:17:41: Position Data {'radio_id': 1
641	14:17:41: Line Cutter Vars 5 {'radio_id': 1
642	14:17:41: Orientation {'radio_id': 1
643	14:17:41: Position Data {'radio_id': 1
644	14:17:41: Orientation {'radio_id': 1
645	14:17:42: Position Data {'radio_id': 1
646	14:17:42: Orientation {'radio_id': 1
647	14:17:42: Position Data {'radio_id': 1
648	14:17:42: Pyro Info {'radio_id': 1
649	14:17:42: Line Cutter Data 5 {'radio_id': 1
650	14:17:42: Orientation {'radio_id': 1
651	14:17:42: Orientation {'radio_id': 1
652	14:17:42: Position Data {'radio_id': 1
653	14:17:42: Orientation {'radio_id': 1
654	14:17:42: Position Data {'radio_id': 1
655	14:17:42: Orientation {'radio_id': 1
656	14:17:43: Position Data {'radio_id': 1
657	14:17:43: Orientation {'radio_id': 1
658	14:17:43: Position Data {'radio_id': 1
659	14:17:43: Line Cutter Data 1 {'radio_id': 1
660	14:17:43: Alt Info & Cfg {'radio_id': 1
661	14:17:43: Position Data {'radio_id': 1
662	14:17:43: Orientation {'radio_id': 1
663	14:17:43: Orientation {'radio_id': 1
664	14:17:43: Position Data {'radio_id': 1
665	14:17:43: Orientation {'radio_id': 1
666	14:17:44: Position Data {'radio_id': 1
667	14:17:44: Orientation {'radio_id': 1
668	14:17:44: Position Data {'radio_id': 1
669	14:17:44: Pyro Info {'radio_id': 1
670	14:17:44: Line Cutter Data 1 {'radio_id': 1
671	14:17:44: Line Cutter Data 5 {'radio_id': 1
672	14:17:44: Position Data {'radio_id': 1
673	14:17:44: Orientation {'radio_id': 1
674	14:17:44: Position Data {'radio_id': 1
675	14:17:44: Orientation {'radio_id': 1
676	14:17:44: Orientation {'radio_id': 1
677	14:17:45: Position Data {'radio_id': 1
678	14:17:45: Orientation {'radio_id': 1
679	14:17:45: Ground Station GPS {'gs_lat': 44.82506510416667
680	14:17:45: Pyro Info {'radio_id': 1
681	14:17:45: Line Cutter Data 1 {'radio_id': 1
682	14:17:45: Orientation {'radio_id': 1
683	14:17:45: Position Data {'radio_id': 1
684	14:17:45: Orientation {'radio_id': 1
685	14:17:45: Orientation {'radio_id': 1
686	14:17:45: Alt Info & Cfg {'radio_id': 1
687	14:17:46: Orientation {'radio_id': 1
688	14:17:46: Orientation {'radio_id': 1
689	14:17:46: Pyro Info {'radio_id': 1
690	14:17:46: Line Cutter Data 1 {'radio_id': 1
691	14:17:46: Line Cutter Data 5 {'radio_id': 1
692	14:17:46: Position Data {'radio_id': 1
693	14:17:46: Orientation {'radio_id': 1
694	14:17:46: Position Data {'radio_id': 1
695	14:17:46: Orientation {'radio_id': 1
696	14:17:46: Position Data {'radio_id': 1
697	14:17:46: Orientation {'radio_id': 1
698	14:17:47: Position Data {'radio_id': 1
699	14:17:47: Alt Info & Cfg {'radio_id': 1
700	14:17:47: Orientation {'radio_id': 1
701	14:17:47: Ground Station GPS {'gs_lat': 44.82506510416667
702	14:17:47: Pyro Info {'radio_id': 1
703	14:17:47: Line Cutter Data 5 {'radio_id': 1
704	14:17:47: Orientation {'radio_id': 1
705	14:17:47: Orientation {'radio_id': 1
706	14:17:47: Position Data {'radio_id': 1
707	14:17:47: Orientation {'radio_id': 1
708	14:17:47: Position Data {'radio_id': 1
709	14:17:48: Orientation {'radio_id': 1
710	14:17:48: Position Data {'radio_id': 1
711	14:17:48: Orientation {'radio_id': 1
712	14:17:48: Position Data {'radio_id': 1
713	14:17:48: Alt Info & Cfg {'radio_id': 1
714	14:17:48: Line Cutter Data 1 {'radio_id': 1
715	14:17:48: Line Cutter Data 5 {'radio_id': 1
716	14:17:48: Orientation {'radio_id': 1
717	14:17:48: Position Data {'radio_id': 1
718	14:17:48: Orientation {'radio_id': 1
719	14:17:48: Position Data {'radio_id': 1
720	14:17:48: Orientation {'radio_id': 1
721	14:17:48: Orientation {'radio_id': 1
722	14:17:49: Position Data {'radio_id': 1
723	14:17:49: Orientation {'radio_id': 1
724	14:17:49: Position Data {'radio_id': 1
725	14:17:49: Orientation {'radio_id': 1
726	14:17:49: Position Data {'radio_id': 1
727	14:17:49: Line Cutter Data 1 {'radio_id': 1
728	14:17:49: Line Cutter Data 5 {'radio_id': 1
729	14:17:49: Alt Info & Cfg {'radio_id': 1
730	14:17:49: Position Data {'radio_id': 1
731	14:17:49: Orientation {'radio_id': 1
732	14:17:50: Orientation {'radio_id': 1
733	14:17:50: Orientation {'radio_id': 1
734	14:17:50: Position Data {'radio_id': 1
735	14:17:50: Orientation {'radio_id': 1
736	14:17:50: Position Data {'radio_id': 1
737	14:17:50: Pyro Info {'radio_id': 1
738	14:17:50: Line Cutter Data 5 {'radio_id': 1
739	14:17:50: Position Data {'radio_id': 1
740	14:17:50: Orientation {'radio_id': 1
741	14:17:50: Position Data {'radio_id': 1
742	14:17:50: Alt Info & Cfg {'radio_id': 1
743	14:17:51: Orientation {'radio_id': 1
744	14:17:51: Orientation {'radio_id': 1
745	14:17:51: Position Data {'radio_id': 1
746	14:17:51: Orientation {'radio_id': 1
747	14:17:51: Pyro Info {'radio_id': 1
748	14:17:51: Line Cutter Data 5 {'radio_id': 1
749	14:17:51: Orientation {'radio_id': 1
750	14:17:51: Position Data {'radio_id': 1
751	14:17:51: Line Cutter Vars 5 {'radio_id': 1
752	14:17:51: Orientation {'radio_id': 1
753	14:17:52: Orientation {'radio_id': 1
754	14:17:52: Alt Info & Cfg {'radio_id': 1
755	14:17:52: Orientation {'radio_id': 1
756	14:17:52: Orientation {'radio_id': 1
757	14:17:52: Pyro Info {'radio_id': 1
758	14:17:52: Line Cutter Data 5 {'radio_id': 1
759	14:17:52: Position Data {'radio_id': 1
760	14:17:52: Orientation {'radio_id': 1
761	14:17:52: Position Data {'radio_id': 1
762	14:17:52: Orientation {'radio_id': 1
763	14:17:53: Position Data {'radio_id': 1
764	14:17:53: Orientation {'radio_id': 1
765	14:17:53: Position Data {'radio_id': 1
766	14:17:53: Ground Station GPS {'gs_lat': 44.82506510416667
767	14:17:53: Orientation {'radio_id': 1
768	14:17:53: Position Data {'radio_id': 1
769	14:17:53: Line Cutter Data 1 {'radio_id': 1
770	14:17:53: Line Cutter Data 5 {'radio_id': 1
771	14:17:53: Orientation {'radio_id': 1
772	14:17:53: Position Data {'radio_id': 1
773	14:17:53: Orientation {'radio_id': 1
774	14:17:53: Position Data {'radio_id': 1
775	14:17:54: Orientation {'radio_id': 1
776	14:17:54: Orientation {'radio_id': 1
777	14:17:54: Position Data {'radio_id': 1
778	14:17:54: Orientation {'radio_id': 1
779	14:17:54: Pyro Info {'radio_id': 1
780	14:17:54: Line Cutter Data 1 {'radio_id': 1
781	14:17:54: Alt Info & Cfg {'radio_id': 1
782	14:17:54: Orientation {'radio_id': 1
783	14:17:54: Position Data {'radio_id': 1
784	14:17:54: Orientation {'radio_id': 1
785	14:17:54: Position Data {'radio_id': 1
786	14:17:54: Orientation {'radio_id': 1
787	14:17:55: Position Data {'radio_id': 1
788	14:17:55: Orientation {'radio_id': 1
789	14:17:55: Position Data {'radio_id': 1
790	14:17:55: Ground Station GPS {'gs_lat': 44.82506510416667
791	14:17:55: Orientation {'radio_id': 1
792	14:17:55: Pyro Info {'radio_id': 1
793	14:17:55: Line Cutter Data 5 {'radio_id': 1
794	14:17:55: Orientation {'radio_id': 1
795	14:17:55: Position Data {'radio_id': 1
796	14:17:55: Orientation {'radio_id': 1
797	14:17:55: Position Data {'radio_id': 1
798	14:17:55: Orientation {'radio_id': 1
799	14:17:56: Position Data {'radio_id': 1
800	14:17:56: Orientation {'radio_id': 1
801	14:17:56: Position Data {'radio_id': 1
802	14:17:56: Orientation {'radio_id': 1
803	14:17:56: Pyro Info {'radio_id': 1
804	14:17:56: Line Cutter Data 5 {'radio_id': 1
805	14:17:56: Orientation {'radio_id': 1
806	14:17:56: Position Data {'radio_id': 1
807	14:17:56: Orientation {'radio_id': 1
808	14:17:56: Position Data {'radio_id': 1
809	14:17:57: Orientation {'radio_id': 1
810	14:17:57: Position Data {'radio_id': 1
811	14:17:57: Alt Info & Cfg {'radio_id': 1
812	14:17:57: Orientation {'radio_id': 1
813	14:17:57: Position Data {'radio_id': 1
814	14:17:57: Ground Station GPS {'gs_lat': 44.82506510416667
815	14:17:57: Orientation {'radio_id': 1
816	14:17:57: Pyro Info {'radio_id': 1
817	14:17:57: Line Cutter Data 1 {'radio_id': 1
818	14:17:57: Line Cutter Data 5 {'radio_id': 1
819	14:17:57: Orientation {'radio_id': 1
820	14:17:57: Position Data {'radio_id': 1
821	14:17:57: Orientation {'radio_id': 1
822	14:17:58: Orientation {'radio_id': 1
823	14:17:58: Orientation {'radio_id': 1
824	14:17:58: Alt Info & Cfg {'radio_id': 1
825	14:17:58: Orientation {'radio_id': 1
826	14:17:58: Position Data {'radio_id': 1
827	14:17:58: Pyro Info {'radio_id': 1
828	14:17:58: Line Cutter Data 5 {'radio_id': 1
829	14:17:58: Orientation {'radio_id': 1
830	14:17:58: Position Data {'radio_id': 1
831	14:17:58: Orientation {'radio_id': 1
832	14:17:58: Position Data {'radio_id': 1
833	14:17:59: Orientation {'radio_id': 1
834	14:17:59: Orientation {'radio_id': 1
835	14:17:59: Position Data {'radio_id': 1
836	14:17:59: Orientation {'radio_id': 1
837	14:17:59: Position Data {'radio_id': 1
838	14:17:59: Pyro Info {'radio_id': 1
839	14:17:59: Line Cutter Data 5 {'radio_id': 1
840	14:17:59: Orientation {'radio_id': 1
841	14:17:59: Position Data {'radio_id': 1
842	14:17:59: Orientation {'radio_id': 1
843	14:17:59: Position Data {'radio_id': 1
844	14:18:00: Orientation {'radio_id': 1
845	14:18:00: Position Data {'radio_id': 1
846	14:18:00: Orientation {'radio_id': 1
847	14:18:00: Position Data {'radio_id': 1
848	14:18:00: Orientation {'radio_id': 1
849	14:18:00: Position Data {'radio_id': 1
850	14:18:00: Pyro Info {'radio_id': 1
851	14:18:00: Line Cutter Data 1 {'radio_id': 1
852	14:18:00: Orientation {'radio_id': 1
853	14:18:00: Position Data {'radio_id': 1
854	14:18:00: Alt Info & Cfg {'radio_id': 1
855	14:18:00: Orientation {'radio_id': 1
856	14:18:00: Position Data {'radio_id': 1
857	14:18:01: Orientation {'radio_id': 1
858	14:18:01: Orientation {'radio_id': 1
859	14:18:01: Position Data {'radio_id': 1
860	14:18:01: Orientation {'radio_id': 1
861	14:18:01: Position Data {'radio_id': 1
862	14:18:01: Pyro Info {'radio_id': 1
863	14:18:01: Line Cutter Data 1 {'radio_id': 1
864	14:18:01: Line Cutter Data 5 {'radio_id': 1
865	14:18:01: Position Data {'radio_id': 1
866	14:18:01: Line Cutter Vars 1 {'radio_id': 1
867	14:18:01: Line Cutter Vars 5 {'radio_id': 1
868	14:18:01: Orientation {'radio_id': 1
869	14:18:01: Position Data {'radio_id': 1
870	14:18:01: Alt Info & Cfg {'radio_id': 1
871	14:18:01: Orientation {'radio_id': 1
872	14:18:02: Position Data {'radio_id': 1
873	14:18:02: Orientation {'radio_id': 1
874	14:18:02: Position Data {'radio_id': 1
875	14:18:02: Orientation {'radio_id': 1
876	14:18:02: Position Data {'radio_id': 1
877	14:18:02: Orientation {'radio_id': 1
878	14:18:02: Position Data {'radio_id': 1
879	14:18:02: Line Cutter Data 1 {'radio_id': 1
880	14:18:02: Line Cutter Data 5 {'radio_id': 1
881	14:18:02: Orientation {'radio_id': 1
882	14:18:02: Orientation {'radio_id': 1
883	14:18:03: Position Data {'radio_id': 1
884	14:18:03: Orientation {'radio_id': 1
885	14:18:03: Alt Info & Cfg {'radio_id': 1
886	14:18:03: Orientation {'radio_id': 1
887	14:18:03: Position Data {'radio_id': 1
888	14:18:03: Orientation {'radio_id': 1
889	14:18:03: Position Data {'radio_id': 1
890	14:18:03: Pyro Info {'radio_id': 1
891	14:18:03: Line Cutter Data 1 {'radio_id': 1
892	14:18:03: Orientation {'radio_id': 1
893	14:18:03: Position Data {'radio_id': 1
894	14:18:04: Orientation {'radio_id': 1
895	14:18:04: Position Data {'radio_id': 1
896	14:18:04: Orientation {'radio_id': 1
897	14:18:04: Position Data {'radio_id': 1
898	14:18:04: Orientation {'radio_id': 1
899	14:18:04: Position Data {'radio_id': 1
900	14:18:04: Orientation {'radio_id': 1
901	14:18:04: Position Data {'radio_id': 1
902	14:18:04: Line Cutter Data 1 {'radio_id': 1
903	14:18:04: Line Cutter Data 5 {'radio_id': 1
904	14:18:04: Orientation {'radio_id': 1
905	14:18:04: Orientation {'radio_id': 1
906	14:18:05: Position Data {'radio_id': 1
907	14:18:05: Orientation {'radio_id': 1
908	14:18:05: Ground Station GPS {'gs_lat': 44.82506510416667
909	14:18:05: Orientation {'radio_id': 1
910	14:18:05: Position Data {'radio_id': 1
911	14:18:05: Orientation {'radio_id': 1
912	14:18:05: Pyro Info {'radio_id': 1
913	14:18:05: Line Cutter Data 5 {'radio_id': 1
914	14:18:05: Alt Info & Cfg {'radio_id': 1
915	14:18:05: Position Data {'radio_id': 1
916	14:18:05: Orientation {'radio_id': 1
917	14:18:06: Position Data {'radio_id': 1
918	14:18:06: Orientation {'radio_id': 1
919	14:18:06: Orientation {'radio_id': 1
920	14:18:06: Orientation {'radio_id': 1
921	14:18:06: Pyro Info {'radio_id': 1
922	14:18:06: Line Cutter Data 1 {'radio_id': 1
923	14:18:06: Orientation {'radio_id': 1
924	14:18:06: Position Data {'radio_id': 1
925	14:18:06: Orientation {'radio_id': 1
926	14:18:07: Position Data {'radio_id': 1
927	14:18:07: Orientation {'radio_id': 1
928	14:18:07: Position Data {'radio_id': 1
929	14:18:07: Ground Station GPS {'gs_lat': 44.82506510416667
930	14:18:07: Orientation {'radio_id': 1
931	14:18:07: Orientation {'radio_id': 1
932	14:18:07: Position Data {'radio_id': 1
933	14:18:07: Pyro Info {'radio_id': 1
934	14:18:07: Line Cutter Data 1 {'radio_id': 1
935	14:18:07: Line Cutter Data 5 {'radio_id': 1
936	14:18:07: Position Data {'radio_id': 1
937	14:18:07: Orientation {'radio_id': 1
938	14:18:08: Position Data {'radio_id': 1
939	14:18:08: Orientation {'radio_id': 1
940	14:18:08: Alt Info & Cfg {'radio_id': 1
941	14:18:08: Orientation {'radio_id': 1
942	14:18:08: Orientation {'radio_id': 1
943	14:18:08: Position Data {'radio_id': 1
944	14:18:08: Line Cutter Data 1 {'radio_id': 1
945	14:18:08: Line Cutter Data 5 {'radio_id': 1
946	14:18:08: Orientation {'radio_id': 1
947	14:18:08: Orientation {'radio_id': 1
948	14:18:09: Position Data {'radio_id': 1
949	14:18:09: Orientation {'radio_id': 1
950	14:18:09: Ground Station GPS {'gs_lat': 44.82506510416667
951	14:18:09: Position Data {'radio_id': 1
952	14:18:09: Alt Info & Cfg {'radio_id': 1
953	14:18:09: Orientation {'radio_id': 1
954	14:18:09: Position Data {'radio_id': 1
955	14:18:09: Line Cutter Data 1 {'radio_id': 1
956	14:18:09: Orientation {'radio_id': 1
957	14:18:09: Orientation {'radio_id': 1
958	14:18:10: Position Data {'radio_id': 1
959	14:18:10: Orientation {'radio_id': 1
960	14:18:10: Position Data {'radio_id': 1
961	14:18:10: Orientation {'radio_id': 1
962	14:18:10: Position Data {'radio_id': 1
963	14:18:10: Orientation {'radio_id': 1
964	14:18:10: Position Data {'radio_id': 1
965	14:18:10: Alt Info & Cfg {'radio_id': 1
966	14:18:10: Line Cutter Data 1 {'radio_id': 1
967	14:18:10: Line Cutter Data 5 {'radio_id': 1
968	14:18:10: Orientation {'radio_id': 1
969	14:18:10: Orientation {'radio_id': 1
970	14:18:11: Position Data {'radio_id': 1
971	14:18:11: Orientation {'radio_id': 1
972	14:18:11: Position Data {'radio_id': 1
973	14:18:11: Ground Station GPS {'gs_lat': 44.82506510416667
974	14:18:11: Orientation {'radio_id': 1
975	14:18:11: Orientation {'radio_id': 1
976	14:18:11: Line Cutter Vars 1 {'radio_id': 1
977	14:18:11: Pyro Info {'radio_id': 1
978	14:18:11: Line Cutter Data 1 {'radio_id': 1
979	14:18:11: Orientation {'radio_id': 1
980	14:18:11: Position Data {'radio_id': 1
981	14:18:12: Alt Info & Cfg {'radio_id': 1
982	14:18:12: Orientation {'radio_id': 1
983	14:18:12: Orientation {'radio_id': 1
984	14:18:12: Position Data {'radio_id': 1
985	14:18:12: Orientation {'radio_id': 1
986	14:18:12: Position Data {'radio_id': 1
987	14:18:12: Orientation {'radio_id': 1
988	14:18:12: Position Data {'radio_id': 1
989	14:18:12: Pyro Info {'radio_id': 1
990	14:18:12: Line Cutter Data 1 {'radio_id': 1
991	14:18:12: Orientation {'radio_id': 1
992	14:18:12: Orientation {'radio_id': 1
993	14:18:13: Position Data {'radio_id': 1
994	14:18:13: Orientation {'radio_id': 1
995	14:18:13: Position Data {'radio_id': 1
996	14:18:13: Ground Station GPS {'gs_lat': 44.82506510416667
997	14:18:13: Orientation {'radio_id': 1
998	14:18:13: Position Data {'radio_id': 1
999	14:18:13: Orientation {'radio_id': 1
1000	14:18:13: Position Data {'radio_id': 1
1001	14:18:13: Pyro Info {'radio_id': 1
1002	14:18:13: Line Cutter Data 1 {'radio_id': 1
1003	14:18:13: Orientation {'radio_id': 1
1004	14:18:13: Orientation {'radio_id': 1
1005	14:18:14: Position Data {'radio_id': 1
1006	14:18:14: Orientation {'radio_id': 1
1007	14:18:14: Position Data {'radio_id': 1
1008	14:18:14: Orientation {'radio_id': 1
1009	14:18:14: Position Data {'radio_id': 1
1010	14:18:14: Orientation {'radio_id': 1
1011	14:18:14: Position Data {'radio_id': 1
1012	14:18:14: Line Cutter Data 1 {'radio_id': 1
1013	14:18:14: Orientation {'radio_id': 1
1014	14:18:14: Orientation {'radio_id': 1
1015	14:18:15: Position Data {'radio_id': 1
1016	14:18:15: Orientation {'radio_id': 1
1017	14:18:15: Position Data {'radio_id': 1
1018	14:18:15: Ground Station GPS {'gs_lat': 44.82506510416667
1019	14:18:15: Position Data {'radio_id': 1
1020	14:18:15: Orientation {'radio_id': 1
1021	14:18:15: Position Data {'radio_id': 1
1022	14:18:15: Pyro Info {'radio_id': 1
1023	14:18:15: Line Cutter Data 1 {'radio_id': 1
1024	14:18:15: Line Cutter Data 5 {'radio_id': 1
1025	14:18:15: Orientation {'radio_id': 1
1026	14:18:15: Position Data {'radio_id': 1
1027	14:18:16: Orientation {'radio_id': 1
1028	14:18:16: Position Data {'radio_id': 1
1029	14:18:16: Orientation {'radio_id': 1
1030	14:18:16: Orientation {'radio_id': 1
1031	14:18:16: Orientation {'radio_id': 1
1032	14:18:16: Position Data {'radio_id': 1
1033	14:18:16: Orientation {'radio_id': 1
1034	14:18:16: Position Data {'radio_id': 1
1035	14:18:16: Line Cutter Data 1 {'radio_id': 1
1036	14:18:17: Line Cutter Data 5 {'radio_id': 1
1037	14:18:17: Orientation {'radio_id': 1
1038	14:18:17: Orientation {'radio_id': 1
1039	14:18:17: Position Data {'radio_id': 1
1040	14:18:17: Ground Station GPS {'gs_lat': 44.82506510416667
1041	14:18:17: Orientation {'radio_id': 1
1042	14:18:17: Position Data {'radio_id': 1
1043	14:18:17: Orientation {'radio_id': 1
1044	14:18:17: Orientation {'radio_id': 1
1045	14:18:17: Pyro Info {'radio_id': 1
1046	14:18:17: Line Cutter Data 5 {'radio_id': 1
1047	14:18:18: Orientation {'radio_id': 1
1048	14:18:18: Position Data {'radio_id': 1
1049	14:18:18: Orientation {'radio_id': 1
1050	14:18:18: Orientation {'radio_id': 1
1051	14:18:18: Orientation {'radio_id': 1
1052	14:18:18: Position Data {'radio_id': 1
1053	14:18:18: Orientation {'radio_id': 1
1054	14:18:18: Pyro Info {'radio_id': 1
1055	14:18:18: Line Cutter Data 5 {'radio_id': 1
1056	14:18:19: Orientation {'radio_id': 1
1057	14:18:19: Position Data {'radio_id': 1
1058	14:18:19: Orientation {'radio_id': 1
1059	14:18:19: Position Data {'radio_id': 1
1060	14:18:19: Ground Station GPS {'gs_lat': 44.82506510416667
1061	14:18:19: Position Data {'radio_id': 1
1062	14:18:19: Orientation {'radio_id': 1
1063	14:18:19: Position Data {'radio_id': 1
1064	14:18:19: Orientation {'radio_id': 1
1065	14:18:19: Pyro Info {'radio_id': 1
1066	14:18:20: Line Cutter Data 5 {'radio_id': 1
1067	14:18:20: Position Data {'radio_id': 1
1068	14:18:20: Orientation {'radio_id': 1
1069	14:18:20: Position Data {'radio_id': 1
1070	14:18:20: Orientation {'radio_id': 1
1071	14:18:20: Position Data {'radio_id': 1
1072	14:18:20: Orientation {'radio_id': 1
1073	14:18:20: Alt Info & Cfg {'radio_id': 1
1074	14:18:20: Orientation {'radio_id': 1
1075	14:18:20: Position Data {'radio_id': 1
1076	14:18:20: Pyro Info {'radio_id': 1
1077	14:18:20: Line Cutter Data 1 {'radio_id': 1
1078	14:18:21: Orientation {'radio_id': 1
1079	14:18:21: Orientation {'radio_id': 1
1080	14:18:21: Ground Station GPS {'gs_lat': 44.82506510416667
1081	14:18:21: Orientation {'radio_id': 1
1082	14:18:21: Position Data {'radio_id': 1
1083	14:18:21: Orientation {'radio_id': 1
1084	14:18:21: Line Cutter Vars 1 {'radio_id': 1
1085	14:18:21: Line Cutter Vars 5 {'radio_id': 1
1086	14:18:21: Orientation {'radio_id': 1
1087	14:18:21: Position Data {'radio_id': 1
1088	14:18:21: Pyro Info {'radio_id': 1
1089	14:18:22: Line Cutter Data 5 {'radio_id': 1
1090	14:18:22: Position Data {'radio_id': 1
1091	14:18:22: Orientation {'radio_id': 1
1092	14:18:22: Position Data {'radio_id': 1
1093	14:18:22: Orientation {'radio_id': 1
1094	14:18:22: Orientation {'radio_id': 1
1095	14:18:22: Position Data {'radio_id': 1
1096	14:18:22: Orientation {'radio_id': 1
1097	14:18:22: Position Data {'radio_id': 1
1098	14:18:22: Pyro Info {'radio_id': 1
1099	14:18:22: Line Cutter Data 5 {'radio_id': 1
1100	14:18:23: Orientation {'radio_id': 1
1101	14:18:23: Alt Info & Cfg {'radio_id': 1
1102	14:18:23: Orientation {'radio_id': 1
1103	14:18:23: Position Data {'radio_id': 1
1104	14:18:23: Ground Station GPS {'gs_lat': 44.82506510416667
1105	14:18:23: Orientation {'radio_id': 1
1106	14:18:23: Position Data {'radio_id': 1
1107	14:18:23: Orientation {'radio_id': 1
1108	14:18:23: Position Data {'radio_id': 1
1109	14:18:23: Orientation {'radio_id': 1
1110	14:18:23: Position Data {'radio_id': 1
1111	14:18:23: Pyro Info {'radio_id': 1
1112	14:18:23: Line Cutter Data 1 {'radio_id': 1
1113	14:18:24: Line Cutter Data 5 {'radio_id': 1
1114	14:18:24: Position Data {'radio_id': 1
1115	14:18:24: Orientation {'radio_id': 1
1116	14:18:24: Alt Info & Cfg {'radio_id': 1
1117	14:18:24: Orientation {'radio_id': 1
1118	14:18:24: Position Data {'radio_id': 1
1119	14:18:24: Orientation {'radio_id': 1
1120	14:18:24: Orientation {'radio_id': 1
1121	14:18:24: Position Data {'radio_id': 1
1122	14:18:24: Pyro Info {'radio_id': 1
1123	14:18:24: Line Cutter Data 1 {'radio_id': 1
1124	14:18:25: Orientation {'radio_id': 1
1125	14:18:25: Orientation {'radio_id': 1
1126	14:18:25: Ground Station GPS {'gs_lat': 44.82506510416667
1127	14:18:25: Orientation {'radio_id': 1
1128	14:18:25: Alt Info & Cfg {'radio_id': 1
1129	14:18:25: Orientation {'radio_id': 1
1130	14:18:25: Position Data {'radio_id': 1
1131	14:18:25: Orientation {'radio_id': 1
1132	14:18:25: Position Data {'radio_id': 1
1133	14:18:25: Pyro Info {'radio_id': 1
1134	14:18:25: Line Cutter Data 1 {'radio_id': 1
1135	14:18:25: Line Cutter Data 5 {'radio_id': 1
1136	14:18:26: Orientation {'radio_id': 1
1137	14:18:26: Position Data {'radio_id': 1
1138	14:18:26: Orientation {'radio_id': 1
1139	14:18:26: Position Data {'radio_id': 1
1140	14:18:26: Orientation {'radio_id': 1
1141	14:18:26: Orientation {'radio_id': 1
1142	14:18:26: Position Data {'radio_id': 1
1143	14:18:26: Orientation {'radio_id': 1
1144	14:18:26: Position Data {'radio_id': 1
1145	14:18:26: Alt Info & Cfg {'radio_id': 1
1146	14:18:26: Pyro Info {'radio_id': 1
1147	14:18:27: Line Cutter Data 5 {'radio_id': 1
1148	14:18:27: Orientation {'radio_id': 1
1149	14:18:27: Orientation {'radio_id': 1
1150	14:18:27: Position Data {'radio_id': 1
1151	14:18:27: Ground Station GPS {'gs_lat': 44.82506510416667
1152	14:18:27: Orientation {'radio_id': 1
1153	14:18:27: Orientation {'radio_id': 1
1154	14:18:27: Orientation {'radio_id': 1
1155	14:18:27: Position Data {'radio_id': 1
1156	14:18:27: Pyro Info {'radio_id': 1
1157	14:18:27: Line Cutter Data 1 {'radio_id': 1
1158	14:18:28: Orientation {'radio_id': 1
1159	14:18:28: Position Data {'radio_id': 1
1160	14:18:28: Orientation {'radio_id': 1
1161	14:18:28: Position Data {'radio_id': 1
1162	14:18:28: Orientation {'radio_id': 1
1163	14:18:28: Position Data {'radio_id': 1
1164	14:18:28: Orientation {'radio_id': 1
1165	14:18:28: Position Data {'radio_id': 1
1166	14:18:28: Orientation {'radio_id': 1
1167	14:18:28: Position Data {'radio_id': 1
1168	14:18:28: Orientation {'radio_id': 1
1169	14:18:29: Position Data {'radio_id': 1
1170	14:18:29: Pyro Info {'radio_id': 1
1171	14:18:29: Line Cutter Data 1 {'radio_id': 1
1172	14:18:29: Line Cutter Data 5 {'radio_id': 1
1173	14:18:29: Position Data {'radio_id': 1
1174	14:18:29: Ground Station GPS {'gs_lat': 44.82506510416667
1175	14:18:29: Position Data {'radio_id': 1
1176	14:18:29: Orientation {'radio_id': 1
1177	14:18:29: Orientation {'radio_id': 1
1178	14:18:29: Position Data {'radio_id': 1
1179	14:18:29: Orientation {'radio_id': 1
1180	14:18:30: Position Data {'radio_id': 1
1181	14:18:30: Pyro Info {'radio_id': 1
1182	14:18:30: Line Cutter Data 1 {'radio_id': 1
1183	14:18:30: Orientation {'radio_id': 1
1184	14:18:30: Orientation {'radio_id': 1
1185	14:18:30: Alt Info & Cfg {'radio_id': 1
1186	14:18:30: Orientation {'radio_id': 1
1187	14:18:30: Position Data {'radio_id': 1
1188	14:18:30: Orientation {'radio_id': 1
1189	14:18:30: Position Data {'radio_id': 1
1190	14:18:31: Orientation {'radio_id': 1
1191	14:18:31: Position Data {'radio_id': 1
1192	14:18:31: Line Cutter Data 1 {'radio_id': 1
1193	14:18:31: Orientation {'radio_id': 1
1194	14:18:31: Ground Station GPS {'gs_lat': 44.82506510416667
1195	14:18:31: Orientation {'radio_id': 1
1196	14:18:31: Orientation {'radio_id': 1
1197	14:18:31: Position Data {'radio_id': 1
1198	14:18:31: Line Cutter Vars 1 {'radio_id': 1
1199	14:18:31: Alt Info & Cfg {'radio_id': 1
1200	14:18:31: Position Data {'radio_id': 1
1201	14:18:32: Orientation {'radio_id': 1
1202	14:18:32: Position Data {'radio_id': 1
1203	14:18:32: Line Cutter Data 1 {'radio_id': 1
1204	14:18:32: Line Cutter Data 5 {'radio_id': 1
1205	14:18:32: Orientation {'radio_id': 1
1206	14:18:32: Position Data {'radio_id': 1
1207	14:18:32: Orientation {'radio_id': 1
1208	14:18:32: Position Data {'radio_id': 1
1209	14:18:32: Orientation {'radio_id': 1
1210	14:18:32: Position Data {'radio_id': 1
1211	14:18:32: Orientation {'radio_id': 1
1212	14:18:32: Position Data {'radio_id': 1
1213	14:18:32: Alt Info & Cfg {'radio_id': 1
1214	14:18:33: Orientation {'radio_id': 1
1215	14:18:33: Pyro Info {'radio_id': 1
1216	14:18:33: Line Cutter Data 1 {'radio_id': 1
1217	14:18:33: Orientation {'radio_id': 1
1218	14:18:33: Orientation {'radio_id': 1
1219	14:18:33: Position Data {'radio_id': 1
1220	14:18:33: Orientation {'radio_id': 1
1221	14:18:33: Position Data {'radio_id': 1
1222	14:18:33: Orientation {'radio_id': 1
1223	14:18:33: Position Data {'radio_id': 1
1224	14:18:33: Orientation {'radio_id': 1
1225	14:18:34: Position Data {'radio_id': 1
1226	14:18:34: Pyro Info {'radio_id': 1
1227	14:18:34: Line Cutter Data 5 {'radio_id': 1
1228	14:18:34: Orientation {'radio_id': 1
1229	14:18:34: Alt Info & Cfg {'radio_id': 1
1230	14:18:34: Orientation {'radio_id': 1
1231	14:18:34: Position Data {'radio_id': 1
1232	14:18:34: Orientation {'radio_id': 1
1233	14:18:34: Position Data {'radio_id': 1
1234	14:18:34: Orientation {'radio_id': 1
1235	14:18:34: Orientation {'radio_id': 1
1236	14:18:35: Position Data {'radio_id': 1
1237	14:18:35: Pyro Info {'radio_id': 1
1238	14:18:35: Line Cutter Data 5 {'radio_id': 1
1239	14:18:35: Orientation {'radio_id': 1
1240	14:18:35: Position Data {'radio_id': 1
1241	14:18:35: Orientation {'radio_id': 1
1242	14:18:35: Alt Info & Cfg {'radio_id': 1
1243	14:18:35: Orientation {'radio_id': 1
1244	14:18:35: Position Data {'radio_id': 1
1245	14:18:35: Orientation {'radio_id': 1
1246	14:18:35: Position Data {'radio_id': 1
1247	14:18:36: Orientation {'radio_id': 1
1248	14:18:36: Pyro Info {'radio_id': 1
1249	14:18:36: Line Cutter Data 1 {'radio_id': 1
1250	14:18:36: Line Cutter Data 5 {'radio_id': 1
1251	14:18:36: Position Data {'radio_id': 1
1252	14:18:36: Orientation {'radio_id': 1
1253	14:18:36: Position Data {'radio_id': 1
1254	14:18:36: Orientation {'radio_id': 1
1255	14:18:36: Position Data {'radio_id': 1
1256	14:18:36: Alt Info & Cfg {'radio_id': 1
1257	14:18:36: Orientation {'radio_id': 1
1258	14:18:36: Position Data {'radio_id': 1
1259	14:18:36: Orientation {'radio_id': 1
1260	14:18:37: Position Data {'radio_id': 1
1261	14:18:37: Pyro Info {'radio_id': 1
1262	14:18:37: Line Cutter Data 1 {'radio_id': 1
1263	14:18:37: Line Cutter Data 5 {'radio_id': 1
1264	14:18:37: Position Data {'radio_id': 1
1265	14:18:37: Orientation {'radio_id': 1
1266	14:18:37: Position Data {'radio_id': 1
1267	14:18:37: Orientation {'radio_id': 1
1268	14:18:37: Orientation {'radio_id': 1
1269	14:18:37: Position Data {'radio_id': 1
1270	14:18:37: Alt Info & Cfg {'radio_id': 1
1271	14:18:37: Orientation {'radio_id': 1
1272	14:18:38: Position Data {'radio_id': 1
1273	14:18:38: Line Cutter Data 1 {'radio_id': 1
1274	14:18:38: Line Cutter Data 5 {'radio_id': 1
1275	14:18:38: Position Data {'radio_id': 1
1276	14:18:38: Orientation {'radio_id': 1
1277	14:18:38: Position Data {'radio_id': 1
1278	14:18:38: Orientation {'radio_id': 1
1279	14:18:38: Orientation {'radio_id': 1
1280	14:18:38: Position Data {'radio_id': 1
1281	14:18:38: Orientation {'radio_id': 1
1282	14:18:39: Position Data {'radio_id': 1
1283	14:18:39: Orientation {'radio_id': 1
1284	14:18:39: Position Data {'radio_id': 1
1285	14:18:39: Alt Info & Cfg {'radio_id': 1
1286	14:18:39: Pyro Info {'radio_id': 1
1287	14:18:39: Line Cutter Data 1 {'radio_id': 1
1288	14:18:39: Orientation {'radio_id': 1
1289	14:18:39: Position Data {'radio_id': 1
1290	14:18:39: Orientation {'radio_id': 1
1291	14:18:39: Position Data {'radio_id': 1
1292	14:18:39: Orientation {'radio_id': 1
1293	14:18:39: Position Data {'radio_id': 1
1294	14:18:39: Orientation {'radio_id': 1
1295	14:18:40: Position Data {'radio_id': 1
1296	14:18:40: Orientation {'radio_id': 1
1297	14:18:40: Position Data {'radio_id': 1
1298	14:18:40: Pyro Info {'radio_id': 1
1299	14:18:40: Line Cutter Data 5 {'radio_id': 1
1300	14:18:40: Orientation {'radio_id': 1
1301	14:18:40: Alt Info & Cfg {'radio_id': 1
1302	14:18:40: Orientation {'radio_id': 1
1303	14:18:40: Orientation {'radio_id': 1
1304	14:18:40: Position Data {'radio_id': 1
1305	14:18:41: Orientation {'radio_id': 1
1306	14:18:41: Position Data {'radio_id': 1
1307	14:18:41: Orientation {'radio_id': 1
1308	14:18:41: Position Data {'radio_id': 1
1309	14:18:41: Pyro Info {'radio_id': 1
1310	14:18:41: Line Cutter Data 1 {'radio_id': 1
1311	14:18:41: Orientation {'radio_id': 1
1312	14:18:41: Position Data {'radio_id': 1
1313	14:18:41: Orientation {'radio_id': 1
1314	14:18:41: Position Data {'radio_id': 1
1315	14:18:41: Line Cutter Vars 5 {'radio_id': 1
1316	14:18:41: Orientation {'radio_id': 1
1317	14:18:41: Orientation {'radio_id': 1
1318	14:18:42: Position Data {'radio_id': 1
1319	14:18:42: Orientation {'radio_id': 1
1320	14:18:42: Position Data {'radio_id': 1
1321	14:18:42: Line Cutter Data 1 {'radio_id': 1
1322	14:18:42: Line Cutter Data 5 {'radio_id': 1
1323	14:18:42: Orientation {'radio_id': 1
1324	14:18:42: Position Data {'radio_id': 1
1325	14:18:42: Orientation {'radio_id': 1
1326	14:18:42: Position Data {'radio_id': 1
1327	14:18:42: Orientation {'radio_id': 1
1328	14:18:42: Position Data {'radio_id': 1
1329	14:18:42: Orientation {'radio_id': 1
1330	14:18:43: Position Data {'radio_id': 1
1331	14:18:43: Orientation {'radio_id': 1
1332	14:18:43: Position Data {'radio_id': 1
1333	14:18:43: Pyro Info {'radio_id': 1
1334	14:18:43: Line Cutter Data 5 {'radio_id': 1
1335	14:18:43: Position Data {'radio_id': 1
1336	14:18:43: Orientation {'radio_id': 1
1337	14:18:43: Orientation {'radio_id': 1
1338	14:18:43: Position Data {'radio_id': 1
1339	14:18:44: Orientation {'radio_id': 1
1340	14:18:44: Alt Info & Cfg {'radio_id': 1
1341	14:18:44: Orientation {'radio_id': 1
1342	14:18:44: Position Data {'radio_id': 1
1343	14:18:44: Line Cutter Data 1 {'radio_id': 1
1344	14:18:44: Orientation {'radio_id': 1
1345	14:18:44: Orientation {'radio_id': 1
1346	14:18:44: Position Data {'radio_id': 1
1347	14:18:44: Orientation {'radio_id': 1
1348	14:18:44: Position Data {'radio_id': 1
1349	14:18:45: Orientation {'radio_id': 1
1350	14:18:45: Position Data {'radio_id': 1
1351	14:18:45: Orientation {'radio_id': 1
1352	14:18:45: Position Data {'radio_id': 1
1353	14:18:45: Line Cutter Data 1 {'radio_id': 1
1354	14:18:45: Line Cutter Data 5 {'radio_id': 1
1355	14:18:45: Ground Station GPS {'gs_lat': 44.82506510416667
1356	14:18:45: Position Data {'radio_id': 1
1357	14:18:45: Alt Info & Cfg {'radio_id': 1
1358	14:18:45: Orientation {'radio_id': 1
1359	14:18:45: Position Data {'radio_id': 1
1360	14:18:45: Orientation {'radio_id': 1
1361	14:18:45: Position Data {'radio_id': 1
1362	14:18:46: Orientation {'radio_id': 1
1363	14:18:46: Orientation {'radio_id': 1
1364	14:18:46: Pyro Info {'radio_id': 1
1365	14:18:46: Line Cutter Data 5 {'radio_id': 1
1366	14:18:46: Orientation {'radio_id': 1
1367	14:18:46: Position Data {'radio_id': 1
1368	14:18:46: Orientation {'radio_id': 1
1369	14:18:46: Position Data {'radio_id': 1
1370	14:18:46: Alt Info & Cfg {'radio_id': 1
1371	14:18:46: Orientation {'radio_id': 1
1372	14:18:47: Orientation {'radio_id': 1
1373	14:18:47: Orientation {'radio_id': 1
1374	14:18:47: Pyro Info {'radio_id': 1
1375	14:18:47: Line Cutter Data 5 {'radio_id': 1
1376	14:18:47: Position Data {'radio_id': 1
1377	14:18:47: Orientation {'radio_id': 1
1378	14:18:47: Position Data {'radio_id': 1
1379	14:18:47: Orientation {'radio_id': 1
1380	14:18:47: Position Data {'radio_id': 1
1381	14:18:47: Orientation {'radio_id': 1
1382	14:18:48: Position Data {'radio_id': 1
1383	14:18:48: Orientation {'radio_id': 1
1384	14:18:48: Pyro Info {'radio_id': 1
1385	14:18:48: Line Cutter Data 5 {'radio_id': 1
1386	14:18:48: Orientation {'radio_id': 1
1387	14:18:48: Position Data {'radio_id': 1
1388	14:18:48: Orientation {'radio_id': 1
1389	14:18:48: Position Data {'radio_id': 1
1390	14:18:48: Orientation {'radio_id': 1
1391	14:18:48: Position Data {'radio_id': 1
1392	14:18:49: Orientation {'radio_id': 1
1393	14:18:49: Position Data {'radio_id': 1
1394	14:18:49: Orientation {'radio_id': 1
1395	14:18:49: Position Data {'radio_id': 1
1396	14:18:49: Line Cutter Data 1 {'radio_id': 1
1397	14:18:49: Orientation {'radio_id': 1
1398	14:18:49: Orientation {'radio_id': 1
1399	14:18:49: Position Data {'radio_id': 1
1400	14:18:49: Orientation {'radio_id': 1
1401	14:18:49: Position Data {'radio_id': 1
1402	14:18:50: Orientation {'radio_id': 1
1403	14:18:50: Orientation {'radio_id': 1
1404	14:18:50: Position Data {'radio_id': 1
1405	14:18:50: Alt Info & Cfg {'radio_id': 1
1406	14:18:50: Pyro Info {'radio_id': 1
1407	14:18:50: Line Cutter Data 1 {'radio_id': 1
1408	14:18:50: Line Cutter Data 5 {'radio_id': 1
1409	14:18:50: Orientation {'radio_id': 1
1410	14:18:50: Position Data {'radio_id': 1
1411	14:18:50: Orientation {'radio_id': 1
1412	14:18:50: Orientation {'radio_id': 1
1413	14:18:50: Position Data {'radio_id': 1
1414	14:18:50: Orientation {'radio_id': 1
1415	14:18:51: Position Data {'radio_id': 1
1416	14:18:51: Orientation {'radio_id': 1
1417	14:18:51: Position Data {'radio_id': 1
1418	14:18:51: Pyro Info {'radio_id': 1
1419	14:18:51: Line Cutter Data 1 {'radio_id': 1
1420	14:18:51: Line Cutter Data 5 {'radio_id': 1
1421	14:18:51: Orientation {'radio_id': 1
1422	14:18:52: Orientation {'radio_id': 1
1423	14:18:52: Position Data {'radio_id': 1
1424	14:18:52: Alt Info & Cfg {'radio_id': 1
1425	14:18:52: Line Cutter Vars 5 {'radio_id': 1
1426	14:18:52: Position Data {'radio_id': 1
1427	14:18:52: Orientation {'radio_id': 1
1428	14:18:52: Position Data {'radio_id': 1
1429	14:18:52: Line Cutter Data 1 {'radio_id': 1
1430	14:18:52: Orientation {'radio_id': 1
1431	14:18:52: Orientation {'radio_id': 1
1432	14:18:53: Orientation {'radio_id': 1
1433	14:18:53: Orientation {'radio_id': 1
1434	14:18:53: Position Data {'radio_id': 1
1435	14:18:53: Alt Info & Cfg {'radio_id': 1
1436	14:18:53: Orientation {'radio_id': 1
1437	14:18:53: Ground Station GPS {'gs_lat': 44.82506510416667
1438	14:18:53: Pyro Info {'radio_id': 1
1439	14:18:53: Line Cutter Data 1 {'radio_id': 1
1440	14:18:53: Line Cutter Data 5 {'radio_id': 1
1441	14:18:53: Orientation {'radio_id': 1
1442	14:18:53: Position Data {'radio_id': 1
1443	14:18:53: Orientation {'radio_id': 1
1444	14:18:53: Position Data {'radio_id': 1
1445	14:18:54: Orientation {'radio_id': 1
1446	14:18:54: Orientation {'radio_id': 1
1447	14:18:54: Position Data {'radio_id': 1
1448	14:18:54: Orientation {'radio_id': 1
1449	14:18:54: Position Data {'radio_id': 1
1450	14:18:54: Pyro Info {'radio_id': 1
1451	14:18:54: Line Cutter Data 1 {'radio_id': 1
1452	14:18:54: Alt Info & Cfg {'radio_id': 1
1453	14:18:54: Position Data {'radio_id': 1
1454	14:18:54: Orientation {'radio_id': 1
1455	14:18:55: Orientation {'radio_id': 1
1456	14:18:55: Orientation {'radio_id': 1
1457	14:18:55: Orientation {'radio_id': 1
1458	14:18:55: Position Data {'radio_id': 1
1459	14:18:55: Pyro Info {'radio_id': 1
1460	14:18:55: Line Cutter Data 1 {'radio_id': 1
1461	14:18:55: Line Cutter Data 5 {'radio_id': 1
1462	14:18:55: Position Data {'radio_id': 1
1463	14:18:55: Orientation {'radio_id': 1
1464	14:18:55: Position Data {'radio_id': 1
1465	14:18:55: Orientation {'radio_id': 1
1466	14:18:56: Position Data {'radio_id': 1
1467	14:18:56: Orientation {'radio_id': 1
1468	14:18:56: Position Data {'radio_id': 1
1469	14:18:56: Orientation {'radio_id': 1
1470	14:18:56: Pyro Info {'radio_id': 1
1471	14:18:56: Line Cutter Data 1 {'radio_id': 1
1472	14:18:56: Line Cutter Data 5 {'radio_id': 1
1473	14:18:56: Position Data {'radio_id': 1
1474	14:18:56: Orientation {'radio_id': 1
1475	14:18:57: Orientation {'radio_id': 1
1476	14:18:57: Position Data {'radio_id': 1
1477	14:18:57: Orientation {'radio_id': 1
1478	14:18:57: Position Data {'radio_id': 1
1479	14:18:57: Orientation {'radio_id': 1
1480	14:18:57: Position Data {'radio_id': 1
1481	14:18:57: Pyro Info {'radio_id': 1
1482	14:18:57: Line Cutter Data 1 {'radio_id': 1
1483	14:18:57: Line Cutter Data 5 {'radio_id': 1
1484	14:18:57: Orientation {'radio_id': 1
1485	14:18:57: Position Data {'radio_id': 1
1486	14:18:57: Orientation {'radio_id': 1
1487	14:18:58: Orientation {'radio_id': 1
1488	14:18:58: Position Data {'radio_id': 1
1489	14:18:58: Orientation {'radio_id': 1
1490	14:18:58: Alt Info & Cfg {'radio_id': 1
1491	14:18:58: Orientation {'radio_id': 1
1492	14:18:58: Position Data {'radio_id': 1
1493	14:18:58: Pyro Info {'radio_id': 1
1494	14:18:58: Line Cutter Data 1 {'radio_id': 1
1495	14:18:58: Line Cutter Data 5 {'radio_id': 1
1496	14:18:58: Position Data {'radio_id': 1
1497	14:18:58: Orientation {'radio_id': 1
1498	14:18:58: Position Data {'radio_id': 1
1499	14:18:59: Orientation {'radio_id': 1
1500	14:18:59: Orientation {'radio_id': 1
1501	14:18:59: Position Data {'radio_id': 1
1502	14:18:59: Orientation {'radio_id': 1
1503	14:18:59: Position Data {'radio_id': 1
1504	14:18:59: Pyro Info {'radio_id': 1
1505	14:18:59: Line Cutter Data 5 {'radio_id': 1
1506	14:18:59: Orientation {'radio_id': 1
1507	14:18:59: Position Data {'radio_id': 1
1508	14:18:59: Orientation {'radio_id': 1
1509	14:18:59: Position Data {'radio_id': 1
1510	14:19:00: Orientation {'radio_id': 1
1511	14:19:00: Position Data {'radio_id': 1
1512	14:19:00: Orientation {'radio_id': 1
1513	14:19:00: Position Data {'radio_id': 1
1514	14:19:00: Orientation {'radio_id': 1
1515	14:19:00: Position Data {'radio_id': 1
1516	14:19:00: Line Cutter Data 1 {'radio_id': 1
1517	14:19:00: Orientation {'radio_id': 1
1518	14:19:00: Position Data {'radio_id': 1
1519	14:19:00: Orientation {'radio_id': 1
1520	14:19:00: Position Data {'radio_id': 1
1521	14:19:00: Orientation {'radio_id': 1
1522	14:19:01: Position Data {'radio_id': 1
1523	14:19:01: Orientation {'radio_id': 1
1524	14:19:01: Position Data {'radio_id': 1
1525	14:19:01: Orientation {'radio_id': 1
1526	14:19:01: Position Data {'radio_id': 1
1527	14:19:01: Pyro Info {'radio_id': 1
1528	14:19:01: Line Cutter Data 5 {'radio_id': 1
1529	14:19:01: Position Data {'radio_id': 1
1530	14:19:01: Orientation {'radio_id': 1
1531	14:19:01: Position Data {'radio_id': 1
1532	14:19:02: Orientation {'radio_id': 1
1533	14:19:02: Line Cutter Vars 1 {'radio_id': 1
1534	14:19:02: Line Cutter Vars 5 {'radio_id': 1
1535	14:19:02: Orientation {'radio_id': 1
1536	14:19:02: Position Data {'radio_id': 1
1537	14:19:02: Orientation {'radio_id': 1
1538	14:19:02: Position Data {'radio_id': 1
1539	14:19:02: Line Cutter Data 1 {'radio_id': 1
1540	14:19:02: Line Cutter Data 5 {'radio_id': 1
1541	14:19:02: Position Data {'radio_id': 1
1542	14:19:02: Orientation {'radio_id': 1
1543	14:19:02: Position Data {'radio_id': 1
1544	14:19:02: Orientation {'radio_id': 1
1545	14:19:03: Position Data {'radio_id': 1
1546	14:19:03: Orientation {'radio_id': 1
1547	14:19:03: Position Data {'radio_id': 1
1548	14:19:03: Orientation {'radio_id': 1
1549	14:19:03: Ground Station GPS {'gs_lat': 44.82506510416667
1550	14:19:03: Pyro Info {'radio_id': 1
1551	14:19:03: Line Cutter Data 5 {'radio_id': 1
1552	14:19:03: Orientation {'radio_id': 1
1553	14:19:03: Position Data {'radio_id': 1
1554	14:19:03: Orientation {'radio_id': 1
1555	14:19:03: Position Data {'radio_id': 1
1556	14:19:04: Orientation {'radio_id': 1
1557	14:19:04: Position Data {'radio_id': 1
1558	14:19:04: Orientation {'radio_id': 1
1559	14:19:04: Position Data {'radio_id': 1
1560	14:19:04: Orientation {'radio_id': 1
1561	14:19:04: Position Data {'radio_id': 1
1562	14:19:04: Alt Info & Cfg {'radio_id': 1
1563	14:19:04: Pyro Info {'radio_id': 1
1564	14:19:04: Line Cutter Data 1 {'radio_id': 1
1565	14:19:04: Orientation {'radio_id': 1
1566	14:19:04: Position Data {'radio_id': 1
1567	14:19:04: Orientation {'radio_id': 1
1568	14:19:04: Position Data {'radio_id': 1
1569	14:19:04: Orientation {'radio_id': 1
1570	14:19:05: Position Data {'radio_id': 1
1571	14:19:05: Orientation {'radio_id': 1
1572	14:19:05: Orientation {'radio_id': 1
1573	14:19:05: Position Data {'radio_id': 1
1574	14:19:05: Orientation {'radio_id': 1
1575	14:19:05: Position Data {'radio_id': 1
1576	14:19:05: Pyro Info {'radio_id': 1
1577	14:19:05: Line Cutter Data 5 {'radio_id': 1
1578	14:19:05: Alt Info & Cfg {'radio_id': 1
1579	14:19:05: Position Data {'radio_id': 1
1580	14:19:06: Orientation {'radio_id': 1
1581	14:19:06: Orientation {'radio_id': 1
1582	14:19:06: Position Data {'radio_id': 1
1583	14:19:06: Orientation {'radio_id': 1
1584	14:19:06: Orientation {'radio_id': 1
1585	14:19:06: Position Data {'radio_id': 1
1586	14:19:06: Line Cutter Data 1 {'radio_id': 1
1587	14:19:06: Line Cutter Data 5 {'radio_id': 1
1588	14:19:06: Position Data {'radio_id': 1
1589	14:19:06: Alt Info & Cfg {'radio_id': 1
1590	14:19:06: Orientation {'radio_id': 1
1591	14:19:07: Position Data {'radio_id': 1
1592	14:19:07: Orientation {'radio_id': 1
1593	14:19:07: Position Data {'radio_id': 1
1594	14:19:07: Orientation {'radio_id': 1
1595	14:19:07: Position Data {'radio_id': 1
1596	14:19:07: Orientation {'radio_id': 1
1597	14:19:07: Position Data {'radio_id': 1
1598	14:19:07: Pyro Info {'radio_id': 1
1599	14:19:07: Line Cutter Data 1 {'radio_id': 1
1600	14:19:07: Line Cutter Data 5 {'radio_id': 1
1601	14:19:07: Orientation {'radio_id': 1
1602	14:19:07: Orientation {'radio_id': 1
1603	14:19:08: Position Data {'radio_id': 1
1604	14:19:08: Orientation {'radio_id': 1
1605	14:19:08: Position Data {'radio_id': 1
1606	14:19:08: Orientation {'radio_id': 1
1607	14:19:08: Position Data {'radio_id': 1
1608	14:19:08: Orientation {'radio_id': 1
1609	14:19:08: Pyro Info {'radio_id': 1
1610	14:19:08: Line Cutter Data 1 {'radio_id': 1
1611	14:19:08: Line Cutter Data 5 {'radio_id': 1
1612	14:19:08: Position Data {'radio_id': 1
1613	14:19:08: Orientation {'radio_id': 1
1614	14:19:09: Position Data {'radio_id': 1
1615	14:19:09: Orientation {'radio_id': 1
1616	14:19:09: Position Data {'radio_id': 1
1617	14:19:09: Orientation {'radio_id': 1
1618	14:19:09: Position Data {'radio_id': 1
1619	14:19:09: Alt Info & Cfg {'radio_id': 1
1620	14:19:09: Orientation {'radio_id': 1
1621	14:19:09: Position Data {'radio_id': 1
1622	14:19:09: Pyro Info {'radio_id': 1
1623	14:19:09: Line Cutter Data 1 {'radio_id': 1
1624	14:19:09: Line Cutter Data 5 {'radio_id': 1
1625	14:19:09: Orientation {'radio_id': 1
1626	14:19:09: Position Data {'radio_id': 1
1627	14:19:10: Orientation {'radio_id': 1
1628	14:19:10: Position Data {'radio_id': 1
1629	14:19:10: Orientation {'radio_id': 1
1630	14:19:10: Orientation {'radio_id': 1
1631	14:19:10: Orientation {'radio_id': 1
1632	14:19:10: Position Data {'radio_id': 1
1633	14:19:10: Alt Info & Cfg {'radio_id': 1
1634	14:19:10: Line Cutter Data 1 {'radio_id': 1
1635	14:19:10: Orientation {'radio_id': 1
1636	14:19:11: Orientation {'radio_id': 1
1637	14:19:11: Position Data {'radio_id': 1
1638	14:19:11: Orientation {'radio_id': 1
1639	14:19:11: Position Data {'radio_id': 1
1640	14:19:11: Orientation {'radio_id': 1
1641	14:19:11: Position Data {'radio_id': 1
1642	14:19:11: Ground Station GPS {'gs_lat': 44.82506510416667
1643	14:19:11: Orientation {'radio_id': 1
1644	14:19:11: Position Data {'radio_id': 1
1645	14:19:11: Pyro Info {'radio_id': 1
1646	14:19:11: Line Cutter Data 1 {'radio_id': 1
1647	14:19:11: Orientation {'radio_id': 1
1648	14:19:11: Alt Info & Cfg {'radio_id': 1
1649	14:19:11: Orientation {'radio_id': 1
1650	14:19:12: Position Data {'radio_id': 1
1651	14:19:12: Line Cutter Vars 5 {'radio_id': 1
1652	14:19:12: Orientation {'radio_id': 1
1653	14:19:12: Position Data {'radio_id': 1
1654	14:19:12: Orientation {'radio_id': 1
1655	14:19:12: Position Data {'radio_id': 1
1656	14:19:12: Orientation {'radio_id': 1
1657	14:19:12: Position Data {'radio_id': 1
1658	14:19:12: Pyro Info {'radio_id': 1
1659	14:19:12: Line Cutter Data 1 {'radio_id': 1
1660	14:19:12: Orientation {'radio_id': 1
1661	14:19:12: Position Data {'radio_id': 1
1662	14:19:12: Orientation {'radio_id': 1
1663	14:19:13: Position Data {'radio_id': 1
1664	14:19:13: Alt Info & Cfg {'radio_id': 1
1665	14:19:13: Orientation {'radio_id': 1
1666	14:19:13: Position Data {'radio_id': 1
1667	14:19:13: Orientation {'radio_id': 1
1668	14:19:13: Ground Station GPS {'gs_lat': 44.82506510416667
1669	14:19:13: Orientation {'radio_id': 1
1670	14:19:13: Position Data {'radio_id': 1
1671	14:19:13: Pyro Info {'radio_id': 1
1672	14:19:13: Line Cutter Data 1 {'radio_id': 1
1673	14:19:13: Line Cutter Data 5 {'radio_id': 1
1674	14:19:13: Orientation {'radio_id': 1
1675	14:19:13: Orientation {'radio_id': 1
1676	14:19:14: Position Data {'radio_id': 1
1677	14:19:14: Orientation {'radio_id': 1
1678	14:19:14: Position Data {'radio_id': 1
1679	14:19:14: Alt Info & Cfg {'radio_id': 1
1680	14:19:14: Orientation {'radio_id': 1
1681	14:19:14: Orientation {'radio_id': 1
1682	14:19:14: Pyro Info {'radio_id': 1
1683	14:19:14: Line Cutter Data 5 {'radio_id': 1
1684	14:19:14: Orientation {'radio_id': 1
1685	14:19:14: Position Data {'radio_id': 1
1686	14:19:14: Orientation {'radio_id': 1
1687	14:19:15: Position Data {'radio_id': 1
1688	14:19:15: Orientation {'radio_id': 1
1689	14:19:15: Position Data {'radio_id': 1
1690	14:19:15: Orientation {'radio_id': 1
1691	14:19:15: Position Data {'radio_id': 1
1692	14:19:15: Orientation {'radio_id': 1
1693	14:19:15: Position Data {'radio_id': 1
1694	14:19:15: Alt Info & Cfg {'radio_id': 1
1695	14:19:15: Pyro Info {'radio_id': 1
1696	14:19:15: Line Cutter Data 1 {'radio_id': 1
1697	14:19:15: Orientation {'radio_id': 1
1698	14:19:15: Position Data {'radio_id': 1
1699	14:19:15: Orientation {'radio_id': 1
1700	14:19:16: Position Data {'radio_id': 1
1701	14:19:16: Orientation {'radio_id': 1
1702	14:19:16: Position Data {'radio_id': 1
1703	14:19:16: Orientation {'radio_id': 1
1704	14:19:16: Orientation {'radio_id': 1
1705	14:19:16: Position Data {'radio_id': 1
1706	14:19:16: Line Cutter Data 1 {'radio_id': 1
1707	14:19:16: Orientation {'radio_id': 1
1708	14:19:16: Position Data {'radio_id': 1
1709	14:19:17: Orientation {'radio_id': 1
1710	14:19:17: Position Data {'radio_id': 1
1711	14:19:17: Orientation {'radio_id': 1
1712	14:19:17: Position Data {'radio_id': 1
1713	14:19:17: Orientation {'radio_id': 1
1714	14:19:17: Ground Station GPS {'gs_lat': 44.82506510416667
1715	14:19:17: Orientation {'radio_id': 1
1716	14:19:17: Position Data {'radio_id': 1
1717	14:19:17: Pyro Info {'radio_id': 1
1718	14:19:17: Line Cutter Data 5 {'radio_id': 1
1719	14:19:17: Position Data {'radio_id': 1
1720	14:19:18: Orientation {'radio_id': 1
1721	14:19:18: Position Data {'radio_id': 1
1722	14:19:18: Alt Info & Cfg {'radio_id': 1
1723	14:19:18: Orientation {'radio_id': 1
1724	14:19:18: Position Data {'radio_id': 1
1725	14:19:18: Orientation {'radio_id': 1
1726	14:19:18: Position Data {'radio_id': 1
1727	14:19:18: Orientation {'radio_id': 1
1728	14:19:18: Position Data {'radio_id': 1
1729	14:19:18: Orientation {'radio_id': 1
1730	14:19:18: Position Data {'radio_id': 1
1731	14:19:18: Pyro Info {'radio_id': 1
1732	14:19:19: Line Cutter Data 5 {'radio_id': 1
1733	14:19:19: Position Data {'radio_id': 1
1734	14:19:19: Orientation {'radio_id': 1
1735	14:19:19: Position Data {'radio_id': 1
1736	14:19:19: Orientation {'radio_id': 1
1737	14:19:19: Ground Station GPS {'gs_lat': 44.82506510416667
1738	14:19:19: Orientation {'radio_id': 1
1739	14:19:19: Orientation {'radio_id': 1
1740	14:19:19: Pyro Info {'radio_id': 1
1741	14:19:20: Line Cutter Data 5 {'radio_id': 1
1742	14:19:20: Position Data {'radio_id': 1
1743	14:19:20: Orientation {'radio_id': 1
1744	14:19:20: Position Data {'radio_id': 1
1745	14:19:20: Orientation {'radio_id': 1
1746	14:19:20: Position Data {'radio_id': 1
1747	14:19:20: Alt Info & Cfg {'radio_id': 1
1748	14:19:20: Orientation {'radio_id': 1
1749	14:19:20: Position Data {'radio_id': 1
1750	14:19:20: Orientation {'radio_id': 1
1751	14:19:20: Pyro Info {'radio_id': 1
1752	14:19:20: Line Cutter Data 1 {'radio_id': 1
1753	14:19:21: Orientation {'radio_id': 1
1754	14:19:21: Position Data {'radio_id': 1
1755	14:19:21: Orientation {'radio_id': 1
1756	14:19:21: Position Data {'radio_id': 1
1757	14:19:21: Orientation {'radio_id': 1
1758	14:19:21: Ground Station GPS {'gs_lat': 44.82506510416667
1759	14:19:21: Orientation {'radio_id': 1
1760	14:19:21: Position Data {'radio_id': 1
1761	14:19:21: Orientation {'radio_id': 1
1762	14:19:21: Alt Info & Cfg {'radio_id': 1
1763	14:19:21: Pyro Info {'radio_id': 1
1764	14:19:22: Line Cutter Data 1 {'radio_id': 1
1765	14:19:22: Position Data {'radio_id': 1
1766	14:19:22: Line Cutter Vars 1 {'radio_id': 1
1767	14:19:22: Orientation {'radio_id': 1
1768	14:19:22: Position Data {'radio_id': 1
1769	14:19:22: Orientation {'radio_id': 1
1770	14:19:22: Position Data {'radio_id': 1
1771	14:19:22: Orientation {'radio_id': 1
1772	14:19:22: Position Data {'radio_id': 1
1773	14:19:22: Orientation {'radio_id': 1
1774	14:19:22: Pyro Info {'radio_id': 1
1775	14:19:22: Line Cutter Data 5 {'radio_id': 1
1776	14:19:23: Orientation {'radio_id': 1
1777	14:19:23: Position Data {'radio_id': 1
1778	14:19:23: Orientation {'radio_id': 1
1779	14:19:23: Position Data {'radio_id': 1
1780	14:19:23: Orientation {'radio_id': 1
1781	14:19:23: Position Data {'radio_id': 1
1782	14:19:23: Ground Station GPS {'gs_lat': 44.82506510416667
1783	14:19:23: Orientation {'radio_id': 1
1784	14:19:23: Position Data {'radio_id': 1
1785	14:19:23: Orientation {'radio_id': 1
1786	14:19:23: Pyro Info {'radio_id': 1
1787	14:19:24: Line Cutter Data 5 {'radio_id': 1
1788	14:19:24: Position Data {'radio_id': 1
1789	14:19:24: Orientation {'radio_id': 1
1790	14:19:24: Alt Info & Cfg {'radio_id': 1
1791	14:19:24: Orientation {'radio_id': 1
1792	14:19:24: Orientation {'radio_id': 1
1793	14:19:24: Position Data {'radio_id': 1
1794	14:19:24: Orientation {'radio_id': 1
1795	14:19:24: Position Data {'radio_id': 1
1796	14:19:24: Line Cutter Data 1 {'radio_id': 1
1797	14:19:25: Line Cutter Data 5 {'radio_id': 1
1798	14:19:25: Position Data {'radio_id': 1
1799	14:19:25: Orientation {'radio_id': 1
1800	14:19:25: Orientation {'radio_id': 1
1801	14:19:25: Position Data {'radio_id': 1
1802	14:19:25: Alt Info & Cfg {'radio_id': 1
1803	14:19:25: Orientation {'radio_id': 1
1804	14:19:25: Position Data {'radio_id': 1
1805	14:19:25: Orientation {'radio_id': 1
1806	14:19:25: Position Data {'radio_id': 1
1807	14:19:25: Pyro Info {'radio_id': 1
1808	14:19:25: Line Cutter Data 1 {'radio_id': 1
1809	14:19:25: Line Cutter Data 5 {'radio_id': 1
1810	14:19:26: Orientation {'radio_id': 1
1811	14:19:26: Orientation {'radio_id': 1
1812	14:19:26: Orientation {'radio_id': 1
1813	14:19:26: Position Data {'radio_id': 1
1814	14:19:26: Orientation {'radio_id': 1
1815	14:19:26: Alt Info & Cfg {'radio_id': 1
1816	14:19:26: Orientation {'radio_id': 1
1817	14:19:26: Pyro Info {'radio_id': 1
1818	14:19:26: Line Cutter Data 5 {'radio_id': 1
1819	14:19:27: Orientation {'radio_id': 1
1820	14:19:27: Orientation {'radio_id': 1
1821	14:19:27: Position Data {'radio_id': 1
1822	14:19:27: Orientation {'radio_id': 1
1823	14:19:27: Position Data {'radio_id': 1
1824	14:19:27: Ground Station GPS {'gs_lat': 44.82506510416667
1825	14:19:27: Orientation {'radio_id': 1
1826	14:19:27: Orientation {'radio_id': 1
1827	14:19:27: Position Data {'radio_id': 1
1828	14:19:27: Line Cutter Data 1 {'radio_id': 1
1829	14:19:28: Line Cutter Data 5 {'radio_id': 1
1830	14:19:28: Orientation {'radio_id': 1
1831	14:19:28: Position Data {'radio_id': 1
1832	14:19:28: Alt Info & Cfg {'radio_id': 1
1833	14:19:28: Orientation {'radio_id': 1
1834	14:19:28: Position Data {'radio_id': 1
1835	14:19:28: Orientation {'radio_id': 1
1836	14:19:28: Orientation {'radio_id': 1
1837	14:19:28: Position Data {'radio_id': 1
1838	14:19:28: Orientation {'radio_id': 1
1839	14:19:28: Position Data {'radio_id': 1
1840	14:19:28: Line Cutter Data 1 {'radio_id': 1
1841	14:19:29: Line Cutter Data 5 {'radio_id': 1
1842	14:19:29: Position Data {'radio_id': 1
1843	14:19:29: Orientation {'radio_id': 1
1844	14:19:29: Position Data {'radio_id': 1
1845	14:19:29: Orientation {'radio_id': 1
1846	14:19:29: Ground Station GPS {'gs_lat': 44.82506510416667
1847	14:19:29: Orientation {'radio_id': 1
1848	14:19:29: Orientation {'radio_id': 1
1849	14:19:29: Pyro Info {'radio_id': 1
1850	14:19:29: Line Cutter Data 1 {'radio_id': 1
1851	14:19:30: Line Cutter Data 5 {'radio_id': 1
1852	14:19:30: Position Data {'radio_id': 1
1853	14:19:30: Orientation {'radio_id': 1
1854	14:19:30: Position Data {'radio_id': 1
1855	14:19:30: Orientation {'radio_id': 1
1856	14:19:30: Position Data {'radio_id': 1
1857	14:19:30: Alt Info & Cfg {'radio_id': 1
1858	14:19:30: Orientation {'radio_id': 1
1859	14:19:30: Orientation {'radio_id': 1
1860	14:19:30: Position Data {'radio_id': 1
1861	14:19:30: Pyro Info {'radio_id': 1
1862	14:19:31: Line Cutter Data 5 {'radio_id': 1
1863	14:19:31: Position Data {'radio_id': 1
1864	14:19:31: Orientation {'radio_id': 1
1865	14:19:31: Position Data {'radio_id': 1
1866	14:19:31: Orientation {'radio_id': 1
1867	14:19:31: Ground Station GPS {'gs_lat': 44.82506510416667
1868	14:19:31: Orientation {'radio_id': 1
1869	14:19:31: Position Data {'radio_id': 1
1870	14:19:31: Alt Info & Cfg {'radio_id': 1
1871	14:19:31: Orientation {'radio_id': 1
1872	14:19:31: Position Data {'radio_id': 1
1873	14:19:31: Orientation {'radio_id': 1
1874	14:19:32: Position Data {'radio_id': 1
1875	14:19:32: Pyro Info {'radio_id': 1
1876	14:19:32: Line Cutter Data 5 {'radio_id': 1
1877	14:19:32: Line Cutter Vars 1 {'radio_id': 1
1878	14:19:32: Orientation {'radio_id': 1
1879	14:19:32: Position Data {'radio_id': 1
1880	14:19:32: Orientation {'radio_id': 1
1881	14:19:32: Position Data {'radio_id': 1
1882	14:19:32: Orientation {'radio_id': 1
1883	14:19:32: Position Data {'radio_id': 1
1884	14:19:32: Orientation {'radio_id': 1
1885	14:19:32: Position Data {'radio_id': 1
1886	14:19:32: Orientation {'radio_id': 1
1887	14:19:33: Position Data {'radio_id': 1
1888	14:19:33: Line Cutter Data 1 {'radio_id': 1
1889	14:19:33: Orientation {'radio_id': 1
1890	14:19:33: Position Data {'radio_id': 1
1891	14:19:33: Orientation {'radio_id': 1
1892	14:19:33: Position Data {'radio_id': 1
1893	14:19:33: Ground Station GPS {'gs_lat': 44.82505696614583
1894	14:19:33: Orientation {'radio_id': 1
1895	14:19:33: Orientation {'radio_id': 1
1896	14:19:33: Position Data {'radio_id': 1
1897	14:19:34: Orientation {'radio_id': 1
1898	14:19:34: Pyro Info {'radio_id': 1
1899	14:19:34: Line Cutter Data 5 {'radio_id': 1
1900	14:19:34: Orientation {'radio_id': 1
1901	14:19:34: Position Data {'radio_id': 1
1902	14:19:34: Alt Info & Cfg {'radio_id': 1
1903	14:19:34: Orientation {'radio_id': 1
1904	14:19:34: Position Data {'radio_id': 1
1905	14:19:34: Orientation {'radio_id': 1
1906	14:19:34: Orientation {'radio_id': 1
1907	14:19:34: Position Data {'radio_id': 1
1908	14:19:34: Orientation {'radio_id': 1
1909	14:19:35: Position Data {'radio_id': 1
1910	14:19:35: Pyro Info {'radio_id': 1
1911	14:19:35: Line Cutter Data 1 {'radio_id': 1
1912	14:19:35: Line Cutter Data 5 {'radio_id': 1
1913	14:19:35: Position Data {'radio_id': 1
1914	14:19:35: Orientation {'radio_id': 1
1915	14:19:35: Position Data {'radio_id': 1
1916	14:19:35: Alt Info & Cfg {'radio_id': 1
1917	14:19:35: Orientation {'radio_id': 1
1918	14:19:35: Position Data {'radio_id': 1
1919	14:19:35: Orientation {'radio_id': 1
1920	14:19:35: Position Data {'radio_id': 1
1921	14:19:36: Orientation {'radio_id': 1
1922	14:19:36: Pyro Info {'radio_id': 1
1923	14:19:36: Line Cutter Data 5 {'radio_id': 1
1924	14:19:36: Orientation {'radio_id': 1
1925	14:19:36: Orientation {'radio_id': 1
1926	14:19:36: Orientation {'radio_id': 1
1927	14:19:36: Position Data {'radio_id': 1
1928	14:19:36: Orientation {'radio_id': 1
1929	14:19:37: Orientation {'radio_id': 1
1930	14:19:37: Position Data {'radio_id': 1
1931	14:19:37: Line Cutter Data 1 {'radio_id': 1
1932	14:19:37: Line Cutter Data 5 {'radio_id': 1
1933	14:19:37: Orientation {'radio_id': 1
1934	14:19:37: Position Data {'radio_id': 1
1935	14:19:37: Orientation {'radio_id': 1
1936	14:19:37: Ground Station GPS {'gs_lat': 44.825048828125
1937	14:19:37: Orientation {'radio_id': 1
1938	14:19:37: Position Data {'radio_id': 1
1939	14:19:37: Orientation {'radio_id': 1
1940	14:19:37: Alt Info & Cfg {'radio_id': 1
1941	14:19:38: Orientation {'radio_id': 1
1942	14:19:38: Pyro Info {'radio_id': 1
1943	14:19:38: Line Cutter Data 5 {'radio_id': 1
1944	14:19:38: Orientation {'radio_id': 1
1945	14:19:38: Position Data {'radio_id': 1
1946	14:19:38: Orientation {'radio_id': 1
1947	14:19:38: Position Data {'radio_id': 1
1948	14:19:38: Orientation {'radio_id': 1
1949	14:19:38: Position Data {'radio_id': 1
1950	14:19:38: Orientation {'radio_id': 1
1951	14:19:38: Orientation {'radio_id': 1
1952	14:19:39: Position Data {'radio_id': 1
1953	14:19:39: Pyro Info {'radio_id': 1
1954	14:19:39: Line Cutter Data 1 {'radio_id': 1
1955	14:19:39: Alt Info & Cfg {'radio_id': 1
1956	14:19:39: Position Data {'radio_id': 1
1957	14:19:39: Orientation {'radio_id': 1
1958	14:19:39: Ground Station GPS {'gs_lat': 44.825048828125
1959	14:19:39: Orientation {'radio_id': 1
1960	14:19:39: Orientation {'radio_id': 1
1961	14:19:39: Orientation {'radio_id': 1
1962	14:19:40: Position Data {'radio_id': 1
1963	14:19:40: Pyro Info {'radio_id': 1
1964	14:19:40: Line Cutter Data 1 {'radio_id': 1
1965	14:19:40: Orientation {'radio_id': 1
1966	14:19:40: Orientation {'radio_id': 1
1967	14:19:40: Alt Info & Cfg {'radio_id': 1
1968	14:19:40: Orientation {'radio_id': 1
1969	14:19:40: Orientation {'radio_id': 1
1970	14:19:40: Position Data {'radio_id': 1
1971	14:19:41: Orientation {'radio_id': 1
1972	14:19:41: Pyro Info {'radio_id': 1
1973	14:19:41: Line Cutter Data 5 {'radio_id': 1
1974	14:19:41: Position Data {'radio_id': 1
1975	14:19:41: Orientation {'radio_id': 1
1976	14:19:41: Position Data {'radio_id': 1
1977	14:19:41: Ground Station GPS {'gs_lat': 44.825048828125
1978	14:19:41: Position Data {'radio_id': 1
1979	14:19:41: Alt Info & Cfg {'radio_id': 1
1980	14:19:41: Orientation {'radio_id': 1
1981	14:19:41: Position Data {'radio_id': 1
1982	14:19:41: Orientation {'radio_id': 1
1983	14:19:42: Position Data {'radio_id': 1
1984	14:19:42: Line Cutter Vars 1 {'radio_id': 1
1985	14:19:42: Line Cutter Vars 5 {'radio_id': 1
1986	14:19:42: Pyro Info {'radio_id': 1
1987	14:19:42: Line Cutter Data 1 {'radio_id': 1
1988	14:19:42: Orientation {'radio_id': 1
1989	14:19:42: Orientation {'radio_id': 1
1990	14:19:42: Position Data {'radio_id': 1
1991	14:19:42: Orientation {'radio_id': 1
1992	14:19:42: Position Data {'radio_id': 1
1993	14:19:42: Orientation {'radio_id': 1
1994	14:19:42: Alt Info & Cfg {'radio_id': 1
1995	14:19:43: Orientation {'radio_id': 1
1996	14:19:43: Position Data {'radio_id': 1
1997	14:19:43: Pyro Info {'radio_id': 1
1998	14:19:43: Line Cutter Data 1 {'radio_id': 1
1999	14:19:43: Orientation {'radio_id': 1
2000	14:19:43: Position Data {'radio_id': 1
2001	14:19:43: Orientation {'radio_id': 1
2002	14:19:43: Position Data {'radio_id': 1
2003	14:19:43: Ground Station GPS {'gs_lat': 44.825048828125
2004	14:19:43: Position Data {'radio_id': 1
2005	14:19:43: Orientation {'radio_id': 1
2006	14:19:43: Orientation {'radio_id': 1
2007	14:19:44: Position Data {'radio_id': 1
2008	14:19:44: Alt Info & Cfg {'radio_id': 1
2009	14:19:44: Pyro Info {'radio_id': 1
2010	14:19:44: Line Cutter Data 5 {'radio_id': 1
2011	14:19:44: Orientation {'radio_id': 1
2012	14:19:44: Position Data {'radio_id': 1
2013	14:19:44: Orientation {'radio_id': 1
2014	14:19:44: Position Data {'radio_id': 1
2015	14:19:44: Orientation {'radio_id': 1
2016	14:19:44: Position Data {'radio_id': 1
2017	14:19:44: Orientation {'radio_id': 1
2018	14:19:44: Position Data {'radio_id': 1
2019	14:19:45: Orientation {'radio_id': 1
2020	14:19:45: Orientation {'radio_id': 1
2021	14:19:45: Position Data {'radio_id': 1
2022	14:19:45: Pyro Info {'radio_id': 1
2023	14:19:45: Line Cutter Data 1 {'radio_id': 1
2024	14:19:45: Line Cutter Data 5 {'radio_id': 1
2025	14:19:45: Alt Info & Cfg {'radio_id': 1
2026	14:19:45: Orientation {'radio_id': 1
2027	14:19:45: Position Data {'radio_id': 1
2028	14:19:45: Position Data {'radio_id': 1
2029	14:19:45: Orientation {'radio_id': 1
2030	14:19:46: Orientation {'radio_id': 1
2031	14:19:46: Orientation {'radio_id': 1
2032	14:19:46: Position Data {'radio_id': 1
2033	14:19:46: Line Cutter Data 1 {'radio_id': 1
2034	14:19:46: Orientation {'radio_id': 1
2035	14:19:46: Orientation {'radio_id': 1
2036	14:19:46: Position Data {'radio_id': 1
2037	14:19:46: Orientation {'radio_id': 1
2038	14:19:46: Position Data {'radio_id': 1
2039	14:19:47: Orientation {'radio_id': 1
2040	14:19:47: Orientation {'radio_id': 1
2041	14:19:47: Position Data {'radio_id': 1
2042	14:19:47: Line Cutter Data 1 {'radio_id': 1
2043	14:19:47: Line Cutter Data 5 {'radio_id': 1
2044	14:19:47: Position Data {'radio_id': 1
2045	14:19:47: Ground Station GPS {'gs_lat': 44.825048828125
2046	14:19:47: Orientation {'radio_id': 1
2047	14:19:47: Orientation {'radio_id': 1
2048	14:19:47: Position Data {'radio_id': 1
2049	14:19:47: Alt Info & Cfg {'radio_id': 1
2050	14:19:48: Orientation {'radio_id': 1
2051	14:19:48: Orientation {'radio_id': 1
2052	14:19:48: Pyro Info {'radio_id': 1
2053	14:19:48: Line Cutter Data 5 {'radio_id': 1
2054	14:19:48: Orientation {'radio_id': 1
2055	14:19:48: Position Data {'radio_id': 1
2056	14:19:48: Orientation {'radio_id': 1
2057	14:19:48: Orientation {'radio_id': 1
2058	14:19:49: Orientation {'radio_id': 1
2059	14:19:49: Alt Info & Cfg {'radio_id': 1
2060	14:19:49: Orientation {'radio_id': 1
2061	14:19:49: Position Data {'radio_id': 1
2062	14:19:49: Line Cutter Data 1 {'radio_id': 1
2063	14:19:49: Line Cutter Data 5 {'radio_id': 1
2064	14:19:49: Ground Station GPS {'gs_lat': 44.825048828125
2065	14:19:49: Position Data {'radio_id': 1
2066	14:19:49: Orientation {'radio_id': 1
2067	14:19:49: Position Data {'radio_id': 1
2068	14:19:49: Orientation {'radio_id': 1
2069	14:19:50: Position Data {'radio_id': 1
2070	14:19:50: Orientation {'radio_id': 1
2071	14:19:50: Pyro Info {'radio_id': 1
2072	14:19:50: Line Cutter Data 1 {'radio_id': 1
2073	14:19:50: Line Cutter Data 5 {'radio_id': 1
2074	14:19:50: Alt Info & Cfg {'radio_id': 1
2075	14:19:50: Orientation {'radio_id': 1
2076	14:19:50: Orientation {'radio_id': 1
2077	14:19:50: Orientation {'radio_id': 1
2078	14:19:50: Position Data {'radio_id': 1
2079	14:19:51: Orientation {'radio_id': 1
2080	14:19:51: Orientation {'radio_id': 1
2081	14:19:51: Position Data {'radio_id': 1
2082	14:19:51: Pyro Info {'radio_id': 1
2083	14:19:51: Line Cutter Data 1 {'radio_id': 1
2084	14:19:51: Orientation {'radio_id': 1
2085	14:19:51: Alt Info & Cfg {'radio_id': 1
2086	14:19:51: Ground Station GPS {'gs_lat': 44.82505696614583
2087	14:19:51: Orientation {'radio_id': 1
2088	14:19:51: Orientation {'radio_id': 1
2089	14:19:51: Position Data {'radio_id': 1
2090	14:19:52: Orientation {'radio_id': 1
2091	14:19:52: Line Cutter Vars 1 {'radio_id': 1
2092	14:19:52: Orientation {'radio_id': 1
2093	14:19:52: Position Data {'radio_id': 1
2094	14:19:52: Line Cutter Data 5 {'radio_id': 1
2095	14:19:52: Position Data {'radio_id': 1
2096	14:19:52: Orientation {'radio_id': 1
2097	14:19:52: Position Data {'radio_id': 1
2098	14:19:52: Orientation {'radio_id': 1
2099	14:19:52: Position Data {'radio_id': 1
2100	14:19:52: Orientation {'radio_id': 1
2101	14:19:53: Position Data {'radio_id': 1
2102	14:19:53: Orientation {'radio_id': 1
2103	14:19:53: Position Data {'radio_id': 1
2104	14:19:53: Pyro Info {'radio_id': 1
2105	14:19:53: Line Cutter Data 1 {'radio_id': 1
2106	14:19:53: Line Cutter Data 5 {'radio_id': 1
2107	14:19:53: Orientation {'radio_id': 1
2108	14:19:53: Ground Station GPS {'gs_lat': 44.82505696614583
2109	14:19:53: Orientation {'radio_id': 1
2110	14:19:53: Orientation {'radio_id': 1
2111	14:19:53: Position Data {'radio_id': 1
2112	14:19:53: Orientation {'radio_id': 1
2113	14:19:54: Position Data {'radio_id': 1
2114	14:19:54: Alt Info & Cfg {'radio_id': 1
2115	14:19:54: Orientation {'radio_id': 1
2116	14:19:54: Position Data {'radio_id': 1
2117	14:19:54: Pyro Info {'radio_id': 1
2118	14:19:54: Line Cutter Data 5 {'radio_id': 1
2119	14:19:54: Position Data {'radio_id': 1
2120	14:19:54: Orientation {'radio_id': 1
2121	14:19:54: Position Data {'radio_id': 1
2122	14:19:54: Orientation {'radio_id': 1
2123	14:19:54: Position Data {'radio_id': 1
2124	14:19:54: Orientation {'radio_id': 1
2125	14:19:55: Position Data {'radio_id': 1
2126	14:19:55: Orientation {'radio_id': 1
2127	14:19:55: Position Data {'radio_id': 1
2128	14:19:55: Alt Info & Cfg {'radio_id': 1
2129	14:19:55: Pyro Info {'radio_id': 1
2130	14:19:55: Line Cutter Data 5 {'radio_id': 1
2131	14:19:55: Position Data {'radio_id': 1
2132	14:19:55: Orientation {'radio_id': 1
2133	14:19:55: Position Data {'radio_id': 1
2134	14:19:55: Orientation {'radio_id': 1
2135	14:19:55: Position Data {'radio_id': 1
2136	14:19:56: Orientation {'radio_id': 1
2137	14:19:56: Orientation {'radio_id': 1
2138	14:19:56: Pyro Info {'radio_id': 1
2139	14:19:56: Line Cutter Data 5 {'radio_id': 1
2140	14:19:56: Orientation {'radio_id': 1
2141	14:19:56: Position Data {'radio_id': 1
2142	14:19:56: Alt Info & Cfg {'radio_id': 1
2143	14:19:56: Position Data {'radio_id': 1
2144	14:19:56: Orientation {'radio_id': 1
2145	14:19:56: Position Data {'radio_id': 1
2146	14:19:56: Orientation {'radio_id': 1
2147	14:19:57: Position Data {'radio_id': 1
2148	14:19:57: Orientation {'radio_id': 1
2149	14:19:57: Position Data {'radio_id': 1
2150	14:19:57: Pyro Info {'radio_id': 1
2151	14:19:57: Line Cutter Data 5 {'radio_id': 1
2152	14:19:57: Orientation {'radio_id': 1
2153	14:19:57: Ground Station GPS {'gs_lat': 44.82505696614583
2154	14:19:57: Alt Info & Cfg {'radio_id': 1
2155	14:19:57: Orientation {'radio_id': 1
2156	14:19:57: Orientation {'radio_id': 1
2157	14:19:58: Position Data {'radio_id': 1
2158	14:19:58: Orientation {'radio_id': 1
2159	14:19:58: Pyro Info {'radio_id': 1
2160	14:19:58: Line Cutter Data 1 {'radio_id': 1
2161	14:19:58: Line Cutter Data 5 {'radio_id': 1
2162	14:19:58: Orientation {'radio_id': 1
2163	14:19:58: Orientation {'radio_id': 1
2164	14:19:58: Orientation {'radio_id': 1
2165	14:19:58: Orientation {'radio_id': 1
2166	14:19:59: Position Data {'radio_id': 1
2167	14:19:59: Alt Info & Cfg {'radio_id': 1
2168	14:19:59: Orientation {'radio_id': 1
2169	14:19:59: Orientation {'radio_id': 1
2170	14:19:59: Pyro Info {'radio_id': 1
2171	14:19:59: Line Cutter Data 5 {'radio_id': 1
2172	14:19:59: Ground Station GPS {'gs_lat': 44.82505696614583
2173	14:19:59: Position Data {'radio_id': 1
2174	14:19:59: Orientation {'radio_id': 1
2175	14:19:59: Position Data {'radio_id': 1
2176	14:20:00: Orientation {'radio_id': 1
2177	14:20:00: Position Data {'radio_id': 1
2178	14:20:00: Orientation {'radio_id': 1
2179	14:20:00: Alt Info & Cfg {'radio_id': 1
2180	14:20:00: Orientation {'radio_id': 1
2181	14:20:00: Position Data {'radio_id': 1
2182	14:20:00: Line Cutter Data 1 {'radio_id': 1
2183	14:20:00: Line Cutter Data 5 {'radio_id': 1
2184	14:20:00: Orientation {'radio_id': 1
2185	14:20:00: Orientation {'radio_id': 1
2186	14:20:01: Orientation {'radio_id': 1
2187	14:20:01: Orientation {'radio_id': 1
2188	14:20:01: Orientation {'radio_id': 1
2189	14:20:01: Position Data {'radio_id': 1
2190	14:20:01: Pyro Info {'radio_id': 1
2191	14:20:01: Line Cutter Data 1 {'radio_id': 1
2192	14:20:01: Line Cutter Data 5 {'radio_id': 1
2193	14:20:01: Orientation {'radio_id': 1
2194	14:20:01: Position Data {'radio_id': 1
2195	14:20:01: Orientation {'radio_id': 1
2196	14:20:01: Position Data {'radio_id': 1
2197	14:20:01: Orientation {'radio_id': 1
2198	14:20:02: Position Data {'radio_id': 1
2199	14:20:02: Line Cutter Vars 5 {'radio_id': 1
2200	14:20:02: Orientation {'radio_id': 1
2201	14:20:02: Position Data {'radio_id': 1
2202	14:20:02: Orientation {'radio_id': 1
2203	14:20:02: Position Data {'radio_id': 1
2204	14:20:02: Line Cutter Data 1 {'radio_id': 1
2205	14:20:02: Line Cutter Data 5 {'radio_id': 1
2206	14:20:02: Orientation {'radio_id': 1
2207	14:20:02: Alt Info & Cfg {'radio_id': 1
2208	14:20:02: Orientation {'radio_id': 1
2209	14:20:02: Position Data {'radio_id': 1
2210	14:20:03: Orientation {'radio_id': 1
2211	14:20:03: Orientation {'radio_id': 1
2212	14:20:03: Position Data {'radio_id': 1
2213	14:20:03: Orientation {'radio_id': 1
2214	14:20:03: Pyro Info {'radio_id': 1
2215	14:20:03: Line Cutter Data 1 {'radio_id': 1
2216	14:20:03: Line Cutter Data 5 {'radio_id': 1
2217	14:20:03: Ground Station GPS {'gs_lat': 44.825048828125
2218	14:20:03: Position Data {'radio_id': 1
2219	14:20:03: Orientation {'radio_id': 1
2220	14:20:03: Alt Info & Cfg {'radio_id': 1
2221	14:20:04: Orientation {'radio_id': 1
2222	14:20:04: Position Data {'radio_id': 1
2223	14:20:04: Orientation {'radio_id': 1
2224	14:20:04: Position Data {'radio_id': 1
2225	14:20:04: Orientation {'radio_id': 1
2226	14:20:04: Position Data {'radio_id': 1
2227	14:20:04: Pyro Info {'radio_id': 1
2228	14:20:04: Line Cutter Data 5 {'radio_id': 1
2229	14:20:04: Orientation {'radio_id': 1
2230	14:20:04: Position Data {'radio_id': 1
2231	14:20:04: Orientation {'radio_id': 1
2232	14:20:04: Position Data {'radio_id': 1
2233	14:20:05: Orientation {'radio_id': 1
2234	14:20:05: Orientation {'radio_id': 1
2235	14:20:05: Position Data {'radio_id': 1
2236	14:20:05: Alt Info & Cfg {'radio_id': 1
2237	14:20:05: Orientation {'radio_id': 1
2238	14:20:05: Position Data {'radio_id': 1
2239	14:20:05: Pyro Info {'radio_id': 1
2240	14:20:05: Line Cutter Data 1 {'radio_id': 1
2241	14:20:05: Line Cutter Data 5 {'radio_id': 1
2242	14:20:05: Orientation {'radio_id': 1
2243	14:20:05: Position Data {'radio_id': 1
2244	14:20:05: Orientation {'radio_id': 1
2245	14:20:05: Position Data {'radio_id': 1
2246	14:20:06: Orientation {'radio_id': 1
2247	14:20:06: Position Data {'radio_id': 1
2248	14:20:06: Orientation {'radio_id': 1
2249	14:20:06: Position Data {'radio_id': 1
2250	14:20:06: Orientation {'radio_id': 1
2251	14:20:06: Position Data {'radio_id': 1
2252	14:20:06: Alt Info & Cfg {'radio_id': 1
2253	14:20:06: Pyro Info {'radio_id': 1
2254	14:20:06: Line Cutter Data 1 {'radio_id': 1
2255	14:20:06: Line Cutter Data 5 {'radio_id': 1
2256	14:20:06: Position Data {'radio_id': 1
2257	14:20:06: Orientation {'radio_id': 1
2258	14:20:06: Position Data {'radio_id': 1
2259	14:20:06: Orientation {'radio_id': 1
2260	14:20:07: Position Data {'radio_id': 1
2261	14:20:07: Orientation {'radio_id': 1
2262	14:20:07: Position Data {'radio_id': 1
2263	14:20:07: Orientation {'radio_id': 1
2264	14:20:07: Pyro Info {'radio_id': 1
2265	14:20:07: Line Cutter Data 1 {'radio_id': 1
2266	14:20:07: Line Cutter Data 5 {'radio_id': 1
2267	14:20:07: Ground Station GPS {'gs_lat': 44.825048828125
2268	14:20:07: Position Data {'radio_id': 1
2269	14:20:07: Alt Info & Cfg {'radio_id': 1
2270	14:20:07: Orientation {'radio_id': 1
2271	14:20:08: Orientation {'radio_id': 1
2272	14:20:08: Position Data {'radio_id': 1
2273	14:20:08: Orientation {'radio_id': 1
2274	14:20:08: Position Data {'radio_id': 1
2275	14:20:08: Orientation {'radio_id': 1
2276	14:20:08: Position Data {'radio_id': 1
2277	14:20:08: Line Cutter Data 1 {'radio_id': 1
2278	14:20:08: Line Cutter Data 5 {'radio_id': 1
2279	14:20:08: Orientation {'radio_id': 1
2280	14:20:08: Position Data {'radio_id': 1
2281	14:20:08: Orientation {'radio_id': 1
2282	14:20:08: Alt Info & Cfg {'radio_id': 1
2283	14:20:09: Orientation {'radio_id': 1
2284	14:20:09: Position Data {'radio_id': 1
2285	14:20:09: Orientation {'radio_id': 1
2286	14:20:09: Position Data {'radio_id': 1
2287	14:20:09: Orientation {'radio_id': 1
2288	14:20:09: Position Data {'radio_id': 1
2289	14:20:09: Pyro Info {'radio_id': 1
2290	14:20:09: Line Cutter Data 1 {'radio_id': 1
2291	14:20:09: Orientation {'radio_id': 1
2292	14:20:09: Position Data {'radio_id': 1
2293	14:20:09: Orientation {'radio_id': 1
2294	14:20:09: Position Data {'radio_id': 1
2295	14:20:09: Orientation {'radio_id': 1
2296	14:20:10: Position Data {'radio_id': 1
2297	14:20:10: Orientation {'radio_id': 1
2298	14:20:10: Position Data {'radio_id': 1
2299	14:20:10: Orientation {'radio_id': 1
2300	14:20:10: Position Data {'radio_id': 1
2301	14:20:10: Line Cutter Data 1 {'radio_id': 1
2302	14:20:10: Line Cutter Data 5 {'radio_id': 1
2303	14:20:10: Orientation {'radio_id': 1
2304	14:20:10: Orientation {'radio_id': 1
2305	14:20:10: Position Data {'radio_id': 1
2306	14:20:10: Orientation {'radio_id': 1
2307	14:20:11: Position Data {'radio_id': 1
2308	14:20:11: Orientation {'radio_id': 1
2309	14:20:11: Position Data {'radio_id': 1
2310	14:20:11: Orientation {'radio_id': 1
2311	14:20:11: Position Data {'radio_id': 1
2312	14:20:11: Alt Info & Cfg {'radio_id': 1
2313	14:20:11: Pyro Info {'radio_id': 1
2314	14:20:11: Line Cutter Data 1 {'radio_id': 1
2315	14:20:11: Line Cutter Data 5 {'radio_id': 1
2316	14:20:11: Position Data {'radio_id': 1
2317	14:20:11: Position Data {'radio_id': 1
2318	14:20:11: Orientation {'radio_id': 1
2319	14:20:12: Position Data {'radio_id': 1
2320	14:20:12: Line Cutter Vars 1 {'radio_id': 1
2321	14:20:12: Line Cutter Vars 5 {'radio_id': 1
2322	14:20:12: Orientation {'radio_id': 1
2323	14:20:12: Position Data {'radio_id': 1
2324	14:20:12: Orientation {'radio_id': 1
2325	14:20:12: Orientation {'radio_id': 1
2326	14:20:12: Pyro Info {'radio_id': 1
2327	14:20:12: Line Cutter Data 5 {'radio_id': 1
2328	14:20:12: Orientation {'radio_id': 1
2329	14:20:13: Orientation {'radio_id': 1
2330	14:20:13: Position Data {'radio_id': 1
2331	14:20:13: Orientation {'radio_id': 1
2332	14:20:13: Orientation {'radio_id': 1
2333	14:20:13: Position Data {'radio_id': 1
2334	14:20:13: Orientation {'radio_id': 1
2335	14:20:13: Position Data {'radio_id': 1
2336	14:20:13: Pyro Info {'radio_id': 1
2337	14:20:13: Line Cutter Data 1 {'radio_id': 1
2338	14:20:13: Orientation {'radio_id': 1
2339	14:20:13: Position Data {'radio_id': 1
2340	14:20:14: Orientation {'radio_id': 1
2341	14:20:14: Orientation {'radio_id': 1
2342	14:20:14: Position Data {'radio_id': 1
2343	14:20:14: Orientation {'radio_id': 1
2344	14:20:14: Position Data {'radio_id': 1
2345	14:20:14: Orientation {'radio_id': 1
2346	14:20:14: Pyro Info {'radio_id': 1
2347	14:20:14: Line Cutter Data 1 {'radio_id': 1
2348	14:20:14: Line Cutter Data 5 {'radio_id': 1
2349	14:20:14: Orientation {'radio_id': 1
2350	14:20:14: Position Data {'radio_id': 1
2351	14:20:15: Orientation {'radio_id': 1
2352	14:20:15: Alt Info & Cfg {'radio_id': 1
2353	14:20:15: Orientation {'radio_id': 1
2354	14:20:15: Orientation {'radio_id': 1
2355	14:20:15: Orientation {'radio_id': 1
2356	14:20:15: Position Data {'radio_id': 1
2357	14:20:15: Pyro Info {'radio_id': 1
2358	14:20:15: Line Cutter Data 5 {'radio_id': 1
2359	14:20:15: Orientation {'radio_id': 1
2360	14:20:15: Position Data {'radio_id': 1
2361	14:20:15: Orientation {'radio_id': 1
2362	14:20:16: Position Data {'radio_id': 1
2363	14:20:16: Orientation {'radio_id': 1
2364	14:20:16: Position Data {'radio_id': 1
2365	14:20:16: Alt Info & Cfg {'radio_id': 1
2366	14:20:16: Orientation {'radio_id': 1
2367	14:20:16: Orientation {'radio_id': 1
2368	14:20:16: Position Data {'radio_id': 1
2369	14:20:16: Pyro Info {'radio_id': 1
2370	14:20:16: Line Cutter Data 1 {'radio_id': 1
2371	14:20:16: Orientation {'radio_id': 1
2372	14:20:16: Position Data {'radio_id': 1
2373	14:20:17: Orientation {'radio_id': 1
2374	14:20:17: Position Data {'radio_id': 1
2375	14:20:17: Orientation {'radio_id': 1
2376	14:20:17: Position Data {'radio_id': 1
2377	14:20:17: Orientation {'radio_id': 1
2378	14:20:17: Position Data {'radio_id': 1
2379	14:20:17: Orientation {'radio_id': 1
2380	14:20:17: Position Data {'radio_id': 1
2381	14:20:17: Alt Info & Cfg {'radio_id': 1
2382	14:20:17: Pyro Info {'radio_id': 1
2383	14:20:17: Line Cutter Data 5 {'radio_id': 1
2384	14:20:17: Position Data {'radio_id': 1
2385	14:20:17: Orientation {'radio_id': 1
2386	14:20:18: Position Data {'radio_id': 1
2387	14:20:18: Orientation {'radio_id': 1
2388	14:20:18: Orientation {'radio_id': 1
2389	14:20:18: Position Data {'radio_id': 1
2390	14:20:18: Orientation {'radio_id': 1
2391	14:20:18: Position Data {'radio_id': 1
2392	14:20:18: Line Cutter Data 5 {'radio_id': 1
2393	14:20:18: Position Data {'radio_id': 1
2394	14:20:19: Orientation {'radio_id': 1
2395	14:20:19: Position Data {'radio_id': 1
2396	14:20:19: Orientation {'radio_id': 1
2397	14:20:19: Position Data {'radio_id': 1
2398	14:20:19: Orientation {'radio_id': 1
2399	14:20:19: Position Data {'radio_id': 1
2400	14:20:19: Orientation {'radio_id': 1
2401	14:20:19: Position Data {'radio_id': 1
2402	14:20:19: Ground Station GPS {'gs_lat': 44.825048828125
2403	14:20:19: Line Cutter Data 1 {'radio_id': 1
2404	14:20:19: Orientation {'radio_id': 1
2405	14:20:19: Position Data {'radio_id': 1
2406	14:20:20: Orientation {'radio_id': 1
2407	14:20:20: Position Data {'radio_id': 1
2408	14:20:20: Alt Info & Cfg {'radio_id': 1
2409	14:20:20: Orientation {'radio_id': 1
2410	14:20:20: Position Data {'radio_id': 1
2411	14:20:20: Orientation {'radio_id': 1
2412	14:20:20: Position Data {'radio_id': 1
2413	14:20:20: Orientation {'radio_id': 1
2414	14:20:20: Pyro Info {'radio_id': 1
2415	14:20:20: Line Cutter Data 5 {'radio_id': 1
2416	14:20:20: Position Data {'radio_id': 1
2417	14:20:21: Orientation {'radio_id': 1
2418	14:20:21: Position Data {'radio_id': 1
2419	14:20:21: Orientation {'radio_id': 1
2420	14:20:21: Position Data {'radio_id': 1
2421	14:20:21: Orientation {'radio_id': 1
2422	14:20:21: Position Data {'radio_id': 1
2423	14:20:21: Orientation {'radio_id': 1
2424	14:20:21: Position Data {'radio_id': 1
2425	14:20:21: Ground Station GPS {'gs_lat': 44.825048828125
2426	14:20:21: Pyro Info {'radio_id': 1
2427	14:20:21: Line Cutter Data 5 {'radio_id': 1
2428	14:20:21: Position Data {'radio_id': 1
2429	14:20:21: Orientation {'radio_id': 1
2430	14:20:22: Position Data {'radio_id': 1
2431	14:20:22: Line Cutter Vars 5 {'radio_id': 1
2432	14:20:22: Orientation {'radio_id': 1
2433	14:20:22: Position Data {'radio_id': 1
2434	14:20:22: Orientation {'radio_id': 1
2435	14:20:22: Position Data {'radio_id': 1
2436	14:20:22: Orientation {'radio_id': 1
2437	14:20:22: Position Data {'radio_id': 1
2438	14:20:22: Pyro Info {'radio_id': 1
2439	14:20:22: Line Cutter Data 1 {'radio_id': 1
2440	14:20:22: Line Cutter Data 5 {'radio_id': 1
2441	14:20:22: Orientation {'radio_id': 1
2442	14:20:22: Orientation {'radio_id': 1
2443	14:20:23: Position Data {'radio_id': 1
2444	14:20:23: Orientation {'radio_id': 1
2445	14:20:23: Position Data {'radio_id': 1
2446	14:20:23: Orientation {'radio_id': 1
2447	14:20:23: Position Data {'radio_id': 1
2448	14:20:23: Orientation {'radio_id': 1
2449	14:20:23: Position Data {'radio_id': 1
2450	14:20:23: Ground Station GPS {'gs_lat': 44.825048828125
2451	14:20:23: Line Cutter Data 1 {'radio_id': 1
2452	14:20:23: Line Cutter Data 5 {'radio_id': 1
2453	14:20:23: Orientation {'radio_id': 1
2454	14:20:23: Alt Info & Cfg {'radio_id': 1
2455	14:20:24: Orientation {'radio_id': 1
2456	14:20:24: Position Data {'radio_id': 1
2457	14:20:24: Orientation {'radio_id': 1
2458	14:20:24: Position Data {'radio_id': 1
2459	14:20:24: Orientation {'radio_id': 1
2460	14:20:24: Orientation {'radio_id': 1
2461	14:20:24: Orientation {'radio_id': 1
2462	14:20:24: Position Data {'radio_id': 1
2463	14:20:24: Pyro Info {'radio_id': 1
2464	14:20:24: Line Cutter Data 1 {'radio_id': 1
2465	14:20:25: Line Cutter Data 5 {'radio_id': 1
2466	14:20:25: Orientation {'radio_id': 1
2467	14:20:25: Position Data {'radio_id': 1
2468	14:20:25: Orientation {'radio_id': 1
2469	14:20:25: Position Data {'radio_id': 1
2470	14:20:25: Orientation {'radio_id': 1
2471	14:20:25: Position Data {'radio_id': 1
2472	14:20:25: Orientation {'radio_id': 1
2473	14:20:25: Position Data {'radio_id': 1
2474	14:20:25: Orientation {'radio_id': 1
2475	14:20:25: Position Data {'radio_id': 1
2476	14:20:25: Pyro Info {'radio_id': 1
2477	14:20:25: Line Cutter Data 1 {'radio_id': 1
2478	14:20:26: Orientation {'radio_id': 1
2479	14:20:26: Orientation {'radio_id': 1
2480	14:20:26: Position Data {'radio_id': 1
2481	14:20:26: Alt Info & Cfg {'radio_id': 1
2482	14:20:26: Orientation {'radio_id': 1
2483	14:20:26: Position Data {'radio_id': 1
2484	14:20:26: Orientation {'radio_id': 1
2485	14:20:26: Orientation {'radio_id': 1
2486	14:20:26: Pyro Info {'radio_id': 1
2487	14:20:27: Line Cutter Data 5 {'radio_id': 1
2488	14:20:27: Position Data {'radio_id': 1
2489	14:20:27: Orientation {'radio_id': 1
2490	14:20:27: Position Data {'radio_id': 1
2491	14:20:27: Orientation {'radio_id': 1
2492	14:20:27: Position Data {'radio_id': 1
2493	14:20:27: Orientation {'radio_id': 1
2494	14:20:27: Position Data {'radio_id': 1
2495	14:20:27: Orientation {'radio_id': 1
2496	14:20:27: Position Data {'radio_id': 1
2497	14:20:27: Pyro Info {'radio_id': 1
2498	14:20:27: Line Cutter Data 1 {'radio_id': 1
2499	14:20:28: Orientation {'radio_id': 1
2500	14:20:28: Position Data {'radio_id': 1
2501	14:20:28: Orientation {'radio_id': 1
2502	14:20:28: Position Data {'radio_id': 1
2503	14:20:28: Orientation {'radio_id': 1
2504	14:20:28: Position Data {'radio_id': 1
2505	14:20:28: Orientation {'radio_id': 1
2506	14:20:28: Position Data {'radio_id': 1
2507	14:20:28: Alt Info & Cfg {'radio_id': 1
2508	14:20:28: Orientation {'radio_id': 1
2509	14:20:28: Position Data {'radio_id': 1
2510	14:20:28: Pyro Info {'radio_id': 1
2511	14:20:29: Line Cutter Data 5 {'radio_id': 1
2512	14:20:29: Position Data {'radio_id': 1
2513	14:20:29: Orientation {'radio_id': 1
2514	14:20:29: Position Data {'radio_id': 1
2515	14:20:29: Orientation {'radio_id': 1
2516	14:20:29: Position Data {'radio_id': 1
2517	14:20:29: Orientation {'radio_id': 1
2518	14:20:29: Position Data {'radio_id': 1
2519	14:20:29: Orientation {'radio_id': 1
2520	14:20:29: Position Data {'radio_id': 1
2521	14:20:29: Line Cutter Data 1 {'radio_id': 1
2522	14:20:29: Line Cutter Data 5 {'radio_id': 1
2523	14:20:30: Orientation {'radio_id': 1
2524	14:20:30: Position Data {'radio_id': 1
2525	14:20:30: Alt Info & Cfg {'radio_id': 1
2526	14:20:30: Orientation {'radio_id': 1
2527	14:20:30: Orientation {'radio_id': 1
2528	14:20:30: Pyro Info {'radio_id': 1
2529	14:20:30: Line Cutter Data 5 {'radio_id': 1
2530	14:20:31: Orientation {'radio_id': 1
2531	14:20:31: Orientation {'radio_id': 1
2532	14:20:31: Position Data {'radio_id': 1
2533	14:20:31: Orientation {'radio_id': 1
2534	14:20:31: Orientation {'radio_id': 1
2535	14:20:31: Position Data {'radio_id': 1
2536	14:20:31: Ground Station GPS {'gs_lat': 44.825016276041666
2537	14:20:31: Orientation {'radio_id': 1
2538	14:20:31: Pyro Info {'radio_id': 1
2539	14:20:31: Line Cutter Data 1 {'radio_id': 1
2540	14:20:31: Line Cutter Data 5 {'radio_id': 1
2541	14:20:32: Orientation {'radio_id': 1
2542	14:20:32: Position Data {'radio_id': 1
2543	14:20:32: Line Cutter Vars 5 {'radio_id': 1
2544	14:20:32: Orientation {'radio_id': 1
2545	14:20:32: Position Data {'radio_id': 1
2546	14:20:32: Orientation {'radio_id': 1
2547	14:20:32: Alt Info & Cfg {'radio_id': 1
2548	14:20:32: Orientation {'radio_id': 1
2549	14:20:32: Position Data {'radio_id': 1
2550	14:20:32: Orientation {'radio_id': 1
2551	14:20:32: Pyro Info {'radio_id': 1
2552	14:20:32: Line Cutter Data 1 {'radio_id': 1
2553	14:20:33: Line Cutter Data 5 {'radio_id': 1
2554	14:20:33: Position Data {'radio_id': 1
2555	14:20:33: Orientation {'radio_id': 1
2556	14:20:33: Position Data {'radio_id': 1
2557	14:20:33: Orientation {'radio_id': 1
2558	14:20:33: Position Data {'radio_id': 1
2559	14:20:33: Orientation {'radio_id': 1
2560	14:20:33: Position Data {'radio_id': 1
2561	14:20:33: Alt Info & Cfg {'radio_id': 1
2562	14:20:33: Orientation {'radio_id': 1
2563	14:20:33: Position Data {'radio_id': 1
2564	14:20:33: Pyro Info {'radio_id': 1
2565	14:20:33: Line Cutter Data 1 {'radio_id': 1
2566	14:20:34: Orientation {'radio_id': 1
2567	14:20:34: Position Data {'radio_id': 1
2568	14:20:34: Orientation {'radio_id': 1
2569	14:20:34: Position Data {'radio_id': 1
2570	14:20:34: Orientation {'radio_id': 1
2571	14:20:34: Position Data {'radio_id': 1
2572	14:20:34: Orientation {'radio_id': 1
2573	14:20:34: Position Data {'radio_id': 1
2574	14:20:34: Orientation {'radio_id': 1
2575	14:20:34: Position Data {'radio_id': 1
2576	14:20:34: Line Cutter Data 1 {'radio_id': 1
2577	14:20:35: Alt Info & Cfg {'radio_id': 1
2578	14:20:35: Orientation {'radio_id': 1
2579	14:20:35: Orientation {'radio_id': 1
2580	14:20:35: Position Data {'radio_id': 1
2581	14:20:35: Orientation {'radio_id': 1
2582	14:20:35: Position Data {'radio_id': 1
2583	14:20:35: Orientation {'radio_id': 1
2584	14:20:35: Ground Station GPS {'gs_lat': 44.825
2585	14:20:35: Orientation {'radio_id': 1
2586	14:20:35: Position Data {'radio_id': 1
2587	14:20:35: Pyro Info {'radio_id': 1
2588	14:20:35: Line Cutter Data 5 {'radio_id': 1
2589	14:20:36: Orientation {'radio_id': 1
2590	14:20:36: Position Data {'radio_id': 1
2591	14:20:36: Orientation {'radio_id': 1
2592	14:20:36: Position Data {'radio_id': 1
2593	14:20:36: Alt Info & Cfg {'radio_id': 1
2594	14:20:36: Orientation {'radio_id': 1
2595	14:20:36: Position Data {'radio_id': 1
2596	14:20:36: Orientation {'radio_id': 1
2597	14:20:36: Position Data {'radio_id': 1
2598	14:20:36: Orientation {'radio_id': 1
2599	14:20:36: Position Data {'radio_id': 1
2600	14:20:36: Pyro Info {'radio_id': 1
2601	14:20:36: Line Cutter Data 1 {'radio_id': 1
2602	14:20:36: Line Cutter Data 5 {'radio_id': 1
2603	14:20:37: Orientation {'radio_id': 1
2604	14:20:37: Position Data {'radio_id': 1
2605	14:20:37: Orientation {'radio_id': 1
2606	14:20:37: Position Data {'radio_id': 1
2607	14:20:37: Orientation {'radio_id': 1
2608	14:20:37: Position Data {'radio_id': 1
2609	14:20:37: Alt Info & Cfg {'radio_id': 1
2610	14:20:37: Orientation {'radio_id': 1
2611	14:20:37: Ground Station GPS {'gs_lat': 44.825
2612	14:20:37: Orientation {'radio_id': 1
2613	14:20:37: Position Data {'radio_id': 1
2614	14:20:37: Orientation {'radio_id': 1
2615	14:20:38: Position Data {'radio_id': 1
2616	14:20:38: Pyro Info {'radio_id': 1
2617	14:20:38: Line Cutter Data 1 {'radio_id': 1
2618	14:20:38: Line Cutter Data 5 {'radio_id': 1
2619	14:20:38: Orientation {'radio_id': 1
2620	14:20:38: Position Data {'radio_id': 1
2621	14:20:38: Orientation {'radio_id': 1
2622	14:20:38: Position Data {'radio_id': 1
2623	14:20:38: Orientation {'radio_id': 1
2624	14:20:38: Position Data {'radio_id': 1
2625	14:20:38: Alt Info & Cfg {'radio_id': 1
2626	14:20:38: Orientation {'radio_id': 1
2627	14:20:39: Orientation {'radio_id': 1
2628	14:20:39: Pyro Info {'radio_id': 1
2629	14:20:39: Line Cutter Data 5 {'radio_id': 1
2630	14:20:39: Orientation {'radio_id': 1
2631	14:20:39: Position Data {'radio_id': 1
2632	14:20:39: Orientation {'radio_id': 1
2633	14:20:39: Position Data {'radio_id': 1
2634	14:20:39: Orientation {'radio_id': 1
2635	14:20:39: Position Data {'radio_id': 1
2636	14:20:39: Ground Station GPS {'gs_lat': 44.824991861979164
2637	14:20:39: Orientation {'radio_id': 1
2638	14:20:39: Position Data {'radio_id': 1
2639	14:20:39: Alt Info & Cfg {'radio_id': 1
2640	14:20:39: Orientation {'radio_id': 1
2641	14:20:40: Position Data {'radio_id': 1
2642	14:20:40: Pyro Info {'radio_id': 1
2643	14:20:40: Line Cutter Data 1 {'radio_id': 1
2644	14:20:40: Line Cutter Data 5 {'radio_id': 1
2645	14:20:40: Orientation {'radio_id': 1
2646	14:20:40: Position Data {'radio_id': 1
2647	14:20:40: Orientation {'radio_id': 1
2648	14:20:40: Position Data {'radio_id': 1
2649	14:20:40: Orientation {'radio_id': 1
2650	14:20:40: Position Data {'radio_id': 1
2651	14:20:40: Orientation {'radio_id': 1
2652	14:20:40: Position Data {'radio_id': 1
2653	14:20:40: Orientation {'radio_id': 1
2654	14:20:41: Position Data {'radio_id': 1
2655	14:20:41: Pyro Info {'radio_id': 1
2656	14:20:41: Line Cutter Data 1 {'radio_id': 1
2657	14:20:41: Line Cutter Data 5 {'radio_id': 1
2658	14:20:41: Alt Info & Cfg {'radio_id': 1
2659	14:20:41: Orientation {'radio_id': 1
2660	14:20:41: Position Data {'radio_id': 1
2661	14:20:41: Orientation {'radio_id': 1
2662	14:20:41: Orientation {'radio_id': 1
2663	14:20:41: Position Data {'radio_id': 1
2664	14:20:41: Ground Station GPS {'gs_lat': 44.824991861979164
2665	14:20:41: Orientation {'radio_id': 1
2666	14:20:41: Position Data {'radio_id': 1
2667	14:20:42: Orientation {'radio_id': 1
2668	14:20:42: Pyro Info {'radio_id': 1
2669	14:20:42: Line Cutter Data 5 {'radio_id': 1
2670	14:20:42: Line Cutter Vars 1 {'radio_id': 1
2671	14:20:42: Line Cutter Vars 5 {'radio_id': 1
2672	14:20:42: Position Data {'radio_id': 1
2673	14:20:42: Orientation {'radio_id': 1
2674	14:20:42: Position Data {'radio_id': 1
2675	14:20:42: Orientation {'radio_id': 1
2676	14:20:42: Position Data {'radio_id': 1
2677	14:20:42: Orientation {'radio_id': 1
2678	14:20:42: Position Data {'radio_id': 1
2679	14:20:42: Orientation {'radio_id': 1
2680	14:20:43: Position Data {'radio_id': 1
2681	14:20:43: Line Cutter Data 1 {'radio_id': 1
2682	14:20:43: Orientation {'radio_id': 1
2683	14:20:43: Position Data {'radio_id': 1
2684	14:20:43: Orientation {'radio_id': 1
2685	14:20:43: Position Data {'radio_id': 1
2686	14:20:43: Orientation {'radio_id': 1
2687	14:20:43: Position Data {'radio_id': 1
2688	14:20:43: Alt Info & Cfg {'radio_id': 1
2689	14:20:43: Orientation {'radio_id': 1
2690	14:20:43: Position Data {'radio_id': 1
2691	14:20:44: Orientation {'radio_id': 1
2692	14:20:44: Position Data {'radio_id': 1
2693	14:20:44: Pyro Info {'radio_id': 1
2694	14:20:44: Line Cutter Data 5 {'radio_id': 1
2695	14:20:44: Orientation {'radio_id': 1
2696	14:20:44: Position Data {'radio_id': 1
2697	14:20:44: Orientation {'radio_id': 1
2698	14:20:44: Position Data {'radio_id': 1
2699	14:20:44: Orientation {'radio_id': 1
2700	14:20:44: Position Data {'radio_id': 1
2701	14:20:44: Orientation {'radio_id': 1
2702	14:20:44: Position Data {'radio_id': 1
2703	14:20:44: Orientation {'radio_id': 1
2704	14:20:45: Position Data {'radio_id': 1
2705	14:20:45: Pyro Info {'radio_id': 1
2706	14:20:45: Line Cutter Data 1 {'radio_id': 1
2707	14:20:45: Orientation {'radio_id': 1
2708	14:20:45: Orientation {'radio_id': 1
2709	14:20:45: Orientation {'radio_id': 1
2710	14:20:45: Ground Station GPS {'gs_lat': 44.8249755859375
2711	14:20:45: Orientation {'radio_id': 1
2712	14:20:46: Orientation {'radio_id': 1
2713	14:20:46: Position Data {'radio_id': 1
2714	14:20:46: Pyro Info {'radio_id': 1
2715	14:20:46: Line Cutter Data 1 {'radio_id': 1
2716	14:20:46: Line Cutter Data 5 {'radio_id': 1
2717	14:20:46: Alt Info & Cfg {'radio_id': 1
2718	14:20:46: Position Data {'radio_id': 1
2719	14:20:46: Orientation {'radio_id': 1
2720	14:20:46: Orientation {'radio_id': 1
2721	14:20:46: Orientation {'radio_id': 1
2722	14:20:46: Position Data {'radio_id': 1
2723	14:20:46: Orientation {'radio_id': 1
2724	14:20:47: Position Data {'radio_id': 1
2725	14:20:47: Pyro Info {'radio_id': 1
2726	14:20:47: Line Cutter Data 1 {'radio_id': 1
2727	14:20:47: Line Cutter Data 5 {'radio_id': 1
2728	14:20:47: Position Data {'radio_id': 1
2729	14:20:47: Alt Info & Cfg {'radio_id': 1
2730	14:20:47: Orientation {'radio_id': 1
2731	14:20:47: Orientation {'radio_id': 1
2732	14:20:47: Ground Station GPS {'gs_lat': 44.824951171875
2733	14:20:47: Orientation {'radio_id': 1
2734	14:20:47: Position Data {'radio_id': 1
2735	14:20:48: Orientation {'radio_id': 1
2736	14:20:48: Pyro Info {'radio_id': 1
2737	14:20:48: Line Cutter Data 1 {'radio_id': 1
2738	14:20:48: Line Cutter Data 5 {'radio_id': 1
2739	14:20:48: Orientation {'radio_id': 1
2740	14:20:48: Position Data {'radio_id': 1
2741	14:20:48: Orientation {'radio_id': 1
2742	14:20:48: Position Data {'radio_id': 1
2743	14:20:48: Orientation {'radio_id': 1
2744	14:20:48: Position Data {'radio_id': 1
2745	14:20:48: Alt Info & Cfg {'radio_id': 1
2746	14:20:48: Orientation {'radio_id': 1
2747	14:20:48: Position Data {'radio_id': 1
2748	14:20:49: Orientation {'radio_id': 1
2749	14:20:49: Position Data {'radio_id': 1
2750	14:20:49: Pyro Info {'radio_id': 1
2751	14:20:49: Line Cutter Data 1 {'radio_id': 1
2752	14:20:49: Line Cutter Data 5 {'radio_id': 1
2753	14:20:49: Position Data {'radio_id': 1
2754	14:20:49: Orientation {'radio_id': 1
2755	14:20:49: Position Data {'radio_id': 1
2756	14:20:49: Orientation {'radio_id': 1
2757	14:20:49: Position Data {'radio_id': 1
2758	14:20:49: Ground Station GPS {'gs_lat': 44.824951171875
2759	14:20:49: Orientation {'radio_id': 1
2760	14:20:49: Position Data {'radio_id': 1
2761	14:20:49: Orientation {'radio_id': 1
2762	14:20:50: Position Data {'radio_id': 1
2763	14:20:50: Pyro Info {'radio_id': 1
2764	14:20:50: Line Cutter Data 5 {'radio_id': 1
2765	14:20:50: Orientation {'radio_id': 1
2766	14:20:50: Orientation {'radio_id': 1
2767	14:20:50: Position Data {'radio_id': 1
2768	14:20:50: Orientation {'radio_id': 1
2769	14:20:50: Position Data {'radio_id': 1
2770	14:20:50: Orientation {'radio_id': 1
2771	14:20:51: Orientation {'radio_id': 1
2772	14:20:51: Position Data {'radio_id': 1
2773	14:20:51: Pyro Info {'radio_id': 1
2774	14:20:51: Line Cutter Data 1 {'radio_id': 1
2775	14:20:51: Orientation {'radio_id': 1
2776	14:20:51: Orientation {'radio_id': 1
2777	14:20:51: Position Data {'radio_id': 1
2778	14:20:51: Orientation {'radio_id': 1
2779	14:20:51: Position Data {'radio_id': 1
2780	14:20:51: Ground Station GPS {'gs_lat': 44.82494303385417
2781	14:20:51: Orientation {'radio_id': 1
2782	14:20:51: Position Data {'radio_id': 1
2783	14:20:52: Orientation {'radio_id': 1
2784	14:20:52: Position Data {'radio_id': 1
2785	14:20:52: Line Cutter Vars 5 {'radio_id': 1
2786	14:20:52: Orientation {'radio_id': 1
2787	14:20:52: Pyro Info {'radio_id': 1
2788	14:20:52: Line Cutter Data 5 {'radio_id': 1
2789	14:20:52: Alt Info & Cfg {'radio_id': 1
2790	14:20:52: Orientation {'radio_id': 1
2791	14:20:52: Orientation {'radio_id': 1
2792	14:20:52: Position Data {'radio_id': 1
2793	14:20:52: Orientation {'radio_id': 1
2794	14:20:52: Orientation {'radio_id': 1
2795	14:20:53: Position Data {'radio_id': 1
2796	14:20:53: Orientation {'radio_id': 1
2797	14:20:53: Position Data {'radio_id': 1
2798	14:20:53: Pyro Info {'radio_id': 1
2799	14:20:53: Line Cutter Data 1 {'radio_id': 1
2800	14:20:53: Line Cutter Data 5 {'radio_id': 1
2801	14:20:53: Orientation {'radio_id': 1
2802	14:20:53: Alt Info & Cfg {'radio_id': 1
2803	14:20:53: Orientation {'radio_id': 1
2804	14:20:53: Position Data {'radio_id': 1
2805	14:20:53: Ground Station GPS {'gs_lat': 44.8249267578125
2806	14:20:53: Orientation {'radio_id': 1
2807	14:20:53: Position Data {'radio_id': 1
2808	14:20:53: Orientation {'radio_id': 1
2809	14:20:54: Position Data {'radio_id': 1
2810	14:20:54: Orientation {'radio_id': 1
2811	14:20:54: Pyro Info {'radio_id': 1
2812	14:20:54: Line Cutter Data 1 {'radio_id': 1
2813	14:20:54: Line Cutter Data 5 {'radio_id': 1
2814	14:20:54: Orientation {'radio_id': 1
2815	14:20:54: Position Data {'radio_id': 1
2816	14:20:54: Orientation {'radio_id': 1
2817	14:20:54: Position Data {'radio_id': 1
2818	14:20:54: Orientation {'radio_id': 1
2819	14:20:54: Position Data {'radio_id': 1
2820	14:20:54: Orientation {'radio_id': 1
2821	14:20:55: Position Data {'radio_id': 1
2822	14:20:55: Orientation {'radio_id': 1
2823	14:20:55: Position Data {'radio_id': 1
2824	14:20:55: Line Cutter Data 1 {'radio_id': 1
2825	14:20:55: Orientation {'radio_id': 1
2826	14:20:55: Position Data {'radio_id': 1
2827	14:20:55: Orientation {'radio_id': 1
2828	14:20:55: Position Data {'radio_id': 1
2829	14:20:55: Ground Station GPS {'gs_lat': 44.824910481770836
2830	14:20:55: Orientation {'radio_id': 1
2831	14:20:55: Position Data {'radio_id': 1
2832	14:20:56: Orientation {'radio_id': 1
2833	14:20:56: Alt Info & Cfg {'radio_id': 1
2834	14:20:56: Orientation {'radio_id': 1
2835	14:20:56: Position Data {'radio_id': 1
2836	14:20:56: Line Cutter Data 1 {'radio_id': 1
2837	14:20:56: Line Cutter Data 5 {'radio_id': 1
2838	14:20:56: Position Data {'radio_id': 1
2839	14:20:56: Orientation {'radio_id': 1
2840	14:20:56: Position Data {'radio_id': 1
2841	14:20:56: Orientation {'radio_id': 1
2842	14:20:57: Orientation {'radio_id': 1
2843	14:20:57: Position Data {'radio_id': 1
2844	14:20:57: Orientation {'radio_id': 1
2845	14:20:57: Position Data {'radio_id': 1
2846	14:20:57: Pyro Info {'radio_id': 1
2847	14:20:57: Line Cutter Data 1 {'radio_id': 1
2848	14:20:57: Line Cutter Data 5 {'radio_id': 1
2849	14:20:57: Orientation {'radio_id': 1
2850	14:20:57: Orientation {'radio_id': 1
2851	14:20:57: Position Data {'radio_id': 1
2852	14:20:57: Ground Station GPS {'gs_lat': 44.824894205729166
2853	14:20:57: Position Data {'radio_id': 1
2854	14:20:58: Orientation {'radio_id': 1
2855	14:20:58: Position Data {'radio_id': 1
2856	14:20:58: Orientation {'radio_id': 1
2857	14:20:58: Position Data {'radio_id': 1
2858	14:20:58: Line Cutter Data 1 {'radio_id': 1
2859	14:20:58: Line Cutter Data 5 {'radio_id': 1
2860	14:20:58: Position Data {'radio_id': 1
2861	14:20:58: Orientation {'radio_id': 1
2862	14:20:58: Position Data {'radio_id': 1
2863	14:20:58: Orientation {'radio_id': 1
2864	14:20:58: Position Data {'radio_id': 1
2865	14:20:59: Orientation {'radio_id': 1
2866	14:20:59: Position Data {'radio_id': 1
2867	14:20:59: Orientation {'radio_id': 1
2868	14:20:59: Position Data {'radio_id': 1
2869	14:20:59: Pyro Info {'radio_id': 1
2870	14:20:59: Line Cutter Data 1 {'radio_id': 1
2871	14:20:59: Line Cutter Data 5 {'radio_id': 1
2872	14:20:59: Orientation {'radio_id': 1
2873	14:20:59: Orientation {'radio_id': 1
2874	14:20:59: Position Data {'radio_id': 1
2875	14:20:59: Alt Info & Cfg {'radio_id': 1
2876	14:20:59: Orientation {'radio_id': 1
2877	14:20:59: Orientation {'radio_id': 1
2878	14:21:00: Position Data {'radio_id': 1
2879	14:21:00: Orientation {'radio_id': 1
2880	14:21:00: Position Data {'radio_id': 1
2881	14:21:00: Pyro Info {'radio_id': 1
2882	14:21:00: Line Cutter Data 1 {'radio_id': 1
2883	14:21:00: Line Cutter Data 5 {'radio_id': 1
2884	14:21:00: Orientation {'radio_id': 1
2885	14:21:00: Position Data {'radio_id': 1
2886	14:21:00: Orientation {'radio_id': 1
2887	14:21:00: Position Data {'radio_id': 1
2888	14:21:00: Orientation {'radio_id': 1
2889	14:21:01: Orientation {'radio_id': 1
2890	14:21:01: Alt Info & Cfg {'radio_id': 1
2891	14:21:01: Orientation {'radio_id': 1
2892	14:21:01: Position Data {'radio_id': 1
2893	14:21:01: Pyro Info {'radio_id': 1
2894	14:21:01: Line Cutter Data 5 {'radio_id': 1
2895	14:21:01: Orientation {'radio_id': 1
2896	14:21:01: Orientation {'radio_id': 1
2897	14:21:01: Ground Station GPS {'gs_lat': 44.8248779296875
2898	14:21:01: Position Data {'radio_id': 1
2899	14:21:01: Orientation {'radio_id': 1
2900	14:21:02: Position Data {'radio_id': 1
2901	14:21:02: Orientation {'radio_id': 1
2902	14:21:02: Position Data {'radio_id': 1
2903	14:21:02: Line Cutter Vars 1 {'radio_id': 1
2904	14:21:02: Alt Info & Cfg {'radio_id': 1
2905	14:21:02: Pyro Info {'radio_id': 1
2906	14:21:02: Line Cutter Data 1 {'radio_id': 1
2907	14:21:02: Line Cutter Data 5 {'radio_id': 1
2908	14:21:02: Orientation {'radio_id': 1
2909	14:21:02: Position Data {'radio_id': 1
2910	14:21:02: Orientation {'radio_id': 1
2911	14:21:02: Orientation {'radio_id': 1
2912	14:21:02: Position Data {'radio_id': 1
2913	14:21:02: Orientation {'radio_id': 1
2914	14:21:03: Position Data {'radio_id': 1
2915	14:21:03: Orientation {'radio_id': 1
2916	14:21:03: Position Data {'radio_id': 1
2917	14:21:03: Line Cutter Data 1 {'radio_id': 1
2918	14:21:03: Orientation {'radio_id': 1
2919	14:21:03: Alt Info & Cfg {'radio_id': 1
2920	14:21:03: Orientation {'radio_id': 1
2921	14:21:03: Position Data {'radio_id': 1
2922	14:21:03: Ground Station GPS {'gs_lat': 44.82486165364583
2923	14:21:03: Orientation {'radio_id': 1
2924	14:21:03: Position Data {'radio_id': 1
2925	14:21:03: Orientation {'radio_id': 1
2926	14:21:04: Position Data {'radio_id': 1
2927	14:21:04: Orientation {'radio_id': 1
2928	14:21:04: Position Data {'radio_id': 1
2929	14:21:04: Line Cutter Data 1 {'radio_id': 1
2930	14:21:04: Orientation {'radio_id': 1
2931	14:21:04: Position Data {'radio_id': 1
2932	14:21:04: Orientation {'radio_id': 1
2933	14:21:04: Alt Info & Cfg {'radio_id': 1
2934	14:21:04: Orientation {'radio_id': 1
2935	14:21:04: Position Data {'radio_id': 1
2936	14:21:04: Orientation {'radio_id': 1
2937	14:21:05: Position Data {'radio_id': 1
2938	14:21:05: Orientation {'radio_id': 1
2939	14:21:05: Position Data {'radio_id': 1
2940	14:21:05: Line Cutter Data 1 {'radio_id': 1
2941	14:21:05: Line Cutter Data 5 {'radio_id': 1
2942	14:21:05: Orientation {'radio_id': 1
2943	14:21:05: Orientation {'radio_id': 1
2944	14:21:05: Position Data {'radio_id': 1
2945	14:21:05: Ground Station GPS {'gs_lat': 44.82484537760417
2946	14:21:05: Position Data {'radio_id': 1
2947	14:21:05: Alt Info & Cfg {'radio_id': 1
2948	14:21:06: Orientation {'radio_id': 1
2949	14:21:06: Position Data {'radio_id': 1
2950	14:21:06: Orientation {'radio_id': 1
2951	14:21:06: Position Data {'radio_id': 1
2952	14:21:06: Orientation {'radio_id': 1
2953	14:21:06: Pyro Info {'radio_id': 1
2954	14:21:06: Line Cutter Data 5 {'radio_id': 1
2955	14:21:06: Orientation {'radio_id': 1
2956	14:21:06: Position Data {'radio_id': 1
2957	14:21:06: Orientation {'radio_id': 1
2958	14:21:06: Position Data {'radio_id': 1
2959	14:21:06: Orientation {'radio_id': 1
2960	14:21:07: Position Data {'radio_id': 1
2961	14:21:07: Orientation {'radio_id': 1
2962	14:21:07: Position Data {'radio_id': 1
2963	14:21:07: Orientation {'radio_id': 1
2964	14:21:07: Position Data {'radio_id': 1
2965	14:21:07: Pyro Info {'radio_id': 1
2966	14:21:07: Line Cutter Data 1 {'radio_id': 1
2967	14:21:07: Orientation {'radio_id': 1
2968	14:21:07: Ground Station GPS {'gs_lat': 44.82481282552083
2969	14:21:07: Orientation {'radio_id': 1
2970	14:21:07: Position Data {'radio_id': 1
2971	14:21:07: Orientation {'radio_id': 1
2972	14:21:08: Position Data {'radio_id': 1
2973	14:21:08: Orientation {'radio_id': 1
2974	14:21:08: Position Data {'radio_id': 1
2975	14:21:08: Orientation {'radio_id': 1
2976	14:21:08: Position Data {'radio_id': 1
2977	14:21:08: Pyro Info {'radio_id': 1
2978	14:21:08: Line Cutter Data 1 {'radio_id': 1
2979	14:21:08: Orientation {'radio_id': 1
2980	14:21:08: Position Data {'radio_id': 1
2981	14:21:08: Orientation {'radio_id': 1
2982	14:21:09: Orientation {'radio_id': 1
2983	14:21:09: Orientation {'radio_id': 1
2984	14:21:09: Position Data {'radio_id': 1
2985	14:21:09: Orientation {'radio_id': 1
2986	14:21:09: Position Data {'radio_id': 1
2987	14:21:09: Pyro Info {'radio_id': 1
2988	14:21:09: Line Cutter Data 1 {'radio_id': 1
2989	14:21:09: Line Cutter Data 5 {'radio_id': 1
2990	14:21:09: Position Data {'radio_id': 1
2991	14:21:09: Ground Station GPS {'gs_lat': 44.82481282552083
2992	14:21:09: Position Data {'radio_id': 1
2993	14:21:10: Orientation {'radio_id': 1
2994	14:21:10: Position Data {'radio_id': 1
2995	14:21:10: Orientation {'radio_id': 1
2996	14:21:10: Position Data {'radio_id': 1
2997	14:21:10: Orientation {'radio_id': 1
2998	14:21:10: Position Data {'radio_id': 1
2999	14:21:10: Pyro Info {'radio_id': 1
3000	14:21:10: Line Cutter Data 1 {'radio_id': 1
3001	14:21:10: Orientation {'radio_id': 1
3002	14:21:10: Position Data {'radio_id': 1
3003	14:21:10: Orientation {'radio_id': 1
3004	14:21:10: Position Data {'radio_id': 1
3005	14:21:10: Orientation {'radio_id': 1
3006	14:21:11: Position Data {'radio_id': 1
3007	14:21:11: Orientation {'radio_id': 1
3008	14:21:11: Position Data {'radio_id': 1
3009	14:21:11: Orientation {'radio_id': 1
3010	14:21:11: Position Data {'radio_id': 1
3011	14:21:11: Line Cutter Data 1 {'radio_id': 1
3012	14:21:11: Line Cutter Data 5 {'radio_id': 1
3013	14:21:11: Orientation {'radio_id': 1
3014	14:21:11: Ground Station GPS {'gs_lat': 44.824788411458336
3015	14:21:11: Orientation {'radio_id': 1
3016	14:21:11: Position Data {'radio_id': 1
3017	14:21:11: Orientation {'radio_id': 1
3018	14:21:12: Position Data {'radio_id': 1
3019	14:21:12: Alt Info & Cfg {'radio_id': 1
3020	14:21:12: Orientation {'radio_id': 1
3021	14:21:12: Position Data {'radio_id': 1
3022	14:21:12: Line Cutter Vars 1 {'radio_id': 1
3023	14:21:12: Orientation {'radio_id': 1
3024	14:21:12: Position Data {'radio_id': 1
3025	14:21:12: Pyro Info {'radio_id': 1
3026	14:21:12: Line Cutter Data 1 {'radio_id': 1
3027	14:21:12: Orientation {'radio_id': 1
3028	14:21:12: Position Data {'radio_id': 1
3029	14:21:12: Orientation {'radio_id': 1
3030	14:21:12: Position Data {'radio_id': 1
3031	14:21:13: Orientation {'radio_id': 1
3032	14:21:13: Orientation {'radio_id': 1
3033	14:21:13: Position Data {'radio_id': 1
3034	14:21:13: Orientation {'radio_id': 1
3035	14:21:13: Position Data {'radio_id': 1
3036	14:21:13: Line Cutter Data 1 {'radio_id': 1
3037	14:21:13: Line Cutter Data 5 {'radio_id': 1
3038	14:21:13: Orientation {'radio_id': 1
3039	14:21:13: Ground Station GPS {'gs_lat': 44.824763997395834
3040	14:21:13: Position Data {'radio_id': 1
3041	14:21:14: Orientation {'radio_id': 1
3042	14:21:14: Orientation {'radio_id': 1
3043	14:21:14: Position Data {'radio_id': 1
3044	14:21:14: Orientation {'radio_id': 1
3045	14:21:14: Position Data {'radio_id': 1
3046	14:21:14: Line Cutter Data 1 {'radio_id': 1
3047	14:21:14: Orientation {'radio_id': 1
3048	14:21:14: Position Data {'radio_id': 1
3049	14:21:14: Alt Info & Cfg {'radio_id': 1
3050	14:21:14: Orientation {'radio_id': 1
3051	14:21:14: Position Data {'radio_id': 1
3052	14:21:15: Orientation {'radio_id': 1
3053	14:21:15: Position Data {'radio_id': 1
3054	14:21:15: Orientation {'radio_id': 1
3055	14:21:15: Position Data {'radio_id': 1
3056	14:21:15: Orientation {'radio_id': 1
3057	14:21:15: Position Data {'radio_id': 1
3058	14:21:15: Pyro Info {'radio_id': 1
3059	14:21:15: Line Cutter Data 1 {'radio_id': 1
3060	14:21:15: Line Cutter Data 5 {'radio_id': 1
3061	14:21:15: Orientation {'radio_id': 1
3062	14:21:15: Position Data {'radio_id': 1
3063	14:21:15: Ground Station GPS {'gs_lat': 44.824747721354164
3064	14:21:15: Position Data {'radio_id': 1
3065	14:21:15: Alt Info & Cfg {'radio_id': 1
3066	14:21:16: Orientation {'radio_id': 1
3067	14:21:16: Position Data {'radio_id': 1
3068	14:21:16: Orientation {'radio_id': 1
3069	14:21:16: Position Data {'radio_id': 1
3070	14:21:16: Orientation {'radio_id': 1
3071	14:21:16: Position Data {'radio_id': 1
3072	14:21:16: Pyro Info {'radio_id': 1
3073	14:21:16: Line Cutter Data 1 {'radio_id': 1
3074	14:21:16: Line Cutter Data 5 {'radio_id': 1
3075	14:21:16: Orientation {'radio_id': 1
3076	14:21:16: Position Data {'radio_id': 1
3077	14:21:16: Orientation {'radio_id': 1
3078	14:21:16: Position Data {'radio_id': 1
3079	14:21:16: Orientation {'radio_id': 1
3080	14:21:17: Position Data {'radio_id': 1
3081	14:21:17: Alt Info & Cfg {'radio_id': 1
3082	14:21:17: Orientation {'radio_id': 1
3083	14:21:17: Position Data {'radio_id': 1
3084	14:21:17: Orientation {'radio_id': 1
3085	14:21:17: Position Data {'radio_id': 1
3086	14:21:17: Pyro Info {'radio_id': 1
3087	14:21:17: Orientation {'radio_id': 1
3088	14:21:17: Position Data {'radio_id': 1
3089	14:21:17: Ground Station GPS {'gs_lat': 44.82473958333333
3090	14:21:18: Orientation {'radio_id': 1
3091	14:21:18: Position Data {'radio_id': 1
3092	14:21:18: Orientation {'radio_id': 1
3093	14:21:18: Position Data {'radio_id': 1
3094	14:21:18: Orientation {'radio_id': 1
3095	14:21:18: Position Data {'radio_id': 1
3096	14:21:18: Pyro Info {'radio_id': 1
3097	14:21:18: Line Cutter Data 1 {'radio_id': 1
3098	14:21:18: Line Cutter Data 5 {'radio_id': 1
3099	14:21:18: Position Data {'radio_id': 1
3100	14:21:18: Orientation {'radio_id': 1
3101	14:21:18: Orientation {'radio_id': 1
3102	14:21:19: Position Data {'radio_id': 1
3103	14:21:19: Orientation {'radio_id': 1
3104	14:21:19: Position Data {'radio_id': 1
3105	14:21:19: Orientation {'radio_id': 1
3106	14:21:19: Position Data {'radio_id': 1
3107	14:21:19: Orientation {'radio_id': 1
3108	14:21:19: Position Data {'radio_id': 1
3109	14:21:19: Alt Info & Cfg {'radio_id': 1
3110	14:21:19: Pyro Info {'radio_id': 1
3111	14:21:19: Line Cutter Data 5 {'radio_id': 1
3112	14:21:19: Orientation {'radio_id': 1
3113	14:21:19: Position Data {'radio_id': 1
3114	14:21:20: Orientation {'radio_id': 1
3115	14:21:20: Position Data {'radio_id': 1
3116	14:21:20: Orientation {'radio_id': 1
3117	14:21:20: Position Data {'radio_id': 1
3118	14:21:20: Orientation {'radio_id': 1
3119	14:21:20: Position Data {'radio_id': 1
3120	14:21:20: Orientation {'radio_id': 1
3121	14:21:20: Pyro Info {'radio_id': 1
3122	14:21:20: Line Cutter Data 5 {'radio_id': 1
3123	14:21:20: Orientation {'radio_id': 1
3124	14:21:20: Alt Info & Cfg {'radio_id': 1
3125	14:21:21: Orientation {'radio_id': 1
3126	14:21:21: Position Data {'radio_id': 1
3127	14:21:21: Orientation {'radio_id': 1
3128	14:21:21: Position Data {'radio_id': 1
3129	14:21:21: Orientation {'radio_id': 1
3130	14:21:21: Position Data {'radio_id': 1
3131	14:21:21: Orientation {'radio_id': 1
3132	14:21:21: Pyro Info {'radio_id': 1
3133	14:21:21: Line Cutter Data 1 {'radio_id': 1
3134	14:21:21: Orientation {'radio_id': 1
3135	14:21:21: Position Data {'radio_id': 1
3136	14:21:22: Orientation {'radio_id': 1
3137	14:21:22: Position Data {'radio_id': 1
3138	14:21:22: Orientation {'radio_id': 1
3139	14:21:22: Position Data {'radio_id': 1
3140	14:21:22: Line Cutter Vars 1 {'radio_id': 1
3141	14:21:22: Line Cutter Vars 5 {'radio_id': 1
3142	14:21:22: Orientation {'radio_id': 1
3143	14:21:22: Position Data {'radio_id': 1
3144	14:21:22: Orientation {'radio_id': 1
3145	14:21:22: Position Data {'radio_id': 1
3146	14:21:22: Pyro Info {'radio_id': 1
3147	14:21:22: Line Cutter Data 5 {'radio_id': 1
3148	14:21:22: Orientation {'radio_id': 1
3149	14:21:22: Position Data {'radio_id': 1
3150	14:21:23: Orientation {'radio_id': 1
3151	14:21:23: Orientation {'radio_id': 1
3152	14:21:23: Position Data {'radio_id': 1
3153	14:21:23: Alt Info & Cfg {'radio_id': 1
3154	14:21:23: Orientation {'radio_id': 1
3155	14:21:23: Position Data {'radio_id': 1
3156	14:21:23: Orientation {'radio_id': 1
3157	14:21:23: Position Data {'radio_id': 1
3158	14:21:23: Pyro Info {'radio_id': 1
3159	14:21:23: Line Cutter Data 5 {'radio_id': 1
3160	14:21:23: Orientation {'radio_id': 1
3161	14:21:23: Position Data {'radio_id': 1
3162	14:21:24: Orientation {'radio_id': 1
3163	14:21:24: Position Data {'radio_id': 1
3164	14:21:24: Orientation {'radio_id': 1
3165	14:21:24: Position Data {'radio_id': 1
3166	14:21:24: Orientation {'radio_id': 1
3167	14:21:24: Position Data {'radio_id': 1
3168	14:21:24: Alt Info & Cfg {'radio_id': 1
3169	14:21:24: Orientation {'radio_id': 1
3170	14:21:24: Position Data {'radio_id': 1
3171	14:21:24: Line Cutter Data 1 {'radio_id': 1
3172	14:21:24: Line Cutter Data 5 {'radio_id': 1
3173	14:21:24: Orientation {'radio_id': 1
3174	14:21:24: Position Data {'radio_id': 1
3175	14:21:25: Orientation {'radio_id': 1
3176	14:21:25: Position Data {'radio_id': 1
3177	14:21:25: Orientation {'radio_id': 1
3178	14:21:25: Position Data {'radio_id': 1
3179	14:21:25: Orientation {'radio_id': 1
3180	14:21:25: Position Data {'radio_id': 1
3181	14:21:25: Orientation {'radio_id': 1
3182	14:21:25: Position Data {'radio_id': 1
3183	14:21:25: Pyro Info {'radio_id': 1
3184	14:21:25: Line Cutter Data 1 {'radio_id': 1
3185	14:21:25: Ground Station GPS {'gs_lat': 44.824658203125
3186	14:21:25: Orientation {'radio_id': 1
3187	14:21:25: Alt Info & Cfg {'radio_id': 1
3188	14:21:26: Orientation {'radio_id': 1
3189	14:21:26: Position Data {'radio_id': 1
3190	14:21:26: Orientation {'radio_id': 1
3191	14:21:26: Position Data {'radio_id': 1
3192	14:21:26: Orientation {'radio_id': 1
3193	14:21:26: Position Data {'radio_id': 1
3194	14:21:26: Orientation {'radio_id': 1
3195	14:21:26: Position Data {'radio_id': 1
3196	14:21:26: Pyro Info {'radio_id': 1
3197	14:21:26: Line Cutter Data 1 {'radio_id': 1
3198	14:21:26: Line Cutter Data 5 {'radio_id': 1
3199	14:21:26: Orientation {'radio_id': 1
3200	14:21:26: Position Data {'radio_id': 1
3201	14:21:27: Orientation {'radio_id': 1
3202	14:21:27: Position Data {'radio_id': 1
3203	14:21:27: Alt Info & Cfg {'radio_id': 1
3204	14:21:27: Orientation {'radio_id': 1
3205	14:21:27: Position Data {'radio_id': 1
3206	14:21:27: Orientation {'radio_id': 1
3207	14:21:27: Orientation {'radio_id': 1
3208	14:21:27: Position Data {'radio_id': 1
3209	14:21:27: Line Cutter Data 5 {'radio_id': 1
3210	14:21:27: Position Data {'radio_id': 1
3211	14:21:28: Orientation {'radio_id': 1
3212	14:21:28: Position Data {'radio_id': 1
3213	14:21:28: Orientation {'radio_id': 1
3214	14:21:28: Position Data {'radio_id': 1
3215	14:21:28: Orientation {'radio_id': 1
3216	14:21:28: Position Data {'radio_id': 1
3217	14:21:28: Orientation {'radio_id': 1
3218	14:21:28: Position Data {'radio_id': 1
3219	14:21:28: Line Cutter Data 1 {'radio_id': 1
3220	14:21:28: Line Cutter Data 5 {'radio_id': 1
3221	14:21:28: Orientation {'radio_id': 1
3222	14:21:28: Position Data {'radio_id': 1
3223	14:21:28: Orientation {'radio_id': 1
3224	14:21:29: Position Data {'radio_id': 1
3225	14:21:29: Orientation {'radio_id': 1
3226	14:21:29: Orientation {'radio_id': 1
3227	14:21:29: Alt Info & Cfg {'radio_id': 1
3228	14:21:29: Orientation {'radio_id': 1
3229	14:21:29: Pyro Info {'radio_id': 1
3230	14:21:29: Line Cutter Data 1 {'radio_id': 1
3231	14:21:29: Line Cutter Data 5 {'radio_id': 1
3232	14:21:29: Ground Station GPS {'gs_lat': 44.8246337890625
3233	14:21:29: Position Data {'radio_id': 1
3234	14:21:29: Orientation {'radio_id': 1
3235	14:21:30: Position Data {'radio_id': 1
3236	14:21:30: Orientation {'radio_id': 1
3237	14:21:30: Orientation {'radio_id': 1
3238	14:21:30: Orientation {'radio_id': 1
3239	14:21:30: Position Data {'radio_id': 1
3240	14:21:30: Pyro Info {'radio_id': 1
3241	14:21:30: Line Cutter Data 1 {'radio_id': 1
3242	14:21:30: Line Cutter Data 5 {'radio_id': 1
3243	14:21:30: Orientation {'radio_id': 1
3244	14:21:31: Orientation {'radio_id': 1
3245	14:21:31: Position Data {'radio_id': 1
3246	14:21:31: Orientation {'radio_id': 1
3247	14:21:31: Position Data {'radio_id': 1
3248	14:21:31: Orientation {'radio_id': 1
3249	14:21:31: Position Data {'radio_id': 1
3250	14:21:31: Orientation {'radio_id': 1
3251	14:21:31: Position Data {'radio_id': 1
3252	14:21:31: Pyro Info {'radio_id': 1
3253	14:21:31: Line Cutter Data 5 {'radio_id': 1
3254	14:21:31: Ground Station GPS {'gs_lat': 44.8246337890625
3255	14:21:31: Position Data {'radio_id': 1
3256	14:21:32: Orientation {'radio_id': 1
3257	14:21:32: Position Data {'radio_id': 1
3258	14:21:32: Orientation {'radio_id': 1
3259	14:21:32: Position Data {'radio_id': 1
3260	14:21:32: Line Cutter Vars 1 {'radio_id': 1
3261	14:21:32: Orientation {'radio_id': 1
3262	14:21:32: Orientation {'radio_id': 1
3263	14:21:32: Orientation {'radio_id': 1
3264	14:21:32: Position Data {'radio_id': 1
3265	14:21:32: Line Cutter Data 1 {'radio_id': 1
3266	14:21:33: Line Cutter Data 5 {'radio_id': 1
3267	14:21:33: Position Data {'radio_id': 1
3268	14:21:33: Orientation {'radio_id': 1
3269	14:21:33: Position Data {'radio_id': 1
3270	14:21:33: Orientation {'radio_id': 1
3271	14:21:33: Position Data {'radio_id': 1
3272	14:21:33: Orientation {'radio_id': 1
3273	14:21:33: Position Data {'radio_id': 1
3274	14:21:33: Orientation {'radio_id': 1
3275	14:21:33: Ground Station GPS {'gs_lat': 44.824625651041664
3276	14:21:33: Pyro Info {'radio_id': 1
3277	14:21:33: Line Cutter Data 1 {'radio_id': 1
3278	14:21:34: Line Cutter Data 5 {'radio_id': 1
3279	14:21:34: Position Data {'radio_id': 1
3280	14:21:34: Orientation {'radio_id': 1
3281	14:21:34: Orientation {'radio_id': 1
3282	14:21:34: Position Data {'radio_id': 1
3283	14:21:34: Alt Info & Cfg {'radio_id': 1
3284	14:21:34: Orientation {'radio_id': 1
3285	14:21:34: Position Data {'radio_id': 1
3286	14:21:34: Orientation {'radio_id': 1
3287	14:21:34: Position Data {'radio_id': 1
3288	14:21:34: Pyro Info {'radio_id': 1
3289	14:21:34: Line Cutter Data 1 {'radio_id': 1
3290	14:21:35: Orientation {'radio_id': 1
3291	14:21:35: Orientation {'radio_id': 1
3292	14:21:35: Position Data {'radio_id': 1
3293	14:21:35: Orientation {'radio_id': 1
3294	14:21:35: Position Data {'radio_id': 1
3295	14:21:35: Orientation {'radio_id': 1
3296	14:21:35: Position Data {'radio_id': 1
3297	14:21:35: Orientation {'radio_id': 1
3298	14:21:35: Ground Station GPS {'gs_lat': 44.8246337890625
3299	14:21:35: Pyro Info {'radio_id': 1
3300	14:21:35: Line Cutter Data 1 {'radio_id': 1
3301	14:21:36: Orientation {'radio_id': 1
3302	14:21:36: Orientation {'radio_id': 1
3303	14:21:36: Position Data {'radio_id': 1
3304	14:21:36: Orientation {'radio_id': 1
3305	14:21:36: Position Data {'radio_id': 1
3306	14:21:36: Orientation {'radio_id': 1
3307	14:21:36: Position Data {'radio_id': 1
3308	14:21:36: Orientation {'radio_id': 1
3309	14:21:36: Position Data {'radio_id': 1
3310	14:21:36: Line Cutter Data 1 {'radio_id': 1
3311	14:21:36: Line Cutter Data 5 {'radio_id': 1
3312	14:21:37: Alt Info & Cfg {'radio_id': 1
3313	14:21:37: Position Data {'radio_id': 1
3314	14:21:37: Orientation {'radio_id': 1
3315	14:21:37: Position Data {'radio_id': 1
3316	14:21:37: Orientation {'radio_id': 1
3317	14:21:37: Position Data {'radio_id': 1
3318	14:21:37: Orientation {'radio_id': 1
3319	14:21:37: Position Data {'radio_id': 1
3320	14:21:37: Orientation {'radio_id': 1
3321	14:21:37: Position Data {'radio_id': 1
3322	14:21:37: Pyro Info {'radio_id': 1
3323	14:21:38: Line Cutter Data 5 {'radio_id': 1
3324	14:21:38: Position Data {'radio_id': 1
3325	14:21:38: Orientation {'radio_id': 1
3326	14:21:38: Position Data {'radio_id': 1
3327	14:21:38: Alt Info & Cfg {'radio_id': 1
3328	14:21:38: Orientation {'radio_id': 1
3329	14:21:38: Orientation {'radio_id': 1
3330	14:21:38: Position Data {'radio_id': 1
3331	14:21:38: Orientation {'radio_id': 1
3332	14:21:38: Position Data {'radio_id': 1
3333	14:21:38: Pyro Info {'radio_id': 1
3334	14:21:38: Line Cutter Data 1 {'radio_id': 1
3335	14:21:38: Line Cutter Data 5 {'radio_id': 1
3336	14:21:39: Orientation {'radio_id': 1
3337	14:21:39: Position Data {'radio_id': 1
3338	14:21:39: Orientation {'radio_id': 1
3339	14:21:39: Position Data {'radio_id': 1
3340	14:21:39: Orientation {'radio_id': 1
3341	14:21:39: Position Data {'radio_id': 1
3342	14:21:39: Alt Info & Cfg {'radio_id': 1
3343	14:21:39: Orientation {'radio_id': 1
3344	14:21:39: Orientation {'radio_id': 1
3345	14:21:39: Pyro Info {'radio_id': 1
3346	14:21:39: Line Cutter Data 1 {'radio_id': 1
3347	14:21:39: Line Cutter Data 5 {'radio_id': 1
3348	14:21:40: Orientation {'radio_id': 1
3349	14:21:40: Orientation {'radio_id': 1
3350	14:21:40: Orientation {'radio_id': 1
3351	14:21:40: Orientation {'radio_id': 1
3352	14:21:40: Alt Info & Cfg {'radio_id': 1
3353	14:21:40: Orientation {'radio_id': 1
3354	14:21:40: Position Data {'radio_id': 1
3355	14:21:40: Pyro Info {'radio_id': 1
3356	14:21:40: Line Cutter Data 1 {'radio_id': 1
3357	14:21:40: Line Cutter Data 5 {'radio_id': 1
3358	14:21:41: Position Data {'radio_id': 1
3359	14:21:41: Orientation {'radio_id': 1
3360	14:21:41: Position Data {'radio_id': 1
3361	14:21:41: Orientation {'radio_id': 1
3362	14:21:41: Position Data {'radio_id': 1
3363	14:21:41: Orientation {'radio_id': 1
3364	14:21:41: Position Data {'radio_id': 1
3365	14:21:41: Orientation {'radio_id': 1
3366	14:21:41: Position Data {'radio_id': 1
3367	14:21:41: Alt Info & Cfg {'radio_id': 1
3368	14:21:42: Line Cutter Data 1 {'radio_id': 1
3369	14:21:42: Line Cutter Data 5 {'radio_id': 1
3370	14:21:42: Orientation {'radio_id': 1
3371	14:21:42: Orientation {'radio_id': 1
3372	14:21:42: Position Data {'radio_id': 1
3373	14:21:42: Line Cutter Vars 1 {'radio_id': 1
3374	14:21:42: Line Cutter Vars 5 {'radio_id': 1
3375	14:21:42: Orientation {'radio_id': 1
3376	14:21:42: Position Data {'radio_id': 1
3377	14:21:42: Orientation {'radio_id': 1
3378	14:21:42: Position Data {'radio_id': 1
3379	14:21:42: Orientation {'radio_id': 1
3380	14:21:42: Position Data {'radio_id': 1
3381	14:21:42: Line Cutter Data 1 {'radio_id': 1
3382	14:21:43: Orientation {'radio_id': 1
3383	14:21:43: Position Data {'radio_id': 1
3384	14:21:43: Alt Info & Cfg {'radio_id': 1
3385	14:21:43: Orientation {'radio_id': 1
3386	14:21:43: Position Data {'radio_id': 1
3387	14:21:43: Orientation {'radio_id': 1
3388	14:21:43: Position Data {'radio_id': 1
3389	14:21:43: Orientation {'radio_id': 1
3390	14:21:43: Position Data {'radio_id': 1
3391	14:21:43: Orientation {'radio_id': 1
3392	14:21:43: Position Data {'radio_id': 1
3393	14:21:43: Line Cutter Data 1 {'radio_id': 1
3394	14:21:44: Orientation {'radio_id': 1
3395	14:21:44: Position Data {'radio_id': 1
3396	14:21:44: Orientation {'radio_id': 1
3397	14:21:44: Position Data {'radio_id': 1
3398	14:21:44: Orientation {'radio_id': 1
3399	14:21:44: Position Data {'radio_id': 1
3400	14:21:44: Alt Info & Cfg {'radio_id': 1
3401	14:21:44: Orientation {'radio_id': 1
3402	14:21:44: Position Data {'radio_id': 1
3403	14:21:44: Orientation {'radio_id': 1
3404	14:21:44: Position Data {'radio_id': 1
3405	14:21:44: Pyro Info {'radio_id': 1
3406	14:21:44: Line Cutter Data 1 {'radio_id': 1
3407	14:21:44: Line Cutter Data 5 {'radio_id': 1
3408	14:21:45: Orientation {'radio_id': 1
3409	14:21:45: Position Data {'radio_id': 1
3410	14:21:45: Orientation {'radio_id': 1
3411	14:21:45: Position Data {'radio_id': 1
3412	14:21:45: Orientation {'radio_id': 1
3413	14:21:45: Position Data {'radio_id': 1
3414	14:21:45: Orientation {'radio_id': 1
3415	14:21:45: Position Data {'radio_id': 1
3416	14:21:45: Alt Info & Cfg {'radio_id': 1
3417	14:21:45: Orientation {'radio_id': 1
3418	14:21:45: Ground Station GPS {'gs_lat': 44.824641927083334
3419	14:21:45: Pyro Info {'radio_id': 1
3420	14:21:45: Line Cutter Data 1 {'radio_id': 1
3421	14:21:45: Line Cutter Data 5 {'radio_id': 1
3422	14:21:46: Orientation {'radio_id': 1
3423	14:21:46: Orientation {'radio_id': 1
3424	14:21:46: Orientation {'radio_id': 1
3425	14:21:46: Position Data {'radio_id': 1
3426	14:21:46: Orientation {'radio_id': 1
3427	14:21:46: Position Data {'radio_id': 1
3428	14:21:46: Orientation {'radio_id': 1
3429	14:21:46: Alt Info & Cfg {'radio_id': 1
3430	14:21:47: Orientation {'radio_id': 1
3431	14:21:47: Position Data {'radio_id': 1
3432	14:21:47: Pyro Info {'radio_id': 1
3433	14:21:47: Line Cutter Data 5 {'radio_id': 1
3434	14:21:47: Position Data {'radio_id': 1
3435	14:21:47: Orientation {'radio_id': 1
3436	14:21:47: Orientation {'radio_id': 1
3437	14:21:47: Position Data {'radio_id': 1
3438	14:21:47: Orientation {'radio_id': 1
3439	14:21:47: Position Data {'radio_id': 1
3440	14:21:47: Ground Station GPS {'gs_lat': 44.824641927083334
3441	14:21:47: Orientation {'radio_id': 1
3442	14:21:48: Position Data {'radio_id': 1
3443	14:21:48: Pyro Info {'radio_id': 1
3444	14:21:48: Line Cutter Data 1 {'radio_id': 1
3445	14:21:48: Line Cutter Data 5 {'radio_id': 1
3446	14:21:48: Alt Info & Cfg {'radio_id': 1
3447	14:21:48: Orientation {'radio_id': 1
3448	14:21:48: Orientation {'radio_id': 1
3449	14:21:48: Orientation {'radio_id': 1
3450	14:21:48: Position Data {'radio_id': 1
3451	14:21:48: Orientation {'radio_id': 1
3452	14:21:48: Position Data {'radio_id': 1
3453	14:21:48: Orientation {'radio_id': 1
3454	14:21:49: Position Data {'radio_id': 1
3455	14:21:49: Line Cutter Data 1 {'radio_id': 1
3456	14:21:49: Orientation {'radio_id': 1
3457	14:21:49: Position Data {'radio_id': 1
3458	14:21:49: Orientation {'radio_id': 1
3459	14:21:49: Position Data {'radio_id': 1
3460	14:21:49: Alt Info & Cfg {'radio_id': 1
3461	14:21:49: Orientation {'radio_id': 1
3462	14:21:49: Orientation {'radio_id': 1
3463	14:21:49: Position Data {'radio_id': 1
3464	14:21:49: Ground Station GPS {'gs_lat': 44.824641927083334
3465	14:21:50: Orientation {'radio_id': 1
3466	14:21:50: Position Data {'radio_id': 1
3467	14:21:50: Pyro Info {'radio_id': 1
3468	14:21:50: Line Cutter Data 1 {'radio_id': 1
3469	14:21:50: Line Cutter Data 5 {'radio_id': 1
3470	14:21:50: Position Data {'radio_id': 1
3471	14:21:50: Orientation {'radio_id': 1
3472	14:21:50: Orientation {'radio_id': 1
3473	14:21:50: Alt Info & Cfg {'radio_id': 1
3474	14:21:50: Orientation {'radio_id': 1
3475	14:21:50: Position Data {'radio_id': 1
3476	14:21:51: Orientation {'radio_id': 1
3477	14:21:51: Position Data {'radio_id': 1
3478	14:21:51: Line Cutter Data 1 {'radio_id': 1
3479	14:21:51: Orientation {'radio_id': 1
3480	14:21:51: Orientation {'radio_id': 1
3481	14:21:51: Position Data {'radio_id': 1
3482	14:21:51: Orientation {'radio_id': 1
3483	14:21:51: Position Data {'radio_id': 1
3484	14:21:51: Orientation {'radio_id': 1
3485	14:21:51: Ground Station GPS {'gs_lat': 44.824641927083334
3486	14:21:51: Alt Info & Cfg {'radio_id': 1
3487	14:21:52: Orientation {'radio_id': 1
3488	14:21:52: Pyro Info {'radio_id': 1
3489	14:21:52: Line Cutter Data 1 {'radio_id': 1
3490	14:21:52: Line Cutter Data 5 {'radio_id': 1
3491	14:21:52: Orientation {'radio_id': 1
3492	14:21:52: Line Cutter Vars 1 {'radio_id': 1
3493	14:21:52: Orientation {'radio_id': 1
3494	14:21:52: Orientation {'radio_id': 1
3495	14:21:52: Position Data {'radio_id': 1
3496	14:21:52: Orientation {'radio_id': 1
3497	14:21:52: Position Data {'radio_id': 1
3498	14:21:53: Orientation {'radio_id': 1
3499	14:21:53: Pyro Info {'radio_id': 1
3500	14:21:53: Line Cutter Data 5 {'radio_id': 1
3501	14:21:53: Orientation {'radio_id': 1
3502	14:21:53: Position Data {'radio_id': 1
3503	14:21:53: Orientation {'radio_id': 1
3504	14:21:53: Position Data {'radio_id': 1
3505	14:21:53: Orientation {'radio_id': 1
3506	14:21:53: Position Data {'radio_id': 1
3507	14:21:53: Orientation {'radio_id': 1
3508	14:21:53: Position Data {'radio_id': 1
3509	14:21:54: Orientation {'radio_id': 1
3510	14:21:54: Position Data {'radio_id': 1
3511	14:21:54: Pyro Info {'radio_id': 1
3512	14:21:54: Line Cutter Data 1 {'radio_id': 1
3513	14:21:54: Line Cutter Data 5 {'radio_id': 1
3514	14:21:54: Orientation {'radio_id': 1
3515	14:21:54: Orientation {'radio_id': 1
3516	14:21:54: Position Data {'radio_id': 1
3517	14:21:54: Alt Info & Cfg {'radio_id': 1
3518	14:21:54: Orientation {'radio_id': 1
3519	14:21:54: Position Data {'radio_id': 1
3520	14:21:54: Orientation {'radio_id': 1
3521	14:21:55: Orientation {'radio_id': 1
3522	14:21:55: Pyro Info {'radio_id': 1
3523	14:21:55: Line Cutter Data 1 {'radio_id': 1
3524	14:21:55: Line Cutter Data 5 {'radio_id': 1
3525	14:21:55: Orientation {'radio_id': 1
3526	14:21:55: Orientation {'radio_id': 1
3527	14:21:55: Orientation {'radio_id': 1
3528	14:21:55: Alt Info & Cfg {'radio_id': 1
3529	14:21:55: Orientation {'radio_id': 1
3530	14:21:55: Position Data {'radio_id': 1
3531	14:21:55: Ground Station GPS {'gs_lat': 44.824641927083334
3532	14:21:56: Orientation {'radio_id': 1
3533	14:21:56: Pyro Info {'radio_id': 1
3534	14:21:56: Line Cutter Data 5 {'radio_id': 1
3535	14:21:56: Orientation {'radio_id': 1
3536	14:21:56: Position Data {'radio_id': 1
3537	14:21:56: Orientation {'radio_id': 1
3538	14:21:56: Position Data {'radio_id': 1
3539	14:21:56: Orientation {'radio_id': 1
3540	14:21:56: Position Data {'radio_id': 1
3541	14:21:56: Orientation {'radio_id': 1
3542	14:21:56: Position Data {'radio_id': 1
3543	14:21:56: Alt Info & Cfg {'radio_id': 1
3544	14:21:57: Orientation {'radio_id': 1
3545	14:21:57: Position Data {'radio_id': 1
3546	14:21:57: Pyro Info {'radio_id': 1
3547	14:21:57: Line Cutter Data 1 {'radio_id': 1
3548	14:21:57: Line Cutter Data 5 {'radio_id': 1
3549	14:21:57: Orientation {'radio_id': 1
3550	14:21:57: Position Data {'radio_id': 1
3551	14:21:57: Orientation {'radio_id': 1
3552	14:21:57: Orientation {'radio_id': 1
3553	14:21:57: Orientation {'radio_id': 1
3554	14:21:57: Ground Station GPS {'gs_lat': 44.824641927083334
3555	14:21:58: Orientation {'radio_id': 1
3556	14:21:58: Position Data {'radio_id': 1
3557	14:21:58: Alt Info & Cfg {'radio_id': 1
3558	14:21:58: Orientation {'radio_id': 1
3559	14:21:58: Position Data {'radio_id': 1
3560	14:21:58: Pyro Info {'radio_id': 1
3561	14:21:58: Line Cutter Data 1 {'radio_id': 1
3562	14:21:58: Orientation {'radio_id': 1
3563	14:21:58: Position Data {'radio_id': 1
3564	14:21:58: Orientation {'radio_id': 1
3565	14:21:58: Position Data {'radio_id': 1
3566	14:21:58: Orientation {'radio_id': 1
3567	14:21:58: Position Data {'radio_id': 1
3568	14:21:59: Orientation {'radio_id': 1
3569	14:21:59: Position Data {'radio_id': 1
3570	14:21:59: Orientation {'radio_id': 1
3571	14:21:59: Position Data {'radio_id': 1
3572	14:21:59: Pyro Info {'radio_id': 1
3573	14:21:59: Line Cutter Data 1 {'radio_id': 1
3574	14:21:59: Line Cutter Data 5 {'radio_id': 1
3575	14:21:59: Alt Info & Cfg {'radio_id': 1
3576	14:21:59: Orientation {'radio_id': 1
3577	14:21:59: Position Data {'radio_id': 1
3578	14:21:59: Orientation {'radio_id': 1
3579	14:21:59: Position Data {'radio_id': 1
3580	14:21:59: Orientation {'radio_id': 1
3581	14:21:59: Position Data {'radio_id': 1
3582	14:21:59: Orientation {'radio_id': 1
3583	14:22:00: Position Data {'radio_id': 1
3584	14:22:00: Orientation {'radio_id': 1
3585	14:22:00: Position Data {'radio_id': 1
3586	14:22:00: Pyro Info {'radio_id': 1
3587	14:22:00: Line Cutter Data 1 {'radio_id': 1
3588	14:22:00: Line Cutter Data 5 {'radio_id': 1
3589	14:22:00: Orientation {'radio_id': 1
3590	14:22:00: Orientation {'radio_id': 1
3591	14:22:00: Position Data {'radio_id': 1
3592	14:22:00: Alt Info & Cfg {'radio_id': 1
3593	14:22:00: Orientation {'radio_id': 1
3594	14:22:01: Orientation {'radio_id': 1
3595	14:22:01: Position Data {'radio_id': 1
3596	14:22:01: Orientation {'radio_id': 1
3597	14:22:01: Pyro Info {'radio_id': 1
3598	14:22:01: Line Cutter Data 1 {'radio_id': 1
3599	14:22:01: Line Cutter Data 5 {'radio_id': 1
3600	14:22:01: Orientation {'radio_id': 1
3601	14:22:01: Position Data {'radio_id': 1
3602	14:22:01: Orientation {'radio_id': 1
3603	14:22:01: Orientation {'radio_id': 1
3604	14:22:01: Position Data {'radio_id': 1
3605	14:22:01: Alt Info & Cfg {'radio_id': 1
3606	14:22:02: Orientation {'radio_id': 1
3607	14:22:02: Position Data {'radio_id': 1
3608	14:22:02: Orientation {'radio_id': 1
3609	14:22:02: Position Data {'radio_id': 1
3610	14:22:02: Pyro Info {'radio_id': 1
3611	14:22:02: Line Cutter Data 1 {'radio_id': 1
3612	14:22:02: Line Cutter Data 5 {'radio_id': 1
3613	14:22:02: Line Cutter Vars 1 {'radio_id': 1
3614	14:22:02: Line Cutter Vars 5 {'radio_id': 1
3615	14:22:02: Orientation {'radio_id': 1
3616	14:22:02: Orientation {'radio_id': 1
3617	14:22:02: Position Data {'radio_id': 1
3618	14:22:02: Orientation {'radio_id': 1
3619	14:22:02: Position Data {'radio_id': 1
3620	14:22:03: Orientation {'radio_id': 1
3621	14:22:03: Position Data {'radio_id': 1
3622	14:22:03: Alt Info & Cfg {'radio_id': 1
3623	14:22:03: Orientation {'radio_id': 1
3624	14:22:03: Position Data {'radio_id': 1
3625	14:22:03: Pyro Info {'radio_id': 1
3626	14:22:03: Line Cutter Data 1 {'radio_id': 1
3627	14:22:03: Line Cutter Data 5 {'radio_id': 1
3628	14:22:03: Position Data {'radio_id': 1
3629	14:22:03: Orientation {'radio_id': 1
3630	14:22:03: Orientation {'radio_id': 1
3631	14:22:03: Ground Station GPS {'gs_lat': 44.8246337890625
3632	14:22:04: Orientation {'radio_id': 1
3633	14:22:04: Orientation {'radio_id': 1
3634	14:22:04: Position Data {'radio_id': 1
3635	14:22:04: Pyro Info {'radio_id': 1
3636	14:22:04: Line Cutter Data 1 {'radio_id': 1
3637	14:22:04: Line Cutter Data 5 {'radio_id': 1
3638	14:22:04: Alt Info & Cfg {'radio_id': 1
3639	14:22:04: Orientation {'radio_id': 1
3640	14:22:04: Position Data {'radio_id': 1
3641	14:22:04: Orientation {'radio_id': 1
3642	14:22:04: Position Data {'radio_id': 1
3643	14:22:04: Orientation {'radio_id': 1
3644	14:22:04: Position Data {'radio_id': 1
3645	14:22:05: Orientation {'radio_id': 1
3646	14:22:05: Orientation {'radio_id': 1
3647	14:22:05: Position Data {'radio_id': 1
3648	14:22:05: Pyro Info {'radio_id': 1
3649	14:22:05: Line Cutter Data 1 {'radio_id': 1
3650	14:22:05: Line Cutter Data 5 {'radio_id': 1
3651	14:22:05: Position Data {'radio_id': 1
3652	14:22:05: Alt Info & Cfg {'radio_id': 1
3653	14:22:05: Orientation {'radio_id': 1
3654	14:22:05: Position Data {'radio_id': 1
3655	14:22:05: Orientation {'radio_id': 1
3656	14:22:05: Position Data {'radio_id': 1
3657	14:22:05: Ground Station GPS {'gs_lat': 44.8246337890625
3658	14:22:06: Orientation {'radio_id': 1
3659	14:22:06: Orientation {'radio_id': 1
3660	14:22:06: Position Data {'radio_id': 1
3661	14:22:06: Pyro Info {'radio_id': 1
3662	14:22:06: Line Cutter Data 5 {'radio_id': 1
3663	14:22:06: Orientation {'radio_id': 1
3664	14:22:06: Position Data {'radio_id': 1
3665	14:22:06: Orientation {'radio_id': 1
3666	14:22:06: Orientation {'radio_id': 1
3667	14:22:06: Position Data {'radio_id': 1
3668	14:22:06: Alt Info & Cfg {'radio_id': 1
3669	14:22:07: Orientation {'radio_id': 1
3670	14:22:07: Orientation {'radio_id': 1
3671	14:22:07: Position Data {'radio_id': 1
3672	14:22:07: Pyro Info {'radio_id': 1
3673	14:22:07: Line Cutter Data 1 {'radio_id': 1
3674	14:22:07: Line Cutter Data 5 {'radio_id': 1
3675	14:22:07: Orientation {'radio_id': 1
3676	14:22:07: Position Data {'radio_id': 1
3677	14:22:07: Orientation {'radio_id': 1
3678	14:22:07: Position Data {'radio_id': 1
3679	14:22:07: Orientation {'radio_id': 1
3680	14:22:07: Position Data {'radio_id': 1
3681	14:22:07: Ground Station GPS {'gs_lat': 44.8246337890625
3682	14:22:08: Orientation {'radio_id': 1
3683	14:22:08: Position Data {'radio_id': 1
3684	14:22:08: Alt Info & Cfg {'radio_id': 1
3685	14:22:08: Orientation {'radio_id': 1
3686	14:22:08: Position Data {'radio_id': 1
3687	14:22:08: Pyro Info {'radio_id': 1
3688	14:22:08: Line Cutter Data 5 {'radio_id': 1
3689	14:22:08: Orientation {'radio_id': 1
3690	14:22:08: Position Data {'radio_id': 1
3691	14:22:08: Orientation {'radio_id': 1
3692	14:22:08: Position Data {'radio_id': 1
3693	14:22:08: Orientation {'radio_id': 1
3694	14:22:08: Position Data {'radio_id': 1
3695	14:22:09: Orientation {'radio_id': 1
3696	14:22:09: Position Data {'radio_id': 1
3697	14:22:09: Orientation {'radio_id': 1
3698	14:22:09: Position Data {'radio_id': 1
3699	14:22:09: Pyro Info {'radio_id': 1
3700	14:22:09: Line Cutter Data 5 {'radio_id': 1
3701	14:22:09: Orientation {'radio_id': 1
3702	14:22:09: Position Data {'radio_id': 1
3703	14:22:09: Orientation {'radio_id': 1
3704	14:22:09: Position Data {'radio_id': 1
3705	14:22:09: Ground Station GPS {'gs_lat': 44.824625651041664
3706	14:22:09: Orientation {'radio_id': 1
3707	14:22:10: Position Data {'radio_id': 1
3708	14:22:10: Orientation {'radio_id': 1
3709	14:22:10: Position Data {'radio_id': 1
3710	14:22:10: Orientation {'radio_id': 1
3711	14:22:10: Position Data {'radio_id': 1
3712	14:22:10: Line Cutter Data 1 {'radio_id': 1
3713	14:22:10: Orientation {'radio_id': 1
3714	14:22:10: Position Data {'radio_id': 1
3715	14:22:10: Alt Info & Cfg {'radio_id': 1
3716	14:22:10: Orientation {'radio_id': 1
3717	14:22:10: Position Data {'radio_id': 1
3718	14:22:11: Orientation {'radio_id': 1
3719	14:22:11: Position Data {'radio_id': 1
3720	14:22:11: Orientation {'radio_id': 1
3721	14:22:11: Position Data {'radio_id': 1
3722	14:22:11: Orientation {'radio_id': 1
3723	14:22:11: Position Data {'radio_id': 1
3724	14:22:11: Line Cutter Data 1 {'radio_id': 1
3725	14:22:11: Line Cutter Data 5 {'radio_id': 1
3726	14:22:11: Position Data {'radio_id': 1
3727	14:22:11: Position Data {'radio_id': 1
3728	14:22:12: Orientation {'radio_id': 1
3729	14:22:12: Position Data {'radio_id': 1
3730	14:22:12: Orientation {'radio_id': 1
3731	14:22:12: Position Data {'radio_id': 1
3732	14:22:12: Line Cutter Vars 5 {'radio_id': 1
3733	14:22:12: Orientation {'radio_id': 1
3734	14:22:12: Line Cutter Data 1 {'radio_id': 1
3735	14:22:12: Orientation {'radio_id': 1
3736	14:22:12: Position Data {'radio_id': 1
3737	14:22:12: Orientation {'radio_id': 1
3738	14:22:12: Position Data {'radio_id': 1
3739	14:22:12: Orientation {'radio_id': 1
3740	14:22:13: Position Data {'radio_id': 1
3741	14:22:13: Alt Info & Cfg {'radio_id': 1
3742	14:22:13: Orientation {'radio_id': 1
3743	14:22:13: Orientation {'radio_id': 1
3744	14:22:13: Position Data {'radio_id': 1
3745	14:22:13: Pyro Info {'radio_id': 1
3746	14:22:13: Line Cutter Data 1 {'radio_id': 1
3747	14:22:13: Line Cutter Data 5 {'radio_id': 1
3748	14:22:13: Orientation {'radio_id': 1
3749	14:22:13: Position Data {'radio_id': 1
3750	14:22:13: Orientation {'radio_id': 1
3751	14:22:13: Ground Station GPS {'gs_lat': 44.8246337890625
3752	14:22:14: Orientation {'radio_id': 1
3753	14:22:14: Position Data {'radio_id': 1
3754	14:22:14: Position Data {'radio_id': 1
3755	14:22:14: Orientation {'radio_id': 1
3756	14:22:14: Position Data {'radio_id': 1
3757	14:22:14: Pyro Info {'radio_id': 1
3758	14:22:14: Line Cutter Data 5 {'radio_id': 1
3759	14:22:14: Orientation {'radio_id': 1
3760	14:22:14: Position Data {'radio_id': 1
3761	14:22:14: Orientation {'radio_id': 1
3762	14:22:14: Position Data {'radio_id': 1
3763	14:22:15: Orientation {'radio_id': 1
3764	14:22:15: Position Data {'radio_id': 1
3765	14:22:15: Orientation {'radio_id': 1
3766	14:22:15: Orientation {'radio_id': 1
3767	14:22:15: Position Data {'radio_id': 1
3768	14:22:15: Line Cutter Data 1 {'radio_id': 1
3769	14:22:15: Line Cutter Data 5 {'radio_id': 1
3770	14:22:15: Orientation {'radio_id': 1
3771	14:22:15: Position Data {'radio_id': 1
3772	14:22:15: Orientation {'radio_id': 1
3773	14:22:15: Ground Station GPS {'gs_lat': 44.8246337890625
3774	14:22:15: Orientation {'radio_id': 1
3775	14:22:16: Position Data {'radio_id': 1
3776	14:22:16: Orientation {'radio_id': 1
3777	14:22:16: Position Data {'radio_id': 1
3778	14:22:16: Orientation {'radio_id': 1
3779	14:22:16: Position Data {'radio_id': 1
3780	14:22:16: Pyro Info {'radio_id': 1
3781	14:22:16: Line Cutter Data 1 {'radio_id': 1
3782	14:22:16: Orientation {'radio_id': 1
3783	14:22:16: Position Data {'radio_id': 1
3784	14:22:16: Orientation {'radio_id': 1
3785	14:22:16: Position Data {'radio_id': 1
3786	14:22:17: Orientation {'radio_id': 1
3787	14:22:17: Orientation {'radio_id': 1
3788	14:22:17: Position Data {'radio_id': 1
3789	14:22:17: Orientation {'radio_id': 1
3790	14:22:17: Position Data {'radio_id': 1
3791	14:22:17: Line Cutter Data 1 {'radio_id': 1
3792	14:22:17: Line Cutter Data 5 {'radio_id': 1
3793	14:22:17: Position Data {'radio_id': 1
3794	14:22:17: Orientation {'radio_id': 1
3795	14:22:17: Position Data {'radio_id': 1
3796	14:22:17: Ground Station GPS {'gs_lat': 44.8246337890625
3797	14:22:17: Orientation {'radio_id': 1
3798	14:22:18: Position Data {'radio_id': 1
3799	14:22:18: Orientation {'radio_id': 1
3800	14:22:18: Orientation {'radio_id': 1
3801	14:22:18: Orientation {'radio_id': 1
3802	14:22:18: Pyro Info {'radio_id': 1
3803	14:22:18: Line Cutter Data 1 {'radio_id': 1
3804	14:22:18: Line Cutter Data 5 {'radio_id': 1
3805	14:22:18: Position Data {'radio_id': 1
3806	14:22:19: Orientation {'radio_id': 1
3807	14:22:19: Orientation {'radio_id': 1
3808	14:22:19: Position Data {'radio_id': 1
3809	14:22:19: Alt Info & Cfg {'radio_id': 1
3810	14:22:19: Orientation {'radio_id': 1
3811	14:22:19: Position Data {'radio_id': 1
3812	14:22:19: Orientation {'radio_id': 1
3813	14:22:19: Pyro Info {'radio_id': 1
3814	14:22:19: Line Cutter Data 5 {'radio_id': 1
3815	14:22:19: Orientation {'radio_id': 1
3816	14:22:19: Ground Station GPS {'gs_lat': 44.8246337890625
3817	14:22:20: Orientation {'radio_id': 1
3818	14:22:20: Position Data {'radio_id': 1
3819	14:22:20: Orientation {'radio_id': 1
3820	14:22:20: Position Data {'radio_id': 1
3821	14:22:20: Orientation {'radio_id': 1
3822	14:22:20: Position Data {'radio_id': 1
3823	14:22:20: Orientation {'radio_id': 1
3824	14:22:20: Position Data {'radio_id': 1
3825	14:22:20: Alt Info & Cfg {'radio_id': 1
3826	14:22:20: Pyro Info {'radio_id': 1
3827	14:22:20: Line Cutter Data 1 {'radio_id': 1
3828	14:22:20: Line Cutter Data 5 {'radio_id': 1
3829	14:22:20: Position Data {'radio_id': 1
3830	14:22:20: Orientation {'radio_id': 1
3831	14:22:21: Position Data {'radio_id': 1
3832	14:22:21: Orientation {'radio_id': 1
3833	14:22:21: Position Data {'radio_id': 1
3834	14:22:21: Orientation {'radio_id': 1
3835	14:22:21: Position Data {'radio_id': 1
3836	14:22:21: Orientation {'radio_id': 1
3837	14:22:21: Position Data {'radio_id': 1
3838	14:22:21: Pyro Info {'radio_id': 1
3839	14:22:21: Line Cutter Data 1 {'radio_id': 1
3840	14:22:21: Line Cutter Data 5 {'radio_id': 1
3841	14:22:21: Orientation {'radio_id': 1
3842	14:22:21: Position Data {'radio_id': 1
3843	14:22:21: Alt Info & Cfg {'radio_id': 1
3844	14:22:22: Orientation {'radio_id': 1
3845	14:22:22: Position Data {'radio_id': 1
3846	14:22:22: Orientation {'radio_id': 1
3847	14:22:22: Position Data {'radio_id': 1
3848	14:22:22: Line Cutter Vars 5 {'radio_id': 1
3849	14:22:22: Position Data {'radio_id': 1
3850	14:22:22: Orientation {'radio_id': 1
3851	14:22:22: Position Data {'radio_id': 1
3852	14:22:22: Line Cutter Data 1 {'radio_id': 1
3853	14:22:22: Orientation {'radio_id': 1
3854	14:22:22: Position Data {'radio_id': 1
3855	14:22:23: Orientation {'radio_id': 1
3856	14:22:23: Alt Info & Cfg {'radio_id': 1
3857	14:22:23: Orientation {'radio_id': 1
3858	14:22:23: Position Data {'radio_id': 1
3859	14:22:23: Orientation {'radio_id': 1
3860	14:22:23: Position Data {'radio_id': 1
3861	14:22:23: Orientation {'radio_id': 1
3862	14:22:23: Position Data {'radio_id': 1
3863	14:22:23: Pyro Info {'radio_id': 1
3864	14:22:23: Line Cutter Data 1 {'radio_id': 1
3865	14:22:23: Line Cutter Data 5 {'radio_id': 1
3866	14:22:23: Orientation {'radio_id': 1
3867	14:22:23: Position Data {'radio_id': 1
3868	14:22:23: Ground Station GPS {'gs_lat': 44.8246337890625
3869	14:22:24: Position Data {'radio_id': 1
3870	14:22:24: Orientation {'radio_id': 1
3871	14:22:24: Position Data {'radio_id': 1
3872	14:22:24: Orientation {'radio_id': 1
3873	14:22:24: Position Data {'radio_id': 1
3874	14:22:24: Orientation {'radio_id': 1
3875	14:22:24: Position Data {'radio_id': 1
3876	14:22:24: Pyro Info {'radio_id': 1
3877	14:22:24: Line Cutter Data 1 {'radio_id': 1
3878	14:22:24: Orientation {'radio_id': 1
3879	14:22:24: Orientation {'radio_id': 1
3880	14:22:25: Position Data {'radio_id': 1
3881	14:22:25: Orientation {'radio_id': 1
3882	14:22:25: Position Data {'radio_id': 1
3883	14:22:25: Orientation {'radio_id': 1
3884	14:22:25: Alt Info & Cfg {'radio_id': 1
3885	14:22:25: Orientation {'radio_id': 1
3886	14:22:25: Position Data {'radio_id': 1
3887	14:22:25: Pyro Info {'radio_id': 1
3888	14:22:25: Line Cutter Data 1 {'radio_id': 1
3889	14:22:25: Line Cutter Data 5 {'radio_id': 1
3890	14:22:25: Orientation {'radio_id': 1
3891	14:22:25: Position Data {'radio_id': 1
3892	14:22:25: Ground Station GPS {'gs_lat': 44.8246337890625
3893	14:22:26: Orientation {'radio_id': 1
3894	14:22:26: Position Data {'radio_id': 1
3895	14:22:26: Orientation {'radio_id': 1
3896	14:22:26: Position Data {'radio_id': 1
3897	14:22:26: Orientation {'radio_id': 1
3898	14:22:26: Position Data {'radio_id': 1
3899	14:22:26: Orientation {'radio_id': 1
3900	14:22:26: Position Data {'radio_id': 1
3901	14:22:26: Pyro Info {'radio_id': 1
3902	14:22:26: Line Cutter Data 5 {'radio_id': 1
3903	14:22:26: Orientation {'radio_id': 1
3904	14:22:26: Alt Info & Cfg {'radio_id': 1
3905	14:22:27: Orientation {'radio_id': 1
3906	14:22:27: Position Data {'radio_id': 1
3907	14:22:27: Orientation {'radio_id': 1
3908	14:22:27: Orientation {'radio_id': 1
3909	14:22:27: Orientation {'radio_id': 1
3910	14:22:27: Position Data {'radio_id': 1
3911	14:22:27: Pyro Info {'radio_id': 1
3912	14:22:27: Line Cutter Data 1 {'radio_id': 1
3913	14:22:27: Line Cutter Data 5 {'radio_id': 1
3914	14:22:27: Position Data {'radio_id': 1
3915	14:22:27: Ground Station GPS {'gs_lat': 44.824625651041664
3916	14:22:28: Position Data {'radio_id': 1
3917	14:22:28: Orientation {'radio_id': 1
3918	14:22:28: Position Data {'radio_id': 1
3919	14:22:28: Orientation {'radio_id': 1
3920	14:22:28: Orientation {'radio_id': 1
3921	14:22:28: Pyro Info {'radio_id': 1
3922	14:22:28: Line Cutter Data 5 {'radio_id': 1
3923	14:22:28: Orientation {'radio_id': 1
3924	14:22:28: Position Data {'radio_id': 1
3925	14:22:28: Orientation {'radio_id': 1
3926	14:22:29: Position Data {'radio_id': 1
3927	14:22:29: Orientation {'radio_id': 1
3928	14:22:29: Position Data {'radio_id': 1
3929	14:22:29: Alt Info & Cfg {'radio_id': 1
3930	14:22:29: Orientation {'radio_id': 1
3931	14:22:29: Position Data {'radio_id': 1
3932	14:22:29: Orientation {'radio_id': 1
3933	14:22:29: Position Data {'radio_id': 1
3934	14:22:29: Line Cutter Data 1 {'radio_id': 1
3935	14:22:29: Line Cutter Data 5 {'radio_id': 1
3936	14:22:29: Orientation {'radio_id': 1
3937	14:22:29: Position Data {'radio_id': 1
3938	14:22:29: Ground Station GPS {'gs_lat': 44.824625651041664
3939	14:22:30: Orientation {'radio_id': 1
3940	14:22:30: Position Data {'radio_id': 1
3941	14:22:30: Orientation {'radio_id': 1
3942	14:22:30: Position Data {'radio_id': 1
3943	14:22:30: Orientation {'radio_id': 1
3944	14:22:30: Position Data {'radio_id': 1
3945	14:22:30: Alt Info & Cfg {'radio_id': 1
3946	14:22:30: Orientation {'radio_id': 1
3947	14:22:30: Position Data {'radio_id': 1
3948	14:22:30: Orientation {'radio_id': 1
3949	14:22:30: Pyro Info {'radio_id': 1
3950	14:22:30: Line Cutter Data 1 {'radio_id': 1
3951	14:22:30: Line Cutter Data 5 {'radio_id': 1
3952	14:22:31: Orientation {'radio_id': 1
3953	14:22:31: Position Data {'radio_id': 1
3954	14:22:31: Orientation {'radio_id': 1
3955	14:22:31: Position Data {'radio_id': 1
3956	14:22:31: Orientation {'radio_id': 1
3957	14:22:31: Position Data {'radio_id': 1
3958	14:22:31: Orientation {'radio_id': 1
3959	14:22:31: Position Data {'radio_id': 1
3960	14:22:31: Alt Info & Cfg {'radio_id': 1
3961	14:22:31: Orientation {'radio_id': 1
3962	14:22:31: Pyro Info {'radio_id': 1
3963	14:22:31: Ground Station GPS {'gs_lat': 44.824625651041664
3964	14:22:31: Line Cutter Data 5 {'radio_id': 1
3965	14:22:32: Position Data {'radio_id': 1
3966	14:22:32: Orientation {'radio_id': 1
3967	14:22:32: Position Data {'radio_id': 1
3968	14:22:32: Line Cutter Vars 5 {'radio_id': 1
3969	14:22:32: Orientation {'radio_id': 1
3970	14:22:32: Position Data {'radio_id': 1
3971	14:22:32: Orientation {'radio_id': 1
3972	14:22:32: Position Data {'radio_id': 1
3973	14:22:32: Position Data {'radio_id': 1
3974	14:22:32: Pyro Info {'radio_id': 1
3975	14:22:32: Line Cutter Data 1 {'radio_id': 1
3976	14:22:33: Orientation {'radio_id': 1
3977	14:22:33: Alt Info & Cfg {'radio_id': 1
3978	14:22:33: Orientation {'radio_id': 1
3979	14:22:33: Position Data {'radio_id': 1
3980	14:22:33: Orientation {'radio_id': 1
3981	14:22:33: Position Data {'radio_id': 1
3982	14:22:33: Orientation {'radio_id': 1
3983	14:22:33: Position Data {'radio_id': 1
3984	14:22:33: Orientation {'radio_id': 1
3985	14:22:33: Position Data {'radio_id': 1
3986	14:22:33: Pyro Info {'radio_id': 1
3987	14:22:33: Ground Station GPS {'gs_lat': 44.824625651041664
3988	14:22:33: Line Cutter Data 5 {'radio_id': 1
3989	14:22:34: Orientation {'radio_id': 1
3990	14:22:34: Orientation {'radio_id': 1
3991	14:22:34: Position Data {'radio_id': 1
3992	14:22:34: Alt Info & Cfg {'radio_id': 1
3993	14:22:34: Orientation {'radio_id': 1
3994	14:22:34: Position Data {'radio_id': 1
3995	14:22:34: Orientation {'radio_id': 1
3996	14:22:34: Position Data {'radio_id': 1
3997	14:22:34: Orientation {'radio_id': 1
3998	14:22:34: Position Data {'radio_id': 1
3999	14:22:34: Pyro Info {'radio_id': 1
4000	14:22:34: Line Cutter Data 1 {'radio_id': 1
4001	14:22:35: Orientation {'radio_id': 1
4002	14:22:35: Position Data {'radio_id': 1
4003	14:22:35: Orientation {'radio_id': 1
4004	14:22:35: Position Data {'radio_id': 1
4005	14:22:35: Orientation {'radio_id': 1
4006	14:22:35: Position Data {'radio_id': 1
4007	14:22:35: Alt Info & Cfg {'radio_id': 1
4008	14:22:35: Orientation {'radio_id': 1
4009	14:22:35: Position Data {'radio_id': 1
4010	14:22:35: Orientation {'radio_id': 1
4011	14:22:35: Position Data {'radio_id': 1
4012	14:22:35: Line Cutter Data 1 {'radio_id': 1
4013	14:22:35: Ground Station GPS {'gs_lat': 44.824625651041664
4014	14:22:36: Orientation {'radio_id': 1
4015	14:22:36: Position Data {'radio_id': 1
4016	14:22:36: Orientation {'radio_id': 1
4017	14:22:36: Position Data {'radio_id': 1
4018	14:22:36: Orientation {'radio_id': 1
4019	14:22:36: Position Data {'radio_id': 1
4020	14:22:36: Orientation {'radio_id': 1
4021	14:22:36: Alt Info & Cfg {'radio_id': 1
4022	14:22:36: Orientation {'radio_id': 1
4023	14:22:36: Position Data {'radio_id': 1
4024	14:22:36: Pyro Info {'radio_id': 1
4025	14:22:36: Line Cutter Data 5 {'radio_id': 1
4026	14:22:37: Orientation {'radio_id': 1
4027	14:22:37: Position Data {'radio_id': 1
4028	14:22:37: Orientation {'radio_id': 1
4029	14:22:37: Orientation {'radio_id': 1
4030	14:22:37: Orientation {'radio_id': 1
4031	14:22:37: Orientation {'radio_id': 1
4032	14:22:37: Pyro Info {'radio_id': 1
4033	14:22:37: Ground Station GPS {'gs_lat': 44.824625651041664
4034	14:22:38: Line Cutter Data 5 {'radio_id': 1
4035	14:22:38: Orientation {'radio_id': 1
4036	14:22:38: Position Data {'radio_id': 1
4037	14:22:38: Orientation {'radio_id': 1
4038	14:22:38: Position Data {'radio_id': 1
4039	14:22:38: Orientation {'radio_id': 1
4040	14:22:38: Position Data {'radio_id': 1
4041	14:22:38: Orientation {'radio_id': 1
4042	14:22:38: Position Data {'radio_id': 1
4043	14:22:38: Orientation {'radio_id': 1
4044	14:22:38: Pyro Info {'radio_id': 1
4045	14:22:39: Line Cutter Data 5 {'radio_id': 1
4046	14:22:39: Position Data {'radio_id': 1
4047	14:22:39: Orientation {'radio_id': 1
4048	14:22:39: Position Data {'radio_id': 1
4049	14:22:39: Alt Info & Cfg {'radio_id': 1
4050	14:22:39: Orientation {'radio_id': 1
4051	14:22:39: Position Data {'radio_id': 1
4052	14:22:39: Orientation {'radio_id': 1
4053	14:22:39: Position Data {'radio_id': 1
4054	14:22:39: Orientation {'radio_id': 1
4055	14:22:39: Position Data {'radio_id': 1
4056	14:22:39: Pyro Info {'radio_id': 1
4057	14:22:39: Line Cutter Data 1 {'radio_id': 1
4058	14:22:40: Orientation {'radio_id': 1
4059	14:22:40: Position Data {'radio_id': 1
4060	14:22:40: Orientation {'radio_id': 1
4061	14:22:40: Position Data {'radio_id': 1
4062	14:22:40: Orientation {'radio_id': 1
4063	14:22:40: Position Data {'radio_id': 1
4064	14:22:40: Orientation {'radio_id': 1
4065	14:22:40: Position Data {'radio_id': 1
4066	14:22:40: Orientation {'radio_id': 1
4067	14:22:40: Position Data {'radio_id': 1
4068	14:22:40: Pyro Info {'radio_id': 1
4069	14:22:41: Line Cutter Data 5 {'radio_id': 1
4070	14:22:41: Position Data {'radio_id': 1
4071	14:22:41: Orientation {'radio_id': 1
4072	14:22:41: Position Data {'radio_id': 1
4073	14:22:41: Orientation {'radio_id': 1
4074	14:22:41: Position Data {'radio_id': 1
4075	14:22:41: Orientation {'radio_id': 1
4076	14:22:41: Position Data {'radio_id': 1
4077	14:22:41: Orientation {'radio_id': 1
4078	14:22:41: Position Data {'radio_id': 1
4079	14:22:41: Pyro Info {'radio_id': 1
4080	14:22:41: Line Cutter Data 1 {'radio_id': 1
4081	14:22:42: Orientation {'radio_id': 1
4082	14:22:42: Orientation {'radio_id': 1
4083	14:22:42: Position Data {'radio_id': 1
4084	14:22:42: Line Cutter Vars 1 {'radio_id': 1
4085	14:22:42: Line Cutter Vars 5 {'radio_id': 1
4086	14:22:42: Position Data {'radio_id': 1
4087	14:22:42: Orientation {'radio_id': 1
4088	14:22:42: Orientation {'radio_id': 1
4089	14:22:42: Position Data {'radio_id': 1
4090	14:22:42: Alt Info & Cfg {'radio_id': 1
4091	14:22:43: Orientation {'radio_id': 1
4092	14:22:43: Position Data {'radio_id': 1
4093	14:22:43: Pyro Info {'radio_id': 1
4094	14:22:43: Line Cutter Data 1 {'radio_id': 1
4095	14:22:43: Line Cutter Data 5 {'radio_id': 1
4096	14:22:43: Orientation {'radio_id': 1
4097	14:22:43: Orientation {'radio_id': 1
4098	14:22:43: Orientation {'radio_id': 1
4099	14:22:43: Position Data {'radio_id': 1
4100	14:22:43: Orientation {'radio_id': 1
4101	14:22:43: Position Data {'radio_id': 1
4102	14:22:43: Ground Station GPS {'gs_lat': 44.824625651041664
4103	14:22:44: Position Data {'radio_id': 1
4104	14:22:44: Line Cutter Data 1 {'radio_id': 1
4105	14:22:44: Line Cutter Data 5 {'radio_id': 1
4106	14:22:44: Alt Info & Cfg {'radio_id': 1
4107	14:22:44: Position Data {'radio_id': 1
4108	14:22:44: Orientation {'radio_id': 1
4109	14:22:44: Position Data {'radio_id': 1
4110	14:22:44: Orientation {'radio_id': 1
4111	14:22:44: Position Data {'radio_id': 1
4112	14:22:44: Orientation {'radio_id': 1
4113	14:22:45: Orientation {'radio_id': 1
4114	14:22:45: Position Data {'radio_id': 1
4115	14:22:45: Line Cutter Data 1 {'radio_id': 1
4116	14:22:45: Line Cutter Data 5 {'radio_id': 1
4117	14:22:45: Orientation {'radio_id': 1
4118	14:22:45: Position Data {'radio_id': 1
4119	14:22:45: Orientation {'radio_id': 1
4120	14:22:45: Position Data {'radio_id': 1
4121	14:22:45: Orientation {'radio_id': 1
4122	14:22:45: Position Data {'radio_id': 1
4123	14:22:45: Orientation {'radio_id': 1
4124	14:22:45: Position Data {'radio_id': 1
4125	14:22:46: Ground Station GPS {'gs_lat': 44.824625651041664
4126	14:22:46: Position Data {'radio_id': 1
4127	14:22:46: Line Cutter Data 1 {'radio_id': 1
4128	14:22:46: Orientation {'radio_id': 1
4129	14:22:46: Position Data {'radio_id': 1
4130	14:22:46: Orientation {'radio_id': 1
4131	14:22:46: Position Data {'radio_id': 1
4132	14:22:46: Orientation {'radio_id': 1
4133	14:22:46: Alt Info & Cfg {'radio_id': 1
4134	14:22:46: Orientation {'radio_id': 1
4135	14:22:46: Position Data {'radio_id': 1
4136	14:22:47: Orientation {'radio_id': 1
4137	14:22:47: Position Data {'radio_id': 1
4138	14:22:47: Line Cutter Data 1 {'radio_id': 1
4139	14:22:47: Line Cutter Data 5 {'radio_id': 1
4140	14:22:47: Orientation {'radio_id': 1
4141	14:22:47: Position Data {'radio_id': 1
4142	14:22:47: Orientation {'radio_id': 1
4143	14:22:47: Position Data {'radio_id': 1
4144	14:22:47: Orientation {'radio_id': 1
4145	14:22:47: Position Data {'radio_id': 1
4146	14:22:47: Orientation {'radio_id': 1
4147	14:22:47: Position Data {'radio_id': 1
4148	14:22:47: Alt Info & Cfg {'radio_id': 1
4149	14:22:47: Ground Station GPS {'gs_lat': 44.824625651041664
4150	14:22:48: Orientation {'radio_id': 1
4151	14:22:48: Pyro Info {'radio_id': 1
4152	14:22:48: Line Cutter Data 5 {'radio_id': 1
4153	14:22:48: Orientation {'radio_id': 1
4154	14:22:48: Position Data {'radio_id': 1
4155	14:22:48: Orientation {'radio_id': 1
4156	14:22:48: Position Data {'radio_id': 1
4157	14:22:48: Orientation {'radio_id': 1
4158	14:22:48: Position Data {'radio_id': 1
4159	14:22:48: Orientation {'radio_id': 1
4160	14:22:48: Position Data {'radio_id': 1
4161	14:22:48: Orientation {'radio_id': 1
4162	14:22:49: Position Data {'radio_id': 1
4163	14:22:49: Pyro Info {'radio_id': 1
4164	14:22:49: Line Cutter Data 1 {'radio_id': 1
4165	14:22:49: Alt Info & Cfg {'radio_id': 1
4166	14:22:49: Position Data {'radio_id': 1
4167	14:22:49: Orientation {'radio_id': 1
4168	14:22:49: Orientation {'radio_id': 1
4169	14:22:49: Position Data {'radio_id': 1
4170	14:22:49: Orientation {'radio_id': 1
4171	14:22:49: Position Data {'radio_id': 1
4172	14:22:49: Ground Station GPS {'gs_lat': 44.824625651041664
4173	14:22:50: Position Data {'radio_id': 1
4174	14:22:50: Line Cutter Data 1 {'radio_id': 1
4175	14:22:50: Orientation {'radio_id': 1
4176	14:22:50: Orientation {'radio_id': 1
4177	14:22:50: Position Data {'radio_id': 1
4178	14:22:50: Orientation {'radio_id': 1
4179	14:22:50: Position Data {'radio_id': 1
4180	14:22:50: Orientation {'radio_id': 1
4181	14:22:50: Position Data {'radio_id': 1
4182	14:22:51: Orientation {'radio_id': 1
4183	14:22:51: Position Data {'radio_id': 1
4184	14:22:51: Line Cutter Data 1 {'radio_id': 1
4185	14:22:51: Line Cutter Data 5 {'radio_id': 1
4186	14:22:51: Orientation {'radio_id': 1
4187	14:22:51: Position Data {'radio_id': 1
4188	14:22:51: Orientation {'radio_id': 1
4189	14:22:51: Position Data {'radio_id': 1
4190	14:22:51: Orientation {'radio_id': 1
4191	14:22:51: Position Data {'radio_id': 1
4192	14:22:51: Alt Info & Cfg {'radio_id': 1
4193	14:22:51: Orientation {'radio_id': 1
4194	14:22:51: Position Data {'radio_id': 1
4195	14:22:51: Orientation {'radio_id': 1
4196	14:22:52: Position Data {'radio_id': 1
4197	14:22:52: Pyro Info {'radio_id': 1
4198	14:22:52: Line Cutter Data 1 {'radio_id': 1
4199	14:22:52: Line Cutter Data 5 {'radio_id': 1
4200	14:22:52: Orientation {'radio_id': 1
4201	14:22:52: Position Data {'radio_id': 1
4202	14:22:52: Line Cutter Vars 1 {'radio_id': 1
4203	14:22:52: Line Cutter Vars 5 {'radio_id': 1
4204	14:22:52: Orientation {'radio_id': 1
4205	14:22:52: Position Data {'radio_id': 1
4206	14:22:52: Orientation {'radio_id': 1
4207	14:22:52: Position Data {'radio_id': 1
4208	14:22:52: Orientation {'radio_id': 1
4209	14:22:52: Position Data {'radio_id': 1
4210	14:22:52: Alt Info & Cfg {'radio_id': 1
4211	14:22:53: Orientation {'radio_id': 1
4212	14:22:53: Position Data {'radio_id': 1
4213	14:22:53: Pyro Info {'radio_id': 1
4214	14:22:53: Line Cutter Data 1 {'radio_id': 1
4215	14:22:53: Line Cutter Data 5 {'radio_id': 1
4216	14:22:53: Orientation {'radio_id': 1
4217	14:22:53: Orientation {'radio_id': 1
4218	14:22:53: Position Data {'radio_id': 1
4219	14:22:53: Orientation {'radio_id': 1
4220	14:22:53: Position Data {'radio_id': 1
4221	14:22:53: Orientation {'radio_id': 1
4222	14:22:53: Position Data {'radio_id': 1
4223	14:22:54: Orientation {'radio_id': 1
4224	14:22:54: Alt Info & Cfg {'radio_id': 1
4225	14:22:54: Orientation {'radio_id': 1
4226	14:22:54: Position Data {'radio_id': 1
4227	14:22:54: Pyro Info {'radio_id': 1
4228	14:22:54: Line Cutter Data 1 {'radio_id': 1
4229	14:22:54: Line Cutter Data 5 {'radio_id': 1
4230	14:22:54: Orientation {'radio_id': 1
4231	14:22:54: Position Data {'radio_id': 1
4232	14:22:54: Orientation {'radio_id': 1
4233	14:22:54: Position Data {'radio_id': 1
4234	14:22:54: Orientation {'radio_id': 1
4235	14:22:54: Position Data {'radio_id': 1
4236	14:22:55: Orientation {'radio_id': 1
4237	14:22:55: Orientation {'radio_id': 1
4238	14:22:55: Position Data {'radio_id': 1
4239	14:22:55: Pyro Info {'radio_id': 1
4240	14:22:55: Line Cutter Data 1 {'radio_id': 1
4241	14:22:55: Line Cutter Data 5 {'radio_id': 1
4242	14:22:55: Alt Info & Cfg {'radio_id': 1
4243	14:22:55: Position Data {'radio_id': 1
4244	14:22:55: Orientation {'radio_id': 1
4245	14:22:55: Position Data {'radio_id': 1
4246	14:22:55: Orientation {'radio_id': 1
4247	14:22:55: Position Data {'radio_id': 1
4248	14:22:56: Orientation {'radio_id': 1
4249	14:22:56: Position Data {'radio_id': 1
4250	14:22:56: Orientation {'radio_id': 1
4251	14:22:56: Position Data {'radio_id': 1
4252	14:22:56: Pyro Info {'radio_id': 1
4253	14:22:56: Line Cutter Data 1 {'radio_id': 1
4254	14:22:56: Orientation {'radio_id': 1
4255	14:22:56: Orientation {'radio_id': 1
4256	14:22:56: Position Data {'radio_id': 1
4257	14:22:56: Orientation {'radio_id': 1
4258	14:22:56: Orientation {'radio_id': 1
4259	14:22:57: Position Data {'radio_id': 1
4260	14:22:57: Orientation {'radio_id': 1
4261	14:22:57: Position Data {'radio_id': 1
4262	14:22:57: Pyro Info {'radio_id': 1
4263	14:22:57: Line Cutter Data 1 {'radio_id': 1
4264	14:22:57: Line Cutter Data 5 {'radio_id': 1
4265	14:22:57: Position Data {'radio_id': 1
4266	14:22:57: Orientation {'radio_id': 1
4267	14:22:57: Position Data {'radio_id': 1
4268	14:22:57: Orientation {'radio_id': 1
4269	14:22:57: Position Data {'radio_id': 1
4270	14:22:57: Alt Info & Cfg {'radio_id': 1
4271	14:22:58: Orientation {'radio_id': 1
4272	14:22:58: Position Data {'radio_id': 1
4273	14:22:58: Orientation {'radio_id': 1
4274	14:22:58: Position Data {'radio_id': 1
4275	14:22:58: Pyro Info {'radio_id': 1
4276	14:22:58: Line Cutter Data 1 {'radio_id': 1
4277	14:22:58: Line Cutter Data 5 {'radio_id': 1
4278	14:22:58: Orientation {'radio_id': 1
4279	14:22:58: Position Data {'radio_id': 1
4280	14:22:58: Orientation {'radio_id': 1
4281	14:22:58: Position Data {'radio_id': 1
4282	14:22:58: Orientation {'radio_id': 1
4283	14:22:58: Position Data {'radio_id': 1
4284	14:22:59: Orientation {'radio_id': 1
4285	14:22:59: Position Data {'radio_id': 1
4286	14:22:59: Alt Info & Cfg {'radio_id': 1
4287	14:22:59: Orientation {'radio_id': 1
4288	14:22:59: Position Data {'radio_id': 1
4289	14:22:59: Pyro Info {'radio_id': 1
4290	14:22:59: Line Cutter Data 5 {'radio_id': 1
4291	14:22:59: Position Data {'radio_id': 1
4292	14:22:59: Orientation {'radio_id': 1
4293	14:22:59: Orientation {'radio_id': 1
4294	14:22:59: Position Data {'radio_id': 1
4295	14:23:00: Orientation {'radio_id': 1
4296	14:23:00: Position Data {'radio_id': 1
4297	14:23:00: Orientation {'radio_id': 1
4298	14:23:00: Position Data {'radio_id': 1
4299	14:23:00: Line Cutter Data 1 {'radio_id': 1
4300	14:23:00: Line Cutter Data 5 {'radio_id': 1
4301	14:23:00: Alt Info & Cfg {'radio_id': 1
4302	14:23:00: Orientation {'radio_id': 1
4303	14:23:00: Position Data {'radio_id': 1
4304	14:23:00: Position Data {'radio_id': 1
4305	14:23:00: Orientation {'radio_id': 1
4306	14:23:00: Position Data {'radio_id': 1
4307	14:23:00: Orientation {'radio_id': 1
4308	14:23:01: Position Data {'radio_id': 1
4309	14:23:01: Orientation {'radio_id': 1
4310	14:23:01: Pyro Info {'radio_id': 1
4311	14:23:01: Line Cutter Data 5 {'radio_id': 1
4312	14:23:01: Position Data {'radio_id': 1
4313	14:23:01: Alt Info & Cfg {'radio_id': 1
4314	14:23:01: Orientation {'radio_id': 1
4315	14:23:01: Position Data {'radio_id': 1
4316	14:23:01: Orientation {'radio_id': 1
4317	14:23:02: Orientation {'radio_id': 1
4318	14:23:02: Orientation {'radio_id': 1
4319	14:23:02: Position Data {'radio_id': 1
4320	14:23:02: Line Cutter Data 1 {'radio_id': 1
4321	14:23:02: Line Cutter Data 5 {'radio_id': 1
4322	14:23:02: Orientation {'radio_id': 1
4323	14:23:02: Position Data {'radio_id': 1
4324	14:23:02: Line Cutter Vars 1 {'radio_id': 1
4325	14:23:02: Line Cutter Vars 5 {'radio_id': 1
4326	14:23:02: Position Data {'radio_id': 1
4327	14:23:02: Orientation {'radio_id': 1
4328	14:23:02: Position Data {'radio_id': 1
4329	14:23:02: Alt Info & Cfg {'radio_id': 1
4330	14:23:02: Orientation {'radio_id': 1
4331	14:23:03: Position Data {'radio_id': 1
4332	14:23:03: Orientation {'radio_id': 1
4333	14:23:03: Position Data {'radio_id': 1
4334	14:23:03: Line Cutter Data 1 {'radio_id': 1
4335	14:23:03: Orientation {'radio_id': 1
4336	14:23:03: Position Data {'radio_id': 1
4337	14:23:03: Orientation {'radio_id': 1
4338	14:23:03: Position Data {'radio_id': 1
4339	14:23:03: Orientation {'radio_id': 1
4340	14:23:03: Position Data {'radio_id': 1
4341	14:23:04: Orientation {'radio_id': 1
4342	14:23:04: Position Data {'radio_id': 1
4343	14:23:04: Alt Info & Cfg {'radio_id': 1
4344	14:23:04: Orientation {'radio_id': 1
4345	14:23:04: Position Data {'radio_id': 1
4346	14:23:04: Pyro Info {'radio_id': 1
4347	14:23:04: Line Cutter Data 1 {'radio_id': 1
4348	14:23:04: Orientation {'radio_id': 1
4349	14:23:04: Position Data {'radio_id': 1
4350	14:23:04: Orientation {'radio_id': 1
4351	14:23:04: Orientation {'radio_id': 1
4352	14:23:04: Position Data {'radio_id': 1
4353	14:23:04: Orientation {'radio_id': 1
4354	14:23:05: Position Data {'radio_id': 1
4355	14:23:05: Orientation {'radio_id': 1
4356	14:23:05: Alt Info & Cfg {'radio_id': 1
4357	14:23:05: Line Cutter Data 1 {'radio_id': 1
4358	14:23:05: Line Cutter Data 5 {'radio_id': 1
4359	14:23:05: Orientation {'radio_id': 1
4360	14:23:05: Position Data {'radio_id': 1
4361	14:23:05: Orientation {'radio_id': 1
4362	14:23:05: Position Data {'radio_id': 1
4363	14:23:05: Orientation {'radio_id': 1
4364	14:23:05: Position Data {'radio_id': 1
4365	14:23:05: Orientation {'radio_id': 1
4366	14:23:06: Ground Station GPS {'gs_lat': 44.8246337890625
4367	14:23:06: Orientation {'radio_id': 1
4368	14:23:06: Position Data {'radio_id': 1
4369	14:23:06: Pyro Info {'radio_id': 1
4370	14:23:06: Line Cutter Data 1 {'radio_id': 1
4371	14:23:06: Line Cutter Data 5 {'radio_id': 1
4372	14:23:06: Orientation {'radio_id': 1
4373	14:23:06: Alt Info & Cfg {'radio_id': 1
4374	14:23:06: Orientation {'radio_id': 1
4375	14:23:06: Orientation {'radio_id': 1
4376	14:23:07: Orientation {'radio_id': 1
4377	14:23:07: Position Data {'radio_id': 1
4378	14:23:07: Orientation {'radio_id': 1
4379	14:23:07: Position Data {'radio_id': 1
4380	14:23:07: Orientation {'radio_id': 1
4381	14:23:07: Pyro Info {'radio_id': 1
4382	14:23:07: Line Cutter Data 5 {'radio_id': 1
4383	14:23:07: Position Data {'radio_id': 1
4384	14:23:07: Orientation {'radio_id': 1
4385	14:23:07: Position Data {'radio_id': 1
4386	14:23:08: Orientation {'radio_id': 1
4387	14:23:08: Ground Station GPS {'gs_lat': 44.8246337890625
4388	14:23:08: Position Data {'radio_id': 1
4389	14:23:08: Orientation {'radio_id': 1
4390	14:23:08: Position Data {'radio_id': 1
4391	14:23:08: Orientation {'radio_id': 1
4392	14:23:08: Position Data {'radio_id': 1
4393	14:23:08: Line Cutter Data 1 {'radio_id': 1
4394	14:23:08: Line Cutter Data 5 {'radio_id': 1
4395	14:23:08: Orientation {'radio_id': 1
4396	14:23:08: Position Data {'radio_id': 1
4397	14:23:08: Orientation {'radio_id': 1
4398	14:23:08: Position Data {'radio_id': 1
4399	14:23:09: Orientation {'radio_id': 1
4400	14:23:09: Position Data {'radio_id': 1
4401	14:23:09: Alt Info & Cfg {'radio_id': 1
4402	14:23:09: Orientation {'radio_id': 1
4403	14:23:09: Position Data {'radio_id': 1
4404	14:23:09: Orientation {'radio_id': 1
4405	14:23:09: Pyro Info {'radio_id': 1
4406	14:23:09: Line Cutter Data 5 {'radio_id': 1
4407	14:23:09: Orientation {'radio_id': 1
4408	14:23:09: Position Data {'radio_id': 1
4409	14:23:09: Orientation {'radio_id': 1
4410	14:23:09: Orientation {'radio_id': 1
4411	14:23:10: Ground Station GPS {'gs_lat': 44.824625651041664
4412	14:23:10: Orientation {'radio_id': 1
4413	14:23:10: Position Data {'radio_id': 1
4414	14:23:10: Orientation {'radio_id': 1
4415	14:23:10: Position Data {'radio_id': 1
4416	14:23:10: Pyro Info {'radio_id': 1
4417	14:23:10: Line Cutter Data 1 {'radio_id': 1
4418	14:23:10: Line Cutter Data 5 {'radio_id': 1
4419	14:23:10: Orientation {'radio_id': 1
4420	14:23:10: Position Data {'radio_id': 1
4421	14:23:10: Orientation {'radio_id': 1
4422	14:23:10: Position Data {'radio_id': 1
4423	14:23:11: Orientation {'radio_id': 1
4424	14:23:11: Orientation {'radio_id': 1
4425	14:23:11: Position Data {'radio_id': 1
4426	14:23:11: Orientation {'radio_id': 1
4427	14:23:11: Position Data {'radio_id': 1
4428	14:23:11: Pyro Info {'radio_id': 1
4429	14:23:11: Line Cutter Data 1 {'radio_id': 1
4430	14:23:11: Line Cutter Data 5 {'radio_id': 1
4431	14:23:11: Orientation {'radio_id': 1
4432	14:23:11: Position Data {'radio_id': 1
4433	14:23:11: Orientation {'radio_id': 1
4434	14:23:11: Position Data {'radio_id': 1
4435	14:23:11: Orientation {'radio_id': 1
4436	14:23:12: Ground Station GPS {'gs_lat': 44.824625651041664
4437	14:23:12: Orientation {'radio_id': 1
4438	14:23:12: Position Data {'radio_id': 1
4439	14:23:12: Orientation {'radio_id': 1
4440	14:23:12: Line Cutter Vars 1 {'radio_id': 1
4441	14:23:12: Line Cutter Vars 5 {'radio_id': 1
4442	14:23:12: Pyro Info {'radio_id': 1
4443	14:23:12: Line Cutter Data 1 {'radio_id': 1
4444	14:23:12: Line Cutter Data 5 {'radio_id': 1
4445	14:23:12: Orientation {'radio_id': 1
4446	14:23:12: Position Data {'radio_id': 1
4447	14:23:12: Alt Info & Cfg {'radio_id': 1
4448	14:23:12: Position Data {'radio_id': 1
4449	14:23:13: Orientation {'radio_id': 1
4450	14:23:13: Position Data {'radio_id': 1
4451	14:23:13: Orientation {'radio_id': 1
4452	14:23:13: Position Data {'radio_id': 1
4453	14:23:13: Orientation {'radio_id': 1
4454	14:23:13: Position Data {'radio_id': 1
4455	14:23:13: Line Cutter Data 1 {'radio_id': 1
4456	14:23:13: Orientation {'radio_id': 1
4457	14:23:13: Position Data {'radio_id': 1
4458	14:23:14: Orientation {'radio_id': 1
4459	14:23:14: Position Data {'radio_id': 1
4460	14:23:14: Alt Info & Cfg {'radio_id': 1
4461	14:23:14: Orientation {'radio_id': 1
4462	14:23:14: Position Data {'radio_id': 1
4463	14:23:14: Orientation {'radio_id': 1
4464	14:23:14: Position Data {'radio_id': 1
4465	14:23:14: Pyro Info {'radio_id': 1
4466	14:23:14: Line Cutter Data 1 {'radio_id': 1
4467	14:23:14: Line Cutter Data 5 {'radio_id': 1
4468	14:23:14: Orientation {'radio_id': 1
4469	14:23:14: Orientation {'radio_id': 1
4470	14:23:14: Position Data {'radio_id': 1
4471	14:23:15: Orientation {'radio_id': 1
4472	14:23:15: Position Data {'radio_id': 1
4473	14:23:15: Orientation {'radio_id': 1
4474	14:23:15: Position Data {'radio_id': 1
4475	14:23:15: Orientation {'radio_id': 1
4476	14:23:15: Position Data {'radio_id': 1
4477	14:23:15: Pyro Info {'radio_id': 1
4478	14:23:15: Line Cutter Data 1 {'radio_id': 1
4479	14:23:15: Line Cutter Data 5 {'radio_id': 1
4480	14:23:15: Orientation {'radio_id': 1
4481	14:23:15: Position Data {'radio_id': 1
4482	14:23:15: Orientation {'radio_id': 1
4483	14:23:15: Position Data {'radio_id': 1
4484	14:23:15: Orientation {'radio_id': 1
4485	14:23:16: Position Data {'radio_id': 1
4486	14:23:16: Orientation {'radio_id': 1
4487	14:23:16: Position Data {'radio_id': 1
4488	14:23:16: Orientation {'radio_id': 1
4489	14:23:16: Position Data {'radio_id': 1
4490	14:23:16: Alt Info & Cfg {'radio_id': 1
4491	14:23:16: Pyro Info {'radio_id': 1
4492	14:23:16: Line Cutter Data 5 {'radio_id': 1
4493	14:23:16: Orientation {'radio_id': 1
4494	14:23:16: Orientation {'radio_id': 1
4495	14:23:16: Orientation {'radio_id': 1
4496	14:23:17: Position Data {'radio_id': 1
4497	14:23:17: Orientation {'radio_id': 1
4498	14:23:17: Position Data {'radio_id': 1
4499	14:23:17: Orientation {'radio_id': 1
4500	14:23:17: Position Data {'radio_id': 1
4501	14:23:17: Pyro Info {'radio_id': 1
4502	14:23:17: Line Cutter Data 1 {'radio_id': 1
4503	14:23:17: Line Cutter Data 5 {'radio_id': 1
4504	14:23:17: Orientation {'radio_id': 1
4505	14:23:17: Position Data {'radio_id': 1
4506	14:23:17: Alt Info & Cfg {'radio_id': 1
4507	14:23:17: Orientation {'radio_id': 1
4508	14:23:18: Orientation {'radio_id': 1
4509	14:23:18: Orientation {'radio_id': 1
4510	14:23:18: Orientation {'radio_id': 1
4511	14:23:18: Pyro Info {'radio_id': 1
4512	14:23:18: Line Cutter Data 1 {'radio_id': 1
4513	14:23:18: Line Cutter Data 5 {'radio_id': 1
4514	14:23:18: Position Data {'radio_id': 1
4515	14:23:18: Orientation {'radio_id': 1
4516	14:23:18: Position Data {'radio_id': 1
4517	14:23:18: Orientation {'radio_id': 1
4518	14:23:19: Position Data {'radio_id': 1
4519	14:23:19: Orientation {'radio_id': 1
4520	14:23:19: Position Data {'radio_id': 1
4521	14:23:19: Orientation {'radio_id': 1
4522	14:23:19: Position Data {'radio_id': 1
4523	14:23:19: Pyro Info {'radio_id': 1
4524	14:23:19: Line Cutter Data 1 {'radio_id': 1
4525	14:23:19: Line Cutter Data 5 {'radio_id': 1
4526	14:23:19: Orientation {'radio_id': 1
4527	14:23:19: Position Data {'radio_id': 1
4528	14:23:19: Orientation {'radio_id': 1
4529	14:23:19: Position Data {'radio_id': 1
4530	14:23:20: Orientation {'radio_id': 1
4531	14:23:20: Ground Station GPS {'gs_lat': 44.824625651041664
4532	14:23:20: Orientation {'radio_id': 1
4533	14:23:20: Position Data {'radio_id': 1
4534	14:23:20: Alt Info & Cfg {'radio_id': 1
4535	14:23:20: Orientation {'radio_id': 1
4536	14:23:20: Orientation {'radio_id': 1
4537	14:23:20: Position Data {'radio_id': 1
4538	14:23:20: Pyro Info {'radio_id': 1
4539	14:23:20: Line Cutter Data 5 {'radio_id': 1
4540	14:23:20: Position Data {'radio_id': 1
4541	14:23:21: Orientation {'radio_id': 1
4542	14:23:21: Position Data {'radio_id': 1
4543	14:23:21: Orientation {'radio_id': 1
4544	14:23:21: Orientation {'radio_id': 1
4545	14:23:21: Alt Info & Cfg {'radio_id': 1
4546	14:23:21: Orientation {'radio_id': 1
4547	14:23:21: Position Data {'radio_id': 1
4548	14:23:21: Pyro Info {'radio_id': 1
4549	14:23:21: Line Cutter Data 1 {'radio_id': 1
4550	14:23:21: Line Cutter Data 5 {'radio_id': 1
4551	14:23:21: Position Data {'radio_id': 1
4552	14:23:22: Orientation {'radio_id': 1
4553	14:23:22: Position Data {'radio_id': 1
4554	14:23:22: Orientation {'radio_id': 1
4555	14:23:22: Position Data {'radio_id': 1
4556	14:23:22: Orientation {'radio_id': 1
4557	14:23:22: Position Data {'radio_id': 1
4558	14:23:22: Line Cutter Vars 1 {'radio_id': 1
4559	14:23:22: Line Cutter Vars 5 {'radio_id': 1
4560	14:23:22: Orientation {'radio_id': 1
4561	14:23:22: Position Data {'radio_id': 1
4562	14:23:22: Alt Info & Cfg {'radio_id': 1
4563	14:23:22: Position Data {'radio_id': 1
4564	14:23:22: Orientation {'radio_id': 1
4565	14:23:23: Position Data {'radio_id': 1
4566	14:23:23: Orientation {'radio_id': 1
4567	14:23:23: Position Data {'radio_id': 1
4568	14:23:23: Orientation {'radio_id': 1
4569	14:23:23: Position Data {'radio_id': 1
4570	14:23:23: Orientation {'radio_id': 1
4571	14:23:23: Position Data {'radio_id': 1
4572	14:23:23: Pyro Info {'radio_id': 1
4573	14:23:23: Line Cutter Data 1 {'radio_id': 1
4574	14:23:23: Orientation {'radio_id': 1
4575	14:23:23: Position Data {'radio_id': 1
4576	14:23:23: Alt Info & Cfg {'radio_id': 1
4577	14:23:24: Orientation {'radio_id': 1
4578	14:23:24: Ground Station GPS {'gs_lat': 44.824625651041664
4579	14:23:24: Orientation {'radio_id': 1
4580	14:23:24: Position Data {'radio_id': 1
4581	14:23:24: Orientation {'radio_id': 1
4582	14:23:24: Orientation {'radio_id': 1
4583	14:23:24: Position Data {'radio_id': 1
4584	14:23:24: Pyro Info {'radio_id': 1
4585	14:23:24: Line Cutter Data 5 {'radio_id': 1
4586	14:23:24: Position Data {'radio_id': 1
4587	14:23:25: Orientation {'radio_id': 1
4588	14:23:25: Position Data {'radio_id': 1
4589	14:23:25: Alt Info & Cfg {'radio_id': 1
4590	14:23:25: Orientation {'radio_id': 1
4591	14:23:25: Position Data {'radio_id': 1
4592	14:23:25: Orientation {'radio_id': 1
4593	14:23:25: Position Data {'radio_id': 1
4594	14:23:25: Orientation {'radio_id': 1
4595	14:23:25: Position Data {'radio_id': 1
4596	14:23:25: Pyro Info {'radio_id': 1
4597	14:23:25: Line Cutter Data 1 {'radio_id': 1
4598	14:23:25: Line Cutter Data 5 {'radio_id': 1
4599	14:23:25: Orientation {'radio_id': 1
4600	14:23:25: Position Data {'radio_id': 1
4601	14:23:25: Orientation {'radio_id': 1
4602	14:23:26: Position Data {'radio_id': 1
4603	14:23:26: Orientation {'radio_id': 1
4604	14:23:26: Position Data {'radio_id': 1
4605	14:23:26: Orientation {'radio_id': 1
4606	14:23:26: Position Data {'radio_id': 1
4607	14:23:26: Orientation {'radio_id': 1
4608	14:23:26: Position Data {'radio_id': 1
4609	14:23:26: Line Cutter Data 1 {'radio_id': 1
4610	14:23:26: Line Cutter Data 5 {'radio_id': 1
4611	14:23:26: Orientation {'radio_id': 1
4612	14:23:26: Position Data {'radio_id': 1
4613	14:23:27: Orientation {'radio_id': 1
4614	14:23:27: Position Data {'radio_id': 1
4615	14:23:27: Orientation {'radio_id': 1
4616	14:23:27: Position Data {'radio_id': 1
4617	14:23:27: Orientation {'radio_id': 1
4618	14:23:27: Position Data {'radio_id': 1
4619	14:23:27: Orientation {'radio_id': 1
4620	14:23:27: Alt Info & Cfg {'radio_id': 1
4621	14:23:27: Line Cutter Data 1 {'radio_id': 1
4622	14:23:27: Line Cutter Data 5 {'radio_id': 1
4623	14:23:27: Orientation {'radio_id': 1
4624	14:23:27: Position Data {'radio_id': 1
4625	14:23:27: Orientation {'radio_id': 1
4626	14:23:28: Position Data {'radio_id': 1
4627	14:23:28: Orientation {'radio_id': 1
4628	14:23:28: Position Data {'radio_id': 1
4629	14:23:28: Orientation {'radio_id': 1
4630	14:23:28: Position Data {'radio_id': 1
4631	14:23:28: Orientation {'radio_id': 1
4632	14:23:28: Pyro Info {'radio_id': 1
4633	14:23:28: Line Cutter Data 1 {'radio_id': 1
4634	14:23:28: Line Cutter Data 5 {'radio_id': 1
4635	14:23:28: Orientation {'radio_id': 1
4636	14:23:28: Position Data {'radio_id': 1
4637	14:23:28: Alt Info & Cfg {'radio_id': 1
4638	14:23:29: Orientation {'radio_id': 1
4639	14:23:29: Orientation {'radio_id': 1
4640	14:23:29: Position Data {'radio_id': 1
4641	14:23:29: Orientation {'radio_id': 1
4642	14:23:29: Position Data {'radio_id': 1
4643	14:23:29: Position Data {'radio_id': 1
4644	14:23:29: Pyro Info {'radio_id': 1
4645	14:23:29: Line Cutter Data 1 {'radio_id': 1
4646	14:23:29: Line Cutter Data 5 {'radio_id': 1
4647	14:23:29: Orientation {'radio_id': 1
4648	14:23:29: Position Data {'radio_id': 1
4649	14:23:30: Orientation {'radio_id': 1
4650	14:23:30: Position Data {'radio_id': 1
4651	14:23:30: Ground Station GPS {'gs_lat': 44.824625651041664
4652	14:23:30: Alt Info & Cfg {'radio_id': 1
4653	14:23:30: Orientation {'radio_id': 1
4654	14:23:30: Position Data {'radio_id': 1
4655	14:23:30: Position Data {'radio_id': 1
4656	14:23:30: Orientation {'radio_id': 1
4657	14:23:30: Position Data {'radio_id': 1
4658	14:23:30: Line Cutter Data 1 {'radio_id': 1
4659	14:23:30: Orientation {'radio_id': 1
4660	14:23:31: Orientation {'radio_id': 1
4661	14:23:31: Position Data {'radio_id': 1
4662	14:23:31: Orientation {'radio_id': 1
4663	14:23:31: Position Data {'radio_id': 1
4664	14:23:31: Orientation {'radio_id': 1
4665	14:23:31: Position Data {'radio_id': 1
4666	14:23:31: Alt Info & Cfg {'radio_id': 1
4667	14:23:31: Orientation {'radio_id': 1
4668	14:23:31: Position Data {'radio_id': 1
4669	14:23:31: Pyro Info {'radio_id': 1
4670	14:23:31: Line Cutter Data 1 {'radio_id': 1
4671	14:23:31: Line Cutter Data 5 {'radio_id': 1
4672	14:23:31: Orientation {'radio_id': 1
4673	14:23:31: Orientation {'radio_id': 1
4674	14:23:32: Position Data {'radio_id': 1
4675	14:23:32: Orientation {'radio_id': 1
4676	14:23:32: Line Cutter Vars 1 {'radio_id': 1
4677	14:23:32: Line Cutter Vars 5 {'radio_id': 1
4678	14:23:32: Orientation {'radio_id': 1
4679	14:23:32: Position Data {'radio_id': 1
4680	14:23:32: Alt Info & Cfg {'radio_id': 1
4681	14:23:32: Orientation {'radio_id': 1
4682	14:23:32: Pyro Info {'radio_id': 1
4683	14:23:32: Line Cutter Data 5 {'radio_id': 1
4684	14:23:33: Orientation {'radio_id': 1
4685	14:23:33: Position Data {'radio_id': 1
4686	14:23:33: Orientation {'radio_id': 1
4687	14:23:33: Orientation {'radio_id': 1
4688	14:23:33: Position Data {'radio_id': 1
4689	14:23:33: Orientation {'radio_id': 1
4690	14:23:33: Position Data {'radio_id': 1
4691	14:23:33: Orientation {'radio_id': 1
4692	14:23:33: Position Data {'radio_id': 1
4693	14:23:33: Pyro Info {'radio_id': 1
4694	14:23:33: Line Cutter Data 1 {'radio_id': 1
4695	14:23:34: Alt Info & Cfg {'radio_id': 1
4696	14:23:34: Position Data {'radio_id': 1
4697	14:23:34: Orientation {'radio_id': 1
4698	14:23:34: Position Data {'radio_id': 1
4699	14:23:34: Orientation {'radio_id': 1
4700	14:23:34: Position Data {'radio_id': 1
4701	14:23:34: Orientation {'radio_id': 1
4702	14:23:34: Position Data {'radio_id': 1
4703	14:23:34: Orientation {'radio_id': 1
4704	14:23:34: Position Data {'radio_id': 1
4705	14:23:34: Pyro Info {'radio_id': 1
4706	14:23:34: Line Cutter Data 1 {'radio_id': 1
4707	14:23:35: Orientation {'radio_id': 1
4708	14:23:35: Alt Info & Cfg {'radio_id': 1
4709	14:23:35: Orientation {'radio_id': 1
4710	14:23:35: Position Data {'radio_id': 1
4711	14:23:35: Orientation {'radio_id': 1
4712	14:23:35: Orientation {'radio_id': 1
4713	14:23:35: Orientation {'radio_id': 1
4714	14:23:35: Position Data {'radio_id': 1
4715	14:23:35: Line Cutter Data 1 {'radio_id': 1
4716	14:23:36: Line Cutter Data 5 {'radio_id': 1
4717	14:23:36: Orientation {'radio_id': 1
4718	14:23:36: Orientation {'radio_id': 1
4719	14:23:36: Position Data {'radio_id': 1
4720	14:23:36: Alt Info & Cfg {'radio_id': 1
4721	14:23:36: Orientation {'radio_id': 1
4722	14:23:36: Orientation {'radio_id': 1
4723	14:23:36: Pyro Info {'radio_id': 1
4724	14:23:36: Line Cutter Data 5 {'radio_id': 1
4725	14:23:37: Orientation {'radio_id': 1
4726	14:23:37: Orientation {'radio_id': 1
4727	14:23:37: Position Data {'radio_id': 1
4728	14:23:37: Orientation {'radio_id': 1
4729	14:23:37: Position Data {'radio_id': 1
4730	14:23:37: Orientation {'radio_id': 1
4731	14:23:37: Position Data {'radio_id': 1
4732	14:23:37: Alt Info & Cfg {'radio_id': 1
4733	14:23:37: Orientation {'radio_id': 1
4734	14:23:37: Position Data {'radio_id': 1
4735	14:23:37: Pyro Info {'radio_id': 1
4736	14:23:37: Line Cutter Data 5 {'radio_id': 1
4737	14:23:38: Orientation {'radio_id': 1
4738	14:23:38: Position Data {'radio_id': 1
4739	14:23:38: Orientation {'radio_id': 1
4740	14:23:38: Orientation {'radio_id': 1
4741	14:23:38: Orientation {'radio_id': 1
4742	14:23:38: Position Data {'radio_id': 1
4743	14:23:38: Orientation {'radio_id': 1
4744	14:23:38: Position Data {'radio_id': 1
4745	14:23:38: Alt Info & Cfg {'radio_id': 1
4746	14:23:38: Pyro Info {'radio_id': 1
4747	14:23:39: Line Cutter Data 5 {'radio_id': 1
4748	14:23:39: Orientation {'radio_id': 1
4749	14:23:39: Orientation {'radio_id': 1
4750	14:23:39: Position Data {'radio_id': 1
4751	14:23:39: Orientation {'radio_id': 1
4752	14:23:39: Position Data {'radio_id': 1
4753	14:23:39: Orientation {'radio_id': 1
4754	14:23:39: Position Data {'radio_id': 1
4755	14:23:39: Orientation {'radio_id': 1
4756	14:23:39: Position Data {'radio_id': 1
4757	14:23:39: Pyro Info {'radio_id': 1
4758	14:23:39: Line Cutter Data 1 {'radio_id': 1
4759	14:23:39: Line Cutter Data 5 {'radio_id': 1
4760	14:23:40: Orientation {'radio_id': 1
4761	14:23:40: Position Data {'radio_id': 1
4762	14:23:40: Orientation {'radio_id': 1
4763	14:23:40: Orientation {'radio_id': 1
4764	14:23:40: Position Data {'radio_id': 1
4765	14:23:40: Orientation {'radio_id': 1
4766	14:23:40: Position Data {'radio_id': 1
4767	14:23:40: Orientation {'radio_id': 1
4768	14:23:40: Position Data {'radio_id': 1
4769	14:23:40: Line Cutter Data 1 {'radio_id': 1
4770	14:23:41: Line Cutter Data 5 {'radio_id': 1
4771	14:23:41: Orientation {'radio_id': 1
4772	14:23:41: Position Data {'radio_id': 1
4773	14:23:41: Orientation {'radio_id': 1
4774	14:23:41: Position Data {'radio_id': 1
4775	14:23:41: Alt Info & Cfg {'radio_id': 1
4776	14:23:41: Orientation {'radio_id': 1
4777	14:23:41: Position Data {'radio_id': 1
4778	14:23:41: Orientation {'radio_id': 1
4779	14:23:41: Position Data {'radio_id': 1
4780	14:23:41: Orientation {'radio_id': 1
4781	14:23:41: Position Data {'radio_id': 1
4782	14:23:41: Pyro Info {'radio_id': 1
4783	14:23:41: Line Cutter Data 1 {'radio_id': 1
4784	14:23:42: Orientation {'radio_id': 1
4785	14:23:42: Orientation {'radio_id': 1
4786	14:23:42: Position Data {'radio_id': 1
4787	14:23:42: Orientation {'radio_id': 1
4788	14:23:42: Position Data {'radio_id': 1
4789	14:23:42: Line Cutter Vars 1 {'radio_id': 1
4790	14:23:42: Alt Info & Cfg {'radio_id': 1
4791	14:23:42: Orientation {'radio_id': 1
4792	14:23:42: Orientation {'radio_id': 1
4793	14:23:42: Position Data {'radio_id': 1
4794	14:23:42: Pyro Info {'radio_id': 1
4795	14:23:42: Line Cutter Data 1 {'radio_id': 1
4796	14:23:42: Line Cutter Data 5 {'radio_id': 1
4797	14:23:43: Orientation {'radio_id': 1
4798	14:23:43: Position Data {'radio_id': 1
4799	14:23:43: Orientation {'radio_id': 1
4800	14:23:43: Position Data {'radio_id': 1
4801	14:23:43: Orientation {'radio_id': 1
4802	14:23:43: Position Data {'radio_id': 1
4803	14:23:43: Orientation {'radio_id': 1
4804	14:23:43: Position Data {'radio_id': 1
4805	14:23:43: Alt Info & Cfg {'radio_id': 1
4806	14:23:43: Pyro Info {'radio_id': 1
4807	14:23:44: Line Cutter Data 1 {'radio_id': 1
4808	14:23:44: Line Cutter Data 5 {'radio_id': 1
4809	14:23:44: Position Data {'radio_id': 1
4810	14:23:44: Orientation {'radio_id': 1
4811	14:23:44: Orientation {'radio_id': 1
4812	14:23:44: Orientation {'radio_id': 1
4813	14:23:44: Position Data {'radio_id': 1
4814	14:23:44: Orientation {'radio_id': 1
4815	14:23:44: Position Data {'radio_id': 1
4816	14:23:44: Line Cutter Data 1 {'radio_id': 1
4817	14:23:44: Line Cutter Data 5 {'radio_id': 1
4818	14:23:45: Orientation {'radio_id': 1
4819	14:23:45: Position Data {'radio_id': 1
4820	14:23:45: Alt Info & Cfg {'radio_id': 1
4821	14:23:45: Position Data {'radio_id': 1
4822	14:23:45: Orientation {'radio_id': 1
4823	14:23:45: Position Data {'radio_id': 1
4824	14:23:45: Orientation {'radio_id': 1
4825	14:23:45: Position Data {'radio_id': 1
4826	14:23:45: Position Data {'radio_id': 1
4827	14:23:46: Orientation {'radio_id': 1
4828	14:23:46: Position Data {'radio_id': 1
4829	14:23:46: Pyro Info {'radio_id': 1
4830	14:23:46: Line Cutter Data 1 {'radio_id': 1
4831	14:23:46: Line Cutter Data 5 {'radio_id': 1
4832	14:23:46: Orientation {'radio_id': 1
4833	14:23:46: Position Data {'radio_id': 1
4834	14:23:46: Orientation {'radio_id': 1
4835	14:23:46: Position Data {'radio_id': 1
4836	14:23:46: Orientation {'radio_id': 1
4837	14:23:46: Position Data {'radio_id': 1
4838	14:23:46: Orientation {'radio_id': 1
4839	14:23:46: Position Data {'radio_id': 1
4840	14:23:47: Orientation {'radio_id': 1
4841	14:23:47: Position Data {'radio_id': 1
4842	14:23:47: Pyro Info {'radio_id': 1
4843	14:23:47: Line Cutter Data 1 {'radio_id': 1
4844	14:23:47: Line Cutter Data 5 {'radio_id': 1
4845	14:23:47: Position Data {'radio_id': 1
4846	14:23:47: Orientation {'radio_id': 1
4847	14:23:47: Position Data {'radio_id': 1
4848	14:23:47: Orientation {'radio_id': 1
4849	14:23:47: Position Data {'radio_id': 1
4850	14:23:47: Orientation {'radio_id': 1
4851	14:23:47: Position Data {'radio_id': 1
4852	14:23:48: Ground Station GPS {'gs_lat': 44.824625651041664
4853	14:23:48: Orientation {'radio_id': 1
4854	14:23:48: Position Data {'radio_id': 1
4855	14:23:48: Line Cutter Data 1 {'radio_id': 1
4856	14:23:48: Line Cutter Data 5 {'radio_id': 1
4857	14:23:48: Orientation {'radio_id': 1
4858	14:23:48: Alt Info & Cfg {'radio_id': 1
4859	14:23:48: Orientation {'radio_id': 1
4860	14:23:49: Orientation {'radio_id': 1
4861	14:23:49: Position Data {'radio_id': 1
4862	14:23:49: Orientation {'radio_id': 1
4863	14:23:49: Orientation {'radio_id': 1
4864	14:23:49: Position Data {'radio_id': 1
4865	14:23:49: Pyro Info {'radio_id': 1
4866	14:23:49: Line Cutter Data 5 {'radio_id': 1
4867	14:23:49: Orientation {'radio_id': 1
4868	14:23:49: Position Data {'radio_id': 1
4869	14:23:49: Orientation {'radio_id': 1
4870	14:23:49: Position Data {'radio_id': 1
4871	14:23:49: Orientation {'radio_id': 1
4872	14:23:50: Position Data {'radio_id': 1
4873	14:23:50: Alt Info & Cfg {'radio_id': 1
4874	14:23:50: Orientation {'radio_id': 1
4875	14:23:50: Position Data {'radio_id': 1
4876	14:23:50: Orientation {'radio_id': 1
4877	14:23:50: Position Data {'radio_id': 1
4878	14:23:50: Pyro Info {'radio_id': 1
4879	14:23:50: Line Cutter Data 1 {'radio_id': 1
4880	14:23:50: Line Cutter Data 5 {'radio_id': 1
4881	14:23:50: Orientation {'radio_id': 1
4882	14:23:50: Position Data {'radio_id': 1
4883	14:23:50: Orientation {'radio_id': 1
4884	14:23:50: Position Data {'radio_id': 1
4885	14:23:51: Orientation {'radio_id': 1
4886	14:23:51: Orientation {'radio_id': 1
4887	14:23:51: Alt Info & Cfg {'radio_id': 1
4888	14:23:51: Orientation {'radio_id': 1
4889	14:23:51: Position Data {'radio_id': 1
4890	14:23:51: Pyro Info {'radio_id': 1
4891	14:23:51: Line Cutter Data 1 {'radio_id': 1
4892	14:23:51: Line Cutter Data 5 {'radio_id': 1
4893	14:23:51: Orientation {'radio_id': 1
4894	14:23:51: Position Data {'radio_id': 1
4895	14:23:51: Orientation {'radio_id': 1
4896	14:23:51: Position Data {'radio_id': 1
4897	14:23:52: Orientation {'radio_id': 1
4898	14:23:52: Position Data {'radio_id': 1
4899	14:23:52: Ground Station GPS {'gs_lat': 44.824625651041664
4900	14:23:52: Orientation {'radio_id': 1
4901	14:23:52: Position Data {'radio_id': 1
4902	14:23:52: Orientation {'radio_id': 1
4903	14:23:52: Position Data {'radio_id': 1
4904	14:23:52: Pyro Info {'radio_id': 1
4905	14:23:52: Line Cutter Data 1 {'radio_id': 1
4906	14:23:52: Line Cutter Data 5 {'radio_id': 1
4907	14:23:52: Line Cutter Vars 1 {'radio_id': 1
4908	14:23:52: Alt Info & Cfg {'radio_id': 1
4909	14:23:52: Orientation {'radio_id': 1
4910	14:23:52: Position Data {'radio_id': 1
4911	14:23:52: Orientation {'radio_id': 1
4912	14:23:52: Orientation {'radio_id': 1
4913	14:23:53: Position Data {'radio_id': 1
4914	14:23:53: Orientation {'radio_id': 1
4915	14:23:53: Position Data {'radio_id': 1
4916	14:23:53: Orientation {'radio_id': 1
4917	14:23:53: Position Data {'radio_id': 1
4918	14:23:53: Line Cutter Data 1 {'radio_id': 1
4919	14:23:53: Orientation {'radio_id': 1
4920	14:23:53: Position Data {'radio_id': 1
4921	14:23:53: Alt Info & Cfg {'radio_id': 1
4922	14:23:53: Orientation {'radio_id': 1
4923	14:23:53: Position Data {'radio_id': 1
4924	14:23:54: Orientation {'radio_id': 1
4925	14:23:54: Position Data {'radio_id': 1
4926	14:23:54: Orientation {'radio_id': 1
4927	14:23:54: Position Data {'radio_id': 1
4928	14:23:54: Orientation {'radio_id': 1
4929	14:23:54: Position Data {'radio_id': 1
4930	14:23:54: Pyro Info {'radio_id': 1
4931	14:23:54: Line Cutter Data 1 {'radio_id': 1
4932	14:23:54: Line Cutter Data 5 {'radio_id': 1
4933	14:23:54: Position Data {'radio_id': 1
4934	14:23:54: Orientation {'radio_id': 1
4935	14:23:54: Position Data {'radio_id': 1
4936	14:23:54: Alt Info & Cfg {'radio_id': 1
4937	14:23:54: Orientation {'radio_id': 1
4938	14:23:55: Position Data {'radio_id': 1
4939	14:23:55: Orientation {'radio_id': 1
4940	14:23:55: Position Data {'radio_id': 1
4941	14:23:55: Orientation {'radio_id': 1
4942	14:23:55: Position Data {'radio_id': 1
4943	14:23:55: Pyro Info {'radio_id': 1
4944	14:23:55: Line Cutter Data 1 {'radio_id': 1
4945	14:23:55: Orientation {'radio_id': 1
4946	14:23:55: Position Data {'radio_id': 1
4947	14:23:55: Orientation {'radio_id': 1
4948	14:23:56: Orientation {'radio_id': 1
4949	14:23:56: Position Data {'radio_id': 1
4950	14:23:56: Ground Station GPS {'gs_lat': 44.824625651041664
4951	14:23:56: Orientation {'radio_id': 1
4952	14:23:56: Position Data {'radio_id': 1
4953	14:23:56: Alt Info & Cfg {'radio_id': 1
4954	14:23:56: Orientation {'radio_id': 1
4955	14:23:56: Position Data {'radio_id': 1
4956	14:23:56: Pyro Info {'radio_id': 1
4957	14:23:56: Line Cutter Data 1 {'radio_id': 1
4958	14:23:56: Line Cutter Data 5 {'radio_id': 1
4959	14:23:56: Orientation {'radio_id': 1
4960	14:23:56: Position Data {'radio_id': 1
4961	14:23:56: Orientation {'radio_id': 1
4962	14:23:56: Position Data {'radio_id': 1
4963	14:23:57: Orientation {'radio_id': 1
4964	14:23:57: Position Data {'radio_id': 1
4965	14:23:57: Orientation {'radio_id': 1
4966	14:23:57: Position Data {'radio_id': 1
4967	14:23:57: Orientation {'radio_id': 1
4968	14:23:57: Position Data {'radio_id': 1
4969	14:23:57: Alt Info & Cfg {'radio_id': 1
4970	14:23:57: Pyro Info {'radio_id': 1
4971	14:23:57: Line Cutter Data 5 {'radio_id': 1
4972	14:23:57: Orientation {'radio_id': 1
4973	14:23:57: Position Data {'radio_id': 1
4974	14:23:57: Orientation {'radio_id': 1
4975	14:23:57: Position Data {'radio_id': 1
4976	14:23:58: Orientation {'radio_id': 1
4977	14:23:58: Ground Station GPS {'gs_lat': 44.824625651041664
4978	14:23:58: Orientation {'radio_id': 1
4979	14:23:58: Orientation {'radio_id': 1
4980	14:23:58: Position Data {'radio_id': 1
4981	14:23:58: Pyro Info {'radio_id': 1
4982	14:23:58: Line Cutter Data 1 {'radio_id': 1
4983	14:23:58: Line Cutter Data 5 {'radio_id': 1
4984	14:23:58: Orientation {'radio_id': 1
4985	14:23:58: Position Data {'radio_id': 1
4986	14:23:58: Alt Info & Cfg {'radio_id': 1
4987	14:23:58: Orientation {'radio_id': 1
4988	14:23:58: Position Data {'radio_id': 1
4989	14:23:58: Orientation {'radio_id': 1
4990	14:23:59: Position Data {'radio_id': 1
4991	14:23:59: Orientation {'radio_id': 1
4992	14:23:59: Position Data {'radio_id': 1
4993	14:23:59: Orientation {'radio_id': 1
4994	14:23:59: Position Data {'radio_id': 1
4995	14:23:59: Pyro Info {'radio_id': 1
4996	14:23:59: Line Cutter Data 1 {'radio_id': 1
4997	14:23:59: Orientation {'radio_id': 1
4998	14:23:59: Orientation {'radio_id': 1
4999	14:23:59: Position Data {'radio_id': 1
5000	14:23:59: Alt Info & Cfg {'radio_id': 1
5001	14:24:00: Orientation {'radio_id': 1
5002	14:24:00: Position Data {'radio_id': 1
5003	14:24:00: Ground Station GPS {'gs_lat': 44.824625651041664
5004	14:24:00: Orientation {'radio_id': 1
5005	14:24:00: Orientation {'radio_id': 1
5006	14:24:00: Position Data {'radio_id': 1
5007	14:24:00: Orientation {'radio_id': 1
5008	14:24:00: Position Data {'radio_id': 1
5009	14:24:00: Line Cutter Data 1 {'radio_id': 1
5010	14:24:00: Line Cutter Data 5 {'radio_id': 1
5011	14:24:00: Position Data {'radio_id': 1
5012	14:24:01: Orientation {'radio_id': 1
5013	14:24:01: Alt Info & Cfg {'radio_id': 1
5014	14:24:01: Orientation {'radio_id': 1
5015	14:24:01: Position Data {'radio_id': 1
5016	14:24:01: Orientation {'radio_id': 1
5017	14:24:01: Orientation {'radio_id': 1
5018	14:24:01: Position Data {'radio_id': 1
5019	14:24:01: Pyro Info {'radio_id': 1
5020	14:24:01: Line Cutter Data 1 {'radio_id': 1
5021	14:24:01: Line Cutter Data 5 {'radio_id': 1
5022	14:24:01: Orientation {'radio_id': 1
5023	14:24:01: Position Data {'radio_id': 1
5024	14:24:02: Orientation {'radio_id': 1
5025	14:24:02: Position Data {'radio_id': 1
5026	14:24:02: Ground Station GPS {'gs_lat': 44.824625651041664
5027	14:24:02: Orientation {'radio_id': 1
5028	14:24:02: Position Data {'radio_id': 1
5029	14:24:02: Orientation {'radio_id': 1
5030	14:24:02: Position Data {'radio_id': 1
5031	14:24:02: Line Cutter Vars 1 {'radio_id': 1
5032	14:24:02: Line Cutter Vars 5 {'radio_id': 1
5033	14:24:02: Orientation {'radio_id': 1
5034	14:24:02: Position Data {'radio_id': 1
5035	14:24:02: Line Cutter Data 1 {'radio_id': 1
5036	14:24:02: Orientation {'radio_id': 1
5037	14:24:02: Position Data {'radio_id': 1
5038	14:24:02: Orientation {'radio_id': 1
5039	14:24:03: Position Data {'radio_id': 1
5040	14:24:03: Orientation {'radio_id': 1
5041	14:24:03: Position Data {'radio_id': 1
5042	14:24:03: Orientation {'radio_id': 1
5043	14:24:03: Orientation {'radio_id': 1
5044	14:24:03: Position Data {'radio_id': 1
5045	14:24:03: Pyro Info {'radio_id': 1
5046	14:24:03: Line Cutter Data 5 {'radio_id': 1
5047	14:24:03: Alt Info & Cfg {'radio_id': 1
5048	14:24:03: Position Data {'radio_id': 1
5049	14:24:04: Orientation {'radio_id': 1
5050	14:24:04: Position Data {'radio_id': 1
5051	14:24:04: Ground Station GPS {'gs_lat': 44.824625651041664
5052	14:24:04: Orientation {'radio_id': 1
5053	14:24:04: Orientation {'radio_id': 1
5054	14:24:04: Orientation {'radio_id': 1
5055	14:24:04: Pyro Info {'radio_id': 1
5056	14:24:04: Line Cutter Data 1 {'radio_id': 1
5057	14:24:04: Line Cutter Data 5 {'radio_id': 1
5058	14:24:04: Orientation {'radio_id': 1
5059	14:24:04: Position Data {'radio_id': 1
5060	14:24:05: Orientation {'radio_id': 1
5061	14:24:05: Orientation {'radio_id': 1
5062	14:24:05: Orientation {'radio_id': 1
5063	14:24:05: Position Data {'radio_id': 1
5064	14:24:05: Orientation {'radio_id': 1
5065	14:24:05: Position Data {'radio_id': 1
5066	14:24:05: Pyro Info {'radio_id': 1
5067	14:24:05: Line Cutter Data 1 {'radio_id': 1
5068	14:24:05: Line Cutter Data 5 {'radio_id': 1
5069	14:24:05: Orientation {'radio_id': 1
5070	14:24:06: Orientation {'radio_id': 1
5071	14:24:06: Position Data {'radio_id': 1
5072	14:24:06: Alt Info & Cfg {'radio_id': 1
5073	14:24:06: Ground Station GPS {'gs_lat': 44.824625651041664
5074	14:24:06: Orientation {'radio_id': 1
5075	14:24:06: Position Data {'radio_id': 1
5076	14:24:06: Orientation {'radio_id': 1
5077	14:24:06: Orientation {'radio_id': 1
5078	14:24:06: Position Data {'radio_id': 1
5079	14:24:06: Pyro Info {'radio_id': 1
5080	14:24:06: Line Cutter Data 1 {'radio_id': 1
5081	14:24:06: Line Cutter Data 5 {'radio_id': 1
5082	14:24:06: Position Data {'radio_id': 1
5083	14:24:07: Orientation {'radio_id': 1
5084	14:24:07: Orientation {'radio_id': 1
5085	14:24:07: Position Data {'radio_id': 1
5086	14:24:07: Orientation {'radio_id': 1
5087	14:24:07: Orientation {'radio_id': 1
5088	14:24:07: Position Data {'radio_id': 1
5089	14:24:07: Line Cutter Data 1 {'radio_id': 1
5090	14:24:07: Orientation {'radio_id': 1
5091	14:24:07: Orientation {'radio_id': 1
5092	14:24:08: Position Data {'radio_id': 1
5093	14:24:08: Ground Station GPS {'gs_lat': 44.824625651041664
5094	14:24:08: Orientation {'radio_id': 1
5095	14:24:08: Orientation {'radio_id': 1
5096	14:24:08: Position Data {'radio_id': 1
5097	14:24:08: Orientation {'radio_id': 1
5098	14:24:08: Position Data {'radio_id': 1
5099	14:24:08: Alt Info & Cfg {'radio_id': 1
5100	14:24:08: Pyro Info {'radio_id': 1
5101	14:24:08: Line Cutter Data 1 {'radio_id': 1
5102	14:24:08: Line Cutter Data 5 {'radio_id': 1
5103	14:24:08: Position Data {'radio_id': 1
5104	14:24:08: Orientation {'radio_id': 1
5105	14:24:09: Position Data {'radio_id': 1
5106	14:24:09: Orientation {'radio_id': 1
5107	14:24:09: Position Data {'radio_id': 1
5108	14:24:09: Orientation {'radio_id': 1
5109	14:24:09: Orientation {'radio_id': 1
5110	14:24:09: Pyro Info {'radio_id': 1
5111	14:24:09: Line Cutter Data 1 {'radio_id': 1
5112	14:24:09: Line Cutter Data 5 {'radio_id': 1
5113	14:24:09: Position Data {'radio_id': 1
5114	14:24:10: Orientation {'radio_id': 1
5115	14:24:10: Position Data {'radio_id': 1
5116	14:24:10: Ground Station GPS {'gs_lat': 44.824625651041664
5117	14:24:10: Orientation {'radio_id': 1
5118	14:24:10: Position Data {'radio_id': 1
5119	14:24:10: Orientation {'radio_id': 1
5120	14:24:10: Position Data {'radio_id': 1
5121	14:24:10: Orientation {'radio_id': 1
5122	14:24:10: Position Data {'radio_id': 1
5123	14:24:10: Pyro Info {'radio_id': 1
5124	14:24:10: Line Cutter Data 1 {'radio_id': 1
5125	14:24:10: Orientation {'radio_id': 1
5126	14:24:10: Position Data {'radio_id': 1
5127	14:24:11: Orientation {'radio_id': 1
5128	14:24:11: Alt Info & Cfg {'radio_id': 1
5129	14:24:11: Orientation {'radio_id': 1
5130	14:24:11: Position Data {'radio_id': 1
5131	14:24:11: Orientation {'radio_id': 1
5132	14:24:11: Orientation {'radio_id': 1
5133	14:24:11: Pyro Info {'radio_id': 1
5134	14:24:11: Line Cutter Data 5 {'radio_id': 1
5135	14:24:11: Position Data {'radio_id': 1
5136	14:24:12: Orientation {'radio_id': 1
5137	14:24:12: Ground Station GPS {'gs_lat': 44.824625651041664
5138	14:24:12: Position Data {'radio_id': 1
5139	14:24:12: Alt Info & Cfg {'radio_id': 1
5140	14:24:12: Orientation {'radio_id': 1
5141	14:24:12: Position Data {'radio_id': 1
5142	14:24:12: Line Cutter Vars 5 {'radio_id': 1
5143	14:24:12: Orientation {'radio_id': 1
5144	14:24:12: Position Data {'radio_id': 1
5145	14:24:12: Pyro Info {'radio_id': 1
5146	14:24:12: Line Cutter Data 1 {'radio_id': 1
5147	14:24:12: Line Cutter Data 5 {'radio_id': 1
5148	14:24:12: Orientation {'radio_id': 1
5149	14:24:12: Position Data {'radio_id': 1
5150	14:24:13: Orientation {'radio_id': 1
5151	14:24:13: Orientation {'radio_id': 1
5152	14:24:13: Position Data {'radio_id': 1
5153	14:24:13: Orientation {'radio_id': 1
5154	14:24:13: Position Data {'radio_id': 1
5155	14:24:13: Alt Info & Cfg {'radio_id': 1
5156	14:24:13: Orientation {'radio_id': 1
5157	14:24:13: Position Data {'radio_id': 1
5158	14:24:13: Pyro Info {'radio_id': 1
5159	14:24:13: Line Cutter Data 1 {'radio_id': 1
5160	14:24:13: Line Cutter Data 5 {'radio_id': 1
5161	14:24:13: Orientation {'radio_id': 1
5162	14:24:14: Orientation {'radio_id': 1
5163	14:24:14: Ground Station GPS {'gs_lat': 44.824625651041664
5164	14:24:14: Orientation {'radio_id': 1
5165	14:24:14: Position Data {'radio_id': 1
5166	14:24:14: Orientation {'radio_id': 1
5167	14:24:14: Position Data {'radio_id': 1
5168	14:24:14: Orientation {'radio_id': 1
5169	14:24:14: Alt Info & Cfg {'radio_id': 1
5170	14:24:14: Pyro Info {'radio_id': 1
5171	14:24:15: Line Cutter Data 1 {'radio_id': 1
5172	14:24:15: Orientation {'radio_id': 1
5173	14:24:15: Position Data {'radio_id': 1
5174	14:24:15: Orientation {'radio_id': 1
5175	14:24:15: Orientation {'radio_id': 1
5176	14:24:15: Position Data {'radio_id': 1
5177	14:24:15: Orientation {'radio_id': 1
5178	14:24:15: Position Data {'radio_id': 1
5179	14:24:15: Position Data {'radio_id': 1
5180	14:24:15: Pyro Info {'radio_id': 1
5181	14:24:16: Line Cutter Data  {'radio_id': 1
5182	14:24:16: Position Data {'radio_id': 1
5183	14:24:16: Ground Station GPS {'gs_lat': 44.824625651041664
5184	14:24:16: Position Data {'radio_id': 1
5185	14:24:16: Orientation {'radio_id': 1
5186	14:24:16: Position Data {'radio_id': 1
5187	14:24:16: Orientation {'radio_id': 1
5188	14:24:16: Position Data {'radio_id': 1
5189	14:24:16: Orientation {'radio_id': 1
5190	14:24:16: Position Data {'radio_id': 1
5191	14:24:16: Pyro Info {'radio_id': 1
5192	14:24:16: Line Cutter Data 1 {'radio_id': 1
5193	14:24:16: Line Cutter Data 5 {'radio_id': 1
5194	14:24:17: Orientation {'radio_id': 1
5195	14:24:17: Position Data {'radio_id': 1
5196	14:24:17: Orientation {'radio_id': 1
5197	14:24:17: Position Data {'radio_id': 1
5198	14:24:17: Alt Info & Cfg {'radio_id': 1
5199	14:24:17: Orientation {'radio_id': 1
5200	14:24:17: Position Data {'radio_id': 1
5201	14:24:17: Orientation {'radio_id': 1
5202	14:24:17: Position Data {'radio_id': 1
5203	14:24:17: Orientation {'radio_id': 1
5204	14:24:17: Position Data {'radio_id': 1
5205	14:24:17: Line Cutter Data 1 {'radio_id': 1
5206	14:24:18: Line Cutter Data 5 {'radio_id': 1
5207	14:24:18: Orientation {'radio_id': 1
5208	14:24:18: Ground Station GPS {'gs_lat': 44.824625651041664
5209	14:24:18: Orientation {'radio_id': 1
5210	14:24:18: Position Data {'radio_id': 1
5211	14:24:18: Orientation {'radio_id': 1
5212	14:24:18: Alt Info & Cfg {'radio_id': 1
5213	14:24:18: Orientation {'radio_id': 1
5214	14:24:18: Position Data {'radio_id': 1
5215	14:24:18: Orientation {'radio_id': 1
5216	14:24:18: Position Data {'radio_id': 1
5217	14:24:18: Pyro Info {'radio_id': 1
5218	14:24:19: Line Cutter Data 5 {'radio_id': 1
5219	14:24:19: Position Data {'radio_id': 1
5220	14:24:19: Orientation {'radio_id': 1
5221	14:24:19: Orientation {'radio_id': 1
5222	14:24:19: Position Data {'radio_id': 1
5223	14:24:19: Orientation {'radio_id': 1
5224	14:24:19: Position Data {'radio_id': 1
5225	14:24:19: Alt Info & Cfg {'radio_id': 1
5226	14:24:19: Orientation {'radio_id': 1
5227	14:24:19: Line Cutter Data  {'radio_id': 1
5228	14:24:19: Line Cutter Data 5 {'radio_id': 1
5229	14:24:20: Orientation {'radio_id': 1
5230	14:24:20: Position Data {'radio_id': 1
5231	14:24:20: Ground Station GPS {'gs_lat': 44.824625651041664
5232	14:24:20: Orientation {'radio_id': 1
5233	14:24:20: Orientation {'radio_id': 1
5234	14:24:20: Position Data {'radio_id': 1
5235	14:24:20: Orientation {'radio_id': 1
5236	14:24:20: Position Data {'radio_id': 1
5237	14:24:20: Orientation {'radio_id': 1
5238	14:24:20: Pyro Info {'radio_id': 1
5239	14:24:20: Line Cutter Data 1 {'radio_id': 1
5240	14:24:20: Line Cutter Data 5 {'radio_id': 1
5241	14:24:21: Orientation {'radio_id': 1
5242	14:24:21: Position Data {'radio_id': 1
5243	14:24:21: Alt Info & Cfg {'radio_id': 1
5244	14:24:21: Orientation {'radio_id': 1
5245	14:24:21: Orientation {'radio_id': 1
5246	14:24:21: Position Data {'radio_id': 1
5247	14:24:21: Position Data {'radio_id': 1
5248	14:24:21: Orientation {'radio_id': 1
5249	14:24:21: Position Data {'radio_id': 1
5250	14:24:21: Pyro Info {'radio_id': 1
5251	14:24:21: Line Cutter Data 1 {'radio_id': 1
5252	14:24:22: Line Cutter Data 5 {'radio_id': 1
5253	14:24:22: Position Data {'radio_id': 1
5254	14:24:22: Ground Station GPS {'gs_lat': 44.824625651041664
5255	14:24:22: Orientation {'radio_id': 1
5256	14:24:22: Alt Info & Cfg {'radio_id': 1
5257	14:24:22: Orientation {'radio_id': 1
5258	14:24:22: Position Data {'radio_id': 1
5259	14:24:22: Line Cutter Vars 1 {'radio_id': 1
5260	14:24:22: Line Cutter Vars 5 {'radio_id': 1
5261	14:24:22: Orientation {'radio_id': 1
5262	14:24:22: Position Data {'radio_id': 1
5263	14:24:22: Orientation {'radio_id': 1
5264	14:24:22: Position Data {'radio_id': 1
5265	14:24:22: Pyro Info {'radio_id': 1
5266	14:24:22: Line Cutter Data 1 {'radio_id': 1
5267	14:24:23: Line Cutter Data 5 {'radio_id': 1
5268	14:24:23: Orientation {'radio_id': 1
5269	14:24:23: Position Data {'radio_id': 1
5270	14:24:23: Orientation {'radio_id': 1
5271	14:24:23: Position Data {'radio_id': 1
5272	14:24:23: Orientation {'radio_id': 1
5273	14:24:23: Position Data {'radio_id': 1
5274	14:24:23: Alt Info & Cfg {'radio_id': 1
5275	14:24:23: Orientation {'radio_id': 1
5276	14:24:23: Position Data {'radio_id': 1
5277	14:24:23: Orientation {'radio_id': 1
5278	14:24:23: Position Data {'radio_id': 1
5279	14:24:23: Pyro Info {'radio_id': 1
5280	14:24:23: Line Cutter Data 1 {'radio_id': 1
5281	14:24:24: Line Cutter Data 5 {'radio_id': 1
5282	14:24:24: Orientation {'radio_id': 1
5283	14:24:24: Ground Station GPS {'gs_lat': 44.824625651041664
5284	14:24:24: Orientation {'radio_id': 1
5285	14:24:24: Position Data {'radio_id': 1
5286	14:24:24: Orientation {'radio_id': 1
5287	14:24:24: Position Data {'radio_id': 1
5288	14:24:24: Orientation {'radio_id': 1
5289	14:24:24: Position Data {'radio_id': 1
5290	14:24:24: Alt Info & Cfg {'radio_id': 1
5291	14:24:24: Orientation {'radio_id': 1
5292	14:24:24: Position Data {'radio_id': 1
5293	14:24:24: Line Cutter Data 1 {'radio_id': 1
5294	14:24:25: Line Cutter Data 5 {'radio_id': 1
5295	14:24:25: Orientation {'radio_id': 1
5296	14:24:25: Orientation {'radio_id': 1
5297	14:24:25: Position Data {'radio_id': 1
5298	14:24:25: Orientation {'radio_id': 1
5299	14:24:25: Position Data {'radio_id': 1
5300	14:24:25: Position Data {'radio_id': 1
5301	14:24:25: Orientation {'radio_id': 1
5302	14:24:25: Position Data {'radio_id': 1
5303	14:24:25: Line Cutter Data 1 {'radio_id': 1
5304	14:24:26: Line Cutter Data 5 {'radio_id': 1
5305	14:24:26: Orientation {'radio_id': 1
5306	14:24:26: Position Data {'radio_id': 1
5307	14:24:26: Orientation {'radio_id': 1
5308	14:24:26: Position Data {'radio_id': 1
5309	14:24:26: Orientation {'radio_id': 1
5310	14:24:26: Position Data {'radio_id': 1
5311	14:24:26: Orientation {'radio_id': 1
5312	14:24:26: Position Data {'radio_id': 1
5313	14:24:26: Position Data {'radio_id': 1
5314	14:24:26: Pyro Info {'radio_id': 1
5315	14:24:27: Orientation {'radio_id': 1
5316	14:24:27: Position Data {'radio_id': 1
5317	14:24:27: Orientation {'radio_id': 1
5318	14:24:27: Alt Info & Cfg {'radio_id': 1
5319	14:24:27: Orientation {'radio_id': 1
5320	14:24:27: Position Data {'radio_id': 1
5321	14:24:27: Orientation {'radio_id': 1
5322	14:24:27: Position Data {'radio_id': 1
5323	14:24:27: Orientation {'radio_id': 1
5324	14:24:28: Orientation {'radio_id': 1
5325	14:24:28: Position Data {'radio_id': 1
5326	14:24:28: Line Cutter Data 1 {'radio_id': 1
5327	14:24:28: Ground Station GPS {'gs_lat': 44.824625651041664
5328	14:24:28: Orientation {'radio_id': 1
5329	14:24:28: Orientation {'radio_id': 1
5330	14:24:28: Position Data {'radio_id': 1
5331	14:24:28: Alt Info & Cfg {'radio_id': 1
5332	14:24:28: Orientation {'radio_id': 1
5333	14:24:28: Position Data {'radio_id': 1
5334	14:24:28: Orientation {'radio_id': 1
5335	14:24:28: Position Data {'radio_id': 1
5336	14:24:29: Orientation {'radio_id': 1
5337	14:24:29: Pyro Info {'radio_id': 1
5338	14:24:29: Line Cutter Data 1 {'radio_id': 1
5339	14:24:29: Line Cutter Data 5 {'radio_id': 1
5340	14:24:29: Orientation {'radio_id': 1
5341	14:24:29: Orientation {'radio_id': 1
5342	14:24:29: Orientation {'radio_id': 1
5343	14:24:29: Position Data {'radio_id': 1
5344	14:24:29: Alt Info & Cfg {'radio_id': 1
5345	14:24:29: Orientation {'radio_id': 1
5346	14:24:29: Position Data {'radio_id': 1
5347	14:24:30: Orientation {'radio_id': 1
5348	14:24:30: Position Data {'radio_id': 1
5349	14:24:30: Ground Station GPS {'gs_lat': 44.824625651041664
5350	14:24:30: Orientation {'radio_id': 1
5351	14:24:30: Position Data {'radio_id': 1
5352	14:24:30: Orientation {'radio_id': 1
5353	14:24:30: Position Data {'radio_id': 1
5354	14:24:30: Orientation {'radio_id': 1
5355	14:24:30: Position Data {'radio_id': 1
5356	14:24:30: Orientation {'radio_id': 1
5357	14:24:30: Position Data {'radio_id': 1
5358	14:24:31: Orientation {'radio_id': 1
5359	14:24:31: Position Data {'radio_id': 1
5360	14:24:31: Pyro Info {'radio_id': 1
5361	14:24:31: Line Cutter Data 1 {'radio_id': 1
5362	14:24:31: Line Cutter Data 5 {'radio_id': 1
5363	14:24:31: Orientation {'radio_id': 1
5364	14:24:31: Position Data {'radio_id': 1
5365	14:24:31: Orientation {'radio_id': 1
5366	14:24:31: Position Data {'radio_id': 1
5367	14:24:31: Orientation {'radio_id': 1
5368	14:24:31: Position Data {'radio_id': 1
5369	14:24:31: Orientation {'radio_id': 1
5370	14:24:31: Position Data {'radio_id': 1
5371	14:24:31: Orientation {'radio_id': 1
5372	14:24:32: Position Data {'radio_id': 1
5373	14:24:32: Pyro Info {'radio_id': 1
5374	14:24:32: Line Cutter Data 1 {'radio_id': 1
5375	14:24:32: Ground Station GPS {'gs_lat': 44.824625651041664
5376	14:24:32: Alt Info & Cfg {'radio_id': 1
5377	14:24:32: Position Data {'radio_id': 1
5378	14:24:32: Position Data {'radio_id': 1
5379	14:24:32: Line Cutter Vars 5 {'radio_id': 1
5380	14:24:32: Orientation {'radio_id': 1
5381	14:24:32: Orientation {'radio_id': 1
5382	14:24:32: Position Data {'radio_id': 1
5383	14:24:33: Orientation {'radio_id': 1
5384	14:24:33: Position Data {'radio_id': 1
5385	14:24:33: Position Data {'radio_id': 1
5386	14:24:33: Line Cutter Vars 6 {'radio_id': 1
5387	14:24:33: Position Data {'radio_id': 1
5388	14:24:33: Alt Info & Cfg {'radio_id': 1
5389	14:24:33: Orientation {'radio_id': 1
5390	14:24:33: Position Data {'radio_id': 1
5391	14:24:33: Orientation {'radio_id': 1
5392	14:24:33: Position Data {'radio_id': 1
5393	14:24:34: Orientation {'radio_id': 1
5394	14:24:34: Pyro Info {'radio_id': 1
5395	14:24:34: Ground Station GPS {'gs_lat': 44.824625651041664
5396	14:24:34: Orientation {'radio_id': 1
5397	14:24:34: Orientation {'radio_id': 1
5398	14:24:35: Orientation {'radio_id': 1
5399	14:24:35: Pyro Info {'radio_id': 1
5400	14:24:35: Line Cutter Data 5 {'radio_id': 1
5401	14:24:35: Orientation {'radio_id': 1
5402	14:24:35: Position Data {'radio_id': 1
5403	14:24:35: Orientation {'radio_id': 1
5404	14:24:35: Position Data {'radio_id': 1
5405	14:24:35: Position Data {'radio_id': 1
5406	14:24:35: Orientation {'radio_id': 1
5407	14:24:35: Position Data {'radio_id': 1
5408	14:24:36: Position Data {'radio_id': 1
5409	14:24:36: Pyro Info {'radio_id': 1
5410	14:24:36: Line Cutter Data 1 {'radio_id': 1
5411	14:24:36: Ground Station GPS {'gs_lat': 44.824625651041664
5412	14:24:36: Orientation {'radio_id': 1
5413	14:24:36: Orientation {'radio_id': 1
5414	14:24:36: Position Data {'radio_id': 1
5415	14:24:36: Orientation {'radio_id': 1
5416	14:24:36: Position Data {'radio_id': 1
5417	14:24:36: Orientation {'radio_id': 1
5418	14:24:36: Position Data {'radio_id': 1
5419	14:24:36: Orientation {'radio_id': 1
5420	14:24:37: Position Data {'radio_id': 1
5421	14:24:37: Pyro Info {'radio_id': 1
5422	14:24:37: Line Cutter Data 5 {'radio_id': 1
5423	14:24:37: Orientation {'radio_id': 1
5424	14:24:37: Orientation {'radio_id': 1
5425	14:24:37: Position Data {'radio_id': 1
5426	14:24:37: Orientation {'radio_id': 1
5427	14:24:37: Position Data {'radio_id': 1
5428	14:24:37: Orientation {'radio_id': 1
5429	14:24:37: Position Data {'radio_id': 1
5430	14:24:38: Ground Station GPS {'gs_lat': 44.824625651041664
5431	14:24:38: Position Data {'radio_id': 1
5432	14:24:38: Position Data {'radio_id': 1
5433	14:24:38: Orientation {'radio_id': 1
5434	14:24:39: Pyro Info {'radio_id': 1
5435	14:24:39: Line Cutter Data 1 {'radio_id': 1
5436	14:24:39: Line Cutter Data  {'radio_id': 1
5437	14:24:39: Position Data {'radio_id': 1
5438	14:24:39: Orientation {'radio_id': 1
5439	14:24:39: Orientation {'radio_id': 1
5440	14:24:39: Position Data {'radio_id': 1
5441	14:24:39: Orientation {'radio_id': 1
5442	14:24:39: Position Data {'radio_id': 1
5443	14:24:40: Orientation {'radio_id': 1
5444	14:24:40: Position Data {'radio_id': 1
5445	14:24:40: Ground Station GPS {'gs_lat': 44.824625651041664
5446	14:24:40: Position Data {'radio_id': 1
5447	14:24:40: Pyro Info {'radio_id': 1
5448	14:24:40: Line Cutter Data 1 {'radio_id': 1
5449	14:24:40: Line Cutter Data 5 {'radio_id': 1
5450	14:24:40: Position Data {'radio_id': 1
5451	14:24:40: Orientation {'radio_id': 1
5452	14:24:40: Position Data {'radio_id': 1
5453	14:24:40: Orientation {'radio_id': 1
5454	14:24:40: Position Data {'radio_id': 1
5455	14:24:40: Alt Info & Cfg {'radio_id': 1
5456	14:24:41: Orientation {'radio_id': 1
5457	14:24:41: Orientation {'radio_id': 1
5458	14:24:41: Position Data {'radio_id': 1
5459	14:24:41: Pyro Info {'radio_id': 1
5460	14:24:41: Line Cutter Data 5 {'radio_id': 1
5461	14:24:41: Position Data {'radio_id': 1
5462	14:24:41: Orientation {'radio_id': 1
5463	14:24:41: Position Data {'radio_id': 1
5464	14:24:41: Orientation {'radio_id': 1
5465	14:24:42: Orientation {'radio_id': 1
5466	14:24:42: Position Data {'radio_id': 1
5467	14:24:42: Alt Info & Cfg {'radio_id': 1
5468	14:24:42: Ground Station GPS {'gs_lat': 44.824625651041664
5469	14:24:42: Position Data {'radio_id': 1
5470	14:24:42: Pyro Info {'radio_id': 1
5471	14:24:42: Line Cutter Data 5 {'radio_id': 1
5472	14:24:42: Position Data {'radio_id': 1
5473	14:24:42: Line Cutter Vars 1 {'radio_id': 1
5474	14:24:42: Line Cutter Vars 5 {'radio_id': 1
5475	14:24:42: Orientation {'radio_id': 1
5476	14:24:42: Position Data {'radio_id': 1
5477	14:24:42: Orientation {'radio_id': 1
5478	14:24:42: Position Data {'radio_id': 1
5479	14:24:43: Orientation {'radio_id': 1
5480	14:24:43: Orientation {'radio_id': 1
5481	14:24:43: Position Data {'radio_id': 1
5482	14:24:43: Pyro Info {'radio_id': 1
5483	14:24:43: Line Cutter Data 1 {'radio_id': 1
5484	14:24:43: Line Cutter Data 5 {'radio_id': 1
5485	14:24:43: Alt Info & Cfg {'radio_id': 1
5486	14:24:43: Orientation {'radio_id': 1
5487	14:24:43: Position Data {'radio_id': 1
5488	14:24:43: Orientation {'radio_id': 1
5489	14:24:43: Position Data {'radio_id': 1
5490	14:24:43: Orientation {'radio_id': 1
5491	14:24:43: Position Data {'radio_id': 1
5492	14:24:44: Orientation {'radio_id': 1
5493	14:24:44: Position Data {'radio_id': 1
5494	14:24:44: Orientation {'radio_id': 1
5495	14:24:44: Ground Station GPS {'gs_lat': 44.824625651041664
5496	14:24:44: Position Data {'radio_id': 1
5497	14:24:44: Line Cutter Data 1 {'radio_id': 1
5498	14:24:44: Orientation {'radio_id': 1
5499	14:24:44: Alt Info & Cfg {'radio_id': 1
5500	14:24:44: Orientation {'radio_id': 1
5501	14:24:44: Position Data {'radio_id': 1
5502	14:24:44: Orientation {'radio_id': 1
5503	14:24:44: Position Data {'radio_id': 1
5504	14:24:44: Orientation {'radio_id': 1
5505	14:24:45: Position Data {'radio_id': 1
5506	14:24:45: Orientation {'radio_id': 1
5507	14:24:45: Position Data {'radio_id': 1
5508	14:24:45: Line Cutter Data 1 {'radio_id': 1
5509	14:24:45: Line Cutter Data 5 {'radio_id': 1
5510	14:24:45: Orientation {'radio_id': 1
5511	14:24:45: Position Data {'radio_id': 1
5512	14:24:45: Orientation {'radio_id': 1
5513	14:24:45: Position Data {'radio_id': 1
5514	14:24:45: Orientation {'radio_id': 1
5515	14:24:45: Position Data {'radio_id': 1
5516	14:24:45: Alt Info & Cfg {'radio_id': 1
5517	14:24:45: Orientation {'radio_id': 1
5518	14:24:46: Position Data {'radio_id': 1
5519	14:24:46: Orientation {'radio_id': 1
5520	14:24:46: Ground Station GPS {'gs_lat': 44.824625651041664
5521	14:24:46: Position Data {'radio_id': 1
5522	14:24:46: Line Cutter Data 1 {'radio_id': 1
5523	14:24:46: Line Cutter Data 5 {'radio_id': 1
5524	14:24:46: Orientation {'radio_id': 1
5525	14:24:46: Position Data {'radio_id': 1
5526	14:24:46: Orientation {'radio_id': 1
5527	14:24:46: Position Data {'radio_id': 1
5528	14:24:46: Orientation {'radio_id': 1
5529	14:24:46: Position Data {'radio_id': 1
5530	14:24:47: Orientation {'radio_id': 1
5531	14:24:47: Position Data {'radio_id': 1
5532	14:24:47: Orientation {'radio_id': 1
5533	14:24:47: Position Data {'radio_id': 1
5534	14:24:47: Line Cutter Data 1 {'radio_id': 1
5535	14:24:47: Orientation {'radio_id': 1
5536	14:24:47: Position Data {'radio_id': 1
5537	14:24:47: Orientation {'radio_id': 1
5538	14:24:47: Position Data {'radio_id': 1
5539	14:24:47: Orientation {'radio_id': 1
5540	14:24:48: Orientation {'radio_id': 1
5541	14:24:48: Orientation {'radio_id': 1
5542	14:24:48: Alt Info & Cfg {'radio_id': 1
5543	14:24:48: Pyro Info {'radio_id': 1
5544	14:24:48: Line Cutter Data 1 {'radio_id': 1
5545	14:24:48: Orientation {'radio_id': 1
5546	14:24:48: Position Data {'radio_id': 1
5547	14:24:48: Orientation {'radio_id': 1
5548	14:24:48: Orientation {'radio_id': 1
5549	14:24:49: Orientation {'radio_id': 1
5550	14:24:49: Position Data {'radio_id': 1
5551	14:24:49: Orientation {'radio_id': 1
5552	14:24:49: Position Data {'radio_id': 1
5553	14:24:49: Pyro Info {'radio_id': 1
5554	14:24:49: Line Cutter Data 1 {'radio_id': 1
5555	14:24:49: Orientation {'radio_id': 1
5556	14:24:49: Alt Info & Cfg {'radio_id': 1
5557	14:24:49: Orientation {'radio_id': 1
5558	14:24:49: Position Data {'radio_id': 1
5559	14:24:49: Orientation {'radio_id': 1
5560	14:24:49: Position Data {'radio_id': 1
5561	14:24:50: Orientation {'radio_id': 1
5562	14:24:50: Position Data {'radio_id': 1
5563	14:24:50: Orientation {'radio_id': 1
5564	14:24:50: Ground Station GPS {'gs_lat': 44.824625651041664
5565	14:24:50: Position Data {'radio_id': 1
5566	14:24:50: Pyro Info {'radio_id': 1
5567	14:24:50: Line Cutter Data 5 {'radio_id': 1
5568	14:24:50: Orientation {'radio_id': 1
5569	14:24:50: Position Data {'radio_id': 1
5570	14:24:50: Orientation {'radio_id': 1
5571	14:24:50: Position Data {'radio_id': 1
5572	14:24:50: Orientation {'radio_id': 1
5573	14:24:50: Position Data {'radio_id': 1
5574	14:24:51: Orientation {'radio_id': 1
5575	14:24:51: Position Data {'radio_id': 1
5576	14:24:51: Orientation {'radio_id': 1
5577	14:24:51: Orientation {'radio_id': 1
5578	14:24:51: Pyro Info {'radio_id': 1
5579	14:24:51: Line Cutter Data 5 {'radio_id': 1
5580	14:24:51: Position Data {'radio_id': 1
5581	14:24:51: Orientation {'radio_id': 1
5582	14:24:51: Position Data {'radio_id': 1
5583	14:24:52: Orientation {'radio_id': 1
5584	14:24:52: Alt Info & Cfg {'radio_id': 1
5585	14:24:52: Orientation {'radio_id': 1
5586	14:24:52: Ground Station GPS {'gs_lat': 44.824625651041664
5587	14:24:52: Position Data {'radio_id': 1
5588	14:24:52: Orientation {'radio_id': 1
5589	14:24:52: Position Data {'radio_id': 1
5590	14:24:52: Pyro Info {'radio_id': 1
5591	14:24:52: Line Cutter Data 1 {'radio_id': 1
5592	14:24:52: Line Cutter Vars 1 {'radio_id': 1
5593	14:24:52: Line Cutter Vars 5 {'radio_id': 1
5594	14:24:52: Orientation {'radio_id': 1
5595	14:24:52: Orientation {'radio_id': 1
5596	14:24:52: Orientation {'radio_id': 1
5597	14:24:53: Position Data {'radio_id': 1
5598	14:24:53: Orientation {'radio_id': 1
5599	14:24:53: Position Data {'radio_id': 1
5600	14:24:53: Orientation {'radio_id': 1
5601	14:24:53: Position Data {'radio_id': 1
5602	14:24:53: Pyro Info {'radio_id': 1
5603	14:24:53: Line Cutter Data 1 {'radio_id': 1
5604	14:24:53: Line Cutter Data 5 {'radio_id': 1
5605	14:24:53: Orientation {'radio_id': 1
5606	14:24:53: Position Data {'radio_id': 1
5607	14:24:53: Orientation {'radio_id': 1
5608	14:24:54: Orientation {'radio_id': 1
5609	14:24:54: Position Data {'radio_id': 1
5610	14:24:54: Orientation {'radio_id': 1
5611	14:24:54: Position Data {'radio_id': 1
5612	14:24:54: Orientation {'radio_id': 1
5613	14:24:54: Position Data {'radio_id': 1
5614	14:24:54: Pyro Info {'radio_id': 1
5615	14:24:54: Line Cutter Data 5 {'radio_id': 1
5616	14:24:54: Position Data {'radio_id': 1
5617	14:24:54: Orientation {'radio_id': 1
5618	14:24:54: Position Data {'radio_id': 1
5619	14:24:55: Orientation {'radio_id': 1
5620	14:24:55: Orientation {'radio_id': 1
5621	14:24:55: Position Data {'radio_id': 1
5622	14:24:55: Orientation {'radio_id': 1
5623	14:24:55: Position Data {'radio_id': 1
5624	14:24:55: Pyro Info {'radio_id': 1
5625	14:24:55: Line Cutter Data 1 {'radio_id': 1
5626	14:24:55: Line Cutter Data 5 {'radio_id': 1
5627	14:24:55: Orientation {'radio_id': 1
5628	14:24:55: Alt Info & Cfg {'radio_id': 1
5629	14:24:55: Orientation {'radio_id': 1
5630	14:24:55: Position Data {'radio_id': 1
5631	14:24:56: Orientation {'radio_id': 1
5632	14:24:56: Position Data {'radio_id': 1
5633	14:24:56: Orientation {'radio_id': 1
5634	14:24:56: Orientation {'radio_id': 1
5635	14:24:56: Position Data {'radio_id': 1
5636	14:24:56: Line Cutter Data 1 {'radio_id': 1
5637	14:24:56: Line Cutter Data 5 {'radio_id': 1
5638	14:24:56: Orientation {'radio_id': 1
5639	14:24:56: Orientation {'radio_id': 1
5640	14:24:56: Position Data {'radio_id': 1
5641	14:24:57: Orientation {'radio_id': 1
5642	14:24:57: Position Data {'radio_id': 1
5643	14:24:57: Orientation {'radio_id': 1
5644	14:24:57: Position Data {'radio_id': 1
5645	14:24:57: Orientation {'radio_id': 1
5646	14:24:57: Position Data {'radio_id': 1
5647	14:24:57: Line Cutter Data 1 {'radio_id': 1
5648	14:24:57: Orientation {'radio_id': 1
5649	14:24:57: Position Data {'radio_id': 1
5650	14:24:57: Orientation {'radio_id': 1
5651	14:24:57: Position Data {'radio_id': 1
5652	14:24:58: Orientation {'radio_id': 1
5653	14:24:58: Position Data {'radio_id': 1
5654	14:24:58: Orientation {'radio_id': 1
5655	14:24:58: Ground Station GPS {'gs_lat': 44.824625651041664
5656	14:24:58: Alt Info & Cfg {'radio_id': 1
5657	14:24:58: Orientation {'radio_id': 1
5658	14:24:58: Position Data {'radio_id': 1
5659	14:24:58: Pyro Info {'radio_id': 1
5660	14:24:58: Line Cutter Data 5 {'radio_id': 1
5661	14:24:58: Orientation {'radio_id': 1
5662	14:24:58: Orientation {'radio_id': 1
5663	14:24:58: Position Data {'radio_id': 1
5664	14:24:58: Orientation {'radio_id': 1
5665	14:24:59: Position Data {'radio_id': 1
5666	14:24:59: Orientation {'radio_id': 1
5667	14:24:59: Position Data {'radio_id': 1
5668	14:24:59: Orientation {'radio_id': 1
5669	14:24:59: Position Data {'radio_id': 1
5670	14:24:59: Alt Info & Cfg {'radio_id': 1
5671	14:24:59: Line Cutter Data 1 {'radio_id': 1
5672	14:24:59: Orientation {'radio_id': 1
5673	14:24:59: Position Data {'radio_id': 1
5674	14:24:59: Orientation {'radio_id': 1
5675	14:24:59: Position Data {'radio_id': 1
5676	14:25:00: Orientation {'radio_id': 1
5677	14:25:00: Position Data {'radio_id': 1
5678	14:25:00: Orientation {'radio_id': 1
5679	14:25:00: Ground Station GPS {'gs_lat': 44.824625651041664
5680	14:25:00: Position Data {'radio_id': 1
5681	14:25:00: Orientation {'radio_id': 1
5682	14:25:00: Position Data {'radio_id': 1
5683	14:25:00: Pyro Info {'radio_id': 1
5684	14:25:00: Line Cutter Data 1 {'radio_id': 1
5685	14:25:00: Line Cutter Data 5 {'radio_id': 1
5686	14:25:00: Position Data {'radio_id': 1
5687	14:25:00: Alt Info & Cfg {'radio_id': 1
5688	14:25:00: Position Data {'radio_id': 1
5689	14:25:01: Orientation {'radio_id': 1
5690	14:25:01: Position Data {'radio_id': 1
5691	14:25:01: Orientation {'radio_id': 1
5692	14:25:01: Position Data {'radio_id': 1
5693	14:25:01: Orientation {'radio_id': 1
5694	14:25:01: Position Data {'radio_id': 1
5695	14:25:01: Line Cutter Data 1 {'radio_id': 1
5696	14:25:01: Orientation {'radio_id': 1
5697	14:25:01: Position Data {'radio_id': 1
5698	14:25:01: Orientation {'radio_id': 1
5699	14:25:01: Position Data {'radio_id': 1
5700	14:25:02: Orientation {'radio_id': 1
5701	14:25:02: Position Data {'radio_id': 1
5702	14:25:02: Orientation {'radio_id': 1
5703	14:25:02: Ground Station GPS {'gs_lat': 44.824625651041664
5704	14:25:02: Orientation {'radio_id': 1
5705	14:25:02: Position Data {'radio_id': 1
5706	14:25:02: Line Cutter Vars 5 {'radio_id': 1
5707	14:25:02: Orientation {'radio_id': 1
5708	14:25:02: Pyro Info {'radio_id': 1
5709	14:25:02: Line Cutter Data 5 {'radio_id': 1
5710	14:25:03: Orientation {'radio_id': 1
5711	14:25:03: Position Data {'radio_id': 1
5712	14:25:03: Alt Info & Cfg {'radio_id': 1
5713	14:25:03: Orientation {'radio_id': 1
5714	14:25:03: Position Data {'radio_id': 1
5715	14:25:03: Orientation {'radio_id': 1
5716	14:25:03: Orientation {'radio_id': 1
5717	14:25:03: Pyro Info {'radio_id': 1
5718	14:25:03: Line Cutter Data 1 {'radio_id': 1
5719	14:25:03: Orientation {'radio_id': 1
5720	14:25:03: Position Data {'radio_id': 1
5721	14:25:04: Orientation {'radio_id': 1
5722	14:25:04: Orientation {'radio_id': 1
5723	14:25:04: Ground Station GPS {'gs_lat': 44.824625651041664
5724	14:25:04: Orientation {'radio_id': 1
5725	14:25:04: Position Data {'radio_id': 1
5726	14:25:04: Alt Info & Cfg {'radio_id': 1
5727	14:25:04: Orientation {'radio_id': 1
5728	14:25:04: Pyro Info {'radio_id': 1
5729	14:25:04: Line Cutter Data 1 {'radio_id': 1
5730	14:25:04: Orientation {'radio_id': 1
5731	14:25:04: Position Data {'radio_id': 1
5732	14:25:05: Orientation {'radio_id': 1
5733	14:25:05: Orientation {'radio_id': 1
5734	14:25:05: Position Data {'radio_id': 1
5735	14:25:05: Orientation {'radio_id': 1
5736	14:25:05: Position Data {'radio_id': 1
5737	14:25:05: Orientation {'radio_id': 1
5738	14:25:05: Position Data {'radio_id': 1
5739	14:25:05: Alt Info & Cfg {'radio_id': 1
5740	14:25:05: Pyro Info {'radio_id': 1
5741	14:25:05: Line Cutter Data 1 {'radio_id': 1
5742	14:25:05: Orientation {'radio_id': 1
5743	14:25:06: Orientation {'radio_id': 1
5744	14:25:06: Orientation {'radio_id': 1
5745	14:25:06: Position Data {'radio_id': 1
5746	14:25:06: Orientation {'radio_id': 1
5747	14:25:06: Position Data {'radio_id': 1
5748	14:25:06: Orientation {'radio_id': 1
5749	14:25:06: Pyro Info {'radio_id': 1
5750	14:25:06: Line Cutter Data 1 {'radio_id': 1
5751	14:25:06: Line Cutter Data 5 {'radio_id': 1
5752	14:25:06: Orientation {'radio_id': 1
5753	14:25:06: Alt Info & Cfg {'radio_id': 1
5754	14:25:07: Orientation {'radio_id': 1
5755	14:25:07: Position Data {'radio_id': 1
5756	14:25:07: Orientation {'radio_id': 1
5757	14:25:07: Orientation {'radio_id': 1
5758	14:25:07: Orientation {'radio_id': 1
5759	14:25:07: Position Data {'radio_id': 1
5760	14:25:07: Line Cutter Data 1 {'radio_id': 1
5761	14:25:07: Orientation {'radio_id': 1
5762	14:25:07: Position Data {'radio_id': 1
5763	14:25:08: Orientation {'radio_id': 1
5764	14:25:08: Position Data {'radio_id': 1
5765	14:25:08: Alt Info & Cfg {'radio_id': 1
5766	14:25:08: Orientation {'radio_id': 1
5767	14:25:08: Orientation {'radio_id': 1
5768	14:25:08: Position Data {'radio_id': 1
5769	14:25:08: Orientation {'radio_id': 1
5770	14:25:08: Position Data {'radio_id': 1
5771	14:25:08: Pyro Info {'radio_id': 1
5772	14:25:08: Line Cutter Data 1 {'radio_id': 1
5773	14:25:08: Line Cutter Data 5 {'radio_id': 1
5774	14:25:08: Orientation {'radio_id': 1
5775	14:25:08: Position Data {'radio_id': 1
5776	14:25:09: Orientation {'radio_id': 1
5777	14:25:09: Orientation {'radio_id': 1
5778	14:25:09: Position Data {'radio_id': 1
5779	14:25:09: Alt Info & Cfg {'radio_id': 1
5780	14:25:09: Orientation {'radio_id': 1
5781	14:25:09: Position Data {'radio_id': 1
5782	14:25:09: Orientation {'radio_id': 1
5783	14:25:09: Position Data {'radio_id': 1
5784	14:25:09: Pyro Info {'radio_id': 1
5785	14:25:09: Line Cutter Data 1 {'radio_id': 1
5786	14:25:09: Orientation {'radio_id': 1
5787	14:25:09: Position Data {'radio_id': 1
5788	14:25:10: Orientation {'radio_id': 1
5789	14:25:10: Position Data {'radio_id': 1
5790	14:25:10: Orientation {'radio_id': 1
5791	14:25:10: Ground Station GPS {'gs_lat': 44.824625651041664
5792	14:25:10: Orientation {'radio_id': 1
5793	14:25:10: Position Data {'radio_id': 1
5794	14:25:10: Orientation {'radio_id': 1
5795	14:25:10: Position Data {'radio_id': 1
5796	14:25:10: Alt Info & Cfg {'radio_id': 1
5797	14:25:10: Pyro Info {'radio_id': 1
5798	14:25:10: Line Cutter Data 1 {'radio_id': 1
5799	14:25:10: Orientation {'radio_id': 1
5800	14:25:11: Orientation {'radio_id': 1
5801	14:25:11: Position Data {'radio_id': 1
5802	14:25:11: Orientation {'radio_id': 1
5803	14:25:11: Position Data {'radio_id': 1
5804	14:25:11: Orientation {'radio_id': 1
5805	14:25:11: Position Data {'radio_id': 1
5806	14:25:11: Orientation {'radio_id': 1
5807	14:25:11: Position Data {'radio_id': 1
5808	14:25:11: Line Cutter Data 1 {'radio_id': 1
5809	14:25:11: Orientation {'radio_id': 1
5810	14:25:11: Alt Info & Cfg {'radio_id': 1
5811	14:25:12: Orientation {'radio_id': 1
5812	14:25:12: Position Data {'radio_id': 1
5813	14:25:12: Orientation {'radio_id': 1
5814	14:25:12: Position Data {'radio_id': 1
5815	14:25:12: Ground Station GPS {'gs_lat': 44.824625651041664
5816	14:25:12: Orientation {'radio_id': 1
5817	14:25:12: Position Data {'radio_id': 1
5818	14:25:12: Line Cutter Vars 1 {'radio_id': 1
5819	14:25:12: Line Cutter Vars 5 {'radio_id': 1
5820	14:25:12: Orientation {'radio_id': 1
5821	14:25:12: Position Data {'radio_id': 1
5822	14:25:12: Line Cutter Data 1 {'radio_id': 1
5823	14:25:12: Line Cutter Data 5 {'radio_id': 1
5824	14:25:12: Orientation {'radio_id': 1
5825	14:25:12: Position Data {'radio_id': 1
5826	14:25:13: Orientation {'radio_id': 1
5827	14:25:13: Position Data {'radio_id': 1
5828	14:25:13: Orientation {'radio_id': 1
5829	14:25:13: Position Data {'radio_id': 1
5830	14:25:13: Orientation {'radio_id': 1
5831	14:25:13: Position Data {'radio_id': 1
5832	14:25:13: Orientation {'radio_id': 1
5833	14:25:13: Position Data {'radio_id': 1
5834	14:25:13: Pyro Info {'radio_id': 1
5835	14:25:13: Line Cutter Data 1 {'radio_id': 1
5836	14:25:13: Orientation {'radio_id': 1
5837	14:25:13: Position Data {'radio_id': 1
5838	14:25:14: Orientation {'radio_id': 1
5839	14:25:14: Position Data {'radio_id': 1
5840	14:25:14: Orientation {'radio_id': 1
5841	14:25:14: Position Data {'radio_id': 1
5842	14:25:14: Alt Info & Cfg {'radio_id': 1
5843	14:25:14: Orientation {'radio_id': 1
5844	14:25:14: Position Data {'radio_id': 1
5845	14:25:14: Orientation {'radio_id': 1
5846	14:25:14: Position Data {'radio_id': 1
5847	14:25:14: Orientation {'radio_id': 1
5848	14:25:14: Position Data {'radio_id': 1
5849	14:25:14: Line Cutter Data 1 {'radio_id': 1
5850	14:25:15: Orientation {'radio_id': 1
5851	14:25:15: Orientation {'radio_id': 1
5852	14:25:15: Position Data {'radio_id': 1
5853	14:25:15: Orientation {'radio_id': 1
5854	14:25:15: Position Data {'radio_id': 1
5855	14:25:15: Alt Info & Cfg {'radio_id': 1
5856	14:25:15: Orientation {'radio_id': 1
5857	14:25:15: Position Data {'radio_id': 1
5858	14:25:15: Orientation {'radio_id': 1
5859	14:25:15: Position Data {'radio_id': 1
5860	14:25:15: Line Cutter Data 1 {'radio_id': 1
5861	14:25:16: Orientation {'radio_id': 1
5862	14:25:16: Position Data {'radio_id': 1
5863	14:25:16: Orientation {'radio_id': 1
5864	14:25:16: Position Data {'radio_id': 1
5865	14:25:16: Orientation {'radio_id': 1
5866	14:25:16: Position Data {'radio_id': 1
5867	14:25:16: Orientation {'radio_id': 1
5868	14:25:16: Position Data {'radio_id': 1
5869	14:25:16: Orientation {'radio_id': 1
5870	14:25:16: Position Data {'radio_id': 1
5871	14:25:16: Alt Info & Cfg {'radio_id': 1
5872	14:25:16: Pyro Info {'radio_id': 1
5873	14:25:17: Line Cutter Data 5 {'radio_id': 1
5874	14:25:17: Orientation {'radio_id': 1
5875	14:25:17: Position Data {'radio_id': 1
5876	14:25:17: Orientation {'radio_id': 1
5877	14:25:17: Position Data {'radio_id': 1
5878	14:25:17: Orientation {'radio_id': 1
5879	14:25:17: Position Data {'radio_id': 1
5880	14:25:17: Orientation {'radio_id': 1
5881	14:25:17: Position Data {'radio_id': 1
5882	14:25:17: Orientation {'radio_id': 1
5883	14:25:17: Position Data {'radio_id': 1
5884	14:25:17: Pyro Info {'radio_id': 1
5885	14:25:18: Line Cutter Data 5 {'radio_id': 1
5886	14:25:18: Position Data {'radio_id': 1
5887	14:25:18: Alt Info & Cfg {'radio_id': 1
5888	14:25:18: Orientation {'radio_id': 1
5889	14:25:18: Ground Station GPS {'gs_lat': 44.824625651041664
5890	14:25:18: Orientation {'radio_id': 1
5891	14:25:18: Position Data {'radio_id': 1
5892	14:25:18: Orientation {'radio_id': 1
5893	14:25:18: Position Data {'radio_id': 1
5894	14:25:18: Orientation {'radio_id': 1
5895	14:25:18: Position Data {'radio_id': 1
5896	14:25:18: Line Cutter Data 1 {'radio_id': 1
5897	14:25:19: Line Cutter Data 5 {'radio_id': 1
5898	14:25:19: Orientation {'radio_id': 1
5899	14:25:19: Orientation {'radio_id': 1
5900	14:25:19: Alt Info & Cfg {'radio_id': 1
5901	14:25:19: Orientation {'radio_id': 1
5902	14:25:19: Position Data {'radio_id': 1
5903	14:25:19: Orientation {'radio_id': 1
5904	14:25:19: Position Data {'radio_id': 1
5905	14:25:19: Orientation {'radio_id': 1
5906	14:25:19: Position Data {'radio_id': 1
5907	14:25:19: Line Cutter Data 1 {'radio_id': 1
5908	14:25:20: Line Cutter Data 5 {'radio_id': 1
5909	14:25:20: Position Data {'radio_id': 1
5910	14:25:20: Orientation {'radio_id': 1
5911	14:25:20: Ground Station GPS {'gs_lat': 44.824625651041664
5912	14:25:20: Orientation {'radio_id': 1
5913	14:25:20: Alt Info & Cfg {'radio_id': 1
5914	14:25:20: Orientation {'radio_id': 1
5915	14:25:20: Position Data {'radio_id': 1
5916	14:25:20: Orientation {'radio_id': 1
5917	14:25:20: Position Data {'radio_id': 1
5918	14:25:20: Pyro Info {'radio_id': 1
5919	14:25:21: Line Cutter Data 5 {'radio_id': 1
5920	14:25:21: Orientation {'radio_id': 1
5921	14:25:21: Position Data {'radio_id': 1
5922	14:25:21: Orientation {'radio_id': 1
5923	14:25:21: Position Data {'radio_id': 1
5924	14:25:21: Orientation {'radio_id': 1
5925	14:25:21: Alt Info & Cfg {'radio_id': 1
5926	14:25:21: Orientation {'radio_id': 1
5927	14:25:21: Position Data {'radio_id': 1
5928	14:25:21: Pyro Info {'radio_id': 1
5929	14:25:21: Line Cutter Data 1 {'radio_id': 1
5930	14:25:22: Orientation {'radio_id': 1
5931	14:25:22: Orientation {'radio_id': 1
5932	14:25:22: Ground Station GPS {'gs_lat': 44.824625651041664
5933	14:25:22: Orientation {'radio_id': 1
5934	14:25:22: Position Data {'radio_id': 1
5935	14:25:22: Line Cutter Vars 1 {'radio_id': 1
5936	14:25:22: Line Cutter Vars 5 {'radio_id': 1
5937	14:25:22: Orientation {'radio_id': 1
5938	14:25:22: Position Data {'radio_id': 1
5939	14:25:22: Orientation {'radio_id': 1
5940	14:25:22: Pyro Info {'radio_id': 1
5941	14:25:22: Line Cutter Data 1 {'radio_id': 1
5942	14:25:23: Line Cutter Data 5 {'radio_id': 1
5943	14:25:23: Orientation {'radio_id': 1
5944	14:25:23: Position Data {'radio_id': 1
5945	14:25:23: Orientation {'radio_id': 1
5946	14:25:23: Orientation {'radio_id': 1
5947	14:25:23: Position Data {'radio_id': 1
5948	14:25:23: Orientation {'radio_id': 1
5949	14:25:23: Position Data {'radio_id': 1
5950	14:25:23: Orientation {'radio_id': 1
5951	14:25:23: Position Data {'radio_id': 1
5952	14:25:23: Pyro Info {'radio_id': 1
5953	14:25:23: Line Cutter Data 1 {'radio_id': 1
5954	14:25:24: Line Cutter Data 5 {'radio_id': 1
5955	14:25:24: Position Data {'radio_id': 1
5956	14:25:24: Orientation {'radio_id': 1
5957	14:25:24: Position Data {'radio_id': 1
5958	14:25:24: Alt Info & Cfg {'radio_id': 1
5959	14:25:24: Orientation {'radio_id': 1
5960	14:25:24: Position Data {'radio_id': 1
5961	14:25:24: Orientation {'radio_id': 1
5962	14:25:24: Position Data {'radio_id': 1
5963	14:25:24: Pyro Info {'radio_id': 1
5964	14:25:24: Line Cutter Data 1 {'radio_id': 1
5965	14:25:25: Orientation {'radio_id': 1
5966	14:25:25: Orientation {'radio_id': 1
5967	14:25:25: Position Data {'radio_id': 1
5968	14:25:25: Orientation {'radio_id': 1
5969	14:25:25: Position Data {'radio_id': 1
5970	14:25:25: Orientation {'radio_id': 1
5971	14:25:25: Position Data {'radio_id': 1
5972	14:25:25: Orientation {'radio_id': 1
5973	14:25:25: Position Data {'radio_id': 1
5974	14:25:25: Pyro Info {'radio_id': 1
5975	14:25:25: Line Cutter Data 1 {'radio_id': 1
5976	14:25:26: Line Cutter Data 5 {'radio_id': 1
5977	14:25:26: Orientation {'radio_id': 1
5978	14:25:26: Position Data {'radio_id': 1
5979	14:25:26: Orientation {'radio_id': 1
5980	14:25:26: Position Data {'radio_id': 1
5981	14:25:26: Ground Station GPS {'gs_lat': 44.824625651041664
5982	14:25:26: Orientation {'radio_id': 1
5983	14:25:26: Position Data {'radio_id': 1
5984	14:25:26: Alt Info & Cfg {'radio_id': 1
5985	14:25:26: Line Cutter Data 1 {'radio_id': 1
5986	14:25:27: Line Cutter Data 5 {'radio_id': 1
5987	14:25:27: Orientation {'radio_id': 1
5988	14:25:27: Position Data {'radio_id': 1
5989	14:25:27: Orientation {'radio_id': 1
5990	14:25:27: Position Data {'radio_id': 1
5991	14:25:27: Orientation {'radio_id': 1
5992	14:25:27: Position Data {'radio_id': 1
5993	14:25:27: Orientation {'radio_id': 1
5994	14:25:27: Position Data {'radio_id': 1
5995	14:25:27: Orientation {'radio_id': 1
5996	14:25:27: Position Data {'radio_id': 1
5997	14:25:28: Orientation {'radio_id': 1
5998	14:25:28: Position Data {'radio_id': 1
5999	14:25:28: Pyro Info {'radio_id': 1
6000	14:25:28: Line Cutter Data 1 {'radio_id': 1
6001	14:25:28: Alt Info & Cfg {'radio_id': 1
6002	14:25:28: Orientation {'radio_id': 1
6003	14:25:28: Position Data {'radio_id': 1
6004	14:25:28: Orientation {'radio_id': 1
6005	14:25:28: Position Data {'radio_id': 1
6006	14:25:28: Orientation {'radio_id': 1
6007	14:25:28: Position Data {'radio_id': 1
6008	14:25:28: Position Data {'radio_id': 1
6009	14:25:29: Orientation {'radio_id': 1
6010	14:25:29: Pyro Info {'radio_id': 1
6011	14:25:29: Line Cutter Data 1 {'radio_id': 1
6012	14:25:29: Line Cutter Data 5 {'radio_id': 1
6013	14:25:29: Orientation {'radio_id': 1
6014	14:25:29: Position Data {'radio_id': 1
6015	14:25:29: Alt Info & Cfg {'radio_id': 1
6016	14:25:29: Orientation {'radio_id': 1
6017	14:25:29: Position Data {'radio_id': 1
6018	14:25:29: Orientation {'radio_id': 1
6019	14:25:29: Position Data {'radio_id': 1
6020	14:25:29: Orientation {'radio_id': 1
6021	14:25:30: Orientation {'radio_id': 1
6022	14:25:30: Pyro Info {'radio_id': 1
6023	14:25:30: Line Cutter Data 1 {'radio_id': 1
6024	14:25:30: Line Cutter Data 5 {'radio_id': 1
6025	14:25:30: Orientation {'radio_id': 1
6026	14:25:30: Position Data {'radio_id': 1
6027	14:25:30: Ground Station GPS {'gs_lat': 44.824625651041664
6028	14:25:30: Orientation {'radio_id': 1
6029	14:25:30: Position Data {'radio_id': 1
6030	14:25:30: Alt Info & Cfg {'radio_id': 1
6031	14:25:30: Orientation {'radio_id': 1
6032	14:25:30: Orientation {'radio_id': 1
6033	14:25:30: Position Data {'radio_id': 1
6034	14:25:31: Orientation {'radio_id': 1
6035	14:25:31: Pyro Info {'radio_id': 1
6036	14:25:31: Line Cutter Data 1 {'radio_id': 1
6037	14:25:31: Line Cutter Data 5 {'radio_id': 1
6038	14:25:31: Position Data {'radio_id': 1
6039	14:25:31: Orientation {'radio_id': 1
6040	14:25:31: Orientation {'radio_id': 1
6041	14:25:31: Position Data {'radio_id': 1
6042	14:25:31: Alt Info & Cfg {'radio_id': 1
6043	14:25:31: Orientation {'radio_id': 1
6044	14:25:32: Orientation {'radio_id': 1
6045	14:25:32: Pyro Info {'radio_id': 1
6046	14:25:32: Line Cutter Data 5 {'radio_id': 1
6047	14:25:32: Orientation {'radio_id': 1
6048	14:25:32: Position Data {'radio_id': 1
6049	14:25:32: Ground Station GPS {'gs_lat': 44.824625651041664
6050	14:25:32: Orientation {'radio_id': 1
6051	14:25:32: Line Cutter Vars 1 {'radio_id': 1
6052	14:25:32: Orientation {'radio_id': 1
6053	14:25:32: Position Data {'radio_id': 1
6054	14:25:32: Orientation {'radio_id': 1
6055	14:25:32: Position Data {'radio_id': 1
6056	14:25:33: Orientation {'radio_id': 1
6057	14:25:33: Alt Info & Cfg {'radio_id': 1
6058	14:25:33: Line Cutter Data 1 {'radio_id': 1
6059	14:25:33: Line Cutter Data 5 {'radio_id': 1
6060	14:25:33: Orientation {'radio_id': 1
6061	14:25:33: Orientation {'radio_id': 1
6062	14:25:33: Orientation {'radio_id': 1
6063	14:25:33: Position Data {'radio_id': 1
6064	14:25:33: Orientation {'radio_id': 1
6065	14:25:33: Position Data {'radio_id': 1
6066	14:25:34: Orientation {'radio_id': 1
6067	14:25:34: Position Data {'radio_id': 1
6068	14:25:34: Line Cutter Data 1 {'radio_id': 1
6069	14:25:34: Line Cutter Data 5 {'radio_id': 1
6070	14:25:34: Orientation {'radio_id': 1
6071	14:25:34: Position Data {'radio_id': 1
6072	14:25:34: Ground Station GPS {'gs_lat': 44.824625651041664
6073	14:25:34: Alt Info & Cfg {'radio_id': 1
6074	14:25:34: Orientation {'radio_id': 1
6075	14:25:34: Position Data {'radio_id': 1
6076	14:25:34: Orientation {'radio_id': 1
6077	14:25:34: Position Data {'radio_id': 1
6078	14:25:34: Orientation {'radio_id': 1
6079	14:25:34: Position Data {'radio_id': 1
6080	14:25:35: Orientation {'radio_id': 1
6081	14:25:35: Position Data {'radio_id': 1
6082	14:25:35: Pyro Info {'radio_id': 1
6083	14:25:35: Line Cutter Data 1 {'radio_id': 1
6084	14:25:35: Orientation {'radio_id': 1
6085	14:25:35: Position Data {'radio_id': 1
6086	14:25:35: Orientation {'radio_id': 1
6087	14:25:35: Position Data {'radio_id': 1
6088	14:25:35: Orientation {'radio_id': 1
6089	14:25:35: Orientation {'radio_id': 1
6090	14:25:35: Position Data {'radio_id': 1
6091	14:25:35: Orientation {'radio_id': 1
6092	14:25:36: Position Data {'radio_id': 1
6093	14:25:36: Pyro Info {'radio_id': 1
6094	14:25:36: Line Cutter Data 1 {'radio_id': 1
6095	14:25:36: Line Cutter Data 5 {'radio_id': 1
6096	14:25:36: Orientation {'radio_id': 1
6097	14:25:36: Position Data {'radio_id': 1
6098	14:25:36: Ground Station GPS {'gs_lat': 44.824625651041664
6099	14:25:36: Orientation {'radio_id': 1
6100	14:25:36: Orientation {'radio_id': 1
6101	14:25:36: Position Data {'radio_id': 1
6102	14:25:36: Alt Info & Cfg {'radio_id': 1
6103	14:25:36: Orientation {'radio_id': 1
6104	14:25:36: Position Data {'radio_id': 1
6105	14:25:37: Orientation {'radio_id': 1
6106	14:25:37: Position Data {'radio_id': 1
6107	14:25:37: Pyro Info {'radio_id': 1
6108	14:25:37: Line Cutter Data 1 {'radio_id': 1
6109	14:25:37: Line Cutter Data 5 {'radio_id': 1
6110	14:25:37: Position Data {'radio_id': 1
6111	14:25:37: Orientation {'radio_id': 1
6112	14:25:37: Orientation {'radio_id': 1
6113	14:25:37: Orientation {'radio_id': 1
6114	14:25:37: Alt Info & Cfg {'radio_id': 1
6115	14:25:37: Orientation {'radio_id': 1
6116	14:25:38: Position Data {'radio_id': 1
6117	14:25:38: Pyro Info {'radio_id': 1
6118	14:25:38: Line Cutter Data 5 {'radio_id': 1
6119	14:25:38: Orientation {'radio_id': 1
6120	14:25:38: Position Data {'radio_id': 1
6121	14:25:38: Ground Station GPS {'gs_lat': 44.824625651041664
6122	14:25:38: Orientation {'radio_id': 1
6123	14:25:38: Position Data {'radio_id': 1
6124	14:25:38: Orientation {'radio_id': 1
6125	14:25:38: Position Data {'radio_id': 1
6126	14:25:38: Orientation {'radio_id': 1
6127	14:25:38: Position Data {'radio_id': 1
6128	14:25:39: Orientation {'radio_id': 1
6129	14:25:39: Position Data {'radio_id': 1
6130	14:25:39: Pyro Info {'radio_id': 1
6131	14:25:39: Line Cutter Data 1 {'radio_id': 1
6132	14:25:39: Line Cutter Data 5 {'radio_id': 1
6133	14:25:39: Orientation {'radio_id': 1
6134	14:25:39: Position Data {'radio_id': 1
6135	14:25:39: Orientation {'radio_id': 1
6136	14:25:39: Position Data {'radio_id': 1
6137	14:25:39: Orientation {'radio_id': 1
6138	14:25:39: Position Data {'radio_id': 1
6139	14:25:39: Orientation {'radio_id': 1
6140	14:25:39: Position Data {'radio_id': 1
6141	14:25:39: Orientation {'radio_id': 1
6142	14:25:40: Position Data {'radio_id': 1
6143	14:25:40: Line Cutter Data 1 {'radio_id': 1
6144	14:25:40: Orientation {'radio_id': 1
6145	14:25:40: Ground Station GPS {'gs_lat': 44.824625651041664
6146	14:25:40: Orientation {'radio_id': 1
6147	14:25:40: Position Data {'radio_id': 1
6148	14:25:40: Orientation {'radio_id': 1
6149	14:25:40: Position Data {'radio_id': 1
6150	14:25:40: Orientation {'radio_id': 1
6151	14:25:40: Position Data {'radio_id': 1
6152	14:25:41: Orientation {'radio_id': 1
6153	14:25:41: Position Data {'radio_id': 1
6154	14:25:41: Orientation {'radio_id': 1
6155	14:25:41: Position Data {'radio_id': 1
6156	14:25:41: Pyro Info {'radio_id': 1
6157	14:25:41: Line Cutter Data 1 {'radio_id': 1
6158	14:25:41: Line Cutter Data 5 {'radio_id': 1
6159	14:25:41: Orientation {'radio_id': 1
6160	14:25:41: Position Data {'radio_id': 1
6161	14:25:41: Orientation {'radio_id': 1
6162	14:25:41: Position Data {'radio_id': 1
6163	14:25:41: Orientation {'radio_id': 1
6164	14:25:41: Position Data {'radio_id': 1
6165	14:25:41: Orientation {'radio_id': 1
6166	14:25:42: Position Data {'radio_id': 1
6167	14:25:42: Orientation {'radio_id': 1
6168	14:25:42: Position Data {'radio_id': 1
6169	14:25:42: Pyro Info {'radio_id': 1
6170	14:25:42: Line Cutter Data 1 {'radio_id': 1
6171	14:25:42: Orientation {'radio_id': 1
6172	14:25:42: Position Data {'radio_id': 1
6173	14:25:42: Orientation {'radio_id': 1
6174	14:25:42: Position Data {'radio_id': 1
6175	14:25:42: Line Cutter Vars 5 {'radio_id': 1
6176	14:25:42: Orientation {'radio_id': 1
6177	14:25:42: Position Data {'radio_id': 1
6178	14:25:43: Orientation {'radio_id': 1
6179	14:25:43: Position Data {'radio_id': 1
6180	14:25:43: Orientation {'radio_id': 1
6181	14:25:43: Pyro Info {'radio_id': 1
6182	14:25:43: Line Cutter Data 5 {'radio_id': 1
6183	14:25:43: Orientation {'radio_id': 1
6184	14:25:43: Position Data {'radio_id': 1
6185	14:25:43: Orientation {'radio_id': 1
6186	14:25:43: Position Data {'radio_id': 1
6187	14:25:43: Orientation {'radio_id': 1
6188	14:25:43: Position Data {'radio_id': 1
6189	14:25:44: Orientation {'radio_id': 1
6190	14:25:44: Position Data {'radio_id': 1
6191	14:25:44: Orientation {'radio_id': 1
6192	14:25:44: Position Data {'radio_id': 1
6193	14:25:44: Pyro Info {'radio_id': 1
6194	14:25:44: Line Cutter Data 1 {'radio_id': 1
6195	14:25:44: Ground Station GPS {'gs_lat': 44.824625651041664
6196	14:25:44: Orientation {'radio_id': 1
6197	14:25:44: Position Data {'radio_id': 1
6198	14:25:44: Orientation {'radio_id': 1
6199	14:25:44: Position Data {'radio_id': 1
6200	14:25:44: Orientation {'radio_id': 1
6201	14:25:44: Position Data {'radio_id': 1
6202	14:25:45: Orientation {'radio_id': 1
6203	14:25:45: Position Data {'radio_id': 1
6204	14:25:45: Orientation {'radio_id': 1
6205	14:25:45: Position Data {'radio_id': 1
6206	14:25:45: Pyro Info {'radio_id': 1
6207	14:25:45: Line Cutter Data 1 {'radio_id': 1
6208	14:25:45: Line Cutter Data 5 {'radio_id': 1
6209	14:25:45: Orientation {'radio_id': 1
6210	14:25:45: Position Data {'radio_id': 1
6211	14:25:45: Alt Info & Cfg {'radio_id': 1
6212	14:25:45: Orientation {'radio_id': 1
6213	14:25:45: Position Data {'radio_id': 1
6214	14:25:45: Orientation {'radio_id': 1
6215	14:25:45: Position Data {'radio_id': 1
6216	14:25:46: Orientation {'radio_id': 1
6217	14:25:46: Position Data {'radio_id': 1
6218	14:25:46: Orientation {'radio_id': 1
6219	14:25:46: Position Data {'radio_id': 1
6220	14:25:46: Pyro Info {'radio_id': 1
6221	14:25:46: Line Cutter Data 1 {'radio_id': 1
6222	14:25:46: Line Cutter Data 5 {'radio_id': 1
6223	14:25:46: Orientation {'radio_id': 1
6224	14:25:46: Position Data {'radio_id': 1
6225	14:25:46: Orientation {'radio_id': 1
6226	14:25:46: Alt Info & Cfg {'radio_id': 1
6227	14:25:46: Orientation {'radio_id': 1
6228	14:25:47: Orientation {'radio_id': 1
6229	14:25:47: Orientation {'radio_id': 1
6230	14:25:47: Pyro Info {'radio_id': 1
6231	14:25:47: Line Cutter Data 5 {'radio_id': 1
6232	14:25:47: Position Data {'radio_id': 1
6233	14:25:47: Orientation {'radio_id': 1
6234	14:25:47: Position Data {'radio_id': 1
6235	14:25:47: Orientation {'radio_id': 1
6236	14:25:47: Position Data {'radio_id': 1
6237	14:25:47: Alt Info & Cfg {'radio_id': 1
6238	14:25:48: Orientation {'radio_id': 1
6239	14:25:48: Position Data {'radio_id': 1
6240	14:25:48: Orientation {'radio_id': 1
6241	14:25:48: Pyro Info {'radio_id': 1
6242	14:25:48: Ground Station GPS {'gs_lat': 44.824625651041664
6243	14:25:48: Position Data {'radio_id': 1
6244	14:25:48: Orientation {'radio_id': 1
6245	14:25:48: Orientation {'radio_id': 1
6246	14:25:49: Orientation {'radio_id': 1
6247	14:25:49: Position Data {'radio_id': 1
6248	14:25:49: Alt Info & Cfg {'radio_id': 1
6249	14:25:49: Orientation {'radio_id': 1
6250	14:25:49: Pyro Info {'radio_id': 1
6251	14:25:49: Line Cutter Data 1 {'radio_id': 1
6252	14:25:49: Line Cutter Data 5 {'radio_id': 1
6253	14:25:49: Orientation {'radio_id': 1
6254	14:25:49: Orientation {'radio_id': 1
6255	14:25:49: Position Data {'radio_id': 1
6256	14:25:49: Orientation {'radio_id': 1
6257	14:25:49: Position Data {'radio_id': 1
6258	14:25:50: Orientation {'radio_id': 1
6259	14:25:50: Position Data {'radio_id': 1
6260	14:25:50: Orientation {'radio_id': 1
6261	14:25:50: Position Data {'radio_id': 1
6262	14:25:50: Pyro Info {'radio_id': 1
6263	14:25:50: Ground Station GPS {'gs_lat': 44.824625651041664
6264	14:25:50: Alt Info & Cfg {'radio_id': 1
6265	14:25:50: Orientation {'radio_id': 1
6266	14:25:50: Position Data {'radio_id': 1
6267	14:25:50: Orientation {'radio_id': 1
6268	14:25:50: Position Data {'radio_id': 1
6269	14:25:50: Orientation {'radio_id': 1
6270	14:25:50: Position Data {'radio_id': 1
6271	14:25:51: Orientation {'radio_id': 1
6272	14:25:51: Position Data {'radio_id': 1
6273	14:25:51: Orientation {'radio_id': 1
6274	14:25:51: Position Data {'radio_id': 1
6275	14:25:51: Line Cutter Data 1 {'radio_id': 1
6276	14:25:51: Orientation {'radio_id': 1
6277	14:25:51: Orientation {'radio_id': 1
6278	14:25:51: Position Data {'radio_id': 1
6279	14:25:51: Alt Info & Cfg {'radio_id': 1
6280	14:25:51: Orientation {'radio_id': 1
6281	14:25:51: Position Data {'radio_id': 1
6282	14:25:52: Orientation {'radio_id': 1
6283	14:25:52: Orientation {'radio_id': 1
6284	14:25:52: Position Data {'radio_id': 1
6285	14:25:52: Ground Station GPS {'gs_lat': 44.824625651041664
6286	14:25:52: Orientation {'radio_id': 1
6287	14:25:52: Position Data {'radio_id': 1
6288	14:25:52: Line Cutter Data 1 {'radio_id': 1
6289	14:25:52: Line Cutter Data 5 {'radio_id': 1
6290	14:25:52: Orientation {'radio_id': 1
6291	14:25:52: Position Data {'radio_id': 1
6292	14:25:52: Line Cutter Vars 5 {'radio_id': 1
6293	14:25:52: Orientation {'radio_id': 1
6294	14:25:52: Position Data {'radio_id': 1
6295	14:25:52: Alt Info & Cfg {'radio_id': 1
6296	14:25:52: Orientation {'radio_id': 1
6297	14:25:53: Position Data {'radio_id': 1
6298	14:25:53: Orientation {'radio_id': 1
6299	14:25:53: Position Data {'radio_id': 1
6300	14:25:53: Orientation {'radio_id': 1
6301	14:25:53: Position Data {'radio_id': 1
6302	14:25:53: Pyro Info {'radio_id': 1
6303	14:25:53: Line Cutter Data 1 {'radio_id': 1
6304	14:25:53: Orientation {'radio_id': 1
6305	14:25:53: Position Data {'radio_id': 1
6306	14:25:53: Orientation {'radio_id': 1
6307	14:25:53: Position Data {'radio_id': 1
6308	14:25:54: Orientation {'radio_id': 1
6309	14:25:54: Alt Info & Cfg {'radio_id': 1
6310	14:25:54: Orientation {'radio_id': 1
6311	14:25:54: Ground Station GPS {'gs_lat': 44.824625651041664
6312	14:25:54: Orientation {'radio_id': 1
6313	14:25:54: Pyro Info {'radio_id': 1
6314	14:25:54: Line Cutter Data 5 {'radio_id': 1
6315	14:25:54: Orientation {'radio_id': 1
6316	14:25:54: Position Data {'radio_id': 1
6317	14:25:54: Orientation {'radio_id': 1
6318	14:25:55: Orientation {'radio_id': 1
6319	14:25:55: Position Data {'radio_id': 1
6320	14:25:55: Orientation {'radio_id': 1
6321	14:25:55: Position Data {'radio_id': 1
6322	14:25:55: Orientation {'radio_id': 1
6323	14:25:55: Position Data {'radio_id': 1
6324	14:25:55: Pyro Info {'radio_id': 1
6325	14:25:55: Line Cutter Data 5 {'radio_id': 1
6326	14:25:55: Orientation {'radio_id': 1
6327	14:25:55: Position Data {'radio_id': 1
6328	14:25:55: Orientation {'radio_id': 1
6329	14:25:55: Position Data {'radio_id': 1
6330	14:25:56: Orientation {'radio_id': 1
6331	14:25:56: Position Data {'radio_id': 1
6332	14:25:56: Orientation {'radio_id': 1
6333	14:25:56: Position Data {'radio_id': 1
6334	14:25:56: Ground Station GPS {'gs_lat': 44.824625651041664
6335	14:25:56: Position Data {'radio_id': 1
6336	14:25:56: Pyro Info {'radio_id': 1
6337	14:25:56: Line Cutter Data 1 {'radio_id': 1
6338	14:25:56: Line Cutter Data 5 {'radio_id': 1
6339	14:25:56: Orientation {'radio_id': 1
6340	14:25:56: Orientation {'radio_id': 1
6341	14:25:56: Position Data {'radio_id': 1
6342	14:25:57: Orientation {'radio_id': 1
6343	14:25:57: Position Data {'radio_id': 1
6344	14:25:57: Orientation {'radio_id': 1
6345	14:25:57: Position Data {'radio_id': 1
6346	14:25:57: Orientation {'radio_id': 1
6347	14:25:57: Position Data {'radio_id': 1
6348	14:25:57: Pyro Info {'radio_id': 1
6349	14:25:57: Line Cutter Data 1 {'radio_id': 1
6350	14:25:57: Line Cutter Data 5 {'radio_id': 1
6351	14:25:57: Orientation {'radio_id': 1
6352	14:25:57: Orientation {'radio_id': 1
6353	14:25:57: Position Data {'radio_id': 1
6354	14:25:57: Alt Info & Cfg {'radio_id': 1
6355	14:25:57: Orientation {'radio_id': 1
6356	14:25:58: Position Data {'radio_id': 1
6357	14:25:58: Orientation {'radio_id': 1
6358	14:25:58: Position Data {'radio_id': 1
6359	14:25:58: Ground Station GPS {'gs_lat': 44.824625651041664
6360	14:25:58: Position Data {'radio_id': 1
6361	14:25:58: Pyro Info {'radio_id': 1
6362	14:25:58: Line Cutter Data 1 {'radio_id': 1
6363	14:25:58: Line Cutter Data 5 {'radio_id': 1
6364	14:25:58: Orientation {'radio_id': 1
6365	14:25:58: Orientation {'radio_id': 1
6366	14:25:58: Position Data {'radio_id': 1
6367	14:25:59: Orientation {'radio_id': 1
6368	14:25:59: Position Data {'radio_id': 1
6369	14:25:59: Orientation {'radio_id': 1
6370	14:25:59: Position Data {'radio_id': 1
6371	14:25:59: Orientation {'radio_id': 1
6372	14:25:59: Position Data {'radio_id': 1
6373	14:25:59: Line Cutter Data 1 {'radio_id': 1
6374	14:25:59: Line Cutter Data 5 {'radio_id': 1
6375	14:25:59: Orientation {'radio_id': 1
6376	14:25:59: Position Data {'radio_id': 1
6377	14:25:59: Orientation {'radio_id': 1
6378	14:26:00: Orientation {'radio_id': 1
6379	14:26:00: Orientation {'radio_id': 1
6380	14:26:00: Position Data {'radio_id': 1
6381	14:26:00: Alt Info & Cfg {'radio_id': 1
6382	14:26:00: Ground Station GPS {'gs_lat': 44.824625651041664
6383	14:26:00: Position Data {'radio_id': 1
6384	14:26:00: Line Cutter Data 1 {'radio_id': 1
6385	14:26:00: Line Cutter Data 5 {'radio_id': 1
6386	14:26:00: Orientation {'radio_id': 1
6387	14:26:00: Position Data {'radio_id': 1
6388	14:26:00: Orientation {'radio_id': 1
6389	14:26:00: Position Data {'radio_id': 1
6390	14:26:00: Orientation {'radio_id': 1
6391	14:26:01: Position Data {'radio_id': 1
6392	14:26:01: Orientation {'radio_id': 1
6393	14:26:01: Position Data {'radio_id': 1
6394	14:26:01: Orientation {'radio_id': 1
6395	14:26:01: Position Data {'radio_id': 1
6396	14:26:01: Line Cutter Data 1 {'radio_id': 1
6397	14:26:01: Line Cutter Data 5 {'radio_id': 1
6398	14:26:01: Alt Info & Cfg {'radio_id': 1
6399	14:26:01: Orientation {'radio_id': 1
6400	14:26:01: Position Data {'radio_id': 1
6401	14:26:01: Orientation {'radio_id': 1
6402	14:26:01: Position Data {'radio_id': 1
6403	14:26:02: Orientation {'radio_id': 1
6404	14:26:02: Position Data {'radio_id': 1
6405	14:26:02: Orientation {'radio_id': 1
6406	14:26:02: Position Data {'radio_id': 1
6407	14:26:02: Ground Station GPS {'gs_lat': 44.824625651041664
6408	14:26:02: Position Data {'radio_id': 1
6409	14:26:02: Line Cutter Data 1 {'radio_id': 1
6410	14:26:02: Line Cutter Data 5 {'radio_id': 1
6411	14:26:02: Orientation {'radio_id': 1
6412	14:26:02: Position Data {'radio_id': 1
6413	14:26:02: Line Cutter Vars 5 {'radio_id': 1
6414	14:26:02: Orientation {'radio_id': 1
6415	14:26:02: Position Data {'radio_id': 1
6416	14:26:02: Alt Info & Cfg {'radio_id': 1
6417	14:26:03: Orientation {'radio_id': 1
6418	14:26:03: Position Data {'radio_id': 1
6419	14:26:03: Orientation {'radio_id': 1
6420	14:26:03: Position Data {'radio_id': 1
6421	14:26:03: Orientation {'radio_id': 1
6422	14:26:03: Position Data {'radio_id': 1
6423	14:26:03: Orientation {'radio_id': 1
6424	14:26:03: Position Data {'radio_id': 1
6425	14:26:03: Line Cutter Data 1 {'radio_id': 1
6426	14:26:03: Orientation {'radio_id': 1
6427	14:26:03: Position Data {'radio_id': 1
6428	14:26:04: Orientation {'radio_id': 1
6429	14:26:04: Position Data {'radio_id': 1
6430	14:26:04: Alt Info & Cfg {'radio_id': 1
6431	14:26:04: Orientation {'radio_id': 1
6432	14:26:04: Position Data {'radio_id': 1
6433	14:26:04: Ground Station GPS {'gs_lat': 44.824625651041664
6434	14:26:04: Position Data {'radio_id': 1
6435	14:26:04: Orientation {'radio_id': 1
6436	14:26:04: Position Data {'radio_id': 1
6437	14:26:04: Pyro Info {'radio_id': 1
6438	14:26:04: Line Cutter Data 1 {'radio_id': 1
6439	14:26:04: Orientation {'radio_id': 1
6440	14:26:04: Position Data {'radio_id': 1
6441	14:26:05: Orientation {'radio_id': 1
6442	14:26:05: Position Data {'radio_id': 1
6443	14:26:05: Orientation {'radio_id': 1
6444	14:26:05: Position Data {'radio_id': 1
6445	14:26:05: Alt Info & Cfg {'radio_id': 1
6446	14:26:05: Orientation {'radio_id': 1
6447	14:26:05: Position Data {'radio_id': 1
6448	14:26:05: Orientation {'radio_id': 1
6449	14:26:05: Position Data {'radio_id': 1
6450	14:26:05: Line Cutter Data 1 {'radio_id': 1
6451	14:26:05: Line Cutter Data 5 {'radio_id': 1
6452	14:26:05: Orientation {'radio_id': 1
6453	14:26:05: Position Data {'radio_id': 1
6454	14:26:05: Orientation {'radio_id': 1
6455	14:26:06: Position Data {'radio_id': 1
6456	14:26:06: Orientation {'radio_id': 1
6457	14:26:06: Position Data {'radio_id': 1
6458	14:26:06: Ground Station GPS {'gs_lat': 44.824625651041664
6459	14:26:06: Orientation {'radio_id': 1
6460	14:26:06: Position Data {'radio_id': 1
6461	14:26:06: Alt Info & Cfg {'radio_id': 1
6462	14:26:06: Orientation {'radio_id': 1
6463	14:26:06: Position Data {'radio_id': 1
6464	14:26:06: Pyro Info {'radio_id': 1
6465	14:26:06: Line Cutter Data 1 {'radio_id': 1
6466	14:26:06: Orientation {'radio_id': 1
6467	14:26:07: Orientation {'radio_id': 1
6468	14:26:07: Position Data {'radio_id': 1
6469	14:26:07: Orientation {'radio_id': 1
6470	14:26:07: Position Data {'radio_id': 1
6471	14:26:07: Orientation {'radio_id': 1
6472	14:26:07: Position Data {'radio_id': 1
6473	14:26:07: Orientation {'radio_id': 1
6474	14:26:07: Position Data {'radio_id': 1
6475	14:26:07: Pyro Info {'radio_id': 1
6476	14:26:07: Line Cutter Data 1 {'radio_id': 1
6477	14:26:07: Line Cutter Data 5 {'radio_id': 1
6478	14:26:07: Orientation {'radio_id': 1
6479	14:26:08: Orientation {'radio_id': 1
6480	14:26:08: Position Data {'radio_id': 1
6481	14:26:08: Orientation {'radio_id': 1
6482	14:26:08: Position Data {'radio_id': 1
6483	14:26:08: Ground Station GPS {'gs_lat': 44.824625651041664
6484	14:26:08: Position Data {'radio_id': 1
6485	14:26:08: Orientation {'radio_id': 1
6486	14:26:08: Position Data {'radio_id': 1
6487	14:26:08: Line Cutter Data 1 {'radio_id': 1
6488	14:26:08: Line Cutter Data 5 {'radio_id': 1
6489	14:26:08: Orientation {'radio_id': 1
6490	14:26:08: Position Data {'radio_id': 1
6491	14:26:09: Orientation {'radio_id': 1
6492	14:26:09: Position Data {'radio_id': 1
6493	14:26:09: Alt Info & Cfg {'radio_id': 1
6494	14:26:09: Orientation {'radio_id': 1
6495	14:26:09: Orientation {'radio_id': 1
6496	14:26:09: Orientation {'radio_id': 1
6497	14:26:09: Pyro Info {'radio_id': 1
6498	14:26:09: Line Cutter Data 5 {'radio_id': 1
6499	14:26:09: Orientation {'radio_id': 1
6500	14:26:09: Position Data {'radio_id': 1
6501	14:26:10: Orientation {'radio_id': 1
6502	14:26:10: Position Data {'radio_id': 1
6503	14:26:10: Orientation {'radio_id': 1
6504	14:26:10: Position Data {'radio_id': 1
6505	14:26:10: Alt Info & Cfg {'radio_id': 1
6506	14:26:10: Ground Station GPS {'gs_lat': 44.824625651041664
6507	14:26:10: Position Data {'radio_id': 1
6508	14:26:10: Orientation {'radio_id': 1
6509	14:26:10: Pyro Info {'radio_id': 1
6510	14:26:10: Line Cutter Data 5 {'radio_id': 1
6511	14:26:10: Orientation {'radio_id': 1
6512	14:26:10: Position Data {'radio_id': 1
6513	14:26:11: Orientation {'radio_id': 1
6514	14:26:11: Position Data {'radio_id': 1
6515	14:26:11: Orientation {'radio_id': 1
6516	14:26:11: Position Data {'radio_id': 1
6517	14:26:11: Orientation {'radio_id': 1
6518	14:26:11: Position Data {'radio_id': 1
6519	14:26:11: Alt Info & Cfg {'radio_id': 1
6520	14:26:11: Orientation {'radio_id': 1
6521	14:26:11: Position Data {'radio_id': 1
6522	14:26:11: Pyro Info {'radio_id': 1
6523	14:26:11: Line Cutter Data 1 {'radio_id': 1
6524	14:26:11: Line Cutter Data 5 {'radio_id': 1
6525	14:26:11: Position Data {'radio_id': 1
6526	14:26:12: Orientation {'radio_id': 1
6527	14:26:12: Position Data {'radio_id': 1
6528	14:26:12: Orientation {'radio_id': 1
6529	14:26:12: Orientation {'radio_id': 1
6530	14:26:12: Orientation {'radio_id': 1
6531	14:26:12: Position Data {'radio_id': 1
6532	14:26:12: Line Cutter Vars 1 {'radio_id': 1
6533	14:26:12: Line Cutter Vars 5 {'radio_id': 1
6534	14:26:12: Alt Info & Cfg {'radio_id': 1
6535	14:26:12: Pyro Info {'radio_id': 1
6536	14:26:12: Line Cutter Data 1 {'radio_id': 1
6537	14:26:12: Line Cutter Data 5 {'radio_id': 1
6538	14:26:13: Position Data {'radio_id': 1
6539	14:26:13: Position Data {'radio_id': 1
6540	14:26:13: Orientation {'radio_id': 1
6541	14:26:13: Position Data {'radio_id': 1
6542	14:26:13: Orientation {'radio_id': 1
6543	14:26:13: Position Data {'radio_id': 1
6544	14:26:13: Orientation {'radio_id': 1
6545	14:26:13: Position Data {'radio_id': 1
6546	14:26:13: Pyro Info {'radio_id': 1
6547	14:26:13: Line Cutter Data 5 {'radio_id': 1
6548	14:26:13: Orientation {'radio_id': 1
6549	14:26:13: Position Data {'radio_id': 1
6550	14:26:13: Alt Info & Cfg {'radio_id': 1
6551	14:26:14: Orientation {'radio_id': 1
6552	14:26:14: Orientation {'radio_id': 1
6553	14:26:14: Position Data {'radio_id': 1
6554	14:26:14: Orientation {'radio_id': 1
6555	14:26:14: Ground Station GPS {'gs_lat': 44.824625651041664
6556	14:26:14: Orientation {'radio_id': 1
6557	14:26:14: Position Data {'radio_id': 1
6558	14:26:14: Pyro Info {'radio_id': 1
6559	14:26:14: Line Cutter Data 1 {'radio_id': 1
6560	14:26:14: Line Cutter Data 5 {'radio_id': 1
6561	14:26:14: Orientation {'radio_id': 1
6562	14:26:14: Position Data {'radio_id': 1
6563	14:26:15: Orientation {'radio_id': 1
6564	14:26:15: Position Data {'radio_id': 1
6565	14:26:15: Orientation {'radio_id': 1
6566	14:26:15: Position Data {'radio_id': 1
6567	14:26:15: Alt Info & Cfg {'radio_id': 1
6568	14:26:15: Orientation {'radio_id': 1
6569	14:26:15: Position Data {'radio_id': 1
6570	14:26:15: Orientation {'radio_id': 1
6571	14:26:15: Position Data {'radio_id': 1
6572	14:26:15: Orientation {'radio_id': 1
6573	14:26:15: Position Data {'radio_id': 1
6574	14:26:15: Line Cutter Data 1 {'radio_id': 1
6575	14:26:16: Orientation {'radio_id': 1
6576	14:26:16: Position Data {'radio_id': 1
6577	14:26:16: Orientation {'radio_id': 1
6578	14:26:16: Position Data {'radio_id': 1
6579	14:26:16: Orientation {'radio_id': 1
6580	14:26:16: Position Data {'radio_id': 1
6581	14:26:16: Orientation {'radio_id': 1
6582	14:26:16: Position Data {'radio_id': 1
6583	14:26:16: Orientation {'radio_id': 1
6584	14:26:16: Position Data {'radio_id': 1
6585	14:26:16: Pyro Info {'radio_id': 1
6586	14:26:16: Line Cutter Data 1 {'radio_id': 1
6587	14:26:17: Orientation {'radio_id': 1
6588	14:26:17: Position Data {'radio_id': 1
6589	14:26:17: Orientation {'radio_id': 1
6590	14:26:17: Position Data {'radio_id': 1
6591	14:26:17: Orientation {'radio_id': 1
6592	14:26:17: Position Data {'radio_id': 1
6593	14:26:17: Orientation {'radio_id': 1
6594	14:26:17: Position Data {'radio_id': 1
6595	14:26:17: Alt Info & Cfg {'radio_id': 1
6596	14:26:17: Orientation {'radio_id': 1
6597	14:26:17: Position Data {'radio_id': 1
6598	14:26:17: Pyro Info {'radio_id': 1
6599	14:26:18: Line Cutter Data 5 {'radio_id': 1
6600	14:26:18: Position Data {'radio_id': 1
6601	14:26:18: Orientation {'radio_id': 1
6602	14:26:18: Position Data {'radio_id': 1
6603	14:26:18: Orientation {'radio_id': 1
6604	14:26:18: Position Data {'radio_id': 1
6605	14:26:18: Orientation {'radio_id': 1
6606	14:26:18: Position Data {'radio_id': 1
6607	14:26:18: Orientation {'radio_id': 1
6608	14:26:18: Pyro Info {'radio_id': 1
6609	14:26:18: Line Cutter Data 1 {'radio_id': 1
6610	14:26:19: Line Cutter Data 5 {'radio_id': 1
6611	14:26:19: Alt Info & Cfg {'radio_id': 1
6612	14:26:19: Orientation {'radio_id': 1
6613	14:26:19: Position Data {'radio_id': 1
6614	14:26:19: Orientation {'radio_id': 1
6615	14:26:19: Orientation {'radio_id': 1
6616	14:26:19: Position Data {'radio_id': 1
6617	14:26:19: Orientation {'radio_id': 1
6618	14:26:19: Position Data {'radio_id': 1
6619	14:26:19: Orientation {'radio_id': 1
6620	14:26:19: Pyro Info {'radio_id': 1
6621	14:26:19: Line Cutter Data 1 {'radio_id': 1
6622	14:26:20: Line Cutter Data 5 {'radio_id': 1
6623	14:26:20: Position Data {'radio_id': 1
6624	14:26:20: Orientation {'radio_id': 1
6625	14:26:20: Alt Info & Cfg {'radio_id': 1
6626	14:26:20: Orientation {'radio_id': 1
6627	14:26:20: Orientation {'radio_id': 1
6628	14:26:20: Orientation {'radio_id': 1
6629	14:26:20: Position Data {'radio_id': 1
6630	14:26:20: Pyro Info {'radio_id': 1
6631	14:26:20: Line Cutter Data 1 {'radio_id': 1
6632	14:26:21: Line Cutter Data 5 {'radio_id': 1
6633	14:26:21: Orientation {'radio_id': 1
6634	14:26:21: Position Data {'radio_id': 1
6635	14:26:21: Orientation {'radio_id': 1
6636	14:26:21: Position Data {'radio_id': 1
6637	14:26:21: Orientation {'radio_id': 1
6638	14:26:21: Position Data {'radio_id': 1
6639	14:26:21: Alt Info & Cfg {'radio_id': 1
6640	14:26:21: Orientation {'radio_id': 1
6641	14:26:21: Orientation {'radio_id': 1
6642	14:26:21: Position Data {'radio_id': 1
6643	14:26:21: Pyro Info {'radio_id': 1
6644	14:26:21: Line Cutter Data 1 {'radio_id': 1
6645	14:26:22: Line Cutter Data 5 {'radio_id': 1
6646	14:26:22: Position Data {'radio_id': 1
6647	14:26:22: Orientation {'radio_id': 1
6648	14:26:22: Orientation {'radio_id': 1
6649	14:26:22: Orientation {'radio_id': 1
6650	14:26:22: Line Cutter Vars 1 {'radio_id': 1
6651	14:26:22: Alt Info & Cfg {'radio_id': 1
6652	14:26:22: Orientation {'radio_id': 1
6653	14:26:22: Position Data {'radio_id': 1
6654	14:26:22: Line Cutter Data 1 {'radio_id': 1
6655	14:26:23: Line Cutter Data 5 {'radio_id': 1
6656	14:26:23: Position Data {'radio_id': 1
6657	14:26:23: Orientation {'radio_id': 1
6658	14:26:23: Orientation {'radio_id': 1
6659	14:26:23: Position Data {'radio_id': 1
6660	14:26:23: Orientation {'radio_id': 1
6661	14:26:23: Position Data {'radio_id': 1
6662	14:26:23: Orientation {'radio_id': 1
6663	14:26:23: Position Data {'radio_id': 1
6664	14:26:23: Pyro Info {'radio_id': 1
6665	14:26:24: Line Cutter Data 1 {'radio_id': 1
6666	14:26:24: Line Cutter Data 5 {'radio_id': 1
6667	14:26:24: Orientation {'radio_id': 1
6668	14:26:24: Orientation {'radio_id': 1
6669	14:26:24: Orientation {'radio_id': 1
6670	14:26:24: Position Data {'radio_id': 1
6671	14:26:24: Orientation {'radio_id': 1
6672	14:26:24: Orientation {'radio_id': 1
6673	14:26:24: Position Data {'radio_id': 1
6674	14:26:24: Line Cutter Data 1 {'radio_id': 1
6675	14:26:25: Line Cutter Data 5 {'radio_id': 1
6676	14:26:25: Position Data {'radio_id': 1
6677	14:26:25: Alt Info & Cfg {'radio_id': 1
6678	14:26:25: Orientation {'radio_id': 1
6679	14:26:25: Position Data {'radio_id': 1
6680	14:26:25: Orientation {'radio_id': 1
6681	14:26:25: Position Data {'radio_id': 1
6682	14:26:25: Orientation {'radio_id': 1
6683	14:26:25: Position Data {'radio_id': 1
6684	14:26:25: Orientation {'radio_id': 1
6685	14:26:25: Position Data {'radio_id': 1
6686	14:26:25: Pyro Info {'radio_id': 1
6687	14:26:25: Line Cutter Data 1 {'radio_id': 1
6688	14:26:25: Line Cutter Data 5 {'radio_id': 1
6689	14:26:26: Orientation {'radio_id': 1
6690	14:26:26: Position Data {'radio_id': 1
6691	14:26:26: Orientation {'radio_id': 1
6692	14:26:26: Position Data {'radio_id': 1
6693	14:26:26: Orientation {'radio_id': 1
6694	14:26:26: Ground Station GPS {'gs_lat': 44.824625651041664
6695	14:26:26: Orientation {'radio_id': 1
6696	14:26:26: Position Data {'radio_id': 1
6697	14:26:26: Orientation {'radio_id': 1
6698	14:26:26: Position Data {'radio_id': 1
6699	14:26:26: Line Cutter Data 1 {'radio_id': 1
6700	14:26:27: Line Cutter Data 5 {'radio_id': 1
6701	14:26:27: Orientation {'radio_id': 1
6702	14:26:27: Position Data {'radio_id': 1
6703	14:26:27: Orientation {'radio_id': 1
6704	14:26:27: Position Data {'radio_id': 1
6705	14:26:27: Orientation {'radio_id': 1
6706	14:26:27: Position Data {'radio_id': 1
6707	14:26:27: Orientation {'radio_id': 1
6708	14:26:27: Position Data {'radio_id': 1
6709	14:26:27: Orientation {'radio_id': 1
6710	14:26:27: Position Data {'radio_id': 1
6711	14:26:27: Line Cutter Data 1 {'radio_id': 1
6712	14:26:27: Line Cutter Data 5 {'radio_id': 1
6713	14:26:28: Orientation {'radio_id': 1
6714	14:26:28: Position Data {'radio_id': 1
6715	14:26:28: Orientation {'radio_id': 1
6716	14:26:28: Orientation {'radio_id': 1
6717	14:26:28: Orientation {'radio_id': 1
6718	14:26:28: Position Data {'radio_id': 1
6719	14:26:28: Orientation {'radio_id': 1
6720	14:26:28: Alt Info & Cfg {'radio_id': 1
6721	14:26:28: Pyro Info {'radio_id': 1
6722	14:26:28: Line Cutter Data 1 {'radio_id': 1
6723	14:26:29: Line Cutter Data 5 {'radio_id': 1
6724	14:26:29: Orientation {'radio_id': 1
6725	14:26:29: Position Data {'radio_id': 1
6726	14:26:29: Orientation {'radio_id': 1
6727	14:26:29: Position Data {'radio_id': 1
6728	14:26:29: Orientation {'radio_id': 1
6729	14:26:29: Position Data {'radio_id': 1
6730	14:26:29: Orientation {'radio_id': 1
6731	14:26:29: Position Data {'radio_id': 1
6732	14:26:29: Orientation {'radio_id': 1
6733	14:26:29: Position Data {'radio_id': 1
6734	14:26:30: Orientation {'radio_id': 1
6735	14:26:30: Position Data {'radio_id': 1
6736	14:26:30: Pyro Info {'radio_id': 1
6737	14:26:30: Line Cutter Data 1 {'radio_id': 1
6738	14:26:30: Line Cutter Data 5 {'radio_id': 1
6739	14:26:30: Orientation {'radio_id': 1
6740	14:26:30: Orientation {'radio_id': 1
6741	14:26:30: Position Data {'radio_id': 1
6742	14:26:30: Orientation {'radio_id': 1
6743	14:26:30: Position Data {'radio_id': 1
6744	14:26:30: Orientation {'radio_id': 1
6745	14:26:31: Orientation {'radio_id': 1
6746	14:26:31: Position Data {'radio_id': 1
6747	14:26:31: Pyro Info {'radio_id': 1
6748	14:26:31: Line Cutter Data 1 {'radio_id': 1
6749	14:26:31: Line Cutter Data 5 {'radio_id': 1
6750	14:26:31: Position Data {'radio_id': 1
6751	14:26:31: Orientation {'radio_id': 1
6752	14:26:31: Position Data {'radio_id': 1
6753	14:26:31: Alt Info & Cfg {'radio_id': 1
6754	14:26:31: Orientation {'radio_id': 1
6755	14:26:31: Position Data {'radio_id': 1
6756	14:26:31: Orientation {'radio_id': 1
6757	14:26:31: Position Data {'radio_id': 1
6758	14:26:32: Orientation {'radio_id': 1
6759	14:26:32: Pyro Info {'radio_id': 1
6760	14:26:32: Line Cutter Data 1 {'radio_id': 1
6761	14:26:32: Line Cutter Data 5 {'radio_id': 1
6762	14:26:32: Orientation {'radio_id': 1
6763	14:26:32: Orientation {'radio_id': 1
6764	14:26:32: Position Data {'radio_id': 1
6765	14:26:32: Orientation {'radio_id': 1
6766	14:26:32: Position Data {'radio_id': 1
6767	14:26:32: Alt Info & Cfg {'radio_id': 1
6768	14:26:32: Line Cutter Vars 1 {'radio_id': 1
6769	14:26:32: Orientation {'radio_id': 1
6770	14:26:32: Position Data {'radio_id': 1
6771	14:26:33: Orientation {'radio_id': 1
6772	14:26:33: Position Data {'radio_id': 1
6773	14:26:33: Pyro Info {'radio_id': 1
6774	14:26:33: Line Cutter Data 5 {'radio_id': 1
6775	14:26:33: Orientation {'radio_id': 1
6776	14:26:33: Position Data {'radio_id': 1
6777	14:26:33: Orientation {'radio_id': 1
6778	14:26:33: Position Data {'radio_id': 1
6779	14:26:33: Orientation {'radio_id': 1
6780	14:26:33: Position Data {'radio_id': 1
6781	14:26:33: Orientation {'radio_id': 1
6782	14:26:33: Position Data {'radio_id': 1
6783	14:26:33: Alt Info & Cfg {'radio_id': 1
6784	14:26:34: Orientation {'radio_id': 1
6785	14:26:34: Pyro Info {'radio_id': 1
6786	14:26:34: Line Cutter Data 1 {'radio_id': 1
6787	14:26:34: Line Cutter Data 5 {'radio_id': 1
6788	14:26:34: Position Data {'radio_id': 1
6789	14:26:34: Orientation {'radio_id': 1
6790	14:26:34: Position Data {'radio_id': 1
6791	14:26:34: Orientation {'radio_id': 1
6792	14:26:34: Position Data {'radio_id': 1
6793	14:26:34: Orientation {'radio_id': 1
6794	14:26:34: Position Data {'radio_id': 1
6795	14:26:35: Orientation {'radio_id': 1
6796	14:26:35: Position Data {'radio_id': 1
6797	14:26:35: Pyro Info {'radio_id': 1
6798	14:26:35: Line Cutter Data 5 {'radio_id': 1
6799	14:26:35: Orientation {'radio_id': 1
6800	14:26:35: Position Data {'radio_id': 1
6801	14:26:35: Orientation {'radio_id': 1
6802	14:26:35: Position Data {'radio_id': 1
6803	14:26:35: Orientation {'radio_id': 1
6804	14:26:35: Position Data {'radio_id': 1
6805	14:26:35: Orientation {'radio_id': 1
6806	14:26:35: Position Data {'radio_id': 1
6807	14:26:36: Orientation {'radio_id': 1
6808	14:26:36: Position Data {'radio_id': 1
6809	14:26:36: Pyro Info {'radio_id': 1
6810	14:26:36: Line Cutter Data 1 {'radio_id': 1
6811	14:26:36: Orientation {'radio_id': 1
6812	14:26:36: Position Data {'radio_id': 1
6813	14:26:36: Alt Info & Cfg {'radio_id': 1
6814	14:26:36: Orientation {'radio_id': 1
6815	14:26:36: Position Data {'radio_id': 1
6816	14:26:36: Orientation {'radio_id': 1
6817	14:26:36: Position Data {'radio_id': 1
6818	14:26:36: Orientation {'radio_id': 1
6819	14:26:36: Position Data {'radio_id': 1
6820	14:26:37: Orientation {'radio_id': 1
6821	14:26:37: Position Data {'radio_id': 1
6822	14:26:37: Pyro Info {'radio_id': 1
6823	14:26:37: Line Cutter Data 1 {'radio_id': 1
6824	14:26:37: Orientation {'radio_id': 1
6825	14:26:37: Position Data {'radio_id': 1
6826	14:26:37: Orientation {'radio_id': 1
6827	14:26:37: Position Data {'radio_id': 1
6828	14:26:37: Orientation {'radio_id': 1
6829	14:26:37: Position Data {'radio_id': 1
6830	14:26:37: Orientation {'radio_id': 1
6831	14:26:37: Position Data {'radio_id': 1
6832	14:26:37: Orientation {'radio_id': 1
6833	14:26:38: Position Data {'radio_id': 1
6834	14:26:38: Pyro Info {'radio_id': 1
6835	14:26:38: Line Cutter Data 1 {'radio_id': 1
6836	14:26:38: Line Cutter Data 5 {'radio_id': 1
6837	14:26:38: Orientation {'radio_id': 1
6838	14:26:38: Position Data {'radio_id': 1
6839	14:26:38: Orientation {'radio_id': 1
6840	14:26:38: Position Data {'radio_id': 1
6841	14:26:38: Ground Station GPS {'gs_lat': 44.824625651041664
6842	14:26:38: Orientation {'radio_id': 1
6843	14:26:38: Orientation {'radio_id': 1
6844	14:26:38: Alt Info & Cfg {'radio_id': 1
6845	14:26:39: Orientation {'radio_id': 1
6846	14:26:39: Pyro Info {'radio_id': 1
6847	14:26:39: Line Cutter Data 5 {'radio_id': 1
6848	14:26:39: Orientation {'radio_id': 1
6849	14:26:39: Position Data {'radio_id': 1
6850	14:26:39: Orientation {'radio_id': 1
6851	14:26:39: Position Data {'radio_id': 1
6852	14:26:39: Orientation {'radio_id': 1
6853	14:26:39: Position Data {'radio_id': 1
6854	14:26:39: Orientation {'radio_id': 1
6855	14:26:40: Orientation {'radio_id': 1
6856	14:26:40: Position Data {'radio_id': 1
6857	14:26:40: Alt Info & Cfg {'radio_id': 1
6858	14:26:40: Pyro Info {'radio_id': 1
6859	14:26:40: Line Cutter Data 1 {'radio_id': 1
6860	14:26:40: Line Cutter Data 5 {'radio_id': 1
6861	14:26:40: Position Data {'radio_id': 1
6862	14:26:40: Orientation {'radio_id': 1
6863	14:26:40: Position Data {'radio_id': 1
6864	14:26:40: Orientation {'radio_id': 1
6865	14:26:40: Position Data {'radio_id': 1
6866	14:26:40: Orientation {'radio_id': 1
6867	14:26:40: Position Data {'radio_id': 1
6868	14:26:41: Orientation {'radio_id': 1
6869	14:26:41: Pyro Info {'radio_id': 1
6870	14:26:41: Line Cutter Data 5 {'radio_id': 1
6871	14:26:41: Orientation {'radio_id': 1
6872	14:26:41: Position Data {'radio_id': 1
6873	14:26:41: Alt Info & Cfg {'radio_id': 1
6874	14:26:41: Orientation {'radio_id': 1
6875	14:26:41: Orientation {'radio_id': 1
6876	14:26:41: Orientation {'radio_id': 1
6877	14:26:41: Position Data {'radio_id': 1
6878	14:26:42: Orientation {'radio_id': 1
6879	14:26:42: Position Data {'radio_id': 1
6880	14:26:42: Orientation {'radio_id': 1
6881	14:26:42: Position Data {'radio_id': 1
6882	14:26:42: Line Cutter Data 1 {'radio_id': 1
6883	14:26:42: Line Cutter Data 5 {'radio_id': 1
6884	14:26:42: Position Data {'radio_id': 1
6885	14:26:42: Orientation {'radio_id': 1
6886	14:26:42: Alt Info & Cfg {'radio_id': 1
6887	14:26:42: Line Cutter Vars 1 {'radio_id': 1
6888	14:26:42: Orientation {'radio_id': 1
6889	14:26:42: Position Data {'radio_id': 1
6890	14:26:43: Orientation {'radio_id': 1
6891	14:26:43: Orientation {'radio_id': 1
6892	14:26:43: Position Data {'radio_id': 1
6893	14:26:43: Line Cutter Data 1 {'radio_id': 1
6894	14:26:43: Orientation {'radio_id': 1
6895	14:26:43: Position Data {'radio_id': 1
6896	14:26:43: Orientation {'radio_id': 1
6897	14:26:43: Orientation {'radio_id': 1
6898	14:26:43: Alt Info & Cfg {'radio_id': 1
6899	14:26:44: Orientation {'radio_id': 1
6900	14:26:44: Orientation {'radio_id': 1
6901	14:26:44: Pyro Info {'radio_id': 1
6902	14:26:44: Line Cutter Data 1 {'radio_id': 1
6903	14:26:44: Line Cutter Data 5 {'radio_id': 1
6904	14:26:44: Orientation {'radio_id': 1
6905	14:26:44: Position Data {'radio_id': 1
6906	14:26:44: Orientation {'radio_id': 1
6907	14:26:44: Orientation {'radio_id': 1
6908	14:26:44: Position Data {'radio_id': 1
6909	14:26:45: Orientation {'radio_id': 1
6910	14:26:45: Position Data {'radio_id': 1
6911	14:26:45: Orientation {'radio_id': 1
6912	14:26:45: Position Data {'radio_id': 1
6913	14:26:45: Pyro Info {'radio_id': 1
6914	14:26:45: Line Cutter Data 5 {'radio_id': 1
6915	14:26:45: Orientation {'radio_id': 1
6916	14:26:45: Position Data {'radio_id': 1
6917	14:26:45: Orientation {'radio_id': 1
6918	14:26:45: Orientation {'radio_id': 1
6919	14:26:45: Position Data {'radio_id': 1
6920	14:26:46: Orientation {'radio_id': 1
6921	14:26:46: Orientation {'radio_id': 1
6922	14:26:46: Pyro Info {'radio_id': 1
6923	14:26:46: Line Cutter Data 1 {'radio_id': 1
6924	14:26:46: Line Cutter Data 5 {'radio_id': 1
6925	14:26:46: Orientation {'radio_id': 1
6926	14:26:46: Orientation {'radio_id': 1
6927	14:26:46: Position Data {'radio_id': 1
6928	14:26:46: Orientation {'radio_id': 1
6929	14:26:46: Position Data {'radio_id': 1
6930	14:26:47: Orientation {'radio_id': 1
6931	14:26:47: Position Data {'radio_id': 1
6932	14:26:47: Orientation {'radio_id': 1
6933	14:26:47: Position Data {'radio_id': 1
6934	14:26:47: Line Cutter Data 1 {'radio_id': 1
6935	14:26:47: Line Cutter Data 5 {'radio_id': 1
6936	14:26:47: Orientation {'radio_id': 1
6937	14:26:47: Position Data {'radio_id': 1
6938	14:26:47: Alt Info & Cfg {'radio_id': 1
6939	14:26:47: Orientation {'radio_id': 1
6940	14:26:47: Position Data {'radio_id': 1
6941	14:26:47: Orientation {'radio_id': 1
6942	14:26:47: Position Data {'radio_id': 1
6943	14:26:48: Orientation {'radio_id': 1
6944	14:26:48: Orientation {'radio_id': 1
6945	14:26:48: Pyro Info {'radio_id': 1
6946	14:26:48: Line Cutter Data 5 {'radio_id': 1
6947	14:26:48: Orientation {'radio_id': 1
6948	14:26:48: Position Data {'radio_id': 1
6949	14:26:48: Ground Station GPS {'gs_lat': 44.8246337890625
6950	14:26:48: Orientation {'radio_id': 1
6951	14:26:48: Position Data {'radio_id': 1
6952	14:26:48: Orientation {'radio_id': 1
6953	14:26:48: Position Data {'radio_id': 1
6954	14:26:48: Alt Info & Cfg {'radio_id': 1
6955	14:26:49: Orientation {'radio_id': 1
6956	14:26:49: Position Data {'radio_id': 1
6957	14:26:49: Orientation {'radio_id': 1
6958	14:26:49: Pyro Info {'radio_id': 1
6959	14:26:49: Line Cutter Data 1 {'radio_id': 1
6960	14:26:49: Line Cutter Data 5 {'radio_id': 1
6961	14:26:49: Orientation {'radio_id': 1
6962	14:26:49: Position Data {'radio_id': 1
6963	14:26:49: Orientation {'radio_id': 1
6964	14:26:49: Position Data {'radio_id': 1
6965	14:26:49: Orientation {'radio_id': 1
6966	14:26:49: Position Data {'radio_id': 1
6967	14:26:50: Orientation {'radio_id': 1
6968	14:26:50: Position Data {'radio_id': 1
6969	14:26:50: Alt Info & Cfg {'radio_id': 1
6970	14:26:50: Orientation {'radio_id': 1
6971	14:26:50: Position Data {'radio_id': 1
6972	14:26:50: Pyro Info {'radio_id': 1
6973	14:26:50: Line Cutter Data 1 {'radio_id': 1
6974	14:26:50: Line Cutter Data 5 {'radio_id': 1
6975	14:26:50: Orientation {'radio_id': 1
6976	14:26:50: Ground Station GPS {'gs_lat': 44.8246337890625
6977	14:26:50: Orientation {'radio_id': 1
6978	14:26:50: Position Data {'radio_id': 1
6979	14:26:50: Orientation {'radio_id': 1
6980	14:26:50: Position Data {'radio_id': 1
6981	14:26:51: Orientation {'radio_id': 1
6982	14:26:51: Position Data {'radio_id': 1
6983	14:26:51: Orientation {'radio_id': 1
6984	14:26:51: Position Data {'radio_id': 1
6985	14:26:51: Pyro Info {'radio_id': 1
6986	14:26:51: Line Cutter Data 1 {'radio_id': 1
6987	14:26:51: Line Cutter Data 5 {'radio_id': 1
6988	14:26:51: Position Data {'radio_id': 1
6989	14:26:51: Orientation {'radio_id': 1
6990	14:26:51: Position Data {'radio_id': 1
6991	14:26:51: Orientation {'radio_id': 1
6992	14:26:51: Position Data {'radio_id': 1
6993	14:26:52: Orientation {'radio_id': 1
6994	14:26:52: Position Data {'radio_id': 1
6995	14:26:52: Orientation {'radio_id': 1
6996	14:26:52: Position Data {'radio_id': 1
6997	14:26:52: Line Cutter Data 1 {'radio_id': 1
6998	14:26:52: Orientation {'radio_id': 1
6999	14:26:52: Position Data {'radio_id': 1
7000	14:26:52: Alt Info & Cfg {'radio_id': 1
7001	14:26:52: Orientation {'radio_id': 1
7002	14:26:52: Position Data {'radio_id': 1
7003	14:26:52: Line Cutter Vars 1 {'radio_id': 1
7004	14:26:52: Line Cutter Vars 5 {'radio_id': 1
7005	14:26:52: Orientation {'radio_id': 1
7006	14:26:52: Position Data {'radio_id': 1
7007	14:26:53: Orientation {'radio_id': 1
7008	14:26:53: Position Data {'radio_id': 1
7009	14:26:53: Orientation {'radio_id': 1
7010	14:26:53: Position Data {'radio_id': 1
7011	14:26:53: Line Cutter Data 1 {'radio_id': 1
7012	14:26:53: Line Cutter Data 5 {'radio_id': 1
7013	14:26:53: Position Data {'radio_id': 1
7014	14:26:53: Orientation {'radio_id': 1
7015	14:26:53: Position Data {'radio_id': 1
7016	14:26:53: Alt Info & Cfg {'radio_id': 1
7017	14:26:53: Orientation {'radio_id': 1
7018	14:26:53: Position Data {'radio_id': 1
7019	14:26:54: Orientation {'radio_id': 1
7020	14:26:54: Position Data {'radio_id': 1
7021	14:26:54: Orientation {'radio_id': 1
7022	14:26:54: Position Data {'radio_id': 1
7023	14:26:54: Orientation {'radio_id': 1
7024	14:26:54: Position Data {'radio_id': 1
7025	14:26:54: Pyro Info {'radio_id': 1
7026	14:26:54: Line Cutter Data 5 {'radio_id': 1
7027	14:26:54: Orientation {'radio_id': 1
7028	14:26:54: Orientation {'radio_id': 1
7029	14:26:54: Position Data {'radio_id': 1
7030	14:26:55: Orientation {'radio_id': 1
7031	14:26:55: Alt Info & Cfg {'radio_id': 1
7032	14:26:55: Orientation {'radio_id': 1
7033	14:26:55: Orientation {'radio_id': 1
7034	14:26:55: Position Data {'radio_id': 1
7035	14:26:55: Pyro Info {'radio_id': 1
7036	14:26:55: Line Cutter Data 1 {'radio_id': 1
7037	14:26:55: Line Cutter Data 5 {'radio_id': 1
7038	14:26:55: Orientation {'radio_id': 1
7039	14:26:55: Position Data {'radio_id': 1
7040	14:26:55: Orientation {'radio_id': 1
7041	14:26:56: Orientation {'radio_id': 1
7042	14:26:56: Orientation {'radio_id': 1
7043	14:26:56: Alt Info & Cfg {'radio_id': 1
7044	14:26:56: Orientation {'radio_id': 1
7045	14:26:56: Position Data {'radio_id': 1
7046	14:26:56: Ground Station GPS {'gs_lat': 44.8246337890625
7047	14:26:56: Line Cutter Data 5 {'radio_id': 1
7048	14:26:56: Orientation {'radio_id': 1
7049	14:26:56: Position Data {'radio_id': 1
7050	14:26:56: Orientation {'radio_id': 1
7051	14:26:56: Position Data {'radio_id': 1
7052	14:26:57: Orientation {'radio_id': 1
7053	14:26:57: Position Data {'radio_id': 1
7054	14:26:57: Orientation {'radio_id': 1
7055	14:26:57: Orientation {'radio_id': 1
7056	14:26:57: Pyro Info {'radio_id': 1
7057	14:26:57: Line Cutter Data 5 {'radio_id': 1
7058	14:26:57: Alt Info & Cfg {'radio_id': 1
7059	14:26:57: Position Data {'radio_id': 1
7060	14:26:57: Orientation {'radio_id': 1
7061	14:26:58: Orientation {'radio_id': 1
7062	14:26:58: Orientation {'radio_id': 1
7063	14:26:58: Orientation {'radio_id': 1
7064	14:26:58: Pyro Info {'radio_id': 1
7065	14:26:58: Ground Station GPS {'gs_lat': 44.8246337890625
7066	14:26:58: Line Cutter Data 5 {'radio_id': 1
7067	14:26:58: Orientation {'radio_id': 1
7068	14:26:58: Position Data {'radio_id': 1
7069	14:26:58: Alt Info & Cfg {'radio_id': 1
7070	14:26:58: Orientation {'radio_id': 1
7071	14:26:58: Position Data {'radio_id': 1
7072	14:26:59: Orientation {'radio_id': 1
7073	14:26:59: Position Data {'radio_id': 1
7074	14:26:59: Orientation {'radio_id': 1
7075	14:26:59: Position Data {'radio_id': 1
7076	14:26:59: Orientation {'radio_id': 1
7077	14:26:59: Pyro Info {'radio_id': 1
7078	14:26:59: Line Cutter Data 5 {'radio_id': 1
7079	14:26:59: Orientation {'radio_id': 1
7080	14:26:59: Position Data {'radio_id': 1
7081	14:26:59: Orientation {'radio_id': 1
7082	14:26:59: Position Data {'radio_id': 1
7083	14:26:59: Alt Info & Cfg {'radio_id': 1
7084	14:27:00: Orientation {'radio_id': 1
7085	14:27:00: Orientation {'radio_id': 1
7086	14:27:00: Orientation {'radio_id': 1
7087	14:27:00: Pyro Info {'radio_id': 1
7088	14:27:00: Line Cutter Data 5 {'radio_id': 1
7089	14:27:00: Orientation {'radio_id': 1
7090	14:27:00: Position Data {'radio_id': 1
7091	14:27:00: Orientation {'radio_id': 1
7092	14:27:01: Orientation {'radio_id': 1
7093	14:27:01: Position Data {'radio_id': 1
7094	14:27:01: Orientation {'radio_id': 1
7095	14:27:01: Alt Info & Cfg {'radio_id': 1
7096	14:27:01: Orientation {'radio_id': 1
7097	14:27:01: Position Data {'radio_id': 1
7098	14:27:01: Pyro Info {'radio_id': 1
7099	14:27:01: Line Cutter Data 5 {'radio_id': 1
7100	14:27:01: Orientation {'radio_id': 1
7101	14:27:01: Position Data {'radio_id': 1
7102	14:27:01: Orientation {'radio_id': 1
7103	14:27:01: Position Data {'radio_id': 1
7104	14:27:02: Orientation {'radio_id': 1
7105	14:27:02: Orientation {'radio_id': 1
7106	14:27:02: Position Data {'radio_id': 1
7107	14:27:02: Orientation {'radio_id': 1
7108	14:27:02: Position Data {'radio_id': 1
7109	14:27:02: Pyro Info {'radio_id': 1
7110	14:27:02: Line Cutter Data 1 {'radio_id': 1
7111	14:27:02: Orientation {'radio_id': 1
7112	14:27:02: Position Data {'radio_id': 1
7113	14:27:02: Line Cutter Vars 1 {'radio_id': 1
7114	14:27:02: Line Cutter Vars 5 {'radio_id': 1
7115	14:27:02: Orientation {'radio_id': 1
7116	14:27:02: Position Data {'radio_id': 1
7117	14:27:03: Orientation {'radio_id': 1
7118	14:27:03: Position Data {'radio_id': 1
7119	14:27:03: Orientation {'radio_id': 1
7120	14:27:03: Position Data {'radio_id': 1
7121	14:27:03: Orientation {'radio_id': 1
7122	14:27:03: Position Data {'radio_id': 1
7123	14:27:03: Pyro Info {'radio_id': 1
7124	14:27:03: Line Cutter Data 5 {'radio_id': 1
7125	14:27:03: Position Data {'radio_id': 1
7126	14:27:03: Orientation {'radio_id': 1
7127	14:27:03: Position Data {'radio_id': 1
7128	14:27:04: Orientation {'radio_id': 1
7129	14:27:04: Position Data {'radio_id': 1
7130	14:27:04: Orientation {'radio_id': 1
7131	14:27:04: Position Data {'radio_id': 1
7132	14:27:04: Orientation {'radio_id': 1
7133	14:27:04: Position Data {'radio_id': 1
7134	14:27:04: Pyro Info {'radio_id': 1
7135	14:27:04: Line Cutter Data 1 {'radio_id': 1
7136	14:27:04: Line Cutter Data 5 {'radio_id': 1
7137	14:27:05: Orientation {'radio_id': 1
7138	14:27:05: Position Data {'radio_id': 1
7139	14:27:05: Orientation {'radio_id': 1
7140	14:27:05: Position Data {'radio_id': 1
7141	14:27:05: Alt Info & Cfg {'radio_id': 1
7142	14:27:05: Orientation {'radio_id': 1
7143	14:27:05: Position Data {'radio_id': 1
7144	14:27:05: Orientation {'radio_id': 1
7145	14:27:05: Position Data {'radio_id': 1
7146	14:27:05: Orientation {'radio_id': 1
7147	14:27:05: Position Data {'radio_id': 1
7148	14:27:05: Pyro Info {'radio_id': 1
7149	14:27:05: Line Cutter Data 5 {'radio_id': 1
7150	14:27:05: Position Data {'radio_id': 1
7151	14:27:06: Orientation {'radio_id': 1
7152	14:27:06: Position Data {'radio_id': 1
7153	14:27:06: Orientation {'radio_id': 1
7154	14:27:06: Position Data {'radio_id': 1
7155	14:27:06: Alt Info & Cfg {'radio_id': 1
7156	14:27:06: Orientation {'radio_id': 1
7157	14:27:06: Position Data {'radio_id': 1
7158	14:27:06: Ground Station GPS {'gs_lat': 44.8246337890625
7159	14:27:06: Orientation {'radio_id': 1
7160	14:27:06: Position Data {'radio_id': 1
7161	14:27:06: Pyro Info {'radio_id': 1
7162	14:27:06: Line Cutter Data 1 {'radio_id': 1
7163	14:27:06: Line Cutter Data 5 {'radio_id': 1
7164	14:27:06: Position Data {'radio_id': 1
7165	14:27:07: Orientation {'radio_id': 1
7166	14:27:07: Position Data {'radio_id': 1
7167	14:27:07: Orientation {'radio_id': 1
7168	14:27:07: Position Data {'radio_id': 1
7169	14:27:07: Orientation {'radio_id': 1
7170	14:27:07: Position Data {'radio_id': 1
7171	14:27:07: Orientation {'radio_id': 1
7172	14:27:07: Position Data {'radio_id': 1
7173	14:27:07: Pyro Info {'radio_id': 1
7174	14:27:07: Line Cutter Data 1 {'radio_id': 1
7175	14:27:07: Line Cutter Data 5 {'radio_id': 1
7176	14:27:07: Orientation {'radio_id': 1
7177	14:27:07: Position Data {'radio_id': 1
7178	14:27:08: Orientation {'radio_id': 1
7179	14:27:08: Position Data {'radio_id': 1
7180	14:27:08: Orientation {'radio_id': 1
7181	14:27:08: Position Data {'radio_id': 1
7182	14:27:08: Orientation {'radio_id': 1
7183	14:27:08: Ground Station GPS {'gs_lat': 44.8246337890625
7184	14:27:08: Orientation {'radio_id': 1
7185	14:27:08: Pyro Info {'radio_id': 1
7186	14:27:08: Line Cutter Data 1 {'radio_id': 1
7187	14:27:08: Line Cutter Data 5 {'radio_id': 1
7188	14:27:08: Orientation {'radio_id': 1
7189	14:27:08: Alt Info & Cfg {'radio_id': 1
7190	14:27:09: Orientation {'radio_id': 1
7191	14:27:09: Position Data {'radio_id': 1
7192	14:27:09: Orientation {'radio_id': 1
7193	14:27:09: Position Data {'radio_id': 1
7194	14:27:09: Orientation {'radio_id': 1
7195	14:27:09: Position Data {'radio_id': 1
7196	14:27:09: Orientation {'radio_id': 1
7197	14:27:09: Position Data {'radio_id': 1
7198	14:27:09: Pyro Info {'radio_id': 1
7199	14:27:09: Line Cutter Data 5 {'radio_id': 1
7200	14:27:09: Position Data {'radio_id': 1
7201	14:27:10: Orientation {'radio_id': 1
7202	14:27:10: Position Data {'radio_id': 1
7203	14:27:10: Orientation {'radio_id': 1
7204	14:27:10: Position Data {'radio_id': 1
7205	14:27:10: Orientation {'radio_id': 1
7206	14:27:10: Position Data {'radio_id': 1
7207	14:27:10: Ground Station GPS {'gs_lat': 44.8246337890625
7208	14:27:10: Position Data {'radio_id': 1
7209	14:27:10: Pyro Info {'radio_id': 1
7210	14:27:10: Line Cutter Data 1 {'radio_id': 1
7211	14:27:10: Line Cutter Data 5 {'radio_id': 1
7212	14:27:10: Orientation {'radio_id': 1
7213	14:27:11: Orientation {'radio_id': 1
7214	14:27:11: Position Data {'radio_id': 1
7215	14:27:11: Orientation {'radio_id': 1
7216	14:27:11: Position Data {'radio_id': 1
7217	14:27:11: Alt Info & Cfg {'radio_id': 1
7218	14:27:11: Orientation {'radio_id': 1
7219	14:27:11: Position Data {'radio_id': 1
7220	14:27:11: Orientation {'radio_id': 1
7221	14:27:11: Position Data {'radio_id': 1
7222	14:27:11: Line Cutter Data 1 {'radio_id': 1
7223	14:27:11: Orientation {'radio_id': 1
7224	14:27:11: Position Data {'radio_id': 1
7225	14:27:12: Orientation {'radio_id': 1
7226	14:27:12: Position Data {'radio_id': 1
7227	14:27:12: Orientation {'radio_id': 1
7228	14:27:12: Position Data {'radio_id': 1
7229	14:27:12: Orientation {'radio_id': 1
7230	14:27:12: Position Data {'radio_id': 1
7231	14:27:12: Alt Info & Cfg {'radio_id': 1
7232	14:27:12: Orientation {'radio_id': 1
7233	14:27:12: Line Cutter Vars 1 {'radio_id': 1
7234	14:27:12: Line Cutter Vars 5 {'radio_id': 1
7235	14:27:12: Pyro Info {'radio_id': 1
7236	14:27:12: Line Cutter Data 1 {'radio_id': 1
7237	14:27:12: Line Cutter Data 5 {'radio_id': 1
7238	14:27:13: Position Data {'radio_id': 1
7239	14:27:13: Position Data {'radio_id': 1
7240	14:27:13: Orientation {'radio_id': 1
7241	14:27:13: Position Data {'radio_id': 1
7242	14:27:13: Orientation {'radio_id': 1
7243	14:27:13: Position Data {'radio_id': 1
7244	14:27:13: Orientation {'radio_id': 1
7245	14:27:13: Pyro Info {'radio_id': 1
7246	14:27:13: Line Cutter Data 5 {'radio_id': 1
7247	14:27:13: Alt Info & Cfg {'radio_id': 1
7248	14:27:13: Orientation {'radio_id': 1
7249	14:27:14: Orientation {'radio_id': 1
7250	14:27:14: Orientation {'radio_id': 1
7251	14:27:14: Position Data {'radio_id': 1
7252	14:27:14: Orientation {'radio_id': 1
7253	14:27:14: Position Data {'radio_id': 1
7254	14:27:14: Ground Station GPS {'gs_lat': 44.8246337890625
7255	14:27:14: Orientation {'radio_id': 1
7256	14:27:14: Pyro Info {'radio_id': 1
7257	14:27:14: Line Cutter Data 1 {'radio_id': 1
7258	14:27:14: Line Cutter Data 5 {'radio_id': 1
7259	14:27:14: Position Data {'radio_id': 1
7260	14:27:15: Orientation {'radio_id': 1
7261	14:27:15: Alt Info & Cfg {'radio_id': 1
7262	14:27:15: Orientation {'radio_id': 1
7263	14:27:15: Orientation {'radio_id': 1
7264	14:27:15: Orientation {'radio_id': 1
7265	14:27:15: Pyro Info {'radio_id': 1
7266	14:27:15: Line Cutter Data 5 {'radio_id': 1
7267	14:27:15: Position Data {'radio_id': 1
7268	14:27:16: Orientation {'radio_id': 1
7269	14:27:16: Orientation {'radio_id': 1
7270	14:27:16: Position Data {'radio_id': 1
7271	14:27:16: Alt Info & Cfg {'radio_id': 1
7272	14:27:16: Orientation {'radio_id': 1
7273	14:27:16: Position Data {'radio_id': 1
7274	14:27:16: Ground Station GPS {'gs_lat': 44.8246337890625
7275	14:27:16: Orientation {'radio_id': 1
7276	14:27:16: Position Data {'radio_id': 1
7277	14:27:16: Pyro Info {'radio_id': 1
7278	14:27:16: Line Cutter Data 1 {'radio_id': 1
7279	14:27:16: Orientation {'radio_id': 1
7280	14:27:16: Position Data {'radio_id': 1
7281	14:27:17: Orientation {'radio_id': 1
7282	14:27:17: Position Data {'radio_id': 1
7283	14:27:17: Orientation {'radio_id': 1
7284	14:27:17: Position Data {'radio_id': 1
7285	14:27:17: Orientation {'radio_id': 1
7286	14:27:17: Alt Info & Cfg {'radio_id': 1
7287	14:27:17: Orientation {'radio_id': 1
7288	14:27:17: Position Data {'radio_id': 1
7289	14:27:17: Pyro Info {'radio_id': 1
7290	14:27:17: Line Cutter Data 5 {'radio_id': 1
7291	14:27:17: Position Data {'radio_id': 1
7292	14:27:18: Orientation {'radio_id': 1
7293	14:27:18: Position Data {'radio_id': 1
7294	14:27:18: Orientation {'radio_id': 1
7295	14:27:18: Orientation {'radio_id': 1
7296	14:27:18: Position Data {'radio_id': 1
7297	14:27:18: Ground Station GPS {'gs_lat': 44.8246337890625
7298	14:27:18: Orientation {'radio_id': 1
7299	14:27:18: Pyro Info {'radio_id': 1
7300	14:27:18: Line Cutter Data 5 {'radio_id': 1
7301	14:27:18: Position Data {'radio_id': 1
7302	14:27:19: Orientation {'radio_id': 1
7303	14:27:19: Orientation {'radio_id': 1
7304	14:27:19: Orientation {'radio_id': 1
7305	14:27:19: Position Data {'radio_id': 1
7306	14:27:19: Orientation {'radio_id': 1
7307	14:27:19: Position Data {'radio_id': 1
7308	14:27:19: Line Cutter Data 1 {'radio_id': 1
7309	14:27:19: Orientation {'radio_id': 1
7310	14:27:19: Position Data {'radio_id': 1
7311	14:27:19: Alt Info & Cfg {'radio_id': 1
7312	14:27:20: Orientation {'radio_id': 1
7313	14:27:20: Position Data {'radio_id': 1
7314	14:27:20: Orientation {'radio_id': 1
7315	14:27:20: Orientation {'radio_id': 1
7316	14:27:20: Position Data {'radio_id': 1
7317	14:27:20: Ground Station GPS {'gs_lat': 44.8246337890625
7318	14:27:20: Position Data {'radio_id': 1
7319	14:27:20: Orientation {'radio_id': 1
7320	14:27:20: Position Data {'radio_id': 1
7321	14:27:20: Pyro Info {'radio_id': 1
7322	14:27:20: Line Cutter Data 1 {'radio_id': 1
7323	14:27:21: Line Cutter Data 5 {'radio_id': 1
7324	14:27:21: Orientation {'radio_id': 1
7325	14:27:21: Orientation {'radio_id': 1
7326	14:27:21: Orientation {'radio_id': 1
7327	14:27:21: Position Data {'radio_id': 1
7328	14:27:21: Orientation {'radio_id': 1
7329	14:27:21: Position Data {'radio_id': 1
7330	14:27:21: Orientation {'radio_id': 1
7331	14:27:21: Position Data {'radio_id': 1
7332	14:27:21: Pyro Info {'radio_id': 1
7333	14:27:21: Line Cutter Data 5 {'radio_id': 1
7334	14:27:22: Orientation {'radio_id': 1
7335	14:27:22: Position Data {'radio_id': 1
7336	14:27:22: Orientation {'radio_id': 1
7337	14:27:22: Orientation {'radio_id': 1
7338	14:27:22: Position Data {'radio_id': 1
7339	14:27:22: Ground Station GPS {'gs_lat': 44.8246337890625
7340	14:27:22: Position Data {'radio_id': 1
7341	14:27:22: Line Cutter Vars 1 {'radio_id': 1
7342	14:27:22: Line Cutter Vars 5 {'radio_id': 1
7343	14:27:22: Position Data {'radio_id': 1
7344	14:27:22: Line Cutter Data 1 {'radio_id': 1
7345	14:27:23: Orientation {'radio_id': 1
7346	14:27:23: Orientation {'radio_id': 1
7347	14:27:23: Orientation {'radio_id': 1
7348	14:27:23: Position Data {'radio_id': 1
7349	14:27:23: Orientation {'radio_id': 1
7350	14:27:23: Position Data {'radio_id': 1
7351	14:27:23: Alt Info & Cfg {'radio_id': 1
7352	14:27:23: Orientation {'radio_id': 1
7353	14:27:23: Position Data {'radio_id': 1
7354	14:27:23: Line Cutter Data 1 {'radio_id': 1
7355	14:27:24: Line Cutter Data 5 {'radio_id': 1
7356	14:27:24: Position Data {'radio_id': 1
7357	14:27:24: Orientation {'radio_id': 1
7358	14:27:24: Position Data {'radio_id': 1
7359	14:27:24: Orientation {'radio_id': 1
7360	14:27:24: Position Data {'radio_id': 1
7361	14:27:24: Ground Station GPS {'gs_lat': 44.8246337890625
7362	14:27:24: Orientation {'radio_id': 1
7363	14:27:24: Orientation {'radio_id': 1
7364	14:27:24: Position Data {'radio_id': 1
7365	14:27:24: Pyro Info {'radio_id': 1
7366	14:27:24: Line Cutter Data 1 {'radio_id': 1
7367	14:27:25: Alt Info & Cfg {'radio_id': 1
7368	14:27:25: Position Data {'radio_id': 1
7369	14:27:25: Orientation {'radio_id': 1
7370	14:27:25: Position Data {'radio_id': 1
7371	14:27:25: Orientation {'radio_id': 1
7372	14:27:25: Orientation {'radio_id': 1
7373	14:27:25: Orientation {'radio_id': 1
7374	14:27:25: Position Data {'radio_id': 1
7375	14:27:25: Pyro Info {'radio_id': 1
7376	14:27:26: Line Cutter Data 5 {'radio_id': 1
7377	14:27:26: Position Data {'radio_id': 1
7378	14:27:26: Orientation {'radio_id': 1
7379	14:27:26: Position Data {'radio_id': 1
7380	14:27:26: Orientation {'radio_id': 1
7381	14:27:26: Position Data {'radio_id': 1
7382	14:27:26: Ground Station GPS {'gs_lat': 44.8246337890625
7383	14:27:26: Position Data {'radio_id': 1
7384	14:27:26: Orientation {'radio_id': 1
7385	14:27:26: Position Data {'radio_id': 1
7386	14:27:26: Line Cutter Data 1 {'radio_id': 1
7387	14:27:27: Orientation {'radio_id': 1
7388	14:27:27: Orientation {'radio_id': 1
7389	14:27:27: Position Data {'radio_id': 1
7390	14:27:27: Orientation {'radio_id': 1
7391	14:27:27: Alt Info & Cfg {'radio_id': 1
7392	14:27:27: Orientation {'radio_id': 1
7393	14:27:27: Position Data {'radio_id': 1
7394	14:27:27: Orientation {'radio_id': 1
7395	14:27:27: Pyro Info {'radio_id': 1
7396	14:27:28: Line Cutter Data 5 {'radio_id': 1
7397	14:27:28: Orientation {'radio_id': 1
7398	14:27:28: Orientation {'radio_id': 1
7399	14:27:28: Position Data {'radio_id': 1
7400	14:27:28: Orientation {'radio_id': 1
7401	14:27:28: Position Data {'radio_id': 1
7402	14:27:28: Ground Station GPS {'gs_lat': 44.8246337890625
7403	14:27:28: Orientation {'radio_id': 1
7404	14:27:28: Alt Info & Cfg {'radio_id': 1
7405	14:27:28: Orientation {'radio_id': 1
7406	14:27:28: Position Data {'radio_id': 1
7407	14:27:28: Line Cutter Data 1 {'radio_id': 1
7408	14:27:29: Orientation {'radio_id': 1
7409	14:27:29: Orientation {'radio_id': 1
7410	14:27:29: Orientation {'radio_id': 1
7411	14:27:29: Orientation {'radio_id': 1
7412	14:27:29: Position Data {'radio_id': 1
7413	14:27:29: Orientation {'radio_id': 1
7414	14:27:29: Alt Info & Cfg {'radio_id': 1
7415	14:27:29: Pyro Info {'radio_id': 1
7416	14:27:30: Line Cutter Data 1 {'radio_id': 1
7417	14:27:30: Orientation {'radio_id': 1
7418	14:27:30: Orientation {'radio_id': 1
7419	14:27:30: Position Data {'radio_id': 1
7420	14:27:30: Orientation {'radio_id': 1
7421	14:27:30: Position Data {'radio_id': 1
7422	14:27:30: Ground Station GPS {'gs_lat': 44.8246337890625
7423	14:27:30: Orientation {'radio_id': 1
7424	14:27:30: Orientation {'radio_id': 1
7425	14:27:30: Pyro Info {'radio_id': 1
7426	14:27:30: Line Cutter Data 1 {'radio_id': 1
7427	14:27:31: Line Cutter Data 5 {'radio_id': 1
7428	14:27:31: Position Data {'radio_id': 1
7429	14:27:31: Orientation {'radio_id': 1
7430	14:27:31: Position Data {'radio_id': 1
7431	14:27:31: Orientation {'radio_id': 1
7432	14:27:31: Position Data {'radio_id': 1
7433	14:27:31: Orientation {'radio_id': 1
7434	14:27:31: Position Data {'radio_id': 1
7435	14:27:31: Orientation {'radio_id': 1
7436	14:27:31: Position Data {'radio_id': 1
7437	14:27:32: Orientation {'radio_id': 1
7438	14:27:32: Position Data {'radio_id': 1
7439	14:27:32: Line Cutter Data 1 {'radio_id': 1
7440	14:27:32: Orientation {'radio_id': 1
7441	14:27:32: Alt Info & Cfg {'radio_id': 1
7442	14:27:32: Orientation {'radio_id': 1
7443	14:27:32: Position Data {'radio_id': 1
7444	14:27:32: Ground Station GPS {'gs_lat': 44.8246337890625
7445	14:27:32: Position Data {'radio_id': 1
7446	14:27:32: Line Cutter Vars 1 {'radio_id': 1
7447	14:27:32: Line Cutter Vars 5 {'radio_id': 1
7448	14:27:32: Orientation {'radio_id': 1
7449	14:27:33: Orientation {'radio_id': 1
7450	14:27:33: Pyro Info {'radio_id': 1
7451	14:27:33: Line Cutter Data 5 {'radio_id': 1
7452	14:27:33: Position Data {'radio_id': 1
7453	14:27:33: Orientation {'radio_id': 1
7454	14:27:33: Orientation {'radio_id': 1
7455	14:27:33: Position Data {'radio_id': 1
7456	14:27:33: Alt Info & Cfg {'radio_id': 1
7457	14:27:33: Orientation {'radio_id': 1
7458	14:27:33: Position Data {'radio_id': 1
7459	14:27:34: Orientation {'radio_id': 1
7460	14:27:34: Position Data {'radio_id': 1
7461	14:27:34: Pyro Info {'radio_id': 1
7462	14:27:34: Line Cutter Data 1 {'radio_id': 1
7463	14:27:34: Line Cutter Data 5 {'radio_id': 1
7464	14:27:34: Position Data {'radio_id': 1
7465	14:27:34: Orientation {'radio_id': 1
7466	14:27:34: Position Data {'radio_id': 1
7467	14:27:34: Ground Station GPS {'gs_lat': 44.8246337890625
7468	14:27:34: Position Data {'radio_id': 1
7469	14:27:34: Orientation {'radio_id': 1
7470	14:27:34: Position Data {'radio_id': 1
7471	14:27:35: Orientation {'radio_id': 1
7472	14:27:35: Position Data {'radio_id': 1
7473	14:27:35: Line Cutter Data 1 {'radio_id': 1
7474	14:27:35: Orientation {'radio_id': 1
7475	14:27:35: Orientation {'radio_id': 1
7476	14:27:35: Orientation {'radio_id': 1
7477	14:27:35: Position Data {'radio_id': 1
7478	14:27:35: Orientation {'radio_id': 1
7479	14:27:36: Orientation {'radio_id': 1
7480	14:27:36: Pyro Info {'radio_id': 1
7481	14:27:36: Line Cutter Data 1 {'radio_id': 1
7482	14:27:36: Line Cutter Data 5 {'radio_id': 1
7483	14:27:36: Alt Info & Cfg {'radio_id': 1
7484	14:27:36: Position Data {'radio_id': 1
7485	14:27:36: Orientation {'radio_id': 1
7486	14:27:36: Position Data {'radio_id': 1
7487	14:27:36: Orientation {'radio_id': 1
7488	14:27:36: Orientation {'radio_id': 1
7489	14:27:37: Orientation {'radio_id': 1
7490	14:27:37: Position Data {'radio_id': 1
7491	14:27:37: Pyro Info {'radio_id': 1
7492	14:27:37: Line Cutter Data 1 {'radio_id': 1
7493	14:27:37: Line Cutter Data 5 {'radio_id': 1
7494	14:27:37: Orientation {'radio_id': 1
7495	14:27:37: Alt Info & Cfg {'radio_id': 1
7496	14:27:37: Orientation {'radio_id': 1
7497	14:27:37: Position Data {'radio_id': 1
7498	14:27:37: Orientation {'radio_id': 1
7499	14:27:37: Position Data {'radio_id': 1
7500	14:27:37: Orientation {'radio_id': 1
7501	14:27:37: Position Data {'radio_id': 1
7502	14:27:38: Orientation {'radio_id': 1
7503	14:27:38: Position Data {'radio_id': 1
7504	14:27:38: Line Cutter Data 1 {'radio_id': 1
7505	14:27:38: Orientation {'radio_id': 1
7506	14:27:38: Orientation {'radio_id': 1
7507	14:27:38: Position Data {'radio_id': 1
7508	14:27:38: Alt Info & Cfg {'radio_id': 1
7509	14:27:38: Orientation {'radio_id': 1
7510	14:27:38: Position Data {'radio_id': 1
7511	14:27:38: Orientation {'radio_id': 1
7512	14:27:38: Position Data {'radio_id': 1
7513	14:27:39: Orientation {'radio_id': 1
7514	14:27:39: Position Data {'radio_id': 1
7515	14:27:39: Pyro Info {'radio_id': 1
7516	14:27:39: Line Cutter Data 1 {'radio_id': 1
7517	14:27:39: Orientation {'radio_id': 1
7518	14:27:39: Position Data {'radio_id': 1
7519	14:27:39: Orientation {'radio_id': 1
7520	14:27:39: Position Data {'radio_id': 1
7521	14:27:39: Orientation {'radio_id': 1
7522	14:27:39: Position Data {'radio_id': 1
7523	14:27:39: Orientation {'radio_id': 1
7524	14:27:39: Position Data {'radio_id': 1
7525	14:27:40: Orientation {'radio_id': 1
7526	14:27:40: Position Data {'radio_id': 1
7527	14:27:40: Pyro Info {'radio_id': 1
7528	14:27:40: Line Cutter Data 1 {'radio_id': 1
7529	14:27:40: Orientation {'radio_id': 1
7530	14:27:40: Position Data {'radio_id': 1
7531	14:27:40: Orientation {'radio_id': 1
7532	14:27:40: Position Data {'radio_id': 1
7533	14:27:40: Orientation {'radio_id': 1
7534	14:27:40: Position Data {'radio_id': 1
7535	14:27:40: Orientation {'radio_id': 1
7536	14:27:40: Position Data {'radio_id': 1
7537	14:27:41: Orientation {'radio_id': 1
7538	14:27:41: Position Data {'radio_id': 1
7539	14:27:41: Pyro Info {'radio_id': 1
7540	14:27:41: Line Cutter Data 1 {'radio_id': 1
7541	14:27:41: Line Cutter Data 5 {'radio_id': 1
7542	14:27:41: Orientation {'radio_id': 1
7543	14:27:41: Position Data {'radio_id': 1
7544	14:27:41: Orientation {'radio_id': 1
7545	14:27:41: Position Data {'radio_id': 1
7546	14:27:41: Orientation {'radio_id': 1
7547	14:27:41: Orientation {'radio_id': 1
7548	14:27:41: Position Data {'radio_id': 1
7549	14:27:41: Orientation {'radio_id': 1
7550	14:27:42: Position Data {'radio_id': 1
7551	14:27:42: Pyro Info {'radio_id': 1
7552	14:27:42: Line Cutter Data 5 {'radio_id': 1
7553	14:27:42: Orientation {'radio_id': 1
7554	14:27:42: Position Data {'radio_id': 1
7555	14:27:42: Alt Info & Cfg {'radio_id': 1
7556	14:27:42: Orientation {'radio_id': 1
7557	14:27:42: Orientation {'radio_id': 1
7558	14:27:42: Line Cutter Vars 1 {'radio_id': 1
7559	14:27:42: Line Cutter Vars 5 {'radio_id': 1
7560	14:27:42: Orientation {'radio_id': 1
7561	14:27:43: Orientation {'radio_id': 1
7562	14:27:43: Pyro Info {'radio_id': 1
7563	14:27:43: Line Cutter Data 5 {'radio_id': 1
7564	14:27:43: Position Data {'radio_id': 1
7565	14:27:43: Orientation {'radio_id': 1
7566	14:27:43: Position Data {'radio_id': 1
7567	14:27:43: Alt Info & Cfg {'radio_id': 1
7568	14:27:43: Orientation {'radio_id': 1
7569	14:27:43: Position Data {'radio_id': 1
7570	14:27:43: Orientation {'radio_id': 1
7571	14:27:43: Position Data {'radio_id': 1
7572	14:27:44: Orientation {'radio_id': 1
7573	14:27:44: Position Data {'radio_id': 1
7574	14:27:44: Pyro Info {'radio_id': 1
7575	14:27:44: Line Cutter Data 1 {'radio_id': 1
7576	14:27:44: Line Cutter Data 5 {'radio_id': 1
7577	14:27:44: Position Data {'radio_id': 1
7578	14:27:44: Orientation {'radio_id': 1
7579	14:27:44: Position Data {'radio_id': 1
7580	14:27:44: Orientation {'radio_id': 1
7581	14:27:44: Position Data {'radio_id': 1
7582	14:27:44: Alt Info & Cfg {'radio_id': 1
7583	14:27:44: Orientation {'radio_id': 1
7584	14:27:44: Position Data {'radio_id': 1
7585	14:27:45: Orientation {'radio_id': 1
7586	14:27:45: Position Data {'radio_id': 1
7587	14:27:45: Orientation {'radio_id': 1
7588	14:27:45: Position Data {'radio_id': 1
7589	14:27:45: Line Cutter Data 1 {'radio_id': 1
7590	14:27:45: Line Cutter Data 5 {'radio_id': 1
7591	14:27:45: Orientation {'radio_id': 1
7592	14:27:45: Position Data {'radio_id': 1
7593	14:27:45: Orientation {'radio_id': 1
7594	14:27:45: Position Data {'radio_id': 1
7595	14:27:45: Orientation {'radio_id': 1
7596	14:27:45: Position Data {'radio_id': 1
7597	14:27:46: Orientation {'radio_id': 1
7598	14:27:46: Position Data {'radio_id': 1
7599	14:27:46: Alt Info & Cfg {'radio_id': 1
7600	14:27:46: Orientation {'radio_id': 1
7601	14:27:46: Position Data {'radio_id': 1
7602	14:27:46: Pyro Info {'radio_id': 1
7603	14:27:46: Line Cutter Data 1 {'radio_id': 1
7604	14:27:46: Line Cutter Data 5 {'radio_id': 1
7605	14:27:46: Orientation {'radio_id': 1
7606	14:27:46: Position Data {'radio_id': 1
7607	14:27:46: Orientation {'radio_id': 1
7608	14:27:46: Orientation {'radio_id': 1
7609	14:27:46: Position Data {'radio_id': 1
7610	14:27:47: Orientation {'radio_id': 1
7611	14:27:47: Orientation {'radio_id': 1
7612	14:27:47: Alt Info & Cfg {'radio_id': 1
7613	14:27:47: Pyro Info {'radio_id': 1
7614	14:27:47: Line Cutter Data 1 {'radio_id': 1
7615	14:27:47: Orientation {'radio_id': 1
7616	14:27:47: Position Data {'radio_id': 1
7617	14:27:47: Orientation {'radio_id': 1
7618	14:27:47: Position Data {'radio_id': 1
7619	14:27:47: Orientation {'radio_id': 1
7620	14:27:47: Position Data {'radio_id': 1
7621	14:27:48: Orientation {'radio_id': 1
7622	14:27:48: Position Data {'radio_id': 1
7623	14:27:48: Orientation {'radio_id': 1
7624	14:27:48: Position Data {'radio_id': 1
7625	14:27:48: Line Cutter Data 1 {'radio_id': 1
7626	14:27:48: Line Cutter Data  {'radio_id': 1
7627	14:27:48: Alt Info & Cfg {'radio_id': 1
7628	14:27:48: Orientation {'radio_id': 1
7629	14:27:48: Ground Station GPS {'gs_lat': 44.824625651041664
7630	14:27:48: Orientation {'radio_id': 1
7631	14:27:48: Position Data {'radio_id': 1
7632	14:27:49: Orientation {'radio_id': 1
7633	14:27:49: Position Data {'radio_id': 1
7634	14:27:49: Orientation {'radio_id': 1
7635	14:27:49: Position Data {'radio_id': 1
7636	14:27:49: Line Cutter Data 1 {'radio_id': 1
7637	14:27:49: Orientation {'radio_id': 1
7638	14:27:49: Position Data {'radio_id': 1
7639	14:27:49: Orientation {'radio_id': 1
7640	14:27:49: Position Data {'radio_id': 1
7641	14:27:49: Orientation {'radio_id': 1
7642	14:27:49: Position Data {'radio_id': 1
7643	14:27:50: Orientation {'radio_id': 1
7644	14:27:50: Position Data {'radio_id': 1
7645	14:27:50: Orientation {'radio_id': 1
7646	14:27:50: Position Data {'radio_id': 1
7647	14:27:50: Pyro Info {'radio_id': 1
7648	14:27:50: Line Cutter Data 1 {'radio_id': 1
7649	14:27:50: Line Cutter Data 5 {'radio_id': 1
7650	14:27:50: Orientation {'radio_id': 1
7651	14:27:50: Position Data {'radio_id': 1
7652	14:27:50: Orientation {'radio_id': 1
7653	14:27:50: Ground Station GPS {'gs_lat': 44.824625651041664
7654	14:27:50: Position Data {'radio_id': 1
7655	14:27:50: Orientation {'radio_id': 1
7656	14:27:50: Position Data {'radio_id': 1
7657	14:27:51: Orientation {'radio_id': 1
7658	14:27:51: Position Data {'radio_id': 1
7659	14:27:51: Orientation {'radio_id': 1
7660	14:27:51: Position Data {'radio_id': 1
7661	14:27:51: Line Cutter Data 1 {'radio_id': 1
7662	14:27:51: Line Cutter Data 5 {'radio_id': 1
7663	14:27:51: Orientation {'radio_id': 1
7664	14:27:51: Position Data {'radio_id': 1
7665	14:27:51: Orientation {'radio_id': 1
7666	14:27:51: Position Data {'radio_id': 1
7667	14:27:51: Orientation {'radio_id': 1
7668	14:27:51: Position Data {'radio_id': 1
7669	14:27:52: Orientation {'radio_id': 1
7670	14:27:52: Position Data {'radio_id': 1
7671	14:27:52: Orientation {'radio_id': 1
7672	14:27:52: Alt Info & Cfg {'radio_id': 1
7673	14:27:52: Line Cutter Data 1 {'radio_id': 1
7674	14:27:52: Line Cutter Data 5 {'radio_id': 1
7675	14:27:52: Position Data {'radio_id': 1
7676	14:27:52: Orientation {'radio_id': 1
7677	14:27:52: Position Data {'radio_id': 1
7678	14:27:52: Line Cutter Vars 5 {'radio_id': 1
7679	14:27:52: Orientation {'radio_id': 1
7680	14:27:52: Position Data {'radio_id': 1
7681	14:27:52: Orientation {'radio_id': 1
7682	14:27:53: Position Data {'radio_id': 1
7683	14:27:53: Orientation {'radio_id': 1
7684	14:27:53: Position Data {'radio_id': 1
7685	14:27:53: Pyro Info {'radio_id': 1
7686	14:27:53: Line Cutter Data 1 {'radio_id': 1
7687	14:27:53: Line Cutter Data 5 {'radio_id': 1
7688	14:27:53: Orientation {'radio_id': 1
7689	14:27:53: Position Data {'radio_id': 1
7690	14:27:53: Alt Info & Cfg {'radio_id': 1
7691	14:27:53: Orientation {'radio_id': 1
7692	14:27:53: Position Data {'radio_id': 1
7693	14:27:53: Orientation {'radio_id': 1
7694	14:27:53: Position Data {'radio_id': 1
7695	14:27:54: Orientation {'radio_id': 1
7696	14:27:54: Position Data {'radio_id': 1
7697	14:27:54: Orientation {'radio_id': 1
7698	14:27:54: Position Data {'radio_id': 1
7699	14:27:54: Pyro Info {'radio_id': 1
7700	14:27:54: Line Cutter Data 1 {'radio_id': 1
7701	14:27:54: Orientation {'radio_id': 1
7702	14:27:54: Position Data {'radio_id': 1
7703	14:27:54: Orientation {'radio_id': 1
7704	14:27:54: Ground Station GPS {'gs_lat': 44.824625651041664
7705	14:27:54: Alt Info & Cfg {'radio_id': 1
7706	14:27:54: Orientation {'radio_id': 1
7707	14:27:54: Position Data {'radio_id': 1
7708	14:27:55: Orientation {'radio_id': 1
7709	14:27:55: Position Data {'radio_id': 1
7710	14:27:55: Orientation {'radio_id': 1
7711	14:27:55: Position Data {'radio_id': 1
7712	14:27:55: Pyro Info {'radio_id': 1
7713	14:27:55: Line Cutter Data 1 {'radio_id': 1
7714	14:27:55: Line Cutter Data 5 {'radio_id': 1
7715	14:27:55: Orientation {'radio_id': 1
7716	14:27:55: Orientation {'radio_id': 1
7717	14:27:55: Position Data {'radio_id': 1
7718	14:27:55: Orientation {'radio_id': 1
7719	14:27:55: Alt Info & Cfg {'radio_id': 1
7720	14:27:56: Orientation {'radio_id': 1
7721	14:27:56: Position Data {'radio_id': 1
7722	14:27:56: Orientation {'radio_id': 1
7723	14:27:56: Pyro Info {'radio_id': 1
7724	14:27:56: Line Cutter Data 1 {'radio_id': 1
7725	14:27:56: Line Cutter Data 5 {'radio_id': 1
7726	14:27:56: Orientation {'radio_id': 1
7727	14:27:56: Position Data {'radio_id': 1
7728	14:27:56: Orientation {'radio_id': 1
7729	14:27:56: Position Data {'radio_id': 1
7730	14:27:56: Orientation {'radio_id': 1
7731	14:27:56: Position Data {'radio_id': 1
7732	14:27:57: Orientation {'radio_id': 1
7733	14:27:57: Position Data {'radio_id': 1
7734	14:27:57: Alt Info & Cfg {'radio_id': 1
7735	14:27:57: Orientation {'radio_id': 1
7736	14:27:57: Position Data {'radio_id': 1
7737	14:27:57: Pyro Info {'radio_id': 1
7738	14:27:57: Line Cutter Data 1 {'radio_id': 1
7739	14:27:57: Orientation {'radio_id': 1
7740	14:27:57: Orientation {'radio_id': 1
7741	14:27:57: Position Data {'radio_id': 1
7742	14:27:57: Orientation {'radio_id': 1
7743	14:27:57: Position Data {'radio_id': 1
7744	14:27:58: Orientation {'radio_id': 1
7745	14:27:58: Position Data {'radio_id': 1
7746	14:27:58: Orientation {'radio_id': 1
7747	14:27:58: Position Data {'radio_id': 1
7748	14:27:58: Pyro Info {'radio_id': 1
7749	14:27:58: Line Cutter Data 1 {'radio_id': 1
7750	14:27:58: Orientation {'radio_id': 1
7751	14:27:58: Position Data {'radio_id': 1
7752	14:27:58: Orientation {'radio_id': 1
7753	14:27:58: Position Data {'radio_id': 1
7754	14:27:58: Orientation {'radio_id': 1
7755	14:27:59: Orientation {'radio_id': 1
7756	14:27:59: Position Data {'radio_id': 1
7757	14:27:59: Orientation {'radio_id': 1
7758	14:27:59: Position Data {'radio_id': 1
7759	14:27:59: Orientation {'radio_id': 1
7760	14:27:59: Position Data {'radio_id': 1
7761	14:27:59: Pyro Info {'radio_id': 1
7762	14:27:59: Line Cutter Data 5 {'radio_id': 1
7763	14:27:59: Orientation {'radio_id': 1
7764	14:27:59: Position Data {'radio_id': 1
7765	14:27:59: Alt Info & Cfg {'radio_id': 1
7766	14:27:59: Orientation {'radio_id': 1
7767	14:28:00: Orientation {'radio_id': 1
7768	14:28:00: Position Data {'radio_id': 1
7769	14:28:00: Orientation {'radio_id': 1
7770	14:28:00: Position Data {'radio_id': 1
7771	14:28:00: Orientation {'radio_id': 1
7772	14:28:00: Position Data {'radio_id': 1
7773	14:28:00: Pyro Info {'radio_id': 1
7774	14:28:00: Line Cutter Data 5 {'radio_id': 1
7775	14:28:00: Orientation {'radio_id': 1
7776	14:28:00: Orientation {'radio_id': 1
7777	14:28:00: Position Data {'radio_id': 1
7778	14:28:00: Alt Info & Cfg {'radio_id': 1
7779	14:28:00: Orientation {'radio_id': 1
7780	14:28:01: Position Data {'radio_id': 1
7781	14:28:01: Orientation {'radio_id': 1
7782	14:28:01: Position Data {'radio_id': 1
7783	14:28:01: Orientation {'radio_id': 1
7784	14:28:01: Position Data {'radio_id': 1
7785	14:28:01: Pyro Info {'radio_id': 1
7786	14:28:01: Line Cutter Data 1 {'radio_id': 1
7787	14:28:01: Orientation {'radio_id': 1
7788	14:28:01: Orientation {'radio_id': 1
7789	14:28:01: Position Data {'radio_id': 1
7790	14:28:02: Orientation {'radio_id': 1
7791	14:28:02: Position Data {'radio_id': 1
7792	14:28:02: Alt Info & Cfg {'radio_id': 1
7793	14:28:02: Orientation {'radio_id': 1
7794	14:28:02: Position Data {'radio_id': 1
7795	14:28:02: Orientation {'radio_id': 1
7796	14:28:02: Position Data {'radio_id': 1
7797	14:28:02: Line Cutter Data 1 {'radio_id': 1
7798	14:28:02: Orientation {'radio_id': 1
7799	14:28:02: Position Data {'radio_id': 1
7800	14:28:02: Line Cutter Vars 1 {'radio_id': 1
7801	14:28:02: Line Cutter Vars 5 {'radio_id': 1
7802	14:28:02: Orientation {'radio_id': 1
7803	14:28:02: Position Data {'radio_id': 1
7804	14:28:03: Orientation {'radio_id': 1
7805	14:28:03: Position Data {'radio_id': 1
7806	14:28:03: Orientation {'radio_id': 1
7807	14:28:03: Position Data {'radio_id': 1
7808	14:28:03: Alt Info & Cfg {'radio_id': 1
7809	14:28:03: Orientation {'radio_id': 1
7810	14:28:03: Position Data {'radio_id': 1
7811	14:28:03: Pyro Info {'radio_id': 1
7812	14:28:03: Line Cutter Data 1 {'radio_id': 1
7813	14:28:03: Line Cutter Data 5 {'radio_id': 1
7814	14:28:03: Position Data {'radio_id': 1
7815	14:28:03: Orientation {'radio_id': 1
7816	14:28:03: Position Data {'radio_id': 1
7817	14:28:04: Orientation {'radio_id': 1
7818	14:28:04: Position Data {'radio_id': 1
7819	14:28:04: Orientation {'radio_id': 1
7820	14:28:04: Position Data {'radio_id': 1
7821	14:28:04: Orientation {'radio_id': 1
7822	14:28:04: Position Data {'radio_id': 1
7823	14:28:04: Line Cutter Data 1 {'radio_id': 1
7824	14:28:04: Line Cutter Data 5 {'radio_id': 1
7825	14:28:04: Orientation {'radio_id': 1
7826	14:28:04: Ground Station GPS {'gs_lat': 44.8246337890625
7827	14:28:04: Orientation {'radio_id': 1
7828	14:28:04: Position Data {'radio_id': 1
7829	14:28:05: Orientation {'radio_id': 1
7830	14:28:05: Position Data {'radio_id': 1
7831	14:28:05: Orientation {'radio_id': 1
7832	14:28:05: Orientation {'radio_id': 1
7833	14:28:05: Position Data {'radio_id': 1
7834	14:28:05: Pyro Info {'radio_id': 1
7835	14:28:05: Line Cutter Data 1 {'radio_id': 1
7836	14:28:05: Orientation {'radio_id': 1
7837	14:28:05: Position Data {'radio_id': 1
7838	14:28:05: Orientation {'radio_id': 1
7839	14:28:05: Position Data {'radio_id': 1
7840	14:28:05: Alt Info & Cfg {'radio_id': 1
7841	14:28:06: Orientation {'radio_id': 1
7842	14:28:06: Orientation {'radio_id': 1
7843	14:28:06: Position Data {'radio_id': 1
7844	14:28:06: Orientation {'radio_id': 1
7845	14:28:06: Position Data {'radio_id': 1
7846	14:28:06: Line Cutter Data 1 {'radio_id': 1
7847	14:28:06: Line Cutter Data 5 {'radio_id': 1
7848	14:28:06: Orientation {'radio_id': 1
7849	14:28:06: Ground Station GPS {'gs_lat': 44.8246337890625
7850	14:28:06: Orientation {'radio_id': 1
7851	14:28:06: Position Data {'radio_id': 1
7852	14:28:06: Orientation {'radio_id': 1
7853	14:28:07: Position Data {'radio_id': 1
7854	14:28:07: Orientation {'radio_id': 1
7855	14:28:07: Orientation {'radio_id': 1
7856	14:28:07: Position Data {'radio_id': 1
7857	14:28:07: Pyro Info {'radio_id': 1
7858	14:28:07: Line Cutter Data 1 {'radio_id': 1
7859	14:28:07: Line Cutter Data 5 {'radio_id': 1
7860	14:28:07: Orientation {'radio_id': 1
7861	14:28:07: Position Data {'radio_id': 1
7862	14:28:07: Orientation {'radio_id': 1
7863	14:28:08: Orientation {'radio_id': 1
7864	14:28:08: Position Data {'radio_id': 1
7865	14:28:08: Orientation {'radio_id': 1
7866	14:28:08: Position Data {'radio_id': 1
7867	14:28:08: Alt Info & Cfg {'radio_id': 1
7868	14:28:08: Orientation {'radio_id': 1
7869	14:28:08: Position Data {'radio_id': 1
7870	14:28:08: Pyro Info {'radio_id': 1
7871	14:28:08: Line Cutter Data 5 {'radio_id': 1
7872	14:28:08: Orientation {'radio_id': 1
7873	14:28:08: Position Data {'radio_id': 1
7874	14:28:08: Orientation {'radio_id': 1
7875	14:28:08: Position Data {'radio_id': 1
7876	14:28:09: Orientation {'radio_id': 1
7877	14:28:09: Position Data {'radio_id': 1
7878	14:28:09: Orientation {'radio_id': 1
7879	14:28:09: Position Data {'radio_id': 1
7880	14:28:09: Orientation {'radio_id': 1
7881	14:28:09: Position Data {'radio_id': 1
7882	14:28:09: Alt Info & Cfg {'radio_id': 1
7883	14:28:09: Line Cutter Data 1 {'radio_id': 1
7884	14:28:09: Line Cutter Data 5 {'radio_id': 1
7885	14:28:09: Orientation {'radio_id': 1
7886	14:28:09: Position Data {'radio_id': 1
7887	14:28:09: Orientation {'radio_id': 1
7888	14:28:10: Orientation {'radio_id': 1
7889	14:28:10: Position Data {'radio_id': 1
7890	14:28:10: Orientation {'radio_id': 1
7891	14:28:10: Position Data {'radio_id': 1
7892	14:28:10: Orientation {'radio_id': 1
7893	14:28:10: Position Data {'radio_id': 1
7894	14:28:10: Orientation {'radio_id': 1
7895	14:28:10: Position Data {'radio_id': 1
7896	14:28:10: Line Cutter Data 1 {'radio_id': 1
7897	14:28:10: Line Cutter Data 5 {'radio_id': 1
7898	14:28:10: Position Data {'radio_id': 1
7899	14:28:11: Orientation {'radio_id': 1
7900	14:28:11: Orientation {'radio_id': 1
7901	14:28:11: Position Data {'radio_id': 1
7902	14:28:11: Orientation {'radio_id': 1
7903	14:28:11: Position Data {'radio_id': 1
7904	14:28:11: Orientation {'radio_id': 1
7905	14:28:11: Position Data {'radio_id': 1
7906	14:28:11: Pyro Info {'radio_id': 1
7907	14:28:11: Line Cutter Data 5 {'radio_id': 1
7908	14:28:11: Position Data {'radio_id': 1
7909	14:28:12: Orientation {'radio_id': 1
7910	14:28:12: Alt Info & Cfg {'radio_id': 1
7911	14:28:12: Orientation {'radio_id': 1
7912	14:28:12: Position Data {'radio_id': 1
7913	14:28:12: Orientation {'radio_id': 1
7914	14:28:12: Orientation {'radio_id': 1
7915	14:28:12: Position Data {'radio_id': 1
7916	14:28:12: Ground Station GPS {'gs_lat': 44.8246337890625
7917	14:28:12: Line Cutter Data 1 {'radio_id': 1
7918	14:28:12: Line Cutter Vars 1 {'radio_id': 1
7919	14:28:12: Line Cutter Vars 5 {'radio_id': 1
7920	14:28:12: Orientation {'radio_id': 1
7921	14:28:13: Position Data {'radio_id': 1
7922	14:28:13: Orientation {'radio_id': 1
7923	14:28:13: Position Data {'radio_id': 1
7924	14:28:13: Orientation {'radio_id': 1
7925	14:28:13: Position Data {'radio_id': 1
7926	14:28:13: Alt Info & Cfg {'radio_id': 1
7927	14:28:13: Orientation {'radio_id': 1
7928	14:28:13: Position Data {'radio_id': 1
7929	14:28:13: Orientation {'radio_id': 1
7930	14:28:13: Pyro Info {'radio_id': 1
7931	14:28:13: Line Cutter Data 1 {'radio_id': 1
7932	14:28:13: Line Cutter Data 5 {'radio_id': 1
7933	14:28:13: Position Data {'radio_id': 1
7934	14:28:14: Orientation {'radio_id': 1
7935	14:28:14: Orientation {'radio_id': 1
7936	14:28:14: Position Data {'radio_id': 1
7937	14:28:14: Orientation {'radio_id': 1
7938	14:28:14: Position Data {'radio_id': 1
7939	14:28:14: Orientation {'radio_id': 1
7940	14:28:14: Position Data {'radio_id': 1
7941	14:28:14: Pyro Info {'radio_id': 1
7942	14:28:14: Line Cutter Data 1 {'radio_id': 1
7943	14:28:14: Line Cutter Data 5 {'radio_id': 1
7944	14:28:14: Orientation {'radio_id': 1
7945	14:28:14: Position Data {'radio_id': 1
7946	14:28:15: Orientation {'radio_id': 1
7947	14:28:15: Position Data {'radio_id': 1
7948	14:28:15: Orientation {'radio_id': 1
7949	14:28:15: Position Data {'radio_id': 1
7950	14:28:15: Orientation {'radio_id': 1
7951	14:28:15: Position Data {'radio_id': 1
7952	14:28:15: Orientation {'radio_id': 1
7953	14:28:15: Position Data {'radio_id': 1
7954	14:28:15: Pyro Info {'radio_id': 1
7955	14:28:15: Line Cutter Data 1 {'radio_id': 1
7956	14:28:15: Line Cutter Data 5 {'radio_id': 1
7957	14:28:15: Orientation {'radio_id': 1
7958	14:28:16: Orientation {'radio_id': 1
7959	14:28:16: Position Data {'radio_id': 1
7960	14:28:16: Orientation {'radio_id': 1
7961	14:28:16: Position Data {'radio_id': 1
7962	14:28:16: Orientation {'radio_id': 1
7963	14:28:16: Position Data {'radio_id': 1
7964	14:28:16: Position Data {'radio_id': 1
7965	14:28:16: Pyro Info {'radio_id': 1
7966	14:28:16: Line Cutter Data 1 {'radio_id': 1
7967	14:28:16: Line Cutter Data 5 {'radio_id': 1
7968	14:28:16: Orientation {'radio_id': 1
7969	14:28:16: Position Data {'radio_id': 1
7970	14:28:17: Orientation {'radio_id': 1
7971	14:28:17: Position Data {'radio_id': 1
7972	14:28:17: Alt Info & Cfg {'radio_id': 1
7973	14:28:17: Position Data {'radio_id': 1
7974	14:28:17: Orientation {'radio_id': 1
7975	14:28:17: Position Data {'radio_id': 1
7976	14:28:17: Orientation {'radio_id': 1
7977	14:28:17: Position Data {'radio_id': 1
7978	14:28:17: Pyro Info {'radio_id': 1
7979	14:28:17: Line Cutter Data 1 {'radio_id': 1
7980	14:28:17: Orientation {'radio_id': 1
7981	14:28:17: Position Data {'radio_id': 1
7982	14:28:18: Orientation {'radio_id': 1
7983	14:28:18: Position Data {'radio_id': 1
7984	14:28:18: Orientation {'radio_id': 1
7985	14:28:18: Alt Info & Cfg {'radio_id': 1
7986	14:28:18: Orientation {'radio_id': 1
7987	14:28:18: Orientation {'radio_id': 1
7988	14:28:18: Position Data {'radio_id': 1
7989	14:28:18: Pyro Info {'radio_id': 1
7990	14:28:18: Line Cutter Data 5 {'radio_id': 1
7991	14:28:18: Orientation {'radio_id': 1
7992	14:28:19: Orientation {'radio_id': 1
7993	14:28:19: Position Data {'radio_id': 1
7994	14:28:19: Orientation {'radio_id': 1
7995	14:28:19: Position Data {'radio_id': 1
7996	14:28:19: Orientation {'radio_id': 1
7997	14:28:19: Alt Info & Cfg {'radio_id': 1
7998	14:28:19: Orientation {'radio_id': 1
7999	14:28:19: Position Data {'radio_id': 1
8000	14:28:19: Line Cutter Data 1 {'radio_id': 1
8001	14:28:19: Line Cutter Data 5 {'radio_id': 1
8002	14:28:19: Orientation {'radio_id': 1
8003	14:28:19: Position Data {'radio_id': 1
8004	14:28:20: Orientation {'radio_id': 1
8005	14:28:20: Orientation {'radio_id': 1
8006	14:28:20: Position Data {'radio_id': 1
8007	14:28:20: Orientation {'radio_id': 1
8008	14:28:20: Orientation {'radio_id': 1
8009	14:28:20: Alt Info & Cfg {'radio_id': 1
8010	14:28:20: Pyro Info {'radio_id': 1
8011	14:28:20: Line Cutter Data 1 {'radio_id': 1
8012	14:28:20: Line Cutter Data 5 {'radio_id': 1
8013	14:28:20: Orientation {'radio_id': 1
8014	14:28:20: Position Data {'radio_id': 1
8015	14:28:21: Orientation {'radio_id': 1
8016	14:28:21: Position Data {'radio_id': 1
8017	14:28:21: Orientation {'radio_id': 1
8018	14:28:21: Position Data {'radio_id': 1
8019	14:28:21: Orientation {'radio_id': 1
8020	14:28:21: Position Data {'radio_id': 1
8021	14:28:21: Orientation {'radio_id': 1
8022	14:28:21: Position Data {'radio_id': 1
8023	14:28:21: Pyro Info {'radio_id': 1
8024	14:28:21: Line Cutter Data 1 {'radio_id': 1
8025	14:28:21: Line Cutter Data 5 {'radio_id': 1
8026	14:28:21: Orientation {'radio_id': 1
8027	14:28:21: Position Data {'radio_id': 1
8028	14:28:21: Alt Info & Cfg {'radio_id': 1
8029	14:28:22: Orientation {'radio_id': 1
8030	14:28:22: Orientation {'radio_id': 1
8031	14:28:22: Position Data {'radio_id': 1
8032	14:28:22: Orientation {'radio_id': 1
8033	14:28:22: Orientation {'radio_id': 1
8034	14:28:22: Position Data {'radio_id': 1
8035	14:28:22: Line Cutter Vars 1 {'radio_id': 1
8036	14:28:22: Orientation {'radio_id': 1
8037	14:28:22: Pyro Info {'radio_id': 1
8038	14:28:22: Line Cutter Data 5 {'radio_id': 1
8039	14:28:23: Orientation {'radio_id': 1
8040	14:28:23: Position Data {'radio_id': 1
8041	14:28:23: Orientation {'radio_id': 1
8042	14:28:23: Alt Info & Cfg {'radio_id': 1
8043	14:28:23: Orientation {'radio_id': 1
8044	14:28:23: Position Data {'radio_id': 1
8045	14:28:23: Orientation {'radio_id': 1
8046	14:28:23: Position Data {'radio_id': 1
8047	14:28:23: Orientation {'radio_id': 1
8048	14:28:23: Position Data {'radio_id': 1
8049	14:28:23: Pyro Info {'radio_id': 1
8050	14:28:23: Line Cutter Data 1 {'radio_id': 1
8051	14:28:24: Orientation {'radio_id': 1
8052	14:28:24: Orientation {'radio_id': 1
8053	14:28:24: Position Data {'radio_id': 1
8054	14:28:24: Orientation {'radio_id': 1
8055	14:28:24: Position Data {'radio_id': 1
8056	14:28:24: Alt Info & Cfg {'radio_id': 1
8057	14:28:24: Orientation {'radio_id': 1
8058	14:28:24: Position Data {'radio_id': 1
8059	14:28:24: Ground Station GPS {'gs_lat': 44.824625651041664
8060	14:28:24: Orientation {'radio_id': 1
8061	14:28:24: Position Data {'radio_id': 1
8062	14:28:24: Pyro Info {'radio_id': 1
8063	14:28:24: Line Cutter Data 5 {'radio_id': 1
8064	14:28:25: Orientation {'radio_id': 1
8065	14:28:25: Position Data {'radio_id': 1
8066	14:28:25: Orientation {'radio_id': 1
8067	14:28:25: Position Data {'radio_id': 1
8068	14:28:25: Orientation {'radio_id': 1
8069	14:28:25: Orientation {'radio_id': 1
8070	14:28:25: Alt Info & Cfg {'radio_id': 1
8071	14:28:25: Orientation {'radio_id': 1
8072	14:28:25: Position Data {'radio_id': 1
8073	14:28:25: Pyro Info {'radio_id': 1
8074	14:28:25: Line Cutter Data 1 {'radio_id': 1
8075	14:28:26: Line Cutter Data 5 {'radio_id': 1
8076	14:28:26: Orientation {'radio_id': 1
8077	14:28:26: Orientation {'radio_id': 1
8078	14:28:26: Position Data {'radio_id': 1
8079	14:28:26: Orientation {'radio_id': 1
8080	14:28:26: Position Data {'radio_id': 1
8081	14:28:26: Orientation {'radio_id': 1
8082	14:28:26: Position Data {'radio_id': 1
8083	14:28:26: Ground Station GPS {'gs_lat': 44.824625651041664
8084	14:28:26: Orientation {'radio_id': 1
8085	14:28:26: Position Data {'radio_id': 1
8086	14:28:26: Line Cutter Data 1 {'radio_id': 1
8087	14:28:27: Line Cutter Data 5 {'radio_id': 1
8088	14:28:27: Alt Info & Cfg {'radio_id': 1
8089	14:28:27: Orientation {'radio_id': 1
8090	14:28:27: Position Data {'radio_id': 1
8091	14:28:27: Orientation {'radio_id': 1
8092	14:28:27: Position Data {'radio_id': 1
8093	14:28:27: Orientation {'radio_id': 1
8094	14:28:27: Position Data {'radio_id': 1
8095	14:28:27: Orientation {'radio_id': 1
8096	14:28:27: Position Data {'radio_id': 1
8097	14:28:27: Orientation {'radio_id': 1
8098	14:28:27: Position Data {'radio_id': 1
8099	14:28:28: Line Cutter Data 5 {'radio_id': 1
8100	14:28:28: Position Data {'radio_id': 1
8101	14:28:28: Orientation {'radio_id': 1
8102	14:28:28: Orientation {'radio_id': 1
8103	14:28:28: Orientation {'radio_id': 1
8104	14:28:28: Ground Station GPS {'gs_lat': 44.824625651041664
8105	14:28:28: Orientation {'radio_id': 1
8106	14:28:28: Position Data {'radio_id': 1
8107	14:28:28: Pyro Info {'radio_id': 1
8108	14:28:28: Line Cutter Data 1 {'radio_id': 1
8109	14:28:29: Orientation {'radio_id': 1
8110	14:28:29: Orientation {'radio_id': 1
8111	14:28:29: Orientation {'radio_id': 1
8112	14:28:29: Alt Info & Cfg {'radio_id': 1
8113	14:28:29: Orientation {'radio_id': 1
8114	14:28:29: Orientation {'radio_id': 1
8115	14:28:29: Position Data {'radio_id': 1
8116	14:28:29: Line Cutter Data 1 {'radio_id': 1
8117	14:28:30: Line Cutter Data 5 {'radio_id': 1
8118	14:28:30: Orientation {'radio_id': 1
8119	14:28:30: Orientation {'radio_id': 1
8120	14:28:30: Position Data {'radio_id': 1
8121	14:28:30: Orientation {'radio_id': 1
8122	14:28:30: Position Data {'radio_id': 1
8123	14:28:30: Orientation {'radio_id': 1
8124	14:28:30: Alt Info & Cfg {'radio_id': 1
8125	14:28:30: Ground Station GPS {'gs_lat': 44.824625651041664
8126	14:28:30: Orientation {'radio_id': 1
8127	14:28:30: Line Cutter Data 1 {'radio_id': 1
8128	14:28:30: Line Cutter Data 5 {'radio_id': 1
8129	14:28:31: Orientation {'radio_id': 1
8130	14:28:31: Position Data {'radio_id': 1
8131	14:28:31: Orientation {'radio_id': 1
8132	14:28:31: Orientation {'radio_id': 1
8133	14:28:31: Orientation {'radio_id': 1
8134	14:28:31: Orientation {'radio_id': 1
8135	14:28:31: Position Data {'radio_id': 1
8136	14:28:31: Alt Info & Cfg {'radio_id': 1
8137	14:28:31: Pyro Info {'radio_id': 1
8138	14:28:32: Line Cutter Data 1 {'radio_id': 1
8139	14:28:32: Line Cutter Data 5 {'radio_id': 1
8140	14:28:32: Orientation {'radio_id': 1
8141	14:28:32: Orientation {'radio_id': 1
8142	14:28:32: Position Data {'radio_id': 1
8143	14:28:32: Orientation {'radio_id': 1
8144	14:28:32: Position Data {'radio_id': 1
8145	14:28:32: Orientation {'radio_id': 1
8146	14:28:32: Position Data {'radio_id': 1
8147	14:28:32: Line Cutter Vars 1 {'radio_id': 1
8148	14:28:32: Line Cutter Vars 5 {'radio_id': 1
8149	14:28:32: Orientation {'radio_id': 1
8150	14:28:32: Position Data {'radio_id': 1
8151	14:28:32: Line Cutter Data 1 {'radio_id': 1
8152	14:28:33: Line Cutter Data 5 {'radio_id': 1
8153	14:28:33: Orientation {'radio_id': 1
8154	14:28:33: Position Data {'radio_id': 1
8155	14:28:33: Alt Info & Cfg {'radio_id': 1
8156	14:28:33: Orientation {'radio_id': 1
8157	14:28:33: Position Data {'radio_id': 1
8158	14:28:33: Orientation {'radio_id': 1
8159	14:28:33: Position Data {'radio_id': 1
8160	14:28:33: Orientation {'radio_id': 1
8161	14:28:33: Position Data {'radio_id': 1
8162	14:28:33: Orientation {'radio_id': 1
8163	14:28:33: Position Data {'radio_id': 1
8164	14:28:33: Line Cutter Data 1 {'radio_id': 1
8165	14:28:34: Line Cutter Data 5 {'radio_id': 1
8166	14:28:34: Orientation {'radio_id': 1
8167	14:28:34: Position Data {'radio_id': 1
8168	14:28:34: Orientation {'radio_id': 1
8169	14:28:34: Position Data {'radio_id': 1
8170	14:28:34: Alt Info & Cfg {'radio_id': 1
8171	14:28:34: Orientation {'radio_id': 1
8172	14:28:34: Position Data {'radio_id': 1
8173	14:28:34: Orientation {'radio_id': 1
8174	14:28:34: Position Data {'radio_id': 1
8175	14:28:34: Ground Station GPS {'gs_lat': 44.824625651041664
8176	14:28:34: Orientation {'radio_id': 1
8177	14:28:34: Position Data {'radio_id': 1
8178	14:28:35: Orientation {'radio_id': 1
8179	14:28:35: Pyro Info {'radio_id': 1
8180	14:28:35: Line Cutter Data 1 {'radio_id': 1
8181	14:28:35: Orientation {'radio_id': 1
8182	14:28:35: Position Data {'radio_id': 1
8183	14:28:35: Orientation {'radio_id': 1
8184	14:28:35: Position Data {'radio_id': 1
8185	14:28:35: Orientation {'radio_id': 1
8186	14:28:35: Position Data {'radio_id': 1
8187	14:28:35: Orientation {'radio_id': 1
8188	14:28:35: Position Data {'radio_id': 1
8189	14:28:36: Orientation {'radio_id': 1
8190	14:28:36: Position Data {'radio_id': 1
8191	14:28:36: Pyro Info {'radio_id': 1
8192	14:28:36: Line Cutter Data 1 {'radio_id': 1
8193	14:28:36: Orientation {'radio_id': 1
8194	14:28:36: Position Data {'radio_id': 1
8195	14:28:36: Orientation {'radio_id': 1
8196	14:28:36: Position Data {'radio_id': 1
8197	14:28:36: Orientation {'radio_id': 1
8198	14:28:36: Position Data {'radio_id': 1
8199	14:28:36: Ground Station GPS {'gs_lat': 44.824625651041664
8200	14:28:36: Orientation {'radio_id': 1
8201	14:28:36: Alt Info & Cfg {'radio_id': 1
8202	14:28:37: Orientation {'radio_id': 1
8203	14:28:37: Pyro Info {'radio_id': 1
8204	14:28:37: Line Cutter Data 5 {'radio_id': 1
8205	14:28:37: Orientation {'radio_id': 1
8206	14:28:37: Position Data {'radio_id': 1
8207	14:28:37: Orientation {'radio_id': 1
8208	14:28:37: Orientation {'radio_id': 1
8209	14:28:37: Orientation {'radio_id': 1
8210	14:28:38: Orientation {'radio_id': 1
8211	14:28:38: Position Data {'radio_id': 1
8212	14:28:38: Line Cutter Data 1 {'radio_id': 1
8213	14:28:38: Alt Info & Cfg {'radio_id': 1
8214	14:28:38: Position Data {'radio_id': 1
8215	14:28:38: Orientation {'radio_id': 1
8216	14:28:38: Position Data {'radio_id': 1
8217	14:28:38: Orientation {'radio_id': 1
8218	14:28:38: Position Data {'radio_id': 1
8219	14:28:38: Ground Station GPS {'gs_lat': 44.824625651041664
8220	14:28:38: Position Data {'radio_id': 1
8221	14:28:39: Orientation {'radio_id': 1
8222	14:28:39: Position Data {'radio_id': 1
8223	14:28:39: Line Cutter Data 1 {'radio_id': 1
8224	14:28:39: Line Cutter Data 5 {'radio_id': 1
8225	14:28:39: Orientation {'radio_id': 1
8226	14:28:39: Position Data {'radio_id': 1
8227	14:28:39: Orientation {'radio_id': 1
8228	14:28:39: Position Data {'radio_id': 1
8229	14:28:39: Orientation {'radio_id': 1
8230	14:28:39: Position Data {'radio_id': 1
8231	14:28:39: Orientation {'radio_id': 1
8232	14:28:39: Position Data {'radio_id': 1
8233	14:28:40: Orientation {'radio_id': 1
8234	14:28:40: Pyro Info {'radio_id': 1
8235	14:28:40: Line Cutter Data 5 {'radio_id': 1
8236	14:28:40: Orientation {'radio_id': 1
8237	14:28:40: Position Data {'radio_id': 1
8238	14:28:40: Orientation {'radio_id': 1
8239	14:28:40: Position Data {'radio_id': 1
8240	14:28:40: Alt Info & Cfg {'radio_id': 1
8241	14:28:40: Orientation {'radio_id': 1
8242	14:28:40: Ground Station GPS {'gs_lat': 44.824625651041664
8243	14:28:40: Orientation {'radio_id': 1
8244	14:28:41: Orientation {'radio_id': 1
8245	14:28:41: Position Data {'radio_id': 1
8246	14:28:41: Pyro Info {'radio_id': 1
8247	14:28:41: Line Cutter Data 1 {'radio_id': 1
8248	14:28:41: Line Cutter Data 5 {'radio_id': 1
8249	14:28:41: Orientation {'radio_id': 1
8250	14:28:41: Orientation {'radio_id': 1
8251	14:28:41: Position Data {'radio_id': 1
8252	14:28:41: Orientation {'radio_id': 1
8253	14:28:41: Orientation {'radio_id': 1
8254	14:28:41: Alt Info & Cfg {'radio_id': 1
8255	14:28:42: Orientation {'radio_id': 1
8256	14:28:42: Pyro Info {'radio_id': 1
8257	14:28:42: Line Cutter Data 1 {'radio_id': 1
8258	14:28:42: Orientation {'radio_id': 1
8259	14:28:42: Orientation {'radio_id': 1
8260	14:28:42: Orientation {'radio_id': 1
8261	14:28:42: Line Cutter Vars 1 {'radio_id': 1
8262	14:28:42: Line Cutter Vars 5 {'radio_id': 1
8263	14:28:42: Orientation {'radio_id': 1
8264	14:28:42: Position Data {'radio_id': 1
8265	14:28:43: Orientation {'radio_id': 1
8266	14:28:43: Position Data {'radio_id': 1
8267	14:28:43: Alt Info & Cfg {'radio_id': 1
8268	14:28:43: Pyro Info {'radio_id': 1
8269	14:28:43: Line Cutter Data 1 {'radio_id': 1
8270	14:28:43: Line Cutter Data 5 {'radio_id': 1
8271	14:28:43: Position Data {'radio_id': 1
8272	14:28:43: Orientation {'radio_id': 1
8273	14:28:43: Position Data {'radio_id': 1
8274	14:28:43: Orientation {'radio_id': 1
8275	14:28:44: Position Data {'radio_id': 1
8276	14:28:44: Line Cutter Data 1 {'radio_id': 1
8277	14:28:44: Orientation {'radio_id': 1
8278	14:28:44: Alt Info & Cfg {'radio_id': 1
8279	14:28:44: Orientation {'radio_id': 1
8280	14:28:44: Position Data {'radio_id': 1
8281	14:28:44: Orientation {'radio_id': 1
8282	14:28:44: Position Data {'radio_id': 1
8283	14:28:44: Ground Station GPS {'gs_lat': 44.824625651041664
8284	14:28:44: Orientation {'radio_id': 1
8285	14:28:44: Position Data {'radio_id': 1
8286	14:28:45: Orientation {'radio_id': 1
8287	14:28:45: Position Data {'radio_id': 1
8288	14:28:45: Line Cutter Data 1 {'radio_id': 1
8289	14:28:45: Line Cutter Data 5 {'radio_id': 1
8290	14:28:45: Position Data {'radio_id': 1
8291	14:28:45: Orientation {'radio_id': 1
8292	14:28:45: Position Data {'radio_id': 1
8293	14:28:45: Alt Info & Cfg {'radio_id': 1
8294	14:28:45: Orientation {'radio_id': 1
8295	14:28:45: Orientation {'radio_id': 1
8296	14:28:46: Orientation {'radio_id': 1
8297	14:28:46: Position Data {'radio_id': 1
8298	14:28:46: Pyro Info {'radio_id': 1
8299	14:28:46: Line Cutter Data 1 {'radio_id': 1
8300	14:28:46: Line Cutter Data 5 {'radio_id': 1
8301	14:28:46: Orientation {'radio_id': 1
8302	14:28:46: Position Data {'radio_id': 1
8303	14:28:46: Orientation {'radio_id': 1
8304	14:28:46: Orientation {'radio_id': 1
8305	14:28:46: Position Data {'radio_id': 1
8306	14:28:46: Ground Station GPS {'gs_lat': 44.824625651041664
8307	14:28:46: Position Data {'radio_id': 1
8308	14:28:47: Orientation {'radio_id': 1
8309	14:28:47: Position Data {'radio_id': 1
8310	14:28:47: Pyro Info {'radio_id': 1
8311	14:28:47: Line Cutter Data 1 {'radio_id': 1
8312	14:28:47: Line Cutter Data 5 {'radio_id': 1
8313	14:28:47: Position Data {'radio_id': 1
8314	14:28:47: Orientation {'radio_id': 1
8315	14:28:47: Position Data {'radio_id': 1
8316	14:28:47: Orientation {'radio_id': 1
8317	14:28:47: Orientation {'radio_id': 1
8318	14:28:47: Position Data {'radio_id': 1
8319	14:28:48: Orientation {'radio_id': 1
8320	14:28:48: Position Data {'radio_id': 1
8321	14:28:48: Alt Info & Cfg {'radio_id': 1
8322	14:28:48: Orientation {'radio_id': 1
8323	14:28:48: Position Data {'radio_id': 1
8324	14:28:48: Line Cutter Data 1 {'radio_id': 1
8325	14:28:48: Line Cutter Data 5 {'radio_id': 1
8326	14:28:48: Position Data {'radio_id': 1
8327	14:28:48: Orientation {'radio_id': 1
8328	14:28:48: Position Data {'radio_id': 1
8329	14:28:48: Ground Station GPS {'gs_lat': 44.824625651041664
8330	14:28:48: Orientation {'radio_id': 1
8331	14:28:48: Position Data {'radio_id': 1
8332	14:28:49: Orientation {'radio_id': 1
8333	14:28:49: Position Data {'radio_id': 1
8334	14:28:49: Orientation {'radio_id': 1
8335	14:28:49: Position Data {'radio_id': 1
8336	14:28:49: Pyro Info {'radio_id': 1
8337	14:28:49: Line Cutter Data 5 {'radio_id': 1
8338	14:28:49: Orientation {'radio_id': 1
8339	14:28:49: Position Data {'radio_id': 1
8340	14:28:49: Orientation {'radio_id': 1
8341	14:28:49: Position Data {'radio_id': 1
8342	14:28:49: Orientation {'radio_id': 1
8343	14:28:49: Position Data {'radio_id': 1
8344	14:28:50: Orientation {'radio_id': 1
8345	14:28:50: Position Data {'radio_id': 1
8346	14:28:50: Orientation {'radio_id': 1
8347	14:28:50: Position Data {'radio_id': 1
8348	14:28:50: Pyro Info {'radio_id': 1
8349	14:28:50: Line Cutter Data 1 {'radio_id': 1
8350	14:28:50: Line Cutter Data 5 {'radio_id': 1
8351	14:28:50: Position Data {'radio_id': 1
8352	14:28:50: Alt Info & Cfg {'radio_id': 1
8353	14:28:50: Orientation {'radio_id': 1
8354	14:28:50: Position Data {'radio_id': 1
8355	14:28:50: Ground Station GPS {'gs_lat': 44.824625651041664
8356	14:28:50: Orientation {'radio_id': 1
8357	14:28:50: Position Data {'radio_id': 1
8358	14:28:51: Orientation {'radio_id': 1
8359	14:28:51: Position Data {'radio_id': 1
8360	14:28:51: Orientation {'radio_id': 1
8361	14:28:51: Position Data {'radio_id': 1
8362	14:28:51: Pyro Info {'radio_id': 1
8363	14:28:51: Line Cutter Data 1 {'radio_id': 1
8364	14:28:51: Line Cutter Data 5 {'radio_id': 1
8365	14:28:51: Position Data {'radio_id': 1
8366	14:28:51: Orientation {'radio_id': 1
8367	14:28:51: Position Data {'radio_id': 1
8368	14:28:51: Alt Info & Cfg {'radio_id': 1
8369	14:28:51: Orientation {'radio_id': 1
8370	14:28:51: Position Data {'radio_id': 1
8371	14:28:52: Orientation {'radio_id': 1
8372	14:28:52: Position Data {'radio_id': 1
8373	14:28:52: Orientation {'radio_id': 1
8374	14:28:52: Position Data {'radio_id': 1
8375	14:28:52: Pyro Info {'radio_id': 1
8376	14:28:52: Line Cutter Data 1 {'radio_id': 1
8377	14:28:52: Orientation {'radio_id': 1
8378	14:28:52: Position Data {'radio_id': 1
8379	14:28:52: Orientation {'radio_id': 1
8380	14:28:52: Position Data {'radio_id': 1
8381	14:28:52: Ground Station GPS {'gs_lat': 44.824625651041664
8382	14:28:52: Position Data {'radio_id': 1
8383	14:28:53: Line Cutter Vars 5 {'radio_id': 1
8384	14:28:53: Position Data {'radio_id': 1
8385	14:28:53: Alt Info & Cfg {'radio_id': 1
8386	14:28:53: Orientation {'radio_id': 1
8387	14:28:53: Position Data {'radio_id': 1
8388	14:28:53: Line Cutter Data 1 {'radio_id': 1
8389	14:28:53: Orientation {'radio_id': 1
8390	14:28:53: Position Data {'radio_id': 1
8391	14:28:53: Orientation {'radio_id': 1
8392	14:28:53: Position Data {'radio_id': 1
8393	14:28:53: Orientation {'radio_id': 1
8394	14:28:53: Position Data {'radio_id': 1
8395	14:28:54: Orientation {'radio_id': 1
8396	14:28:54: Position Data {'radio_id': 1
8397	14:28:54: Orientation {'radio_id': 1
8398	14:28:54: Position Data {'radio_id': 1
8399	14:28:54: Pyro Info {'radio_id': 1
8400	14:28:54: Line Cutter Data 1 {'radio_id': 1
8401	14:28:54: Line Cutter Data 5 {'radio_id': 1
8402	14:28:54: Orientation {'radio_id': 1
8403	14:28:54: Orientation {'radio_id': 1
8404	14:28:54: Position Data {'radio_id': 1
8405	14:28:54: Ground Station GPS {'gs_lat': 44.824625651041664
8406	14:28:54: Position Data {'radio_id': 1
8407	14:28:55: Orientation {'radio_id': 1
8408	14:28:55: Position Data {'radio_id': 1
8409	14:28:55: Orientation {'radio_id': 1
8410	14:28:55: Position Data {'radio_id': 1
8411	14:28:55: Line Cutter Data 1 {'radio_id': 1
8412	14:28:55: Line Cutter Data 5 {'radio_id': 1
8413	14:28:55: Position Data {'radio_id': 1
8414	14:28:55: Alt Info & Cfg {'radio_id': 1
8415	14:28:55: Orientation {'radio_id': 1
8416	14:28:55: Position Data {'radio_id': 1
8417	14:28:55: Orientation {'radio_id': 1
8418	14:28:55: Position Data {'radio_id': 1
8419	14:28:56: Orientation {'radio_id': 1
8420	14:28:56: Position Data {'radio_id': 1
8421	14:28:56: Orientation {'radio_id': 1
8422	14:28:56: Position Data {'radio_id': 1
8423	14:28:56: Line Cutter Data 1 {'radio_id': 1
8424	14:28:56: Line Cutter Data 5 {'radio_id': 1
8425	14:28:56: Position Data {'radio_id': 1
8426	14:28:56: Orientation {'radio_id': 1
8427	14:28:56: Position Data {'radio_id': 1
8428	14:28:56: Ground Station GPS {'gs_lat': 44.824625651041664
8429	14:28:56: Position Data {'radio_id': 1
8430	14:28:57: Orientation {'radio_id': 1
8431	14:28:57: Position Data {'radio_id': 1
8432	14:28:57: Orientation {'radio_id': 1
8433	14:28:57: Position Data {'radio_id': 1
8434	14:28:57: Line Cutter Data 5 {'radio_id': 1
8435	14:28:57: Orientation {'radio_id': 1
8436	14:28:57: Position Data {'radio_id': 1
8437	14:28:57: Orientation {'radio_id': 1
8438	14:28:57: Position Data {'radio_id': 1
8439	14:28:57: Orientation {'radio_id': 1
8440	14:28:57: Position Data {'radio_id': 1
8441	14:28:57: Alt Info & Cfg {'radio_id': 1
8442	14:28:58: Orientation {'radio_id': 1
8443	14:28:58: Position Data {'radio_id': 1
8444	14:28:58: Orientation {'radio_id': 1
8445	14:28:58: Position Data {'radio_id': 1
8446	14:28:58: Line Cutter Data 1 {'radio_id': 1
8447	14:28:58: Orientation {'radio_id': 1
8448	14:28:58: Position Data {'radio_id': 1
8449	14:28:58: Orientation {'radio_id': 1
8450	14:28:58: Position Data {'radio_id': 1
8451	14:28:58: Ground Station GPS {'gs_lat': 44.824625651041664
8452	14:28:58: Orientation {'radio_id': 1
8453	14:28:58: Position Data {'radio_id': 1
8454	14:28:59: Orientation {'radio_id': 1
8455	14:28:59: Position Data {'radio_id': 1
8456	14:28:59: Orientation {'radio_id': 1
8457	14:28:59: Orientation {'radio_id': 1
8458	14:28:59: Position Data {'radio_id': 1
8459	14:28:59: Pyro Info {'radio_id': 1
8460	14:28:59: Line Cutter Data 1 {'radio_id': 1
8461	14:28:59: Line Cutter Data 5 {'radio_id': 1
8462	14:28:59: Orientation {'radio_id': 1
8463	14:28:59: Position Data {'radio_id': 1
8464	14:28:59: Orientation {'radio_id': 1
8465	14:28:59: Position Data {'radio_id': 1
8466	14:29:00: Orientation {'radio_id': 1
8467	14:29:00: Position Data {'radio_id': 1
8468	14:29:00: Orientation {'radio_id': 1
8469	14:29:00: Position Data {'radio_id': 1
8470	14:29:00: Orientation {'radio_id': 1
8471	14:29:00: Position Data {'radio_id': 1
8472	14:29:00: Pyro Info {'radio_id': 1
8473	14:29:00: Line Cutter Data 1 {'radio_id': 1
8474	14:29:00: Orientation {'radio_id': 1
8475	14:29:00: Ground Station GPS {'gs_lat': 44.824625651041664
8476	14:29:01: Orientation {'radio_id': 1
8477	14:29:01: Position Data {'radio_id': 1
8478	14:29:01: Orientation {'radio_id': 1
8479	14:29:01: Position Data {'radio_id': 1
8480	14:29:01: Orientation {'radio_id': 1
8481	14:29:01: Position Data {'radio_id': 1
8482	14:29:01: Pyro Info {'radio_id': 1
8483	14:29:01: Line Cutter Data 1 {'radio_id': 1
8484	14:29:01: Line Cutter Data 5 {'radio_id': 1
8485	14:29:01: Orientation {'radio_id': 1
8486	14:29:01: Position Data {'radio_id': 1
8487	14:29:01: Alt Info & Cfg {'radio_id': 1
8488	14:29:01: Orientation {'radio_id': 1
8489	14:29:01: Position Data {'radio_id': 1
8490	14:29:02: Orientation {'radio_id': 1
8491	14:29:02: Position Data {'radio_id': 1
8492	14:29:02: Orientation {'radio_id': 1
8493	14:29:02: Orientation {'radio_id': 1
8494	14:29:02: Position Data {'radio_id': 1
8495	14:29:02: Pyro Info {'radio_id': 1
8496	14:29:02: Line Cutter Data 1 {'radio_id': 1
8497	14:29:02: Line Cutter Data 5 {'radio_id': 1
8498	14:29:02: Orientation {'radio_id': 1
8499	14:29:02: Position Data {'radio_id': 1
8500	14:29:02: Orientation {'radio_id': 1
8501	14:29:02: Position Data {'radio_id': 1
8502	14:29:02: Line Cutter Vars 1 {'radio_id': 1
8503	14:29:02: Line Cutter Vars 5 {'radio_id': 1
8504	14:29:03: Alt Info & Cfg {'radio_id': 1
8505	14:29:03: Position Data {'radio_id': 1
8506	14:29:03: Orientation {'radio_id': 1
8507	14:29:03: Position Data {'radio_id': 1
8508	14:29:03: Orientation {'radio_id': 1
8509	14:29:03: Pyro Info {'radio_id': 1
8510	14:29:03: Line Cutter Data 1 {'radio_id': 1
8511	14:29:03: Line Cutter Data 5 {'radio_id': 1
8512	14:29:03: Orientation {'radio_id': 1
8513	14:29:03: Position Data {'radio_id': 1
8514	14:29:03: Orientation {'radio_id': 1
8515	14:29:03: Position Data {'radio_id': 1
8516	14:29:04: Orientation {'radio_id': 1
8517	14:29:04: Position Data {'radio_id': 1
8518	14:29:04: Alt Info & Cfg {'radio_id': 1
8519	14:29:04: Orientation {'radio_id': 1
8520	14:29:04: Position Data {'radio_id': 1
8521	14:29:04: Orientation {'radio_id': 1
8522	14:29:04: Position Data {'radio_id': 1
8523	14:29:04: Line Cutter Data 1 {'radio_id': 1
8524	14:29:04: Line Cutter Data 5 {'radio_id': 1
8525	14:29:04: Orientation {'radio_id': 1
8526	14:29:04: Position Data {'radio_id': 1
8527	14:29:04: Orientation {'radio_id': 1
8528	14:29:04: Position Data {'radio_id': 1
8529	14:29:05: Orientation {'radio_id': 1
8530	14:29:05: Position Data {'radio_id': 1
8531	14:29:05: Orientation {'radio_id': 1
8532	14:29:05: Position Data {'radio_id': 1
8533	14:29:05: Orientation {'radio_id': 1
8534	14:29:05: Position Data {'radio_id': 1
8535	14:29:05: Alt Info & Cfg {'radio_id': 1
8536	14:29:05: Pyro Info {'radio_id': 1
8537	14:29:05: Line Cutter Data 5 {'radio_id': 1
8538	14:29:05: Position Data {'radio_id': 1
8539	14:29:05: Orientation {'radio_id': 1
8540	14:29:05: Position Data {'radio_id': 1
8541	14:29:06: Orientation {'radio_id': 1
8542	14:29:06: Position Data {'radio_id': 1
8543	14:29:06: Orientation {'radio_id': 1
8544	14:29:06: Position Data {'radio_id': 1
8545	14:29:06: Orientation {'radio_id': 1
8546	14:29:06: Position Data {'radio_id': 1
8547	14:29:06: Pyro Info {'radio_id': 1
8548	14:29:06: Line Cutter Data 1 {'radio_id': 1
8549	14:29:06: Line Cutter Data 5 {'radio_id': 1
8550	14:29:06: Orientation {'radio_id': 1
8551	14:29:06: Position Data {'radio_id': 1
8552	14:29:06: Orientation {'radio_id': 1
8553	14:29:06: Position Data {'radio_id': 1
8554	14:29:07: Orientation {'radio_id': 1
8555	14:29:07: Position Data {'radio_id': 1
8556	14:29:07: Orientation {'radio_id': 1
8557	14:29:07: Position Data {'radio_id': 1
8558	14:29:07: Orientation {'radio_id': 1
8559	14:29:07: Pyro Info {'radio_id': 1
8560	14:29:07: Line Cutter Data 1 {'radio_id': 1
8561	14:29:07: Orientation {'radio_id': 1
8562	14:29:07: Orientation {'radio_id': 1
8563	14:29:07: Alt Info & Cfg {'radio_id': 1
8564	14:29:08: Orientation {'radio_id': 1
8565	14:29:08: Orientation {'radio_id': 1
8566	14:29:08: Orientation {'radio_id': 1
8567	14:29:08: Pyro Info {'radio_id': 1
8568	14:29:08: Line Cutter Data 5 {'radio_id': 1
8569	14:29:08: Orientation {'radio_id': 1
8570	14:29:08: Position Data {'radio_id': 1
8571	14:29:08: Orientation {'radio_id': 1
8572	14:29:08: Position Data {'radio_id': 1
8573	14:29:09: Orientation {'radio_id': 1
8574	14:29:09: Position Data {'radio_id': 1
8575	14:29:09: Alt Info & Cfg {'radio_id': 1
8576	14:29:09: Orientation {'radio_id': 1
8577	14:29:09: Position Data {'radio_id': 1
8578	14:29:09: Orientation {'radio_id': 1
8579	14:29:09: Position Data {'radio_id': 1
8580	14:29:09: Line Cutter Data 1 {'radio_id': 1
8581	14:29:09: Line Cutter Data 5 {'radio_id': 1
8582	14:29:09: Orientation {'radio_id': 1
8583	14:29:09: Position Data {'radio_id': 1
8584	14:29:09: Orientation {'radio_id': 1
8585	14:29:09: Position Data {'radio_id': 1
8586	14:29:10: Orientation {'radio_id': 1
8587	14:29:10: Position Data {'radio_id': 1
8588	14:29:10: Orientation {'radio_id': 1
8589	14:29:10: Position Data {'radio_id': 1
8590	14:29:10: Orientation {'radio_id': 1
8591	14:29:10: Position Data {'radio_id': 1
8592	14:29:10: Alt Info & Cfg {'radio_id': 1
8593	14:29:10: Orientation {'radio_id': 1
8594	14:29:10: Position Data {'radio_id': 1
8595	14:29:10: Pyro Info {'radio_id': 1
8596	14:29:10: Line Cutter Data 5 {'radio_id': 1
8597	14:29:10: Ground Station GPS {'gs_lat': 44.824625651041664
8598	14:29:10: Position Data {'radio_id': 1
8599	14:29:11: Orientation {'radio_id': 1
8600	14:29:11: Position Data {'radio_id': 1
8601	14:29:11: Orientation {'radio_id': 1
8602	14:29:11: Position Data {'radio_id': 1
8603	14:29:11: Orientation {'radio_id': 1
8604	14:29:11: Position Data {'radio_id': 1
8605	14:29:11: Orientation {'radio_id': 1
8606	14:29:11: Position Data {'radio_id': 1
8607	14:29:11: Pyro Info {'radio_id': 1
8608	14:29:11: Line Cutter Data 1 {'radio_id': 1
8609	14:29:11: Alt Info & Cfg {'radio_id': 1
8610	14:29:11: Position Data {'radio_id': 1
8611	14:29:12: Orientation {'radio_id': 1
8612	14:29:12: Position Data {'radio_id': 1
8613	14:29:12: Orientation {'radio_id': 1
8614	14:29:12: Position Data {'radio_id': 1
8615	14:29:12: Orientation {'radio_id': 1
8616	14:29:12: Position Data {'radio_id': 1
8617	14:29:12: Orientation {'radio_id': 1
8618	14:29:12: Position Data {'radio_id': 1
8619	14:29:12: Line Cutter Data 1 {'radio_id': 1
8620	14:29:12: Ground Station GPS {'gs_lat': 44.824625651041664
8621	14:29:12: Orientation {'radio_id': 1
8622	14:29:12: Line Cutter Vars 1 {'radio_id': 1
8623	14:29:13: Line Cutter Vars 5 {'radio_id': 1
8624	14:29:13: Orientation {'radio_id': 1
8625	14:29:13: Position Data {'radio_id': 1
8626	14:29:13: Orientation {'radio_id': 1
8627	14:29:13: Position Data {'radio_id': 1
8628	14:29:13: Orientation {'radio_id': 1
8629	14:29:13: Position Data {'radio_id': 1
8630	14:29:13: Orientation {'radio_id': 1
8631	14:29:13: Position Data {'radio_id': 1
8632	14:29:13: Pyro Info {'radio_id': 1
8633	14:29:13: Line Cutter Data 1 {'radio_id': 1
8634	14:29:13: Line Cutter Data 5 {'radio_id': 1
8635	14:29:13: Position Data {'radio_id': 1
8636	14:29:14: Orientation {'radio_id': 1
8637	14:29:14: Position Data {'radio_id': 1
8638	14:29:14: Alt Info & Cfg {'radio_id': 1
8639	14:29:14: Orientation {'radio_id': 1
8640	14:29:14: Position Data {'radio_id': 1
8641	14:29:14: Orientation {'radio_id': 1
8642	14:29:14: Position Data {'radio_id': 1
8643	14:29:14: Orientation {'radio_id': 1
8644	14:29:14: Position Data {'radio_id': 1
8645	14:29:14: Line Cutter Data 1 {'radio_id': 1
8646	14:29:14: Line Cutter Data 5 {'radio_id': 1
8647	14:29:14: Position Data {'radio_id': 1
8648	14:29:15: Orientation {'radio_id': 1
8649	14:29:15: Position Data {'radio_id': 1
8650	14:29:15: Orientation {'radio_id': 1
8651	14:29:15: Position Data {'radio_id': 1
8652	14:29:15: Orientation {'radio_id': 1
8653	14:29:15: Position Data {'radio_id': 1
8654	14:29:15: Orientation {'radio_id': 1
8655	14:29:15: Pyro Info {'radio_id': 1
8656	14:29:15: Line Cutter Data 5 {'radio_id': 1
8657	14:29:15: Position Data {'radio_id': 1
8658	14:29:15: Orientation {'radio_id': 1
8659	14:29:16: Position Data {'radio_id': 1
8660	14:29:16: Orientation {'radio_id': 1
8661	14:29:16: Orientation {'radio_id': 1
8662	14:29:16: Orientation {'radio_id': 1
8663	14:29:16: Alt Info & Cfg {'radio_id': 1
8664	14:29:16: Pyro Info {'radio_id': 1
8665	14:29:16: Line Cutter Data 1 {'radio_id': 1
8666	14:29:16: Ground Station GPS {'gs_lat': 44.824625651041664
8667	14:29:16: Orientation {'radio_id': 1
8668	14:29:16: Position Data {'radio_id': 1
8669	14:29:17: Orientation {'radio_id': 1
8670	14:29:17: Position Data {'radio_id': 1
8671	14:29:17: Orientation {'radio_id': 1
8672	14:29:17: Orientation {'radio_id': 1
8673	14:29:17: Position Data {'radio_id': 1
8674	14:29:17: Orientation {'radio_id': 1
8675	14:29:17: Position Data {'radio_id': 1
8676	14:29:17: Pyro Info {'radio_id': 1
8677	14:29:17: Line Cutter Data 5 {'radio_id': 1
8678	14:29:17: Orientation {'radio_id': 1
8679	14:29:17: Position Data {'radio_id': 1
8680	14:29:17: Alt Info & Cfg {'radio_id': 1
8681	14:29:18: Orientation {'radio_id': 1
8682	14:29:18: Position Data {'radio_id': 1
8683	14:29:18: Orientation {'radio_id': 1
8684	14:29:18: Position Data {'radio_id': 1
8685	14:29:18: Orientation {'radio_id': 1
8686	14:29:18: Position Data {'radio_id': 1
8687	14:29:18: Orientation {'radio_id': 1
8688	14:29:18: Position Data {'radio_id': 1
8689	14:29:18: Pyro Info {'radio_id': 1
8690	14:29:18: Line Cutter Data 1 {'radio_id': 1
8691	14:29:18: Line Cutter Data 5 {'radio_id': 1
8692	14:29:18: Orientation {'radio_id': 1
8693	14:29:18: Position Data {'radio_id': 1
8694	14:29:19: Orientation {'radio_id': 1
8695	14:29:19: Position Data {'radio_id': 1
8696	14:29:19: Alt Info & Cfg {'radio_id': 1
8697	14:29:19: Orientation {'radio_id': 1
8698	14:29:19: Position Data {'radio_id': 1
8699	14:29:19: Orientation {'radio_id': 1
8700	14:29:19: Position Data {'radio_id': 1
8701	14:29:19: Orientation {'radio_id': 1
8702	14:29:19: Position Data {'radio_id': 1
8703	14:29:19: Pyro Info {'radio_id': 1
8704	14:29:19: Line Cutter Data 1 {'radio_id': 1
8705	14:29:19: Orientation {'radio_id': 1
8706	14:29:19: Position Data {'radio_id': 1
8707	14:29:20: Orientation {'radio_id': 1
8708	14:29:20: Orientation {'radio_id': 1
8709	14:29:20: Position Data {'radio_id': 1
8710	14:29:20: Alt Info & Cfg {'radio_id': 1
8711	14:29:20: Orientation {'radio_id': 1
8712	14:29:20: Orientation {'radio_id': 1
8713	14:29:20: Position Data {'radio_id': 1
8714	14:29:20: Line Cutter Data 1 {'radio_id': 1
8715	14:29:20: Line Cutter Data 5 {'radio_id': 1
8716	14:29:20: Ground Station GPS {'gs_lat': 44.824625651041664
8717	14:29:20: Orientation {'radio_id': 1
8718	14:29:21: Orientation {'radio_id': 1
8719	14:29:21: Position Data {'radio_id': 1
8720	14:29:21: Orientation {'radio_id': 1
8721	14:29:21: Position Data {'radio_id': 1
8722	14:29:21: Orientation {'radio_id': 1
8723	14:29:21: Position Data {'radio_id': 1
8724	14:29:21: Orientation {'radio_id': 1
8725	14:29:21: Position Data {'radio_id': 1
8726	14:29:21: Line Cutter Data 1 {'radio_id': 1
8727	14:29:21: Orientation {'radio_id': 1
8728	14:29:21: Position Data {'radio_id': 1
8729	14:29:22: Orientation {'radio_id': 1
8730	14:29:22: Position Data {'radio_id': 1
8731	14:29:22: Orientation {'radio_id': 1
8732	14:29:22: Position Data {'radio_id': 1
8733	14:29:22: Orientation {'radio_id': 1
8734	14:29:22: Position Data {'radio_id': 1
8735	14:29:22: Orientation {'radio_id': 1
8736	14:29:22: Position Data {'radio_id': 1
8737	14:29:22: Orientation {'radio_id': 1
8738	14:29:22: Ground Station GPS {'gs_lat': 44.824625651041664
8739	14:29:22: Alt Info & Cfg {'radio_id': 1
8740	14:29:22: Pyro Info {'radio_id': 1
8741	14:29:23: Line Cutter Data 5 {'radio_id': 1
8742	14:29:23: Line Cutter Vars 1 {'radio_id': 1
8743	14:29:23: Line Cutter Vars 5 {'radio_id': 1
8744	14:29:23: Position Data {'radio_id': 1
8745	14:29:23: Orientation {'radio_id': 1
8746	14:29:23: Position Data {'radio_id': 1
8747	14:29:23: Orientation {'radio_id': 1
8748	14:29:23: Position Data {'radio_id': 1
8749	14:29:23: Orientation {'radio_id': 1
8750	14:29:23: Position Data {'radio_id': 1
8751	14:29:23: Orientation {'radio_id': 1
8752	14:29:23: Position Data {'radio_id': 1
8753	14:29:23: Pyro Info {'radio_id': 1
8754	14:29:23: Line Cutter Data 1 {'radio_id': 1
8755	14:29:24: Line Cutter Data 5 {'radio_id': 1
8756	14:29:24: Position Data {'radio_id': 1
8757	14:29:24: Alt Info & Cfg {'radio_id': 1
8758	14:29:24: Orientation {'radio_id': 1
8759	14:29:24: Orientation {'radio_id': 1
8760	14:29:24: Position Data {'radio_id': 1
8761	14:29:24: Orientation {'radio_id': 1
8762	14:29:24: Position Data {'radio_id': 1
8763	14:29:24: Orientation {'radio_id': 1
8764	14:29:24: Position Data {'radio_id': 1
8765	14:29:24: Pyro Info {'radio_id': 1
8766	14:29:24: Line Cutter Data 1 {'radio_id': 1
8767	14:29:25: Line Cutter Data 5 {'radio_id': 1
8768	14:29:25: Orientation {'radio_id': 1
8769	14:29:25: Position Data {'radio_id': 1
8770	14:29:25: Orientation {'radio_id': 1
8771	14:29:25: Position Data {'radio_id': 1
8772	14:29:25: Orientation {'radio_id': 1
8773	14:29:25: Orientation {'radio_id': 1
8774	14:29:25: Orientation {'radio_id': 1
8775	14:29:25: Position Data {'radio_id': 1
8776	14:29:25: Pyro Info {'radio_id': 1
8777	14:29:25: Line Cutter Data 1 {'radio_id': 1
8778	14:29:26: Line Cutter Data 5 {'radio_id': 1
8779	14:29:26: Orientation {'radio_id': 1
8780	14:29:26: Orientation {'radio_id': 1
8781	14:29:26: Position Data {'radio_id': 1
8782	14:29:26: Orientation {'radio_id': 1
8783	14:29:26: Position Data {'radio_id': 1
8784	14:29:26: Alt Info & Cfg {'radio_id': 1
8785	14:29:26: Orientation {'radio_id': 1
8786	14:29:26: Position Data {'radio_id': 1
8787	14:29:26: Orientation {'radio_id': 1
8788	14:29:26: Ground Station GPS {'gs_lat': 44.824625651041664
8789	14:29:27: Line Cutter Data 1 {'radio_id': 1
8790	14:29:27: Orientation {'radio_id': 1
8791	14:29:27: Orientation {'radio_id': 1
8792	14:29:27: Position Data {'radio_id': 1
8793	14:29:27: Orientation {'radio_id': 1
8794	14:29:27: Position Data {'radio_id': 1
8795	14:29:27: Orientation {'radio_id': 1
8796	14:29:27: Position Data {'radio_id': 1
8797	14:29:27: Orientation {'radio_id': 1
8798	14:29:27: Position Data {'radio_id': 1
8799	14:29:27: Line Cutter Data 1 {'radio_id': 1
8800	14:29:28: Line Cutter Data 5 {'radio_id': 1
8801	14:29:28: Position Data {'radio_id': 1
8802	14:29:28: Orientation {'radio_id': 1
8803	14:29:28: Position Data {'radio_id': 1
8804	14:29:28: Orientation {'radio_id': 1
8805	14:29:28: Position Data {'radio_id': 1
8806	14:29:28: Orientation {'radio_id': 1
8807	14:29:28: Position Data {'radio_id': 1
8808	14:29:28: Orientation {'radio_id': 1
8809	14:29:28: Position Data {'radio_id': 1
8810	14:29:28: Pyro Info {'radio_id': 1
8811	14:29:28: Line Cutter Data 1 {'radio_id': 1
8812	14:29:29: Line Cutter Data 5 {'radio_id': 1
8813	14:29:29: Orientation {'radio_id': 1
8814	14:29:29: Alt Info & Cfg {'radio_id': 1
8815	14:29:29: Orientation {'radio_id': 1
8816	14:29:29: Orientation {'radio_id': 1
8817	14:29:29: Position Data {'radio_id': 1
8818	14:29:29: Orientation {'radio_id': 1
8819	14:29:29: Position Data {'radio_id': 1
8820	14:29:29: Orientation {'radio_id': 1
8821	14:29:29: Pyro Info {'radio_id': 1
8822	14:29:29: Line Cutter Data 1 {'radio_id': 1
8823	14:29:29: Line Cutter Data 5 {'radio_id': 1
8824	14:29:30: Orientation {'radio_id': 1
8825	14:29:30: Orientation {'radio_id': 1
8826	14:29:30: Position Data {'radio_id': 1
8827	14:29:30: Alt Info & Cfg {'radio_id': 1
8828	14:29:30: Orientation {'radio_id': 1
8829	14:29:30: Orientation {'radio_id': 1
8830	14:29:30: Orientation {'radio_id': 1
8831	14:29:30: Ground Station GPS {'gs_lat': 44.824625651041664
8832	14:29:30: Pyro Info {'radio_id': 1
8833	14:29:31: Line Cutter Data 5 {'radio_id': 1
8834	14:29:31: Orientation {'radio_id': 1
8835	14:29:31: Position Data {'radio_id': 1
8836	14:29:31: Orientation {'radio_id': 1
8837	14:29:31: Orientation {'radio_id': 1
8838	14:29:31: Alt Info & Cfg {'radio_id': 1
8839	14:29:31: Orientation {'radio_id': 1
8840	14:29:31: Orientation {'radio_id': 1
8841	14:29:31: Pyro Info {'radio_id': 1
8842	14:29:32: Line Cutter Data 5 {'radio_id': 1
8843	14:29:32: Orientation {'radio_id': 1
8844	14:29:32: Position Data {'radio_id': 1
8845	14:29:32: Orientation {'radio_id': 1
8846	14:29:32: Position Data {'radio_id': 1
8847	14:29:32: Orientation {'radio_id': 1
8848	14:29:32: Position Data {'radio_id': 1
8849	14:29:32: Orientation {'radio_id': 1
8850	14:29:32: Alt Info & Cfg {'radio_id': 1
8851	14:29:32: Orientation {'radio_id': 1
8852	14:29:32: Line Cutter Vars 1 {'radio_id': 1
8853	14:29:32: Line Cutter Vars 5 {'radio_id': 1
8854	14:29:33: Pyro Info {'radio_id': 1
8855	14:29:33: Line Cutter Data 5 {'radio_id': 1
8856	14:29:33: Orientation {'radio_id': 1
8857	14:29:33: Position Data {'radio_id': 1
8858	14:29:33: Orientation {'radio_id': 1
8859	14:29:33: Position Data {'radio_id': 1
8860	14:29:33: Orientation {'radio_id': 1
8861	14:29:33: Position Data {'radio_id': 1
8862	14:29:33: Orientation {'radio_id': 1
8863	14:29:33: Position Data {'radio_id': 1
8864	14:29:33: Orientation {'radio_id': 1
8865	14:29:33: Pyro Info {'radio_id': 1
8866	14:29:33: Line Cutter Data 1 {'radio_id': 1
8867	14:29:34: Line Cutter Data 5 {'radio_id': 1
8868	14:29:34: Alt Info & Cfg {'radio_id': 1
8869	14:29:34: Position Data {'radio_id': 1
8870	14:29:34: Orientation {'radio_id': 1
8871	14:29:34: Position Data {'radio_id': 1
8872	14:29:34: Orientation {'radio_id': 1
8873	14:29:34: Position Data {'radio_id': 1
8874	14:29:34: Orientation {'radio_id': 1
8875	14:29:34: Orientation {'radio_id': 1
8876	14:29:34: Position Data {'radio_id': 1
8877	14:29:34: Line Cutter Data 1 {'radio_id': 1
8878	14:29:35: Orientation {'radio_id': 1
8879	14:29:35: Position Data {'radio_id': 1
8880	14:29:35: Orientation {'radio_id': 1
8881	14:29:35: Position Data {'radio_id': 1
8882	14:29:35: Alt Info & Cfg {'radio_id': 1
8883	14:29:35: Orientation {'radio_id': 1
8884	14:29:35: Position Data {'radio_id': 1
8885	14:29:35: Orientation {'radio_id': 1
8886	14:29:35: Position Data {'radio_id': 1
8887	14:29:35: Orientation {'radio_id': 1
8888	14:29:35: Position Data {'radio_id': 1
8889	14:29:35: Line Cutter Data 1 {'radio_id': 1
8890	14:29:36: Line Cutter Data 5 {'radio_id': 1
8891	14:29:36: Orientation {'radio_id': 1
8892	14:29:36: Position Data {'radio_id': 1
8893	14:29:36: Orientation {'radio_id': 1
8894	14:29:36: Position Data {'radio_id': 1
8895	14:29:36: Orientation {'radio_id': 1
8896	14:29:36: Position Data {'radio_id': 1
8897	14:29:36: Orientation {'radio_id': 1
8898	14:29:36: Position Data {'radio_id': 1
8899	14:29:36: Orientation {'radio_id': 1
8900	14:29:36: Position Data {'radio_id': 1
8901	14:29:37: Orientation {'radio_id': 1
8902	14:29:37: Position Data {'radio_id': 1
8903	14:29:37: Line Cutter Data 1 {'radio_id': 1
8904	14:29:37: Orientation {'radio_id': 1
8905	14:29:37: Position Data {'radio_id': 1
8906	14:29:37: Orientation {'radio_id': 1
8907	14:29:37: Position Data {'radio_id': 1
8908	14:29:37: Orientation {'radio_id': 1
8909	14:29:37: Position Data {'radio_id': 1
8910	14:29:37: Orientation {'radio_id': 1
8911	14:29:37: Position Data {'radio_id': 1
8912	14:29:38: Orientation {'radio_id': 1
8913	14:29:38: Position Data {'radio_id': 1
8914	14:29:38: Pyro Info {'radio_id': 1
8915	14:29:38: Line Cutter Data 1 {'radio_id': 1
8916	14:29:38: Line Cutter Data 5 {'radio_id': 1
8917	14:29:38: Orientation {'radio_id': 1
8918	14:29:38: Position Data {'radio_id': 1
8919	14:29:38: Orientation {'radio_id': 1
8920	14:29:38: Position Data {'radio_id': 1
8921	14:29:38: Orientation {'radio_id': 1
8922	14:29:38: Position Data {'radio_id': 1
8923	14:29:38: Orientation {'radio_id': 1
8924	14:29:38: Position Data {'radio_id': 1
8925	14:29:38: Alt Info & Cfg {'radio_id': 1
8926	14:29:39: Orientation {'radio_id': 1
8927	14:29:39: Position Data {'radio_id': 1
8928	14:29:39: Pyro Info {'radio_id': 1
8929	14:29:39: Line Cutter Data 1 {'radio_id': 1
8930	14:29:39: Line Cutter Data 5 {'radio_id': 1
8931	14:29:39: Position Data {'radio_id': 1
8932	14:29:39: Orientation {'radio_id': 1
8933	14:29:39: Orientation {'radio_id': 1
8934	14:29:39: Position Data {'radio_id': 1
8935	14:29:39: Orientation {'radio_id': 1
8936	14:29:39: Position Data {'radio_id': 1
8937	14:29:40: Orientation {'radio_id': 1
8938	14:29:40: Position Data {'radio_id': 1
8939	14:29:40: Pyro Info {'radio_id': 1
8940	14:29:40: Line Cutter Data 1 {'radio_id': 1
8941	14:29:40: Line Cutter Data 5 {'radio_id': 1
8942	14:29:40: Orientation {'radio_id': 1
8943	14:29:40: Orientation {'radio_id': 1
8944	14:29:40: Position Data {'radio_id': 1
8945	14:29:40: Orientation {'radio_id': 1
8946	14:29:40: Position Data {'radio_id': 1
8947	14:29:40: Orientation {'radio_id': 1
8948	14:29:40: Ground Station GPS {'gs_lat': 44.824625651041664
8949	14:29:41: Orientation {'radio_id': 1
8950	14:29:41: Position Data {'radio_id': 1
8951	14:29:41: Line Cutter Data 5 {'radio_id': 1
8952	14:29:41: Orientation {'radio_id': 1
8953	14:29:41: Position Data {'radio_id': 1
8954	14:29:41: Orientation {'radio_id': 1
8955	14:29:41: Alt Info & Cfg {'radio_id': 1
8956	14:29:41: Orientation {'radio_id': 1
8957	14:29:41: Position Data {'radio_id': 1
8958	14:29:41: Orientation {'radio_id': 1
8959	14:29:41: Position Data {'radio_id': 1
8960	14:29:42: Orientation {'radio_id': 1
8961	14:29:42: Pyro Info {'radio_id': 1
8962	14:29:42: Line Cutter Data 1 {'radio_id': 1
8963	14:29:42: Line Cutter Data 5 {'radio_id': 1
8964	14:29:42: Position Data {'radio_id': 1
8965	14:29:42: Orientation {'radio_id': 1
8966	14:29:42: Position Data {'radio_id': 1
8967	14:29:42: Orientation {'radio_id': 1
8968	14:29:42: Position Data {'radio_id': 1
8969	14:29:42: Alt Info & Cfg {'radio_id': 1
8970	14:29:42: Orientation {'radio_id': 1
8971	14:29:42: Position Data {'radio_id': 1
8972	14:29:42: Line Cutter Vars 5 {'radio_id': 1
8973	14:29:43: Orientation {'radio_id': 1
8974	14:29:43: Position Data {'radio_id': 1
8975	14:29:43: Pyro Info {'radio_id': 1
8976	14:29:43: Line Cutter Data 1 {'radio_id': 1
8977	14:29:43: Line Cutter Data 5 {'radio_id': 1
8978	14:29:43: Position Data {'radio_id': 1
8979	14:29:43: Orientation {'radio_id': 1
8980	14:29:43: Position Data {'radio_id': 1
8981	14:29:43: Orientation {'radio_id': 1
8982	14:29:43: Orientation {'radio_id': 1
8983	14:29:43: Position Data {'radio_id': 1
8984	14:29:43: Alt Info & Cfg {'radio_id': 1
8985	14:29:44: Orientation {'radio_id': 1
8986	14:29:44: Position Data {'radio_id': 1
8987	14:29:44: Pyro Info {'radio_id': 1
8988	14:29:44: Line Cutter Data 1 {'radio_id': 1
8989	14:29:44: Line Cutter Data 5 {'radio_id': 1
8990	14:29:44: Position Data {'radio_id': 1
8991	14:29:44: Orientation {'radio_id': 1
8992	14:29:44: Position Data {'radio_id': 1
8993	14:29:44: Orientation {'radio_id': 1
8994	14:29:44: Position Data {'radio_id': 1
8995	14:29:44: Orientation {'radio_id': 1
8996	14:29:44: Position Data {'radio_id': 1
8997	14:29:44: Ground Station GPS {'gs_lat': 44.824625651041664
8998	14:29:45: Orientation {'radio_id': 1
8999	14:29:45: Position Data {'radio_id': 1
9000	14:29:45: Alt Info & Cfg {'radio_id': 1
9001	14:29:45: Pyro Info {'radio_id': 1
9002	14:29:45: Line Cutter Data 1 {'radio_id': 1
9003	14:29:45: Line Cutter Data 5 {'radio_id': 1
9004	14:29:45: Orientation {'radio_id': 1
9005	14:29:45: Position Data {'radio_id': 1
9006	14:29:45: Orientation {'radio_id': 1
9007	14:29:45: Position Data {'radio_id': 1
9008	14:29:45: Orientation {'radio_id': 1
9009	14:29:45: Position Data {'radio_id': 1
9010	14:29:45: Orientation {'radio_id': 1
9011	14:29:45: Position Data {'radio_id': 1
9012	14:29:46: Orientation {'radio_id': 1
9013	14:29:46: Position Data {'radio_id': 1
9014	14:29:46: Pyro Info {'radio_id': 1
9015	14:29:46: Line Cutter Data 1 {'radio_id': 1
9016	14:29:46: Orientation {'radio_id': 1
9017	14:29:46: Alt Info & Cfg {'radio_id': 1
9018	14:29:46: Orientation {'radio_id': 1
9019	14:29:46: Position Data {'radio_id': 1
9020	14:29:46: Position Data {'radio_id': 1
9021	14:29:46: Orientation {'radio_id': 1
9022	14:29:46: Position Data {'radio_id': 1
9023	14:29:46: Ground Station GPS {'gs_lat': 44.824625651041664
9024	14:29:47: Orientation {'radio_id': 1
9025	14:29:47: Position Data {'radio_id': 1
9026	14:29:47: Pyro Info {'radio_id': 1
9027	14:29:47: Line Cutter Data 1 {'radio_id': 1
9028	14:29:47: Orientation {'radio_id': 1
9029	14:29:47: Position Data {'radio_id': 1
9030	14:29:47: Orientation {'radio_id': 1
9031	14:29:47: Position Data {'radio_id': 1
9032	14:29:47: Orientation {'radio_id': 1
9033	14:29:47: Alt Info & Cfg {'radio_id': 1
9034	14:29:47: Orientation {'radio_id': 1
9035	14:29:47: Position Data {'radio_id': 1
9036	14:29:48: Orientation {'radio_id': 1
9037	14:29:48: Position Data {'radio_id': 1
9038	14:29:48: Pyro Info {'radio_id': 1
9039	14:29:48: Line Cutter Data 1 {'radio_id': 1
9040	14:29:48: Orientation {'radio_id': 1
9041	14:29:48: Position Data {'radio_id': 1
9042	14:29:48: Orientation {'radio_id': 1
9043	14:29:48: Position Data {'radio_id': 1
9044	14:29:48: Orientation {'radio_id': 1
9045	14:29:48: Position Data {'radio_id': 1
9046	14:29:48: Orientation {'radio_id': 1
9047	14:29:48: Position Data {'radio_id': 1
9048	14:29:48: Alt Info & Cfg {'radio_id': 1
9049	14:29:49: Orientation {'radio_id': 1
9050	14:29:49: Position Data {'radio_id': 1
9051	14:29:49: Pyro Info {'radio_id': 1
9052	14:29:49: Line Cutter Data 1 {'radio_id': 1
9053	14:29:49: Line Cutter Data 5 {'radio_id': 1
9054	14:29:49: Orientation {'radio_id': 1
9055	14:29:49: Position Data {'radio_id': 1
9056	14:29:49: Orientation {'radio_id': 1
9057	14:29:49: Position Data {'radio_id': 1
9058	14:29:49: Orientation {'radio_id': 1
9059	14:29:49: Position Data {'radio_id': 1
9060	14:29:49: Orientation {'radio_id': 1
9061	14:29:49: Position Data {'radio_id': 1
9062	14:29:50: Orientation {'radio_id': 1
9063	14:29:50: Position Data {'radio_id': 1
9064	14:29:50: Alt Info & Cfg {'radio_id': 1
9065	14:29:50: Orientation {'radio_id': 1
9066	14:29:50: Position Data {'radio_id': 1
9067	14:29:50: Pyro Info {'radio_id': 1
9068	14:29:50: Line Cutter Data 1 {'radio_id': 1
9069	14:29:50: Line Cutter Data 5 {'radio_id': 1
9070	14:29:50: Orientation {'radio_id': 1
9071	14:29:50: Position Data {'radio_id': 1
9072	14:29:50: Orientation {'radio_id': 1
9073	14:29:50: Position Data {'radio_id': 1
9074	14:29:50: Orientation {'radio_id': 1
9075	14:29:50: Ground Station GPS {'gs_lat': 44.824625651041664
9076	14:29:51: Orientation {'radio_id': 1
9077	14:29:51: Position Data {'radio_id': 1
9078	14:29:51: Orientation {'radio_id': 1
9079	14:29:51: Pyro Info {'radio_id': 1
9080	14:29:51: Line Cutter Data 1 {'radio_id': 1
9081	14:29:51: Line Cutter Data 5 {'radio_id': 1
9082	14:29:51: Orientation {'radio_id': 1
9083	14:29:51: Orientation {'radio_id': 1
9084	14:29:51: Orientation {'radio_id': 1
9085	14:29:52: Orientation {'radio_id': 1
9086	14:29:52: Position Data {'radio_id': 1
9087	14:29:52: Orientation {'radio_id': 1
9088	14:29:52: Position Data {'radio_id': 1
9089	14:29:52: Pyro Info {'radio_id': 1
9090	14:29:52: Line Cutter Data 1 {'radio_id': 1
9091	14:29:52: Orientation {'radio_id': 1
9092	14:29:52: Position Data {'radio_id': 1
9093	14:29:52: Orientation {'radio_id': 1
9094	14:29:52: Position Data {'radio_id': 1
9095	14:29:52: Alt Info & Cfg {'radio_id': 1
9096	14:29:52: Orientation {'radio_id': 1
9097	14:29:52: Position Data {'radio_id': 1
9098	14:29:52: Line Cutter Vars 1 {'radio_id': 1
9099	14:29:52: Line Cutter Vars 5 {'radio_id': 1
9100	14:29:53: Orientation {'radio_id': 1
9101	14:29:53: Orientation {'radio_id': 1
9102	14:29:53: Position Data {'radio_id': 1
9103	14:29:53: Pyro Info {'radio_id': 1
9104	14:29:53: Line Cutter Data 1 {'radio_id': 1
9105	14:29:53: Line Cutter Data 5 {'radio_id': 1
9106	14:29:53: Position Data {'radio_id': 1
9107	14:29:53: Orientation {'radio_id': 1
9108	14:29:53: Position Data {'radio_id': 1
9109	14:29:53: Orientation {'radio_id': 1
9110	14:29:53: Alt Info & Cfg {'radio_id': 1
9111	14:29:54: Orientation {'radio_id': 1
9112	14:29:54: Orientation {'radio_id': 1
9113	14:29:54: Position Data {'radio_id': 1
9114	14:29:54: Line Cutter Data 1 {'radio_id': 1
9115	14:29:54: Line Cutter Data 5 {'radio_id': 1
9116	14:29:54: Orientation {'radio_id': 1
9117	14:29:54: Position Data {'radio_id': 1
9118	14:29:54: Orientation {'radio_id': 1
9119	14:29:54: Position Data {'radio_id': 1
9120	14:29:54: Orientation {'radio_id': 1
9121	14:29:54: Position Data {'radio_id': 1
9122	14:29:54: Ground Station GPS {'gs_lat': 44.824625651041664
9123	14:29:55: Orientation {'radio_id': 1
9124	14:29:55: Position Data {'radio_id': 1
9125	14:29:55: Alt Info & Cfg {'radio_id': 1
9126	14:29:55: Orientation {'radio_id': 1
9127	14:29:55: Position Data {'radio_id': 1
9128	14:29:55: Pyro Info {'radio_id': 1
9129	14:29:55: Line Cutter Data 1 {'radio_id': 1
9130	14:29:55: Line Cutter Data 5 {'radio_id': 1
9131	14:29:55: Orientation {'radio_id': 1
9132	14:29:55: Position Data {'radio_id': 1
9133	14:29:55: Orientation {'radio_id': 1
9134	14:29:55: Orientation {'radio_id': 1
9135	14:29:56: Orientation {'radio_id': 1
9136	14:29:56: Position Data {'radio_id': 1
9137	14:29:56: Orientation {'radio_id': 1
9138	14:29:56: Position Data {'radio_id': 1
9139	14:29:56: Line Cutter Data 1 {'radio_id': 1
9140	14:29:56: Alt Info & Cfg {'radio_id': 1
9141	14:29:56: Position Data {'radio_id': 1
9142	14:29:56: Orientation {'radio_id': 1
9143	14:29:56: Position Data {'radio_id': 1
9144	14:29:56: Orientation {'radio_id': 1
9145	14:29:56: Position Data {'radio_id': 1
9146	14:29:57: Ground Station GPS {'gs_lat': 44.824625651041664
9147	14:29:57: Orientation {'radio_id': 1
9148	14:29:57: Position Data {'radio_id': 1
9149	14:29:57: Pyro Info {'radio_id': 1
9150	14:29:57: Line Cutter Data 1 {'radio_id': 1
9151	14:29:57: Orientation {'radio_id': 1
9152	14:29:57: Alt Info & Cfg {'radio_id': 1
9153	14:29:57: Orientation {'radio_id': 1
9154	14:29:57: Orientation {'radio_id': 1
9155	14:29:57: Position Data {'radio_id': 1
9156	14:29:58: Orientation {'radio_id': 1
9157	14:29:58: Position Data {'radio_id': 1
9158	14:29:58: Orientation {'radio_id': 1
9159	14:29:58: Pyro Info {'radio_id': 1
9160	14:29:58: Line Cutter Data 1 {'radio_id': 1
9161	14:29:58: Orientation {'radio_id': 1
9162	14:29:58: Orientation {'radio_id': 1
9163	14:29:58: Position Data {'radio_id': 1
9164	14:29:58: Orientation {'radio_id': 1
9165	14:29:58: Position Data {'radio_id': 1
9166	14:29:58: Ground Station GPS {'gs_lat': 44.824625651041664
9167	14:29:59: Orientation {'radio_id': 1
9168	14:29:59: Position Data {'radio_id': 1
9169	14:29:59: Orientation {'radio_id': 1
9170	14:29:59: Position Data {'radio_id': 1
9171	14:29:59: Pyro Info {'radio_id': 1
9172	14:29:59: Line Cutter Data 1 {'radio_id': 1
9173	14:29:59: Line Cutter Data 5 {'radio_id': 1
9174	14:29:59: Orientation {'radio_id': 1
9175	14:29:59: Position Data {'radio_id': 1
9176	14:29:59: Orientation {'radio_id': 1
9177	14:29:59: Position Data {'radio_id': 1
9178	14:29:59: Orientation {'radio_id': 1
9179	14:29:59: Position Data {'radio_id': 1
9180	14:30:00: Orientation {'radio_id': 1
9181	14:30:00: Position Data {'radio_id': 1
9182	14:30:00: Alt Info & Cfg {'radio_id': 1
9183	14:30:00: Orientation {'radio_id': 1
9184	14:30:00: Position Data {'radio_id': 1
9185	14:30:00: Pyro Info {'radio_id': 1
9186	14:30:00: Line Cutter Data 5 {'radio_id': 1
9187	14:30:00: Position Data {'radio_id': 1
9188	14:30:00: Orientation {'radio_id': 1
9189	14:30:00: Orientation {'radio_id': 1
9190	14:30:00: Ground Station GPS {'gs_lat': 44.824625651041664
9191	14:30:01: Orientation {'radio_id': 1
9192	14:30:01: Orientation {'radio_id': 1
9193	14:30:01: Alt Info & Cfg {'radio_id': 1
9194	14:30:01: Line Cutter Data 1 {'radio_id': 1
9195	14:30:01: Orientation {'radio_id': 1
9196	14:30:01: Position Data {'radio_id': 1
9197	14:30:01: Orientation {'radio_id': 1
9198	14:30:01: Orientation {'radio_id': 1
9199	14:30:02: Orientation {'radio_id': 1
9200	14:30:02: Orientation {'radio_id': 1
9201	14:30:02: Orientation {'radio_id': 1
9202	14:30:02: Position Data {'radio_id': 1
9203	14:30:02: Pyro Info {'radio_id': 1
9204	14:30:02: Line Cutter Data 1 {'radio_id': 1
9205	14:30:02: Line Cutter Data 5 {'radio_id': 1
9206	14:30:02: Alt Info & Cfg {'radio_id': 1
9207	14:30:02: Orientation {'radio_id': 1
9208	14:30:02: Position Data {'radio_id': 1
9209	14:30:02: Orientation {'radio_id': 1
9210	14:30:02: Position Data {'radio_id': 1
9211	14:30:02: Line Cutter Vars 1 {'radio_id': 1
9212	14:30:02: Line Cutter Vars 5 {'radio_id': 1
9213	14:30:03: Orientation {'radio_id': 1
9214	14:30:03: Position Data {'radio_id': 1
9215	14:30:03: Orientation {'radio_id': 1
9216	14:30:03: Orientation {'radio_id': 1
9217	14:30:03: Pyro Info {'radio_id': 1
9218	14:30:03: Line Cutter Data 1 {'radio_id': 1
9219	14:30:03: Line Cutter Data 5 {'radio_id': 1
9220	14:30:03: Position Data {'radio_id': 1
9221	14:30:03: Alt Info & Cfg {'radio_id': 1
9222	14:30:03: Orientation {'radio_id': 1
9223	14:30:04: Orientation {'radio_id': 1
9224	14:30:04: Orientation {'radio_id': 1
9225	14:30:04: Orientation {'radio_id': 1
9226	14:30:04: Position Data {'radio_id': 1
9227	14:30:04: Pyro Info {'radio_id': 1
9228	14:30:04: Line Cutter Data 1 {'radio_id': 1
9229	14:30:04: Line Cutter Data 5 {'radio_id': 1
9230	14:30:04: Orientation {'radio_id': 1
9231	14:30:04: Position Data {'radio_id': 1
9232	14:30:04: Orientation {'radio_id': 1
9233	14:30:04: Ground Station GPS {'gs_lat': 44.824625651041664
9234	14:30:05: Orientation {'radio_id': 1
9235	14:30:05: Position Data {'radio_id': 1
9236	14:30:05: Alt Info & Cfg {'radio_id': 1
9237	14:30:05: Orientation {'radio_id': 1
9238	14:30:05: Position Data {'radio_id': 1
9239	14:30:05: Orientation {'radio_id': 1
9240	14:30:05: Position Data {'radio_id': 1
9241	14:30:05: Pyro Info {'radio_id': 1
9242	14:30:05: Line Cutter Data 1 {'radio_id': 1
9243	14:30:05: Line Cutter Data 5 {'radio_id': 1
9244	14:30:05: Position Data {'radio_id': 1
9245	14:30:05: Orientation {'radio_id': 1
9246	14:30:05: Position Data {'radio_id': 1
9247	14:30:06: Orientation {'radio_id': 1
9248	14:30:06: Position Data {'radio_id': 1
9249	14:30:06: Orientation {'radio_id': 1
9250	14:30:06: Alt Info & Cfg {'radio_id': 1
9251	14:30:06: Orientation {'radio_id': 1
9252	14:30:06: Position Data {'radio_id': 1
9253	14:30:06: Pyro Info {'radio_id': 1
9254	14:30:06: Line Cutter Data 1 {'radio_id': 1
9255	14:30:06: Orientation {'radio_id': 1
9256	14:30:06: Position Data {'radio_id': 1
9257	14:30:06: Orientation {'radio_id': 1
9258	14:30:06: Position Data {'radio_id': 1
9259	14:30:07: Ground Station GPS {'gs_lat': 44.824625651041664
9260	14:30:07: Position Data {'radio_id': 1
9261	14:30:07: Orientation {'radio_id': 1
9262	14:30:07: Position Data {'radio_id': 1
9263	14:30:07: Orientation {'radio_id': 1
9264	14:30:07: Position Data {'radio_id': 1
9265	14:30:07: Pyro Info {'radio_id': 1
9266	14:30:07: Line Cutter Data 1 {'radio_id': 1
9267	14:30:07: Orientation {'radio_id': 1
9268	14:30:07: Position Data {'radio_id': 1
9269	14:30:07: Orientation {'radio_id': 1
9270	14:30:07: Position Data {'radio_id': 1
9271	14:30:07: Orientation {'radio_id': 1
9272	14:30:08: Position Data {'radio_id': 1
9273	14:30:08: Orientation {'radio_id': 1
9274	14:30:08: Position Data {'radio_id': 1
9275	14:30:08: Orientation {'radio_id': 1
9276	14:30:08: Pyro Info {'radio_id': 1
9277	14:30:08: Line Cutter Data 5 {'radio_id': 1
9278	14:30:08: Orientation {'radio_id': 1
9279	14:30:08: Alt Info & Cfg {'radio_id': 1
9280	14:30:08: Orientation {'radio_id': 1
9281	14:30:08: Position Data {'radio_id': 1
9282	14:30:09: Ground Station GPS {'gs_lat': 44.824625651041664
9283	14:30:09: Orientation {'radio_id': 1
9284	14:30:09: Position Data {'radio_id': 1
9285	14:30:09: Orientation {'radio_id': 1
9286	14:30:09: Position Data {'radio_id': 1
9287	14:30:09: Orientation {'radio_id': 1
9288	14:30:09: Position Data {'radio_id': 1
9289	14:30:09: Pyro Info {'radio_id': 1
9290	14:30:09: Line Cutter Data 1 {'radio_id': 1
9291	14:30:09: Line Cutter Data 5 {'radio_id': 1
9292	14:30:09: Position Data {'radio_id': 1
9293	14:30:09: Orientation {'radio_id': 1
9294	14:30:09: Position Data {'radio_id': 1
9295	14:30:09: Alt Info & Cfg {'radio_id': 1
9296	14:30:10: Orientation {'radio_id': 1
9297	14:30:10: Position Data {'radio_id': 1
9298	14:30:10: Orientation {'radio_id': 1
9299	14:30:10: Position Data {'radio_id': 1
9300	14:30:10: Orientation {'radio_id': 1
9301	14:30:10: Position Data {'radio_id': 1
9302	14:30:10: Line Cutter Data 1 {'radio_id': 1
9303	14:30:10: Line Cutter Data 5 {'radio_id': 1
9304	14:30:10: Orientation {'radio_id': 1
9305	14:30:10: Position Data {'radio_id': 1
9306	14:30:10: Orientation {'radio_id': 1
9307	14:30:10: Position Data {'radio_id': 1
9308	14:30:11: Ground Station GPS {'gs_lat': 44.824625651041664
9309	14:30:11: Position Data {'radio_id': 1
9310	14:30:11: Orientation {'radio_id': 1
9311	14:30:11: Position Data {'radio_id': 1
9312	14:30:11: Orientation {'radio_id': 1
9313	14:30:11: Position Data {'radio_id': 1
9314	14:30:11: Line Cutter Data 1 {'radio_id': 1
9315	14:30:11: Line Cutter Data 5 {'radio_id': 1
9316	14:30:11: Orientation {'radio_id': 1
9317	14:30:11: Position Data {'radio_id': 1
9318	14:30:11: Orientation {'radio_id': 1
9319	14:30:11: Position Data {'radio_id': 1
9320	14:30:12: Orientation {'radio_id': 1
9321	14:30:12: Position Data {'radio_id': 1
9322	14:30:12: Orientation {'radio_id': 1
9323	14:30:12: Position Data {'radio_id': 1
9324	14:30:12: Orientation {'radio_id': 1
9325	14:30:12: Position Data {'radio_id': 1
9326	14:30:12: Alt Info & Cfg {'radio_id': 1
9327	14:30:12: Pyro Info {'radio_id': 1
9328	14:30:12: Line Cutter Data 1 {'radio_id': 1
9329	14:30:12: Line Cutter Data 5 {'radio_id': 1
9330	14:30:12: Orientation {'radio_id': 1
9331	14:30:12: Position Data {'radio_id': 1
9332	14:30:12: Orientation {'radio_id': 1
9333	14:30:12: Position Data {'radio_id': 1
9334	14:30:12: Line Cutter Vars 5 {'radio_id': 1
9335	14:30:13: Ground Station GPS {'gs_lat': 44.824625651041664
9336	14:30:13: Position Data {'radio_id': 1
9337	14:30:13: Orientation {'radio_id': 1
9338	14:30:13: Position Data {'radio_id': 1
9339	14:30:13: Orientation {'radio_id': 1
9340	14:30:13: Position Data {'radio_id': 1
9341	14:30:13: Orientation {'radio_id': 1
9342	14:30:13: Position Data {'radio_id': 1
9343	14:30:13: Line Cutter Data 1 {'radio_id': 1
9344	14:30:13: Alt Info & Cfg {'radio_id': 1
9345	14:30:13: Position Data {'radio_id': 1
9346	14:30:14: Orientation {'radio_id': 1
9347	14:30:14: Orientation {'radio_id': 1
9348	14:30:14: Position Data {'radio_id': 1
9349	14:30:14: Orientation {'radio_id': 1
9350	14:30:14: Position Data {'radio_id': 1
9351	14:30:14: Orientation {'radio_id': 1
9352	14:30:14: Position Data {'radio_id': 1
9353	14:30:14: Line Cutter Data 1 {'radio_id': 1
9354	14:30:14: Line Cutter Data 5 {'radio_id': 1
9355	14:30:14: Orientation {'radio_id': 1
9356	14:30:14: Position Data {'radio_id': 1
9357	14:30:14: Alt Info & Cfg {'radio_id': 1
9358	14:30:15: Ground Station GPS {'gs_lat': 44.824625651041664
9359	14:30:15: Position Data {'radio_id': 1
9360	14:30:15: Orientation {'radio_id': 1
9361	14:30:15: Orientation {'radio_id': 1
9362	14:30:15: Position Data {'radio_id': 1
9363	14:30:15: Orientation {'radio_id': 1
9364	14:30:15: Position Data {'radio_id': 1
9365	14:30:15: Pyro Info {'radio_id': 1
9366	14:30:15: Line Cutter Data 1 {'radio_id': 1
9367	14:30:15: Orientation {'radio_id': 1
9368	14:30:15: Position Data {'radio_id': 1
9369	14:30:16: Orientation {'radio_id': 1
9370	14:30:16: Position Data {'radio_id': 1
9371	14:30:16: Alt Info & Cfg {'radio_id': 1
9372	14:30:16: Orientation {'radio_id': 1
9373	14:30:16: Orientation {'radio_id': 1
9374	14:30:16: Orientation {'radio_id': 1
9375	14:30:16: Position Data {'radio_id': 1
9376	14:30:16: Pyro Info {'radio_id': 1
9377	14:30:16: Line Cutter Data 1 {'radio_id': 1
9378	14:30:16: Line Cutter Data 5 {'radio_id': 1
9379	14:30:16: Orientation {'radio_id': 1
9380	14:30:16: Ground Station GPS {'gs_lat': 44.824625651041664
9381	14:30:17: Orientation {'radio_id': 1
9382	14:30:17: Position Data {'radio_id': 1
9383	14:30:17: Orientation {'radio_id': 1
9384	14:30:17: Orientation {'radio_id': 1
9385	14:30:17: Alt Info & Cfg {'radio_id': 1
9386	14:30:17: Orientation {'radio_id': 1
9387	14:30:17: Position Data {'radio_id': 1
9388	14:30:17: Pyro Info {'radio_id': 1
9389	14:30:17: Line Cutter Data 1 {'radio_id': 1
9390	14:30:17: Orientation {'radio_id': 1
9391	14:30:17: Position Data {'radio_id': 1
9392	14:30:18: Orientation {'radio_id': 1
9393	14:30:18: Position Data {'radio_id': 1
9394	14:30:18: Orientation {'radio_id': 1
9395	14:30:18: Position Data {'radio_id': 1
9396	14:30:18: Orientation {'radio_id': 1
9397	14:30:18: Position Data {'radio_id': 1
9398	14:30:18: Orientation {'radio_id': 1
9399	14:30:18: Position Data {'radio_id': 1
9400	14:30:18: Pyro Info {'radio_id': 1
9401	14:30:18: Line Cutter Data 1 {'radio_id': 1
9402	14:30:18: Line Cutter Data 5 {'radio_id': 1
9403	14:30:18: Orientation {'radio_id': 1
9404	14:30:19: Ground Station GPS {'gs_lat': 44.824625651041664
9405	14:30:19: Position Data {'radio_id': 1
9406	14:30:19: Orientation {'radio_id': 1
9407	14:30:19: Orientation {'radio_id': 1
9408	14:30:19: Position Data {'radio_id': 1
9409	14:30:19: Orientation {'radio_id': 1
9410	14:30:19: Position Data {'radio_id': 1
9411	14:30:19: Pyro Info {'radio_id': 1
9412	14:30:19: Line Cutter Data 1 {'radio_id': 1
9413	14:30:19: Line Cutter Data 5 {'radio_id': 1
9414	14:30:19: Orientation {'radio_id': 1
9415	14:30:19: Position Data {'radio_id': 1
9416	14:30:19: Alt Info & Cfg {'radio_id': 1
9417	14:30:20: Orientation {'radio_id': 1
9418	14:30:20: Position Data {'radio_id': 1
9419	14:30:20: Orientation {'radio_id': 1
9420	14:30:20: Position Data {'radio_id': 1
9421	14:30:20: Orientation {'radio_id': 1
9422	14:30:20: Position Data {'radio_id': 1
9423	14:30:20: Position Data {'radio_id': 1
9424	14:30:20: Pyro Info {'radio_id': 1
9425	14:30:20: Line Cutter Data 1 {'radio_id': 1
9426	14:30:20: Line Cutter Data 5 {'radio_id': 1
9427	14:30:20: Orientation {'radio_id': 1
9428	14:30:20: Position Data {'radio_id': 1
9429	14:30:21: Ground Station GPS {'gs_lat': 44.824625651041664
9430	14:30:21: Position Data {'radio_id': 1
9431	14:30:21: Alt Info & Cfg {'radio_id': 1
9432	14:30:21: Orientation {'radio_id': 1
9433	14:30:21: Orientation {'radio_id': 1
9434	14:30:21: Orientation {'radio_id': 1
9435	14:30:21: Position Data {'radio_id': 1
9436	14:30:22: Pyro Info {'radio_id': 1
9437	14:30:22: Line Cutter Data 1 {'radio_id': 1
9438	14:30:22: Line Cutter Data 5 {'radio_id': 1
9439	14:30:22: Position Data {'radio_id': 1
9440	14:30:22: Orientation {'radio_id': 1
9441	14:30:22: Position Data {'radio_id': 1
9442	14:30:22: Orientation {'radio_id': 1
9443	14:30:22: Position Data {'radio_id': 1
9444	14:30:22: Pyro Info {'radio_id': 1
9445	14:30:22: Line Cutter Data 1 {'radio_id': 1
9446	14:30:22: Line Cutter Data 5 {'radio_id': 1
9447	14:30:22: Position Data {'radio_id': 1
9448	14:30:22: Line Cutter Vars 1 {'radio_id': 1
9449	14:30:22: Line Cutter Vars 5 {'radio_id': 1
9450	14:30:23: Ground Station GPS {'gs_lat': 44.824625651041664
9451	14:30:23: Position Data {'radio_id': 1
9452	14:30:23: Orientation {'radio_id': 1
9453	14:30:23: Position Data {'radio_id': 1
9454	14:30:23: Orientation {'radio_id': 1
9455	14:30:23: Position Data {'radio_id': 1
9456	14:30:23: Orientation {'radio_id': 1
9457	14:30:23: Position Data {'radio_id': 1
9458	14:30:23: Alt Info & Cfg {'radio_id': 1
9459	14:30:23: Line Cutter Data 1 {'radio_id': 1
9460	14:30:23: Line Cutter Data 5 {'radio_id': 1
9461	14:30:23: Orientation {'radio_id': 1
9462	14:30:23: Position Data {'radio_id': 1
9463	14:30:24: Orientation {'radio_id': 1
9464	14:30:24: Orientation {'radio_id': 1
9465	14:30:24: Position Data {'radio_id': 1
9466	14:30:24: Orientation {'radio_id': 1
9467	14:30:24: Orientation {'radio_id': 1
9468	14:30:24: Pyro Info {'radio_id': 1
9469	14:30:24: Line Cutter Data 5 {'radio_id': 1
9470	14:30:24: Orientation {'radio_id': 1
9471	14:30:24: Position Data {'radio_id': 1
9472	14:30:24: Alt Info & Cfg {'radio_id': 1
9473	14:30:25: Ground Station GPS {'gs_lat': 44.824625651041664
9474	14:30:25: Position Data {'radio_id': 1
9475	14:30:25: Orientation {'radio_id': 1
9476	14:30:25: Position Data {'radio_id': 1
9477	14:30:25: Orientation {'radio_id': 1
9478	14:30:25: Orientation {'radio_id': 1
9479	14:30:25: Pyro Info {'radio_id': 1
9480	14:30:25: Line Cutter Data 1 {'radio_id': 1
9481	14:30:25: Line Cutter Data 5 {'radio_id': 1
9482	14:30:25: Orientation {'radio_id': 1
9483	14:30:25: Position Data {'radio_id': 1
9484	14:30:26: Orientation {'radio_id': 1
9485	14:30:26: Position Data {'radio_id': 1
9486	14:30:26: Alt Info & Cfg {'radio_id': 1
9487	14:30:26: Orientation {'radio_id': 1
9488	14:30:26: Position Data {'radio_id': 1
9489	14:30:26: Orientation {'radio_id': 1
9490	14:30:26: Position Data {'radio_id': 1
9491	14:30:26: Orientation {'radio_id': 1
9492	14:30:26: Position Data {'radio_id': 1
9493	14:30:26: Orientation {'radio_id': 1
9494	14:30:26: Position Data {'radio_id': 1
9495	14:30:26: Pyro Info {'radio_id': 1
9496	14:30:26: Line Cutter Data 1 {'radio_id': 1
9497	14:30:27: Line Cutter Data  {'radio_id': 1
9498	14:30:27: Orientation {'radio_id': 1
9499	14:30:27: Position Data {'radio_id': 1
9500	14:30:27: Orientation {'radio_id': 1
9501	14:30:27: Position Data {'radio_id': 1
9502	14:30:27: Alt Info & Cfg {'radio_id': 1
9503	14:30:27: Orientation {'radio_id': 1
9504	14:30:27: Position Data {'radio_id': 1
9505	14:30:27: Orientation {'radio_id': 1
9506	14:30:27: Position Data {'radio_id': 1
9507	14:30:27: Orientation {'radio_id': 1
9508	14:30:27: Pyro Info {'radio_id': 1
9509	14:30:28: Line Cutter Data 5 {'radio_id': 1
9510	14:30:28: Orientation {'radio_id': 1
9511	14:30:28: Position Data {'radio_id': 1
9512	14:30:28: Orientation {'radio_id': 1
9513	14:30:28: Position Data {'radio_id': 1
9514	14:30:28: Orientation {'radio_id': 1
9515	14:30:28: Alt Info & Cfg {'radio_id': 1
9516	14:30:28: Orientation {'radio_id': 1
9517	14:30:28: Orientation {'radio_id': 1
9518	14:30:28: Position Data {'radio_id': 1
9519	14:30:28: Pyro Info {'radio_id': 1
9520	14:30:28: Line Cutter Data 1 {'radio_id': 1
9521	14:30:29: Line Cutter Data 5 {'radio_id': 1
9522	14:30:29: Orientation {'radio_id': 1
9523	14:30:29: Position Data {'radio_id': 1
9524	14:30:29: Orientation {'radio_id': 1
9525	14:30:29: Position Data {'radio_id': 1
9526	14:30:29: Orientation {'radio_id': 1
9527	14:30:29: Orientation {'radio_id': 1
9528	14:30:29: Orientation {'radio_id': 1
9529	14:30:29: Alt Info & Cfg {'radio_id': 1
9530	14:30:30: Line Cutter Data 1 {'radio_id': 1
9531	14:30:30: Line Cutter Data 5 {'radio_id': 1
9532	14:30:30: Position Data {'radio_id': 1
9533	14:30:30: Orientation {'radio_id': 1
9534	14:30:30: Position Data {'radio_id': 1
9535	14:30:30: Orientation {'radio_id': 1
9536	14:30:30: Position Data {'radio_id': 1
9537	14:30:30: Orientation {'radio_id': 1
9538	14:30:30: Position Data {'radio_id': 1
9539	14:30:30: Orientation {'radio_id': 1
9540	14:30:30: Position Data {'radio_id': 1
9541	14:30:30: Pyro Info {'radio_id': 1
9542	14:30:31: Line Cutter Data 1 {'radio_id': 1
9543	14:30:31: Ground Station GPS {'gs_lat': 44.824625651041664
9544	14:30:31: Orientation {'radio_id': 1
9545	14:30:31: Position Data {'radio_id': 1
9546	14:30:31: Alt Info & Cfg {'radio_id': 1
9547	14:30:31: Orientation {'radio_id': 1
9548	14:30:31: Position Data {'radio_id': 1
9549	14:30:31: Orientation {'radio_id': 1
9550	14:30:31: Position Data {'radio_id': 1
9551	14:30:31: Orientation {'radio_id': 1
9552	14:30:31: Position Data {'radio_id': 1
9553	14:30:31: Orientation {'radio_id': 1
9554	14:30:31: Position Data {'radio_id': 1
9555	14:30:31: Pyro Info {'radio_id': 1
9556	14:30:31: Line Cutter Data 1 {'radio_id': 1
9557	14:30:32: Line Cutter Data 5 {'radio_id': 1
9558	14:30:32: Orientation {'radio_id': 1
9559	14:30:32: Position Data {'radio_id': 1
9560	14:30:32: Orientation {'radio_id': 1
9561	14:30:32: Position Data {'radio_id': 1
9562	14:30:32: Alt Info & Cfg {'radio_id': 1
9563	14:30:32: Orientation {'radio_id': 1
9564	14:30:32: Orientation {'radio_id': 1
9565	14:30:32: Position Data {'radio_id': 1
9566	14:30:32: Orientation {'radio_id': 1
9567	14:30:32: Pyro Info {'radio_id': 1
9568	14:30:33: Line Cutter Data 5 {'radio_id': 1
9569	14:30:33: Line Cutter Vars 5 {'radio_id': 1
9570	14:30:33: Orientation {'radio_id': 1
9571	14:30:33: Orientation {'radio_id': 1
9572	14:30:33: Position Data {'radio_id': 1
9573	14:30:33: Orientation {'radio_id': 1
9574	14:30:33: Alt Info & Cfg {'radio_id': 1
9575	14:30:33: Orientation {'radio_id': 1
9576	14:30:33: Orientation {'radio_id': 1
9577	14:30:33: Pyro Info {'radio_id': 1
9578	14:30:33: Line Cutter Data 1 {'radio_id': 1
9579	14:30:34: Line Cutter Data 5 {'radio_id': 1
9580	14:30:34: Orientation {'radio_id': 1
9581	14:30:34: Position Data {'radio_id': 1
9582	14:30:34: Orientation {'radio_id': 1
9583	14:30:34: Position Data {'radio_id': 1
9584	14:30:34: Orientation {'radio_id': 1
9585	14:30:34: Position Data {'radio_id': 1
9586	14:30:34: Orientation {'radio_id': 1
9587	14:30:34: Position Data {'radio_id': 1
9588	14:30:34: Orientation {'radio_id': 1
9589	14:30:34: Position Data {'radio_id': 1
9590	14:30:34: Pyro Info {'radio_id': 1
9591	14:30:34: Line Cutter Data 1 {'radio_id': 1
9592	14:30:35: Line Cutter Data 5 {'radio_id': 1
9593	14:30:35: Ground Station GPS {'gs_lat': 44.824625651041664
9594	14:30:35: Position Data {'radio_id': 1
9595	14:30:35: Orientation {'radio_id': 1
9596	14:30:35: Position Data {'radio_id': 1
9597	14:30:35: Orientation {'radio_id': 1
9598	14:30:35: Position Data {'radio_id': 1
9599	14:30:35: Orientation {'radio_id': 1
9600	14:30:35: Position Data {'radio_id': 1
9601	14:30:35: Orientation {'radio_id': 1
9602	14:30:35: Position Data {'radio_id': 1
9603	14:30:35: Pyro Info {'radio_id': 1
9604	14:30:36: Line Cutter Data 5 {'radio_id': 1
9605	14:30:36: Position Data {'radio_id': 1
9606	14:30:36: Alt Info & Cfg {'radio_id': 1
9607	14:30:36: Orientation {'radio_id': 1
9608	14:30:36: Position Data {'radio_id': 1
9609	14:30:36: Orientation {'radio_id': 1
9610	14:30:36: Orientation {'radio_id': 1
9611	14:30:36: Orientation {'radio_id': 1
9612	14:30:36: Position Data {'radio_id': 1
9613	14:30:36: Pyro Info {'radio_id': 1
9614	14:30:37: Line Cutter Data 1 {'radio_id': 1
9615	14:30:37: Orientation {'radio_id': 1
9616	14:30:37: Position Data {'radio_id': 1
9617	14:30:37: Orientation {'radio_id': 1
9618	14:30:37: Position Data {'radio_id': 1
9619	14:30:37: Orientation {'radio_id': 1
9620	14:30:37: Position Data {'radio_id': 1
9621	14:30:37: Orientation {'radio_id': 1
9622	14:30:37: Position Data {'radio_id': 1
9623	14:30:37: Orientation {'radio_id': 1
9624	14:30:37: Position Data {'radio_id': 1
9625	14:30:37: Pyro Info {'radio_id': 1
9626	14:30:38: Line Cutter Data 1 {'radio_id': 1
9627	14:30:38: Orientation {'radio_id': 1
9628	14:30:38: Position Data {'radio_id': 1
9629	14:30:38: Orientation {'radio_id': 1
9630	14:30:38: Orientation {'radio_id': 1
9631	14:30:38: Position Data {'radio_id': 1
9632	14:30:38: Alt Info & Cfg {'radio_id': 1
9633	14:30:38: Orientation {'radio_id': 1
9634	14:30:38: Position Data {'radio_id': 1
9635	14:30:38: Orientation {'radio_id': 1
9636	14:30:38: Position Data {'radio_id': 1
9637	14:30:38: Pyro Info {'radio_id': 1
9638	14:30:38: Line Cutter Data 1 {'radio_id': 1
9639	14:30:39: Line Cutter Data 5 {'radio_id': 1
9640	14:30:39: Ground Station GPS {'gs_lat': 44.824625651041664
9641	14:30:39: Position Data {'radio_id': 1
9642	14:30:39: Orientation {'radio_id': 1
9643	14:30:39: Position Data {'radio_id': 1
9644	14:30:39: Orientation {'radio_id': 1
9645	14:30:39: Position Data {'radio_id': 1
9646	14:30:39: Orientation {'radio_id': 1
9647	14:30:39: Position Data {'radio_id': 1
9648	14:30:39: Orientation {'radio_id': 1
9649	14:30:39: Position Data {'radio_id': 1
9650	14:30:40: Orientation {'radio_id': 1
9651	14:30:40: Position Data {'radio_id': 1
9652	14:30:40: Pyro Info {'radio_id': 1
9653	14:30:40: Line Cutter Data 1 {'radio_id': 1
9654	14:30:40: Line Cutter Data 5 {'radio_id': 1
9655	14:30:40: Orientation {'radio_id': 1
9656	14:30:40: Position Data {'radio_id': 1
9657	14:30:40: Orientation {'radio_id': 1
9658	14:30:40: Position Data {'radio_id': 1
9659	14:30:40: Orientation {'radio_id': 1
9660	14:30:40: Orientation {'radio_id': 1
9661	14:30:41: Orientation {'radio_id': 1
9662	14:30:41: Ground Station GPS {'gs_lat': 44.824625651041664
9663	14:30:41: Alt Info & Cfg {'radio_id': 1
9664	14:30:41: Pyro Info {'radio_id': 1
9665	14:30:41: Line Cutter Data 1 {'radio_id': 1
9666	14:30:41: Line Cutter Data 5 {'radio_id': 1
9667	14:30:41: Orientation {'radio_id': 1
9668	14:30:41: Position Data {'radio_id': 1
9669	14:30:41: Orientation {'radio_id': 1
9670	14:30:41: Orientation {'radio_id': 1
9671	14:30:41: Position Data {'radio_id': 1
9672	14:30:41: Orientation {'radio_id': 1
9673	14:30:41: Position Data {'radio_id': 1
9674	14:30:42: Orientation {'radio_id': 1
9675	14:30:42: Position Data {'radio_id': 1
9676	14:30:42: Pyro Info {'radio_id': 1
9677	14:30:42: Line Cutter Data 1 {'radio_id': 1
9678	14:30:42: Line Cutter Data 5 {'radio_id': 1
9679	14:30:42: Orientation {'radio_id': 1
9680	14:30:42: Position Data {'radio_id': 1
9681	14:30:42: Alt Info & Cfg {'radio_id': 1
9682	14:30:42: Position Data {'radio_id': 1
9683	14:30:42: Orientation {'radio_id': 1
9684	14:30:42: Position Data {'radio_id': 1
9685	14:30:42: Orientation {'radio_id': 1
9686	14:30:42: Position Data {'radio_id': 1
9687	14:30:42: Line Cutter Vars 5 {'radio_id': 1
9688	14:30:43: Orientation {'radio_id': 1
9689	14:30:43: Ground Station GPS {'gs_lat': 44.824625651041664
9690	14:30:43: Pyro Info {'radio_id': 1
9691	14:30:43: Line Cutter Data 1 {'radio_id': 1
9692	14:30:43: Line Cutter Data 5 {'radio_id': 1
9693	14:30:43: Orientation {'radio_id': 1
9694	14:30:43: Position Data {'radio_id': 1
9695	14:30:43: Orientation {'radio_id': 1
9696	14:30:43: Position Data {'radio_id': 1
9697	14:30:43: Orientation {'radio_id': 1
9698	14:30:43: Position Data {'radio_id': 1
9699	14:30:43: Orientation {'radio_id': 1
9700	14:30:44: Orientation {'radio_id': 1
9701	14:30:44: Pyro Info {'radio_id': 1
9702	14:30:44: Line Cutter Data 5 {'radio_id': 1
9703	14:30:44: Orientation {'radio_id': 1
9704	14:30:44: Position Data {'radio_id': 1
9705	14:30:44: Orientation {'radio_id': 1
9706	14:30:44: Position Data {'radio_id': 1
9707	14:30:44: Orientation {'radio_id': 1
9708	14:30:44: Position Data {'radio_id': 1
9709	14:30:44: Alt Info & Cfg {'radio_id': 1
9710	14:30:44: Orientation {'radio_id': 1
9711	14:30:44: Position Data {'radio_id': 1
9712	14:30:45: Orientation {'radio_id': 1
9713	14:30:45: Ground Station GPS {'gs_lat': 44.824625651041664
9714	14:30:45: Pyro Info {'radio_id': 1
9715	14:30:45: Line Cutter Data 1 {'radio_id': 1
9716	14:30:45: Line Cutter Data 5 {'radio_id': 1
9717	14:30:45: Orientation {'radio_id': 1
9718	14:30:45: Position Data {'radio_id': 1
9719	14:30:45: Orientation {'radio_id': 1
9720	14:30:45: Position Data {'radio_id': 1
9721	14:30:45: Orientation {'radio_id': 1
9722	14:30:45: Position Data {'radio_id': 1
9723	14:30:45: Orientation {'radio_id': 1
9724	14:30:45: Position Data {'radio_id': 1
9725	14:30:46: Orientation {'radio_id': 1
9726	14:30:46: Position Data {'radio_id': 1
9727	14:30:46: Pyro Info {'radio_id': 1
9728	14:30:46: Line Cutter Data 1 {'radio_id': 1
9729	14:30:46: Line Cutter Data 5 {'radio_id': 1
9730	14:30:46: Position Data {'radio_id': 1
9731	14:30:46: Orientation {'radio_id': 1
9732	14:30:46: Position Data {'radio_id': 1
9733	14:30:46: Orientation {'radio_id': 1
9734	14:30:46: Position Data {'radio_id': 1
9735	14:30:46: Orientation {'radio_id': 1
9736	14:30:46: Position Data {'radio_id': 1
9737	14:30:47: Orientation {'radio_id': 1
9738	14:30:47: Position Data {'radio_id': 1
9739	14:30:47: Pyro Info {'radio_id': 1
9740	14:30:47: Line Cutter Data 1 {'radio_id': 1
9741	14:30:47: Line Cutter Data 5 {'radio_id': 1
9742	14:30:47: Orientation {'radio_id': 1
9743	14:30:47: Position Data {'radio_id': 1
9744	14:30:47: Alt Info & Cfg {'radio_id': 1
9745	14:30:47: Orientation {'radio_id': 1
9746	14:30:47: Position Data {'radio_id': 1
9747	14:30:47: Orientation {'radio_id': 1
9748	14:30:47: Orientation {'radio_id': 1
9749	14:30:47: Position Data {'radio_id': 1
9750	14:30:48: Orientation {'radio_id': 1
9751	14:30:48: Position Data {'radio_id': 1
9752	14:30:48: Pyro Info {'radio_id': 1
9753	14:30:48: Line Cutter Data 1 {'radio_id': 1
9754	14:30:48: Line Cutter Data 5 {'radio_id': 1
9755	14:30:48: Position Data {'radio_id': 1
9756	14:30:48: Orientation {'radio_id': 1
9757	14:30:48: Alt Info & Cfg {'radio_id': 1
9758	14:30:48: Orientation {'radio_id': 1
9759	14:30:48: Position Data {'radio_id': 1
9760	14:30:48: Orientation {'radio_id': 1
9761	14:30:48: Position Data {'radio_id': 1
9762	14:30:49: Orientation {'radio_id': 1
9763	14:30:49: Pyro Info {'radio_id': 1
9764	14:30:49: Line Cutter Data 5 {'radio_id': 1
9765	14:30:49: Position Data {'radio_id': 1
9766	14:30:49: Orientation {'radio_id': 1
9767	14:30:49: Position Data {'radio_id': 1
9768	14:30:49: Orientation {'radio_id': 1
9769	14:30:49: Alt Info & Cfg {'radio_id': 1
9770	14:30:49: Orientation {'radio_id': 1
9771	14:30:49: Position Data {'radio_id': 1
9772	14:30:50: Orientation {'radio_id': 1
9773	14:30:50: Position Data {'radio_id': 1
9774	14:30:50: Line Cutter Data 1 {'radio_id': 1
9775	14:30:50: Line Cutter Data 5 {'radio_id': 1
9776	14:30:50: Orientation {'radio_id': 1
9777	14:30:50: Position Data {'radio_id': 1
9778	14:30:50: Orientation {'radio_id': 1
9779	14:30:50: Position Data {'radio_id': 1
9780	14:30:50: Orientation {'radio_id': 1
9781	14:30:50: Position Data {'radio_id': 1
9782	14:30:50: Orientation {'radio_id': 1
9783	14:30:50: Position Data {'radio_id': 1
9784	14:30:50: Alt Info & Cfg {'radio_id': 1
9785	14:30:51: Orientation {'radio_id': 1
9786	14:30:51: Position Data {'radio_id': 1
9787	14:30:51: Orientation {'radio_id': 1
9788	14:30:51: Position Data {'radio_id': 1
9789	14:30:51: Line Cutter Data 1 {'radio_id': 1
9790	14:30:51: Orientation {'radio_id': 1
9791	14:30:51: Position Data {'radio_id': 1
9792	14:30:51: Orientation {'radio_id': 1
9793	14:30:51: Position Data {'radio_id': 1
9794	14:30:51: Orientation {'radio_id': 1
9795	14:30:51: Position Data {'radio_id': 1
9796	14:30:52: Orientation {'radio_id': 1
9797	14:30:52: Position Data {'radio_id': 1
9798	14:30:52: Alt Info & Cfg {'radio_id': 1
9799	14:30:52: Orientation {'radio_id': 1
9800	14:30:52: Position Data {'radio_id': 1
9801	14:30:52: Pyro Info {'radio_id': 1
9802	14:30:52: Line Cutter Data 1 {'radio_id': 1
9803	14:30:52: Line Cutter Data 5 {'radio_id': 1
9804	14:30:52: Orientation {'radio_id': 1
9805	14:30:52: Orientation {'radio_id': 1
9806	14:30:52: Position Data {'radio_id': 1
9807	14:30:52: Orientation {'radio_id': 1
9808	14:30:52: Position Data {'radio_id': 1
9809	14:30:52: Line Cutter Vars 5 {'radio_id': 1
9810	14:30:53: Orientation {'radio_id': 1
9811	14:30:53: Position Data {'radio_id': 1
9812	14:30:53: Orientation {'radio_id': 1
9813	14:30:53: Position Data {'radio_id': 1
9814	14:30:53: Pyro Info {'radio_id': 1
9815	14:30:53: Line Cutter Data 1 {'radio_id': 1
9816	14:30:53: Orientation {'radio_id': 1
9817	14:30:53: Alt Info & Cfg {'radio_id': 1
9818	14:30:53: Orientation {'radio_id': 1
9819	14:30:53: Position Data {'radio_id': 1
9820	14:30:53: Orientation {'radio_id': 1
9821	14:30:53: Position Data {'radio_id': 1
9822	14:30:54: Orientation {'radio_id': 1
9823	14:30:54: Position Data {'radio_id': 1
9824	14:30:54: Orientation {'radio_id': 1
9825	14:30:54: Position Data {'radio_id': 1
9826	14:30:54: Pyro Info {'radio_id': 1
9827	14:30:54: Line Cutter Data 1 {'radio_id': 1
9828	14:30:54: Line Cutter Data 5 {'radio_id': 1
9829	14:30:54: Orientation {'radio_id': 1
9830	14:30:54: Position Data {'radio_id': 1
9831	14:30:54: Orientation {'radio_id': 1
9832	14:30:54: Position Data {'radio_id': 1
9833	14:30:54: Alt Info & Cfg {'radio_id': 1
9834	14:30:54: Orientation {'radio_id': 1
9835	14:30:54: Position Data {'radio_id': 1
9836	14:30:55: Orientation {'radio_id': 1
9837	14:30:55: Orientation {'radio_id': 1
9838	14:30:55: Position Data {'radio_id': 1
9839	14:30:55: Pyro Info {'radio_id': 1
9840	14:30:55: Line Cutter Data 1 {'radio_id': 1
9841	14:30:55: Line Cutter Data 5 {'radio_id': 1
9842	14:30:55: Orientation {'radio_id': 1
9843	14:30:55: Position Data {'radio_id': 1
9844	14:30:55: Orientation {'radio_id': 1
9845	14:30:55: Position Data {'radio_id': 1
9846	14:30:55: Orientation {'radio_id': 1
9847	14:30:55: Alt Info & Cfg {'radio_id': 1
9848	14:30:56: Orientation {'radio_id': 1
9849	14:30:56: Position Data {'radio_id': 1
9850	14:30:56: Orientation {'radio_id': 1
9851	14:30:56: Position Data {'radio_id': 1
9852	14:30:56: Pyro Info {'radio_id': 1
9853	14:30:56: Line Cutter Data 1 {'radio_id': 1
9854	14:30:56: Line Cutter Data 5 {'radio_id': 1
9855	14:30:56: Position Data {'radio_id': 1
9856	14:30:56: Orientation {'radio_id': 1
9857	14:30:56: Position Data {'radio_id': 1
9858	14:30:56: Orientation {'radio_id': 1
9859	14:30:56: Position Data {'radio_id': 1
9860	14:30:57: Orientation {'radio_id': 1
9861	14:30:57: Position Data {'radio_id': 1
9862	14:30:57: Orientation {'radio_id': 1
9863	14:30:57: Position Data {'radio_id': 1
9864	14:30:57: Line Cutter Data 1 {'radio_id': 1
9865	14:30:57: Line Cutter Data 5 {'radio_id': 1
9866	14:30:57: Orientation {'radio_id': 1
9867	14:30:57: Position Data {'radio_id': 1
9868	14:30:57: Orientation {'radio_id': 1
9869	14:30:57: Position Data {'radio_id': 1
9870	14:30:57: Orientation {'radio_id': 1
9871	14:30:57: Position Data {'radio_id': 1
9872	14:30:58: Orientation {'radio_id': 1
9873	14:30:58: Orientation {'radio_id': 1
9874	14:30:58: Position Data {'radio_id': 1
9875	14:30:58: Line Cutter Data 1 {'radio_id': 1
9876	14:30:58: Line Cutter Data 5 {'radio_id': 1
9877	14:30:58: Orientation {'radio_id': 1
9878	14:30:58: Position Data {'radio_id': 1
9879	14:30:58: Orientation {'radio_id': 1
9880	14:30:58: Position Data {'radio_id': 1
9881	14:30:58: Orientation {'radio_id': 1
9882	14:30:58: Position Data {'radio_id': 1
9883	14:30:59: Orientation {'radio_id': 1
9884	14:30:59: Position Data {'radio_id': 1
9885	14:30:59: Orientation {'radio_id': 1
9886	14:30:59: Position Data {'radio_id': 1
9887	14:30:59: Pyro Info {'radio_id': 1
9888	14:30:59: Line Cutter Data 5 {'radio_id': 1
9889	14:30:59: Orientation {'radio_id': 1
9890	14:30:59: Position Data {'radio_id': 1
9891	14:30:59: Orientation {'radio_id': 1
9892	14:30:59: Position Data {'radio_id': 1
9893	14:30:59: Alt Info & Cfg {'radio_id': 1
9894	14:30:59: Orientation {'radio_id': 1
9895	14:30:59: Position Data {'radio_id': 1
9896	14:31:00: Orientation {'radio_id': 1
9897	14:31:00: Position Data {'radio_id': 1
9898	14:31:00: Orientation {'radio_id': 1
9899	14:31:00: Position Data {'radio_id': 1
9900	14:31:00: Line Cutter Data 1 {'radio_id': 1
9901	14:31:00: Orientation {'radio_id': 1
9902	14:31:00: Orientation {'radio_id': 1
9903	14:31:00: Position Data {'radio_id': 1
9904	14:31:00: Orientation {'radio_id': 1
9905	14:31:00: Position Data {'radio_id': 1
9906	14:31:01: Orientation {'radio_id': 1
9907	14:31:01: Position Data {'radio_id': 1
9908	14:31:01: Ground Station GPS {'gs_lat': 44.824625651041664
9909	14:31:01: Orientation {'radio_id': 1
9910	14:31:01: Position Data {'radio_id': 1
9911	14:31:01: Line Cutter Data 1 {'radio_id': 1
9912	14:31:01: Line Cutter Data 5 {'radio_id': 1
9913	14:31:01: Position Data {'radio_id': 1
9914	14:31:01: Orientation {'radio_id': 1
9915	14:31:01: Position Data {'radio_id': 1
9916	14:31:01: Orientation {'radio_id': 1
9917	14:31:02: Orientation {'radio_id': 1
9918	14:31:02: Position Data {'radio_id': 1
9919	14:31:02: Orientation {'radio_id': 1
9920	14:31:02: Position Data {'radio_id': 1
9921	14:31:02: Orientation {'radio_id': 1
9922	14:31:02: Position Data {'radio_id': 1
9923	14:31:02: Line Cutter Data 1 {'radio_id': 1
9924	14:31:02: Line Cutter Data 5 {'radio_id': 1
9925	14:31:02: Position Data {'radio_id': 1
9926	14:31:02: Orientation {'radio_id': 1
9927	14:31:02: Position Data {'radio_id': 1
9928	14:31:02: Line Cutter Vars 5 {'radio_id': 1
9929	14:31:03: Orientation {'radio_id': 1
9930	14:31:03: Position Data {'radio_id': 1
9931	14:31:03: Ground Station GPS {'gs_lat': 44.824625651041664
9932	14:31:03: Orientation {'radio_id': 1
9933	14:31:03: Position Data {'radio_id': 1
9934	14:31:03: Alt Info & Cfg {'radio_id': 1
9935	14:31:03: Orientation {'radio_id': 1
9936	14:31:03: Pyro Info {'radio_id': 1
9937	14:31:03: Line Cutter Data 5 {'radio_id': 1
9938	14:31:03: Position Data {'radio_id': 1
9939	14:31:03: Orientation {'radio_id': 1
9940	14:31:03: Position Data {'radio_id': 1
9941	14:31:04: Orientation {'radio_id': 1
9942	14:31:04: Orientation {'radio_id': 1
9943	14:31:04: Orientation {'radio_id': 1
9944	14:31:04: Pyro Info {'radio_id': 1
9945	14:31:04: Line Cutter Data 1 {'radio_id': 1
9946	14:31:04: Line Cutter Data 5 {'radio_id': 1
9947	14:31:04: Orientation {'radio_id': 1
9948	14:31:04: Position Data {'radio_id': 1
9949	14:31:04: Alt Info & Cfg {'radio_id': 1
9950	14:31:04: Orientation {'radio_id': 1
9951	14:31:04: Position Data {'radio_id': 1
9952	14:31:05: Orientation {'radio_id': 1
9953	14:31:05: Position Data {'radio_id': 1
9954	14:31:05: Orientation {'radio_id': 1
9955	14:31:05: Position Data {'radio_id': 1
9956	14:31:05: Orientation {'radio_id': 1
9957	14:31:05: Position Data {'radio_id': 1
9958	14:31:05: Pyro Info {'radio_id': 1
9959	14:31:05: Line Cutter Data 1 {'radio_id': 1
9960	14:31:05: Line Cutter Data 5 {'radio_id': 1
9961	14:31:05: Orientation {'radio_id': 1
9962	14:31:05: Position Data {'radio_id': 1
9963	14:31:05: Orientation {'radio_id': 1
9964	14:31:05: Position Data {'radio_id': 1
9965	14:31:06: Orientation {'radio_id': 1
9966	14:31:06: Position Data {'radio_id': 1
9967	14:31:06: Orientation {'radio_id': 1
9968	14:31:06: Position Data {'radio_id': 1
9969	14:31:06: Orientation {'radio_id': 1
9970	14:31:06: Position Data {'radio_id': 1
9971	14:31:06: Pyro Info {'radio_id': 1
9972	14:31:06: Line Cutter Data 1 {'radio_id': 1
9973	14:31:06: Orientation {'radio_id': 1
9974	14:31:06: Position Data {'radio_id': 1
9975	14:31:06: Orientation {'radio_id': 1
9976	14:31:06: Position Data {'radio_id': 1
9977	14:31:07: Orientation {'radio_id': 1
9978	14:31:07: Position Data {'radio_id': 1
9979	14:31:07: Alt Info & Cfg {'radio_id': 1
9980	14:31:07: Orientation {'radio_id': 1
9981	14:31:07: Position Data {'radio_id': 1
9982	14:31:07: Orientation {'radio_id': 1
9983	14:31:07: Position Data {'radio_id': 1
9984	14:31:07: Line Cutter Data 1 {'radio_id': 1
9985	14:31:07: Line Cutter Data 5 {'radio_id': 1
9986	14:31:07: Orientation {'radio_id': 1
9987	14:31:07: Orientation {'radio_id': 1
9988	14:31:07: Position Data {'radio_id': 1
9989	14:31:08: Orientation {'radio_id': 1
9990	14:31:08: Position Data {'radio_id': 1
9991	14:31:08: Orientation {'radio_id': 1
9992	14:31:08: Position Data {'radio_id': 1
9993	14:31:08: Alt Info & Cfg {'radio_id': 1
9994	14:31:08: Orientation {'radio_id': 1
9995	14:31:08: Position Data {'radio_id': 1
9996	14:31:08: Pyro Info {'radio_id': 1
9997	14:31:08: Line Cutter Data 1 {'radio_id': 1
9998	14:31:08: Line Cutter Data 5 {'radio_id': 1
9999	14:31:08: Orientation {'radio_id': 1
10000	14:31:08: Position Data {'radio_id': 1
10001	14:31:08: Orientation {'radio_id': 1
10002	14:31:08: Position Data {'radio_id': 1
10003	14:31:09: Orientation {'radio_id': 1
10004	14:31:09: Position Data {'radio_id': 1
10005	14:31:09: Ground Station GPS {'gs_lat': 44.824625651041664
10006	14:31:09: Orientation {'radio_id': 1
10007	14:31:09: Position Data {'radio_id': 1
10008	14:31:09: Orientation {'radio_id': 1
10009	14:31:09: Position Data {'radio_id': 1
10010	14:31:09: Pyro Info {'radio_id': 1
10011	14:31:09: Line Cutter Data 1 {'radio_id': 1
10012	14:31:09: Line Cutter Data 5 {'radio_id': 1
10013	14:31:09: Alt Info & Cfg {'radio_id': 1
10014	14:31:09: Orientation {'radio_id': 1
10015	14:31:09: Position Data {'radio_id': 1
10016	14:31:09: Position Data {'radio_id': 1
10017	14:31:10: Orientation {'radio_id': 1
10018	14:31:10: Position Data {'radio_id': 1
10019	14:31:10: Orientation {'radio_id': 1
10020	14:31:10: Position Data {'radio_id': 1
10021	14:31:10: Orientation {'radio_id': 1
10022	14:31:10: Position Data {'radio_id': 1
10023	14:31:10: Pyro Info {'radio_id': 1
10024	14:31:10: Line Cutter Data 1 {'radio_id': 1
10025	14:31:10: Line Cutter Data 5 {'radio_id': 1
10026	14:31:10: Position Data {'radio_id': 1
10027	14:31:10: Orientation {'radio_id': 1
10028	14:31:10: Alt Info & Cfg {'radio_id': 1
10029	14:31:11: Orientation {'radio_id': 1
10030	14:31:11: Ground Station GPS {'gs_lat': 44.824625651041664
10031	14:31:11: Orientation {'radio_id': 1
10032	14:31:11: Orientation {'radio_id': 1
10033	14:31:11: Pyro Info {'radio_id': 1
10034	14:31:11: Line Cutter Data 1 {'radio_id': 1
10035	14:31:11: Line Cutter Data 5 {'radio_id': 1
10036	14:31:11: Orientation {'radio_id': 1
10037	14:31:11: Position Data {'radio_id': 1
10038	14:31:11: Orientation {'radio_id': 1
10039	14:31:12: Orientation {'radio_id': 1
10040	14:31:12: Position Data {'radio_id': 1
10041	14:31:12: Alt Info & Cfg {'radio_id': 1
10042	14:31:12: Orientation {'radio_id': 1
10043	14:31:12: Position Data {'radio_id': 1
10044	14:31:12: Orientation {'radio_id': 1
10045	14:31:12: Pyro Info {'radio_id': 1
10046	14:31:12: Line Cutter Data 1 {'radio_id': 1
10047	14:31:12: Orientation {'radio_id': 1
10048	14:31:12: Position Data {'radio_id': 1
10049	14:31:12: Orientation {'radio_id': 1
10050	14:31:12: Position Data {'radio_id': 1
10051	14:31:13: Orientation {'radio_id': 1
10052	14:31:13: Position Data {'radio_id': 1
10053	14:31:13: Line Cutter Vars 1 {'radio_id': 1
10054	14:31:13: Line Cutter Vars 5 {'radio_id': 1
10055	14:31:13: Orientation {'radio_id': 1
10056	14:31:13: Position Data {'radio_id': 1
10057	14:31:13: Alt Info & Cfg {'radio_id': 1
10058	14:31:13: Orientation {'radio_id': 1
10059	14:31:13: Position Data {'radio_id': 1
10060	14:31:13: Pyro Info {'radio_id': 1
10061	14:31:13: Line Cutter Data 1 {'radio_id': 1
10062	14:31:13: Line Cutter Data 5 {'radio_id': 1
10063	14:31:13: Position Data {'radio_id': 1
10064	14:31:13: Orientation {'radio_id': 1
10065	14:31:13: Position Data {'radio_id': 1
10066	14:31:14: Orientation {'radio_id': 1
10067	14:31:14: Position Data {'radio_id': 1
10068	14:31:14: Orientation {'radio_id': 1
10069	14:31:14: Orientation {'radio_id': 1
10070	14:31:14: Position Data {'radio_id': 1
10071	14:31:14: Alt Info & Cfg {'radio_id': 1
10072	14:31:14: Orientation {'radio_id': 1
10073	14:31:14: Position Data {'radio_id': 1
10074	14:31:14: Line Cutter Data 1 {'radio_id': 1
10075	14:31:14: Line Cutter Data 5 {'radio_id': 1
10076	14:31:14: Position Data {'radio_id': 1
10077	14:31:15: Orientation {'radio_id': 1
10078	14:31:15: Ground Station GPS {'gs_lat': 44.824625651041664
10079	14:31:15: Orientation {'radio_id': 1
10080	14:31:15: Position Data {'radio_id': 1
10081	14:31:15: Orientation {'radio_id': 1
10082	14:31:15: Position Data {'radio_id': 1
10083	14:31:15: Orientation {'radio_id': 1
10084	14:31:15: Pyro Info {'radio_id': 1
10085	14:31:15: Line Cutter Data 5 {'radio_id': 1
10086	14:31:15: Alt Info & Cfg {'radio_id': 1
10087	14:31:15: Orientation {'radio_id': 1
10088	14:31:16: Orientation {'radio_id': 1
10089	14:31:16: Orientation {'radio_id': 1
10090	14:31:16: Position Data {'radio_id': 1
10091	14:31:16: Orientation {'radio_id': 1
10092	14:31:16: Position Data {'radio_id': 1
10093	14:31:16: Orientation {'radio_id': 1
10094	14:31:16: Position Data {'radio_id': 1
10095	14:31:16: Pyro Info {'radio_id': 1
10096	14:31:16: Line Cutter Data 1 {'radio_id': 1
10097	14:31:16: Line Cutter Data 5 {'radio_id': 1
10098	14:31:16: Orientation {'radio_id': 1
10099	14:31:16: Position Data {'radio_id': 1
10100	14:31:17: Orientation {'radio_id': 1
10101	14:31:17: Position Data {'radio_id': 1
10102	14:31:17: Alt Info & Cfg {'radio_id': 1
10103	14:31:17: Orientation {'radio_id': 1
10104	14:31:17: Position Data {'radio_id': 1
10105	14:31:17: Orientation {'radio_id': 1
10106	14:31:17: Position Data {'radio_id': 1
10107	14:31:17: Orientation {'radio_id': 1
10108	14:31:17: Position Data {'radio_id': 1
10109	14:31:17: Pyro Info {'radio_id': 1
10110	14:31:17: Line Cutter Data 1 {'radio_id': 1
10111	14:31:17: Line Cutter Data 5 {'radio_id': 1
10112	14:31:17: Orientation {'radio_id': 1
10113	14:31:17: Position Data {'radio_id': 1
10114	14:31:18: Orientation {'radio_id': 1
10115	14:31:18: Orientation {'radio_id': 1
10116	14:31:18: Position Data {'radio_id': 1
10117	14:31:18: Alt Info & Cfg {'radio_id': 1
10118	14:31:18: Orientation {'radio_id': 1
10119	14:31:18: Orientation {'radio_id': 1
10120	14:31:18: Position Data {'radio_id': 1
10121	14:31:18: Pyro Info {'radio_id': 1
10122	14:31:18: Line Cutter Data 1 {'radio_id': 1
10123	14:31:18: Orientation {'radio_id': 1
10124	14:31:18: Position Data {'radio_id': 1
10125	14:31:19: Orientation {'radio_id': 1
10126	14:31:19: Position Data {'radio_id': 1
10127	14:31:19: Ground Station GPS {'gs_lat': 44.824625651041664
10128	14:31:19: Orientation {'radio_id': 1
10129	14:31:19: Position Data {'radio_id': 1
10130	14:31:19: Orientation {'radio_id': 1
10131	14:31:19: Position Data {'radio_id': 1
10132	14:31:19: Alt Info & Cfg {'radio_id': 1
10133	14:31:19: Orientation {'radio_id': 1
10134	14:31:19: Position Data {'radio_id': 1
10135	14:31:19: Pyro Info {'radio_id': 1
10136	14:31:19: Line Cutter Data 1 {'radio_id': 1
10137	14:31:19: Line Cutter Data 5 {'radio_id': 1
10138	14:31:19: Orientation {'radio_id': 1
10139	14:31:19: Position Data {'radio_id': 1
10140	14:31:20: Orientation {'radio_id': 1
10141	14:31:20: Position Data {'radio_id': 1
10142	14:31:20: Orientation {'radio_id': 1
10143	14:31:20: Position Data {'radio_id': 1
10144	14:31:20: Orientation {'radio_id': 1
10145	14:31:20: Position Data {'radio_id': 1
10146	14:31:20: Orientation {'radio_id': 1
10147	14:31:20: Position Data {'radio_id': 1
10148	14:31:20: Line Cutter Data 5 {'radio_id': 1
10149	14:31:20: Orientation {'radio_id': 1
10150	14:31:21: Position Data {'radio_id': 1
10151	14:31:21: Orientation {'radio_id': 1
10152	14:31:21: Position Data {'radio_id': 1
10153	14:31:21: Ground Station GPS {'gs_lat': 44.824625651041664
10154	14:31:21: Orientation {'radio_id': 1
10155	14:31:21: Position Data {'radio_id': 1
10156	14:31:21: Orientation {'radio_id': 1
10157	14:31:21: Position Data {'radio_id': 1
10158	14:31:21: Orientation {'radio_id': 1
10159	14:31:21: Position Data {'radio_id': 1
10160	14:31:21: Pyro Info {'radio_id': 1
10161	14:31:21: Line Cutter Data 1 {'radio_id': 1
10162	14:31:21: Line Cutter Data 5 {'radio_id': 1
10163	14:31:21: Position Data {'radio_id': 1
10164	14:31:22: Orientation {'radio_id': 1
10165	14:31:22: Alt Info & Cfg {'radio_id': 1
10166	14:31:22: Orientation {'radio_id': 1
10167	14:31:22: Orientation {'radio_id': 1
10168	14:31:22: Position Data {'radio_id': 1
10169	14:31:22: Orientation {'radio_id': 1
10170	14:31:22: Pyro Info {'radio_id': 1
10171	14:31:22: Line Cutter Data 1 {'radio_id': 1
10172	14:31:22: Line Cutter Data 5 {'radio_id': 1
10173	14:31:22: Orientation {'radio_id': 1
10174	14:31:22: Position Data {'radio_id': 1
10175	14:31:23: Orientation {'radio_id': 1
10176	14:31:23: Position Data {'radio_id': 1
10177	14:31:23: Line Cutter Vars 1 {'radio_id': 1
10178	14:31:23: Orientation {'radio_id': 1
10179	14:31:23: Position Data {'radio_id': 1
10180	14:31:23: Alt Info & Cfg {'radio_id': 1
10181	14:31:23: Orientation {'radio_id': 1
10182	14:31:23: Position Data {'radio_id': 1
10183	14:31:23: Orientation {'radio_id': 1
10184	14:31:23: Pyro Info {'radio_id': 1
10185	14:31:23: Line Cutter Data 1 {'radio_id': 1
10186	14:31:23: Orientation {'radio_id': 1
10187	14:31:23: Position Data {'radio_id': 1
10188	14:31:24: Orientation {'radio_id': 1
10189	14:31:24: Position Data {'radio_id': 1
10190	14:31:24: Orientation {'radio_id': 1
10191	14:31:24: Position Data {'radio_id': 1
10192	14:31:24: Orientation {'radio_id': 1
10193	14:31:24: Position Data {'radio_id': 1
10194	14:31:24: Alt Info & Cfg {'radio_id': 1
10195	14:31:24: Orientation {'radio_id': 1
10196	14:31:24: Position Data {'radio_id': 1
10197	14:31:24: Pyro Info {'radio_id': 1
10198	14:31:24: Line Cutter Data 1 {'radio_id': 1
10199	14:31:24: Line Cutter Data 5 {'radio_id': 1
10200	14:31:24: Orientation {'radio_id': 1
10201	14:31:24: Position Data {'radio_id': 1
10202	14:31:25: Orientation {'radio_id': 1
10203	14:31:25: Position Data {'radio_id': 1
10204	14:31:25: Ground Station GPS {'gs_lat': 44.824625651041664
10205	14:31:25: Orientation {'radio_id': 1
10206	14:31:25: Position Data {'radio_id': 1
10207	14:31:25: Orientation {'radio_id': 1
10208	14:31:25: Orientation {'radio_id': 1
10209	14:31:25: Position Data {'radio_id': 1
10210	14:31:25: Alt Info & Cfg {'radio_id': 1
10211	14:31:25: Pyro Info {'radio_id': 1
10212	14:31:25: Line Cutter Data 1 {'radio_id': 1
10213	14:31:25: Line Cutter Data 5 {'radio_id': 1
10214	14:31:25: Orientation {'radio_id': 1
10215	14:31:25: Position Data {'radio_id': 1
10216	14:31:26: Orientation {'radio_id': 1
10217	14:31:26: Position Data {'radio_id': 1
10218	14:31:26: Orientation {'radio_id': 1
10219	14:31:26: Position Data {'radio_id': 1
10220	14:31:26: Orientation {'radio_id': 1
10221	14:31:26: Position Data {'radio_id': 1
10222	14:31:26: Orientation {'radio_id': 1
10223	14:31:26: Pyro Info {'radio_id': 1
10224	14:31:26: Line Cutter Data 1 {'radio_id': 1
10225	14:31:26: Line Cutter Data 5 {'radio_id': 1
10226	14:31:26: Position Data {'radio_id': 1
10227	14:31:26: Alt Info & Cfg {'radio_id': 1
10228	14:31:27: Orientation {'radio_id': 1
10229	14:31:27: Position Data {'radio_id': 1
10230	14:31:27: Ground Station GPS {'gs_lat': 44.824625651041664
10231	14:31:27: Orientation {'radio_id': 1
10232	14:31:27: Orientation {'radio_id': 1
10233	14:31:27: Orientation {'radio_id': 1
10234	14:31:27: Position Data {'radio_id': 1
10235	14:31:27: Orientation {'radio_id': 1
10236	14:31:27: Position Data {'radio_id': 1
10237	14:31:27: Pyro Info {'radio_id': 1
10238	14:31:28: Line Cutter Data 5 {'radio_id': 1
10239	14:31:28: Orientation {'radio_id': 1
10240	14:31:28: Position Data {'radio_id': 1
10241	14:31:28: Orientation {'radio_id': 1
10242	14:31:28: Alt Info & Cfg {'radio_id': 1
10243	14:31:28: Orientation {'radio_id': 1
10244	14:31:28: Position Data {'radio_id': 1
10245	14:31:28: Orientation {'radio_id': 1
10246	14:31:28: Orientation {'radio_id': 1
10247	14:31:28: Pyro Info {'radio_id': 1
10248	14:31:29: Line Cutter Data 5 {'radio_id': 1
10249	14:31:29: Orientation {'radio_id': 1
10250	14:31:29: Ground Station GPS {'gs_lat': 44.824625651041664
10251	14:31:29: Orientation {'radio_id': 1
10252	14:31:29: Position Data {'radio_id': 1
10253	14:31:29: Orientation {'radio_id': 1
10254	14:31:29: Alt Info & Cfg {'radio_id': 1
10255	14:31:29: Orientation {'radio_id': 1
10256	14:31:29: Position Data {'radio_id': 1
10257	14:31:29: Orientation {'radio_id': 1
10258	14:31:29: Position Data {'radio_id': 1
10259	14:31:30: Line Cutter Data 1 {'radio_id': 1
10260	14:31:30: Orientation {'radio_id': 1
10261	14:31:30: Orientation {'radio_id': 1
10262	14:31:30: Position Data {'radio_id': 1
10263	14:31:30: Orientation {'radio_id': 1
10264	14:31:30: Position Data {'radio_id': 1
10265	14:31:30: Orientation {'radio_id': 1
10266	14:31:30: Position Data {'radio_id': 1
10267	14:31:30: Alt Info & Cfg {'radio_id': 1
10268	14:31:30: Orientation {'radio_id': 1
10269	14:31:30: Position Data {'radio_id': 1
10270	14:31:30: Pyro Info {'radio_id': 1
10271	14:31:30: Line Cutter Data 1 {'radio_id': 1
10272	14:31:31: Line Cutter Data 5 {'radio_id': 1
10273	14:31:31: Orientation {'radio_id': 1
10274	14:31:31: Position Data {'radio_id': 1
10275	14:31:31: Ground Station GPS {'gs_lat': 44.824625651041664
10276	14:31:31: Orientation {'radio_id': 1
10277	14:31:31: Position Data {'radio_id': 1
10278	14:31:31: Orientation {'radio_id': 1
10279	14:31:31: Orientation {'radio_id': 1
10280	14:31:31: Orientation {'radio_id': 1
10281	14:31:31: Pyro Info {'radio_id': 1
10282	14:31:32: Line Cutter Data 1 {'radio_id': 1
10283	14:31:33: Line Cutter Data 5 {'radio_id': 1
10284	14:31:33: Position Data {'radio_id': 1
10285	14:31:33: Line Cutter Vars 1 {'radio_id': 1
10286	14:31:33: Line Cutter Vars 5 {'radio_id': 1
10287	14:31:33: Alt Info & Cfg {'radio_id': 1
10288	14:31:33: Position Data {'radio_id': 1
10289	14:31:33: Orientation {'radio_id': 1
10290	14:31:33: Position Data {'radio_id': 1
10291	14:31:33: Orientation {'radio_id': 1
10292	14:31:33: Orientation {'radio_id': 1
10293	14:31:33: Position Data {'radio_id': 1
10294	14:31:33: Pyro Info {'radio_id': 1
10295	14:31:33: Line Cutter Data 1 {'radio_id': 1
10296	14:31:34: Line Cutter Data 5 {'radio_id': 1
10297	14:31:34: Orientation {'radio_id': 1
10298	14:31:34: Orientation {'radio_id': 1
10299	14:31:34: Position Data {'radio_id': 1
10300	14:31:34: Orientation {'radio_id': 1
10301	14:31:34: Position Data {'radio_id': 1
10302	14:31:34: Alt Info & Cfg {'radio_id': 1
10303	14:31:34: Orientation {'radio_id': 1
10304	14:31:34: Position Data {'radio_id': 1
10305	14:31:34: Orientation {'radio_id': 1
10306	14:31:34: Position Data {'radio_id': 1
10307	14:31:34: Pyro Info {'radio_id': 1
10308	14:31:35: Line Cutter Data 1 {'radio_id': 1
10309	14:31:35: Orientation {'radio_id': 1
10310	14:31:35: Position Data {'radio_id': 1
10311	14:31:35: Ground Station GPS {'gs_lat': 44.824625651041664
10312	14:31:35: Orientation {'radio_id': 1
10313	14:31:35: Position Data {'radio_id': 1
10314	14:31:35: Orientation {'radio_id': 1
10315	14:31:35: Position Data {'radio_id': 1
10316	14:31:35: Orientation {'radio_id': 1
10317	14:31:35: Position Data {'radio_id': 1
10318	14:31:35: Alt Info & Cfg {'radio_id': 1
10319	14:31:35: Orientation {'radio_id': 1
10320	14:31:35: Position Data {'radio_id': 1
10321	14:31:35: Line Cutter Data 1 {'radio_id': 1
10322	14:31:36: Line Cutter Data 5 {'radio_id': 1
10323	14:31:36: Orientation {'radio_id': 1
10324	14:31:36: Position Data {'radio_id': 1
10325	14:31:36: Orientation {'radio_id': 1
10326	14:31:36: Position Data {'radio_id': 1
10327	14:31:36: Orientation {'radio_id': 1
10328	14:31:36: Position Data {'radio_id': 1
10329	14:31:36: Orientation {'radio_id': 1
10330	14:31:36: Position Data {'radio_id': 1
10331	14:31:36: Orientation {'radio_id': 1
10332	14:31:36: Position Data {'radio_id': 1
10333	14:31:36: Pyro Info {'radio_id': 1
10334	14:31:37: Line Cutter Data 1 {'radio_id': 1
10335	14:31:37: Orientation {'radio_id': 1
10336	14:31:37: Ground Station GPS {'gs_lat': 44.824625651041664
10337	14:31:37: Orientation {'radio_id': 1
10338	14:31:37: Orientation {'radio_id': 1
10339	14:31:37: Position Data {'radio_id': 1
10340	14:31:37: Orientation {'radio_id': 1
10341	14:31:37: Position Data {'radio_id': 1
10342	14:31:37: Orientation {'radio_id': 1
10343	14:31:37: Position Data {'radio_id': 1
10344	14:31:37: Pyro Info {'radio_id': 1
10345	14:31:37: Line Cutter Data 1 {'radio_id': 1
10346	14:31:38: Line Cutter Data 5 {'radio_id': 1
10347	14:31:38: Orientation {'radio_id': 1
10348	14:31:38: Position Data {'radio_id': 1
10349	14:31:38: Alt Info & Cfg {'radio_id': 1
10350	14:31:38: Orientation {'radio_id': 1
10351	14:31:38: Orientation {'radio_id': 1
10352	14:31:38: Orientation {'radio_id': 1
10353	14:31:38: Position Data {'radio_id': 1
10354	14:31:38: Orientation {'radio_id': 1
10355	14:31:38: Position Data {'radio_id': 1
10356	14:31:38: Pyro Info {'radio_id': 1
10357	14:31:38: Line Cutter Data 1 {'radio_id': 1
10358	14:31:39: Line Cutter Data 5 {'radio_id': 1
10359	14:31:39: Orientation {'radio_id': 1
10360	14:31:39: Position Data {'radio_id': 1
10361	14:31:39: Ground Station GPS {'gs_lat': 44.824625651041664
10362	14:31:39: Orientation {'radio_id': 1
10363	14:31:39: Alt Info & Cfg {'radio_id': 1
10364	14:31:39: Orientation {'radio_id': 1
10365	14:31:39: Position Data {'radio_id': 1
10366	14:31:39: Orientation {'radio_id': 1
10367	14:31:39: Position Data {'radio_id': 1
10368	14:31:39: Orientation {'radio_id': 1
10369	14:31:39: Position Data {'radio_id': 1
10370	14:31:40: Orientation {'radio_id': 1
10371	14:31:40: Position Data {'radio_id': 1
10372	14:31:40: Pyro Info {'radio_id': 1
10373	14:31:40: Line Cutter Data 1 {'radio_id': 1
10374	14:31:40: Line Cutter Data 5 {'radio_id': 1
10375	14:31:40: Orientation {'radio_id': 1
10376	14:31:40: Position Data {'radio_id': 1
10377	14:31:40: Orientation {'radio_id': 1
10378	14:31:40: Orientation {'radio_id': 1
10379	14:31:40: Position Data {'radio_id': 1
10380	14:31:40: Alt Info & Cfg {'radio_id': 1
10381	14:31:40: Orientation {'radio_id': 1
10382	14:31:40: Position Data {'radio_id': 1
10383	14:31:41: Orientation {'radio_id': 1
10384	14:31:41: Position Data {'radio_id': 1
10385	14:31:41: Pyro Info {'radio_id': 1
10386	14:31:41: Line Cutter Data 1 {'radio_id': 1
10387	14:31:41: Ground Station GPS {'gs_lat': 44.824625651041664
10388	14:31:41: Orientation {'radio_id': 1
10389	14:31:41: Position Data {'radio_id': 1
10390	14:31:41: Orientation {'radio_id': 1
10391	14:31:41: Position Data {'radio_id': 1
10392	14:31:41: Orientation {'radio_id': 1
10393	14:31:41: Orientation {'radio_id': 1
10394	14:31:41: Position Data {'radio_id': 1
10395	14:31:41: Alt Info & Cfg {'radio_id': 1
10396	14:31:42: Orientation {'radio_id': 1
10397	14:31:42: Position Data {'radio_id': 1
10398	14:31:42: Line Cutter Data 1 {'radio_id': 1
10399	14:31:42: Orientation {'radio_id': 1
10400	14:31:42: Position Data {'radio_id': 1
10401	14:31:42: Orientation {'radio_id': 1
10402	14:31:42: Position Data {'radio_id': 1
10403	14:31:42: Orientation {'radio_id': 1
10404	14:31:42: Position Data {'radio_id': 1
10405	14:31:42: Orientation {'radio_id': 1
10406	14:31:42: Position Data {'radio_id': 1
10407	14:31:43: Orientation {'radio_id': 1
10408	14:31:43: Position Data {'radio_id': 1
10409	14:31:43: Pyro Info {'radio_id': 1
10410	14:31:43: Ground Station GPS {'gs_lat': 44.824625651041664
10411	14:31:43: Line Cutter Vars 1 {'radio_id': 1
10412	14:31:43: Line Cutter Vars 5 {'radio_id': 1
10413	14:31:43: Alt Info & Cfg {'radio_id': 1
10414	14:31:43: Orientation {'radio_id': 1
10415	14:31:43: Position Data {'radio_id': 1
10416	14:31:43: Orientation {'radio_id': 1
10417	14:31:43: Position Data {'radio_id': 1
10418	14:31:43: Orientation {'radio_id': 1
10419	14:31:43: Position Data {'radio_id': 1
10420	14:31:43: Orientation {'radio_id': 1
10421	14:31:43: Position Data {'radio_id': 1
10422	14:31:44: Orientation {'radio_id': 1
10423	14:31:44: Position Data {'radio_id': 1
10424	14:31:44: Pyro Info {'radio_id': 1
10425	14:31:44: Line Cutter Data 1 {'radio_id': 1
10426	14:31:44: Line Cutter Data 5 {'radio_id': 1
10427	14:31:44: Orientation {'radio_id': 1
10428	14:31:44: Position Data {'radio_id': 1
10429	14:31:44: Alt Info & Cfg {'radio_id': 1
10430	14:31:44: Orientation {'radio_id': 1
10431	14:31:44: Position Data {'radio_id': 1
10432	14:31:44: Orientation {'radio_id': 1
10433	14:31:44: Position Data {'radio_id': 1
10434	14:31:44: Orientation {'radio_id': 1
10435	14:31:44: Position Data {'radio_id': 1
10436	14:31:45: Orientation {'radio_id': 1
10437	14:31:45: Position Data {'radio_id': 1
10438	14:31:45: Pyro Info {'radio_id': 1
10439	14:31:45: Line Cutter Data 1 {'radio_id': 1
10440	14:31:45: Line Cutter Data 5 {'radio_id': 1
10441	14:31:45: Orientation {'radio_id': 1
10442	14:31:45: Position Data {'radio_id': 1
10443	14:31:45: Orientation {'radio_id': 1
10444	14:31:45: Alt Info & Cfg {'radio_id': 1
10445	14:31:45: Orientation {'radio_id': 1
10446	14:31:45: Position Data {'radio_id': 1
10447	14:31:45: Orientation {'radio_id': 1
10448	14:31:45: Position Data {'radio_id': 1
10449	14:31:46: Orientation {'radio_id': 1
10450	14:31:46: Position Data {'radio_id': 1
10451	14:31:46: Line Cutter Data 1 {'radio_id': 1
10452	14:31:46: Line Cutter Data 5 {'radio_id': 1
10453	14:31:46: Position Data {'radio_id': 1
10454	14:31:46: Orientation {'radio_id': 1
10455	14:31:46: Position Data {'radio_id': 1
10456	14:31:46: Orientation {'radio_id': 1
10457	14:31:46: Position Data {'radio_id': 1
10458	14:31:46: Orientation {'radio_id': 1
10459	14:31:46: Position Data {'radio_id': 1
10460	14:31:46: Alt Info & Cfg {'radio_id': 1
10461	14:31:47: Orientation {'radio_id': 1
10462	14:31:47: Position Data {'radio_id': 1
10463	14:31:47: Pyro Info {'radio_id': 1
10464	14:31:47: Line Cutter Data 1 {'radio_id': 1
10465	14:31:47: Line Cutter Data 5 {'radio_id': 1
10466	14:31:47: Orientation {'radio_id': 1
10467	14:31:47: Position Data {'radio_id': 1
10468	14:31:47: Orientation {'radio_id': 1
10469	14:31:47: Orientation {'radio_id': 1
10470	14:31:47: Position Data {'radio_id': 1
10471	14:31:47: Orientation {'radio_id': 1
10472	14:31:47: Position Data {'radio_id': 1
10473	14:31:48: Orientation {'radio_id': 1
10474	14:31:48: Position Data {'radio_id': 1
10475	14:31:48: Alt Info & Cfg {'radio_id': 1
10476	14:31:48: Pyro Info {'radio_id': 1
10477	14:31:48: Line Cutter Data 1 {'radio_id': 1
10478	14:31:48: Line Cutter Data 5 {'radio_id': 1
10479	14:31:48: Orientation {'radio_id': 1
10480	14:31:48: Position Data {'radio_id': 1
10481	14:31:48: Orientation {'radio_id': 1
10482	14:31:48: Position Data {'radio_id': 1
10483	14:31:48: Orientation {'radio_id': 1
10484	14:31:48: Position Data {'radio_id': 1
10485	14:31:48: Orientation {'radio_id': 1
10486	14:31:49: Orientation {'radio_id': 1
10487	14:31:49: Position Data {'radio_id': 1
10488	14:31:49: Pyro Info {'radio_id': 1
10489	14:31:49: Line Cutter Data 1 {'radio_id': 1
10490	14:31:49: Line Cutter Data 5 {'radio_id': 1
10491	14:31:49: Orientation {'radio_id': 1
10492	14:31:49: Position Data {'radio_id': 1
10493	14:31:49: Alt Info & Cfg {'radio_id': 1
10494	14:31:49: Orientation {'radio_id': 1
10495	14:31:49: Position Data {'radio_id': 1
10496	14:31:49: Orientation {'radio_id': 1
10497	14:31:49: Position Data {'radio_id': 1
10498	14:31:49: Orientation {'radio_id': 1
10499	14:31:49: Position Data {'radio_id': 1
10500	14:31:50: Orientation {'radio_id': 1
10501	14:31:50: Position Data {'radio_id': 1
10502	14:31:50: Line Cutter Data 1 {'radio_id': 1
10503	14:31:50: Line Cutter Data 5 {'radio_id': 1
10504	14:31:50: Orientation {'radio_id': 1
10505	14:31:50: Orientation {'radio_id': 1
10506	14:31:50: Position Data {'radio_id': 1
10507	14:31:50: Alt Info & Cfg {'radio_id': 1
10508	14:31:50: Orientation {'radio_id': 1
10509	14:31:50: Position Data {'radio_id': 1
10510	14:31:50: Orientation {'radio_id': 1
10511	14:31:50: Position Data {'radio_id': 1
10512	14:31:51: Orientation {'radio_id': 1
10513	14:31:51: Position Data {'radio_id': 1
10514	14:31:51: Pyro Info {'radio_id': 1
10515	14:31:51: Line Cutter Data 1 {'radio_id': 1
10516	14:31:51: Line Cutter Data 5 {'radio_id': 1
10517	14:31:51: Ground Station GPS {'gs_lat': 44.824625651041664
10518	14:31:51: Position Data {'radio_id': 1
10519	14:31:51: Orientation {'radio_id': 1
10520	14:31:51: Position Data {'radio_id': 1
10521	14:31:51: Orientation {'radio_id': 1
10522	14:31:51: Position Data {'radio_id': 1
10523	14:31:51: Alt Info & Cfg {'radio_id': 1
10524	14:31:51: Orientation {'radio_id': 1
10525	14:31:51: Position Data {'radio_id': 1
10526	14:31:52: Orientation {'radio_id': 1
10527	14:31:52: Position Data {'radio_id': 1
10528	14:31:52: Orientation {'radio_id': 1
10529	14:31:52: Position Data {'radio_id': 1
10530	14:31:52: Pyro Info {'radio_id': 1
10531	14:31:52: Line Cutter Data 1 {'radio_id': 1
10532	14:31:52: Line Cutter Data 5 {'radio_id': 1
10533	14:31:52: Position Data {'radio_id': 1
10534	14:31:52: Orientation {'radio_id': 1
10535	14:31:52: Position Data {'radio_id': 1
10536	14:31:52: Orientation {'radio_id': 1
10537	14:31:52: Position Data {'radio_id': 1
10538	14:31:53: Orientation {'radio_id': 1
10539	14:31:53: Position Data {'radio_id': 1
10540	14:31:53: Alt Info & Cfg {'radio_id': 1
10541	14:31:53: Line Cutter Vars 1 {'radio_id': 1
10542	14:31:53: Line Cutter Vars 5 {'radio_id': 1
10543	14:31:53: Orientation {'radio_id': 1
10544	14:31:53: Position Data {'radio_id': 1
10545	14:31:53: Pyro Info {'radio_id': 1
10546	14:31:53: Line Cutter Data 1 {'radio_id': 1
10547	14:31:53: Line Cutter Data 5 {'radio_id': 1
10548	14:31:53: Orientation {'radio_id': 1
10549	14:31:53: Orientation {'radio_id': 1
10550	14:31:53: Position Data {'radio_id': 1
10551	14:31:53: Orientation {'radio_id': 1
10552	14:31:54: Orientation {'radio_id': 1
10553	14:31:54: Position Data {'radio_id': 1
10554	14:31:54: Orientation {'radio_id': 1
10555	14:31:54: Position Data {'radio_id': 1
10556	14:31:54: Alt Info & Cfg {'radio_id': 1
10557	14:31:54: Pyro Info {'radio_id': 1
10558	14:31:54: Line Cutter Data 5 {'radio_id': 1
10559	14:31:54: Orientation {'radio_id': 1
10560	14:31:55: Position Data {'radio_id': 1
10561	14:31:55: Position Data {'radio_id': 1
10562	14:31:55: Orientation {'radio_id': 1
10563	14:31:55: Position Data {'radio_id': 1
10564	14:31:56: Orientation {'radio_id': 1
10565	14:31:56: Position Data {'radio_id': 1
10566	14:31:56: Orientation {'radio_id': 1
10567	14:31:56: Position Data {'radio_id': 1
10568	14:31:56: Pyro Info {'radio_id': 1
10569	14:31:56: Line Cutter Data 1 {'radio_id': 1
10570	14:31:56: Line Cutter Data 5 {'radio_id': 1
10571	14:31:56: Orientation {'radio_id': 1
10572	14:31:56: Position Data {'radio_id': 1
10573	14:31:56: Orientation {'radio_id': 1
10574	14:31:56: Position Data {'radio_id': 1
10575	14:31:56: Alt Info & Cfg {'radio_id': 1
10576	14:31:56: Orientation {'radio_id': 1
10577	14:31:56: Position Data {'radio_id': 1
10578	14:31:57: Orientation {'radio_id': 1
10579	14:31:57: Position Data {'radio_id': 1
10580	14:31:57: Orientation {'radio_id': 1
10581	14:31:57: Ground Station GPS {'gs_lat': 44.824625651041664
10582	14:31:57: Position Data {'radio_id': 1
10583	14:31:57: Pyro Info {'radio_id': 1
10584	14:31:57: Line Cutter Data 1 {'radio_id': 1
10585	14:31:57: Line Cutter Data 5 {'radio_id': 1
10586	14:31:57: Orientation {'radio_id': 1
10587	14:31:57: Orientation {'radio_id': 1
10588	14:31:57: Position Data {'radio_id': 1
10589	14:31:57: Orientation {'radio_id': 1
10590	14:31:57: Position Data {'radio_id': 1
10591	14:31:57: Alt Info & Cfg {'radio_id': 1
10592	14:31:58: Orientation {'radio_id': 1
10593	14:31:58: Position Data {'radio_id': 1
10594	14:31:58: Orientation {'radio_id': 1
10595	14:31:58: Position Data {'radio_id': 1
10596	14:31:58: Pyro Info {'radio_id': 1
10597	14:31:58: Line Cutter Data 1 {'radio_id': 1
10598	14:31:58: Line Cutter Data 5 {'radio_id': 1
10599	14:31:58: Orientation {'radio_id': 1
10600	14:31:58: Orientation {'radio_id': 1
10601	14:31:58: Position Data {'radio_id': 1
10602	14:31:58: Orientation {'radio_id': 1
10603	14:31:59: Orientation {'radio_id': 1
10604	14:31:59: Orientation {'radio_id': 1
10605	14:31:59: Position Data {'radio_id': 1
10606	14:31:59: Alt Info & Cfg {'radio_id': 1
10607	14:31:59: Pyro Info {'radio_id': 1
10608	14:31:59: Line Cutter Data 1 {'radio_id': 1
10609	14:31:59: Orientation {'radio_id': 1
10610	14:31:59: Position Data {'radio_id': 1
10611	14:31:59: Orientation {'radio_id': 1
10612	14:31:59: Position Data {'radio_id': 1
10613	14:31:59: Orientation {'radio_id': 1
10614	14:31:59: Position Data {'radio_id': 1
10615	14:32:00: Orientation {'radio_id': 1
10616	14:32:00: Pyro Info {'radio_id': 1
10617	14:32:00: Line Cutter Data 1 {'radio_id': 1
10618	14:32:00: Line Cutter Data 5 {'radio_id': 1
10619	14:32:00: Orientation {'radio_id': 1
10620	14:32:00: Orientation {'radio_id': 1
10621	14:32:00: Position Data {'radio_id': 1
10622	14:32:01: Orientation {'radio_id': 1
10623	14:32:01: Position Data {'radio_id': 1
10624	14:32:01: Orientation {'radio_id': 1
10625	14:32:01: Position Data {'radio_id': 1
10626	14:32:01: Orientation {'radio_id': 1
10627	14:32:01: Pyro Info {'radio_id': 1
10628	14:32:01: Line Cutter Data 5 {'radio_id': 1
10629	14:32:01: Orientation {'radio_id': 1
10630	14:32:01: Position Data {'radio_id': 1
10631	14:32:01: Alt Info & Cfg {'radio_id': 1
10632	14:32:01: Orientation {'radio_id': 1
10633	14:32:01: Position Data {'radio_id': 1
10634	14:32:02: Orientation {'radio_id': 1
10635	14:32:02: Position Data {'radio_id': 1
10636	14:32:02: Orientation {'radio_id': 1
10637	14:32:02: Position Data {'radio_id': 1
10638	14:32:02: Orientation {'radio_id': 1
10639	14:32:02: Position Data {'radio_id': 1
10640	14:32:02: Pyro Info {'radio_id': 1
10641	14:32:02: Line Cutter Data 5 {'radio_id': 1
10642	14:32:02: Position Data {'radio_id': 1
10643	14:32:02: Orientation {'radio_id': 1
10644	14:32:02: Alt Info & Cfg {'radio_id': 1
10645	14:32:03: Orientation {'radio_id': 1
10646	14:32:03: Line Cutter Vars 1 {'radio_id': 1
10647	14:32:03: Line Cutter Vars 5 {'radio_id': 1
10648	14:32:03: Orientation {'radio_id': 1
10649	14:32:03: Position Data {'radio_id': 1
10650	14:32:03: Orientation {'radio_id': 1
10651	14:32:03: Position Data {'radio_id': 1
10652	14:32:03: Pyro Info {'radio_id': 1
10653	14:32:03: Line Cutter Data 1 {'radio_id': 1
10654	14:32:03: Line Cutter Data 5 {'radio_id': 1
10655	14:32:03: Orientation {'radio_id': 1
10656	14:32:03: Position Data {'radio_id': 1
10657	14:32:03: Orientation {'radio_id': 1
10658	14:32:03: Position Data {'radio_id': 1
10659	14:32:04: Orientation {'radio_id': 1
10660	14:32:04: Position Data {'radio_id': 1
10661	14:32:04: Alt Info & Cfg {'radio_id': 1
10662	14:32:04: Orientation {'radio_id': 1
10663	14:32:04: Position Data {'radio_id': 1
10664	14:32:04: Orientation {'radio_id': 1
10665	14:32:04: Position Data {'radio_id': 1
10666	14:32:04: Line Cutter Data 1 {'radio_id': 1
10667	14:32:04: Line Cutter Data 5 {'radio_id': 1
10668	14:32:04: Position Data {'radio_id': 1
10669	14:32:04: Orientation {'radio_id': 1
10670	14:32:04: Position Data {'radio_id': 1
10671	14:32:05: Orientation {'radio_id': 1
10672	14:32:05: Position Data {'radio_id': 1
10673	14:32:05: Orientation {'radio_id': 1
10674	14:32:05: Position Data {'radio_id': 1
10675	14:32:05: Alt Info & Cfg {'radio_id': 1
10676	14:32:05: Orientation {'radio_id': 1
10677	14:32:05: Position Data {'radio_id': 1
10678	14:32:05: Line Cutter Data 1 {'radio_id': 1
10679	14:32:05: Line Cutter Data 5 {'radio_id': 1
10680	14:32:05: Orientation {'radio_id': 1
10681	14:32:05: Position Data {'radio_id': 1
10682	14:32:05: Orientation {'radio_id': 1
10683	14:32:05: Position Data {'radio_id': 1
10684	14:32:06: Orientation {'radio_id': 1
10685	14:32:06: Position Data {'radio_id': 1
10686	14:32:06: Orientation {'radio_id': 1
10687	14:32:06: Position Data {'radio_id': 1
10688	14:32:06: Orientation {'radio_id': 1
10689	14:32:06: Position Data {'radio_id': 1
10690	14:32:06: Pyro Info {'radio_id': 1
10691	14:32:06: Line Cutter Data 5 {'radio_id': 1
10692	14:32:06: Orientation {'radio_id': 1
10693	14:32:06: Position Data {'radio_id': 1
10694	14:32:06: Orientation {'radio_id': 1
10695	14:32:06: Position Data {'radio_id': 1
10696	14:32:07: Orientation {'radio_id': 1
10697	14:32:07: Orientation {'radio_id': 1
10698	14:32:07: Position Data {'radio_id': 1
10699	14:32:07: Orientation {'radio_id': 1
10700	14:32:07: Position Data {'radio_id': 1
10701	14:32:07: Line Cutter Data 1 {'radio_id': 1
10702	14:32:07: Orientation {'radio_id': 1
10703	14:32:07: Position Data {'radio_id': 1
10704	14:32:07: Orientation {'radio_id': 1
10705	14:32:07: Position Data {'radio_id': 1
10706	14:32:08: Orientation {'radio_id': 1
10707	14:32:08: Position Data {'radio_id': 1
10708	14:32:08: Orientation {'radio_id': 1
10709	14:32:08: Position Data {'radio_id': 1
10710	14:32:08: Orientation {'radio_id': 1
10711	14:32:08: Position Data {'radio_id': 1
10712	14:32:08: Pyro Info {'radio_id': 1
10713	14:32:08: Line Cutter Data 1 {'radio_id': 1
10714	14:32:08: Line Cutter Data 5 {'radio_id': 1
10715	14:32:08: Orientation {'radio_id': 1
10716	14:32:08: Orientation {'radio_id': 1
10717	14:32:08: Position Data {'radio_id': 1
10718	14:32:09: Orientation {'radio_id': 1
10719	14:32:09: Position Data {'radio_id': 1
10720	14:32:09: Alt Info & Cfg {'radio_id': 1
10721	14:32:09: Orientation {'radio_id': 1
10722	14:32:09: Ground Station GPS {'gs_lat': 44.824625651041664
10723	14:32:09: Orientation {'radio_id': 1
10724	14:32:09: Position Data {'radio_id': 1
10725	14:32:09: Line Cutter Data 1 {'radio_id': 1
10726	14:32:09: Line Cutter Data 5 {'radio_id': 1
10727	14:32:09: Orientation {'radio_id': 1
10728	14:32:09: Orientation {'radio_id': 1
10729	14:32:09: Position Data {'radio_id': 1
10730	14:32:10: Orientation {'radio_id': 1
10731	14:32:10: Position Data {'radio_id': 1
10732	14:32:10: Orientation {'radio_id': 1
10733	14:32:10: Position Data {'radio_id': 1
10734	14:32:10: Alt Info & Cfg {'radio_id': 1
10735	14:32:10: Orientation {'radio_id': 1
10736	14:32:10: Pyro Info {'radio_id': 1
10737	14:32:10: Line Cutter Data 1 {'radio_id': 1
10738	14:32:10: Orientation {'radio_id': 1
10739	14:32:10: Orientation {'radio_id': 1
10740	14:32:10: Position Data {'radio_id': 1
10741	14:32:11: Orientation {'radio_id': 1
10742	14:32:11: Orientation {'radio_id': 1
10743	14:32:11: Orientation {'radio_id': 1
10744	14:32:11: Position Data {'radio_id': 1
10745	14:32:11: Pyro Info {'radio_id': 1
10746	14:32:11: Line Cutter Data 1 {'radio_id': 1
10747	14:32:11: Line Cutter Data 5 {'radio_id': 1
10748	14:32:11: Alt Info & Cfg {'radio_id': 1
10749	14:32:11: Orientation {'radio_id': 1
10750	14:32:11: Position Data {'radio_id': 1
10751	14:32:11: Orientation {'radio_id': 1
10752	14:32:11: Position Data {'radio_id': 1
10753	14:32:12: Orientation {'radio_id': 1
10754	14:32:12: Position Data {'radio_id': 1
10755	14:32:12: Orientation {'radio_id': 1
10756	14:32:12: Position Data {'radio_id': 1
10757	14:32:12: Orientation {'radio_id': 1
10758	14:32:12: Position Data {'radio_id': 1
10759	14:32:12: Line Cutter Data 1 {'radio_id': 1
10760	14:32:12: Line Cutter Data 5 {'radio_id': 1
10761	14:32:12: Orientation {'radio_id': 1
10762	14:32:12: Position Data {'radio_id': 1
10763	14:32:12: Orientation {'radio_id': 1
10764	14:32:12: Position Data {'radio_id': 1
10765	14:32:13: Orientation {'radio_id': 1
10766	14:32:13: Position Data {'radio_id': 1
10767	14:32:13: Line Cutter Vars 5 {'radio_id': 1
10768	14:32:13: Ground Station GPS {'gs_lat': 44.824625651041664
10769	14:32:13: Position Data {'radio_id': 1
10770	14:32:13: Orientation {'radio_id': 1
10771	14:32:13: Position Data {'radio_id': 1
10772	14:32:13: Line Cutter Data 1 {'radio_id': 1
10773	14:32:13: Line Cutter Data 5 {'radio_id': 1
10774	14:32:13: Orientation {'radio_id': 1
10775	14:32:13: Position Data {'radio_id': 1
10776	14:32:13: Orientation {'radio_id': 1
10777	14:32:13: Position Data {'radio_id': 1
10778	14:32:14: Orientation {'radio_id': 1
10779	14:32:14: Position Data {'radio_id': 1
10780	14:32:14: Orientation {'radio_id': 1
10781	14:32:14: Position Data {'radio_id': 1
10782	14:32:14: Orientation {'radio_id': 1
10783	14:32:14: Position Data {'radio_id': 1
10784	14:32:14: Orientation {'radio_id': 1
10785	14:32:14: Position Data {'radio_id': 1
10786	14:32:14: Line Cutter Data 1 {'radio_id': 1
10787	14:32:14: Line Cutter Data 5 {'radio_id': 1
10788	14:32:14: Orientation {'radio_id': 1
10789	14:32:14: Position Data {'radio_id': 1
10790	14:32:15: Orientation {'radio_id': 1
10791	14:32:15: Position Data {'radio_id': 1
10792	14:32:15: Orientation {'radio_id': 1
10793	14:32:15: Ground Station GPS {'gs_lat': 44.824625651041664
10794	14:32:15: Orientation {'radio_id': 1
10795	14:32:15: Position Data {'radio_id': 1
10796	14:32:15: Orientation {'radio_id': 1
10797	14:32:15: Position Data {'radio_id': 1
10798	14:32:15: Pyro Info {'radio_id': 1
10799	14:32:15: Line Cutter Data 1 {'radio_id': 1
10800	14:32:15: Line Cutter Data 5 {'radio_id': 1
10801	14:32:15: Position Data {'radio_id': 1
10802	14:32:16: Orientation {'radio_id': 1
10803	14:32:16: Position Data {'radio_id': 1
10804	14:32:16: Orientation {'radio_id': 1
10805	14:32:16: Position Data {'radio_id': 1
10806	14:32:16: Orientation {'radio_id': 1
10807	14:32:16: Position Data {'radio_id': 1
10808	14:32:16: Alt Info & Cfg {'radio_id': 1
10809	14:32:16: Orientation {'radio_id': 1
10810	14:32:16: Position Data {'radio_id': 1
10811	14:32:16: Line Cutter Data 1 {'radio_id': 1
10812	14:32:16: Orientation {'radio_id': 1
10813	14:32:16: Position Data {'radio_id': 1
10814	14:32:17: Orientation {'radio_id': 1
10815	14:32:17: Position Data {'radio_id': 1
10816	14:32:17: Orientation {'radio_id': 1
10817	14:32:17: Position Data {'radio_id': 1
10818	14:32:17: Orientation {'radio_id': 1
10819	14:32:17: Position Data {'radio_id': 1
10820	14:32:17: Orientation {'radio_id': 1
10821	14:32:17: Position Data {'radio_id': 1
10822	14:32:17: Pyro Info {'radio_id': 1
10823	14:32:17: Line Cutter Data 1 {'radio_id': 1
10824	14:32:17: Line Cutter Data 5 {'radio_id': 1
10825	14:32:17: Alt Info & Cfg {'radio_id': 1
10826	14:32:17: Orientation {'radio_id': 1
10827	14:32:18: Orientation {'radio_id': 1
10828	14:32:18: Position Data {'radio_id': 1
10829	14:32:18: Orientation {'radio_id': 1
10830	14:32:18: Position Data {'radio_id': 1
10831	14:32:18: Orientation {'radio_id': 1
10832	14:32:18: Position Data {'radio_id': 1
10833	14:32:18: Orientation {'radio_id': 1
10834	14:32:18: Position Data {'radio_id': 1
10835	14:32:18: Pyro Info {'radio_id': 1
10836	14:32:18: Line Cutter Data 1 {'radio_id': 1
10837	14:32:18: Orientation {'radio_id': 1
10838	14:32:18: Position Data {'radio_id': 1
10839	14:32:19: Orientation {'radio_id': 1
10840	14:32:19: Alt Info & Cfg {'radio_id': 1
10841	14:32:19: Orientation {'radio_id': 1
10842	14:32:19: Position Data {'radio_id': 1
10843	14:32:19: Orientation {'radio_id': 1
10844	14:32:19: Position Data {'radio_id': 1
10845	14:32:19: Orientation {'radio_id': 1
10846	14:32:19: Position Data {'radio_id': 1
10847	14:32:19: Pyro Info {'radio_id': 1
10848	14:32:19: Line Cutter Data 1 {'radio_id': 1
10849	14:32:19: Line Cutter Data 5 {'radio_id': 1
10850	14:32:19: Orientation {'radio_id': 1
10851	14:32:19: Position Data {'radio_id': 1
10852	14:32:20: Orientation {'radio_id': 1
10853	14:32:20: Position Data {'radio_id': 1
10854	14:32:20: Orientation {'radio_id': 1
10855	14:32:20: Position Data {'radio_id': 1
10856	14:32:20: Alt Info & Cfg {'radio_id': 1
10857	14:32:20: Orientation {'radio_id': 1
10858	14:32:20: Orientation {'radio_id': 1
10859	14:32:20: Position Data {'radio_id': 1
10860	14:32:20: Pyro Info {'radio_id': 1
10861	14:32:20: Line Cutter Data 1 {'radio_id': 1
10862	14:32:20: Line Cutter Data 5 {'radio_id': 1
10863	14:32:20: Orientation {'radio_id': 1
10864	14:32:20: Position Data {'radio_id': 1
10865	14:32:21: Orientation {'radio_id': 1
10866	14:32:21: Orientation {'radio_id': 1
10867	14:32:21: Ground Station GPS {'gs_lat': 44.824625651041664
10868	14:32:21: Orientation {'radio_id': 1
10869	14:32:21: Alt Info & Cfg {'radio_id': 1
10870	14:32:21: Orientation {'radio_id': 1
10871	14:32:21: Pyro Info {'radio_id': 1
10872	14:32:21: Line Cutter Data 1 {'radio_id': 1
10873	14:32:21: Line Cutter Data 5 {'radio_id': 1
10874	14:32:21: Orientation {'radio_id': 1
10875	14:32:21: Position Data {'radio_id': 1
10876	14:32:22: Orientation {'radio_id': 1
10877	14:32:22: Position Data {'radio_id': 1
10878	14:32:22: Orientation {'radio_id': 1
10879	14:32:22: Position Data {'radio_id': 1
10880	14:32:22: Orientation {'radio_id': 1
10881	14:32:22: Position Data {'radio_id': 1
10882	14:32:22: Orientation {'radio_id': 1
10883	14:32:22: Position Data {'radio_id': 1
10884	14:32:22: Pyro Info {'radio_id': 1
10885	14:32:22: Line Cutter Data 1 {'radio_id': 1
10886	14:32:22: Line Cutter Data 5 {'radio_id': 1
10887	14:32:22: Orientation {'radio_id': 1
10888	14:32:23: Orientation {'radio_id': 1
10889	14:32:23: Position Data {'radio_id': 1
10890	14:32:23: Line Cutter Vars 1 {'radio_id': 1
10891	14:32:23: Orientation {'radio_id': 1
10892	14:32:23: Position Data {'radio_id': 1
10893	14:32:23: Orientation {'radio_id': 1
10894	14:32:23: Orientation {'radio_id': 1
10895	14:32:23: Position Data {'radio_id': 1
10896	14:32:23: Pyro Info {'radio_id': 1
10897	14:32:23: Line Cutter Data 1 {'radio_id': 1
10898	14:32:23: Line Cutter Data 5 {'radio_id': 1
10899	14:32:23: Orientation {'radio_id': 1
10900	14:32:23: Position Data {'radio_id': 1
10901	14:32:23: Alt Info & Cfg {'radio_id': 1
10902	14:32:24: Orientation {'radio_id': 1
10903	14:32:24: Position Data {'radio_id': 1
10904	14:32:24: Orientation {'radio_id': 1
10905	14:32:24: Position Data {'radio_id': 1
10906	14:32:24: Orientation {'radio_id': 1
10907	14:32:24: Position Data {'radio_id': 1
10908	14:32:24: Orientation {'radio_id': 1
10909	14:32:24: Position Data {'radio_id': 1
10910	14:32:24: Line Cutter Data 1 {'radio_id': 1
10911	14:32:24: Line Cutter Data 5 {'radio_id': 1
10912	14:32:24: Orientation {'radio_id': 1
10913	14:32:24: Position Data {'radio_id': 1
10914	14:32:25: Orientation {'radio_id': 1
10915	14:32:25: Position Data {'radio_id': 1
10916	14:32:25: Orientation {'radio_id': 1
10917	14:32:25: Position Data {'radio_id': 1
10918	14:32:25: Alt Info & Cfg {'radio_id': 1
10919	14:32:25: Orientation {'radio_id': 1
10920	14:32:25: Position Data {'radio_id': 1
10921	14:32:25: Orientation {'radio_id': 1
10922	14:32:25: Position Data {'radio_id': 1
10923	14:32:25: Pyro Info {'radio_id': 1
10924	14:32:25: Line Cutter Data 1 {'radio_id': 1
10925	14:32:25: Line Cutter Data 5 {'radio_id': 1
10926	14:32:25: Orientation {'radio_id': 1
10927	14:32:26: Orientation {'radio_id': 1
10928	14:32:26: Position Data {'radio_id': 1
10929	14:32:26: Orientation {'radio_id': 1
10930	14:32:26: Orientation {'radio_id': 1
10931	14:32:26: Position Data {'radio_id': 1
10932	14:32:26: Orientation {'radio_id': 1
10933	14:32:26: Orientation {'radio_id': 1
10934	14:32:26: Position Data {'radio_id': 1
10935	14:32:26: Line Cutter Data 1 {'radio_id': 1
10936	14:32:27: Line Cutter Data 5 {'radio_id': 1
10937	14:32:27: Orientation {'radio_id': 1
10938	14:32:27: Position Data {'radio_id': 1
10939	14:32:27: Orientation {'radio_id': 1
10940	14:32:27: Position Data {'radio_id': 1
10941	14:32:27: Orientation {'radio_id': 1
10942	14:32:27: Position Data {'radio_id': 1
10943	14:32:27: Orientation {'radio_id': 1
10944	14:32:27: Alt Info & Cfg {'radio_id': 1
10945	14:32:27: Orientation {'radio_id': 1
10946	14:32:27: Pyro Info {'radio_id': 1
10947	14:32:27: Line Cutter Data 1 {'radio_id': 1
10948	14:32:28: Line Cutter Data 5 {'radio_id': 1
10949	14:32:28: Orientation {'radio_id': 1
10950	14:32:28: Position Data {'radio_id': 1
10951	14:32:28: Orientation {'radio_id': 1
10952	14:32:28: Position Data {'radio_id': 1
10953	14:32:28: Orientation {'radio_id': 1
10954	14:32:28: Position Data {'radio_id': 1
10955	14:32:28: Orientation {'radio_id': 1
10956	14:32:28: Position Data {'radio_id': 1
10957	14:32:28: Orientation {'radio_id': 1
10958	14:32:28: Pyro Info {'radio_id': 1
10959	14:32:29: Line Cutter Data 5 {'radio_id': 1
10960	14:32:29: Orientation {'radio_id': 1
10961	14:32:29: Orientation {'radio_id': 1
10962	14:32:29: Position Data {'radio_id': 1
10963	14:32:29: Ground Station GPS {'gs_lat': 44.8246337890625
10964	14:32:29: Orientation {'radio_id': 1
10965	14:32:29: Position Data {'radio_id': 1
10966	14:32:29: Orientation {'radio_id': 1
10967	14:32:29: Orientation {'radio_id': 1
10968	14:32:29: Position Data {'radio_id': 1
10969	14:32:29: Pyro Info {'radio_id': 1
10970	14:32:30: Line Cutter Data 5 {'radio_id': 1
10971	14:32:30: Orientation {'radio_id': 1
10972	14:32:30: Position Data {'radio_id': 1
10973	14:32:30: Alt Info & Cfg {'radio_id': 1
10974	14:32:30: Orientation {'radio_id': 1
10975	14:32:30: Orientation {'radio_id': 1
10976	14:32:30: Orientation {'radio_id': 1
10977	14:32:30: Orientation {'radio_id': 1
10978	14:32:30: Position Data {'radio_id': 1
10979	14:32:30: Line Cutter Data 1 {'radio_id': 1
10980	14:32:31: Line Cutter Data 5 {'radio_id': 1
10981	14:32:31: Orientation {'radio_id': 1
10982	14:32:31: Orientation {'radio_id': 1
10983	14:32:31: Position Data {'radio_id': 1
10984	14:32:31: Orientation {'radio_id': 1
10985	14:32:31: Position Data {'radio_id': 1
10986	14:32:31: Orientation {'radio_id': 1
10987	14:32:31: Position Data {'radio_id': 1
10988	14:32:31: Orientation {'radio_id': 1
10989	14:32:31: Position Data {'radio_id': 1
10990	14:32:31: Pyro Info {'radio_id': 1
10991	14:32:31: Line Cutter Data 1 {'radio_id': 1
10992	14:32:32: Line Cutter Data 5 {'radio_id': 1
10993	14:32:32: Orientation {'radio_id': 1
10994	14:32:32: Position Data {'radio_id': 1
10995	14:32:32: Orientation {'radio_id': 1
10996	14:32:32: Position Data {'radio_id': 1
10997	14:32:32: Orientation {'radio_id': 1
10998	14:32:32: Position Data {'radio_id': 1
10999	14:32:32: Orientation {'radio_id': 1
11000	14:32:32: Position Data {'radio_id': 1
11001	14:32:32: Alt Info & Cfg {'radio_id': 1
11002	14:32:32: Orientation {'radio_id': 1
11003	14:32:32: Position Data {'radio_id': 1
11004	14:32:32: Line Cutter Data 1 {'radio_id': 1
11005	14:32:33: Line Cutter Data 5 {'radio_id': 1
11006	14:32:33: Orientation {'radio_id': 1
11007	14:32:33: Position Data {'radio_id': 1
11008	14:32:33: Line Cutter Vars 5 {'radio_id': 1
11009	14:32:33: Position Data {'radio_id': 1
11010	14:32:33: Ground Station GPS {'gs_lat': 44.8246337890625
11011	14:32:33: Orientation {'radio_id': 1
11012	14:32:33: Orientation {'radio_id': 1
11013	14:32:33: Position Data {'radio_id': 1
11014	14:32:33: Orientation {'radio_id': 1
11015	14:32:33: Position Data {'radio_id': 1
11016	14:32:33: Alt Info & Cfg {'radio_id': 1
11017	14:32:33: Pyro Info {'radio_id': 1
11018	14:32:34: Line Cutter Data 5 {'radio_id': 1
11019	14:32:34: Orientation {'radio_id': 1
11020	14:32:34: Position Data {'radio_id': 1
11021	14:32:34: Position Data {'radio_id': 1
11022	14:32:34: Orientation {'radio_id': 1
11023	14:32:34: Position Data {'radio_id': 1
11024	14:32:34: Orientation {'radio_id': 1
11025	14:32:34: Position Data {'radio_id': 1
11026	14:32:34: Orientation {'radio_id': 1
11027	14:32:34: Position Data {'radio_id': 1
11028	14:32:34: Pyro Info {'radio_id': 1
11029	14:32:34: Line Cutter Data 1 {'radio_id': 1
11030	14:32:35: Line Cutter Data 5 {'radio_id': 1
11031	14:32:35: Position Data {'radio_id': 1
11032	14:32:35: Orientation {'radio_id': 1
11033	14:32:35: Position Data {'radio_id': 1
11034	14:32:35: Ground Station GPS {'gs_lat': 44.8246337890625
11035	14:32:35: Orientation {'radio_id': 1
11036	14:32:35: Position Data {'radio_id': 1
11037	14:32:35: Orientation {'radio_id': 1
11038	14:32:35: Position Data {'radio_id': 1
11039	14:32:35: Orientation {'radio_id': 1
11040	14:32:35: Position Data {'radio_id': 1
11041	14:32:35: Pyro Info {'radio_id': 1
11042	14:32:36: Line Cutter Data 5 {'radio_id': 1
11043	14:32:36: Orientation {'radio_id': 1
11044	14:32:36: Orientation {'radio_id': 1
11045	14:32:36: Alt Info & Cfg {'radio_id': 1
11046	14:32:36: Orientation {'radio_id': 1
11047	14:32:36: Orientation {'radio_id': 1
11048	14:32:36: Position Data {'radio_id': 1
11049	14:32:36: Orientation {'radio_id': 1
11050	14:32:36: Pyro Info {'radio_id': 1
11051	14:32:36: Line Cutter Data 1 {'radio_id': 1
11052	14:32:37: Line Cutter Data 5 {'radio_id': 1
11053	14:32:37: Orientation {'radio_id': 1
11054	14:32:37: Orientation {'radio_id': 1
11055	14:32:37: Position Data {'radio_id': 1
11056	14:32:37: Orientation {'radio_id': 1
11057	14:32:37: Position Data {'radio_id': 1
11058	14:32:37: Orientation {'radio_id': 1
11059	14:32:37: Position Data {'radio_id': 1
11060	14:32:37: Alt Info & Cfg {'radio_id': 1
11061	14:32:37: Orientation {'radio_id': 1
11062	14:32:37: Position Data {'radio_id': 1
11063	14:32:38: Orientation {'radio_id': 1
11064	14:32:38: Position Data {'radio_id': 1
11065	14:32:38: Line Cutter Data 1 {'radio_id': 1
11066	14:32:38: Line Cutter Data 5 {'radio_id': 1
11067	14:32:38: Position Data {'radio_id': 1
11068	14:32:38: Orientation {'radio_id': 1
11069	14:32:38: Position Data {'radio_id': 1
11070	14:32:38: Orientation {'radio_id': 1
11071	14:32:38: Position Data {'radio_id': 1
11072	14:32:38: Orientation {'radio_id': 1
11073	14:32:38: Position Data {'radio_id': 1
11074	14:32:38: Alt Info & Cfg {'radio_id': 1
11075	14:32:39: Orientation {'radio_id': 1
11076	14:32:39: Position Data {'radio_id': 1
11077	14:32:39: Pyro Info {'radio_id': 1
11078	14:32:39: Line Cutter Data 1 {'radio_id': 1
11079	14:32:39: Line Cutter Data 5 {'radio_id': 1
11080	14:32:39: Position Data {'radio_id': 1
11081	14:32:39: Orientation {'radio_id': 1
11082	14:32:39: Position Data {'radio_id': 1
11083	14:32:39: Orientation {'radio_id': 1
11084	14:32:39: Orientation {'radio_id': 1
11085	14:32:39: Position Data {'radio_id': 1
11086	14:32:40: Orientation {'radio_id': 1
11087	14:32:40: Position Data {'radio_id': 1
11088	14:32:40: Pyro Info {'radio_id': 1
11089	14:32:40: Line Cutter Data 1 {'radio_id': 1
11090	14:32:40: Line Cutter Data 5 {'radio_id': 1
11091	14:32:40: Alt Info & Cfg {'radio_id': 1
11092	14:32:40: Orientation {'radio_id': 1
11093	14:32:40: Orientation {'radio_id': 1
11094	14:32:40: Position Data {'radio_id': 1
11095	14:32:40: Orientation {'radio_id': 1
11096	14:32:40: Orientation {'radio_id': 1
11097	14:32:41: Orientation {'radio_id': 1
11098	14:32:41: Position Data {'radio_id': 1
11099	14:32:41: Pyro Info {'radio_id': 1
11100	14:32:41: Line Cutter Data 1 {'radio_id': 1
11101	14:32:41: Line Cutter Data 5 {'radio_id': 1
11102	14:32:41: Position Data {'radio_id': 1
11103	14:32:41: Alt Info & Cfg {'radio_id': 1
11104	14:32:41: Orientation {'radio_id': 1
11105	14:32:41: Orientation {'radio_id': 1
11106	14:32:41: Orientation {'radio_id': 1
11107	14:32:41: Position Data {'radio_id': 1
11108	14:32:42: Orientation {'radio_id': 1
11109	14:32:42: Position Data {'radio_id': 1
11110	14:32:42: Line Cutter Data 1 {'radio_id': 1
11111	14:32:42: Line Cutter Data 5 {'radio_id': 1
11112	14:32:42: Orientation {'radio_id': 1
11113	14:32:42: Position Data {'radio_id': 1
11114	14:32:42: Orientation {'radio_id': 1
11115	14:32:42: Position Data {'radio_id': 1
11116	14:32:42: Orientation {'radio_id': 1
11117	14:32:42: Position Data {'radio_id': 1
11118	14:32:42: Orientation {'radio_id': 1
11119	14:32:42: Position Data {'radio_id': 1
11120	14:32:43: Orientation {'radio_id': 1
11121	14:32:43: Position Data {'radio_id': 1
11122	14:32:43: Pyro Info {'radio_id': 1
11123	14:32:43: Line Cutter Data 1 {'radio_id': 1
11124	14:32:43: Line Cutter Data 5 {'radio_id': 1
11125	14:32:43: Line Cutter Vars 1 {'radio_id': 1
11126	14:32:43: Line Cutter Vars 5 {'radio_id': 1
11127	14:32:43: Orientation {'radio_id': 1
11128	14:32:43: Position Data {'radio_id': 1
11129	14:32:43: Orientation {'radio_id': 1
11130	14:32:43: Position Data {'radio_id': 1
11131	14:32:43: Orientation {'radio_id': 1
11132	14:32:43: Position Data {'radio_id': 1
11133	14:32:43: Orientation {'radio_id': 1
11134	14:32:43: Position Data {'radio_id': 1
11135	14:32:43: Alt Info & Cfg {'radio_id': 1
11136	14:32:44: Orientation {'radio_id': 1
11137	14:32:44: Position Data {'radio_id': 1
11138	14:32:44: Pyro Info {'radio_id': 1
11139	14:32:44: Line Cutter Data 5 {'radio_id': 1
11140	14:32:44: Orientation {'radio_id': 1
11141	14:32:44: Position Data {'radio_id': 1
11142	14:32:44: Orientation {'radio_id': 1
11143	14:32:44: Position Data {'radio_id': 1
11144	14:32:44: Orientation {'radio_id': 1
11145	14:32:44: Position Data {'radio_id': 1
11146	14:32:44: Orientation {'radio_id': 1
11147	14:32:44: Position Data {'radio_id': 1
11148	14:32:45: Orientation {'radio_id': 1
11149	14:32:45: Position Data {'radio_id': 1
11150	14:32:45: Alt Info & Cfg {'radio_id': 1
11151	14:32:45: Pyro Info {'radio_id': 1
11152	14:32:45: Line Cutter Data 1 {'radio_id': 1
11153	14:32:45: Line Cutter Data 5 {'radio_id': 1
11154	14:32:45: Orientation {'radio_id': 1
11155	14:32:45: Orientation {'radio_id': 1
11156	14:32:45: Position Data {'radio_id': 1
11157	14:32:45: Orientation {'radio_id': 1
11158	14:32:45: Orientation {'radio_id': 1
11159	14:32:45: Position Data {'radio_id': 1
11160	14:32:46: Orientation {'radio_id': 1
11161	14:32:46: Position Data {'radio_id': 1
11162	14:32:46: Line Cutter Data 5 {'radio_id': 1
11163	14:32:46: Position Data {'radio_id': 1
11164	14:32:46: Alt Info & Cfg {'radio_id': 1
11165	14:32:46: Orientation {'radio_id': 1
11166	14:32:46: Orientation {'radio_id': 1
11167	14:32:46: Orientation {'radio_id': 1
11168	14:32:46: Position Data {'radio_id': 1
11169	14:32:47: Orientation {'radio_id': 1
11170	14:32:47: Position Data {'radio_id': 1
11171	14:32:47: Pyro Info {'radio_id': 1
11172	14:32:47: Line Cutter Data 5 {'radio_id': 1
11173	14:32:47: Orientation {'radio_id': 1
11174	14:32:47: Ground Station GPS {'gs_lat': 44.8246337890625
11175	14:32:47: Orientation {'radio_id': 1
11176	14:32:47: Position Data {'radio_id': 1
11177	14:32:47: Alt Info & Cfg {'radio_id': 1
11178	14:32:47: Orientation {'radio_id': 1
11179	14:32:47: Position Data {'radio_id': 1
11180	14:32:47: Orientation {'radio_id': 1
11181	14:32:47: Position Data {'radio_id': 1
11182	14:32:48: Orientation {'radio_id': 1
11183	14:32:48: Pyro Info {'radio_id': 1
11184	14:32:48: Line Cutter Data 1 {'radio_id': 1
11185	14:32:48: Orientation {'radio_id': 1
11186	14:32:48: Orientation {'radio_id': 1
11187	14:32:48: Position Data {'radio_id': 1
11188	14:32:48: Orientation {'radio_id': 1
11189	14:32:48: Position Data {'radio_id': 1
11190	14:32:48: Alt Info & Cfg {'radio_id': 1
11191	14:32:48: Orientation {'radio_id': 1
11192	14:32:48: Position Data {'radio_id': 1
11193	14:32:49: Orientation {'radio_id': 1
11194	14:32:49: Position Data {'radio_id': 1
11195	14:32:49: Line Cutter Data 1 {'radio_id': 1
11196	14:32:49: Line Cutter Data 5 {'radio_id': 1
11197	14:32:49: Orientation {'radio_id': 1
11198	14:32:49: Position Data {'radio_id': 1
11199	14:32:49: Ground Station GPS {'gs_lat': 44.8246337890625
11200	14:32:49: Orientation {'radio_id': 1
11201	14:32:49: Position Data {'radio_id': 1
11202	14:32:49: Orientation {'radio_id': 1
11203	14:32:49: Position Data {'radio_id': 1
11204	14:32:49: Orientation {'radio_id': 1
11205	14:32:49: Position Data {'radio_id': 1
11206	14:32:50: Orientation {'radio_id': 1
11207	14:32:50: Alt Info & Cfg {'radio_id': 1
11208	14:32:50: Pyro Info {'radio_id': 1
11209	14:32:50: Line Cutter Data 1 {'radio_id': 1
11210	14:32:50: Line Cutter Data 5 {'radio_id': 1
11211	14:32:50: Orientation {'radio_id': 1
11212	14:32:50: Position Data {'radio_id': 1
11213	14:32:50: Orientation {'radio_id': 1
11214	14:32:50: Position Data {'radio_id': 1
11215	14:32:50: Orientation {'radio_id': 1
11216	14:32:50: Position Data {'radio_id': 1
11217	14:32:50: Orientation {'radio_id': 1
11218	14:32:51: Orientation {'radio_id': 1
11219	14:32:51: Orientation {'radio_id': 1
11220	14:32:51: Position Data {'radio_id': 1
11221	14:32:51: Ground Station GPS {'gs_lat': 44.8246337890625
11222	14:32:51: Line Cutter Data 1 {'radio_id': 1
11223	14:32:51: Line Cutter Data 5 {'radio_id': 1
11224	14:32:51: Alt Info & Cfg {'radio_id': 1
11225	14:32:51: Orientation {'radio_id': 1
11226	14:32:51: Orientation {'radio_id': 1
11227	14:32:51: Position Data {'radio_id': 1
11228	14:32:51: Orientation {'radio_id': 1
11229	14:32:52: Orientation {'radio_id': 1
11230	14:32:52: Orientation {'radio_id': 1
11231	14:32:52: Position Data {'radio_id': 1
11232	14:32:52: Pyro Info {'radio_id': 1
11233	14:32:52: Line Cutter Data 1 {'radio_id': 1
11234	14:32:52: Line Cutter Data 5 {'radio_id': 1
11235	14:32:52: Orientation {'radio_id': 1
11236	14:32:52: Orientation {'radio_id': 1
11237	14:32:52: Position Data {'radio_id': 1
11238	14:32:53: Orientation {'radio_id': 1
11239	14:32:53: Position Data {'radio_id': 1
11240	14:32:53: Line Cutter Vars 1 {'radio_id': 1
11241	14:32:53: Line Cutter Vars 5 {'radio_id': 1
11242	14:32:53: Orientation {'radio_id': 1
11243	14:32:53: Pyro Info {'radio_id': 1
11244	14:32:53: Line Cutter Data 5 {'radio_id': 1
11245	14:32:53: Orientation {'radio_id': 1
11246	14:32:53: Orientation {'radio_id': 1
11247	14:32:53: Position Data {'radio_id': 1
11248	14:32:53: Alt Info & Cfg {'radio_id': 1
11249	14:32:53: Orientation {'radio_id': 1
11250	14:32:53: Position Data {'radio_id': 1
11251	14:32:54: Orientation {'radio_id': 1
11252	14:32:54: Position Data {'radio_id': 1
11253	14:32:54: Orientation {'radio_id': 1
11254	14:32:54: Pyro Info {'radio_id': 1
11255	14:32:54: Line Cutter Data 1 {'radio_id': 1
11256	14:32:54: Line Cutter Data 5 {'radio_id': 1
11257	14:32:54: Orientation {'radio_id': 1
11258	14:32:54: Position Data {'radio_id': 1
11259	14:32:54: Orientation {'radio_id': 1
11260	14:32:54: Orientation {'radio_id': 1
11261	14:32:54: Alt Info & Cfg {'radio_id': 1
11262	14:32:55: Orientation {'radio_id': 1
11263	14:32:55: Position Data {'radio_id': 1
11264	14:32:55: Orientation {'radio_id': 1
11265	14:32:55: Pyro Info {'radio_id': 1
11266	14:32:55: Line Cutter Data 5 {'radio_id': 1
11267	14:32:55: Orientation {'radio_id': 1
11268	14:32:55: Position Data {'radio_id': 1
11269	14:32:55: Orientation {'radio_id': 1
11270	14:32:55: Position Data {'radio_id': 1
11271	14:32:55: Orientation {'radio_id': 1
11272	14:32:55: Position Data {'radio_id': 1
11273	14:32:56: Orientation {'radio_id': 1
11274	14:32:56: Position Data {'radio_id': 1
11275	14:32:56: Orientation {'radio_id': 1
11276	14:32:56: Position Data {'radio_id': 1
11277	14:32:56: Alt Info & Cfg {'radio_id': 1
11278	14:32:56: Pyro Info {'radio_id': 1
11279	14:32:56: Line Cutter Data 5 {'radio_id': 1
11280	14:32:56: Orientation {'radio_id': 1
11281	14:32:56: Position Data {'radio_id': 1
11282	14:32:56: Orientation {'radio_id': 1
11283	14:32:56: Position Data {'radio_id': 1
11284	14:32:56: Orientation {'radio_id': 1
11285	14:32:56: Position Data {'radio_id': 1
11286	14:32:57: Orientation {'radio_id': 1
11287	14:32:57: Position Data {'radio_id': 1
11288	14:32:57: Orientation {'radio_id': 1
11289	14:32:57: Position Data {'radio_id': 1
11290	14:32:57: Pyro Info {'radio_id': 1
11291	14:32:57: Line Cutter Data 1 {'radio_id': 1
11292	14:32:57: Line Cutter Data 5 {'radio_id': 1
11293	14:32:57: Position Data {'radio_id': 1
11294	14:32:57: Orientation {'radio_id': 1
11295	14:32:57: Position Data {'radio_id': 1
11296	14:32:57: Orientation {'radio_id': 1
11297	14:32:57: Position Data {'radio_id': 1
11298	14:32:58: Orientation {'radio_id': 1
11299	14:32:58: Orientation {'radio_id': 1
11300	14:32:58: Pyro Info {'radio_id': 1
11301	14:32:58: Line Cutter Data 1 {'radio_id': 1
11302	14:32:58: Line Cutter Data 5 {'radio_id': 1
11303	14:32:58: Orientation {'radio_id': 1
11304	14:32:58: Position Data {'radio_id': 1
11305	14:32:58: Orientation {'radio_id': 1
11306	14:32:58: Position Data {'radio_id': 1
11307	14:32:58: Alt Info & Cfg {'radio_id': 1
11308	14:32:58: Orientation {'radio_id': 1
11309	14:32:58: Position Data {'radio_id': 1
11310	14:32:59: Orientation {'radio_id': 1
11311	14:32:59: Position Data {'radio_id': 1
11312	14:32:59: Orientation {'radio_id': 1
11313	14:32:59: Position Data {'radio_id': 1
11314	14:32:59: Pyro Info {'radio_id': 1
11315	14:32:59: Line Cutter Data 1 {'radio_id': 1
11316	14:32:59: Line Cutter Data 5 {'radio_id': 1
11317	14:32:59: Orientation {'radio_id': 1
11318	14:32:59: Position Data {'radio_id': 1
11319	14:32:59: Orientation {'radio_id': 1
11320	14:32:59: Position Data {'radio_id': 1
11321	14:32:59: Orientation {'radio_id': 1
11322	14:32:59: Position Data {'radio_id': 1
11323	14:32:59: Alt Info & Cfg {'radio_id': 1
11324	14:33:00: Orientation {'radio_id': 1
11325	14:33:00: Position Data {'radio_id': 1
11326	14:33:00: Orientation {'radio_id': 1
11327	14:33:00: Position Data {'radio_id': 1
11328	14:33:00: Pyro Info {'radio_id': 1
11329	14:33:00: Line Cutter Data 1 {'radio_id': 1
11330	14:33:00: Line Cutter Data 5 {'radio_id': 1
11331	14:33:00: Orientation {'radio_id': 1
11332	14:33:00: Position Data {'radio_id': 1
11333	14:33:00: Orientation {'radio_id': 1
11334	14:33:00: Position Data {'radio_id': 1
11335	14:33:00: Orientation {'radio_id': 1
11336	14:33:00: Position Data {'radio_id': 1
11337	14:33:01: Orientation {'radio_id': 1
11338	14:33:01: Position Data {'radio_id': 1
11339	14:33:01: Alt Info & Cfg {'radio_id': 1
11340	14:33:01: Orientation {'radio_id': 1
11341	14:33:01: Position Data {'radio_id': 1
11342	14:33:01: Pyro Info {'radio_id': 1
11343	14:33:01: Ground Station GPS {'gs_lat': 44.8246337890625
11344	14:33:01: Line Cutter Data 5 {'radio_id': 1
11345	14:33:01: Orientation {'radio_id': 1
11346	14:33:01: Position Data {'radio_id': 1
11347	14:33:01: Orientation {'radio_id': 1
11348	14:33:01: Orientation {'radio_id': 1
11349	14:33:02: Orientation {'radio_id': 1
11350	14:33:02: Position Data {'radio_id': 1
11351	14:33:02: Orientation {'radio_id': 1
11352	14:33:02: Pyro Info {'radio_id': 1
11353	14:33:02: Line Cutter Data 1 {'radio_id': 1
11354	14:33:02: Line Cutter Data 5 {'radio_id': 1
11355	14:33:02: Orientation {'radio_id': 1
11356	14:33:02: Position Data {'radio_id': 1
11357	14:33:02: Alt Info & Cfg {'radio_id': 1
11358	14:33:02: Orientation {'radio_id': 1
11359	14:33:02: Orientation {'radio_id': 1
11360	14:33:03: Orientation {'radio_id': 1
11361	14:33:03: Line Cutter Vars 1 {'radio_id': 1
11362	14:33:03: Orientation {'radio_id': 1
11363	14:33:03: Position Data {'radio_id': 1
11364	14:33:03: Ground Station GPS {'gs_lat': 44.8246337890625
11365	14:33:03: Orientation {'radio_id': 1
11366	14:33:03: Position Data {'radio_id': 1
11367	14:33:03: Pyro Info {'radio_id': 1
11368	14:33:03: Line Cutter Data 1 {'radio_id': 1
11369	14:33:03: Line Cutter Data 5 {'radio_id': 1
11370	14:33:03: Orientation {'radio_id': 1
11371	14:33:03: Position Data {'radio_id': 1
11372	14:33:03: Alt Info & Cfg {'radio_id': 1
11373	14:33:03: Orientation {'radio_id': 1
11374	14:33:03: Position Data {'radio_id': 1
11375	14:33:04: Orientation {'radio_id': 1
11376	14:33:04: Position Data {'radio_id': 1
11377	14:33:04: Orientation {'radio_id': 1
11378	14:33:04: Position Data {'radio_id': 1
11379	14:33:04: Orientation {'radio_id': 1
11380	14:33:04: Position Data {'radio_id': 1
11381	14:33:04: Pyro Info {'radio_id': 1
11382	14:33:04: Line Cutter Data 1 {'radio_id': 1
11383	14:33:04: Line Cutter Data 5 {'radio_id': 1
11384	14:33:04: Orientation {'radio_id': 1
11385	14:33:04: Orientation {'radio_id': 1
11386	14:33:04: Position Data {'radio_id': 1
11387	14:33:05: Orientation {'radio_id': 1
11388	14:33:05: Position Data {'radio_id': 1
11389	14:33:05: Orientation {'radio_id': 1
11390	14:33:05: Position Data {'radio_id': 1
11391	14:33:05: Ground Station GPS {'gs_lat': 44.8246337890625
11392	14:33:05: Orientation {'radio_id': 1
11393	14:33:05: Position Data {'radio_id': 1
11394	14:33:05: Line Cutter Data 5 {'radio_id': 1
11395	14:33:05: Position Data {'radio_id': 1
11396	14:33:05: Orientation {'radio_id': 1
11397	14:33:05: Position Data {'radio_id': 1
11398	14:33:06: Orientation {'radio_id': 1
11399	14:33:06: Position Data {'radio_id': 1
11400	14:33:06: Alt Info & Cfg {'radio_id': 1
11401	14:33:06: Orientation {'radio_id': 1
11402	14:33:06: Orientation {'radio_id': 1
11403	14:33:06: Position Data {'radio_id': 1
11404	14:33:06: Line Cutter Data 1 {'radio_id': 1
11405	14:33:06: Line Cutter Data 5 {'radio_id': 1
11406	14:33:06: Orientation {'radio_id': 1
11407	14:33:06: Position Data {'radio_id': 1
11408	14:33:06: Orientation {'radio_id': 1
11409	14:33:06: Position Data {'radio_id': 1
11410	14:33:07: Orientation {'radio_id': 1
11411	14:33:07: Position Data {'radio_id': 1
11412	14:33:07: Orientation {'radio_id': 1
11413	14:33:07: Position Data {'radio_id': 1
11414	14:33:07: Ground Station GPS {'gs_lat': 44.8246337890625
11415	14:33:07: Position Data {'radio_id': 1
11416	14:33:07: Pyro Info {'radio_id': 1
11417	14:33:07: Line Cutter Data 1 {'radio_id': 1
11418	14:33:07: Line Cutter Data 5 {'radio_id': 1
11419	14:33:07: Orientation {'radio_id': 1
11420	14:33:07: Position Data {'radio_id': 1
11421	14:33:07: Orientation {'radio_id': 1
11422	14:33:07: Position Data {'radio_id': 1
11423	14:33:08: Orientation {'radio_id': 1
11424	14:33:08: Position Data {'radio_id': 1
11425	14:33:08: Orientation {'radio_id': 1
11426	14:33:08: Orientation {'radio_id': 1
11427	14:33:08: Pyro Info {'radio_id': 1
11428	14:33:08: Line Cutter Data 5 {'radio_id': 1
11429	14:33:08: Orientation {'radio_id': 1
11430	14:33:08: Position Data {'radio_id': 1
11431	14:33:08: Alt Info & Cfg {'radio_id': 1
11432	14:33:08: Orientation {'radio_id': 1
11433	14:33:08: Position Data {'radio_id': 1
11434	14:33:09: Orientation {'radio_id': 1
11435	14:33:09: Orientation {'radio_id': 1
11436	14:33:09: Position Data {'radio_id': 1
11437	14:33:09: Ground Station GPS {'gs_lat': 44.8246337890625
11438	14:33:09: Orientation {'radio_id': 1
11439	14:33:09: Pyro Info {'radio_id': 1
11440	14:33:09: Line Cutter Data 1 {'radio_id': 1
11441	14:33:09: Line Cutter Data 5 {'radio_id': 1
11442	14:33:09: Orientation {'radio_id': 1
11443	14:33:09: Position Data {'radio_id': 1
11444	14:33:09: Alt Info & Cfg {'radio_id': 1
11445	14:33:10: Orientation {'radio_id': 1
11446	14:33:10: Orientation {'radio_id': 1
11447	14:33:10: Orientation {'radio_id': 1
11448	14:33:10: Pyro Info {'radio_id': 1
11449	14:33:10: Line Cutter Data 5 {'radio_id': 1
11450	14:33:10: Orientation {'radio_id': 1
11451	14:33:10: Orientation {'radio_id': 1
11452	14:33:10: Position Data {'radio_id': 1
11453	14:33:11: Orientation {'radio_id': 1
11454	14:33:11: Position Data {'radio_id': 1
11455	14:33:11: Alt Info & Cfg {'radio_id': 1
11456	14:33:11: Orientation {'radio_id': 1
11457	14:33:11: Position Data {'radio_id': 1
11458	14:33:11: Ground Station GPS {'gs_lat': 44.8246337890625
11459	14:33:11: Orientation {'radio_id': 1
11460	14:33:11: Position Data {'radio_id': 1
11461	14:33:11: Pyro Info {'radio_id': 1
11462	14:33:11: Line Cutter Data 1 {'radio_id': 1
11463	14:33:11: Line Cutter Data 5 {'radio_id': 1
11464	14:33:11: Orientation {'radio_id': 1
11465	14:33:11: Position Data {'radio_id': 1
11466	14:33:11: Orientation {'radio_id': 1
11467	14:33:11: Position Data {'radio_id': 1
11468	14:33:12: Orientation {'radio_id': 1
11469	14:33:12: Position Data {'radio_id': 1
11470	14:33:12: Orientation {'radio_id': 1
11471	14:33:12: Position Data {'radio_id': 1
11472	14:33:12: Alt Info & Cfg {'radio_id': 1
11473	14:33:12: Orientation {'radio_id': 1
11474	14:33:12: Position Data {'radio_id': 1
11475	14:33:12: Pyro Info {'radio_id': 1
11476	14:33:12: Line Cutter Data 1 {'radio_id': 1
11477	14:33:12: Line Cutter Data 5 {'radio_id': 1
11478	14:33:12: Position Data {'radio_id': 1
11479	14:33:12: Orientation {'radio_id': 1
11480	14:33:13: Orientation {'radio_id': 1
11481	14:33:13: Position Data {'radio_id': 1
11482	14:33:13: Line Cutter Vars 5 {'radio_id': 1
11483	14:33:13: Orientation {'radio_id': 1
11484	14:33:13: Position Data {'radio_id': 1
11485	14:33:13: Ground Station GPS {'gs_lat': 44.8246337890625
11486	14:33:13: Orientation {'radio_id': 1
11487	14:33:13: Position Data {'radio_id': 1
11488	14:33:13: Pyro Info {'radio_id': 1
11489	14:33:13: Line Cutter Data 1 {'radio_id': 1
11490	14:33:13: Alt Info & Cfg {'radio_id': 1
11491	14:33:13: Orientation {'radio_id': 1
11492	14:33:13: Position Data {'radio_id': 1
11493	14:33:13: Orientation {'radio_id': 1
11494	14:33:13: Position Data {'radio_id': 1
11495	14:33:14: Orientation {'radio_id': 1
11496	14:33:14: Position Data {'radio_id': 1
11497	14:33:14: Orientation {'radio_id': 1
11498	14:33:14: Position Data {'radio_id': 1
11499	14:33:14: Orientation {'radio_id': 1
11500	14:33:14: Position Data {'radio_id': 1
11501	14:33:14: Pyro Info {'radio_id': 1
11502	14:33:14: Line Cutter Data 5 {'radio_id': 1
11503	14:33:14: Orientation {'radio_id': 1
11504	14:33:14: Position Data {'radio_id': 1
11505	14:33:14: Orientation {'radio_id': 1
11506	14:33:14: Position Data {'radio_id': 1
11507	14:33:14: Alt Info & Cfg {'radio_id': 1
11508	14:33:15: Orientation {'radio_id': 1
11509	14:33:15: Orientation {'radio_id': 1
11510	14:33:15: Position Data {'radio_id': 1
11511	14:33:15: Ground Station GPS {'gs_lat': 44.8246337890625
11512	14:33:15: Position Data {'radio_id': 1
11513	14:33:15: Pyro Info {'radio_id': 1
11514	14:33:15: Line Cutter Data 1 {'radio_id': 1
11515	14:33:15: Line Cutter Data 5 {'radio_id': 1
11516	14:33:15: Position Data {'radio_id': 1
11517	14:33:15: Orientation {'radio_id': 1
11518	14:33:15: Position Data {'radio_id': 1
11519	14:33:16: Orientation {'radio_id': 1
11520	14:33:16: Position Data {'radio_id': 1
11521	14:33:16: Alt Info & Cfg {'radio_id': 1
11522	14:33:16: Orientation {'radio_id': 1
11523	14:33:16: Position Data {'radio_id': 1
11524	14:33:16: Orientation {'radio_id': 1
11525	14:33:16: Position Data {'radio_id': 1
11526	14:33:16: Orientation {'radio_id': 1
11527	14:33:16: Position Data {'radio_id': 1
11528	14:33:16: Pyro Info {'radio_id': 1
11529	14:33:16: Line Cutter Data 1 {'radio_id': 1
11530	14:33:16: Orientation {'radio_id': 1
11531	14:33:17: Orientation {'radio_id': 1
11532	14:33:17: Position Data {'radio_id': 1
11533	14:33:17: Orientation {'radio_id': 1
11534	14:33:17: Position Data {'radio_id': 1
11535	14:33:17: Orientation {'radio_id': 1
11536	14:33:17: Position Data {'radio_id': 1
11537	14:33:17: Orientation {'radio_id': 1
11538	14:33:17: Position Data {'radio_id': 1
11539	14:33:17: Line Cutter Data 1 {'radio_id': 1
11540	14:33:17: Orientation {'radio_id': 1
11541	14:33:17: Position Data {'radio_id': 1
11542	14:33:18: Orientation {'radio_id': 1
11543	14:33:18: Position Data {'radio_id': 1
11544	14:33:18: Orientation {'radio_id': 1
11545	14:33:18: Position Data {'radio_id': 1
11546	14:33:18: Orientation {'radio_id': 1
11547	14:33:18: Position Data {'radio_id': 1
11548	14:33:18: Alt Info & Cfg {'radio_id': 1
11549	14:33:18: Orientation {'radio_id': 1
11550	14:33:18: Position Data {'radio_id': 1
11551	14:33:18: Pyro Info {'radio_id': 1
11552	14:33:18: Line Cutter Data 5 {'radio_id': 1
11553	14:33:18: Orientation {'radio_id': 1
11554	14:33:18: Position Data {'radio_id': 1
11555	14:33:19: Orientation {'radio_id': 1
11556	14:33:19: Orientation {'radio_id': 1
11557	14:33:19: Orientation {'radio_id': 1
11558	14:33:19: Position Data {'radio_id': 1
11559	14:33:19: Orientation {'radio_id': 1
11560	14:33:19: Position Data {'radio_id': 1
11561	14:33:19: Pyro Info {'radio_id': 1
11562	14:33:19: Line Cutter Data 5 {'radio_id': 1
11563	14:33:19: Orientation {'radio_id': 1
11564	14:33:19: Position Data {'radio_id': 1
11565	14:33:20: Orientation {'radio_id': 1
11566	14:33:20: Orientation {'radio_id': 1
11567	14:33:20: Position Data {'radio_id': 1
11568	14:33:20: Orientation {'radio_id': 1
11569	14:33:20: Orientation {'radio_id': 1
11570	14:33:20: Position Data {'radio_id': 1
11571	14:33:20: Pyro Info {'radio_id': 1
11572	14:33:20: Line Cutter Data 5 {'radio_id': 1
11573	14:33:20: Orientation {'radio_id': 1
11574	14:33:20: Position Data {'radio_id': 1
11575	14:33:21: Orientation {'radio_id': 1
11576	14:33:21: Position Data {'radio_id': 1
11577	14:33:21: Alt Info & Cfg {'radio_id': 1
11578	14:33:21: Orientation {'radio_id': 1
11579	14:33:21: Orientation {'radio_id': 1
11580	14:33:21: Orientation {'radio_id': 1
11581	14:33:21: Position Data {'radio_id': 1
11582	14:33:21: Pyro Info {'radio_id': 1
11583	14:33:21: Line Cutter Data 1 {'radio_id': 1
11584	14:33:21: Line Cutter Data 5 {'radio_id': 1
11585	14:33:21: Orientation {'radio_id': 1
11586	14:33:21: Position Data {'radio_id': 1
11587	14:33:22: Orientation {'radio_id': 1
11588	14:33:22: Position Data {'radio_id': 1
11589	14:33:22: Orientation {'radio_id': 1
11590	14:33:22: Position Data {'radio_id': 1
11591	14:33:22: Alt Info & Cfg {'radio_id': 1
11592	14:33:22: Orientation {'radio_id': 1
11593	14:33:22: Orientation {'radio_id': 1
11594	14:33:22: Position Data {'radio_id': 1
11595	14:33:22: Pyro Info {'radio_id': 1
11596	14:33:22: Line Cutter Data 5 {'radio_id': 1
11597	14:33:22: Position Data {'radio_id': 1
11598	14:33:23: Orientation {'radio_id': 1
11599	14:33:23: Position Data {'radio_id': 1
11600	14:33:23: Orientation {'radio_id': 1
11601	14:33:23: Position Data {'radio_id': 1
11602	14:33:23: Line Cutter Vars 1 {'radio_id': 1
11603	14:33:23: Line Cutter Vars 5 {'radio_id': 1
11604	14:33:23: Ground Station GPS {'gs_lat': 44.8246337890625
11605	14:33:23: Position Data {'radio_id': 1
11606	14:33:23: Orientation {'radio_id': 1
11607	14:33:23: Position Data {'radio_id': 1
11608	14:33:23: Pyro Info {'radio_id': 1
11609	14:33:23: Line Cutter Data 1 {'radio_id': 1
11610	14:33:23: Line Cutter Data 5 {'radio_id': 1
11611	14:33:23: Orientation {'radio_id': 1
11612	14:33:23: Position Data {'radio_id': 1
11613	14:33:24: Orientation {'radio_id': 1
11614	14:33:24: Position Data {'radio_id': 1
11615	14:33:24: Orientation {'radio_id': 1
11616	14:33:24: Position Data {'radio_id': 1
11617	14:33:24: Orientation {'radio_id': 1
11618	14:33:24: Orientation {'radio_id': 1
11619	14:33:24: Position Data {'radio_id': 1
11620	14:33:24: Alt Info & Cfg {'radio_id': 1
11621	14:33:24: Pyro Info {'radio_id': 1
11622	14:33:24: Line Cutter Data 1 {'radio_id': 1
11623	14:33:24: Orientation {'radio_id': 1
11624	14:33:24: Position Data {'radio_id': 1
11625	14:33:25: Orientation {'radio_id': 1
11626	14:33:25: Orientation {'radio_id': 1
11627	14:33:25: Position Data {'radio_id': 1
11628	14:33:25: Ground Station GPS {'gs_lat': 44.8246337890625
11629	14:33:25: Orientation {'radio_id': 1
11630	14:33:25: Orientation {'radio_id': 1
11631	14:33:25: Position Data {'radio_id': 1
11632	14:33:25: Pyro Info {'radio_id': 1
11633	14:33:25: Line Cutter Data 1 {'radio_id': 1
11634	14:33:25: Line Cutter Data 5 {'radio_id': 1
11635	14:33:25: Orientation {'radio_id': 1
11636	14:33:25: Alt Info & Cfg {'radio_id': 1
11637	14:33:26: Orientation {'radio_id': 1
11638	14:33:26: Position Data {'radio_id': 1
11639	14:33:26: Orientation {'radio_id': 1
11640	14:33:26: Position Data {'radio_id': 1
11641	14:33:26: Orientation {'radio_id': 1
11642	14:33:26: Position Data {'radio_id': 1
11643	14:33:26: Orientation {'radio_id': 1
11644	14:33:26: Position Data {'radio_id': 1
11645	14:33:26: Pyro Info {'radio_id': 1
11646	14:33:26: Line Cutter Data 5 {'radio_id': 1
11647	14:33:26: Orientation {'radio_id': 1
11648	14:33:26: Position Data {'radio_id': 1
11649	14:33:27: Orientation {'radio_id': 1
11650	14:33:27: Position Data {'radio_id': 1
11651	14:33:27: Orientation {'radio_id': 1
11652	14:33:27: Alt Info & Cfg {'radio_id': 1
11653	14:33:27: Orientation {'radio_id': 1
11654	14:33:27: Position Data {'radio_id': 1
11655	14:33:27: Orientation {'radio_id': 1
11656	14:33:27: Pyro Info {'radio_id': 1
11657	14:33:27: Line Cutter Data 5 {'radio_id': 1
11658	14:33:27: Orientation {'radio_id': 1
11659	14:33:27: Position Data {'radio_id': 1
11660	14:33:28: Orientation {'radio_id': 1
11661	14:33:28: Position Data {'radio_id': 1
11662	14:33:28: Orientation {'radio_id': 1
11663	14:33:28: Orientation {'radio_id': 1
11664	14:33:28: Position Data {'radio_id': 1
11665	14:33:28: Alt Info & Cfg {'radio_id': 1
11666	14:33:28: Orientation {'radio_id': 1
11667	14:33:28: Position Data {'radio_id': 1
11668	14:33:28: Orientation {'radio_id': 1
11669	14:33:28: Pyro Info {'radio_id': 1
11670	14:33:28: Line Cutter Data 1 {'radio_id': 1
11671	14:33:29: Line Cutter Data 5 {'radio_id': 1
11672	14:33:29: Orientation {'radio_id': 1
11673	14:33:29: Position Data {'radio_id': 1
11674	14:33:29: Orientation {'radio_id': 1
11675	14:33:29: Position Data {'radio_id': 1
11676	14:33:29: Orientation {'radio_id': 1
11677	14:33:29: Ground Station GPS {'gs_lat': 44.8246337890625
11678	14:33:29: Position Data {'radio_id': 1
11679	14:33:29: Orientation {'radio_id': 1
11680	14:33:29: Position Data {'radio_id': 1
11681	14:33:29: Alt Info & Cfg {'radio_id': 1
11682	14:33:29: Orientation {'radio_id': 1
11683	14:33:29: Pyro Info {'radio_id': 1
11684	14:33:29: Line Cutter Data 1 {'radio_id': 1
11685	14:33:30: Line Cutter Data 5 {'radio_id': 1
11686	14:33:30: Orientation {'radio_id': 1
11687	14:33:30: Orientation {'radio_id': 1
11688	14:33:30: Position Data {'radio_id': 1
11689	14:33:30: Orientation {'radio_id': 1
11690	14:33:30: Position Data {'radio_id': 1
11691	14:33:30: Orientation {'radio_id': 1
11692	14:33:30: Position Data {'radio_id': 1
11693	14:33:30: Orientation {'radio_id': 1
11694	14:33:30: Pyro Info {'radio_id': 1
11695	14:33:30: Line Cutter Data 1 {'radio_id': 1
11696	14:33:31: Line Cutter Data 5 {'radio_id': 1
11697	14:33:31: Alt Info & Cfg {'radio_id': 1
11698	14:33:31: Orientation {'radio_id': 1
11699	14:33:31: Position Data {'radio_id': 1
11700	14:33:31: Orientation {'radio_id': 1
11701	14:33:31: Position Data {'radio_id': 1
11702	14:33:31: Orientation {'radio_id': 1
11703	14:33:31: Ground Station GPS {'gs_lat': 44.8246337890625
11704	14:33:31: Position Data {'radio_id': 1
11705	14:33:31: Orientation {'radio_id': 1
11706	14:33:31: Position Data {'radio_id': 1
11707	14:33:31: Orientation {'radio_id': 1
11708	14:33:31: Position Data {'radio_id': 1
11709	14:33:31: Pyro Info {'radio_id': 1
11710	14:33:32: Line Cutter Data 1 {'radio_id': 1
11711	14:33:32: Orientation {'radio_id': 1
11712	14:33:32: Position Data {'radio_id': 1
11713	14:33:32: Alt Info & Cfg {'radio_id': 1
11714	14:33:32: Orientation {'radio_id': 1
11715	14:33:32: Position Data {'radio_id': 1
11716	14:33:32: Orientation {'radio_id': 1
11717	14:33:32: Position Data {'radio_id': 1
11718	14:33:32: Orientation {'radio_id': 1
11719	14:33:32: Position Data {'radio_id': 1
11720	14:33:32: Orientation {'radio_id': 1
11721	14:33:32: Position Data {'radio_id': 1
11722	14:33:32: Pyro Info {'radio_id': 1
11723	14:33:32: Line Cutter Data 1 {'radio_id': 1
11724	14:33:33: Line Cutter Data 5 {'radio_id': 1
11725	14:33:33: Orientation {'radio_id': 1
11726	14:33:33: Position Data {'radio_id': 1
11727	14:33:33: Orientation {'radio_id': 1
11728	14:33:33: Position Data {'radio_id': 1
11729	14:33:33: Line Cutter Vars 1 {'radio_id': 1
11730	14:33:33: Orientation {'radio_id': 1
11731	14:33:33: Position Data {'radio_id': 1
11732	14:33:33: Alt Info & Cfg {'radio_id': 1
11733	14:33:33: Orientation {'radio_id': 1
11734	14:33:33: Orientation {'radio_id': 1
11735	14:33:33: Position Data {'radio_id': 1
11736	14:33:34: Line Cutter Data 5 {'radio_id': 1
11737	14:33:34: Orientation {'radio_id': 1
11738	14:33:34: Position Data {'radio_id': 1
11739	14:33:34: Orientation {'radio_id': 1
11740	14:33:34: Position Data {'radio_id': 1
11741	14:33:34: Orientation {'radio_id': 1
11742	14:33:34: Position Data {'radio_id': 1
11743	14:33:34: Orientation {'radio_id': 1
11744	14:33:34: Orientation {'radio_id': 1
11745	14:33:34: Pyro Info {'radio_id': 1
11746	14:33:35: Line Cutter Data 5 {'radio_id': 1
11747	14:33:35: Orientation {'radio_id': 1
11748	14:33:35: Orientation {'radio_id': 1
11749	14:33:35: Position Data {'radio_id': 1
11750	14:33:35: Orientation {'radio_id': 1
11751	14:33:35: Position Data {'radio_id': 1
11752	14:33:35: Orientation {'radio_id': 1
11753	14:33:35: Orientation {'radio_id': 1
11754	14:33:35: Position Data {'radio_id': 1
11755	14:33:35: Alt Info & Cfg {'radio_id': 1
11756	14:33:35: Pyro Info {'radio_id': 1
11757	14:33:36: Line Cutter Data 1 {'radio_id': 1
11758	14:33:36: Orientation {'radio_id': 1
11759	14:33:36: Position Data {'radio_id': 1
11760	14:33:36: Orientation {'radio_id': 1
11761	14:33:36: Position Data {'radio_id': 1
11762	14:33:36: Orientation {'radio_id': 1
11763	14:33:36: Position Data {'radio_id': 1
11764	14:33:36: Orientation {'radio_id': 1
11765	14:33:36: Position Data {'radio_id': 1
11766	14:33:36: Orientation {'radio_id': 1
11767	14:33:36: Position Data {'radio_id': 1
11768	14:33:36: Pyro Info {'radio_id': 1
11769	14:33:37: Line Cutter Data 5 {'radio_id': 1
11770	14:33:37: Orientation {'radio_id': 1
11771	14:33:37: Alt Info & Cfg {'radio_id': 1
11772	14:33:37: Orientation {'radio_id': 1
11773	14:33:37: Position Data {'radio_id': 1
11774	14:33:37: Orientation {'radio_id': 1
11775	14:33:37: Ground Station GPS {'gs_lat': 44.824625651041664
11776	14:33:37: Orientation {'radio_id': 1
11777	14:33:37: Position Data {'radio_id': 1
11778	14:33:37: Orientation {'radio_id': 1
11779	14:33:37: Position Data {'radio_id': 1
11780	14:33:37: Pyro Info {'radio_id': 1
11781	14:33:37: Line Cutter Data 1 {'radio_id': 1
11782	14:33:38: Orientation {'radio_id': 1
11783	14:33:38: Position Data {'radio_id': 1
11784	14:33:38: Orientation {'radio_id': 1
11785	14:33:38: Alt Info & Cfg {'radio_id': 1
11786	14:33:38: Orientation {'radio_id': 1
11787	14:33:38: Position Data {'radio_id': 1
11788	14:33:39: Orientation {'radio_id': 1
11789	14:33:39: Position Data {'radio_id': 1
11790	14:33:39: Pyro Info {'radio_id': 1
11791	14:33:39: Line Cutter Data 1 {'radio_id': 1
11792	14:33:39: Line Cutter Data 5 {'radio_id': 1
11793	14:33:39: Position Data {'radio_id': 1
11794	14:33:39: Orientation {'radio_id': 1
11795	14:33:39: Ground Station GPS {'gs_lat': 44.824625651041664
11796	14:33:39: Orientation {'radio_id': 1
11797	14:33:39: Position Data {'radio_id': 1
11798	14:33:39: Alt Info & Cfg {'radio_id': 1
11799	14:33:39: Orientation {'radio_id': 1
11800	14:33:39: Position Data {'radio_id': 1
11801	14:33:40: Orientation {'radio_id': 1
11802	14:33:40: Position Data {'radio_id': 1
11803	14:33:40: Line Cutter Data 1 {'radio_id': 1
11804	14:33:40: Line Cutter Data 5 {'radio_id': 1
11805	14:33:40: Position Data {'radio_id': 1
11806	14:33:40: Orientation {'radio_id': 1
11807	14:33:40: Position Data {'radio_id': 1
11808	14:33:40: Orientation {'radio_id': 1
11809	14:33:40: Position Data {'radio_id': 1
11810	14:33:40: Orientation {'radio_id': 1
11811	14:33:40: Alt Info & Cfg {'radio_id': 1
11812	14:33:41: Orientation {'radio_id': 1
11813	14:33:41: Position Data {'radio_id': 1
11814	14:33:41: Pyro Info {'radio_id': 1
11815	14:33:41: Line Cutter Data 5 {'radio_id': 1
11816	14:33:41: Orientation {'radio_id': 1
11817	14:33:41: Orientation {'radio_id': 1
11818	14:33:41: Ground Station GPS {'gs_lat': 44.824625651041664
11819	14:33:41: Orientation {'radio_id': 1
11820	14:33:41: Position Data {'radio_id': 1
11821	14:33:41: Orientation {'radio_id': 1
11822	14:33:41: Position Data {'radio_id': 1
11823	14:33:42: Orientation {'radio_id': 1
11824	14:33:42: Position Data {'radio_id': 1
11825	14:33:42: Pyro Info {'radio_id': 1
11826	14:33:42: Line Cutter Data 1 {'radio_id': 1
11827	14:33:42: Line Cutter Data 5 {'radio_id': 1
11828	14:33:42: Alt Info & Cfg {'radio_id': 1
11829	14:33:42: Orientation {'radio_id': 1
11830	14:33:42: Position Data {'radio_id': 1
11831	14:33:42: Orientation {'radio_id': 1
11832	14:33:42: Position Data {'radio_id': 1
11833	14:33:42: Orientation {'radio_id': 1
11834	14:33:42: Position Data {'radio_id': 1
11835	14:33:42: Orientation {'radio_id': 1
11836	14:33:42: Position Data {'radio_id': 1
11837	14:33:43: Orientation {'radio_id': 1
11838	14:33:43: Position Data {'radio_id': 1
11839	14:33:43: Pyro Info {'radio_id': 1
11840	14:33:43: Line Cutter Data 1 {'radio_id': 1
11841	14:33:43: Line Cutter Data 5 {'radio_id': 1
11842	14:33:43: Position Data {'radio_id': 1
11843	14:33:43: Line Cutter Vars 5 {'radio_id': 1
11844	14:33:43: Orientation {'radio_id': 1
11845	14:33:43: Position Data {'radio_id': 1
11846	14:33:43: Orientation {'radio_id': 1
11847	14:33:43: Position Data {'radio_id': 1
11848	14:33:43: Orientation {'radio_id': 1
11849	14:33:43: Position Data {'radio_id': 1
11850	14:33:44: Orientation {'radio_id': 1
11851	14:33:44: Position Data {'radio_id': 1
11852	14:33:44: Pyro Info {'radio_id': 1
11853	14:33:44: Line Cutter Data 1 {'radio_id': 1
11854	14:33:44: Line Cutter Data 5 {'radio_id': 1
11855	14:33:44: Orientation {'radio_id': 1
11856	14:33:44: Position Data {'radio_id': 1
11857	14:33:44: Orientation {'radio_id': 1
11858	14:33:44: Position Data {'radio_id': 1
11859	14:33:44: Alt Info & Cfg {'radio_id': 1
11860	14:33:44: Orientation {'radio_id': 1
11861	14:33:44: Position Data {'radio_id': 1
11862	14:33:44: Orientation {'radio_id': 1
11863	14:33:44: Position Data {'radio_id': 1
11864	14:33:45: Orientation {'radio_id': 1
11865	14:33:45: Position Data {'radio_id': 1
11866	14:33:45: Line Cutter Data 1 {'radio_id': 1
11867	14:33:45: Line Cutter Data 5 {'radio_id': 1
11868	14:33:45: Orientation {'radio_id': 1
11869	14:33:45: Position Data {'radio_id': 1
11870	14:33:45: Orientation {'radio_id': 1
11871	14:33:45: Position Data {'radio_id': 1
11872	14:33:45: Orientation {'radio_id': 1
11873	14:33:45: Position Data {'radio_id': 1
11874	14:33:45: Orientation {'radio_id': 1
11875	14:33:45: Position Data {'radio_id': 1
11876	14:33:45: Alt Info & Cfg {'radio_id': 1
11877	14:33:46: Orientation {'radio_id': 1
11878	14:33:46: Position Data {'radio_id': 1
11879	14:33:46: Line Cutter Data 1 {'radio_id': 1
11880	14:33:46: Line Cutter Data 5 {'radio_id': 1
11881	14:33:46: Orientation {'radio_id': 1
11882	14:33:46: Position Data {'radio_id': 1
11883	14:33:46: Orientation {'radio_id': 1
11884	14:33:46: Position Data {'radio_id': 1
11885	14:33:46: Orientation {'radio_id': 1
11886	14:33:46: Orientation {'radio_id': 1
11887	14:33:46: Position Data {'radio_id': 1
11888	14:33:47: Orientation {'radio_id': 1
11889	14:33:47: Position Data {'radio_id': 1
11890	14:33:47: Pyro Info {'radio_id': 1
11891	14:33:47: Line Cutter Data 1 {'radio_id': 1
11892	14:33:47: Orientation {'radio_id': 1
11893	14:33:47: Position Data {'radio_id': 1
11894	14:33:47: Orientation {'radio_id': 1
11895	14:33:47: Position Data {'radio_id': 1
11896	14:33:47: Orientation {'radio_id': 1
11897	14:33:47: Position Data {'radio_id': 1
11898	14:33:47: Orientation {'radio_id': 1
11899	14:33:48: Orientation {'radio_id': 1
11900	14:33:48: Pyro Info {'radio_id': 1
11901	14:33:48: Line Cutter Data 5 {'radio_id': 1
11902	14:33:48: Orientation {'radio_id': 1
11903	14:33:48: Position Data {'radio_id': 1
11904	14:33:48: Alt Info & Cfg {'radio_id': 1
11905	14:33:48: Orientation {'radio_id': 1
11906	14:33:48: Orientation {'radio_id': 1
11907	14:33:48: Position Data {'radio_id': 1
11908	14:33:48: Orientation {'radio_id': 1
11909	14:33:48: Position Data {'radio_id': 1
11910	14:33:49: Line Cutter Data 1 {'radio_id': 1
11911	14:33:49: Orientation {'radio_id': 1
11912	14:33:49: Position Data {'radio_id': 1
11913	14:33:49: Orientation {'radio_id': 1
11914	14:33:49: Position Data {'radio_id': 1
11915	14:33:49: Alt Info & Cfg {'radio_id': 1
11916	14:33:49: Orientation {'radio_id': 1
11917	14:33:49: Position Data {'radio_id': 1
11918	14:33:49: Orientation {'radio_id': 1
11919	14:33:50: Orientation {'radio_id': 1
11920	14:33:50: Position Data {'radio_id': 1
11921	14:33:50: Pyro Info {'radio_id': 1
11922	14:33:50: Line Cutter Data 1 {'radio_id': 1
11923	14:33:50: Line Cutter Data 5 {'radio_id': 1
11924	14:33:50: Position Data {'radio_id': 1
11925	14:33:50: Orientation {'radio_id': 1
11926	14:33:50: Position Data {'radio_id': 1
11927	14:33:50: Orientation {'radio_id': 1
11928	14:33:50: Alt Info & Cfg {'radio_id': 1
11929	14:33:50: Orientation {'radio_id': 1
11930	14:33:51: Orientation {'radio_id': 1
11931	14:33:51: Position Data {'radio_id': 1
11932	14:33:51: Orientation {'radio_id': 1
11933	14:33:51: Position Data {'radio_id': 1
11934	14:33:51: Line Cutter Data 1 {'radio_id': 1
11935	14:33:51: Line Cutter Data 5 {'radio_id': 1
11936	14:33:51: Orientation {'radio_id': 1
11937	14:33:51: Ground Station GPS {'gs_lat': 44.824625651041664
11938	14:33:51: Orientation {'radio_id': 1
11939	14:33:51: Position Data {'radio_id': 1
11940	14:33:51: Orientation {'radio_id': 1
11941	14:33:51: Position Data {'radio_id': 1
11942	14:33:52: Orientation {'radio_id': 1
11943	14:33:52: Position Data {'radio_id': 1
11944	14:33:52: Alt Info & Cfg {'radio_id': 1
11945	14:33:52: Orientation {'radio_id': 1
11946	14:33:52: Position Data {'radio_id': 1
11947	14:33:52: Pyro Info {'radio_id': 1
11948	14:33:52: Line Cutter Data 1 {'radio_id': 1
11949	14:33:52: Line Cutter Data 5 {'radio_id': 1
11950	14:33:52: Orientation {'radio_id': 1
11951	14:33:52: Position Data {'radio_id': 1
11952	14:33:52: Orientation {'radio_id': 1
11953	14:33:52: Position Data {'radio_id': 1
11954	14:33:52: Orientation {'radio_id': 1
11955	14:33:53: Orientation {'radio_id': 1
11956	14:33:53: Position Data {'radio_id': 1
11957	14:33:53: Orientation {'radio_id': 1
11958	14:33:53: Position Data {'radio_id': 1
11959	14:33:53: Alt Info & Cfg {'radio_id': 1
11960	14:33:53: Pyro Info {'radio_id': 1
11961	14:33:53: Line Cutter Data 5 {'radio_id': 1
11962	14:33:53: Ground Station GPS {'gs_lat': 44.824625651041664
11963	14:33:53: Line Cutter Vars 5 {'radio_id': 1
11964	14:33:53: Orientation {'radio_id': 1
11965	14:33:53: Position Data {'radio_id': 1
11966	14:33:53: Orientation {'radio_id': 1
11967	14:33:53: Orientation {'radio_id': 1
11968	14:33:53: Position Data {'radio_id': 1
11969	14:33:54: Orientation {'radio_id': 1
11970	14:33:54: Position Data {'radio_id': 1
11971	14:33:54: Orientation {'radio_id': 1
11972	14:33:54: Position Data {'radio_id': 1
11973	14:33:54: Pyro Info {'radio_id': 1
11974	14:33:54: Line Cutter Data 1 {'radio_id': 1
11975	14:33:54: Line Cutter Data 5 {'radio_id': 1
11976	14:33:54: Orientation {'radio_id': 1
11977	14:33:54: Position Data {'radio_id': 1
11978	14:33:54: Orientation {'radio_id': 1
11979	14:33:54: Position Data {'radio_id': 1
11980	14:33:54: Orientation {'radio_id': 1
11981	14:33:54: Position Data {'radio_id': 1
11982	14:33:55: Orientation {'radio_id': 1
11983	14:33:55: Orientation {'radio_id': 1
11984	14:33:55: Pyro Info {'radio_id': 1
11985	14:33:55: Line Cutter Data 1 {'radio_id': 1
11986	14:33:55: Line Cutter Data 5 {'radio_id': 1
11987	14:33:55: Orientation {'radio_id': 1
11988	14:33:55: Orientation {'radio_id': 1
11989	14:33:55: Position Data {'radio_id': 1
11990	14:33:55: Alt Info & Cfg {'radio_id': 1
11991	14:33:55: Orientation {'radio_id': 1
11992	14:33:55: Position Data {'radio_id': 1
11993	14:33:56: Orientation {'radio_id': 1
11994	14:33:56: Position Data {'radio_id': 1
11995	14:33:56: Orientation {'radio_id': 1
11996	14:33:56: Position Data {'radio_id': 1
11997	14:33:56: Pyro Info {'radio_id': 1
11998	14:33:56: Line Cutter Data 1 {'radio_id': 1
11999	14:33:56: Line Cutter Data 5 {'radio_id': 1
12000	14:33:56: Orientation {'radio_id': 1
12001	14:33:56: Position Data {'radio_id': 1
12002	14:33:56: Orientation {'radio_id': 1
12003	14:33:56: Position Data {'radio_id': 1
12004	14:33:56: Orientation {'radio_id': 1
12005	14:33:56: Position Data {'radio_id': 1
12006	14:33:57: Orientation {'radio_id': 1
12007	14:33:57: Position Data {'radio_id': 1
12008	14:33:57: Orientation {'radio_id': 1
12009	14:33:57: Position Data {'radio_id': 1
12010	14:33:57: Line Cutter Data 1 {'radio_id': 1
12011	14:33:57: Line Cutter Data 5 {'radio_id': 1
12012	14:33:57: Orientation {'radio_id': 1
12013	14:33:57: Ground Station GPS {'gs_lat': 44.824625651041664
12014	14:33:57: Orientation {'radio_id': 1
12015	14:33:57: Position Data {'radio_id': 1
12016	14:33:57: Orientation {'radio_id': 1
12017	14:33:57: Position Data {'radio_id': 1
12018	14:33:58: Orientation {'radio_id': 1
12019	14:33:58: Position Data {'radio_id': 1
12020	14:33:58: Orientation {'radio_id': 1
12021	14:33:58: Position Data {'radio_id': 1
12022	14:33:58: Alt Info & Cfg {'radio_id': 1
12023	14:33:58: Line Cutter Data 1 {'radio_id': 1
12024	14:33:58: Line Cutter Data 5 {'radio_id': 1
12025	14:33:58: Position Data {'radio_id': 1
12026	14:33:58: Orientation {'radio_id': 1
12027	14:33:58: Orientation {'radio_id': 1
12028	14:33:59: Orientation {'radio_id': 1
12029	14:33:59: Position Data {'radio_id': 1
12030	14:33:59: Orientation {'radio_id': 1
12031	14:33:59: Position Data {'radio_id': 1
12032	14:33:59: Pyro Info {'radio_id': 1
12033	14:33:59: Line Cutter Data 5 {'radio_id': 1
12034	14:33:59: Orientation {'radio_id': 1
12035	14:33:59: Ground Station GPS {'gs_lat': 44.824625651041664
12036	14:33:59: Alt Info & Cfg {'radio_id': 1
12037	14:33:59: Orientation {'radio_id': 1
12038	14:33:59: Position Data {'radio_id': 1
12039	14:33:59: Orientation {'radio_id': 1
12040	14:33:59: Position Data {'radio_id': 1
12041	14:34:00: Orientation {'radio_id': 1
12042	14:34:00: Position Data {'radio_id': 1
12043	14:34:00: Orientation {'radio_id': 1
12044	14:34:00: Position Data {'radio_id': 1
12045	14:34:00: Pyro Info {'radio_id': 1
12046	14:34:00: Line Cutter Data 1 {'radio_id': 1
12047	14:34:00: Line Cutter Data 5 {'radio_id': 1
12048	14:34:00: Position Data {'radio_id': 1
12049	14:34:00: Orientation {'radio_id': 1
12050	14:34:00: Position Data {'radio_id': 1
12051	14:34:00: Orientation {'radio_id': 1
12052	14:34:00: Position Data {'radio_id': 1
12053	14:34:01: Orientation {'radio_id': 1
12054	14:34:01: Orientation {'radio_id': 1
12055	14:34:01: Position Data {'radio_id': 1
12056	14:34:01: Pyro Info {'radio_id': 1
12057	14:34:01: Line Cutter Data 1 {'radio_id': 1
12058	14:34:01: Orientation {'radio_id': 1
12059	14:34:01: Position Data {'radio_id': 1
12060	14:34:01: Position Data {'radio_id': 1
12061	14:34:01: Orientation {'radio_id': 1
12062	14:34:01: Position Data {'radio_id': 1
12063	14:34:01: Alt Info & Cfg {'radio_id': 1
12064	14:34:02: Orientation {'radio_id': 1
12065	14:34:02: Orientation {'radio_id': 1
12066	14:34:02: Pyro Info {'radio_id': 1
12067	14:34:02: Line Cutter Data 1 {'radio_id': 1
12068	14:34:02: Line Cutter Data 5 {'radio_id': 1
12069	14:34:02: Orientation {'radio_id': 1
12070	14:34:02: Position Data {'radio_id': 1
12071	14:34:02: Orientation {'radio_id': 1
12072	14:34:02: Position Data {'radio_id': 1
12073	14:34:02: Orientation {'radio_id': 1
12074	14:34:02: Position Data {'radio_id': 1
12075	14:34:03: Orientation {'radio_id': 1
12076	14:34:03: Position Data {'radio_id': 1
12077	14:34:03: Alt Info & Cfg {'radio_id': 1
12078	14:34:03: Orientation {'radio_id': 1
12079	14:34:03: Position Data {'radio_id': 1
12080	14:34:03: Line Cutter Vars 5 {'radio_id': 1
12081	14:34:03: Orientation {'radio_id': 1
12082	14:34:03: Position Data {'radio_id': 1
12083	14:34:03: Ground Station GPS {'gs_lat': 44.824625651041664
12084	14:34:03: Line Cutter Data 1 {'radio_id': 1
12085	14:34:03: Line Cutter Data 5 {'radio_id': 1
12086	14:34:03: Orientation {'radio_id': 1
12087	14:34:03: Position Data {'radio_id': 1
12088	14:34:03: Orientation {'radio_id': 1
12089	14:34:03: Position Data {'radio_id': 1
12090	14:34:04: Orientation {'radio_id': 1
12091	14:34:04: Position Data {'radio_id': 1
12092	14:34:04: Orientation {'radio_id': 1
12093	14:34:04: Position Data {'radio_id': 1
12094	14:34:04: Orientation {'radio_id': 1
12095	14:34:04: Position Data {'radio_id': 1
12096	14:34:04: Alt Info & Cfg {'radio_id': 1
12097	14:34:04: Pyro Info {'radio_id': 1
12098	14:34:04: Line Cutter Data 1 {'radio_id': 1
12099	14:34:04: Line Cutter Data 5 {'radio_id': 1
12100	14:34:04: Orientation {'radio_id': 1
12101	14:34:04: Position Data {'radio_id': 1
12102	14:34:04: Orientation {'radio_id': 1
12103	14:34:04: Position Data {'radio_id': 1
12104	14:34:05: Orientation {'radio_id': 1
12105	14:34:05: Position Data {'radio_id': 1
12106	14:34:05: Orientation {'radio_id': 1
12107	14:34:05: Position Data {'radio_id': 1
12108	14:34:05: Orientation {'radio_id': 1
12109	14:34:05: Position Data {'radio_id': 1
12110	14:34:05: Pyro Info {'radio_id': 1
12111	14:34:05: Line Cutter Data 1 {'radio_id': 1
12112	14:34:05: Orientation {'radio_id': 1
12113	14:34:05: Alt Info & Cfg {'radio_id': 1
12114	14:34:05: Orientation {'radio_id': 1
12115	14:34:05: Position Data {'radio_id': 1
12116	14:34:06: Orientation {'radio_id': 1
12117	14:34:06: Position Data {'radio_id': 1
12118	14:34:06: Orientation {'radio_id': 1
12119	14:34:06: Position Data {'radio_id': 1
12120	14:34:06: Orientation {'radio_id': 1
12121	14:34:06: Position Data {'radio_id': 1
12122	14:34:06: Pyro Info {'radio_id': 1
12123	14:34:06: Line Cutter Data 1 {'radio_id': 1
12124	14:34:06: Line Cutter Data 5 {'radio_id': 1
12125	14:34:06: Orientation {'radio_id': 1
12126	14:34:06: Position Data {'radio_id': 1
12127	14:34:06: Orientation {'radio_id': 1
12128	14:34:06: Alt Info & Cfg {'radio_id': 1
12129	14:34:07: Orientation {'radio_id': 1
12130	14:34:07: Position Data {'radio_id': 1
12131	14:34:07: Orientation {'radio_id': 1
12132	14:34:07: Position Data {'radio_id': 1
12133	14:34:07: Pyro Info {'radio_id': 1
12134	14:34:07: Line Cutter Data 1 {'radio_id': 1
12135	14:34:07: Line Cutter Data 5 {'radio_id': 1
12136	14:34:07: Orientation {'radio_id': 1
12137	14:34:07: Orientation {'radio_id': 1
12138	14:34:07: Position Data {'radio_id': 1
12139	14:34:08: Orientation {'radio_id': 1
12140	14:34:08: Position Data {'radio_id': 1
12141	14:34:08: Alt Info & Cfg {'radio_id': 1
12142	14:34:08: Orientation {'radio_id': 1
12143	14:34:08: Position Data {'radio_id': 1
12144	14:34:08: Orientation {'radio_id': 1
12145	14:34:08: Position Data {'radio_id': 1
12146	14:34:08: Line Cutter Data 1 {'radio_id': 1
12147	14:34:08: Line Cutter Data 5 {'radio_id': 1
12148	14:34:08: Orientation {'radio_id': 1
12149	14:34:08: Position Data {'radio_id': 1
12150	14:34:08: Orientation {'radio_id': 1
12151	14:34:08: Position Data {'radio_id': 1
12152	14:34:09: Orientation {'radio_id': 1
12153	14:34:09: Position Data {'radio_id': 1
12154	14:34:09: Orientation {'radio_id': 1
12155	14:34:09: Position Data {'radio_id': 1
12156	14:34:09: Alt Info & Cfg {'radio_id': 1
12157	14:34:09: Orientation {'radio_id': 1
12158	14:34:09: Position Data {'radio_id': 1
12159	14:34:09: Pyro Info {'radio_id': 1
12160	14:34:09: Ground Station GPS {'gs_lat': 44.824625651041664
12161	14:34:09: Line Cutter Data 1 {'radio_id': 1
12162	14:34:09: Orientation {'radio_id': 1
12163	14:34:09: Orientation {'radio_id': 1
12164	14:34:09: Position Data {'radio_id': 1
12165	14:34:10: Orientation {'radio_id': 1
12166	14:34:10: Position Data {'radio_id': 1
12167	14:34:10: Orientation {'radio_id': 1
12168	14:34:10: Position Data {'radio_id': 1
12169	14:34:10: Orientation {'radio_id': 1
12170	14:34:10: Position Data {'radio_id': 1
12171	14:34:10: Line Cutter Data 1 {'radio_id': 1
12172	14:34:10: Line Cutter Data 5 {'radio_id': 1
12173	14:34:10: Orientation {'radio_id': 1
12174	14:34:10: Position Data {'radio_id': 1
12175	14:34:10: Position Data {'radio_id': 1
12176	14:34:11: Orientation {'radio_id': 1
12177	14:34:11: Position Data {'radio_id': 1
12178	14:34:11: Orientation {'radio_id': 1
12179	14:34:11: Position Data {'radio_id': 1
12180	14:34:11: Orientation {'radio_id': 1
12181	14:34:11: Position Data {'radio_id': 1
12182	14:34:11: Pyro Info {'radio_id': 1
12183	14:34:11: Line Cutter Data 5 {'radio_id': 1
12184	14:34:11: Position Data {'radio_id': 1
12185	14:34:11: Orientation {'radio_id': 1
12186	14:34:11: Alt Info & Cfg {'radio_id': 1
12187	14:34:12: Orientation {'radio_id': 1
12188	14:34:12: Orientation {'radio_id': 1
12189	14:34:12: Orientation {'radio_id': 1
12190	14:34:12: Position Data {'radio_id': 1
12191	14:34:12: Pyro Info {'radio_id': 1
12192	14:34:12: Line Cutter Data 1 {'radio_id': 1
12193	14:34:12: Line Cutter Data 5 {'radio_id': 1
12194	14:34:12: Orientation {'radio_id': 1
12195	14:34:12: Position Data {'radio_id': 1
12196	14:34:12: Orientation {'radio_id': 1
12197	14:34:13: Orientation {'radio_id': 1
12198	14:34:13: Position Data {'radio_id': 1
12199	14:34:13: Alt Info & Cfg {'radio_id': 1
12200	14:34:13: Orientation {'radio_id': 1
12201	14:34:13: Line Cutter Vars 1 {'radio_id': 1
12202	14:34:13: Line Cutter Vars 5 {'radio_id': 1
12203	14:34:13: Position Data {'radio_id': 1
12204	14:34:13: Pyro Info {'radio_id': 1
12205	14:34:13: Ground Station GPS {'gs_lat': 44.824625651041664
12206	14:34:13: Line Cutter Data 5 {'radio_id': 1
12207	14:34:13: Orientation {'radio_id': 1
12208	14:34:13: Position Data {'radio_id': 1
12209	14:34:13: Orientation {'radio_id': 1
12210	14:34:13: Position Data {'radio_id': 1
12211	14:34:14: Orientation {'radio_id': 1
12212	14:34:14: Position Data {'radio_id': 1
12213	14:34:14: Orientation {'radio_id': 1
12214	14:34:14: Position Data {'radio_id': 1
12215	14:34:14: Orientation {'radio_id': 1
12216	14:34:14: Pyro Info {'radio_id': 1
12217	14:34:14: Line Cutter Data 1 {'radio_id': 1
12218	14:34:14: Line Cutter Data 5 {'radio_id': 1
12219	14:34:14: Orientation {'radio_id': 1
12220	14:34:14: Position Data {'radio_id': 1
12221	14:34:14: Orientation {'radio_id': 1
12222	14:34:14: Position Data {'radio_id': 1
12223	14:34:15: Orientation {'radio_id': 1
12224	14:34:15: Position Data {'radio_id': 1
12225	14:34:15: Orientation {'radio_id': 1
12226	14:34:15: Position Data {'radio_id': 1
12227	14:34:15: Orientation {'radio_id': 1
12228	14:34:15: Position Data {'radio_id': 1
12229	14:34:15: Alt Info & Cfg {'radio_id': 1
12230	14:34:15: Orientation {'radio_id': 1
12231	14:34:15: Position Data {'radio_id': 1
12232	14:34:15: Pyro Info {'radio_id': 1
12233	14:34:15: Line Cutter Data 5 {'radio_id': 1
12234	14:34:15: Orientation {'radio_id': 1
12235	14:34:15: Position Data {'radio_id': 1
12236	14:34:16: Orientation {'radio_id': 1
12237	14:34:16: Orientation {'radio_id': 1
12238	14:34:16: Position Data {'radio_id': 1
12239	14:34:16: Orientation {'radio_id': 1
12240	14:34:16: Position Data {'radio_id': 1
12241	14:34:16: Orientation {'radio_id': 1
12242	14:34:16: Position Data {'radio_id': 1
12243	14:34:16: Pyro Info {'radio_id': 1
12244	14:34:16: Line Cutter Data 1 {'radio_id': 1
12245	14:34:16: Orientation {'radio_id': 1
12246	14:34:16: Alt Info & Cfg {'radio_id': 1
12247	14:34:17: Orientation {'radio_id': 1
12248	14:34:17: Position Data {'radio_id': 1
12249	14:34:17: Orientation {'radio_id': 1
12250	14:34:17: Position Data {'radio_id': 1
12251	14:34:17: Orientation {'radio_id': 1
12252	14:34:17: Position Data {'radio_id': 1
12253	14:34:17: Ground Station GPS {'gs_lat': 44.8246337890625
12254	14:34:17: Orientation {'radio_id': 1
12255	14:34:17: Position Data {'radio_id': 1
12256	14:34:17: Pyro Info {'radio_id': 1
12257	14:34:17: Line Cutter Data 1 {'radio_id': 1
12258	14:34:17: Line Cutter Data 5 {'radio_id': 1
12259	14:34:17: Position Data {'radio_id': 1
12260	14:34:18: Orientation {'radio_id': 1
12261	14:34:18: Position Data {'radio_id': 1
12262	14:34:18: Alt Info & Cfg {'radio_id': 1
12263	14:34:18: Orientation {'radio_id': 1
12264	14:34:18: Position Data {'radio_id': 1
12265	14:34:18: Orientation {'radio_id': 1
12266	14:34:18: Position Data {'radio_id': 1
12267	14:34:18: Orientation {'radio_id': 1
12268	14:34:18: Position Data {'radio_id': 1
12269	14:34:18: Pyro Info {'radio_id': 1
12270	14:34:18: Line Cutter Data 1 {'radio_id': 1
12271	14:34:18: Orientation {'radio_id': 1
12272	14:34:18: Position Data {'radio_id': 1
12273	14:34:19: Orientation {'radio_id': 1
12274	14:34:19: Position Data {'radio_id': 1
12275	14:34:19: Orientation {'radio_id': 1
12276	14:34:19: Alt Info & Cfg {'radio_id': 1
12277	14:34:19: Orientation {'radio_id': 1
12278	14:34:19: Position Data {'radio_id': 1
12279	14:34:19: Ground Station GPS {'gs_lat': 44.8246337890625
12280	14:34:19: Orientation {'radio_id': 1
12281	14:34:19: Position Data {'radio_id': 1
12282	14:34:19: Pyro Info {'radio_id': 1
12283	14:34:19: Line Cutter Data 1 {'radio_id': 1
12284	14:34:19: Line Cutter Data 5 {'radio_id': 1
12285	14:34:19: Orientation {'radio_id': 1
12286	14:34:19: Position Data {'radio_id': 1
12287	14:34:20: Orientation {'radio_id': 1
12288	14:34:20: Position Data {'radio_id': 1
12289	14:34:20: Orientation {'radio_id': 1
12290	14:34:20: Position Data {'radio_id': 1
12291	14:34:20: Orientation {'radio_id': 1
12292	14:34:20: Position Data {'radio_id': 1
12293	14:34:20: Alt Info & Cfg {'radio_id': 1
12294	14:34:20: Orientation {'radio_id': 1
12295	14:34:20: Position Data {'radio_id': 1
12296	14:34:20: Line Cutter Data 1 {'radio_id': 1
12297	14:34:20: Line Cutter Data 5 {'radio_id': 1
12298	14:34:20: Orientation {'radio_id': 1
12299	14:34:20: Position Data {'radio_id': 1
12300	14:34:21: Orientation {'radio_id': 1
12301	14:34:21: Position Data {'radio_id': 1
12302	14:34:21: Position Data {'radio_id': 1
12303	14:34:21: Orientation {'radio_id': 1
12304	14:34:21: Position Data {'radio_id': 1
12305	14:34:21: Ground Station GPS {'gs_lat': 44.8246337890625
12306	14:34:21: Orientation {'radio_id': 1
12307	14:34:21: Pyro Info {'radio_id': 1
12308	14:34:21: Line Cutter Data 5 {'radio_id': 1
12309	14:34:21: Alt Info & Cfg {'radio_id': 1
12310	14:34:21: Orientation {'radio_id': 1
12311	14:34:21: Position Data {'radio_id': 1
12312	14:34:22: Orientation {'radio_id': 1
12313	14:34:22: Position Data {'radio_id': 1
12314	14:34:22: Orientation {'radio_id': 1
12315	14:34:22: Position Data {'radio_id': 1
12316	14:34:22: Orientation {'radio_id': 1
12317	14:34:22: Position Data {'radio_id': 1
12318	14:34:22: Orientation {'radio_id': 1
12319	14:34:22: Position Data {'radio_id': 1
12320	14:34:22: Pyro Info {'radio_id': 1
12321	14:34:22: Line Cutter Data 1 {'radio_id': 1
12322	14:34:22: Line Cutter Data 5 {'radio_id': 1
12323	14:34:22: Orientation {'radio_id': 1
12324	14:34:22: Position Data {'radio_id': 1
12325	14:34:23: Orientation {'radio_id': 1
12326	14:34:23: Position Data {'radio_id': 1
12327	14:34:23: Orientation {'radio_id': 1
12328	14:34:23: Position Data {'radio_id': 1
12329	14:34:23: Line Cutter Vars 5 {'radio_id': 1
12330	14:34:23: Orientation {'radio_id': 1
12331	14:34:23: Position Data {'radio_id': 1
12332	14:34:23: Ground Station GPS {'gs_lat': 44.8246337890625
12333	14:34:23: Orientation {'radio_id': 1
12334	14:34:23: Position Data {'radio_id': 1
12335	14:34:23: Pyro Info {'radio_id': 1
12336	14:34:23: Line Cutter Data 1 {'radio_id': 1
12337	14:34:23: Line Cutter Data 5 {'radio_id': 1
12338	14:34:23: Orientation {'radio_id': 1
12339	14:34:24: Orientation {'radio_id': 1
12340	14:34:24: Position Data {'radio_id': 1
12341	14:34:24: Orientation {'radio_id': 1
12342	14:34:24: Position Data {'radio_id': 1
12343	14:34:24: Orientation {'radio_id': 1
12344	14:34:24: Position Data {'radio_id': 1
12345	14:34:24: Position Data {'radio_id': 1
12346	14:34:24: Pyro Info {'radio_id': 1
12347	14:34:24: Line Cutter Data 1 {'radio_id': 1
12348	14:34:24: Line Cutter Data 5 {'radio_id': 1
12349	14:34:24: Position Data {'radio_id': 1
12350	14:34:25: Orientation {'radio_id': 1
12351	14:34:25: Position Data {'radio_id': 1
12352	14:34:25: Orientation {'radio_id': 1
12353	14:34:25: Position Data {'radio_id': 1
12354	14:34:25: Orientation {'radio_id': 1
12355	14:34:25: Position Data {'radio_id': 1
12356	14:34:25: Alt Info & Cfg {'radio_id': 1
12357	14:34:25: Position Data {'radio_id': 1
12358	14:34:25: Pyro Info {'radio_id': 1
12359	14:34:25: Orientation {'radio_id': 1
12360	14:34:25: Position Data {'radio_id': 1
12361	14:34:26: Orientation {'radio_id': 1
12362	14:34:26: Position Data {'radio_id': 1
12363	14:34:26: Orientation {'radio_id': 1
12364	14:34:26: Position Data {'radio_id': 1
12365	14:34:26: Orientation {'radio_id': 1
12366	14:34:26: Position Data {'radio_id': 1
12367	14:34:26: Orientation {'radio_id': 1
12368	14:34:26: Alt Info & Cfg {'radio_id': 1
12369	14:34:26: Orientation {'radio_id': 1
12370	14:34:26: Position Data {'radio_id': 1
12371	14:34:26: Pyro Info {'radio_id': 1
12372	14:34:27: Line Cutter Data 1 {'radio_id': 1
12373	14:34:27: Line Cutter Data 5 {'radio_id': 1
12374	14:34:27: Orientation {'radio_id': 1
12375	14:34:27: Orientation {'radio_id': 1
12376	14:34:27: Position Data {'radio_id': 1
12377	14:34:27: Orientation {'radio_id': 1
12378	14:34:27: Position Data {'radio_id': 1
12379	14:34:27: Ground Station GPS {'gs_lat': 44.8246337890625
12380	14:34:27: Orientation {'radio_id': 1
12381	14:34:27: Position Data {'radio_id': 1
12382	14:34:27: Orientation {'radio_id': 1
12383	14:34:27: Position Data {'radio_id': 1
12384	14:34:27: Pyro Info {'radio_id': 1
12385	14:34:27: Line Cutter Data 1 {'radio_id': 1
12386	14:34:28: Line Cutter Data 5 {'radio_id': 1
12387	14:34:28: Orientation {'radio_id': 1
12388	14:34:28: Orientation {'radio_id': 1
12389	14:34:28: Position Data {'radio_id': 1
12390	14:34:28: Orientation {'radio_id': 1
12391	14:34:28: Position Data {'radio_id': 1
12392	14:34:28: Orientation {'radio_id': 1
12393	14:34:28: Position Data {'radio_id': 1
12394	14:34:28: Orientation {'radio_id': 1
12395	14:34:28: Position Data {'radio_id': 1
12396	14:34:28: Pyro Info {'radio_id': 1
12397	14:34:29: Line Cutter Data 1 {'radio_id': 1
12398	14:34:29: Orientation {'radio_id': 1
12399	14:34:29: Orientation {'radio_id': 1
12400	14:34:29: Position Data {'radio_id': 1
12401	14:34:29: Alt Info & Cfg {'radio_id': 1
12402	14:34:29: Orientation {'radio_id': 1
12403	14:34:29: Position Data {'radio_id': 1
12404	14:34:29: Ground Station GPS {'gs_lat': 44.8246337890625
12405	14:34:29: Orientation {'radio_id': 1
12406	14:34:29: Position Data {'radio_id': 1
12407	14:34:29: Orientation {'radio_id': 1
12408	14:34:29: Position Data {'radio_id': 1
12409	14:34:29: Pyro Info {'radio_id': 1
12410	14:34:30: Line Cutter Data 5 {'radio_id': 1
12411	14:34:30: Position Data {'radio_id': 1
12412	14:34:30: Orientation {'radio_id': 1
12413	14:34:30: Position Data {'radio_id': 1
12414	14:34:30: Orientation {'radio_id': 1
12415	14:34:30: Position Data {'radio_id': 1
12416	14:34:30: Alt Info & Cfg {'radio_id': 1
12417	14:34:30: Orientation {'radio_id': 1
12418	14:34:30: Position Data {'radio_id': 1
12419	14:34:30: Orientation {'radio_id': 1
12420	14:34:30: Position Data {'radio_id': 1
12421	14:34:30: Pyro Info {'radio_id': 1
12422	14:34:30: Line Cutter Data 1 {'radio_id': 1
12423	14:34:31: Line Cutter Data 5 {'radio_id': 1
12424	14:34:31: Orientation {'radio_id': 1
12425	14:34:31: Position Data {'radio_id': 1
12426	14:34:31: Orientation {'radio_id': 1
12427	14:34:31: Position Data {'radio_id': 1
12428	14:34:31: Orientation {'radio_id': 1
12429	14:34:31: Position Data {'radio_id': 1
12430	14:34:31: Ground Station GPS {'gs_lat': 44.8246337890625
12431	14:34:31: Orientation {'radio_id': 1
12432	14:34:31: Alt Info & Cfg {'radio_id': 1
12433	14:34:31: Orientation {'radio_id': 1
12434	14:34:31: Position Data {'radio_id': 1
12435	14:34:31: Pyro Info {'radio_id': 1
12436	14:34:31: Line Cutter Data 1 {'radio_id': 1
12437	14:34:32: Line Cutter Data 5 {'radio_id': 1
12438	14:34:32: Orientation {'radio_id': 1
12439	14:34:32: Orientation {'radio_id': 1
12440	14:34:32: Position Data {'radio_id': 1
12441	14:34:32: Orientation {'radio_id': 1
12442	14:34:32: Position Data {'radio_id': 1
12443	14:34:32: Orientation {'radio_id': 1
12444	14:34:32: Position Data {'radio_id': 1
12445	14:34:32: Orientation {'radio_id': 1
12446	14:34:32: Position Data {'radio_id': 1
12447	14:34:32: Pyro Info {'radio_id': 1
12448	14:34:32: Line Cutter Data 1 {'radio_id': 1
12449	14:34:33: Line Cutter Data 5 {'radio_id': 1
12450	14:34:33: Alt Info & Cfg {'radio_id': 1
12451	14:34:33: Orientation {'radio_id': 1
12452	14:34:33: Orientation {'radio_id': 1
12453	14:34:33: Position Data {'radio_id': 1
12454	14:34:33: Line Cutter Vars 1 {'radio_id': 1
12455	14:34:33: Orientation {'radio_id': 1
12456	14:34:33: Position Data {'radio_id': 1
12457	14:34:33: Ground Station GPS {'gs_lat': 44.8246337890625
12458	14:34:33: Orientation {'radio_id': 1
12459	14:34:33: Position Data {'radio_id': 1
12460	14:34:33: Orientation {'radio_id': 1
12461	14:34:33: Position Data {'radio_id': 1
12462	14:34:33: Pyro Info {'radio_id': 1
12463	14:34:33: Line Cutter Data 1 {'radio_id': 1
12464	14:34:34: Line Cutter Data 5 {'radio_id': 1
12465	14:34:34: Position Data {'radio_id': 1
12466	14:34:34: Orientation {'radio_id': 1
12467	14:34:34: Position Data {'radio_id': 1
12468	14:34:34: Orientation {'radio_id': 1
12469	14:34:34: Position Data {'radio_id': 1
12470	14:34:34: Orientation {'radio_id': 1
12471	14:34:34: Position Data {'radio_id': 1
12472	14:34:34: Orientation {'radio_id': 1
12473	14:34:34: Position Data {'radio_id': 1
12474	14:34:34: Pyro Info {'radio_id': 1
12475	14:34:34: Line Cutter Data 1 {'radio_id': 1
12476	14:34:35: Line Cutter Data 5 {'radio_id': 1
12477	14:34:35: Orientation {'radio_id': 1
12478	14:34:35: Position Data {'radio_id': 1
12479	14:34:35: Orientation {'radio_id': 1
12480	14:34:35: Position Data {'radio_id': 1
12481	14:34:35: Orientation {'radio_id': 1
12482	14:34:35: Position Data {'radio_id': 1
12483	14:34:35: Alt Info & Cfg {'radio_id': 1
12484	14:34:35: Orientation {'radio_id': 1
12485	14:34:35: Orientation {'radio_id': 1
12486	14:34:35: Position Data {'radio_id': 1
12487	14:34:35: Pyro Info {'radio_id': 1
12488	14:34:35: Line Cutter Data 1 {'radio_id': 1
12489	14:34:36: Line Cutter Data 5 {'radio_id': 1
12490	14:34:36: Orientation {'radio_id': 1
12491	14:34:36: Position Data {'radio_id': 1
12492	14:34:36: Orientation {'radio_id': 1
12493	14:34:36: Position Data {'radio_id': 1
12494	14:34:36: Orientation {'radio_id': 1
12495	14:34:36: Orientation {'radio_id': 1
12496	14:34:36: Position Data {'radio_id': 1
12497	14:34:36: Alt Info & Cfg {'radio_id': 1
12498	14:34:36: Orientation {'radio_id': 1
12499	14:34:36: Position Data {'radio_id': 1
12500	14:34:36: Pyro Info {'radio_id': 1
12501	14:34:36: Line Cutter Data 1 {'radio_id': 1
12502	14:34:37: Line Cutter Data 5 {'radio_id': 1
12503	14:34:37: Orientation {'radio_id': 1
12504	14:34:37: Position Data {'radio_id': 1
12505	14:34:37: Orientation {'radio_id': 1
12506	14:34:37: Position Data {'radio_id': 1
12507	14:34:37: Orientation {'radio_id': 1
12508	14:34:37: Position Data {'radio_id': 1
12509	14:34:37: Ground Station GPS {'gs_lat': 44.8246337890625
12510	14:34:37: Orientation {'radio_id': 1
12511	14:34:37: Position Data {'radio_id': 1
12512	14:34:37: Orientation {'radio_id': 1
12513	14:34:37: Position Data {'radio_id': 1
12514	14:34:37: Alt Info & Cfg {'radio_id': 1
12515	14:34:38: Line Cutter Data 1 {'radio_id': 1
12516	14:34:38: Orientation {'radio_id': 1
12517	14:34:38: Position Data {'radio_id': 1
12518	14:34:38: Orientation {'radio_id': 1
12519	14:34:38: Position Data {'radio_id': 1
12520	14:34:38: Orientation {'radio_id': 1
12521	14:34:38: Orientation {'radio_id': 1
12522	14:34:38: Position Data {'radio_id': 1
12523	14:34:38: Orientation {'radio_id': 1
12524	14:34:39: Orientation {'radio_id': 1
12525	14:34:39: Position Data {'radio_id': 1
12526	14:34:39: Pyro Info {'radio_id': 1
12527	14:34:39: Line Cutter Data 1 {'radio_id': 1
12528	14:34:39: Line Cutter Data 5 {'radio_id': 1
12529	14:34:39: Alt Info & Cfg {'radio_id': 1
12530	14:34:39: Orientation {'radio_id': 1
12531	14:34:39: Position Data {'radio_id': 1
12532	14:34:39: Orientation {'radio_id': 1
12533	14:34:39: Position Data {'radio_id': 1
12534	14:34:39: Ground Station GPS {'gs_lat': 44.824641927083334
12535	14:34:39: Orientation {'radio_id': 1
12536	14:34:39: Orientation {'radio_id': 1
12537	14:34:39: Position Data {'radio_id': 1
12538	14:34:40: Orientation {'radio_id': 1
12539	14:34:40: Position Data {'radio_id': 1
12540	14:34:40: Line Cutter Data 1 {'radio_id': 1
12541	14:34:40: Orientation {'radio_id': 1
12542	14:34:40: Position Data {'radio_id': 1
12543	14:34:40: Alt Info & Cfg {'radio_id': 1
12544	14:34:40: Orientation {'radio_id': 1
12545	14:34:40: Position Data {'radio_id': 1
12546	14:34:40: Orientation {'radio_id': 1
12547	14:34:40: Position Data {'radio_id': 1
12548	14:34:40: Orientation {'radio_id': 1
12549	14:34:40: Position Data {'radio_id': 1
12550	14:34:41: Orientation {'radio_id': 1
12551	14:34:41: Pyro Info {'radio_id': 1
12552	14:34:41: Line Cutter Data 1 {'radio_id': 1
12553	14:34:41: Line Cutter Data 5 {'radio_id': 1
12554	14:34:41: Orientation {'radio_id': 1
12555	14:34:41: Position Data {'radio_id': 1
12556	14:34:41: Orientation {'radio_id': 1
12557	14:34:41: Position Data {'radio_id': 1
12558	14:34:41: Ground Station GPS {'gs_lat': 44.824641927083334
12559	14:34:41: Orientation {'radio_id': 1
12560	14:34:41: Position Data {'radio_id': 1
12561	14:34:41: Alt Info & Cfg {'radio_id': 1
12562	14:34:41: Orientation {'radio_id': 1
12563	14:34:41: Position Data {'radio_id': 1
12564	14:34:42: Orientation {'radio_id': 1
12565	14:34:42: Position Data {'radio_id': 1
12566	14:34:42: Pyro Info {'radio_id': 1
12567	14:34:42: Line Cutter Data 1 {'radio_id': 1
12568	14:34:42: Line Cutter Data 5 {'radio_id': 1
12569	14:34:42: Orientation {'radio_id': 1
12570	14:34:42: Position Data {'radio_id': 1
12571	14:34:42: Orientation {'radio_id': 1
12572	14:34:42: Position Data {'radio_id': 1
12573	14:34:42: Orientation {'radio_id': 1
12574	14:34:42: Position Data {'radio_id': 1
12575	14:34:42: Orientation {'radio_id': 1
12576	14:34:42: Alt Info & Cfg {'radio_id': 1
12577	14:34:43: Orientation {'radio_id': 1
12578	14:34:43: Position Data {'radio_id': 1
12579	14:34:43: Pyro Info {'radio_id': 1
12580	14:34:43: Line Cutter Data 1 {'radio_id': 1
12581	14:34:43: Orientation {'radio_id': 1
12582	14:34:43: Position Data {'radio_id': 1
12583	14:34:43: Line Cutter Vars 5 {'radio_id': 1
12584	14:34:43: Position Data {'radio_id': 1
12585	14:34:43: Ground Station GPS {'gs_lat': 44.824641927083334
12586	14:34:43: Orientation {'radio_id': 1
12587	14:34:43: Orientation {'radio_id': 1
12588	14:34:44: Orientation {'radio_id': 1
12589	14:34:44: Position Data {'radio_id': 1
12590	14:34:44: Alt Info & Cfg {'radio_id': 1
12591	14:34:44: Pyro Info {'radio_id': 1
12592	14:34:44: Line Cutter Data 1 {'radio_id': 1
12593	14:34:44: Line Cutter Data 5 {'radio_id': 1
12594	14:34:44: Position Data {'radio_id': 1
12595	14:34:44: Orientation {'radio_id': 1
12596	14:34:44: Position Data {'radio_id': 1
12597	14:34:44: Orientation {'radio_id': 1
12598	14:34:44: Position Data {'radio_id': 1
12599	14:34:44: Orientation {'radio_id': 1
12600	14:34:44: Position Data {'radio_id': 1
12601	14:34:45: Orientation {'radio_id': 1
12602	14:34:45: Position Data {'radio_id': 1
12603	14:34:45: Pyro Info {'radio_id': 1
12604	14:34:45: Line Cutter Data 1 {'radio_id': 1
12605	14:34:45: Line Cutter Data 5 {'radio_id': 1
12606	14:34:45: Orientation {'radio_id': 1
12607	14:34:45: Position Data {'radio_id': 1
12608	14:34:45: Alt Info & Cfg {'radio_id': 1
12609	14:34:45: Orientation {'radio_id': 1
12610	14:34:45: Position Data {'radio_id': 1
12611	14:34:45: Ground Station GPS {'gs_lat': 44.824641927083334
12612	14:34:45: Orientation {'radio_id': 1
12613	14:34:45: Position Data {'radio_id': 1
12614	14:34:45: Orientation {'radio_id': 1
12615	14:34:45: Position Data {'radio_id': 1
12616	14:34:46: Orientation {'radio_id': 1
12617	14:34:46: Position Data {'radio_id': 1
12618	14:34:46: Pyro Info {'radio_id': 1
12619	14:34:46: Line Cutter Data 1 {'radio_id': 1
12620	14:34:46: Line Cutter Data 5 {'radio_id': 1
12621	14:34:46: Position Data {'radio_id': 1
12622	14:34:46: Orientation {'radio_id': 1
12623	14:34:46: Alt Info & Cfg {'radio_id': 1
12624	14:34:46: Orientation {'radio_id': 1
12625	14:34:46: Position Data {'radio_id': 1
12626	14:34:46: Orientation {'radio_id': 1
12627	14:34:46: Position Data {'radio_id': 1
12628	14:34:47: Orientation {'radio_id': 1
12629	14:34:47: Position Data {'radio_id': 1
12630	14:34:47: Pyro Info {'radio_id': 1
12631	14:34:47: Line Cutter Data 5 {'radio_id': 1
12632	14:34:47: Position Data {'radio_id': 1
12633	14:34:47: Orientation {'radio_id': 1
12634	14:34:47: Ground Station GPS {'gs_lat': 44.824641927083334
12635	14:34:47: Orientation {'radio_id': 1
12636	14:34:47: Orientation {'radio_id': 1
12637	14:34:47: Position Data {'radio_id': 1
12638	14:34:47: Alt Info & Cfg {'radio_id': 1
12639	14:34:48: Orientation {'radio_id': 1
12640	14:34:48: Position Data {'radio_id': 1
12641	14:34:48: Pyro Info {'radio_id': 1
12642	14:34:48: Line Cutter Data 1 {'radio_id': 1
12643	14:34:48: Line Cutter Data 5 {'radio_id': 1
12644	14:34:48: Orientation {'radio_id': 1
12645	14:34:48: Position Data {'radio_id': 1
12646	14:34:48: Orientation {'radio_id': 1
12647	14:34:48: Position Data {'radio_id': 1
12648	14:34:48: Orientation {'radio_id': 1
12649	14:34:48: Position Data {'radio_id': 1
12650	14:34:48: Orientation {'radio_id': 1
12651	14:34:48: Position Data {'radio_id': 1
12652	14:34:49: Orientation {'radio_id': 1
12653	14:34:49: Position Data {'radio_id': 1
12654	14:34:49: Alt Info & Cfg {'radio_id': 1
12655	14:34:49: Line Cutter Data 1 {'radio_id': 1
12656	14:34:49: Line Cutter Data 5 {'radio_id': 1
12657	14:34:49: Orientation {'radio_id': 1
12658	14:34:49: Orientation {'radio_id': 1
12659	14:34:49: Position Data {'radio_id': 1
12660	14:34:49: Ground Station GPS {'gs_lat': 44.824641927083334
12661	14:34:49: Position Data {'radio_id': 1
12662	14:34:49: Orientation {'radio_id': 1
12663	14:34:50: Orientation {'radio_id': 1
12664	14:34:50: Position Data {'radio_id': 1
12665	14:34:50: Pyro Info {'radio_id': 1
12666	14:34:50: Line Cutter Data 1 {'radio_id': 1
12667	14:34:50: Line Cutter Data 5 {'radio_id': 1
12668	14:34:50: Orientation {'radio_id': 1
12669	14:34:50: Alt Info & Cfg {'radio_id': 1
12670	14:34:50: Orientation {'radio_id': 1
12671	14:34:50: Position Data {'radio_id': 1
12672	14:34:50: Orientation {'radio_id': 1
12673	14:34:50: Position Data {'radio_id': 1
12674	14:34:50: Orientation {'radio_id': 1
12675	14:34:50: Position Data {'radio_id': 1
12676	14:34:51: Orientation {'radio_id': 1
12677	14:34:51: Position Data {'radio_id': 1
12678	14:34:51: Orientation {'radio_id': 1
12679	14:34:51: Position Data {'radio_id': 1
12680	14:34:51: Line Cutter Data 1 {'radio_id': 1
12681	14:34:51: Orientation {'radio_id': 1
12682	14:34:51: Position Data {'radio_id': 1
12683	14:34:51: Alt Info & Cfg {'radio_id': 1
12684	14:34:51: Ground Station GPS {'gs_lat': 44.824641927083334
12685	14:34:51: Orientation {'radio_id': 1
12686	14:34:51: Position Data {'radio_id': 1
12687	14:34:51: Orientation {'radio_id': 1
12688	14:34:51: Position Data {'radio_id': 1
12689	14:34:52: Orientation {'radio_id': 1
12690	14:34:52: Orientation {'radio_id': 1
12691	14:34:52: Pyro Info {'radio_id': 1
12692	14:34:52: Line Cutter Data 5 {'radio_id': 1
12693	14:34:52: Orientation {'radio_id': 1
12694	14:34:52: Position Data {'radio_id': 1
12695	14:34:52: Orientation {'radio_id': 1
12696	14:34:52: Position Data {'radio_id': 1
12697	14:34:52: Alt Info & Cfg {'radio_id': 1
12698	14:34:52: Orientation {'radio_id': 1
12699	14:34:52: Position Data {'radio_id': 1
12700	14:34:53: Orientation {'radio_id': 1
12701	14:34:53: Position Data {'radio_id': 1
12702	14:34:53: Orientation {'radio_id': 1
12703	14:34:53: Position Data {'radio_id': 1
12704	14:34:53: Pyro Info {'radio_id': 1
12705	14:34:53: Line Cutter Data 1 {'radio_id': 1
12706	14:34:53: Line Cutter Vars 1 {'radio_id': 1
12707	14:34:53: Line Cutter Vars 5 {'radio_id': 1
12708	14:34:53: Position Data {'radio_id': 1
12709	14:34:53: Orientation {'radio_id': 1
12710	14:34:53: Position Data {'radio_id': 1
12711	14:34:53: Orientation {'radio_id': 1
12712	14:34:53: Position Data {'radio_id': 1
12713	14:34:54: Orientation {'radio_id': 1
12714	14:34:54: Position Data {'radio_id': 1
12715	14:34:54: Alt Info & Cfg {'radio_id': 1
12716	14:34:54: Orientation {'radio_id': 1
12717	14:34:54: Pyro Info {'radio_id': 1
12718	14:34:54: Line Cutter Data 1 {'radio_id': 1
12719	14:34:54: Orientation {'radio_id': 1
12720	14:34:54: Position Data {'radio_id': 1
12721	14:34:54: Orientation {'radio_id': 1
12722	14:34:54: Position Data {'radio_id': 1
12723	14:34:54: Orientation {'radio_id': 1
12724	14:34:55: Orientation {'radio_id': 1
12725	14:34:55: Position Data {'radio_id': 1
12726	14:34:55: Orientation {'radio_id': 1
12727	14:34:55: Position Data {'radio_id': 1
12728	14:34:55: Alt Info & Cfg {'radio_id': 1
12729	14:34:55: Pyro Info {'radio_id': 1
12730	14:34:55: Line Cutter Data 1 {'radio_id': 1
12731	14:34:55: Orientation {'radio_id': 1
12732	14:34:55: Orientation {'radio_id': 1
12733	14:34:55: Position Data {'radio_id': 1
12734	14:34:55: Orientation {'radio_id': 1
12735	14:34:55: Position Data {'radio_id': 1
12736	14:34:56: Orientation {'radio_id': 1
12737	14:34:56: Position Data {'radio_id': 1
12738	14:34:56: Orientation {'radio_id': 1
12739	14:34:56: Position Data {'radio_id': 1
12740	14:34:56: Pyro Info {'radio_id': 1
12741	14:34:56: Line Cutter Data 5 {'radio_id': 1
12742	14:34:56: Orientation {'radio_id': 1
12743	14:34:56: Position Data {'radio_id': 1
12744	14:34:56: Alt Info & Cfg {'radio_id': 1
12745	14:34:56: Orientation {'radio_id': 1
12746	14:34:56: Position Data {'radio_id': 1
12747	14:34:56: Orientation {'radio_id': 1
12748	14:34:56: Position Data {'radio_id': 1
12749	14:34:57: Orientation {'radio_id': 1
12750	14:34:57: Position Data {'radio_id': 1
12751	14:34:57: Orientation {'radio_id': 1
12752	14:34:57: Position Data {'radio_id': 1
12753	14:34:57: Pyro Info {'radio_id': 1
12754	14:34:57: Line Cutter Data 5 {'radio_id': 1
12755	14:34:57: Orientation {'radio_id': 1
12756	14:34:57: Orientation {'radio_id': 1
12757	14:34:57: Position Data {'radio_id': 1
12758	14:34:57: Alt Info & Cfg {'radio_id': 1
12759	14:34:57: Orientation {'radio_id': 1
12760	14:34:57: Position Data {'radio_id': 1
12761	14:34:58: Orientation {'radio_id': 1
12762	14:34:58: Position Data {'radio_id': 1
12763	14:34:58: Orientation {'radio_id': 1
12764	14:34:58: Position Data {'radio_id': 1
12765	14:34:58: Line Cutter Data 1 {'radio_id': 1
12766	14:34:58: Orientation {'radio_id': 1
12767	14:34:58: Orientation {'radio_id': 1
12768	14:34:58: Position Data {'radio_id': 1
12769	14:34:58: Orientation {'radio_id': 1
12770	14:34:58: Position Data {'radio_id': 1
12771	14:34:59: Orientation {'radio_id': 1
12772	14:34:59: Position Data {'radio_id': 1
12773	14:34:59: Alt Info & Cfg {'radio_id': 1
12774	14:34:59: Orientation {'radio_id': 1
12775	14:34:59: Pyro Info {'radio_id': 1
12776	14:34:59: Line Cutter Data 5 {'radio_id': 1
12777	14:34:59: Orientation {'radio_id': 1
12778	14:34:59: Position Data {'radio_id': 1
12779	14:34:59: Orientation {'radio_id': 1
12780	14:34:59: Position Data {'radio_id': 1
12781	14:34:59: Orientation {'radio_id': 1
12782	14:34:59: Position Data {'radio_id': 1
12783	14:35:00: Orientation {'radio_id': 1
12784	14:35:00: Position Data {'radio_id': 1
12785	14:35:00: Orientation {'radio_id': 1
12786	14:35:00: Position Data {'radio_id': 1
12787	14:35:00: Alt Info & Cfg {'radio_id': 1
12788	14:35:00: Pyro Info {'radio_id': 1
12789	14:35:00: Line Cutter Data 1 {'radio_id': 1
12790	14:35:00: Line Cutter Data 5 {'radio_id': 1
12791	14:35:00: Orientation {'radio_id': 1
12792	14:35:00: Position Data {'radio_id': 1
12793	14:35:00: Orientation {'radio_id': 1
12794	14:35:00: Position Data {'radio_id': 1
12795	14:35:00: Orientation {'radio_id': 1
12796	14:35:00: Position Data {'radio_id': 1
12797	14:35:01: Orientation {'radio_id': 1
12798	14:35:01: Orientation {'radio_id': 1
12799	14:35:01: Position Data {'radio_id': 1
12800	14:35:01: Pyro Info {'radio_id': 1
12801	14:35:01: Line Cutter Data 1 {'radio_id': 1
12802	14:35:01: Line Cutter Data 5 {'radio_id': 1
12803	14:35:01: Position Data {'radio_id': 1
12804	14:35:01: Orientation {'radio_id': 1
12805	14:35:01: Position Data {'radio_id': 1
12806	14:35:01: Orientation {'radio_id': 1
12807	14:35:01: Position Data {'radio_id': 1
12808	14:35:02: Orientation {'radio_id': 1
12809	14:35:02: Position Data {'radio_id': 1
12810	14:35:02: Orientation {'radio_id': 1
12811	14:35:02: Position Data {'radio_id': 1
12812	14:35:02: Pyro Info {'radio_id': 1
12813	14:35:02: Line Cutter Data 1 {'radio_id': 1
12814	14:35:02: Line Cutter Data 5 {'radio_id': 1
12815	14:35:02: Orientation {'radio_id': 1
12816	14:35:02: Position Data {'radio_id': 1
12817	14:35:02: Orientation {'radio_id': 1
12818	14:35:02: Alt Info & Cfg {'radio_id': 1
12819	14:35:02: Orientation {'radio_id': 1
12820	14:35:02: Position Data {'radio_id': 1
12821	14:35:03: Orientation {'radio_id': 1
12822	14:35:03: Position Data {'radio_id': 1
12823	14:35:03: Orientation {'radio_id': 1
12824	14:35:03: Position Data {'radio_id': 1
12825	14:35:03: Line Cutter Vars 1 {'radio_id': 1
12826	14:35:03: Line Cutter Vars 5 {'radio_id': 1
12827	14:35:03: Pyro Info {'radio_id': 1
12828	14:35:03: Line Cutter Data 1 {'radio_id': 1
12829	14:35:03: Line Cutter Data 5 {'radio_id': 1
12830	14:35:03: Orientation {'radio_id': 1
12831	14:35:03: Position Data {'radio_id': 1
12832	14:35:03: Orientation {'radio_id': 1
12833	14:35:03: Orientation {'radio_id': 1
12834	14:35:03: Position Data {'radio_id': 1
12835	14:35:03: Alt Info & Cfg {'radio_id': 1
12836	14:35:04: Orientation {'radio_id': 1
12837	14:35:04: Position Data {'radio_id': 1
12838	14:35:04: Orientation {'radio_id': 1
12839	14:35:04: Position Data {'radio_id': 1
12840	14:35:04: Orientation {'radio_id': 1
12841	14:35:04: Position Data {'radio_id': 1
12842	14:35:04: Pyro Info {'radio_id': 1
12843	14:35:04: Line Cutter Data 1 {'radio_id': 1
12844	14:35:04: Line Cutter Data 5 {'radio_id': 1
12845	14:35:04: Orientation {'radio_id': 1
12846	14:35:04: Orientation {'radio_id': 1
12847	14:35:04: Position Data {'radio_id': 1
12848	14:35:05: Orientation {'radio_id': 1
12849	14:35:05: Position Data {'radio_id': 1
12850	14:35:05: Orientation {'radio_id': 1
12851	14:35:05: Position Data {'radio_id': 1
12852	14:35:05: Alt Info & Cfg {'radio_id': 1
12853	14:35:05: Orientation {'radio_id': 1
12854	14:35:05: Position Data {'radio_id': 1
12855	14:35:05: Pyro Info {'radio_id': 1
12856	14:35:05: Line Cutter Data 1 {'radio_id': 1
12857	14:35:05: Ground Station GPS {'gs_lat': 44.824641927083334
12858	14:35:05: Orientation {'radio_id': 1
12859	14:35:05: Position Data {'radio_id': 1
12860	14:35:05: Orientation {'radio_id': 1
12861	14:35:05: Position Data {'radio_id': 1
12862	14:35:06: Orientation {'radio_id': 1
12863	14:35:06: Position Data {'radio_id': 1
12864	14:35:06: Orientation {'radio_id': 1
12865	14:35:06: Position Data {'radio_id': 1
12866	14:35:06: Orientation {'radio_id': 1
12867	14:35:06: Position Data {'radio_id': 1
12868	14:35:06: Alt Info & Cfg {'radio_id': 1
12869	14:35:06: Pyro Info {'radio_id': 1
12870	14:35:06: Line Cutter Data  {'radio_id': 1
12871	14:35:06: Orientation {'radio_id': 1
12872	14:35:06: Position Data {'radio_id': 1
12873	14:35:06: Orientation {'radio_id': 1
12874	14:35:07: Orientation {'radio_id': 1
12875	14:35:07: Orientation {'radio_id': 1
12876	14:35:07: Orientation {'radio_id': 1
12877	14:35:07: Pyro Info {'radio_id': 1
12878	14:35:07: Line Cutter Data 1 {'radio_id': 1
12879	14:35:07: Line Cutter Data 5 {'radio_id': 1
12880	14:35:07: Orientation {'radio_id': 1
12881	14:35:07: Position Data {'radio_id': 1
12882	14:35:07: Alt Info & Cfg {'radio_id': 1
12883	14:35:07: Orientation {'radio_id': 1
12884	14:35:07: Position Data {'radio_id': 1
12885	14:35:08: Orientation {'radio_id': 1
12886	14:35:08: Position Data {'radio_id': 1
12887	14:35:08: Orientation {'radio_id': 1
12888	14:35:08: Position Data {'radio_id': 1
12889	14:35:08: Orientation {'radio_id': 1
12890	14:35:08: Position Data {'radio_id': 1
12891	14:35:08: Pyro Info {'radio_id': 1
12892	14:35:08: Line Cutter Data 1 {'radio_id': 1
12893	14:35:08: Line Cutter Data 5 {'radio_id': 1
12894	14:35:08: Orientation {'radio_id': 1
12895	14:35:08: Position Data {'radio_id': 1
12896	14:35:08: Orientation {'radio_id': 1
12897	14:35:08: Position Data {'radio_id': 1
12898	14:35:08: Alt Info & Cfg {'radio_id': 1
12899	14:35:09: Orientation {'radio_id': 1
12900	14:35:09: Position Data {'radio_id': 1
12901	14:35:09: Orientation {'radio_id': 1
12902	14:35:09: Position Data {'radio_id': 1
12903	14:35:09: Orientation {'radio_id': 1
12904	14:35:09: Position Data {'radio_id': 1
12905	14:35:09: Pyro Info {'radio_id': 1
12906	14:35:09: Line Cutter Data 5 {'radio_id': 1
12907	14:35:09: Orientation {'radio_id': 1
12908	14:35:09: Position Data {'radio_id': 1
12909	14:35:09: Orientation {'radio_id': 1
12910	14:35:09: Position Data {'radio_id': 1
12911	14:35:10: Orientation {'radio_id': 1
12912	14:35:10: Position Data {'radio_id': 1
12913	14:35:10: Alt Info & Cfg {'radio_id': 1
12914	14:35:10: Orientation {'radio_id': 1
12915	14:35:10: Position Data {'radio_id': 1
12916	14:35:10: Orientation {'radio_id': 1
12917	14:35:10: Position Data {'radio_id': 1
12918	14:35:10: Line Cutter Data 1 {'radio_id': 1
12919	14:35:10: Line Cutter Data 5 {'radio_id': 1
12920	14:35:10: Orientation {'radio_id': 1
12921	14:35:10: Position Data {'radio_id': 1
12922	14:35:10: Orientation {'radio_id': 1
12923	14:35:10: Position Data {'radio_id': 1
12924	14:35:11: Orientation {'radio_id': 1
12925	14:35:11: Position Data {'radio_id': 1
12926	14:35:11: Orientation {'radio_id': 1
12927	14:35:11: Position Data {'radio_id': 1
12928	14:35:11: Orientation {'radio_id': 1
12929	14:35:11: Position Data {'radio_id': 1
12930	14:35:11: Alt Info & Cfg {'radio_id': 1
12931	14:35:11: Pyro Info {'radio_id': 1
12932	14:35:11: Line Cutter Data 1 {'radio_id': 1
12933	14:35:11: Ground Station GPS {'gs_lat': 44.824641927083334
12934	14:35:11: Line Cutter Data 5 {'radio_id': 1
12935	14:35:11: Position Data {'radio_id': 1
12936	14:35:11: Position Data {'radio_id': 1
12937	14:35:12: Orientation {'radio_id': 1
12938	14:35:12: Position Data {'radio_id': 1
12939	14:35:12: Orientation {'radio_id': 1
12940	14:35:12: Position Data {'radio_id': 1
12941	14:35:12: Orientation {'radio_id': 1
12942	14:35:12: Position Data {'radio_id': 1
12943	14:35:12: Pyro Info {'radio_id': 1
12944	14:35:12: Line Cutter Data 5 {'radio_id': 1
12945	14:35:12: Position Data {'radio_id': 1
12946	14:35:12: Alt Info & Cfg {'radio_id': 1
12947	14:35:12: Orientation {'radio_id': 1
12948	14:35:13: Orientation {'radio_id': 1
12949	14:35:13: Position Data {'radio_id': 1
12950	14:35:13: Orientation {'radio_id': 1
12951	14:35:13: Position Data {'radio_id': 1
12952	14:35:13: Line Cutter Vars 1 {'radio_id': 1
12953	14:35:13: Line Cutter Vars 5 {'radio_id': 1
12954	14:35:13: Orientation {'radio_id': 1
12955	14:35:13: Position Data {'radio_id': 1
12956	14:35:13: Pyro Info {'radio_id': 1
12957	14:35:13: Line Cutter Data 1 {'radio_id': 1
12958	14:35:13: Orientation {'radio_id': 1
12959	14:35:13: Position Data {'radio_id': 1
12960	14:35:13: Orientation {'radio_id': 1
12961	14:35:13: Position Data {'radio_id': 1
12962	14:35:14: Orientation {'radio_id': 1
12963	14:35:14: Position Data {'radio_id': 1
12964	14:35:14: Orientation {'radio_id': 1
12965	14:35:14: Orientation {'radio_id': 1
12966	14:35:14: Pyro Info {'radio_id': 1
12967	14:35:14: Line Cutter Data 1 {'radio_id': 1
12968	14:35:14: Line Cutter Data 5 {'radio_id': 1
12969	14:35:14: Orientation {'radio_id': 1
12970	14:35:14: Position Data {'radio_id': 1
12971	14:35:14: Orientation {'radio_id': 1
12972	14:35:14: Position Data {'radio_id': 1
12973	14:35:15: Orientation {'radio_id': 1
12974	14:35:15: Position Data {'radio_id': 1
12975	14:35:15: Orientation {'radio_id': 1
12976	14:35:15: Position Data {'radio_id': 1
12977	14:35:15: Orientation {'radio_id': 1
12978	14:35:15: Position Data {'radio_id': 1
12979	14:35:15: Pyro Info {'radio_id': 1
12980	14:35:15: Line Cutter Data 1 {'radio_id': 1
12981	14:35:15: Line Cutter Data 5 {'radio_id': 1
12982	14:35:15: Orientation {'radio_id': 1
12983	14:35:15: Position Data {'radio_id': 1
12984	14:35:15: Orientation {'radio_id': 1
12985	14:35:15: Position Data {'radio_id': 1
12986	14:35:16: Orientation {'radio_id': 1
12987	14:35:16: Position Data {'radio_id': 1
12988	14:35:16: Orientation {'radio_id': 1
12989	14:35:16: Orientation {'radio_id': 1
12990	14:35:16: Alt Info & Cfg {'radio_id': 1
12991	14:35:16: Orientation {'radio_id': 1
12992	14:35:16: Position Data {'radio_id': 1
12993	14:35:16: Pyro Info {'radio_id': 1
12994	14:35:16: Line Cutter Data 1 {'radio_id': 1
12995	14:35:16: Line Cutter Data 5 {'radio_id': 1
12996	14:35:16: Orientation {'radio_id': 1
12997	14:35:17: Orientation {'radio_id': 1
12998	14:35:17: Position Data {'radio_id': 1
12999	14:35:17: Orientation {'radio_id': 1
13000	14:35:17: Ground Station GPS {'gs_lat': 44.824641927083334
13001	14:35:17: Pyro Info {'radio_id': 1
13002	14:35:17: Line Cutter Data 1 {'radio_id': 1
13003	14:35:17: Alt Info & Cfg {'radio_id': 1
13004	14:35:17: Orientation {'radio_id': 1
13005	14:35:17: Position Data {'radio_id': 1
13006	14:35:18: Orientation {'radio_id': 1
13007	14:35:18: Position Data {'radio_id': 1
13008	14:35:18: Orientation {'radio_id': 1
13009	14:35:18: Position Data {'radio_id': 1
13010	14:35:18: Orientation {'radio_id': 1
13011	14:35:18: Position Data {'radio_id': 1
13012	14:35:18: Orientation {'radio_id': 1
13013	14:35:18: Position Data {'radio_id': 1
13014	14:35:18: Pyro Info {'radio_id': 1
13015	14:35:18: Line Cutter Data 5 {'radio_id': 1
13016	14:35:18: Position Data {'radio_id': 1
13017	14:35:18: Alt Info & Cfg {'radio_id': 1
13018	14:35:19: Orientation {'radio_id': 1
13019	14:35:19: Position Data {'radio_id': 1
13020	14:35:19: Orientation {'radio_id': 1
13021	14:35:19: Position Data {'radio_id': 1
13022	14:35:19: Orientation {'radio_id': 1
13023	14:35:19: Position Data {'radio_id': 1
13024	14:35:19: Orientation {'radio_id': 1
13025	14:35:19: Ground Station GPS {'gs_lat': 44.824641927083334
13026	14:35:19: Pyro Info {'radio_id': 1
13027	14:35:19: Line Cutter Data 1 {'radio_id': 1
13028	14:35:19: Line Cutter Data 5 {'radio_id': 1
13029	14:35:19: Orientation {'radio_id': 1
13030	14:35:19: Position Data {'radio_id': 1
13031	14:35:20: Orientation {'radio_id': 1
13032	14:35:20: Position Data {'radio_id': 1
13033	14:35:20: Alt Info & Cfg {'radio_id': 1
13034	14:35:20: Orientation {'radio_id': 1
13035	14:35:20: Orientation {'radio_id': 1
13036	14:35:20: Orientation {'radio_id': 1
13037	14:35:20: Position Data {'radio_id': 1
13038	14:35:20: Pyro Info {'radio_id': 1
13039	14:35:20: Line Cutter Data 1 {'radio_id': 1
13040	14:35:20: Line Cutter Data 5 {'radio_id': 1
13041	14:35:20: Orientation {'radio_id': 1
13042	14:35:21: Orientation {'radio_id': 1
13043	14:35:21: Position Data {'radio_id': 1
13044	14:35:21: Orientation {'radio_id': 1
13045	14:35:21: Position Data {'radio_id': 1
13046	14:35:21: Orientation {'radio_id': 1
13047	14:35:21: Position Data {'radio_id': 1
13048	14:35:21: Orientation {'radio_id': 1
13049	14:35:21: Position Data {'radio_id': 1
13050	14:35:21: Pyro Info {'radio_id': 1
13051	14:35:21: Line Cutter Data 1 {'radio_id': 1
13052	14:35:21: Line Cutter Data 5 {'radio_id': 1
13053	14:35:21: Orientation {'radio_id': 1
13054	14:35:21: Position Data {'radio_id': 1
13055	14:35:22: Orientation {'radio_id': 1
13056	14:35:22: Position Data {'radio_id': 1
13057	14:35:22: Orientation {'radio_id': 1
13058	14:35:22: Orientation {'radio_id': 1
13059	14:35:22: Position Data {'radio_id': 1
13060	14:35:22: Orientation {'radio_id': 1
13061	14:35:22: Position Data {'radio_id': 1
13062	14:35:22: Alt Info & Cfg {'radio_id': 1
13063	14:35:22: Line Cutter Data 1 {'radio_id': 1
13064	14:35:22: Line Cutter Data 5 {'radio_id': 1
13065	14:35:22: Orientation {'radio_id': 1
13066	14:35:22: Position Data {'radio_id': 1
13067	14:35:23: Orientation {'radio_id': 1
13068	14:35:23: Orientation {'radio_id': 1
13069	14:35:23: Position Data {'radio_id': 1
13070	14:35:23: Line Cutter Vars 1 {'radio_id': 1
13071	14:35:23: Line Cutter Vars 5 {'radio_id': 1
13072	14:35:23: Orientation {'radio_id': 1
13073	14:35:23: Position Data {'radio_id': 1
13074	14:35:23: Orientation {'radio_id': 1
13075	14:35:23: Position Data {'radio_id': 1
13076	14:35:23: Line Cutter Data 1 {'radio_id': 1
13077	14:35:23: Line Cutter Data 5 {'radio_id': 1
13078	14:35:23: Orientation {'radio_id': 1
13079	14:35:23: Position Data {'radio_id': 1
13080	14:35:24: Alt Info & Cfg {'radio_id': 1
13081	14:35:24: Orientation {'radio_id': 1
13082	14:35:24: Position Data {'radio_id': 1
13083	14:35:24: Orientation {'radio_id': 1
13084	14:35:24: Position Data {'radio_id': 1
13085	14:35:24: Orientation {'radio_id': 1
13086	14:35:24: Position Data {'radio_id': 1
13087	14:35:24: Orientation {'radio_id': 1
13088	14:35:24: Position Data {'radio_id': 1
13089	14:35:24: Pyro Info {'radio_id': 1
13090	14:35:24: Line Cutter Data 1 {'radio_id': 1
13091	14:35:24: Line Cutter Data 5 {'radio_id': 1
13092	14:35:24: Orientation {'radio_id': 1
13093	14:35:24: Position Data {'radio_id': 1
13094	14:35:25: Orientation {'radio_id': 1
13095	14:35:25: Position Data {'radio_id': 1
13096	14:35:25: Alt Info & Cfg {'radio_id': 1
13097	14:35:25: Orientation {'radio_id': 1
13098	14:35:25: Position Data {'radio_id': 1
13099	14:35:25: Orientation {'radio_id': 1
13100	14:35:25: Position Data {'radio_id': 1
13101	14:35:25: Orientation {'radio_id': 1
13102	14:35:25: Position Data {'radio_id': 1
13103	14:35:25: Ground Station GPS {'gs_lat': 44.824641927083334
13104	14:35:25: Pyro Info {'radio_id': 1
13105	14:35:25: Line Cutter Data 1 {'radio_id': 1
13106	14:35:25: Line Cutter Data 5 {'radio_id': 1
13107	14:35:25: Position Data {'radio_id': 1
13108	14:35:26: Orientation {'radio_id': 1
13109	14:35:26: Orientation {'radio_id': 1
13110	14:35:26: Position Data {'radio_id': 1
13111	14:35:26: Alt Info & Cfg {'radio_id': 1
13112	14:35:26: Orientation {'radio_id': 1
13113	14:35:26: Orientation {'radio_id': 1
13114	14:35:26: Position Data {'radio_id': 1
13115	14:35:26: Line Cutter Data  {'radio_id': 1
13116	14:35:26: Line Cutter Data 5 {'radio_id': 1
13117	14:35:26: Orientation {'radio_id': 1
13118	14:35:26: Position Data {'radio_id': 1
13119	14:35:27: Orientation {'radio_id': 1
13120	14:35:27: Orientation {'radio_id': 1
13121	14:35:27: Position Data {'radio_id': 1
13122	14:35:27: Orientation {'radio_id': 1
13123	14:35:27: Position Data {'radio_id': 1
13124	14:35:27: Alt Info & Cfg {'radio_id': 1
13125	14:35:27: Orientation {'radio_id': 1
13126	14:35:27: Position Data {'radio_id': 1
13127	14:35:27: Line Cutter Data 1 {'radio_id': 1
13128	14:35:27: Line Cutter Data 5 {'radio_id': 1
13129	14:35:27: Orientation {'radio_id': 1
13130	14:35:27: Position Data {'radio_id': 1
13131	14:35:28: Orientation {'radio_id': 1
13132	14:35:28: Position Data {'radio_id': 1
13133	14:35:28: Orientation {'radio_id': 1
13134	14:35:28: Position Data {'radio_id': 1
13135	14:35:28: Orientation {'radio_id': 1
13136	14:35:28: Orientation {'radio_id': 1
13137	14:35:28: Pyro Info {'radio_id': 1
13138	14:35:28: Line Cutter Data 5 {'radio_id': 1
13139	14:35:28: Orientation {'radio_id': 1
13140	14:35:28: Position Data {'radio_id': 1
13141	14:35:28: Alt Info & Cfg {'radio_id': 1
13142	14:35:29: Orientation {'radio_id': 1
13143	14:35:29: Orientation {'radio_id': 1
13144	14:35:29: Orientation {'radio_id': 1
13145	14:35:29: Orientation {'radio_id': 1
13146	14:35:29: Ground Station GPS {'gs_lat': 44.824641927083334
13147	14:35:29: Pyro Info {'radio_id': 1
13148	14:35:29: Line Cutter Data 1 {'radio_id': 1
13149	14:35:29: Line Cutter Data 5 {'radio_id': 1
13150	14:35:29: Position Data {'radio_id': 1
13151	14:35:30: Orientation {'radio_id': 1
13152	14:35:30: Position Data {'radio_id': 1
13153	14:35:30: Alt Info & Cfg {'radio_id': 1
13154	14:35:30: Orientation {'radio_id': 1
13155	14:35:30: Position Data {'radio_id': 1
13156	14:35:30: Orientation {'radio_id': 1
13157	14:35:30: Position Data {'radio_id': 1
13158	14:35:30: Orientation {'radio_id': 1
13159	14:35:30: Orientation {'radio_id': 1
13160	14:35:30: Pyro Info {'radio_id': 1
13161	14:35:31: Line Cutter Data 1 {'radio_id': 1
13162	14:35:31: Line Cutter Data 5 {'radio_id': 1
13163	14:35:31: Position Data {'radio_id': 1
13164	14:35:31: Orientation {'radio_id': 1
13165	14:35:31: Position Data {'radio_id': 1
13166	14:35:31: Orientation {'radio_id': 1
13167	14:35:31: Position Data {'radio_id': 1
13168	14:35:31: Orientation {'radio_id': 1
13169	14:35:31: Position Data {'radio_id': 1
13170	14:35:31: Ground Station GPS {'gs_lat': 44.824641927083334
13171	14:35:31: Orientation {'radio_id': 1
13172	14:35:31: Position Data {'radio_id': 1
13173	14:35:31: Pyro Info {'radio_id': 1
13174	14:35:31: Line Cutter Data 1 {'radio_id': 1
13175	14:35:32: Line Cutter Data 5 {'radio_id': 1
13176	14:35:32: Orientation {'radio_id': 1
13177	14:35:32: Position Data {'radio_id': 1
13178	14:35:32: Orientation {'radio_id': 1
13179	14:35:32: Position Data {'radio_id': 1
13180	14:35:32: Orientation {'radio_id': 1
13181	14:35:32: Orientation {'radio_id': 1
13182	14:35:32: Position Data {'radio_id': 1
13183	14:35:32: Orientation {'radio_id': 1
13184	14:35:32: Position Data {'radio_id': 1
13185	14:35:33: Pyro Info {'radio_id': 1
13186	14:35:33: Orientation {'radio_id': 1
13187	14:35:33: Orientation {'radio_id': 1
13188	14:35:33: Position Data {'radio_id': 1
13189	14:35:33: Line Cutter Vars 5 {'radio_id': 1
13190	14:35:33: Orientation {'radio_id': 1
13191	14:35:33: Position Data {'radio_id': 1
13192	14:35:33: Orientation {'radio_id': 1
13193	14:35:33: Ground Station GPS {'gs_lat': 44.824641927083334
13194	14:35:33: Alt Info & Cfg {'radio_id': 1
13195	14:35:33: Orientation {'radio_id': 1
13196	14:35:33: Pyro Info {'radio_id': 1
13197	14:35:34: Line Cutter Data 5 {'radio_id': 1
13198	14:35:34: Orientation {'radio_id': 1
13199	14:35:34: Position Data {'radio_id': 1
13200	14:35:34: Orientation {'radio_id': 1
13201	14:35:34: Position Data {'radio_id': 1
13202	14:35:34: Orientation {'radio_id': 1
13203	14:35:34: Position Data {'radio_id': 1
13204	14:35:34: Orientation {'radio_id': 1
13205	14:35:34: Orientation {'radio_id': 1
13206	14:35:34: Position Data {'radio_id': 1
13207	14:35:34: Pyro Info {'radio_id': 1
13208	14:35:34: Line Cutter Data 1 {'radio_id': 1
13209	14:35:35: Line Cutter Data 5 {'radio_id': 1
13210	14:35:35: Orientation {'radio_id': 1
13211	14:35:35: Position Data {'radio_id': 1
13212	14:35:35: Alt Info & Cfg {'radio_id': 1
13213	14:35:35: Orientation {'radio_id': 1
13214	14:35:35: Position Data {'radio_id': 1
13215	14:35:35: Orientation {'radio_id': 1
13216	14:35:35: Position Data {'radio_id': 1
13217	14:35:35: Orientation {'radio_id': 1
13218	14:35:35: Position Data {'radio_id': 1
13219	14:35:35: Ground Station GPS {'gs_lat': 44.824641927083334
13220	14:35:35: Orientation {'radio_id': 1
13221	14:35:35: Position Data {'radio_id': 1
13222	14:35:35: Pyro Info {'radio_id': 1
13223	14:35:35: Line Cutter Data 1 {'radio_id': 1
13224	14:35:36: Line Cutter Data 5 {'radio_id': 1
13225	14:35:36: Orientation {'radio_id': 1
13226	14:35:36: Position Data {'radio_id': 1
13227	14:35:36: Orientation {'radio_id': 1
13228	14:35:36: Position Data {'radio_id': 1
13229	14:35:36: Alt Info & Cfg {'radio_id': 1
13230	14:35:36: Orientation {'radio_id': 1
13231	14:35:36: Orientation {'radio_id': 1
13232	14:35:36: Orientation {'radio_id': 1
13233	14:35:36: Position Data {'radio_id': 1
13234	14:35:36: Pyro Info {'radio_id': 1
13235	14:35:37: Line Cutter Data 5 {'radio_id': 1
13236	14:35:37: Position Data {'radio_id': 1
13237	14:35:37: Orientation {'radio_id': 1
13238	14:35:37: Position Data {'radio_id': 1
13239	14:35:37: Orientation {'radio_id': 1
13240	14:35:37: Position Data {'radio_id': 1
13241	14:35:37: Alt Info & Cfg {'radio_id': 1
13242	14:35:37: Orientation {'radio_id': 1
13243	14:35:37: Ground Station GPS {'gs_lat': 44.824641927083334
13244	14:35:37: Orientation {'radio_id': 1
13245	14:35:37: Pyro Info {'radio_id': 1
13246	14:35:37: Line Cutter Data 1 {'radio_id': 1
13247	14:35:38: Line Cutter Data 5 {'radio_id': 1
13248	14:35:38: Orientation {'radio_id': 1
13249	14:35:38: Position Data {'radio_id': 1
13250	14:35:38: Orientation {'radio_id': 1
13251	14:35:38: Position Data {'radio_id': 1
13252	14:35:38: Orientation {'radio_id': 1
13253	14:35:38: Position Data {'radio_id': 1
13254	14:35:38: Orientation {'radio_id': 1
13255	14:35:38: Position Data {'radio_id': 1
13256	14:35:38: Orientation {'radio_id': 1
13257	14:35:38: Position Data {'radio_id': 1
13258	14:35:38: Pyro Info {'radio_id': 1
13259	14:35:38: Line Cutter Data 1 {'radio_id': 1
13260	14:35:39: Line Cutter Data 5 {'radio_id': 1
13261	14:35:39: Orientation {'radio_id': 1
13262	14:35:39: Position Data {'radio_id': 1
13263	14:35:39: Orientation {'radio_id': 1
13264	14:35:39: Position Data {'radio_id': 1
13265	14:35:39: Orientation {'radio_id': 1
13266	14:35:39: Orientation {'radio_id': 1
13267	14:35:39: Position Data {'radio_id': 1
13268	14:35:39: Orientation {'radio_id': 1
13269	14:35:39: Position Data {'radio_id': 1
13270	14:35:39: Line Cutter Data 1 {'radio_id': 1
13271	14:35:40: Line Cutter Data 5 {'radio_id': 1
13272	14:35:40: Alt Info & Cfg {'radio_id': 1
13273	14:35:40: Orientation {'radio_id': 1
13274	14:35:40: Position Data {'radio_id': 1
13275	14:35:40: Orientation {'radio_id': 1
13276	14:35:40: Position Data {'radio_id': 1
13277	14:35:40: Orientation {'radio_id': 1
13278	14:35:40: Position Data {'radio_id': 1
13279	14:35:40: Orientation {'radio_id': 1
13280	14:35:40: Position Data {'radio_id': 1
13281	14:35:40: Orientation {'radio_id': 1
13282	14:35:40: Position Data {'radio_id': 1
13283	14:35:40: Pyro Info {'radio_id': 1
13284	14:35:40: Line Cutter Data 1 {'radio_id': 1
13285	14:35:41: Line Cutter Data 5 {'radio_id': 1
13286	14:35:41: Orientation {'radio_id': 1
13287	14:35:41: Position Data {'radio_id': 1
13288	14:35:41: Orientation {'radio_id': 1
13289	14:35:41: Position Data {'radio_id': 1
13290	14:35:41: Alt Info & Cfg {'radio_id': 1
13291	14:35:41: Orientation {'radio_id': 1
13292	14:35:41: Position Data {'radio_id': 1
13293	14:35:41: Orientation {'radio_id': 1
13294	14:35:41: Position Data {'radio_id': 1
13295	14:35:41: Ground Station GPS {'gs_lat': 44.824641927083334
13296	14:35:41: Orientation {'radio_id': 1
13297	14:35:41: Pyro Info {'radio_id': 1
13298	14:35:42: Line Cutter Data 5 {'radio_id': 1
13299	14:35:42: Orientation {'radio_id': 1
13300	14:35:42: Position Data {'radio_id': 1
13301	14:35:42: Orientation {'radio_id': 1
13302	14:35:42: Orientation {'radio_id': 1
13303	14:35:42: Position Data {'radio_id': 1
13304	14:35:42: Alt Info & Cfg {'radio_id': 1
13305	14:35:42: Orientation {'radio_id': 1
13306	14:35:42: Orientation {'radio_id': 1
13307	14:35:42: Position Data {'radio_id': 1
13308	14:35:43: Orientation {'radio_id': 1
13309	14:35:43: Pyro Info {'radio_id': 1
13310	14:35:43: Line Cutter Data 5 {'radio_id': 1
13311	14:35:43: Orientation {'radio_id': 1
13312	14:35:43: Position Data {'radio_id': 1
13313	14:35:43: Orientation {'radio_id': 1
13314	14:35:43: Line Cutter Vars 1 {'radio_id': 1
13315	14:35:43: Line Cutter Vars 5 {'radio_id': 1
13316	14:35:43: Orientation {'radio_id': 1
13317	14:35:43: Position Data {'radio_id': 1
13318	14:35:43: Ground Station GPS {'gs_lat': 44.824641927083334
13319	14:35:43: Orientation {'radio_id': 1
13320	14:35:43: Position Data {'radio_id': 1
13321	14:35:44: Orientation {'radio_id': 1
13322	14:35:44: Position Data {'radio_id': 1
13323	14:35:44: Line Cutter Data 1 {'radio_id': 1
13324	14:35:44: Orientation {'radio_id': 1
13325	14:35:44: Position Data {'radio_id': 1
13326	14:35:44: Orientation {'radio_id': 1
13327	14:35:44: Position Data {'radio_id': 1
13328	14:35:44: Orientation {'radio_id': 1
13329	14:35:44: Position Data {'radio_id': 1
13330	14:35:44: Orientation {'radio_id': 1
13331	14:35:44: Position Data {'radio_id': 1
13332	14:35:44: Alt Info & Cfg {'radio_id': 1
13333	14:35:45: Orientation {'radio_id': 1
13334	14:35:45: Position Data {'radio_id': 1
13335	14:35:45: Pyro Info {'radio_id': 1
13336	14:35:45: Line Cutter Data 5 {'radio_id': 1
13337	14:35:45: Orientation {'radio_id': 1
13338	14:35:45: Orientation {'radio_id': 1
13339	14:35:45: Orientation {'radio_id': 1
13340	14:35:45: Position Data {'radio_id': 1
13341	14:35:45: Ground Station GPS {'gs_lat': 44.824641927083334
13342	14:35:45: Orientation {'radio_id': 1
13343	14:35:45: Position Data {'radio_id': 1
13344	14:35:46: Orientation {'radio_id': 1
13345	14:35:46: Position Data {'radio_id': 1
13346	14:35:46: Line Cutter Data 1 {'radio_id': 1
13347	14:35:46: Line Cutter Data 5 {'radio_id': 1
13348	14:35:46: Alt Info & Cfg {'radio_id': 1
13349	14:35:46: Orientation {'radio_id': 1
13350	14:35:46: Position Data {'radio_id': 1
13351	14:35:46: Orientation {'radio_id': 1
13352	14:35:46: Position Data {'radio_id': 1
13353	14:35:46: Orientation {'radio_id': 1
13354	14:35:46: Position Data {'radio_id': 1
13355	14:35:46: Orientation {'radio_id': 1
13356	14:35:46: Position Data {'radio_id': 1
13357	14:35:47: Orientation {'radio_id': 1
13358	14:35:47: Position Data {'radio_id': 1
13359	14:35:47: Line Cutter Data 1 {'radio_id': 1
13360	14:35:47: Line Cutter Data 5 {'radio_id': 1
13361	14:35:47: Orientation {'radio_id': 1
13362	14:35:47: Position Data {'radio_id': 1
13363	14:35:47: Orientation {'radio_id': 1
13364	14:35:47: Position Data {'radio_id': 1
13365	14:35:47: Alt Info & Cfg {'radio_id': 1
13366	14:35:47: Orientation {'radio_id': 1
13367	14:35:47: Position Data {'radio_id': 1
13368	14:35:47: Ground Station GPS {'gs_lat': 44.824641927083334
13369	14:35:47: Orientation {'radio_id': 1
13370	14:35:47: Position Data {'radio_id': 1
13371	14:35:48: Orientation {'radio_id': 1
13372	14:35:48: Pyro Info {'radio_id': 1
13373	14:35:48: Line Cutter Data 1 {'radio_id': 1
13374	14:35:48: Line Cutter Data 5 {'radio_id': 1
13375	14:35:48: Orientation {'radio_id': 1
13376	14:35:48: Orientation {'radio_id': 1
13377	14:35:48: Position Data {'radio_id': 1
13378	14:35:48: Orientation {'radio_id': 1
13379	14:35:48: Position Data {'radio_id': 1
13380	14:35:48: Alt Info & Cfg {'radio_id': 1
13381	14:35:48: Orientation {'radio_id': 1
13382	14:35:48: Position Data {'radio_id': 1
13383	14:35:49: Orientation {'radio_id': 1
13384	14:35:49: Position Data {'radio_id': 1
13385	14:35:49: Pyro Info {'radio_id': 1
13386	14:35:49: Line Cutter Data 5 {'radio_id': 1
13387	14:35:49: Orientation {'radio_id': 1
13388	14:35:49: Position Data {'radio_id': 1
13389	14:35:49: Orientation {'radio_id': 1
13390	14:35:49: Orientation {'radio_id': 1
13391	14:35:49: Ground Station GPS {'gs_lat': 44.824641927083334
13392	14:35:49: Orientation {'radio_id': 1
13393	14:35:49: Position Data {'radio_id': 1
13394	14:35:49: Alt Info & Cfg {'radio_id': 1
13395	14:35:50: Orientation {'radio_id': 1
13396	14:35:50: Pyro Info {'radio_id': 1
13397	14:35:50: Line Cutter Data 5 {'radio_id': 1
13398	14:35:50: Orientation {'radio_id': 1
13399	14:35:50: Position Data {'radio_id': 1
13400	14:35:50: Orientation {'radio_id': 1
13401	14:35:50: Position Data {'radio_id': 1
13402	14:35:50: Orientation {'radio_id': 1
13403	14:35:50: Position Data {'radio_id': 1
13404	14:35:50: Orientation {'radio_id': 1
13405	14:35:50: Position Data {'radio_id': 1
13406	14:35:51: Orientation {'radio_id': 1
13407	14:35:51: Position Data {'radio_id': 1
13408	14:35:51: Alt Info & Cfg {'radio_id': 1
13409	14:35:51: Pyro Info {'radio_id': 1
13410	14:35:51: Line Cutter Data 1 {'radio_id': 1
13411	14:35:51: Line Cutter Data 5 {'radio_id': 1
13412	14:35:51: Orientation {'radio_id': 1
13413	14:35:51: Position Data {'radio_id': 1
13414	14:35:51: Orientation {'radio_id': 1
13415	14:35:51: Position Data {'radio_id': 1
13416	14:35:51: Orientation {'radio_id': 1
13417	14:35:51: Position Data {'radio_id': 1
13418	14:35:51: Orientation {'radio_id': 1
13419	14:35:51: Position Data {'radio_id': 1
13420	14:35:52: Orientation {'radio_id': 1
13421	14:35:52: Position Data {'radio_id': 1
13422	14:35:52: Pyro Info {'radio_id': 1
13423	14:35:52: Line Cutter Data 1 {'radio_id': 1
13424	14:35:52: Line Cutter Data 5 {'radio_id': 1
13425	14:35:52: Orientation {'radio_id': 1
13426	14:35:52: Alt Info & Cfg {'radio_id': 1
13427	14:35:52: Orientation {'radio_id': 1
13428	14:35:52: Position Data {'radio_id': 1
13429	14:35:52: Orientation {'radio_id': 1
13430	14:35:52: Position Data {'radio_id': 1
13431	14:35:52: Orientation {'radio_id': 1
13432	14:35:52: Position Data {'radio_id': 1
13433	14:35:53: Orientation {'radio_id': 1
13434	14:35:53: Position Data {'radio_id': 1
13435	14:35:53: Pyro Info {'radio_id': 1
13436	14:35:53: Line Cutter Data 1 {'radio_id': 1
13437	14:35:53: Line Cutter Data 5 {'radio_id': 1
13438	14:35:53: Orientation {'radio_id': 1
13439	14:35:53: Position Data {'radio_id': 1
13440	14:35:53: Orientation {'radio_id': 1
13441	14:35:53: Position Data {'radio_id': 1
13442	14:35:53: Line Cutter Vars 1 {'radio_id': 1
13443	14:35:53: Line Cutter Vars 5 {'radio_id': 1
13444	14:35:53: Orientation {'radio_id': 1
13445	14:35:53: Position Data {'radio_id': 1
13446	14:35:53: Alt Info & Cfg {'radio_id': 1
13447	14:35:53: Orientation {'radio_id': 1
13448	14:35:54: Orientation {'radio_id': 1
13449	14:35:54: Position Data {'radio_id': 1
13450	14:35:54: Pyro Info {'radio_id': 1
13451	14:35:54: Line Cutter Data 1 {'radio_id': 1
13452	14:35:54: Line Cutter Data 5 {'radio_id': 1
13453	14:35:54: Orientation {'radio_id': 1
13454	14:35:54: Position Data {'radio_id': 1
13455	14:35:54: Orientation {'radio_id': 1
13456	14:35:54: Orientation {'radio_id': 1
13457	14:35:54: Position Data {'radio_id': 1
13458	14:35:54: Orientation {'radio_id': 1
13459	14:35:54: Position Data {'radio_id': 1
13460	14:35:54: Alt Info & Cfg {'radio_id': 1
13461	14:35:55: Orientation {'radio_id': 1
13462	14:35:55: Position Data {'radio_id': 1
13463	14:35:55: Orientation {'radio_id': 1
13464	14:35:55: Position Data {'radio_id': 1
13465	14:35:55: Line Cutter Data 1 {'radio_id': 1
13466	14:35:55: Line Cutter Data 5 {'radio_id': 1
13467	14:35:55: Orientation {'radio_id': 1
13468	14:35:55: Position Data {'radio_id': 1
13469	14:35:55: Orientation {'radio_id': 1
13470	14:35:55: Position Data {'radio_id': 1
13471	14:35:55: Ground Station GPS {'gs_lat': 44.824641927083334
13472	14:35:55: Orientation {'radio_id': 1
13473	14:35:56: Orientation {'radio_id': 1
13474	14:35:56: Alt Info & Cfg {'radio_id': 1
13475	14:35:56: Orientation {'radio_id': 1
13476	14:35:56: Pyro Info {'radio_id': 1
13477	14:35:56: Line Cutter Data 5 {'radio_id': 1
13478	14:35:56: Orientation {'radio_id': 1
13479	14:35:56: Orientation {'radio_id': 1
13480	14:35:56: Orientation {'radio_id': 1
13481	14:35:57: Orientation {'radio_id': 1
13482	14:35:57: Position Data {'radio_id': 1
13483	14:35:57: Orientation {'radio_id': 1
13484	14:35:57: Position Data {'radio_id': 1
13485	14:35:57: Pyro Info {'radio_id': 1
13486	14:35:57: Line Cutter Data 1 {'radio_id': 1
13487	14:35:57: Line Cutter Data 5 {'radio_id': 1
13488	14:35:57: Alt Info & Cfg {'radio_id': 1
13489	14:35:57: Position Data {'radio_id': 1
13490	14:35:57: Orientation {'radio_id': 1
13491	14:35:57: Position Data {'radio_id': 1
13492	14:35:57: Orientation {'radio_id': 1
13493	14:35:58: Orientation {'radio_id': 1
13494	14:35:58: Position Data {'radio_id': 1
13495	14:35:58: Orientation {'radio_id': 1
13496	14:35:58: Pyro Info {'radio_id': 1
13497	14:35:58: Line Cutter Data 1 {'radio_id': 1
13498	14:35:58: Line Cutter Data 5 {'radio_id': 1
13499	14:35:58: Orientation {'radio_id': 1
13500	14:35:58: Alt Info & Cfg {'radio_id': 1
13501	14:35:58: Orientation {'radio_id': 1
13502	14:35:58: Position Data {'radio_id': 1
13503	14:35:58: Orientation {'radio_id': 1
13504	14:35:58: Position Data {'radio_id': 1
13505	14:35:59: Orientation {'radio_id': 1
13506	14:35:59: Position Data {'radio_id': 1
13507	14:35:59: Orientation {'radio_id': 1
13508	14:35:59: Position Data {'radio_id': 1
13509	14:35:59: Pyro Info {'radio_id': 1
13510	14:35:59: Line Cutter Data 1 {'radio_id': 1
13511	14:35:59: Line Cutter Data 5 {'radio_id': 1
13512	14:35:59: Position Data {'radio_id': 1
13513	14:35:59: Orientation {'radio_id': 1
13514	14:35:59: Position Data {'radio_id': 1
13515	14:35:59: Ground Station GPS {'gs_lat': 44.824641927083334
13516	14:35:59: Orientation {'radio_id': 1
13517	14:35:59: Position Data {'radio_id': 1
13518	14:35:59: Alt Info & Cfg {'radio_id': 1
13519	14:36:00: Orientation {'radio_id': 1
13520	14:36:00: Orientation {'radio_id': 1
13521	14:36:00: Position Data {'radio_id': 1
13522	14:36:00: Pyro Info {'radio_id': 1
13523	14:36:00: Line Cutter Data 1 {'radio_id': 1
13524	14:36:00: Orientation {'radio_id': 1
13525	14:36:00: Orientation {'radio_id': 1
13526	14:36:00: Position Data {'radio_id': 1
13527	14:36:00: Orientation {'radio_id': 1
13528	14:36:00: Position Data {'radio_id': 1
13529	14:36:01: Orientation {'radio_id': 1
13530	14:36:01: Position Data {'radio_id': 1
13531	14:36:01: Alt Info & Cfg {'radio_id': 1
13532	14:36:01: Orientation {'radio_id': 1
13533	14:36:01: Position Data {'radio_id': 1
13534	14:36:01: Pyro Info {'radio_id': 1
13535	14:36:01: Line Cutter Data 1 {'radio_id': 1
13536	14:36:01: Line Cutter Data 5 {'radio_id': 1
13537	14:36:01: Position Data {'radio_id': 1
13538	14:36:01: Orientation {'radio_id': 1
13539	14:36:01: Ground Station GPS {'gs_lat': 44.824641927083334
13540	14:36:01: Orientation {'radio_id': 1
13541	14:36:01: Position Data {'radio_id': 1
13542	14:36:02: Orientation {'radio_id': 1
13543	14:36:02: Orientation {'radio_id': 1
13544	14:36:02: Alt Info & Cfg {'radio_id': 1
13545	14:36:02: Pyro Info {'radio_id': 1
13546	14:36:02: Line Cutter Data 1 {'radio_id': 1
13547	14:36:02: Line Cutter Data 5 {'radio_id': 1
13548	14:36:02: Orientation {'radio_id': 1
13549	14:36:02: Position Data {'radio_id': 1
13550	14:36:02: Orientation {'radio_id': 1
13551	14:36:02: Position Data {'radio_id': 1
13552	14:36:02: Orientation {'radio_id': 1
13553	14:36:02: Position Data {'radio_id': 1
13554	14:36:03: Orientation {'radio_id': 1
13555	14:36:03: Position Data {'radio_id': 1
13556	14:36:03: Orientation {'radio_id': 1
13557	14:36:03: Position Data {'radio_id': 1
13558	14:36:03: Pyro Info {'radio_id': 1
13559	14:36:03: Line Cutter Data 1 {'radio_id': 1
13560	14:36:03: Orientation {'radio_id': 1
13561	14:36:03: Position Data {'radio_id': 1
13562	14:36:03: Line Cutter Vars 1 {'radio_id': 1
13563	14:36:03: Line Cutter Vars 5 {'radio_id': 1
13564	14:36:03: Orientation {'radio_id': 1
13565	14:36:03: Ground Station GPS {'gs_lat': 44.824641927083334
13566	14:36:03: Orientation {'radio_id': 1
13567	14:36:03: Position Data {'radio_id': 1
13568	14:36:04: Orientation {'radio_id': 1
13569	14:36:04: Position Data {'radio_id': 1
13570	14:36:04: Orientation {'radio_id': 1
13571	14:36:04: Position Data {'radio_id': 1
13572	14:36:04: Pyro Info {'radio_id': 1
13573	14:36:04: Line Cutter Data 5 {'radio_id': 1
13574	14:36:04: Orientation {'radio_id': 1
13575	14:36:04: Position Data {'radio_id': 1
13576	14:36:04: Orientation {'radio_id': 1
13577	14:36:04: Position Data {'radio_id': 1
13578	14:36:04: Alt Info & Cfg {'radio_id': 1
13579	14:36:04: Orientation {'radio_id': 1
13580	14:36:05: Orientation {'radio_id': 1
13581	14:36:05: Position Data {'radio_id': 1
13582	14:36:05: Orientation {'radio_id': 1
13583	14:36:05: Position Data {'radio_id': 1
13584	14:36:05: Pyro Info {'radio_id': 1
13585	14:36:05: Line Cutter Data 1 {'radio_id': 1
13586	14:36:05: Orientation {'radio_id': 1
13587	14:36:05: Orientation {'radio_id': 1
13588	14:36:05: Position Data {'radio_id': 1
13589	14:36:05: Ground Station GPS {'gs_lat': 44.824641927083334
13590	14:36:05: Position Data {'radio_id': 1
13591	14:36:06: Orientation {'radio_id': 1
13592	14:36:06: Position Data {'radio_id': 1
13593	14:36:06: Orientation {'radio_id': 1
13594	14:36:06: Position Data {'radio_id': 1
13595	14:36:06: Pyro Info {'radio_id': 1
13596	14:36:06: Line Cutter Data 1 {'radio_id': 1
13597	14:36:06: Line Cutter Data 5 {'radio_id': 1
13598	14:36:06: Orientation {'radio_id': 1
13599	14:36:06: Orientation {'radio_id': 1
13600	14:36:06: Position Data {'radio_id': 1
13601	14:36:06: Orientation {'radio_id': 1
13602	14:36:06: Position Data {'radio_id': 1
13603	14:36:07: Orientation {'radio_id': 1
13604	14:36:07: Position Data {'radio_id': 1
13605	14:36:07: Orientation {'radio_id': 1
13606	14:36:07: Position Data {'radio_id': 1
13607	14:36:07: Alt Info & Cfg {'radio_id': 1
13608	14:36:07: Orientation {'radio_id': 1
13609	14:36:07: Position Data {'radio_id': 1
13610	14:36:07: Pyro Info {'radio_id': 1
13611	14:36:07: Line Cutter Data 1 {'radio_id': 1
13612	14:36:07: Line Cutter Data 5 {'radio_id': 1
13613	14:36:07: Orientation {'radio_id': 1
13614	14:36:07: Position Data {'radio_id': 1
13615	14:36:07: Ground Station GPS {'gs_lat': 44.824641927083334
13616	14:36:07: Orientation {'radio_id': 1
13617	14:36:07: Position Data {'radio_id': 1
13618	14:36:08: Orientation {'radio_id': 1
13619	14:36:08: Position Data {'radio_id': 1
13620	14:36:08: Orientation {'radio_id': 1
13621	14:36:08: Position Data {'radio_id': 1
13622	14:36:08: Orientation {'radio_id': 1
13623	14:36:08: Position Data {'radio_id': 1
13624	14:36:08: Pyro Info {'radio_id': 1
13625	14:36:08: Line Cutter Data 1 {'radio_id': 1
13626	14:36:08: Line Cutter Data 5 {'radio_id': 1
13627	14:36:08: Alt Info & Cfg {'radio_id': 1
13628	14:36:08: Orientation {'radio_id': 1
13629	14:36:08: Position Data {'radio_id': 1
13630	14:36:08: Orientation {'radio_id': 1
13631	14:36:08: Position Data {'radio_id': 1
13632	14:36:09: Orientation {'radio_id': 1
13633	14:36:09: Position Data {'radio_id': 1
13634	14:36:09: Orientation {'radio_id': 1
13635	14:36:09: Position Data {'radio_id': 1
13636	14:36:09: Orientation {'radio_id': 1
13637	14:36:09: Position Data {'radio_id': 1
13638	14:36:09: Pyro Info {'radio_id': 1
13639	14:36:09: Line Cutter Data 1 {'radio_id': 1
13640	14:36:09: Line Cutter Data 5 {'radio_id': 1
13641	14:36:09: Orientation {'radio_id': 1
13642	14:36:09: Position Data {'radio_id': 1
13643	14:36:09: Orientation {'radio_id': 1
13644	14:36:10: Orientation {'radio_id': 1
13645	14:36:10: Position Data {'radio_id': 1
13646	14:36:10: Orientation {'radio_id': 1
13647	14:36:10: Orientation {'radio_id': 1
13648	14:36:10: Position Data {'radio_id': 1
13649	14:36:10: Pyro Info {'radio_id': 1
13650	14:36:10: Line Cutter Data 1 {'radio_id': 1
13651	14:36:10: Line Cutter Data 5 {'radio_id': 1
13652	14:36:10: Orientation {'radio_id': 1
13653	14:36:10: Position Data {'radio_id': 1
13654	14:36:10: Orientation {'radio_id': 1
13655	14:36:10: Position Data {'radio_id': 1
13656	14:36:10: Alt Info & Cfg {'radio_id': 1
13657	14:36:11: Orientation {'radio_id': 1
13658	14:36:11: Position Data {'radio_id': 1
13659	14:36:11: Orientation {'radio_id': 1
13660	14:36:11: Orientation {'radio_id': 1
13661	14:36:11: Position Data {'radio_id': 1
13662	14:36:11: Line Cutter Data 1 {'radio_id': 1
13663	14:36:11: Line Cutter Data 5 {'radio_id': 1
13664	14:36:11: Orientation {'radio_id': 1
13665	14:36:11: Ground Station GPS {'gs_lat': 44.824641927083334
13666	14:36:11: Position Data {'radio_id': 1
13667	14:36:12: Orientation {'radio_id': 1
13668	14:36:12: Position Data {'radio_id': 1
13669	14:36:12: Orientation {'radio_id': 1
13670	14:36:12: Position Data {'radio_id': 1
13671	14:36:12: Alt Info & Cfg {'radio_id': 1
13672	14:36:12: Orientation {'radio_id': 1
13673	14:36:12: Pyro Info {'radio_id': 1
13674	14:36:12: Line Cutter Data 5 {'radio_id': 1
13675	14:36:12: Orientation {'radio_id': 1
13676	14:36:12: Position Data {'radio_id': 1
13677	14:36:12: Orientation {'radio_id': 1
13678	14:36:12: Position Data {'radio_id': 1
13679	14:36:13: Orientation {'radio_id': 1
13680	14:36:13: Position Data {'radio_id': 1
13681	14:36:13: Orientation {'radio_id': 1
13682	14:36:13: Position Data {'radio_id': 1
13683	14:36:13: Orientation {'radio_id': 1
13684	14:36:13: Position Data {'radio_id': 1
13685	14:36:13: Line Cutter Vars 1 {'radio_id': 1
13686	14:36:13: Line Cutter Vars 5 {'radio_id': 1
13687	14:36:13: Pyro Info {'radio_id': 1
13688	14:36:13: Line Cutter Data 1 {'radio_id': 1
13689	14:36:13: Ground Station GPS {'gs_lat': 44.824641927083334
13690	14:36:13: Orientation {'radio_id': 1
13691	14:36:13: Position Data {'radio_id': 1
13692	14:36:14: Orientation {'radio_id': 1
13693	14:36:14: Orientation {'radio_id': 1
13694	14:36:14: Orientation {'radio_id': 1
13695	14:36:14: Position Data {'radio_id': 1
13696	14:36:14: Pyro Info {'radio_id': 1
13697	14:36:14: Line Cutter Data 1 {'radio_id': 1
13698	14:36:14: Line Cutter Data 5 {'radio_id': 1
13699	14:36:14: Orientation {'radio_id': 1
13700	14:36:14: Position Data {'radio_id': 1
13701	14:36:14: Alt Info & Cfg {'radio_id': 1
13702	14:36:14: Orientation {'radio_id': 1
13703	14:36:14: Position Data {'radio_id': 1
13704	14:36:15: Orientation {'radio_id': 1
13705	14:36:15: Position Data {'radio_id': 1
13706	14:36:15: Orientation {'radio_id': 1
13707	14:36:15: Position Data {'radio_id': 1
13708	14:36:15: Orientation {'radio_id': 1
13709	14:36:15: Position Data {'radio_id': 1
13710	14:36:15: Line Cutter Data 1 {'radio_id': 1
13711	14:36:15: Line Cutter Data 5 {'radio_id': 1
13712	14:36:15: Orientation {'radio_id': 1
13713	14:36:15: Position Data {'radio_id': 1
13714	14:36:15: Ground Station GPS {'gs_lat': 44.824641927083334
13715	14:36:15: Position Data {'radio_id': 1
13716	14:36:16: Orientation {'radio_id': 1
13717	14:36:16: Orientation {'radio_id': 1
13718	14:36:16: Orientation {'radio_id': 1
13719	14:36:16: Pyro Info {'radio_id': 1
13720	14:36:16: Line Cutter Data 1 {'radio_id': 1
13721	14:36:16: Line Cutter Data 5 {'radio_id': 1
13722	14:36:16: Position Data {'radio_id': 1
13723	14:36:16: Orientation {'radio_id': 1
13724	14:36:16: Position Data {'radio_id': 1
13725	14:36:17: Orientation {'radio_id': 1
13726	14:36:17: Position Data {'radio_id': 1
13727	14:36:17: Alt Info & Cfg {'radio_id': 1
13728	14:36:17: Orientation {'radio_id': 1
13729	14:36:17: Position Data {'radio_id': 1
13730	14:36:17: Orientation {'radio_id': 1
13731	14:36:17: Position Data {'radio_id': 1
13732	14:36:17: Pyro Info {'radio_id': 1
13733	14:36:17: Line Cutter Data 5 {'radio_id': 1
13734	14:36:17: Orientation {'radio_id': 1
13735	14:36:17: Position Data {'radio_id': 1
13736	14:36:17: Ground Station GPS {'gs_lat': 44.824641927083334
13737	14:36:17: Orientation {'radio_id': 1
13738	14:36:18: Orientation {'radio_id': 1
13739	14:36:18: Position Data {'radio_id': 1
13740	14:36:18: Orientation {'radio_id': 1
13741	14:36:18: Position Data {'radio_id': 1
13742	14:36:18: Orientation {'radio_id': 1
13743	14:36:18: Position Data {'radio_id': 1
13744	14:36:18: Alt Info & Cfg {'radio_id': 1
13745	14:36:18: Position Data {'radio_id': 1
13746	14:36:18: Pyro Info {'radio_id': 1
13747	14:36:18: Line Cutter Data 5 {'radio_id': 1
13748	14:36:18: Position Data {'radio_id': 1
13749	14:36:19: Orientation {'radio_id': 1
13750	14:36:19: Position Data {'radio_id': 1
13751	14:36:19: Orientation {'radio_id': 1
13752	14:36:19: Position Data {'radio_id': 1
13753	14:36:19: Orientation {'radio_id': 1
13754	14:36:19: Orientation {'radio_id': 1
13755	14:36:19: Pyro Info {'radio_id': 1
13756	14:36:19: Line Cutter Data 1 {'radio_id': 1
13757	14:36:19: Line Cutter Data 5 {'radio_id': 1
13758	14:36:19: Alt Info & Cfg {'radio_id': 1
13759	14:36:19: Orientation {'radio_id': 1
13760	14:36:19: Position Data {'radio_id': 1
13761	14:36:20: Orientation {'radio_id': 1
13762	14:36:20: Position Data {'radio_id': 1
13763	14:36:20: Orientation {'radio_id': 1
13764	14:36:20: Position Data {'radio_id': 1
13765	14:36:20: Orientation {'radio_id': 1
13766	14:36:20: Position Data {'radio_id': 1
13767	14:36:20: Orientation {'radio_id': 1
13768	14:36:20: Position Data {'radio_id': 1
13769	14:36:20: Pyro Info {'radio_id': 1
13770	14:36:20: Line Cutter Data 1 {'radio_id': 1
13771	14:36:20: Line Cutter Data 5 {'radio_id': 1
13772	14:36:20: Position Data {'radio_id': 1
13773	14:36:20: Alt Info & Cfg {'radio_id': 1
13774	14:36:21: Orientation {'radio_id': 1
13775	14:36:21: Position Data {'radio_id': 1
13776	14:36:21: Orientation {'radio_id': 1
13777	14:36:21: Position Data {'radio_id': 1
13778	14:36:21: Orientation {'radio_id': 1
13779	14:36:21: Position Data {'radio_id': 1
13780	14:36:21: Orientation {'radio_id': 1
13781	14:36:21: Position Data {'radio_id': 1
13782	14:36:21: Pyro Info {'radio_id': 1
13783	14:36:21: Line Cutter Data 1 {'radio_id': 1
13784	14:36:21: Line Cutter Data 5 {'radio_id': 1
13785	14:36:21: Orientation {'radio_id': 1
13786	14:36:21: Position Data {'radio_id': 1
13787	14:36:22: Orientation {'radio_id': 1
13788	14:36:22: Alt Info & Cfg {'radio_id': 1
13789	14:36:22: Orientation {'radio_id': 1
13790	14:36:22: Position Data {'radio_id': 1
13791	14:36:22: Orientation {'radio_id': 1
13792	14:36:22: Position Data {'radio_id': 1
13793	14:36:22: Orientation {'radio_id': 1
13794	14:36:22: Position Data {'radio_id': 1
13795	14:36:22: Pyro Info {'radio_id': 1
13796	14:36:22: Line Cutter Data 1 {'radio_id': 1
13797	14:36:22: Line Cutter Data 5 {'radio_id': 1
13798	14:36:22: Position Data {'radio_id': 1
13799	14:36:23: Orientation {'radio_id': 1
13800	14:36:23: Position Data {'radio_id': 1
13801	14:36:23: Orientation {'radio_id': 1
13802	14:36:23: Position Data {'radio_id': 1
13803	14:36:23: Orientation {'radio_id': 1
13804	14:36:23: Alt Info & Cfg {'radio_id': 1
13805	14:36:23: Line Cutter Vars 5 {'radio_id': 1
13806	14:36:23: Orientation {'radio_id': 1
13807	14:36:23: Position Data {'radio_id': 1
13808	14:36:23: Pyro Info {'radio_id': 1
13809	14:36:23: Ground Station GPS {'gs_lat': 44.824641927083334
13810	14:36:23: Line Cutter Data 5 {'radio_id': 1
13811	14:36:23: Position Data {'radio_id': 1
13812	14:36:24: Orientation {'radio_id': 1
13813	14:36:24: Position Data {'radio_id': 1
13814	14:36:24: Orientation {'radio_id': 1
13815	14:36:24: Position Data {'radio_id': 1
13816	14:36:24: Orientation {'radio_id': 1
13817	14:36:24: Position Data {'radio_id': 1
13818	14:36:24: Orientation {'radio_id': 1
13819	14:36:24: Position Data {'radio_id': 1
13820	14:36:24: Pyro Info {'radio_id': 1
13821	14:36:24: Line Cutter Data 5 {'radio_id': 1
13822	14:36:24: Orientation {'radio_id': 1
13823	14:36:24: Position Data {'radio_id': 1
13824	14:36:25: Orientation {'radio_id': 1
13825	14:36:25: Position Data {'radio_id': 1
13826	14:36:25: Orientation {'radio_id': 1
13827	14:36:25: Position Data {'radio_id': 1
13828	14:36:25: Orientation {'radio_id': 1
13829	14:36:25: Position Data {'radio_id': 1
13830	14:36:25: Orientation {'radio_id': 1
13831	14:36:25: Position Data {'radio_id': 1
13832	14:36:25: Pyro Info {'radio_id': 1
13833	14:36:25: Line Cutter Data 5 {'radio_id': 1
13834	14:36:25: Orientation {'radio_id': 1
13835	14:36:25: Alt Info & Cfg {'radio_id': 1
13836	14:36:26: Orientation {'radio_id': 1
13837	14:36:26: Orientation {'radio_id': 1
13838	14:36:26: Position Data {'radio_id': 1
13839	14:36:26: Orientation {'radio_id': 1
13840	14:36:26: Position Data {'radio_id': 1
13841	14:36:26: Orientation {'radio_id': 1
13842	14:36:26: Position Data {'radio_id': 1
13843	14:36:26: Pyro Info {'radio_id': 1
13844	14:36:26: Line Cutter Data 1 {'radio_id': 1
13845	14:36:26: Line Cutter Data 5 {'radio_id': 1
13846	14:36:26: Orientation {'radio_id': 1
13847	14:36:26: Position Data {'radio_id': 1
13848	14:36:27: Orientation {'radio_id': 1
13849	14:36:27: Position Data {'radio_id': 1
13850	14:36:27: Alt Info & Cfg {'radio_id': 1
13851	14:36:27: Orientation {'radio_id': 1
13852	14:36:27: Position Data {'radio_id': 1
13853	14:36:27: Orientation {'radio_id': 1
13854	14:36:27: Position Data {'radio_id': 1
13855	14:36:27: Orientation {'radio_id': 1
13856	14:36:27: Position Data {'radio_id': 1
13857	14:36:27: Pyro Info {'radio_id': 1
13858	14:36:27: Line Cutter Data 1 {'radio_id': 1
13859	14:36:27: Orientation {'radio_id': 1
13860	14:36:27: Position Data {'radio_id': 1
13861	14:36:28: Orientation {'radio_id': 1
13862	14:36:28: Position Data {'radio_id': 1
13863	14:36:28: Orientation {'radio_id': 1
13864	14:36:28: Position Data {'radio_id': 1
13865	14:36:28: Alt Info & Cfg {'radio_id': 1
13866	14:36:28: Orientation {'radio_id': 1
13867	14:36:28: Position Data {'radio_id': 1
13868	14:36:28: Orientation {'radio_id': 1
13869	14:36:28: Position Data {'radio_id': 1
13870	14:36:28: Pyro Info {'radio_id': 1
13871	14:36:28: Line Cutter Data 1 {'radio_id': 1
13872	14:36:28: Orientation {'radio_id': 1
13873	14:36:28: Position Data {'radio_id': 1
13874	14:36:29: Orientation {'radio_id': 1
13875	14:36:29: Position Data {'radio_id': 1
13876	14:36:29: Orientation {'radio_id': 1
13877	14:36:29: Position Data {'radio_id': 1
13878	14:36:29: Orientation {'radio_id': 1
13879	14:36:29: Position Data {'radio_id': 1
13880	14:36:29: Orientation {'radio_id': 1
13881	14:36:29: Position Data {'radio_id': 1
13882	14:36:29: Alt Info & Cfg {'radio_id': 1
13883	14:36:29: Ground Station GPS {'gs_lat': 44.824641927083334
13884	14:36:29: Position Data {'radio_id': 1
13885	14:36:29: Pyro Info {'radio_id': 1
13886	14:36:30: Line Cutter Data 5 {'radio_id': 1
13887	14:36:30: Position Data {'radio_id': 1
13888	14:36:30: Orientation {'radio_id': 1
13889	14:36:30: Position Data {'radio_id': 1
13890	14:36:30: Orientation {'radio_id': 1
13891	14:36:30: Orientation {'radio_id': 1
13892	14:36:30: Orientation {'radio_id': 1
13893	14:36:30: Pyro Info {'radio_id': 1
13894	14:36:30: Line Cutter Data 1 {'radio_id': 1
13895	14:36:31: Line Cutter Data 5 {'radio_id': 1
13896	14:36:31: Alt Info & Cfg {'radio_id': 1
13897	14:36:31: Position Data {'radio_id': 1
13898	14:36:31: Orientation {'radio_id': 1
13899	14:36:31: Orientation {'radio_id': 1
13900	14:36:31: Position Data {'radio_id': 1
13901	14:36:31: Orientation {'radio_id': 1
13902	14:36:31: Position Data {'radio_id': 1
13903	14:36:31: Ground Station GPS {'gs_lat': 44.824641927083334
13904	14:36:31: Position Data {'radio_id': 1
13905	14:36:31: Pyro Info {'radio_id': 1
13906	14:36:31: Line Cutter Data 1 {'radio_id': 1
13907	14:36:32: Orientation {'radio_id': 1
13908	14:36:32: Position Data {'radio_id': 1
13909	14:36:32: Orientation {'radio_id': 1
13910	14:36:32: Position Data {'radio_id': 1
13911	14:36:32: Orientation {'radio_id': 1
13912	14:36:32: Orientation {'radio_id': 1
13913	14:36:32: Orientation {'radio_id': 1
13914	14:36:32: Position Data {'radio_id': 1
13915	14:36:32: Pyro Info {'radio_id': 1
13916	14:36:33: Line Cutter Data 1 {'radio_id': 1
13917	14:36:33: Line Cutter Data 5 {'radio_id': 1
13918	14:36:33: Position Data {'radio_id': 1
13919	14:36:33: Orientation {'radio_id': 1
13920	14:36:33: Position Data {'radio_id': 1
13921	14:36:33: Alt Info & Cfg {'radio_id': 1
13922	14:36:33: Orientation {'radio_id': 1
13923	14:36:33: Line Cutter Vars 1 {'radio_id': 1
13924	14:36:33: Line Cutter Vars 5 {'radio_id': 1
13925	14:36:33: Position Data {'radio_id': 1
13926	14:36:33: Orientation {'radio_id': 1
13927	14:36:33: Position Data {'radio_id': 1
13928	14:36:33: Pyro Info {'radio_id': 1
13929	14:36:34: Line Cutter Data 1 {'radio_id': 1
13930	14:36:34: Orientation {'radio_id': 1
13931	14:36:34: Position Data {'radio_id': 1
13932	14:36:34: Orientation {'radio_id': 1
13933	14:36:34: Position Data {'radio_id': 1
13934	14:36:34: Orientation {'radio_id': 1
13935	14:36:34: Position Data {'radio_id': 1
13936	14:36:34: Alt Info & Cfg {'radio_id': 1
13937	14:36:34: Orientation {'radio_id': 1
13938	14:36:34: Position Data {'radio_id': 1
13939	14:36:34: Orientation {'radio_id': 1
13940	14:36:34: Position Data {'radio_id': 1
13941	14:36:34: Pyro Info {'radio_id': 1
13942	14:36:34: Line Cutter Data 1 {'radio_id': 1
13943	14:36:35: Line Cutter Data 5 {'radio_id': 1
13944	14:36:35: Orientation {'radio_id': 1
13945	14:36:35: Position Data {'radio_id': 1
13946	14:36:35: Orientation {'radio_id': 1
13947	14:36:35: Position Data {'radio_id': 1
13948	14:36:35: Orientation {'radio_id': 1
13949	14:36:35: Orientation {'radio_id': 1
13950	14:36:35: Position Data {'radio_id': 1
13951	14:36:35: Orientation {'radio_id': 1
13952	14:36:35: Alt Info & Cfg {'radio_id': 1
13953	14:36:35: Pyro Info {'radio_id': 1
13954	14:36:36: Line Cutter Data 1 {'radio_id': 1
13955	14:36:36: Line Cutter Data 5 {'radio_id': 1
13956	14:36:36: Orientation {'radio_id': 1
13957	14:36:36: Position Data {'radio_id': 1
13958	14:36:36: Orientation {'radio_id': 1
13959	14:36:36: Position Data {'radio_id': 1
13960	14:36:36: Orientation {'radio_id': 1
13961	14:36:36: Position Data {'radio_id': 1
13962	14:36:36: Orientation {'radio_id': 1
13963	14:36:36: Position Data {'radio_id': 1
13964	14:36:36: Orientation {'radio_id': 1
13965	14:36:36: Position Data {'radio_id': 1
13966	14:36:36: Pyro Info {'radio_id': 1
13967	14:36:36: Line Cutter Data 1 {'radio_id': 1
13968	14:36:37: Line Cutter Data 5 {'radio_id': 1
13969	14:36:37: Orientation {'radio_id': 1
13970	14:36:37: Position Data {'radio_id': 1
13971	14:36:37: Orientation {'radio_id': 1
13972	14:36:37: Orientation {'radio_id': 1
13973	14:36:37: Orientation {'radio_id': 1
13974	14:36:37: Position Data {'radio_id': 1
13975	14:36:37: Orientation {'radio_id': 1
13976	14:36:37: Pyro Info {'radio_id': 1
13977	14:36:38: Line Cutter Data 1 {'radio_id': 1
13978	14:36:38: Line Cutter Data 5 {'radio_id': 1
13979	14:36:38: Orientation {'radio_id': 1
13980	14:36:38: Orientation {'radio_id': 1
13981	14:36:38: Position Data {'radio_id': 1
13982	14:36:38: Alt Info & Cfg {'radio_id': 1
13983	14:36:38: Orientation {'radio_id': 1
13984	14:36:38: Position Data {'radio_id': 1
13985	14:36:38: Orientation {'radio_id': 1
13986	14:36:38: Position Data {'radio_id': 1
13987	14:36:38: Orientation {'radio_id': 1
13988	14:36:38: Position Data {'radio_id': 1
13989	14:36:38: Line Cutter Data 1 {'radio_id': 1
13990	14:36:39: Line Cutter Data 5 {'radio_id': 1
13991	14:36:39: Position Data {'radio_id': 1
13992	14:36:39: Orientation {'radio_id': 1
13993	14:36:39: Orientation {'radio_id': 1
13994	14:36:39: Alt Info & Cfg {'radio_id': 1
13995	14:36:39: Orientation {'radio_id': 1
13996	14:36:39: Position Data {'radio_id': 1
13997	14:36:39: Orientation {'radio_id': 1
13998	14:36:39: Pyro Info {'radio_id': 1
13999	14:36:40: Line Cutter Data 5 {'radio_id': 1
14000	14:36:40: Orientation {'radio_id': 1
14001	14:36:40: Position Data {'radio_id': 1
14002	14:36:40: Orientation {'radio_id': 1
14003	14:36:40: Orientation {'radio_id': 1
14004	14:36:40: Orientation {'radio_id': 1
14005	14:36:40: Position Data {'radio_id': 1
14006	14:36:40: Alt Info & Cfg {'radio_id': 1
14007	14:36:40: Orientation {'radio_id': 1
14008	14:36:40: Pyro Info {'radio_id': 1
14009	14:36:40: Line Cutter Data 1 {'radio_id': 1
14010	14:36:41: Line Cutter Data 5 {'radio_id': 1
14011	14:36:41: Orientation {'radio_id': 1
14012	14:36:41: Position Data {'radio_id': 1
14013	14:36:41: Orientation {'radio_id': 1
14014	14:36:41: Position Data {'radio_id': 1
14015	14:36:41: Orientation {'radio_id': 1
14016	14:36:41: Position Data {'radio_id': 1
14017	14:36:41: Orientation {'radio_id': 1
14018	14:36:41: Position Data {'radio_id': 1
14019	14:36:41: Orientation {'radio_id': 1
14020	14:36:41: Ground Station GPS {'gs_lat': 44.824641927083334
14021	14:36:41: Pyro Info {'radio_id': 1
14022	14:36:42: Line Cutter Data 1 {'radio_id': 1
14023	14:36:42: Orientation {'radio_id': 1
14024	14:36:42: Alt Info & Cfg {'radio_id': 1
14025	14:36:42: Orientation {'radio_id': 1
14026	14:36:42: Position Data {'radio_id': 1
14027	14:36:42: Orientation {'radio_id': 1
14028	14:36:42: Position Data {'radio_id': 1
14029	14:36:42: Orientation {'radio_id': 1
14030	14:36:42: Position Data {'radio_id': 1
14031	14:36:42: Orientation {'radio_id': 1
14032	14:36:42: Position Data {'radio_id': 1
14033	14:36:42: Pyro Info {'radio_id': 1
14034	14:36:43: Line Cutter Data 5 {'radio_id': 1
14035	14:36:43: Position Data {'radio_id': 1
14036	14:36:43: Orientation {'radio_id': 1
14037	14:36:43: Alt Info & Cfg {'radio_id': 1
14038	14:36:43: Orientation {'radio_id': 1
14039	14:36:43: Position Data {'radio_id': 1
14040	14:36:43: Line Cutter Vars 5 {'radio_id': 1
14041	14:36:43: Orientation {'radio_id': 1
14042	14:36:43: Position Data {'radio_id': 1
14043	14:36:43: Orientation {'radio_id': 1
14044	14:36:43: Position Data {'radio_id': 1
14045	14:36:44: Orientation {'radio_id': 1
14046	14:36:44: Position Data {'radio_id': 1
14047	14:36:44: Pyro Info {'radio_id': 1
14048	14:36:44: Line Cutter Data 1 {'radio_id': 1
14049	14:36:44: Line Cutter Data 5 {'radio_id': 1
14050	14:36:44: Position Data {'radio_id': 1
14051	14:36:44: Orientation {'radio_id': 1
14052	14:36:44: Position Data {'radio_id': 1
14053	14:36:44: Alt Info & Cfg {'radio_id': 1
14054	14:36:44: Orientation {'radio_id': 1
14055	14:36:44: Position Data {'radio_id': 1
14056	14:36:44: Orientation {'radio_id': 1
14057	14:36:45: Orientation {'radio_id': 1
14058	14:36:45: Position Data {'radio_id': 1
14059	14:36:45: Pyro Info {'radio_id': 1
14060	14:36:45: Line Cutter Data 1 {'radio_id': 1
14061	14:36:45: Line Cutter Data 5 {'radio_id': 1
14062	14:36:45: Orientation {'radio_id': 1
14063	14:36:45: Orientation {'radio_id': 1
14064	14:36:45: Position Data {'radio_id': 1
14065	14:36:45: Orientation {'radio_id': 1
14066	14:36:45: Position Data {'radio_id': 1
14067	14:36:45: Alt Info & Cfg {'radio_id': 1
14068	14:36:45: Orientation {'radio_id': 1
14069	14:36:45: Position Data {'radio_id': 1
14070	14:36:46: Orientation {'radio_id': 1
14071	14:36:46: Position Data {'radio_id': 1
14072	14:36:46: Pyro Info {'radio_id': 1
14073	14:36:46: Line Cutter Data 5 {'radio_id': 1
14074	14:36:46: Position Data {'radio_id': 1
14075	14:36:46: Orientation {'radio_id': 1
14076	14:36:46: Position Data {'radio_id': 1
14077	14:36:46: Orientation {'radio_id': 1
14078	14:36:46: Position Data {'radio_id': 1
14079	14:36:46: Orientation {'radio_id': 1
14080	14:36:46: Alt Info & Cfg {'radio_id': 1
14081	14:36:47: Orientation {'radio_id': 1
14082	14:36:47: Position Data {'radio_id': 1
14083	14:36:47: Line Cutter Data 1 {'radio_id': 1
14084	14:36:47: Line Cutter Data 5 {'radio_id': 1
14085	14:36:47: Orientation {'radio_id': 1
14086	14:36:47: Position Data {'radio_id': 1
14087	14:36:47: Orientation {'radio_id': 1
14088	14:36:47: Position Data {'radio_id': 1
14089	14:36:47: Orientation {'radio_id': 1
14090	14:36:47: Position Data {'radio_id': 1
14091	14:36:47: Orientation {'radio_id': 1
14092	14:36:47: Position Data {'radio_id': 1
14093	14:36:48: Orientation {'radio_id': 1
14094	14:36:48: Pyro Info {'radio_id': 1
14095	14:36:48: Line Cutter Data 5 {'radio_id': 1
14096	14:36:48: Orientation {'radio_id': 1
14097	14:36:48: Position Data {'radio_id': 1
14098	14:36:48: Alt Info & Cfg {'radio_id': 1
14099	14:36:48: Orientation {'radio_id': 1
14100	14:36:48: Position Data {'radio_id': 1
14101	14:36:48: Orientation {'radio_id': 1
14102	14:36:48: Orientation {'radio_id': 1
14103	14:36:49: Orientation {'radio_id': 1
14104	14:36:49: Position Data {'radio_id': 1
14105	14:36:49: Pyro Info {'radio_id': 1
14106	14:36:49: Line Cutter Data 1 {'radio_id': 1
14107	14:36:49: Line Cutter Data 5 {'radio_id': 1
14108	14:36:49: Orientation {'radio_id': 1
14109	14:36:49: Orientation {'radio_id': 1
14110	14:36:49: Alt Info & Cfg {'radio_id': 1
14111	14:36:49: Orientation {'radio_id': 1
14112	14:36:49: Position Data {'radio_id': 1
14113	14:36:49: Orientation {'radio_id': 1
14114	14:36:49: Ground Station GPS {'gs_lat': 44.824641927083334
14115	14:36:49: Position Data {'radio_id': 1
14116	14:36:50: Orientation {'radio_id': 1
14117	14:36:50: Position Data {'radio_id': 1
14118	14:36:50: Line Cutter Data 1 {'radio_id': 1
14119	14:36:50: Orientation {'radio_id': 1
14120	14:36:50: Position Data {'radio_id': 1
14121	14:36:50: Orientation {'radio_id': 1
14122	14:36:50: Position Data {'radio_id': 1
14123	14:36:50: Orientation {'radio_id': 1
14124	14:36:50: Position Data {'radio_id': 1
14125	14:36:50: Alt Info & Cfg {'radio_id': 1
14126	14:36:50: Orientation {'radio_id': 1
14127	14:36:50: Position Data {'radio_id': 1
14128	14:36:51: Orientation {'radio_id': 1
14129	14:36:51: Position Data {'radio_id': 1
14130	14:36:51: Pyro Info {'radio_id': 1
14131	14:36:51: Line Cutter Data 5 {'radio_id': 1
14132	14:36:51: Orientation {'radio_id': 1
14133	14:36:51: Position Data {'radio_id': 1
14134	14:36:51: Orientation {'radio_id': 1
14135	14:36:51: Position Data {'radio_id': 1
14136	14:36:51: Orientation {'radio_id': 1
14137	14:36:51: Position Data {'radio_id': 1
14138	14:36:51: Orientation {'radio_id': 1
14139	14:36:51: Ground Station GPS {'gs_lat': 44.824641927083334
14140	14:36:51: Position Data {'radio_id': 1
14141	14:36:52: Orientation {'radio_id': 1
14142	14:36:52: Position Data {'radio_id': 1
14143	14:36:52: Line Cutter Data 1 {'radio_id': 1
14144	14:36:52: Line Cutter Data 5 {'radio_id': 1
14145	14:36:52: Orientation {'radio_id': 1
14146	14:36:52: Position Data {'radio_id': 1
14147	14:36:52: Orientation {'radio_id': 1
14148	14:36:52: Position Data {'radio_id': 1
14149	14:36:52: Orientation {'radio_id': 1
14150	14:36:52: Orientation {'radio_id': 1
14151	14:36:53: Orientation {'radio_id': 1
14152	14:36:53: Pyro Info {'radio_id': 1
14153	14:36:53: Line Cutter Data 5 {'radio_id': 1
14154	14:36:53: Orientation {'radio_id': 1
14155	14:36:53: Position Data {'radio_id': 1
14156	14:36:53: Orientation {'radio_id': 1
14157	14:36:53: Position Data {'radio_id': 1
14158	14:36:53: Line Cutter Vars 1 {'radio_id': 1
14159	14:36:53: Orientation {'radio_id': 1
14160	14:36:53: Orientation {'radio_id': 1
14161	14:36:53: Position Data {'radio_id': 1
14162	14:36:54: Orientation {'radio_id': 1
14163	14:36:54: Pyro Info {'radio_id': 1
14164	14:36:54: Line Cutter Data 1 {'radio_id': 1
14165	14:36:54: Line Cutter Data 5 {'radio_id': 1
14166	14:36:54: Orientation {'radio_id': 1
14167	14:36:54: Orientation {'radio_id': 1
14168	14:36:54: Position Data {'radio_id': 1
14169	14:36:54: Alt Info & Cfg {'radio_id': 1
14170	14:36:54: Orientation {'radio_id': 1
14171	14:36:54: Position Data {'radio_id': 1
14172	14:36:54: Orientation {'radio_id': 1
14173	14:36:55: Orientation {'radio_id': 1
14174	14:36:55: Position Data {'radio_id': 1
14175	14:36:55: Pyro Info {'radio_id': 1
14176	14:36:55: Line Cutter Data 5 {'radio_id': 1
14177	14:36:55: Position Data {'radio_id': 1
14178	14:36:55: Orientation {'radio_id': 1
14179	14:36:55: Orientation {'radio_id': 1
14180	14:36:55: Position Data {'radio_id': 1
14181	14:36:55: Alt Info & Cfg {'radio_id': 1
14182	14:36:55: Orientation {'radio_id': 1
14183	14:36:55: Ground Station GPS {'gs_lat': 44.824641927083334
14184	14:36:56: Orientation {'radio_id': 1
14185	14:36:56: Position Data {'radio_id': 1
14186	14:36:56: Orientation {'radio_id': 1
14187	14:36:56: Position Data {'radio_id': 1
14188	14:36:56: Pyro Info {'radio_id': 1
14189	14:36:56: Line Cutter Data 1 {'radio_id': 1
14190	14:36:56: Orientation {'radio_id': 1
14191	14:36:56: Position Data {'radio_id': 1
14192	14:36:56: Orientation {'radio_id': 1
14193	14:36:57: Position Data {'radio_id': 1
14194	14:36:57: Orientation {'radio_id': 1
14195	14:36:57: Position Data {'radio_id': 1
14196	14:36:57: Alt Info & Cfg {'radio_id': 1
14197	14:36:57: Orientation {'radio_id': 1
14198	14:36:57: Position Data {'radio_id': 1
14199	14:36:57: Line Cutter Data 1 {'radio_id': 1
14200	14:36:57: Line Cutter Data 5 {'radio_id': 1
14201	14:36:57: Orientation {'radio_id': 1
14202	14:36:57: Position Data {'radio_id': 1
14203	14:36:57: Orientation {'radio_id': 1
14204	14:36:57: Orientation {'radio_id': 1
14205	14:36:58: Orientation {'radio_id': 1
14206	14:36:58: Position Data {'radio_id': 1
14207	14:36:58: Orientation {'radio_id': 1
14208	14:36:58: Position Data {'radio_id': 1
14209	14:36:58: Pyro Info {'radio_id': 1
14210	14:36:58: Line Cutter Data 1 {'radio_id': 1
14211	14:36:58: Alt Info & Cfg {'radio_id': 1
14212	14:36:58: Orientation {'radio_id': 1
14213	14:36:58: Orientation {'radio_id': 1
14214	14:36:58: Position Data {'radio_id': 1
14215	14:36:58: Orientation {'radio_id': 1
14216	14:36:58: Position Data {'radio_id': 1
14217	14:36:59: Orientation {'radio_id': 1
14218	14:36:59: Pyro Info {'radio_id': 1
14219	14:36:59: Line Cutter Data 1 {'radio_id': 1
14220	14:36:59: Line Cutter Data 5 {'radio_id': 1
14221	14:36:59: Orientation {'radio_id': 1
14222	14:36:59: Position Data {'radio_id': 1
14223	14:36:59: Orientation {'radio_id': 1
14224	14:36:59: Position Data {'radio_id': 1
14225	14:36:59: Alt Info & Cfg {'radio_id': 1
14226	14:36:59: Orientation {'radio_id': 1
14227	14:37:00: Orientation {'radio_id': 1
14228	14:37:00: Position Data {'radio_id': 1
14229	14:37:00: Orientation {'radio_id': 1
14230	14:37:00: Pyro Info {'radio_id': 1
14231	14:37:00: Line Cutter Data 1 {'radio_id': 1
14232	14:37:00: Line Cutter Data 5 {'radio_id': 1
14233	14:37:00: Orientation {'radio_id': 1
14234	14:37:00: Position Data {'radio_id': 1
14235	14:37:00: Orientation {'radio_id': 1
14236	14:37:00: Position Data {'radio_id': 1
14237	14:37:00: Orientation {'radio_id': 1
14238	14:37:00: Position Data {'radio_id': 1
14239	14:37:00: Alt Info & Cfg {'radio_id': 1
14240	14:37:01: Orientation {'radio_id': 1
14241	14:37:01: Orientation {'radio_id': 1
14242	14:37:01: Position Data {'radio_id': 1
14243	14:37:01: Pyro Info {'radio_id': 1
14244	14:37:01: Line Cutter Data 1 {'radio_id': 1
14245	14:37:01: Line Cutter Data 5 {'radio_id': 1
14246	14:37:01: Orientation {'radio_id': 1
14247	14:37:01: Position Data {'radio_id': 1
14248	14:37:01: Orientation {'radio_id': 1
14249	14:37:01: Orientation {'radio_id': 1
14250	14:37:02: Orientation {'radio_id': 1
14251	14:37:02: Position Data {'radio_id': 1
14252	14:37:02: Alt Info & Cfg {'radio_id': 1
14253	14:37:02: Orientation {'radio_id': 1
14254	14:37:02: Pyro Info {'radio_id': 1
14255	14:37:02: Line Cutter Data 1 {'radio_id': 1
14256	14:37:02: Orientation {'radio_id': 1
14257	14:37:02: Position Data {'radio_id': 1
14258	14:37:02: Orientation {'radio_id': 1
14259	14:37:02: Position Data {'radio_id': 1
14260	14:37:02: Orientation {'radio_id': 1
14261	14:37:02: Position Data {'radio_id': 1
14262	14:37:03: Orientation {'radio_id': 1
14263	14:37:03: Position Data {'radio_id': 1
14264	14:37:03: Orientation {'radio_id': 1
14265	14:37:03: Position Data {'radio_id': 1
14266	14:37:03: Pyro Info {'radio_id': 1
14267	14:37:03: Line Cutter Data 1 {'radio_id': 1
14268	14:37:03: Line Cutter Data 5 {'radio_id': 1
14269	14:37:03: Alt Info & Cfg {'radio_id': 1
14270	14:37:03: Orientation {'radio_id': 1
14271	14:37:03: Position Data {'radio_id': 1
14272	14:37:03: Line Cutter Vars 1 {'radio_id': 1
14273	14:37:03: Orientation {'radio_id': 1
14274	14:37:03: Position Data {'radio_id': 1
14275	14:37:03: Orientation {'radio_id': 1
14276	14:37:03: Position Data {'radio_id': 1
14277	14:37:04: Orientation {'radio_id': 1
14278	14:37:04: Position Data {'radio_id': 1
14279	14:37:04: Orientation {'radio_id': 1
14280	14:37:04: Position Data {'radio_id': 1
14281	14:37:04: Line Cutter Data 1 {'radio_id': 1
14282	14:37:04: Line Cutter Data 5 {'radio_id': 1
14283	14:37:04: Orientation {'radio_id': 1
14284	14:37:04: Position Data {'radio_id': 1
14285	14:37:04: Orientation {'radio_id': 1
14286	14:37:04: Position Data {'radio_id': 1
14287	14:37:04: Alt Info & Cfg {'radio_id': 1
14288	14:37:04: Orientation {'radio_id': 1
14289	14:37:04: Position Data {'radio_id': 1
14290	14:37:05: Orientation {'radio_id': 1
14291	14:37:05: Position Data {'radio_id': 1
14292	14:37:05: Orientation {'radio_id': 1
14293	14:37:05: Position Data {'radio_id': 1
14294	14:37:05: Pyro Info {'radio_id': 1
14295	14:37:05: Line Cutter Data 5 {'radio_id': 1
14296	14:37:05: Position Data {'radio_id': 1
14297	14:37:05: Orientation {'radio_id': 1
14298	14:37:05: Position Data {'radio_id': 1
14299	14:37:05: Orientation {'radio_id': 1
14300	14:37:05: Position Data {'radio_id': 1
14301	14:37:05: Alt Info & Cfg {'radio_id': 1
14302	14:37:06: Orientation {'radio_id': 1
14303	14:37:06: Orientation {'radio_id': 1
14304	14:37:06: Pyro Info {'radio_id': 1
14305	14:37:06: Line Cutter Data 5 {'radio_id': 1
14306	14:37:06: Orientation {'radio_id': 1
14307	14:37:06: Position Data {'radio_id': 1
14308	14:37:06: Orientation {'radio_id': 1
14309	14:37:06: Position Data {'radio_id': 1
14310	14:37:06: Orientation {'radio_id': 1
14311	14:37:06: Position Data {'radio_id': 1
14312	14:37:07: Orientation {'radio_id': 1
14313	14:37:07: Position Data {'radio_id': 1
14314	14:37:07: Alt Info & Cfg {'radio_id': 1
14315	14:37:07: Orientation {'radio_id': 1
14316	14:37:07: Position Data {'radio_id': 1
14317	14:37:07: Line Cutter Data 1 {'radio_id': 1
14318	14:37:07: Line Cutter Data 5 {'radio_id': 1
14319	14:37:07: Orientation {'radio_id': 1
14320	14:37:07: Position Data {'radio_id': 1
14321	14:37:07: Orientation {'radio_id': 1
14322	14:37:07: Position Data {'radio_id': 1
14323	14:37:07: Orientation {'radio_id': 1
14324	14:37:07: Position Data {'radio_id': 1
14325	14:37:07: Ground Station GPS {'gs_lat': 44.824641927083334
14326	14:37:08: Position Data {'radio_id': 1
14327	14:37:08: Orientation {'radio_id': 1
14328	14:37:08: Alt Info & Cfg {'radio_id': 1
14329	14:37:08: Orientation {'radio_id': 1
14330	14:37:08: Pyro Info {'radio_id': 1
14331	14:37:08: Line Cutter Data 5 {'radio_id': 1
14332	14:37:08: Orientation {'radio_id': 1
14333	14:37:08: Position Data {'radio_id': 1
14334	14:37:08: Orientation {'radio_id': 1
14335	14:37:08: Position Data {'radio_id': 1
14336	14:37:09: Orientation {'radio_id': 1
14337	14:37:09: Position Data {'radio_id': 1
14338	14:37:09: Orientation {'radio_id': 1
14339	14:37:09: Position Data {'radio_id': 1
14340	14:37:09: Orientation {'radio_id': 1
14341	14:37:09: Position Data {'radio_id': 1
14342	14:37:09: Pyro Info {'radio_id': 1
14343	14:37:09: Line Cutter Data 1 {'radio_id': 1
14344	14:37:09: Line Cutter Data 5 {'radio_id': 1
14345	14:37:09: Alt Info & Cfg {'radio_id': 1
14346	14:37:09: Orientation {'radio_id': 1
14347	14:37:09: Position Data {'radio_id': 1
14348	14:37:09: Orientation {'radio_id': 1
14349	14:37:09: Position Data {'radio_id': 1
14350	14:37:09: Ground Station GPS {'gs_lat': 44.824641927083334
14351	14:37:10: Orientation {'radio_id': 1
14352	14:37:10: Position Data {'radio_id': 1
14353	14:37:10: Orientation {'radio_id': 1
14354	14:37:10: Position Data {'radio_id': 1
14355	14:37:10: Orientation {'radio_id': 1
14356	14:37:10: Position Data {'radio_id': 1
14357	14:37:10: Pyro Info {'radio_id': 1
14358	14:37:10: Line Cutter Data 1 {'radio_id': 1
14359	14:37:10: Orientation {'radio_id': 1
14360	14:37:10: Position Data {'radio_id': 1
14361	14:37:10: Orientation {'radio_id': 1
14362	14:37:10: Position Data {'radio_id': 1
14363	14:37:11: Orientation {'radio_id': 1
14364	14:37:11: Orientation {'radio_id': 1
14365	14:37:11: Position Data {'radio_id': 1
14366	14:37:11: Orientation {'radio_id': 1
14367	14:37:11: Position Data {'radio_id': 1
14368	14:37:11: Pyro Info {'radio_id': 1
14369	14:37:11: Line Cutter Data 1 {'radio_id': 1
14370	14:37:11: Line Cutter Data 5 {'radio_id': 1
14371	14:37:11: Orientation {'radio_id': 1
14372	14:37:11: Orientation {'radio_id': 1
14373	14:37:12: Orientation {'radio_id': 1
14374	14:37:12: Alt Info & Cfg {'radio_id': 1
14375	14:37:12: Orientation {'radio_id': 1
14376	14:37:12: Orientation {'radio_id': 1
14377	14:37:12: Position Data {'radio_id': 1
14378	14:37:12: Pyro Info {'radio_id': 1
14379	14:37:12: Line Cutter Data 1 {'radio_id': 1
14380	14:37:12: Line Cutter Data 5 {'radio_id': 1
14381	14:37:12: Orientation {'radio_id': 1
14382	14:37:12: Position Data {'radio_id': 1
14383	14:37:12: Orientation {'radio_id': 1
14384	14:37:13: Orientation {'radio_id': 1
14385	14:37:13: Orientation {'radio_id': 1
14386	14:37:13: Position Data {'radio_id': 1
14387	14:37:13: Orientation {'radio_id': 1
14388	14:37:13: Position Data {'radio_id': 1
14389	14:37:13: Line Cutter Vars 5 {'radio_id': 1
14390	14:37:13: Pyro Info {'radio_id': 1
14391	14:37:13: Line Cutter Data 1 {'radio_id': 1
14392	14:37:13: Line Cutter Data 5 {'radio_id': 1
14393	14:37:13: Orientation {'radio_id': 1
14394	14:37:13: Position Data {'radio_id': 1
14395	14:37:13: Orientation {'radio_id': 1
14396	14:37:13: Position Data {'radio_id': 1
14397	14:37:14: Orientation {'radio_id': 1
14398	14:37:14: Position Data {'radio_id': 1
14399	14:37:14: Orientation {'radio_id': 1
14400	14:37:14: Position Data {'radio_id': 1
14401	14:37:14: Orientation {'radio_id': 1
14402	14:37:14: Position Data {'radio_id': 1
14403	14:37:14: Pyro Info {'radio_id': 1
14404	14:37:14: Line Cutter Data 5 {'radio_id': 1
14405	14:37:14: Alt Info & Cfg {'radio_id': 1
14406	14:37:14: Orientation {'radio_id': 1
14407	14:37:14: Position Data {'radio_id': 1
14408	14:37:15: Orientation {'radio_id': 1
14409	14:37:15: Position Data {'radio_id': 1
14410	14:37:15: Orientation {'radio_id': 1
14411	14:37:15: Position Data {'radio_id': 1
14412	14:37:15: Orientation {'radio_id': 1
14413	14:37:15: Position Data {'radio_id': 1
14414	14:37:15: Pyro Info {'radio_id': 1
14415	14:37:15: Line Cutter Data 1 {'radio_id': 1
14416	14:37:15: Orientation {'radio_id': 1
14417	14:37:15: Position Data {'radio_id': 1
14418	14:37:15: Alt Info & Cfg {'radio_id': 1
14419	14:37:15: Orientation {'radio_id': 1
14420	14:37:15: Position Data {'radio_id': 1
14421	14:37:15: Ground Station GPS {'gs_lat': 44.824641927083334
14422	14:37:16: Orientation {'radio_id': 1
14423	14:37:16: Orientation {'radio_id': 1
14424	14:37:16: Position Data {'radio_id': 1
14425	14:37:16: Orientation {'radio_id': 1
14426	14:37:16: Position Data {'radio_id': 1
14427	14:37:16: Pyro Info {'radio_id': 1
14428	14:37:16: Line Cutter Data 5 {'radio_id': 1
14429	14:37:16: Orientation {'radio_id': 1
14430	14:37:16: Position Data {'radio_id': 1
14431	14:37:16: Orientation {'radio_id': 1
14432	14:37:17: Orientation {'radio_id': 1
14433	14:37:17: Alt Info & Cfg {'radio_id': 1
14434	14:37:17: Orientation {'radio_id': 1
14435	14:37:17: Position Data {'radio_id': 1
14436	14:37:17: Orientation {'radio_id': 1
14437	14:37:17: Pyro Info {'radio_id': 1
14438	14:37:17: Line Cutter Data 5 {'radio_id': 1
14439	14:37:17: Orientation {'radio_id': 1
14440	14:37:17: Position Data {'radio_id': 1
14441	14:37:17: Orientation {'radio_id': 1
14442	14:37:17: Position Data {'radio_id': 1
14443	14:37:17: Ground Station GPS {'gs_lat': 44.824641927083334
14444	14:37:18: Orientation {'radio_id': 1
14445	14:37:18: Position Data {'radio_id': 1
14446	14:37:18: Orientation {'radio_id': 1
14447	14:37:18: Position Data {'radio_id': 1
14448	14:37:18: Alt Info & Cfg {'radio_id': 1
14449	14:37:18: Orientation {'radio_id': 1
14450	14:37:18: Position Data {'radio_id': 1
14451	14:37:18: Line Cutter Data 1 {'radio_id': 1
14452	14:37:18: Orientation {'radio_id': 1
14453	14:37:18: Position Data {'radio_id': 1
14454	14:37:18: Orientation {'radio_id': 1
14455	14:37:18: Position Data {'radio_id': 1
14456	14:37:19: Orientation {'radio_id': 1
14457	14:37:19: Position Data {'radio_id': 1
14458	14:37:19: Orientation {'radio_id': 1
14459	14:37:19: Position Data {'radio_id': 1
14460	14:37:19: Orientation {'radio_id': 1
14461	14:37:19: Alt Info & Cfg {'radio_id': 1
14462	14:37:19: Orientation {'radio_id': 1
14463	14:37:19: Position Data {'radio_id': 1
14464	14:37:19: Pyro Info {'radio_id': 1
14465	14:37:19: Line Cutter Data 5 {'radio_id': 1
14466	14:37:19: Orientation {'radio_id': 1
14467	14:37:19: Ground Station GPS {'gs_lat': 44.824641927083334
14468	14:37:20: Orientation {'radio_id': 1
14469	14:37:20: Position Data {'radio_id': 1
14470	14:37:20: Orientation {'radio_id': 1
14471	14:37:20: Position Data {'radio_id': 1
14472	14:37:20: Orientation {'radio_id': 1
14473	14:37:20: Position Data {'radio_id': 1
14474	14:37:20: Orientation {'radio_id': 1
14475	14:37:20: Position Data {'radio_id': 1
14476	14:37:20: Line Cutter Data 1 {'radio_id': 1
14477	14:37:20: Line Cutter Data 5 {'radio_id': 1
14478	14:37:20: Alt Info & Cfg {'radio_id': 1
14479	14:37:20: Orientation {'radio_id': 1
14480	14:37:20: Position Data {'radio_id': 1
14481	14:37:21: Orientation {'radio_id': 1
14482	14:37:21: Orientation {'radio_id': 1
14483	14:37:21: Position Data {'radio_id': 1
14484	14:37:21: Orientation {'radio_id': 1
14485	14:37:21: Position Data {'radio_id': 1
14486	14:37:21: Orientation {'radio_id': 1
14487	14:37:21: Position Data {'radio_id': 1
14488	14:37:21: Pyro Info {'radio_id': 1
14489	14:37:21: Line Cutter Data 1 {'radio_id': 1
14490	14:37:21: Line Cutter Data 5 {'radio_id': 1
14491	14:37:21: Orientation {'radio_id': 1
14492	14:37:21: Position Data {'radio_id': 1
14493	14:37:22: Orientation {'radio_id': 1
14494	14:37:22: Position Data {'radio_id': 1
14495	14:37:22: Orientation {'radio_id': 1
14496	14:37:22: Position Data {'radio_id': 1
14497	14:37:22: Orientation {'radio_id': 1
14498	14:37:22: Position Data {'radio_id': 1
14499	14:37:22: Orientation {'radio_id': 1
14500	14:37:22: Position Data {'radio_id': 1
14501	14:37:22: Pyro Info {'radio_id': 1
14502	14:37:22: Line Cutter Data 1 {'radio_id': 1
14503	14:37:22: Line Cutter Data 5 {'radio_id': 1
14504	14:37:22: Orientation {'radio_id': 1
14505	14:37:22: Position Data {'radio_id': 1
14506	14:37:23: Orientation {'radio_id': 1
14507	14:37:23: Position Data {'radio_id': 1
14508	14:37:23: Alt Info & Cfg {'radio_id': 1
14509	14:37:23: Orientation {'radio_id': 1
14510	14:37:23: Position Data {'radio_id': 1
14511	14:37:23: Orientation {'radio_id': 1
14512	14:37:23: Position Data {'radio_id': 1
14513	14:37:23: Line Cutter Vars 5 {'radio_id': 1
14514	14:37:23: Orientation {'radio_id': 1
14515	14:37:23: Position Data {'radio_id': 1
14516	14:37:23: Line Cutter Data 1 {'radio_id': 1
14517	14:37:23: Orientation {'radio_id': 1
14518	14:37:23: Position Data {'radio_id': 1
14519	14:37:24: Orientation {'radio_id': 1
14520	14:37:24: Position Data {'radio_id': 1
14521	14:37:24: Orientation {'radio_id': 1
14522	14:37:24: Position Data {'radio_id': 1
14523	14:37:24: Orientation {'radio_id': 1
14524	14:37:24: Position Data {'radio_id': 1
14525	14:37:24: Alt Info & Cfg {'radio_id': 1
14526	14:37:24: Orientation {'radio_id': 1
14527	14:37:24: Position Data {'radio_id': 1
14528	14:37:24: Pyro Info {'radio_id': 1
14529	14:37:24: Line Cutter Data 1 {'radio_id': 1
14530	14:37:24: Line Cutter Data 5 {'radio_id': 1
14531	14:37:24: Orientation {'radio_id': 1
14532	14:37:24: Position Data {'radio_id': 1
14533	14:37:25: Orientation {'radio_id': 1
14534	14:37:25: Position Data {'radio_id': 1
14535	14:37:25: Orientation {'radio_id': 1
14536	14:37:25: Position Data {'radio_id': 1
14537	14:37:25: Orientation {'radio_id': 1
14538	14:37:25: Position Data {'radio_id': 1
14539	14:37:25: Orientation {'radio_id': 1
14540	14:37:25: Alt Info & Cfg {'radio_id': 1
14541	14:37:25: Pyro Info {'radio_id': 1
14542	14:37:25: Line Cutter Data 1 {'radio_id': 1
14543	14:37:25: Orientation {'radio_id': 1
14544	14:37:25: Ground Station GPS {'gs_lat': 44.824641927083334
14545	14:37:26: Orientation {'radio_id': 1
14546	14:37:26: Orientation {'radio_id': 1
14547	14:37:26: Position Data {'radio_id': 1
14548	14:37:26: Orientation {'radio_id': 1
14549	14:37:26: Position Data {'radio_id': 1
14550	14:37:26: Orientation {'radio_id': 1
14551	14:37:26: Position Data {'radio_id': 1
14552	14:37:26: Pyro Info {'radio_id': 1
14553	14:37:26: Line Cutter Data 1 {'radio_id': 1
14554	14:37:26: Line Cutter Data 5 {'radio_id': 1
14555	14:37:26: Position Data {'radio_id': 1
14556	14:37:26: Alt Info & Cfg {'radio_id': 1
14557	14:37:27: Orientation {'radio_id': 1
14558	14:37:27: Position Data {'radio_id': 1
14559	14:37:27: Orientation {'radio_id': 1
14560	14:37:27: Position Data {'radio_id': 1
14561	14:37:27: Orientation {'radio_id': 1
14562	14:37:27: Orientation {'radio_id': 1
14563	14:37:27: Position Data {'radio_id': 1
14564	14:37:27: Pyro Info {'radio_id': 1
14565	14:37:27: Line Cutter Data 5 {'radio_id': 1
14566	14:37:27: Orientation {'radio_id': 1
14567	14:37:27: Position Data {'radio_id': 1
14568	14:37:27: Ground Station GPS {'gs_lat': 44.824641927083334
14569	14:37:28: Orientation {'radio_id': 1
14570	14:37:28: Position Data {'radio_id': 1
14571	14:37:28: Orientation {'radio_id': 1
14572	14:37:28: Position Data {'radio_id': 1
14573	14:37:28: Orientation {'radio_id': 1
14574	14:37:28: Position Data {'radio_id': 1
14575	14:37:28: Orientation {'radio_id': 1
14576	14:37:28: Position Data {'radio_id': 1
14577	14:37:28: Pyro Info {'radio_id': 1
14578	14:37:28: Line Cutter Data 1 {'radio_id': 1
14579	14:37:28: Line Cutter Data 5 {'radio_id': 1
14580	14:37:28: Orientation {'radio_id': 1
14581	14:37:28: Position Data {'radio_id': 1
14582	14:37:29: Orientation {'radio_id': 1
14583	14:37:29: Orientation {'radio_id': 1
14584	14:37:29: Orientation {'radio_id': 1
14585	14:37:29: Position Data {'radio_id': 1
14586	14:37:29: Alt Info & Cfg {'radio_id': 1
14587	14:37:29: Orientation {'radio_id': 1
14588	14:37:29: Position Data {'radio_id': 1
14589	14:37:29: Pyro Info {'radio_id': 1
14590	14:37:29: Line Cutter Data 1 {'radio_id': 1
14591	14:37:29: Orientation {'radio_id': 1
14592	14:37:29: Position Data {'radio_id': 1
14593	14:37:30: Orientation {'radio_id': 1
14594	14:37:30: Position Data {'radio_id': 1
14595	14:37:30: Orientation {'radio_id': 1
14596	14:37:30: Position Data {'radio_id': 1
14597	14:37:30: Orientation {'radio_id': 1
14598	14:37:30: Orientation {'radio_id': 1
14599	14:37:30: Position Data {'radio_id': 1
14600	14:37:30: Alt Info & Cfg {'radio_id': 1
14601	14:37:30: Pyro Info {'radio_id': 1
14602	14:37:30: Line Cutter Data 5 {'radio_id': 1
14603	14:37:30: Orientation {'radio_id': 1
14604	14:37:30: Position Data {'radio_id': 1
14605	14:37:31: Orientation {'radio_id': 1
14606	14:37:31: Position Data {'radio_id': 1
14607	14:37:31: Orientation {'radio_id': 1
14608	14:37:31: Position Data {'radio_id': 1
14609	14:37:31: Orientation {'radio_id': 1
14610	14:37:31: Position Data {'radio_id': 1
14611	14:37:31: Orientation {'radio_id': 1
14612	14:37:31: Position Data {'radio_id': 1
14613	14:37:31: Orientation {'radio_id': 1
14614	14:37:31: Position Data {'radio_id': 1
14615	14:37:31: Pyro Info {'radio_id': 1
14616	14:37:31: Ground Station GPS {'gs_lat': 44.824641927083334
14617	14:37:32: Line Cutter Data 5 {'radio_id': 1
14618	14:37:32: Alt Info & Cfg {'radio_id': 1
14619	14:37:32: Orientation {'radio_id': 1
14620	14:37:32: Position Data {'radio_id': 1
14621	14:37:32: Orientation {'radio_id': 1
14622	14:37:32: Position Data {'radio_id': 1
14623	14:37:32: Orientation {'radio_id': 1
14624	14:37:32: Orientation {'radio_id': 1
14625	14:37:32: Position Data {'radio_id': 1
14626	14:37:32: Orientation {'radio_id': 1
14627	14:37:32: Position Data {'radio_id': 1
14628	14:37:33: Line Cutter Data 1 {'radio_id': 1
14629	14:37:33: Orientation {'radio_id': 1
14630	14:37:33: Position Data {'radio_id': 1
14631	14:37:33: Orientation {'radio_id': 1
14632	14:37:33: Position Data {'radio_id': 1
14633	14:37:33: Orientation {'radio_id': 1
14634	14:37:33: Position Data {'radio_id': 1
14635	14:37:33: Line Cutter Vars 5 {'radio_id': 1
14636	14:37:33: Orientation {'radio_id': 1
14637	14:37:33: Position Data {'radio_id': 1
14638	14:37:33: Orientation {'radio_id': 1
14639	14:37:33: Pyro Info {'radio_id': 1
14640	14:37:34: Line Cutter Data 5 {'radio_id': 1
14641	14:37:34: Position Data {'radio_id': 1
14642	14:37:34: Orientation {'radio_id': 1
14643	14:37:34: Alt Info & Cfg {'radio_id': 1
14644	14:37:34: Orientation {'radio_id': 1
14645	14:37:34: Position Data {'radio_id': 1
14646	14:37:34: Orientation {'radio_id': 1
14647	14:37:34: Orientation {'radio_id': 1
14648	14:37:34: Position Data {'radio_id': 1
14649	14:37:34: Pyro Info {'radio_id': 1
14650	14:37:34: Line Cutter Data 1 {'radio_id': 1
14651	14:37:35: Orientation {'radio_id': 1
14652	14:37:35: Position Data {'radio_id': 1
14653	14:37:35: Orientation {'radio_id': 1
14654	14:37:35: Position Data {'radio_id': 1
14655	14:37:35: Orientation {'radio_id': 1
14656	14:37:35: Position Data {'radio_id': 1
14657	14:37:35: Orientation {'radio_id': 1
14658	14:37:35: Position Data {'radio_id': 1
14659	14:37:35: Alt Info & Cfg {'radio_id': 1
14660	14:37:35: Orientation {'radio_id': 1
14661	14:37:35: Position Data {'radio_id': 1
14662	14:37:35: Pyro Info {'radio_id': 1
14663	14:37:36: Line Cutter Data 5 {'radio_id': 1
14664	14:37:36: Position Data {'radio_id': 1
14665	14:37:36: Orientation {'radio_id': 1
14666	14:37:36: Position Data {'radio_id': 1
14667	14:37:36: Orientation {'radio_id': 1
14668	14:37:36: Orientation {'radio_id': 1
14669	14:37:36: Position Data {'radio_id': 1
14670	14:37:36: Orientation {'radio_id': 1
14671	14:37:36: Position Data {'radio_id': 1
14672	14:37:36: Alt Info & Cfg {'radio_id': 1
14673	14:37:37: Pyro Info {'radio_id': 1
14674	14:37:37: Line Cutter Data 1 {'radio_id': 1
14675	14:37:37: Line Cutter Data 5 {'radio_id': 1
14676	14:37:37: Orientation {'radio_id': 1
14677	14:37:37: Position Data {'radio_id': 1
14678	14:37:37: Orientation {'radio_id': 1
14679	14:37:37: Position Data {'radio_id': 1
14680	14:37:37: Orientation {'radio_id': 1
14681	14:37:37: Position Data {'radio_id': 1
14682	14:37:37: Orientation {'radio_id': 1
14683	14:37:37: Position Data {'radio_id': 1
14684	14:37:37: Orientation {'radio_id': 1
14685	14:37:37: Position Data {'radio_id': 1
14686	14:37:37: Pyro Info {'radio_id': 1
14687	14:37:37: Line Cutter Data 1 {'radio_id': 1
14688	14:37:38: Ground Station GPS {'gs_lat': 44.824641927083334
14689	14:37:38: Orientation {'radio_id': 1
14690	14:37:38: Position Data {'radio_id': 1
14691	14:37:38: Alt Info & Cfg {'radio_id': 1
14692	14:37:38: Orientation {'radio_id': 1
14693	14:37:38: Position Data {'radio_id': 1
14694	14:37:38: Orientation {'radio_id': 1
14695	14:37:38: Position Data {'radio_id': 1
14696	14:37:38: Orientation {'radio_id': 1
14697	14:37:38: Position Data {'radio_id': 1
14698	14:37:38: Orientation {'radio_id': 1
14699	14:37:38: Position Data {'radio_id': 1
14700	14:37:38: Pyro Info {'radio_id': 1
14701	14:37:39: Line Cutter Data 5 {'radio_id': 1
14702	14:37:39: Orientation {'radio_id': 1
14703	14:37:39: Position Data {'radio_id': 1
14704	14:37:39: Orientation {'radio_id': 1
14705	14:37:39: Alt Info & Cfg {'radio_id': 1
14706	14:37:39: Orientation {'radio_id': 1
14707	14:37:39: Orientation {'radio_id': 1
14708	14:37:39: Position Data {'radio_id': 1
14709	14:37:39: Orientation {'radio_id': 1
14710	14:37:39: Position Data {'radio_id': 1
14711	14:37:39: Pyro Info {'radio_id': 1
14712	14:37:40: Line Cutter Data 1 {'radio_id': 1
14713	14:37:40: Orientation {'radio_id': 1
14714	14:37:40: Orientation {'radio_id': 1
14715	14:37:40: Position Data {'radio_id': 1
14716	14:37:40: Orientation {'radio_id': 1
14717	14:37:40: Position Data {'radio_id': 1
14718	14:37:40: Orientation {'radio_id': 1
14719	14:37:40: Position Data {'radio_id': 1
14720	14:37:40: Alt Info & Cfg {'radio_id': 1
14721	14:37:40: Orientation {'radio_id': 1
14722	14:37:40: Position Data {'radio_id': 1
14723	14:37:40: Pyro Info {'radio_id': 1
14724	14:37:41: Line Cutter Data 1 {'radio_id': 1
14725	14:37:41: Line Cutter Data 5 {'radio_id': 1
14726	14:37:41: Orientation {'radio_id': 1
14727	14:37:41: Orientation {'radio_id': 1
14728	14:37:41: Position Data {'radio_id': 1
14729	14:37:41: Orientation {'radio_id': 1
14730	14:37:41: Position Data {'radio_id': 1
14731	14:37:41: Orientation {'radio_id': 1
14732	14:37:41: Position Data {'radio_id': 1
14733	14:37:41: Orientation {'radio_id': 1
14734	14:37:41: Position Data {'radio_id': 1
14735	14:37:41: Alt Info & Cfg {'radio_id': 1
14736	14:37:41: Pyro Info {'radio_id': 1
14737	14:37:42: Line Cutter Data 1 {'radio_id': 1
14738	14:37:42: Line Cutter Data 5 {'radio_id': 1
14739	14:37:42: Orientation {'radio_id': 1
14740	14:37:42: Position Data {'radio_id': 1
14741	14:37:42: Orientation {'radio_id': 1
14742	14:37:42: Position Data {'radio_id': 1
14743	14:37:42: Orientation {'radio_id': 1
14744	14:37:42: Position Data {'radio_id': 1
14745	14:37:42: Orientation {'radio_id': 1
14746	14:37:42: Position Data {'radio_id': 1
14747	14:37:42: Orientation {'radio_id': 1
14748	14:37:42: Position Data {'radio_id': 1
14749	14:37:42: Line Cutter Data 1 {'radio_id': 1
14750	14:37:43: Line Cutter Data 5 {'radio_id': 1
14751	14:37:43: Position Data {'radio_id': 1
14752	14:37:43: Orientation {'radio_id': 1
14753	14:37:43: Position Data {'radio_id': 1
14754	14:37:43: Orientation {'radio_id': 1
14755	14:37:43: Position Data {'radio_id': 1
14756	14:37:43: Line Cutter Vars 1 {'radio_id': 1
14757	14:37:43: Line Cutter Vars 5 {'radio_id': 1
14758	14:37:43: Orientation {'radio_id': 1
14759	14:37:43: Position Data {'radio_id': 1
14760	14:37:43: Orientation {'radio_id': 1
14761	14:37:44: Ground Station GPS {'gs_lat': 44.824641927083334
14762	14:37:44: Orientation {'radio_id': 1
14763	14:37:44: Pyro Info {'radio_id': 1
14764	14:37:44: Line Cutter Data 1 {'radio_id': 1
14765	14:37:44: Line Cutter Data 5 {'radio_id': 1
14766	14:37:44: Orientation {'radio_id': 1
14767	14:37:44: Alt Info & Cfg {'radio_id': 1
14768	14:37:44: Orientation {'radio_id': 1
14769	14:37:44: Position Data {'radio_id': 1
14770	14:37:44: Orientation {'radio_id': 1
14771	14:37:44: Position Data {'radio_id': 1
14772	14:37:44: Orientation {'radio_id': 1
14773	14:37:44: Position Data {'radio_id': 1
14774	14:37:45: Orientation {'radio_id': 1
14775	14:37:45: Position Data {'radio_id': 1
14776	14:37:45: Pyro Info {'radio_id': 1
14777	14:37:45: Line Cutter Data 5 {'radio_id': 1
14778	14:37:45: Orientation {'radio_id': 1
14779	14:37:45: Position Data {'radio_id': 1
14780	14:37:45: Orientation {'radio_id': 1
14781	14:37:45: Alt Info & Cfg {'radio_id': 1
14782	14:37:45: Orientation {'radio_id': 1
14783	14:37:45: Position Data {'radio_id': 1
14784	14:37:45: Orientation {'radio_id': 1
14785	14:37:45: Position Data {'radio_id': 1
14786	14:37:46: Ground Station GPS {'gs_lat': 44.824641927083334
14787	14:37:46: Position Data {'radio_id': 1
14788	14:37:46: Line Cutter Data 1 {'radio_id': 1
14789	14:37:46: Orientation {'radio_id': 1
14790	14:37:46: Orientation {'radio_id': 1
14791	14:37:46: Position Data {'radio_id': 1
14792	14:37:46: Orientation {'radio_id': 1
14793	14:37:46: Position Data {'radio_id': 1
14794	14:37:46: Orientation {'radio_id': 1
14795	14:37:46: Position Data {'radio_id': 1
14796	14:37:46: Alt Info & Cfg {'radio_id': 1
14797	14:37:47: Orientation {'radio_id': 1
14798	14:37:47: Position Data {'radio_id': 1
14799	14:37:47: Pyro Info {'radio_id': 1
14800	14:37:47: Line Cutter Data 1 {'radio_id': 1
14801	14:37:47: Line Cutter Data 5 {'radio_id': 1
14802	14:37:47: Orientation {'radio_id': 1
14803	14:37:47: Position Data {'radio_id': 1
14804	14:37:47: Orientation {'radio_id': 1
14805	14:37:47: Position Data {'radio_id': 1
14806	14:37:47: Orientation {'radio_id': 1
14807	14:37:47: Position Data {'radio_id': 1
14808	14:37:47: Orientation {'radio_id': 1
14809	14:37:47: Position Data {'radio_id': 1
14810	14:37:48: Ground Station GPS {'gs_lat': 44.824641927083334
14811	14:37:48: Orientation {'radio_id': 1
14812	14:37:48: Alt Info & Cfg {'radio_id': 1
14813	14:37:48: Line Cutter Data 1 {'radio_id': 1
14814	14:37:48: Orientation {'radio_id': 1
14815	14:37:48: Orientation {'radio_id': 1
14816	14:37:48: Orientation {'radio_id': 1
14817	14:37:48: Position Data {'radio_id': 1
14818	14:37:48: Orientation {'radio_id': 1
14819	14:37:48: Position Data {'radio_id': 1
14820	14:37:49: Orientation {'radio_id': 1
14821	14:37:49: Position Data {'radio_id': 1
14822	14:37:49: Pyro Info {'radio_id': 1
14823	14:37:49: Line Cutter Data 1 {'radio_id': 1
14824	14:37:49: Line Cutter Data 5 {'radio_id': 1
14825	14:37:49: Orientation {'radio_id': 1
14826	14:37:49: Alt Info & Cfg {'radio_id': 1
14827	14:37:49: Orientation {'radio_id': 1
14828	14:37:49: Position Data {'radio_id': 1
14829	14:37:49: Orientation {'radio_id': 1
14830	14:37:49: Position Data {'radio_id': 1
14831	14:37:49: Orientation {'radio_id': 1
14832	14:37:49: Position Data {'radio_id': 1
14833	14:37:50: Ground Station GPS {'gs_lat': 44.824641927083334
14834	14:37:50: Orientation {'radio_id': 1
14835	14:37:50: Position Data {'radio_id': 1
14836	14:37:50: Line Cutter Data 1 {'radio_id': 1
14837	14:37:50: Orientation {'radio_id': 1
14838	14:37:50: Position Data {'radio_id': 1
14839	14:37:50: Orientation {'radio_id': 1
14840	14:37:50: Position Data {'radio_id': 1
14841	14:37:50: Alt Info & Cfg {'radio_id': 1
14842	14:37:50: Orientation {'radio_id': 1
14843	14:37:50: Orientation {'radio_id': 1
14844	14:37:51: Orientation {'radio_id': 1
14845	14:37:51: Pyro Info {'radio_id': 1
14846	14:37:51: Line Cutter Data 5 {'radio_id': 1
14847	14:37:51: Orientation {'radio_id': 1
14848	14:37:51: Position Data {'radio_id': 1
14849	14:37:51: Orientation {'radio_id': 1
14850	14:37:51: Position Data {'radio_id': 1
14851	14:37:51: Orientation {'radio_id': 1
14852	14:37:51: Position Data {'radio_id': 1
14853	14:37:51: Alt Info & Cfg {'radio_id': 1
14854	14:37:51: Orientation {'radio_id': 1
14855	14:37:51: Position Data {'radio_id': 1
14856	14:37:52: Ground Station GPS {'gs_lat': 44.824641927083334
14857	14:37:52: Orientation {'radio_id': 1
14858	14:37:52: Position Data {'radio_id': 1
14859	14:37:52: Pyro Info {'radio_id': 1
14860	14:37:52: Line Cutter Data 1 {'radio_id': 1
14861	14:37:52: Orientation {'radio_id': 1
14862	14:37:52: Position Data {'radio_id': 1
14863	14:37:52: Orientation {'radio_id': 1
14864	14:37:52: Position Data {'radio_id': 1
14865	14:37:52: Orientation {'radio_id': 1
14866	14:37:52: Position Data {'radio_id': 1
14867	14:37:52: Orientation {'radio_id': 1
14868	14:37:52: Position Data {'radio_id': 1
14869	14:37:53: Orientation {'radio_id': 1
14870	14:37:53: Position Data {'radio_id': 1
14871	14:37:53: Pyro Info {'radio_id': 1
14872	14:37:53: Line Cutter Data 1 {'radio_id': 1
14873	14:37:53: Line Cutter Data 5 {'radio_id': 1
14874	14:37:53: Position Data {'radio_id': 1
14875	14:37:53: Orientation {'radio_id': 1
14876	14:37:53: Line Cutter Vars 1 {'radio_id': 1
14877	14:37:53: Line Cutter Vars 5 {'radio_id': 1
14878	14:37:53: Orientation {'radio_id': 1
14879	14:37:53: Position Data {'radio_id': 1
14880	14:37:53: Orientation {'radio_id': 1
14881	14:37:53: Position Data {'radio_id': 1
14882	14:37:54: Ground Station GPS {'gs_lat': 44.824641927083334
14883	14:37:54: Orientation {'radio_id': 1
14884	14:37:54: Position Data {'radio_id': 1
14885	14:37:54: Pyro Info {'radio_id': 1
14886	14:37:54: Line Cutter Data 1 {'radio_id': 1
14887	14:37:54: Line Cutter Data 5 {'radio_id': 1
14888	14:37:54: Position Data {'radio_id': 1
14889	14:37:54: Alt Info & Cfg {'radio_id': 1
14890	14:37:54: Orientation {'radio_id': 1
14891	14:37:54: Position Data {'radio_id': 1
14892	14:37:54: Orientation {'radio_id': 1
14893	14:37:54: Position Data {'radio_id': 1
14894	14:37:54: Orientation {'radio_id': 1
14895	14:37:54: Position Data {'radio_id': 1
14896	14:37:55: Orientation {'radio_id': 1
14897	14:37:55: Pyro Info {'radio_id': 1
14898	14:37:55: Line Cutter Data 5 {'radio_id': 1
14899	14:37:55: Position Data {'radio_id': 1
14900	14:37:55: Orientation {'radio_id': 1
14901	14:37:55: Position Data {'radio_id': 1
14902	14:37:55: Alt Info & Cfg {'radio_id': 1
14903	14:37:55: Orientation {'radio_id': 1
14904	14:37:55: Position Data {'radio_id': 1
14905	14:37:55: Orientation {'radio_id': 1
14906	14:37:55: Position Data {'radio_id': 1
14907	14:37:56: Ground Station GPS {'gs_lat': 44.824641927083334
14908	14:37:56: Position Data {'radio_id': 1
14909	14:37:56: Pyro Info {'radio_id': 1
14910	14:37:56: Line Cutter Data 5 {'radio_id': 1
14911	14:37:56: Orientation {'radio_id': 1
14912	14:37:56: Position Data {'radio_id': 1
14913	14:37:56: Orientation {'radio_id': 1
14914	14:37:56: Orientation {'radio_id': 1
14915	14:37:56: Alt Info & Cfg {'radio_id': 1
14916	14:37:56: Orientation {'radio_id': 1
14917	14:37:56: Position Data {'radio_id': 1
14918	14:37:57: Orientation {'radio_id': 1
14919	14:37:57: Position Data {'radio_id': 1
14920	14:37:57: Orientation {'radio_id': 1
14921	14:37:57: Position Data {'radio_id': 1
14922	14:37:57: Line Cutter Data 1 {'radio_id': 1
14923	14:37:57: Orientation {'radio_id': 1
14924	14:37:57: Orientation {'radio_id': 1
14925	14:37:57: Position Data {'radio_id': 1
14926	14:37:57: Orientation {'radio_id': 1
14927	14:37:57: Position Data {'radio_id': 1
14928	14:37:58: Ground Station GPS {'gs_lat': 44.824641927083334
14929	14:37:58: Position Data {'radio_id': 1
14930	14:37:58: Orientation {'radio_id': 1
14931	14:37:58: Position Data {'radio_id': 1
14932	14:37:58: Pyro Info {'radio_id': 1
14933	14:37:58: Line Cutter Data 1 {'radio_id': 1
14934	14:37:58: Line Cutter Data 5 {'radio_id': 1
14935	14:37:58: Orientation {'radio_id': 1
14936	14:37:58: Position Data {'radio_id': 1
14937	14:37:58: Orientation {'radio_id': 1
14938	14:37:58: Position Data {'radio_id': 1
14939	14:37:58: Orientation {'radio_id': 1
14940	14:37:59: Orientation {'radio_id': 1
14941	14:37:59: Orientation {'radio_id': 1
14942	14:37:59: Position Data {'radio_id': 1
14943	14:37:59: Alt Info & Cfg {'radio_id': 1
14944	14:37:59: Pyro Info {'radio_id': 1
14945	14:37:59: Line Cutter Data 5 {'radio_id': 1
14946	14:37:59: Position Data {'radio_id': 1
14947	14:37:59: Orientation {'radio_id': 1
14948	14:37:59: Position Data {'radio_id': 1
14949	14:37:59: Orientation {'radio_id': 1
14950	14:37:59: Position Data {'radio_id': 1
14951	14:38:00: Ground Station GPS {'gs_lat': 44.824641927083334
14952	14:38:00: Position Data {'radio_id': 1
14953	14:38:00: Orientation {'radio_id': 1
14954	14:38:00: Position Data {'radio_id': 1
14955	14:38:00: Pyro Info {'radio_id': 1
14956	14:38:00: Line Cutter Data 5 {'radio_id': 1
14957	14:38:00: Orientation {'radio_id': 1
14958	14:38:00: Alt Info & Cfg {'radio_id': 1
14959	14:38:00: Orientation {'radio_id': 1
14960	14:38:00: Position Data {'radio_id': 1
14961	14:38:00: Orientation {'radio_id': 1
14962	14:38:00: Position Data {'radio_id': 1
14963	14:38:01: Orientation {'radio_id': 1
14964	14:38:01: Position Data {'radio_id': 1
14965	14:38:01: Orientation {'radio_id': 1
14966	14:38:01: Position Data {'radio_id': 1
14967	14:38:01: Pyro Info {'radio_id': 1
14968	14:38:01: Line Cutter Data 1 {'radio_id': 1
14969	14:38:01: Line Cutter Data 5 {'radio_id': 1
14970	14:38:01: Orientation {'radio_id': 1
14971	14:38:01: Position Data {'radio_id': 1
14972	14:38:01: Orientation {'radio_id': 1
14973	14:38:01: Position Data {'radio_id': 1
14974	14:38:01: Orientation {'radio_id': 1
14975	14:38:01: Position Data {'radio_id': 1
14976	14:38:02: Orientation {'radio_id': 1
14977	14:38:02: Position Data {'radio_id': 1
14978	14:38:02: Orientation {'radio_id': 1
14979	14:38:02: Position Data {'radio_id': 1
14980	14:38:02: Pyro Info {'radio_id': 1
14981	14:38:02: Line Cutter Data 1 {'radio_id': 1
14982	14:38:02: Line Cutter Data 5 {'radio_id': 1
14983	14:38:02: Position Data {'radio_id': 1
14984	14:38:02: Orientation {'radio_id': 1
14985	14:38:02: Orientation {'radio_id': 1
14986	14:38:02: Position Data {'radio_id': 1
14987	14:38:02: Alt Info & Cfg {'radio_id': 1
14988	14:38:03: Orientation {'radio_id': 1
14989	14:38:03: Position Data {'radio_id': 1
14990	14:38:03: Orientation {'radio_id': 1
14991	14:38:03: Position Data {'radio_id': 1
14992	14:38:03: Pyro Info {'radio_id': 1
14993	14:38:03: Line Cutter Data 1 {'radio_id': 1
14994	14:38:03: Line Cutter Data 5 {'radio_id': 1
14995	14:38:03: Orientation {'radio_id': 1
14996	14:38:03: Position Data {'radio_id': 1
14997	14:38:03: Line Cutter Vars 1 {'radio_id': 1
14998	14:38:03: Line Cutter Vars 5 {'radio_id': 1
14999	14:38:03: Orientation {'radio_id': 1
15000	14:38:03: Position Data {'radio_id': 1
15001	14:38:03: Orientation {'radio_id': 1
15002	14:38:03: Position Data {'radio_id': 1
15003	14:38:04: Orientation {'radio_id': 1
15004	14:38:04: Alt Info & Cfg {'radio_id': 1
15005	14:38:04: Orientation {'radio_id': 1
15006	14:38:04: Position Data {'radio_id': 1
15007	14:38:04: Line Cutter Data 1 {'radio_id': 1
15008	14:38:04: Line Cutter Data 5 {'radio_id': 1
15009	14:38:04: Orientation {'radio_id': 1
15010	14:38:04: Position Data {'radio_id': 1
15011	14:38:04: Orientation {'radio_id': 1
15012	14:38:04: Position Data {'radio_id': 1
15013	14:38:04: Orientation {'radio_id': 1
15014	14:38:04: Position Data {'radio_id': 1
15015	14:38:05: Orientation {'radio_id': 1
15016	14:38:05: Position Data {'radio_id': 1
15017	14:38:05: Orientation {'radio_id': 1
15018	14:38:05: Position Data {'radio_id': 1
15019	14:38:05: Line Cutter Data 1 {'radio_id': 1
15020	14:38:05: Line Cutter Data 5 {'radio_id': 1
15021	14:38:05: Orientation {'radio_id': 1
15022	14:38:05: Position Data {'radio_id': 1
15023	14:38:05: Orientation {'radio_id': 1
15024	14:38:05: Position Data {'radio_id': 1
15025	14:38:05: Orientation {'radio_id': 1
15026	14:38:05: Position Data {'radio_id': 1
15027	14:38:06: Orientation {'radio_id': 1
15028	14:38:06: Position Data {'radio_id': 1
15029	14:38:06: Orientation {'radio_id': 1
15030	14:38:06: Position Data {'radio_id': 1
15031	14:38:06: Line Cutter Data 1 {'radio_id': 1
15032	14:38:06: Line Cutter Data 5 {'radio_id': 1
15033	14:38:06: Orientation {'radio_id': 1
15034	14:38:06: Position Data {'radio_id': 1
15035	14:38:06: Orientation {'radio_id': 1
15036	14:38:06: Position Data {'radio_id': 1
15037	14:38:06: Alt Info & Cfg {'radio_id': 1
15038	14:38:06: Orientation {'radio_id': 1
15039	14:38:07: Orientation {'radio_id': 1
15040	14:38:07: Orientation {'radio_id': 1
15041	14:38:07: Pyro Info {'radio_id': 1
15042	14:38:07: Line Cutter Data 5 {'radio_id': 1
15043	14:38:07: Orientation {'radio_id': 1
15044	14:38:07: Position Data {'radio_id': 1
15045	14:38:07: Orientation {'radio_id': 1
15046	14:38:07: Position Data {'radio_id': 1
15047	14:38:07: Orientation {'radio_id': 1
15048	14:38:07: Position Data {'radio_id': 1
15049	14:38:07: Alt Info & Cfg {'radio_id': 1
15050	14:38:08: Orientation {'radio_id': 1
15051	14:38:08: Orientation {'radio_id': 1
15052	14:38:08: Position Data {'radio_id': 1
15053	14:38:08: Pyro Info {'radio_id': 1
15054	14:38:08: Line Cutter Data 1 {'radio_id': 1
15055	14:38:08: Orientation {'radio_id': 1
15056	14:38:08: Position Data {'radio_id': 1
15057	14:38:08: Orientation {'radio_id': 1
15058	14:38:08: Position Data {'radio_id': 1
15059	14:38:08: Orientation {'radio_id': 1
15060	14:38:08: Position Data {'radio_id': 1
15061	14:38:09: Orientation {'radio_id': 1
15062	14:38:09: Position Data {'radio_id': 1
15063	14:38:09: Orientation {'radio_id': 1
15064	14:38:09: Pyro Info {'radio_id': 1
15065	14:38:09: Line Cutter Data 1 {'radio_id': 1
15066	14:38:09: Line Cutter Data 5 {'radio_id': 1
15067	14:38:09: Orientation {'radio_id': 1
15068	14:38:09: Position Data {'radio_id': 1
15069	14:38:09: Orientation {'radio_id': 1
15070	14:38:09: Position Data {'radio_id': 1
15071	14:38:09: Orientation {'radio_id': 1
15072	14:38:09: Position Data {'radio_id': 1
15073	14:38:10: Orientation {'radio_id': 1
15074	14:38:10: Ground Station GPS {'gs_lat': 44.824641927083334
15075	14:38:10: Position Data {'radio_id': 1
15076	14:38:10: Orientation {'radio_id': 1
15077	14:38:10: Position Data {'radio_id': 1
15078	14:38:10: Alt Info & Cfg {'radio_id': 1
15079	14:38:10: Pyro Info {'radio_id': 1
15080	14:38:10: Line Cutter Data 1 {'radio_id': 1
15081	14:38:10: Orientation {'radio_id': 1
15082	14:38:10: Orientation {'radio_id': 1
15083	14:38:10: Orientation {'radio_id': 1
15084	14:38:10: Position Data {'radio_id': 1
15085	14:38:11: Orientation {'radio_id': 1
15086	14:38:11: Position Data {'radio_id': 1
15087	14:38:11: Orientation {'radio_id': 1
15088	14:38:11: Position Data {'radio_id': 1
15089	14:38:11: Orientation {'radio_id': 1
15090	14:38:11: Pyro Info {'radio_id': 1
15091	14:38:11: Line Cutter Data 1 {'radio_id': 1
15092	14:38:11: Line Cutter Data 5 {'radio_id': 1
15093	14:38:11: Orientation {'radio_id': 1
15094	14:38:11: Position Data {'radio_id': 1
15095	14:38:11: Alt Info & Cfg {'radio_id': 1
15096	14:38:11: Orientation {'radio_id': 1
15097	14:38:11: Position Data {'radio_id': 1
15098	14:38:12: Orientation {'radio_id': 1
15099	14:38:12: Position Data {'radio_id': 1
15100	14:38:12: Orientation {'radio_id': 1
15101	14:38:12: Position Data {'radio_id': 1
15102	14:38:12: Orientation {'radio_id': 1
15103	14:38:12: Position Data {'radio_id': 1
15104	14:38:12: Pyro Info {'radio_id': 1
15105	14:38:12: Line Cutter Data 1 {'radio_id': 1
15106	14:38:12: Line Cutter Data 5 {'radio_id': 1
15107	14:38:12: Position Data {'radio_id': 1
15108	14:38:12: Orientation {'radio_id': 1
15109	14:38:12: Alt Info & Cfg {'radio_id': 1
15110	14:38:13: Orientation {'radio_id': 1
15111	14:38:13: Position Data {'radio_id': 1
15112	14:38:13: Orientation {'radio_id': 1
15113	14:38:13: Position Data {'radio_id': 1
15114	14:38:13: Orientation {'radio_id': 1
15115	14:38:13: Position Data {'radio_id': 1
15116	14:38:13: Line Cutter Data 1 {'radio_id': 1
15117	14:38:13: Line Cutter Vars 1 {'radio_id': 1
15118	14:38:13: Line Cutter Vars 5 {'radio_id': 1
15119	14:38:13: Orientation {'radio_id': 1
15120	14:38:13: Position Data {'radio_id': 1
15121	14:38:13: Orientation {'radio_id': 1
15122	14:38:13: Position Data {'radio_id': 1
15123	14:38:14: Orientation {'radio_id': 1
15124	14:38:14: Alt Info & Cfg {'radio_id': 1
15125	14:38:14: Orientation {'radio_id': 1
15126	14:38:14: Position Data {'radio_id': 1
15127	14:38:14: Orientation {'radio_id': 1
15128	14:38:14: Position Data {'radio_id': 1
15129	14:38:14: Pyro Info {'radio_id': 1
15130	14:38:14: Line Cutter Data 1 {'radio_id': 1
15131	14:38:14: Line Cutter Data 5 {'radio_id': 1
15132	14:38:14: Orientation {'radio_id': 1
15133	14:38:14: Position Data {'radio_id': 1
15134	14:38:14: Orientation {'radio_id': 1
15135	14:38:14: Position Data {'radio_id': 1
15136	14:38:15: Orientation {'radio_id': 1
15137	14:38:15: Position Data {'radio_id': 1
15138	14:38:15: Orientation {'radio_id': 1
15139	14:38:15: Position Data {'radio_id': 1
15140	14:38:15: Alt Info & Cfg {'radio_id': 1
15141	14:38:15: Orientation {'radio_id': 1
15142	14:38:15: Position Data {'radio_id': 1
15143	14:38:15: Pyro Info {'radio_id': 1
15144	14:38:15: Line Cutter Data 5 {'radio_id': 1
15145	14:38:15: Position Data {'radio_id': 1
15146	14:38:15: Orientation {'radio_id': 1
15147	14:38:15: Position Data {'radio_id': 1
15148	14:38:16: Orientation {'radio_id': 1
15149	14:38:16: Position Data {'radio_id': 1
15150	14:38:16: Orientation {'radio_id': 1
15151	14:38:16: Position Data {'radio_id': 1
15152	14:38:16: Orientation {'radio_id': 1
15153	14:38:16: Position Data {'radio_id': 1
15154	14:38:16: Pyro Info {'radio_id': 1
15155	14:38:16: Line Cutter Data 1 {'radio_id': 1
15156	14:38:16: Line Cutter Data 5 {'radio_id': 1
15157	14:38:16: Alt Info & Cfg {'radio_id': 1
15158	14:38:16: Orientation {'radio_id': 1
15159	14:38:16: Position Data {'radio_id': 1
15160	14:38:16: Position Data {'radio_id': 1
15161	14:38:17: Orientation {'radio_id': 1
15162	14:38:17: Position Data {'radio_id': 1
15163	14:38:17: Orientation {'radio_id': 1
15164	14:38:17: Position Data {'radio_id': 1
15165	14:38:17: Orientation {'radio_id': 1
15166	14:38:17: Position Data {'radio_id': 1
15167	14:38:17: Pyro Info {'radio_id': 1
15168	14:38:17: Line Cutter Data 1 {'radio_id': 1
15169	14:38:17: Line Cutter Data 5 {'radio_id': 1
15170	14:38:17: Orientation {'radio_id': 1
15171	14:38:17: Position Data {'radio_id': 1
15172	14:38:17: Orientation {'radio_id': 1
15173	14:38:17: Position Data {'radio_id': 1
15174	14:38:17: Alt Info & Cfg {'radio_id': 1
15175	14:38:18: Orientation {'radio_id': 1
15176	14:38:18: Orientation {'radio_id': 1
15177	14:38:18: Position Data {'radio_id': 1
15178	14:38:18: Orientation {'radio_id': 1
15179	14:38:18: Position Data {'radio_id': 1
15180	14:38:18: Pyro Info {'radio_id': 1
15181	14:38:18: Line Cutter Data 1 {'radio_id': 1
15182	14:38:18: Orientation {'radio_id': 1
15183	14:38:18: Orientation {'radio_id': 1
15184	14:38:18: Position Data {'radio_id': 1
15185	14:38:19: Orientation {'radio_id': 1
15186	14:38:19: Position Data {'radio_id': 1
15187	14:38:19: Alt Info & Cfg {'radio_id': 1
15188	14:38:19: Orientation {'radio_id': 1
15189	14:38:19: Orientation {'radio_id': 1
15190	14:38:19: Pyro Info {'radio_id': 1
15191	14:38:19: Line Cutter Data 5 {'radio_id': 1
15192	14:38:19: Orientation {'radio_id': 1
15193	14:38:19: Position Data {'radio_id': 1
15194	14:38:19: Orientation {'radio_id': 1
15195	14:38:19: Position Data {'radio_id': 1
15196	14:38:20: Orientation {'radio_id': 1
15197	14:38:20: Ground Station GPS {'gs_lat': 44.824641927083334
15198	14:38:20: Orientation {'radio_id': 1
15199	14:38:20: Alt Info & Cfg {'radio_id': 1
15200	14:38:20: Orientation {'radio_id': 1
15201	14:38:20: Pyro Info {'radio_id': 1
15202	14:38:20: Line Cutter Data 5 {'radio_id': 1
15203	14:38:20: Orientation {'radio_id': 1
15204	14:38:20: Position Data {'radio_id': 1
15205	14:38:20: Orientation {'radio_id': 1
15206	14:38:20: Position Data {'radio_id': 1
15207	14:38:21: Orientation {'radio_id': 1
15208	14:38:21: Position Data {'radio_id': 1
15209	14:38:21: Orientation {'radio_id': 1
15210	14:38:21: Position Data {'radio_id': 1
15211	14:38:21: Orientation {'radio_id': 1
15212	14:38:21: Position Data {'radio_id': 1
15213	14:38:21: Pyro Info {'radio_id': 1
15214	14:38:21: Line Cutter Data 1 {'radio_id': 1
15215	14:38:21: Line Cutter Data 5 {'radio_id': 1
15216	14:38:21: Orientation {'radio_id': 1
15217	14:38:21: Position Data {'radio_id': 1
15218	14:38:21: Orientation {'radio_id': 1
15219	14:38:21: Position Data {'radio_id': 1
15220	14:38:22: Orientation {'radio_id': 1
15221	14:38:22: Position Data {'radio_id': 1
15222	14:38:22: Orientation {'radio_id': 1
15223	14:38:22: Position Data {'radio_id': 1
15224	14:38:22: Orientation {'radio_id': 1
15225	14:38:22: Position Data {'radio_id': 1
15226	14:38:22: Pyro Info {'radio_id': 1
15227	14:38:22: Line Cutter Data 1 {'radio_id': 1
15228	14:38:22: Line Cutter Data 5 {'radio_id': 1
15229	14:38:22: Orientation {'radio_id': 1
15230	14:38:22: Position Data {'radio_id': 1
15231	14:38:22: Orientation {'radio_id': 1
15232	14:38:22: Position Data {'radio_id': 1
15233	14:38:22: Alt Info & Cfg {'radio_id': 1
15234	14:38:23: Orientation {'radio_id': 1
15235	14:38:23: Position Data {'radio_id': 1
15236	14:38:23: Orientation {'radio_id': 1
15237	14:38:23: Orientation {'radio_id': 1
15238	14:38:23: Position Data {'radio_id': 1
15239	14:38:23: Line Cutter Vars 1 {'radio_id': 1
15240	14:38:23: Line Cutter Vars 5 {'radio_id': 1
15241	14:38:23: Pyro Info {'radio_id': 1
15242	14:38:23: Line Cutter Data 1 {'radio_id': 1
15243	14:38:23: Line Cutter Data 5 {'radio_id': 1
15244	14:38:23: Orientation {'radio_id': 1
15245	14:38:23: Position Data {'radio_id': 1
15246	14:38:23: Orientation {'radio_id': 1
15247	14:38:24: Orientation {'radio_id': 1
15248	14:38:24: Ground Station GPS {'gs_lat': 44.824641927083334
15249	14:38:24: Position Data {'radio_id': 1
15250	14:38:24: Orientation {'radio_id': 1
15251	14:38:24: Position Data {'radio_id': 1
15252	14:38:24: Orientation {'radio_id': 1
15253	14:38:24: Position Data {'radio_id': 1
15254	14:38:24: Orientation {'radio_id': 1
15255	14:38:24: Pyro Info {'radio_id': 1
15256	14:38:24: Line Cutter Data 5 {'radio_id': 1
15257	14:38:24: Orientation {'radio_id': 1
15258	14:38:24: Position Data {'radio_id': 1
15259	14:38:25: Orientation {'radio_id': 1
15260	14:38:25: Position Data {'radio_id': 1
15261	14:38:25: Orientation {'radio_id': 1
15262	14:38:25: Position Data {'radio_id': 1
15263	14:38:25: Orientation {'radio_id': 1
15264	14:38:25: Position Data {'radio_id': 1
15265	14:38:25: Orientation {'radio_id': 1
15266	14:38:25: Position Data {'radio_id': 1
15267	14:38:25: Pyro Info {'radio_id': 1
15268	14:38:25: Line Cutter Data 1 {'radio_id': 1
15269	14:38:25: Line Cutter Data 5 {'radio_id': 1
15270	14:38:25: Orientation {'radio_id': 1
15271	14:38:25: Position Data {'radio_id': 1
15272	14:38:26: Orientation {'radio_id': 1
15273	14:38:26: Ground Station GPS {'gs_lat': 44.824641927083334
15274	14:38:26: Orientation {'radio_id': 1
15275	14:38:26: Position Data {'radio_id': 1
15276	14:38:26: Orientation {'radio_id': 1
15277	14:38:26: Position Data {'radio_id': 1
15278	14:38:26: Alt Info & Cfg {'radio_id': 1
15279	14:38:26: Orientation {'radio_id': 1
15280	14:38:26: Position Data {'radio_id': 1
15281	14:38:26: Pyro Info {'radio_id': 1
15282	14:38:26: Line Cutter Data 1 {'radio_id': 1
15283	14:38:26: Orientation {'radio_id': 1
15284	14:38:26: Position Data {'radio_id': 1
15285	14:38:27: Orientation {'radio_id': 1
15286	14:38:27: Position Data {'radio_id': 1
15287	14:38:27: Orientation {'radio_id': 1
15288	14:38:27: Orientation {'radio_id': 1
15289	14:38:27: Position Data {'radio_id': 1
15290	14:38:27: Orientation {'radio_id': 1
15291	14:38:27: Position Data {'radio_id': 1
15292	14:38:27: Pyro Info {'radio_id': 1
15293	14:38:27: Line Cutter Data 1 {'radio_id': 1
15294	14:38:27: Line Cutter Data 5 {'radio_id': 1
15295	14:38:27: Orientation {'radio_id': 1
15296	14:38:27: Position Data {'radio_id': 1
15297	14:38:28: Orientation {'radio_id': 1
15298	14:38:28: Orientation {'radio_id': 1
15299	14:38:28: Position Data {'radio_id': 1
15300	14:38:28: Orientation {'radio_id': 1
15301	14:38:28: Position Data {'radio_id': 1
15302	14:38:28: Orientation {'radio_id': 1
15303	14:38:28: Pyro Info {'radio_id': 1
15304	14:38:28: Line Cutter Data 1 {'radio_id': 1
15305	14:38:28: Line Cutter Data 5 {'radio_id': 1
15306	14:38:28: Orientation {'radio_id': 1
15307	14:38:28: Position Data {'radio_id': 1
15308	14:38:29: Orientation {'radio_id': 1
15309	14:38:29: Position Data {'radio_id': 1
15310	14:38:29: Alt Info & Cfg {'radio_id': 1
15311	14:38:29: Orientation {'radio_id': 1
15312	14:38:29: Orientation {'radio_id': 1
15313	14:38:29: Orientation {'radio_id': 1
15314	14:38:29: Position Data {'radio_id': 1
15315	14:38:29: Line Cutter Data 1 {'radio_id': 1
15316	14:38:29: Line Cutter Data 5 {'radio_id': 1
15317	14:38:29: Orientation {'radio_id': 1
15318	14:38:29: Position Data {'radio_id': 1
15319	14:38:30: Orientation {'radio_id': 1
15320	14:38:30: Orientation {'radio_id': 1
15321	14:38:30: Alt Info & Cfg {'radio_id': 1
15322	14:38:30: Orientation {'radio_id': 1
15323	14:38:30: Position Data {'radio_id': 1
15324	14:38:30: Orientation {'radio_id': 1
15325	14:38:30: Position Data {'radio_id': 1
15326	14:38:30: Line Cutter Data 1 {'radio_id': 1
15327	14:38:30: Line Cutter Data 5 {'radio_id': 1
15328	14:38:30: Orientation {'radio_id': 1
15329	14:38:31: Orientation {'radio_id': 1
15330	14:38:31: Position Data {'radio_id': 1
15331	14:38:31: Orientation {'radio_id': 1
15332	14:38:31: Position Data {'radio_id': 1
15333	14:38:31: Orientation {'radio_id': 1
15334	14:38:31: Alt Info & Cfg {'radio_id': 1
15335	14:38:31: Orientation {'radio_id': 1
15336	14:38:31: Position Data {'radio_id': 1
15337	14:38:31: Pyro Info {'radio_id': 1
15338	14:38:31: Line Cutter Data 5 {'radio_id': 1
15339	14:38:31: Position Data {'radio_id': 1
15340	14:38:32: Orientation {'radio_id': 1
15341	14:38:32: Position Data {'radio_id': 1
15342	14:38:32: Orientation {'radio_id': 1
15343	14:38:32: Position Data {'radio_id': 1
15344	14:38:32: Orientation {'radio_id': 1
15345	14:38:32: Orientation {'radio_id': 1
15346	14:38:32: Position Data {'radio_id': 1
15347	14:38:32: Pyro Info {'radio_id': 1
15348	14:38:32: Line Cutter Data 5 {'radio_id': 1
15349	14:38:32: Orientation {'radio_id': 1
15350	14:38:33: Orientation {'radio_id': 1
15351	14:38:33: Position Data {'radio_id': 1
15352	14:38:33: Orientation {'radio_id': 1
15353	14:38:33: Position Data {'radio_id': 1
15354	14:38:33: Orientation {'radio_id': 1
15355	14:38:33: Position Data {'radio_id': 1
15356	14:38:33: Line Cutter Vars 1 {'radio_id': 1
15357	14:38:33: Orientation {'radio_id': 1
15358	14:38:33: Position Data {'radio_id': 1
15359	14:38:33: Pyro Info {'radio_id': 1
15360	14:38:33: Line Cutter Data 5 {'radio_id': 1
15361	14:38:33: Position Data {'radio_id': 1
15362	14:38:33: Alt Info & Cfg {'radio_id': 1
15363	14:38:34: Orientation {'radio_id': 1
15364	14:38:34: Position Data {'radio_id': 1
15365	14:38:34: Orientation {'radio_id': 1
15366	14:38:34: Position Data {'radio_id': 1
15367	14:38:34: Orientation {'radio_id': 1
15368	14:38:34: Position Data {'radio_id': 1
15369	14:38:34: Orientation {'radio_id': 1
15370	14:38:34: Position Data {'radio_id': 1
15371	14:38:34: Pyro Info {'radio_id': 1
15372	14:38:34: Line Cutter Data 1 {'radio_id': 1
15373	14:38:34: Line Cutter Data 5 {'radio_id': 1
15374	14:38:34: Orientation {'radio_id': 1
15375	14:38:34: Position Data {'radio_id': 1
15376	14:38:35: Orientation {'radio_id': 1
15377	14:38:35: Position Data {'radio_id': 1
15378	14:38:35: Orientation {'radio_id': 1
15379	14:38:35: Position Data {'radio_id': 1
15380	14:38:35: Alt Info & Cfg {'radio_id': 1
15381	14:38:35: Orientation {'radio_id': 1
15382	14:38:35: Orientation {'radio_id': 1
15383	14:38:35: Position Data {'radio_id': 1
15384	14:38:35: Pyro Info {'radio_id': 1
15385	14:38:35: Line Cutter Data 1 {'radio_id': 1
15386	14:38:35: Orientation {'radio_id': 1
15387	14:38:36: Orientation {'radio_id': 1
15388	14:38:36: Position Data {'radio_id': 1
15389	14:38:36: Orientation {'radio_id': 1
15390	14:38:36: Position Data {'radio_id': 1
15391	14:38:36: Orientation {'radio_id': 1
15392	14:38:36: Position Data {'radio_id': 1
15393	14:38:36: Alt Info & Cfg {'radio_id': 1
15394	14:38:37: Pyro Info {'radio_id': 1
15395	14:38:37: Line Cutter Data 1 {'radio_id': 1
15396	14:38:37: Line Cutter Data 5 {'radio_id': 1
15397	14:38:37: Position Data {'radio_id': 1
15398	14:38:37: Orientation {'radio_id': 1
15399	14:38:37: Position Data {'radio_id': 1
15400	14:38:37: Orientation {'radio_id': 1
15401	14:38:37: Position Data {'radio_id': 1
15402	14:38:37: Orientation {'radio_id': 1
15403	14:38:37: Position Data {'radio_id': 1
15404	14:38:37: Orientation {'radio_id': 1
15405	14:38:37: Position Data {'radio_id': 1
15406	14:38:37: Pyro Info {'radio_id': 1
15407	14:38:38: Line Cutter Data 1 {'radio_id': 1
15408	14:38:38: Line Cutter Data 5 {'radio_id': 1
15409	14:38:38: Ground Station GPS {'gs_lat': 44.824641927083334
15410	14:38:38: Position Data {'radio_id': 1
15411	14:38:38: Orientation {'radio_id': 1
15412	14:38:38: Orientation {'radio_id': 1
15413	14:38:38: Position Data {'radio_id': 1
15414	14:38:38: Orientation {'radio_id': 1
15415	14:38:38: Position Data {'radio_id': 1
15416	14:38:38: Orientation {'radio_id': 1
15417	14:38:38: Position Data {'radio_id': 1
15418	14:38:39: Line Cutter Data 1 {'radio_id': 1
15419	14:38:39: Line Cutter Data 5 {'radio_id': 1
15420	14:38:39: Orientation {'radio_id': 1
15421	14:38:39: Position Data {'radio_id': 1
15422	14:38:39: Orientation {'radio_id': 1
15423	14:38:39: Position Data {'radio_id': 1
15424	14:38:39: Orientation {'radio_id': 1
15425	14:38:39: Position Data {'radio_id': 1
15426	14:38:39: Orientation {'radio_id': 1
15427	14:38:39: Position Data {'radio_id': 1
15428	14:38:39: Orientation {'radio_id': 1
15429	14:38:39: Position Data {'radio_id': 1
15430	14:38:39: Line Cutter Data 1 {'radio_id': 1
15431	14:38:40: Line Cutter Data 5 {'radio_id': 1
15432	14:38:40: Orientation {'radio_id': 1
15433	14:38:40: Ground Station GPS {'gs_lat': 44.824641927083334
15434	14:38:40: Orientation {'radio_id': 1
15435	14:38:40: Orientation {'radio_id': 1
15436	14:38:40: Position Data {'radio_id': 1
15437	14:38:40: Alt Info & Cfg {'radio_id': 1
15438	14:38:40: Orientation {'radio_id': 1
15439	14:38:40: Position Data {'radio_id': 1
15440	14:38:40: Orientation {'radio_id': 1
15441	14:38:40: Pyro Info {'radio_id': 1
15442	14:38:41: Line Cutter Data 1 {'radio_id': 1
15443	14:38:41: Line Cutter Data 5 {'radio_id': 1
15444	14:38:41: Orientation {'radio_id': 1
15445	14:38:41: Position Data {'radio_id': 1
15446	14:38:41: Orientation {'radio_id': 1
15447	14:38:41: Position Data {'radio_id': 1
15448	14:38:41: Orientation {'radio_id': 1
15449	14:38:41: Position Data {'radio_id': 1
15450	14:38:41: Orientation {'radio_id': 1
15451	14:38:41: Position Data {'radio_id': 1
15452	14:38:41: Alt Info & Cfg {'radio_id': 1
15453	14:38:41: Orientation {'radio_id': 1
15454	14:38:41: Position Data {'radio_id': 1
15455	14:38:41: Pyro Info {'radio_id': 1
15456	14:38:42: Line Cutter Data 1 {'radio_id': 1
15457	14:38:42: Line Cutter Data 5 {'radio_id': 1
15458	14:38:42: Position Data {'radio_id': 1
15459	14:38:42: Orientation {'radio_id': 1
15460	14:38:42: Position Data {'radio_id': 1
15461	14:38:42: Orientation {'radio_id': 1
15462	14:38:42: Position Data {'radio_id': 1
15463	14:38:42: Orientation {'radio_id': 1
15464	14:38:42: Position Data {'radio_id': 1
15465	14:38:42: Orientation {'radio_id': 1
15466	14:38:42: Position Data {'radio_id': 1
15467	14:38:42: Pyro Info {'radio_id': 1
15468	14:38:43: Line Cutter Data 5 {'radio_id': 1
15469	14:38:43: Orientation {'radio_id': 1
15470	14:38:43: Position Data {'radio_id': 1
15471	14:38:43: Alt Info & Cfg {'radio_id': 1
15472	14:38:43: Orientation {'radio_id': 1
15473	14:38:43: Orientation {'radio_id': 1
15474	14:38:43: Position Data {'radio_id': 1
15475	14:38:43: Line Cutter Vars 1 {'radio_id': 1
15476	14:38:43: Line Cutter Vars 5 {'radio_id': 1
15477	14:38:43: Orientation {'radio_id': 1
15478	14:38:43: Position Data {'radio_id': 1
15479	14:38:43: Orientation {'radio_id': 1
15480	14:38:43: Position Data {'radio_id': 1
15481	14:38:44: Line Cutter Data 1 {'radio_id': 1
15482	14:38:44: Orientation {'radio_id': 1
15483	14:38:44: Orientation {'radio_id': 1
15484	14:38:44: Position Data {'radio_id': 1
15485	14:38:44: Alt Info & Cfg {'radio_id': 1
15486	14:38:44: Orientation {'radio_id': 1
15487	14:38:44: Orientation {'radio_id': 1
15488	14:38:44: Orientation {'radio_id': 1
15489	14:38:44: Pyro Info {'radio_id': 1
15490	14:38:44: Line Cutter Data 1 {'radio_id': 1
15491	14:38:45: Line Cutter Data 5 {'radio_id': 1
15492	14:38:45: Orientation {'radio_id': 1
15493	14:38:45: Position Data {'radio_id': 1
15494	14:38:45: Orientation {'radio_id': 1
15495	14:38:45: Position Data {'radio_id': 1
15496	14:38:45: Orientation {'radio_id': 1
15497	14:38:45: Position Data {'radio_id': 1
15498	14:38:45: Orientation {'radio_id': 1
15499	14:38:45: Position Data {'radio_id': 1
15500	14:38:45: Orientation {'radio_id': 1
15501	14:38:45: Position Data {'radio_id': 1
15502	14:38:46: Line Cutter Data 1 {'radio_id': 1
15503	14:38:46: Orientation {'radio_id': 1
15504	14:38:46: Position Data {'radio_id': 1
15505	14:38:46: Orientation {'radio_id': 1
15506	14:38:46: Position Data {'radio_id': 1
15507	14:38:46: Orientation {'radio_id': 1
15508	14:38:46: Position Data {'radio_id': 1
15509	14:38:46: Orientation {'radio_id': 1
15510	14:38:46: Position Data {'radio_id': 1
15511	14:38:46: Alt Info & Cfg {'radio_id': 1
15512	14:38:46: Orientation {'radio_id': 1
15513	14:38:46: Position Data {'radio_id': 1
15514	14:38:46: Pyro Info {'radio_id': 1
15515	14:38:47: Line Cutter Data 1 {'radio_id': 1
15516	14:38:47: Line Cutter Data 5 {'radio_id': 1
15517	14:38:47: Position Data {'radio_id': 1
15518	14:38:47: Orientation {'radio_id': 1
15519	14:38:47: Position Data {'radio_id': 1
15520	14:38:47: Orientation {'radio_id': 1
15521	14:38:47: Position Data {'radio_id': 1
15522	14:38:47: Orientation {'radio_id': 1
15523	14:38:47: Position Data {'radio_id': 1
15524	14:38:47: Orientation {'radio_id': 1
15525	14:38:47: Position Data {'radio_id': 1
15526	14:38:47: Alt Info & Cfg {'radio_id': 1
15527	14:38:47: Pyro Info {'radio_id': 1
15528	14:38:48: Line Cutter Data 1 {'radio_id': 1
15529	14:38:48: Orientation {'radio_id': 1
15530	14:38:48: Orientation {'radio_id': 1
15531	14:38:48: Position Data {'radio_id': 1
15532	14:38:48: Orientation {'radio_id': 1
15533	14:38:48: Position Data {'radio_id': 1
15534	14:38:48: Orientation {'radio_id': 1
15535	14:38:48: Orientation {'radio_id': 1
15536	14:38:48: Position Data {'radio_id': 1
15537	14:38:48: Pyro Info {'radio_id': 1
15538	14:38:49: Line Cutter Data 5 {'radio_id': 1
15539	14:38:49: Orientation {'radio_id': 1
15540	14:38:49: Orientation {'radio_id': 1
15541	14:38:49: Position Data {'radio_id': 1
15542	14:38:49: Orientation {'radio_id': 1
15543	14:38:49: Position Data {'radio_id': 1
15544	14:38:49: Orientation {'radio_id': 1
15545	14:38:49: Position Data {'radio_id': 1
15546	14:38:49: Orientation {'radio_id': 1
15547	14:38:49: Position Data {'radio_id': 1
15548	14:38:50: Orientation {'radio_id': 1
15549	14:38:50: Position Data {'radio_id': 1
15550	14:38:50: Pyro Info {'radio_id': 1
15551	14:38:50: Line Cutter Data 1 {'radio_id': 1
15552	14:38:50: Line Cutter Data 5 {'radio_id': 1
15553	14:38:50: Orientation {'radio_id': 1
15554	14:38:50: Position Data {'radio_id': 1
15555	14:38:50: Orientation {'radio_id': 1
15556	14:38:50: Position Data {'radio_id': 1
15557	14:38:50: Alt Info & Cfg {'radio_id': 1
15558	14:38:50: Orientation {'radio_id': 1
15559	14:38:50: Position Data {'radio_id': 1
15560	14:38:50: Orientation {'radio_id': 1
15561	14:38:50: Position Data {'radio_id': 1
15562	14:38:51: Orientation {'radio_id': 1
15563	14:38:51: Position Data {'radio_id': 1
15564	14:38:51: Line Cutter Data 1 {'radio_id': 1
15565	14:38:51: Line Cutter Data 5 {'radio_id': 1
15566	14:38:51: Orientation {'radio_id': 1
15567	14:38:51: Orientation {'radio_id': 1
15568	14:38:51: Orientation {'radio_id': 1
15569	14:38:51: Alt Info & Cfg {'radio_id': 1
15570	14:38:51: Orientation {'radio_id': 1
15571	14:38:51: Position Data {'radio_id': 1
15572	14:38:52: Orientation {'radio_id': 1
15573	14:38:52: Position Data {'radio_id': 1
15574	14:38:52: Pyro Info {'radio_id': 1
15575	14:38:52: Line Cutter Data 1 {'radio_id': 1
15576	14:38:52: Line Cutter Data 5 {'radio_id': 1
15577	14:38:52: Orientation {'radio_id': 1
15578	14:38:52: Position Data {'radio_id': 1
15579	14:38:52: Orientation {'radio_id': 1
15580	14:38:52: Position Data {'radio_id': 1
15581	14:38:52: Orientation {'radio_id': 1
15582	14:38:52: Position Data {'radio_id': 1
15583	14:38:52: Orientation {'radio_id': 1
15584	14:38:52: Position Data {'radio_id': 1
15585	14:38:52: Alt Info & Cfg {'radio_id': 1
15586	14:38:53: Orientation {'radio_id': 1
15587	14:38:53: Position Data {'radio_id': 1
15588	14:38:53: Pyro Info {'radio_id': 1
15589	14:38:53: Line Cutter Data 5 {'radio_id': 1
15590	14:38:53: Position Data {'radio_id': 1
15591	14:38:53: Orientation {'radio_id': 1
15592	14:38:53: Line Cutter Vars 1 {'radio_id': 1
15593	14:38:53: Line Cutter Vars 5 {'radio_id': 1
15594	14:38:53: Orientation {'radio_id': 1
15595	14:38:53: Position Data {'radio_id': 1
15596	14:38:53: Orientation {'radio_id': 1
15597	14:38:53: Position Data {'radio_id': 1
15598	14:38:54: Orientation {'radio_id': 1
15599	14:38:54: Position Data {'radio_id': 1
15600	14:38:54: Pyro Info {'radio_id': 1
15601	14:38:54: Line Cutter Data 1 {'radio_id': 1
15602	14:38:54: Line Cutter Data 5 {'radio_id': 1
15603	14:38:54: Alt Info & Cfg {'radio_id': 1
15604	14:38:54: Orientation {'radio_id': 1
15605	14:38:54: Position Data {'radio_id': 1
15606	14:38:54: Orientation {'radio_id': 1
15607	14:38:54: Orientation {'radio_id': 1
15608	14:38:54: Position Data {'radio_id': 1
15609	14:38:54: Orientation {'radio_id': 1
15610	14:38:54: Position Data {'radio_id': 1
15611	14:38:55: Orientation {'radio_id': 1
15612	14:38:55: Pyro Info {'radio_id': 1
15613	14:38:55: Line Cutter Data 1 {'radio_id': 1
15614	14:38:55: Line Cutter Data 5 {'radio_id': 1
15615	14:38:55: Orientation {'radio_id': 1
15616	14:38:55: Position Data {'radio_id': 1
15617	14:38:55: Orientation {'radio_id': 1
15618	14:38:55: Position Data {'radio_id': 1
15619	14:38:55: Alt Info & Cfg {'radio_id': 1
15620	14:38:55: Orientation {'radio_id': 1
15621	14:38:55: Position Data {'radio_id': 1
15622	14:38:55: Orientation {'radio_id': 1
15623	14:38:55: Position Data {'radio_id': 1
15624	14:38:56: Orientation {'radio_id': 1
15625	14:38:56: Position Data {'radio_id': 1
15626	14:38:56: Pyro Info {'radio_id': 1
15627	14:38:56: Line Cutter Data 1 {'radio_id': 1
15628	14:38:56: Orientation {'radio_id': 1
15629	14:38:56: Orientation {'radio_id': 1
15630	14:38:56: Position Data {'radio_id': 1
15631	14:38:56: Orientation {'radio_id': 1
15632	14:38:56: Position Data {'radio_id': 1
15633	14:38:56: Alt Info & Cfg {'radio_id': 1
15634	14:38:56: Orientation {'radio_id': 1
15635	14:38:56: Position Data {'radio_id': 1
15636	14:38:57: Orientation {'radio_id': 1
15637	14:38:57: Position Data {'radio_id': 1
15638	14:38:57: Line Cutter Data 1 {'radio_id': 1
15639	14:38:57: Line Cutter Data 5 {'radio_id': 1
15640	14:38:57: Orientation {'radio_id': 1
15641	14:38:57: Position Data {'radio_id': 1
15642	14:38:57: Orientation {'radio_id': 1
15643	14:38:57: Position Data {'radio_id': 1
15644	14:38:57: Orientation {'radio_id': 1
15645	14:38:57: Position Data {'radio_id': 1
15646	14:38:57: Orientation {'radio_id': 1
15647	14:38:57: Position Data {'radio_id': 1
15648	14:38:57: Alt Info & Cfg {'radio_id': 1
15649	14:38:58: Orientation {'radio_id': 1
15650	14:38:58: Position Data {'radio_id': 1
15651	14:38:58: Pyro Info {'radio_id': 1
15652	14:38:58: Line Cutter Data 5 {'radio_id': 1
15653	14:38:58: Position Data {'radio_id': 1
15654	14:38:58: Orientation {'radio_id': 1
15655	14:38:58: Orientation {'radio_id': 1
15656	14:38:58: Position Data {'radio_id': 1
15657	14:38:58: Orientation {'radio_id': 1
15658	14:38:58: Position Data {'radio_id': 1
15659	14:38:59: Orientation {'radio_id': 1
15660	14:38:59: Position Data {'radio_id': 1
15661	14:38:59: Alt Info & Cfg {'radio_id': 1
15662	14:38:59: Pyro Info {'radio_id': 1
15663	14:38:59: Line Cutter Data 1 {'radio_id': 1
15664	14:38:59: Line Cutter Data 5 {'radio_id': 1
15665	14:38:59: Orientation {'radio_id': 1
15666	14:38:59: Orientation {'radio_id': 1
15667	14:38:59: Orientation {'radio_id': 1
15668	14:38:59: Orientation {'radio_id': 1
15669	14:38:59: Position Data {'radio_id': 1
15670	14:39:00: Orientation {'radio_id': 1
15671	14:39:00: Pyro Info {'radio_id': 1
15672	14:39:00: Line Cutter Data 1 {'radio_id': 1
15673	14:39:00: Line Cutter Data 5 {'radio_id': 1
15674	14:39:00: Orientation {'radio_id': 1
15675	14:39:00: Position Data {'radio_id': 1
15676	14:39:00: Alt Info & Cfg {'radio_id': 1
15677	14:39:00: Orientation {'radio_id': 1
15678	14:39:00: Position Data {'radio_id': 1
15679	14:39:00: Orientation {'radio_id': 1
15680	14:39:00: Position Data {'radio_id': 1
15681	14:39:00: Orientation {'radio_id': 1
15682	14:39:00: Position Data {'radio_id': 1
15683	14:39:01: Orientation {'radio_id': 1
15684	14:39:01: Position Data {'radio_id': 1
15685	14:39:01: Pyro Info {'radio_id': 1
15686	14:39:01: Line Cutter Data 1 {'radio_id': 1
15687	14:39:01: Line Cutter Data 5 {'radio_id': 1
15688	14:39:01: Orientation {'radio_id': 1
15689	14:39:01: Position Data {'radio_id': 1
15690	14:39:01: Orientation {'radio_id': 1
15691	14:39:01: Orientation {'radio_id': 1
15692	14:39:01: Position Data {'radio_id': 1
15693	14:39:01: Orientation {'radio_id': 1
15694	14:39:01: Position Data {'radio_id': 1
15695	14:39:02: Orientation {'radio_id': 1
15696	14:39:02: Position Data {'radio_id': 1
15697	14:39:02: Ground Station GPS {'gs_lat': 44.8246337890625
15698	14:39:02: Orientation {'radio_id': 1
15699	14:39:02: Position Data {'radio_id': 1
15700	14:39:02: Pyro Info {'radio_id': 1
15701	14:39:02: Line Cutter Data 1 {'radio_id': 1
15702	14:39:02: Line Cutter Data 5 {'radio_id': 1
15703	14:39:02: Orientation {'radio_id': 1
15704	14:39:02: Position Data {'radio_id': 1
15705	14:39:02: Orientation {'radio_id': 1
15706	14:39:02: Position Data {'radio_id': 1
15707	14:39:02: Orientation {'radio_id': 1
15708	14:39:02: Position Data {'radio_id': 1
15709	14:39:02: Alt Info & Cfg {'radio_id': 1
15710	14:39:03: Orientation {'radio_id': 1
15711	14:39:03: Position Data {'radio_id': 1
15712	14:39:03: Orientation {'radio_id': 1
15713	14:39:03: Position Data {'radio_id': 1
15714	14:39:03: Pyro Info {'radio_id': 1
15715	14:39:03: Line Cutter Data 5 {'radio_id': 1
15716	14:39:03: Orientation {'radio_id': 1
15717	14:39:03: Position Data {'radio_id': 1
15718	14:39:03: Line Cutter Vars 1 {'radio_id': 1
15719	14:39:03: Line Cutter Vars 5 {'radio_id': 1
15720	14:39:03: Orientation {'radio_id': 1
15721	14:39:03: Orientation {'radio_id': 1
15722	14:39:03: Position Data {'radio_id': 1
15723	14:39:04: Orientation {'radio_id': 1
15724	14:39:04: Position Data {'radio_id': 1
15725	14:39:04: Alt Info & Cfg {'radio_id': 1
15726	14:39:04: Ground Station GPS {'gs_lat': 44.8246337890625
15727	14:39:04: Orientation {'radio_id': 1
15728	14:39:04: Position Data {'radio_id': 1
15729	14:39:04: Pyro Info {'radio_id': 1
15730	14:39:04: Line Cutter Data 1 {'radio_id': 1
15731	14:39:04: Line Cutter Data 5 {'radio_id': 1
15732	14:39:04: Orientation {'radio_id': 1
15733	14:39:04: Position Data {'radio_id': 1
15734	14:39:04: Orientation {'radio_id': 1
15735	14:39:04: Orientation {'radio_id': 1
15736	14:39:04: Position Data {'radio_id': 1
15737	14:39:05: Orientation {'radio_id': 1
15738	14:39:05: Position Data {'radio_id': 1
15739	14:39:05: Orientation {'radio_id': 1
15740	14:39:05: Pyro Info {'radio_id': 1
15741	14:39:05: Line Cutter Data 5 {'radio_id': 1
15742	14:39:05: Orientation {'radio_id': 1
15743	14:39:05: Position Data {'radio_id': 1
15744	14:39:05: Orientation {'radio_id': 1
15745	14:39:05: Position Data {'radio_id': 1
15746	14:39:05: Orientation {'radio_id': 1
15747	14:39:06: Orientation {'radio_id': 1
15748	14:39:06: Position Data {'radio_id': 1
15749	14:39:06: Ground Station GPS {'gs_lat': 44.8246337890625
15750	14:39:06: Orientation {'radio_id': 1
15751	14:39:06: Position Data {'radio_id': 1
15752	14:39:06: Pyro Info {'radio_id': 1
15753	14:39:06: Line Cutter Data 1 {'radio_id': 1
15754	14:39:06: Line Cutter Data 5 {'radio_id': 1
15755	14:39:06: Orientation {'radio_id': 1
15756	14:39:06: Position Data {'radio_id': 1
15757	14:39:06: Alt Info & Cfg {'radio_id': 1
15758	14:39:06: Orientation {'radio_id': 1
15759	14:39:06: Position Data {'radio_id': 1
15760	14:39:06: Orientation {'radio_id': 1
15761	14:39:06: Position Data {'radio_id': 1
15762	14:39:07: Orientation {'radio_id': 1
15763	14:39:07: Position Data {'radio_id': 1
15764	14:39:07: Orientation {'radio_id': 1
15765	14:39:07: Position Data {'radio_id': 1
15766	14:39:07: Pyro Info {'radio_id': 1
15767	14:39:07: Line Cutter Data 1 {'radio_id': 1
15768	14:39:07: Orientation {'radio_id': 1
15769	14:39:07: Orientation {'radio_id': 1
15770	14:39:07: Position Data {'radio_id': 1
15771	14:39:07: Orientation {'radio_id': 1
15772	14:39:07: Position Data {'radio_id': 1
15773	14:39:08: Orientation {'radio_id': 1
15774	14:39:08: Position Data {'radio_id': 1
15775	14:39:08: Ground Station GPS {'gs_lat': 44.8246337890625
15776	14:39:08: Orientation {'radio_id': 1
15777	14:39:08: Position Data {'radio_id': 1
15778	14:39:08: Line Cutter Data 1 {'radio_id': 1
15779	14:39:08: Line Cutter Data 5 {'radio_id': 1
15780	14:39:08: Orientation {'radio_id': 1
15781	14:39:08: Position Data {'radio_id': 1
15782	14:39:08: Orientation {'radio_id': 1
15783	14:39:08: Position Data {'radio_id': 1
15784	14:39:08: Orientation {'radio_id': 1
15785	14:39:08: Position Data {'radio_id': 1
15786	14:39:09: Orientation {'radio_id': 1
15787	14:39:09: Position Data {'radio_id': 1
15788	14:39:09: Alt Info & Cfg {'radio_id': 1
15789	14:39:09: Orientation {'radio_id': 1
15790	14:39:09: Pyro Info {'radio_id': 1
15791	14:39:09: Line Cutter Data 1 {'radio_id': 1
15792	14:39:09: Line Cutter Data 5 {'radio_id': 1
15793	14:39:09: Orientation {'radio_id': 1
15794	14:39:09: Position Data {'radio_id': 1
15795	14:39:09: Orientation {'radio_id': 1
15796	14:39:09: Position Data {'radio_id': 1
15797	14:39:09: Orientation {'radio_id': 1
15798	14:39:09: Position Data {'radio_id': 1
15799	14:39:10: Orientation {'radio_id': 1
15800	14:39:10: Position Data {'radio_id': 1
15801	14:39:10: Ground Station GPS {'gs_lat': 44.8246337890625
15802	14:39:10: Orientation {'radio_id': 1
15803	14:39:10: Position Data {'radio_id': 1
15804	14:39:10: Alt Info & Cfg {'radio_id': 1
15805	14:39:10: Line Cutter Data 1 {'radio_id': 1
15806	14:39:10: Line Cutter Data 5 {'radio_id': 1
15807	14:39:10: Orientation {'radio_id': 1
15808	14:39:10: Position Data {'radio_id': 1
15809	14:39:10: Orientation {'radio_id': 1
15810	14:39:10: Orientation {'radio_id': 1
15811	14:39:11: Orientation {'radio_id': 1
15812	14:39:11: Position Data {'radio_id': 1
15813	14:39:11: Orientation {'radio_id': 1
15814	14:39:11: Pyro Info {'radio_id': 1
15815	14:39:11: Line Cutter Data 1 {'radio_id': 1
15816	14:39:11: Orientation {'radio_id': 1
15817	14:39:11: Alt Info & Cfg {'radio_id': 1
15818	14:39:11: Orientation {'radio_id': 1
15819	14:39:11: Position Data {'radio_id': 1
15820	14:39:11: Orientation {'radio_id': 1
15821	14:39:11: Position Data {'radio_id': 1
15822	14:39:12: Orientation {'radio_id': 1
15823	14:39:12: Position Data {'radio_id': 1
15824	14:39:12: Ground Station GPS {'gs_lat': 44.8246337890625
15825	14:39:12: Orientation {'radio_id': 1
15826	14:39:12: Position Data {'radio_id': 1
15827	14:39:12: Line Cutter Data 1 {'radio_id': 1
15828	14:39:12: Line Cutter Data 5 {'radio_id': 1
15829	14:39:12: Orientation {'radio_id': 1
15830	14:39:12: Position Data {'radio_id': 1
15831	14:39:12: Orientation {'radio_id': 1
15832	14:39:12: Position Data {'radio_id': 1
15833	14:39:12: Alt Info & Cfg {'radio_id': 1
15834	14:39:12: Orientation {'radio_id': 1
15835	14:39:12: Position Data {'radio_id': 1
15836	14:39:13: Orientation {'radio_id': 1
15837	14:39:13: Position Data {'radio_id': 1
15838	14:39:13: Orientation {'radio_id': 1
15839	14:39:13: Position Data {'radio_id': 1
15840	14:39:13: Pyro Info {'radio_id': 1
15841	14:39:13: Line Cutter Data 1 {'radio_id': 1
15842	14:39:13: Orientation {'radio_id': 1
15843	14:39:13: Position Data {'radio_id': 1
15844	14:39:13: Orientation {'radio_id': 1
15845	14:39:13: Position Data {'radio_id': 1
15846	14:39:13: Line Cutter Vars 1 {'radio_id': 1
15847	14:39:13: Line Cutter Vars 5 {'radio_id': 1
15848	14:39:13: Orientation {'radio_id': 1
15849	14:39:13: Position Data {'radio_id': 1
15850	14:39:14: Orientation {'radio_id': 1
15851	14:39:14: Position Data {'radio_id': 1
15852	14:39:14: Alt Info & Cfg {'radio_id': 1
15853	14:39:14: Orientation {'radio_id': 1
15854	14:39:14: Orientation {'radio_id': 1
15855	14:39:14: Position Data {'radio_id': 1
15856	14:39:14: Pyro Info {'radio_id': 1
15857	14:39:14: Line Cutter Data 5 {'radio_id': 1
15858	14:39:14: Orientation {'radio_id': 1
15859	14:39:14: Position Data {'radio_id': 1
15860	14:39:14: Orientation {'radio_id': 1
15861	14:39:14: Position Data {'radio_id': 1
15862	14:39:15: Orientation {'radio_id': 1
15863	14:39:15: Position Data {'radio_id': 1
15864	14:39:15: Orientation {'radio_id': 1
15865	14:39:15: Position Data {'radio_id': 1
15866	14:39:15: Alt Info & Cfg {'radio_id': 1
15867	14:39:15: Orientation {'radio_id': 1
15868	14:39:15: Position Data {'radio_id': 1
15869	14:39:15: Line Cutter Data 1 {'radio_id': 1
15870	14:39:15: Line Cutter Data 5 {'radio_id': 1
15871	14:39:15: Orientation {'radio_id': 1
15872	14:39:15: Position Data {'radio_id': 1
15873	14:39:15: Orientation {'radio_id': 1
15874	14:39:15: Position Data {'radio_id': 1
15875	14:39:16: Orientation {'radio_id': 1
15876	14:39:16: Ground Station GPS {'gs_lat': 44.8246337890625
15877	14:39:16: Orientation {'radio_id': 1
15878	14:39:16: Position Data {'radio_id': 1
15879	14:39:16: Orientation {'radio_id': 1
15880	14:39:16: Position Data {'radio_id': 1
15881	14:39:16: Pyro Info {'radio_id': 1
15882	14:39:16: Line Cutter Data 5 {'radio_id': 1
15883	14:39:16: Alt Info & Cfg {'radio_id': 1
15884	14:39:16: Orientation {'radio_id': 1
15885	14:39:16: Position Data {'radio_id': 1
15886	14:39:16: Orientation {'radio_id': 1
15887	14:39:16: Position Data {'radio_id': 1
15888	14:39:17: Orientation {'radio_id': 1
15889	14:39:17: Position Data {'radio_id': 1
15890	14:39:17: Orientation {'radio_id': 1
15891	14:39:17: Orientation {'radio_id': 1
15892	14:39:17: Position Data {'radio_id': 1
15893	14:39:17: Pyro Info {'radio_id': 1
15894	14:39:17: Line Cutter Data 1 {'radio_id': 1
15895	14:39:17: Line Cutter Data 5 {'radio_id': 1
15896	14:39:17: Orientation {'radio_id': 1
15897	14:39:17: Alt Info & Cfg {'radio_id': 1
15898	14:39:17: Orientation {'radio_id': 1
15899	14:39:17: Position Data {'radio_id': 1
15900	14:39:18: Orientation {'radio_id': 1
15901	14:39:18: Position Data {'radio_id': 1
15902	14:39:18: Ground Station GPS {'gs_lat': 44.8246337890625
15903	14:39:18: Orientation {'radio_id': 1
15904	14:39:18: Position Data {'radio_id': 1
15905	14:39:18: Orientation {'radio_id': 1
15906	14:39:18: Position Data {'radio_id': 1
15907	14:39:18: Pyro Info {'radio_id': 1
15908	14:39:18: Line Cutter Data 1 {'radio_id': 1
15909	14:39:18: Line Cutter Data 5 {'radio_id': 1
15910	14:39:18: Position Data {'radio_id': 1
15911	14:39:18: Orientation {'radio_id': 1
15912	14:39:18: Position Data {'radio_id': 1
15913	14:39:18: Alt Info & Cfg {'radio_id': 1
15914	14:39:19: Orientation {'radio_id': 1
15915	14:39:19: Position Data {'radio_id': 1
15916	14:39:19: Orientation {'radio_id': 1
15917	14:39:19: Position Data {'radio_id': 1
15918	14:39:19: Orientation {'radio_id': 1
15919	14:39:19: Position Data {'radio_id': 1
15920	14:39:19: Line Cutter Data 1 {'radio_id': 1
15921	14:39:19: Line Cutter Data 5 {'radio_id': 1
15922	14:39:19: Orientation {'radio_id': 1
15923	14:39:19: Position Data {'radio_id': 1
15924	14:39:19: Orientation {'radio_id': 1
15925	14:39:19: Position Data {'radio_id': 1
15926	14:39:20: Orientation {'radio_id': 1
15927	14:39:20: Ground Station GPS {'gs_lat': 44.8246337890625
15928	14:39:20: Orientation {'radio_id': 1
15929	14:39:20: Position Data {'radio_id': 1
15930	14:39:20: Alt Info & Cfg {'radio_id': 1
15931	14:39:20: Orientation {'radio_id': 1
15932	14:39:20: Pyro Info {'radio_id': 1
15933	14:39:20: Line Cutter Data 1 {'radio_id': 1
15934	14:39:20: Orientation {'radio_id': 1
15935	14:39:20: Position Data {'radio_id': 1
15936	14:39:20: Orientation {'radio_id': 1
15937	14:39:20: Position Data {'radio_id': 1
15938	14:39:21: Orientation {'radio_id': 1
15939	14:39:21: Position Data {'radio_id': 1
15940	14:39:21: Orientation {'radio_id': 1
15941	14:39:21: Position Data {'radio_id': 1
15942	14:39:21: Orientation {'radio_id': 1
15943	14:39:21: Alt Info & Cfg {'radio_id': 1
15944	14:39:21: Pyro Info {'radio_id': 1
15945	14:39:21: Line Cutter Data 1 {'radio_id': 1
15946	14:39:21: Line Cutter Data 5 {'radio_id': 1
15947	14:39:21: Orientation {'radio_id': 1
15948	14:39:21: Position Data {'radio_id': 1
15949	14:39:21: Orientation {'radio_id': 1
15950	14:39:21: Position Data {'radio_id': 1
15951	14:39:22: Orientation {'radio_id': 1
15952	14:39:22: Ground Station GPS {'gs_lat': 44.8246337890625
15953	14:39:22: Orientation {'radio_id': 1
15954	14:39:22: Position Data {'radio_id': 1
15955	14:39:22: Orientation {'radio_id': 1
15956	14:39:22: Position Data {'radio_id': 1
15957	14:39:22: Pyro Info {'radio_id': 1
15958	14:39:22: Line Cutter Data 1 {'radio_id': 1
15959	14:39:22: Line Cutter Data 5 {'radio_id': 1
15960	14:39:22: Orientation {'radio_id': 1
15961	14:39:22: Position Data {'radio_id': 1
15962	14:39:22: Orientation {'radio_id': 1
15963	14:39:22: Position Data {'radio_id': 1
15964	14:39:23: Orientation {'radio_id': 1
15965	14:39:23: Position Data {'radio_id': 1
15966	14:39:23: Orientation {'radio_id': 1
15967	14:39:23: Orientation {'radio_id': 1
15968	14:39:23: Position Data {'radio_id': 1
15969	14:39:23: Line Cutter Data 1 {'radio_id': 1
15970	14:39:23: Orientation {'radio_id': 1
15971	14:39:23: Line Cutter Vars 1 {'radio_id': 1
15972	14:39:23: Line Cutter Vars 5 {'radio_id': 1
15973	14:39:23: Orientation {'radio_id': 1
15974	14:39:23: Position Data {'radio_id': 1
15975	14:39:24: Orientation {'radio_id': 1
15976	14:39:24: Position Data {'radio_id': 1
15977	14:39:24: Ground Station GPS {'gs_lat': 44.8246337890625
15978	14:39:24: Orientation {'radio_id': 1
15979	14:39:24: Orientation {'radio_id': 1
15980	14:39:24: Position Data {'radio_id': 1
15981	14:39:24: Pyro Info {'radio_id': 1
15982	14:39:24: Line Cutter Data 5 {'radio_id': 1
15983	14:39:24: Orientation {'radio_id': 1
15984	14:39:24: Orientation {'radio_id': 1
15985	14:39:24: Position Data {'radio_id': 1
15986	14:39:25: Orientation {'radio_id': 1
15987	14:39:25: Position Data {'radio_id': 1
15988	14:39:25: Alt Info & Cfg {'radio_id': 1
15989	14:39:25: Orientation {'radio_id': 1
15990	14:39:25: Position Data {'radio_id': 1
15991	14:39:25: Orientation {'radio_id': 1
15992	14:39:25: Position Data {'radio_id': 1
15993	14:39:25: Pyro Info {'radio_id': 1
15994	14:39:25: Line Cutter Data 1 {'radio_id': 1
15995	14:39:25: Line Cutter Data 5 {'radio_id': 1
15996	14:39:25: Orientation {'radio_id': 1
15997	14:39:25: Position Data {'radio_id': 1
15998	14:39:25: Orientation {'radio_id': 1
15999	14:39:25: Position Data {'radio_id': 1
16000	14:39:26: Orientation {'radio_id': 1
16001	14:39:26: Position Data {'radio_id': 1
16002	14:39:26: Ground Station GPS {'gs_lat': 44.8246337890625
16003	14:39:26: Position Data {'radio_id': 1
16004	14:39:26: Alt Info & Cfg {'radio_id': 1
16005	14:39:26: Line Cutter Data 1 {'radio_id': 1
16006	14:39:26: Orientation {'radio_id': 1
16007	14:39:26: Orientation {'radio_id': 1
16008	14:39:26: Position Data {'radio_id': 1
16009	14:39:27: Orientation {'radio_id': 1
16010	14:39:27: Position Data {'radio_id': 1
16011	14:39:27: Orientation {'radio_id': 1
16012	14:39:27: Position Data {'radio_id': 1
16013	14:39:27: Orientation {'radio_id': 1
16014	14:39:27: Position Data {'radio_id': 1
16015	14:39:27: Pyro Info {'radio_id': 1
16016	14:39:27: Line Cutter Data 1 {'radio_id': 1
16017	14:39:27: Orientation {'radio_id': 1
16018	14:39:27: Alt Info & Cfg {'radio_id': 1
16019	14:39:28: Orientation {'radio_id': 1
16020	14:39:28: Ground Station GPS {'gs_lat': 44.8246337890625
16021	14:39:28: Orientation {'radio_id': 1
16022	14:39:28: Position Data {'radio_id': 1
16023	14:39:28: Orientation {'radio_id': 1
16024	14:39:28: Pyro Info {'radio_id': 1
16025	14:39:29: Line Cutter Data 1 {'radio_id': 1
16026	14:39:29: Line Cutter Data 5 {'radio_id': 1
16027	14:39:29: Alt Info & Cfg {'radio_id': 1
16028	14:39:29: Orientation {'radio_id': 1
16029	14:39:29: Position Data {'radio_id': 1
16030	14:39:29: Position Data {'radio_id': 1
16031	14:39:29: Orientation {'radio_id': 1
16032	14:39:29: Position Data {'radio_id': 1
16033	14:39:29: Orientation {'radio_id': 1
16034	14:39:29: Orientation {'radio_id': 1
16035	14:39:29: Pyro Info {'radio_id': 1
16036	14:39:29: Line Cutter Data 1 {'radio_id': 1
16037	14:39:30: Line Cutter Data 5 {'radio_id': 1
16038	14:39:30: Orientation {'radio_id': 1
16039	14:39:30: Alt Info & Cfg {'radio_id': 1
16040	14:39:30: Ground Station GPS {'gs_lat': 44.824641927083334
16041	14:39:30: Position Data {'radio_id': 1
16042	14:39:30: Orientation {'radio_id': 1
16043	14:39:30: Orientation {'radio_id': 1
16044	14:39:30: Position Data {'radio_id': 1
16045	14:39:30: Orientation {'radio_id': 1
16046	14:39:30: Pyro Info {'radio_id': 1
16047	14:39:31: Line Cutter Data 5 {'radio_id': 1
16048	14:39:31: Orientation {'radio_id': 1
16049	14:39:31: Position Data {'radio_id': 1
16050	14:39:31: Orientation {'radio_id': 1
16051	14:39:31: Position Data {'radio_id': 1
16052	14:39:31: Alt Info & Cfg {'radio_id': 1
16053	14:39:31: Orientation {'radio_id': 1
16054	14:39:31: Position Data {'radio_id': 1
16055	14:39:31: Orientation {'radio_id': 1
16056	14:39:31: Position Data {'radio_id': 1
16057	14:39:31: Orientation {'radio_id': 1
16058	14:39:31: Position Data {'radio_id': 1
16059	14:39:31: Pyro Info {'radio_id': 1
16060	14:39:32: Line Cutter Data 1 {'radio_id': 1
16061	14:39:32: Line Cutter Data 5 {'radio_id': 1
16062	14:39:32: Orientation {'radio_id': 1
16063	14:39:32: Position Data {'radio_id': 1
16064	14:39:32: Ground Station GPS {'gs_lat': 44.824641927083334
16065	14:39:32: Orientation {'radio_id': 1
16066	14:39:32: Orientation {'radio_id': 1
16067	14:39:32: Position Data {'radio_id': 1
16068	14:39:32: Orientation {'radio_id': 1
16069	14:39:32: Position Data {'radio_id': 1
16070	14:39:32: Alt Info & Cfg {'radio_id': 1
16071	14:39:32: Orientation {'radio_id': 1
16072	14:39:32: Position Data {'radio_id': 1
16073	14:39:32: Pyro Info {'radio_id': 1
16074	14:39:33: Line Cutter Data 1 {'radio_id': 1
16075	14:39:33: Line Cutter Data 5 {'radio_id': 1
16076	14:39:33: Orientation {'radio_id': 1
16077	14:39:33: Position Data {'radio_id': 1
16078	14:39:33: Orientation {'radio_id': 1
16079	14:39:33: Position Data {'radio_id': 1
16080	14:39:33: Orientation {'radio_id': 1
16081	14:39:33: Position Data {'radio_id': 1
16082	14:39:33: Orientation {'radio_id': 1
16083	14:39:33: Line Cutter Vars 1 {'radio_id': 1
16084	14:39:33: Orientation {'radio_id': 1
16085	14:39:33: Alt Info & Cfg {'radio_id': 1
16086	14:39:34: Line Cutter Data 1 {'radio_id': 1
16087	14:39:34: Line Cutter Data 5 {'radio_id': 1
16088	14:39:34: Position Data {'radio_id': 1
16089	14:39:34: Orientation {'radio_id': 1
16090	14:39:34: Position Data {'radio_id': 1
16091	14:39:34: Orientation {'radio_id': 1
16092	14:39:34: Position Data {'radio_id': 1
16093	14:39:34: Orientation {'radio_id': 1
16094	14:39:34: Position Data {'radio_id': 1
16095	14:39:34: Orientation {'radio_id': 1
16096	14:39:34: Pyro Info {'radio_id': 1
16097	14:39:35: Line Cutter Data 1 {'radio_id': 1
16098	14:39:35: Line Cutter Data 5 {'radio_id': 1
16099	14:39:35: Orientation {'radio_id': 1
16100	14:39:35: Position Data {'radio_id': 1
16101	14:39:35: Orientation {'radio_id': 1
16102	14:39:35: Position Data {'radio_id': 1
16103	14:39:35: Orientation {'radio_id': 1
16104	14:39:35: Position Data {'radio_id': 1
16105	14:39:35: Orientation {'radio_id': 1
16106	14:39:35: Position Data {'radio_id': 1
16107	14:39:35: Orientation {'radio_id': 1
16108	14:39:35: Pyro Info {'radio_id': 1
16109	14:39:36: Line Cutter Data 1 {'radio_id': 1
16110	14:39:36: Line Cutter Data 5 {'radio_id': 1
16111	14:39:36: Position Data {'radio_id': 1
16112	14:39:36: Ground Station GPS {'gs_lat': 44.824641927083334
16113	14:39:36: Orientation {'radio_id': 1
16114	14:39:36: Alt Info & Cfg {'radio_id': 1
16115	14:39:36: Orientation {'radio_id': 1
16116	14:39:36: Position Data {'radio_id': 1
16117	14:39:36: Orientation {'radio_id': 1
16118	14:39:36: Position Data {'radio_id': 1
16119	14:39:36: Orientation {'radio_id': 1
16120	14:39:36: Position Data {'radio_id': 1
16121	14:39:36: Pyro Info {'radio_id': 1
16122	14:39:37: Line Cutter Data 1 {'radio_id': 1
16123	14:39:37: Orientation {'radio_id': 1
16124	14:39:37: Position Data {'radio_id': 1
16125	14:39:37: Orientation {'radio_id': 1
16126	14:39:37: Position Data {'radio_id': 1
16127	14:39:37: Orientation {'radio_id': 1
16128	14:39:37: Position Data {'radio_id': 1
16129	14:39:37: Alt Info & Cfg {'radio_id': 1
16130	14:39:37: Orientation {'radio_id': 1
16131	14:39:37: Position Data {'radio_id': 1
16132	14:39:37: Orientation {'radio_id': 1
16133	14:39:37: Position Data {'radio_id': 1
16134	14:39:38: Pyro Info {'radio_id': 1
16135	14:39:38: Line Cutter Data 5 {'radio_id': 1
16136	14:39:38: Position Data {'radio_id': 1
16137	14:39:38: Ground Station GPS {'gs_lat': 44.824641927083334
16138	14:39:38: Position Data {'radio_id': 1
16139	14:39:38: Orientation {'radio_id': 1
16140	14:39:38: Position Data {'radio_id': 1
16141	14:39:38: Orientation {'radio_id': 1
16142	14:39:38: Position Data {'radio_id': 1
16143	14:39:38: Orientation {'radio_id': 1
16144	14:39:38: Position Data {'radio_id': 1
16145	14:39:39: Orientation {'radio_id': 1
16146	14:39:39: Position Data {'radio_id': 1
16147	14:39:39: Pyro Info {'radio_id': 1
16148	14:39:39: Line Cutter Data 1 {'radio_id': 1
16149	14:39:39: Line Cutter Data 5 {'radio_id': 1
16150	14:39:39: Orientation {'radio_id': 1
16151	14:39:39: Position Data {'radio_id': 1
16152	14:39:39: Orientation {'radio_id': 1
16153	14:39:39: Orientation {'radio_id': 1
16154	14:39:39: Orientation {'radio_id': 1
16155	14:39:40: Orientation {'radio_id': 1
16156	14:39:40: Position Data {'radio_id': 1
16157	14:39:40: Pyro Info {'radio_id': 1
16158	14:39:40: Line Cutter Data 1 {'radio_id': 1
16159	14:39:40: Ground Station GPS {'gs_lat': 44.824641927083334
16160	14:39:40: Alt Info & Cfg {'radio_id': 1
16161	14:39:40: Position Data {'radio_id': 1
16162	14:39:40: Orientation {'radio_id': 1
16163	14:39:40: Position Data {'radio_id': 1
16164	14:39:40: Orientation {'radio_id': 1
16165	14:39:40: Position Data {'radio_id': 1
16166	14:39:40: Orientation {'radio_id': 1
16167	14:39:40: Position Data {'radio_id': 1
16168	14:39:41: Orientation {'radio_id': 1
16169	14:39:41: Pyro Info {'radio_id': 1
16170	14:39:41: Line Cutter Data 1 {'radio_id': 1
16171	14:39:41: Line Cutter Data 5 {'radio_id': 1
16172	14:39:41: Orientation {'radio_id': 1
16173	14:39:41: Position Data {'radio_id': 1
16174	14:39:41: Alt Info & Cfg {'radio_id': 1
16175	14:39:41: Orientation {'radio_id': 1
16176	14:39:41: Position Data {'radio_id': 1
16177	14:39:41: Orientation {'radio_id': 1
16178	14:39:41: Position Data {'radio_id': 1
16179	14:39:41: Orientation {'radio_id': 1
16180	14:39:41: Position Data {'radio_id': 1
16181	14:39:42: Orientation {'radio_id': 1
16182	14:39:42: Position Data {'radio_id': 1
16183	14:39:42: Pyro Info {'radio_id': 1
16184	14:39:42: Line Cutter Data 1 {'radio_id': 1
16185	14:39:42: Line Cutter Data 5 {'radio_id': 1
16186	14:39:42: Orientation {'radio_id': 1
16187	14:39:42: Position Data {'radio_id': 1
16188	14:39:42: Orientation {'radio_id': 1
16189	14:39:42: Position Data {'radio_id': 1
16190	14:39:42: Orientation {'radio_id': 1
16191	14:39:42: Position Data {'radio_id': 1
16192	14:39:42: Orientation {'radio_id': 1
16193	14:39:42: Position Data {'radio_id': 1
16194	14:39:43: Orientation {'radio_id': 1
16195	14:39:43: Position Data {'radio_id': 1
16196	14:39:43: Pyro Info {'radio_id': 1
16197	14:39:43: Line Cutter Data 5 {'radio_id': 1
16198	14:39:43: Orientation {'radio_id': 1
16199	14:39:43: Position Data {'radio_id': 1
16200	14:39:43: Orientation {'radio_id': 1
16201	14:39:43: Position Data {'radio_id': 1
16202	14:39:43: Orientation {'radio_id': 1
16203	14:39:43: Position Data {'radio_id': 1
16204	14:39:43: Line Cutter Vars 1 {'radio_id': 1
16205	14:39:43: Line Cutter Vars 5 {'radio_id': 1
16206	14:39:43: Alt Info & Cfg {'radio_id': 1
16207	14:39:43: Orientation {'radio_id': 1
16208	14:39:43: Position Data {'radio_id': 1
16209	14:39:44: Orientation {'radio_id': 1
16210	14:39:44: Pyro Info {'radio_id': 1
16211	14:39:44: Line Cutter Data 5 {'radio_id': 1
16212	14:39:44: Ground Station GPS {'gs_lat': 44.824641927083334
16213	14:39:44: Position Data {'radio_id': 1
16214	14:39:44: Orientation {'radio_id': 1
16215	14:39:44: Position Data {'radio_id': 1
16216	14:39:44: Orientation {'radio_id': 1
16217	14:39:44: Position Data {'radio_id': 1
16218	14:39:44: Orientation {'radio_id': 1
16219	14:39:44: Position Data {'radio_id': 1
16220	14:39:45: Orientation {'radio_id': 1
16221	14:39:45: Position Data {'radio_id': 1
16222	14:39:45: Alt Info & Cfg {'radio_id': 1
16223	14:39:45: Pyro Info {'radio_id': 1
16224	14:39:45: Line Cutter Data 1 {'radio_id': 1
16225	14:39:45: Orientation {'radio_id': 1
16226	14:39:45: Orientation {'radio_id': 1
16227	14:39:45: Orientation {'radio_id': 1
16228	14:39:45: Orientation {'radio_id': 1
16229	14:39:45: Position Data {'radio_id': 1
16230	14:39:46: Orientation {'radio_id': 1
16231	14:39:46: Position Data {'radio_id': 1
16232	14:39:46: Pyro Info {'radio_id': 1
16233	14:39:46: Line Cutter Data 5 {'radio_id': 1
16234	14:39:46: Orientation {'radio_id': 1
16235	14:39:46: Position Data {'radio_id': 1
16236	14:39:46: Alt Info & Cfg {'radio_id': 1
16237	14:39:46: Orientation {'radio_id': 1
16238	14:39:46: Position Data {'radio_id': 1
16239	14:39:46: Orientation {'radio_id': 1
16240	14:39:46: Position Data {'radio_id': 1
16241	14:39:47: Orientation {'radio_id': 1
16242	14:39:47: Position Data {'radio_id': 1
16243	14:39:47: Pyro Info {'radio_id': 1
16244	14:39:47: Line Cutter Data 5 {'radio_id': 1
16245	14:39:47: Position Data {'radio_id': 1
16246	14:39:47: Alt Info & Cfg {'radio_id': 1
16247	14:39:47: Orientation {'radio_id': 1
16248	14:39:47: Orientation {'radio_id': 1
16249	14:39:47: Position Data {'radio_id': 1
16250	14:39:48: Orientation {'radio_id': 1
16251	14:39:48: Position Data {'radio_id': 1
16252	14:39:48: Orientation {'radio_id': 1
16253	14:39:48: Pyro Info {'radio_id': 1
16254	14:39:48: Line Cutter Data 1 {'radio_id': 1
16255	14:39:48: Line Cutter Data 5 {'radio_id': 1
16256	14:39:48: Orientation {'radio_id': 1
16257	14:39:48: Position Data {'radio_id': 1
16258	14:39:48: Orientation {'radio_id': 1
16259	14:39:48: Position Data {'radio_id': 1
16260	14:39:48: Alt Info & Cfg {'radio_id': 1
16261	14:39:48: Orientation {'radio_id': 1
16262	14:39:48: Position Data {'radio_id': 1
16263	14:39:49: Orientation {'radio_id': 1
16264	14:39:49: Position Data {'radio_id': 1
16265	14:39:49: Orientation {'radio_id': 1
16266	14:39:49: Pyro Info {'radio_id': 1
16267	14:39:49: Line Cutter Data 5 {'radio_id': 1
16268	14:39:49: Position Data {'radio_id': 1
16269	14:39:49: Orientation {'radio_id': 1
16270	14:39:49: Position Data {'radio_id': 1
16271	14:39:49: Orientation {'radio_id': 1
16272	14:39:50: Orientation {'radio_id': 1
16273	14:39:50: Position Data {'radio_id': 1
16274	14:39:50: Alt Info & Cfg {'radio_id': 1
16275	14:39:50: Orientation {'radio_id': 1
16276	14:39:50: Ground Station GPS {'gs_lat': 44.824641927083334
16277	14:39:50: Pyro Info {'radio_id': 1
16278	14:39:50: Line Cutter Data 1 {'radio_id': 1
16279	14:39:50: Line Cutter Data 5 {'radio_id': 1
16280	14:39:50: Orientation {'radio_id': 1
16281	14:39:50: Position Data {'radio_id': 1
16282	14:39:50: Orientation {'radio_id': 1
16283	14:39:50: Position Data {'radio_id': 1
16284	14:39:50: Orientation {'radio_id': 1
16285	14:39:50: Position Data {'radio_id': 1
16286	14:39:51: Orientation {'radio_id': 1
16287	14:39:51: Position Data {'radio_id': 1
16288	14:39:51: Orientation {'radio_id': 1
16289	14:39:51: Position Data {'radio_id': 1
16290	14:39:51: Alt Info & Cfg {'radio_id': 1
16291	14:39:51: Pyro Info {'radio_id': 1
16292	14:39:51: Line Cutter Data 5 {'radio_id': 1
16293	14:39:51: Orientation {'radio_id': 1
16294	14:39:51: Position Data {'radio_id': 1
16295	14:39:51: Orientation {'radio_id': 1
16296	14:39:51: Position Data {'radio_id': 1
16297	14:39:51: Orientation {'radio_id': 1
16298	14:39:51: Position Data {'radio_id': 1
16299	14:39:52: Orientation {'radio_id': 1
16300	14:39:52: Position Data {'radio_id': 1
16301	14:39:52: Orientation {'radio_id': 1
16302	14:39:52: Position Data {'radio_id': 1
16303	14:39:52: Pyro Info {'radio_id': 1
16304	14:39:52: Line Cutter Data 1 {'radio_id': 1
16305	14:39:52: Orientation {'radio_id': 1
16306	14:39:52: Alt Info & Cfg {'radio_id': 1
16307	14:39:52: Orientation {'radio_id': 1
16308	14:39:52: Position Data {'radio_id': 1
16309	14:39:52: Orientation {'radio_id': 1
16310	14:39:52: Position Data {'radio_id': 1
16311	14:39:53: Orientation {'radio_id': 1
16312	14:39:53: Orientation {'radio_id': 1
16313	14:39:53: Pyro Info {'radio_id': 1
16314	14:39:53: Line Cutter Data 5 {'radio_id': 1
16315	14:39:53: Orientation {'radio_id': 1
16316	14:39:53: Position Data {'radio_id': 1
16317	14:39:53: Orientation {'radio_id': 1
16318	14:39:53: Position Data {'radio_id': 1
16319	14:39:53: Line Cutter Vars 5 {'radio_id': 1
16320	14:39:53: Orientation {'radio_id': 1
16321	14:39:53: Position Data {'radio_id': 1
16322	14:39:54: Orientation {'radio_id': 1
16323	14:39:54: Position Data {'radio_id': 1
16324	14:39:54: Orientation {'radio_id': 1
16325	14:39:54: Position Data {'radio_id': 1
16326	14:39:54: Pyro Info {'radio_id': 1
16327	14:39:54: Line Cutter Data 5 {'radio_id': 1
16328	14:39:54: Orientation {'radio_id': 1
16329	14:39:54: Position Data {'radio_id': 1
16330	14:39:54: Orientation {'radio_id': 1
16331	14:39:54: Position Data {'radio_id': 1
16332	14:39:54: Orientation {'radio_id': 1
16333	14:39:54: Alt Info & Cfg {'radio_id': 1
16334	14:39:55: Orientation {'radio_id': 1
16335	14:39:55: Position Data {'radio_id': 1
16336	14:39:55: Orientation {'radio_id': 1
16337	14:39:55: Pyro Info {'radio_id': 1
16338	14:39:55: Line Cutter Data 5 {'radio_id': 1
16339	14:39:55: Orientation {'radio_id': 1
16340	14:39:55: Orientation {'radio_id': 1
16341	14:39:55: Position Data {'radio_id': 1
16342	14:39:55: Orientation {'radio_id': 1
16343	14:39:55: Position Data {'radio_id': 1
16344	14:39:56: Orientation {'radio_id': 1
16345	14:39:56: Position Data {'radio_id': 1
16346	14:39:56: Orientation {'radio_id': 1
16347	14:39:56: Ground Station GPS {'gs_lat': 44.824641927083334
16348	14:39:56: Alt Info & Cfg {'radio_id': 1
16349	14:39:56: Pyro Info {'radio_id': 1
16350	14:39:56: Line Cutter Data 1 {'radio_id': 1
16351	14:39:56: Orientation {'radio_id': 1
16352	14:39:56: Orientation {'radio_id': 1
16353	14:39:56: Position Data {'radio_id': 1
16354	14:39:56: Orientation {'radio_id': 1
16355	14:39:57: Orientation {'radio_id': 1
16356	14:39:57: Orientation {'radio_id': 1
16357	14:39:57: Position Data {'radio_id': 1
16358	14:39:57: Orientation {'radio_id': 1
16359	14:39:57: Pyro Info {'radio_id': 1
16360	14:39:57: Line Cutter Data 5 {'radio_id': 1
16361	14:39:57: Alt Info & Cfg {'radio_id': 1
16362	14:39:57: Position Data {'radio_id': 1
16363	14:39:57: Orientation {'radio_id': 1
16364	14:39:57: Position Data {'radio_id': 1
16365	14:39:58: Orientation {'radio_id': 1
16366	14:39:58: Position Data {'radio_id': 1
16367	14:39:58: Orientation {'radio_id': 1
16368	14:39:58: Orientation {'radio_id': 1
16369	14:39:58: Pyro Info {'radio_id': 1
16370	14:39:58: Line Cutter Data 5 {'radio_id': 1
16371	14:39:58: Position Data {'radio_id': 1
16372	14:39:58: Alt Info & Cfg {'radio_id': 1
16373	14:39:58: Orientation {'radio_id': 1
16374	14:39:58: Position Data {'radio_id': 1
16375	14:39:59: Orientation {'radio_id': 1
16376	14:39:59: Position Data {'radio_id': 1
16377	14:39:59: Orientation {'radio_id': 1
16378	14:39:59: Position Data {'radio_id': 1
16379	14:39:59: Orientation {'radio_id': 1
16380	14:39:59: Position Data {'radio_id': 1
16381	14:39:59: Line Cutter Data 1 {'radio_id': 1
16382	14:39:59: Line Cutter Data 5 {'radio_id': 1
16383	14:39:59: Orientation {'radio_id': 1
16384	14:39:59: Position Data {'radio_id': 1
16385	14:39:59: Orientation {'radio_id': 1
16386	14:39:59: Position Data {'radio_id': 1
16387	14:39:59: Alt Info & Cfg {'radio_id': 1
16388	14:40:00: Orientation {'radio_id': 1
16389	14:40:00: Position Data {'radio_id': 1
16390	14:40:00: Orientation {'radio_id': 1
16391	14:40:00: Position Data {'radio_id': 1
16392	14:40:00: Orientation {'radio_id': 1
16393	14:40:00: Position Data {'radio_id': 1
16394	14:40:00: Pyro Info {'radio_id': 1
16395	14:40:00: Line Cutter Data 5 {'radio_id': 1
16396	14:40:00: Orientation {'radio_id': 1
16397	14:40:00: Position Data {'radio_id': 1
16398	14:40:00: Orientation {'radio_id': 1
16399	14:40:01: Orientation {'radio_id': 1
16400	14:40:01: Alt Info & Cfg {'radio_id': 1
16401	14:40:01: Orientation {'radio_id': 1
16402	14:40:01: Orientation {'radio_id': 1
16403	14:40:01: Position Data {'radio_id': 1
16404	14:40:01: Pyro Info {'radio_id': 1
16405	14:40:01: Line Cutter Data 1 {'radio_id': 1
16406	14:40:01: Orientation {'radio_id': 1
16407	14:40:01: Position Data {'radio_id': 1
16408	14:40:01: Orientation {'radio_id': 1
16409	14:40:01: Position Data {'radio_id': 1
16410	14:40:02: Orientation {'radio_id': 1
16411	14:40:02: Position Data {'radio_id': 1
16412	14:40:02: Orientation {'radio_id': 1
16413	14:40:02: Ground Station GPS {'gs_lat': 44.824641927083334
16414	14:40:02: Orientation {'radio_id': 1
16415	14:40:02: Alt Info & Cfg {'radio_id': 1
16416	14:40:02: Line Cutter Data 1 {'radio_id': 1
16417	14:40:02: Line Cutter Data 5 {'radio_id': 1
16418	14:40:02: Orientation {'radio_id': 1
16419	14:40:02: Position Data {'radio_id': 1
16420	14:40:02: Orientation {'radio_id': 1
16421	14:40:02: Position Data {'radio_id': 1
16422	14:40:03: Orientation {'radio_id': 1
16423	14:40:03: Orientation {'radio_id': 1
16424	14:40:03: Position Data {'radio_id': 1
16425	14:40:03: Orientation {'radio_id': 1
16426	14:40:03: Pyro Info {'radio_id': 1
16427	14:40:03: Line Cutter Data 5 {'radio_id': 1
16428	14:40:03: Orientation {'radio_id': 1
16429	14:40:03: Position Data {'radio_id': 1
16430	14:40:03: Line Cutter Vars 1 {'radio_id': 1
16431	14:40:03: Line Cutter Vars 5 {'radio_id': 1
16432	14:40:04: Position Data {'radio_id': 1
16433	14:40:04: Position Data {'radio_id': 1
16434	14:40:04: Orientation {'radio_id': 1
16435	14:40:04: Position Data {'radio_id': 1
16436	14:40:04: Orientation {'radio_id': 1
16437	14:40:04: Pyro Info {'radio_id': 1
16438	14:40:04: Line Cutter Data 1 {'radio_id': 1
16439	14:40:04: Line Cutter Data 5 {'radio_id': 1
16440	14:40:04: Position Data {'radio_id': 1
16441	14:40:04: Orientation {'radio_id': 1
16442	14:40:05: Alt Info & Cfg {'radio_id': 1
16443	14:40:05: Orientation {'radio_id': 1
16444	14:40:05: Position Data {'radio_id': 1
16445	14:40:05: Orientation {'radio_id': 1
16446	14:40:05: Orientation {'radio_id': 1
16447	14:40:05: Position Data {'radio_id': 1
16448	14:40:05: Line Cutter Data 1 {'radio_id': 1
16449	14:40:05: Line Cutter Data 5 {'radio_id': 1
16450	14:40:05: Orientation {'radio_id': 1
16451	14:40:05: Position Data {'radio_id': 1
16452	14:40:06: Orientation {'radio_id': 1
16453	14:40:06: Position Data {'radio_id': 1
16454	14:40:06: Orientation {'radio_id': 1
16455	14:40:06: Orientation {'radio_id': 1
16456	14:40:06: Position Data {'radio_id': 1
16457	14:40:06: Orientation {'radio_id': 1
16458	14:40:06: Position Data {'radio_id': 1
16459	14:40:06: Pyro Info {'radio_id': 1
16460	14:40:06: Line Cutter Data 1 {'radio_id': 1
16461	14:40:06: Orientation {'radio_id': 1
16462	14:40:06: Position Data {'radio_id': 1
16463	14:40:07: Orientation {'radio_id': 1
16464	14:40:07: Orientation {'radio_id': 1
16465	14:40:07: Alt Info & Cfg {'radio_id': 1
16466	14:40:07: Orientation {'radio_id': 1
16467	14:40:07: Orientation {'radio_id': 1
16468	14:40:07: Pyro Info {'radio_id': 1
16469	14:40:07: Line Cutter Data 1 {'radio_id': 1
16470	14:40:07: Orientation {'radio_id': 1
16471	14:40:07: Position Data {'radio_id': 1
16472	14:40:08: Orientation {'radio_id': 1
16473	14:40:08: Position Data {'radio_id': 1
16474	14:40:08: Orientation {'radio_id': 1
16475	14:40:08: Position Data {'radio_id': 1
16476	14:40:08: Orientation {'radio_id': 1
16477	14:40:08: Position Data {'radio_id': 1
16478	14:40:08: Orientation {'radio_id': 1
16479	14:40:08: Pyro Info {'radio_id': 1
16480	14:40:08: Line Cutter Data 1 {'radio_id': 1
16481	14:40:08: Line Cutter Data 5 {'radio_id': 1
16482	14:40:08: Orientation {'radio_id': 1
16483	14:40:08: Position Data {'radio_id': 1
16484	14:40:09: Orientation {'radio_id': 1
16485	14:40:09: Position Data {'radio_id': 1
16486	14:40:09: Orientation {'radio_id': 1
16487	14:40:09: Orientation {'radio_id': 1
16488	14:40:09: Position Data {'radio_id': 1
16489	14:40:09: Orientation {'radio_id': 1
16490	14:40:09: Position Data {'radio_id': 1
16491	14:40:09: Line Cutter Data 1 {'radio_id': 1
16492	14:40:09: Orientation {'radio_id': 1
16493	14:40:09: Position Data {'radio_id': 1
16494	14:40:10: Alt Info & Cfg {'radio_id': 1
16495	14:40:10: Position Data {'radio_id': 1
16496	14:40:10: Orientation {'radio_id': 1
16497	14:40:10: Orientation {'radio_id': 1
16498	14:40:10: Position Data {'radio_id': 1
16499	14:40:10: Orientation {'radio_id': 1
16500	14:40:10: Pyro Info {'radio_id': 1
16501	14:40:10: Line Cutter Data 1 {'radio_id': 1
16502	14:40:10: Line Cutter Data 5 {'radio_id': 1
16503	14:40:10: Orientation {'radio_id': 1
16504	14:40:10: Position Data {'radio_id': 1
16505	14:40:11: Orientation {'radio_id': 1
16506	14:40:11: Alt Info & Cfg {'radio_id': 1
16507	14:40:11: Orientation {'radio_id': 1
16508	14:40:11: Orientation {'radio_id': 1
16509	14:40:11: Orientation {'radio_id': 1
16510	14:40:11: Position Data {'radio_id': 1
16511	14:40:11: Line Cutter Data 1 {'radio_id': 1
16512	14:40:11: Orientation {'radio_id': 1
16513	14:40:12: Orientation {'radio_id': 1
16514	14:40:12: Position Data {'radio_id': 1
16515	14:40:12: Orientation {'radio_id': 1
16516	14:40:12: Position Data {'radio_id': 1
16517	14:40:12: Alt Info & Cfg {'radio_id': 1
16518	14:40:12: Orientation {'radio_id': 1
16519	14:40:12: Position Data {'radio_id': 1
16520	14:40:12: Orientation {'radio_id': 1
16521	14:40:12: Pyro Info {'radio_id': 1
16522	14:40:12: Line Cutter Data 1 {'radio_id': 1
16523	14:40:12: Line Cutter Data 5 {'radio_id': 1
16524	14:40:12: Orientation {'radio_id': 1
16525	14:40:12: Position Data {'radio_id': 1
16526	14:40:13: Orientation {'radio_id': 1
16527	14:40:13: Orientation {'radio_id': 1
16528	14:40:13: Orientation {'radio_id': 1
16529	14:40:13: Position Data {'radio_id': 1
16530	14:40:13: Alt Info & Cfg {'radio_id': 1
16531	14:40:13: Orientation {'radio_id': 1
16532	14:40:13: Line Cutter Vars 1 {'radio_id': 1
16533	14:40:13: Line Cutter Vars 5 {'radio_id': 1
16534	14:40:13: Pyro Info {'radio_id': 1
16535	14:40:13: Line Cutter Data 1 {'radio_id': 1
16536	14:40:14: Orientation {'radio_id': 1
16537	14:40:14: Position Data {'radio_id': 1
16538	14:40:14: Orientation {'radio_id': 1
16539	14:40:14: Position Data {'radio_id': 1
16540	14:40:14: Orientation {'radio_id': 1
16541	14:40:14: Position Data {'radio_id': 1
16542	14:40:14: Orientation {'radio_id': 1
16543	14:40:14: Position Data {'radio_id': 1
16544	14:40:14: Orientation {'radio_id': 1
16545	14:40:14: Pyro Info {'radio_id': 1
16546	14:40:14: Line Cutter Data 5 {'radio_id': 1
16547	14:40:14: Position Data {'radio_id': 1
16548	14:40:15: Orientation {'radio_id': 1
16549	14:40:15: Position Data {'radio_id': 1
16550	14:40:15: Orientation {'radio_id': 1
16551	14:40:15: Position Data {'radio_id': 1
16552	14:40:15: Orientation {'radio_id': 1
16553	14:40:15: Position Data {'radio_id': 1
16554	14:40:15: Orientation {'radio_id': 1
16555	14:40:15: Position Data {'radio_id': 1
16556	14:40:15: Orientation {'radio_id': 1
16557	14:40:15: Position Data {'radio_id': 1
16558	14:40:15: Pyro Info {'radio_id': 1
16559	14:40:16: Line Cutter Data 1 {'radio_id': 1
16560	14:40:16: Line Cutter Data 5 {'radio_id': 1
16561	14:40:16: Orientation {'radio_id': 1
16562	14:40:16: Position Data {'radio_id': 1
16563	14:40:16: Alt Info & Cfg {'radio_id': 1
16564	14:40:16: Orientation {'radio_id': 1
16565	14:40:16: Ground Station GPS {'gs_lat': 44.824641927083334
16566	14:40:16: Orientation {'radio_id': 1
16567	14:40:16: Orientation {'radio_id': 1
16568	14:40:16: Position Data {'radio_id': 1
16569	14:40:16: Orientation {'radio_id': 1
16570	14:40:16: Position Data {'radio_id': 1
16571	14:40:17: Line Cutter Data 1 {'radio_id': 1
16572	14:40:17: Line Cutter Data 5 {'radio_id': 1
16573	14:40:17: Orientation {'radio_id': 1
16574	14:40:17: Position Data {'radio_id': 1
16575	14:40:17: Orientation {'radio_id': 1
16576	14:40:17: Position Data {'radio_id': 1
16577	14:40:17: Orientation {'radio_id': 1
16578	14:40:17: Position Data {'radio_id': 1
16579	14:40:17: Orientation {'radio_id': 1
16580	14:40:17: Orientation {'radio_id': 1
16581	14:40:17: Line Cutter Data 1 {'radio_id': 1
16582	14:40:18: Line Cutter Data 5 {'radio_id': 1
16583	14:40:18: Orientation {'radio_id': 1
16584	14:40:18: Position Data {'radio_id': 1
16585	14:40:18: Orientation {'radio_id': 1
16586	14:40:18: Position Data {'radio_id': 1
16587	14:40:18: Orientation {'radio_id': 1
16588	14:40:18: Alt Info & Cfg {'radio_id': 1
16589	14:40:18: Orientation {'radio_id': 1
16590	14:40:18: Position Data {'radio_id': 1
16591	14:40:18: Orientation {'radio_id': 1
16592	14:40:18: Position Data {'radio_id': 1
16593	14:40:19: Pyro Info {'radio_id': 1
16594	14:40:19: Line Cutter Data 5 {'radio_id': 1
16595	14:40:19: Position Data {'radio_id': 1
16596	14:40:19: Orientation {'radio_id': 1
16597	14:40:19: Position Data {'radio_id': 1
16598	14:40:19: Orientation {'radio_id': 1
16599	14:40:19: Orientation {'radio_id': 1
16600	14:40:19: Alt Info & Cfg {'radio_id': 1
16601	14:40:19: Orientation {'radio_id': 1
16602	14:40:20: Pyro Info {'radio_id': 1
16603	14:40:20: Line Cutter Data 5 {'radio_id': 1
16604	14:40:20: Orientation {'radio_id': 1
16605	14:40:20: Orientation {'radio_id': 1
16606	14:40:20: Position Data {'radio_id': 1
16607	14:40:20: Orientation {'radio_id': 1
16608	14:40:20: Position Data {'radio_id': 1
16609	14:40:20: Orientation {'radio_id': 1
16610	14:40:20: Position Data {'radio_id': 1
16611	14:40:20: Orientation {'radio_id': 1
16612	14:40:20: Position Data {'radio_id': 1
16613	14:40:21: Line Cutter Data 1 {'radio_id': 1
16614	14:40:21: Orientation {'radio_id': 1
16615	14:40:21: Alt Info & Cfg {'radio_id': 1
16616	14:40:21: Orientation {'radio_id': 1
16617	14:40:21: Position Data {'radio_id': 1
16618	14:40:21: Orientation {'radio_id': 1
16619	14:40:21: Position Data {'radio_id': 1
16620	14:40:21: Orientation {'radio_id': 1
16621	14:40:21: Orientation {'radio_id': 1
16622	14:40:21: Pyro Info {'radio_id': 1
16623	14:40:22: Line Cutter Data 1 {'radio_id': 1
16624	14:40:22: Line Cutter Data 5 {'radio_id': 1
16625	14:40:22: Orientation {'radio_id': 1
16626	14:40:22: Position Data {'radio_id': 1
16627	14:40:22: Orientation {'radio_id': 1
16628	14:40:22: Position Data {'radio_id': 1
16629	14:40:22: Ground Station GPS {'gs_lat': 44.824641927083334
16630	14:40:22: Orientation {'radio_id': 1
16631	14:40:22: Position Data {'radio_id': 1
16632	14:40:22: Orientation {'radio_id': 1
16633	14:40:22: Position Data {'radio_id': 1
16634	14:40:22: Orientation {'radio_id': 1
16635	14:40:22: Pyro Info {'radio_id': 1
16636	14:40:23: Line Cutter Data 5 {'radio_id': 1
16637	14:40:23: Position Data {'radio_id': 1
16638	14:40:23: Orientation {'radio_id': 1
16639	14:40:23: Position Data {'radio_id': 1
16640	14:40:23: Orientation {'radio_id': 1
16641	14:40:23: Position Data {'radio_id': 1
16642	14:40:23: Alt Info & Cfg {'radio_id': 1
16643	14:40:23: Orientation {'radio_id': 1
16644	14:40:23: Position Data {'radio_id': 1
16645	14:40:23: Line Cutter Vars 1 {'radio_id': 1
16646	14:40:23: Line Cutter Vars 5 {'radio_id': 1
16647	14:40:23: Position Data {'radio_id': 1
16648	14:40:23: Pyro Info {'radio_id': 1
16649	14:40:24: Line Cutter Data 1 {'radio_id': 1
16650	14:40:24: Line Cutter Data 5 {'radio_id': 1
16651	14:40:24: Orientation {'radio_id': 1
16652	14:40:24: Ground Station GPS {'gs_lat': 44.824641927083334
16653	14:40:24: Orientation {'radio_id': 1
16654	14:40:24: Orientation {'radio_id': 1
16655	14:40:24: Position Data {'radio_id': 1
16656	14:40:24: Orientation {'radio_id': 1
16657	14:40:24: Position Data {'radio_id': 1
16658	14:40:25: Line Cutter Data 1 {'radio_id': 1
16659	14:40:25: Orientation {'radio_id': 1
16660	14:40:25: Orientation {'radio_id': 1
16661	14:40:25: Position Data {'radio_id': 1
16662	14:40:25: Orientation {'radio_id': 1
16663	14:40:25: Position Data {'radio_id': 1
16664	14:40:25: Orientation {'radio_id': 1
16665	14:40:25: Position Data {'radio_id': 1
16666	14:40:25: Orientation {'radio_id': 1
16667	14:40:25: Position Data {'radio_id': 1
16668	14:40:26: Pyro Info {'radio_id': 1
16669	14:40:26: Line Cutter Data 1 {'radio_id': 1
16670	14:40:26: Line Cutter Data 5 {'radio_id': 1
16671	14:40:26: Position Data {'radio_id': 1
16672	14:40:26: Orientation {'radio_id': 1
16673	14:40:26: Position Data {'radio_id': 1
16674	14:40:26: Orientation {'radio_id': 1
16675	14:40:26: Orientation {'radio_id': 1
16676	14:40:26: Orientation {'radio_id': 1
16677	14:40:26: Position Data {'radio_id': 1
16678	14:40:27: Line Cutter Data 1 {'radio_id': 1
16679	14:40:27: Orientation {'radio_id': 1
16680	14:40:27: Alt Info & Cfg {'radio_id': 1
16681	14:40:27: Orientation {'radio_id': 1
16682	14:40:27: Position Data {'radio_id': 1
16683	14:40:27: Orientation {'radio_id': 1
16684	14:40:27: Position Data {'radio_id': 1
16685	14:40:27: Orientation {'radio_id': 1
16686	14:40:27: Position Data {'radio_id': 1
16687	14:40:27: Orientation {'radio_id': 1
16688	14:40:27: Pyro Info {'radio_id': 1
16689	14:40:28: Line Cutter Data 5 {'radio_id': 1
16690	14:40:28: Position Data {'radio_id': 1
16691	14:40:28: Orientation {'radio_id': 1
16692	14:40:28: Position Data {'radio_id': 1
16693	14:40:28: Orientation {'radio_id': 1
16694	14:40:28: Alt Info & Cfg {'radio_id': 1
16695	14:40:28: Orientation {'radio_id': 1
16696	14:40:28: Position Data {'radio_id': 1
16697	14:40:28: Orientation {'radio_id': 1
16698	14:40:28: Position Data {'radio_id': 1
16699	14:40:29: Pyro Info {'radio_id': 1
16700	14:40:29: Line Cutter Data 5 {'radio_id': 1
16701	14:40:29: Position Data {'radio_id': 1
16702	14:40:29: Orientation {'radio_id': 1
16703	14:40:29: Orientation {'radio_id': 1
16704	14:40:29: Orientation {'radio_id': 1
16705	14:40:29: Position Data {'radio_id': 1
16706	14:40:29: Alt Info & Cfg {'radio_id': 1
16707	14:40:29: Orientation {'radio_id': 1
16708	14:40:29: Position Data {'radio_id': 1
16709	14:40:30: Line Cutter Data 5 {'radio_id': 1
16710	14:40:30: Orientation {'radio_id': 1
16711	14:40:30: Orientation {'radio_id': 1
16712	14:40:30: Position Data {'radio_id': 1
16713	14:40:30: Orientation {'radio_id': 1
16714	14:40:30: Position Data {'radio_id': 1
16715	14:40:30: Orientation {'radio_id': 1
16716	14:40:30: Position Data {'radio_id': 1
16717	14:40:30: Orientation {'radio_id': 1
16718	14:40:30: Position Data {'radio_id': 1
16719	14:40:30: Alt Info & Cfg {'radio_id': 1
16720	14:40:31: Pyro Info {'radio_id': 1
16721	14:40:31: Line Cutter Data 1 {'radio_id': 1
16722	14:40:31: Orientation {'radio_id': 1
16723	14:40:31: Position Data {'radio_id': 1
16724	14:40:31: Orientation {'radio_id': 1
16725	14:40:31: Orientation {'radio_id': 1
16726	14:40:31: Position Data {'radio_id': 1
16727	14:40:31: Orientation {'radio_id': 1
16728	14:40:31: Orientation {'radio_id': 1
16729	14:40:31: Position Data {'radio_id': 1
16730	14:40:31: Pyro Info {'radio_id': 1
16731	14:40:32: Line Cutter Data 1 {'radio_id': 1
16732	14:40:32: Orientation {'radio_id': 1
16733	14:40:32: Alt Info & Cfg {'radio_id': 1
16734	14:40:32: Orientation {'radio_id': 1
16735	14:40:32: Ground Station GPS {'gs_lat': 44.824650065104166
16736	14:40:32: Orientation {'radio_id': 1
16737	14:40:32: Orientation {'radio_id': 1
16738	14:40:32: Position Data {'radio_id': 1
16739	14:40:32: Orientation {'radio_id': 1
16740	14:40:33: Line Cutter Data 1 {'radio_id': 1
16741	14:40:33: Orientation {'radio_id': 1
16742	14:40:33: Position Data {'radio_id': 1
16743	14:40:33: Orientation {'radio_id': 1
16744	14:40:33: Alt Info & Cfg {'radio_id': 1
16745	14:40:33: Orientation {'radio_id': 1
16746	14:40:33: Position Data {'radio_id': 1
16747	14:40:33: Orientation {'radio_id': 1
16748	14:40:33: Position Data {'radio_id': 1
16749	14:40:33: Line Cutter Vars 1 {'radio_id': 1
16750	14:40:33: Line Cutter Vars 5 {'radio_id': 1
16751	14:40:33: Orientation {'radio_id': 1
16752	14:40:34: Orientation {'radio_id': 1
16753	14:40:34: Pyro Info {'radio_id': 1
16754	14:40:34: Line Cutter Data 5 {'radio_id': 1
16755	14:40:34: Position Data {'radio_id': 1
16756	14:40:34: Ground Station GPS {'gs_lat': 44.824650065104166
16757	14:40:34: Orientation {'radio_id': 1
16758	14:40:34: Alt Info & Cfg {'radio_id': 1
16759	14:40:34: Orientation {'radio_id': 1
16760	14:40:34: Orientation {'radio_id': 1
16761	14:40:35: Orientation {'radio_id': 1
16762	14:40:35: Position Data {'radio_id': 1
16763	14:40:35: Line Cutter Data 1 {'radio_id': 1
16764	14:40:35: Orientation {'radio_id': 1
16765	14:40:35: Orientation {'radio_id': 1
16766	14:40:35: Position Data {'radio_id': 1
16767	14:40:35: Orientation {'radio_id': 1
16768	14:40:35: Position Data {'radio_id': 1
16769	14:40:35: Orientation {'radio_id': 1
16770	14:40:35: Position Data {'radio_id': 1
16771	14:40:36: Orientation {'radio_id': 1
16772	14:40:36: Position Data {'radio_id': 1
16773	14:40:36: Pyro Info {'radio_id': 1
16774	14:40:36: Line Cutter Data 5 {'radio_id': 1
16775	14:40:36: Orientation {'radio_id': 1
16776	14:40:36: Position Data {'radio_id': 1
16777	14:40:36: Ground Station GPS {'gs_lat': 44.824650065104166
16778	14:40:36: Orientation {'radio_id': 1
16779	14:40:36: Position Data {'radio_id': 1
16780	14:40:36: Orientation {'radio_id': 1
16781	14:40:36: Position Data {'radio_id': 1
16782	14:40:36: Orientation {'radio_id': 1
16783	14:40:36: Position Data {'radio_id': 1
16784	14:40:37: Orientation {'radio_id': 1
16785	14:40:37: Position Data {'radio_id': 1
16786	14:40:37: Pyro Info {'radio_id': 1
16787	14:40:37: Line Cutter Data 1 {'radio_id': 1
16788	14:40:37: Orientation {'radio_id': 1
16789	14:40:37: Position Data {'radio_id': 1
16790	14:40:37: Position Data {'radio_id': 1
16791	14:40:37: Orientation {'radio_id': 1
16792	14:40:37: Position Data {'radio_id': 1
16793	14:40:37: Orientation {'radio_id': 1
16794	14:40:37: Position Data {'radio_id': 1
16795	14:40:38: Orientation {'radio_id': 1
16796	14:40:38: Position Data {'radio_id': 1
16797	14:40:38: Pyro Info {'radio_id': 1
16798	14:40:38: Line Cutter Data 1 {'radio_id': 1
16799	14:40:38: Orientation {'radio_id': 1
16800	14:40:38: Position Data {'radio_id': 1
16801	14:40:38: Orientation {'radio_id': 1
16802	14:40:38: Position Data {'radio_id': 1
16803	14:40:38: Orientation {'radio_id': 1
16804	14:40:38: Position Data {'radio_id': 1
16805	14:40:38: Orientation {'radio_id': 1
16806	14:40:38: Position Data {'radio_id': 1
16807	14:40:39: Orientation {'radio_id': 1
16808	14:40:39: Position Data {'radio_id': 1
16809	14:40:39: Pyro Info {'radio_id': 1
16810	14:40:39: Line Cutter Data 1 {'radio_id': 1
16811	14:40:39: Line Cutter Data 5 {'radio_id': 1
16812	14:40:39: Position Data {'radio_id': 1
16813	14:40:39: Orientation {'radio_id': 1
16814	14:40:39: Position Data {'radio_id': 1
16815	14:40:39: Alt Info & Cfg {'radio_id': 1
16816	14:40:39: Orientation {'radio_id': 1
16817	14:40:39: Orientation {'radio_id': 1
16818	14:40:39: Position Data {'radio_id': 1
16819	14:40:40: Orientation {'radio_id': 1
16820	14:40:40: Position Data {'radio_id': 1
16821	14:40:40: Line Cutter Data 1 {'radio_id': 1
16822	14:40:40: Line Cutter Data 5 {'radio_id': 1
16823	14:40:40: Orientation {'radio_id': 1
16824	14:40:40: Ground Station GPS {'gs_lat': 44.824658203125
16825	14:40:40: Orientation {'radio_id': 1
16826	14:40:40: Orientation {'radio_id': 1
16827	14:40:40: Position Data {'radio_id': 1
16828	14:40:40: Orientation {'radio_id': 1
16829	14:40:40: Position Data {'radio_id': 1
16830	14:40:41: Orientation {'radio_id': 1
16831	14:40:41: Position Data {'radio_id': 1
16832	14:40:41: Line Cutter Data 1 {'radio_id': 1
16833	14:40:41: Orientation {'radio_id': 1
16834	14:40:41: Position Data {'radio_id': 1
16835	14:40:41: Orientation {'radio_id': 1
16836	14:40:41: Position Data {'radio_id': 1
16837	14:40:41: Orientation {'radio_id': 1
16838	14:40:41: Position Data {'radio_id': 1
16839	14:40:41: Orientation {'radio_id': 1
16840	14:40:41: Alt Info & Cfg {'radio_id': 1
16841	14:40:42: Orientation {'radio_id': 1
16842	14:40:42: Position Data {'radio_id': 1
16843	14:40:42: Pyro Info {'radio_id': 1
16844	14:40:42: Line Cutter Data 1 {'radio_id': 1
16845	14:40:42: Ground Station GPS {'gs_lat': 44.824658203125
16846	14:40:42: Line Cutter Data 5 {'radio_id': 1
16847	14:40:42: Orientation {'radio_id': 1
16848	14:40:42: Orientation {'radio_id': 1
16849	14:40:43: Orientation {'radio_id': 1
16850	14:40:43: Pyro Info {'radio_id': 1
16851	14:40:43: Line Cutter Data 5 {'radio_id': 1
16852	14:40:43: Position Data {'radio_id': 1
16853	14:40:43: Orientation {'radio_id': 1
16854	14:40:43: Position Data {'radio_id': 1
16855	14:40:43: Orientation {'radio_id': 1
16856	14:40:43: Position Data {'radio_id': 1
16857	14:40:43: Line Cutter Vars 1 {'radio_id': 1
16858	14:40:43: Line Cutter Vars 5 {'radio_id': 1
16859	14:40:43: Orientation {'radio_id': 1
16860	14:40:43: Position Data {'radio_id': 1
16861	14:40:44: Orientation {'radio_id': 1
16862	14:40:44: Position Data {'radio_id': 1
16863	14:40:44: Pyro Info {'radio_id': 1
16864	14:40:44: Line Cutter Data 1 {'radio_id': 1
16865	14:40:44: Orientation {'radio_id': 1
16866	14:40:44: Position Data {'radio_id': 1
16867	14:40:44: Orientation {'radio_id': 1
16868	14:40:44: Position Data {'radio_id': 1
16869	14:40:44: Orientation {'radio_id': 1
16870	14:40:44: Position Data {'radio_id': 1
16871	14:40:44: Orientation {'radio_id': 1
16872	14:40:45: Orientation {'radio_id': 1
16873	14:40:45: Position Data {'radio_id': 1
16874	14:40:45: Line Cutter Data 5 {'radio_id': 1
16875	14:40:45: Position Data {'radio_id': 1
16876	14:40:45: Orientation {'radio_id': 1
16877	14:40:45: Position Data {'radio_id': 1
16878	14:40:45: Orientation {'radio_id': 1
16879	14:40:45: Position Data {'radio_id': 1
16880	14:40:45: Alt Info & Cfg {'radio_id': 1
16881	14:40:45: Orientation {'radio_id': 1
16882	14:40:46: Orientation {'radio_id': 1
16883	14:40:46: Position Data {'radio_id': 1
16884	14:40:46: Pyro Info {'radio_id': 1
16885	14:40:46: Line Cutter Data 1 {'radio_id': 1
16886	14:40:46: Line Cutter Data 5 {'radio_id': 1
16887	14:40:46: Orientation {'radio_id': 1
16888	14:40:46: Ground Station GPS {'gs_lat': 44.824658203125
16889	14:40:46: Position Data {'radio_id': 1
16890	14:40:46: Orientation {'radio_id': 1
16891	14:40:46: Position Data {'radio_id': 1
16892	14:40:46: Orientation {'radio_id': 1
16893	14:40:46: Position Data {'radio_id': 1
16894	14:40:47: Orientation {'radio_id': 1
16895	14:40:47: Position Data {'radio_id': 1
16896	14:40:47: Pyro Info {'radio_id': 1
16897	14:40:47: Line Cutter Data 1 {'radio_id': 1
16898	14:40:47: Orientation {'radio_id': 1
16899	14:40:47: Orientation {'radio_id': 1
16900	14:40:47: Position Data {'radio_id': 1
16901	14:40:47: Orientation {'radio_id': 1
16902	14:40:47: Position Data {'radio_id': 1
16903	14:40:47: Orientation {'radio_id': 1
16904	14:40:48: Orientation {'radio_id': 1
16905	14:40:48: Pyro Info {'radio_id': 1
16906	14:40:48: Line Cutter Data 1 {'radio_id': 1
16907	14:40:48: Orientation {'radio_id': 1
16908	14:40:48: Position Data {'radio_id': 1
16909	14:40:48: Orientation {'radio_id': 1
16910	14:40:48: Orientation {'radio_id': 1
16911	14:40:48: Position Data {'radio_id': 1
16912	14:40:48: Orientation {'radio_id': 1
16913	14:40:48: Position Data {'radio_id': 1
16914	14:40:49: Orientation {'radio_id': 1
16915	14:40:49: Position Data {'radio_id': 1
16916	14:40:49: Pyro Info {'radio_id': 1
16917	14:40:49: Line Cutter Data 1 {'radio_id': 1
16918	14:40:49: Orientation {'radio_id': 1
16919	14:40:49: Alt Info & Cfg {'radio_id': 1
16920	14:40:49: Orientation {'radio_id': 1
16921	14:40:49: Orientation {'radio_id': 1
16922	14:40:49: Position Data {'radio_id': 1
16923	14:40:49: Orientation {'radio_id': 1
16924	14:40:49: Position Data {'radio_id': 1
16925	14:40:50: Orientation {'radio_id': 1
16926	14:40:50: Position Data {'radio_id': 1
16927	14:40:50: Pyro Info {'radio_id': 1
16928	14:40:50: Line Cutter Data 1 {'radio_id': 1
16929	14:40:50: Line Cutter Data 5 {'radio_id': 1
16930	14:40:50: Orientation {'radio_id': 1
16931	14:40:50: Ground Station GPS {'gs_lat': 44.824658203125
16932	14:40:50: Orientation {'radio_id': 1
16933	14:40:50: Position Data {'radio_id': 1
16934	14:40:50: Orientation {'radio_id': 1
16935	14:40:50: Alt Info & Cfg {'radio_id': 1
16936	14:40:50: Orientation {'radio_id': 1
16937	14:40:50: Position Data {'radio_id': 1
16938	14:40:51: Orientation {'radio_id': 1
16939	14:40:51: Position Data {'radio_id': 1
16940	14:40:51: Line Cutter Data 1 {'radio_id': 1
16941	14:40:51: Line Cutter Data 5 {'radio_id': 1
16942	14:40:51: Orientation {'radio_id': 1
16943	14:40:51: Orientation {'radio_id': 1
16944	14:40:51: Position Data {'radio_id': 1
16945	14:40:51: Orientation {'radio_id': 1
16946	14:40:51: Position Data {'radio_id': 1
16947	14:40:51: Orientation {'radio_id': 1
16948	14:40:51: Position Data {'radio_id': 1
16949	14:40:52: Orientation {'radio_id': 1
16950	14:40:52: Position Data {'radio_id': 1
16951	14:40:52: Pyro Info {'radio_id': 1
16952	14:40:52: Line Cutter Data 1 {'radio_id': 1
16953	14:40:52: Line Cutter Data 5 {'radio_id': 1
16954	14:40:52: Orientation {'radio_id': 1
16955	14:40:52: Ground Station GPS {'gs_lat': 44.824658203125
16956	14:40:52: Orientation {'radio_id': 1
16957	14:40:52: Orientation {'radio_id': 1
16958	14:40:52: Orientation {'radio_id': 1
16959	14:40:52: Position Data {'radio_id': 1
16960	14:40:53: Orientation {'radio_id': 1
16961	14:40:53: Position Data {'radio_id': 1
16962	14:40:53: Alt Info & Cfg {'radio_id': 1
16963	14:40:53: Line Cutter Data 1 {'radio_id': 1
16964	14:40:53: Line Cutter Data 5 {'radio_id': 1
16965	14:40:53: Orientation {'radio_id': 1
16966	14:40:53: Orientation {'radio_id': 1
16967	14:40:53: Orientation {'radio_id': 1
16968	14:40:53: Position Data {'radio_id': 1
16969	14:40:53: Line Cutter Vars 1 {'radio_id': 1
16970	14:40:53: Line Cutter Vars 5 {'radio_id': 1
16971	14:40:53: Position Data {'radio_id': 1
16972	14:40:54: Orientation {'radio_id': 1
16973	14:40:54: Position Data {'radio_id': 1
16974	14:40:54: Pyro Info {'radio_id': 1
16975	14:40:54: Line Cutter Data 1 {'radio_id': 1
16976	14:40:54: Orientation {'radio_id': 1
16977	14:40:54: Alt Info & Cfg {'radio_id': 1
16978	14:40:54: Ground Station GPS {'gs_lat': 44.824658203125
16979	14:40:54: Orientation {'radio_id': 1
16980	14:40:54: Orientation {'radio_id': 1
16981	14:40:54: Orientation {'radio_id': 1
16982	14:40:55: Orientation {'radio_id': 1
16983	14:40:55: Position Data {'radio_id': 1
16984	14:40:55: Line Cutter Data 1 {'radio_id': 1
16985	14:40:55: Line Cutter Data 5 {'radio_id': 1
16986	14:40:55: Orientation {'radio_id': 1
16987	14:40:55: Position Data {'radio_id': 1
16988	14:40:55: Orientation {'radio_id': 1
16989	14:40:55: Position Data {'radio_id': 1
16990	14:40:55: Orientation {'radio_id': 1
16991	14:40:55: Position Data {'radio_id': 1
16992	14:40:55: Orientation {'radio_id': 1
16993	14:40:55: Position Data {'radio_id': 1
16994	14:40:56: Orientation {'radio_id': 1
16995	14:40:56: Pyro Info {'radio_id': 1
16996	14:40:56: Line Cutter Data 5 {'radio_id': 1
16997	14:40:56: Orientation {'radio_id': 1
16998	14:40:56: Ground Station GPS {'gs_lat': 44.824658203125
16999	14:40:56: Orientation {'radio_id': 1
17000	14:40:56: Orientation {'radio_id': 1
17001	14:40:56: Position Data {'radio_id': 1
17002	14:40:56: Orientation {'radio_id': 1
17003	14:40:56: Position Data {'radio_id': 1
17004	14:40:56: Alt Info & Cfg {'radio_id': 1
17005	14:40:57: Orientation {'radio_id': 1
17006	14:40:57: Position Data {'radio_id': 1
17007	14:40:57: Orientation {'radio_id': 1
17008	14:40:57: Pyro Info {'radio_id': 1
17009	14:40:57: Line Cutter Data 5 {'radio_id': 1
17010	14:40:57: Position Data {'radio_id': 1
17011	14:40:57: Orientation {'radio_id': 1
17012	14:40:57: Position Data {'radio_id': 1
17013	14:40:57: Orientation {'radio_id': 1
17014	14:40:57: Position Data {'radio_id': 1
17015	14:40:58: Orientation {'radio_id': 1
17016	14:40:58: Alt Info & Cfg {'radio_id': 1
17017	14:40:58: Orientation {'radio_id': 1
17018	14:40:58: Position Data {'radio_id': 1
17019	14:40:58: Pyro Info {'radio_id': 1
17020	14:40:58: Line Cutter Data 5 {'radio_id': 1
17021	14:40:58: Orientation {'radio_id': 1
17022	14:40:58: Position Data {'radio_id': 1
17023	14:40:58: Orientation {'radio_id': 1
17024	14:40:58: Position Data {'radio_id': 1
17025	14:40:58: Orientation {'radio_id': 1
17026	14:40:58: Position Data {'radio_id': 1
17027	14:40:59: Orientation {'radio_id': 1
17028	14:40:59: Position Data {'radio_id': 1
17029	14:40:59: Orientation {'radio_id': 1
17030	14:40:59: Position Data {'radio_id': 1
17031	14:40:59: Pyro Info {'radio_id': 1
17032	14:40:59: Line Cutter Data 5 {'radio_id': 1
17033	14:40:59: Alt Info & Cfg {'radio_id': 1
17034	14:40:59: Orientation {'radio_id': 1
17035	14:40:59: Position Data {'radio_id': 1
17036	14:40:59: Orientation {'radio_id': 1
17037	14:40:59: Position Data {'radio_id': 1
17038	14:40:59: Orientation {'radio_id': 1
17039	14:40:59: Position Data {'radio_id': 1
17040	14:41:00: Orientation {'radio_id': 1
17041	14:41:00: Position Data {'radio_id': 1
17042	14:41:00: Orientation {'radio_id': 1
17043	14:41:00: Position Data {'radio_id': 1
17044	14:41:00: Line Cutter Data 1 {'radio_id': 1
17045	14:41:00: Orientation {'radio_id': 1
17046	14:41:00: Position Data {'radio_id': 1
17047	14:41:00: Orientation {'radio_id': 1
17048	14:41:00: Orientation {'radio_id': 1
17049	14:41:00: Position Data {'radio_id': 1
17050	14:41:01: Orientation {'radio_id': 1
17051	14:41:01: Position Data {'radio_id': 1
17052	14:41:01: Orientation {'radio_id': 1
17053	14:41:01: Pyro Info {'radio_id': 1
17054	14:41:01: Line Cutter Data 5 {'radio_id': 1
17055	14:41:01: Position Data {'radio_id': 1
17056	14:41:01: Orientation {'radio_id': 1
17057	14:41:01: Alt Info & Cfg {'radio_id': 1
17058	14:41:01: Orientation {'radio_id': 1
17059	14:41:01: Position Data {'radio_id': 1
17060	14:41:02: Orientation {'radio_id': 1
17061	14:41:02: Orientation {'radio_id': 1
17062	14:41:02: Position Data {'radio_id': 1
17063	14:41:02: Pyro Info {'radio_id': 1
17064	14:41:02: Ground Station GPS {'gs_lat': 44.824658203125
17065	14:41:02: Orientation {'radio_id': 1
17066	14:41:02: Position Data {'radio_id': 1
17067	14:41:02: Orientation {'radio_id': 1
17068	14:41:02: Position Data {'radio_id': 1
17069	14:41:02: Orientation {'radio_id': 1
17070	14:41:02: Position Data {'radio_id': 1
17071	14:41:03: Alt Info & Cfg {'radio_id': 1
17072	14:41:03: Orientation {'radio_id': 1
17073	14:41:03: Orientation {'radio_id': 1
17074	14:41:03: Position Data {'radio_id': 1
17075	14:41:03: Line Cutter Data 1 {'radio_id': 1
17076	14:41:03: Line Cutter Data 5 {'radio_id': 1
17077	14:41:03: Orientation {'radio_id': 1
17078	14:41:03: Orientation {'radio_id': 1
17079	14:41:03: Position Data {'radio_id': 1
17080	14:41:03: Line Cutter Vars 5 {'radio_id': 1
17081	14:41:03: Orientation {'radio_id': 1
17082	14:41:03: Position Data {'radio_id': 1
17083	14:41:04: Orientation {'radio_id': 1
17084	14:41:04: Orientation {'radio_id': 1
17085	14:41:04: Position Data {'radio_id': 1
17086	14:41:04: Alt Info & Cfg {'radio_id': 1
17087	14:41:04: Pyro Info {'radio_id': 1
17088	14:41:04: Line Cutter Data 1 {'radio_id': 1
17089	14:41:04: Line Cutter Data 5 {'radio_id': 1
17090	14:41:04: Position Data {'radio_id': 1
17091	14:41:04: Orientation {'radio_id': 1
17092	14:41:04: Position Data {'radio_id': 1
17093	14:41:04: Orientation {'radio_id': 1
17094	14:41:04: Position Data {'radio_id': 1
17095	14:41:05: Orientation {'radio_id': 1
17096	14:41:05: Position Data {'radio_id': 1
17097	14:41:05: Orientation {'radio_id': 1
17098	14:41:05: Pyro Info {'radio_id': 1
17099	14:41:05: Line Cutter Data 1 {'radio_id': 1
17100	14:41:05: Line Cutter Data 5 {'radio_id': 1
17101	14:41:05: Orientation {'radio_id': 1
17102	14:41:05: Position Data {'radio_id': 1
17103	14:41:05: Alt Info & Cfg {'radio_id': 1
17104	14:41:05: Orientation {'radio_id': 1
17105	14:41:05: Position Data {'radio_id': 1
17106	14:41:05: Orientation {'radio_id': 1
17107	14:41:05: Position Data {'radio_id': 1
17108	14:41:06: Orientation {'radio_id': 1
17109	14:41:06: Position Data {'radio_id': 1
17110	14:41:06: Orientation {'radio_id': 1
17111	14:41:06: Position Data {'radio_id': 1
17112	14:41:06: Pyro Info {'radio_id': 1
17113	14:41:06: Line Cutter Data 1 {'radio_id': 1
17114	14:41:06: Line Cutter Data 5 {'radio_id': 1
17115	14:41:06: Position Data {'radio_id': 1
17116	14:41:06: Orientation {'radio_id': 1
17117	14:41:06: Alt Info & Cfg {'radio_id': 1
17118	14:41:06: Orientation {'radio_id': 1
17119	14:41:07: Orientation {'radio_id': 1
17120	14:41:07: Position Data {'radio_id': 1
17121	14:41:07: Orientation {'radio_id': 1
17122	14:41:07: Position Data {'radio_id': 1
17123	14:41:07: Line Cutter Data 1 {'radio_id': 1
17124	14:41:07: Line Cutter Data 5 {'radio_id': 1
17125	14:41:07: Position Data {'radio_id': 1
17126	14:41:07: Orientation {'radio_id': 1
17127	14:41:07: Orientation {'radio_id': 1
17128	14:41:07: Alt Info & Cfg {'radio_id': 1
17129	14:41:08: Orientation {'radio_id': 1
17130	14:41:08: Position Data {'radio_id': 1
17131	14:41:08: Orientation {'radio_id': 1
17132	14:41:08: Pyro Info {'radio_id': 1
17133	14:41:08: Line Cutter Data 5 {'radio_id': 1
17134	14:41:08: Orientation {'radio_id': 1
17135	14:41:08: Orientation {'radio_id': 1
17136	14:41:08: Orientation {'radio_id': 1
17137	14:41:09: Orientation {'radio_id': 1
17138	14:41:09: Position Data {'radio_id': 1
17139	14:41:09: Alt Info & Cfg {'radio_id': 1
17140	14:41:09: Orientation {'radio_id': 1
17141	14:41:09: Position Data {'radio_id': 1
17142	14:41:09: Line Cutter Data 1 {'radio_id': 1
17143	14:41:09: Orientation {'radio_id': 1
17144	14:41:09: Position Data {'radio_id': 1
17145	14:41:09: Orientation {'radio_id': 1
17146	14:41:09: Position Data {'radio_id': 1
17147	14:41:09: Orientation {'radio_id': 1
17148	14:41:10: Orientation {'radio_id': 1
17149	14:41:10: Orientation {'radio_id': 1
17150	14:41:10: Pyro Info {'radio_id': 1
17151	14:41:10: Line Cutter Data 5 {'radio_id': 1
17152	14:41:10: Ground Station GPS {'gs_lat': 44.824658203125
17153	14:41:10: Orientation {'radio_id': 1
17154	14:41:10: Orientation {'radio_id': 1
17155	14:41:10: Orientation {'radio_id': 1
17156	14:41:10: Position Data {'radio_id': 1
17157	14:41:11: Orientation {'radio_id': 1
17158	14:41:11: Position Data {'radio_id': 1
17159	14:41:11: Orientation {'radio_id': 1
17160	14:41:11: Position Data {'radio_id': 1
17161	14:41:11: Line Cutter Data 1 {'radio_id': 1
17162	14:41:11: Line Cutter Data 5 {'radio_id': 1
17163	14:41:11: Position Data {'radio_id': 1
17164	14:41:11: Orientation {'radio_id': 1
17165	14:41:11: Alt Info & Cfg {'radio_id': 1
17166	14:41:11: Orientation {'radio_id': 1
17167	14:41:11: Position Data {'radio_id': 1
17168	14:41:12: Orientation {'radio_id': 1
17169	14:41:12: Position Data {'radio_id': 1
17170	14:41:12: Orientation {'radio_id': 1
17171	14:41:12: Position Data {'radio_id': 1
17172	14:41:12: Line Cutter Data 1 {'radio_id': 1
17173	14:41:12: Ground Station GPS {'gs_lat': 44.824658203125
17174	14:41:12: Orientation {'radio_id': 1
17175	14:41:12: Position Data {'radio_id': 1
17176	14:41:12: Orientation {'radio_id': 1
17177	14:41:12: Position Data {'radio_id': 1
17178	14:41:13: Orientation {'radio_id': 1
17179	14:41:13: Position Data {'radio_id': 1
17180	14:41:13: Orientation {'radio_id': 1
17181	14:41:13: Position Data {'radio_id': 1
17182	14:41:13: Line Cutter Data 1 {'radio_id': 1
17183	14:41:13: Orientation {'radio_id': 1
17184	14:41:13: Position Data {'radio_id': 1
17185	14:41:13: Orientation {'radio_id': 1
17186	14:41:13: Position Data {'radio_id': 1
17187	14:41:13: Orientation {'radio_id': 1
17188	14:41:13: Position Data {'radio_id': 1
17189	14:41:13: Line Cutter Vars 1 {'radio_id': 1
17190	14:41:14: Line Cutter Vars 5 {'radio_id': 1
17191	14:41:14: Orientation {'radio_id': 1
17192	14:41:14: Position Data {'radio_id': 1
17193	14:41:14: Orientation {'radio_id': 1
17194	14:41:14: Position Data {'radio_id': 1
17195	14:41:14: Pyro Info {'radio_id': 1
17196	14:41:14: Line Cutter Data 1 {'radio_id': 1
17197	14:41:14: Ground Station GPS {'gs_lat': 44.824658203125
17198	14:41:14: Position Data {'radio_id': 1
17199	14:41:14: Orientation {'radio_id': 1
17200	14:41:14: Position Data {'radio_id': 1
17201	14:41:14: Orientation {'radio_id': 1
17202	14:41:14: Position Data {'radio_id': 1
17203	14:41:15: Orientation {'radio_id': 1
17204	14:41:15: Position Data {'radio_id': 1
17205	14:41:15: Orientation {'radio_id': 1
17206	14:41:15: Position Data {'radio_id': 1
17207	14:41:15: Alt Info & Cfg {'radio_id': 1
17208	14:41:15: Line Cutter Data 1 {'radio_id': 1
17209	14:41:15: Line Cutter Data 5 {'radio_id': 1
17210	14:41:15: Orientation {'radio_id': 1
17211	14:41:15: Position Data {'radio_id': 1
17212	14:41:15: Orientation {'radio_id': 1
17213	14:41:15: Position Data {'radio_id': 1
17214	14:41:15: Orientation {'radio_id': 1
17215	14:41:15: Position Data {'radio_id': 1
17216	14:41:16: Orientation {'radio_id': 1
17217	14:41:16: Position Data {'radio_id': 1
17218	14:41:16: Orientation {'radio_id': 1
17219	14:41:16: Position Data {'radio_id': 1
17220	14:41:16: Pyro Info {'radio_id': 1
17221	14:41:16: Line Cutter Data 1 {'radio_id': 1
17222	14:41:16: Line Cutter Data 5 {'radio_id': 1
17223	14:41:16: Orientation {'radio_id': 1
17224	14:41:16: Position Data {'radio_id': 1
17225	14:41:16: Orientation {'radio_id': 1
17226	14:41:16: Orientation {'radio_id': 1
17227	14:41:17: Orientation {'radio_id': 1
17228	14:41:17: Orientation {'radio_id': 1
17229	14:41:17: Position Data {'radio_id': 1
17230	14:41:17: Pyro Info {'radio_id': 1
17231	14:41:17: Line Cutter Data 1 {'radio_id': 1
17232	14:41:17: Line Cutter Data 5 {'radio_id': 1
17233	14:41:17: Orientation {'radio_id': 1
17234	14:41:17: Position Data {'radio_id': 1
17235	14:41:17: Orientation {'radio_id': 1
17236	14:41:17: Position Data {'radio_id': 1
17237	14:41:17: Alt Info & Cfg {'radio_id': 1
17238	14:41:17: Orientation {'radio_id': 1
17239	14:41:17: Position Data {'radio_id': 1
17240	14:41:18: Orientation {'radio_id': 1
17241	14:41:18: Position Data {'radio_id': 1
17242	14:41:18: Orientation {'radio_id': 1
17243	14:41:18: Position Data {'radio_id': 1
17244	14:41:18: Pyro Info {'radio_id': 1
17245	14:41:18: Line Cutter Data 1 {'radio_id': 1
17246	14:41:18: Line Cutter Data 5 {'radio_id': 1
17247	14:41:18: Position Data {'radio_id': 1
17248	14:41:18: Orientation {'radio_id': 1
17249	14:41:18: Position Data {'radio_id': 1
17250	14:41:18: Orientation {'radio_id': 1
17251	14:41:19: Orientation {'radio_id': 1
17252	14:41:19: Position Data {'radio_id': 1
17253	14:41:19: Alt Info & Cfg {'radio_id': 1
17254	14:41:19: Orientation {'radio_id': 1
17255	14:41:19: Position Data {'radio_id': 1
17256	14:41:19: Pyro Info {'radio_id': 1
17257	14:41:19: Line Cutter Data 1 {'radio_id': 1
17258	14:41:19: Orientation {'radio_id': 1
17259	14:41:19: Orientation {'radio_id': 1
