timestampMs pressurePa tempK accelX accelY accelZ gyroX gyroY gyroZ imuTemp battV altitudeM velocityMS accelerationMSS unfiltAlt flightState drogueCont drogueFired mainCont mainFired
745234 100129 -9.077 0.021972656 -1.0 0.03 1.13 -0.03 0.18 0.0 0.0 2.0372 0.0895 0.0 2.071 0 0 0 0 0
745254 100130 -9.083 0.0234375 -1.0 0.03 1.01 -0.18 0.24 0.0 0.0 1.9527 0.0799 0.0 2.053 0 0 0 0 0
745275 100133 -9.086 0.015136719 -1.0 0.04 1.16 -0.03 0.24 0.0 0.0 1.699 0.0517 0.0 1.9954 0 0 0 0 0
745295 100131 -9.083 0.022949218 -1.0 0.02 1.07 0.06 0.12 0.0 0.0 1.8681 0.0414 0.0 1.9752 0 0 0 0 0
745316 100128 -9.088 0.010742188 -1.0 0.03 0.91 0.09 0.21 0.0 0.0 2.1218 0.0529 0.0 2.0006 0 0 0 0 0
745336 100130 -9.092 0.018066406 -1.0 0.03 1.16 0.09 0.21 0.0 0.0 1.9527 0.0492 0.0 1.9936 0 0 0 0 0
745357 100131 -9.077 0.020507812 -1.0 0.01 1.13 -0.03 0.15 0.0 0.0 1.8681 0.0395 0.0 1.9737 0 0 0 0 0
745377 100131 -9.077 0.012207032 -1.0 0.03 1.13 0.09 0.15 0.0 0.0 1.8681 0.0303 0.0 1.9568 0 0 0 0 0
745398 100128 -9.085 0.017089843 -1.01 0.02 1.07 -0.03 0.3 0.0 0.0 2.1218 0.0448 0.0 1.985 0 0 0 0 0
745418 100129 -9.079 0.008789063 -1.0 0.03 0.98 0.06 0.15 0.0 0.0 2.0372 0.0483 0.0 1.9947 0 0 0 0 0
745439 100131 -9.086 0.025878906 -1.0 0.02 1.01 0.15 0.24 0.0 0.0 1.8681 0.0387 0.0 1.9745 0 0 0 0 0
745459 100128 -9.079 0.019042968 -1.0 0.03 1.16 0.0 0.18 0.0 0.0 2.1218 0.0506 0.0 1.9999 0 0 0 0 0
745480 100127 -9.086 0.018066406 -1.0 0.03 1.13 0.06 0.24 0.0 0.0 2.2063 0.0666 0.0 2.0355 0 0 0 0 0
745500 100127 -9.079 0.014160157 -1.0 0.03 1.04 -0.03 0.18 0.0 0.0 2.2063 0.0796 0.0 2.0654 0 0 0 0 0
745521 100131 -9.068 0.022460937 -1.0 0.01 1.1 0.12 0.3 0.0 0.0 1.8681 0.0639 0.0 2.0341 0 0 0 0 0
745541 100132 -9.088 0.010253907 -1.0 0.03 0.95 0.09 0.18 0.0 0.0 1.7836 0.0438 0.0 1.9934 0 0 0 0 0
745562 100128 -9.075 0.017578125 -1.0 0.03 1.04 0.0 0.27 0.0 0.0 2.1218 0.0542 0.0 2.0158 0 0 0 0 0
745582 100125 -9.075 0.017089843 -1.0 0.01 1.07 0.18 0.18 0.0 0.0 2.3728 0.0836 0.0 2.0767 0 0 0 0 0
745603 100128 -9.075 0.016113281 -1.0 0.02 1.13 0.03 0.21 0.0 0.0 2.1218 0.0876 0.0 2.086 0 0 0 0 0
745623 100133 -9.066 0.016113281 -1.0 0.04 1.28 0.0 0.15 0.0 0.0 1.699 0.056 0.0 2.023 0 0 0 0 0
745644 100128 -9.056 0.016601562 -1.0 0.01 1.25 -0.06 0.12 0.0 0.0 2.1218 0.0646 0.0 2.0407 0 0 0 0 0
745664 100127 -9.077 0.017578125 -1.0 0.02 1.01 0.15 0.18 0.0 0.0 2.2063 0.0778 0.0 2.0697 0 0 0 0 0
745684 100132 -9.083 0.007324219 -1.0 0.02 1.01 0.09 0.15 0.0 0.0 1.7836 0.0553 0.0 2.0234 0 0 0 0 0
745705 100134 -9.073 0.019042968 -1.0 0.03 1.1 0.12 0.27 0.0 0.0 1.6145 0.0232 0.0 1.9561 0 0 0 0 0
745725 100132 -9.062 0.021484375 -1.0 0.04 1.1 0.0 0.03 0.0 0.0 1.7836 0.01 0.0 1.9277 0 0 0 0 0
745746 100127 -9.075 0.011230469 -1.0 0.02 1.07 0.06 0.24 0.0 0.0 2.2063 0.0327 0.0 1.9745 0 0 0 0 0
745766 100125 -9.083 0.014648438 -1.0 0.02 1.16 0.18 0.18 0.0 0.0 2.3728 0.0642 0.0 2.0418 0 0 0 0 0
745787 100133 -9.079 0.020996093 -1.0 0.03 1.07 0.03 0.27 0.0 0.0 1.699 0.0373 0.0 1.9858 0 0 0 0 0
745807 100133 -9.073 0.018066406 -1.0 0.03 1.01 -0.06 0.15 0.0 0.0 1.699 0.0143 0.0 1.9386 0 0 0 0 0
745828 100131 -9.075 0.006347656 -1.0 0.02 0.95 0.09 0.3 0.0 0.0 1.8681 0.0085 0.0 1.9271 0 0 0 0 0
745848 100130 -9.06 0.012695313 -1.0 0.04 1.04 -0.03 0.12 0.0 0.0 1.9527 0.0102 0.0 1.9315 0 0 0 0 0
745869 100132 -9.083 0.020996093 -1.0 0.04 0.95 -0.09 0.27 0.0 0.0 1.7836 -0.0023 0.0 1.907 0 0 0 0 0
745889 100129 -9.079 0.021972656 -1.0 0.02 0.85 0.06 0.15 0.0 0.0 2.0372 0.0087 0.0 1.9287 0 0 0 0 0
745910 100131 -9.056 0.020019531 -1.0 0.02 1.1 0.06 0.15 0.0 0.0 1.8681 0.0035 0.0 1.9188 0 0 0 0 0
745930 100129 -9.073 0.009765625 -1.0 0.03 1.16 -0.09 0.27 0.0 0.0 2.0372 0.0129 0.0 1.9386 0 0 0 0 0
745951 100129 -9.064 0.015625 -1.0 0.02 1.07 0.0 0.24 0.0 0.0 2.0372 0.0214 0.0 1.9554 0 0 0 0 0
745971 100130 -9.062 0.022949218 -1.0 0.03 1.04 0.18 0.18 0.0 0.0 1.9527 0.0212 0.0 1.9554 0 0 0 0 0
745992 100131 -9.053 0.009765625 -1.0 0.03 0.98 0.09 0.27 0.0 0.0 1.8681 0.0134 0.0 1.9412 0 0 0 0 0
746012 100134 -9.071 0.016601562 -1.0 0.03 1.04 0.03 0.15 0.0 0.0 1.6145 -0.0123 0.0 1.8868 0 0 0 0 0
746033 100132 -9.049 0.021972656 -1.0 0.01 0.85 0.18 0.24 0.0 0.0 1.7836 -0.0198 0.0 1.8693 0 0 0 0 0
746053 100130 -9.058 0.017578125 -1.0 0.03 0.91 0.06 0.3 0.0 0.0 1.9527 -0.0135 0.0 1.8828 0 0 0 0 0
746074 100131 -9.047 0.010253907 -1.0 0.04 1.1 -0.03 0.24 0.0 0.0 1.8681 -0.0147 0.0 1.8801 0 0 0 0 0
746094 100134 -9.045 0.025390625 -1.0 0.03 1.04 -0.03 0.12 0.0 0.0 1.6145 -0.036 0.0 1.8354 0 0 0 0 0
746115 100132 -9.053 0.017089843 -1.0 0.02 1.07 0.0 0.24 0.0 0.0 1.7836 -0.0403 0.0 1.8259 0 0 0 0 0
746135 100132 -9.058 0.010742188 -1.0 0.02 1.13 -0.06 0.24 0.0 0.0 1.7836 -0.0434 0.0 1.818 0 0 0 0 0
746156 100131 -9.045 0.019042968 -1.0 0.03 1.07 -0.03 0.12 0.0 0.0 1.8681 -0.0389 0.0 1.8255 0 0 0 0 0
746176 100127 -9.051 0.016601562 -1.0 0.04 1.1 -0.03 0.12 0.0 0.0 2.2063 -0.0088 0.0 1.8884 0 0 0 0 0
746196 100128 -9.045 0.016113281 -1.0 0.01 0.98 0.15 0.15 0.0 0.0 2.1218 0.0099 0.0 1.9273 0 0 0 0 0
746217 100131 -9.047 0.021972656 -1.0 0.03 1.19 -0.06 0.18 0.0 0.0 1.8681 0.0056 0.0 1.9176 0 0 0 0 0
746237 100130 -9.045 0.012695313 -1.0 0.03 1.1 0.06 0.24 0.0 0.0 1.9527 0.0082 0.0 1.9236 0 0 0 0 0
746258 100132 -9.045 0.021972656 -1.0 0.04 0.91 0.0 0.21 0.0 0.0 1.7836 -0.0032 0.0 1.9003 0 0 0 0 0
746278 100132 -9.047 0.008789063 -1.0 0.03 0.82 0.09 0.3 0.0 0.0 1.7836 -0.0134 0.0 1.8807 0 0 0 0 0
746299 100132 -9.056 0.021484375 -1.0 0.03 1.01 0.15 0.24 0.0 0.0 1.7836 -0.0208 0.0 1.8642 0 0 0 0 0
746319 100135 -9.058 0.024902343 -1.0 0.02 1.1 0.15 0.24 0.0 0.0 1.5325 -0.0472 0.0 1.8083 0 0 0 0 0
746340 100130 -9.039 0.013671876 -1.0 0.02 1.04 -0.12 0.21 0.0 0.0 1.9527 -0.0363 0.0 1.8315 0 0 0 0 0
746360 100129 -9.038 0.021972656 -1.0 0.03 1.1 0.21 0.21 0.0 0.0 2.0372 -0.0193 0.0 1.8652 0 0 0 0 0
746381 100134 -9.043 0.016601562 -1.0 0.01 1.01 0.15 0.18 0.0 0.0 1.6145 -0.0384 0.0 1.8228 0 0 0 0 0
746401 100133 -9.045 0.022460937 -1.0 0.03 1.25 0.03 0.27 0.0 0.0 1.699 -0.0486 0.0 1.8013 0 0 0 0 0
746422 100129 -9.049 0.022460937 -1.0 0.03 0.98 0.06 0.21 0.0 0.0 2.0372 -0.0297 0.0 1.8398 0 0 0 0 0
746442 100131 -9.041 0.020507812 -1.0 0.01 1.01 0.21 0.21 0.0 0.0 1.8681 -0.0269 0.0 1.8439 0 0 0 0 0
746463 100134 -9.051 0.010253907 -1.0 0.03 1.07 -0.09 0.24 0.0 0.0 1.6145 -0.0461 0.0 1.805 0 0 0 0 0
746483 100128 -9.06 0.024414062 -1.0 0.03 0.95 0.12 0.3 0.0 0.0 2.1218 -0.0205 0.0 1.857 0 0 0 0 0
746504 100131 -9.043 0.017089843 -1.0 0.03 1.01 0.06 0.18 0.0 0.0 1.8681 -0.0197 0.0 1.8585 0 0 0 0 0
746524 100127 -9.064 0.015136719 -1.0 0.04 0.98 0.03 0.09 0.0 0.0 2.2063 0.0081 0.0 1.9163 0 0 0 0 0
746545 100126 -9.034 0.015136719 -1.0 0.01 1.16 -0.03 0.27 0.0 0.0 2.2882 0.038 0.0 1.9787 0 0 0 0 0
746565 100132 -9.054 0.013671876 -1.0 0.02 0.91 0.18 0.24 0.0 0.0 1.7836 0.0225 0.0 1.9468 0 0 0 0 0
746586 100129 -9.049 0.024414062 -1.0 0.03 1.07 -0.06 0.18 0.0 0.0 2.0372 0.0302 0.0 1.9624 0 0 0 0 0
746606 100131 -9.049 0.01953125 -1.0 0.03 1.04 0.18 0.24 0.0 0.0 1.8681 0.0231 0.0 1.9472 0 0 0 0 0
746627 100130 -9.066 0.009765625 -1.0 0.03 1.1 0.0 0.12 0.0 0.0 1.9527 0.0229 0.0 1.9486 0 0 0 0 0
746647 100129 -9.049 0.021484375 -1.0 0.03 0.88 0.18 0.4 0.0 0.0 2.0372 0.0303 0.0 1.9639 0 0 0 0 0
746668 100129 -9.032 0.015136719 -1.0 0.04 1.22 0.03 0.21 0.0 0.0 2.0372 0.0356 0.0 1.9768 0 0 0 0 0
746688 100132 -9.041 0.020996093 -1.0 0.02 0.98 -0.06 0.27 0.0 0.0 1.7836 0.0208 0.0 1.9452 0 0 0 0 0
746708 100126 -9.041 0.018066406 -1.0 0.03 1.1 0.09 0.27 0.0 0.0 2.2882 0.0481 0.0 2.003 0 0 0 0 0
746729 100128 -9.043 0.020507812 -1.0 0.03 1.07 0.15 0.18 0.0 0.0 2.1218 0.0578 0.0 2.0239 0 0 0 0 0
746749 100132 -9.043 0.021484375 -1.0 0.02 0.95 0.18 0.18 0.0 0.0 1.7836 0.039 0.0 1.9848 0 0 0 0 0
746770 100129 -9.041 0.020019531 -1.0 0.03 1.07 0.12 0.27 0.0 0.0 2.0372 0.0433 0.0 1.9944 0 0 0 0 0
746790 100128 -9.049 0.018066406 -1.0 0.02 1.07 -0.03 0.21 0.0 0.0 2.1218 0.0542 0.0 2.0166 0 0 0 0 0
746811 100131 -9.028 0.017578125 -1.0 0.02 1.1 -0.03 0.18 0.0 0.0 1.8681 0.0421 0.0 1.9929 0 0 0 0 0
746831 100130 -9.049 0.020996093 -1.0 0.04 0.98 0.12 0.09 0.0 0.0 1.9527 0.0386 0.0 1.987 0 0 0 0 0
746852 100130 -9.038 0.01953125 -1.0 0.02 1.13 0.0 0.27 0.0 0.0 1.9527 0.036 0.0 1.9821 0 0 0 0 0
746872 100130 -9.017 0.020019531 -1.0 0.02 1.01 -0.09 0.21 0.0 0.0 1.9527 0.0341 0.0 1.9779 0 0 0 0 0
746893 100127 -9.039 0.014160157 -0.99 0.02 0.95 -0.12 0.12 0.0 0.0 2.2063 0.0513 0.0 2.0168 0 0 0 0 0
746913 100129 -9.034 0.01953125 -1.0 0.02 1.16 0.09 0.34 0.0 0.0 2.0372 0.0526 0.0 2.0213 0 0 0 0 0
746934 100128 -9.03 0.023925781 -1.0 0.02 1.04 0.15 0.18 0.0 0.0 2.1218 0.0614 0.0 2.0392 0 0 0 0 0
746954 100132 -9.022 0.016113281 -1.0 0.03 0.88 0.03 0.27 0.0 0.0 1.7836 0.0408 0.0 1.9977 0 0 0 0 0
746975 100133 -9.03 0.009277344 -1.0 0.03 1.1 0.03 0.21 0.0 0.0 1.699 0.0164 0.0 1.9485 0 0 0 0 0
746995 100129 -9.041 0.020996093 -1.0 0.02 1.01 0.09 0.3 0.0 0.0 2.0372 0.0241 0.0 1.9637 0 0 0 0 0
747016 100129 -9.041 0.018066406 -1.0 0.03 1.01 0.18 0.34 0.0 0.0 2.0372 0.0301 0.0 1.9765 0 0 0 0 0
747036 100134 -9.051 0.009277344 -1.0 0.03 1.16 0.0 0.15 0.0 0.0 1.6145 0.0008 0.0 1.9165 0 0 0 0 0
747057 100131 -9.03 0.019042968 -1.0 0.02 0.95 -0.06 0.18 0.0 0.0 1.8681 -0.0032 0.0 1.9085 0 0 0 0 0
747077 100127 -9.032 0.026367187 -1.0 0.03 1.01 0.18 0.15 0.0 0.0 2.2063 0.0205 0.0 1.9582 0 0 0 0 0
747098 100131 -9.032 0.015625 -1.0 0.01 1.1 0.06 0.15 0.0 0.0 1.8681 0.0141 0.0 1.9436 0 0 0 0 0
747118 100128 -9.03 0.018066406 -1.0 0.03 1.13 0.0 0.12 0.0 0.0 2.1218 0.0284 0.0 1.9737 0 0 0 0 0
747139 100131 -9.03 0.018066406 -1.0 0.04 1.07 0.0 0.24 0.0 0.0 1.8681 0.0193 0.0 1.9566 0 0 0 0 0
747159 100131 -9.028 0.019042968 -1.0 0.03 1.01 0.03 0.12 0.0 0.0 1.8681 0.0127 0.0 1.9422 0 0 0 0 0
747180 100131 -9.034 0.015625 -1.0 0.02 1.07 0.09 0.24 0.0 0.0 1.8681 0.0069 0.0 1.9301 0 0 0 0 0
747200 100136 -9.013 0.021484375 -1.0 0.03 1.16 -0.03 0.09 0.0 0.0 1.448 -0.0319 0.0 1.8495 0 0 0 0 0
747220 100128 -9.024 0.024414062 -1.0 0.03 1.01 -0.06 0.15 0.0 0.0 2.1218 -0.0101 0.0 1.8944 0 0 0 0 0
747241 100130 -9.034 0.015136719 -0.99 0.03 1.16 -0.09 0.18 0.0 0.0 1.9527 -0.0065 0.0 1.904 0 0 0 0 0
747261 100128 -9.028 0.011230469 -1.0 0.03 1.01 0.06 0.21 0.0 0.0 2.1218 0.0108 0.0 1.9403 0 0 0 0 0
747282 100128 -9.022 0.019042968 -1.0 0.01 1.16 -0.12 0.18 0.0 0.0 2.1218 0.0256 0.0 1.9709 0 0 0 0 0
747302 100126 -9.019 0.009277344 -1.0 0.03 1.07 -0.12 0.24 0.0 0.0 2.2882 0.0502 0.0 2.0245 0 0 0 0 0
747323 100132 -9.015 0.021484375 -1.0 0.04 1.19 -0.03 0.09 0.0 0.0 1.7836 0.0305 0.0 1.9852 0 0 0 0 0
747343 100134 -9.019 0.015625 -1.0 0.02 1.1 -0.03 0.3 0.0 0.0 1.6145 0.0014 0.0 1.9238 0 0 0 0 0
747364 100137 -9.011 0.015136719 -1.0 0.04 1.01 0.21 0.06 0.0 0.0 1.3634 -0.044 0.0 1.83 0 0 0 0 0
747384 100131 -8.992 0.02734375 -1.0 0.02 1.13 -0.03 0.15 0.0 0.0 1.8681 -0.0403 0.0 1.8355 0 0 0 0 0
747405 100133 -9.015 0.014648438 -1.0 0.03 0.95 0.15 0.27 0.0 0.0 1.699 -0.0515 0.0 1.8118 0 0 0 0 0
747425 100132 -9.013 0.013183594 -0.99 0.04 1.19 0.0 0.12 0.0 0.0 1.7836 -0.0546 0.0 1.8061 0 0 0 0 0
747446 100129 -9.021 0.013183594 -1.0 0.01 1.13 0.0 0.37 0.0 0.0 2.0372 -0.0356 0.0 1.8436 0 0 0 0 0
747466 100129 -9.024 0.017089843 -1.0 0.03 1.13 -0.06 0.3 0.0 0.0 2.0372 -0.02 0.0 1.8753 0 0 0 0 0
747487 100127 -9.019 0.018066406 -1.0 0.03 1.04 0.09 0.21 0.0 0.0 2.2063 0.0057 0.0 1.9303 0 0 0 0 0
747507 100132 -9.013 0.01953125 -1.0 0.03 1.16 0.18 0.24 0.0 0.0 1.7836 -0.0061 0.0 1.9059 0 0 0 0 0
747528 100128 -9.009 0.010253907 -1.0 0.02 1.1 0.15 0.27 0.0 0.0 2.1218 0.0118 0.0 1.9419 0 0 0 0 0
747548 100128 -9.009 0.017089843 -1.0 0.04 1.19 -0.03 0.15 0.0 0.0 2.1218 0.0256 0.0 1.9722 0 0 0 0 0
747569 100128 -9.009 0.016113281 -1.0 0.02 1.04 0.03 0.34 0.0 0.0 2.1218 0.0375 0.0 1.9978 0 0 0 0 0
747589 100127 -9.019 0.008300782 -1.0 0.02 1.22 -0.15 0.09 0.0 0.0 2.2063 0.0535 0.0 2.0334 0 0 0 0 0
747610 100128 -9.0 0.018554687 -1.0 0.03 1.28 0.49 0.37 0.0 0.0 2.1218 0.0608 0.0 2.0493 0 0 0 0 0
747630 100126 -9.002 0.020019531 -1.0 0.04 0.95 0.34 0.15 0.0 0.0 2.2882 0.0795 0.0 2.0905 0 0 0 0 0
747651 100129 -8.998 0.018554687 -1.0 0.02 1.07 -0.03 0.24 0.0 0.0 2.0372 0.0761 0.0 2.0833 0 0 0 0 0
747671 100127 -9.019 0.017089843 -1.0 0.03 1.04 0.12 0.12 0.0 0.0 2.2063 0.0864 0.0 2.1054 0 0 0 0 0
747692 100127 -9.007 0.014160157 -1.0 0.04 1.04 -0.03 0.18 0.0 0.0 2.2063 0.0945 0.0 2.1241 0 0 0 0 0
747712 100131 -9.013 0.016601562 -1.0 0.03 1.1 0.06 0.12 0.0 0.0 1.8681 0.0741 0.0 2.0832 0 0 0 0 0
747732 100132 -8.998 0.024902343 -1.0 0.03 1.07 -0.18 0.24 0.0 0.0 1.7836 0.0509 0.0 2.0345 0 0 0 0 0
747753 100135 -9.002 0.009765625 -1.0 0.03 0.95 0.06 0.27 0.0 0.0 1.5325 0.0105 0.0 1.9516 0 0 0 0 0
747773 100127 -8.991 0.013671876 -1.0 0.02 1.13 -0.09 0.18 0.0 0.0 2.2063 0.0305 0.0 1.9944 0 0 0 0 0
747794 100131 -8.974 0.01953125 -1.01 0.02 1.1 0.15 0.18 0.0 0.0 1.8681 0.0219 0.0 1.9739 0 0 0 0 0
747814 100133 -9.002 0.01953125 -1.0 0.03 1.01 0.06 0.24 0.0 0.0 1.699 -0.0003 0.0 1.9284 0 0 0 0 0
747835 100129 -9.004 0.015136719 -1.0 0.03 1.22 -0.12 0.21 0.0 0.0 2.0372 0.008 0.0 1.9466 0 0 0 0 0
747855 100132 -8.981 0.021484375 -1.0 0.03 0.98 -0.06 0.21 0.0 0.0 1.7836 -0.0055 0.0 1.9195 0 0 0 0 0
747876 100133 -9.024 0.022949218 -1.0 0.03 1.13 0.09 0.24 0.0 0.0 1.699 -0.0226 0.0 1.8824 0 0 0 0 0
747896 100127 -9.004 0.014648438 -1.0 0.01 1.1 -0.06 0.18 0.0 0.0 2.2063 0.0034 0.0 1.9362 0 0 0 0 0
747917 100127 -8.998 0.014648438 -1.0 0.03 1.01 -0.12 0.15 0.0 0.0 2.2063 0.0249 0.0 1.9815 0 0 0 0 0
747937 100128 -9.007 0.01953125 -1.0 0.04 0.91 0.03 0.18 0.0 0.0 2.1218 0.0362 0.0 2.0054 0 0 0 0 0
747958 100130 -9.002 0.013183594 -1.0 0.03 1.1 0.18 0.21 0.0 0.0 1.9527 0.0319 0.0 1.9974 0 0 0 0 0
747978 100130 -9.007 0.013183594 -1.0 0.01 1.16 0.21 0.21 0.0 0.0 1.9527 0.0294 0.0 1.9905 0 0 0 0 0
747999 100132 -8.994 0.017578125 -1.0 0.04 1.07 0.09 0.15 0.0 0.0 1.7836 0.0135 0.0 1.9565 0 0 0 0 0
748019 100126 -8.992 0.018066406 -1.0 0.03 1.04 -0.03 0.18 0.0 0.0 2.2882 0.0401 0.0 2.0123 0 0 0 0 0
748040 100127 -9.006 0.01953125 -1.0 0.02 1.13 0.09 0.24 0.0 0.0 2.2063 0.0566 0.0 2.0456 0 0 0 0 0
748060 100133 -9.006 0.018066406 -1.0 0.03 0.98 -0.03 0.24 0.0 0.0 1.699 0.0288 0.0 1.9887 0 0 0 0 0
748081 100133 -8.987 0.017578125 -1.0 0.04 1.25 -0.12 0.3 0.0 0.0 1.699 0.0053 0.0 1.9409 0 0 0 0 0
748101 100133 -8.987 0.026367187 -1.0 0.02 1.04 0.03 0.15 0.0 0.0 1.699 -0.0133 0.0 1.9005 0 0 0 0 0
748122 100133 -8.983 0.017578125 -1.0 0.03 1.19 -0.06 0.18 0.0 0.0 1.699 -0.0297 0.0 1.8665 0 0 0 0 0
748142 100125 -8.992 0.010253907 -1.0 0.03 1.13 0.12 0.34 0.0 0.0 2.3728 0.0106 0.0 1.9506 0 0 0 0 0
748163 100128 -8.992 0.015625 -1.0 0.03 1.16 0.12 0.15 0.0 0.0 2.1218 0.0242 0.0 1.9795 0 0 0 0 0
748183 100132 -8.996 0.024902343 -1.0 0.03 1.01 0.18 0.27 0.0 0.0 1.7836 0.0087 0.0 1.9472 0 0 0 0 0
748204 100129 -8.998 0.010253907 -1.0 0.03 1.01 0.0 0.15 0.0 0.0 2.0372 0.0158 0.0 1.9624 0 0 0 0 0
748224 100130 -8.992 0.010253907 -1.0 0.02 0.95 0.09 0.24 0.0 0.0 1.9527 0.0159 0.0 1.9611 0 0 0 0 0
748244 100130 -8.983 0.021972656 -1.0 0.02 1.01 0.0 0.18 0.0 0.0 1.9527 0.016 0.0 1.96 0 0 0 0 0
748265 100130 -9.002 0.020019531 -1.0 0.02 1.1 -0.12 0.15 0.0 0.0 1.9527 0.0161 0.0 1.9591 0 0 0 0 0
748285 100133 -9.004 0.015136719 -0.99 0.04 0.98 0.09 0.3 0.0 0.0 1.699 -0.0059 0.0 1.9159 0 0 0 0 0
748306 100131 -8.987 0.024902343 -1.0 0.02 0.95 0.0 0.21 0.0 0.0 1.8681 -0.009 0.0 1.9078 0 0 0 0 0
748326 100133 -8.989 0.014648438 -1.0 0.02 1.04 0.03 0.37 0.0 0.0 1.699 -0.0256 0.0 1.8727 0 0 0 0 0
748347 100136 -8.976 0.015625 -1.0 0.04 1.13 -0.03 0.24 0.0 0.0 1.448 -0.0598 0.0 1.8011 0 0 0 0 0
748367 100128 -9.006 0.020996093 -1.0 0.03 1.07 0.21 0.3 0.0 0.0 2.1218 -0.0342 0.0 1.8535 0 0 0 0 0
748388 100130 -8.991 0.013671876 -1.0 0.02 1.04 0.15 0.27 0.0 0.0 1.9527 -0.0269 0.0 1.8694 0 0 0 0 0
748408 100129 -8.992 0.023925781 -1.0 0.02 1.04 -0.09 0.24 0.0 0.0 2.0372 -0.0138 0.0 1.8969 0 0 0 0 0
748429 100126 -8.985 0.020019531 -1.0 0.04 0.88 0.03 0.24 0.0 0.0 2.2882 0.0174 0.0 1.9622 0 0 0 0 0
748449 100130 -8.983 0.010742188 -1.0 0.02 1.07 0.03 0.15 0.0 0.0 1.9527 0.016 0.0 1.9609 0 0 0 0 0
748470 100129 -8.983 0.014648438 -1.0 0.02 0.98 -0.03 0.12 0.0 0.0 2.0372 0.0221 0.0 1.974 0 0 0 0 0
748490 100126 -8.983 0.019042968 -1.0 0.03 0.98 0.09 0.21 0.0 0.0 2.2882 0.0478 0.0 2.027 0 0 0 0 0
748511 100128 -8.991 0.018554687 -1.0 0.02 1.04 0.09 0.09 0.0 0.0 2.1218 0.0561 0.0 2.0439 0 0 0 0 0
748531 100128 -8.972 0.01953125 -1.0 0.04 1.07 -0.03 0.21 0.0 0.0 2.1218 0.0617 0.0 2.0581 0 0 0 0 0
748552 100131 -9.004 0.021484375 -1.0 0.02 0.98 0.09 0.37 0.0 0.0 1.8681 0.0467 0.0 2.0276 0 0 0 0 0
748572 100125 -8.983 0.017578125 -1.0 0.03 1.16 0.09 0.24 0.0 0.0 2.3728 0.0739 0.0 2.0862 0 0 0 0 0
748593 100130 -8.966 0.0234375 -1.0 0.04 1.16 0.03 0.21 0.0 0.0 1.9527 0.0629 0.0 2.0654 0 0 0 0 0
748613 100133 -8.981 0.016113281 -1.0 0.03 1.07 0.12 0.21 0.0 0.0 1.699 0.034 0.0 2.0054 0 0 0 0 0
748634 100129 -8.977 0.010253907 -1.0 0.02 1.19 -0.15 0.27 0.0 0.0 2.0372 0.0366 0.0 2.0114 0 0 0 0 0
748654 100130 -8.996 0.021484375 -1.0 0.02 1.01 0.09 0.34 0.0 0.0 1.9527 0.0326 0.0 2.0023 0 0 0 0 0
748675 100129 -8.983 0.017578125 -1.0 0.03 1.13 0.03 0.3 0.0 0.0 2.0372 0.0359 0.0 2.0089 0 0 0 0 0
748695 100134 -8.976 0.011230469 -1.0 0.03 0.95 0.12 0.15 0.0 0.0 1.6145 0.0038 0.0 1.9436 0 0 0 0 0
748716 100132 -8.968 0.017578125 -1.0 0.03 0.95 -0.03 0.27 0.0 0.0 1.7836 -0.0084 0.0 1.9169 0 0 0 0 0
748736 100130 -8.976 0.023925781 -1.0 0.03 1.04 0.12 0.24 0.0 0.0 1.9527 -0.0059 0.0 1.9227 0 0 0 0 0
748756 100131 -8.987 0.020019531 -1.0 0.02 1.22 -0.15 0.18 0.0 0.0 1.8681 -0.0092 0.0 1.9135 0 0 0 0 0
748777 100126 -8.977 0.019042968 -1.0 0.03 0.88 0.18 0.3 0.0 0.0 2.2882 0.0216 0.0 1.976 0 0 0 0 0
748797 100130 -8.962 0.016601562 -1.0 0.03 0.98 0.0 0.09 0.0 0.0 1.9527 0.0193 0.0 1.9725 0 0 0 0 0
748818 100132 -8.987 0.019042968 -1.0 0.02 1.01 0.0 0.27 0.0 0.0 1.7836 0.0042 0.0 1.9413 0 0 0 0 0
748838 100128 -8.964 0.026855468 -1.0 0.02 1.07 0.0 0.37 0.0 0.0 2.1218 0.0195 0.0 1.9716 0 0 0 0 0
748859 100130 -8.972 0.010253907 -1.0 0.02 1.07 0.09 0.06 0.0 0.0 1.9527 0.0178 0.0 1.9688 0 0 0 0 0
748879 100130 -8.968 0.012695313 -1.0 0.03 1.04 0.06 0.27 0.0 0.0 1.9527 0.0162 0.0 1.9665 0 0 0 0 0
748900 100128 -8.966 0.020019531 -1.0 0.04 1.1 -0.27 0.34 0.0 0.0 2.1218 0.0289 0.0 1.9928 0 0 0 0 0
748920 100130 -8.964 0.016113281 -1.0 0.03 1.22 0.0 0.03 0.0 0.0 1.9527 0.0255 0.0 1.9867 0 0 0 0 0
748941 100127 -8.977 0.012695313 -1.0 0.02 1.16 0.09 0.27 0.0 0.0 2.2063 0.0434 0.0 2.024 0 0 0 0 0
748961 100132 -8.97 0.022949218 -1.0 0.02 1.04 0.18 0.12 0.0 0.0 1.7836 0.0246 0.0 1.9846 0 0 0 0 0
748982 100132 -8.957 0.020507812 -1.0 0.04 1.01 0.3 0.3 0.0 0.0 1.7836 0.008 0.0 1.9515 0 0 0 0 0
749002 100131 -8.944 0.015625 -1.0 0.02 1.22 -0.03 0.18 0.0 0.0 1.8681 0.0012 0.0 1.9377 0 0 0 0 0
749023 100128 -8.979 0.015625 -1.0 0.03 1.01 0.03 0.21 0.0 0.0 2.1218 0.0164 0.0 1.9685 0 0 0 0 0
749043 100131 -8.96 0.022460937 -1.0 0.04 1.13 0.09 0.21 0.0 0.0 1.8681 0.0081 0.0 1.9521 0 0 0 0 0
749064 100130 -8.959 0.017578125 -1.0 0.03 1.04 0.0 0.21 0.0 0.0 1.9527 0.0082 0.0 1.9523 0 0 0 0 0
749084 100136 -8.97 0.013671876 -1.0 0.01 1.01 0.06 0.18 0.0 0.0 1.448 -0.0318 0.0 1.8681 0 0 0 0 0
749105 100130 -8.968 0.010253907 -1.0 0.04 1.07 0.12 0.24 0.0 0.0 1.9527 -0.0255 0.0 1.8816 0 0 0 0 0
749125 100129 -8.966 0.020019531 -1.0 0.03 0.98 -0.15 0.18 0.0 0.0 2.0372 -0.0137 0.0 1.9071 0 0 0 0 0
749146 100127 -8.974 0.024414062 -1.0 0.03 1.25 -0.03 0.18 0.0 0.0 2.2063 0.0105 0.0 1.9569 0 0 0 0 0
749166 100132 -8.953 0.019042968 -1.0 0.02 1.1 -0.06 0.24 0.0 0.0 1.7836 -0.0033 0.0 1.9281 0 0 0 0 0
749187 100128 -8.966 0.013671876 -1.0 0.02 1.01 -0.03 0.15 0.0 0.0 2.1218 0.013 0.0 1.9605 0 0 0 0 0
749207 100131 -8.962 0.0234375 -1.0 0.03 0.98 0.27 0.18 0.0 0.0 1.8681 0.006 0.0 1.9453 0 0 0 0 0
749228 100131 -8.976 0.025390625 -1.0 0.02 1.13 -0.15 0.24 0.0 0.0 1.8681 0.0002 0.0 1.9325 0 0 0 0 0
749248 100131 -8.951 0.015136719 -1.0 0.03 1.1 -0.03 0.24 0.0 0.0 1.8681 -0.0053 0.0 1.9217 0 0 0 0 0
749268 100132 -8.951 0.010742188 -1.0 0.04 1.01 0.09 0.24 0.0 0.0 1.7836 -0.0168 0.0 1.8985 0 0 0 0 0
749289 100127 -8.974 0.013183594 -1.0 0.01 1.22 -0.03 0.21 0.0 0.0 2.2063 0.0085 0.0 1.9497 0 0 0 0 0
749309 100132 -8.964 0.015625 -1.0 0.04 1.07 0.0 0.12 0.0 0.0 1.7836 -0.0055 0.0 1.9221 0 0 0 0 0
749330 100129 -8.962 0.020996093 -1.0 0.03 0.88 0.09 0.34 0.0 0.0 2.0372 0.0038 0.0 1.9412 0 0 0 0 0
749350 100128 -8.966 0.017089843 -1.0 0.02 1.04 0.06 0.27 0.0 0.0 2.1218 0.0185 0.0 1.9715 0 0 0 0 0
749371 100134 -8.968 0.014160157 -1.0 0.04 0.88 0.21 0.24 0.0 0.0 1.6145 -0.0108 0.0 1.9121 0 0 0 0 0
749391 100130 -8.955 0.022949218 -1.0 0.02 0.95 -0.03 0.15 0.0 0.0 1.9527 -0.0067 0.0 1.9187 0 0 0 0 0
749412 100129 -8.959 0.015625 -1.0 0.03 1.1 0.12 0.24 0.0 0.0 2.0372 0.0028 0.0 1.9384 0 0 0 0 0
749432 100132 -8.947 0.008300782 -1.0 0.03 1.1 0.06 0.24 0.0 0.0 1.7836 -0.01 0.0 1.9125 0 0 0 0 0
749453 100132 -8.959 0.021972656 -1.0 0.02 1.34 -0.09 0.21 0.0 0.0 1.7836 -0.0195 0.0 1.8907 0 0 0 0 0
749473 100132 -8.953 0.016113281 -1.0 0.03 0.98 0.0 0.06 0.0 0.0 1.7836 -0.0279 0.0 1.8724 0 0 0 0 0
749494 100130 -8.959 0.016113281 -1.0 0.02 1.01 0.06 0.24 0.0 0.0 1.9527 -0.0214 0.0 1.8853 0 0 0 0 0
749514 100131 -8.96 0.018554687 -1.0 0.03 1.04 0.18 0.12 0.0 0.0 1.8681 -0.0223 0.0 1.882 0 0 0 0 0
749535 100123 -8.949 0.012695313 -1.0 0.02 1.19 -0.24 0.18 0.0 0.0 2.5419 0.0315 0.0 1.992 0 0 0 0 0
749555 100129 -8.947 0.016601562 -1.0 0.04 1.04 0.12 0.12 0.0 0.0 2.0372 0.0344 0.0 2.0002 0 0 0 0 0
749576 100133 -8.966 0.015136719 -1.0 0.02 1.07 0.15 0.15 0.0 0.0 1.699 0.0102 0.0 1.9505 0 0 0 0 0
749596 100129 -8.949 0.009765625 -1.0 0.03 1.1 0.18 0.18 0.0 0.0 2.0372 0.0168 0.0 1.9652 0 0 0 0 0
749617 100130 -8.936 0.020019531 -1.0 0.02 0.91 0.0 0.24 0.0 0.0 1.9527 0.0153 0.0 1.9635 0 0 0 0 0
749637 100129 -8.962 0.018066406 -1.0 0.04 1.1 -0.06 0.18 0.0 0.0 2.0372 0.0208 0.0 1.9761 0 0 0 0 0
749658 100131 -8.955 0.022460937 -1.0 0.01 1.01 0.03 0.18 0.0 0.0 1.8681 0.0123 0.0 1.9585 0 0 0 0 0
749678 100128 -8.947 0.015625 -1.0 0.03 1.1 0.0 0.21 0.0 0.0 2.1218 0.0255 0.0 1.986 0 0 0 0 0
749699 100135 -8.936 0.011230469 -0.99 0.04 0.95 0.03 0.24 0.0 0.0 1.5325 -0.0117 0.0 1.9107 0 0 0 0 0
749719 100127 -8.938 0.014648438 -1.0 0.03 1.16 0.06 0.24 0.0 0.0 2.2063 0.0124 0.0 1.9599 0 0 0 0 0
749740 100132 -8.934 0.0234375 -1.0 0.02 0.95 0.18 0.43 0.0 0.0 1.7836 -0.0011 0.0 1.9306 0 0 0 0 0
749760 100128 -8.949 0.012695313 -1.0 0.04 1.13 -0.03 0.24 0.0 0.0 2.1218 0.0135 0.0 1.9626 0 0 0 0 0
749780 100135 -8.93 0.015625 -1.0 0.03 1.07 -0.09 0.18 0.0 0.0 1.5325 -0.021 0.0 1.8909 0 0 0 0 0
749801 100130 -8.957 0.017578125 -1.0 0.02 1.13 0.24 0.34 0.0 0.0 1.9527 -0.0156 0.0 1.9008 0 0 0 0 0
749821 100129 -8.959 0.017578125 -1.0 0.03 1.1 0.06 0.21 0.0 0.0 2.0372 -0.0051 0.0 1.9233 0 0 0 0 0
749842 100133 -8.929 0.011718751 -1.0 0.04 1.04 0.15 0.15 0.0 0.0 1.699 -0.0234 0.0 1.8857 0 0 0 0 0
749862 100131 -8.925 0.022949218 -1.0 0.03 1.16 -0.03 0.15 0.0 0.0 1.8681 -0.0242 0.0 1.8823 0 0 0 0 0
749883 100129 -8.936 0.0234375 -1.0 0.03 1.13 -0.09 0.21 0.0 0.0 2.0372 -0.0115 0.0 1.9077 0 0 0 0 0
749903 100125 -8.942 0.014648438 -1.0 0.02 1.13 -0.06 0.27 0.0 0.0 2.3728 0.0264 0.0 1.9853 0 0 0 0 0
749924 100129 -8.949 0.014648438 -1.0 0.03 1.04 0.03 0.27 0.0 0.0 2.0372 0.0304 0.0 1.9945 0 0 0 0 0
749944 100135 -8.927 0.021484375 -1.0 0.04 1.16 -0.03 0.21 0.0 0.0 1.5325 -0.0072 0.0 1.9178 0 0 0 0 0
749965 100127 -8.93 0.011230469 -1.0 0.02 1.1 0.09 0.3 0.0 0.0 2.2063 0.0157 0.0 1.966 0 0 0 0 0
749985 100130 -8.94 0.021972656 -1.0 0.01 0.98 0.15 0.15 0.0 0.0 1.9527 0.0152 0.0 1.9641 0 0 0 0 0
750006 100128 -8.938 0.01953125 -1.0 0.04 0.91 0.09 0.15 0.0 0.0 2.1218 0.0275 0.0 1.9908 0 0 0 0 0
750026 100133 -8.938 0.017578125 -1.0 0.03 1.19 0.18 0.09 0.0 0.0 1.699 0.0041 0.0 1.9425 0 0 0 0 0
750047 100128 -8.923 0.017578125 -1.0 0.01 1.04 -0.03 0.24 0.0 0.0 2.1218 0.0194 0.0 1.9726 0 0 0 0 0
750067 100132 -8.91 0.015136719 -1.0 0.03 1.01 -0.06 0.21 0.0 0.0 1.7836 0.0044 0.0 1.9414 0 0 0 0 0
750088 100131 -8.915 0.020996093 -1.0 0.04 1.04 0.12 0.12 0.0 0.0 1.8681 -0.0016 0.0 1.9292 0 0 0 0 0
750108 100128 -8.932 0.023925781 -1.0 0.02 0.98 -0.03 0.27 0.0 0.0 2.1218 0.0146 0.0 1.9614 0 0 0 0 0
750129 100131 -8.94 0.015136719 -1.0 0.03 1.1 0.0 0.24 0.0 0.0 1.8681 0.0068 0.0 1.9461 0 0 0 0 0
750149 100128 -8.957 0.012207032 -1.0 0.03 1.1 0.12 0.21 0.0 0.0 2.1218 0.0201 0.0 1.9756 0 0 0 0 0
750170 100132 -8.93 0.020019531 -1.0 0.03 1.22 -0.06 0.15 0.0 0.0 1.7836 0.0052 0.0 1.9439 0 0 0 0 0
750190 100125 -8.938 0.026367187 -1.0 0.03 1.19 -0.15 0.21 0.0 0.0 2.3728 0.0401 0.0 2.0158 0 0 0 0 0
750211 100129 -8.944 0.010742188 -0.99 0.03 0.95 0.15 0.3 0.0 0.0 2.0372 0.0408 0.0 2.0202 0 0 0 0 0
750231 100130 -8.927 0.014160157 -0.99 0.04 0.98 0.06 0.12 0.0 0.0 1.9527 0.0344 0.0 2.0097 0 0 0 0 0
750252 100130 -8.938 0.015136719 -1.0 0.02 1.13 0.12 0.18 0.0 0.0 1.9527 0.03 0.0 2.0009 0 0 0 0 0
750272 100127 -8.923 0.016601562 -1.0 0.01 1.04 0.18 0.15 0.0 0.0 2.2063 0.0467 0.0 2.0359 0 0 0 0 0
750292 100133 -8.917 0.027832031 -1.0 0.03 1.07 -0.12 0.27 0.0 0.0 1.699 0.0201 0.0 1.9804 0 0 0 0 0
750313 100129 -8.925 0.017089843 -1.0 0.01 1.04 0.12 0.27 0.0 0.0 2.0372 0.0254 0.0 1.9904 0 0 0 0 0
750333 100131 -8.938 0.012695313 -1.0 0.03 1.1 -0.06 0.37 0.0 0.0 1.8681 0.0149 0.0 1.9704 0 0 0 0 0
750354 100129 -8.929 0.020019531 -1.0 0.03 0.98 0.06 0.09 0.0 0.0 2.0372 0.0201 0.0 1.9819 0 0 0 0 0
750374 100128 -8.938 0.020996093 -1.0 0.01 1.16 -0.09 0.3 0.0 0.0 2.1218 0.0322 0.0 2.0057 0 0 0 0 0
750395 100132 -8.915 0.013671876 -1.0 0.03 1.1 -0.03 0.21 0.0 0.0 1.7836 0.0137 0.0 1.9692 0 0 0 0 0
750415 100128 -8.929 0.013671876 -1.0 0.02 1.01 0.09 0.12 0.0 0.0 2.1218 0.0261 0.0 1.995 0 0 0 0 0
750436 100134 -8.91 0.016113281 -1.0 0.02 1.01 0.15 0.15 0.0 0.0 1.6145 -0.0036 0.0 1.9319 0 0 0 0 0
750456 100127 -8.904 0.018554687 -1.0 0.04 0.91 0.18 0.27 0.0 0.0 2.2063 0.0181 0.0 1.9777 0 0 0 0 0
750477 100130 -8.917 0.016601562 -1.0 0.02 0.91 0.03 0.27 0.0 0.0 1.9527 0.0165 0.0 1.9739 0 0 0 0 0
750497 100130 -8.919 0.018554687 -1.0 0.03 1.1 0.09 0.4 0.0 0.0 1.9527 0.015 0.0 1.9707 0 0 0 0 0
750518 100130 -8.923 0.013183594 -1.0 0.03 1.04 0.12 0.12 0.0 0.0 1.9527 0.0142 0.0 1.968 0 0 0 0 0
750538 100132 -8.917 0.025390625 -1.0 0.02 0.98 -0.03 0.37 0.0 0.0 1.7836 -0.0001 0.0 1.9374 0 0 0 0 0
750559 100127 -8.921 0.012695313 -1.0 0.02 1.19 -0.09 0.18 0.0 0.0 2.2063 0.0215 0.0 1.9824 0 0 0 0 0
750579 100135 -8.925 0.017578125 -1.0 0.02 1.01 0.06 0.15 0.0 0.0 1.5325 -0.0141 0.0 1.9076 0 0 0 0 0
750600 100125 -8.912 0.021484375 -1.0 0.02 1.1 -0.06 0.21 0.0 0.0 2.3728 0.0233 0.0 1.9852 0 0 0 0 0
750620 100131 -8.919 0.018066406 -1.0 0.02 1.04 -0.03 0.27 0.0 0.0 1.8681 0.0144 0.0 1.966 0 0 0 0 0
750641 100130 -8.908 0.016601562 -1.0 0.04 0.95 0.03 0.18 0.0 0.0 1.9527 0.0128 0.0 1.9641 0 0 0 0 0
750661 100126 -8.917 0.015625 -1.01 0.01 1.34 -0.03 0.15 0.0 0.0 2.2882 0.0401 0.0 2.0186 0 0 0 0 0
750682 100130 -8.908 0.015625 -1.0 0.03 1.04 0.0 0.24 0.0 0.0 1.9527 0.0347 0.0 2.0084 0 0 0 0 0
750702 100129 -8.891 0.016113281 -1.0 0.03 1.07 0.0 0.15 0.0 0.0 2.0372 0.037 0.0 2.0139 0 0 0 0 0
750723 100133 -8.915 0.017089843 -1.0 0.03 0.95 -0.03 0.24 0.0 0.0 1.699 0.0115 0.0 1.962 0 0 0 0 0
750743 100127 -8.919 0.021972656 -1.0 0.02 1.13 -0.12 0.18 0.0 0.0 2.2063 0.032 0.0 2.0031 0 0 0 0 0
750764 100130 -8.908 0.008300782 -1.0 0.02 1.16 -0.03 0.24 0.0 0.0 1.9527 0.0283 0.0 1.9953 0 0 0 0 0
750784 100130 -8.899 0.016113281 -1.0 0.02 0.91 0.03 0.27 0.0 0.0 1.9527 0.0251 0.0 1.9888 0 0 0 0 0
750804 100136 -8.895 0.020019531 -1.0 0.03 0.91 0.18 0.27 0.0 0.0 1.448 -0.0179 0.0 1.8988 0 0 0 0 0
750825 100127 -8.906 0.018066406 -1.0 0.03 1.01 0.09 0.24 0.0 0.0 2.2063 0.0069 0.0 1.9499 0 0 0 0 0
750845 100132 -8.882 0.017089843 -1.0 0.01 1.1 -0.06 0.27 0.0 0.0 1.7836 -0.0067 0.0 1.9222 0 0 0 0 0
750866 100125 -8.906 0.010253907 -1.0 0.03 1.04 0.03 0.27 0.0 0.0 2.3728 0.0289 0.0 1.9975 0 0 0 0 0
750886 100131 -8.906 0.008300782 -1.0 0.04 1.13 0.0 0.3 0.0 0.0 1.8681 0.0185 0.0 1.9764 0 0 0 0 0
750907 100135 -8.887 0.0234375 -1.0 0.02 0.91 0.21 0.18 0.0 0.0 1.5325 -0.0163 0.0 1.9025 0 0 0 0 0
750927 100128 -8.904 0.017089843 -1.0 0.03 1.1 0.09 0.21 0.0 0.0 2.1218 0.001 0.0 1.9389 0 0 0 0 0
750948 100132 -8.91 0.014160157 -1.0 0.04 1.04 0.15 0.27 0.0 0.0 1.7836 -0.0119 0.0 1.9129 0 0 0 0 0
750968 100128 -8.9 0.017578125 -1.0 0.02 1.16 0.06 0.21 0.0 0.0 2.1218 0.0046 0.0 1.9476 0 0 0 0 0
750989 100133 -8.906 0.024414062 -1.0 0.03 1.13 -0.03 0.21 0.0 0.0 1.699 -0.0151 0.0 1.9061 0 0 0 0 0
751009 100132 -8.904 0.010742188 -1.0 0.04 1.04 0.03 0.09 0.0 0.0 1.7836 -0.0253 0.0 1.8853 0 0 0 0 0
751030 100129 -8.906 0.018066406 -1.0 0.03 1.07 0.06 0.18 0.0 0.0 2.0372 -0.0139 0.0 1.9102 0 0 0 0 0
751050 100131 -8.897 0.024414062 -1.0 0.02 1.13 -0.03 0.06 0.0 0.0 1.8681 -0.0164 0.0 1.9029 0 0 0 0 0
751071 100132 -8.906 0.016601562 -1.0 0.03 1.07 0.06 0.24 0.0 0.0 1.7836 -0.0253 0.0 1.8826 0 0 0 0 0
751091 100135 -8.895 0.012207032 -1.0 0.02 1.07 0.18 0.18 0.0 0.0 1.5325 -0.053 0.0 1.8235 0 0 0 0 0
751112 100129 -8.915 0.017578125 -1.0 0.04 1.07 0.15 0.12 0.0 0.0 2.0372 -0.0367 0.0 1.8582 0 0 0 0 0
751132 100130 -8.9 0.016601562 -1.0 0.03 1.01 0.09 0.34 0.0 0.0 1.9527 -0.0288 0.0 1.8732 0 0 0 0 0
751153 100125 -8.899 0.018554687 -1.0 0.01 0.98 0.12 0.37 0.0 0.0 2.3728 0.0116 0.0 1.9562 0 0 0 0 0
751173 100133 -8.891 0.017578125 -1.0 0.02 1.07 0.0 0.15 0.0 0.0 1.699 -0.009 0.0 1.9134 0 0 0 0 0
751194 100125 -8.899 0.012207032 -1.0 0.03 0.85 0.21 0.12 0.0 0.0 2.3728 0.0283 0.0 1.9901 0 0 0 0 0
751214 100131 -8.902 0.021484375 -1.0 0.01 1.16 -0.06 0.12 0.0 0.0 1.8681 0.0195 0.0 1.9703 0 0 0 0 0
751235 100129 -8.902 0.022460937 -1.0 0.02 1.25 0.0 0.21 0.0 0.0 2.0372 0.025 0.0 1.9819 0 0 0 0 0
751255 100130 -8.885 0.020019531 -1.0 0.03 1.1 0.06 0.27 0.0 0.0 1.9527 0.0223 0.0 1.9775 0 0 0 0 0
751276 100132 -8.889 0.011718751 -1.0 0.03 0.85 0.18 0.27 0.0 0.0 1.7836 0.0059 0.0 1.9455 0 0 0 0 0
751296 100131 -8.893 0.014648438 -1.0 0.01 0.91 0.03 0.24 0.0 0.0 1.8681 0.0001 0.0 1.9327 0 0 0 0 0
751316 100133 -8.882 0.010742188 -1.0 0.03 1.07 0.24 0.24 0.0 0.0 1.699 -0.0192 0.0 1.8936 0 0 0 0 0
751337 100132 -8.9 0.021972656 -1.0 0.03 1.13 0.0 0.18 0.0 0.0 1.7836 -0.0276 0.0 1.8748 0 0 0 0 0
751357 100129 -8.893 0.016113281 -1.0 0.02 1.1 0.12 0.21 0.0 0.0 2.0372 -0.0141 0.0 1.9014 0 0 0 0 0
751378 100127 -8.891 0.024414062 -1.0 0.03 1.01 0.06 0.09 0.0 0.0 2.2063 0.0109 0.0 1.9521 0 0 0 0 0
751398 100128 -8.91 0.015625 -1.0 0.01 1.16 0.09 0.18 0.0 0.0 2.1218 0.0251 0.0 1.9807 0 0 0 0 0
751419 100128 -8.899 0.024902343 -1.0 0.02 1.1 0.0 0.18 0.0 0.0 2.1218 0.0369 0.0 2.0049 0 0 0 0 0
751439 100125 -8.893 0.0234375 -1.0 0.04 1.07 0.03 0.18 0.0 0.0 2.3728 0.0662 0.0 2.0672 0 0 0 0 0
751460 100133 -8.891 0.010253907 -1.0 0.02 1.13 0.12 0.24 0.0 0.0 1.699 0.0368 0.0 2.0069 0 0 0 0 0
751480 100133 -8.878 0.009277344 -1.0 0.03 1.04 0.06 0.24 0.0 0.0 1.699 0.012 0.0 1.9562 0 0 0 0 0
751501 100130 -8.887 0.022460937 -1.0 0.01 0.82 0.18 0.15 0.0 0.0 1.9527 0.012 0.0 1.9558 0 0 0 0 0
751521 100127 -8.882 0.016113281 -1.0 0.03 1.04 0.09 0.18 0.0 0.0 2.2063 0.0319 0.0 1.998 0 0 0 0 0
751542 100126 -8.882 0.018066406 -1.0 0.04 0.88 0.09 0.15 0.0 0.0 2.2882 0.0552 0.0 2.0472 0 0 0 0 0
751562 100130 -8.88 0.022460937 -1.0 0.02 1.07 0.03 0.18 0.0 0.0 1.9527 0.0478 0.0 2.0325 0 0 0 0 0
751583 100131 -8.887 0.009765625 -1.0 0.02 1.07 0.03 0.21 0.0 0.0 1.8681 0.0344 0.0 2.006 0 0 0 0 0
751603 100129 -8.885 0.019042968 -1.0 0.04 1.1 0.09 0.12 0.0 0.0 2.0372 0.0365 0.0 2.0119 0 0 0 0 0
751624 100130 -8.876 0.022460937 -1.0 0.02 1.13 0.09 0.15 0.0 0.0 1.9527 0.0325 0.0 2.0028 0 0 0 0 0
751644 100134 -8.882 0.011718751 -0.99 0.03 1.1 -0.06 0.24 0.0 0.0 1.6145 0.0002 0.0 1.9385 0 0 0 0 0
751665 100132 -8.893 0.022460937 -1.0 0.02 1.04 0.12 0.18 0.0 0.0 1.7836 -0.0116 0.0 1.9125 0 0 0 0 0
751685 100135 -8.889 0.022949218 -1.0 0.02 1.01 -0.12 0.12 0.0 0.0 1.5325 -0.0415 0.0 1.8487 0 0 0 0 0
751706 100126 -8.88 0.017578125 -1.0 0.04 1.01 0.0 0.15 0.0 0.0 2.2882 -0.0064 0.0 1.9214 0 0 0 0 0
751726 100134 -8.885 0.016113281 -1.0 0.02 0.95 -0.06 0.21 0.0 0.0 1.6145 -0.0311 0.0 1.8699 0 0 0 0 0
751747 100133 -8.87 0.016601562 -1.0 0.03 1.13 -0.03 0.18 0.0 0.0 1.699 -0.0439 0.0 1.8407 0 0 0 0 0
751767 100127 -8.882 0.020507812 -1.0 0.01 1.07 0.09 0.27 0.0 0.0 2.2063 -0.0139 0.0 1.901 0 0 0 0 0
751788 100128 -8.899 0.016601562 -1.0 0.03 1.01 0.03 0.3 0.0 0.0 2.1218 0.0038 0.0 1.9376 0 0 0 0 0
751808 100130 -8.872 0.01953125 -1.0 0.02 0.88 0.12 0.24 0.0 0.0 1.9527 0.0053 0.0 1.9402 0 0 0 0 0
751828 100128 -8.878 0.021484375 -1.0 0.03 1.1 0.06 0.15 0.0 0.0 2.1218 0.0195 0.0 1.9707 0 0 0 0 0
751849 100129 -8.867 0.020019531 -1.0 0.04 0.88 0.18 0.21 0.0 0.0 2.0372 0.025 0.0 1.9823 0 0 0 0 0
751869 100129 -8.895 0.011230469 -1.0 0.02 1.07 0.0 0.15 0.0 0.0 2.0372 0.0287 0.0 1.992 0 0 0 0 0
751890 100129 -8.88 0.019042968 -1.0 0.01 1.01 0.24 0.21 0.0 0.0 2.0372 0.0331 0.0 2.0001 0 0 0 0 0
751910 100127 -8.865 0.018554687 -1.0 0.04 1.07 0.12 0.15 0.0 0.0 2.2063 0.0492 0.0 2.0353 0 0 0 0 0
751931 100127 -8.882 0.016601562 -1.0 0.02 1.16 0.12 0.24 0.0 0.0 2.2063 0.0624 0.0 2.065 0 0 0 0 0
751951 100124 -8.882 0.015625 -1.0 0.01 1.19 0.0 0.21 0.0 0.0 2.4574 0.094 0.0 2.1319 0 0 0 0 0
751972 100130 -8.869 0.018066406 -1.0 0.03 1.01 0.06 0.34 0.0 0.0 1.9527 0.0792 0.0 2.1038 0 0 0 0 0
751992 100132 -8.885 0.012695313 -1.0 0.02 1.25 -0.03 0.18 0.0 0.0 1.7836 0.0541 0.0 2.0518 0 0 0 0 0
752013 100133 -8.884 0.021972656 -1.0 0.03 1.13 -0.12 0.21 0.0 0.0 1.699 0.026 0.0 1.9939 0 0 0 0 0
752033 100130 -8.891 0.01953125 -1.0 0.03 1.1 0.09 0.21 0.0 0.0 1.9527 0.0231 0.0 1.9875 0 0 0 0 0
752054 100128 -8.865 0.013183594 -1.0 0.03 1.13 0.0 0.27 0.0 0.0 2.1218 0.0335 0.0 2.0105 0 0 0 0 0
752074 100133 -8.874 0.019042968 -1.0 0.02 1.07 -0.09 0.21 0.0 0.0 1.699 0.0086 0.0 1.9591 0 0 0 0 0
752095 100126 -8.867 0.024902343 -1.0 0.02 1.16 0.0 0.27 0.0 0.0 2.2882 0.036 0.0 2.0143 0 0 0 0 0
752115 100127 -8.882 0.012207032 -1.0 0.01 1.16 0.03 0.27 0.0 0.0 2.2063 0.0517 0.0 2.0472 0 0 0 0 0
752136 100132 -8.85 0.016601562 -1.0 0.03 1.07 -0.03 0.21 0.0 0.0 1.7836 0.0304 0.0 2.0041 0 0 0 0 0
752156 100127 -8.882 0.020019531 -1.0 0.04 1.04 0.09 0.15 0.0 0.0 2.2063 0.0464 0.0 2.0386 0 0 0 0 0
752177 100126 -8.878 0.016113281 -1.0 0.03 1.16 0.09 0.27 0.0 0.0 2.2882 0.0666 0.0 2.0813 0 0 0 0 0
752197 100133 -8.867 0.020996093 -1.0 0.02 0.95 0.03 0.12 0.0 0.0 1.699 0.0366 0.0 2.0187 0 0 0 0 0
752218 100127 -8.859 0.020019531 -1.0 0.04 0.98 0.06 0.15 0.0 0.0 2.2063 0.0516 0.0 2.0509 0 0 0 0 0
752238 100131 -8.855 0.011718751 -1.0 0.03 1.1 0.03 0.3 0.0 0.0 1.8681 0.0365 0.0 2.0213 0 0 0 0 0
752259 100133 -8.863 0.016113281 -1.0 0.02 1.07 0.09 0.4 0.0 0.0 1.699 0.0112 0.0 1.9682 0 0 0 0 0
752279 100125 -8.876 0.017089843 -1.0 0.01 1.16 0.24 0.21 0.0 0.0 2.3728 0.0438 0.0 2.0361 0 0 0 0 0
752300 100130 -8.861 0.022460937 -1.0 0.03 1.1 -0.09 0.18 0.0 0.0 1.9527 0.0366 0.0 2.023 0 0 0 0 0
752320 100131 -8.867 0.016601562 -1.0 0.01 1.22 0.09 0.24 0.0 0.0 1.8681 0.0247 0.0 1.9978 0 0 0 0 0
752340 100132 -8.859 0.012695313 -1.0 0.04 1.04 0.15 0.21 0.0 0.0 1.7836 0.0073 0.0 1.9625 0 0 0 0 0
752361 100131 -8.848 0.01953125 -1.0 0.03 1.07 0.09 0.34 0.0 0.0 1.8681 -0.0 0.0 1.9468 0 0 0 0 0
752381 100128 -8.857 0.01953125 -1.0 0.01 1.04 0.12 0.21 0.0 0.0 2.1218 0.0146 0.0 1.9761 0 0 0 0 0
752402 100125 -8.865 0.011718751 -1.0 0.03 1.07 0.15 0.3 0.0 0.0 2.3728 0.0457 0.0 2.0428 0 0 0 0 0
752422 100127 -8.85 0.015625 -1.0 0.02 1.19 -0.03 0.21 0.0 0.0 2.2063 0.0584 0.0 2.0711 0 0 0 0 0
752443 100135 -8.854 0.018554687 -1.0 0.02 0.91 0.12 0.15 0.0 0.0 1.5325 0.0153 0.0 1.9822 0 0 0 0 0
752463 100129 -8.855 0.020996093 -1.0 0.04 1.01 -0.09 0.12 0.0 0.0 2.0372 0.02 0.0 1.9917 0 0 0 0 0
752484 100133 -8.854 0.016113281 -1.0 0.02 1.13 0.06 0.34 0.0 0.0 1.699 -0.0031 0.0 1.9431 0 0 0 0 0
752504 100130 -8.867 0.015136719 -1.0 0.03 1.07 0.09 0.27 0.0 0.0 1.9527 -0.0022 0.0 1.9447 0 0 0 0 0
752525 100129 -8.87 0.013671876 -1.0 0.03 1.22 0.0 0.27 0.0 0.0 2.0372 0.0047 0.0 1.9601 0 0 0 0 0
752545 100131 -8.857 0.020507812 -1.0 0.01 1.1 -0.24 0.3 0.0 0.0 1.8681 -0.0024 0.0 1.9448 0 0 0 0 0
752566 100130 -8.855 0.011718751 -1.0 0.03 1.04 0.09 0.03 0.0 0.0 1.9527 -0.0025 0.0 1.9461 0 0 0 0 0
752586 100130 -8.852 0.017578125 -1.0 0.03 1.16 -0.03 0.3 0.0 0.0 1.9527 -0.0016 0.0 1.9471 0 0 0 0 0
752607 100126 -8.854 0.009765625 -1.0 0.02 0.98 0.18 0.3 0.0 0.0 2.2882 0.0262 0.0 2.0042 0 0 0 0 0
752627 100127 -8.839 0.017578125 -1.0 0.02 0.43 -0.24 0.24 0.0 0.0 2.2063 0.0427 0.0 2.0385 0 0 0 0 0
752648 100133 -8.855 0.014160157 -1.0 0.04 1.16 -0.15 0.24 0.0 0.0 1.699 0.015 0.0 1.9826 0 0 0 0 0
752668 100130 -8.852 0.016601562 -1.0 0.01 1.07 -0.03 0.24 0.0 0.0 1.9527 0.0134 0.0 1.9779 0 0 0 0 0
752689 100131 -8.874 0.016113281 -1.0 0.03 1.13 -0.06 0.18 0.0 0.0 1.8681 0.0052 0.0 1.9598 0 0 0 0 0
752709 100131 -8.844 0.019042968 -1.0 0.03 1.1 0.18 0.24 0.0 0.0 1.8681 -0.0023 0.0 1.9446 0 0 0 0 0
752730 100129 -8.863 0.018066406 -1.0 0.02 1.01 0.12 0.21 0.0 0.0 2.0372 0.0054 0.0 1.96 0 0 0 0 0
752750 100127 -8.863 0.013183594 -1.0 0.01 1.1 0.09 0.21 0.0 0.0 2.2063 0.0256 0.0 2.0013 0 0 0 0 0
752771 100134 -8.842 0.014648438 -1.0 0.03 1.07 0.09 0.3 0.0 0.0 1.6145 -0.0058 0.0 1.9371 0 0 0 0 0
752791 100127 -8.863 0.015136719 -1.0 0.03 0.91 0.21 0.06 0.0 0.0 2.2063 0.0153 0.0 1.982 0 0 0 0 0
752812 100124 -8.857 0.020996093 -1.0 0.02 1.16 -0.06 0.15 0.0 0.0 2.4574 0.0541 0.0 2.0619 0 0 0 0 0
752832 100131 -8.854 0.019042968 -1.0 0.03 1.01 0.06 0.06 0.0 0.0 1.8681 0.0383 0.0 2.0306 0 0 0 0 0
752852 100135 -8.852 0.009765625 -1.0 0.02 1.01 0.12 0.34 0.0 0.0 1.5325 -0.0017 0.0 1.948 0 0 0 0 0
752873 100128 -8.854 0.020019531 -1.0 0.04 1.04 0.12 0.18 0.0 0.0 2.1218 0.012 0.0 1.9771 0 0 0 0 0
752893 100129 -8.842 0.021484375 -1.0 0.04 0.98 -0.21 0.34 0.0 0.0 2.0372 0.0174 0.0 1.9874 0 0 0 0 0
752914 100127 -8.844 0.020019531 -1.0 0.02 0.91 0.12 0.34 0.0 0.0 2.2063 0.0352 0.0 2.0244 0 0 0 0 0
752934 100128 -8.855 0.018554687 -1.0 0.02 1.04 0.03 0.18 0.0 0.0 2.1218 0.043 0.0 2.0414 0 0 0 0 0
752955 100125 -8.846 0.012695313 -1.0 0.04 1.1 -0.12 0.09 0.0 0.0 2.3728 0.069 0.0 2.0978 0 0 0 0 0
752975 100131 -8.852 0.016113281 -1.0 0.02 1.1 -0.03 0.21 0.0 0.0 1.8681 0.0511 0.0 2.0607 0 0 0 0 0
752996 100131 -8.85 0.024902343 -1.0 0.02 1.13 -0.06 0.15 0.0 0.0 1.8681 0.0362 0.0 2.0296 0 0 0 0 0
753016 100129 -8.861 0.013671876 -1.0 0.04 1.07 0.03 0.21 0.0 0.0 2.0372 0.0364 0.0 2.0316 0 0 0 0 0
753037 100132 -8.831 0.017578125 -1.0 0.03 1.01 0.06 0.3 0.0 0.0 1.7836 0.0159 0.0 1.9908 0 0 0 0 0
753057 100134 -8.835 0.015136719 -1.0 0.02 0.95 0.12 0.3 0.0 0.0 1.6145 -0.0133 0.0 1.9282 0 0 0 0 0
753078 100127 -8.855 0.013671876 -1.0 0.03 1.07 0.03 0.06 0.0 0.0 2.2063 0.0086 0.0 1.9745 0 0 0 0 0
753098 100132 -8.837 0.011230469 -1.0 0.02 1.16 0.03 0.21 0.0 0.0 1.7836 -0.0068 0.0 1.9427 0 0 0 0 0
753119 100134 -8.848 0.018066406 -1.0 0.04 1.13 -0.15 0.27 0.0 0.0 1.6145 -0.0333 0.0 1.8876 0 0 0 0 0
753139 100130 -8.839 0.018066406 -1.0 0.03 1.1 0.0 0.21 0.0 0.0 1.9527 -0.0285 0.0 1.8978 0 0 0 0 0
753160 100132 -8.829 0.015136719 -1.0 0.01 1.13 0.15 0.21 0.0 0.0 1.7836 -0.0367 0.0 1.8781 0 0 0 0 0
753180 100131 -8.839 0.016113281 -1.0 0.03 1.1 0.18 0.24 0.0 0.0 1.8681 -0.0374 0.0 1.8757 0 0 0 0 0
753201 100130 -8.844 0.012207032 -1.0 0.04 1.01 0.09 0.34 0.0 0.0 1.9527 -0.0318 0.0 1.8878 0 0 0 0 0
753221 100132 -8.835 0.015625 -1.0 0.01 1.13 -0.15 0.3 0.0 0.0 1.7836 -0.0392 0.0 1.8697 0 0 0 0 0
753242 100134 -8.842 0.014160157 -1.0 0.01 1.07 0.06 0.18 0.0 0.0 1.6145 -0.0599 0.0 1.8262 0 0 0 0 0
753262 100131 -8.842 0.020996093 -1.0 0.03 1.1 0.0 0.21 0.0 0.0 1.8681 -0.0562 0.0 1.832 0 0 0 0 0
753283 100126 -8.839 0.020019531 -1.0 0.02 1.19 -0.15 0.18 0.0 0.0 2.2882 -0.019 0.0 1.9072 0 0 0 0 0
753303 100129 -8.846 0.0234375 -1.0 0.04 1.01 0.21 0.3 0.0 0.0 2.0372 -0.0087 0.0 1.9286 0 0 0 0 0
753324 100129 -8.852 0.022460937 -1.0 0.02 1.07 0.03 0.27 0.0 0.0 2.0372 0.0003 0.0 1.9466 0 0 0 0 0
753344 100133 -8.842 0.015625 -1.0 0.04 1.01 0.06 0.27 0.0 0.0 1.699 -0.02 0.0 1.9052 0 0 0 0 0
753364 100132 -8.833 0.021972656 -1.0 0.03 1.1 0.09 0.3 0.0 0.0 1.7836 -0.0289 0.0 1.8844 0 0 0 0 0
753385 100128 -8.854 0.014160157 -1.0 0.02 1.01 0.09 0.09 0.0 0.0 2.1218 -0.0102 0.0 1.9235 0 0 0 0 0
753405 100130 -8.833 0.01953125 -1.0 0.04 1.07 0.06 0.12 0.0 0.0 1.9527 -0.0075 0.0 1.9282 0 0 0 0 0
753426 100134 -8.824 0.013183594 -1.0 0.03 1.13 0.15 0.18 0.0 0.0 1.6145 -0.0324 0.0 1.8755 0 0 0 0 0
753446 100133 -8.835 0.015136719 -1.0 0.01 1.19 -0.06 0.21 0.0 0.0 1.699 -0.0459 0.0 1.8454 0 0 0 0 0
753467 100129 -8.835 0.022460937 -1.0 0.03 1.1 0.06 0.24 0.0 0.0 2.0372 -0.03 0.0 1.8765 0 0 0 0 0
753487 100125 -8.844 0.016601562 -1.0 0.02 1.1 -0.06 0.21 0.0 0.0 2.3728 0.0096 0.0 1.9589 0 0 0 0 0
753508 100129 -8.837 0.017578125 -1.0 0.03 0.98 -0.06 0.15 0.0 0.0 2.0372 0.0163 0.0 1.9722 0 0 0 0 0
753528 100125 -8.825 0.021484375 -1.0 0.02 1.16 0.0 0.24 0.0 0.0 2.3728 0.0489 0.0 2.0396 0 0 0 0 0
753549 100131 -8.829 0.017089843 -1.0 0.04 1.04 0.03 0.18 0.0 0.0 1.8681 0.0348 0.0 2.0119 0 0 0 0 0
753569 100130 -8.824 0.025390625 -1.0 0.03 1.04 0.0 0.27 0.0 0.0 1.9527 0.0308 0.0 2.0027 0 0 0 0 0
753590 100131 -8.812 0.016113281 -1.0 0.02 1.19 0.21 0.37 0.0 0.0 1.8681 0.0199 0.0 1.9808 0 0 0 0 0
753610 100128 -8.84 0.018554687 -1.0 0.04 1.22 0.09 0.3 0.0 0.0 2.1218 0.0305 0.0 2.0048 0 0 0 0 0
753631 100128 -8.824 0.012695313 -1.0 0.03 1.1 -0.15 0.18 0.0 0.0 2.1218 0.0399 0.0 2.025 0 0 0 0 0
753651 100131 -8.833 0.021484375 -1.0 0.02 1.01 -0.15 0.21 0.0 0.0 1.8681 0.028 0.0 1.9996 0 0 0 0 0
753672 100128 -8.827 0.017089843 -1.0 0.04 0.91 0.03 0.18 0.0 0.0 2.1218 0.0371 0.0 2.0206 0 0 0 0 0
753692 100130 -8.835 0.018554687 -1.0 0.03 1.07 0.0 0.21 0.0 0.0 1.9527 0.0317 0.0 2.01 0 0 0 0 0
753713 100132 -8.827 0.019042968 -1.0 0.02 1.04 -0.18 0.24 0.0 0.0 1.7836 0.0134 0.0 1.9728 0 0 0 0 0
753733 100131 -8.814 0.01953125 -1.0 0.03 1.01 0.09 0.27 0.0 0.0 1.8681 0.0051 0.0 1.9555 0 0 0 0 0
753754 100130 -8.822 0.015136719 -0.99 0.04 0.91 0.21 0.34 0.0 0.0 1.9527 0.0038 0.0 1.9551 0 0 0 0 0
753774 100129 -8.818 0.024414062 -1.0 0.03 0.88 0.24 0.3 0.0 0.0 2.0372 0.011 0.0 1.969 0 0 0 0 0
753795 100131 -8.82 0.019042968 -1.0 0.03 1.04 0.21 0.21 0.0 0.0 1.8681 0.0031 0.0 1.9523 0 0 0 0 0
753815 100128 -8.824 0.013183594 -1.0 0.02 1.01 0.21 0.27 0.0 0.0 2.1218 0.0174 0.0 1.9807 0 0 0 0 0
753836 100127 -8.831 0.018066406 -1.0 0.03 1.1 0.09 0.15 0.0 0.0 2.2063 0.036 0.0 2.0189 0 0 0 0 0
753856 100133 -8.822 0.020507812 -1.0 0.04 0.91 0.18 0.24 0.0 0.0 1.699 0.0105 0.0 1.9661 0 0 0 0 0
753876 100132 -8.816 0.021972656 -1.0 0.01 1.01 -0.06 0.12 0.0 0.0 1.7836 -0.003 0.0 1.9357 0 0 0 0 0
753897 100131 -8.803 0.018554687 -1.0 0.01 1.1 0.15 0.27 0.0 0.0 1.8681 -0.0081 0.0 1.9244 0 0 0 0 0
753917 100129 -8.824 0.015136719 -1.0 0.03 1.07 0.12 0.18 0.0 0.0 2.0372 0.0002 0.0 1.9431 0 0 0 0 0
753938 100132 -8.816 0.018066406 -1.0 0.03 1.13 0.0 0.21 0.0 0.0 1.7836 -0.0133 0.0 1.9164 0 0 0 0 0
753958 100133 -8.833 0.022460937 -1.0 0.02 1.07 0.09 0.18 0.0 0.0 1.699 -0.0298 0.0 1.8798 0 0 0 0 0
753979 100128 -8.818 0.014648438 -1.0 0.04 0.88 0.15 0.27 0.0 0.0 2.1218 -0.0113 0.0 1.9196 0 0 0 0 0
753999 100131 -8.816 0.009765625 -1.0 0.02 1.07 0.09 0.37 0.0 0.0 1.8681 -0.0162 0.0 1.9108 0 0 0 0 0
754020 100126 -8.822 0.0234375 -1.0 0.02 0.91 0.09 0.21 0.0 0.0 2.2882 0.0139 0.0 1.9736 0 0 0 0 0
754040 100134 -8.824 0.018066406 -1.0 0.03 0.98 0.12 0.27 0.0 0.0 1.6145 -0.0147 0.0 1.9138 0 0 0 0 0
754061 100127 -8.81 0.009765625 -1.0 0.03 0.91 0.15 0.24 0.0 0.0 2.2063 0.0081 0.0 1.9625 0 0 0 0 0
754081 100137 -8.814 0.019042968 -1.0 0.02 0.95 0.06 0.21 0.0 0.0 1.3634 -0.0396 0.0 1.8624 0 0 0 0 0
754102 100129 -8.803 0.025390625 -1.0 0.02 1.1 0.06 0.12 0.0 0.0 2.0372 -0.0256 0.0 1.8908 0 0 0 0 0
754122 100131 -8.786 0.013183594 -1.0 0.01 1.07 0.18 0.21 0.0 0.0 1.8681 -0.0274 0.0 1.8865 0 0 0 0 0
754143 100132 -8.807 0.017089843 -1.0 0.03 0.98 0.0 0.34 0.0 0.0 1.7836 -0.0356 0.0 1.8687 0 0 0 0 0
754163 100129 -8.803 0.019042968 -1.0 0.04 0.98 0.12 0.21 0.0 0.0 2.0372 -0.0221 0.0 1.8962 0 0 0 0 0
754184 100128 -8.801 0.018066406 -1.0 0.03 1.04 0.06 0.21 0.0 0.0 2.1218 -0.0038 0.0 1.9335 0 0 0 0 0
754204 100129 -8.818 0.018554687 -1.01 0.01 1.01 0.0 0.27 0.0 0.0 2.0372 0.0057 0.0 1.9508 0 0 0 0 0
754225 100131 -8.794 0.017578125 -1.0 0.04 1.07 -0.03 0.21 0.0 0.0 1.8681 -0.0017 0.0 1.9371 0 0 0 0 0
754245 100130 -8.812 0.022460937 -1.0 0.02 1.19 -0.03 0.24 0.0 0.0 1.9527 -0.0003 0.0 1.9396 0 0 0 0 0
754266 100130 -8.799 0.019042968 -1.0 0.03 1.13 0.06 0.09 0.0 0.0 1.9527 -0.0001 0.0 1.9418 0 0 0 0 0
754286 100132 -8.825 0.015136719 -1.0 0.04 1.04 0.12 0.15 0.0 0.0 1.7836 -0.0132 0.0 1.9153 0 0 0 0 0
754307 100131 -8.803 0.015136719 -1.0 0.02 1.1 0.09 0.15 0.0 0.0 1.8681 -0.0168 0.0 1.9072 0 0 0 0 0
754327 100127 -8.801 0.012695313 -0.99 0.04 0.98 0.03 0.12 0.0 0.0 2.2063 0.0062 0.0 1.9569 0 0 0 0 0
754348 100133 -8.801 0.020507812 -1.0 0.02 0.95 0.03 0.18 0.0 0.0 1.699 -0.0136 0.0 1.9138 0 0 0 0 0
754368 100131 -8.786 0.012695313 -1.0 0.02 1.01 0.15 0.24 0.0 0.0 1.8681 -0.0173 0.0 1.9059 0 0 0 0 0
754388 100128 -8.814 0.012695313 -0.99 0.04 0.95 0.0 0.15 0.0 0.0 2.1218 -0.001 0.0 1.9417 0 0 0 0 0
754409 100127 -8.81 0.022949218 -1.0 0.02 0.95 0.03 0.21 0.0 0.0 2.2063 0.0205 0.0 1.986 0 0 0 0 0
754429 100128 -8.803 0.014648438 -1.0 0.03 1.1 0.12 0.21 0.0 0.0 2.1218 0.0308 0.0 2.0091 0 0 0 0 0
754450 100131 -8.809 0.012695313 -0.99 0.04 1.04 0.03 0.15 0.0 0.0 1.8681 0.0183 0.0 1.9861 0 0 0 0 0
754470 100129 -8.812 0.017578125 -1.0 0.01 0.95 0.21 0.24 0.0 0.0 2.0372 0.023 0.0 1.9951 0 0 0 0 0
754491 100130 -8.805 0.016113281 -1.0 0.03 1.16 0.15 0.15 0.0 0.0 1.9527 0.0198 0.0 1.9884 0 0 0 0 0
754511 100129 -8.81 0.017578125 -1.0 0.03 1.01 0.0 0.12 0.0 0.0 2.0372 0.0239 0.0 1.997 0 0 0 0 0
754532 100127 -8.799 0.0234375 -1.0 0.02 0.91 0.12 0.3 0.0 0.0 2.2063 0.0415 0.0 2.0325 0 0 0 0 0
754552 100128 -8.801 0.017578125 -1.0 0.03 1.04 -0.12 0.12 0.0 0.0 2.1218 0.0478 0.0 2.0483 0 0 0 0 0
754573 100130 -8.803 0.01953125 -1.0 0.02 1.1 0.06 0.09 0.0 0.0 1.9527 0.0401 0.0 2.0333 0 0 0 0 0
754593 100130 -8.803 0.019042968 -1.0 0.03 1.04 0.0 0.24 0.0 0.0 1.9527 0.0331 0.0 2.0206 0 0 0 0 0
754614 100128 -8.805 0.008789063 -1.0 0.02 1.25 -0.03 0.3 0.0 0.0 2.1218 0.042 0.0 2.0382 0 0 0 0 0
754634 100128 -8.801 0.022949218 -1.0 0.02 1.13 -0.03 0.18 0.0 0.0 2.1218 0.0495 0.0 2.0531 0 0 0 0 0
754655 100128 -8.79 0.022460937 -1.0 0.04 0.88 0.06 0.12 0.0 0.0 2.1218 0.0554 0.0 2.0656 0 0 0 0 0
754675 100129 -8.795 0.016113281 -1.0 0.02 1.01 0.12 0.34 0.0 0.0 2.0372 0.0535 0.0 2.062 0 0 0 0 0
754696 100129 -8.797 0.014648438 -1.0 0.03 0.98 -0.03 0.27 0.0 0.0 2.0372 0.0515 0.0 2.0589 0 0 0 0 0
754716 100132 -8.782 0.015625 -1.0 0.04 1.16 -0.06 0.24 0.0 0.0 1.7836 0.0287 0.0 2.0139 0 0 0 0 0
754737 100134 -8.786 0.013183594 -1.0 0.02 1.07 0.0 0.09 0.0 0.0 1.6145 -0.0025 0.0 1.9476 0 0 0 0 0
754757 100130 -8.779 0.0234375 -1.0 0.02 1.1 -0.03 0.21 0.0 0.0 1.9527 -0.0014 0.0 1.9484 0 0 0 0 0
754778 100129 -8.792 0.019042968 -1.0 0.04 1.04 -0.12 0.09 0.0 0.0 2.0372 0.0056 0.0 1.9633 0 0 0 0 0
754798 100128 -8.79 0.015625 -1.0 0.03 1.07 -0.06 0.21 0.0 0.0 2.1218 0.0184 0.0 1.9899 0 0 0 0 0
754819 100135 -8.784 0.024902343 -1.0 0.01 1.07 0.06 0.15 0.0 0.0 1.5325 -0.0175 0.0 1.9137 0 0 0 0 0
754839 100126 -8.784 0.013183594 -1.0 0.03 1.07 0.09 0.24 0.0 0.0 2.2882 0.0121 0.0 1.976 0 0 0 0 0
754860 100133 -8.795 0.011718751 -1.0 0.03 1.01 0.03 0.24 0.0 0.0 1.699 -0.0108 0.0 1.9299 0 0 0 0 0
754880 100130 -8.799 0.020019531 -1.0 0.04 1.01 0.21 0.15 0.0 0.0 1.9527 -0.0093 0.0 1.9335 0 0 0 0 0
754900 100129 -8.801 0.016601562 -1.0 0.03 0.91 0.12 0.15 0.0 0.0 2.0372 -0.0013 0.0 1.9507 0 0 0 0 0
754921 100130 -8.79 0.011230469 -1.0 0.02 1.16 -0.03 0.15 0.0 0.0 1.9527 -0.0013 0.0 1.951 0 0 0 0 0
754941 100130 -8.801 0.018066406 -1.0 0.03 1.07 -0.06 0.27 0.0 0.0 1.9527 -0.0011 0.0 1.9512 0 0 0 0 0
754962 100126 -8.799 0.020996093 -1.0 0.04 1.28 -0.12 0.18 0.0 0.0 2.2882 0.0259 0.0 2.0076 0 0 0 0 0
754982 100132 -8.79 0.012207032 -1.0 0.02 1.01 0.09 0.21 0.0 0.0 1.7836 0.0082 0.0 1.9707 0 0 0 0 0
755003 100135 -8.786 0.016601562 -1.0 0.02 1.1 0.09 0.34 0.0 0.0 1.5325 -0.0267 0.0 1.8975 0 0 0 0 0
755023 100132 -8.781 0.021484375 -1.0 0.03 1.04 0.12 0.27 0.0 0.0 1.7836 -0.0357 0.0 1.8779 0 0 0 0 0
755044 100129 -8.788 0.016601562 -1.0 0.03 1.22 0.03 0.09 0.0 0.0 2.0372 -0.0234 0.0 1.9038 0 0 0 0 0
755064 100132 -8.795 0.014648438 -1.0 0.02 1.07 0.09 0.12 0.0 0.0 1.7836 -0.033 0.0 1.8832 0 0 0 0 0
755085 100128 -8.767 0.011718751 -1.0 0.04 1.19 -0.15 0.21 0.0 0.0 2.1218 -0.0145 0.0 1.9225 0 0 0 0 0
755105 100135 -8.786 0.012695313 -1.0 0.04 0.95 0.06 0.3 0.0 0.0 1.5325 -0.0464 0.0 1.8569 0 0 0 0 0
755126 100132 -8.773 0.021484375 -1.0 0.03 0.98 0.15 0.21 0.0 0.0 1.7836 -0.0523 0.0 1.8437 0 0 0 0 0
755146 100136 -8.779 0.015625 -1.0 0.03 1.13 0.03 0.3 0.0 0.0 1.448 -0.0838 0.0 1.7764 0 0 0 0 0
755167 100131 -8.767 0.009277344 -1.0 0.03 1.04 0.06 0.21 0.0 0.0 1.8681 -0.0766 0.0 1.79 0 0 0 0 0
755187 100129 -8.771 0.021972656 -1.0 0.02 1.04 0.0 0.09 0.0 0.0 2.0372 -0.0562 0.0 1.8299 0 0 0 0 0
755208 100134 -8.741 0.021972656 -1.0 0.03 1.04 -0.21 0.09 0.0 0.0 1.6145 -0.0728 0.0 1.7926 0 0 0 0 0
755228 100128 -8.771 0.008789063 -1.0 0.03 0.82 0.12 0.15 0.0 0.0 2.1218 -0.0468 0.0 1.8462 0 0 0 0 0
755249 100130 -8.779 0.012695313 -1.0 0.03 1.01 0.09 0.12 0.0 0.0 1.9527 -0.039 0.0 1.8631 0 0 0 0 0
755269 100130 -8.786 0.017578125 -1.0 0.01 0.98 0.18 0.18 0.0 0.0 1.9527 -0.0316 0.0 1.8773 0 0 0 0 0
755290 100131 -8.781 0.014160157 -0.99 0.03 1.1 0.09 0.12 0.0 0.0 1.8681 -0.0333 0.0 1.8751 0 0 0 0 0
755310 100129 -8.781 0.011230469 -1.0 0.03 1.1 0.09 0.18 0.0 0.0 2.0372 -0.0206 0.0 1.9015 0 0 0 0 0
755331 100131 -8.777 0.019042968 -1.0 0.02 1.19 -0.03 0.18 0.0 0.0 1.8681 -0.0227 0.0 1.8955 0 0 0 0 0
755351 100127 -8.786 0.014160157 -1.0 0.01 1.13 0.06 0.15 0.0 0.0 2.2063 0.0025 0.0 1.9471 0 0 0 0 0
755372 100133 -8.773 0.02734375 -1.0 0.03 1.16 -0.12 0.24 0.0 0.0 1.699 -0.0169 0.0 1.9056 0 0 0 0 0
755392 100128 -8.779 0.017089843 -1.0 0.03 0.98 0.03 0.15 0.0 0.0 2.1218 0.0008 0.0 1.9414 0 0 0 0 0
755412 100129 -8.773 0.012695313 -1.0 0.03 1.1 -0.03 0.12 0.0 0.0 2.0372 0.0078 0.0 1.9575 0 0 0 0 0
755433 100130 -8.784 0.021972656 -1.0 0.03 0.98 0.12 0.18 0.0 0.0 1.9527 0.0081 0.0 1.9568 0 0 0 0 0
755453 100130 -8.771 0.0234375 -1.0 0.02 1.1 0.03 0.18 0.0 0.0 1.9527 0.0084 0.0 1.9563 0 0 0 0 0
755474 100131 -8.764 0.011718751 -1.0 0.03 1.13 0.0 0.24 0.0 0.0 1.8681 0.0015 0.0 1.9417 0 0 0 0 0
755494 100130 -8.769 0.018066406 -1.0 0.03 1.1 0.12 0.18 0.0 0.0 1.9527 0.0027 0.0 1.9436 0 0 0 0 0
755515 100131 -8.764 0.019042968 -1.0 0.03 1.07 0.03 0.24 0.0 0.0 1.8681 -0.0031 0.0 1.931 0 0 0 0 0
755535 100134 -8.76 0.015625 -1.0 0.02 0.95 0.12 0.27 0.0 0.0 1.6145 -0.0277 0.0 1.878 0 0 0 0 0
755556 100131 -8.76 0.017578125 -1.0 0.02 1.1 0.03 0.27 0.0 0.0 1.8681 -0.0285 0.0 1.8758 0 0 0 0 0
755576 100129 -8.771 0.014648438 -1.0 0.02 1.07 0.06 0.15 0.0 0.0 2.0372 -0.0151 0.0 1.9022 0 0 0 0 0
755597 100129 -8.775 0.01953125 -1.0 0.02 1.16 0.06 0.21 0.0 0.0 2.0372 -0.0043 0.0 1.9245 0 0 0 0 0
755617 100131 -8.764 0.02734375 -1.0 0.03 1.25 -0.09 0.18 0.0 0.0 1.8681 -0.0082 0.0 1.915 0 0 0 0 0
755638 100131 -8.758 0.015625 -1.0 0.01 0.91 0.03 0.15 0.0 0.0 1.8681 -0.0109 0.0 1.907 0 0 0 0 0
755658 100131 -8.775 0.014160157 -1.0 0.02 1.07 0.03 0.18 0.0 0.0 1.8681 -0.014 0.0 1.9002 0 0 0 0 0
755679 100131 -8.752 0.017089843 -1.0 0.03 1.1 0.03 0.27 0.0 0.0 1.8681 -0.0174 0.0 1.8946 0 0 0 0 0
755699 100127 -8.752 0.017578125 -1.0 0.03 1.04 0.0 0.18 0.0 0.0 2.2063 0.0073 0.0 1.9464 0 0 0 0 0
755720 100132 -8.775 0.015136719 -1.0 0.01 1.04 0.18 0.27 0.0 0.0 1.7836 -0.0055 0.0 1.9193 0 0 0 0 0
755740 100128 -8.76 0.022460937 -1.0 0.03 1.04 0.12 0.24 0.0 0.0 2.1218 0.0106 0.0 1.953 0 0 0 0 0
755761 100127 -8.775 0.010253907 -1.0 0.03 0.91 0.18 0.3 0.0 0.0 2.2063 0.0304 0.0 1.9957 0 0 0 0 0
755781 100128 -8.769 0.020507812 -1.0 0.02 1.16 0.06 0.27 0.0 0.0 2.1218 0.0406 0.0 2.0174 0 0 0 0 0
755802 100130 -8.779 0.019042968 -1.0 0.03 0.98 0.0 0.24 0.0 0.0 1.9527 0.0355 0.0 2.0074 0 0 0 0 0
755822 100133 -8.775 0.016601562 -1.0 0.04 1.07 -0.09 0.09 0.0 0.0 1.699 0.0104 0.0 1.9565 0 0 0 0 0
755843 100129 -8.79 0.020996093 -1.0 0.02 1.04 0.03 0.06 0.0 0.0 2.0372 0.0169 0.0 1.9702 0 0 0 0 0
755863 100131 -8.76 0.023925781 -1.0 0.02 0.98 0.03 0.21 0.0 0.0 1.8681 0.0098 0.0 1.9535 0 0 0 0 0
755884 100132 -8.766 0.010253907 -1.0 0.02 1.13 0.15 0.34 0.0 0.0 1.7836 -0.0035 0.0 1.9253 0 0 0 0 0
755904 100131 -8.764 0.019042968 -1.0 0.03 0.95 0.09 0.24 0.0 0.0 1.8681 -0.0081 0.0 1.9156 0 0 0 0 0
755924 100131 -8.771 0.0234375 -1.0 0.03 1.07 0.18 0.24 0.0 0.0 1.8681 -0.0118 0.0 1.9075 0 0 0 0 0
755945 100129 -8.762 0.017089843 -1.0 0.03 1.13 0.03 0.3 0.0 0.0 2.0372 -0.0012 0.0 1.929 0 0 0 0 0
755965 100128 -8.766 0.016113281 -1.01 0.01 0.98 0.09 0.21 0.0 0.0 2.1218 0.0153 0.0 1.9612 0 0 0 0 0
755986 100126 -8.764 0.012207032 -0.99 0.04 1.1 0.24 0.21 0.0 0.0 2.2882 0.0405 0.0 2.0163 0 0 0 0 0
756006 100130 -8.758 0.015625 -1.0 0.03 1.1 0.06 0.3 0.0 0.0 1.9527 0.0358 0.0 2.0064 0 0 0 0 0
756027 100130 -8.756 0.020996093 -1.0 0.02 1.04 -0.03 0.12 0.0 0.0 1.9527 0.0318 0.0 1.9982 0 0 0 0 0
756047 100128 -8.751 0.014648438 -1.0 0.03 0.98 0.09 0.34 0.0 0.0 2.1218 0.042 0.0 2.0195 0 0 0 0 0
756068 100130 -8.756 0.008789063 -1.0 0.03 0.95 0.18 0.18 0.0 0.0 1.9527 0.0359 0.0 2.0092 0 0 0 0 0
756088 100131 -8.767 0.021972656 -1.0 0.02 0.98 0.06 0.15 0.0 0.0 1.8681 0.0248 0.0 1.9863 0 0 0 0 0
756109 100133 -8.764 0.020996093 -1.0 0.03 0.79 -0.06 0.24 0.0 0.0 1.699 0.0023 0.0 1.9387 0 0 0 0 0
756129 100131 -8.752 0.014160157 -1.0 0.03 1.16 0.12 0.21 0.0 0.0 1.8681 -0.0033 0.0 1.927 0 0 0 0 0
756150 100126 -8.764 0.018066406 -1.0 0.03 1.04 0.0 0.37 0.0 0.0 2.2882 0.0254 0.0 1.9874 0 0 0 0 0
756170 100131 -8.76 0.024902343 -1.0 0.02 1.01 0.09 0.24 0.0 0.0 1.8681 0.0166 0.0 1.9679 0 0 0 0 0
756191 100129 -8.771 0.011718751 -1.0 0.02 1.13 0.03 0.15 0.0 0.0 2.0372 0.0224 0.0 1.9799 0 0 0 0 0
756211 100129 -8.754 0.008789063 -1.0 0.02 0.98 0.0 0.27 0.0 0.0 2.0372 0.0271 0.0 1.9899 0 0 0 0 0
756232 100133 -8.756 0.015625 -1.0 0.04 0.91 0.3 0.18 0.0 0.0 1.699 0.0033 0.0 1.9418 0 0 0 0 0
756252 100129 -8.745 0.023925781 -1.0 0.03 1.04 0.03 0.21 0.0 0.0 2.0372 0.0115 0.0 1.9578 0 0 0 0 0
756273 100129 -8.754 0.016601562 -1.0 0.01 1.07 0.03 0.37 0.0 0.0 2.0372 0.0175 0.0 1.9714 0 0 0 0 0
756293 100129 -8.754 0.022949218 -1.0 0.02 1.07 -0.15 0.09 0.0 0.0 2.0372 0.023 0.0 1.9827 0 0 0 0 0
756314 100127 -8.758 0.024414062 -1.0 0.02 1.16 -0.12 0.09 0.0 0.0 2.2063 0.0412 0.0 2.0206 0 0 0 0 0
756334 100128 -8.741 0.016601562 -1.0 0.04 0.91 0.21 0.21 0.0 0.0 2.1218 0.0492 0.0 2.0384 0 0 0 0 0
756355 100130 -8.741 0.013183594 -1.0 0.04 1.13 0.18 0.24 0.0 0.0 1.9527 0.0415 0.0 2.0251 0 0 0 0 0
756375 100128 -8.736 0.018554687 -1.0 0.01 0.98 0.06 0.27 0.0 0.0 2.1218 0.0496 0.0 2.0421 0 0 0 0 0
756396 100129 -8.749 0.020019531 -1.0 0.02 0.98 0.09 0.15 0.0 0.0 2.0372 0.0494 0.0 2.0423 0 0 0 0 0
756416 100127 -8.743 0.021972656 -1.0 0.03 1.1 0.18 0.12 0.0 0.0 2.2063 0.0627 0.0 2.0707 0 0 0 0 0
756436 100134 -8.721 0.017089843 -1.0 0.01 1.04 0.12 0.24 0.0 0.0 1.6145 0.0265 0.0 1.9957 0 0 0 0 0
756457 100130 -8.751 0.011230469 -1.0 0.03 0.98 0.09 0.21 0.0 0.0 1.9527 0.0228 0.0 1.989 0 0 0 0 0
756477 100128 -8.758 0.023925781 -1.0 0.03 1.07 0.06 0.24 0.0 0.0 2.1218 0.0338 0.0 2.0117 0 0 0 0 0
756498 100132 -8.734 0.017089843 -1.0 0.02 1.04 0.09 0.21 0.0 0.0 1.7836 0.0159 0.0 1.9742 0 0 0 0 0
756518 100133 -8.741 0.011718751 -0.99 0.04 1.04 0.09 0.34 0.0 0.0 1.699 -0.007 0.0 1.9285 0 0 0 0 0
756539 100128 -8.752 0.014160157 -1.0 0.01 1.04 0.03 0.24 0.0 0.0 2.1218 0.0092 0.0 1.9607 0 0 0 0 0
756559 100129 -8.745 0.018554687 -1.0 0.01 0.91 0.21 0.18 0.0 0.0 2.0372 0.0152 0.0 1.9737 0 0 0 0 0
756580 100134 -8.749 0.0234375 -1.0 0.03 1.01 -0.09 0.12 0.0 0.0 1.6145 -0.0138 0.0 1.9139 0 0 0 0 0
756600 100127 -8.737 0.025390625 -1.0 0.02 0.98 -0.18 0.24 0.0 0.0 2.2063 0.0098 0.0 1.9625 0 0 0 0 0
756621 100130 -8.736 0.011718751 -1.0 0.02 0.95 0.12 0.24 0.0 0.0 1.9527 0.0087 0.0 1.9611 0 0 0 0 0
756641 100134 -8.734 0.021972656 -1.0 0.02 1.25 0.12 0.24 0.0 0.0 1.6145 -0.0183 0.0 1.9033 0 0 0 0 0
756662 100133 -8.741 0.0234375 -1.0 0.03 1.01 -0.03 0.3 0.0 0.0 1.699 -0.0343 0.0 1.8687 0 0 0 0 0
756682 100133 -8.713 0.009765625 -1.0 0.02 0.85 0.18 0.24 0.0 0.0 1.699 -0.0479 0.0 1.8396 0 0 0 0 0
756703 100128 -8.743 0.018066406 -1.0 0.03 0.91 -0.06 0.21 0.0 0.0 2.1218 -0.0255 0.0 1.8858 0 0 0 0 0
756723 100128 -8.734 0.016601562 -1.0 0.02 1.19 -0.06 0.12 0.0 0.0 2.1218 -0.0063 0.0 1.9248 0 0 0 0 0
756744 100131 -8.739 0.011718751 -1.0 0.02 1.1 -0.06 0.21 0.0 0.0 1.8681 -0.0112 0.0 1.9152 0 0 0 0 0
756764 100131 -8.737 0.024414062 -1.0 0.03 1.25 0.03 0.24 0.0 0.0 1.8681 -0.0148 0.0 1.9071 0 0 0 0 0
756785 100127 -8.726 0.013183594 -1.0 0.02 1.04 0.21 0.21 0.0 0.0 2.2063 0.0092 0.0 1.9569 0 0 0 0 0
756805 100130 -8.723 0.016601562 -1.0 0.03 1.1 0.12 0.3 0.0 0.0 1.9527 0.0091 0.0 1.9563 0 0 0 0 0
756826 100129 -8.734 0.023925781 -1.0 0.02 1.16 -0.06 0.15 0.0 0.0 2.0372 0.0163 0.0 1.9701 0 0 0 0 0
756846 100131 -8.734 0.019042968 -1.0 0.03 1.07 0.0 0.15 0.0 0.0 1.8681 0.0081 0.0 1.9533 0 0 0 0 0
756867 100132 -8.734 0.009765625 -1.0 0.03 1.04 0.12 0.21 0.0 0.0 1.7836 -0.006 0.0 1.9251 0 0 0 0 0
756887 100130 -8.745 0.021484375 -1.0 0.02 0.98 0.0 0.15 0.0 0.0 1.9527 -0.0032 0.0 1.9296 0 0 0 0 0
756908 100130 -8.736 0.016601562 -1.0 0.03 1.07 -0.09 0.24 0.0 0.0 1.9527 -0.0014 0.0 1.9334 0 0 0 0 0
756928 100131 -8.741 0.013183594 -1.0 0.03 1.07 0.09 0.18 0.0 0.0 1.8681 -0.0071 0.0 1.9224 0 0 0 0 0
756948 100133 -8.737 0.019042968 -1.0 0.02 1.07 0.12 0.24 0.0 0.0 1.699 -0.0245 0.0 1.8849 0 0 0 0 0
756969 100128 -8.749 0.0234375 -1.0 0.02 1.04 0.03 0.24 0.0 0.0 2.1218 -0.0046 0.0 1.9241 0 0 0 0 0
756989 100128 -8.726 0.011230469 -1.0 0.02 0.98 -0.03 0.21 0.0 0.0 2.1218 0.0116 0.0 1.957 0 0 0 0 0
757010 100133 -8.724 0.016113281 -1.0 0.02 1.13 0.06 0.24 0.0 0.0 1.699 -0.0093 0.0 1.9141 0 0 0 0 0
757030 100128 -8.743 0.020019531 -1.0 0.03 1.22 0.09 0.15 0.0 0.0 2.1218 0.0076 0.0 1.9487 0 0 0 0 0
757051 100131 -8.723 0.019042968 -1.0 0.03 1.1 -0.03 0.15 0.0 0.0 1.8681 0.0018 0.0 1.9353 0 0 0 0 0
757071 100129 -8.723 0.013671876 -1.0 0.02 0.98 -0.03 0.21 0.0 0.0 2.0372 0.0106 0.0 1.9524 0 0 0 0 0
757092 100132 -8.717 0.020019531 -1.0 0.03 1.01 0.15 0.3 0.0 0.0 1.7836 -0.0028 0.0 1.9244 0 0 0 0 0
757112 100131 -8.736 0.014648438 -1.0 0.03 1.01 0.12 0.27 0.0 0.0 1.8681 -0.0075 0.0 1.9149 0 0 0 0 0
757133 100131 -8.719 0.020507812 -1.0 0.02 1.13 -0.06 0.18 0.0 0.0 1.8681 -0.0107 0.0 1.9069 0 0 0 0 0
757153 100131 -8.737 0.017578125 -1.0 0.03 1.04 0.06 0.3 0.0 0.0 1.8681 -0.0137 0.0 1.9002 0 0 0 0 0
757174 100125 -8.728 0.016113281 -1.0 0.04 0.88 0.18 0.18 0.0 0.0 2.3728 0.0236 0.0 1.979 0 0 0 0 0
757194 100127 -8.726 0.0234375 -1.0 0.02 1.1 -0.06 0.21 0.0 0.0 2.2063 0.0421 0.0 2.0175 0 0 0 0 0
757215 100129 -8.732 0.021972656 -1.0 0.02 1.13 -0.3 0.21 0.0 0.0 2.0372 0.0448 0.0 2.0217 0 0 0 0 0
757235 100126 -8.734 0.009765625 -1.0 0.02 1.07 -0.09 0.27 0.0 0.0 2.2882 0.0664 0.0 2.0672 0 0 0 0 0
757256 100127 -8.726 0.011718751 -1.0 0.04 1.04 -0.06 0.34 0.0 0.0 2.2063 0.0774 0.0 2.0919 0 0 0 0 0
757276 100133 -8.734 0.022460937 -1.0 0.03 0.91 0.03 0.3 0.0 0.0 1.699 0.0462 0.0 2.0277 0 0 0 0 0
757297 100126 -8.728 0.015136719 -1.0 0.03 1.1 0.06 0.21 0.0 0.0 2.2882 0.0668 0.0 2.0723 0 0 0 0 0
757317 100130 -8.724 0.009277344 -1.0 0.02 1.07 0.03 0.15 0.0 0.0 1.9527 0.0577 0.0 2.0536 0 0 0 0 0
757338 100131 -8.715 0.020019531 -1.0 0.04 0.91 0.3 0.21 0.0 0.0 1.8681 0.043 0.0 2.0238 0 0 0 0 0
757358 100134 -8.732 0.012207032 -1.0 0.03 0.88 0.12 0.3 0.0 0.0 1.6145 0.01 0.0 1.9562 0 0 0 0 0
757379 100132 -8.709 0.0234375 -1.0 0.03 1.19 0.06 0.21 0.0 0.0 1.7836 -0.0038 0.0 1.9275 0 0 0 0 0
757399 100127 -8.715 0.016601562 -1.0 0.03 1.13 0.03 0.21 0.0 0.0 2.2063 0.0183 0.0 1.9741 0 0 0 0 0
757420 100130 -8.713 0.011718751 -1.0 0.03 0.98 0.27 0.12 0.0 0.0 1.9527 0.0162 0.0 1.9709 0 0 0 0 0
757440 100127 -8.723 0.022460937 -1.01 0.01 1.04 -0.03 0.18 0.0 0.0 2.2063 0.0362 0.0 2.0106 0 0 0 0 0
757460 100130 -8.713 0.026367187 -1.0 0.02 1.07 0.09 0.18 0.0 0.0 1.9527 0.0317 0.0 2.0016 0 0 0 0 0
757481 100138 -8.717 0.01953125 -1.0 0.04 1.04 0.0 0.12 0.0 0.0 1.2789 -0.0263 0.0 1.8813 0 0 0 0 0
757501 100133 -8.715 0.017578125 -1.0 0.02 0.95 -0.06 0.18 0.0 0.0 1.699 -0.0408 0.0 1.8503 0 0 0 0 0
757522 100124 -8.708 0.016601562 -1.0 0.03 0.98 -0.06 0.12 0.0 0.0 2.4574 0.0084 0.0 1.951 0 0 0 0 0
757542 100130 -8.706 0.017578125 -1.0 0.01 0.91 0.03 0.24 0.0 0.0 1.9527 0.0093 0.0 1.9515 0 0 0 0 0
757563 100131 -8.736 0.018066406 -1.0 0.03 0.98 0.09 0.3 0.0 0.0 1.8681 0.0032 0.0 1.9377 0 0 0 0 0
757583 100132 -8.726 0.014160157 -1.0 0.02 1.01 0.0 0.27 0.0 0.0 1.7836 -0.0095 0.0 1.912 0 0 0 0 0
757604 100127 -8.709 0.01953125 -1.0 0.03 1.13 0.0 0.15 0.0 0.0 2.2063 0.0138 0.0 1.9611 0 0 0 0 0
757624 100133 -8.709 0.024902343 -1.0 0.03 1.13 0.03 0.18 0.0 0.0 1.699 -0.0067 0.0 1.9175 0 0 0 0 0
757645 100130 -8.713 0.009765625 -1.0 0.03 1.22 0.58 0.27 0.0 0.0 1.9527 -0.0043 0.0 1.9232 0 0 0 0 0
757665 100131 -8.693 0.018554687 -1.0 0.02 1.13 0.0 0.21 0.0 0.0 1.8681 -0.0089 0.0 1.9139 0 0 0 0 0
757686 100127 -8.713 0.020996093 -1.0 0.03 1.04 0.03 0.18 0.0 0.0 2.2063 0.0151 0.0 1.9627 0 0 0 0 0
757706 100134 -8.721 0.01953125 -1.0 0.03 1.22 0.03 0.12 0.0 0.0 1.6145 -0.0128 0.0 1.9047 0 0 0 0 0
757727 100129 -8.724 0.009277344 -1.0 0.02 1.01 0.0 0.15 0.0 0.0 2.0372 -0.0018 0.0 1.9266 0 0 0 0 0
757747 100132 -8.734 0.015625 -1.0 0.04 0.95 0.06 0.18 0.0 0.0 1.7836 -0.0132 0.0 1.9027 0 0 0 0 0
757768 100133 -8.724 0.020019531 -1.0 0.04 1.04 -0.03 0.12 0.0 0.0 1.699 -0.03 0.0 1.8683 0 0 0 0 0
757788 100127 -8.721 0.0234375 -1.0 0.02 1.04 0.15 0.3 0.0 0.0 2.2063 -0.0023 0.0 1.9243 0 0 0 0 0
757809 100131 -8.719 0.017089843 -1.0 0.03 0.98 -0.06 0.27 0.0 0.0 1.8681 -0.0072 0.0 1.9148 0 0 0 0 0
757829 100128 -8.713 0.012695313 -1.0 0.03 1.16 0.09 0.15 0.0 0.0 2.1218 0.0089 0.0 1.9493 0 0 0 0 0
757850 100133 -8.719 0.021972656 -1.0 0.02 1.13 0.09 0.15 0.0 0.0 1.699 -0.0108 0.0 1.9076 0 0 0 0 0
757870 100126 -8.702 0.027832031 -1.0 0.02 0.98 0.06 0.12 0.0 0.0 2.2882 0.0203 0.0 1.9711 0 0 0 0 0
757891 100133 -8.717 0.011718751 -1.0 0.03 1.07 0.03 0.24 0.0 0.0 1.699 -0.0023 0.0 1.9259 0 0 0 0 0
757911 100129 -8.709 0.018066406 -1.0 0.03 1.01 -0.06 0.21 0.0 0.0 2.0372 0.0071 0.0 1.9445 0 0 0 0 0
757932 100127 -8.717 0.0234375 -1.0 0.03 1.13 -0.06 0.18 0.0 0.0 2.2063 0.0277 0.0 1.9885 0 0 0 0 0
757952 100128 -8.7 0.016113281 -1.0 0.02 1.04 0.03 0.18 0.0 0.0 2.1218 0.0381 0.0 2.0113 0 0 0 0 0
757972 100133 -8.702 0.014648438 -1.0 0.01 0.91 0.18 0.12 0.0 0.0 1.699 0.0135 0.0 1.9599 0 0 0 0 0
757993 100130 -8.702 0.013183594 -0.99 0.04 1.25 -0.06 0.18 0.0 0.0 1.9527 0.0119 0.0 1.9589 0 0 0 0 0
758013 100127 -8.711 0.016113281 -1.0 0.03 1.13 0.06 0.21 0.0 0.0 2.2063 0.0314 0.0 2.0006 0 0 0 0 0
758034 100126 -8.732 0.022949218 -1.0 0.02 0.98 0.03 0.21 0.0 0.0 2.2882 0.0552 0.0 2.0494 0 0 0 0 0
758054 100130 -8.694 0.017089843 -1.0 0.03 1.04 0.12 0.27 0.0 0.0 1.9527 0.0474 0.0 2.0343 0 0 0 0 0
758075 100130 -8.709 0.016601562 -1.0 0.02 0.95 0.06 0.24 0.0 0.0 1.9527 0.0405 0.0 2.0216 0 0 0 0 0
758095 100127 -8.708 0.018554687 -1.0 0.04 1.13 0.06 0.34 0.0 0.0 2.2063 0.0556 0.0 2.0533 0 0 0 0 0
758116 100131 -8.7 0.018066406 -1.0 0.02 1.04 0.03 0.18 0.0 0.0 1.8681 0.0408 0.0 2.0235 0 0 0 0 0
758136 100126 -8.715 0.013183594 -1.0 0.03 1.07 -0.06 0.27 0.0 0.0 2.2882 0.0622 0.0 2.0686 0 0 0 0 0
758157 100130 -8.7 0.018554687 -1.0 0.03 1.01 0.0 0.27 0.0 0.0 1.9527 0.0529 0.0 2.0505 0 0 0 0 0
758177 100129 -8.715 0.021484375 -1.0 0.04 1.04 0.0 0.21 0.0 0.0 2.0372 0.0516 0.0 2.0494 0 0 0 0 0
758198 100133 -8.698 0.009277344 -1.0 0.02 1.04 0.09 0.18 0.0 0.0 1.699 0.0231 0.0 1.9918 0 0 0 0 0
758218 100128 -8.704 0.020507812 -1.0 0.02 1.01 0.27 0.21 0.0 0.0 2.1218 0.0334 0.0 2.014 0 0 0 0 0
758239 100125 -8.706 0.020019531 -1.0 0.04 1.19 0.0 0.15 0.0 0.0 2.3728 0.0617 0.0 2.0748 0 0 0 0 0
758259 100129 -8.681 0.015136719 -1.0 0.04 1.16 0.0 0.21 0.0 0.0 2.0372 0.0581 0.0 2.0697 0 0 0 0 0
758280 100125 -8.7 0.011230469 -1.0 0.01 0.98 0.12 0.24 0.0 0.0 2.3728 0.0828 0.0 2.1217 0 0 0 0 0
758300 100130 -8.689 0.016601562 -1.0 0.03 0.95 0.03 0.15 0.0 0.0 1.9527 0.0686 0.0 2.095 0 0 0 0 0
758321 100130 -8.693 0.013183594 -1.0 0.02 0.95 0.18 0.18 0.0 0.0 1.9527 0.0576 0.0 2.0727 0 0 0 0 0
758341 100135 -8.693 0.012207032 -0.99 0.04 0.95 0.12 0.27 0.0 0.0 1.5325 0.0134 0.0 1.9834 0 0 0 0 0
758362 100128 -8.711 0.024902343 -1.0 0.03 1.1 0.27 0.12 0.0 0.0 2.1218 0.0245 0.0 2.0069 0 0 0 0 0
758382 100124 -8.704 0.011230469 -1.0 0.02 1.07 0.06 0.27 0.0 0.0 2.4574 0.0598 0.0 2.0827 0 0 0 0 0
758403 100125 -8.691 0.018066406 -1.0 0.02 1.13 0.09 0.18 0.0 0.0 2.3728 0.0832 0.0 2.1325 0 0 0 0 0
758423 100128 -8.713 0.018554687 -1.0 0.01 1.13 -0.09 0.21 0.0 0.0 2.1218 0.0827 0.0 2.1324 0 0 0 0 0
758444 100127 -8.696 0.017089843 -1.0 0.04 1.13 -0.06 0.27 0.0 0.0 2.2063 0.0887 0.0 2.1465 0 0 0 0 0
758464 100127 -8.687 0.023925781 -1.0 0.02 1.22 0.03 0.34 0.0 0.0 2.2063 0.0935 0.0 2.1583 0 0 0 0 0
758484 100125 -8.698 0.014648438 -1.0 0.04 0.98 0.06 0.15 0.0 0.0 2.3728 0.1099 0.0 2.1961 0 0 0 0 0
758505 100134 -8.674 0.014648438 -1.0 0.03 1.01 0.03 0.15 0.0 0.0 1.6145 0.064 0.0 2.101 0 0 0 0 0
758525 100130 -8.694 0.016601562 -1.0 0.03 1.07 0.12 0.3 0.0 0.0 1.9527 0.0526 0.0 2.0775 0 0 0 0 0
758546 100128 -8.696 0.013671876 -1.0 0.04 1.16 -0.09 0.21 0.0 0.0 2.1218 0.0559 0.0 2.086 0 0 0 0 0
758566 100127 -8.681 0.019042968 -1.0 0.03 1.07 0.12 0.21 0.0 0.0 2.2063 0.0658 0.0 2.1072 0 0 0 0 0
758587 100128 -8.683 0.010742188 -1.0 0.04 1.04 0.18 0.34 0.0 0.0 2.1218 0.0667 0.0 2.1111 0 0 0 0 0
758607 100130 -8.683 0.018066406 -1.0 0.03 0.98 -0.06 0.27 0.0 0.0 1.9527 0.0541 0.0 2.0859 0 0 0 0 0
758628 100127 -8.68 0.014648438 -1.0 0.02 1.1 -0.03 0.21 0.0 0.0 2.2063 0.0637 0.0 2.1072 0 0 0 0 0
758648 100133 -8.696 0.024414062 -1.0 0.03 1.19 0.0 0.21 0.0 0.0 1.699 0.031 0.0 2.0402 0 0 0 0 0
758669 100125 -8.702 0.014160157 -1.0 0.03 1.04 -0.09 0.18 0.0 0.0 2.3728 0.0577 0.0 2.0965 0 0 0 0 0
758689 100127 -8.683 0.015136719 -1.0 0.02 0.98 0.15 0.24 0.0 0.0 2.2063 0.0668 0.0 2.116 0 0 0 0 0
758710 100129 -8.7 0.017089843 -1.0 0.03 1.1 0.15 0.24 0.0 0.0 2.0372 0.0603 0.0 2.1042 0 0 0 0 0
758730 100127 -8.687 0.025390625 -1.0 0.03 1.25 0.03 0.21 0.0 0.0 2.2063 0.0694 0.0 2.1225 0 0 0 0 0
758751 100132 -8.7 0.012695313 -1.0 0.01 1.04 0.06 0.21 0.0 0.0 1.7836 0.0427 0.0 2.0673 0 0 0 0 0
758771 100128 -8.687 0.014160157 -1.0 0.01 1.01 0.24 0.18 0.0 0.0 2.1218 0.0472 0.0 2.0772 0 0 0 0 0
758792 100127 -8.687 0.014160157 -1.0 0.04 1.13 0.09 0.21 0.0 0.0 2.2063 0.0573 0.0 2.0998 0 0 0 0 0
758812 100129 -8.687 0.016601562 -1.0 0.03 0.98 0.15 0.21 0.0 0.0 2.0372 0.0522 0.0 2.0905 0 0 0 0 0
758833 100127 -8.67 0.021484375 -1.0 0.02 0.88 0.09 0.3 0.0 0.0 2.2063 0.0622 0.0 2.111 0 0 0 0 0
758853 100130 -8.676 0.011718751 -1.0 0.03 1.04 0.0 0.21 0.0 0.0 1.9527 0.0493 0.0 2.0857 0 0 0 0 0
758874 100130 -8.681 0.0078125 -1.0 0.03 1.16 -0.06 0.12 0.0 0.0 1.9527 0.038 0.0 2.0645 0 0 0 0 0
758894 100127 -8.668 0.017578125 -1.0 0.04 0.95 -0.03 0.06 0.0 0.0 2.2063 0.049 0.0 2.089 0 0 0 0 0
758915 100132 -8.683 0.014648438 -1.0 0.03 1.19 0.0 0.24 0.0 0.0 1.7836 0.0243 0.0 2.0389 0 0 0 0 0
758935 100130 -8.674 0.016601562 -1.0 0.01 1.01 0.06 0.24 0.0 0.0 1.9527 0.0172 0.0 2.025 0 0 0 0 0
758956 100135 -8.68 0.021484375 -1.0 0.02 0.88 0.15 0.24 0.0 0.0 1.5325 -0.0229 0.0 1.9429 0 0 0 0 0
758976 100127 -8.681 0.016113281 -1.0 0.04 1.01 0.15 0.3 0.0 0.0 2.2063 -0.0018 0.0 1.9865 0 0 0 0 0
758996 100131 -8.668 0.018554687 -1.0 0.01 0.98 0.09 0.21 0.0 0.0 1.8681 -0.0106 0.0 1.9667 0 0 0 0 0
759017 100131 -8.687 0.018066406 -1.0 0.03 1.01 0.03 0.24 0.0 0.0 1.8681 -0.0183 0.0 1.95 0 0 0 0 0
759037 100130 -8.683 0.018066406 -1.0 0.04 0.98 0.09 0.34 0.0 0.0 1.9527 -0.0186 0.0 1.95 0 0 0 0 0
759058 100130 -8.676 0.013671876 -1.0 0.03 1.01 0.18 0.24 0.0 0.0 1.9527 -0.0177 0.0 1.9501 0 0 0 0 0
759078 100123 -8.698 0.016601562 -1.0 0.01 1.04 0.0 0.27 0.0 0.0 2.5419 0.0297 0.0 2.0488 0 0 0 0 0
759099 100127 -8.683 0.013671876 -1.0 0.03 1.25 -0.12 0.15 0.0 0.0 2.2063 0.0423 0.0 2.0758 0 0 0 0 0
759119 100127 -8.676 0.015625 -1.0 0.02 0.98 -0.03 0.34 0.0 0.0 2.2063 0.0524 0.0 2.0984 0 0 0 0 0
759140 100132 -8.67 0.020507812 -1.0 0.03 1.07 0.15 0.24 0.0 0.0 1.7836 0.0272 0.0 2.0468 0 0 0 0 0
759160 100131 -8.681 0.01953125 -1.0 0.02 0.91 0.09 0.21 0.0 0.0 1.8681 0.0125 0.0 2.0175 0 0 0 0 0
759181 100132 -8.67 0.015625 -1.0 0.01 1.07 -0.15 0.18 0.0 0.0 1.7836 -0.0059 0.0 1.9786 0 0 0 0 0
759201 100130 -8.694 0.020019531 -1.0 0.04 1.16 -0.12 0.21 0.0 0.0 1.9527 -0.0086 0.0 1.9741 0 0 0 0 0
759222 100129 -8.676 0.016601562 -1.0 0.03 0.91 0.03 0.27 0.0 0.0 2.0372 -0.0042 0.0 1.9845 0 0 0 0 0
759242 100133 -8.661 0.01953125 -1.0 0.02 0.88 0.15 0.27 0.0 0.0 1.699 -0.0266 0.0 1.9367 0 0 0 0 0
759263 100130 -8.67 0.023925781 -1.0 0.01 1.07 0.06 0.27 0.0 0.0 1.9527 -0.0246 0.0 1.9388 0 0 0 0 0
759283 100131 -8.68 0.01953125 -1.0 0.04 1.19 0.06 0.24 0.0 0.0 1.8681 -0.0302 0.0 1.9265 0 0 0 0 0
759304 100127 -8.659 0.017089843 -1.0 0.02 1.04 0.03 0.15 0.0 0.0 2.2063 -0.0073 0.0 1.9727 0 0 0 0 0
759324 100132 -8.665 0.013671876 -1.0 0.01 1.07 0.09 0.21 0.0 0.0 1.7836 -0.0216 0.0 1.9409 0 0 0 0 0
759345 100135 -8.67 0.013183594 -0.99 0.04 1.13 -0.09 0.18 0.0 0.0 1.5325 -0.0553 0.0 1.8721 0 0 0 0 0
759365 100127 -8.693 0.026855468 -1.0 0.02 1.07 0.09 0.18 0.0 0.0 2.2063 -0.0278 0.0 1.9269 0 0 0 0 0
759386 100131 -8.68 0.0078125 -1.0 0.02 1.13 0.12 0.27 0.0 0.0 1.8681 -0.0323 0.0 1.9165 0 0 0 0 0
759406 100130 -8.67 0.0 -1.4 0.01 1.16 1.31 0.3 0.0 0.0 1.9527 0.0496 0.0 1.9219 0 0 0 0 0
759427 100146 -8.655 1.984375 -1.65 -1.23 -28.87 92.13 -11.65 0.0 0.0 0.6051 0.3273 0.0 1.7025 0 0 0 0 0
759447 100124 -8.648 0.659179687 -2.27 0.44 31.43 9.63 2.1 0.0 0.0 2.4574 0.6628 0.0 1.8354 0 0 0 0 0
759468 100123 -8.668 0.534179687 -3.02 0.41 -54.82 -47.99 -18.32 0.0 0.0 2.5419 1.1514 0.0 1.9675 0 0 0 0 0
759488 100129 -8.655 -0.014160157 -4.6 0.3 1.89 5.64 -16.25 0.0 0.0 2.0372 1.8661 0.0 2.0022 0 0 0 0 0
759508 100130 -8.666 0.018066406 -4.09 1.01 -7.01 28.11 15.06 0.0 0.0 1.9527 2.4919 0.0 2.0313 0 0 0 0 0
759529 100115 -8.668 -1.169921875 -4.2 -0.8 -6.4 13.11 8.9 0.0 0.0 3.2157 3.2945 0.0 2.2818 0 0 0 0 0
759549 100129 -8.659 -0.105957031 -4.34 0.19 0.43 18.17 -0.95 0.0 0.0 2.0372 3.9316 0.0 2.3068 0 0 0 0 0
759570 100119 -8.648 0.252441406 -4.25 0.04 -2.99 -28.99 5.95 0.0 0.0 2.8801 4.6478 0.0 2.4853 0 0 0 0 0
759590 100122 -8.648 -1.1484375 -4.69 0.57 -4.7 26.55 8.9 0.0 0.0 2.6265 5.4174 0.0 2.6019 0 0 0 0 0
759611 100117 -8.661 -0.551757812 -4.68 -0.0 -0.95 26.34 1.95 0.0 0.0 3.0466 6.2176 0.0 2.7901 0 0 0 0 0
759631 100117 -8.657 -0.188476562 -4.48 0.05 -0.4 18.45 -2.26 0.0 0.0 3.0466 6.9221 0.0 2.9574 0 0 0 0 0
759652 100112 -8.653 -0.053710937 -4.53 -0.2 3.81 -6.43 -5.58 0.0 0.0 3.4694 7.6905 0.0 3.1884 0 0 0 0 0
759672 100110 -8.663 0.372558593 -3.79 0.33 13.17 -11.1 -4.7 0.0 0.0 3.6385 8.2802 0.0 3.4175 0 0 0 0 0
759693 100115 -8.657 0.058105468 -4.46 -0.33 -2.71 -18.48 7.23 0.0 0.0 3.2157 8.9804 0.0 3.5576 0 0 0 0 0
759713 100105 -8.652 -0.153808593 -4.49 -0.04 0.06 -23.38 -1.86 0.0 0.0 4.0586 9.7066 0.0 3.8211 0 0 0 0 0
759734 100100 -8.657 -0.178222656 -4.6 -0.08 0.82 -28.51 -0.98 0.0 0.0 4.4787 10.5019 0.0 4.135 0 0 0 0 0
759754 100102 -8.665 -0.049316406 -4.76 -0.03 -0.7 -43.23 -4.45 0.0 0.0 4.3123 11.2537 0.0 4.3747 0 0 0 0 0
759775 100095 -8.659 0.0078125 -4.5 -0.25 -1.34 -63.17 -4.7 0.0 0.0 4.9015 12.0177 0.0 4.6992 0 0 0 0 0
759795 100095 -8.638 -0.172851562 -4.65 -0.09 0.64 -65.18 -8.54 0.0 0.0 4.9015 12.7517 0.0 4.9734 0 0 0 0 0
759816 100094 -8.655 -0.180664062 -4.79 -0.04 2.23 -64.15 -12.16 0.0 0.0 4.9861 13.5336 0.0 5.2433 0 0 0 0 0
759836 100087 -8.661 -0.1953125 -4.76 -0.09 2.84 -63.08 -16.98 0.0 0.0 5.5753 14.2995 0.0 5.5695 0 0 0 0 0
759857 100090 -8.659 -0.219726562 -4.76 -0.05 3.32 -61.49 -21.8 0.0 0.0 5.3216 15.0546 0.0 5.8283 0 0 0 0 0
759877 100083 -8.68 -0.202636718 -4.84 -0.06 4.12 -61.37 -26.43 0.0 0.0 5.9109 15.8155 0.0 6.1432 0 0 0 0 0
759898 100077 -8.661 -0.174316406 -4.81 -0.07 4.45 -60.37 -29.79 0.0 0.0 6.4182 16.6239 0.0 6.5214 0 0 0 0 0
759918 100072 -8.653 -0.155761718 -4.8 -0.07 5.43 -59.45 -32.8 0.0 0.0 6.8383 17.396 0.0 6.9069 0 0 0 0 0
759939 100070 -8.657 -0.157714843 -4.79 -0.06 6.01 -58.72 -35.98 0.0 0.0 7.0074 18.1852 0.0 7.289 0 0 0 0 0
759959 100066 -8.65 -0.164550781 -4.85 -0.06 5.37 -58.69 -38.96 0.0 0.0 7.3456 18.9464 0.0 7.6622 0 0 0 0 0
759980 100059 -8.653 -0.145996093 -4.88 -0.06 4.66 -57.9 -40.79 0.0 0.0 7.9349 19.769 0.0 8.1057 0 0 0 0 0
760000 100054 -8.652 -0.202636718 -5.07 -0.05 4.45 -56.95 -42.41 0.0 0.0 8.355 20.5887 0.0 8.5428 0 0 0 0 0
760020 100046 -8.674 -0.181152343 -4.88 -0.07 3.84 -54.82 -43.29 0.0 0.0 9.0314 21.3895 0.0 9.0363 0 0 0 0 0
760041 100041 -8.648 -0.184082031 -4.9 -0.08 3.72 -52.93 -43.75 0.0 0.0 9.4516 22.2264 0.0 9.555 0 0 0 0 0
760061 100036 -8.637 -0.205078125 -4.98 -0.08 3.63 -51.37 -43.72 0.0 0.0 9.8743 23.0336 0.0 10.053 0 0 0 0 0
760082 100018 -8.659 -0.191894531 -4.98 -0.07 3.23 -49.39 -42.1 0.0 0.0 11.391 23.9614 0.0 10.7606 0 0 0 0 0
760102 100022 -8.642 -0.173828125 -4.98 -0.06 3.78 -48.81 -40.49 0.0 0.0 11.0528 24.7668 0.0 11.2887 0 0 0 0 0
760123 100015 -8.642 -0.190429687 -4.97 -0.07 4.42 -47.1 -38.69 0.0 0.0 11.6447 25.615 0.0 11.8684 0 0 0 0 0
760143 100001 -8.661 -0.205078125 -4.92 -0.04 5.15 -44.97 -36.31 0.0 0.0 12.8232 26.4603 0.0 12.5405 0 0 0 0 0
760164 99999 -8.65 -0.183105468 -4.98 -0.04 4.76 -42.84 -33.14 0.0 0.0 12.9923 27.3165 0.0 13.1718 0 0 0 0 0
760184 99990 -8.661 -0.174316406 -4.94 -0.03 5.03 -40.37 -29.63 0.0 0.0 13.7506 28.1371 0.0 13.8149 0 0 0 0 0
760205 99972 -8.657 -0.213378906 -5.04 -0.04 5.27 -39.42 -25.49 0.0 0.0 15.27 29.0869 0.0 14.6493 0 0 0 0 0
760225 99967 -8.642 -0.185058593 -5.06 -0.06 6.34 -34.88 -20.27 0.0 0.0 15.6901 29.9682 0.0 15.4052 0 0 0 0 0
760246 99960 -8.642 -0.170898437 -5.0 -0.04 6.95 -34.24 -13.96 0.0 0.0 16.282 30.8627 0.0 16.1813 0 0 0 0 0
760266 99957 -8.653 -0.169433593 -5.04 -0.08 7.96 -33.93 -8.35 0.0 0.0 16.5356 31.6841 0.0 16.8578 0 0 0 0 0
760287 99957 -8.653 -0.204101562 -4.98 -0.07 8.57 -31.59 -3.45 0.0 0.0 16.5356 32.4794 0.0 17.4693 0 0 0 0 0
760307 99949 -8.652 -0.204589843 -5.02 -0.08 10.0 -30.58 1.28 0.0 0.0 17.2094 33.2491 0.0 18.0754 0 0 0 0 0
760328 99946 -8.637 -0.199707031 -5.03 -0.07 10.58 -29.97 6.07 0.0 0.0 17.4631 34.0311 0.0 18.6711 0 0 0 0 0
760348 99940 -8.659 -0.166015625 -4.98 -0.09 11.62 -29.48 10.67 0.0 0.0 17.9678 34.7556 0.0 19.2341 0 0 0 0 0
760369 99937 -8.657 -0.175292968 -4.93 -0.04 12.5 -29.82 13.93 0.0 0.0 18.2214 35.4853 0.0 19.7944 0 0 0 0 0
760389 99932 -8.646 -0.147949218 -4.84 -0.08 13.75 -30.34 16.86 0.0 0.0 18.6442 36.1471 0.0 20.3117 0 0 0 0 0
760410 99933 -8.648 -0.13671875 -4.93 -0.08 15.0 -30.95 20.06 0.0 0.0 18.5597 36.8175 0.0 20.7775 0 0 0 0 0
760430 99927 -8.644 -0.160644531 -4.87 -0.13 15.76 -30.88 22.32 0.0 0.0 19.0643 37.441 0.0 21.2273 0 0 0 0 0
760451 99906 -8.65 -0.126464843 -4.84 -0.03 15.03 -29.48 23.72 0.0 0.0 20.8373 38.2015 0.0 21.9483 0 0 0 0 0
760471 99903 -8.657 -0.111816406 -4.86 -0.09 15.24 -29.21 24.91 0.0 0.0 21.091 38.8914 0.0 22.5689 0 0 0 0 0
760492 99898 -8.653 -0.128417968 -4.79 -0.05 14.73 -29.18 25.64 0.0 0.0 21.5138 39.5888 0.0 23.209 0 0 0 0 0
760512 99900 -8.642 -0.118164062 -4.85 -0.07 14.05 -30.64 25.21 0.0 0.0 21.3447 40.1952 0.0 23.6889 0 0 0 0 0
760532 99895 -8.661 -0.09375 -4.86 -0.07 12.16 -30.76 23.72 0.0 0.0 21.7648 40.7999 0.0 24.1709 0 0 0 0 0
760553 99884 -8.655 -0.109375 -4.64 -0.05 9.39 -31.86 21.43 0.0 0.0 22.6949 41.4312 0.0 24.7806 0 0 0 0 0
760573 99880 -8.633 -0.077148437 -4.7 -0.06 6.19 -31.92 18.69 0.0 0.0 23.0305 42.0173 0.0 25.3164 0 0 0 0 0
760594 99876 -8.635 -0.085449218 -4.66 -0.07 3.14 -32.8 14.76 0.0 0.0 23.3687 42.6148 0.0 25.8728 0 0 0 0 0
760614 99862 -8.655 -0.0703125 -4.62 -0.06 -0.27 -33.78 10.3 0.0 0.0 24.5524 43.2194 0.0 26.5042 0 0 0 0 0
760635 99855 -8.642 -0.091796875 -4.62 -0.06 -3.69 -34.88 5.37 0.0 0.0 25.1417 43.8555 0.0 27.1837 0 0 0 0 0
760655 99846 -8.65 -0.109375 -4.5 -0.05 -5.98 -35.4 -0.58 0.0 0.0 25.9027 44.4403 0.0 27.8465 0 0 0 0 0
760676 99838 -8.648 -0.071777343 -4.48 -0.07 -7.41 -35.85 -5.85 0.0 0.0 26.5764 45.0559 0.0 28.5672 0 0 0 0 0
760696 99832 -8.625 -0.047363281 -4.41 -0.1 -7.99 -36.22 -10.18 0.0 0.0 27.0838 45.6062 0.0 29.2201 0 0 0 0 0
760717 99816 -8.64 -0.082519531 -4.4 -0.05 -8.69 -36.55 -14.66 0.0 0.0 28.434 46.245 0.0 30.0463 0 0 0 0 0
760737 99807 -8.644 -0.083007812 -4.33 -0.05 -8.75 -37.38 -17.74 0.0 0.0 29.195 46.8306 0.0 30.8288 0 0 0 0 0
760758 99800 -8.625 -0.067871093 -4.35 -0.07 -9.12 -37.99 -19.36 0.0 0.0 29.7869 47.4372 0.0 31.6378 0 0 0 0 0
760778 99788 -8.631 -0.085449218 -4.33 -0.04 -8.72 -38.63 -20.24 0.0 0.0 30.7989 48.0231 0.0 32.4462 0 0 0 0 0
760799 99780 -8.64 -0.101074218 -4.21 -0.07 -7.53 -39.85 -19.66 0.0 0.0 31.4753 48.6064 0.0 33.2922 0 0 0 0 0
760819 99765 -8.642 -0.096679687 -4.07 -0.04 -7.35 -41.68 -18.02 0.0 0.0 32.7436 49.1647 0.0 34.1725 0 0 0 0 0
760840 99758 -8.642 -0.077636718 -3.93 -0.02 -5.95 -43.38 -15.37 0.0 0.0 33.3329 49.7021 0.0 35.0644 0 0 0 0 0
760860 99742 -8.644 -0.089355468 -3.7 -0.02 -4.05 -45.88 -12.35 0.0 0.0 34.6857 50.2013 0.0 35.9951 0 0 0 0 0
760881 99728 -8.635 -0.068847656 -3.51 -0.04 -1.16 -48.78 -8.6 0.0 0.0 35.8695 50.7094 0.0 37.0283 0 0 0 0 0
760901 99717 -8.638 -0.092285156 -3.26 -0.03 1.25 -51.01 -5.0 0.0 0.0 36.7969 51.1341 0.0 38.0038 0 0 0 0 0
760922 99702 -8.637 -0.097167968 -3.1 -0.04 3.57 -53.2 -1.77 0.0 0.0 38.0652 51.5721 0.0 39.0879 0 0 0 0 0
760942 99699 -8.637 -0.075195312 -2.93 -0.04 5.49 -55.79 1.65 0.0 0.0 38.3189 51.8898 0.0 39.9907 0 0 0 0 0
760963 99682 -8.638 -0.027832031 -2.74 -0.03 7.5 -56.77 4.73 0.0 0.0 39.7563 52.2301 0.0 41.0411 0 0 0 0 0
760983 99675 -8.625 -0.069824218 -2.52 -0.01 9.42 -57.53 6.22 0.0 0.0 40.3482 52.4739 0.0 41.9698 0 0 0 0 0
761004 99670 -8.62 -0.077148437 -2.23 -0.04 10.18 -58.26 6.65 0.0 0.0 40.771 52.6312 0.0 42.8711 0 0 0 0 0
761024 99658 -8.629 -0.044433593 -1.7 -0.02 10.06 -57.62 6.83 0.0 0.0 41.7856 52.6818 0.0 43.7421 0 0 0 0 0
761044 99648 -8.627 -0.017089843 -1.18 -0.01 9.73 -57.59 6.4 0.0 0.0 42.6312 52.6283 0.0 44.6099 0 0 0 0 0
761065 99632 -8.624 -0.009765625 -0.77 0.03 9.36 -55.67 6.98 0.0 0.0 43.984 52.5304 0.0 45.6103 0 0 0 0 0
761085 99625 -8.629 -0.009765625 -0.45 0.02 4.97 -54.97 6.25 0.0 0.0 44.5759 52.3397 0.0 46.4879 0 0 0 0 0
761106 99616 -8.62 -0.041015625 -0.22 0.06 2.41 -54.33 5.3 0.0 0.0 45.3369 52.0884 0.0 47.3944 0 0 0 0 0
761126 99596 -8.629 0.029296875 -0.08 0.04 -4.79 -53.66 2.84 0.0 0.0 47.0306 51.8819 0.0 48.3753 0 0 0 0 0
761147 99583 -8.633 0.166992187 -0.01 -0.08 -2.96 -53.26 4.3 0.0 0.0 48.1298 51.6941 0.0 49.4237 0 0 0 0 0
761167 99576 -8.616 0.213867187 0.06 0.0 -3.08 -53.57 4.48 0.0 0.0 48.7217 51.4852 0.0 50.3402 0 0 0 0 0
761188 99558 -8.622 0.095703125 0.06 0.03 -3.35 -53.72 3.69 0.0 0.0 50.2437 51.296 0.0 51.4052 0 0 0 0 0
761208 99548 -8.624 0.09765625 0.1 0.02 -3.48 -51.59 2.26 0.0 0.0 51.0919 51.1028 0.0 52.3787 0 0 0 0 0
761229 99528 -8.622 0.072753906 0.15 0.02 -4.12 -50.91 0.79 0.0 0.0 52.783 50.9629 0.0 53.5195 0 0 0 0 0
761249 99517 -8.61 0.044433593 0.18 -0.0 -4.51 -51.71 -0.98 0.0 0.0 53.7157 50.8196 0.0 54.5716 0 0 0 0 0
761270 99503 -8.622 0.017089843 0.2 -0.01 -5.09 -50.98 -2.26 0.0 0.0 54.8995 50.6806 0.0 55.6937 0 0 0 0 0
761290 99493 -8.624 0.006835937 0.21 -0.0 -5.15 -50.18 -4.39 0.0 0.0 55.7477 50.5301 0.0 56.7163 0 0 0 0 0
761311 99476 -8.622 -0.029296875 0.22 0.0 -6.31 -49.45 -7.2 0.0 0.0 57.1877 50.4082 0.0 57.8564 0 0 0 0 0
761331 99467 -8.618 0.000488281 0.22 0.01 -6.52 -49.73 -8.63 0.0 0.0 57.9487 50.2626 0.0 58.88 0 0 0 0 0
761352 99445 -8.609 0.013671876 0.23 0.04 -6.83 -50.52 -9.82 0.0 0.0 59.8115 50.1793 0.0 60.0914 0 0 0 0 0
761372 99433 -8.616 0.004882812 0.24 0.02 -6.95 -50.73 -10.61 0.0 0.0 60.8288 50.0885 0.0 61.2184 0 0 0 0 0
761393 99420 -8.627 0.014648438 0.24 0.01 -6.74 -51.37 -10.76 0.0 0.0 61.928 49.9885 0.0 62.389 0 0 0 0 0
761413 99405 -8.609 0.008300782 0.23 0.02 -6.68 -51.95 -10.61 0.0 0.0 63.199 49.9032 0.0 63.5243 0 0 0 0 0
761434 99395 -8.625 0.021484375 0.24 0.02 -5.76 -52.01 -9.51 0.0 0.0 64.0472 49.7887 0.0 64.6598 0 0 0 0 0
761454 99380 -8.614 0.008789063 0.24 0.03 -4.33 -52.9 -8.08 0.0 0.0 65.3181 49.6923 0.0 65.7657 0 0 0 0 0
761475 99364 -8.603 0.025878906 0.23 0.02 -2.47 -53.38 -6.22 0.0 0.0 66.6736 49.6072 0.0 66.9612 0 0 0 0 0
761495 99352 -8.612 0.012695313 0.23 0.01 -1.01 -53.45 -4.05 0.0 0.0 67.6909 49.5147 0.0 68.0754 0 0 0 0 0
761516 99338 -8.599 0.018066406 0.23 0.02 0.98 -54.3 -1.98 0.0 0.0 68.88 49.4216 0.0 69.2499 0 0 0 0 0
761536 99325 -8.605 0.01953125 0.22 0.0 2.53 -52.74 -0.37 0.0 0.0 69.9818 49.3281 0.0 70.3608 0 0 0 0 0
761556 99310 -8.609 0.00390625 0.22 -0.0 3.29 -52.74 0.58 0.0 0.0 71.2528 49.2464 0.0 71.4966 0 0 0 0 0
761577 99296 -8.605 0.00390625 0.22 0.01 4.09 -53.32 0.98 0.0 0.0 72.4392 49.1605 0.0 72.6885 0 0 0 0 0
761597 99283 -8.594 0.014160157 0.22 0.03 4.12 -53.26 1.16 0.0 0.0 73.541 49.0757 0.0 73.8144 0 0 0 0 0
761618 99272 -8.614 0.021972656 0.21 0.01 4.36 -53.9 1.04 0.0 0.0 74.4764 48.9664 0.0 74.9558 0 0 0 0 0
761638 99258 -8.618 0.008300782 0.21 0.01 3.96 -53.72 0.34 0.0 0.0 75.6628 48.8679 0.0 76.0534 0 0 0 0 0
761659 99248 -8.597 0.028808593 0.21 -0.0 3.38 -54.42 -0.88 0.0 0.0 76.511 48.7417 0.0 77.1562 0 0 0 0 0
761679 99238 -8.597 0.010742188 0.21 -0.0 1.71 -54.02 -2.71 0.0 0.0 77.3592 48.6026 0.0 78.165 0 0 0 0 0
761700 99223 -8.624 0.008789063 0.21 0.0 0.55 -53.45 -3.38 0.0 0.0 78.6328 48.4767 0.0 79.2639 0 0 0 0 0
761720 99210 -8.618 0.010742188 0.2 0.01 -1.19 -52.96 -3.87 0.0 0.0 79.7346 48.3584 0.0 80.3122 0 0 0 0 0
761741 99201 -8.592 0.01953125 0.2 -0.01 -2.59 -52.65 -4.42 0.0 0.0 80.4983 48.2094 0.0 81.3589 0 0 0 0 0
761761 99189 -8.594 0.009765625 0.2 0.02 -3.63 -53.26 -5.43 0.0 0.0 81.5182 48.0657 0.0 82.3497 0 0 0 0 0
761782 99172 -8.618 0.012207032 0.2 0.01 -4.85 -52.26 -5.82 0.0 0.0 82.9609 47.9493 0.0 83.4614 0 0 0 0 0
761802 99162 -8.618 0.006835937 0.2 -0.01 -5.15 -50.55 -5.91 0.0 0.0 83.8091 47.8199 0.0 84.4786 0 0 0 0 0
761823 99147 -8.597 0.016113281 0.2 -0.01 -5.82 -50.49 -5.7 0.0 0.0 85.0827 47.7031 0.0 85.5839 0 0 0 0 0
761843 99134 -8.577 0.012207032 0.2 0.01 -6.16 -50.49 -5.0 0.0 0.0 86.1872 47.5943 0.0 86.6389 0 0 0 0 0
761864 99121 -8.603 0.015625 0.19 -0.0 -6.4 -50.27 -4.12 0.0 0.0 87.2917 47.4806 0.0 87.7476 0 0 0 0 0
761884 99109 -8.603 0.009765625 0.19 0.02 -6.52 -50.64 -3.2 0.0 0.0 88.3116 47.3665 0.0 88.7916 0 0 0 0 0
761905 99093 -8.603 0.001953125 0.19 0.01 -6.49 -51.1 -2.87 0.0 0.0 89.6697 47.2697 0.0 89.9333 0 0 0 0 0
761925 99085 -8.614 0.00390625 0.19 0.02 -5.88 -50.52 -2.56 0.0 0.0 90.3488 47.1436 0.0 90.9482 0 0 0 0 0
761946 99073 -8.609 0.009765625 0.19 0.01 -5.09 -51.22 -1.59 0.0 0.0 91.3688 47.0098 0.0 92.0086 0 0 0 0 0
761966 99059 -8.605 0.012695313 0.18 -0.01 -4.24 -51.34 -0.7 0.0 0.0 92.5578 46.8935 0.0 93.0407 0 0 0 0 0
761987 99048 -8.601 0.006835937 0.18 0.01 -3.05 -51.68 -0.06 0.0 0.0 93.4932 46.7613 0.0 94.1012 0 0 0 0 0
762007 99038 -8.584 0.008300782 0.18 0.0 -2.5 -52.07 0.4 0.0 0.0 94.3414 46.6193 0.0 95.0766 0 0 0 0 0
762028 99024 -8.601 0.018066406 0.18 0.02 -2.04 -52.47 0.82 0.0 0.0 95.5331 46.4873 0.0 96.132 0 0 0 0 0
762048 99017 -8.579 0.020996093 0.18 0.02 -1.16 -52.29 0.85 0.0 0.0 96.1276 46.326 0.0 97.061 0 0 0 0 0
762068 99007 -8.594 0.008300782 0.18 0.02 -0.3 -52.35 1.13 0.0 0.0 96.9758 46.1585 0.0 97.9733 0 0 0 0 0
762089 98993 -8.584 0.010742188 0.17 0.02 -0.06 -52.07 1.31 0.0 0.0 98.1675 46.0041 0.0 98.9751 0 0 0 0 0
762109 98978 -8.59 0.021484375 0.18 0.0 0.37 -51.55 1.71 0.0 0.0 99.4437 45.8801 0.0 99.9736 0 0 0 0 0
762130 98966 -8.599 0.015136719 0.17 0.01 0.64 -51.83 1.49 0.0 0.0 100.4636 45.7478 0.0 101.0191 0 0 0 0 0
762150 98962 -8.607 0.008789063 0.16 0.01 0.4 -50.91 1.34 0.0 0.0 100.8045 45.5669 0.0 101.8981 2 0 0 0 0
762171 98948 -8.568 0.008300782 0.17 0.02 -0.03 -50.95 1.28 0.0 0.0 101.9935 45.4033 0.0 102.871 2 0 0 0 0
762191 98941 -8.592 0.004394531 0.16 0.01 -0.06 -51.46 1.16 0.0 0.0 102.588 45.2168 0.0 103.7317 2 0 0 0 0
762212 98925 -8.59 0.007324219 0.16 0.02 -0.55 -51.46 0.67 0.0 0.0 103.9488 45.0612 0.0 104.7176 2 0 0 0 0
762232 98918 -8.582 0.007324219 0.16 0.01 -1.28 -51.31 0.03 0.0 0.0 104.546 44.8824 0.0 105.5901 2 0 0 0 0
762253 98903 -8.588 0.009277344 0.16 0.0 -1.77 -52.96 -1.22 0.0 0.0 105.8222 44.7286 0.0 106.5715 2 0 0 0 0
762273 98895 -8.588 0.022949218 0.15 -0.01 -2.53 -52.62 -2.35 0.0 0.0 106.5013 44.557 0.0 107.4543 2 0 0 0 0
762294 98880 -8.588 0.015136719 0.15 0.0 -3.84 -50.79 -3.17 0.0 0.0 107.7776 44.4087 0.0 108.4441 2 0 0 0 0
762314 98870 -8.592 0.0078125 0.16 0.01 -5.4 -50.18 -4.66 0.0 0.0 108.6284 44.2579 0.0 109.3631 2 0 0 0 0
762335 98859 -8.581 0.0078125 0.16 0.01 -6.4 -49.6 -5.79 0.0 0.0 109.5664 44.1003 0.0 110.3266 2 0 0 0 0
762355 98851 -8.581 0.010253907 0.15 0.01 -6.95 -49.73 -6.89 0.0 0.0 110.2455 43.927 0.0 111.195 2 0 0 0 0
762376 98837 -8.59 0.000976562 0.15 0.01 -7.44 -50.12 -7.32 0.0 0.0 111.4372 43.7712 0.0 112.158 2 0 0 0 0
762396 98826 -8.571 0.006835937 0.15 0.0 -7.9 -50.24 -7.16 0.0 0.0 112.3752 43.6219 0.0 113.0698 2 0 0 0 0
762417 98820 -8.601 0.020019531 0.15 0.02 -8.05 -49.73 -5.98 0.0 0.0 112.8852 43.4322 0.0 113.9549 2 0 0 0 0
762437 98807 -8.581 -0.001953125 0.14 0.03 -8.26 -49.15 -5.21 0.0 0.0 113.9923 43.2677 0.0 114.8298 2 0 0 0 0
762458 98795 -8.596 0.011230469 0.15 0.01 -8.23 -48.99 -4.02 0.0 0.0 115.0149 43.1068 0.0 115.7694 2 0 0 0 0
762478 98785 -8.582 0.00390625 0.14 0.0 -7.53 -48.54 -2.68 0.0 0.0 115.8657 42.9465 0.0 116.6477 2 0 0 0 0
762499 98777 -8.586 -0.002441406 0.14 0.01 -7.01 -48.17 -1.77 0.0 0.0 116.5474 42.7617 0.0 117.5328 2 0 0 0 0
762519 98764 -8.594 0.001953125 0.14 0.01 -6.55 -47.99 -0.73 0.0 0.0 117.6546 42.6032 0.0 118.4084 2 0 0 0 0
762540 98753 -8.582 -0.002929687 0.14 0.01 -5.79 -48.29 0.52 0.0 0.0 118.5899 42.4414 0.0 119.3334 2 0 0 0 0
762560 98742 -8.579 0.0 0.14 0.01 -5.27 -48.23 1.55 0.0 0.0 119.528 42.2883 0.0 120.2148 2 0 0 0 0
762580 98737 -8.571 0.006347656 0.14 0.02 -4.7 -48.45 2.5 0.0 0.0 119.9534 42.0983 0.0 121.0168 2 0 0 0 0
762601 98723 -8.571 0.016113281 0.13 0.01 -3.96 -48.02 3.32 0.0 0.0 121.1477 41.9305 0.0 121.9228 2 0 0 0 0
762621 98721 -8.558 0.014648438 0.14 0.01 -3.23 -48.2 3.9 0.0 0.0 121.3168 41.713 0.0 122.66 2 0 0 0 0
762642 98705 -8.573 0.018066406 0.13 0.01 -2.65 -48.11 4.36 0.0 0.0 122.6802 41.5366 0.0 123.5394 2 0 0 0 0
762662 98696 -8.59 0.009765625 0.13 0.01 -2.07 -47.84 4.76 0.0 0.0 123.4465 41.3585 0.0 124.3546 2 0 0 0 0
762683 98684 -8.59 0.003417968 0.13 0.0 -1.46 -47.87 4.82 0.0 0.0 124.4691 41.188 0.0 125.2423 2 0 0 0 0
762703 98674 -8.599 0.009765625 0.13 0.01 -1.1 -48.05 4.66 0.0 0.0 125.3226 41.024 0.0 126.0795 2 0 0 0 0
762724 98664 -8.575 0.002929687 0.12 0.01 -0.73 -47.77 4.85 0.0 0.0 126.1734 40.8505 0.0 126.9567 2 0 0 0 0
762744 98657 -8.562 0.005371094 0.12 0.01 -0.43 -47.8 4.79 0.0 0.0 126.7706 40.6636 0.0 127.7426 2 0 0 0 0
762765 98649 -8.581 0.003417968 0.12 0.01 -0.37 -47.71 4.45 0.0 0.0 127.4523 40.4597 0.0 128.5479 2 0 0 0 0
762785 98643 -8.59 -0.000488281 0.12 0.0 -0.34 -47.56 4.39 0.0 0.0 127.9649 40.2402 0.0 129.2596 2 0 0 0 0
762806 98631 -8.581 0.011230469 0.12 0.01 -0.76 -47.2 4.09 0.0 0.0 128.9875 40.0376 0.0 130.0591 2 0 0 0 0
762826 98618 -8.586 0.006347656 0.12 0.01 -0.73 -47.04 3.78 0.0 0.0 130.0972 39.8676 0.0 130.8662 2 0 0 0 0
762847 98612 -8.579 -0.000976562 0.12 0.01 -0.98 -46.77 3.32 0.0 0.0 130.6072 39.6652 0.0 131.6601 2 0 0 0 0
762867 98601 -8.573 0.004394531 0.12 0.0 -1.22 -46.83 3.02 0.0 0.0 131.5479 39.4826 0.0 132.4346 2 0 0 0 0
762888 98593 -8.573 -0.000488281 0.12 0.01 -1.4 -46.46 2.96 0.0 0.0 132.2296 39.2845 0.0 133.2294 2 0 0 0 0
762908 98586 -8.568 0.005371094 0.12 0.0 -1.92 -46.19 2.8 0.0 0.0 132.8267 39.0789 0.0 133.9477 2 0 0 0 0
762929 98576 -8.573 0.00390625 0.12 0.01 -2.47 -46.01 3.23 0.0 0.0 133.6802 38.8757 0.0 134.7236 2 0 0 0 0
762949 98569 -8.573 0.0078125 0.11 0.0 -3.14 -45.49 3.29 0.0 0.0 134.2747 38.6656 0.0 135.426 2 0 0 0 0
762970 98562 -8.556 0.011230469 0.11 0.0 -3.54 -45.7 3.45 0.0 0.0 134.8745 38.439 0.0 136.1457 2 0 0 0 0
762990 98552 -8.562 0.015136719 0.11 0.0 -4.48 -44.88 3.66 0.0 0.0 135.7254 38.2307 0.0 136.8442 2 0 0 0 0
763011 98546 -8.571 0.000488281 0.11 0.01 -5.0 -44.54 3.93 0.0 0.0 136.238 37.9986 0.0 137.5455 2 0 0 0 0
763031 98533 -8.551 0.002441406 0.11 0.0 -5.52 -44.7 3.96 0.0 0.0 137.3478 37.8075 0.0 138.2724 2 0 0 0 0
763052 98518 -8.562 0.005371094 0.11 0.01 -6.1 -44.33 4.02 0.0 0.0 138.6266 37.6525 0.0 139.1257 2 0 0 0 0
763072 98513 -8.547 0.003417968 0.11 0.01 -6.52 -43.66 4.24 0.0 0.0 139.0547 37.4718 0.0 139.8668 2 0 0 0 0
763092 98512 -8.566 0.007324219 0.1 -0.01 -6.89 -43.69 4.36 0.0 0.0 139.1392 37.2377 0.0 140.4945 2 0 0 0 0
763113 98496 -8.566 -0.001464844 0.1 0.0 -7.56 -43.08 4.33 0.0 0.0 140.5053 37.0534 0.0 141.2783 2 0 0 0 0
763133 98490 -8.568 0.004394531 0.11 0.02 -8.17 -42.8 4.36 0.0 0.0 141.0179 36.8574 0.0 141.9758 2 0 0 0 0
763154 98482 -8.575 0.010742188 0.1 0.0 -8.6 -41.8 4.27 0.0 0.0 141.6997 36.6501 0.0 142.7036 2 0 0 0 0
763174 98476 -8.575 0.011718751 0.1 0.0 -8.78 -40.3 4.24 0.0 0.0 142.2123 36.434 0.0 143.3544 2 0 0 0 0
763195 98471 -8.549 0.015625 0.1 0.0 -9.27 -40.34 3.9 0.0 0.0 142.6403 36.1909 0.0 144.0 2 0 0 0 0
763215 98457 -8.568 0.013183594 0.1 0.0 -9.54 -40.18 3.78 0.0 0.0 143.8347 36.0012 0.0 144.6961 2 0 0 0 0
763236 98451 -8.56 0.015136719 0.09 0.0 -10.21 -39.66 3.02 0.0 0.0 144.3473 35.7869 0.0 145.3938 2 0 0 0 0
763256 98440 -8.571 0.009765625 0.1 0.01 -10.61 -39.85 2.53 0.0 0.0 145.2879 35.6012 0.0 146.0918 2 0 0 0 0
763277 98437 -8.568 0.004394531 0.09 0.01 -10.73 -40.03 2.13 0.0 0.0 145.5442 35.3706 0.0 146.7478 2 0 0 0 0
763297 98430 -8.566 0.000488281 0.09 0.0 -10.58 -40.15 1.86 0.0 0.0 146.1414 35.1439 0.0 147.3537 2 0 0 0 0
763318 98419 -8.53 0.012207032 0.09 0.0 -10.46 -41.34 1.74 0.0 0.0 147.0794 34.9349 0.0 148.0458 2 0 0 0 0
763338 98408 -8.551 0.002441406 0.09 0.0 -10.12 -41.28 2.13 0.0 0.0 148.0201 34.7548 0.0 148.7402 2 0 0 0 0
763359 98399 -8.579 0.002929687 0.09 0.0 -9.79 -40.55 2.5 0.0 0.0 148.789 34.5711 0.0 149.4783 2 0 0 0 0
763379 98392 -8.571 0.0 0.09 0.01 -9.12 -40.09 2.96 0.0 0.0 149.3862 34.3852 0.0 150.1543 2 0 0 0 0
763400 98382 -8.562 0.000976562 0.08 0.01 -8.23 -39.88 3.38 0.0 0.0 150.2423 34.2037 0.0 150.8911 2 0 0 0 0
763420 98375 -8.573 0.001953125 0.08 0.01 -7.56 -40.21 3.72 0.0 0.0 150.8394 34.02 0.0 151.5665 2 0 0 0 0
763441 98370 -8.541 0.007324219 0.08 0.02 -7.07 -40.58 4.15 0.0 0.0 151.2675 33.8076 0.0 152.2309 2 0 0 0 0
763461 98365 -8.577 0.002441406 0.08 0.01 -6.43 -40.64 4.45 0.0 0.0 151.6929 33.5847 0.0 152.817 2 0 0 0 0
763482 98352 -8.551 0.00390625 0.08 0.01 -5.76 -40.4 4.88 0.0 0.0 152.8053 33.3949 0.0 153.5204 2 0 0 0 0
763502 98347 -8.562 0.005859375 0.08 0.01 -4.57 -41.01 5.21 0.0 0.0 153.2334 33.1915 0.0 154.1402 2 0 0 0 0
763523 98340 -8.569 0.000976562 0.08 0.02 -3.6 -41.07 5.61 0.0 0.0 153.8305 32.977 0.0 154.7854 2 0 0 0 0
763543 98329 -8.569 0.002929687 0.08 0.02 -2.65 -41.01 5.91 0.0 0.0 154.7712 32.7958 0.0 155.4426 2 0 0 0 0
763564 98331 -8.562 0.009277344 0.08 0.03 -1.59 -41.37 6.46 0.0 0.0 154.5995 32.5399 0.0 155.9902 2 0 0 0 0
763584 98321 -8.566 0.001464844 0.08 0.02 -0.43 -41.52 6.59 0.0 0.0 155.4556 32.3165 0.0 156.5515 2 0 0 0 0
763604 98312 -8.566 0.002929687 0.08 0.03 0.88 -41.95 6.4 0.0 0.0 156.2245 32.1109 0.0 157.1432 2 0 0 0 0
763625 98304 -8.569 0.006347656 0.08 0.02 2.13 -40.98 6.49 0.0 0.0 156.9088 31.9029 0.0 157.7783 2 0 0 0 0
763645 98298 -8.538 0.012207032 0.07 0.02 3.32 -40.88 6.4 0.0 0.0 157.4215 31.6933 0.0 158.3566 2 0 0 0 0
763666 98292 -8.56 0.005859375 0.08 0.02 4.39 -41.43 6.16 0.0 0.0 157.9341 31.4697 0.0 158.9515 2 0 0 0 0
763686 98280 -8.554 0.015136719 0.07 0.01 5.34 -41.43 5.52 0.0 0.0 158.9593 31.289 0.0 159.5822 2 0 0 0 0
763707 98285 -8.554 0.020019531 0.07 0.01 5.76 -41.65 5.24 0.0 0.0 158.5339 31.0145 0.0 160.0638 2 0 0 0 0
763727 98271 -8.554 0.011718751 0.07 0.01 6.22 -41.37 4.66 0.0 0.0 159.7308 30.8052 0.0 160.6284 2 0 0 0 0
763748 98267 -8.556 0.012695313 0.07 0.01 6.19 -41.22 3.81 0.0 0.0 160.0717 30.5692 0.0 161.1821 2 0 0 0 0
763768 98259 -8.571 0.011718751 0.06 0.02 5.98 -41.19 3.2 0.0 0.0 160.7561 30.3517 0.0 161.7222 2 0 0 0 0
763789 98254 -8.545 0.009765625 0.06 0.02 5.7 -40.98 2.53 0.0 0.0 161.1841 30.1164 0.0 162.2695 2 0 0 0 0
763809 98249 -8.54 0.001953125 0.06 0.01 5.12 -40.88 1.86 0.0 0.0 161.6122 29.8798 0.0 162.7619 2 0 0 0 0
763830 98245 -8.549 0.014160157 0.06 0.01 4.76 -40.4 1.07 0.0 0.0 161.953 29.6223 0.0 163.254 2 0 0 0 0
763850 98236 -8.554 0.0078125 0.06 0.01 3.99 -40.3 0.4 0.0 0.0 162.7246 29.3961 0.0 163.7578 2 0 0 0 0
763871 98234 -8.543 0.013183594 0.06 0.02 2.93 -39.36 -0.06 0.0 0.0 162.8937 29.1341 0.0 164.2305 2 0 0 0 0
763891 98223 -8.545 0.016601562 0.06 0.02 1.83 -38.81 -0.46 0.0 0.0 163.8344 28.9191 0.0 164.7469 2 0 0 0 0
763912 98223 -8.538 0.013671876 0.06 0.03 1.34 -38.69 -1.19 0.0 0.0 163.8344 28.6543 0.0 165.2015 2 0 0 0 0
763932 98218 -8.545 0.007324219 0.06 0.01 0.82 -38.54 -1.74 0.0 0.0 164.2624 28.3946 0.0 165.6174 2 0 0 0 0
763953 98203 -8.543 0.011230469 0.06 0.0 0.21 -40.12 -2.23 0.0 0.0 165.5466 28.1948 0.0 166.2019 2 0 0 0 0
763973 98202 -8.543 0.004394531 0.06 0.01 -0.24 -40.03 -2.16 0.0 0.0 165.6311 27.9644 0.0 166.6703 2 0 0 0 0
763994 98194 -8.551 0.003417968 0.06 0.01 -1.04 -40.58 -1.95 0.0 0.0 166.3181 27.7418 0.0 167.1986 2 0 0 0 0
764014 98188 -8.562 -0.000488281 0.05 0.01 -1.62 -39.91 -1.52 0.0 0.0 166.8307 27.5269 0.0 167.6919 2 0 0 0 0
764035 98182 -8.554 0.001953125 0.06 0.01 -1.95 -39.6 -0.82 0.0 0.0 167.3434 27.3048 0.0 168.2116 2 0 0 0 0
764055 98185 -8.547 -0.014160157 0.05 0.01 -2.13 -39.48 -0.15 0.0 0.0 167.0871 27.0291 0.0 168.5696 2 0 0 0 0
764076 98178 -8.566 -0.013183594 0.05 -0.01 -2.47 -39.42 0.73 0.0 0.0 167.6869 26.7636 0.0 168.9894 2 0 0 0 0
764096 98170 -8.56 -0.005859375 0.05 -0.0 -3.26 -39.21 1.98 0.0 0.0 168.3712 26.5283 0.0 169.4213 2 0 0 0 0
764116 98162 -8.545 -0.0078125 0.05 0.0 -4.42 -38.84 3.96 0.0 0.0 169.0556 26.3132 0.0 169.8907 2 0 0 0 0
764137 98163 -8.543 -0.002929687 0.05 0.0 -5.24 -38.69 6.04 0.0 0.0 168.9684 26.0444 0.0 170.2889 2 0 0 0 0
764157 98152 -8.536 -0.004394531 0.06 0.01 -5.95 -38.14 8.11 0.0 0.0 169.9117 25.8299 0.0 170.7467 2 0 0 0 0
764178 98145 -8.545 0.0 0.05 0.0 -7.04 -37.71 10.27 0.0 0.0 170.5115 25.6155 0.0 171.2497 2 0 0 0 0
764198 98143 -8.521 -0.000976562 0.06 0.01 -7.35 -36.89 12.1 0.0 0.0 170.6833 25.3852 0.0 171.6673 2 0 0 0 0
764219 98137 -8.543 -0.001953125 0.05 0.0 -7.71 -36.74 13.93 0.0 0.0 171.1959 25.1521 0.0 172.1215 2 0 0 0 0
764239 98126 -8.54 -0.006347656 0.05 0.01 -7.87 -36.68 15.58 0.0 0.0 172.1365 24.9675 0.0 172.627 2 0 0 0 0
764260 98123 -8.543 -0.014648438 0.05 -0.0 -7.77 -35.95 17.04 0.0 0.0 172.3955 24.7534 0.0 173.1126 2 0 0 0 0
764280 98116 -8.534 -0.003417968 0.05 0.01 -7.71 -36.4 18.75 0.0 0.0 172.9926 24.5581 0.0 173.5876 2 0 0 0 0
764301 98110 -8.553 -0.004882812 0.05 0.02 -7.5 -36.34 20.15 0.0 0.0 173.5079 24.3574 0.0 174.09 2 0 0 0 0
764321 98109 -8.53 -0.006835937 0.05 0.01 -7.23 -35.79 21.49 0.0 0.0 173.5924 24.1323 0.0 174.4939 2 0 0 0 0
764342 98105 -8.534 -0.008300782 0.05 0.0 -6.52 -35.85 22.62 0.0 0.0 173.936 23.8929 0.0 174.9073 2 0 0 0 0
764362 98102 -8.53 -0.010742188 0.05 0.01 -5.76 -34.97 23.69 0.0 0.0 174.1923 23.6499 0.0 175.2655 2 0 0 0 0
764383 98100 -8.545 0.002929687 0.06 0.01 -5.46 -34.21 24.66 0.0 0.0 174.364 23.3835 0.0 175.6112 2 0 0 0 0
764403 98091 -8.541 0.000488281 0.05 0.02 -5.3 -33.6 25.46 0.0 0.0 175.1356 23.1604 0.0 175.9993 2 0 0 0 0
764424 98089 -8.549 -0.001464844 0.05 0.01 -4.85 -33.51 26.07 0.0 0.0 175.3073 22.9102 0.0 176.3699 2 0 0 0 0
764444 98082 -8.523 -0.002441406 0.05 0.01 -4.12 -33.6 26.37 0.0 0.0 175.9045 22.6871 0.0 176.7502 2 0 0 0 0
764465 98077 -8.523 0.000976562 0.05 0.01 -3.54 -33.11 26.34 0.0 0.0 176.3352 22.4591 0.0 177.1572 2 0 0 0 0
764485 98072 -8.523 0.000976562 0.05 0.01 -3.02 -32.38 26.43 0.0 0.0 176.7606 22.2411 0.0 177.54 2 0 0 0 0
764506 98072 -8.512 -0.008789063 0.05 0.01 -2.38 -32.16 26.31 0.0 0.0 176.7606 21.9831 0.0 177.8766 2 0 0 0 0
764526 98063 -8.527 0.001953125 0.05 0.02 -2.01 -32.13 26.19 0.0 0.0 177.5321 21.7696 0.0 178.2586 2 0 0 0 0
764547 98062 -8.543 0.001464844 0.05 0.02 -1.43 -32.26 26.07 0.0 0.0 177.6193 21.5227 0.0 178.6088 2 0 0 0 0
764567 98055 -8.545 0.004394531 0.05 0.01 -0.95 -32.47 25.85 0.0 0.0 178.2191 21.3049 0.0 178.9741 2 0 0 0 0
764588 98050 -8.536 -0.001953125 0.04 0.01 -0.52 -32.5 25.4 0.0 0.0 178.6472 21.0824 0.0 179.3668 2 0 0 0 0
764608 98046 -8.53 -0.002929687 0.04 0.01 -0.21 -32.71 24.6 0.0 0.0 178.9907 20.8652 0.0 179.7255 2 0 0 0 0
764628 98044 -8.534 0.009277344 0.04 0.02 0.21 -32.68 23.96 0.0 0.0 179.1598 20.6332 0.0 180.0482 2 0 0 0 0
764649 98037 -8.536 0.004882812 0.04 0.02 0.76 -32.71 23.23 0.0 0.0 179.7596 20.414 0.0 180.4332 2 0 0 0 0
764669 98035 -8.534 0.000976562 0.04 0.01 1.16 -32.71 22.47 0.0 0.0 179.9314 20.1866 0.0 180.7575 2 0 0 0 0
764690 98029 -8.549 0.004882812 0.04 0.02 1.55 -32.77 21.55 0.0 0.0 180.4466 19.9644 0.0 181.1294 2 0 0 0 0
764710 98032 -8.521 0.000488281 0.04 0.01 1.92 -32.74 20.64 0.0 0.0 180.1903 19.7009 0.0 181.3715 2 0 0 0 0
764731 98023 -8.523 -0.005371094 0.03 0.01 2.23 -32.84 19.76 0.0 0.0 180.9592 19.4692 0.0 181.7163 2 0 0 0 0
764751 98018 -8.527 -0.002929687 0.03 0.01 2.77 -32.8 18.87 0.0 0.0 181.3899 19.2542 0.0 182.051 2 0 0 0 0
764772 98020 -8.519 -0.004394531 0.04 0.02 2.96 -33.08 18.08 0.0 0.0 181.2182 18.9907 0.0 182.316 2 0 0 0 0
764792 98014 -8.528 -0.000488281 0.03 0.01 3.38 -33.38 17.29 0.0 0.0 181.7308 18.755 0.0 182.5979 2 0 0 0 0
764813 98010 -8.504 0.001464844 0.03 0.02 3.81 -33.11 16.74 0.0 0.0 182.0743 18.5147 0.0 182.9041 2 0 0 0 0
764833 98005 -8.527 0.005859375 0.03 0.02 4.12 -32.99 16.25 0.0 0.0 182.5023 18.2937 0.0 183.2072 2 0 0 0 0
764854 98004 -8.521 0.001953125 0.03 0.01 4.54 -33.14 15.85 0.0 0.0 182.5895 18.0457 0.0 183.488 2 0 0 0 0
764874 98000 -8.528 0.009277344 0.03 0.01 4.79 -32.9 15.3 0.0 0.0 182.9304 17.8109 0.0 183.7556 2 0 0 0 0
764895 97994 -8.525 0.001953125 0.03 0.01 5.15 -32.53 14.94 0.0 0.0 183.4457 17.5877 0.0 184.0777 2 0 0 0 0
764915 97992 -8.519 0.003417968 0.03 0.01 5.24 -32.74 14.57 0.0 0.0 183.6174 17.3614 0.0 184.3525 2 0 0 0 0
764936 97989 -8.527 0.005859375 0.03 0.01 5.46 -32.74 14.09 0.0 0.0 183.8737 17.1235 0.0 184.6369 2 0 0 0 0
764956 97987 -8.543 0.003417968 0.03 0.01 5.61 -32.74 13.9 0.0 0.0 184.0455 16.8859 0.0 184.8804 2 0 0 0 0
764977 97984 -8.534 -0.006347656 0.03 0.01 5.61 -32.59 13.63 0.0 0.0 184.3018 16.6398 0.0 185.1382 2 0 0 0 0
764997 97979 -8.525 -0.002441406 0.03 0.01 5.34 -32.47 13.66 0.0 0.0 184.7325 16.4177 0.0 185.4031 2 0 0 0 0
765018 97979 -8.536 -0.004394531 0.03 0.01 5.37 -32.29 13.38 0.0 0.0 184.7325 16.1642 0.0 185.6356 2 0 0 0 0
765038 97972 -8.521 -0.002929687 0.03 0.02 5.18 -32.23 13.54 0.0 0.0 185.3323 15.9502 0.0 185.9082 2 0 0 0 0
765059 97968 -8.521 -0.003417968 0.03 0.02 5.03 -32.32 13.75 0.0 0.0 185.6758 15.7325 0.0 186.2042 2 0 0 0 0
765079 97967 -8.527 0.000488281 0.03 0.02 5.12 -32.5 13.93 0.0 0.0 185.7603 15.5081 0.0 186.4446 2 0 0 0 0
765100 97963 -8.528 -0.005371094 0.02 0.01 5.34 -32.26 14.12 0.0 0.0 186.1038 15.2807 0.0 186.7132 2 0 0 0 0
765120 97961 -8.527 -0.000976562 0.03 0.0 5.34 -32.16 14.42 0.0 0.0 186.2756 15.0547 0.0 186.9456 2 0 0 0 0
765140 97955 -8.528 -0.003417968 0.02 0.01 5.4 -32.2 14.91 0.0 0.0 186.7882 14.8506 0.0 187.2204 2 0 0 0 0
765161 97954 -8.515 0.0 0.03 0.01 5.52 -31.89 15.27 0.0 0.0 186.8754 14.623 0.0 187.4745 2 0 0 0 0
765181 97949 -8.519 0.007324219 0.03 0.01 5.64 -31.83 16.13 0.0 0.0 187.3034 14.4195 0.0 187.7384 2 0 0 0 0
765202 97949 -8.53 0.001464844 0.03 0.02 5.49 -31.52 16.77 0.0 0.0 187.3034 14.1857 0.0 187.9684 2 0 0 0 0
765222 97942 -8.536 -0.004882812 0.03 0.01 5.64 -31.4 17.16 0.0 0.0 187.9033 13.9901 0.0 188.2412 2 0 0 0 0
765243 97937 -8.521 -0.002441406 0.02 0.01 5.88 -31.46 17.93 0.0 0.0 188.3339 13.7974 0.0 188.5505 2 0 0 0 0
765263 97938 -8.512 -0.003417968 0.03 0.01 6.04 -31.37 18.38 0.0 0.0 188.2467 13.5828 0.0 188.7756 2 0 0 0 0
765284 97936 -8.517 -0.00390625 0.03 0.01 6.16 -31.07 19.09 0.0 0.0 188.4185 13.3549 0.0 189.0011 2 0 0 0 0
765304 97936 -8.506 -0.001953125 0.03 0.01 6.59 -31.07 19.66 0.0 0.0 188.4185 13.1182 0.0 189.1707 2 0 0 0 0
765325 97931 -8.512 0.00390625 0.03 0.01 6.89 -30.67 20.37 0.0 0.0 188.8466 12.8927 0.0 189.3919 2 0 0 0 0
765345 97925 -8.517 -0.001464844 0.03 0.02 7.2 -30.34 21.1 0.0 0.0 189.3618 12.7006 0.0 189.6448 2 0 0 0 0
765366 97931 -8.517 -0.002929687 0.03 0.01 7.5 -30.52 21.77 0.0 0.0 188.8466 12.4366 0.0 189.7779 2 0 0 0 0
765386 97924 -8.517 -0.00390625 0.03 0.01 7.84 -30.09 22.44 0.0 0.0 189.449 12.2203 0.0 189.9716 2 0 0 0 0
765407 97928 -8.497 -0.005371094 0.03 0.02 8.35 -29.54 23.32 0.0 0.0 189.1055 11.9519 0.0 190.0832 2 0 0 0 0
765427 97918 -8.517 0.000488281 0.03 0.0 8.6 -29.33 24.02 0.0 0.0 189.9616 11.7512 0.0 190.3019 2 0 0 0 0
765448 97918 -8.527 -0.003417968 0.03 0.02 9.05 -29.15 24.54 0.0 0.0 189.9616 11.5249 0.0 190.4917 2 0 0 0 0
765468 97910 -8.504 -0.00390625 0.03 0.02 9.57 -28.9 25.09 0.0 0.0 190.6486 11.3484 0.0 190.7485 2 0 0 0 0
765489 97914 -8.512 0.0 0.03 0.02 10.0 -28.87 25.91 0.0 0.0 190.3051 11.1139 0.0 190.9126 2 0 0 0 0
765509 97916 -8.502 -0.001953125 0.03 0.02 10.64 -28.99 26.34 0.0 0.0 190.1334 10.8621 0.0 191.0045 2 0 0 0 0
765530 97905 -8.527 -0.005371094 0.03 0.02 11.04 -28.96 27.07 0.0 0.0 191.0767 10.669 0.0 191.2447 2 0 0 0 0
765550 97906 -8.513 -0.009277344 0.03 0.02 11.62 -29.12 27.5 0.0 0.0 190.9921 10.4596 0.0 191.4158 2 0 0 0 0
765571 97907 -8.502 -0.004882812 0.03 0.02 12.35 -29.42 27.99 0.0 0.0 190.9049 10.2199 0.0 191.55 2 0 0 0 0
765591 97905 -8.491 -0.006347656 0.04 0.03 12.74 -29.57 28.26 0.0 0.0 191.0767 9.9949 0.0 191.6752 2 0 0 0 0
765612 97907 -8.502 -0.005859375 0.03 0.02 13.38 -29.18 28.81 0.0 0.0 190.9049 9.7352 0.0 191.7561 2 0 0 0 0
765632 97901 -8.499 -0.005371094 0.04 0.02 13.99 -29.09 29.54 0.0 0.0 191.4202 9.5201 0.0 191.8946 2 0 0 0 0
765652 97900 -8.512 -0.004882812 0.03 0.02 14.63 -28.84 30.21 0.0 0.0 191.5074 9.3 0.0 192.0203 2 0 0 0 0
765673 97896 -8.506 -0.002929687 0.03 0.02 15.18 -28.72 30.79 0.0 0.0 191.8482 9.0883 0.0 192.1868 2 0 0 0 0
765693 97899 -8.508 0.000488281 0.04 0.02 15.61 -28.14 31.07 0.0 0.0 191.5919 8.853 0.0 192.269 2 0 0 0 0
765714 97892 -8.508 -0.005859375 0.04 0.02 16.34 -28.05 31.8 0.0 0.0 192.1917 8.6491 0.0 192.442 2 0 0 0 0
765734 97891 -8.513 -0.007324219 0.04 0.02 17.01 -28.08 32.35 0.0 0.0 192.2789 8.448 0.0 192.5877 2 0 0 0 0
765755 97892 -8.521 -0.008300782 0.04 0.02 17.53 -28.57 32.74 0.0 0.0 192.1917 8.2189 0.0 192.6988 2 0 0 0 0
765775 97888 -8.504 -0.004394531 0.04 0.02 18.2 -28.38 33.2 0.0 0.0 192.5352 8.0178 0.0 192.8358 2 0 0 0 0
765796 97890 -8.504 -0.010742188 0.04 0.03 19.05 -28.14 33.57 0.0 0.0 192.3635 7.7839 0.0 192.9252 2 0 0 0 0
765816 97891 -8.506 -0.006347656 0.04 0.02 19.73 -28.23 34.09 0.0 0.0 192.2789 7.5447 0.0 192.9727 2 0 0 0 0
765837 97891 -8.499 -0.003417968 0.04 0.03 20.79 -28.05 34.48 0.0 0.0 192.2789 7.2931 0.0 193.015 2 0 0 0 0
765857 97888 -8.519 -0.004882812 0.04 0.02 21.28 -28.02 34.76 0.0 0.0 192.5352 7.068 0.0 193.0806 2 0 0 0 0
765878 97886 -8.508 -0.009277344 0.04 0.02 21.95 -27.99 35.03 0.0 0.0 192.707 6.8421 0.0 193.1665 2 0 0 0 0
765898 97887 -8.499 -0.0078125 0.04 0.03 22.87 -27.87 35.4 0.0 0.0 192.6224 6.6125 0.0 193.2123 2 0 0 0 0
765919 97885 -8.504 -0.007324219 0.04 0.02 23.69 -27.62 35.64 0.0 0.0 192.7942 6.3835 0.0 193.2812 2 0 0 0 0
765939 97880 -8.499 -0.001464844 0.04 0.02 24.33 -27.77 36.01 0.0 0.0 193.2222 6.1917 0.0 193.399 2 0 0 0 0
765960 97884 -8.506 -0.005859375 0.04 0.03 25.37 -27.84 36.1 0.0 0.0 192.8787 5.9541 0.0 193.442 2 0 0 0 0
765980 97880 -8.497 -0.008789063 0.04 0.02 26.4 -27.8 36.37 0.0 0.0 193.2222 5.7503 0.0 193.5243 2 0 0 0 0
766001 97880 -8.493 -0.009277344 0.05 0.02 27.26 -27.87 36.28 0.0 0.0 193.2222 5.5311 0.0 193.5945 2 0 0 0 0
766021 97881 -8.502 -0.008789063 0.05 0.02 28.26 -27.5 36.31 0.0 0.0 193.135 5.3083 0.0 193.6282 2 0 0 0 0
766042 97879 -8.504 -0.015136719 0.05 0.02 29.12 -26.55 36.65 0.0 0.0 193.3068 5.0887 0.0 193.6859 2 0 0 0 0
766062 97880 -8.499 -0.008789063 0.05 0.02 30.24 -26.52 36.68 0.0 0.0 193.2222 4.866 0.0 193.7101 2 0 0 0 0
766083 97880 -8.504 -0.005859375 0.05 0.02 31.25 -26.19 36.77 0.0 0.0 193.2222 4.6326 0.0 193.7306 2 0 0 0 0
766103 97880 -8.484 -0.006347656 0.05 0.03 32.16 -26.34 36.86 0.0 0.0 193.2222 4.4069 0.0 193.7382 2 0 0 0 0
766124 97878 -8.497 -0.005371094 0.05 0.03 33.08 -26.19 36.86 0.0 0.0 193.394 4.1851 0.0 193.7732 2 0 0 0 0
766144 97883 -8.508 -0.009765625 0.06 0.04 34.02 -25.98 36.92 0.0 0.0 192.9633 3.9375 0.0 193.7214 2 0 0 0 0
766164 97882 -8.519 -0.002929687 0.05 0.02 35.06 -25.15 36.86 0.0 0.0 193.0505 3.699 0.0 193.6879 2 0 0 0 0
766185 97885 -8.497 -0.004882812 0.06 0.02 35.61 -25.18 36.8 0.0 0.0 192.7942 3.434 0.0 193.616 2 0 0 0 0
766205 97879 -8.504 -0.005371094 0.06 0.02 36.77 -23.9 36.68 0.0 0.0 193.3068 3.2253 0.0 193.6329 2 0 0 0 0
766226 97884 -8.5 -0.004882812 0.06 0.03 37.65 -23.63 36.71 0.0 0.0 192.8787 2.9717 0.0 193.5744 2 0 0 0 0
766246 97878 -8.51 -0.000488281 0.06 0.02 38.69 -23.57 36.49 0.0 0.0 193.394 2.7727 0.0 193.6037 2 0 0 0 0
766267 97879 -8.506 -0.006347656 0.06 0.02 39.45 -23.17 36.31 0.0 0.0 193.3068 2.556 0.0 193.6122 2 0 0 0 0
766287 97881 -8.519 -0.009765625 0.06 0.02 40.43 -22.41 36.16 0.0 0.0 193.135 2.3346 0.0 193.5835 2 0 0 0 0
766308 97882 -8.51 -0.0078125 0.06 0.03 41.34 -21.52 36.22 0.0 0.0 193.0505 2.1 0.0 193.5433 2 0 0 0 0
766328 97882 -8.484 -0.002929687 0.06 0.02 41.92 -21.43 36.01 0.0 0.0 193.0505 1.8772 0.0 193.5028 2 0 0 0 0
766349 97884 -8.504 -0.0078125 0.06 0.03 42.65 -21.01 36.01 0.0 0.0 192.8787 1.6353 0.0 193.4378 2 0 0 0 0
766369 97889 -8.478 -0.000488281 0.07 0.03 43.29 -21.01 35.91 0.0 0.0 192.4507 1.3741 0.0 193.3054 2 0 0 0 0
766390 97884 -8.512 -0.001464844 0.07 0.04 43.9 -20.95 35.88 0.0 0.0 192.8787 1.1504 0.0 193.2628 2 0 0 0 0
766410 97881 -8.489 0.000976562 0.07 0.03 44.39 -21.13 35.7 0.0 0.0 193.135 0.9584 0.0 193.2644 2 0 0 0 0
766431 97885 -8.497 -0.000488281 0.07 0.03 45.06 -21.22 35.37 0.0 0.0 192.7942 0.7298 0.0 193.2058 2 0 0 0 0
766451 97884 -8.499 -0.000976562 0.07 0.02 45.82 -21.37 35.37 0.0 0.0 192.8787 0.5212 0.0 193.1657 2 0 0 0 0
766472 97887 -8.478 -0.00390625 0.07 0.03 46.28 -21.43 35.12 0.0 0.0 192.6224 0.2871 0.0 193.0857 2 0 0 0 0
766492 97886 -8.489 -0.001953125 0.07 0.01 47.13 -21.55 34.88 0.0 0.0 192.707 0.0745 0.0 193.0281 2 0 0 0 0
766513 97884 -8.497 -0.005371094 0.07 0.03 47.65 -21.28 34.66 0.0 0.0 192.8787 -0.1282 0.0 193.0046 2 0 0 0 0
766533 98082 -8.502 -0.442382812 -16.0 -0.77 55.98 -182.77 11.34 0.0 0.0 175.9045 -1.4962 0.0 190.1412 2 0 0 0 0
766554 98006 -8.512 -0.020507812 0.17 0.03 40.24 -194.63 10.76 0.0 0.0 182.4178 -2.114 0.0 188.8171 2 0 0 0 0
766574 97894 -8.502 -0.049804687 0.01 -0.02 49.21 -169.51 0.09 0.0 0.0 192.02 -1.8578 0.0 189.3106 2 0 0 0 0
766595 97891 -8.487 -0.030761718 0.06 -0.02 56.74 -144.48 -9.02 0.0 0.0 192.2789 -1.6204 0.0 189.7685 2 0 0 0 0
766615 97888 -8.489 -0.025878906 0.05 0.03 56.98 -131.71 -14.33 0.0 0.0 192.5352 -1.399 0.0 190.1989 2 0 0 0 0
766636 97895 -8.484 -0.012207032 0.12 0.02 49.73 -117.44 -8.63 0.0 0.0 191.9354 -1.2601 0.0 190.4602 2 0 0 0 0
766656 97894 -8.5 0.009765625 0.29 0.08 50.46 -133.81 -4.21 0.0 0.0 192.02 -1.1353 0.0 190.6959 2 0 0 0 0
766676 97895 -8.5 -0.010253907 0.09 0.1 38.08 -125.79 -2.56 0.0 0.0 191.9354 -1.0361 0.0 190.8806 2 0 0 0 0
766697 97896 -8.5 -0.031738281 0.08 0.1 24.33 -141.65 -7.53 0.0 0.0 191.8482 -0.9587 0.0 191.0208 2 0 0 0 0
766717 97899 -8.493 -0.048828125 0.14 0.07 14.45 -156.34 -14.51 0.0 0.0 191.5919 -0.9131 0.0 191.0972 2 0 0 0 0
766738 97900 -8.504 0.1640625 1.0 0.28 -36.77 -126.34 7.84 0.0 0.0 191.5074 -0.8802 0.0 191.1467 2 0 0 0 0
766758 97903 -8.486 0.093261718 0.81 0.16 -58.41 -115.21 24.94 0.0 0.0 191.2484 -0.8721 0.0 191.1461 2 0 0 0 0
766779 97903 -8.495 0.0 0.16 0.06 -61.95 -122.2 42.8 0.0 0.0 191.2484 -0.8639 0.0 191.1449 2 0 0 0 0
766799 97906 -8.493 -0.011718751 0.12 0.06 -61.74 -100.3 44.51 0.0 0.0 190.9921 -0.8761 0.0 191.1021 2 0 0 0 0
766820 97907 -8.487 0.016601562 0.24 0.13 -67.68 -81.19 45.15 0.0 0.0 190.9049 -0.8919 0.0 191.0507 2 0 0 0 0
766840 97913 -8.506 0.034179687 0.15 0.15 -75.4 -80.85 49.94 0.0 0.0 190.3897 -0.9448 0.0 190.9223 2 0 0 0 0
766861 97916 -8.506 0.036621093 0.14 0.19 -85.58 -75.03 55.34 0.0 0.0 190.1334 -1.0079 0.0 190.7704 2 0 0 0 0
766881 97923 -8.493 0.047363281 0.31 0.23 -94.63 -79.36 58.26 0.0 0.0 189.5336 -1.1068 0.0 190.5433 2 0 0 0 0
766902 97923 -8.5 0.073730468 0.56 0.27 -101.13 -75.03 57.2 0.0 0.0 189.5336 -1.1876 0.0 190.3511 2 0 0 0 0
766922 97918 -8.497 0.064941406 0.6 0.29 -99.57 -68.84 50.49 0.0 0.0 189.9616 -1.2188 0.0 190.2622 2 0 0 0 0
766943 97919 -8.484 0.093261718 0.26 0.3 -86.77 -79.51 54.54 0.0 0.0 189.8771 -1.2496 0.0 190.1721 2 0 0 0 0
766963 97915 -8.471 0.053222656 0.68 0.31 -76.01 -65.37 53.6 0.0 0.0 190.2206 -1.2457 0.0 190.1552 2 0 0 0 0
766984 97899 -8.497 0.01953125 0.87 0.33 -48.08 -38.69 42.2 0.0 0.0 191.5919 -1.1308 0.0 190.3695 2 0 0 0 0
767004 97880 -8.502 -0.364257812 3.4 -0.21 69.48 -8.75 -37.8 0.0 0.0 193.2222 -0.9026 0.0 190.8242 2 0 0 0 0
767025 97865 -8.502 -0.159179687 2.0 0.24 187.99 1.8 -129.39 0.0 0.0 194.509 -0.6078 0.0 191.422 2 0 0 0 0
767045 97886 -8.478 -0.069824218 1.75 0.22 269.66 20.03 -201.86 0.0 0.0 192.707 -0.505 0.0 191.6248 2 0 0 0 0
767066 97929 -8.497 0.138183593 2.35 0.22 321.92 -1.71 -233.26 0.0 0.0 189.0183 -0.7135 0.0 191.1779 2 0 0 0 0
767086 97940 -8.482 0.331542968 4.23 0.34 362.13 -54.6 -245.43 0.0 0.0 188.075 -0.9617 0.0 190.6445 2 0 0 0 0
767107 97951 -8.482 1.767578125 8.88 2.1 345.34 -435.3 -128.38 0.0 0.0 187.1317 -1.2427 0.0 190.0364 2 0 0 0 0
767127 97944 -8.499 0.598144531 4.26 0.86 116.4 -350.52 18.02 0.0 0.0 187.7315 -1.4271 0.0 189.6259 2 0 0 0 0
767148 97941 -8.487 0.53515625 2.36 0.63 -36.77 -264.27 122.01 0.0 0.0 187.9904 -1.558 0.0 189.3222 2 0 0 0 0
767168 97944 -8.491 0.411621093 2.14 0.4 -119.24 -230.15 229.91 0.0 0.0 187.7315 -1.6852 0.0 189.0249 2 0 0 0 0
767188 97941 -8.491 0.291992187 2.09 0.34 -159.45 -202.53 302.96 0.0 0.0 187.9904 -1.768 0.0 188.8181 2 0 0 0 0
767209 97928 -8.493 0.12109375 2.3 0.19 -181.1 -156.89 333.75 0.0 0.0 189.1055 -1.745 0.0 188.8291 2 0 0 0 0
767229 97921 -8.484 -0.08203125 2.96 0.06 -166.28 -82.59 297.47 0.0 0.0 189.7053 -1.6749 0.0 188.9408 2 0 0 0 0
767250 97915 -8.48 -0.067871093 1.94 -0.07 -128.23 51.95 199.15 0.0 0.0 190.2206 -1.5725 0.0 189.1198 2 0 0 0 0
767270 97919 -8.486 0.134277343 0.68 -0.12 -99.54 120.88 131.52 0.0 0.0 189.8771 -1.5119 0.0 189.2151 2 0 0 0 0
767291 97923 -8.476 -0.014160157 0.7 0.18 -75.12 169.73 73.48 0.0 0.0 189.5336 -1.4865 0.0 189.2366 2 0 0 0 0
767311 97912 -8.486 0.043945312 0.88 0.06 -36.28 243.14 -4.91 0.0 0.0 190.4769 -1.3872 0.0 189.4144 2 0 0 0 0
767332 97915 -8.486 0.249511718 0.73 0.06 15.24 270.0 -53.17 0.0 0.0 190.2206 -1.3227 0.0 189.5202 2 0 0 0 0
767352 97940 -8.5 0.2421875 0.75 0.11 68.32 273.45 -77.04 0.0 0.0 188.075 -1.4384 0.0 189.252 2 0 0 0 0
767373 97933 -8.495 0.262207031 0.72 0.17 128.87 254.39 -85.43 0.0 0.0 188.6748 -1.4845 0.0 189.1251 2 0 0 0 0
767393 97933 -8.459 0.256347656 0.81 0.21 176.55 230.12 -77.62 0.0 0.0 188.6748 -1.5206 0.0 189.0201 2 0 0 0 0
767414 97921 -8.474 0.192871093 1.07 0.28 225.91 181.71 -64.33 0.0 0.0 189.7053 -1.4658 0.0 189.1029 2 0 0 0 0
767434 97927 -8.486 0.167480468 1.21 0.36 256.74 121.62 -42.35 0.0 0.0 189.1901 -1.4588 0.0 189.0882 2 0 0 0 0
767455 97932 -8.473 0.137695312 1.33 0.4 267.32 60.21 -15.79 0.0 0.0 188.762 -1.4849 0.0 189.0029 2 0 0 0 0
767475 97935 -8.478 0.122070312 1.33 0.4 262.29 20.64 7.84 0.0 0.0 188.503 -1.5249 0.0 188.8896 2 0 0 0 0
767496 97935 -8.493 0.122558593 1.2 0.34 249.02 7.16 26.8 0.0 0.0 188.503 -1.5558 0.0 188.7929 2 0 0 0 0
767516 97948 -8.48 0.149902343 1.13 0.33 221.86 11.95 47.44 0.0 0.0 187.388 -1.6682 0.0 188.5267 2 0 0 0 0
767537 97951 -8.487 0.120605468 0.95 0.31 183.02 28.93 63.81 0.0 0.0 187.1317 -1.7798 0.0 188.2582 2 0 0 0 0
767557 97962 -8.487 0.105957031 0.8 0.32 137.01 46.34 73.05 0.0 0.0 186.1884 -1.9454 0.0 187.8763 2 0 0 0 0
767578 97964 -8.48 0.100585937 0.79 0.29 88.54 61.1 78.23 0.0 0.0 186.0166 -2.0941 0.0 187.5242 2 0 0 0 0
767598 97965 -8.469 0.109375 0.76 0.3 35.67 82.16 82.71 0.0 0.0 185.9321 -2.2215 0.0 187.2159 2 0 0 0 0
767619 97967 -8.489 0.067871093 0.7 0.29 -19.63 113.78 80.03 0.0 0.0 185.7603 -2.338 0.0 186.9256 2 0 0 0 0
767639 97964 -8.486 0.000976562 0.7 0.25 -74.91 170.76 58.9 0.0 0.0 186.0166 -2.4107 0.0 186.7268 2 0 0 0 0
767660 97963 -8.48 -0.033203125 0.67 0.22 -121.55 246.8 20.18 0.0 0.0 186.1038 -2.4605 0.0 186.5719 2 0 0 0 0
767680 97966 -8.486 -0.038574218 0.68 0.21 -150.24 317.96 -29.51 0.0 0.0 185.8449 -2.5187 0.0 186.4011 2 0 0 0 0
767700 97985 -8.476 -0.104003906 0.76 0.26 -161.83 383.57 -87.56 0.0 0.0 184.2172 -2.6934 0.0 185.9853 2 0 0 0 0
767721 97970 -8.489 -0.18359375 0.8 0.29 -151.55 422.56 -143.54 0.0 0.0 185.504 -2.7319 0.0 185.8482 2 0 0 0 0
767741 97982 -8.484 -0.249511718 0.85 0.31 -118.96 425.43 -185.37 0.0 0.0 184.4735 -2.8419 0.0 185.5636 2 0 0 0 0
767762 97988 -8.478 -0.303222656 0.93 0.3 -70.85 385.85 -220.85 0.0 0.0 183.9609 -2.9701 0.0 185.2357 2 0 0 0 0
767782 97978 -8.478 -0.220214843 1.0 0.27 -5.37 294.45 -238.11 0.0 0.0 184.817 -3.0036 0.0 185.1062 2 0 0 0 0
767803 97957 -8.478 -0.03125 1.02 0.37 57.29 170.3 -233.32 0.0 0.0 186.6191 -2.8825 0.0 185.2964 2 0 0 0 0
767823 97911 -8.463 -0.009765625 0.89 0.42 86.74 36.95 -191.46 0.0 0.0 190.5614 -2.4613 0.0 186.1196 2 0 0 0 0
767844 97973 -8.484 0.104003906 0.83 0.48 96.98 -94.51 -144.7 0.0 0.0 185.2451 -2.5313 0.0 185.9215 2 0 0 0 0
767864 97980 -8.487 -0.150390625 0.87 0.34 112.9 -237.1 -111.68 0.0 0.0 184.6453 -2.6334 0.0 185.6574 2 0 0 0 0
767885 97965 -8.465 -0.076660156 0.76 0.42 131.95 -386.31 -89.05 0.0 0.0 185.9321 -2.6114 0.0 185.648 2 0 0 0 0
767905 97970 -8.473 -0.041992187 0.63 0.5 135.0 -503.9 -68.72 0.0 0.0 185.504 -2.6229 0.0 185.5717 2 0 0 0 0
767926 97989 -8.478 0.04296875 0.67 0.54 137.68 -607.8 -58.14 0.0 0.0 183.8737 -2.7588 0.0 185.2324 2 0 0 0 0
767946 97991 -8.473 -0.015136719 0.7 0.53 142.38 -695.88 -59.51 0.0 0.0 183.702 -2.8812 0.0 184.9212 2 0 0 0 0
767967 98000 -8.463 0.011230469 0.7 0.5 138.54 -749.24 -77.5 0.0 0.0 182.9304 -3.0405 0.0 184.5275 2 0 0 0 0
767987 98001 -8.473 0.018554687 0.73 0.43 129.02 -782.96 -103.75 0.0 0.0 182.8459 -3.175 0.0 184.1853 2 0 0 0 0
768008 98004 -8.484 0.014648438 0.73 0.38 111.95 -799.15 -133.05 0.0 0.0 182.5895 -3.3027 0.0 183.8516 2 0 0 0 0
768028 98006 -8.48 -0.018554687 0.78 0.36 79.02 -804.09 -168.72 0.0 0.0 182.4178 -3.4174 0.0 183.5456 2 0 0 0 0
768049 97998 -8.478 0.0 0.83 0.39 22.96 -805.82 -193.84 0.0 0.0 183.1022 -3.4528 0.0 183.3996 2 0 0 0 0
768069 97986 -8.474 0.003417968 0.89 0.25 -38.2 -817.38 -194.54 0.0 0.0 184.1327 -3.3942 0.0 183.4532 2 0 0 0 0
768090 98002 -8.478 0.012695313 0.93 0.23 -90.09 -833.66 -171.46 0.0 0.0 182.7613 -3.4496 0.0 183.2661 2 0 0 0 0
768110 98013 -8.471 -0.011230469 0.96 0.14 -129.79 -846.98 -130.15 0.0 0.0 181.818 -3.5654 0.0 182.9549 2 0 0 0 0
768131 98025 -8.478 -0.100585937 0.98 0.05 -149.42 -859.02 -79.6 0.0 0.0 180.7901 -3.7386 0.0 182.5177 2 0 0 0 0
768151 98034 -8.467 -0.183105468 0.99 -0.01 -149.85 -865.76 -24.6 0.0 0.0 180.0186 -3.9385 0.0 182.0248 2 0 0 0 0
768172 98044 -8.495 -0.235839843 0.99 -0.02 -132.87 -853.57 23.96 0.0 0.0 179.1598 -4.1677 0.0 181.4625 2 0 0 0 0
768192 98057 -8.489 -0.273925781 1.04 -0.04 -101.92 -811.4 53.05 0.0 0.0 178.0474 -4.4409 0.0 180.8078 2 0 0 0 0
768212 98065 -8.513 -0.273925781 0.99 -0.04 -71.86 -744.6 61.07 0.0 0.0 177.363 -4.7165 0.0 180.1427 2 0 0 0 0
768233 98073 -8.476 -0.260742187 0.95 -0.02 -49.54 -668.2 54.82 0.0 0.0 176.676 -4.9938 0.0 179.4634 2 0 0 0 0
768253 98074 -8.471 -0.26171875 0.88 -0.01 -36.98 -595.67 37.35 0.0 0.0 176.5915 -5.2236 0.0 178.883 2 0 0 0 0
768274 98064 -8.474 -0.254882812 0.89 0.01 -32.9 -528.87 13.81 0.0 0.0 177.4476 -5.3384 0.0 178.5331 2 0 0 0 0
768294 98063 -8.482 -0.253417968 0.92 0.04 -37.47 -463.84 -13.48 0.0 0.0 177.5321 -5.4185 0.0 178.2589 2 0 0 0 0
768315 98059 -8.474 -0.216308593 0.95 0.07 -49.85 -400.43 -42.16 0.0 0.0 177.8757 -5.4492 0.0 178.0809 2 0 0 0 0
768335 98057 -8.474 -0.150878906 1.04 0.12 -65.43 -372.13 -56.92 0.0 0.0 178.0474 -5.4518 0.0 177.9664 2 0 0 0 0
768356 98048 -8.478 -0.102050781 1.04 0.14 -76.04 -380.73 -57.01 0.0 0.0 178.819 -5.3836 0.0 177.9946 2 0 0 0 0
768376 98045 -8.471 -0.14453125 1.04 0.11 -76.74 -402.59 -54.39 0.0 0.0 179.0753 -5.2972 0.0 178.0677 2 0 0 0 0
768397 98047 -8.467 -0.164550781 1.0 0.09 -70.85 -418.23 -53.2 0.0 0.0 178.9035 -5.2303 0.0 178.0964 2 0 0 0 0
768417 98050 -8.476 -0.163574218 0.97 0.1 -61.19 -434.82 -46.83 0.0 0.0 178.6472 -5.1862 0.0 178.0839 2 0 0 0 0
768438 98065 -8.469 -0.159667968 1.04 0.11 -45.37 -450.79 -37.87 0.0 0.0 177.363 -5.2439 0.0 177.8543 2 0 0 0 0
768458 98061 -8.473 -0.140136718 0.96 0.14 -19.12 -445.0 -42.68 0.0 0.0 177.7039 -5.256 0.0 177.7243 2 0 0 0 0
768479 98052 -8.467 -0.069824218 0.9 0.19 11.65 -421.62 -62.5 0.0 0.0 178.4755 -5.1959 0.0 177.7396 2 0 0 0 0
768499 98049 -8.473 -0.040039062 0.91 0.21 40.73 -388.87 -90.0 0.0 0.0 178.7318 -5.1165 0.0 177.8017 2 0 0 0 0
768520 98047 -8.478 -0.034179687 0.87 0.21 57.84 -345.61 -120.46 0.0 0.0 178.9035 -5.0283 0.0 177.8787 2 0 0 0 0
768540 98057 -8.448 -0.071289062 0.95 0.18 73.02 -300.21 -158.6 0.0 0.0 178.0474 -5.0148 0.0 177.8063 2 0 0 0 0
768561 98066 -8.461 -0.119140625 0.98 0.15 88.84 -257.99 -203.63 0.0 0.0 177.2758 -5.0573 0.0 177.6122 2 0 0 0 0
768581 98068 -8.467 -0.033203125 1.09 0.22 99.15 -234.24 -242.5 0.0 0.0 177.1041 -5.0979 0.0 177.4261 2 0 0 0 0
768602 98062 -8.465 0.0390625 1.14 0.3 100.91 -242.93 -265.15 0.0 0.0 177.6193 -5.0825 0.0 177.3514 2 0 0 0 0
768622 98061 -8.473 0.088867187 1.25 0.37 95.61 -272.38 -276.65 0.0 0.0 177.7039 -5.0543 0.0 177.3087 2 0 0 0 0
768643 98057 -8.469 0.119140625 1.17 0.43 81.52 -310.85 -278.81 0.0 0.0 178.0474 -4.9952 0.0 177.3262 2 0 0 0 0
768663 98059 -8.463 0.145996093 1.09 0.48 57.84 -367.47 -266.52 0.0 0.0 177.8757 -4.9512 0.0 177.3182 2 0 0 0 0
768684 98062 -8.45 0.172851562 1.03 0.54 26.04 -437.1 -240.15 0.0 0.0 177.6193 -4.9271 0.0 177.2646 2 0 0 0 0
768704 98069 -8.467 0.109863281 0.96 0.49 -8.32 -499.57 -208.57 0.0 0.0 177.0195 -4.9467 0.0 177.1251 2 0 0 0 0
768724 98067 -8.469 -0.007324219 0.79 0.45 -34.7 -556.4 -175.49 0.0 0.0 177.1913 -4.9414 0.0 177.0372 2 0 0 0 0
768745 98087 -8.467 -0.385742187 0.89 0.39 -50.37 -611.92 -163.75 0.0 0.0 175.4764 -5.0663 0.0 176.6722 2 0 0 0 0
768765 98101 -8.461 -0.225097656 0.91 0.47 -59.66 -675.7 -162.68 0.0 0.0 174.2768 -5.2579 0.0 176.1701 2 0 0 0 0
768786 98079 -8.471 -0.028320312 1.0 0.47 -65.98 -734.27 -153.38 0.0 0.0 176.1634 -5.2585 0.0 176.0586 2 0 0 0 0
768806 98091 -8.452 0.026855468 0.72 0.43 -74.94 -757.65 -138.05 0.0 0.0 175.1356 -5.3323 0.0 175.799 2 0 0 0 0
768827 98088 -8.473 0.108886718 0.64 0.36 -92.13 -741.1 -120.7 0.0 0.0 175.3919 -5.3649 0.0 175.6189 2 0 0 0 0
768847 98101 -8.465 0.112792968 0.84 0.3 -106.95 -702.62 -110.85 0.0 0.0 174.2768 -5.4723 0.0 175.287 2 0 0 0 0
768868 98111 -8.463 0.200195312 0.97 0.06 -113.87 -646.59 -110.88 0.0 0.0 173.4207 -5.6216 0.0 174.8597 2 0 0 0 0
768888 98100 -8.463 0.218261718 1.05 0.02 -116.16 -590.82 -110.67 0.0 0.0 174.364 -5.6612 0.0 174.6644 2 0 0 0 0
768909 98104 -8.474 0.234375 1.04 0.07 -122.93 -544.57 -108.57 0.0 0.0 174.0205 -5.7127 0.0 174.4377 2 0 0 0 0
768929 98103 -8.459 0.231445312 1.0 0.07 -134.18 -509.63 -103.32 0.0 0.0 174.1077 -5.7391 0.0 174.2683 2 0 0 0 0
768950 98114 -8.461 0.224609375 1.0 0.11 -149.15 -468.72 -98.29 0.0 0.0 173.1644 -5.8274 0.0 173.963 2 0 0 0 0
768970 98109 -8.445 0.264160156 1.01 0.2 -166.16 -426.31 -89.27 0.0 0.0 173.5924 -5.8571 0.0 173.7844 2 0 0 0 0
768991 98125 -8.463 0.211425781 1.93 0.06 -169.48 -371.01 -90.4 0.0 0.0 172.2237 -5.9819 0.0 173.4002 2 0 0 0 0
769011 98132 -8.474 0.3046875 1.65 0.02 -150.85 -359.73 -85.73 0.0 0.0 171.6239 -6.1241 0.0 172.9834 2 0 0 0 0
769032 98141 -8.463 0.255859375 0.87 -0.12 -131.22 -411.62 -46.16 0.0 0.0 170.8524 -6.2945 0.0 172.4981 2 0 0 0 0
769052 98145 -8.476 0.1171875 0.45 -0.17 -105.58 -447.26 -14.79 0.0 0.0 170.5115 -6.4535 0.0 172.0399 2 0 0 0 0
769073 98143 -8.48 0.052734375 0.3 -0.22 -84.94 -431.62 4.45 0.0 0.0 170.6833 -6.562 0.0 171.6773 2 0 0 0 0
769093 98148 -8.459 0.009765625 0.39 -0.28 -63.29 -405.49 17.5 0.0 0.0 170.2526 -6.676 0.0 171.3077 2 0 0 0 0
769114 98162 -8.446 0.002929687 0.34 -0.24 -40.24 -387.41 27.26 0.0 0.0 169.0556 -6.8561 0.0 170.7905 2 0 0 0 0
769134 98167 -8.454 -0.013671876 0.43 -0.26 -12.56 -378.41 30.55 0.0 0.0 168.6275 -7.0292 0.0 170.2915 2 0 0 0 0
769155 98174 -8.452 -0.03515625 0.51 -0.3 32.44 -394.39 24.39 0.0 0.0 168.0277 -7.2103 0.0 169.765 2 0 0 0 0
769175 98183 -8.459 -0.140625 0.71 -0.43 114.15 -429.51 -7.2 0.0 0.0 167.2588 -7.4108 0.0 169.2015 2 0 0 0 0
769196 98198 -8.465 -0.229492187 0.88 -0.55 205.49 -409.12 -75.7 0.0 0.0 165.9746 -7.6689 0.0 168.5058 2 0 0 0 0
769216 98211 -8.458 -0.2578125 1.27 -0.57 290.55 -355.34 -168.38 0.0 0.0 164.8622 -7.9604 0.0 167.7428 2 0 0 0 0
769236 98215 -8.448 0.166992187 1.67 -0.76 348.05 -283.75 -234.09 0.0 0.0 164.5187 -8.2183 0.0 167.0442 2 0 0 0 0
769257 98233 -8.467 -0.567382812 2.04 -0.48 393.05 -226.8 -283.35 0.0 0.0 162.9809 -8.5434 0.0 166.1915 2 0 0 0 0
769277 98249 -8.465 0.176269531 2.61 -0.56 419.02 -204.39 -306.52 0.0 0.0 161.6122 -8.9097 0.0 165.2545 2 0 0 0 0
769298 98249 -8.452 0.107421875 2.6 -0.32 401.86 -218.69 -303.96 0.0 0.0 161.6122 -9.2011 0.0 164.4578 2 0 0 0 0
769318 98247 -8.463 0.116699218 2.31 0.04 350.82 -294.15 -238.26 0.0 0.0 161.7813 -9.4153 0.0 163.826 2 0 0 0 0
769339 98242 -8.463 0.310546875 2.09 0.26 275.52 -413.05 -146.28 0.0 0.0 162.2093 -9.5446 0.0 163.3576 2 0 0 0 0
769359 98225 -8.454 0.2421875 1.67 0.38 205.15 -580.09 -45.0 0.0 0.0 163.6652 -9.52 0.0 163.2182 2 0 0 0 0
769380 98192 -8.446 0.100097656 1.48 0.42 174.18 -781.43 48.69 0.0 0.0 166.4873 -9.2585 0.0 163.5655 2 0 0 0 0
769400 98151 -8.452 -0.216308593 1.24 0.4 197.8 -995.95 98.02 0.0 0.0 169.9963 -8.744 0.0 164.4562 2 0 0 0 0
769421 98122 -8.463 -0.533691406 1.09 0.52 252.53 -999.02 81.52 0.0 0.0 172.48 -8.1021 0.0 165.6156 2 0 0 0 0
769441 98139 -8.463 -0.685546875 0.88 0.71 297.96 -999.02 -3.6 0.0 0.0 171.0241 -7.6694 0.0 166.3584 2 0 0 0 0
769462 98161 -8.459 -0.649902343 0.78 0.72 292.35 -999.02 -125.98 0.0 0.0 169.1401 -7.4469 0.0 166.6629 2 0 0 0 0
769482 98174 -8.454 -0.461425781 0.65 0.67 220.43 -999.02 -240.18 0.0 0.0 168.0277 -7.3377 0.0 166.7423 2 0 0 0 0
769503 98176 -8.487 -0.301269531 0.69 0.54 97.62 -999.02 -308.54 0.0 0.0 167.8586 -7.2484 0.0 166.7751 2 0 0 0 0
769523 98177 -8.465 -0.187011718 0.79 0.33 -41.62 -999.02 -308.29 0.0 0.0 167.7714 -7.1687 0.0 166.7968 2 0 0 0 0
769544 98184 -8.467 -0.255371093 0.81 0.17 -160.64 -999.02 -247.71 0.0 0.0 167.1716 -7.1387 0.0 166.709 2 0 0 0 0
769564 98216 -8.463 -0.478027343 0.81 -0.06 -233.57 -999.02 -152.65 0.0 0.0 164.4342 -7.3207 0.0 166.1856 2 0 0 0 0
769585 98235 -8.463 -0.679199218 0.8 -0.23 -253.35 -999.02 -50.79 0.0 0.0 162.8091 -7.5908 0.0 165.4667 2 0 0 0 0
769605 100001 -8.487 -1.269042968 0.33 -0.12 -43.17 -999.02 -88.66 0.0 0.0 12.8232 -19.8023 0.0 139.7777 2 0 0 0 0
769626 98173 -8.458 -1.483886718 -0.24 -1.09 107.44 -999.02 -237.1 0.0 0.0 168.1149 -17.5353 0.0 144.1049 3 0 0 0 0
769646 98169 -8.478 -1.974609375 0.33 -0.29 6.07 -999.02 -361.59 0.0 0.0 168.4558 -15.5872 0.0 147.8281 3 0 0 0 0
769667 98174 -8.471 -5.59375 15.87 2.75 152.87 -999.02 -5.06 0.0 0.0 168.0277 -13.9713 0.0 150.8818 3 0 0 0 0
769687 98186 -8.469 -1.357910156 2.31 0.87 194.09 -999.02 -1.28 0.0 0.0 167.0025 -12.6816 0.0 153.2994 3 0 0 0 0
769708 98186 -8.461 -0.897460937 0.43 0.75 151.04 -999.02 -83.02 0.0 0.0 167.0025 -11.5853 0.0 155.3267 3 0 0 0 0
769728 98198 -8.461 -0.431152343 0.09 0.67 71.07 -973.93 -153.08 0.0 0.0 165.9746 -10.7335 0.0 156.8764 3 0 0 0 0
769748 98212 -8.456 -0.24609375 0.16 0.77 -4.57 -947.9 -162.04 0.0 0.0 164.7777 -10.1014 0.0 157.9836 3 0 0 0 0
769769 98218 -8.459 -0.0546875 0.12 0.69 -39.57 -966.92 -145.0 0.0 0.0 164.2624 -9.5991 0.0 158.8224 3 0 0 0 0
769789 98229 -8.463 0.058105468 0.04 0.48 -60.49 -968.72 -105.91 0.0 0.0 163.3218 -9.2392 0.0 159.3832 3 0 0 0 0
769810 98236 -8.482 0.180664062 0.05 0.47 -88.29 -962.96 -58.93 0.0 0.0 162.7246 -8.9718 0.0 159.7484 3 0 0 0 0
769830 98228 -8.463 0.320800781 0.09 0.2 -105.79 -973.26 7.62 0.0 0.0 163.4089 -8.679 0.0 160.1814 3 0 0 0 0
769851 98228 -8.484 0.31640625 0.12 -0.14 -79.12 -950.06 67.53 0.0 0.0 163.4089 -8.4208 0.0 160.5394 3 0 0 0 0
769871 98249 -8.465 0.330078125 0.19 -0.28 -29.88 -889.21 102.96 0.0 0.0 161.6122 -8.335 0.0 160.5504 3 0 0 0 0
769892 98252 -8.465 0.29296875 1.07 -0.59 -8.93 -738.96 88.81 0.0 0.0 161.3559 -8.2705 0.0 160.5102 3 0 0 0 0
769912 98265 -8.486 0.525878906 1.04 -1.08 -54.91 -191.01 -127.1 0.0 0.0 160.2434 -8.2919 0.0 160.3002 3 0 0 0 0
769933 98264 -8.476 0.347167968 0.93 -0.83 -76.55 50.67 -199.3 0.0 0.0 160.328 -8.2896 0.0 160.1307 3 0 0 0 0
769953 98274 -8.473 0.252441406 2.69 -0.78 -122.71 879.6 -625.7 0.0 0.0 159.4719 -8.3424 0.0 159.8547 3 0 0 0 0
769974 98276 -8.471 -0.133300781 1.53 -0.23 130.37 991.19 -697.8 0.0 0.0 159.3028 -8.3865 0.0 159.5871 3 0 0 0 0
769994 98288 -8.467 -0.167480468 1.74 0.04 390.06 991.19 -582.74 0.0 0.0 158.2749 -8.4915 0.0 159.1999 3 0 0 0 0
770015 98288 -8.473 -0.08203125 3.45 0.7 482.2 991.19 -336.52 0.0 0.0 158.2749 -8.5655 0.0 158.8667 3 0 0 0 0
770035 98283 -8.458 0.122558593 2.05 0.68 315.18 816.13 -110.67 0.0 0.0 158.703 -8.5786 0.0 158.668 3 0 0 0 0
770056 98270 -8.473 0.206542968 0.96 0.5 152.01 652.47 -2.01 0.0 0.0 159.8154 -8.4868 0.0 158.6799 3 0 0 0 0
770076 98276 -8.48 0.171386718 0.47 0.44 60.52 611.4 31.86 0.0 0.0 159.3028 -8.437 0.0 158.6144 3 0 0 0 0
770097 98280 -8.459 0.19140625 0.87 0.33 -2.5 568.54 42.26 0.0 0.0 158.9593 -8.4094 0.0 158.495 3 0 0 0 0
770117 98289 -8.456 0.16796875 1.64 0.45 -137.41 480.18 -20.09 0.0 0.0 158.1904 -8.4337 0.0 158.2758 3 0 0 0 0
770138 98297 -8.471 0.325195312 1.44 0.27 -233.08 429.6 -115.43 0.0 0.0 157.506 -8.4953 0.0 157.9698 3 0 0 0 0
770158 98299 -8.456 -0.203613281 1.01 0.69 -254.27 431.46 -195.88 0.0 0.0 157.3343 -8.5462 0.0 157.6936 3 0 0 0 0
770179 98300 -8.458 -0.507324218 1.41 0.88 -239.21 437.56 -237.65 0.0 0.0 157.2497 -8.5817 0.0 157.4398 3 0 0 0 0
770199 98294 -8.458 -0.396972656 1.68 1.03 -202.87 397.9 -289.09 0.0 0.0 157.7623 -8.5559 0.0 157.3222 3 0 0 0 0
770220 98288 -8.476 -0.193359375 1.36 1.18 -143.81 330.0 -291.01 0.0 0.0 158.2749 -8.4797 0.0 157.302 3 0 0 0 0
770240 98309 -8.463 -0.118652343 1.04 1.15 -119.09 208.96 -199.76 0.0 0.0 156.4808 -8.5453 0.0 156.995 3 0 0 0 0
770260 98302 -8.467 -0.292480468 0.8 0.97 -140.95 122.23 -96.71 0.0 0.0 157.078 -8.5387 0.0 156.8379 3 0 0 0 0
770281 98298 -8.454 -0.541503906 0.8 0.88 -142.93 -36.8 36.59 0.0 0.0 157.4215 -8.492 0.0 156.7563 3 0 0 0 0
770301 98306 -8.469 -0.626464843 0.65 0.74 -103.45 -141.43 101.8 0.0 0.0 156.7371 -8.4936 0.0 156.5832 3 0 0 0 0
770322 98316 -8.48 -0.49609375 0.51 0.63 -58.08 -172.93 157.93 0.0 0.0 155.881 -8.5497 0.0 156.2873 3 0 0 0 0
770342 98327 -8.456 -0.378417968 0.6 0.58 -12.29 -121.92 195.24 0.0 0.0 154.943 -8.6573 0.0 155.8914 3 0 0 0 0
770363 98336 -8.465 -0.318847656 0.8 0.62 49.39 -40.82 234.15 0.0 0.0 154.1714 -8.7949 0.0 155.4217 3 0 0 0 0
770383 98339 -8.445 -0.291015625 0.66 0.61 91.16 33.35 253.6 0.0 0.0 153.9151 -8.9154 0.0 154.9938 3 0 0 0 0
770404 98344 -8.452 -0.301757812 0.63 0.62 106.68 99.6 256.43 0.0 0.0 153.4897 -9.0358 0.0 154.5548 3 0 0 0 0
770424 98354 -8.474 -0.259765625 0.51 0.64 90.91 132.44 253.84 0.0 0.0 152.6336 -9.1895 0.0 154.0527 3 0 0 0 0
770445 98358 -8.469 -0.198730468 0.38 0.63 56.31 155.95 247.62 0.0 0.0 152.2927 -9.3303 0.0 153.5651 3 0 0 0 0
770465 98361 -8.48 -0.122070312 0.28 0.63 10.91 185.98 243.99 0.0 0.0 152.0364 -9.4525 0.0 153.1227 3 0 0 0 0
770486 98361 -8.478 -0.049804687 0.21 0.64 -38.08 217.35 236.19 0.0 0.0 152.0364 -9.5395 0.0 152.7424 3 0 0 0 0
770506 98365 -8.482 -0.080566406 0.18 0.65 -84.33 256.74 218.2 0.0 0.0 151.6929 -9.6234 0.0 152.376 3 0 0 0 0
770527 98358 -8.463 -0.11328125 0.15 0.65 -124.09 303.23 185.06 0.0 0.0 152.2927 -9.6301 0.0 152.16 3 0 0 0 0
770547 98361 -8.463 -0.069335937 0.12 0.72 -158.6 351.62 143.63 0.0 0.0 152.0364 -9.64 0.0 151.9467 3 0 0 0 0
770568 98357 -8.478 -0.122070312 0.1 0.74 -189.76 387.26 104.48 0.0 0.0 152.3773 -9.6055 0.0 151.8163 3 0 0 0 0
770588 98353 -8.469 -0.255859375 0.13 0.77 -215.61 400.49 69.51 0.0 0.0 152.7208 -9.5332 0.0 151.7755 3 0 0 0 0
770609 98365 -8.445 -0.377929687 0.14 0.74 -230.4 388.93 36.49 0.0 0.0 151.6929 -9.5398 0.0 151.5615 3 0 0 0 0
770629 98348 -8.452 -0.584472656 0.14 0.66 -223.02 341.71 1.98 0.0 0.0 153.1462 -9.413 0.0 151.6358 3 0 0 0 0
770650 98336 -8.482 -0.695800781 0.05 0.51 -189.48 276.52 -50.91 0.0 0.0 154.1714 -9.2102 0.0 151.8626 3 0 0 0 0
770670 98354 -8.456 -0.572753906 0.11 0.6 -142.2 191.07 -92.38 0.0 0.0 152.6336 -9.1485 0.0 151.8074 3 0 0 0 0
770691 98364 -8.469 -0.470703125 0.11 0.61 -101.59 91.74 -107.47 0.0 0.0 151.7801 -9.1507 0.0 151.6107 3 0 0 0 0
770711 98360 -8.459 -0.482910156 0.11 0.51 -47.2 -32.44 -104.91 0.0 0.0 152.121 -9.1098 0.0 151.513 3 0 0 0 0
770732 98375 -8.469 -0.379882812 0.1 0.66 -7.23 -148.38 -95.34 0.0 0.0 150.8394 -9.1637 0.0 151.209 3 0 0 0 0
770752 98376 -8.458 -0.391601562 0.09 0.55 29.45 -244.57 -94.57 0.0 0.0 150.7549 -9.2 0.0 150.9497 3 0 0 0 0
770772 98389 -8.458 -0.35546875 0.08 0.58 63.45 -316.68 -96.98 0.0 0.0 149.6425 -9.3046 0.0 150.547 3 0 0 0 0
770793 98385 -8.458 -0.370117187 0.1 0.55 98.38 -354.79 -108.23 0.0 0.0 149.986 -9.3495 0.0 150.2577 3 0 0 0 0
770813 98399 -8.458 -0.329101562 0.11 0.53 142.99 -355.67 -130.06 0.0 0.0 148.789 -9.467 0.0 149.825 3 0 0 0 0
770834 98404 -8.465 -0.30078125 0.15 0.52 174.91 -323.45 -158.93 0.0 0.0 148.3609 -9.5841 0.0 149.3811 3 0 0 0 0
770854 98407 -8.463 -0.180175781 0.2 0.52 198.9 -270.73 -185.0 0.0 0.0 148.1046 -9.6863 0.0 148.9759 3 0 0 0 0
770875 98411 -8.456 -0.131347656 0.26 0.54 218.38 -205.37 -212.62 0.0 0.0 147.7638 -9.7832 0.0 148.5696 3 0 0 0 0
770895 98420 -8.458 -0.151855468 0.34 0.61 227.71 -146.43 -231.31 0.0 0.0 146.9949 -9.9092 0.0 148.1105 3 0 0 0 0
770916 98428 -8.458 -0.094238281 0.44 0.65 233.69 -103.57 -242.74 0.0 0.0 146.3105 -10.0532 0.0 147.6011 3 0 0 0 0
770936 98432 -8.467 -0.094726562 0.59 0.74 237.53 -94.3 -244.24 0.0 0.0 145.9696 -10.1837 0.0 147.1271 3 0 0 0 0
770957 98437 -8.463 -0.063476562 0.58 0.8 229.33 -107.07 -249.24 0.0 0.0 145.5442 -10.3104 0.0 146.6483 3 0 0 0 0
770977 98437 -8.458 -0.153320312 0.65 0.86 199.66 -135.73 -237.38 0.0 0.0 145.5442 -10.3987 0.0 146.2574 3 0 0 0 0
770998 98434 -8.446 -0.301269531 0.54 0.8 163.26 -173.35 -234.02 0.0 0.0 145.8005 -10.4352 0.0 145.9625 3 0 0 0 0
771018 98428 -8.45 -0.385742187 0.47 0.72 133.51 -202.04 -257.77 0.0 0.0 146.3105 -10.4074 0.0 145.8121 3 0 0 0 0
771039 98427 -8.463 -0.483886718 0.58 0.7 113.93 -241.16 -299.51 0.0 0.0 146.3977 -10.3605 0.0 145.6915 3 0 0 0 0
771059 98424 -8.469 -0.568847656 0.52 0.65 94.36 -300.82 -330.67 0.0 0.0 146.654 -10.2835 0.0 145.6453 3 0 0 0 0
771080 98440 -8.458 -0.719238281 0.43 0.58 57.2 -357.13 -347.9 0.0 0.0 145.2879 -10.3121 0.0 145.3696 3 0 0 0 0
771100 98432 -8.465 -0.627441406 0.44 0.67 15.58 -412.5 -370.43 0.0 0.0 145.9696 -10.2641 0.0 145.2637 3 0 0 0 0
771121 98432 -8.478 -0.620605468 0.47 0.74 -15.7 -468.87 -376.49 0.0 0.0 145.9696 -10.2076 0.0 145.1663 3 0 0 0 0
771141 98434 -8.445 -0.403320312 0.44 0.79 -45.49 -474.21 -388.11 0.0 0.0 145.8005 -10.1569 0.0 145.0683 3 0 0 0 0
771162 98435 -8.452 -0.011230469 0.39 0.9 -58.05 -437.65 -370.06 0.0 0.0 145.7133 -10.1053 0.0 144.963 3 0 0 0 0
771182 98448 -8.456 0.151367187 0.37 0.84 -76.34 -374.27 -314.45 0.0 0.0 144.6036 -10.1341 0.0 144.7007 3 0 0 0 0
771203 98460 -8.454 0.233886718 0.29 0.8 -68.93 -268.57 -233.66 0.0 0.0 143.5783 -10.2239 0.0 144.3 3 0 0 0 0
771223 98471 -8.458 0.225097656 0.21 0.76 -62.32 -163.84 -150.55 0.0 0.0 142.6403 -10.3566 0.0 143.8179 3 0 0 0 0
771244 98486 -8.448 0.16796875 0.25 0.72 -32.01 -59.91 -63.57 0.0 0.0 141.3588 -10.5534 0.0 143.1888 3 0 0 0 0
771264 98475 -8.463 0.069335937 0.2 0.75 -7.68 28.99 11.8 0.0 0.0 142.2995 -10.6245 0.0 142.8289 3 0 0 0 0
771284 98473 -8.474 -0.029296875 0.22 0.78 21.68 112.62 87.26 0.0 0.0 142.4686 -10.6533 0.0 142.5561 3 0 0 0 0
771305 98484 -8.465 -0.122070312 0.31 0.81 34.21 172.62 153.84 0.0 0.0 141.5305 -10.7354 0.0 142.1608 3 0 0 0 0
771325 98492 -8.458 -0.079101562 0.52 0.84 54.36 226.8 235.34 0.0 0.0 140.8462 -10.8405 0.0 141.7261 3 0 0 0 0
771346 98498 -8.45 -0.154296875 0.77 0.91 69.42 258.96 328.38 0.0 0.0 140.3362 -10.9517 0.0 141.2658 3 0 0 0 0
771366 98491 -8.461 -0.216796875 1.07 0.89 74.05 295.67 408.72 0.0 0.0 140.9334 -10.9783 0.0 140.9912 3 0 0 0 0
771387 98497 -8.443 -0.290527343 1.42 0.95 57.2 347.23 459.21 0.0 0.0 140.4208 -11.024 0.0 140.6652 3 0 0 0 0
771407 98498 -8.448 -0.264648437 1.33 0.85 16.22 429.42 454.39 0.0 0.0 140.3362 -11.0503 0.0 140.3897 3 0 0 0 0
771428 98505 -8.448 -0.246582031 1.36 0.82 -32.32 551.68 391.19 0.0 0.0 139.7364 -11.1025 0.0 140.0483 3 0 0 0 0
771448 98510 -8.463 -0.353027343 1.01 0.76 -66.31 724.3 278.02 0.0 0.0 139.311 -11.1615 0.0 139.7029 3 0 0 0 0
771469 98501 -8.467 -0.60546875 0.98 0.79 -53.54 897.07 148.14 0.0 0.0 140.0799 -11.1314 0.0 139.5316 3 0 0 0 0
771489 98485 -8.461 -0.64453125 1.06 0.91 36.86 966.01 67.71 0.0 0.0 141.4434 -10.9784 0.0 139.6288 3 0 0 0 0
771510 98505 -8.441 -0.701660156 1.12 1.0 93.57 897.5 94.66 0.0 0.0 139.7364 -10.9698 0.0 139.4163 3 0 0 0 0
771530 98504 -8.452 -0.819335937 1.29 0.16 171.34 758.96 151.95 0.0 0.0 139.8236 -10.9372 0.0 139.265 3 0 0 0 0
771551 98518 -8.437 -0.647949218 1.45 0.16 227.99 588.87 246.71 0.0 0.0 138.6266 -10.9883 0.0 138.9285 3 0 0 0 0
771571 98536 -8.448 -0.893066406 1.97 0.41 206.49 467.26 334.51 0.0 0.0 137.0914 -11.1353 0.0 138.4014 3 0 0 0 0
771592 98567 -8.445 -0.750488281 1.64 0.2 153.57 355.76 379.51 0.0 0.0 134.4465 -11.4516 0.0 137.5056 3 0 0 0 0
771612 98576 -8.448 -0.594726562 1.67 -0.0 91.4 260.27 391.46 0.0 0.0 133.6802 -11.7577 0.0 136.6366 3 0 0 0 0
771633 98566 -8.467 -0.341796875 1.49 -0.21 24.97 208.41 379.79 0.0 0.0 134.531 -11.9261 0.0 136.0372 3 0 0 0 0
771653 98557 -8.471 -0.104980468 1.53 -0.28 -54.45 209.51 346.77 0.0 0.0 135.3 -11.9851 0.0 135.6754 3 0 0 0 0
771674 98556 -8.454 -0.103027343 1.31 -0.46 -118.29 278.35 281.71 0.0 0.0 135.3845 -12.0084 0.0 135.375 3 0 0 0 0
771694 98557 -8.43 0.104492187 1.03 -0.38 -175.15 383.63 200.79 0.0 0.0 135.3 -12.0144 0.0 135.1223 3 0 0 0 0
771715 98551 -8.435 0.226074218 1.04 -0.17 -205.85 500.43 113.11 0.0 0.0 135.8126 -11.9592 0.0 134.9855 3 0 0 0 0
771735 98566 -8.443 0.197265625 0.86 -0.16 -193.72 628.11 16.13 0.0 0.0 134.531 -11.9955 0.0 134.6703 3 0 0 0 0
771756 98547 -8.456 0.118164062 0.89 0.38 -155.06 781.55 -69.73 0.0 0.0 136.1534 -11.8769 0.0 134.6666 3 0 0 0 0
771776 98555 -8.471 -0.056152343 0.83 0.4 -73.78 864.94 -109.21 0.0 0.0 135.4691 -11.8127 0.0 134.5634 3 0 0 0 0
771796 98573 -8.446 -0.089355468 0.76 0.37 -2.13 900.98 -102.26 0.0 0.0 133.9339 -11.863 0.0 134.2218 3 0 0 0 0
771817 98592 -8.459 -0.275878906 0.75 0.52 33.02 892.32 -81.65 0.0 0.0 132.3141 -12.0156 0.0 133.6533 3 0 0 0 0
771837 98596 -8.443 -0.429199218 0.5 0.48 46.92 853.14 -44.48 0.0 0.0 131.9733 -12.15 0.0 133.132 3 0 0 0 0
771858 98602 -8.459 -0.444824218 0.39 0.39 40.24 820.24 -9.88 0.0 0.0 131.4607 -12.2837 0.0 132.5971 3 0 0 0 0
771878 98592 -8.454 -0.436035156 0.58 0.42 17.1 768.05 11.34 0.0 0.0 132.3141 -12.3064 0.0 132.3041 3 0 0 0 0
771899 98584 -8.461 -0.362792968 0.64 0.51 -23.63 677.77 14.63 0.0 0.0 132.9959 -12.251 0.0 132.1614 3 0 0 0 0
771919 98576 -8.441 -0.38671875 0.66 0.43 -56.89 574.88 -1.77 0.0 0.0 133.6802 -12.1295 0.0 132.1705 3 0 0 0 0
771940 98578 -8.45 -0.410644531 0.73 0.33 -86.07 474.09 -30.37 0.0 0.0 133.5085 -12.0225 0.0 132.1397 3 0 0 0 0
771960 98582 -8.459 -0.419921875 0.67 0.24 -117.53 374.82 -63.81 0.0 0.0 133.1676 -11.9403 0.0 132.0712 3 0 0 0 0
771981 98593 -8.452 -0.476074218 0.73 0.12 -140.88 302.41 -93.6 0.0 0.0 132.2296 -11.9276 0.0 131.847 3 0 0 0 0
772001 98580 -8.456 -0.528320312 0.76 0.08 -173.35 230.79 -111.28 0.0 0.0 133.3367 -11.8084 0.0 131.8577 3 0 0 0 0
772022 98581 -8.443 -0.671875 0.88 -0.11 -177.71 163.81 -122.1 0.0 0.0 133.2522 -11.6969 0.0 131.8431 3 0 0 0 0
772042 98580 -8.463 -0.740234375 0.8 0.03 -173.29 102.44 -125.24 0.0 0.0 133.3367 -11.5774 0.0 131.859 3 0 0 0 0
772063 98584 -8.458 -0.799316406 0.93 0.07 -131.62 28.2 -124.27 0.0 0.0 132.9959 -11.4864 0.0 131.8062 3 0 0 0 0
772083 98579 -8.484 -0.845214843 0.91 0.31 -88.29 -54.54 -105.98 0.0 0.0 133.4239 -11.357 0.0 131.8471 3 0 0 0 0
772104 98601 -8.45 -0.909179687 1.12 0.59 -80.52 -166.55 -44.24 0.0 0.0 131.5479 -11.3809 0.0 131.5585 3 0 0 0 0
772124 98613 -8.441 -0.84765625 1.07 0.54 -101.28 -257.13 27.99 0.0 0.0 130.5226 -11.4638 0.0 131.1576 3 0 0 0 0
772145 98621 -8.456 -0.765136718 0.73 0.5 -113.96 -308.29 113.38 0.0 0.0 129.8409 -11.5691 0.0 130.6965 3 0 0 0 0
772165 98633 -8.439 -0.756835937 0.95 0.52 -109.3 -300.0 187.84 0.0 0.0 128.8183 -11.7194 0.0 130.1509 3 0 0 0 0
772186 98628 -8.446 -0.677734375 0.7 0.46 -91.28 -276.71 238.66 0.0 0.0 129.2438 -11.792 0.0 129.7529 3 0 0 0 0
772206 98623 -8.459 -0.275390625 0.83 0.72 -72.77 -246.62 278.75 0.0 0.0 129.6692 -11.7987 0.0 129.5031 3 0 0 0 0
772227 98648 -8.461 -0.518066406 0.99 0.56 -63.35 -218.84 339.02 0.0 0.0 127.5395 -11.9558 0.0 128.9266 3 0 0 0 0
772247 98649 -8.443 -0.706542968 1.23 0.54 -20.55 -192.38 344.05 0.0 0.0 127.4523 -12.0737 0.0 128.4409 3 0 0 0 0
772268 98647 -8.446 -0.593261718 1.74 0.64 27.9 -139.12 315.61 0.0 0.0 127.624 -12.1391 0.0 128.0506 3 0 0 0 0
772288 98643 -8.435 -0.415039062 1.5 0.64 51.46 -79.33 267.29 0.0 0.0 127.9649 -12.1459 0.0 127.7935 3 0 0 0 0
772308 98650 -8.446 -0.203613281 0.84 0.6 41.68 -37.07 209.3 0.0 0.0 127.3677 -12.18 0.0 127.4793 3 0 0 0 0
772329 98651 -8.443 -0.166503906 0.52 0.59 14.48 -14.63 150.55 0.0 0.0 127.2832 -12.1957 0.0 127.1907 3 0 0 0 0
772349 98652 -8.454 -0.115234375 0.92 0.62 -20.4 4.21 93.51 0.0 0.0 127.1986 -12.195 0.0 126.9481 3 0 0 0 0
772370 98652 -8.456 -0.062011718 0.86 0.64 -64.15 8.57 39.91 0.0 0.0 127.1986 -12.175 0.0 126.7339 3 0 0 0 0
772390 98660 -8.441 0.040039062 0.88 0.65 -101.04 19.24 -0.85 0.0 0.0 126.5143 -12.1926 0.0 126.4537 3 0 0 0 0
772411 98665 -8.45 0.081542968 1.03 0.7 -133.11 26.07 -21.01 0.0 0.0 126.0888 -12.2218 0.0 126.1366 3 0 0 0 0
772431 98667 -8.439 0.279296875 0.97 0.68 -152.01 38.93 -1.07 0.0 0.0 125.9197 -12.2391 0.0 125.8559 3 0 0 0 0
772452 98676 -8.465 0.328613281 0.9 0.68 -168.32 59.63 46.07 0.0 0.0 125.1508 -12.2955 0.0 125.4808 3 0 0 0 0
772472 98674 -8.459 0.258300781 0.68 0.66 -179.33 86.46 118.57 0.0 0.0 125.3226 -12.3082 0.0 125.2084 3 0 0 0 0
772493 98676 -8.448 0.043457031 0.64 0.7 -188.02 130.21 171.62 0.0 0.0 125.1508 -12.3128 0.0 124.9403 3 0 0 0 0
772513 98677 -8.452 -0.340332031 1.03 0.84 -191.22 209.24 171.89 0.0 0.0 125.0663 -12.3027 0.0 124.7151 3 0 0 0 0
772534 98692 -8.456 -0.08984375 0.98 0.76 -166.07 297.01 172.04 0.0 0.0 123.7874 -12.3769 0.0 124.3015 3 0 0 0 0
772554 98685 -8.446 -0.153320312 0.69 0.62 -138.02 368.2 170.52 0.0 0.0 124.3845 -12.3703 0.0 124.0678 3 0 0 0 0
772575 98690 -8.435 -0.335449218 0.76 0.6 -102.8 457.26 162.47 0.0 0.0 123.9591 -12.379 0.0 123.7899 3 0 0 0 0
772595 98703 -8.448 -0.366699218 0.54 0.56 -68.81 545.09 160.06 0.0 0.0 122.8494 -12.4542 0.0 123.3849 3 0 0 0 0
772616 98697 -8.458 -0.474609375 0.61 0.53 -41.04 592.62 165.3 0.0 0.0 123.362 -12.4561 0.0 123.1196 3 0 0 0 0
772636 98694 -8.461 -0.57421875 0.84 0.52 9.91 619.15 191.92 0.0 0.0 123.6183 -12.4162 0.0 122.9539 3 0 0 0 0
772657 98696 -8.445 -0.597167968 0.93 0.56 65.95 590.21 244.33 0.0 0.0 123.4465 -12.3768 0.0 122.7756 3 0 0 0 0
772677 98709 -8.433 -0.624023437 1.2 0.57 119.05 509.6 319.91 0.0 0.0 122.3394 -12.4116 0.0 122.4551 3 0 0 0 0
772698 98714 -8.441 -0.622070312 1.35 0.56 165.82 384.12 409.24 0.0 0.0 121.914 -12.4549 0.0 122.1039 3 0 0 0 0
772718 98724 -8.45 -0.673339843 1.62 0.51 205.58 279.24 484.7 0.0 0.0 121.0605 -12.5384 0.0 121.6802 3 0 0 0 0
772739 98728 -8.45 -0.727050781 1.79 0.35 240.88 259.51 528.48 0.0 0.0 120.7196 -12.6153 0.0 121.2561 3 0 0 0 0
772759 98739 -8.428 -0.592285156 1.64 0.09 245.61 304.3 538.66 0.0 0.0 119.7843 -12.733 0.0 120.7576 3 0 0 0 0
772780 98755 -8.446 -0.624023437 1.71 0.16 214.36 402.04 521.4 0.0 0.0 118.4208 -12.9199 0.0 120.0991 3 0 0 0 0
772800 98767 -8.441 -0.53125 1.65 -0.05 151.77 536.37 488.54 0.0 0.0 117.3983 -13.136 0.0 119.3888 3 0 0 0 0
772820 98761 -8.454 -0.397949218 1.35 -0.2 71.49 691.74 447.44 0.0 0.0 117.9082 -13.2545 0.0 118.8784 3 0 0 0 0
772841 98748 -8.432 -0.307617187 0.99 -0.27 -19.48 850.09 396.28 0.0 0.0 119.018 -13.2433 0.0 118.6234 3 0 0 0 0
772861 98739 -8.437 -0.173828125 0.68 -0.22 -110.73 975.64 334.51 0.0 0.0 119.7843 -13.1504 0.0 118.5528 3 0 0 0 0
772882 98737 -8.443 -0.046386718 0.52 0.03 -193.08 991.19 257.74 0.0 0.0 119.9534 -13.0384 0.0 118.511 3 0 0 0 0
772902 98730 -8.446 -0.223632812 0.39 0.71 -252.84 991.19 163.66 0.0 0.0 120.5505 -12.8752 0.0 118.5915 3 0 0 0 0
772923 98743 -8.443 -0.416992187 0.54 0.88 -289.48 991.19 35.67 0.0 0.0 119.4434 -12.8071 0.0 118.4637 3 0 0 0 0
772943 98743 -8.454 -0.200683593 0.51 0.99 -248.69 991.19 -57.16 0.0 0.0 119.4434 -12.7287 0.0 118.3715 3 0 0 0 0
772964 98754 -8.454 -0.3515625 0.47 1.08 -211.98 991.19 -74.54 0.0 0.0 118.5054 -12.718 0.0 118.1266 3 0 0 0 0
772984 98748 -8.465 -0.749023437 0.44 0.9 -201.31 967.32 -59.97 0.0 0.0 119.018 -12.6466 0.0 118.0214 3 0 0 0 0
773005 98740 -8.435 -0.969726562 0.6 0.69 -173.35 798.6 -73.78 0.0 0.0 119.6971 -12.5126 0.0 118.0363 3 0 0 0 0
773025 98750 -8.452 -0.729492187 0.39 0.44 -144.66 611.37 -65.82 0.0 0.0 118.8462 -12.4478 0.0 117.9215 3 0 0 0 0
773046 98760 -8.456 -0.619140625 0.47 0.39 -140.06 449.7 -39.63 0.0 0.0 117.9954 -12.4419 0.0 117.6725 3 0 0 0 0
773066 98761 -8.452 -0.561035156 0.4 0.2 -143.32 297.01 -14.66 0.0 0.0 117.9082 -12.423 0.0 117.4631 3 0 0 0 0
773087 98763 -8.448 -0.522460937 0.39 0.12 -141.07 174.73 9.05 0.0 0.0 117.7391 -12.4009 0.0 117.2484 3 0 0 0 0
773107 98771 -8.445 -0.502929687 0.35 0.09 -141.49 83.05 34.91 0.0 0.0 117.0574 -12.4162 0.0 116.9684 3 0 0 0 0
773128 98780 -8.458 -0.505859375 0.42 0.1 -137.84 7.35 62.77 0.0 0.0 116.2911 -12.4704 0.0 116.5943 3 0 0 0 0
773148 98778 -8.435 -0.507324218 0.38 0.04 -127.07 -46.74 92.93 0.0 0.0 116.4602 -12.4811 0.0 116.3225 3 0 0 0 0
773169 98788 -8.456 -0.522949218 0.36 0.08 -117.47 -76.04 113.57 0.0 0.0 115.6094 -12.5382 0.0 115.941 3 0 0 0 0
773189 98785 -8.448 -0.548339843 0.34 0.06 -102.96 -95.34 129.18 0.0 0.0 115.8657 -12.5442 0.0 115.6777 3 0 0 0 0
773210 98789 -8.45 -0.543945312 0.37 0.05 -86.43 -113.05 141.04 0.0 0.0 115.5248 -12.5564 0.0 115.3886 3 0 0 0 0
773230 98789 -8.454 -0.613769531 0.57 0.12 -66.98 -136.22 159.6 0.0 0.0 115.5248 -12.5455 0.0 115.1603 3 0 0 0 0
773251 98797 -8.446 -0.672363281 0.89 0.23 -44.3 -180.79 195.82 0.0 0.0 114.8431 -12.5709 0.0 114.8438 3 0 0 0 0
773271 98806 -8.448 -0.7265625 1.03 0.28 -22.71 -253.48 233.41 0.0 0.0 114.0769 -12.6323 0.0 114.464 3 0 0 0 0
773292 98815 -8.432 -0.818847656 1.55 0.48 4.51 -348.69 276.55 0.0 0.0 113.3106 -12.7245 0.0 114.0057 3 0 0 0 0
773312 98823 -8.459 -0.791992187 1.4 0.52 33.78 -455.76 317.74 0.0 0.0 112.6289 -12.8347 0.0 113.5209 3 0 0 0 0
773332 98831 -8.439 -0.70703125 1.27 0.49 72.13 -520.12 320.52 0.0 0.0 111.9498 -12.9604 0.0 113.0013 3 0 0 0 0
773353 98842 -8.459 -0.349121093 1.59 0.7 104.18 -555.15 325.88 0.0 0.0 111.0118 -13.1195 0.0 112.3961 3 0 0 0 0
773373 98838 -8.456 -0.504394531 1.56 0.5 133.6 -544.51 318.23 0.0 0.0 111.3526 -13.203 0.0 111.9592 3 0 0 0 0
773394 98838 -8.441 -0.489746093 1.56 0.57 168.75 -540.49 283.29 0.0 0.0 111.3526 -13.2515 0.0 111.5804 3 0 0 0 0
773414 98830 -8.452 -0.318847656 1.77 0.57 201.95 -553.78 250.73 0.0 0.0 112.0343 -13.2152 0.0 111.3913 3 0 0 0 0
773435 98833 -8.45 -0.2109375 1.97 0.56 232.29 -569.36 213.99 0.0 0.0 111.778 -13.1843 0.0 111.1785 3 0 0 0 0
773455 98824 -8.437 -0.071289062 1.83 0.44 263.11 -574.02 173.54 0.0 0.0 112.5443 -13.075 0.0 111.1433 3 0 0 0 0
773476 98825 -8.443 0.066894531 1.71 0.4 289.6 -567.84 121.28 0.0 0.0 112.4598 -12.9697 0.0 111.0891 3 0 0 0 0
773496 98836 -8.443 0.221679687 1.59 0.27 293.08 -548.05 66.07 0.0 0.0 111.5244 -12.9349 0.0 110.9025 3 0 0 0 0
773517 98842 -8.443 0.117675781 1.58 -0.06 277.59 -523.93 17.47 0.0 0.0 111.0118 -12.9261 0.0 110.6492 3 0 0 0 0
773537 98839 -8.458 -0.129394531 1.53 -0.36 271.92 -505.61 -58.08 0.0 0.0 111.2681 -12.8766 0.0 110.4942 3 0 0 0 0
773558 98848 -8.461 -0.141601562 1.29 -0.46 255.46 -484.6 -137.68 0.0 0.0 110.5018 -12.876 0.0 110.2251 3 0 0 0 0
773578 98861 -8.458 0.168457031 1.26 -0.42 226.19 -481.28 -181.95 0.0 0.0 109.3947 -12.9425 0.0 109.8286 3 0 0 0 0
773599 98881 -8.432 -0.130859375 1.02 -0.47 193.41 -499.97 -195.18 0.0 0.0 107.693 -13.1133 0.0 109.1994 3 0 0 0 0
773619 98892 -8.443 -0.492675781 0.76 -0.45 156.16 -533.2 -239.21 0.0 0.0 106.7576 -13.3086 0.0 108.5286 3 0 0 0 0
773640 98895 -8.446 -0.471191406 0.59 -0.37 111.86 -571.13 -273.17 0.0 0.0 106.5013 -13.4708 0.0 107.9098 3 0 0 0 0
773660 98892 -8.417 -0.55078125 0.43 -0.25 61.37 -610.0 -284.15 0.0 0.0 106.7576 -13.563 0.0 107.4476 3 0 0 0 0
773681 98882 -8.445 -0.581054687 0.33 -0.2 10.82 -641.62 -285.95 0.0 0.0 107.6085 -13.5501 0.0 107.1897 3 0 0 0 0
773701 98864 -8.454 -0.6328125 0.42 -0.06 -38.32 -665.55 -266.25 0.0 0.0 109.141 -13.394 0.0 107.2452 3 0 0 0 0
773722 98857 -8.441 -0.711914062 0.96 0.04 -53.69 -655.24 -194.6 0.0 0.0 109.7355 -13.1948 0.0 107.3807 3 0 0 0 0
773742 98859 -8.445 -0.567871093 0.51 0.08 -12.5 -599.27 -92.93 0.0 0.0 109.5664 -13.0199 0.0 107.4825 3 0 0 0 0
773763 98858 -8.443 -0.487792968 0.32 0.09 27.8 -544.79 -34.42 0.0 0.0 109.651 -12.8465 0.0 107.572 3 0 0 0 0
773783 98856 -8.43 -0.465332031 0.42 0.14 92.96 -470.95 13.75 0.0 0.0 109.8201 -12.6666 0.0 107.6912 3 0 0 0 0
773804 98858 -8.454 -0.404296875 0.43 0.17 196.46 -354.85 50.79 0.0 0.0 109.651 -12.5098 0.0 107.7532 3 0 0 0 0
773824 98852 -8.448 -0.345214843 0.38 0.25 276.43 -270.18 60.55 0.0 0.0 110.1609 -12.3172 0.0 107.9058 3 0 0 0 0
773844 98859 -8.441 -0.2890625 0.38 0.32 336.19 -211.22 63.45 0.0 0.0 109.5664 -12.1844 0.0 107.9373 3 0 0 0 0
773865 98862 -8.43 -0.283691406 0.45 0.34 381.04 -163.11 55.82 0.0 0.0 109.3101 -12.0745 0.0 107.9112 3 0 0 0 0
773885 98866 -8.45 -0.252929687 0.47 0.35 415.79 -120.95 43.38 0.0 0.0 108.9692 -11.9899 0.0 107.8467 3 0 0 0 0
773906 98877 -8.446 -0.240234375 0.5 0.35 433.99 -87.5 29.94 0.0 0.0 108.0339 -11.9749 0.0 107.6263 3 0 0 0 0
773926 98888 -8.439 -0.229980468 0.56 0.35 440.06 -64.02 18.05 0.0 0.0 107.0985 -12.0172 0.0 107.2985 3 0 0 0 0
773947 98905 -8.469 -0.244140625 0.73 0.36 441.95 -37.38 2.32 0.0 0.0 105.6505 -12.149 0.0 106.7703 3 0 0 0 0
773967 98915 -8.446 -0.213378906 1.04 0.46 437.84 -2.32 -14.48 0.0 0.0 104.7997 -12.3066 0.0 106.1976 3 0 0 0 0
773988 98925 -8.456 -0.249023437 0.93 0.46 410.52 17.26 -20.21 0.0 0.0 103.9488 -12.4865 0.0 105.5628 3 0 0 0 0
774008 98925 -8.454 -0.229492187 0.79 0.47 368.66 16.1 -23.99 0.0 0.0 103.9488 -12.6157 0.0 105.043 3 0 0 0 0
774029 98914 -8.448 -0.259277343 0.66 0.38 345.09 -1.46 -34.45 0.0 0.0 104.8842 -12.6284 0.0 104.7515 3 0 0 0 0
774049 98913 -8.459 -0.274902343 0.54 0.27 335.91 -31.16 -48.78 0.0 0.0 104.9714 -12.6108 0.0 104.5358 3 0 0 0 0
774070 98913 -8.456 -0.306152343 0.52 0.21 326.31 -68.2 -64.18 0.0 0.0 104.9714 -12.5759 0.0 104.3439 3 0 0 0 0
774090 98910 -8.445 -0.355957031 0.48 0.19 314.6 -116.89 -80.0 0.0 0.0 105.2251 -12.5054 0.0 104.2398 3 0 0 0 0
774111 98916 -8.443 -0.416015625 0.43 0.18 301.28 -175.3 -96.68 0.0 0.0 104.7151 -12.4674 0.0 104.0567 3 0 0 0 0
774131 98916 -8.445 -0.509277343 0.39 0.22 284.97 -242.1 -116.59 0.0 0.0 104.7151 -12.4147 0.0 103.9175 3 0 0 0 0
774152 98913 -8.454 -0.638671875 0.32 0.29 248.11 -316.34 -150.3 0.0 0.0 104.9714 -12.3304 0.0 103.8332 3 0 0 0 0
774172 98916 -8.452 -0.698730468 0.27 0.28 175.4 -393.38 -193.78 0.0 0.0 104.7151 -12.2599 0.0 103.7341 3 0 0 0 0
774193 98910 -8.435 -0.7109375 0.46 -0.14 97.74 -483.05 -208.93 0.0 0.0 105.2251 -12.1406 0.0 103.7262 3 0 0 0 0
774213 98911 -8.459 -0.912109375 0.4 -0.01 54.18 -556.95 -207.01 0.0 0.0 105.1405 -12.0274 0.0 103.72 3 0 0 0 0
774234 98924 -8.433 -0.873535156 0.3 0.44 -1.19 -586.34 -205.0 0.0 0.0 104.036 -12.0022 0.0 103.5204 3 0 0 0 0
774254 98927 -8.446 -0.861816406 0.29 0.5 -65.82 -591.4 -184.36 0.0 0.0 103.7797 -11.9814 0.0 103.3237 3 0 0 0 0
774275 98916 -8.428 -0.841308593 0.3 0.43 -93.99 -575.55 -158.9 0.0 0.0 104.7151 -11.8701 0.0 103.305 3 0 0 0 0
774295 98938 -8.45 -0.781738281 0.2 0.48 -94.3 -544.24 -165.27 0.0 0.0 102.8444 -11.9069 0.0 102.9905 3 0 0 0 0
774316 98949 -8.441 -0.495117187 0.18 0.59 -107.8 -503.99 -163.51 0.0 0.0 101.909 -11.9935 0.0 102.5595 3 0 0 0 0
774336 98952 -8.441 -0.281738281 0.14 0.6 -126.86 -465.15 -151.77 0.0 0.0 101.6527 -12.066 0.0 102.1679 3 0 0 0 0
774356 98956 -8.435 -0.244140625 0.15 0.52 -143.38 -425.43 -131.92 0.0 0.0 101.3144 -12.1343 0.0 101.7838 3 0 0 0 0
774377 98967 -8.439 -0.184082031 0.16 0.47 -140.12 -364.51 -115.3 0.0 0.0 100.3791 -12.2467 0.0 101.2938 3 0 0 0 0
774397 98971 -8.445 -0.077148437 0.18 0.45 -125.73 -283.72 -103.75 0.0 0.0 100.0382 -12.3471 0.0 100.8388 3 0 0 0 0
774418 98971 -8.452 -0.029296875 0.34 0.39 -80.24 -175.03 -106.77 0.0 0.0 100.0382 -12.4112 0.0 100.4455 3 0 0 0 0
774438 98970 -8.454 0.004394531 0.6 0.39 20.98 11.28 -145.3 0.0 0.0 100.1228 -12.437 0.0 100.1433 3 0 0 0 0
774459 98969 -8.465 0.024902343 0.41 0.48 96.46 108.96 -164.21 0.0 0.0 100.2073 -12.4319 0.0 99.8928 3 0 0 0 0
774479 98969 -8.443 0.004882812 0.28 0.48 142.84 125.37 -163.29 0.0 0.0 100.2073 -12.4067 0.0 99.6968 3 0 0 0 0
774500 98967 -8.443 -0.024414062 0.3 0.48 173.51 139.54 -153.29 0.0 0.0 100.3791 -12.3521 0.0 99.5505 3 0 0 0 0
774520 98969 -8.441 -0.049804687 0.27 0.5 197.13 147.9 -138.32 0.0 0.0 100.2073 -12.2996 0.0 99.4133 3 0 0 0 0
774541 98982 -8.446 -0.090332031 0.26 0.49 210.88 162.41 -121.43 0.0 0.0 99.1028 -12.3244 0.0 99.1031 3 0 0 0 0
774561 98987 -8.459 -0.137207031 0.23 0.5 215.7 173.51 -102.87 0.0 0.0 98.6774 -12.3585 0.0 98.7854 3 0 0 0 0
774582 98999 -8.45 -0.168457031 0.22 0.53 210.52 170.18 -87.65 0.0 0.0 97.6575 -12.4487 0.0 98.3371 3 0 0 0 0
774602 99002 -8.437 -0.190917968 0.17 0.53 195.37 158.57 -75.15 0.0 0.0 97.4012 -12.5236 0.0 97.9315 3 0 0 0 0
774623 99001 -8.45 -0.303222656 0.12 0.56 171.68 147.56 -73.63 0.0 0.0 97.4857 -12.5592 0.0 97.5939 3 0 0 0 0
774643 99006 -8.456 -0.379882812 0.07 0.6 140.0 131.59 -79.54 0.0 0.0 97.063 -12.6017 0.0 97.2539 3 0 0 0 0
774664 99002 -8.435 -0.407714843 0.04 0.59 104.18 114.42 -96.83 0.0 0.0 97.4012 -12.5899 0.0 97.0139 3 0 0 0 0
774684 99000 -8.45 -0.512695312 0.02 0.57 71.68 94.91 -116.46 0.0 0.0 97.5729 -12.5452 0.0 96.8556 3 0 0 0 0
774705 99011 -8.433 -0.5546875 0.01 0.59 38.48 71.31 -142.77 0.0 0.0 96.6375 -12.5626 0.0 96.5557 3 0 0 0 0
774725 99014 -8.445 -0.557128906 0.01 0.64 -2.26 48.81 -163.81 0.0 0.0 96.3812 -12.5766 0.0 96.2752 3 0 0 0 0
774746 98999 -8.456 -0.719238281 -0.0 0.57 -30.76 22.87 -202.62 0.0 0.0 97.6575 -12.466 0.0 96.2425 3 0 0 0 0
774766 99011 -8.446 -0.654296875 0.03 0.61 -44.94 -3.54 -250.58 0.0 0.0 96.6375 -12.4344 0.0 96.0593 3 0 0 0 0
774787 99012 -8.448 -0.650390625 0.07 0.52 -61.95 -30.46 -280.34 0.0 0.0 96.553 -12.3949 0.0 95.8808 3 0 0 0 0
774807 99019 -8.45 -0.65234375 0.08 0.53 -83.81 -58.14 -292.68 0.0 0.0 95.9558 -12.3889 0.0 95.6454 3 0 0 0 0
774828 99032 -8.433 -0.515625 0.12 0.56 -106.65 -88.14 -295.61 0.0 0.0 94.8513 -12.4524 0.0 95.2523 3 0 0 0 0
774848 99028 -8.454 -0.447265625 0.17 0.53 -117.44 -123.45 -283.38 0.0 0.0 95.1922 -12.4573 0.0 94.9932 3 0 0 0 0
774868 99021 -8.45 -0.348144531 0.42 0.71 -98.84 -224.12 -194.15 0.0 0.0 95.7867 -12.3938 0.0 94.8768 3 0 0 0 0
774889 99026 -8.454 -0.442871093 0.3 0.53 28.45 -643.63 180.24 0.0 0.0 95.3613 -12.355 0.0 94.6977 3 0 0 0 0
774909 99029 -8.456 -0.362304687 0.2 0.45 154.05 -550.37 249.6 0.0 0.0 95.1076 -12.3222 0.0 94.5191 3 0 0 0 0
774930 99019 -8.441 -0.213867187 0.25 0.5 232.35 -437.68 237.04 0.0 0.0 95.9558 -12.2073 0.0 94.5009 3 0 0 0 0
774950 99019 -8.437 -0.119628906 0.43 0.48 351.19 -279.48 233.14 0.0 0.0 95.9558 -12.0909 0.0 94.5001 3 0 0 0 0
774971 99028 -8.458 -0.020996093 0.44 0.6 437.35 -158.81 230.82 0.0 0.0 95.1922 -12.0355 0.0 94.362 3 0 0 0 0
774991 99049 -8.443 0.025390625 0.57 0.56 481.4 -82.35 223.48 0.0 0.0 93.4086 -12.1118 0.0 93.9618 3 0 0 0 0
775012 99080 -8.459 -0.0390625 1.32 0.58 580.58 79.63 242.35 0.0 0.0 90.7742 -12.3668 0.0 93.1739 3 0 0 0 0
775032 99104 -8.441 -0.213867187 2.68 0.72 754.18 336.22 330.12 0.0 0.0 88.7344 -12.722 0.0 92.1839 3 0 0 0 0
775053 99116 -8.439 -0.349121093 2.39 0.91 763.75 477.93 435.7 0.0 0.0 87.7144 -13.0795 0.0 91.1686 3 0 0 0 0
775073 99116 -8.446 -0.272460937 2.21 0.65 641.04 564.42 521.13 0.0 0.0 87.7144 -13.3559 0.0 90.3291 3 0 0 0 0
775094 99101 -8.452 -0.185058593 2.07 0.42 465.43 702.5 577.77 0.0 0.0 88.9907 -13.4629 0.0 89.8246 3 0 0 0 0
775114 99083 -8.458 -0.225585937 1.61 0.37 254.76 957.41 561.01 0.0 0.0 90.5179 -13.4075 0.0 89.6714 3 0 0 0 0
775135 99081 -8.452 -0.502441406 1.22 0.67 45.58 991.19 453.32 0.0 0.0 90.6897 -13.326 0.0 89.5603 3 0 0 0 0
775155 99098 -8.437 -0.942382812 0.65 0.94 -108.05 991.19 300.34 0.0 0.0 89.2443 -13.3513 0.0 89.2409 3 0 0 0 0
775176 99085 -8.465 -1.106445312 0.55 1.14 -138.17 991.19 82.96 0.0 0.0 90.3488 -13.2626 0.0 89.1459 3 0 0 0 0
775196 99083 -8.458 -1.338867187 1.07 1.44 3.84 991.19 -42.35 0.0 0.0 90.5179 -13.1529 0.0 89.1102 3 0 0 0 0
775217 99077 -8.426 -1.557617187 1.02 0.87 105.7 991.19 12.99 0.0 0.0 91.0279 -12.9995 0.0 89.155 3 0 0 0 0
775237 99103 -8.45 -1.387207031 1.24 0.47 140.09 991.19 129.45 0.0 0.0 88.8189 -13.0264 0.0 88.8388 3 0 0 0 0
775258 99125 -8.446 -1.360351562 1.17 0.48 84.15 968.26 207.1 0.0 0.0 86.9508 -13.1774 0.0 88.2492 3 0 0 0 0
775278 99146 -8.445 -0.654785156 0.87 -0.33 -24.97 777.5 203.17 0.0 0.0 85.1672 -13.424 0.0 87.4701 3 0 0 0 0
775299 99159 -8.428 -0.529785156 0.65 -0.34 -97.35 667.2 129.91 0.0 0.0 84.0654 -13.6963 0.0 86.6183 3 0 0 0 0
775319 99169 -8.459 0.043945312 0.75 -0.41 -130.49 591.83 64.91 0.0 0.0 83.2146 -13.9686 0.0 85.7749 3 0 0 0 0
775340 99163 -8.448 0.276855468 0.68 -0.32 -139.42 559.39 26.83 0.0 0.0 83.7245 -14.1327 0.0 85.1384 3 0 0 0 0
775360 99170 -8.43 0.021972656 0.5 -0.27 -126.83 552.35 -17.07 0.0 0.0 83.13 -14.2933 0.0 84.5197 3 0 0 0 0
775380 99159 -8.448 0.105957031 0.61 -0.12 -110.7 548.72 -34.94 0.0 0.0 84.0654 -14.3297 0.0 84.1579 3 0 0 0 0
775401 99162 -8.45 0.049804687 0.89 -0.06 -85.85 550.27 -52.41 0.0 0.0 83.8091 -14.3576 0.0 83.7986 3 0 0 0 0
775421 99165 -8.446 0.035644531 0.63 -0.08 -67.26 545.49 -58.02 0.0 0.0 83.5554 -14.377 0.0 83.4707 3 0 0 0 0
775442 99169 -8.448 0.073730468 0.7 0.01 -60.18 528.93 -59.54 0.0 0.0 83.2146 -14.3975 0.0 83.1259 3 0 0 0 0
775462 99175 -8.452 0.035644531 0.79 0.09 -62.62 500.27 -60.61 0.0 0.0 82.7072 -14.431 0.0 82.7679 3 0 0 0 0
775483 99181 -8.443 0.032226562 0.81 0.13 -82.56 444.79 -64.6 0.0 0.0 82.1973 -14.4767 0.0 82.3694 3 0 0 0 0
775503 99186 -8.435 0.044921875 0.84 0.17 -111.49 393.26 -73.17 0.0 0.0 81.7719 -14.5245 0.0 81.9799 3 0 0 0 0
775524 99195 -8.473 0.057128906 0.92 0.23 -152.2 319.33 -91.01 0.0 0.0 81.0082 -14.6022 0.0 81.5122 3 0 0 0 0
775544 99197 -8.448 0.038085937 1.1 0.27 -196.1 251.16 -114.7 0.0 0.0 80.8391 -14.656 0.0 81.1076 3 0 0 0 0
775565 99208 -8.441 0.017089843 1.3 0.34 -239.27 199.66 -146.86 0.0 0.0 79.9064 -14.7521 0.0 80.5987 3 0 0 0 0
775585 99212 -8.452 -0.041015625 1.53 0.42 -266.49 183.23 -181.68 0.0 0.0 79.5655 -14.8348 0.0 80.1308 3 0 0 0 0
775606 99203 -8.443 -0.108398437 1.71 0.49 -267.01 209.48 -218.99 0.0 0.0 80.3292 -14.8189 0.0 79.8525 3 0 0 0 0
775626 99185 -8.443 -0.231933593 1.74 0.63 -222.01 275.88 -255.3 0.0 0.0 81.8564 -14.6586 0.0 79.8914 3 0 0 0 0
775647 99199 -8.446 -0.766601562 1.96 0.63 -138.45 367.07 -276.74 0.0 0.0 80.67 -14.5963 0.0 79.7139 3 0 0 0 0
775667 99206 -8.443 -1.014160156 1.83 0.6 -41.83 414.7 -258.57 0.0 0.0 80.0755 -14.5674 0.0 79.4824 3 0 0 0 0
775688 99177 -8.437 -0.933105468 1.63 0.72 58.08 421.8 -198.17 0.0 0.0 82.5355 -14.3232 0.0 79.6875 3 0 0 0 0
775708 99192 -8.446 -0.891601562 1.43 0.7 103.9 351.31 -109.82 0.0 0.0 81.2619 -14.1972 0.0 79.6645 3 0 0 0 0
775729 99189 -8.458 -0.754394531 1.05 0.65 149.85 241.77 -48.2 0.0 0.0 81.5182 -14.0489 0.0 79.6766 3 0 0 0 0
775749 99209 -8.459 -0.795410156 1.02 0.68 150.18 109.85 16.37 0.0 0.0 79.8192 -14.0375 0.0 79.4195 3 0 0 0 0
775770 99213 -8.437 -0.797851562 1.0 0.52 127.96 -18.29 67.87 0.0 0.0 79.481 -14.0326 0.0 79.135 3 0 0 0 0
775790 99213 -8.448 -0.832519531 1.03 0.42 115.46 -128.6 97.59 0.0 0.0 79.481 -14.0049 0.0 78.9122 3 0 0 0 0
775811 99217 -8.448 -0.788085937 1.02 0.37 113.2 -208.17 108.6 0.0 0.0 79.1401 -13.9867 0.0 78.6563 3 0 0 0 0
775831 99215 -8.445 -0.792480468 1.22 0.34 123.57 -288.87 111.52 0.0 0.0 79.3119 -13.9342 0.0 78.4862 3 0 0 0 0
775852 99223 -8.469 -0.640625 1.12 0.41 134.66 -394.39 106.34 0.0 0.0 78.6328 -13.9225 0.0 78.2181 3 0 0 0 0
775872 99234 -8.459 -0.4765625 1.04 0.63 104.24 -490.98 111.1 0.0 0.0 77.7 -13.9639 0.0 77.853 3 0 0 0 0
775892 99255 -8.465 -0.370117187 1.02 0.64 87.5 -577.35 111.86 0.0 0.0 75.9165 -14.1189 0.0 77.2497 3 0 0 0 0
775913 99247 -8.456 -0.267578125 1.25 0.68 77.01 -646.95 121.46 0.0 0.0 76.5956 -14.1712 0.0 76.8437 3 0 0 0 0
775933 99262 -8.467 -0.263671875 1.27 0.56 90.55 -688.48 116.28 0.0 0.0 75.3246 -14.2927 0.0 76.3062 3 0 0 0 0
775954 99266 -8.467 -0.400878906 1.37 0.45 117.56 -696.34 96.77 0.0 0.0 74.9837 -14.3985 0.0 75.7847 3 0 0 0 0
775974 99288 -8.445 -0.327148437 1.42 0.43 149.36 -672.96 86.89 0.0 0.0 73.1183 -14.6118 0.0 75.0506 3 0 0 0 0
775995 99271 -8.465 -0.221191406 1.48 0.39 189.18 -635.52 65.79 0.0 0.0 74.561 -14.651 0.0 74.6618 3 0 0 0 0
776015 99274 -8.452 -0.1171875 1.33 0.27 220.37 -575.03 28.9 0.0 0.0 74.3047 -14.6796 0.0 74.309 3 0 0 0 0
776036 99277 -8.454 -0.06640625 1.45 0.18 240.27 -506.25 -19.39 0.0 0.0 74.051 -14.7002 0.0 73.9576 3 0 0 0 0
776056 99282 -8.443 -0.000488281 1.36 0.11 241.59 -441.74 -72.53 0.0 0.0 73.6282 -14.7266 0.0 73.6085 3 0 0 0 0
776077 99287 -8.454 0.016113281 1.45 0.07 228.05 -397.07 -126.95 0.0 0.0 73.2028 -14.759 0.0 73.2313 3 0 0 0 0
776097 99292 -8.454 0.007324219 1.36 -0.0 202.26 -381.13 -173.93 0.0 0.0 72.78 -14.7951 0.0 72.8606 3 0 0 0 0
776118 99304 -8.435 -0.028808593 1.31 -0.05 164.91 -398.17 -210.64 0.0 0.0 71.7601 -14.8832 0.0 72.3657 3 0 0 0 0
776138 99312 -8.461 -0.059082031 1.15 -0.11 121.65 -434.15 -232.77 0.0 0.0 71.0837 -14.9857 0.0 71.8536 3 0 0 0 0
776159 99312 -8.459 -0.154785156 1.21 -0.15 74.54 -485.27 -238.99 0.0 0.0 71.0837 -15.0473 0.0 71.41 3 0 0 0 0
776179 99306 -8.463 -0.200195312 0.97 -0.26 34.94 -528.75 -228.23 0.0 0.0 71.591 -15.0328 0.0 71.1393 3 0 0 0 0
776200 99308 -8.459 -0.569824218 0.79 -0.08 -3.35 -560.43 -214.12 0.0 0.0 71.4219 -15.0102 0.0 70.871 3 0 0 0 0
776220 99307 -8.454 -0.704101562 0.53 0.12 -44.05 -576.8 -213.23 0.0 0.0 71.5065 -14.9594 0.0 70.6771 3 0 0 0 0
776241 99291 -8.465 -0.721191406 0.63 0.08 -98.38 -575.09 -205.43 0.0 0.0 72.8646 -14.7844 0.0 70.7291 3 0 0 0 0
776261 99284 -8.465 -0.760253906 0.67 0.08 -132.65 -549.51 -170.09 0.0 0.0 73.4565 -14.5662 0.0 70.8897 3 0 0 0 0
776282 99285 -8.458 -0.735351562 0.53 0.13 -99.51 -503.48 -134.76 0.0 0.0 73.3719 -14.3676 0.0 70.9993 3 0 0 0 0
776302 99295 -8.445 -0.666992187 0.35 0.41 -50.18 -455.37 -127.2 0.0 0.0 72.5237 -14.2457 0.0 70.967 3 0 0 0 0
776323 99301 -8.454 -0.602050781 0.4 0.5 -23.29 -397.87 -127.26 0.0 0.0 72.0164 -14.1617 0.0 70.8435 3 0 0 0 0
776343 99300 -8.443 -0.560058593 0.24 0.47 -13.6 -330.46 -127.23 0.0 0.0 72.101 -14.0611 0.0 70.7706 3 0 0 0 0
776364 99313 -8.458 -0.475585937 0.24 0.51 -6.59 -268.2 -131.37 0.0 0.0 70.9991 -14.0428 0.0 70.5136 3 0 0 0 0
776384 99324 -8.432 -0.435058593 0.17 0.51 4.05 -207.77 -142.13 0.0 0.0 70.0664 -14.0786 0.0 70.1579 3 0 0 0 0
776404 99311 -8.463 -0.3984375 0.11 0.49 4.09 -161.1 -155.55 0.0 0.0 71.1682 -13.9978 0.0 70.0454 3 0 0 0 0
776425 99311 -8.459 -0.643066406 0.08 0.36 12.8 -125.27 -188.48 0.0 0.0 71.1682 -13.9079 0.0 69.9394 3 0 0 0 0
776445 99319 -8.445 -0.488769531 0.14 0.41 31.74 -87.96 -226.77 0.0 0.0 70.4892 -13.864 0.0 69.7532 3 0 0 0 0
776466 99326 -8.473 -0.438476562 0.25 0.41 62.96 -42.56 -248.75 0.0 0.0 69.8973 -13.8524 0.0 69.4862 3 0 0 0 0
776486 99329 -8.474 -0.443359375 0.5 0.4 145.34 37.62 -246.19 0.0 0.0 69.641 -13.8401 0.0 69.235 3 0 0 0 0
776507 99341 -8.452 -0.528320312 0.66 0.4 275.46 107.56 -209.51 0.0 0.0 68.6237 -13.889 0.0 68.842 3 0 0 0 0
776527 99343 -8.459 -0.442382812 1.11 0.58 424.09 101.98 -139.27 0.0 0.0 68.4546 -13.92 0.0 68.4994 3 0 0 0 0
776548 99346 -8.45 -0.449707031 1.31 0.64 556.1 13.17 -52.68 0.0 0.0 68.2009 -13.9438 0.0 68.1571 3 0 0 0 0
776568 99349 -8.458 -0.53515625 1.72 0.66 628.05 -90.98 1.71 0.0 0.0 67.9472 -13.9606 0.0 67.8432 3 0 0 0 0
776589 99373 -8.437 -0.591308593 1.78 0.58 650.61 -166.34 16.8 0.0 0.0 65.9127 -14.1151 0.0 67.2268 3 0 0 0 0
776609 99363 -8.465 -0.473144531 1.91 0.76 598.6 -279.97 -4.79 0.0 0.0 66.7608 -14.1524 0.0 66.8666 3 0 0 0 0
776630 99369 -8.458 -0.51171875 1.37 0.62 484.85 -480.7 -47.62 0.0 0.0 66.2509 -14.2016 0.0 66.4663 3 0 0 0 0
776650 99368 -8.465 -0.560546875 1.11 0.7 346.22 -711.34 -108.66 0.0 0.0 66.3354 -14.2121 0.0 66.1604 3 0 0 0 0
776671 99357 -8.439 -0.649902343 0.92 0.81 186.31 -958.17 -144.36 0.0 0.0 67.2682 -14.1235 0.0 66.0474 3 0 0 0 0
776691 99365 -8.473 -0.708496093 0.91 0.87 40.12 -999.02 -123.81 0.0 0.0 66.5891 -14.0801 0.0 65.8555 3 0 0 0 0
776712 99380 -8.452 -0.941894531 1.37 0.67 -52.44 -999.02 -22.68 0.0 0.0 65.3181 -14.1231 0.0 65.4699 3 0 0 0 0
776732 99383 -8.461 -1.014160156 1.12 0.66 -44.15 -999.02 62.71 0.0 0.0 65.0645 -14.1555 0.0 65.1196 3 0 0 0 0
776753 99376 -8.467 -0.571289062 1.26 0.66 2.9 -999.02 85.58 0.0 0.0 65.6564 -14.1126 0.0 64.9122 3 0 0 0 0
776773 99384 -8.476 -0.170410156 1.23 0.54 57.87 -999.02 74.54 0.0 0.0 64.9799 -14.1072 0.0 64.6413 3 0 0 0 0
776794 99382 -8.459 0.139160156 1.31 0.17 114.54 -905.55 51.07 0.0 0.0 65.149 -14.0666 0.0 64.43 3 0 0 0 0
776814 99384 -8.458 0.222167968 1.01 -0.03 156.07 -807.04 17.41 0.0 0.0 64.9799 -14.0226 0.0 64.2407 3 0 0 0 0
776835 99394 -8.467 0.171875 1.04 -0.26 172.93 -718.14 -25.91 0.0 0.0 64.1317 -14.0313 0.0 63.928 3 0 0 0 0
776855 99394 -8.467 0.162109375 0.92 -0.33 180.76 -643.17 -71.16 0.0 0.0 64.1317 -14.015 0.0 63.6814 3 0 0 0 0
776876 99402 -8.467 0.344238281 0.94 -0.26 183.35 -597.35 -126.43 0.0 0.0 63.4553 -14.0331 0.0 63.3493 3 0 0 0 0
776896 99408 -8.461 0.116210937 0.96 -0.43 161.95 -581.95 -141.52 0.0 0.0 62.9453 -14.0654 0.0 63.001 3 0 0 0 0
776916 99420 -8.461 -0.022460937 0.93 -0.45 133.72 -603.35 -158.17 0.0 0.0 61.928 -14.1512 0.0 62.5402 3 0 0 0 0
776937 99434 -8.467 -0.5859375 0.88 -0.42 97.84 -650.15 -188.51 0.0 0.0 60.7443 -14.2949 0.0 61.9424 3 0 0 0 0
776957 99446 -8.456 -0.598144531 0.99 -0.35 39.7 -729.88 -235.55 0.0 0.0 59.727 -14.4721 0.0 61.2859 3 0 0 0 0
776978 99443 -8.459 -0.776855468 0.94 -0.12 -24.02 -820.58 -227.99 0.0 0.0 59.9806 -14.5766 0.0 60.7635 3 0 0 0 0
776998 99424 -8.467 -0.867675781 0.9 0.0 -86.52 -905.64 -193.2 0.0 0.0 61.5898 -14.5104 0.0 60.6102 3 0 0 0 0
777019 99410 -8.463 -0.956542968 1.04 0.17 -117.99 -966.74 -144.33 0.0 0.0 62.7762 -14.3372 0.0 60.668 3 0 0 0 0
777039 99406 -8.456 -0.961425781 0.89 0.32 -123.41 -990.4 -94.09 0.0 0.0 63.1144 -14.1415 0.0 60.7906 3 0 0 0 0
777060 99419 -8.463 -0.859863281 0.88 0.49 -113.11 -975.67 -51.13 0.0 0.0 62.0152 -14.0435 0.0 60.6986 3 0 0 0 0
777080 99419 -8.463 -0.636230468 0.63 0.56 -86.98 -938.41 -25.58 0.0 0.0 62.0152 -13.9381 0.0 60.638 3 0 0 0 0
777101 99429 -8.452 -0.505859375 0.61 0.55 -60.52 -891.1 -13.96 0.0 0.0 61.167 -13.8958 0.0 60.4338 3 0 0 0 0
777121 99432 -8.471 -0.313476562 0.45 0.5 -38.75 -828.23 -10.52 0.0 0.0 60.9134 -13.8575 0.0 60.2362 3 0 0 0 0
777142 99429 -8.471 -0.147460937 0.38 0.44 -11.95 -749.02 -21.28 0.0 0.0 61.167 -13.783 0.0 60.101 3 0 0 0 0
777162 99422 -8.486 -0.014648438 0.26 0.33 10.37 -659.76 -43.08 0.0 0.0 61.7589 -13.6504 0.0 60.1027 3 0 0 0 0
777183 99423 -8.456 0.111328125 0.2 0.26 22.65 -577.41 -70.15 0.0 0.0 61.6744 -13.5246 0.0 60.0791 3 0 0 0 0
777203 99424 -8.471 0.201171875 0.2 0.22 25.91 -506.55 -96.01 0.0 0.0 61.5898 -13.4038 0.0 60.0614 3 0 0 0 0
777224 99426 -8.478 0.272949218 0.18 0.16 19.18 -442.93 -116.86 0.0 0.0 61.4207 -13.295 0.0 60.0074 3 0 0 0 0
777244 99421 -8.471 0.322753906 0.2 0.11 5.24 -378.96 -132.35 0.0 0.0 61.8435 -13.1481 0.0 60.0487 3 0 0 0 0
777265 99432 -8.456 0.364746093 0.2 0.06 -7.93 -313.75 -142.53 0.0 0.0 60.9134 -13.0789 0.0 59.9173 3 0 0 0 0
777285 99437 -8.476 0.390136718 0.26 0.02 -17.01 -241.98 -148.26 0.0 0.0 60.4906 -13.0331 0.0 59.7516 3 0 0 0 0
777306 99445 -8.486 0.425292968 0.34 0.0 -14.05 -160.52 -153.54 0.0 0.0 59.8115 -13.0283 0.0 59.488 3 0 0 0 0
777326 99453 -8.456 0.481933593 0.39 0.03 0.76 -71.71 -152.2 0.0 0.0 59.1351 -13.0565 0.0 59.1684 3 0 0 0 0
777347 99450 -8.482 0.48046875 0.36 0.01 21.01 10.12 -142.29 0.0 0.0 59.3888 -13.0389 0.0 58.9311 3 0 0 0 0
777367 99456 -8.469 0.501464843 0.29 -0.01 41.77 86.59 -125.12 0.0 0.0 58.8788 -13.0431 0.0 58.6615 3 0 0 0 0
777388 99465 -8.484 0.529785156 0.24 0.07 60.24 154.24 -100.18 0.0 0.0 58.1178 -13.0866 0.0 58.2966 3 0 0 0 0
777408 99474 -8.486 0.561035156 0.24 0.12 73.08 209.24 -66.89 0.0 0.0 57.3568 -13.1618 0.0 57.8777 3 0 0 0 0
777428 99474 -8.459 0.596679687 0.25 0.18 82.96 249.21 -24.48 0.0 0.0 57.3568 -13.2034 0.0 57.5273 3 0 0 0 0
777449 99466 -8.48 0.624023437 0.3 0.19 92.29 278.81 26.19 0.0 0.0 58.0333 -13.1629 0.0 57.3347 3 0 0 0 0
777469 99459 -8.486 0.635253906 0.35 0.18 107.99 303.14 86.34 0.0 0.0 58.6251 -13.0597 0.0 57.2873 3 0 0 0 0
777490 99464 -8.473 0.640136718 0.37 0.21 115.24 325.43 149.66 0.0 0.0 58.2024 -12.9865 0.0 57.1662 3 0 0 0 0
777510 99468 -8.471 0.610351562 0.36 0.3 114.39 358.2 213.87 0.0 0.0 57.8642 -12.9307 0.0 57.0233 3 0 0 0 0
777531 99474 -8.474 0.553222656 0.34 0.38 86.8 402.53 265.3 0.0 0.0 57.3568 -12.904 0.0 56.8076 3 0 0 0 0
777551 99480 -8.463 0.404296875 0.3 0.59 33.81 457.84 299.05 0.0 0.0 56.8469 -12.9009 0.0 56.5561 3 0 0 0 0
777572 99499 -8.473 0.29296875 0.25 0.7 -55.09 521.34 289.73 0.0 0.0 55.2377 -13.0063 0.0 56.0645 3 0 0 0 0
777592 99495 -8.465 0.176269531 0.25 0.69 -113.38 576.92 271.92 0.0 0.0 55.5785 -13.0452 0.0 55.723 3 0 0 0 0
777613 99502 -8.469 0.164550781 0.2 0.67 -152.29 606.98 250.7 0.0 0.0 54.984 -13.1043 0.0 55.3254 3 0 0 0 0
777633 99499 -8.473 -0.154296875 0.12 0.73 -180.88 604.36 219.94 0.0 0.0 55.2377 -13.1113 0.0 55.0486 3 0 0 0 0
777654 99505 -8.465 -0.146972656 0.12 0.69 -195.06 564.33 193.02 0.0 0.0 54.7304 -13.1368 0.0 54.72 3 0 0 0 0
777674 99507 -8.471 -0.20703125 0.14 0.63 -193.38 493.9 171.8 0.0 0.0 54.5613 -13.1495 0.0 54.4307 3 0 0 0 0
777695 99495 -8.458 -0.213867187 0.16 0.55 -173.05 402.9 166.19 0.0 0.0 55.5785 -13.0577 0.0 54.3467 3 0 0 0 0
777715 99493 -8.467 -0.263671875 0.18 0.46 -155.95 346.19 169.48 0.0 0.0 55.7477 -12.9456 0.0 54.3199 3 0 0 0 0
777736 99500 -8.456 -0.280761718 0.26 0.51 -115.76 225.82 206.55 0.0 0.0 55.1531 -12.8789 0.0 54.1875 3 0 0 0 0
777756 99503 -8.465 -0.323242187 0.33 0.51 -74.94 92.07 262.35 0.0 0.0 54.8995 -12.822 0.0 54.0491 3 0 0 0 0
777777 99503 -8.459 -0.350585937 0.37 0.49 -23.08 -30.52 317.99 0.0 0.0 54.8995 -12.754 0.0 53.9221 3 0 0 0 0
777797 99497 -8.471 -0.377441406 0.41 0.49 41.89 -117.16 361.19 0.0 0.0 55.4094 -12.635 0.0 53.9159 3 0 0 0 0
777818 99493 -8.461 -0.378417968 0.42 0.5 99.88 -166.83 384.88 0.0 0.0 55.7477 -12.4884 0.0 53.9572 3 0 0 0 0
777838 99498 -8.467 -0.373046875 0.46 0.52 150.7 -188.2 398.45 0.0 0.0 55.3222 -12.3792 0.0 53.9358 3 0 0 0 0
777859 99520 -8.469 -0.364746093 0.49 0.51 198.51 -174.36 399.3 0.0 0.0 53.462 -12.4171 0.0 53.5965 3 0 0 0 0
777879 99544 -8.461 -0.282226562 0.52 0.52 238.23 -126.83 382.2 0.0 0.0 51.4301 -12.5904 0.0 52.9857 3 0 0 0 0
777900 99561 -8.484 -0.296875 0.7 0.51 272.2 -33.23 347.84 0.0 0.0 49.99 -12.8301 0.0 52.2199 3 0 0 0 0
777920 99578 -8.467 -0.336425781 0.92 0.42 300.06 201.34 262.56 0.0 0.0 48.5526 -13.1235 0.0 51.3498 3 0 0 0 0
777940 99584 -8.473 -0.571289062 1.1 0.31 338.26 587.96 135.15 0.0 0.0 48.0453 -13.3878 0.0 50.5345 3 0 0 0 0
777961 99593 -8.463 -0.659179687 0.87 0.41 372.07 847.59 90.49 0.0 0.0 47.2843 -13.6478 0.0 49.7093 3 0 0 0 0
777981 99569 -8.473 -0.583496093 0.8 0.57 356.74 927.71 148.93 0.0 0.0 49.3136 -13.6795 0.0 49.3701 3 0 0 0 0
778002 99569 -8.473 -0.666992187 0.86 0.22 333.66 966.13 225.61 0.0 0.0 49.3136 -13.684 0.0 49.0734 3 0 0 0 0
778022 99599 -8.473 -0.633789062 0.98 0.11 288.99 991.19 306.43 0.0 0.0 46.777 -13.8677 0.0 48.4155 3 0 0 0 0
778043 99622 -8.465 -0.585449218 1.09 0.0 216.19 991.19 383.35 0.0 0.0 44.8296 -14.1546 0.0 47.5241 3 0 0 0 0
778063 99595 -8.469 -0.415039062 0.74 -0.17 104.48 991.19 446.77 0.0 0.0 47.1152 -14.1873 0.0 47.1726 3 0 0 0 0
778084 99574 -8.459 -0.193847656 0.65 -0.27 -52.53 991.19 460.73 0.0 0.0 48.8908 -14.0499 0.0 47.1623 3 0 0 0 0
778104 99555 -8.465 0.173339843 0.3 0.3 -224.42 991.19 407.56 0.0 0.0 50.5 -13.7828 0.0 47.4397 3 0 0 0 0
778125 99558 -8.474 -0.011230469 0.12 0.97 -382.2 991.19 287.38 0.0 0.0 50.2437 -13.5585 0.0 47.6196 3 0 0 0 0
778145 99563 -8.476 0.499023437 0.13 0.75 -479.57 991.19 102.26 0.0 0.0 49.8209 -13.3824 0.0 47.7167 3 0 0 0 0
778166 99583 -8.465 0.100097656 0.29 1.28 -466.77 991.19 -13.51 0.0 0.0 48.1298 -13.3494 0.0 47.5048 3 0 0 0 0
778186 99558 -8.458 -0.436523437 0.31 1.5 -412.74 991.19 -150.49 0.0 0.0 50.2437 -13.1303 0.0 47.696 3 0 0 0 0
778207 99571 -8.474 -0.540039062 0.28 1.23 -322.47 874.6 -209.36 0.0 0.0 49.1445 -13.0144 0.0 47.6627 3 0 0 0 0
778227 99561 -8.487 -0.676269531 0.21 0.75 -243.66 750.52 -256.25 0.0 0.0 49.99 -12.8282 0.0 47.7918 3 0 0 0 0
778248 99572 -8.474 -0.663574218 0.2 0.49 -156.98 642.29 -267.29 0.0 0.0 49.0599 -12.7267 0.0 47.7347 3 0 0 0 0
778268 99562 -8.484 -0.565429687 0.16 0.32 -89.12 524.3 -232.01 0.0 0.0 49.9055 -12.5531 0.0 47.8433 3 0 0 0 0
778289 99591 -8.461 -0.506835937 0.09 0.2 -48.54 431.19 -187.56 0.0 0.0 47.4534 -12.5843 0.0 47.5144 3 0 0 0 0
778309 99610 -8.476 -0.4609375 0.03 0.12 -26.62 332.41 -135.12 0.0 0.0 45.8442 -12.7179 0.0 46.9833 3 0 0 0 0
778330 99610 -8.489 -0.410644531 -0.03 0.08 -11.25 222.53 -80.4 0.0 0.0 45.8442 -12.809 0.0 46.5256 3 0 0 0 0
778350 99628 -8.491 -0.409667968 -0.06 0.07 -8.51 107.5 -26.59 0.0 0.0 44.3223 -12.9853 0.0 45.9008 3 0 0 0 0
778371 99654 -8.474 -0.406738281 -0.07 0.07 -10.64 -11.22 25.09 0.0 0.0 42.1239 -13.2874 0.0 44.9959 3 0 0 0 0
778391 99658 -8.476 -0.427246093 -0.06 0.07 -17.56 -137.87 78.9 0.0 0.0 41.7856 -13.5443 0.0 44.1931 3 0 0 0 0
778412 99628 -8.476 -0.493164062 -0.02 0.11 -14.79 -273.29 142.68 0.0 0.0 44.3223 -13.5339 0.0 43.9303 3 0 0 0 0
778432 99607 -8.476 -0.600097656 0.03 0.18 12.35 -383.66 203.48 0.0 0.0 46.0979 -13.3605 0.0 44.0222 3 0 0 0 0
778452 99600 -8.469 -0.645996093 0.09 0.24 61.07 -462.56 247.47 0.0 0.0 46.6924 -13.1469 0.0 44.2018 3 0 0 0 0
778473 99607 -8.454 -0.717285156 0.19 0.29 131.86 -515.06 283.96 0.0 0.0 46.0979 -12.9952 0.0 44.243 3 0 0 0 0
778493 99596 -8.471 -0.725585937 0.37 0.37 241.92 -512.26 318.78 0.0 0.0 47.0306 -12.7722 0.0 44.4495 3 0 0 0 0
778514 99591 -8.473 -0.732421875 0.73 0.45 406.1 -436.1 345.61 0.0 0.0 47.4534 -12.5319 0.0 44.6841 3 0 0 0 0
778534 99605 -8.476 -0.73828125 1.77 0.52 696.34 -205.12 368.38 0.0 0.0 46.267 -12.4053 0.0 44.6983 3 0 0 0 0
778555 99633 -8.478 -0.6015625 2.26 0.7 883.57 13.96 369.3 0.0 0.0 43.8995 -12.4692 0.0 44.3041 3 0 0 0 0
778575 99690 -8.471 -0.40234375 2.66 0.66 937.5 130.09 359.66 0.0 0.0 39.0799 -12.8871 0.0 43.1807 3 0 0 0 0
778596 99696 -8.484 -0.401367187 2.56 0.39 845.61 209.82 346.13 0.0 0.0 38.5726 -13.2557 0.0 42.1387 3 0 0 0 0
778616 99719 -8.489 -0.452636718 2.14 0.03 674.21 307.47 323.11 0.0 0.0 36.6278 -13.6966 0.0 40.9517 3 0 0 0 0
778637 99733 -8.465 -0.58984375 1.25 -0.28 472.35 430.3 307.53 0.0 0.0 35.4467 -14.137 0.0 39.7426 3 0 0 0 0
778657 99715 -8.476 -0.537109375 0.77 -0.55 340.73 508.54 316.31 0.0 0.0 36.966 -14.3591 0.0 38.9953 3 0 0 0 0
778678 99720 -8.473 0.147949218 0.49 -0.7 228.48 609.54 327.56 0.0 0.0 36.5459 -14.5551 0.0 38.2838 3 0 0 0 0
778698 99692 -8.482 -0.135742187 0.35 -1.0 93.02 800.58 167.65 0.0 0.0 38.9108 -14.5049 0.0 38.0976 3 0 0 0 0
778719 99689 -8.482 0.569335937 0.18 -0.31 60.15 852.99 56.28 0.0 0.0 39.1645 -14.4196 0.0 37.9716 3 0 0 0 0
778739 99698 -8.491 0.661621093 0.24 -0.27 106.74 869.57 -7.47 0.0 0.0 38.4035 -14.385 0.0 37.7554 3 0 0 0 0
778760 99692 -8.478 0.780273437 0.33 0.52 158.66 880.37 -83.72 0.0 0.0 38.9108 -14.2926 0.0 37.6467 3 0 0 0 0
778780 99704 -8.484 0.626464843 0.62 0.32 256.52 861.52 -144.27 0.0 0.0 37.8961 -14.2726 0.0 37.4026 3 0 0 0 0
778801 99693 -8.469 0.594726562 1.05 0.51 371.65 836.16 -209.7 0.0 0.0 38.8262 -14.1588 0.0 37.3412 3 0 0 0 0
778821 99728 -8.473 0.251953125 1.96 0.78 524.48 876.49 -284.45 0.0 0.0 35.8695 -14.2765 0.0 36.8118 3 0 0 0 0
778842 99747 -8.487 -0.164550781 2.55 0.51 697.74 984.63 -236.13 0.0 0.0 34.263 -14.4804 0.0 36.0854 3 0 0 0 0
778862 99754 -8.465 -0.496582031 3.67 0.32 822.56 991.19 -81.1 0.0 0.0 33.6711 -14.6735 0.0 35.3918 3 0 0 0 0
778883 99766 -8.48 -0.792480468 3.81 0.36 774.76 991.19 180.0 0.0 0.0 32.6591 -14.8922 0.0 34.6263 3 0 0 0 0
778903 99753 -8.486 -1.055664062 2.5 0.26 545.3 991.19 426.07 0.0 0.0 33.7556 -14.9618 0.0 34.1828 3 0 0 0 0
778924 99737 -8.495 -1.294921875 1.81 0.5 223.84 991.19 536.16 0.0 0.0 35.1085 -14.8878 0.0 34.0235 3 0 0 0 0
778944 99725 -8.493 -1.827636718 1.17 1.16 -42.53 991.19 454.02 0.0 0.0 36.1231 -14.7198 0.0 34.077 3 0 0 0 0
778964 99754 -8.491 -2.335449218 0.97 1.64 -205.06 991.19 270.12 0.0 0.0 33.6711 -14.7523 0.0 33.7147 3 0 0 0 0
778985 99736 -8.474 -2.176757812 0.72 1.61 -194.12 991.19 109.21 0.0 0.0 35.193 -14.634 0.0 33.6524 3 0 0 0 0
779005 99740 -8.476 -2.232910156 1.05 0.91 -163.29 991.19 32.93 0.0 0.0 34.8548 -14.5378 0.0 33.5609 3 0 0 0 0
779026 99758 -8.486 -2.0 1.3 0.79 -167.96 991.19 33.23 0.0 0.0 33.3329 -14.556 0.0 33.2174 3 0 0 0 0
779046 99785 -8.473 -1.152832031 1.02 -0.12 -206.46 991.19 -22.23 0.0 0.0 31.0525 -14.7292 0.0 32.5641 3 0 0 0 0
779067 99808 -8.48 -0.70703125 1.21 -0.17 -238.23 991.19 -69.33 0.0 0.0 29.1104 -15.0055 0.0 31.6767 3 0 0 0 0
779087 99812 -8.48 -0.072753906 1.17 -0.15 -272.1 829.45 -100.79 0.0 0.0 28.7722 -15.2379 0.0 30.8907 3 0 0 0 0
779108 99822 -8.484 0.063476562 1.15 -0.08 -303.6 602.1 -92.77 0.0 0.0 27.9293 -15.4748 0.0 30.075 3 0 0 0 0
779128 99816 -8.469 -0.008789063 1.28 -0.0 -339.21 412.65 -71.83 0.0 0.0 28.434 -15.6061 0.0 29.491 3 0 0 0 0
779149 99811 -8.489 -0.064453125 1.27 0.03 -368.69 264.57 -29.51 0.0 0.0 28.8568 -15.6568 0.0 29.0571 3 0 0 0 0
779169 99819 -8.489 -0.059570312 1.18 0.02 -392.9 155.21 37.5 0.0 0.0 28.1803 -15.727 0.0 28.5973 3 0 0 0 0
779190 99824 -8.467 -0.05078125 1.19 0.1 -402.77 87.07 96.74 0.0 0.0 27.7602 -15.7939 0.0 28.1269 3 0 0 0 0
779210 99820 -8.497 -0.078125 1.22 0.05 -398.93 69.94 149.6 0.0 0.0 28.0958 -15.7964 0.0 27.8058 3 0 0 0 0
779231 99825 -8.467 -0.018554687 1.14 0.08 -391.07 122.8 180.27 0.0 0.0 27.6757 -15.8068 0.0 27.4523 3 0 0 0 0
779251 99819 -8.499 0.114257812 1.01 0.15 -379.6 206.89 184.66 0.0 0.0 28.1803 -15.7486 0.0 27.258 3 0 0 0 0
779272 99821 -8.487 0.248046875 0.97 0.23 -365.27 278.81 165.7 0.0 0.0 28.0139 -15.6881 0.0 27.0538 3 0 0 0 0
779292 99805 -8.502 -0.187011718 0.69 0.72 -363.54 339.66 123.05 0.0 0.0 29.3641 -15.5033 0.0 27.1265 3 0 0 0 0
779313 99808 -8.495 0.203613281 0.69 0.67 -365.67 397.77 67.44 0.0 0.0 29.1104 -15.3446 0.0 27.133 3 0 0 0 0
779333 99823 -8.476 0.433105468 0.57 0.7 -335.0 471.59 41.77 0.0 0.0 27.8448 -15.2876 0.0 26.9452 3 0 0 0 0
779354 99829 -8.491 -0.200195312 0.58 0.81 -299.09 514.76 51.25 0.0 0.0 27.3374 -15.2563 0.0 26.6898 3 0 0 0 0
779374 99815 -8.484 -0.118652343 0.44 0.89 -246.25 550.06 -2.74 0.0 0.0 28.5186 -15.11 0.0 26.6906 3 0 0 0 0
779395 99815 -8.497 -0.461914062 0.64 0.75 -159.24 526.07 2.65 0.0 0.0 28.5186 -14.9637 0.0 26.6793 3 0 0 0 0
779415 99825 -8.499 -0.270996093 0.57 0.8 -67.13 451.16 38.35 0.0 0.0 27.6757 -14.884 0.0 26.5467 3 0 0 0 0
779436 99816 -8.476 -0.395996093 0.67 0.67 22.99 317.16 104.05 0.0 0.0 28.434 -14.733 0.0 26.55 3 0 0 0 0
779456 99830 -8.473 -0.340332031 0.67 0.61 94.42 190.58 169.18 0.0 0.0 27.2529 -14.6768 0.0 26.373 3 0 0 0 0
779476 99839 -8.478 -0.370117187 0.75 0.55 162.65 95.55 223.51 0.0 0.0 26.4919 -14.6673 0.0 26.0993 3 0 0 0 0
779497 99840 -8.484 -0.40625 0.86 0.52 224.09 52.29 256.28 0.0 0.0 26.4073 -14.6426 0.0 25.8429 3 0 0 0 0
779517 99852 -8.497 -0.419433593 0.99 0.49 280.09 51.8 266.46 0.0 0.0 25.3953 -14.6784 0.0 25.4751 3 0 0 0 0
779538 99862 -8.495 -0.417480468 0.94 0.44 305.95 84.02 252.16 0.0 0.0 24.5524 -14.7523 0.0 25.0125 3 0 0 0 0
779558 99873 -8.508 -0.400878906 1.17 0.4 309.39 120.34 223.66 0.0 0.0 23.6223 -14.8635 0.0 24.4848 3 0 0 0 0
779579 99879 -8.493 -0.313476562 1.08 0.51 271.04 154.51 198.75 0.0 0.0 23.115 -14.9731 0.0 23.9434 3 0 0 0 0
779599 99878 -8.489 -0.404785156 0.91 0.16 214.66 204.09 155.67 0.0 0.0 23.1996 -15.0326 0.0 23.5195 3 0 0 0 0
779620 99883 -8.502 -0.330078125 0.7 0.11 160.64 249.39 112.84 0.0 0.0 22.7794 -15.0918 0.0 23.08 3 0 0 0 0
779640 99877 -8.487 -0.28515625 0.52 0.11 114.21 274.33 79.45 0.0 0.0 23.2841 -15.0754 0.0 22.8123 3 0 0 0 0
779661 99878 -8.482 -0.2734375 0.54 0.05 79.85 300.21 39.27 0.0 0.0 23.1996 -15.0445 0.0 22.5605 3 0 0 0 0
779681 99884 -8.493 -0.263183593 0.5 -0.01 48.38 318.45 -0.85 0.0 0.0 22.6949 -15.0337 0.0 22.2821 3 0 0 0 0
779702 99886 -8.506 -0.260742187 0.41 -0.01 24.88 308.63 -36.19 0.0 0.0 22.5258 -15.0142 0.0 22.0072 3 0 0 0 0
779722 99896 -8.478 -0.298339843 0.37 0.04 9.21 281.49 -65.58 0.0 0.0 21.6802 -15.0404 0.0 21.6522 3 0 0 0 0
779743 99893 -8.478 -0.307617187 0.37 -0.02 4.3 254.27 -87.65 0.0 0.0 21.9339 -15.0178 0.0 21.3835 3 0 0 0 0
779763 99900 -8.504 -0.339355468 0.42 -0.03 0.7 237.74 -109.6 0.0 0.0 21.3447 -15.0209 0.0 21.0766 3 0 0 0 0
779784 99904 -8.513 -0.422851562 0.42 0.0 -2.04 215.27 -130.76 0.0 0.0 21.0064 -15.0266 0.0 20.7495 3 0 0 0 0
779804 99906 -8.474 -0.373535156 0.42 -0.1 -1.04 182.96 -142.65 0.0 0.0 20.8373 -15.0195 0.0 20.4636 3 0 0 0 0
779825 99913 -8.497 -0.57421875 0.36 0.03 -10.49 142.23 -167.2 0.0 0.0 20.2455 -15.037 0.0 20.1117 3 0 0 0 0
779845 99917 -8.482 -0.697753906 0.4 0.08 -26.95 87.2 -194.18 0.0 0.0 19.9099 -15.0531 0.0 19.7772 3 0 0 0 0
779866 99914 -8.499 -0.752929687 0.49 0.11 -73.38 6.95 -236.74 0.0 0.0 20.1635 -15.0222 0.0 19.5257 3 0 0 0 0
779886 99901 -8.48 -0.634277343 0.47 -0.14 -141.74 -84.09 -279.85 0.0 0.0 21.2601 -14.8835 0.0 19.5155 3 0 0 0 0
779907 99899 -8.499 -0.7109375 0.59 -0.24 -222.29 -195.18 -297.04 0.0 0.0 21.4266 -14.7306 0.0 19.5228 3 0 0 0 0
779927 99894 -8.489 -0.938476562 0.85 -0.22 -289.27 -314.97 -280.58 0.0 0.0 21.8493 -14.5445 0.0 19.6174 3 0 0 0 0
779948 99882 -8.5 -1.140136718 1.14 -0.13 -312.87 -441.83 -190.34 0.0 0.0 22.8613 -14.285 0.0 19.8549 3 0 0 0 0
779968 99867 -8.489 -1.146484375 0.8 0.11 -293.14 -474.51 -95.46 0.0 0.0 24.1297 -13.943 0.0 20.2844 3 0 0 0 0
779988 99886 -8.484 -1.049316406 0.7 0.23 -223.17 -433.23 -17.62 0.0 0.0 22.5258 -13.7637 0.0 20.3805 3 0 0 0 0
780009 99907 -8.491 -0.775878906 0.7 0.48 -136.59 -330.18 34.05 0.0 0.0 20.7528 -13.7339 0.0 20.1538 3 0 0 0 0
780029 99933 -8.489 -0.824707031 0.58 0.32 -48.26 -201.1 76.98 0.0 0.0 18.5597 -13.8614 0.0 19.6124 3 0 0 0 0
780050 99931 -8.5 -0.746582031 0.8 0.51 33.45 -73.35 103.87 0.0 0.0 18.7288 -13.9321 0.0 19.1734 3 0 0 0 0
780070 99918 -8.484 -0.817382812 0.89 0.46 151.1 61.34 83.96 0.0 0.0 19.8253 -13.88 0.0 19.0038 3 0 0 0 0
780091 99934 -8.508 -0.751953125 1.18 0.55 248.29 177.44 69.12 0.0 0.0 18.4751 -13.9223 0.0 18.6239 3 0 0 0 0
780111 99947 -8.487 -0.740234375 1.7 0.6 333.75 277.2 61.55 0.0 0.0 17.3785 -14.0219 0.0 18.1371 3 0 0 0 0
780132 99949 -8.487 -0.622558593 1.64 0.64 371.16 338.23 60.67 0.0 0.0 17.2094 -14.0961 0.0 17.6873 3 0 0 0 0
780152 99960 -8.515 -0.826660156 1.82 0.07 348.69 381.52 56.4 0.0 0.0 16.282 -14.2085 0.0 17.1703 3 0 0 0 0
780173 99949 -8.499 -0.682128906 1.67 -0.03 351.07 410.18 32.56 0.0 0.0 17.2094 -14.2054 0.0 16.8785 3 0 0 0 0
780193 99953 -8.506 -0.533203125 1.61 -0.4 340.12 432.74 18.63 0.0 0.0 16.8712 -14.206 0.0 16.5931 3 0 0 0 0
780214 99969 -8.5 -0.628417968 1.38 -0.19 279.21 458.29 -24.54 0.0 0.0 15.521 -14.2917 0.0 16.1154 3 0 0 0 0
780234 99970 -8.499 -0.412597656 1.45 -0.57 240.15 472.13 -74.21 0.0 0.0 15.4391 -14.3459 0.0 15.7164 3 0 0 0 0
780255 99994 -8.502 -0.439453125 1.38 -0.52 239.09 482.04 -88.78 0.0 0.0 13.4151 -14.53 0.0 15.0299 3 0 0 0 0
780275 100008 -8.491 -0.318847656 1.39 -0.56 234.94 459.48 -79.54 0.0 0.0 12.2339 -14.7536 0.0 14.2716 3 0 0 0 0
780296 100017 -8.515 -0.4453125 1.34 -0.53 209.45 399.02 -111.98 0.0 0.0 11.4756 -14.9773 0.0 13.4937 3 0 0 0 0
780316 100018 -8.502 -0.216796875 1.41 -0.39 168.78 281.16 -105.91 0.0 0.0 11.391 -15.1455 0.0 12.8424 3 0 0 0 0
780337 100016 -8.512 -0.070800781 1.19 -0.35 109.63 121.52 -92.93 0.0 0.0 11.5601 -15.2481 0.0 12.3097 3 0 0 0 0
780357 100022 -8.506 -0.090332031 1.07 -0.36 45.58 -39.05 -71.62 0.0 0.0 11.0528 -15.3487 0.0 11.7945 3 0 0 0 0
780378 100022 -8.51 -0.145507812 0.95 -0.31 -8.51 -201.46 -32.07 0.0 0.0 11.0528 -15.408 0.0 11.348 3 0 0 0 0
780398 100028 -8.519 -0.193847656 0.83 -0.3 -38.75 -342.04 18.57 0.0 0.0 10.5481 -15.472 0.0 10.906 3 0 0 0 0
780419 100038 -8.504 -0.415527343 1.24 -0.25 -54.05 -487.16 99.85 0.0 0.0 9.7052 -15.5681 0.0 10.3801 3 0 0 0 0
780439 100044 -8.512 -0.454101562 0.82 -0.27 -26.28 -558.57 160.61 0.0 0.0 9.1979 -15.6626 0.0 9.871 3 0 0 0 0
780460 100037 -8.508 -0.574707031 0.9 -0.19 27.8 -597.87 199.82 0.0 0.0 9.7898 -15.6691 0.0 9.5285 3 0 0 0 0
780480 100017 -8.495 -0.624023437 0.82 -0.13 107.23 -598.35 213.66 0.0 0.0 11.4756 -15.5134 0.0 9.5409 3 0 0 0 0
780500 100010 -8.499 -0.599609375 0.61 -0.08 180.73 -582.41 193.32 0.0 0.0 12.0648 -15.3114 0.0 9.6528 3 0 0 0 0
780521 99994 -8.495 -0.618164062 0.48 -0.02 238.93 -573.96 143.17 0.0 0.0 13.4151 -15.0105 0.0 9.961 3 0 0 0 0
780541 99994 -8.508 -0.630371093 0.37 0.09 280.06 -575.34 74.57 0.0 0.0 13.4151 -14.7341 0.0 10.2387 3 0 0 0 0
780562 100000 -8.506 -0.624023437 0.26 0.16 292.99 -590.98 -0.85 0.0 0.0 12.9077 -14.5206 0.0 10.376 3 0 0 0 0
780582 99999 -8.513 -0.631835937 0.2 0.25 279.85 -617.26 -76.49 0.0 0.0 12.9923 -14.3113 0.0 10.5233 3 0 0 0 0
780603 100012 -8.506 -0.678222656 0.16 0.28 243.35 -644.15 -150.15 0.0 0.0 11.8957 -14.2015 0.0 10.4525 3 0 0 0 0
780623 100021 -8.51 -0.654785156 0.19 0.42 187.56 -667.62 -213.69 0.0 0.0 11.1374 -14.1467 0.0 10.283 3 0 0 0 0
780644 100006 -8.534 -0.562011718 0.28 0.51 126.86 -674.42 -260.37 0.0 0.0 12.403 -13.9771 0.0 10.3408 3 0 0 0 0
780664 100030 -8.515 -0.506347656 0.31 0.58 54.91 -661.52 -288.72 0.0 0.0 10.379 -13.9741 0.0 10.0676 3 0 0 0 0
780685 100031 -8.5 -0.397949218 0.38 0.6 -20.09 -645.46 -289.51 0.0 0.0 10.2945 -13.9559 0.0 9.8122 3 0 0 0 0
780705 100042 -8.525 -0.2734375 0.37 0.59 -70.43 -609.97 -256.01 0.0 0.0 9.367 -13.9915 0.0 9.4586 3 0 0 0 0
780726 100034 -8.502 -0.130371093 0.37 0.58 -94.02 -550.09 -214.6 0.0 0.0 10.0408 -13.945 0.0 9.2622 3 0 0 0 0
780746 100051 -8.502 -0.002929687 0.57 0.55 -82.44 -462.65 -176.46 0.0 0.0 8.6087 -13.9972 0.0 8.874 3 0 0 0 0
780767 100042 -8.523 0.111328125 0.55 0.52 -48.81 -376.19 -145.52 0.0 0.0 9.367 -13.9578 0.0 8.6626 3 0 0 0 0
780787 100036 -8.527 0.178710937 0.6 0.4 34.42 -221.86 -137.26 0.0 0.0 9.8743 -13.8608 0.0 8.5861 3 0 0 0 0
780808 100038 -8.513 0.208984375 0.77 0.41 125.64 -67.04 -138.81 0.0 0.0 9.7052 -13.7713 0.0 8.4824 3 0 0 0 0
780828 100044 -8.512 0.226074218 0.73 0.46 216.1 72.47 -138.17 0.0 0.0 9.1979 -13.7141 0.0 8.3267 3 0 0 0 0
780849 100063 -8.53 0.224609375 0.86 0.51 276.43 161.92 -125.15 0.0 0.0 7.5967 -13.7725 0.0 7.9165 3 0 0 0 0
780869 100075 -8.515 0.15234375 1.0 0.63 323.08 226.04 -90.98 0.0 0.0 6.5873 -13.8788 0.0 7.4187 3 0 0 0 0
780890 100082 -8.523 0.101074218 0.91 0.64 339.7 277.62 -45.03 0.0 0.0 5.9954 -13.9927 0.0 6.889 3 0 0 0 0
780910 100082 -8.521 0.013671876 1.06 0.76 333.6 295.82 18.66 0.0 0.0 5.9954 -14.0642 0.0 6.4596 3 0 0 0 0
780931 100090 -8.53 -0.055175781 1.26 0.84 295.06 267.5 82.41 0.0 0.0 5.3216 -14.1552 0.0 5.9738 3 0 0 0 0
780951 100106 -8.51 -0.03125 0.97 0.8 233.81 220.64 124.79 0.0 0.0 3.974 -14.3152 0.0 5.3561 3 0 0 0 0
780972 100208 -8.512 3.0703125 15.87 8.67 25.7 558.72 -176.46 0.0 0.0 -4.6188 -15.1132 0.0 3.3859 3 0 0 0 0
780992 100127 -8.573 3.245117187 -12.93 3.11 406.04 -999.02 218.99 0.0 0.0 2.2063 -15.2075 0.0 2.8863 3 0 0 0 0
781012 100125 -8.534 1.853515625 -0.57 -2.06 329.76 -304.09 -28.54 0.0 0.0 2.3728 -15.2486 0.0 2.4963 3 0 0 0 0
781033 100132 -8.517 0.830566406 0.25 -0.62 183.02 -97.07 -91.43 0.0 0.0 1.7836 -15.3056 0.0 2.0567 3 0 0 0 0
781053 100133 -8.517 0.248535156 0.35 -0.27 86.13 -121.19 -101.68 0.0 0.0 1.699 -15.3343 0.0 1.6908 3 0 0 0 0
781074 100134 -8.528 0.036132812 0.58 -0.08 9.79 -53.48 -75.43 0.0 0.0 1.6145 -15.3404 0.0 1.356 3 0 0 0 0
781094 100138 -8.515 0.062988281 0.47 -0.05 -50.79 -40.4 -39.88 0.0 0.0 1.2789 -15.3465 0.0 1.0363 3 0 0 0 0
781115 100138 -8.532 -1.200195312 -0.0 0.88 -83.93 -68.96 24.39 0.0 0.0 1.2789 -15.3271 0.0 0.7546 3 0 0 0 0
781135 100135 -8.543 -0.20703125 0.26 0.11 -100.18 -48.02 131.13 0.0 0.0 1.5325 -15.2649 0.0 0.5782 3 0 0 0 0
781156 100142 -8.541 0.697265625 0.23 0.43 -125.09 213.2 144.76 0.0 0.0 0.9407 -15.2359 0.0 0.3183 3 0 0 0 0
781176 100139 -8.523 1.726074218 0.1 1.4 -124.21 93.87 66.8 0.0 0.0 1.1943 -15.1658 0.0 0.1602 3 0 0 0 0
781197 100139 -8.538 1.316894531 0.16 2.18 -28.87 109.42 -43.14 0.0 0.0 1.1943 -15.0831 0.0 0.0148 3 0 0 0 0
781217 100139 -8.541 0.323242187 0.32 1.2 28.75 63.23 -68.23 0.0 0.0 1.1943 -14.9887 0.0 -0.0895 3 0 0 0 0
781238 100140 -8.543 0.0390625 0.34 0.79 27.2 37.07 -48.69 0.0 0.0 1.1098 -14.8928 0.0 -0.2036 3 0 0 0 0
781258 100140 -8.541 -0.049804687 0.38 0.67 7.2 17.84 -21.55 0.0 0.0 1.1098 -14.7877 0.0 -0.2817 3 0 0 0 0
781279 100142 -8.523 -0.407714843 0.43 1.06 -1.52 -27.84 27.47 0.0 0.0 0.9407 -14.6899 0.0 -0.3876 3 0 0 0 0
781299 100140 -8.523 0.204101562 0.24 0.65 -2.84 -77.32 79.91 0.0 0.0 1.1098 -14.5701 0.0 -0.4309 3 0 0 0 0
781320 100136 -8.543 1.312988281 0.2 0.87 2.93 -44.63 36.31 0.0 0.0 1.448 -14.4198 0.0 -0.4224 3 0 0 0 0
781340 100137 -8.532 0.624511718 0.32 0.8 7.93 20.58 -21.4 0.0 0.0 1.3634 -14.2769 0.0 -0.412 3 0 0 0 0
781361 100138 -8.54 0.375976562 0.34 0.69 -1.95 31.49 -27.07 0.0 0.0 1.2789 -14.1417 0.0 -0.4288 3 0 0 0 0
781381 100138 -8.527 0.295410156 0.34 0.81 -12.71 41.89 -24.45 0.0 0.0 1.2789 -14.005 0.0 -0.426 3 0 0 0 0
781402 100140 -8.543 0.241210937 0.35 0.99 -11.77 37.2 -18.26 0.0 0.0 1.1098 -13.8822 0.0 -0.463 3 0 0 0 0
781422 100139 -8.523 0.192382812 0.35 1.06 -2.01 14.97 -7.71 0.0 0.0 1.1943 -13.7496 0.0 -0.4634 3 0 0 0 0
781443 100139 -8.528 0.239746093 0.34 0.93 3.66 -5.73 2.16 0.0 0.0 1.1943 -13.617 0.0 -0.4747 3 0 0 0 0
781463 100136 -8.534 0.333496093 0.34 0.86 1.13 -7.99 5.24 0.0 0.0 1.448 -13.4632 0.0 -0.4253 3 0 0 0 0
781484 100140 -8.517 0.369140625 0.33 0.89 0.12 -2.38 2.41 0.0 0.0 1.1098 -13.3404 0.0 -0.4511 3 0 0 0 0
781504 100137 -8.549 0.365234375 0.34 0.9 0.49 1.95 -0.55 0.0 0.0 1.3634 -13.1952 0.0 -0.4143 3 0 0 0 0
781524 100135 -8.536 0.323730468 0.33 0.89 0.95 2.23 -1.31 0.0 0.0 1.5325 -13.0394 0.0 -0.3525 3 0 0 0 0
781545 100135 -8.538 0.317871093 0.34 0.9 0.09 1.22 -0.4 0.0 0.0 1.5325 -12.8886 0.0 -0.3108 3 0 0 0 0
781565 100138 -8.536 0.327148437 0.33 0.91 0.7 -0.27 0.52 0.0 0.0 1.2789 -12.7615 0.0 -0.3027 3 0 0 0 0
781586 100134 -8.53 0.333007812 0.33 0.89 0.85 0.24 0.09 0.0 0.0 1.6145 -12.6081 0.0 -0.2498 3 0 0 0 0
781606 100136 -8.534 0.328613281 0.33 0.9 0.4 0.95 -0.09 0.0 0.0 1.448 -12.4723 0.0 -0.2179 3 0 0 0 0
781627 100138 -8.538 0.327636718 0.33 0.9 0.64 0.12 0.03 0.0 0.0 1.2789 -12.3525 0.0 -0.2293 3 0 0 0 0
781647 100137 -8.528 0.33203125 0.33 0.9 0.58 0.06 0.15 0.0 0.0 1.3634 -12.2251 0.0 -0.2099 3 0 0 0 0
781668 100132 -8.525 0.331054687 0.33 0.9 0.64 0.12 0.21 0.0 0.0 1.7836 -12.0656 0.0 -0.1329 3 0 0 0 0
781688 100138 -8.532 0.330078125 0.33 0.9 0.79 0.52 0.18 0.0 0.0 1.2789 -11.9527 0.0 -0.138 3 0 0 0 0
781709 100142 -8.566 0.328125 0.34 0.9 0.7 0.03 0.15 0.0 0.0 0.9407 -11.8664 0.0 -0.2085 3 0 0 0 0
781729 100139 -8.521 0.329589843 0.33 0.9 0.58 0.06 0.18 0.0 0.0 1.1943 -11.7542 0.0 -0.2111 3 0 0 0 0
781750 100135 -8.541 0.333007812 0.33 0.9 0.67 0.12 0.18 0.0 0.0 1.5325 -11.6147 0.0 -0.1661 3 0 0 0 0
781770 100138 -8.543 0.331542968 0.33 0.9 0.73 0.4 0.03 0.0 0.0 1.2789 -11.4991 0.0 -0.1567 3 0 0 0 0
781791 100139 -8.56 0.330078125 0.33 0.9 0.55 0.03 0.12 0.0 0.0 1.1943 -11.391 0.0 -0.172 3 0 0 0 0
781811 100138 -8.541 0.332519531 0.33 0.9 0.73 0.03 0.18 0.0 0.0 1.2789 -11.2749 0.0 -0.1571 3 0 0 0 0
781832 100137 -8.543 0.329589843 0.33 0.9 0.64 0.12 0.09 0.0 0.0 1.3634 -11.1533 0.0 -0.1394 3 0 0 0 0
781852 100137 -8.549 0.332519531 0.33 0.9 0.76 0.06 0.0 0.0 0.0 1.3634 -11.0331 0.0 -0.111 3 0 0 0 0
781873 100139 -8.553 0.332519531 0.33 0.9 0.7 0.06 0.03 0.0 0.0 1.1943 -10.9286 0.0 -0.1242 3 0 0 0 0
781893 100133 -8.545 0.331054687 0.33 0.9 0.67 0.09 0.15 0.0 0.0 1.699 -10.7828 0.0 -0.0378 3 0 0 0 0
781914 100136 -8.543 0.332519531 0.33 0.9 0.7 0.3 0.21 0.0 0.0 1.448 -10.6639 0.0 -0.0155 3 0 0 0 0
781934 100138 -8.536 0.330566406 0.33 0.9 0.61 0.15 0.21 0.0 0.0 1.2789 -10.5604 0.0 -0.0122 3 0 0 0 0
781955 100134 -8.556 0.331542968 0.33 0.9 0.64 0.03 0.15 0.0 0.0 1.6145 -10.4302 0.0 0.0383 3 0 0 0 0
781975 100140 -8.545 0.330566406 0.33 0.9 0.73 0.12 0.18 0.0 0.0 1.1098 -10.3445 0.0 0.0089 3 0 0 0 0
781996 100136 -8.538 0.329101562 0.33 0.9 0.61 0.12 0.18 0.0 0.0 1.448 -10.2294 0.0 0.0326 3 0 0 0 0
782016 100138 -8.56 0.330078125 0.33 0.9 0.67 0.09 0.09 0.0 0.0 1.2789 -10.1297 0.0 0.0365 3 0 0 0 0
782036 100134 -8.554 0.328613281 0.33 0.9 0.58 0.3 0.12 0.0 0.0 1.6145 -10.0034 0.0 0.0979 3 0 0 0 0
782057 100139 -8.538 0.330078125 0.33 0.9 0.58 0.09 0.21 0.0 0.0 1.1943 -9.9157 0.0 0.0713 3 0 0 0 0
782077 100139 -8.551 0.328125 0.33 0.9 0.73 0.3 0.15 0.0 0.0 1.1943 -9.8259 0.0 0.0609 3 0 0 0 0
782098 100141 -8.543 0.327636718 0.33 0.9 0.7 0.06 0.27 0.0 0.0 1.0252 -9.7487 0.0 0.016 3 0 0 0 0
782118 100139 -8.536 0.328613281 0.33 0.9 0.64 0.06 0.21 0.0 0.0 1.1943 -9.6545 0.0 0.0181 3 0 0 0 0
782139 100140 -8.536 0.329589843 0.33 0.9 0.58 0.09 0.24 0.0 0.0 1.1098 -9.5671 0.0 -0.0019 3 0 0 0 0
782159 100134 -8.558 0.328613281 0.33 0.9 0.7 0.0 0.06 0.0 0.0 1.6145 -9.4378 0.0 0.0772 3 0 0 0 0
782180 100134 -8.554 0.330566406 0.34 0.9 0.61 0.06 0.09 0.0 0.0 1.6145 -9.3148 0.0 0.1363 3 0 0 0 0
782200 100132 -8.564 0.329101562 0.33 0.9 0.7 0.06 0.09 0.0 0.0 1.7836 -9.1831 0.0 0.2256 3 0 0 0 0
782221 100136 -8.564 0.330566406 0.33 0.9 0.64 0.03 0.15 0.0 0.0 1.448 -9.0853 0.0 0.2373 3 0 0 0 0
782241 100141 -8.551 0.328125 0.33 0.9 0.7 0.18 0.15 0.0 0.0 1.0252 -9.0222 0.0 0.1875 3 0 0 0 0
782262 100138 -8.56 0.330566406 0.33 0.9 0.76 0.03 0.03 0.0 0.0 1.2789 -8.9349 0.0 0.1807 3 0 0 0 0
782282 100140 -8.543 0.329101562 0.33 0.9 0.67 0.18 0.12 0.0 0.0 1.1098 -8.8606 0.0 0.1574 3 0 0 0 0
782303 100138 -8.558 0.327148437 0.33 0.9 0.67 0.03 0.15 0.0 0.0 1.2789 -8.7709 0.0 0.159 3 0 0 0 0
782323 100134 -8.545 0.330566406 0.33 0.9 0.82 0.09 0.09 0.0 0.0 1.6145 -8.6544 0.0 0.2271 3 0 0 0 0
782344 100140 -8.551 0.329589843 0.33 0.9 0.58 0.12 0.21 0.0 0.0 1.1098 -8.5838 0.0 0.1931 3 0 0 0 0
782364 100139 -8.551 0.33203125 0.33 0.9 0.55 0.09 0.12 0.0 0.0 1.1943 -8.5037 0.0 0.1889 3 0 0 0 0
782385 100135 -8.549 0.328613281 0.33 0.9 0.58 0.0 0.21 0.0 0.0 1.5325 -8.3963 0.0 0.2353 3 0 0 0 0
782405 100140 -8.554 0.328125 0.33 0.9 0.73 0.0 0.09 0.0 0.0 1.1098 -8.3263 0.0 0.2136 3 0 0 0 0
782426 100137 -8.554 0.328613281 0.33 0.9 0.7 0.03 0.12 0.0 0.0 1.3634 -8.2343 0.0 0.2312 3 0 0 0 0
782446 100137 -8.53 0.329101562 0.33 0.9 0.58 0.0 0.34 0.0 0.0 1.3634 -8.1437 0.0 0.256 3 0 0 0 0
782467 100142 -8.551 0.329589843 0.34 0.9 0.64 -0.03 0.18 0.0 0.0 0.9407 -8.089 0.0 0.1996 3 0 0 0 0
782487 100133 -8.553 0.328613281 0.33 0.9 0.67 0.18 0.21 0.0 0.0 1.699 -7.969 0.0 0.2886 3 0 0 0 0
782508 100136 -8.547 0.329101562 0.33 0.9 0.64 0.03 0.12 0.0 0.0 1.448 -7.8762 0.0 0.3153 3 0 0 0 0
782528 100138 -8.56 0.329589843 0.33 0.9 0.55 -0.06 0.18 0.0 0.0 1.2789 -7.7992 0.0 0.319 3 0 0 0 0
782548 100139 -8.556 0.328613281 0.33 0.9 0.67 0.18 0.21 0.0 0.0 1.1943 -7.7291 0.0 0.3095 3 0 0 0 0
782569 100141 -8.553 0.326171875 0.33 0.9 0.73 0.06 0.24 0.0 0.0 1.0252 -7.6719 0.0 0.267 3 0 0 0 0
782589 100137 -8.556 0.324707031 0.33 0.9 0.55 0.03 0.18 0.0 0.0 1.3634 -7.5842 0.0 0.297 3 0 0 0 0
782610 100133 -8.564 0.330566406 0.33 0.9 0.73 0.06 0.3 0.0 0.0 1.699 -7.472 0.0 0.3724 3 0 0 0 0
782630 100140 -8.573 0.329101562 0.33 0.9 0.49 -0.03 0.21 0.0 0.0 1.1098 -7.413 0.0 0.3463 3 0 0 0 0
782651 100137 -8.545 0.327636718 0.33 0.9 0.64 0.12 0.18 0.0 0.0 1.3634 -7.3316 0.0 0.3609 3 0 0 0 0
782671 100140 -8.553 0.330566406 0.34 0.9 0.61 -0.03 0.12 0.0 0.0 1.1098 -7.2717 0.0 0.3395 3 0 0 0 0
782692 100143 -8.596 0.329101562 0.33 0.9 0.95 0.52 0.18 0.0 0.0 0.8588 -7.2302 0.0 0.2737 3 0 0 0 0
782712 100142 -8.568 0.325195312 0.33 0.9 0.58 0.18 0.15 0.0 0.0 0.9407 -7.1768 0.0 0.2407 3 0 0 0 0
782733 100137 -8.564 0.329101562 0.33 0.9 0.61 -0.03 0.27 0.0 0.0 1.3634 -7.087 0.0 0.2779 3 0 0 0 0
782753 100137 -8.551 0.331542968 0.33 0.9 0.61 0.15 0.18 0.0 0.0 1.3634 -7.0002 0.0 0.3178 3 0 0 0 0
782774 100138 -8.56 0.330566406 0.33 0.9 0.73 0.0 0.21 0.0 0.0 1.2789 -6.9233 0.0 0.3316 3 0 0 0 0
782794 100138 -8.568 0.330566406 0.33 0.9 0.7 0.03 0.18 0.0 0.0 1.2789 -6.8475 0.0 0.3517 3 0 0 0 0
782815 100131 -8.56 0.328613281 0.33 0.9 0.49 0.09 0.3 0.0 0.0 1.8681 -6.7262 0.0 0.4617 3 0 0 0 0
782835 100137 -8.543 0.330566406 0.33 0.9 0.73 -0.09 0.15 0.0 0.0 1.3634 -6.654 0.0 0.478 3 0 0 0 0
782856 100135 -8.556 0.326660156 0.33 0.9 0.73 -0.06 0.18 0.0 0.0 1.5325 -6.5697 0.0 0.5148 3 0 0 0 0
782876 100139 -8.541 0.327636718 0.33 0.9 0.67 0.0 0.18 0.0 0.0 1.1943 -6.5153 0.0 0.4971 3 0 0 0 0
782897 100140 -8.549 0.325683593 0.33 0.9 0.82 0.09 0.18 0.0 0.0 1.1098 -6.4663 0.0 0.4628 3 0 0 0 0
782917 100135 -8.56 0.327148437 0.33 0.9 0.67 0.09 0.18 0.0 0.0 1.5325 -6.3807 0.0 0.5125 3 0 0 0 0
782938 100136 -8.569 0.328613281 0.33 0.9 0.64 -0.12 0.27 0.0 0.0 1.448 -6.3059 0.0 0.5351 3 0 0 0 0
782958 100140 -8.564 0.329589843 0.33 0.9 0.64 0.12 0.21 0.0 0.0 1.1098 -6.2599 0.0 0.5051 3 0 0 0 0
782979 100141 -8.571 0.327148437 0.33 0.9 0.64 0.09 0.3 0.0 0.0 1.0252 -6.2183 0.0 0.4607 3 0 0 0 0
782999 100137 -8.568 0.331054687 0.34 0.9 0.58 -0.03 0.18 0.0 0.0 1.3634 -6.1461 0.0 0.4874 3 0 0 0 0
783020 100133 -8.564 0.329589843 0.33 0.9 0.61 0.0 0.27 0.0 0.0 1.699 -6.0491 0.0 0.5611 3 0 0 0 0
783040 100140 -8.545 0.327148437 0.34 0.9 0.67 0.09 0.24 0.0 0.0 1.1098 -6.0053 0.0 0.5319 3 0 0 0 0
783060 100134 -8.579 0.327636718 0.33 0.9 0.64 0.06 0.15 0.0 0.0 1.6145 -5.9186 0.0 0.5929 3 0 0 0 0
783081 100137 -8.566 0.326660156 0.33 0.9 0.64 -0.03 0.18 0.0 0.0 1.3634 -5.857 0.0 0.5976 3 0 0 0 0
783101 100138 -8.553 0.328125 0.33 0.9 0.55 -0.03 0.21 0.0 0.0 1.2789 -5.8025 0.0 0.5944 3 0 0 0 0
783122 100134 -8.579 0.328613281 0.33 0.9 0.61 0.06 0.18 0.0 0.0 1.6145 -5.7209 0.0 0.6433 3 0 0 0 0
783142 100136 -8.573 0.328125 0.33 0.9 0.64 0.0 0.18 0.0 0.0 1.448 -5.6565 0.0 0.6635 3 0 0 0 0
783163 100138 -8.547 0.328125 0.33 0.9 0.52 -0.09 0.15 0.0 0.0 1.2789 -5.6073 0.0 0.6477 3 0 0 0 0
783183 100138 -8.573 0.328125 0.33 0.9 0.64 0.0 0.18 0.0 0.0 1.2789 -5.5568 0.0 0.6412 3 0 0 0 0
783204 100135 -8.556 0.326660156 0.33 0.9 0.76 0.06 0.15 0.0 0.0 1.5325 -5.4855 0.0 0.6737 3 0 0 0 0
783224 100136 -8.573 0.328125 0.33 0.9 0.61 -0.06 0.27 0.0 0.0 1.448 -5.4235 0.0 0.6935 3 0 0 0 0
783245 100136 -8.554 0.327636718 0.33 0.9 0.67 0.12 0.12 0.0 0.0 1.448 -5.3632 0.0 0.7059 3 0 0 0 0
783265 100134 -8.569 0.328125 0.33 0.9 0.67 0.06 0.21 0.0 0.0 1.6145 -5.2905 0.0 0.7506 3 0 0 0 0
783286 100139 -8.562 0.328125 0.33 0.9 0.58 0.03 0.24 0.0 0.0 1.1943 -5.255 0.0 0.7138 3 0 0 0 0
783306 100141 -8.566 0.328613281 0.33 0.9 0.64 0.0 0.09 0.0 0.0 1.0252 -5.2301 0.0 0.6608 3 0 0 0 0
783327 100136 -8.582 0.328125 0.33 0.9 0.61 0.03 0.18 0.0 0.0 1.448 -5.1671 0.0 0.6827 3 0 0 0 0
783347 100132 -8.575 0.329589843 0.33 0.9 0.7 0.09 0.21 0.0 0.0 1.7836 -5.0791 0.0 0.7636 3 0 0 0 0
783368 100141 -8.556 0.327636718 0.33 0.9 0.7 -0.06 0.09 0.0 0.0 1.0252 -5.0581 0.0 0.7007 3 0 0 0 0
783388 100139 -8.571 0.330566406 0.33 0.9 0.58 -0.09 0.21 0.0 0.0 1.1943 -5.0186 0.0 0.6821 3 0 0 0 0
783409 100140 -8.573 0.330078125 0.33 0.9 0.52 0.15 0.3 0.0 0.0 1.1098 -4.9844 0.0 0.6483 3 0 0 0 0
783429 100141 -8.556 0.327636718 0.33 0.9 0.67 0.06 0.09 0.0 0.0 1.0252 -4.9543 0.0 0.6117 3 0 0 0 0
783450 100141 -8.568 0.333007812 0.33 0.9 0.7 0.06 0.21 0.0 0.0 1.0252 -4.9212 0.0 0.5769 3 0 0 0 0
783470 100134 -8.575 0.329589843 0.33 0.9 0.52 0.18 0.24 0.0 0.0 1.6145 -4.8382 0.0 0.652 3 0 0 0 0
783491 100139 -8.562 0.328125 0.33 0.9 0.73 0.03 0.15 0.0 0.0 1.1943 -4.7948 0.0 0.6412 3 0 0 0 0
783511 100137 -8.569 0.327148437 0.33 0.9 0.64 -0.03 0.15 0.0 0.0 1.3634 -4.737 0.0 0.6661 3 0 0 0 0
783532 100136 -8.571 0.329589843 0.33 0.9 0.61 0.03 0.18 0.0 0.0 1.448 -4.6745 0.0 0.6975 3 0 0 0 0
783552 100137 -8.571 0.328125 0.33 0.9 0.58 0.06 0.15 0.0 0.0 1.3634 -4.6212 0.0 0.7154 3 0 0 0 0
783572 100136 -8.571 0.327636718 0.33 0.9 0.61 -0.03 0.12 0.0 0.0 1.448 -4.5626 0.0 0.7456 3 0 0 0 0
783593 100138 -8.584 0.325195312 0.33 0.89 0.67 0.0 0.21 0.0 0.0 1.2789 -4.5199 0.0 0.739 3 0 0 0 0
783613 100136 -8.573 0.325683593 0.33 0.9 0.67 -0.06 0.21 0.0 0.0 1.448 -4.4632 0.0 0.7672 3 0 0 0 0
783634 100140 -8.573 0.328613281 0.33 0.9 0.55 0.0 0.15 0.0 0.0 1.1098 -4.4358 0.0 0.7308 3 0 0 0 0
783654 100137 -8.569 0.330566406 0.33 0.9 0.76 0.0 0.12 0.0 0.0 1.3634 -4.3852 0.0 0.748 3 0 0 0 0
783675 100134 -8.581 0.325195312 0.33 0.9 0.58 -0.12 0.27 0.0 0.0 1.6145 -4.3159 0.0 0.8009 3 0 0 0 0
783695 100140 -8.547 0.327636718 0.33 0.9 0.76 -0.37 0.15 0.0 0.0 1.1098 -4.2912 0.0 0.7663 3 0 0 0 0
783716 100134 -8.597 0.33203125 0.33 0.9 0.64 -0.09 0.24 0.0 0.0 1.6145 -4.2233 0.0 0.8181 3 0 0 0 0
783736 100137 -8.582 0.325683593 0.33 0.9 0.7 0.06 0.3 0.0 0.0 1.3634 -4.1797 0.0 0.8249 3 0 0 0 0
783757 100136 -8.573 0.328125 0.33 0.9 0.67 0.06 0.27 0.0 0.0 1.448 -4.1298 0.0 0.8414 3 0 0 0 0
783777 100142 -8.586 0.330078125 0.33 0.9 0.52 0.06 0.12 0.0 0.0 0.9407 -4.1219 0.0 0.7754 3 0 0 0 0
783798 100135 -8.581 0.32421875 0.33 0.9 0.61 0.06 0.24 0.0 0.0 1.5325 -4.0613 0.0 0.8156 3 0 0 0 0
783818 100136 -8.56 0.330078125 0.33 0.9 0.52 0.15 0.24 0.0 0.0 1.448 -4.0107 0.0 0.8402 3 0 0 0 0
783839 100139 -8.582 0.326660156 0.33 0.9 0.67 -0.03 0.21 0.0 0.0 1.1943 -3.9824 0.0 0.8152 3 0 0 0 0
783859 100136 -8.582 0.324707031 0.33 0.9 0.55 0.03 0.18 0.0 0.0 1.448 -3.9318 0.0 0.8414 3 0 0 0 0
783880 100135 -8.582 0.328613281 0.33 0.9 0.73 -0.03 0.12 0.0 0.0 1.5325 -3.8765 0.0 0.8745 3 0 0 0 0
783900 100138 -8.582 0.326660156 0.33 0.9 0.58 0.0 0.21 0.0 0.0 1.2789 -3.8441 0.0 0.8647 3 0 0 0 0
783921 100136 -8.586 0.327636718 0.33 0.9 0.64 -0.12 0.18 0.0 0.0 1.448 -3.7975 0.0 0.8816 3 0 0 0 0
783941 100137 -8.594 0.325195312 0.33 0.9 0.61 0.0 0.15 0.0 0.0 1.3634 -3.7589 0.0 0.8862 3 0 0 0 0
783962 100137 -8.599 0.331542968 0.34 0.9 0.61 0.15 0.18 0.0 0.0 1.3634 -3.7207 0.0 0.8872 3 0 0 0 0
783982 100138 -8.569 0.328125 0.33 0.9 0.7 0.0 0.06 0.0 0.0 1.2789 -3.6894 0.0 0.8783 3 0 0 0 0
784003 100136 -8.581 0.327636718 0.33 0.9 0.64 0.15 0.18 0.0 0.0 1.448 -3.6438 0.0 0.8962 3 0 0 0 0
784023 100138 -8.571 0.327636718 0.33 0.9 0.64 0.12 0.3 0.0 0.0 1.2789 -3.6132 0.0 0.8873 3 0 0 0 0
784044 100131 -8.579 0.328125 0.33 0.9 0.79 0.15 0.09 0.0 0.0 1.8681 -3.5347 0.0 0.9756 3 0 0 0 0
784064 100140 -8.584 0.327148437 0.33 0.9 0.61 0.0 0.18 0.0 0.0 1.1098 -3.524 0.0 0.9274 3 0 0 0 0
784084 100138 -8.575 0.327636718 0.33 0.9 0.55 -0.03 0.06 0.0 0.0 1.2789 -3.4959 0.0 0.9157 3 0 0 0 0
784105 100141 -8.577 0.328613281 0.34 0.9 0.7 0.03 0.27 0.0 0.0 1.0252 -3.4871 0.0 0.8606 3 0 0 0 0
784125 100139 -8.581 0.325683593 0.33 0.9 0.58 0.03 0.18 0.0 0.0 1.1943 -3.4604 0.0 0.8467 3 0 0 0 0
784146 100135 -8.571 0.329101562 0.33 0.9 0.61 0.0 0.15 0.0 0.0 1.5325 -3.4056 0.0 0.8888 3 0 0 0 0
784166 100138 -8.584 0.325683593 0.33 0.9 0.64 -0.03 0.18 0.0 0.0 1.2789 -3.3744 0.0 0.886 3 0 0 0 0
784187 100138 -8.573 0.328613281 0.33 0.9 0.61 0.06 0.18 0.0 0.0 1.2789 -3.3429 0.0 0.8809 3 0 0 0 0
784207 100136 -8.582 0.328613281 0.33 0.9 0.7 -0.09 0.15 0.0 0.0 1.448 -3.2976 0.0 0.9089 3 0 0 0 0
784228 100139 -8.569 0.328613281 0.33 0.9 0.61 0.09 0.15 0.0 0.0 1.1943 -3.2747 0.0 0.8874 3 0 0 0 0
784248 100139 -8.577 0.327636718 0.34 0.9 0.67 0.06 0.18 0.0 0.0 1.1943 -3.2502 0.0 0.8733 3 0 0 0 0
784269 100140 -8.575 0.331054687 0.33 0.9 0.73 0.03 0.15 0.0 0.0 1.1098 -3.2313 0.0 0.8446 3 0 0 0 0
784289 100137 -8.592 0.327148437 0.33 0.9 0.58 0.03 0.21 0.0 0.0 1.3634 -3.1897 0.0 0.8668 3 0 0 0 0
784310 100135 -8.599 0.329101562 0.33 0.9 0.64 -0.03 0.15 0.0 0.0 1.5325 -3.1365 0.0 0.9112 3 0 0 0 0
784330 100135 -8.584 0.328125 0.33 0.9 0.7 -0.03 0.12 0.0 0.0 1.5325 -3.0868 0.0 0.9524 3 0 0 0 0
784351 100137 -8.59 0.327636718 0.33 0.9 0.85 0.0 0.3 0.0 0.0 1.3634 -3.0539 0.0 0.9564 3 0 0 0 0
784371 100134 -8.582 0.328613281 0.33 0.9 0.7 0.12 0.18 0.0 0.0 1.6145 -3.0013 0.0 1.0054 3 0 0 0 0
784392 100134 -8.577 0.325683593 0.33 0.9 0.76 0.06 0.21 0.0 0.0 1.6145 -2.9525 0.0 1.0443 3 0 0 0 0
784412 100139 -8.588 0.329101562 0.33 0.9 0.55 -0.03 0.27 0.0 0.0 1.1943 -2.9405 0.0 1.0104 3 0 0 0 0
784433 100135 -8.601 0.32421875 0.33 0.9 0.64 0.12 0.09 0.0 0.0 1.5325 -2.8988 0.0 1.036 3 0 0 0 0
784453 100135 -8.586 0.331054687 0.33 0.9 0.7 0.03 0.27 0.0 0.0 1.5325 -2.859 0.0 1.0611 3 0 0 0 0
784474 100138 -8.594 0.329589843 0.34 0.9 0.73 0.12 0.21 0.0 0.0 1.2789 -2.8416 0.0 1.0375 3 0 0 0 0
784494 100137 -8.575 0.326660156 0.33 0.9 0.49 -0.06 0.15 0.0 0.0 1.3634 -2.8155 0.0 1.0352 3 0 0 0 0
784515 100141 -8.584 0.330566406 0.33 0.9 0.76 0.0 0.3 0.0 0.0 1.0252 -2.8163 0.0 0.9744 3 0 0 0 0
784535 100133 -8.594 0.327636718 0.33 0.9 0.67 0.0 0.3 0.0 0.0 1.699 -2.7584 0.0 1.0393 3 0 0 0 0
784556 100135 -8.581 0.328613281 0.33 0.9 0.58 0.09 0.18 0.0 0.0 1.5325 -2.7189 0.0 1.0639 3 0 0 0 0
784576 100138 -8.588 0.325683593 0.34 0.9 0.52 0.06 0.21 0.0 0.0 1.2789 -2.7017 0.0 1.0455 3 0 0 0 0
784596 100138 -8.596 0.331054687 0.34 0.91 0.58 0.06 0.37 0.0 0.0 1.2789 -2.6831 0.0 1.0305 3 0 0 0 0
784617 100139 -8.584 0.327148437 0.33 0.9 0.7 0.03 0.3 0.0 0.0 1.1943 -2.67 0.0 1.0016 3 0 0 0 0
784637 100136 -8.581 0.326660156 0.33 0.9 0.67 0.12 0.18 0.0 0.0 1.448 -2.6342 0.0 1.0229 3 0 0 0 0
784658 100136 -8.586 0.325195312 0.34 0.9 0.64 0.03 0.18 0.0 0.0 1.448 -2.6002 0.0 1.0387 3 0 0 0 0
784678 100138 -8.588 0.329589843 0.33 0.9 0.55 0.15 0.24 0.0 0.0 1.2789 -2.581 0.0 1.0269 3 0 0 0 0
784699 100134 -8.616 0.325683593 0.33 0.9 0.85 0.4 0.18 0.0 0.0 1.6145 -2.534 0.0 1.071 3 0 0 0 0
784719 100135 -8.625 0.32421875 0.33 0.9 0.64 -0.09 0.15 0.0 0.0 1.5325 -2.4971 0.0 1.0976 3 0 0 0 0
784740 100136 -8.605 0.326660156 0.33 0.9 0.61 -0.03 0.12 0.0 0.0 1.448 -2.4691 0.0 1.1038 3 0 0 0 0
784760 100138 -8.601 0.328125 0.33 0.9 0.49 -0.09 0.3 0.0 0.0 1.2789 -2.4551 0.0 1.0837 3 0 0 0 0
784781 100137 -8.61 0.328613281 0.33 0.9 0.58 0.0 0.15 0.0 0.0 1.3634 -2.4327 0.0 1.079 3 0 0 0 0
784801 100134 -8.596 0.331054687 0.33 0.9 0.64 -0.03 0.0 0.0 0.0 1.6145 -2.3898 0.0 1.1199 3 0 0 0 0
784822 100138 -8.597 0.327148437 0.33 0.9 0.64 0.0 0.12 0.0 0.0 1.2789 -2.3771 0.0 1.0963 3 0 0 0 0
784842 100135 -8.599 0.327148437 0.33 0.9 0.58 0.03 0.18 0.0 0.0 1.5325 -2.3422 0.0 1.1218 3 0 0 0 0
784863 100142 -8.597 0.325683593 0.33 0.9 0.58 0.0 0.24 0.0 0.0 0.9407 -2.3567 0.0 1.0423 3 0 0 0 0
784883 100133 -8.607 0.326660156 0.33 0.9 0.58 -0.03 0.21 0.0 0.0 1.699 -2.3042 0.0 1.105 3 0 0 0 0
784904 100136 -8.601 0.329589843 0.33 0.9 0.7 0.03 0.09 0.0 0.0 1.448 -2.2767 0.0 1.114 3 0 0 0 0
784924 100138 -8.601 0.327148437 0.33 0.9 0.49 0.12 0.06 0.0 0.0 1.2789 -2.2635 0.0 1.0961 3 0 0 0 0
784945 100141 -8.601 0.329101562 0.33 0.9 0.55 -0.03 0.06 0.0 0.0 1.0252 -2.2692 0.0 1.0367 3 0 0 0 0
784965 100139 -8.601 0.328125 0.33 0.9 0.55 0.03 0.09 0.0 0.0 1.1943 -2.2566 0.0 1.0177 3 0 0 0 0
784986 100139 -8.601 0.326660156 0.33 0.9 0.79 0.0 0.15 0.0 0.0 1.1943 -2.2425 0.0 0.9998 3 0 0 0 0
785006 100137 -8.603 0.330078125 0.33 0.9 0.64 0.03 0.18 0.0 0.0 1.3634 -2.2134 0.0 1.0158 3 0 0 0 0
785027 100133 -8.609 0.327148437 0.33 0.9 0.64 0.03 0.15 0.0 0.0 1.699 -2.1587 0.0 1.0837 3 0 0 0 0
785047 100133 -8.61 0.328613281 0.33 0.9 0.58 -0.06 0.27 0.0 0.0 1.699 -2.1095 0.0 1.1435 3 0 0 0 0
785068 100139 -8.612 0.325683593 0.33 0.9 0.67 0.0 0.18 0.0 0.0 1.1943 -2.1054 0.0 1.1077 3 0 0 0 0
785088 100135 -8.605 0.329101562 0.33 0.9 0.73 0.0 0.15 0.0 0.0 1.5325 -2.0714 0.0 1.1367 3 0 0 0 0
785108 100131 -8.622 0.328125 0.33 0.9 0.67 0.09 0.3 0.0 0.0 1.8681 -2.0129 0.0 1.2176 3 0 0 0 0
785129 100138 -8.601 0.326660156 0.33 0.9 0.61 0.0 0.27 0.0 0.0 1.2789 -2.008 0.0 1.1856 3 0 0 0 0
785149 100137 -8.612 0.330078125 0.34 0.9 0.55 0.03 0.3 0.0 0.0 1.3634 -1.9938 0.0 1.1752 3 0 0 0 0
785170 100134 -8.609 0.328125 0.33 0.9 0.7 -0.06 0.18 0.0 0.0 1.6145 -1.9586 0.0 1.2068 3 0 0 0 0
785190 100139 -8.609 0.324707031 0.33 0.9 0.49 0.06 0.21 0.0 0.0 1.1943 -1.9597 0.0 1.1656 3 0 0 0 0
785211 100133 -8.599 0.325683593 0.33 0.9 0.61 0.06 0.18 0.0 0.0 1.699 -1.917 0.0 1.2137 3 0 0 0 0
785231 100136 -8.605 0.326171875 0.33 0.9 0.58 0.18 0.12 0.0 0.0 1.448 -1.8982 0.0 1.2146 3 0 0 0 0
785252 100142 -8.624 0.327148437 0.33 0.9 0.73 0.06 0.12 0.0 0.0 0.9407 -1.9201 0.0 1.1289 3 0 0 0 0
785272 100137 -8.601 0.324707031 0.33 0.9 0.58 0.0 0.21 0.0 0.0 1.3634 -1.9014 0.0 1.1297 3 0 0 0 0
785293 100139 -8.596 0.329101562 0.33 0.9 0.79 0.0 0.21 0.0 0.0 1.1943 -1.8962 0.0 1.1006 3 0 0 0 0
785313 100137 -8.605 0.327148437 0.33 0.9 0.64 0.09 0.24 0.0 0.0 1.3634 -1.8752 0.0 1.1066 3 0 0 0 0
785334 100138 -8.624 0.327636718 0.33 0.9 0.61 -0.03 0.24 0.0 0.0 1.2789 -1.8614 0.0 1.0961 3 0 0 0 0
785354 100136 -8.607 0.328613281 0.33 0.9 0.61 0.12 0.3 0.0 0.0 1.448 -1.8332 0.0 1.1177 3 0 0 0 0
785375 100138 -8.62 0.327148437 0.33 0.9 0.73 -0.03 0.24 0.0 0.0 1.2789 -1.8204 0.0 1.1062 3 0 0 0 0
785395 100133 -8.612 0.327636718 0.33 0.9 0.73 0.03 0.3 0.0 0.0 1.699 -1.7729 0.0 1.169 3 0 0 0 0
785416 100136 -8.614 0.327636718 0.33 0.9 0.61 -0.09 0.21 0.0 0.0 1.448 -1.7506 0.0 1.1784 3 0 0 0 0
785436 100137 -8.618 0.325683593 0.33 0.9 0.64 -0.06 0.09 0.0 0.0 1.3634 -1.7358 0.0 1.1744 3 0 0 0 0
785457 100135 -8.62 0.329589843 0.33 0.9 0.79 0.0 0.3 0.0 0.0 1.5325 -1.7072 0.0 1.1979 3 0 0 0 0
785477 100141 -8.601 0.329101562 0.33 0.9 0.67 -0.06 0.21 0.0 0.0 1.0252 -1.721 0.0 1.1349 3 0 0 0 0
785498 100133 -8.622 0.327148437 0.33 0.9 0.58 0.12 0.27 0.0 0.0 1.699 -1.6758 0.0 1.1931 3 0 0 0 0
785518 100134 -8.614 0.326660156 0.33 0.9 0.7 -0.09 0.21 0.0 0.0 1.6145 -1.6421 0.0 1.2301 3 0 0 0 0
785539 100138 -8.618 0.330078125 0.33 0.9 0.73 -0.03 0.15 0.0 0.0 1.2789 -1.6382 0.0 1.2038 3 0 0 0 0
785559 100135 -8.622 0.325683593 0.33 0.9 0.7 0.03 0.21 0.0 0.0 1.5325 -1.6119 0.0 1.226 3 0 0 0 0
785580 100136 -8.601 0.328125 0.33 0.9 0.85 0.09 0.0 0.0 0.0 1.448 -1.5942 0.0 1.2293 3 0 0 0 0
785600 100140 -8.61 0.330566406 0.33 0.91 0.7 -0.12 0.27 0.0 0.0 1.1098 -1.6037 0.0 1.1774 3 0 0 0 0
785620 100136 -8.616 0.327148437 0.34 0.9 0.55 -0.06 0.21 0.0 0.0 1.448 -1.5821 0.0 1.1906 3 0 0 0 0
785641 100137 -8.618 0.329589843 0.33 0.9 0.58 0.06 0.21 0.0 0.0 1.3634 -1.5683 0.0 1.1863 3 0 0 0 0
785661 100136 -8.62 0.326171875 0.33 0.9 0.64 -0.09 0.24 0.0 0.0 1.448 -1.5473 0.0 1.1987 3 0 0 0 0
785682 100139 -8.625 0.329101562 0.33 0.9 0.58 0.0 0.15 0.0 0.0 1.1943 -1.5477 0.0 1.1655 3 0 0 0 0
785702 100135 -8.637 0.326660156 0.33 0.9 0.95 -0.18 0.0 0.0 0.0 1.5325 -1.5183 0.0 1.196 3 0 0 0 0
785723 100136 -8.646 0.325195312 0.33 0.9 0.55 -0.06 0.24 0.0 0.0 1.448 -1.4982 0.0 1.2063 3 0 0 0 0
785743 100137 -8.618 0.329101562 0.33 0.9 0.55 -0.03 0.12 0.0 0.0 1.3634 -1.4856 0.0 1.2026 3 0 0 0 0
785764 100137 -8.605 0.326660156 0.33 0.9 0.64 0.03 0.15 0.0 0.0 1.3634 -1.4727 0.0 1.1983 3 0 0 0 0
785784 100140 -8.616 0.328125 0.33 0.9 0.61 0.06 0.18 0.0 0.0 1.1098 -1.4798 0.0 1.154 3 0 0 0 0
785805 100138 -8.627 0.327636718 0.33 0.9 0.61 0.0 0.24 0.0 0.0 1.2789 -1.4698 0.0 1.1439 3 0 0 0 0
785825 100139 -8.62 0.325683593 0.33 0.9 0.64 0.0 0.09 0.0 0.0 1.1943 -1.4658 0.0 1.1229 3 0 0 0 0
785846 100139 -8.631 0.330566406 0.34 0.9 0.67 -0.12 0.27 0.0 0.0 1.1943 -1.4601 0.0 1.1041 3 0 0 0 0
785866 100138 -8.607 0.326171875 0.34 0.9 0.55 -0.03 0.27 0.0 0.0 1.2789 -1.4461 0.0 1.1041 3 0 0 0 0
785887 100138 -8.618 0.326660156 0.33 0.9 0.61 -0.03 0.27 0.0 0.0 1.2789 -1.4321 0.0 1.103 3 0 0 0 0
785907 100137 -8.618 0.326660156 0.33 0.9 0.64 -0.06 0.21 0.0 0.0 1.3634 -1.4113 0.0 1.1179 3 0 0 0 0
785928 100141 -8.612 0.327636718 0.34 0.9 0.58 0.0 0.18 0.0 0.0 1.0252 -1.4187 0.0 1.0728 3 0 0 0 0
785948 100139 -8.622 0.327636718 0.33 0.9 0.76 0.21 0.15 0.0 0.0 1.1943 -1.409 0.0 1.0647 3 0 0 0 0
785969 100136 -8.635 0.327148437 0.33 0.9 0.76 -0.09 0.09 0.0 0.0 1.448 -1.3783 0.0 1.0993 3 0 0 0 0
785989 100142 -8.624 0.326171875 0.33 0.9 0.67 -0.09 0.18 0.0 0.0 0.9407 -1.391 0.0 1.0452 3 0 0 0 0
786010 100138 -8.622 0.325683593 0.33 0.9 0.7 0.12 0.12 0.0 0.0 1.2789 -1.3723 0.0 1.0551 3 0 0 0 0
786030 100136 -8.616 0.330566406 0.34 0.9 0.58 0.18 0.24 0.0 0.0 1.448 -1.3409 0.0 1.0934 3 0 0 0 0
786051 100140 -8.627 0.325195312 0.33 0.9 0.67 0.09 0.09 0.0 0.0 1.1098 -1.3396 0.0 1.068 3 0 0 0 0
786071 100138 -8.629 0.328613281 0.33 0.9 0.67 0.27 0.24 0.0 0.0 1.2789 -1.3227 0.0 1.0765 3 0 0 0 0
786092 100135 -8.62 0.326660156 0.33 0.89 0.79 0.15 0.12 0.0 0.0 1.5325 -1.2862 0.0 1.125 3 0 0 0 0
786112 100136 -8.64 0.326660156 0.33 0.9 0.64 -0.03 0.24 0.0 0.0 1.448 -1.2604 0.0 1.1533 3 0 0 0 0
786132 100137 -8.614 0.327148437 0.33 0.9 0.61 0.0 0.15 0.0 0.0 1.3634 -1.2436 0.0 1.1633 3 0 0 0 0
786153 100140 -8.624 0.327148437 0.33 0.9 0.7 0.0 0.15 0.0 0.0 1.1098 -1.2478 0.0 1.1282 3 0 0 0 0
786173 100134 -8.633 0.328613281 0.33 0.9 0.58 0.0 0.27 0.0 0.0 1.6145 -1.2089 0.0 1.1846 3 0 0 0 0
786194 100137 -8.633 0.326171875 0.33 0.9 0.67 -0.15 0.18 0.0 0.0 1.3634 -1.1946 0.0 1.1891 3 0 0 0 0
786214 100139 -8.625 0.330566406 0.33 0.9 0.64 0.12 0.18 0.0 0.0 1.1943 -1.1942 0.0 1.1661 3 0 0 0 0
786235 100133 -8.625 0.327636718 0.34 0.9 0.7 -0.09 0.21 0.0 0.0 1.699 -1.1516 0.0 1.2302 3 0 0 0 0
786255 100140 -8.629 0.326171875 0.33 0.9 0.64 -0.03 0.18 0.0 0.0 1.1098 -1.1612 0.0 1.1871 3 0 0 0 0
786276 100139 -8.627 0.325683593 0.33 0.9 0.73 -0.03 0.21 0.0 0.0 1.1943 -1.1606 0.0 1.1639 3 0 0 0 0
786296 100137 -8.622 0.328125 0.33 0.9 0.73 0.0 0.18 0.0 0.0 1.3634 -1.1447 0.0 1.1741 3 0 0 0 0
786317 100138 -8.625 0.328613281 0.33 0.9 0.61 0.0 0.27 0.0 0.0 1.2789 -1.1363 0.0 1.1676 3 0 0 0 0
786337 100141 -8.633 0.326171875 0.34 0.9 0.61 0.03 0.21 0.0 0.0 1.0252 -1.1477 0.0 1.121 3 0 0 0 0
786358 100136 -8.646 0.327148437 0.33 0.9 0.52 -0.03 0.12 0.0 0.0 1.448 -1.1215 0.0 1.1517 3 0 0 0 0
786378 100137 -8.629 0.326660156 0.33 0.9 0.58 0.03 0.12 0.0 0.0 1.3634 -1.1046 0.0 1.1647 3 0 0 0 0
786399 100137 -8.633 0.327636718 0.33 0.9 0.55 0.15 0.15 0.0 0.0 1.3634 -1.0887 0.0 1.1747 3 0 0 0 0
786419 100137 -8.625 0.326171875 0.33 0.9 0.58 -0.09 0.21 0.0 0.0 1.3634 -1.0736 0.0 1.1845 3 0 0 0 0
786440 100138 -8.629 0.329101562 0.33 0.9 0.76 0.12 0.3 0.0 0.0 1.2789 -1.066 0.0 1.1778 3 0 0 0 0
786460 100140 -8.622 0.325683593 0.33 0.9 0.73 -0.06 0.06 0.0 0.0 1.1098 -1.0715 0.0 1.1451 3 0 0 0 0
786481 100138 -8.633 0.328613281 0.33 0.9 0.64 -0.06 0.21 0.0 0.0 1.2789 -1.0608 0.0 1.145 3 0 0 0 0
786501 100136 -8.646 0.330078125 0.33 0.9 0.58 0.09 0.21 0.0 0.0 1.448 -1.0365 0.0 1.1745 3 0 0 0 0
786522 100140 -8.627 0.326660156 0.33 0.9 0.79 0.0 0.24 0.0 0.0 1.1098 -1.0417 0.0 1.1419 3 0 0 0 0
786542 100133 -8.64 0.329589843 0.33 0.9 0.67 0.03 0.3 0.0 0.0 1.699 -0.9971 0.0 1.2142 3 0 0 0 0
786563 100137 -8.644 0.328613281 0.33 0.9 0.61 0.03 0.18 0.0 0.0 1.3634 -0.9852 0.0 1.2183 3 0 0 0 0
786583 100136 -8.637 0.327148437 0.33 0.9 0.7 -0.03 0.12 0.0 0.0 1.448 -0.9668 0.0 1.237 3 0 0 0 0
786604 100140 -8.65 0.329589843 0.33 0.91 0.64 -0.06 0.3 0.0 0.0 1.1098 -0.977 0.0 1.1954 3 0 0 0 0
786624 100138 -8.642 0.327636718 0.34 0.9 0.67 0.03 0.09 0.0 0.0 1.2789 -0.9703 0.0 1.1898 3 0 0 0 0
786644 100140 -8.637 0.328125 0.33 0.9 0.76 0.0 0.09 0.0 0.0 1.1098 -0.9767 0.0 1.157 3 0 0 0 0
786665 100139 -8.629 0.327148437 0.33 0.9 0.82 -0.03 0.3 0.0 0.0 1.1943 -0.9737 0.0 1.1428 3 0 0 0 0
786685 100135 -8.633 0.32421875 0.33 0.9 0.67 0.0 0.27 0.0 0.0 1.5325 -0.9425 0.0 1.1885 3 0 0 0 0
786706 100139 -8.642 0.326171875 0.33 0.9 0.55 0.49 0.3 0.0 0.0 1.1943 -0.9421 0.0 1.1697 3 0 0 0 0
786726 100135 -8.663 0.326660156 0.33 0.9 0.76 0.06 0.12 0.0 0.0 1.5325 -0.913 0.0 1.2115 3 0 0 0 0
786747 100141 -8.633 0.325683593 0.33 0.9 0.7 0.03 0.18 0.0 0.0 1.0252 -0.928 0.0 1.1612 3 0 0 0 0
786767 100138 -8.637 0.327148437 0.33 0.9 0.61 0.12 0.18 0.0 0.0 1.2789 -0.9185 0.0 1.1623 3 0 0 0 0
786788 100139 -8.627 0.327148437 0.33 0.9 0.67 0.18 0.3 0.0 0.0 1.1943 -0.916 0.0 1.1484 3 0 0 0 0
786808 100137 -8.635 0.328613281 0.33 0.9 0.61 0.06 0.3 0.0 0.0 1.3634 -0.8988 0.0 1.166 3 0 0 0 0
786829 100137 -8.624 0.326171875 0.33 0.9 0.67 -0.03 0.24 0.0 0.0 1.3634 -0.883 0.0 1.1802 3 0 0 0 0
786849 100140 -8.638 0.327148437 0.33 0.9 0.58 -0.06 0.18 0.0 0.0 1.1098 -0.8886 0.0 1.1508 3 0 0 0 0
786870 100134 -8.633 0.326171875 0.33 0.9 0.64 0.06 0.09 0.0 0.0 1.6145 -0.8515 0.0 1.2097 3 0 0 0 0
786890 100139 -8.637 0.325683593 0.33 0.9 0.73 -0.09 0.21 0.0 0.0 1.1943 -0.8528 0.0 1.1901 3 0 0 0 0
786911 100140 -8.644 0.324707031 0.33 0.9 0.61 0.06 0.12 0.0 0.0 1.1098 -0.8592 0.0 1.1588 3 0 0 0 0
786931 100136 -8.663 0.328125 0.33 0.9 0.61 -0.06 0.21 0.0 0.0 1.448 -0.836 0.0 1.19 3 0 0 0 0
786952 100137 -8.642 0.325683593 0.33 0.9 0.67 0.0 0.15 0.0 0.0 1.3634 -0.8222 0.0 1.2014 3 0 0 0 0
786972 100143 -8.627 0.328125 0.34 0.9 0.82 -0.15 0.24 0.0 0.0 0.8588 -0.8496 0.0 1.1277 3 0 0 0 0
786993 100135 -8.637 0.325683593 0.33 0.9 0.64 -0.03 0.09 0.0 0.0 1.5325 -0.8172 0.0 1.1776 3 0 0 0 0
787013 100135 -8.652 0.327636718 0.33 0.9 0.55 0.06 0.34 0.0 0.0 1.5325 -0.7888 0.0 1.2206 3 0 0 0 0
787034 100137 -8.642 0.327148437 0.33 0.9 0.55 -0.03 0.21 0.0 0.0 1.3634 -0.7774 0.0 1.228 3 0 0 0 0
787054 100134 -8.65 0.325683593 0.33 0.9 0.46 0.09 0.24 0.0 0.0 1.6145 -0.7464 0.0 1.2771 3 0 0 0 0
787075 100139 -8.648 0.327636718 0.34 0.9 0.58 -0.03 0.15 0.0 0.0 1.1943 -0.7531 0.0 1.2476 3 0 0 0 0
787095 100136 -8.655 0.331542968 0.34 0.91 0.64 -0.12 0.24 0.0 0.0 1.448 -0.737 0.0 1.266 3 0 0 0 0
787116 100140 -8.653 0.328125 0.33 0.9 0.52 0.03 0.12 0.0 0.0 1.1098 -0.7495 0.0 1.2244 3 0 0 0 0
787136 100134 -8.659 0.329101562 0.33 0.9 0.67 -0.03 0.24 0.0 0.0 1.6145 -0.7183 0.0 1.2747 3 0 0 0 0
787156 100138 -8.642 0.325683593 0.33 0.9 0.58 0.03 0.09 0.0 0.0 1.2789 -0.718 0.0 1.261 3 0 0 0 0
787177 100135 -8.642 0.325683593 0.33 0.9 0.64 0.09 0.15 0.0 0.0 1.5325 -0.6963 0.0 1.2914 3 0 0 0 0
787197 100135 -8.659 0.328125 0.33 0.9 0.67 0.03 0.27 0.0 0.0 1.5325 -0.677 0.0 1.3178 3 0 0 0 0
787218 100139 -8.652 0.329589843 0.33 0.9 0.79 0.12 0.21 0.0 0.0 1.1943 -0.6869 0.0 1.2829 3 0 0 0 0
787238 100136 -8.666 0.327148437 0.33 0.9 0.73 -0.03 0.3 0.0 0.0 1.448 -0.6736 0.0 1.2968 3 0 0 0 0
787259 100136 -8.666 0.327148437 0.33 0.9 0.61 -0.12 0.27 0.0 0.0 1.448 -0.6616 0.0 1.308 3 0 0 0 0
787279 100135 -8.652 0.325195312 0.33 0.9 0.67 -0.12 0.15 0.0 0.0 1.5325 -0.6436 0.0 1.3323 3 0 0 0 0
787300 100140 -8.666 0.328613281 0.33 0.9 0.67 -0.03 0.24 0.0 0.0 1.1098 -0.6614 0.0 1.2815 3 0 0 0 0
787320 100140 -8.659 0.328125 0.33 0.9 0.61 -0.03 0.15 0.0 0.0 1.1098 -0.6751 0.0 1.2396 3 0 0 0 0
787341 100137 -8.638 0.327148437 0.33 0.9 0.64 0.0 0.3 0.0 0.0 1.3634 -0.6652 0.0 1.2461 3 0 0 0 0
787361 100135 -8.665 0.325683593 0.33 0.9 0.61 0.0 0.09 0.0 0.0 1.5325 -0.6423 0.0 1.2807 3 0 0 0 0
787382 100133 -8.655 0.329101562 0.33 0.9 0.64 0.15 0.12 0.0 0.0 1.699 -0.6088 0.0 1.3373 3 0 0 0 0
787402 100140 -8.663 0.326660156 0.33 0.9 0.61 0.06 0.18 0.0 0.0 1.1098 -0.627 0.0 1.287 3 0 0 0 0
787423 100137 -8.659 0.326171875 0.33 0.9 0.7 0.0 0.21 0.0 0.0 1.3634 -0.6209 0.0 1.2866 3 0 0 0 0
787443 100142 -8.666 0.326660156 0.33 0.9 0.58 0.03 0.15 0.0 0.0 0.9407 -0.6486 0.0 1.2163 3 0 0 0 0
787464 100138 -8.666 0.329589843 0.33 0.9 0.55 0.03 0.21 0.0 0.0 1.2789 -0.6436 0.0 1.2132 3 0 0 0 0
787484 100135 -8.653 0.327148437 0.33 0.9 0.73 0.06 0.18 0.0 0.0 1.5325 -0.6181 0.0 1.2537 3 0 0 0 0
787505 100137 -8.661 0.330078125 0.33 0.9 0.61 0.06 0.12 0.0 0.0 1.3634 -0.6093 0.0 1.2591 3 0 0 0 0
787525 100136 -8.67 0.327636718 0.33 0.9 0.73 -0.03 0.15 0.0 0.0 1.448 -0.5942 0.0 1.2785 3 0 0 0 0
787546 100135 -8.65 0.327148437 0.33 0.9 0.64 0.12 0.15 0.0 0.0 1.5325 -0.5739 0.0 1.3086 3 0 0 0 0
787566 100138 -8.67 0.327148437 0.33 0.9 0.76 -0.06 0.24 0.0 0.0 1.2789 -0.5762 0.0 1.2921 3 0 0 0 0
787587 100138 -8.67 0.329101562 0.33 0.9 0.7 -0.06 0.12 0.0 0.0 1.2789 -0.5773 0.0 1.2778 3 0 0 0 0
787607 100141 -8.661 0.331054687 0.33 0.9 0.73 0.06 0.27 0.0 0.0 1.0252 -0.5975 0.0 1.224 3 0 0 0 0
787628 100139 -8.666 0.329101562 0.33 0.9 0.64 -0.12 0.27 0.0 0.0 1.1943 -0.5999 0.0 1.2065 3 0 0 0 0
787648 100140 -8.668 0.327636718 0.33 0.9 0.64 0.03 0.12 0.0 0.0 1.1098 -0.6076 0.0 1.1783 3 0 0 0 0
787668 100135 -8.67 0.328125 0.33 0.9 0.64 0.03 0.21 0.0 0.0 1.5325 -0.5793 0.0 1.2254 3 0 0 0 0
787689 100135 -8.644 0.322265625 0.33 0.9 0.52 -0.03 0.24 0.0 0.0 1.5325 -0.5547 0.0 1.2647 3 0 0 0 0
787709 100143 -8.637 0.327636718 0.33 0.9 0.73 0.46 0.21 0.0 0.0 0.8588 -0.5872 0.0 1.1857 3 0 0 0 0
787730 100136 -8.698 0.327636718 0.33 0.9 0.64 0.09 0.09 0.0 0.0 1.448 -0.5662 0.0 1.2172 3 0 0 0 0
787750 100140 -8.67 0.328125 0.33 0.9 0.64 0.06 0.12 0.0 0.0 1.1098 -0.5748 0.0 1.1879 3 0 0 0 0
787771 100139 -8.655 0.331054687 0.33 0.9 0.7 0.06 0.24 0.0 0.0 1.1943 -0.5743 0.0 1.1769 3 0 0 0 0
787791 100137 -8.65 0.329589843 0.33 0.9 0.49 -0.06 0.24 0.0 0.0 1.3634 -0.5594 0.0 1.1967 3 0 0 0 0
787812 100142 -8.665 0.326171875 0.33 0.9 0.55 -0.09 0.21 0.0 0.0 0.9407 -0.5798 0.0 1.1421 3 0 0 0 0
787832 100137 -8.661 0.325195312 0.33 0.9 0.61 -0.12 0.24 0.0 0.0 1.3634 -0.5621 0.0 1.1675 3 0 0 0 0
787853 100135 -8.674 0.324707031 0.33 0.91 0.67 -0.06 0.18 0.0 0.0 1.5325 -0.5329 0.0 1.2168 3 0 0 0 0
787873 100135 -8.652 0.326171875 0.33 0.9 0.49 -0.06 0.24 0.0 0.0 1.5325 -0.5077 0.0 1.259 3 0 0 0 0
787894 100135 -8.657 0.325195312 0.33 0.9 0.61 0.03 0.18 0.0 0.0 1.5325 -0.4858 0.0 1.2941 3 0 0 0 0
787914 100137 -8.659 0.327636718 0.34 0.9 0.52 0.12 0.03 0.0 0.0 1.3634 -0.4802 0.0 1.296 3 0 0 0 0
787935 100136 -8.681 0.323242187 0.33 0.9 0.58 -0.03 0.21 0.0 0.0 1.448 -0.4681 0.0 1.3113 3 0 0 0 0
787955 100135 -8.655 0.32421875 0.33 0.9 0.64 -0.03 0.21 0.0 0.0 1.5325 -0.4504 0.0 1.339 3 0 0 0 0
787976 100136 -8.655 0.325195312 0.33 0.9 0.58 0.0 0.21 0.0 0.0 1.448 -0.4416 0.0 1.3478 3 0 0 0 0
787996 100141 -8.659 0.326660156 0.33 0.9 0.61 -0.06 0.21 0.0 0.0 1.0252 -0.4675 0.0 1.285 3 0 0 0 0
788017 100139 -8.663 0.327636718 0.33 0.9 0.67 0.12 0.15 0.0 0.0 1.1943 -0.4747 0.0 1.26 3 0 0 0 0
788037 100142 -8.666 0.325195312 0.33 0.9 0.58 -0.03 0.15 0.0 0.0 0.9407 -0.5002 0.0 1.1971 3 0 0 0 0
788058 100139 -8.659 0.327148437 0.33 0.9 0.58 0.09 0.12 0.0 0.0 1.1943 -0.5005 0.0 1.1861 3 0 0 0 0
788078 100138 -8.681 0.326660156 0.33 0.9 0.7 0.0 0.15 0.0 0.0 1.2789 -0.493 0.0 1.1916 3 0 0 0 0
788099 100140 -8.665 0.330078125 0.34 0.91 0.55 0.09 0.12 0.0 0.0 1.1098 -0.4996 0.0 1.1676 3 0 0 0 0
788119 100136 -8.666 0.328613281 0.33 0.9 0.58 0.0 0.12 0.0 0.0 1.448 -0.4772 0.0 1.2045 3 0 0 0 0
788140 100134 -8.672 0.331054687 0.33 0.9 0.76 0.03 0.06 0.0 0.0 1.6145 -0.4444 0.0 1.2631 3 0 0 0 0
788160 100139 -8.678 0.324707031 0.33 0.9 0.7 0.12 0.18 0.0 0.0 1.1943 -0.4499 0.0 1.2427 3 0 0 0 0
788180 100136 -8.655 0.327636718 0.33 0.9 0.61 -0.15 0.27 0.0 0.0 1.448 -0.4334 0.0 1.268 3 0 0 0 0
788201 100137 -8.674 0.330566406 0.33 0.9 0.58 -0.03 0.12 0.0 0.0 1.3634 -0.4258 0.0 1.2749 3 0 0 0 0
788221 100131 -8.678 0.328125 0.33 0.9 0.73 0.0 0.24 0.0 0.0 1.8681 -0.3784 0.0 1.3656 3 0 0 0 0
788242 100134 -8.68 0.325683593 0.33 0.9 0.58 -0.09 0.12 0.0 0.0 1.6145 -0.3584 0.0 1.3993 3 0 0 0 0
788262 100139 -8.68 0.326660156 0.33 0.9 0.7 -0.03 0.27 0.0 0.0 1.1943 -0.3748 0.0 1.3579 3 0 0 0 0
788283 100137 -8.678 0.326171875 0.33 0.9 0.7 0.09 0.24 0.0 0.0 1.3634 -0.3744 0.0 1.3509 3 0 0 0 0
788303 100135 -8.683 0.328125 0.34 0.9 0.67 0.06 0.3 0.0 0.0 1.5325 -0.3599 0.0 1.3738 3 0 0 0 0
788324 100137 -8.674 0.325195312 0.33 0.9 0.73 0.12 0.09 0.0 0.0 1.3634 -0.3607 0.0 1.3645 3 0 0 0 0
788344 100136 -8.674 0.329101562 0.33 0.9 0.52 0.03 0.21 0.0 0.0 1.448 -0.354 0.0 1.3713 3 0 0 0 0
788365 100134 -8.67 0.327636718 0.33 0.9 0.61 0.0 0.24 0.0 0.0 1.6145 -0.3346 0.0 1.4045 3 0 0 0 0
788385 100138 -8.685 0.327148437 0.33 0.9 0.7 0.15 0.4 0.0 0.0 1.2789 -0.3446 0.0 1.3768 3 0 0 0 0
788406 100137 -8.674 0.324707031 0.33 0.9 0.61 0.03 0.09 0.0 0.0 1.3634 -0.3457 0.0 1.3674 3 0 0 0 0
788426 100147 -8.659 0.328613281 0.33 0.9 0.7 0.12 0.24 0.0 0.0 0.5205 -0.4134 0.0 1.2188 3 0 0 0 0
788447 100137 -8.678 0.326171875 0.33 0.9 0.7 0.06 0.21 0.0 0.0 1.3634 -0.4019 0.0 1.2343 3 0 0 0 0
788467 100137 -8.668 0.326660156 0.33 0.9 0.61 0.0 0.27 0.0 0.0 1.3634 -0.3915 0.0 1.2479 3 0 0 0 0
788488 100142 -8.681 0.326171875 0.33 0.9 0.73 0.06 0.18 0.0 0.0 0.9407 -0.4161 0.0 1.1882 3 0 0 0 0
788508 100137 -8.676 0.325195312 0.33 0.9 0.58 -0.06 0.21 0.0 0.0 1.3634 -0.4021 0.0 1.2092 3 0 0 0 0
788529 100135 -8.685 0.328613281 0.33 0.9 0.61 0.0 0.12 0.0 0.0 1.5325 -0.3762 0.0 1.2549 3 0 0 0 0
788549 100141 -8.68 0.330078125 0.33 0.9 0.58 -0.03 0.18 0.0 0.0 1.0252 -0.3946 0.0 1.2089 3 0 0 0 0
788570 100138 -8.657 0.326660156 0.33 0.9 0.67 -0.06 0.21 0.0 0.0 1.2789 -0.389 0.0 1.2124 3 0 0 0 0
788590 100139 -8.672 0.324707031 0.33 0.9 0.58 -0.09 0.06 0.0 0.0 1.1943 -0.3905 0.0 1.2016 3 0 0 0 0
788611 100140 -8.665 0.328613281 0.33 0.9 0.64 0.03 0.12 0.0 0.0 1.1098 -0.3978 0.0 1.178 3 0 0 0 0
788631 100139 -8.674 0.327636718 0.33 0.9 0.52 0.09 0.18 0.0 0.0 1.1943 -0.3965 0.0 1.1728 3 0 0 0 0
788652 100136 -8.685 0.328613281 0.33 0.9 0.52 0.0 0.3 0.0 0.0 1.448 -0.3745 0.0 1.2105 3 0 0 0 0
788672 100136 -8.696 0.327148437 0.33 0.9 0.58 -0.06 0.21 0.0 0.0 1.448 -0.3555 0.0 1.2428 3 0 0 0 0
788692 100137 -8.674 0.326660156 0.33 0.9 0.82 -0.03 0.27 0.0 0.0 1.3634 -0.3458 0.0 1.2558 3 0 0 0 0
788713 100139 -8.676 0.325683593 0.33 0.9 0.82 -0.3 0.03 0.0 0.0 1.1943 -0.3507 0.0 1.2383 3 0 0 0 0
788733 100136 -8.696 0.325195312 0.33 0.9 0.64 0.0 0.18 0.0 0.0 1.448 -0.334 0.0 1.2663 3 0 0 0 0
788754 100141 -8.689 0.32421875 0.33 0.9 0.73 0.0 0.3 0.0 0.0 1.0252 -0.3533 0.0 1.219 3 0 0 0 0
788774 100135 -8.676 0.325195312 0.33 0.9 0.61 0.03 0.27 0.0 0.0 1.5325 -0.3282 0.0 1.2644 3 0 0 0 0
788795 100136 -8.696 0.327636718 0.33 0.9 0.64 0.03 0.06 0.0 0.0 1.448 -0.3135 0.0 1.2882 3 0 0 0 0
788815 100137 -8.678 0.326660156 0.33 0.9 0.76 0.09 0.21 0.0 0.0 1.3634 -0.3075 0.0 1.2945 3 0 0 0 0
788836 100137 -8.657 0.321777343 0.34 0.9 0.64 0.03 0.24 0.0 0.0 1.3634 -0.3019 0.0 1.2996 3 0 0 0 0
788856 100139 -8.691 0.327148437 0.33 0.9 0.85 0.03 0.24 0.0 0.0 1.1943 -0.3104 0.0 1.276 3 0 0 0 0
788877 100133 -8.681 0.32421875 0.33 0.9 0.7 -0.06 0.21 0.0 0.0 1.699 -0.2765 0.0 1.3402 3 0 0 0 0
788897 100137 -8.698 0.327636718 0.33 0.9 0.7 0.0 0.21 0.0 0.0 1.3634 -0.2747 0.0 1.3386 3 0 0 0 0
788918 100136 -8.68 0.326660156 0.33 0.9 0.58 0.0 0.24 0.0 0.0 1.448 -0.2659 0.0 1.3511 3 0 0 0 0
788938 100138 -8.687 0.326171875 0.33 0.9 0.58 0.06 0.12 0.0 0.0 1.2789 -0.2717 0.0 1.3337 3 0 0 0 0
788959 100142 -8.678 0.326171875 0.33 0.9 0.7 0.03 0.21 0.0 0.0 0.9407 -0.3031 0.0 1.2622 3 0 0 0 0
788979 100135 -8.681 0.326171875 0.33 0.9 0.79 -0.12 0.15 0.0 0.0 1.5325 -0.2815 0.0 1.3014 3 0 0 0 0
789000 100138 -8.685 0.326171875 0.34 0.9 0.61 0.09 0.15 0.0 0.0 1.2789 -0.2833 0.0 1.2917 3 0 0 0 0
789020 100137 -8.7 0.324707031 0.33 0.9 0.58 0.0 0.24 0.0 0.0 1.3634 -0.2776 0.0 1.298 3 0 0 0 0
789041 100134 -8.694 0.327148437 0.33 0.9 0.61 -0.09 0.24 0.0 0.0 1.6145 -0.2523 0.0 1.3452 3 0 0 0 0
789061 100135 -8.689 0.325683593 0.33 0.9 0.7 0.06 0.34 0.0 0.0 1.5325 -0.2373 0.0 1.3715 3 0 0 0 0
789082 100131 -8.687 0.324707031 0.33 0.9 0.67 0.03 0.0 0.0 0.0 1.8681 -0.1976 0.0 1.4496 3 0 0 0 0
789102 100133 -8.694 0.333007812 0.34 0.91 0.76 -0.15 0.15 0.0 0.0 1.699 -0.1776 0.0 1.4874 3 0 0 0 0
789123 100139 -8.704 0.328125 0.33 0.9 0.76 0.15 0.24 0.0 0.0 1.1943 -0.201 0.0 1.4346 3 0 0 0 0
789143 100136 -8.691 0.329589843 0.33 0.9 0.64 0.0 0.27 0.0 0.0 1.448 -0.2 0.0 1.4328 3 0 0 0 0
789164 100139 -8.696 0.325683593 0.33 0.9 0.55 0.0 0.18 0.0 0.0 1.1943 -0.2191 0.0 1.3887 3 0 0 0 0
789184 100138 -8.702 0.325195312 0.33 0.9 0.73 -0.09 0.15 0.0 0.0 1.2789 -0.2278 0.0 1.366 3 0 0 0 0
789204 100140 -8.694 0.329589843 0.33 0.9 0.64 -0.03 0.15 0.0 0.0 1.1098 -0.2483 0.0 1.3185 3 0 0 0 0
789225 100140 -8.691 0.328125 0.33 0.9 0.52 -0.06 0.24 0.0 0.0 1.1098 -0.265 0.0 1.2784 3 0 0 0 0
789245 100141 -8.698 0.327636718 0.33 0.9 0.49 -0.03 0.24 0.0 0.0 1.0252 -0.2853 0.0 1.2307 3 0 0 0 0
789266 100139 -8.693 0.328125 0.33 0.9 0.58 -0.12 0.12 0.0 0.0 1.1943 -0.2882 0.0 1.2186 3 0 0 0 0
789286 100137 -8.681 0.326171875 0.33 0.9 0.67 0.06 0.18 0.0 0.0 1.3634 -0.2766 0.0 1.2371 3 0 0 0 0
789307 100140 -8.698 0.326660156 0.33 0.9 0.58 0.03 0.18 0.0 0.0 1.1098 -0.2868 0.0 1.21 3 0 0 0 0
789327 100136 -8.7 0.326660156 0.33 0.9 0.61 0.15 0.12 0.0 0.0 1.448 -0.2678 0.0 1.2441 3 0 0 0 0
789348 100138 -8.708 0.328125 0.33 0.9 0.61 0.09 0.15 0.0 0.0 1.2789 -0.265 0.0 1.2443 3 0 0 0 0
789368 100135 -8.715 0.328125 0.33 0.9 0.67 -0.12 0.15 0.0 0.0 1.5325 -0.2419 0.0 1.2872 3 0 0 0 0
789389 100137 -8.691 0.327148437 0.33 0.9 0.73 -0.03 0.18 0.0 0.0 1.3634 -0.2358 0.0 1.2949 3 0 0 0 0
789409 100135 -8.702 0.328125 0.33 0.9 0.67 0.06 0.27 0.0 0.0 1.5325 -0.2168 0.0 1.3299 3 0 0 0 0
789430 100140 -8.698 0.327636718 0.33 0.9 0.64 0.03 0.34 0.0 0.0 1.1098 -0.2344 0.0 1.2885 3 0 0 0 0
789450 100135 -8.702 0.326660156 0.33 0.9 0.64 0.0 0.24 0.0 0.0 1.5325 -0.2149 0.0 1.3247 3 0 0 0 0
789471 100140 -8.696 0.327636718 0.33 0.9 0.55 0.0 0.15 0.0 0.0 1.1098 -0.2321 0.0 1.2842 3 0 0 0 0
789491 100138 -8.715 0.327636718 0.33 0.9 0.52 -0.06 0.24 0.0 0.0 1.2789 -0.2325 0.0 1.2787 3 0 0 0 0
789512 100138 -8.696 0.326171875 0.33 0.9 0.58 0.15 0.24 0.0 0.0 1.2789 -0.2325 0.0 1.2738 3 0 0 0 0
789532 100142 -8.698 0.326171875 0.33 0.91 0.67 0.15 0.15 0.0 0.0 0.9407 -0.2591 0.0 1.2134 3 0 0 0 0
789553 100139 -8.704 0.328125 0.33 0.9 0.7 0.12 0.15 0.0 0.0 1.1943 -0.2607 0.0 1.2048 3 0 0 0 0
789573 100136 -8.709 0.325195312 0.33 0.9 0.73 -0.09 0.21 0.0 0.0 1.448 -0.2412 0.0 1.2403 3 0 0 0 0
789594 100138 -8.689 0.324707031 0.33 0.9 0.73 0.03 0.21 0.0 0.0 1.2789 -0.2381 0.0 1.2417 3 0 0 0 0
789614 100135 -8.709 0.326660156 0.33 0.9 0.58 -0.06 0.24 0.0 0.0 1.5325 -0.2149 0.0 1.2856 3 0 0 0 0
789635 100135 -8.698 0.323730468 0.33 0.9 0.7 -0.03 0.24 0.0 0.0 1.5325 -0.1951 0.0 1.3224 3 0 0 0 0
789655 100139 -8.708 0.325683593 0.33 0.9 0.61 0.12 0.21 0.0 0.0 1.1943 -0.2053 0.0 1.2971 3 0 0 0 0
789676 100134 -8.713 0.327636718 0.33 0.9 0.67 0.09 0.27 0.0 0.0 1.6145 -0.1799 0.0 1.3459 3 0 0 0 0
789696 100135 -8.711 0.325683593 0.33 0.9 0.64 0.09 0.24 0.0 0.0 1.5325 -0.165 0.0 1.3735 3 0 0 0 0
789716 100135 -8.709 0.325195312 0.33 0.9 0.06 -0.43 0.15 0.0 0.0 1.5325 -0.1523 0.0 1.3968 3 0 0 0 0
789737 100135 -8.745 0.325683593 0.33 0.9 0.7 0.06 0.12 0.0 0.0 1.5325 -0.1414 0.0 1.4163 3 0 0 0 0
789757 100136 -8.696 0.328125 0.33 0.9 0.67 -0.09 0.15 0.0 0.0 1.448 -0.1389 0.0 1.4188 3 0 0 0 0
789778 100138 -8.717 0.325683593 0.33 0.9 0.52 0.03 0.18 0.0 0.0 1.2789 -0.1501 0.0 1.3925 3 0 0 0 0
789798 100137 -8.704 0.326171875 0.33 0.9 0.79 0.0 0.3 0.0 0.0 1.3634 -0.1524 0.0 1.3846 3 0 0 0 0
789819 100131 -8.721 0.326660156 0.33 0.9 0.7 0.03 0.09 0.0 0.0 1.8681 -0.1137 0.0 1.4623 3 0 0 0 0
789839 100139 -8.696 0.326660156 0.33 0.9 0.67 -0.06 0.27 0.0 0.0 1.1943 -0.1352 0.0 1.4152 3 0 0 0 0
789860 100138 -8.711 0.329101562 0.33 0.9 0.61 0.03 0.21 0.0 0.0 1.2789 -0.1461 0.0 1.3896 3 0 0 0 0
789880 100137 -8.724 0.32421875 0.33 0.9 0.58 0.06 0.21 0.0 0.0 1.3634 -0.1482 0.0 1.3823 3 0 0 0 0
789901 100139 -8.693 0.327636718 0.33 0.9 0.7 0.03 0.15 0.0 0.0 1.1943 -0.1632 0.0 1.3477 3 0 0 0 0
789921 100141 -8.7 0.326660156 0.33 0.9 0.55 0.06 0.12 0.0 0.0 1.0252 -0.189 0.0 1.2905 3 0 0 0 0
789942 100141 -8.713 0.326171875 0.33 0.9 0.73 -0.09 0.3 0.0 0.0 1.0252 -0.2102 0.0 1.2421 3 0 0 0 0
789962 100136 -8.715 0.326171875 0.33 0.9 0.55 0.03 0.21 0.0 0.0 1.448 -0.1938 0.0 1.2724 3 0 0 0 0
789983 100137 -8.698 0.325683593 0.33 0.9 0.64 -0.06 0.21 0.0 0.0 1.3634 -0.1865 0.0 1.2835 3 0 0 0 0
790003 100132 -8.715 0.328125 0.33 0.9 0.43 0.09 0.15 0.0 0.0 1.7836 -0.1465 0.0 1.3635 3 0 0 0 0
790024 100137 -8.734 0.327636718 0.34 0.9 0.67 -0.09 0.21 0.0 0.0 1.3634 -0.1465 0.0 1.3604 3 0 0 0 0
790044 100139 -8.708 0.32421875 0.33 0.9 0.73 -0.09 0.18 0.0 0.0 1.1943 -0.1598 0.0 1.3297 3 0 0 0 0
790065 100138 -8.713 0.323730468 0.33 0.9 0.64 -0.09 0.15 0.0 0.0 1.2789 -0.1638 0.0 1.3178 3 0 0 0 0
790085 100138 -8.711 0.326660156 0.33 0.9 0.67 -0.03 0.09 0.0 0.0 1.2789 -0.1669 0.0 1.308 3 0 0 0 0
790106 100136 -8.721 0.331054687 0.34 0.91 0.61 0.03 0.15 0.0 0.0 1.448 -0.1557 0.0 1.3279 3 0 0 0 0
790126 100134 -8.706 0.327148437 0.33 0.9 0.76 -0.09 0.12 0.0 0.0 1.6145 -0.1328 0.0 1.3728 3 0 0 0 0
790147 100138 -8.708 0.327148437 0.33 0.9 0.58 0.0 0.03 0.0 0.0 1.2789 -0.1403 0.0 1.3543 3 0 0 0 0
790167 100137 -8.728 0.325195312 0.33 0.9 0.7 0.06 0.21 0.0 0.0 1.3634 -0.1396 0.0 1.353 3 0 0 0 0
790188 100135 -8.706 0.327148437 0.33 0.9 0.64 0.06 0.15 0.0 0.0 1.5325 -0.1252 0.0 1.3801 3 0 0 0 0
790208 100139 -8.709 0.326171875 0.33 0.9 0.61 0.0 0.4 0.0 0.0 1.1943 -0.1401 0.0 1.3465 3 0 0 0 0
790228 100141 -8.713 0.329589843 0.33 0.9 0.64 0.0 0.18 0.0 0.0 1.0252 -0.1658 0.0 1.29 3 0 0 0 0
790249 100141 -8.723 0.328613281 0.33 0.9 0.55 -0.06 0.15 0.0 0.0 1.0252 -0.187 0.0 1.2422 3 0 0 0 0
790269 100137 -8.711 0.327148437 0.34 0.9 0.64 0.03 0.27 0.0 0.0 1.3634 -0.1773 0.0 1.2587 3 0 0 0 0
790290 100137 -8.715 0.326660156 0.33 0.9 0.64 0.18 0.27 0.0 0.0 1.3634 -0.1689 0.0 1.2725 3 0 0 0 0
790310 100135 -8.713 0.327636718 0.33 0.9 0.64 -0.03 0.18 0.0 0.0 1.5325 -0.1481 0.0 1.3126 3 0 0 0 0
790331 100136 -8.726 0.328125 0.33 0.9 0.55 -0.09 0.09 0.0 0.0 1.448 -0.1373 0.0 1.3322 3 0 0 0 0
790351 100140 -8.723 0.328125 0.33 0.9 0.64 0.03 0.15 0.0 0.0 1.1098 -0.1551 0.0 1.2922 3 0 0 0 0
790372 100138 -8.704 0.327636718 0.33 0.9 0.61 0.0 0.21 0.0 0.0 1.2789 -0.1561 0.0 1.2867 3 0 0 0 0
790392 100138 -8.709 0.324707031 0.33 0.9 0.61 0.03 0.12 0.0 0.0 1.2789 -0.1568 0.0 1.2823 3 0 0 0 0
790413 100134 -8.711 0.328125 0.33 0.9 0.61 0.03 0.24 0.0 0.0 1.6145 -0.1302 0.0 1.3346 3 0 0 0 0
790433 100140 -8.717 0.326171875 0.33 0.9 0.67 0.09 0.37 0.0 0.0 1.1098 -0.1482 0.0 1.2944 3 0 0 0 0
790454 100139 -8.732 0.325195312 0.34 0.9 0.7 -0.03 0.18 0.0 0.0 1.1943 -0.1562 0.0 1.2745 3 0 0 0 0
790474 100138 -8.708 0.326171875 0.33 0.9 0.61 -0.03 0.18 0.0 0.0 1.2789 -0.1558 0.0 1.2721 3 0 0 0 0
790495 100136 -8.706 0.327148437 0.33 0.9 0.67 0.0 0.15 0.0 0.0 1.448 -0.1418 0.0 1.2983 3 0 0 0 0
790515 100139 -8.709 0.328125 0.33 0.9 0.55 -0.06 0.18 0.0 0.0 1.1943 -0.1501 0.0 1.2781 3 0 0 0 0
790536 100137 -8.728 0.325683593 0.33 0.9 0.52 0.03 0.21 0.0 0.0 1.3634 -0.1432 0.0 1.2892 3 0 0 0 0
790556 100134 -8.721 0.328613281 0.33 0.9 0.58 0.15 0.21 0.0 0.0 1.6145 -0.1172 0.0 1.3408 3 0 0 0 0
790577 100138 -8.724 0.329589843 0.33 0.9 0.7 -0.06 0.24 0.0 0.0 1.2789 -0.1222 0.0 1.3279 3 0 0 0 0
790597 100140 -8.717 0.325683593 0.33 0.9 0.52 -0.09 0.24 0.0 0.0 1.1098 -0.1396 0.0 1.289 3 0 0 0 0
790618 100138 -8.721 0.326171875 0.33 0.9 0.64 -0.03 0.18 0.0 0.0 1.2789 -0.1404 0.0 1.2844 3 0 0 0 0
790638 100135 -8.728 0.327148437 0.33 0.9 0.7 -0.06 0.18 0.0 0.0 1.5325 -0.1206 0.0 1.3231 3 0 0 0 0
790659 100138 -8.732 0.327636718 0.33 0.9 0.58 -0.09 0.21 0.0 0.0 1.2789 -0.1241 0.0 1.3132 3 0 0 0 0
790679 100138 -8.732 0.326171875 0.33 0.9 0.7 0.12 0.21 0.0 0.0 1.2789 -0.1269 0.0 1.3049 3 0 0 0 0
790700 100138 -8.73 0.325683593 0.33 0.9 0.67 -0.03 0.27 0.0 0.0 1.2789 -0.1289 0.0 1.2979 3 0 0 0 0
790720 100135 -8.751 0.329589843 0.33 0.9 0.67 0.46 0.18 0.0 0.0 1.5325 -0.1102 0.0 1.3346 3 0 0 0 0
790740 100141 -8.736 0.325195312 0.33 0.9 0.64 0.0 0.03 0.0 0.0 1.0252 -0.1349 0.0 1.2806 3 0 0 0 0
790761 100132 -8.741 0.325683593 0.33 0.9 0.61 0.0 0.24 0.0 0.0 1.7836 -0.0947 0.0 1.362 3 0 0 0 0
790781 100136 -8.734 0.329101562 0.33 0.9 0.76 -0.03 0.18 0.0 0.0 1.448 -0.0878 0.0 1.3745 3 0 0 0 0
790802 100140 -8.745 0.323730468 0.33 0.9 0.7 0.0 0.09 0.0 0.0 1.1098 -0.109 0.0 1.3283 3 0 0 0 0
790822 100137 -8.745 0.324707031 0.33 0.9 0.64 -0.12 0.18 0.0 0.0 1.3634 -0.1062 0.0 1.332 3 0 0 0 0
790843 100135 -8.732 0.323730468 0.33 0.91 0.73 -0.06 0.27 0.0 0.0 1.5325 -0.0901 0.0 1.3634 3 0 0 0 0
790863 100136 -8.719 0.323730468 0.33 0.9 0.7 0.0 0.3 0.0 0.0 1.448 -0.0834 0.0 1.3757 3 0 0 0 0
790884 100135 -8.736 0.325683593 0.33 0.9 0.64 -0.03 0.12 0.0 0.0 1.5325 -0.0708 0.0 1.4002 3 0 0 0 0
790904 100138 -8.747 0.323730468 0.33 0.9 0.73 0.0 0.15 0.0 0.0 1.2789 -0.0805 0.0 1.3785 3 0 0 0 0
790925 100134 -8.711 0.328613281 0.33 0.9 0.73 0.03 0.03 0.0 0.0 1.6145 -0.0616 0.0 1.4163 3 0 0 0 0
790945 100136 -8.717 0.330566406 0.33 0.9 0.76 0.06 0.24 0.0 0.0 1.448 -0.0591 0.0 1.4204 3 0 0 0 0
790966 100136 -8.743 0.327148437 0.33 0.9 0.76 -0.15 0.27 0.0 0.0 1.448 -0.0569 0.0 1.4238 3 0 0 0 0
790986 100140 -8.726 0.327148437 0.33 0.9 0.73 -0.03 0.15 0.0 0.0 1.1098 -0.082 0.0 1.3701 3 0 0 0 0
791007 100135 -8.724 0.329589843 0.33 0.9 0.82 -0.09 0.15 0.0 0.0 1.5325 -0.069 0.0 1.3956 3 0 0 0 0
791027 100139 -8.732 0.328125 0.33 0.9 0.67 0.03 0.21 0.0 0.0 1.1943 -0.0851 0.0 1.3605 3 0 0 0 0
791048 100136 -8.734 0.329101562 0.33 0.9 0.7 0.15 0.18 0.0 0.0 1.448 -0.0781 0.0 1.3734 3 0 0 0 0
791068 100141 -8.732 0.327636718 0.33 0.9 0.85 -0.15 0.24 0.0 0.0 1.0252 -0.106 0.0 1.3136 3 0 0 0 0
791089 100137 -8.728 0.326660156 0.33 0.9 0.7 -0.03 0.24 0.0 0.0 1.3634 -0.102 0.0 1.3197 3 0 0 0 0
791109 100140 -8.728 0.330566406 0.34 0.91 0.64 0.0 0.27 0.0 0.0 1.1098 -0.1188 0.0 1.2825 3 0 0 0 0
791130 100137 -8.745 0.326660156 0.33 0.9 0.58 0.03 0.3 0.0 0.0 1.3634 -0.1123 0.0 1.2936 3 0 0 0 0
791150 100136 -8.73 0.326660156 0.33 0.9 0.64 0.03 0.15 0.0 0.0 1.448 -0.0999 0.0 1.3172 3 0 0 0 0
791171 100137 -8.723 0.325683593 0.33 0.9 0.67 -0.06 0.09 0.0 0.0 1.3634 -0.0962 0.0 1.3228 3 0 0 0 0
791191 100136 -8.737 0.330078125 0.34 0.9 0.76 -0.06 0.12 0.0 0.0 1.448 -0.0862 0.0 1.3418 3 0 0 0 0
791212 100137 -8.728 0.326171875 0.33 0.9 0.7 -0.06 0.06 0.0 0.0 1.3634 -0.0845 0.0 1.3436 3 0 0 0 0
791232 100138 -8.752 0.328613281 0.33 0.9 0.73 0.06 0.12 0.0 0.0 1.2789 -0.0897 0.0 1.3311 3 0 0 0 0
791252 100136 -8.709 0.328613281 0.33 0.9 0.58 0.0 0.18 0.0 0.0 1.448 -0.0803 0.0 1.3489 3 0 0 0 0
791273 100141 -8.737 0.324707031 0.33 0.9 0.55 -0.03 0.18 0.0 0.0 1.0252 -0.1062 0.0 1.293 3 0 0 0 0
791293 100140 -8.728 0.327148437 0.33 0.9 0.64 0.0 0.09 0.0 0.0 1.1098 -0.1209 0.0 1.2602 3 0 0 0 0
791314 100132 -8.734 0.328125 0.33 0.9 0.64 0.03 0.18 0.0 0.0 1.7836 -0.079 0.0 1.3453 3 0 0 0 0
791334 100140 -8.724 0.325683593 0.33 0.9 0.64 0.06 0.06 0.0 0.0 1.1098 -0.0979 0.0 1.3043 3 0 0 0 0
791355 100136 -8.745 0.326171875 0.33 0.9 0.73 -0.18 0.21 0.0 0.0 1.448 -0.0864 0.0 1.3263 3 0 0 0 0
791375 100137 -8.739 0.327636718 0.33 0.9 0.76 -0.12 0.15 0.0 0.0 1.3634 -0.0834 0.0 1.3308 3 0 0 0 0
791396 100138 -8.747 0.325195312 0.34 0.91 0.64 0.12 0.24 0.0 0.0 1.2789 -0.0875 0.0 1.3203 3 0 0 0 0
791416 100135 -8.749 0.327148437 0.34 0.9 0.61 0.09 0.18 0.0 0.0 1.5325 -0.0706 0.0 1.3541 3 0 0 0 0
791437 100142 -8.747 0.326660156 0.33 0.9 0.67 0.06 0.37 0.0 0.0 0.9407 -0.1036 0.0 1.2834 3 0 0 0 0
791457 100141 -8.752 0.327148437 0.33 0.9 0.82 0.0 0.3 0.0 0.0 1.0252 -0.1243 0.0 1.2381 3 0 0 0 0
791478 100135 -8.741 0.328125 0.33 0.9 0.61 -0.09 0.15 0.0 0.0 1.5325 -0.1007 0.0 1.2848 3 0 0 0 0
791498 100139 -8.751 0.327148437 0.33 0.9 0.55 0.06 0.15 0.0 0.0 1.1943 -0.108 0.0 1.2677 3 0 0 0 0
791519 100136 -8.739 0.329101562 0.34 0.9 0.61 0.06 0.27 0.0 0.0 1.448 -0.0936 0.0 1.2956 3 0 0 0 0
791539 100134 -8.754 0.329101562 0.33 0.9 0.76 0.06 0.12 0.0 0.0 1.6145 -0.068 0.0 1.3471 3 0 0 0 0
791560 100141 -8.756 0.327148437 0.33 0.9 0.55 0.03 0.21 0.0 0.0 1.0252 -0.0938 0.0 1.2918 3 0 0 0 0
791580 100144 -8.743 0.324707031 0.33 0.9 0.7 0.06 0.15 0.0 0.0 0.7742 -0.1352 0.0 1.2033 3 0 0 0 0
791601 100135 -8.743 0.326171875 0.33 0.9 0.76 0.03 0.18 0.0 0.0 1.5325 -0.1089 0.0 1.2556 3 0 0 0 0
791621 100141 -8.764 0.325195312 0.33 0.9 0.79 -0.03 0.27 0.0 0.0 1.0252 -0.1273 0.0 1.2149 3 0 0 0 0
791642 100139 -8.732 0.326660156 0.33 0.9 0.64 -0.03 0.18 0.0 0.0 1.1943 -0.1289 0.0 1.2087 3 0 0 0 0
791662 100138 -8.756 0.325683593 0.33 0.9 0.67 -0.06 0.18 0.0 0.0 1.2789 -0.1233 0.0 1.2179 3 0 0 0 0
791683 100139 -8.758 0.324707031 0.33 0.9 0.79 0.0 0.24 0.0 0.0 1.1943 -0.1252 0.0 1.2114 3 0 0 0 0
791703 100137 -8.752 0.327148437 0.33 0.9 0.67 -0.09 0.09 0.0 0.0 1.3634 -0.113 0.0 1.2343 3 0 0 0 0
791724 100133 -8.736 0.325195312 0.33 0.9 0.49 -0.64 0.24 0.0 0.0 1.699 -0.0759 0.0 1.3097 3 0 0 0 0
791744 100133 -8.764 0.328613281 0.33 0.9 0.58 -0.03 0.21 0.0 0.0 1.699 -0.0447 0.0 1.3733 3 0 0 0 0
791764 100138 -8.762 0.327636718 0.33 0.9 0.79 -0.12 0.24 0.0 0.0 1.2789 -0.0523 0.0 1.3566 4 0 0 0 0
791785 100140 -8.76 0.326660156 0.33 0.9 0.58 0.03 0.24 0.0 0.0 1.1098 -0.072 0.0 1.3142 4 0 0 0 0
791805 100140 -8.734 0.327636718 0.33 0.9 0.64 0.03 0.15 0.0 0.0 1.1098 -0.0884 0.0 1.2786 4 0 0 0 0
791826 100137 -8.747 0.328613281 0.33 0.9 0.55 -0.12 0.18 0.0 0.0 1.3634 -0.0816 0.0 1.2909 4 0 0 0 0
791846 100139 -8.76 0.325683593 0.33 0.9 0.67 -0.15 0.24 0.0 0.0 1.1943 -0.0893 0.0 1.2731 4 0 0 0 0
791867 100135 -8.756 0.327636718 0.33 0.9 0.64 0.06 0.34 0.0 0.0 1.5325 -0.0686 0.0 1.3147 4 0 0 0 0
791887 100134 -8.747 0.327636718 0.33 0.9 0.64 0.06 0.21 0.0 0.0 1.6145 -0.0446 0.0 1.3635 4 0 0 0 0
791908 100137 -8.764 0.323730468 0.33 0.9 0.7 0.15 0.18 0.0 0.0 1.3634 -0.0446 0.0 1.3625 4 0 0 0 0
791928 100137 -8.754 0.325683593 0.33 0.9 0.55 0.0 0.27 0.0 0.0 1.3634 -0.0445 0.0 1.3618 4 0 0 0 0
791949 100142 -8.752 0.325683593 0.33 0.9 0.61 -0.03 0.18 0.0 0.0 0.9407 -0.0782 0.0 1.2904 4 0 0 0 0
791969 100137 -8.758 0.327636718 0.33 0.9 0.55 -0.09 0.03 0.0 0.0 1.3634 -0.0723 0.0 1.301 4 0 0 0 0
791990 100139 -8.741 0.327148437 0.33 0.9 0.64 0.09 0.3 0.0 0.0 1.1943 -0.0809 0.0 1.2816 4 0 0 0 0
792010 100138 -8.751 0.326660156 0.33 0.9 0.73 -0.12 0.24 0.0 0.0 1.2789 -0.0811 0.0 1.2796 4 0 0 0 0
792031 100134 -8.766 0.325683593 0.33 0.9 0.58 0.06 0.12 0.0 0.0 1.6145 -0.0543 0.0 1.3339 4 0 0 0 0
792051 100134 -8.756 0.325195312 0.33 0.9 0.58 0.0 0.21 0.0 0.0 1.6145 -0.0319 0.0 1.3798 4 0 0 0 0
792072 100139 -8.76 0.328125 0.33 0.9 0.73 -0.06 0.18 0.0 0.0 1.1943 -0.0467 0.0 1.3481 4 0 0 0 0
792092 100143 -8.786 0.328613281 0.33 0.9 0.58 -0.03 0.12 0.0 0.0 0.8588 -0.0858 0.0 1.2653 4 0 0 0 0
792113 100139 -8.745 0.328613281 0.33 0.9 0.67 -0.03 0.24 0.0 0.0 1.1943 -0.0915 0.0 1.2516 4 0 0 0 0
792133 100134 -8.758 0.328613281 0.33 0.9 0.73 0.09 0.21 0.0 0.0 1.6145 -0.0625 0.0 1.3105 4 0 0 0 0
792154 100138 -8.762 0.326660156 0.33 0.9 0.67 0.0 0.12 0.0 0.0 1.2789 -0.065 0.0 1.3039 4 0 0 0 0
792174 100139 -8.766 0.326660156 0.33 0.9 0.58 -0.09 0.18 0.0 0.0 1.1943 -0.0738 0.0 1.2842 4 0 0 0 0
792195 100139 -8.769 0.326660156 0.33 0.9 0.58 -0.09 0.34 0.0 0.0 1.1943 -0.081 0.0 1.2676 4 0 0 0 0
792215 100139 -8.756 0.326171875 0.33 0.9 0.52 0.0 0.18 0.0 0.0 1.1943 -0.0868 0.0 1.2538 4 0 0 0 0
792236 100135 -8.758 0.328613281 0.33 0.9 0.82 -0.06 0.21 0.0 0.0 1.5325 -0.0645 0.0 1.2986 4 0 0 0 0
792256 100139 -8.771 0.326171875 0.33 0.9 0.73 -0.09 0.12 0.0 0.0 1.1943 -0.0729 0.0 1.2799 4 0 0 0 0
792276 100135 -8.769 0.327636718 0.33 0.9 0.61 -0.06 0.09 0.0 0.0 1.5325 -0.0527 0.0 1.3207 4 0 0 0 0
792297 100133 -8.758 0.325683593 0.33 0.9 0.67 0.03 0.09 0.0 0.0 1.699 -0.0224 0.0 1.3829 4 0 0 0 0
792317 100139 -8.747 0.325683593 0.33 0.9 0.58 0.09 0.24 0.0 0.0 1.1943 -0.0375 0.0 1.3509 4 0 0 0 0
792338 100138 -8.769 0.327148437 0.33 0.9 0.64 0.0 0.3 0.0 0.0 1.2789 -0.0432 0.0 1.3381 4 0 0 0 0
792358 100140 -8.773 0.326171875 0.33 0.9 0.67 -0.03 0.12 0.0 0.0 1.1098 -0.0615 0.0 1.299 4 0 0 0 0
792379 100136 -8.764 0.328125 0.33 0.9 0.49 0.0 0.03 0.0 0.0 1.448 -0.0496 0.0 1.3226 4 0 0 0 0
792399 100137 -8.777 0.326660156 0.33 0.9 0.61 -0.06 0.27 0.0 0.0 1.3634 -0.0463 0.0 1.3285 4 0 0 0 0
792420 100136 -8.782 0.326660156 0.33 0.9 0.61 -0.12 0.15 0.0 0.0 1.448 -0.0368 0.0 1.3475 4 0 0 0 0
792440 100142 -8.773 0.326660156 0.33 0.9 0.64 0.06 0.24 0.0 0.0 0.9407 -0.0693 0.0 1.2787 4 0 0 0 0
792461 100137 -8.747 0.327148437 0.33 0.9 0.7 -0.12 0.21 0.0 0.0 1.3634 -0.0625 0.0 1.2914 4 0 0 0 0
792481 100138 -8.777 0.325195312 0.33 0.9 0.58 -0.09 0.24 0.0 0.0 1.2789 -0.0635 0.0 1.2881 4 0 0 0 0
792502 100138 -8.777 0.328613281 0.33 0.9 0.76 -0.03 0.21 0.0 0.0 1.2789 -0.0643 0.0 1.2852 4 0 0 0 0
792522 100141 -8.769 0.324707031 0.33 0.9 0.46 0.12 0.24 0.0 0.0 1.0252 -0.0851 0.0 1.2404 4 0 0 0 0
792543 100136 -8.784 0.326171875 0.34 0.9 0.52 0.03 0.21 0.0 0.0 1.448 -0.0685 0.0 1.2734 4 0 0 0 0
792563 100136 -8.769 0.324707031 0.33 0.9 0.79 0.0 0.21 0.0 0.0 1.448 -0.0545 0.0 1.3012 4 0 0 0 0
792584 100134 -8.767 0.322753906 0.33 0.9 0.7 0.0 0.27 0.0 0.0 1.6145 -0.0294 0.0 1.3525 4 0 0 0 0
792604 100141 -8.769 0.329101562 0.33 0.91 0.67 -0.18 0.24 0.0 0.0 1.0252 -0.0556 0.0 1.2972 4 0 0 0 0
792625 100136 -8.766 0.323242187 0.33 0.9 0.52 -0.09 0.03 0.0 0.0 1.448 -0.0436 0.0 1.3212 4 0 0 0 0
792645 100141 -8.766 0.328125 0.33 0.9 0.76 -0.06 0.21 0.0 0.0 1.0252 -0.0672 0.0 1.2708 4 0 0 0 0
792666 100135 -8.788 0.325683593 0.33 0.9 0.61 -0.06 0.12 0.0 0.0 1.5325 -0.0463 0.0 1.3132 4 0 0 0 0
792686 100139 -8.76 0.326171875 0.33 0.9 0.7 -0.03 0.21 0.0 0.0 1.1943 -0.0558 0.0 1.2924 4 0 0 0 0
792707 100138 -8.773 0.327636718 0.33 0.9 0.61 0.06 0.21 0.0 0.0 1.2789 -0.0569 0.0 1.289 4 0 0 0 0
792727 100134 -8.809 0.326660156 0.33 0.9 1.1 -0.15 0.06 0.0 0.0 1.6145 -0.0309 0.0 1.3423 4 0 0 0 0
792748 100138 -8.766 0.327148437 0.33 0.9 0.09 0.0 0.34 0.0 0.0 1.2789 -0.0359 0.0 1.331 4 0 0 0 0
792768 100137 -8.788 0.323730468 0.33 0.9 1.07 -0.21 0.18 0.0 0.0 1.3634 -0.0333 0.0 1.3357 4 0 0 0 0
792788 100135 -8.807 0.326660156 0.33 0.9 0.49 0.06 0.18 0.0 0.0 1.5325 -0.0176 0.0 1.368 4 0 0 0 0
792809 100133 -8.782 0.327148437 0.33 0.9 0.67 0.0 0.34 0.0 0.0 1.699 0.0089 0.0 1.423 4 0 0 0 0
792829 100135 -8.762 0.326171875 0.33 0.9 0.61 -0.03 0.18 0.0 0.0 1.5325 0.0176 0.0 1.4415 4 0 0 0 0
792850 100137 -8.766 0.324707031 0.33 0.9 0.58 -0.21 0.12 0.0 0.0 1.3634 0.0114 0.0 1.4288 4 0 0 0 0
792870 100137 -8.775 0.325683593 0.33 0.9 0.64 -0.06 0.24 0.0 0.0 1.3634 0.0062 0.0 1.4181 4 0 0 0 0
792891 100139 -8.782 0.327148437 0.33 0.9 0.64 0.06 0.15 0.0 0.0 1.1943 -0.0117 0.0 1.3808 4 0 0 0 0
792911 100142 -8.784 0.328125 0.33 0.9 0.55 0.06 0.18 0.0 0.0 0.9407 -0.0469 0.0 1.3069 4 0 0 0 0
792932 100137 -8.794 0.326660156 0.33 0.9 0.7 0.0 0.34 0.0 0.0 1.3634 -0.0424 0.0 1.3154 4 0 0 0 0
792952 100139 -8.788 0.325195312 0.33 0.9 0.67 -0.18 0.15 0.0 0.0 1.1943 -0.0521 0.0 1.2943 4 0 0 0 0
792973 100139 -8.794 0.326171875 0.33 0.9 0.7 0.03 0.21 0.0 0.0 1.1943 -0.0601 0.0 1.2765 4 0 0 0 0
792993 100140 -8.775 0.328125 0.33 0.9 0.64 -0.06 0.12 0.0 0.0 1.1098 -0.0734 0.0 1.2474 4 0 0 0 0
793014 100141 -8.786 0.326171875 0.33 0.9 0.79 -0.09 0.24 0.0 0.0 1.0252 -0.0912 0.0 1.2086 4 0 0 0 0
793034 100137 -8.775 0.328613281 0.33 0.9 0.61 0.0 0.21 0.0 0.0 1.3634 -0.0788 0.0 1.2327 4 0 0 0 0
793055 100141 -8.779 0.324707031 0.33 0.9 0.58 -0.03 0.12 0.0 0.0 1.0252 -0.0954 0.0 1.1963 4 0 0 0 0
793075 100138 -8.788 0.325683593 0.33 0.9 0.61 0.0 0.15 0.0 0.0 1.2789 -0.0888 0.0 1.2082 4 0 0 0 0
793096 100137 -8.797 0.327636718 0.33 0.9 0.67 -0.06 0.27 0.0 0.0 1.3634 -0.0764 0.0 1.2323 4 0 0 0 0
793116 100134 -8.795 0.331054687 0.33 0.91 0.7 0.06 0.18 0.0 0.0 1.6145 -0.0458 0.0 1.2947 4 0 0 0 0
793137 100136 -8.782 0.327636718 0.33 0.9 0.7 -0.09 0.21 0.0 0.0 1.448 -0.0336 0.0 1.3194 4 0 0 0 0
793157 100137 -8.786 0.326660156 0.33 0.9 0.61 0.03 0.06 0.0 0.0 1.3634 -0.0301 0.0 1.3261 4 0 0 0 0
793178 100137 -8.797 0.328125 0.33 0.9 0.7 0.06 0.15 0.0 0.0 1.3634 -0.0271 0.0 1.3317 4 0 0 0 0
793198 100134 -8.81 0.328613281 0.33 0.9 0.79 -0.03 0.27 0.0 0.0 1.6145 -0.0045 0.0 1.3785 4 0 0 0 0
793219 100140 -8.803 0.324707031 0.33 0.9 0.49 -0.06 0.27 0.0 0.0 1.1098 -0.026 0.0 1.3334 4 0 0 0 0
793239 100136 -8.784 0.326171875 0.33 0.9 0.58 0.06 0.24 0.0 0.0 1.448 -0.0168 0.0 1.3521 4 0 0 0 0
793260 100134 -8.801 0.328613281 0.33 0.9 0.67 0.0 0.18 0.0 0.0 1.6145 0.0042 0.0 1.3956 4 0 0 0 0
793280 100139 -8.814 0.329101562 0.33 0.9 0.49 0.12 0.18 0.0 0.0 1.1943 -0.0119 0.0 1.362 4 0 0 0 0
793300 100136 -8.797 0.326171875 0.33 0.9 0.64 0.06 0.18 0.0 0.0 1.448 -0.005 0.0 1.3762 4 0 0 0 0
793321 100135 -8.809 0.326171875 0.33 0.9 0.67 0.12 0.21 0.0 0.0 1.5325 0.0075 0.0 1.4022 4 0 0 0 0
793341 100137 -8.809 0.328125 0.33 0.9 0.7 -0.03 0.12 0.0 0.0 1.3634 0.0044 0.0 1.3959 4 0 0 0 0
793362 100138 -8.794 0.326660156 0.33 0.9 0.79 -0.18 0.21 0.0 0.0 1.2789 -0.005 0.0 1.3764 4 0 0 0 0
793382 100138 -8.799 0.327148437 0.33 0.9 0.52 -0.09 0.24 0.0 0.0 1.2789 -0.0128 0.0 1.36 4 0 0 0 0
793403 100135 -8.809 0.326171875 0.33 0.9 0.55 0.0 0.15 0.0 0.0 1.5325 0.001 0.0 1.3886 4 0 0 0 0
793423 100137 -8.81 0.326660156 0.33 0.9 0.7 0.0 0.24 0.0 0.0 1.3634 -0.001 0.0 1.3844 4 0 0 0 0
793444 100138 -8.809 0.323242187 0.33 0.9 0.73 0.18 0.3 0.0 0.0 1.2789 -0.0094 0.0 1.3667 4 0 0 0 0
793464 100137 -8.792 0.326660156 0.33 0.9 0.7 -0.03 0.21 0.0 0.0 1.3634 -0.0097 0.0 1.366 4 0 0 0 0
793485 100132 -8.784 0.328613281 0.34 0.9 0.52 0.03 0.18 0.0 0.0 1.7836 0.0237 0.0 1.4357 4 0 0 0 0
793505 100137 -8.82 0.326171875 0.33 0.9 0.61 -0.03 0.18 0.0 0.0 1.3634 0.0179 0.0 1.4241 4 0 0 0 0
793526 100137 -8.805 0.327148437 0.33 0.9 0.67 0.0 0.27 0.0 0.0 1.3634 0.0131 0.0 1.4143 4 0 0 0 0
793546 100137 -8.809 0.328613281 0.33 0.9 0.58 0.0 0.21 0.0 0.0 1.3634 0.009 0.0 1.406 4 0 0 0 0
793567 100133 -8.81 0.326660156 0.33 0.9 0.58 0.03 0.18 0.0 0.0 1.699 0.0324 0.0 1.4553 4 0 0 0 0
793587 100144 -8.784 0.327148437 0.33 0.9 0.67 0.06 0.09 0.0 0.0 0.7742 -0.022 0.0 1.342 4 0 0 0 0
793608 100134 -8.788 0.330566406 0.34 0.91 0.67 0.21 0.3 0.0 0.0 1.6145 -0.0003 0.0 1.3871 4 0 0 0 0
793628 100137 -8.809 0.327636718 0.33 0.9 0.58 -0.12 0.15 0.0 0.0 1.3634 -0.0021 0.0 1.3832 4 0 0 0 0
793649 100136 -8.824 0.325195312 0.33 0.9 0.55 0.0 0.15 0.0 0.0 1.448 0.003 0.0 1.394 4 0 0 0 0
793669 100136 -8.799 0.327148437 0.33 0.9 0.64 0.09 0.24 0.0 0.0 1.448 0.0074 0.0 1.4031 4 0 0 0 0
793690 100139 -8.797 0.329101562 0.33 0.9 0.58 0.0 0.15 0.0 0.0 1.1943 -0.0093 0.0 1.3683 4 0 0 0 0
793710 100136 -8.805 0.330078125 0.33 0.9 0.64 -0.09 0.34 0.0 0.0 1.448 -0.003 0.0 1.3814 4 0 0 0 0
793731 100134 -8.809 0.329589843 0.34 0.9 1.1 -0.21 0.06 0.0 0.0 1.6145 0.0157 0.0 1.4204 4 0 0 0 0
793751 100139 -8.766 0.325683593 0.33 0.9 0.06 -0.06 0.37 0.0 0.0 1.1943 -0.0024 0.0 1.3829 4 0 0 0 0
793772 100130 -8.81 0.327148437 0.33 0.9 1.04 0.12 0.18 0.0 0.0 1.9527 0.0432 0.0 1.4782 4 0 0 0 0
793792 100136 -8.825 0.326171875 0.33 0.9 0.61 -0.09 0.24 0.0 0.0 1.448 0.0408 0.0 1.474 4 0 0 0 0
793812 100139 -8.81 0.325683593 0.33 0.9 0.67 0.09 0.18 0.0 0.0 1.1943 0.0184 0.0 1.428 4 0 0 0 0
793833 100136 -8.81 0.328125 0.33 0.9 0.64 -0.03 0.21 0.0 0.0 1.448 0.02 0.0 1.4318 4 0 0 0 0
793853 100135 -8.824 0.329101562 0.33 0.9 0.55 0.0 0.21 0.0 0.0 1.5325 0.0281 0.0 1.449 4 0 0 0 0
793874 100141 -8.809 0.326171875 0.33 0.9 0.64 0.06 0.15 0.0 0.0 1.0252 -0.0058 0.0 1.3787 4 0 0 0 0
793894 100134 -8.824 0.329101562 0.33 0.9 0.67 0.03 0.12 0.0 0.0 1.6145 0.013 0.0 1.418 4 0 0 0 0
793915 100137 -8.807 0.325683593 0.33 0.9 0.67 0.06 0.18 0.0 0.0 1.3634 0.0086 0.0 1.4091 4 0 0 0 0
793935 100134 -8.81 0.325195312 0.33 0.9 0.7 0.03 0.24 0.0 0.0 1.6145 0.0251 0.0 1.4437 4 0 0 0 0
793956 100135 -8.81 0.325195312 0.33 0.9 0.82 0.0 0.18 0.0 0.0 1.5325 0.0322 0.0 1.4591 4 0 0 0 0
793976 100141 -8.797 0.324707031 0.33 0.9 0.52 0.0 0.21 0.0 0.0 1.0252 -0.0025 0.0 1.3871 4 0 0 0 0
793997 100136 -8.807 0.326660156 0.33 0.9 0.76 -0.06 0.21 0.0 0.0 1.448 0.0023 0.0 1.3973 4 0 0 0 0
794017 100138 -8.797 0.330566406 0.33 0.9 0.64 -0.09 0.21 0.0 0.0 1.2789 -0.0071 0.0 1.3775 4 0 0 0 0
794038 100134 -8.824 0.327148437 0.33 0.9 0.76 -0.06 0.3 0.0 0.0 1.6145 0.0118 0.0 1.417 4 0 0 0 0
794058 100137 -8.818 0.328125 0.33 0.9 0.73 0.03 0.3 0.0 0.0 1.3634 0.0075 0.0 1.4083 4 0 0 0 0
794079 100139 -8.801 0.327148437 0.33 0.9 0.7 0.06 0.18 0.0 0.0 1.1943 -0.0096 0.0 1.3726 4 0 0 0 0
794099 100137 -8.82 0.327636718 0.33 0.9 0.76 0.0 0.24 0.0 0.0 1.3634 -0.0103 0.0 1.3709 4 0 0 0 0
794120 100132 -8.82 0.321289062 0.33 0.91 0.61 -0.09 0.12 0.0 0.0 1.7836 0.0227 0.0 1.4398 4 0 0 0 0
794140 100138 -8.812 0.325683593 0.33 0.9 0.7 0.0 0.18 0.0 0.0 1.2789 0.0098 0.0 1.4133 4 0 0 0 0
794161 100138 -8.822 0.324707031 0.33 0.9 0.67 0.12 0.21 0.0 0.0 1.2789 -0.0009 0.0 1.391 4 0 0 0 0
794181 100139 -8.797 0.326660156 0.33 0.9 0.58 0.0 0.21 0.0 0.0 1.1943 -0.0167 0.0 1.3581 4 0 0 0 0
794202 100137 -8.831 0.326660156 0.33 0.9 0.61 0.09 0.21 0.0 0.0 1.3634 -0.0162 0.0 1.3586 4 0 0 0 0
794222 100138 -8.799 0.328613281 0.33 0.9 0.61 0.0 0.18 0.0 0.0 1.2789 -0.0226 0.0 1.345 4 0 0 0 0
794243 100133 -8.81 0.328613281 0.33 0.9 0.61 -0.06 0.15 0.0 0.0 1.699 0.0057 0.0 1.4037 4 0 0 0 0
794263 100137 -8.799 0.326660156 0.33 0.9 0.61 0.0 0.12 0.0 0.0 1.3634 0.0025 0.0 1.3971 4 0 0 0 0
794284 100136 -8.824 0.325195312 0.33 0.9 0.67 -0.06 0.15 0.0 0.0 1.448 0.0066 0.0 1.4057 4 0 0 0 0
794304 100142 -8.812 0.326660156 0.33 0.9 0.61 -0.06 0.18 0.0 0.0 0.9407 -0.0306 0.0 1.328 4 0 0 0 0
794324 100138 -8.81 0.328125 0.33 0.9 0.55 -0.06 0.24 0.0 0.0 1.2789 -0.0346 0.0 1.3192 4 0 0 0 0
794345 100135 -8.805 0.321289062 0.33 0.9 0.67 -0.06 0.18 0.0 0.0 1.5325 -0.0175 0.0 1.3542 4 0 0 0 0
794365 100139 -8.818 0.325683593 0.33 0.9 0.58 0.03 0.24 0.0 0.0 1.1943 -0.0303 0.0 1.3271 4 0 0 0 0
794386 100133 -8.829 0.327148437 0.33 0.9 0.61 0.0 0.18 0.0 0.0 1.699 -0.0005 0.0 1.3887 4 0 0 0 0
794406 100137 -8.822 0.325195312 0.33 0.9 0.7 0.0 0.24 0.0 0.0 1.3634 -0.0026 0.0 1.3845 4 0 0 0 0
794427 100138 -8.812 0.327636718 0.33 0.9 0.73 0.03 0.15 0.0 0.0 1.2789 -0.011 0.0 1.3667 4 0 0 0 0
794447 100136 -8.816 0.328125 0.34 0.9 0.64 0.0 0.06 0.0 0.0 1.448 -0.0045 0.0 1.3801 4 0 0 0 0
794468 100139 -8.803 0.327636718 0.33 0.9 0.79 -0.09 0.18 0.0 0.0 1.1943 -0.0194 0.0 1.3489 4 0 0 0 0
794488 100139 -8.829 0.327148437 0.33 0.9 0.67 0.03 0.18 0.0 0.0 1.1943 -0.0317 0.0 1.3227 4 0 0 0 0
794509 100135 -8.816 0.328125 0.33 0.9 0.61 0.0 0.18 0.0 0.0 1.5325 -0.0149 0.0 1.3571 4 0 0 0 0
794529 100140 -8.822 0.325683593 0.33 0.9 0.58 -0.06 0.24 0.0 0.0 1.1098 -0.0347 0.0 1.3155 4 0 0 0 0
794550 100136 -8.825 0.328125 0.33 0.9 0.58 0.12 0.24 0.0 0.0 1.448 -0.0241 0.0 1.3369 4 0 0 0 0
794570 100132 -8.814 0.329101562 0.33 0.9 0.52 0.0 0.27 0.0 0.0 1.7836 0.0116 0.0 1.4111 4 0 0 0 0
794591 100136 -8.822 0.326171875 0.33 0.9 0.67 0.0 0.21 0.0 0.0 1.448 0.0146 0.0 1.4176 4 0 0 0 0
794611 100140 -8.82 0.328125 0.33 0.9 0.64 0.0 0.21 0.0 0.0 1.1098 -0.0101 0.0 1.3664 4 0 0 0 0
794632 100137 -8.818 0.322265625 0.33 0.9 0.64 0.03 0.21 0.0 0.0 1.3634 -0.0103 0.0 1.3657 4 0 0 0 0
794652 100134 -8.824 0.325195312 0.33 0.9 0.73 0.06 0.18 0.0 0.0 1.6145 0.0096 0.0 1.4071 4 0 0 0 0
794673 100135 -8.833 0.325683593 0.33 0.9 0.46 -0.03 0.27 0.0 0.0 1.5325 0.0196 0.0 1.4283 4 0 0 0 0
794693 100135 -8.844 0.328125 0.33 0.9 0.55 0.06 0.27 0.0 0.0 1.5325 0.028 0.0 1.4461 4 0 0 0 0
794714 100139 -8.839 0.327148437 0.33 0.9 0.55 -0.15 0.21 0.0 0.0 1.1943 0.0078 0.0 1.4046 4 0 0 0 0
794734 100134 -8.81 0.327636718 0.33 0.9 0.49 0.24 0.34 0.0 0.0 1.6145 0.0246 0.0 1.4398 4 0 0 0 0
794755 100137 -8.818 0.331054687 0.33 0.9 0.46 -0.49 0.12 0.0 0.0 1.3634 0.0185 0.0 1.4276 4 0 0 0 0
794775 100138 -8.827 0.327148437 0.33 0.9 0.67 0.4 0.21 0.0 0.0 1.2789 0.0066 0.0 1.4031 4 0 0 0 0
794796 100136 -8.82 0.326660156 0.33 0.9 0.82 -0.06 0.24 0.0 0.0 1.448 0.0102 0.0 1.4107 4 0 0 0 0
794816 100134 -8.827 0.32421875 0.33 0.9 0.73 0.0 0.21 0.0 0.0 1.6145 0.0265 0.0 1.445 4 0 0 0 0
794836 100136 -8.827 0.328125 0.34 0.9 0.76 0.03 0.3 0.0 0.0 1.448 0.0268 0.0 1.446 4 0 0 0 0
794857 100136 -8.831 0.325683593 0.33 0.9 0.7 0.06 0.15 0.0 0.0 1.448 0.0269 0.0 1.4469 4 0 0 0 0
794877 100137 -8.837 0.328613281 0.33 0.9 0.67 0.06 0.24 0.0 0.0 1.3634 0.0202 0.0 1.4335 4 0 0 0 0
794898 100139 -8.842 0.326171875 0.33 0.9 0.64 -0.03 0.18 0.0 0.0 1.1943 0.0011 0.0 1.3939 4 0 0 0 0
794918 100141 -8.837 0.328125 0.33 0.9 0.61 -0.09 0.27 0.0 0.0 1.0252 -0.0284 0.0 1.3322 4 0 0 0 0
794939 100136 -8.84 0.328125 0.33 0.9 0.64 0.09 0.06 0.0 0.0 1.448 -0.0191 0.0 1.351 4 0 0 0 0
794959 100136 -8.852 0.326171875 0.33 0.9 0.61 -0.06 0.03 0.0 0.0 1.448 -0.0114 0.0 1.3669 4 0 0 0 0
794980 100137 -8.833 0.329589843 0.33 0.9 0.73 0.15 0.24 0.0 0.0 1.3634 -0.0116 0.0 1.366 4 0 0 0 0
795000 100133 -8.852 0.328125 0.33 0.9 0.58 -0.03 0.12 0.0 0.0 1.699 0.015 0.0 1.4215 4 0 0 0 0
795021 100138 -8.837 0.328125 0.33 0.9 0.67 -0.06 0.15 0.0 0.0 1.2789 0.0036 0.0 1.398 4 0 0 0 0
795041 100144 -8.818 0.326660156 0.33 0.9 0.64 -0.03 0.24 0.0 0.0 0.7742 -0.0463 0.0 1.2937 4 0 0 0 0
795062 100134 -8.842 0.326171875 0.33 0.9 0.76 0.06 0.27 0.0 0.0 1.6145 -0.0207 0.0 1.3464 4 0 0 0 0
795082 100140 -8.822 0.326660156 0.33 0.9 0.61 -0.03 0.18 0.0 0.0 1.1098 -0.0396 0.0 1.3064 4 0 0 0 0
795103 100136 -8.831 0.326660156 0.33 0.9 0.61 0.03 0.15 0.0 0.0 1.448 -0.0283 0.0 1.3293 4 0 0 0 0
795123 100139 -8.852 0.326171875 0.33 0.9 0.73 0.06 0.24 0.0 0.0 1.1943 -0.0391 0.0 1.3061 4 0 0 0 0
795144 100138 -8.822 0.328125 0.33 0.9 0.7 -0.15 0.27 0.0 0.0 1.2789 -0.0412 0.0 1.3007 4 0 0 0 0
795164 100135 -8.84 0.328125 0.33 0.9 0.7 0.03 0.21 0.0 0.0 1.5325 -0.0227 0.0 1.3387 4 0 0 0 0
795185 100130 -8.848 0.327636718 0.33 0.9 0.55 -0.09 0.24 0.0 0.0 1.9527 0.0264 0.0 1.441 4 0 0 0 0
795205 100133 -8.846 0.327148437 0.33 0.9 0.64 0.06 0.24 0.0 0.0 1.699 0.0471 0.0 1.4847 4 0 0 0 0
795226 100137 -8.84 0.326171875 0.33 0.91 0.73 -0.03 0.18 0.0 0.0 1.3634 0.0374 0.0 1.4654 4 0 0 0 0
795246 100138 -8.844 0.327148437 0.33 0.9 0.76 -0.12 0.09 0.0 0.0 1.2789 0.0224 0.0 1.4349 4 0 0 0 0
795267 100140 -8.844 0.325195312 0.33 0.9 0.7 0.06 0.24 0.0 0.0 1.1098 -0.0036 0.0 1.381 4 0 0 0 0
795287 100138 -8.85 0.328613281 0.33 0.9 0.7 -0.03 0.09 0.0 0.0 1.2789 -0.0117 0.0 1.3638 4 0 0 0 0
795308 100141 -8.837 0.325195312 0.33 0.9 0.76 0.06 0.15 0.0 0.0 1.0252 -0.0388 0.0 1.3069 4 0 0 0 0
795328 100139 -8.855 0.328613281 0.33 0.9 0.61 0.03 0.24 0.0 0.0 1.1943 -0.0478 0.0 1.2873 4 0 0 0 0
795348 100141 -8.831 0.326171875 0.33 0.9 0.79 0.06 0.24 0.0 0.0 1.0252 -0.0688 0.0 1.2425 4 0 0 0 0
795369 100135 -8.852 0.325683593 0.33 0.9 0.7 0.03 0.09 0.0 0.0 1.5325 -0.0456 0.0 1.2896 4 0 0 0 0
795389 100134 -8.857 0.324707031 0.33 0.9 0.7 0.06 0.15 0.0 0.0 1.6145 -0.0196 0.0 1.343 4 0 0 0 0
795410 100138 -8.846 0.327636718 0.33 0.9 0.67 -0.03 0.18 0.0 0.0 1.2789 -0.0247 0.0 1.3319 4 0 0 0 0
795430 100137 -8.846 0.327148437 0.33 0.9 0.67 -0.15 0.18 0.0 0.0 1.3634 -0.0222 0.0 1.3367 4 0 0 0 0
795451 100135 -8.84 0.326660156 0.33 0.9 0.73 0.09 0.15 0.0 0.0 1.5325 -0.0065 0.0 1.369 4 0 0 0 0
795471 100134 -8.833 0.32421875 0.33 0.9 0.61 -0.03 0.18 0.0 0.0 1.6145 0.0131 0.0 1.4099 4 0 0 0 0
795492 100134 -8.842 0.327636718 0.33 0.9 0.61 0.0 0.12 0.0 0.0 1.6145 0.0295 0.0 1.4444 4 0 0 0 0
795512 100139 -8.84 0.327636718 0.33 0.9 0.64 0.06 0.09 0.0 0.0 1.1943 0.0095 0.0 1.4032 4 0 0 0 0
795533 100138 -8.829 0.325195312 0.33 0.9 0.64 0.0 0.24 0.0 0.0 1.2789 -0.0005 0.0 1.3826 4 0 0 0 0
795553 100135 -8.839 0.323730468 0.33 0.9 0.67 -0.03 0.21 0.0 0.0 1.5325 0.0115 0.0 1.4077 4 0 0 0 0
795574 100137 -8.854 0.325683593 0.33 0.9 0.7 -0.09 0.3 0.0 0.0 1.3634 0.008 0.0 1.4005 4 0 0 0 0
795594 100136 -8.84 0.326660156 0.33 0.9 0.76 0.0 0.27 0.0 0.0 1.448 0.0118 0.0 1.4086 4 0 0 0 0
795615 100135 -8.848 0.327636718 0.33 0.9 0.61 -0.03 0.27 0.0 0.0 1.5325 0.0217 0.0 1.4296 4 0 0 0 0
795635 100139 -8.85 0.327636718 0.33 0.9 0.61 -0.09 0.15 0.0 0.0 1.1943 0.0029 0.0 1.3907 4 0 0 0 0
795656 100135 -8.835 0.328125 0.33 0.9 0.55 0.06 0.34 0.0 0.0 1.5325 0.0142 0.0 1.4145 4 0 0 0 0
795676 100140 -8.844 0.327148437 0.33 0.9 0.67 -0.06 0.24 0.0 0.0 1.1098 -0.0102 0.0 1.3638 4 0 0 0 0
795697 100134 -8.859 0.327148437 0.33 0.91 0.67 0.0 0.27 0.0 0.0 1.6145 0.0099 0.0 1.4055 4 0 0 0 0
795717 100145 -8.835 0.327636718 0.33 0.9 0.58 -0.12 0.3 0.0 0.0 0.6896 -0.0474 0.0 1.286 4 0 0 0 0
795738 100134 -8.863 0.322753906 0.33 0.91 0.95 -0.34 0.15 0.0 0.0 1.6145 -0.0211 0.0 1.3399 4 0 0 0 0
795758 100141 -8.84 0.328125 0.33 0.91 0.95 0.49 0.21 0.0 0.0 1.0252 -0.0463 0.0 1.2869 4 0 0 0 0
795779 100139 -8.833 0.329101562 0.33 0.9 0.37 -0.43 0.21 0.0 0.0 1.1943 -0.0537 0.0 1.2704 4 0 0 0 0
795799 100132 -8.878 0.329101562 0.33 0.9 0.64 0.06 0.24 0.0 0.0 1.7836 -0.0126 0.0 1.3552 4 0 0 0 0
795820 100143 -8.85 0.327636718 0.33 0.9 0.67 0.0 0.15 0.0 0.0 0.8588 -0.0523 0.0 1.2718 4 0 0 0 0
795840 100140 -8.854 0.325683593 0.33 0.9 0.67 0.09 0.24 0.0 0.0 1.1098 -0.0653 0.0 1.2437 4 0 0 0 0
795860 100140 -8.855 0.326171875 0.33 0.9 0.61 -0.03 0.09 0.0 0.0 1.1098 -0.076 0.0 1.22 4 0 0 0 0
795881 100138 -8.872 0.325195312 0.33 0.9 0.61 -0.12 0.27 0.0 0.0 1.2789 -0.0713 0.0 1.2282 4 0 0 0 0
795901 100136 -8.857 0.326171875 0.33 0.9 0.61 0.06 0.3 0.0 0.0 1.448 -0.0537 0.0 1.2636 4 0 0 0 0
795922 100139 -8.85 0.326171875 0.33 0.9 0.67 -0.12 0.12 0.0 0.0 1.1943 -0.0593 0.0 1.2509 4 0 0 0 0
795942 100136 -8.855 0.325683593 0.33 0.9 0.7 0.0 0.12 0.0 0.0 1.448 -0.0435 0.0 1.2826 4 0 0 0 0
795963 100136 -8.855 0.329589843 0.33 0.9 0.58 -0.12 0.27 0.0 0.0 1.448 -0.0303 0.0 1.3094 4 0 0 0 0
795983 100132 -8.863 0.326171875 0.33 0.9 0.64 0.06 0.34 0.0 0.0 1.7836 0.0077 0.0 1.3881 4 0 0 0 0
796004 100139 -8.85 0.329101562 0.33 0.9 0.73 0.15 0.24 0.0 0.0 1.1943 -0.0078 0.0 1.3559 4 0 0 0 0
796024 100140 -8.87 0.325683593 0.33 0.9 0.46 0.0 0.27 0.0 0.0 1.1098 -0.0275 0.0 1.3145 4 0 0 0 0
796045 100141 -8.87 0.327148437 0.33 0.9 0.76 -0.03 0.18 0.0 0.0 1.0252 -0.0507 0.0 1.2655 4 0 0 0 0
796065 100135 -8.865 0.323242187 0.33 0.9 0.67 0.0 0.15 0.0 0.0 1.5325 -0.0293 0.0 1.3092 4 0 0 0 0
796086 100134 -8.863 0.326660156 0.33 0.9 0.64 -0.03 0.12 0.0 0.0 1.6145 -0.0049 0.0 1.3597 4 0 0 0 0
796106 100141 -8.857 0.327148437 0.33 0.9 0.64 -0.12 0.15 0.0 0.0 1.0252 -0.0316 0.0 1.3036 4 0 0 0 0
796127 100138 -8.861 0.328613281 0.33 0.9 0.64 0.0 0.27 0.0 0.0 1.2789 -0.0336 0.0 1.2988 4 0 0 0 0
796147 100132 -8.87 0.328613281 0.33 0.9 0.61 0.0 0.24 0.0 0.0 1.7836 0.0052 0.0 1.3792 4 0 0 0 0
796168 100135 -8.861 0.328125 0.33 0.9 0.58 -0.09 0.21 0.0 0.0 1.5325 0.0174 0.0 1.405 4 0 0 0 0
796188 100140 -8.859 0.326171875 0.33 0.9 0.67 -0.06 0.21 0.0 0.0 1.1098 -0.0062 0.0 1.356 4 0 0 0 0
796209 100136 -8.872 0.327636718 0.33 0.9 0.67 -0.06 0.18 0.0 0.0 1.448 0.0012 0.0 1.3712 4 0 0 0 0
796229 100143 -8.872 0.327636718 0.33 0.9 0.7 -0.06 0.0 0.0 0.0 0.8588 -0.0398 0.0 1.2855 4 0 0 0 0
796250 100138 -8.852 0.326660156 0.33 0.9 0.67 0.06 0.21 0.0 0.0 1.2789 -0.0404 0.0 1.2836 4 0 0 0 0
796270 100136 -8.87 0.32421875 0.33 0.9 0.55 0.09 0.21 0.0 0.0 1.448 -0.0272 0.0 1.3103 4 0 0 0 0
796291 100140 -8.867 0.326171875 0.33 0.9 0.67 -0.03 0.24 0.0 0.0 1.1098 -0.0432 0.0 1.2761 4 0 0 0 0
796311 100143 -8.85 0.326171875 0.33 0.9 0.67 -0.03 0.24 0.0 0.0 0.8588 -0.0766 0.0 1.2054 4 0 0 0 0
796332 100142 -8.867 0.325195312 0.33 0.9 0.58 0.03 0.21 0.0 0.0 0.9407 -0.0978 0.0 1.1595 4 0 0 0 0
796352 100140 -8.869 0.328125 0.33 0.9 0.67 0.21 0.15 0.0 0.0 1.1098 -0.1018 0.0 1.1492 4 0 0 0 0
796372 100135 -8.852 0.325683593 0.33 0.9 0.67 0.0 0.27 0.0 0.0 1.5325 -0.0711 0.0 1.2113 4 0 0 0 0
796393 100139 -8.869 0.325683593 0.33 0.9 0.58 0.0 0.24 0.0 0.0 1.1943 -0.0725 0.0 1.207 4 0 0 0 0
796413 100139 -8.872 0.32421875 0.33 0.9 0.64 -0.18 0.12 0.0 0.0 1.1943 -0.0735 0.0 1.2034 4 0 0 0 0
796434 100137 -8.863 0.325195312 0.34 0.9 0.55 -0.03 0.18 0.0 0.0 1.3634 -0.0607 0.0 1.2287 4 0 0 0 0
796454 100138 -8.859 0.326171875 0.33 0.9 0.76 0.15 0.3 0.0 0.0 1.2789 -0.0567 0.0 1.2359 4 0 0 0 0
796475 100140 -8.859 0.327148437 0.33 0.9 0.64 0.09 0.18 0.0 0.0 1.1098 -0.0668 0.0 1.2136 4 0 0 0 0
796495 100144 -8.861 0.326660156 0.33 0.9 0.67 0.03 0.27 0.0 0.0 0.7742 -0.1019 0.0 1.1387 4 0 0 0 0
796516 100138 -8.872 0.326171875 0.33 0.9 0.55 0.0 0.18 0.0 0.0 1.2789 -0.0907 0.0 1.16 4 0 0 0 0
796536 100134 -8.87 0.327636718 0.33 0.9 0.64 0.15 0.18 0.0 0.0 1.6145 -0.0544 0.0 1.2342 4 0 0 0 0
796557 100138 -8.874 0.326171875 0.33 0.9 0.7 0.03 0.24 0.0 0.0 1.2789 -0.0508 0.0 1.2406 4 0 0 0 0
796577 100140 -8.876 0.327148437 0.33 0.9 0.76 0.03 0.37 0.0 0.0 1.1098 -0.0612 0.0 1.2177 4 0 0 0 0
796598 100137 -8.857 0.327636718 0.33 0.9 0.52 0.0 0.21 0.0 0.0 1.3634 -0.0496 0.0 1.2408 4 0 0 0 0
796618 100136 -8.865 0.328125 0.33 0.9 0.49 -0.15 0.18 0.0 0.0 1.448 -0.033 0.0 1.2745 4 0 0 0 0
796639 100134 -8.882 0.326171875 0.33 0.91 0.64 0.06 0.18 0.0 0.0 1.6145 -0.0058 0.0 1.3307 4 0 0 0 0
796659 100138 -8.88 0.326171875 0.33 0.9 0.55 0.06 0.15 0.0 0.0 1.2789 -0.01 0.0 1.3219 4 0 0 0 0
796680 100137 -8.867 0.324707031 0.33 0.9 0.61 0.03 0.09 0.0 0.0 1.3634 -0.0066 0.0 1.3286 4 0 0 0 0
796700 100133 -8.882 0.327148437 0.33 0.9 0.58 0.0 0.18 0.0 0.0 1.699 0.023 0.0 1.3905 4 0 0 0 0
796721 100141 -8.87 0.325195312 0.33 0.9 0.64 0.06 0.27 0.0 0.0 1.0252 -0.0062 0.0 1.3298 4 0 0 0 0
796741 100136 -8.885 0.326660156 0.33 0.9 0.98 -0.21 0.18 0.0 0.0 1.448 0.0032 0.0 1.3495 4 0 0 0 0
796762 100133 -8.867 0.324707031 0.33 0.9 0.49 0.58 0.18 0.0 0.0 1.699 0.0312 0.0 1.408 4 0 0 0 0
796782 100139 -8.874 0.32421875 0.33 0.9 0.58 -0.34 0.15 0.0 0.0 1.1943 0.0141 0.0 1.3729 4 0 0 0 0
796803 100137 -8.878 0.326171875 0.33 0.91 0.67 0.03 0.18 0.0 0.0 1.3634 0.0133 0.0 1.3716 4 0 0 0 0
796823 100137 -8.897 0.328613281 0.33 0.9 0.58 0.12 0.21 0.0 0.0 1.3634 0.0127 0.0 1.3705 4 0 0 0 0
796844 100140 -8.867 0.326171875 0.33 0.9 0.64 -0.03 0.15 0.0 0.0 1.1098 -0.0082 0.0 1.3271 4 0 0 0 0
796864 100137 -8.88 0.325683593 0.33 0.9 0.73 0.03 0.09 0.0 0.0 1.3634 -0.0053 0.0 1.333 4 0 0 0 0
796884 100136 -8.885 0.327636718 0.33 0.9 0.52 0.03 0.21 0.0 0.0 1.448 0.0039 0.0 1.3522 4 0 0 0 0
796905 100133 -8.884 0.322265625 0.33 0.9 0.58 0.15 0.18 0.0 0.0 1.699 0.0317 0.0 1.4103 4 0 0 0 0
796925 100131 -8.897 0.325195312 0.33 0.9 0.61 0.06 0.18 0.0 0.0 1.8681 0.0683 0.0 1.4875 4 0 0 0 0
796946 100134 -8.882 0.326660156 0.33 0.9 0.64 0.09 0.3 0.0 0.0 1.6145 0.0785 0.0 1.5102 4 0 0 0 0
796966 100139 -8.885 0.326660156 0.33 0.9 0.64 -0.03 0.18 0.0 0.0 1.1943 0.0532 0.0 1.4589 4 0 0 0 0
796987 100139 -8.887 0.327636718 0.33 0.9 0.46 0.03 0.3 0.0 0.0 1.1943 0.032 0.0 1.4158 4 0 0 0 0
797007 100133 -8.891 0.326171875 0.33 0.9 0.64 0.06 0.24 0.0 0.0 1.699 0.0547 0.0 1.4638 4 0 0 0 0
797028 100137 -8.876 0.325683593 0.33 0.9 0.43 0.0 0.21 0.0 0.0 1.3634 0.0466 0.0 1.4481 4 0 0 0 0
797048 100142 -8.88 0.326171875 0.33 0.9 0.67 0.06 0.21 0.0 0.0 0.9407 0.006 0.0 1.3642 4 0 0 0 0
797069 100138 -8.88 0.326171875 0.33 0.9 0.64 -0.03 0.09 0.0 0.0 1.2789 -0.0008 0.0 1.35 4 0 0 0 0
797089 100136 -8.891 0.331054687 0.33 0.9 0.49 0.03 0.18 0.0 0.0 1.448 0.0071 0.0 1.3664 4 0 0 0 0
797110 100138 -8.878 0.327636718 0.33 0.9 0.61 0.06 0.21 0.0 0.0 1.2789 0.0001 0.0 1.3519 4 0 0 0 0
797130 100135 -8.893 0.325683593 0.33 0.9 0.64 0.0 0.21 0.0 0.0 1.5325 0.0145 0.0 1.3821 4 0 0 0 0
797151 100132 -8.893 0.329101562 0.33 0.9 0.58 0.0 0.18 0.0 0.0 1.7836 0.0466 0.0 1.4496 4 0 0 0 0
797171 100138 -8.891 0.325683593 0.33 0.9 0.67 0.12 0.24 0.0 0.0 1.2789 0.033 0.0 1.422 4 0 0 0 0
797192 100138 -8.882 0.328125 0.33 0.9 0.55 -0.15 0.21 0.0 0.0 1.2789 0.0215 0.0 1.3987 4 0 0 0 0
797212 100139 -8.876 0.325683593 0.33 0.9 0.7 0.06 0.09 0.0 0.0 1.1943 0.0052 0.0 1.365 4 0 0 0 0
797233 100141 -8.885 0.327636718 0.33 0.9 0.73 0.03 0.12 0.0 0.0 1.0252 -0.022 0.0 1.3082 4 0 0 0 0
797253 100133 -8.906 0.327636718 0.33 0.9 0.61 -0.06 0.27 0.0 0.0 1.699 0.0093 0.0 1.3731 4 0 0 0 0
797274 100136 -8.876 0.327148437 0.33 0.9 0.64 0.0 0.3 0.0 0.0 1.448 0.0152 0.0 1.3859 4 0 0 0 0
797294 100138 -8.91 0.326660156 0.33 0.9 0.76 0.0 0.06 0.0 0.0 1.2789 0.0067 0.0 1.3683 4 0 0 0 0
797315 100137 -8.908 0.32421875 0.33 0.9 0.64 0.0 0.18 0.0 0.0 1.3634 0.0063 0.0 1.3676 4 0 0 0 0
797335 100137 -8.893 0.326660156 0.33 0.9 0.49 0.03 0.24 0.0 0.0 1.3634 0.006 0.0 1.367 4 0 0 0 0
797356 100136 -8.919 0.324707031 0.33 0.9 0.67 0.0 0.27 0.0 0.0 1.448 0.0124 0.0 1.3807 4 0 0 0 0
797376 100133 -8.899 0.326171875 0.33 0.9 0.64 -0.06 0.3 0.0 0.0 1.699 0.0379 0.0 1.4342 4 0 0 0 0
797396 100140 -8.902 0.32421875 0.33 0.9 0.64 -0.09 0.09 0.0 0.0 1.1098 0.0119 0.0 1.3807 4 0 0 0 0
797417 100137 -8.897 0.328125 0.33 0.9 0.64 -0.06 0.15 0.0 0.0 1.3634 0.0106 0.0 1.3781 4 0 0 0 0
797437 100139 -8.889 0.327148437 0.33 0.9 0.64 0.0 0.12 0.0 0.0 1.1943 -0.0041 0.0 1.3475 4 0 0 0 0
797458 100135 -8.906 0.323730468 0.33 0.9 0.61 -0.03 0.18 0.0 0.0 1.5325 0.0107 0.0 1.3784 4 0 0 0 0
797478 100136 -8.902 0.328613281 0.33 0.9 0.46 0.03 0.12 0.0 0.0 1.448 0.0162 0.0 1.3903 4 0 0 0 0
797499 100138 -8.904 0.329589843 0.33 0.9 0.7 -0.09 0.21 0.0 0.0 1.2789 0.0073 0.0 1.372 4 0 0 0 0
797519 100141 -8.91 0.326171875 0.33 0.9 0.64 0.03 0.15 0.0 0.0 1.0252 -0.0204 0.0 1.3141 4 0 0 0 0
797540 100136 -8.91 0.329101562 0.33 0.9 0.55 0.0 0.15 0.0 0.0 1.448 -0.0097 0.0 1.3361 4 0 0 0 0
797560 100136 -8.9 0.326171875 0.33 0.9 0.67 0.03 0.18 0.0 0.0 1.448 -0.0007 0.0 1.3546 4 0 0 0 0
797581 100136 -8.902 0.327148437 0.33 0.9 0.64 0.0 0.03 0.0 0.0 1.448 0.0067 0.0 1.3702 4 0 0 0 0
797601 100140 -8.893 0.326660156 0.33 0.9 0.64 -0.03 0.27 0.0 0.0 1.1098 -0.0141 0.0 1.3268 4 0 0 0 0
797622 100136 -8.9 0.327636718 0.33 0.9 0.64 0.12 0.15 0.0 0.0 1.448 -0.0044 0.0 1.3468 4 0 0 0 0
797642 100138 -8.9 0.327636718 0.33 0.9 0.64 -0.06 0.21 0.0 0.0 1.2789 -0.0099 0.0 1.3353 4 0 0 0 0
797663 100133 -8.902 0.32421875 0.33 0.9 0.58 0.0 0.18 0.0 0.0 1.699 0.0192 0.0 1.396 4 0 0 0 0
797683 100135 -8.915 0.329101562 0.33 0.9 0.73 0.12 0.21 0.0 0.0 1.5325 0.0302 0.0 1.4192 4 0 0 0 0
797704 100142 -8.897 0.325195312 0.33 0.9 0.67 0.0 0.15 0.0 0.0 0.9407 -0.0081 0.0 1.3398 4 0 0 0 0
797724 100140 -8.906 0.326660156 0.33 0.9 0.67 0.15 0.12 0.0 0.0 1.1098 -0.0265 0.0 1.3011 4 0 0 0 0
797745 100133 -8.921 0.324707031 0.33 0.9 0.64 0.21 0.3 0.0 0.0 1.699 0.0053 0.0 1.3672 4 0 0 0 0
797765 100137 -8.938 0.325195312 0.33 0.9 0.15 -0.15 0.24 0.0 0.0 1.3634 0.005 0.0 1.3666 4 0 0 0 0
797786 100141 -8.87 0.323730468 0.33 0.9 0.61 -0.55 0.18 0.0 0.0 1.0252 -0.0223 0.0 1.3096 4 0 0 0 0
797806 100142 -8.87 0.327148437 0.33 0.9 0.73 0.06 0.24 0.0 0.0 0.9407 -0.0518 0.0 1.2474 4 0 0 0 0
797827 100137 -8.915 0.325683593 0.33 0.9 0.55 0.0 0.15 0.0 0.0 1.3634 -0.0425 0.0 1.2658 4 0 0 0 0
797847 100139 -8.914 0.327636718 0.33 0.9 0.61 -0.09 0.21 0.0 0.0 1.1943 -0.0482 0.0 1.253 4 0 0 0 0
797868 100138 -8.902 0.323242187 0.33 0.9 0.67 0.03 0.18 0.0 0.0 1.2789 -0.0462 0.0 1.2563 4 0 0 0 0
797888 100137 -8.912 0.325683593 0.33 0.9 0.67 0.18 0.09 0.0 0.0 1.3634 -0.0376 0.0 1.2733 4 0 0 0 0
797908 100136 -8.91 0.326171875 0.33 0.9 0.7 -0.06 0.18 0.0 0.0 1.448 -0.0236 0.0 1.3018 4 0 0 0 0
797929 100138 -8.895 0.32421875 0.33 0.9 0.58 -0.03 0.15 0.0 0.0 1.2789 -0.0255 0.0 1.2974 4 0 0 0 0
797949 100139 -8.925 0.325195312 0.33 0.9 0.64 -0.03 0.21 0.0 0.0 1.1943 -0.0337 0.0 1.2797 4 0 0 0 0
797970 100142 -8.915 0.325195312 0.33 0.9 0.61 -0.06 0.06 0.0 0.0 0.9407 -0.0608 0.0 1.2222 4 0 0 0 0
797990 100141 -8.921 0.327636718 0.33 0.9 0.61 0.03 0.24 0.0 0.0 1.0252 -0.0766 0.0 1.1881 4 0 0 0 0
798011 100138 -8.912 0.326660156 0.33 0.9 0.67 0.03 0.15 0.0 0.0 1.2789 -0.0693 0.0 1.2016 4 0 0 0 0
798031 100139 -8.906 0.327148437 0.33 0.9 0.7 0.18 0.3 0.0 0.0 1.1943 -0.0699 0.0 1.199 4 0 0 0 0
798052 100142 -8.908 0.324707031 0.33 0.9 0.64 -0.03 0.27 0.0 0.0 0.9407 -0.0906 0.0 1.1543 4 0 0 0 0
798072 100134 -8.912 0.326171875 0.33 0.9 0.52 -0.03 0.18 0.0 0.0 1.6145 -0.0538 0.0 1.2295 4 0 0 0 0
798093 100141 -8.917 0.326660156 0.33 0.9 0.67 0.09 0.24 0.0 0.0 1.0252 -0.0701 0.0 1.1942 4 0 0 0 0
798113 100133 -8.919 0.328125 0.33 0.9 0.73 0.09 0.15 0.0 0.0 1.699 -0.0297 0.0 1.2772 4 0 0 0 0
798134 100139 -8.917 0.328125 0.34 0.91 0.64 0.03 0.15 0.0 0.0 1.1943 -0.0363 0.0 1.2627 4 0 0 0 0
798154 100137 -8.893 0.325195312 0.33 0.9 0.67 -0.06 0.15 0.0 0.0 1.3634 -0.0283 0.0 1.2789 4 0 0 0 0
798175 100136 -8.919 0.326660156 0.33 0.91 0.67 0.0 0.24 0.0 0.0 1.448 -0.0148 0.0 1.3066 4 0 0 0 0
798195 100136 -8.91 0.328613281 0.33 0.9 0.67 0.09 0.27 0.0 0.0 1.448 -0.0034 0.0 1.3299 4 0 0 0 0
798216 100138 -8.908 0.325195312 0.33 0.9 0.76 -0.03 0.06 0.0 0.0 1.2789 -0.0075 0.0 1.3213 4 0 0 0 0
798236 100138 -8.93 0.327148437 0.33 0.9 0.7 0.0 0.21 0.0 0.0 1.2789 -0.0109 0.0 1.3141 4 0 0 0 0
798257 100141 -8.914 0.326660156 0.33 0.9 0.61 0.0 0.3 0.0 0.0 1.0252 -0.034 0.0 1.2655 4 0 0 0 0
798277 100136 -8.902 0.323242187 0.33 0.9 0.76 0.0 0.15 0.0 0.0 1.448 -0.0194 0.0 1.2953 4 0 0 0 0
798298 100138 -8.93 0.326660156 0.33 0.9 0.7 0.03 0.21 0.0 0.0 1.2789 -0.0207 0.0 1.2922 4 0 0 0 0
798318 100134 -8.917 0.329589843 0.33 0.9 0.82 0.03 0.21 0.0 0.0 1.6145 0.005 0.0 1.3457 4 0 0 0 0
798339 100138 -8.94 0.328125 0.33 0.9 0.58 0.0 0.21 0.0 0.0 1.2789 -0.0003 0.0 1.3346 4 0 0 0 0
798359 100134 -8.927 0.328125 0.33 0.9 0.58 0.12 0.27 0.0 0.0 1.6145 0.0221 0.0 1.3814 4 0 0 0 0
798380 100138 -8.925 0.327148437 0.33 0.91 0.64 -0.03 0.3 0.0 0.0 1.2789 0.0139 0.0 1.3647 4 0 0 0 0
798400 100138 -8.925 0.328125 0.33 0.9 0.73 -0.15 0.18 0.0 0.0 1.2789 0.007 0.0 1.3506 4 0 0 0 0
798420 100134 -8.912 0.329589843 0.33 0.9 0.67 0.12 0.27 0.0 0.0 1.6145 0.0281 0.0 1.3949 4 0 0 0 0
798441 100134 -8.921 0.327148437 0.33 0.9 0.64 -0.06 0.3 0.0 0.0 1.6145 0.0457 0.0 1.4323 4 0 0 0 0
798461 100137 -8.929 0.324707031 0.33 0.9 0.7 0.03 0.18 0.0 0.0 1.3634 0.0402 0.0 1.4217 4 0 0 0 0
798482 100135 -8.927 0.325683593 0.33 0.9 0.61 -0.12 0.12 0.0 0.0 1.5325 0.049 0.0 1.4411 4 0 0 0 0
798502 100139 -8.929 0.328613281 0.33 0.9 0.55 0.06 0.15 0.0 0.0 1.1943 0.0293 0.0 1.4008 4 0 0 0 0
798523 100139 -8.934 0.327148437 0.33 0.9 0.64 -0.06 0.27 0.0 0.0 1.1943 0.0128 0.0 1.3668 4 0 0 0 0
798543 100141 -8.93 0.325683593 0.33 0.9 0.7 -0.03 0.27 0.0 0.0 1.0252 -0.0145 0.0 1.3099 4 0 0 0 0
798564 100142 -8.906 0.327148437 0.33 0.9 0.52 -0.06 0.27 0.0 0.0 0.9407 -0.0441 0.0 1.2478 4 0 0 0 0
798584 100141 -8.919 0.328125 0.33 0.9 0.67 0.09 0.21 0.0 0.0 1.0252 -0.0619 0.0 1.2097 4 0 0 0 0
798605 100139 -8.919 0.327636718 0.33 0.91 0.79 0.0 0.15 0.0 0.0 1.1943 -0.0631 0.0 1.2058 4 0 0 0 0
798625 100139 -8.923 0.328125 0.33 0.9 0.7 -0.09 0.24 0.0 0.0 1.1943 -0.064 0.0 1.2026 4 0 0 0 0
798646 100138 -8.934 0.325195312 0.33 0.9 0.61 -0.09 0.18 0.0 0.0 1.2789 -0.0579 0.0 1.2141 4 0 0 0 0
798666 100141 -8.93 0.326171875 0.33 0.9 0.7 0.06 0.3 0.0 0.0 1.0252 -0.073 0.0 1.1813 4 0 0 0 0
798687 100136 -8.927 0.328613281 0.33 0.9 0.61 -0.09 0.12 0.0 0.0 1.448 -0.0517 0.0 1.2244 4 0 0 0 0
798707 100136 -8.934 0.327148437 0.33 0.9 0.58 -0.12 0.12 0.0 0.0 1.448 -0.0338 0.0 1.2608 4 0 0 0 0
798728 100139 -8.929 0.328613281 0.33 0.9 0.55 0.06 0.21 0.0 0.0 1.1943 -0.0391 0.0 1.2489 4 0 0 0 0
798748 100141 -8.955 0.324707031 0.33 0.9 0.67 -0.15 0.15 0.0 0.0 1.0252 -0.057 0.0 1.2107 4 0 0 0 0
798769 100142 -8.919 0.323242187 0.33 0.9 0.91 -0.15 0.09 0.0 0.0 0.9407 -0.0786 0.0 1.1643 4 0 0 0 0
798789 100140 -8.915 0.326171875 0.33 0.9 -0.03 0.34 0.27 0.0 0.0 1.1098 -0.083 0.0 1.1536 4 0 0 0 0
798810 100137 -8.959 0.325195312 0.33 0.9 0.67 0.06 0.18 0.0 0.0 1.3634 -0.0662 0.0 1.187 4 0 0 0 0
798830 100139 -8.936 0.326660156 0.33 0.9 0.52 0.03 0.12 0.0 0.0 1.1943 -0.0656 0.0 1.1869 4 0 0 0 0
798851 100141 -8.938 0.324707031 0.33 0.9 0.67 0.0 0.24 0.0 0.0 1.0252 -0.0786 0.0 1.1585 4 0 0 0 0
798871 100138 -8.94 0.32421875 0.33 0.9 0.7 -0.03 0.12 0.0 0.0 1.2789 -0.0689 0.0 1.177 4 0 0 0 0
798892 100138 -8.934 0.325683593 0.33 0.9 0.7 0.0 0.24 0.0 0.0 1.2789 -0.0608 0.0 1.1926 4 0 0 0 0
798912 100141 -8.932 0.326171875 0.33 0.9 0.73 0.0 0.3 0.0 0.0 1.0252 -0.0742 0.0 1.1634 4 0 0 0 0
798932 100139 -8.951 0.324707031 0.33 0.9 0.7 -0.03 0.15 0.0 0.0 1.1943 -0.0717 0.0 1.1671 4 0 0 0 0
798953 100136 -8.942 0.325195312 0.33 0.9 0.7 -0.03 0.27 0.0 0.0 1.448 -0.0492 0.0 1.2126 4 0 0 0 0
798973 100138 -8.93 0.32421875 0.33 0.9 0.7 0.12 0.3 0.0 0.0 1.2789 -0.0439 0.0 1.2227 4 0 0 0 0
798994 100137 -8.932 0.326171875 0.33 0.9 0.64 -0.03 0.24 0.0 0.0 1.3634 -0.0327 0.0 1.2453 4 0 0 0 0
799014 100142 -8.94 0.323730468 0.33 0.9 0.7 0.03 0.18 0.0 0.0 0.9407 -0.0571 0.0 1.1937 4 0 0 0 0
799035 100139 -8.938 0.325195312 0.33 0.9 0.67 0.03 0.21 0.0 0.0 1.1943 -0.057 0.0 1.1926 4 0 0 0 0
799055 100137 -8.944 0.323730468 0.33 0.9 0.58 -0.09 0.18 0.0 0.0 1.3634 -0.0433 0.0 1.2201 4 0 0 0 0
799076 100134 -8.955 0.326171875 0.33 0.91 0.58 -0.03 0.27 0.0 0.0 1.6145 -0.0118 0.0 1.2852 4 0 0 0 0
799096 100137 -8.949 0.323730468 0.33 0.9 0.67 -0.09 0.09 0.0 0.0 1.3634 -0.0055 0.0 1.298 4 0 0 0 0
799117 100140 -8.938 0.325195312 0.33 0.9 0.73 0.03 0.18 0.0 0.0 1.1098 -0.0206 0.0 1.2664 4 0 0 0 0
799137 100142 -8.94 0.32421875 0.33 0.9 0.67 0.0 0.3 0.0 0.0 0.9407 -0.0466 0.0 1.2115 4 0 0 0 0
799158 100132 -8.93 0.324707031 0.33 0.9 0.7 -0.06 0.06 0.0 0.0 1.7836 -0.0009 0.0 1.3063 4 0 0 0 0
799178 100134 -8.942 0.328613281 0.33 0.9 0.61 -0.06 0.34 0.0 0.0 1.6145 0.0238 0.0 1.3578 4 0 0 0 0
799199 100139 -8.951 0.326660156 0.33 0.9 0.64 0.0 0.18 0.0 0.0 1.1943 0.0107 0.0 1.3309 4 0 0 0 0
799219 100147 -8.936 0.328125 0.33 0.91 0.76 -0.06 0.27 0.0 0.0 0.5205 -0.0541 0.0 1.1956 4 0 0 0 0
799240 100140 -8.93 0.326660156 0.33 0.9 0.73 -0.06 0.15 0.0 0.0 1.1098 -0.061 0.0 1.1801 4 0 0 0 0
799260 100136 -8.949 0.323730468 0.33 0.9 0.61 -0.12 0.12 0.0 0.0 1.448 -0.0396 0.0 1.2237 4 0 0 0 0
799281 100135 -8.936 0.329589843 0.33 0.9 0.64 0.03 0.18 0.0 0.0 1.5325 -0.0149 0.0 1.2745 4 0 0 0 0
799301 100135 -8.957 0.327148437 0.33 0.9 0.64 0.09 0.15 0.0 0.0 1.5325 0.0058 0.0 1.3174 4 0 0 0 0
799322 100141 -8.936 0.327636718 0.33 0.9 0.67 0.15 0.18 0.0 0.0 1.0252 -0.0176 0.0 1.2686 4 0 0 0 0
799342 100139 -8.94 0.327636718 0.33 0.9 0.55 0.0 0.21 0.0 0.0 1.1943 -0.0235 0.0 1.2558 4 0 0 0 0
799363 100141 -8.94 0.327636718 0.33 0.9 0.64 0.09 0.15 0.0 0.0 1.0252 -0.042 0.0 1.2167 4 0 0 0 0
799383 100141 -8.951 0.326660156 0.33 0.9 0.7 0.12 0.24 0.0 0.0 1.0252 -0.0573 0.0 1.1839 4 0 0 0 0
799404 100134 -8.932 0.326660156 0.33 0.9 0.67 -0.06 0.27 0.0 0.0 1.6145 -0.0229 0.0 1.2547 4 0 0 0 0
799424 100137 -8.953 0.331054687 0.33 0.9 0.61 0.09 0.27 0.0 0.0 1.3634 -0.0142 0.0 1.2725 4 0 0 0 0
799444 100140 -8.944 0.326660156 0.33 0.9 0.61 0.09 0.24 0.0 0.0 1.1098 -0.0272 0.0 1.245 4 0 0 0 0
799465 100142 -8.949 0.32421875 0.33 0.9 0.67 0.03 0.18 0.0 0.0 0.9407 -0.0515 0.0 1.1935 4 0 0 0 0
799485 100134 -8.951 0.327148437 0.33 0.9 0.49 -0.06 0.12 0.0 0.0 1.6145 -0.0178 0.0 1.2629 4 0 0 0 0
799506 100138 -8.959 0.329101562 0.33 0.9 0.58 0.09 0.27 0.0 0.0 1.2789 -0.0166 0.0 1.2652 4 0 0 0 0
799526 100135 -8.951 0.325195312 0.33 0.9 0.64 -0.09 0.18 0.0 0.0 1.5325 0.0048 0.0 1.3096 4 0 0 0 0
799547 100139 -8.951 0.321777343 0.33 0.9 0.49 0.06 0.34 0.0 0.0 1.1943 -0.0044 0.0 1.2904 4 0 0 0 0
799567 100141 -8.951 0.324707031 0.33 0.9 0.55 0.03 0.09 0.0 0.0 1.0252 -0.0256 0.0 1.2459 4 0 0 0 0
799588 100138 -8.951 0.325195312 0.33 0.9 0.61 -0.06 0.15 0.0 0.0 1.2789 -0.023 0.0 1.2509 4 0 0 0 0
799608 100142 -8.93 0.326171875 0.33 0.9 0.67 -0.09 0.24 0.0 0.0 0.9407 -0.0478 0.0 1.1985 4 0 0 0 0
799629 100135 -8.949 0.328125 0.34 0.9 0.7 -0.03 0.18 0.0 0.0 1.5325 -0.0211 0.0 1.2534 4 0 0 0 0
799649 100137 -8.951 0.327148437 0.33 0.9 0.55 -0.09 0.15 0.0 0.0 1.3634 -0.0123 0.0 1.2714 4 0 0 0 0
799670 100138 -8.94 0.325683593 0.33 0.9 0.58 0.09 0.21 0.0 0.0 1.2789 -0.0117 0.0 1.2724 4 0 0 0 0
799690 100135 -8.97 0.328125 0.33 0.9 0.64 -0.03 0.18 0.0 0.0 1.5325 0.0091 0.0 1.3157 4 0 0 0 0
799711 100137 -8.955 0.327148437 0.33 0.9 0.61 0.06 0.21 0.0 0.0 1.3634 0.013 0.0 1.3239 4 0 0 0 0
799731 100136 -8.944 0.326171875 0.33 0.9 0.58 0.03 0.21 0.0 0.0 1.448 0.0229 0.0 1.3449 4 0 0 0 0
799752 100137 -8.949 0.324707031 0.33 0.9 0.46 0.03 0.3 0.0 0.0 1.3634 0.0244 0.0 1.3485 4 0 0 0 0
799772 100139 -8.91 0.325195312 0.33 0.9 0.61 -0.3 0.21 0.0 0.0 1.1943 0.012 0.0 1.3232 4 0 0 0 0
799793 100138 -8.976 0.326171875 0.33 0.9 0.82 0.58 0.27 0.0 0.0 1.2789 0.0085 0.0 1.316 4 0 0 0 0
799813 100140 -8.998 0.326660156 0.33 0.9 0.64 -0.15 0.18 0.0 0.0 1.1098 -0.008 0.0 1.2817 4 0 0 0 0
799834 100134 -8.959 0.327636718 0.33 0.9 0.61 0.06 0.24 0.0 0.0 1.6145 0.0186 0.0 1.3372 4 0 0 0 0
799854 100139 -8.944 0.327148437 0.33 0.9 0.49 0.03 0.27 0.0 0.0 1.1943 0.0072 0.0 1.3137 4 0 0 0 0
799875 100136 -8.953 0.326660156 0.33 0.9 0.7 0.0 0.24 0.0 0.0 1.448 0.0179 0.0 1.3363 4 0 0 0 0
799895 100135 -8.938 0.328613281 0.33 0.9 0.61 -0.15 0.09 0.0 0.0 1.5325 0.0336 0.0 1.3695 4 0 0 0 0
799916 100140 -8.968 0.323730468 0.33 0.9 0.76 0.0 0.12 0.0 0.0 1.1098 0.0128 0.0 1.3267 4 0 0 0 0
799936 100134 -8.959 0.326660156 0.33 0.9 0.52 -0.03 0.15 0.0 0.0 1.6145 0.0359 0.0 1.3751 4 0 0 0 0
799956 100141 -8.964 0.324707031 0.33 0.9 0.67 -0.15 0.21 0.0 0.0 1.0252 0.0079 0.0 1.3173 4 0 0 0 0
799977 100134 -8.972 0.325683593 0.33 0.9 0.7 -0.03 0.21 0.0 0.0 1.6145 0.0316 0.0 1.3672 4 0 0 0 0
799997 100139 -8.977 0.326660156 0.33 0.9 0.64 -0.06 0.3 0.0 0.0 1.1943 0.0178 0.0 1.3389 4 0 0 0 0
800018 100139 -8.977 0.32421875 0.33 0.91 0.61 0.06 0.34 0.0 0.0 1.1943 0.0062 0.0 1.3151 4 0 0 0 0
800038 100139 -8.964 0.326660156 0.33 0.9 0.64 0.03 0.15 0.0 0.0 1.1943 -0.0034 0.0 1.295 4 0 0 0 0
800059 100138 -8.964 0.324707031 0.33 0.9 0.64 -0.09 0.34 0.0 0.0 1.2789 -0.0047 0.0 1.2922 4 0 0 0 0
800079 100141 -8.966 0.327636718 0.33 0.9 0.67 -0.06 0.21 0.0 0.0 1.0252 -0.0261 0.0 1.2475 4 0 0 0 0
800100 100138 -8.962 0.323242187 0.33 0.9 0.49 0.15 0.24 0.0 0.0 1.2789 -0.0236 0.0 1.2522 4 0 0 0 0
800120 100135 -8.959 0.325683593 0.33 0.9 0.58 -0.06 0.12 0.0 0.0 1.5325 -0.0011 0.0 1.2986 4 0 0 0 0
800141 100138 -8.959 0.326660156 0.33 0.9 0.55 -0.12 0.34 0.0 0.0 1.2789 -0.0027 0.0 1.2953 4 0 0 0 0
800161 100135 -8.955 0.328613281 0.33 0.9 0.4 -0.03 0.27 0.0 0.0 1.5325 0.0163 0.0 1.3349 4 0 0 0 0
800182 100135 -8.959 0.325683593 0.33 0.9 0.58 0.03 0.24 0.0 0.0 1.5325 0.0321 0.0 1.3683 4 0 0 0 0
800202 100134 -8.964 0.329589843 0.33 0.9 0.7 0.0 0.24 0.0 0.0 1.6145 0.0518 0.0 1.4102 4 0 0 0 0
800223 100141 -8.976 0.328125 0.33 0.9 0.76 0.0 0.27 0.0 0.0 1.0252 0.021 0.0 1.3468 4 0 0 0 0
800243 100137 -8.97 0.322265625 0.33 0.9 0.58 0.06 0.21 0.0 0.0 1.3634 0.0223 0.0 1.35 4 0 0 0 0
800264 100134 -9.0 0.324707031 0.33 0.9 0.67 -0.03 0.21 0.0 0.0 1.6145 0.0435 0.0 1.3947 4 0 0 0 0
800284 100135 -8.976 0.321777343 0.33 0.9 0.7 -0.06 0.15 0.0 0.0 1.5325 0.0545 0.0 1.4187 4 0 0 0 0
800305 100138 -8.966 0.329589843 0.33 0.9 0.64 0.03 0.18 0.0 0.0 1.2789 0.0433 0.0 1.3964 4 0 0 0 0
800325 100135 -8.962 0.325683593 0.33 0.9 0.7 0.03 0.21 0.0 0.0 1.5325 0.0542 0.0 1.4201 4 0 0 0 0
800346 100137 -8.981 0.327636718 0.33 0.9 0.64 -0.03 0.21 0.0 0.0 1.3634 0.0497 0.0 1.4117 4 0 0 0 0
800366 100137 -8.979 0.327148437 0.33 0.9 0.55 0.0 0.3 0.0 0.0 1.3634 0.0458 0.0 1.4046 4 0 0 0 0
800387 100139 -8.981 0.325195312 0.33 0.9 0.7 0.0 0.15 0.0 0.0 1.1943 0.029 0.0 1.3704 4 0 0 0 0
800407 100137 -8.981 0.326171875 0.33 0.9 0.64 0.0 0.18 0.0 0.0 1.3634 0.0284 0.0 1.3698 4 0 0 0 0
800428 100137 -8.994 0.325195312 0.33 0.9 0.73 -0.03 0.06 0.0 0.0 1.3634 0.0279 0.0 1.3693 4 0 0 0 0
800448 100138 -8.976 0.326660156 0.33 0.9 0.49 -0.03 0.21 0.0 0.0 1.2789 0.0207 0.0 1.3548 4 0 0 0 0
800468 100136 -8.998 0.325195312 0.33 0.9 0.52 0.06 0.24 0.0 0.0 1.448 0.0281 0.0 1.3708 4 0 0 0 0
800489 100140 -8.981 0.324707031 0.33 0.9 0.64 0.03 0.12 0.0 0.0 1.1098 0.0073 0.0 1.3277 4 0 0 0 0
800509 100143 -8.979 0.324707031 0.33 0.9 0.64 -0.06 0.15 0.0 0.0 0.8588 -0.0303 0.0 1.2494 4 0 0 0 0
800530 100136 -8.983 0.327636718 0.33 0.9 0.58 0.15 0.09 0.0 0.0 1.448 -0.0144 0.0 1.282 4 0 0 0 0
800550 100141 -8.992 0.326171875 0.33 0.9 0.7 -0.03 0.15 0.0 0.0 1.0252 -0.0349 0.0 1.2387 4 0 0 0 0
800571 100142 -8.979 0.329589843 0.33 0.9 0.7 0.06 0.24 0.0 0.0 0.9407 -0.0588 0.0 1.1881 4 0 0 0 0
800591 100142 -8.979 0.325683593 0.33 0.9 0.58 0.0 0.37 0.0 0.0 0.9407 -0.0786 0.0 1.1455 4 0 0 0 0
800612 100136 -8.992 0.325195312 0.33 0.9 0.55 0.06 0.12 0.0 0.0 1.448 -0.0544 0.0 1.1945 4 0 0 0 0
800632 100140 -8.972 0.325683593 0.33 0.9 0.61 -0.03 0.18 0.0 0.0 1.1098 -0.0611 0.0 1.1793 4 0 0 0 0
800653 100137 -8.979 0.325683593 0.33 0.9 0.55 -0.06 0.21 0.0 0.0 1.3634 -0.0464 0.0 1.2088 4 0 0 0 0
800673 100139 -8.987 0.326171875 0.33 0.9 0.64 -0.12 0.09 0.0 0.0 1.1943 -0.0476 0.0 1.2054 4 0 0 0 0
800694 100137 -8.968 0.323242187 0.33 0.9 0.67 -0.15 0.21 0.0 0.0 1.3634 -0.0349 0.0 1.2309 4 0 0 0 0
800714 100137 -8.987 0.327148437 0.33 0.9 0.64 0.06 0.12 0.0 0.0 1.3634 -0.0243 0.0 1.2524 4 0 0 0 0
800735 100136 -8.962 0.325683593 0.33 0.9 0.76 0.0 0.27 0.0 0.0 1.448 -0.0087 0.0 1.2846 4 0 0 0 0
800755 100146 -8.964 0.325195312 0.33 0.9 0.91 0.52 0.27 0.0 0.0 0.6051 -0.063 0.0 1.1707 4 0 0 0 0
800776 100131 -8.932 0.327148437 0.33 0.9 0.06 0.03 0.21 0.0 0.0 1.8681 -0.0072 0.0 1.2861 4 0 0 0 0
800796 100141 -8.983 0.324707031 0.33 0.9 0.37 -0.46 0.12 0.0 0.0 1.0252 -0.0281 0.0 1.2424 4 0 0 0 0
800817 100138 -8.947 0.324707031 0.33 0.9 0.52 -0.03 0.21 0.0 0.0 1.2789 -0.0252 0.0 1.2479 4 0 0 0 0
800837 100140 -8.987 0.325195312 0.34 0.9 0.64 -0.24 0.24 0.0 0.0 1.1098 -0.0362 0.0 1.2243 4 0 0 0 0
800858 100138 -8.972 0.325683593 0.33 0.9 0.7 0.03 0.21 0.0 0.0 1.2789 -0.0319 0.0 1.2326 4 0 0 0 0
800878 100132 -8.987 0.325683593 0.33 0.9 0.7 0.03 0.12 0.0 0.0 1.7836 0.0122 0.0 1.3242 4 0 0 0 0
800899 100139 -8.979 0.324707031 0.33 0.9 0.7 -0.09 0.24 0.0 0.0 1.1943 0.0018 0.0 1.3027 4 0 0 0 0
800919 100134 -8.977 0.324707031 0.33 0.9 0.61 0.09 0.09 0.0 0.0 1.6145 0.0268 0.0 1.3549 4 0 0 0 0
800940 100139 -8.979 0.323730468 0.33 0.9 0.52 -0.03 0.12 0.0 0.0 1.1943 0.0139 0.0 1.3286 4 0 0 0 0
800960 100136 -9.007 0.327148437 0.33 0.9 0.73 0.15 0.12 0.0 0.0 1.448 0.0235 0.0 1.3488 4 0 0 0 0
800980 100141 -8.979 0.325195312 0.33 0.9 0.76 0.0 0.37 0.0 0.0 1.0252 -0.0024 0.0 1.2952 4 0 0 0 0
801001 100141 -8.996 0.326171875 0.33 0.9 0.61 -0.12 0.15 0.0 0.0 1.0252 -0.024 0.0 1.2499 4 0 0 0 0
801021 100136 -8.998 0.323730468 0.33 0.9 0.64 0.03 0.27 0.0 0.0 1.448 -0.0082 0.0 1.2826 4 0 0 0 0
801042 100138 -8.998 0.325683593 0.33 0.9 0.61 0.12 0.15 0.0 0.0 1.2789 -0.0085 0.0 1.2818 4 0 0 0 0
801062 100139 -9.007 0.327148437 0.33 0.9 0.55 -0.06 0.15 0.0 0.0 1.1943 -0.0155 0.0 1.267 4 0 0 0 0
801083 100138 -9.0 0.323730468 0.33 0.9 0.67 0.12 0.18 0.0 0.0 1.2789 -0.0145 0.0 1.2687 4 0 0 0 0
801103 100137 -9.004 0.329101562 0.33 0.9 0.4 0.06 0.18 0.0 0.0 1.3634 -0.0069 0.0 1.2842 4 0 0 0 0
801124 100136 -8.989 0.325195312 0.33 0.9 0.79 0.06 0.12 0.0 0.0 1.448 0.0062 0.0 1.3115 4 0 0 0 0
801144 100135 -8.998 0.325195312 0.33 0.9 0.73 -0.09 0.24 0.0 0.0 1.5325 0.0238 0.0 1.3486 4 0 0 0 0
801165 100138 -9.007 0.326171875 0.33 0.9 0.55 0.06 0.3 0.0 0.0 1.2789 0.0183 0.0 1.3374 4 0 0 0 0
801185 100137 -8.987 0.329101562 0.33 0.9 0.58 0.0 0.27 0.0 0.0 1.3634 0.0204 0.0 1.3421 4 0 0 0 0
801206 100138 -8.994 0.327148437 0.33 0.9 0.61 -0.03 0.18 0.0 0.0 1.2789 0.0153 0.0 1.332 4 0 0 0 0
801226 100140 -8.994 0.326171875 0.33 0.9 0.43 -0.03 0.24 0.0 0.0 1.1098 -0.0025 0.0 1.2951 4 0 0 0 0
801247 100141 -9.0 0.325195312 0.33 0.9 0.79 0.0 0.15 0.0 0.0 1.0252 -0.0241 0.0 1.2499 4 0 0 0 0
801267 100135 -8.996 0.324707031 0.33 0.91 0.55 0.06 0.34 0.0 0.0 1.5325 -0.0015 0.0 1.2967 4 0 0 0 0
801288 100137 -9.007 0.32421875 0.33 0.9 0.58 -0.03 0.21 0.0 0.0 1.3634 0.0039 0.0 1.3078 4 0 0 0 0
801308 100136 -8.985 0.327636718 0.33 0.9 0.61 -0.12 0.18 0.0 0.0 1.448 0.0151 0.0 1.3314 4 0 0 0 0
801329 100139 -8.983 0.325683593 0.33 0.9 0.61 -0.06 0.27 0.0 0.0 1.1943 0.0041 0.0 1.3087 4 0 0 0 0
801349 100141 -8.989 0.326660156 0.33 0.9 0.61 -0.09 0.18 0.0 0.0 1.0252 -0.0186 0.0 1.2614 4 0 0 0 0
801370 100139 -8.992 0.327636718 0.33 0.9 0.7 0.09 0.09 0.0 0.0 1.1943 -0.0239 0.0 1.2498 4 0 0 0 0
801390 100140 -8.994 0.326171875 0.33 0.9 0.64 0.06 0.12 0.0 0.0 1.1098 -0.0351 0.0 1.2259 4 0 0 0 0
801411 100139 -9.002 0.327636718 0.33 0.9 0.61 0.03 0.34 0.0 0.0 1.1943 -0.0376 0.0 1.2199 4 0 0 0 0
801431 100135 -9.013 0.325195312 0.33 0.9 0.64 0.06 0.21 0.0 0.0 1.5325 -0.0126 0.0 1.2714 4 0 0 0 0
801452 100137 -8.981 0.325195312 0.33 0.9 0.73 0.0 0.21 0.0 0.0 1.3634 -0.0053 0.0 1.2866 4 0 0 0 0
801472 100140 -9.021 0.327636718 0.33 0.91 0.64 -0.03 0.24 0.0 0.0 1.1098 -0.0194 0.0 1.2569 4 0 0 0 0
801492 100137 -8.987 0.328613281 0.33 0.9 0.64 -0.03 0.21 0.0 0.0 1.3634 -0.0109 0.0 1.2743 4 0 0 0 0
801513 100139 -9.002 0.327148437 0.33 0.9 0.49 0.09 0.24 0.0 0.0 1.1943 -0.0173 0.0 1.2607 4 0 0 0 0
801533 100143 -9.0 0.326660156 0.33 0.9 0.7 0.03 0.12 0.0 0.0 0.8588 -0.0494 0.0 1.1931 4 0 0 0 0
801554 100138 -9.004 0.326660156 0.33 0.9 0.61 -0.06 0.12 0.0 0.0 1.2789 -0.0426 0.0 1.2064 4 0 0 0 0
801574 100137 -9.009 0.325683593 0.33 0.9 0.61 0.0 0.12 0.0 0.0 1.3634 -0.03 0.0 1.2318 4 0 0 0 0
801595 100138 -8.992 0.325195312 0.33 0.9 0.67 -0.06 0.18 0.0 0.0 1.2789 -0.0263 0.0 1.2391 4 0 0 0 0
801615 100136 -9.011 0.327148437 0.33 0.9 0.61 -0.06 0.24 0.0 0.0 1.448 -0.0095 0.0 1.2735 4 0 0 0 0
801636 100138 -9.0 0.32421875 0.33 0.9 0.61 0.0 0.21 0.0 0.0 1.2789 -0.0091 0.0 1.2742 4 0 0 0 0
801656 100136 -8.992 0.327636718 0.33 0.91 0.67 -0.15 0.21 0.0 0.0 1.448 0.0048 0.0 1.3031 4 0 0 0 0
801677 100136 -8.998 0.32421875 0.33 0.9 0.64 -0.03 0.21 0.0 0.0 1.448 0.0164 0.0 1.3275 4 0 0 0 0
801697 100136 -8.987 0.324707031 0.33 0.9 0.64 0.06 0.12 0.0 0.0 1.448 0.026 0.0 1.3479 4 0 0 0 0
801718 100140 -9.007 0.324707031 0.33 0.9 0.61 -0.06 0.27 0.0 0.0 1.1098 0.007 0.0 1.3086 4 0 0 0 0
801738 100135 -8.994 0.325683593 0.33 0.9 0.61 0.0 0.24 0.0 0.0 1.5325 0.0249 0.0 1.3462 4 0 0 0 0
801759 100136 -9.0 0.323242187 0.33 0.9 1.01 0.03 0.18 0.0 0.0 1.448 0.033 0.0 1.3638 4 0 0 0 0
801779 100137 -9.054 0.326660156 0.33 0.9 0.37 0.18 0.3 0.0 0.0 1.3634 0.033 0.0 1.3644 4 0 0 0 0
801800 100137 -9.049 0.327148437 0.33 0.9 0.64 -0.3 0.09 0.0 0.0 1.3634 0.0329 0.0 1.3649 4 0 0 0 0
801820 100136 -8.977 0.324707031 0.33 0.9 0.58 0.0 0.15 0.0 0.0 1.448 0.0396 0.0 1.3795 4 0 0 0 0
801841 100139 -9.021 0.325195312 0.33 0.9 0.7 0.18 0.3 0.0 0.0 1.1943 0.0248 0.0 1.3493 4 0 0 0 0
801861 100140 -9.011 0.328613281 0.33 0.9 0.64 0.06 0.21 0.0 0.0 1.1098 0.0056 0.0 1.3097 4 0 0 0 0
801882 100140 -9.019 0.324707031 0.33 0.9 0.49 -0.15 0.18 0.0 0.0 1.1098 -0.0104 0.0 1.2764 4 0 0 0 0
801902 100135 -9.022 0.325195312 0.33 0.9 0.52 0.0 0.15 0.0 0.0 1.5325 0.0101 0.0 1.319 4 0 0 0 0
801923 100140 -9.017 0.327636718 0.33 0.9 0.7 0.09 0.15 0.0 0.0 1.1098 -0.0067 0.0 1.2842 4 0 0 0 0
801943 100138 -9.002 0.328125 0.33 0.9 0.88 -0.09 0.18 0.0 0.0 1.2789 -0.0071 0.0 1.2832 4 0 0 0 0
801964 100141 -9.021 0.327148437 0.33 0.9 0.76 0.06 0.21 0.0 0.0 1.0252 -0.0277 0.0 1.2399 4 0 0 0 0
801984 100140 -9.021 0.325683593 0.33 0.9 0.7 0.03 0.34 0.0 0.0 1.1098 -0.0381 0.0 1.2175 4 0 0 0 0
802004 100135 -9.002 0.325195312 0.33 0.9 0.73 0.03 0.24 0.0 0.0 1.5325 -0.0129 0.0 1.2695 4 0 0 0 0
802025 100139 -9.011 0.326660156 0.33 0.9 0.58 -0.06 0.3 0.0 0.0 1.1943 -0.0189 0.0 1.2566 4 0 0 0 0
802045 100137 -8.991 0.329101562 0.33 0.9 0.58 0.03 0.34 0.0 0.0 1.3634 -0.0104 0.0 1.2741 4 0 0 0 0
802066 100135 -9.017 0.325195312 0.33 0.9 0.64 -0.03 0.12 0.0 0.0 1.5325 0.0103 0.0 1.3172 4 0 0 0 0
802086 100138 -9.022 0.325195312 0.33 0.9 0.7 -0.03 0.3 0.0 0.0 1.2789 0.0072 0.0 1.311 4 0 0 0 0
802107 100138 -9.024 0.326171875 0.33 0.9 0.73 -0.03 0.12 0.0 0.0 1.2789 0.0047 0.0 1.3057 4 0 0 0 0
802127 100135 -9.026 0.329101562 0.33 0.9 0.67 0.15 0.18 0.0 0.0 1.5325 0.0228 0.0 1.3438 4 0 0 0 0
802148 100135 -9.024 0.327636718 0.33 0.9 0.55 0.12 0.18 0.0 0.0 1.5325 0.0379 0.0 1.3759 4 0 0 0 0
802168 100137 -9.026 0.326171875 0.33 0.9 0.67 -0.12 0.24 0.0 0.0 1.3634 0.0369 0.0 1.3745 4 0 0 0 0
802189 100141 -9.0 0.324707031 0.33 0.9 0.73 0.0 0.21 0.0 0.0 1.0252 0.009 0.0 1.3168 4 0 0 0 0
802209 100137 -9.009 0.323730468 0.33 0.9 0.64 -0.03 0.09 0.0 0.0 1.3634 0.0127 0.0 1.3248 4 0 0 0 0
802230 100137 -9.022 0.329101562 0.33 0.9 0.61 0.0 0.21 0.0 0.0 1.3634 0.0158 0.0 1.3315 4 0 0 0 0
802250 100136 -9.002 0.324707031 0.33 0.91 0.49 -0.03 0.15 0.0 0.0 1.448 0.0251 0.0 1.3513 4 0 0 0 0
802271 100138 -9.032 0.328125 0.33 0.9 0.67 0.0 0.27 0.0 0.0 1.2789 0.0193 0.0 1.3397 4 0 0 0 0
802291 100136 -9.028 0.327636718 0.33 0.9 0.67 -0.09 0.34 0.0 0.0 1.448 0.028 0.0 1.3582 4 0 0 0 0
802312 100135 -9.028 0.326660156 0.33 0.9 0.55 0.0 0.12 0.0 0.0 1.5325 0.0419 0.0 1.388 4 0 0 0 0
802332 100139 -9.015 0.328125 0.33 0.9 0.61 0.03 0.15 0.0 0.0 1.1943 0.0264 0.0 1.3564 4 0 0 0 0
802353 100138 -9.021 0.326660156 0.33 0.91 0.67 -0.12 0.18 0.0 0.0 1.2789 0.0202 0.0 1.344 4 0 0 0 0
802373 100132 -9.03 0.326660156 0.33 0.9 0.7 0.0 0.27 0.0 0.0 1.7836 0.0554 0.0 1.418 4 0 0 0 0
802394 100140 -9.043 0.328125 0.33 0.9 0.67 -0.06 0.24 0.0 0.0 1.1098 0.0307 0.0 1.3675 4 0 0 0 0
802414 100138 -9.013 0.327148437 0.33 0.9 0.73 -0.06 0.24 0.0 0.0 1.2789 0.0236 0.0 1.3533 4 0 0 0 0
802435 100132 -9.013 0.322265625 0.33 0.9 0.52 0.03 0.21 0.0 0.0 1.7836 0.058 0.0 1.4258 4 0 0 0 0
802455 100135 -9.013 0.326660156 0.33 0.9 0.61 0.0 0.21 0.0 0.0 1.5325 0.0666 0.0 1.4448 4 0 0 0 0
802476 100139 -9.015 0.325195312 0.33 0.9 0.64 -0.12 0.3 0.0 0.0 1.1943 0.0465 0.0 1.4043 4 0 0 0 0
802496 100137 -9.026 0.326660156 0.33 0.9 0.61 -0.09 0.24 0.0 0.0 1.3634 0.0433 0.0 1.3984 4 0 0 0 0
802516 100136 -9.038 0.327148437 0.33 0.9 0.73 0.03 0.21 0.0 0.0 1.448 0.0472 0.0 1.4076 4 0 0 0 0
802537 100137 -9.032 0.327148437 0.33 0.9 0.73 0.0 0.18 0.0 0.0 1.3634 0.0437 0.0 1.4012 4 0 0 0 0
802557 100136 -9.019 0.328125 0.33 0.9 0.7 0.06 0.18 0.0 0.0 1.448 0.0475 0.0 1.4099 4 0 0 0 0
802578 100137 -9.045 0.328125 0.33 0.9 0.67 0.0 0.27 0.0 0.0 1.3634 0.0437 0.0 1.4031 4 0 0 0 0
802598 100138 -9.019 0.323730468 0.33 0.9 0.73 -0.09 0.24 0.0 0.0 1.2789 0.0338 0.0 1.3832 4 0 0 0 0
802619 100136 -9.028 0.328613281 0.33 0.91 0.64 -0.06 0.27 0.0 0.0 1.448 0.039 0.0 1.3947 4 0 0 0 0
802639 100139 -9.009 0.326660156 0.33 0.9 0.61 0.03 0.24 0.0 0.0 1.1943 0.0229 0.0 1.362 4 0 0 0 0
802660 100141 -9.036 0.323730468 0.33 0.9 0.67 -0.09 0.24 0.0 0.0 1.0252 -0.004 0.0 1.3061 4 0 0 0 0
802680 100139 -9.036 0.326660156 0.33 0.9 0.61 0.06 0.15 0.0 0.0 1.1943 -0.0129 0.0 1.2873 4 0 0 0 0
802701 100138 -9.028 0.325683593 0.33 0.9 0.67 0.06 0.21 0.0 0.0 1.2789 -0.0136 0.0 1.2856 4 0 0 0 0
802721 100141 -9.045 0.324707031 0.33 0.9 0.64 -0.12 -0.03 0.0 0.0 1.0252 -0.0344 0.0 1.2418 4 0 0 0 0
802742 100137 -9.034 0.327148437 0.33 0.9 0.67 -0.03 0.12 0.0 0.0 1.3634 -0.0247 0.0 1.2614 4 0 0 0 0
802762 100136 -9.069 0.327636718 0.33 0.9 0.95 -0.3 0.15 0.0 0.0 1.448 -0.0098 0.0 1.2922 4 0 0 0 0
802783 100139 -8.998 0.323730468 0.33 0.9 0.4 0.52 0.3 0.0 0.0 1.1943 -0.0176 0.0 1.2756 4 0 0 0 0
802803 100145 -9.0 0.325683593 0.33 0.9 0.03 -0.15 0.3 0.0 0.0 0.6896 -0.0645 0.0 1.1772 4 0 0 0 0
802824 100138 -9.028 0.326171875 0.33 0.9 0.52 0.03 0.06 0.0 0.0 1.2789 -0.0564 0.0 1.1929 4 0 0 0 0
802844 100137 -9.049 0.327636718 0.33 0.9 0.76 -0.06 0.18 0.0 0.0 1.3634 -0.0427 0.0 1.2203 4 0 0 0 0
802865 100136 -9.026 0.321777343 0.33 0.9 0.64 -0.06 0.12 0.0 0.0 1.448 -0.0245 0.0 1.2575 4 0 0 0 0
802885 100140 -9.039 0.327148437 0.33 0.9 0.7 -0.09 0.18 0.0 0.0 1.1098 -0.0363 0.0 1.2323 4 0 0 0 0
802906 100137 -9.056 0.323730468 0.33 0.9 0.67 0.0 0.09 0.0 0.0 1.3634 -0.0258 0.0 1.2535 4 0 0 0 0
802926 100133 -9.034 0.326171875 0.33 0.9 0.55 0.09 0.18 0.0 0.0 1.699 0.0098 0.0 1.3275 4 0 0 0 0
802947 100141 -9.045 0.326171875 0.33 0.9 0.67 0.03 0.3 0.0 0.0 1.0252 -0.0144 0.0 1.2771 4 0 0 0 0
802967 100135 -9.041 0.325683593 0.33 0.9 0.73 0.0 0.27 0.0 0.0 1.5325 0.0061 0.0 1.3196 4 0 0 0 0
802988 100138 -9.058 0.330078125 0.33 0.9 0.58 0.06 0.15 0.0 0.0 1.2789 0.0028 0.0 1.3129 4 0 0 0 0
803008 100139 -9.054 0.325195312 0.33 0.9 0.79 -0.06 0.24 0.0 0.0 1.1943 -0.0067 0.0 1.2931 4 0 0 0 0
803028 100133 -9.056 0.323242187 0.33 0.9 0.58 -0.09 0.18 0.0 0.0 1.699 0.0258 0.0 1.3609 4 0 0 0 0
803049 100135 -9.041 0.324707031 0.33 0.9 0.61 0.12 0.18 0.0 0.0 1.5325 0.0395 0.0 1.3902 4 0 0 0 0
803069 100137 -9.041 0.325195312 0.33 0.9 0.7 0.03 0.27 0.0 0.0 1.3634 0.0374 0.0 1.3865 4 0 0 0 0
803090 100139 -9.045 0.32421875 0.33 0.9 0.61 0.03 0.24 0.0 0.0 1.1943 0.022 0.0 1.3551 4 0 0 0 0
803110 100138 -9.036 0.325195312 0.33 0.9 0.7 0.03 0.18 0.0 0.0 1.2789 0.0159 0.0 1.3428 4 0 0 0 0
803131 100138 -9.038 0.32421875 0.33 0.9 0.61 0.06 0.18 0.0 0.0 1.2789 0.0108 0.0 1.3324 4 0 0 0 0
803151 100139 -9.054 0.327148437 0.33 0.9 0.58 0.09 0.18 0.0 0.0 1.1943 -0.0002 0.0 1.3095 4 0 0 0 0
803172 100139 -9.041 0.32421875 0.33 0.9 0.64 -0.12 0.12 0.0 0.0 1.1943 -0.0094 0.0 1.2902 4 0 0 0 0
803192 100140 -9.041 0.327148437 0.33 0.9 0.58 0.06 0.24 0.0 0.0 1.1098 -0.0239 0.0 1.2599 4 0 0 0 0
803213 100135 -9.039 0.323242187 0.33 0.9 0.64 0.0 0.21 0.0 0.0 1.5325 -0.0021 0.0 1.305 4 0 0 0 0
803233 100140 -9.047 0.326171875 0.34 0.9 0.52 0.09 0.21 0.0 0.0 1.1098 -0.0177 0.0 1.2723 4 0 0 0 0
803254 100138 -9.039 0.325683593 0.33 0.9 0.52 0.12 0.18 0.0 0.0 1.2789 -0.0172 0.0 1.273 4 0 0 0 0
803274 100134 -9.047 0.327636718 0.33 0.9 0.52 0.0 0.12 0.0 0.0 1.6145 0.0102 0.0 1.3298 4 0 0 0 0
803295 100136 -9.032 0.323730468 0.33 0.9 0.64 -0.06 0.21 0.0 0.0 1.448 0.0196 0.0 1.3498 4 0 0 0 0
803315 100141 -9.043 0.326171875 0.33 0.9 0.67 0.15 0.21 0.0 0.0 1.0252 -0.0064 0.0 1.2959 4 0 0 0 0
803336 100141 -9.054 0.326660156 0.33 0.9 0.7 0.0 0.27 0.0 0.0 1.0252 -0.028 0.0 1.2505 4 0 0 0 0
803356 100138 -9.049 0.323730468 0.33 0.9 0.61 -0.09 0.27 0.0 0.0 1.2789 -0.0257 0.0 1.2547 4 0 0 0 0
803377 100138 -9.049 0.325683593 0.33 0.9 0.64 0.06 0.3 0.0 0.0 1.2789 -0.0238 0.0 1.2582 4 0 0 0 0
803397 100135 -9.049 0.323730468 0.33 0.9 0.73 -0.03 0.09 0.0 0.0 1.5325 -0.0018 0.0 1.3036 4 0 0 0 0
803418 100140 -9.062 0.325683593 0.33 0.9 0.7 -0.03 0.15 0.0 0.0 1.1098 -0.0173 0.0 1.2711 4 0 0 0 0
803438 100136 -9.068 0.326660156 0.33 0.9 0.61 0.0 0.21 0.0 0.0 1.448 -0.0032 0.0 1.3004 4 0 0 0 0
803459 100135 -9.056 0.325683593 0.33 0.9 0.61 0.0 0.34 0.0 0.0 1.5325 0.0154 0.0 1.3392 4 0 0 0 0
803479 100134 -9.068 0.326660156 0.33 0.9 0.64 -0.09 0.21 0.0 0.0 1.6145 0.0374 0.0 1.3855 4 0 0 0 0
803500 100134 -9.06 0.327148437 0.33 0.91 0.52 -0.03 0.24 0.0 0.0 1.6145 0.0557 0.0 1.4246 4 0 0 0 0
803520 100135 -9.06 0.325683593 0.33 0.9 0.58 0.09 0.24 0.0 0.0 1.5325 0.0643 0.0 1.4438 4 0 0 0 0
803540 100135 -9.068 0.326171875 0.33 0.91 0.67 0.06 0.09 0.0 0.0 1.5325 0.0714 0.0 1.4599 4 0 0 0 0
803561 100141 -9.045 0.327148437 0.33 0.9 0.73 -0.12 0.12 0.0 0.0 1.0252 0.0367 0.0 1.3887 4 0 0 0 0
803581 100139 -9.062 0.327148437 0.33 0.9 0.58 -0.03 0.21 0.0 0.0 1.1943 0.0211 0.0 1.3569 4 0 0 0 0
803602 100136 -9.062 0.329589843 0.33 0.9 0.58 -0.03 0.21 0.0 0.0 1.448 0.0284 0.0 1.3726 4 0 0 0 0
803622 100139 -9.054 0.328125 0.33 0.9 0.55 0.03 0.12 0.0 0.0 1.1943 0.0142 0.0 1.3433 4 0 0 0 0
803643 100137 -9.071 0.327148437 0.33 0.9 0.64 -0.06 0.24 0.0 0.0 1.3634 0.0158 0.0 1.347 4 0 0 0 0
803663 100136 -9.058 0.326171875 0.33 0.9 0.55 -0.03 0.18 0.0 0.0 1.448 0.0238 0.0 1.3642 4 0 0 0 0
803684 100137 -9.056 0.323242187 0.33 0.9 0.67 0.03 0.21 0.0 0.0 1.3634 0.0238 0.0 1.3646 4 0 0 0 0
803704 100140 -9.069 0.328125 0.33 0.9 0.67 -0.06 0.15 0.0 0.0 1.1098 0.0034 0.0 1.3224 4 0 0 0 0
803725 100136 -9.073 0.325683593 0.33 0.9 0.55 0.09 0.37 0.0 0.0 1.448 0.0134 0.0 1.3435 4 0 0 0 0
803745 100142 -9.062 0.326171875 0.33 0.9 0.67 -0.06 0.27 0.0 0.0 0.9407 -0.0188 0.0 1.2764 4 0 0 0 0
803766 100138 -9.071 0.32421875 0.33 0.91 1.13 0.37 0.21 0.0 0.0 1.2789 -0.0186 0.0 1.2764 4 0 0 0 0
803786 100144 -9.036 0.325683593 0.33 0.9 0.24 -0.46 0.15 0.0 0.0 0.7742 -0.0588 0.0 1.192 4 0 0 0 0
803807 100142 -9.051 0.327636718 0.33 0.9 1.37 0.0 0.0 0.0 0.0 0.9407 -0.0789 0.0 1.1487 4 0 0 0 0
803827 100139 -9.06 0.323730468 0.33 0.9 0.55 0.0 0.27 0.0 0.0 1.1943 -0.0752 0.0 1.1548 4 0 0 0 0
803848 100137 -9.058 0.329101562 0.33 0.9 0.73 0.21 0.09 0.0 0.0 1.3634 -0.0585 0.0 1.1881 4 0 0 0 0
803868 100138 -9.058 0.325683593 0.33 0.9 0.73 0.0 0.15 0.0 0.0 1.2789 -0.0513 0.0 1.2021 4 0 0 0 0
803889 100138 -9.06 0.329589843 0.33 0.91 0.67 -0.06 0.24 0.0 0.0 1.2789 -0.0451 0.0 1.2139 4 0 0 0 0
803909 100134 -9.073 0.325683593 0.33 0.9 0.64 -0.09 0.3 0.0 0.0 1.6145 -0.0131 0.0 1.28 4 0 0 0 0
803930 100134 -9.056 0.32421875 0.33 0.9 0.7 0.09 0.24 0.0 0.0 1.6145 0.0137 0.0 1.3357 4 0 0 0 0
803950 100136 -9.062 0.323242187 0.33 0.9 0.61 0.03 0.21 0.0 0.0 1.448 0.0227 0.0 1.3548 4 0 0 0 0
803971 100137 -9.086 0.325683593 0.33 0.9 0.61 -0.06 0.21 0.0 0.0 1.3634 0.0233 0.0 1.3567 4 0 0 0 0
803991 100140 -9.058 0.326660156 0.33 0.9 0.58 0.06 0.24 0.0 0.0 1.1098 0.0036 0.0 1.3159 4 0 0 0 0
804012 100138 -9.071 0.325195312 0.33 0.9 0.67 0.03 0.24 0.0 0.0 1.2789 0.0006 0.0 1.3097 4 0 0 0 0
804032 100136 -9.085 0.325683593 0.33 0.9 0.73 -0.03 0.15 0.0 0.0 1.448 0.0117 0.0 1.3329 4 0 0 0 0
804052 100137 -9.069 0.325683593 0.33 0.9 0.7 0.24 0.21 0.0 0.0 1.3634 0.0141 0.0 1.3382 4 0 0 0 0
804073 100139 -9.086 0.328613281 0.33 0.9 0.52 -0.06 0.21 0.0 0.0 1.1943 0.0026 0.0 1.3144 4 0 0 0 0
804093 100135 -9.068 0.32421875 0.33 0.9 0.7 0.03 0.3 0.0 0.0 1.5325 0.0201 0.0 1.351 4 0 0 0 0
804114 100139 -9.069 0.323730468 0.33 0.9 0.64 0.0 0.3 0.0 0.0 1.1943 0.0075 0.0 1.3252 4 0 0 0 0
804134 100138 -9.075 0.327148437 0.33 0.9 0.67 -0.06 0.21 0.0 0.0 1.2789 0.0038 0.0 1.3176 4 0 0 0 0
804155 100143 -9.058 0.324707031 0.33 0.9 0.64 -0.06 0.27 0.0 0.0 0.8588 -0.0329 0.0 1.2409 4 0 0 0 0
804175 100135 -9.09 0.326171875 0.33 0.9 0.67 -0.03 0.12 0.0 0.0 1.5325 -0.0095 0.0 1.289 4 0 0 0 0
804196 100137 -9.075 0.327148437 0.33 0.9 0.61 0.18 0.12 0.0 0.0 1.3634 -0.0036 0.0 1.3013 4 0 0 0 0
804216 100138 -9.071 0.326660156 0.33 0.9 0.64 0.0 0.21 0.0 0.0 1.2789 -0.0054 0.0 1.2975 4 0 0 0 0
804237 100142 -9.064 0.322753906 0.33 0.9 0.52 0.06 0.09 0.0 0.0 0.9407 -0.0339 0.0 1.2376 4 0 0 0 0
804257 100139 -9.083 0.327148437 0.33 0.9 0.79 0.15 0.18 0.0 0.0 1.1943 -0.0374 0.0 1.2297 4 0 0 0 0
804278 100140 -9.077 0.326171875 0.33 0.9 0.76 0.0 0.24 0.0 0.0 1.1098 -0.047 0.0 1.2088 4 0 0 0 0
804298 100136 -9.083 0.325683593 0.33 0.9 0.73 -0.03 0.15 0.0 0.0 1.448 -0.0278 0.0 1.2479 4 0 0 0 0
804319 100135 -9.079 0.325683593 0.33 0.9 0.7 0.03 0.21 0.0 0.0 1.5325 -0.0051 0.0 1.295 4 0 0 0 0
804339 100138 -9.096 0.326171875 0.33 0.9 0.76 -0.06 0.24 0.0 0.0 1.2789 -0.0064 0.0 1.2922 4 0 0 0 0
804360 100135 -9.081 0.326660156 0.33 0.9 0.67 0.03 0.18 0.0 0.0 1.5325 0.0129 0.0 1.3323 4 0 0 0 0
804380 100133 -9.079 0.326171875 0.33 0.9 0.58 0.0 0.27 0.0 0.0 1.699 0.0422 0.0 1.3939 4 0 0 0 0
804401 100139 -9.092 0.323730468 0.33 0.9 0.61 -0.12 0.09 0.0 0.0 1.1943 0.0263 0.0 1.3614 4 0 0 0 0
804421 100136 -9.094 0.323730468 0.33 0.9 0.67 -0.09 0.21 0.0 0.0 1.448 0.0332 0.0 1.3764 4 0 0 0 0
804442 100136 -9.079 0.327636718 0.33 0.9 0.67 0.03 0.06 0.0 0.0 1.448 0.0389 0.0 1.3891 4 0 0 0 0
804462 100137 -9.088 0.325195312 0.33 0.9 0.61 0.09 0.15 0.0 0.0 1.3634 0.0369 0.0 1.3856 4 0 0 0 0
804483 100140 -9.073 0.32421875 0.33 0.9 0.73 -0.09 0.12 0.0 0.0 1.1098 0.0148 0.0 1.3402 4 0 0 0 0
804503 100137 -9.105 0.326171875 0.33 0.9 0.76 -0.03 0.15 0.0 0.0 1.3634 0.0167 0.0 1.3444 4 0 0 0 0
804524 100138 -9.086 0.325195312 0.33 0.9 0.64 -0.03 0.24 0.0 0.0 1.2789 0.0114 0.0 1.3338 4 0 0 0 0
804544 100137 -9.086 0.327148437 0.33 0.9 0.76 -0.09 0.21 0.0 0.0 1.3634 0.0138 0.0 1.3389 4 0 0 0 0
804564 100137 -9.064 0.325195312 0.33 0.9 0.7 -0.06 0.27 0.0 0.0 1.3634 0.0158 0.0 1.3433 4 0 0 0 0
804585 100144 -9.085 0.326660156 0.33 0.9 0.67 0.0 0.09 0.0 0.0 0.7742 -0.0298 0.0 1.2484 4 0 0 0 0
804605 100135 -9.09 0.323242187 0.33 0.9 0.67 0.0 0.18 0.0 0.0 1.5325 -0.007 0.0 1.2953 4 0 0 0 0
804626 100137 -9.086 0.324707031 0.33 0.9 0.64 -0.12 0.15 0.0 0.0 1.3634 -0.0016 0.0 1.3066 4 0 0 0 0
804646 100137 -9.075 0.325195312 0.33 0.9 0.76 -0.03 0.27 0.0 0.0 1.3634 0.003 0.0 1.3161 4 0 0 0 0
804667 100130 -9.081 0.325195312 0.33 0.9 0.61 0.03 0.3 0.0 0.0 1.9527 0.0539 0.0 1.4227 4 0 0 0 0
804687 100139 -9.086 0.327636718 0.33 0.9 0.7 0.0 0.18 0.0 0.0 1.1943 0.0356 0.0 1.3856 4 0 0 0 0
804708 100140 -9.085 0.326171875 0.33 0.9 0.58 0.03 0.21 0.0 0.0 1.1098 0.0136 0.0 1.3401 4 0 0 0 0
804728 100133 -9.069 0.324707031 0.33 0.9 0.64 -0.12 0.12 0.0 0.0 1.699 0.0423 0.0 1.4005 4 0 0 0 0
804749 100139 -9.073 0.327636718 0.33 0.9 0.4 0.0 0.09 0.0 0.0 1.1943 0.0258 0.0 1.3668 4 0 0 0 0
804769 100134 -9.086 0.323730468 0.33 0.9 1.34 0.4 0.15 0.0 0.0 1.6145 0.0456 0.0 1.4088 4 0 0 0 0
804790 100139 -9.111 0.327636718 0.33 0.91 0.37 0.24 0.34 0.0 0.0 1.1943 0.0284 0.0 1.3738 4 0 0 0 0
804810 100136 -9.028 0.324707031 0.33 0.9 0.12 -0.4 0.15 0.0 0.0 1.448 0.0344 0.0 1.3868 4 0 0 0 0
804831 100135 -9.096 0.325683593 0.33 0.9 0.55 0.0 0.18 0.0 0.0 1.5325 0.046 0.0 1.4119 4 0 0 0 0
804851 100138 -9.085 0.325683593 0.33 0.91 0.58 0.03 0.24 0.0 0.0 1.2789 0.0354 0.0 1.3906 4 0 0 0 0
804872 100142 -9.098 0.326171875 0.33 0.91 0.61 0.03 0.21 0.0 0.0 0.9407 -0.0006 0.0 1.316 4 0 0 0 0
804892 100137 -9.096 0.328125 0.33 0.9 0.43 0.09 0.18 0.0 0.0 1.3634 0.0032 0.0 1.3239 4 0 0 0 0
804913 100138 -9.101 0.326660156 0.33 0.9 0.67 -0.03 0.27 0.0 0.0 1.2789 -0.0004 0.0 1.3165 4 0 0 0 0
804933 100142 -9.09 0.327148437 0.33 0.9 0.58 -0.06 0.18 0.0 0.0 0.9407 -0.0305 0.0 1.2536 4 0 0 0 0
804954 100137 -9.086 0.327636718 0.33 0.9 0.58 -0.06 0.15 0.0 0.0 1.3634 -0.0217 0.0 1.2713 4 0 0 0 0
804974 100136 -9.09 0.32421875 0.33 0.91 0.58 0.0 0.06 0.0 0.0 1.448 -0.0076 0.0 1.3005 4 0 0 0 0
804995 100134 -9.096 0.327636718 0.33 0.9 0.67 0.06 0.15 0.0 0.0 1.6145 0.0175 0.0 1.3529 4 0 0 0 0
805015 100136 -9.098 0.324707031 0.33 0.9 0.67 -0.06 0.18 0.0 0.0 1.448 0.0252 0.0 1.3691 4 0 0 0 0
805036 100137 -9.09 0.325195312 0.33 0.9 0.67 -0.03 0.15 0.0 0.0 1.3634 0.0247 0.0 1.3687 4 0 0 0 0
805056 100138 -9.109 0.327636718 0.33 0.9 0.7 0.0 0.27 0.0 0.0 1.2789 0.0175 0.0 1.3542 4 0 0 0 0
805076 100136 -9.1 0.323242187 0.33 0.9 0.61 -0.09 0.21 0.0 0.0 1.448 0.025 0.0 1.3702 4 0 0 0 0
805097 100140 -9.103 0.326660156 0.33 0.9 0.61 -0.03 0.18 0.0 0.0 1.1098 0.0042 0.0 1.3271 4 0 0 0 0
805117 100140 -9.105 0.328125 0.33 0.9 0.64 0.09 0.15 0.0 0.0 1.1098 -0.0132 0.0 1.2909 4 0 0 0 0
805138 100134 -9.105 0.326171875 0.33 0.9 0.67 0.06 0.24 0.0 0.0 1.6145 0.0127 0.0 1.3447 4 0 0 0 0
805158 100135 -9.105 0.327148437 0.33 0.9 0.58 -0.12 0.21 0.0 0.0 1.5325 0.0277 0.0 1.3764 4 0 0 0 0
805179 100138 -9.098 0.326171875 0.33 0.91 0.55 0.06 0.12 0.0 0.0 1.2789 0.0199 0.0 1.3607 4 0 0 0 0
805199 100134 -9.083 0.327636718 0.33 0.9 0.7 -0.03 0.21 0.0 0.0 1.6145 0.0402 0.0 1.4035 4 0 0 0 0
805220 100137 -9.092 0.326660156 0.33 0.9 0.79 -0.06 0.09 0.0 0.0 1.3634 0.037 0.0 1.3977 4 0 0 0 0
805240 100137 -9.117 0.32421875 0.33 0.9 0.76 0.0 0.27 0.0 0.0 1.3634 0.0343 0.0 1.3927 4 0 0 0 0
805261 100142 -9.094 0.328125 0.33 0.9 0.58 -0.12 0.21 0.0 0.0 0.9407 -0.0019 0.0 1.3177 4 0 0 0 0
805281 100137 -9.1 0.329101562 0.33 0.9 0.67 -0.09 0.3 0.0 0.0 1.3634 0.0018 0.0 1.3253 4 0 0 0 0
805302 100135 -9.098 0.326171875 0.33 0.9 0.64 0.03 0.24 0.0 0.0 1.5325 0.0183 0.0 1.3601 4 0 0 0 0
805322 100139 -9.118 0.325195312 0.33 0.91 0.7 0.06 0.21 0.0 0.0 1.1943 0.0051 0.0 1.3327 4 0 0 0 0
805343 100135 -9.103 0.325195312 0.33 0.9 0.64 -0.03 0.24 0.0 0.0 1.5325 0.0211 0.0 1.3663 4 0 0 0 0
805363 100136 -9.1 0.32421875 0.33 0.9 0.61 -0.03 0.21 0.0 0.0 1.448 0.0276 0.0 1.3804 4 0 0 0 0
805384 100137 -9.118 0.32421875 0.33 0.9 0.61 0.06 0.27 0.0 0.0 1.3634 0.0262 0.0 1.3781 4 0 0 0 0
805404 100139 -9.109 0.328125 0.33 0.9 0.76 0.03 0.12 0.0 0.0 1.1943 0.0115 0.0 1.3479 4 0 0 0 0
805425 100134 -9.09 0.323730468 0.33 0.9 0.46 0.06 0.12 0.0 0.0 1.6145 0.0329 0.0 1.3927 4 0 0 0 0
805445 100142 -9.117 0.325683593 0.33 0.9 0.67 0.03 0.18 0.0 0.0 0.9407 -0.0033 0.0 1.3178 4 0 0 0 0
805466 100135 -9.111 0.327148437 0.33 0.9 0.76 -0.03 0.21 0.0 0.0 1.5325 0.0139 0.0 1.3536 4 0 0 0 0
805486 100133 -9.1 0.325683593 0.33 0.9 0.58 0.09 0.24 0.0 0.0 1.699 0.0415 0.0 1.4117 4 0 0 0 0
805507 100138 -9.113 0.327636718 0.34 0.9 0.76 -0.03 0.21 0.0 0.0 1.2789 0.0309 0.0 1.3903 4 0 0 0 0
805527 100135 -9.107 0.327148437 0.33 0.9 0.55 0.12 0.24 0.0 0.0 1.5325 0.0423 0.0 1.4148 4 0 0 0 0
805548 100133 -9.109 0.327636718 0.33 0.9 0.55 0.09 0.18 0.0 0.0 1.699 0.065 0.0 1.4632 4 0 0 0 0
805568 100139 -9.103 0.326171875 0.33 0.9 0.61 -0.09 0.24 0.0 0.0 1.1943 0.0435 0.0 1.4195 4 0 0 0 0
805588 100137 -9.115 0.329589843 0.33 0.9 0.64 -0.15 0.15 0.0 0.0 1.3634 0.039 0.0 1.411 4 0 0 0 0
805609 100132 -9.13 0.327148437 0.33 0.9 0.52 0.0 0.21 0.0 0.0 1.7836 0.0688 0.0 1.4742 4 0 0 0 0
805629 100140 -9.118 0.324707031 0.33 0.9 0.79 -0.03 0.27 0.0 0.0 1.1098 0.0397 0.0 1.4146 4 0 0 0 0
805650 100135 -9.113 0.328125 0.33 0.9 0.67 0.06 0.34 0.0 0.0 1.5325 0.0491 0.0 1.4352 4 0 0 0 0
805670 100136 -9.133 0.327636718 0.33 0.9 0.55 0.06 0.21 0.0 0.0 1.448 0.0501 0.0 1.4383 4 0 0 0 0
805691 100140 -9.118 0.328613281 0.33 0.9 0.73 0.0 0.3 0.0 0.0 1.1098 0.0238 0.0 1.3844 4 0 0 0 0
805711 100136 -9.115 0.326171875 0.33 0.9 0.76 -0.03 0.15 0.0 0.0 1.448 0.0289 0.0 1.3955 4 0 0 0 0
805732 100137 -9.118 0.326171875 0.33 0.9 0.73 0.06 0.12 0.0 0.0 1.3634 0.0264 0.0 1.3907 4 0 0 0 0
805752 100136 -9.118 0.326171875 0.34 0.9 0.67 0.09 0.3 0.0 0.0 1.448 0.0309 0.0 1.4008 4 0 0 0 0
805773 100136 -9.128 0.325683593 0.33 0.9 1.07 0.3 0.3 0.0 0.0 1.448 0.0347 0.0 1.4094 4 0 0 0 0
805793 100146 -9.128 0.326171875 0.33 0.9 0.09 -0.12 0.37 0.0 0.0 0.6051 -0.0296 0.0 1.2755 4 0 0 0 0
805814 100138 -9.077 0.325683593 0.33 0.9 0.79 0.12 0.21 0.0 0.0 1.2789 -0.0294 0.0 1.2755 4 0 0 0 0
805834 100140 -9.117 0.326660156 0.33 0.9 0.73 -0.06 0.24 0.0 0.0 1.1098 -0.0426 0.0 1.2472 4 0 0 0 0
805855 100132 -9.12 0.325683593 0.33 0.9 0.7 0.15 0.21 0.0 0.0 1.7836 0.0003 0.0 1.336 4 0 0 0 0
805875 100138 -9.107 0.328613281 0.33 0.9 0.58 -0.06 0.0 0.0 0.0 1.2789 -0.0043 0.0 1.3265 4 0 0 0 0
805896 100134 -9.117 0.325195312 0.33 0.9 0.64 0.0 0.24 0.0 0.0 1.6145 0.0188 0.0 1.3746 4 0 0 0 0
805916 100141 -9.111 0.327148437 0.33 0.9 0.55 -0.03 0.18 0.0 0.0 1.0252 -0.0092 0.0 1.3165 4 0 0 0 0
805937 100141 -9.118 0.329101562 0.33 0.9 0.61 -0.03 0.24 0.0 0.0 1.0252 -0.0325 0.0 1.2676 4 0 0 0 0
805957 100138 -9.13 0.326171875 0.33 0.9 0.46 0.06 0.27 0.0 0.0 1.2789 -0.0316 0.0 1.2688 4 0 0 0 0
805978 100141 -9.137 0.32421875 0.33 0.9 0.43 -0.03 0.27 0.0 0.0 1.0252 -0.0511 0.0 1.2274 4 0 0 0 0
805998 100136 -9.118 0.325195312 0.33 0.9 0.58 0.0 0.06 0.0 0.0 1.448 -0.0334 0.0 1.2633 4 0 0 0 0
806019 100136 -9.111 0.323730468 0.33 0.9 0.76 -0.03 0.24 0.0 0.0 1.448 -0.0186 0.0 1.2935 4 0 0 0 0
806039 100138 -9.117 0.325683593 0.33 0.9 0.61 -0.03 0.27 0.0 0.0 1.2789 -0.0198 0.0 1.2907 4 0 0 0 0
806060 100137 -9.115 0.328125 0.33 0.9 0.67 0.09 0.18 0.0 0.0 1.3634 -0.014 0.0 1.3024 4 0 0 0 0
806080 100136 -9.128 0.326660156 0.33 0.9 0.73 -0.03 0.24 0.0 0.0 1.448 -0.0024 0.0 1.3265 4 0 0 0 0
806100 100137 -9.113 0.322265625 0.33 0.9 0.61 -0.06 0.09 0.0 0.0 1.3634 0.0006 0.0 1.3326 4 0 0 0 0
806121 100137 -9.126 0.325195312 0.33 0.9 0.58 0.03 0.34 0.0 0.0 1.3634 0.0031 0.0 1.3378 4 0 0 0 0
806141 100142 -9.132 0.32421875 0.33 0.9 0.55 -0.09 0.15 0.0 0.0 0.9407 -0.0287 0.0 1.2714 4 0 0 0 0
806162 100138 -9.122 0.326171875 0.33 0.9 0.52 0.09 0.18 0.0 0.0 1.2789 -0.0281 0.0 1.2721 4 0 0 0 0
806182 100134 -9.12 0.323730468 0.33 0.9 0.7 0.03 0.15 0.0 0.0 1.6145 -0.0007 0.0 1.3288 4 0 0 0 0
806203 100139 -9.105 0.32421875 0.33 0.9 0.61 0.12 0.09 0.0 0.0 1.1943 -0.0115 0.0 1.3063 4 0 0 0 0
806223 100140 -9.111 0.326171875 0.33 0.9 0.58 0.12 0.21 0.0 0.0 1.1098 -0.0272 0.0 1.2732 4 0 0 0 0
806244 100136 -9.126 0.327148437 0.33 0.91 0.55 -0.03 0.18 0.0 0.0 1.448 -0.0132 0.0 1.3019 4 0 0 0 0
806264 100138 -9.137 0.325195312 0.33 0.9 0.55 0.0 0.21 0.0 0.0 1.2789 -0.015 0.0 1.2977 4 0 0 0 0
806285 100132 -9.137 0.325195312 0.33 0.9 0.7 -0.09 0.18 0.0 0.0 1.7836 0.0238 0.0 1.3787 4 0 0 0 0
806305 100133 -9.135 0.325683593 0.33 0.9 0.61 -0.06 0.15 0.0 0.0 1.699 0.0494 0.0 1.4328 4 0 0 0 0
806326 100136 -9.137 0.328613281 0.33 0.9 0.61 0.06 0.18 0.0 0.0 1.448 0.0507 0.0 1.4364 4 0 0 0 0
806346 100137 -9.133 0.32421875 0.33 0.9 0.73 0.09 0.18 0.0 0.0 1.3634 0.0448 0.0 1.4252 4 0 0 0 0
806367 100136 -9.147 0.329101562 0.33 0.9 0.52 -0.06 0.27 0.0 0.0 1.448 0.0466 0.0 1.43 4 0 0 0 0
806387 100132 -9.132 0.325683593 0.33 0.9 0.64 0.03 0.15 0.0 0.0 1.7836 0.0749 0.0 1.49 4 0 0 0 0
806408 100135 -9.135 0.326660156 0.33 0.9 0.76 -0.03 0.24 0.0 0.0 1.5325 0.0783 0.0 1.4987 4 0 0 0 0
806428 100138 -9.135 0.32421875 0.33 0.9 0.61 0.06 0.21 0.0 0.0 1.2789 0.0607 0.0 1.4635 4 0 0 0 0
806449 100140 -9.128 0.324707031 0.33 0.9 0.61 -0.06 0.24 0.0 0.0 1.1098 0.0324 0.0 1.4056 4 0 0 0 0
806469 100138 -9.135 0.327148437 0.33 0.9 0.58 -0.15 0.37 0.0 0.0 1.2789 0.0223 0.0 1.385 4 0 0 0 0
806490 100137 -9.124 0.329101562 0.33 0.9 0.52 -0.03 0.34 0.0 0.0 1.3634 0.0206 0.0 1.3819 4 0 0 0 0
806510 100135 -9.139 0.325683593 0.33 0.9 0.61 0.09 0.18 0.0 0.0 1.5325 0.0326 0.0 1.4075 4 0 0 0 0
806531 100139 -9.139 0.323730468 0.33 0.9 0.64 -0.12 0.18 0.0 0.0 1.1943 0.0156 0.0 1.3725 4 0 0 0 0
806551 100135 -9.141 0.325195312 0.33 0.9 0.55 0.09 0.3 0.0 0.0 1.5325 0.0284 0.0 1.3996 4 0 0 0 0
806572 100135 -9.124 0.324707031 0.33 0.9 0.76 0.03 0.15 0.0 0.0 1.5325 0.039 0.0 1.4224 4 0 0 0 0
806592 100141 -9.13 0.324707031 0.33 0.9 0.64 -0.09 0.12 0.0 0.0 1.0252 0.0072 0.0 1.3568 4 0 0 0 0
806612 100137 -9.143 0.325195312 0.33 0.91 0.52 0.15 0.15 0.0 0.0 1.3634 0.0078 0.0 1.358 4 0 0 0 0
806633 100141 -9.12 0.325683593 0.33 0.9 0.76 0.03 0.06 0.0 0.0 1.0252 -0.0188 0.0 1.3025 4 0 0 0 0
806653 100137 -9.135 0.327636718 0.33 0.9 0.7 0.06 0.24 0.0 0.0 1.3634 -0.014 0.0 1.3123 4 0 0 0 0
806674 100138 -9.124 0.328125 0.33 0.9 0.61 -0.03 0.18 0.0 0.0 1.2789 -0.0166 0.0 1.3064 4 0 0 0 0
806694 100138 -9.145 0.327148437 0.33 0.91 0.58 -0.03 0.24 0.0 0.0 1.2789 -0.0188 0.0 1.3015 4 0 0 0 0
806715 100134 -9.133 0.326660156 0.33 0.9 0.7 -0.06 0.15 0.0 0.0 1.6145 0.0062 0.0 1.3535 4 0 0 0 0
806735 100140 -9.137 0.325683593 0.33 0.9 0.61 0.0 0.12 0.0 0.0 1.1098 -0.0133 0.0 1.3128 4 0 0 0 0
806756 100140 -9.13 0.325683593 0.33 0.91 0.76 0.09 0.21 0.0 0.0 1.1098 -0.0296 0.0 1.2786 4 0 0 0 0
806776 100138 -9.16 0.328125 0.33 0.9 0.7 0.3 0.3 0.0 0.0 1.2789 -0.0295 0.0 1.278 4 0 0 0 0
806797 100138 -9.105 0.32421875 0.33 0.9 0.34 -0.49 0.18 0.0 0.0 1.2789 -0.0295 0.0 1.2775 4 0 0 0 0
806817 100144 -9.103 0.326171875 0.33 0.9 1.13 0.3 0.18 0.0 0.0 0.7742 -0.0697 0.0 1.1927 4 0 0 0 0
806838 100137 -9.152 0.326171875 0.33 0.9 0.61 0.0 0.21 0.0 0.0 1.3634 -0.0561 0.0 1.2199 4 0 0 0 0
806858 100137 -9.132 0.328125 0.33 0.9 0.43 0.03 0.18 0.0 0.0 1.3634 -0.0446 0.0 1.2428 4 0 0 0 0
806879 100139 -9.152 0.327636718 0.33 0.9 0.67 0.03 0.24 0.0 0.0 1.1943 -0.0485 0.0 1.2337 4 0 0 0 0
806899 100136 -9.145 0.323730468 0.33 0.9 0.67 0.09 0.24 0.0 0.0 1.448 -0.0313 0.0 1.2686 4 0 0 0 0
806920 100134 -9.128 0.327148437 0.33 0.9 0.61 -0.06 0.12 0.0 0.0 1.6145 -0.0036 0.0 1.3258 4 0 0 0 0
806940 100140 -9.15 0.326660156 0.33 0.9 0.7 0.0 0.18 0.0 0.0 1.1098 -0.0209 0.0 1.2896 4 0 0 0 0
806961 100137 -9.143 0.323242187 0.33 0.91 0.7 0.0 0.15 0.0 0.0 1.3634 -0.015 0.0 1.3015 4 0 0 0 0
806981 100133 -9.147 0.325195312 0.33 0.9 0.61 -0.12 0.18 0.0 0.0 1.699 0.0168 0.0 1.3677 4 0 0 0 0
807002 100135 -9.139 0.324707031 0.33 0.9 0.58 0.03 0.12 0.0 0.0 1.5325 0.03 0.0 1.3957 4 0 0 0 0
807022 100137 -9.164 0.325683593 0.33 0.9 0.7 -0.09 0.21 0.0 0.0 1.3634 0.0274 0.0 1.3909 4 0 0 0 0
807043 100141 -9.128 0.324707031 0.33 0.9 0.58 0.0 0.15 0.0 0.0 1.0252 -0.0019 0.0 1.3302 4 0 0 0 0
807063 100139 -9.143 0.326171875 0.33 0.9 0.58 0.0 0.24 0.0 0.0 1.1943 -0.0127 0.0 1.3075 4 0 0 0 0
807084 100134 -9.137 0.323730468 0.33 0.9 0.64 0.03 0.24 0.0 0.0 1.6145 0.0118 0.0 1.3586 4 0 0 0 0
807104 100135 -9.152 0.327148437 0.33 0.9 0.64 0.06 0.27 0.0 0.0 1.5325 0.0257 0.0 1.3879 4 0 0 0 0
807124 100134 -9.147 0.327148437 0.33 0.9 0.79 0.03 0.24 0.0 0.0 1.6145 0.0439 0.0 1.4263 4 0 0 0 0
807145 100141 -9.154 0.326171875 0.33 0.9 0.58 0.0 0.15 0.0 0.0 1.0252 0.0118 0.0 1.3601 4 0 0 0 0
807165 100140 -9.156 0.327148437 0.33 0.9 0.76 0.03 0.21 0.0 0.0 1.1098 -0.0083 0.0 1.3185 4 0 0 0 0
807186 100139 -9.162 0.321777343 0.33 0.9 0.61 -0.06 0.15 0.0 0.0 1.1943 -0.0182 0.0 1.2975 4 0 0 0 0
807206 100138 -9.156 0.325683593 0.33 0.91 0.49 -0.06 0.18 0.0 0.0 1.2789 -0.0197 0.0 1.294 4 0 0 0 0
807227 100140 -9.147 0.323730468 0.33 0.9 0.79 0.12 0.09 0.0 0.0 1.1098 -0.0344 0.0 1.2628 4 0 0 0 0
807247 100142 -9.149 0.325195312 0.33 0.9 0.49 0.0 0.21 0.0 0.0 0.9407 -0.0602 0.0 1.2082 4 0 0 0 0
807268 100140 -9.135 0.323242187 0.33 0.9 0.73 0.15 0.15 0.0 0.0 1.1098 -0.0681 0.0 1.1905 4 0 0 0 0
807288 100137 -9.149 0.32421875 0.33 0.9 0.7 0.0 0.27 0.0 0.0 1.3634 -0.0542 0.0 1.218 4 0 0 0 0
807309 100138 -9.133 0.323730468 0.33 0.9 0.7 0.03 0.18 0.0 0.0 1.2789 -0.0494 0.0 1.2271 4 0 0 0 0
807329 100135 -9.162 0.326660156 0.33 0.9 0.61 -0.06 0.21 0.0 0.0 1.5325 -0.0249 0.0 1.2772 4 0 0 0 0
807350 100138 -9.133 0.325195312 0.33 0.9 0.61 -0.06 0.06 0.0 0.0 1.2789 -0.0248 0.0 1.277 4 0 0 0 0
807370 100139 -9.147 0.326660156 0.33 0.9 0.58 -0.03 0.12 0.0 0.0 1.1943 -0.0314 0.0 1.2626 4 0 0 0 0
807391 100140 -9.143 0.325683593 0.33 0.9 0.64 0.15 0.18 0.0 0.0 1.1098 -0.0436 0.0 1.2364 4 0 0 0 0
807411 100138 -9.154 0.326660156 0.33 0.9 0.7 -0.09 0.15 0.0 0.0 1.2789 -0.0402 0.0 1.2426 4 0 0 0 0
807432 100140 -9.152 0.324707031 0.33 0.9 0.55 0.03 0.27 0.0 0.0 1.1098 -0.0509 0.0 1.2195 4 0 0 0 0
807452 100137 -9.154 0.327636718 0.33 0.9 0.58 -0.06 0.21 0.0 0.0 1.3634 -0.0393 0.0 1.2426 4 0 0 0 0
807473 100140 -9.141 0.326171875 0.33 0.9 0.64 0.06 0.3 0.0 0.0 1.1098 -0.05 0.0 1.2195 4 0 0 0 0
807493 100136 -9.149 0.324707031 0.33 0.9 0.7 0.0 0.18 0.0 0.0 1.448 -0.0317 0.0 1.2568 4 0 0 0 0
807514 100138 -9.173 0.326660156 0.33 0.9 0.55 0.06 0.21 0.0 0.0 1.2789 -0.0299 0.0 1.2598 4 0 0 0 0
807534 100135 -9.16 0.326660156 0.33 0.9 0.61 -0.03 0.24 0.0 0.0 1.5325 -0.0081 0.0 1.3048 4 0 0 0 0
807555 100137 -9.162 0.32421875 0.33 0.9 0.55 -0.09 0.06 0.0 0.0 1.3634 -0.0034 0.0 1.3145 4 0 0 0 0
807575 100138 -9.141 0.325683593 0.33 0.9 0.61 0.0 0.15 0.0 0.0 1.2789 -0.0063 0.0 1.3084 4 0 0 0 0
807596 100140 -9.164 0.326171875 0.33 0.9 0.52 -0.03 0.3 0.0 0.0 1.1098 -0.0222 0.0 1.2751 4 0 0 0 0
807616 100135 -9.169 0.326171875 0.33 0.9 0.52 -0.03 0.15 0.0 0.0 1.5325 -0.0016 0.0 1.3177 4 0 0 0 0
807636 100139 -9.158 0.329101562 0.33 0.9 0.61 0.09 0.09 0.0 0.0 1.1943 -0.0114 0.0 1.297 4 0 0 0 0
807657 100138 -9.158 0.327636718 0.33 0.9 0.64 0.03 0.18 0.0 0.0 1.2789 -0.0129 0.0 1.2937 4 0 0 0 0
807677 100139 -9.171 0.325683593 0.33 0.9 0.67 0.06 0.21 0.0 0.0 1.1943 -0.0208 0.0 1.2769 4 0 0 0 0
807698 100136 -9.158 0.32421875 0.33 0.9 0.67 0.0 0.12 0.0 0.0 1.448 -0.0071 0.0 1.3051 4 0 0 0 0
807718 100138 -9.16 0.326660156 0.33 0.9 0.67 -0.12 0.34 0.0 0.0 1.2789 -0.0092 0.0 1.3005 4 0 0 0 0
807739 100134 -9.175 0.327636718 0.33 0.9 0.79 0.03 0.24 0.0 0.0 1.6145 0.0159 0.0 1.3529 4 0 0 0 0
807759 100141 -9.16 0.324707031 0.33 0.9 0.64 0.09 0.15 0.0 0.0 1.0252 -0.0103 0.0 1.2984 4 0 0 0 0
807780 100136 -9.162 0.323730468 0.33 0.9 0.91 -0.37 0.15 0.0 0.0 1.448 0.0016 0.0 1.3232 4 0 0 0 0
807800 100142 -9.117 0.325195312 0.33 0.9 1.13 -0.18 0.06 0.0 0.0 0.9407 -0.029 0.0 1.2592 4 0 0 0 0
807821 100139 -9.13 0.324707031 0.33 0.9 1.01 0.55 0.12 0.0 0.0 1.1943 -0.0342 0.0 1.2478 4 0 0 0 0
807841 100134 -9.192 0.325195312 0.33 0.9 0.67 -0.03 0.34 0.0 0.0 1.6145 -0.0048 0.0 1.3084 4 0 0 0 0
807862 100141 -9.179 0.323730468 0.34 0.9 0.79 0.0 0.27 0.0 0.0 1.0252 -0.0275 0.0 1.2609 4 0 0 0 0
807882 100135 -9.173 0.325683593 0.33 0.9 0.52 -0.15 0.24 0.0 0.0 1.5325 -0.0058 0.0 1.3058 4 0 0 0 0
807903 100136 -9.164 0.323242187 0.33 0.9 0.61 -0.03 0.06 0.0 0.0 1.448 0.0056 0.0 1.3295 4 0 0 0 0
807923 100140 -9.177 0.321289062 0.33 0.9 0.61 0.0 0.27 0.0 0.0 1.1098 -0.012 0.0 1.2928 4 0 0 0 0
807944 100139 -9.184 0.321289062 0.33 0.9 0.67 0.0 0.21 0.0 0.0 1.1943 -0.0198 0.0 1.2761 4 0 0 0 0
807964 100139 -9.181 0.326171875 0.33 0.9 0.58 -0.03 0.27 0.0 0.0 1.1943 -0.0264 0.0 1.262 4 0 0 0 0
807985 100139 -9.175 0.327636718 0.33 0.9 0.67 0.06 0.24 0.0 0.0 1.1943 -0.0318 0.0 1.2501 4 0 0 0 0
808005 100135 -9.175 0.324707031 0.33 0.9 0.64 0.06 0.18 0.0 0.0 1.5325 -0.0092 0.0 1.2968 4 0 0 0 0
808026 100141 -9.158 0.327148437 0.33 0.9 0.64 0.0 0.34 0.0 0.0 1.0252 -0.0309 0.0 1.2511 4 0 0 0 0
808046 100139 -9.156 0.324707031 0.33 0.9 0.58 0.0 0.09 0.0 0.0 1.1943 -0.0355 0.0 1.241 4 0 0 0 0
808067 100138 -9.165 0.328613281 0.33 0.9 0.7 -0.03 0.12 0.0 0.0 1.2789 -0.0324 0.0 1.2466 4 0 0 0 0
808087 100136 -9.194 0.326660156 0.33 0.9 0.61 0.18 0.12 0.0 0.0 1.448 -0.0163 0.0 1.2796 4 0 0 0 0
808108 100135 -9.167 0.330078125 0.33 0.9 0.58 0.0 0.24 0.0 0.0 1.5325 0.0039 0.0 1.3216 4 0 0 0 0
808128 100138 -9.173 0.323730468 0.33 0.9 0.49 -0.06 0.27 0.0 0.0 1.2789 0.0005 0.0 1.3146 4 0 0 0 0
808148 100138 -9.182 0.324707031 0.33 0.91 0.73 0.03 0.21 0.0 0.0 1.2789 -0.0024 0.0 1.3086 4 0 0 0 0
808169 100141 -9.181 0.327636718 0.33 0.9 0.61 0.03 0.24 0.0 0.0 1.0252 -0.025 0.0 1.2611 4 0 0 0 0
808189 100138 -9.167 0.325683593 0.33 0.9 0.58 0.0 0.21 0.0 0.0 1.2789 -0.0236 0.0 1.2636 4 0 0 0 0
808210 100134 -9.179 0.325683593 0.33 0.9 0.58 0.0 0.15 0.0 0.0 1.6145 0.0044 0.0 1.3218 4 0 0 0 0
808230 100138 -9.182 0.327148437 0.33 0.9 0.61 -0.12 0.37 0.0 0.0 1.2789 0.001 0.0 1.3147 4 0 0 0 0
808251 100138 -9.175 0.326660156 0.33 0.9 0.52 0.09 0.34 0.0 0.0 1.2789 -0.0019 0.0 1.3087 4 0 0 0 0
808271 100137 -9.175 0.327148437 0.33 0.9 0.61 -0.06 0.15 0.0 0.0 1.3634 0.0025 0.0 1.3179 4 0 0 0 0
808292 100138 -9.173 0.324707031 0.33 0.9 0.79 0.06 0.21 0.0 0.0 1.2789 -0.0006 0.0 1.3114 4 0 0 0 0
808312 100136 -9.198 0.326660156 0.33 0.9 0.82 0.09 0.21 0.0 0.0 1.448 0.0103 0.0 1.3342 4 0 0 0 0
808333 100137 -9.184 0.322753906 0.33 0.9 0.58 0.09 0.18 0.0 0.0 1.3634 0.0127 0.0 1.3393 4 0 0 0 0
808353 100139 -9.19 0.327636718 0.33 0.91 0.64 -0.12 0.15 0.0 0.0 1.1943 0.0011 0.0 1.3153 4 0 0 0 0
808374 100139 -9.188 0.324707031 0.33 0.9 0.64 0.09 0.24 0.0 0.0 1.1943 -0.0086 0.0 1.2951 4 0 0 0 0
808394 100143 -9.186 0.324707031 0.33 0.9 0.67 0.0 0.15 0.0 0.0 0.8588 -0.0435 0.0 1.2219 4 0 0 0 0
808415 100136 -9.196 0.330078125 0.33 0.9 0.61 0.12 0.15 0.0 0.0 1.448 -0.0254 0.0 1.2589 4 0 0 0 0
808435 100140 -9.194 0.32421875 0.33 0.9 0.61 0.09 0.24 0.0 0.0 1.1098 -0.0374 0.0 1.2334 4 0 0 0 0
808456 100134 -9.188 0.326660156 0.33 0.9 0.55 0.15 0.18 0.0 0.0 1.6145 -0.0069 0.0 1.2964 4 0 0 0 0
808476 100134 -9.184 0.326171875 0.33 0.9 0.58 0.03 0.18 0.0 0.0 1.6145 0.0186 0.0 1.3495 4 0 0 0 0
808497 100139 -9.177 0.326171875 0.33 0.9 0.55 0.03 0.15 0.0 0.0 1.1943 0.0062 0.0 1.3239 4 0 0 0 0
808517 100138 -9.198 0.328613281 0.33 0.91 0.64 -0.03 0.0 0.0 0.0 1.2789 0.0026 0.0 1.3165 4 0 0 0 0
808538 100134 -9.209 0.327148437 0.33 0.9 0.67 0.06 0.12 0.0 0.0 1.6145 0.0264 0.0 1.3664 4 0 0 0 0
808558 100137 -9.171 0.32421875 0.33 0.9 0.61 0.03 0.24 0.0 0.0 1.3634 0.0262 0.0 1.3664 4 0 0 0 0
808579 100142 -9.192 0.327636718 0.33 0.9 0.52 -0.03 0.24 0.0 0.0 0.9407 -0.0079 0.0 1.2957 4 0 0 0 0
808599 100138 -9.181 0.325683593 0.33 0.9 0.67 0.09 0.3 0.0 0.0 1.2789 -0.0093 0.0 1.2928 4 0 0 0 0
808620 100136 -9.192 0.32421875 0.33 0.9 0.73 -0.06 0.15 0.0 0.0 1.448 0.0032 0.0 1.3185 4 0 0 0 0
808640 100136 -9.192 0.327636718 0.33 0.9 0.52 -0.06 0.27 0.0 0.0 1.448 0.0135 0.0 1.3403 4 0 0 0 0
808660 100139 -9.177 0.32421875 0.33 0.9 0.55 0.12 0.24 0.0 0.0 1.1943 0.0018 0.0 1.3161 4 0 0 0 0
808681 100138 -9.203 0.325683593 0.33 0.9 0.73 0.0 0.34 0.0 0.0 1.2789 -0.0011 0.0 1.3099 4 0 0 0 0
808701 100137 -9.196 0.323242187 0.33 0.9 0.64 0.03 0.21 0.0 0.0 1.3634 0.0031 0.0 1.3189 4 0 0 0 0
808722 100135 -9.184 0.325195312 0.34 0.91 0.67 -0.09 0.24 0.0 0.0 1.5325 0.0202 0.0 1.3547 4 0 0 0 0
808742 100143 -9.192 0.322753906 0.33 0.9 0.46 -0.06 0.15 0.0 0.0 0.8588 -0.0194 0.0 1.2721 4 0 0 0 0
808763 100139 -9.198 0.325195312 0.33 0.9 0.58 0.0 0.15 0.0 0.0 1.1943 -0.0257 0.0 1.2587 4 0 0 0 0
808783 100132 -9.228 0.324707031 0.33 0.9 0.55 0.24 0.27 0.0 0.0 1.7836 0.0163 0.0 1.346 4 0 0 0 0
808804 100131 -9.231 0.323730468 0.33 0.9 0.21 -0.49 0.0 0.0 0.0 1.8681 0.0581 0.0 1.4337 4 0 0 0 0
808824 100134 -9.162 0.325195312 0.33 0.9 1.01 0.27 0.12 0.0 0.0 1.6145 0.0726 0.0 1.4651 4 0 0 0 0
808845 100142 -9.184 0.325683593 0.33 0.9 0.67 -0.03 0.15 0.0 0.0 0.9407 0.0306 0.0 1.3789 4 0 0 0 0
808865 100135 -9.199 0.326171875 0.33 0.9 0.64 0.06 0.12 0.0 0.0 1.5325 0.0429 0.0 1.4052 4 0 0 0 0
808886 100134 -9.218 0.325683593 0.33 0.9 0.58 0.12 0.3 0.0 0.0 1.6145 0.0596 0.0 1.4411 4 0 0 0 0
808906 100137 -9.203 0.323730468 0.33 0.9 0.76 0.12 0.24 0.0 0.0 1.3634 0.0534 0.0 1.4293 4 0 0 0 0
808927 100137 -9.207 0.325195312 0.33 0.9 0.61 -0.09 0.21 0.0 0.0 1.3634 0.0482 0.0 1.4194 4 0 0 0 0
808947 100136 -9.192 0.32421875 0.33 0.91 0.61 0.03 0.15 0.0 0.0 1.448 0.0504 0.0 1.4252 4 0 0 0 0
808968 100136 -9.196 0.325195312 0.33 0.9 0.55 0.03 0.21 0.0 0.0 1.448 0.0523 0.0 1.43 4 0 0 0 0
808988 100139 -9.198 0.327148437 0.33 0.9 0.7 0.06 0.18 0.0 0.0 1.1943 0.0334 0.0 1.3916 4 0 0 0 0
809009 100138 -9.19 0.327148437 0.33 0.9 0.52 -0.03 0.09 0.0 0.0 1.2789 0.0244 0.0 1.3735 4 0 0 0 0
809029 100138 -9.216 0.325683593 0.33 0.9 0.61 -0.09 0.18 0.0 0.0 1.2789 0.0168 0.0 1.3581 4 0 0 0 0
809050 100138 -9.213 0.324707031 0.33 0.9 0.67 0.09 0.3 0.0 0.0 1.2789 0.0105 0.0 1.3452 4 0 0 0 0
809070 100146 -9.203 0.327636718 0.33 0.9 0.7 -0.09 0.21 0.0 0.0 0.6051 -0.0487 0.0 1.2216 4 0 0 0 0
809091 100139 -9.199 0.323730468 0.33 0.9 0.52 0.06 0.21 0.0 0.0 1.1943 -0.0509 0.0 1.216 4 0 0 0 0
809111 100138 -9.207 0.327636718 0.33 0.9 0.52 0.06 0.3 0.0 0.0 1.2789 -0.0459 0.0 1.2255 4 0 0 0 0
809132 100136 -9.199 0.325683593 0.33 0.91 0.7 0.0 0.15 0.0 0.0 1.448 -0.0281 0.0 1.2618 4 0 0 0 0
809152 100135 -9.201 0.328125 0.33 0.9 0.73 -0.09 0.09 0.0 0.0 1.5325 -0.0064 0.0 1.3065 4 0 0 0 0
809172 100140 -9.207 0.324707031 0.33 0.9 0.58 -0.06 0.21 0.0 0.0 1.1098 -0.0222 0.0 1.2735 4 0 0 0 0
809193 100138 -9.196 0.325683593 0.33 0.9 0.73 -0.03 0.21 0.0 0.0 1.2789 -0.0217 0.0 1.2739 4 0 0 0 0
809213 100141 -9.203 0.328125 0.33 0.9 0.64 0.06 0.18 0.0 0.0 1.0252 -0.0416 0.0 1.2319 4 0 0 0 0
809234 100139 -9.207 0.324707031 0.33 0.9 0.61 -0.06 0.24 0.0 0.0 1.1943 -0.0446 0.0 1.2247 4 0 0 0 0
809254 100136 -9.213 0.325195312 0.33 0.9 0.46 0.0 0.18 0.0 0.0 1.448 -0.0268 0.0 1.2612 4 0 0 0 0
809275 100142 -9.198 0.322753906 0.33 0.9 0.64 0.12 0.24 0.0 0.0 0.9407 -0.0524 0.0 1.207 4 0 0 0 0
809295 100135 -9.209 0.323242187 0.33 0.9 0.67 0.06 0.18 0.0 0.0 1.5325 -0.0264 0.0 1.2604 4 0 0 0 0
809316 100137 -9.224 0.325195312 0.33 0.9 0.58 -0.03 0.18 0.0 0.0 1.3634 -0.0181 0.0 1.2771 4 0 0 0 0
809336 100138 -9.22 0.328125 0.33 0.9 0.67 0.15 0.21 0.0 0.0 1.2789 -0.018 0.0 1.277 4 0 0 0 0
809357 100138 -9.22 0.325683593 0.33 0.9 0.67 0.03 0.24 0.0 0.0 1.2789 -0.0178 0.0 1.277 4 0 0 0 0
809377 100138 -9.213 0.326660156 0.33 0.9 0.61 0.09 0.21 0.0 0.0 1.2789 -0.0177 0.0 1.2769 4 0 0 0 0
809398 100142 -9.224 0.325195312 0.33 0.9 0.61 0.12 0.21 0.0 0.0 0.9407 -0.0446 0.0 1.2203 4 0 0 0 0
809418 100137 -9.209 0.322265625 0.33 0.91 0.46 0.0 0.3 0.0 0.0 1.3634 -0.0331 0.0 1.2433 4 0 0 0 0
809439 100140 -9.196 0.32421875 0.33 0.91 0.7 -0.06 0.21 0.0 0.0 1.1098 -0.0438 0.0 1.2203 4 0 0 0 0
809459 100136 -9.209 0.326171875 0.33 0.9 0.64 -0.03 0.15 0.0 0.0 1.448 -0.0256 0.0 1.2575 4 0 0 0 0
809480 100138 -9.209 0.32421875 0.33 0.9 0.61 0.09 0.24 0.0 0.0 1.2789 -0.0239 0.0 1.2605 4 0 0 0 0
809500 100138 -9.22 0.328613281 0.33 0.9 0.67 -0.03 0.15 0.0 0.0 1.2789 -0.0224 0.0 1.2631 4 0 0 0 0
809521 100137 -9.209 0.325683593 0.33 0.9 0.64 -0.03 0.18 0.0 0.0 1.3634 -0.0144 0.0 1.2795 4 0 0 0 0
809541 100134 -9.22 0.324707031 0.33 0.9 0.58 0.12 0.12 0.0 0.0 1.6145 0.0124 0.0 1.3352 4 0 0 0 0
809562 100139 -9.226 0.328125 0.33 0.9 0.64 -0.03 0.18 0.0 0.0 1.1943 0.0011 0.0 1.3119 4 0 0 0 0
809582 100137 -9.218 0.32421875 0.33 0.9 0.58 -0.03 0.03 0.0 0.0 1.3634 0.0053 0.0 1.3205 4 0 0 0 0
809603 100141 -9.213 0.323730468 0.33 0.9 0.43 0.09 0.27 0.0 0.0 1.0252 -0.0184 0.0 1.2712 4 0 0 0 0
809623 100137 -9.194 0.326171875 0.33 0.9 0.61 0.03 0.15 0.0 0.0 1.3634 -0.011 0.0 1.2863 4 0 0 0 0
809644 100140 -9.209 0.325195312 0.33 0.9 0.55 -0.09 0.12 0.0 0.0 1.1098 -0.0251 0.0 1.2565 4 0 0 0 0
809664 100137 -9.228 0.323242187 0.33 0.9 0.58 -0.18 0.15 0.0 0.0 1.3634 -0.0165 0.0 1.2739 4 0 0 0 0
809684 100137 -9.224 0.323242187 0.33 0.9 0.67 0.0 0.15 0.0 0.0 1.3634 -0.0094 0.0 1.2885 4 0 0 0 0
809705 100136 -9.239 0.325195312 0.33 0.9 0.46 0.03 0.15 0.0 0.0 1.448 0.0034 0.0 1.315 4 0 0 0 0
809725 100141 -9.214 0.328125 0.33 0.9 0.58 -0.06 0.27 0.0 0.0 1.0252 -0.0198 0.0 1.2666 4 0 0 0 0
809746 100142 -9.22 0.325683593 0.33 0.91 0.55 0.0 0.27 0.0 0.0 0.9407 -0.0459 0.0 1.2116 4 0 0 0 0
809766 100133 -9.214 0.32421875 0.33 0.9 0.7 0.0 0.09 0.0 0.0 1.699 -0.0069 0.0 1.2923 4 0 0 0 0
809787 100133 -9.205 0.321289062 0.33 0.9 0.34 0.4 0.24 0.0 0.0 1.699 0.0256 0.0 1.3602 4 0 0 0 0
809807 100139 -9.181 0.324707031 0.33 0.9 0.58 -0.49 0.21 0.0 0.0 1.1943 0.0124 0.0 1.333 4 0 0 0 0
809828 100139 -9.213 0.324707031 0.33 0.9 0.95 0.52 0.15 0.0 0.0 1.1943 0.0013 0.0 1.31 4 0 0 0 0
809848 100137 -9.247 0.328125 0.33 0.9 0.76 0.06 0.3 0.0 0.0 1.3634 0.0056 0.0 1.319 4 0 0 0 0
809869 100140 -9.23 0.325195312 0.33 0.9 0.67 -0.09 0.09 0.0 0.0 1.1098 -0.0112 0.0 1.2841 4 0 0 0 0
809889 100140 -9.228 0.325683593 0.33 0.9 0.52 -0.06 0.21 0.0 0.0 1.1098 -0.0251 0.0 1.2547 4 0 0 0 0
809910 100139 -9.224 0.325195312 0.33 0.9 0.55 0.12 0.27 0.0 0.0 1.1943 -0.03 0.0 1.2441 4 0 0 0 0
809930 100135 -9.241 0.327148437 0.33 0.9 0.55 -0.12 0.24 0.0 0.0 1.5325 -0.0069 0.0 1.2917 4 0 0 0 0
809951 100135 -9.22 0.325195312 0.33 0.9 0.76 0.03 0.3 0.0 0.0 1.5325 0.0124 0.0 1.3319 4 0 0 0 0
809971 100137 -9.237 0.326171875 0.33 0.91 0.67 0.0 0.24 0.0 0.0 1.3634 0.0149 0.0 1.3374 4 0 0 0 0
809992 100134 -9.218 0.327148437 0.33 0.91 0.55 0.09 0.18 0.0 0.0 1.6145 0.0371 0.0 1.3841 4 0 0 0 0
