generated_time_s	0	69	108	1326	1597	8191	4132466	4285938	6356208	7363176	16776674	-8323344	-126	-630
0	0	67	75	1330	1571	8191	4132476	4286112	6356080	7363266	16776683	-8323344	-134	-671
1	0	67	65	1330	1571	8191	4132486	4286117	6355184	7363251	16776683	-8323216	-124	-671
2	0	67	97	1327	1571	8191	4132496	4286113	6356208	7363580	16776696	-8323216	-120	-671
3	0	67	41	1329	1571	8191	4132506	4286257	6355312	7363871	16776672	-8323088	-118	-671
4	0	67	65	1331	1571	8191	4132517	4285903	6355824	7363724	16776648	-8323088	-116	-671
5	0	67	47	1334	1571	8191	4132527	4281963	6354416	7363517	16776678	-8323088	-114	-671
6	0	67	92	1329	1571	8191	4132537	4282121	6354416	7363387	16776664	-8323216	-120	-671
7	0	67	69	1325	1571	8191	4132547	4281814	6355696	7363437	16776670	-8323088	-125	-671
8	0	67	82	1330	1571	8191	4132557	4281961	6354800	7363394	16776690	-8323216	-127	-671
9	0	67	32	1326	1571	8191	4132567	4281871	6356336	7362972	16776699	-8323088	-126	-671
10	0	67	90	1325	1571	8191	4132577	4281697	6355952	7363753	16776683	-8323216	-127	-671
11	0	67	57	1331	1571	8191	4132587	4281733	6355440	7363496	16776664	-8323088	-120	-671
12	0	67	77	1329	1571	8191	4132597	4282151	6356336	7363771	16776687	-8323216	-127	-671
13	0	67	88	1329	1571	8191	4132607	4281829	6355056	7363219	16776691	-8323088	-120	-671
14	0	67	65	1330	1571	8191	4132618	4281616	6356336	7363244	16776671	-8322960	-123	-671
15	0	67	78	1328	1571	8191	4132628	4281930	6355440	7363788	16776690	-8323216	-123	-671
16	0	67	69	1322	1571	8191	4132638	4282147	6355184	7363984	16776695	-8323216	-120	-671
17	0	67	52	1326	1571	8191	4132648	4281915	6355568	7363704	16776689	-8323088	-118	-671
18	0	67	74	1329	1571	8191	4132658	4281943	6356080	7363526	16776678	-8323088	-118	-671
19	0	67	86	1324	1571	8191	4132668	4284138	6355952	7363598	16776700	-8323088	-120	-671
20	0	84	62	1330	1574	8191	4132678	4284233	6356208	7363709	16776662	-8323088	-127	-670
21	0	84	54	1330	1574	8191	4132688	4284208	6355696	7363199	16776661	-8322960	-131	-670
22	0	84	91	1323	1574	8191	4132698	4284179	6356720	7363245	16776678	-8323216	-133	-670
23	0	84	107	1325	1574	8191	4132708	4284114	6355952	7363492	16776680	-8323088	-133	-670
24	0	84	39	1330	1574	8191	4132719	4284057	6355056	7363634	16776664	-8323216	-133	-670
25	0	84	60	1325	1574	8191	4132729	4283871	6355440	7363827	16776675	-8323344	-129	-670
26	0	84	52	1327	1574	8191	4132739	4283938	6356720	7363646	16776648	-8323216	-120	-670
27	0	84	62	1324	1574	8191	4132749	4284294	6355824	7363626	16776675	-8323216	-117	-670
28	0	84	50	1326	1574	8191	4132759	4284098	6355824	7363170	16776693	-8323088	-124	-670
29	0	84	65	1329	1574	8191	4132769	4284079	6357488	7363631	16776701	-8323088	-134	-670
30	0	84	79	1326	1574	8191	4132779	4283915	6355568	7363175	16776683	-8323088	-136	-670
31	0	84	78	1329	1574	8191	4132789	4284203	6357360	7363236	16776677	-8323216	-132	-670
32	0	84	68	1326	1574	8191	4132799	4284234	6355440	7363509	16776736	-8323088	-130	-670
33	0	84	95	1330	1574	8191	4132809	4286117	6356080	7363188	16776663	-8323216	-132	-670
34	0	84	62	1327	1574	8191	4132820	4286020	6356208	7363393	16776663	-8323216	-127	-670
35	0	84	59	1333	1574	8191	4132830	4286435	6355952	7363716	16776677	-8323088	-127	-670
36	0	84	95	1327	1574	8191	4132840	4285959	6356080	7363335	16776658	-8323344	-129	-670
37	0	84	51	1336	1574	8191	4132850	4286241	6356336	7363404	16776659	-8323216	-134	-670
38	0	84	43	1330	1574	8191	4132860	4286023	6355056	7363639	16776661	-8323216	-130	-670
39	0	84	73	1328	1574	8191	4132870	4285988	6355440	7362883	16776683	-8323088	-130	-670
40	0	74	38	1328	1578	8191	4132880	4285923	6355440	7363580	16776685	-8323216	-126	-612
41	0	74	26	1325	1578	8191	4132890	4285927	6356464	7363767	16776691	-8323216	-122	-612
42	0	74	79	1332	1578	8191	4132900	4285903	6355568	7363374	16776683	-8323216	-125	-612
43	0	74	59	1329	1578	8191	4132910	4286030	6356720	7363794	16776690	-8323216	-131	-612
44	0	74	70	1331	1578	8191	4132921	4286057	6355824	7363644	16776669	-8323216	-133	-612
45	0	74	59	1328	1578	8191	4132931	4286461	6354800	7363459	16776689	-8323216	-139	-612
46	0	74	81	1326	1578	8191	4132941	4286086	6355952	7363479	16776663	-8323216	-137	-612
47	0	74	72	1325	1578	8191	4132951	4286070	6355952	7363639	16776664	-8323216	-125	-612
48	0	74	80	1324	1578	8191	4132961	4286057	6355568	7363385	16776706	-8323216	-120	-612
49	0	74	43	1326	1578	8191	4132971	4286256	6355568	7363787	16776663	-8323344	-121	-612
50	0	74	76	1328	1578	8191	4132981	4286136	6356080	7363812	16776695	-8323216	-119	-612
51	0	74	93	1332	1578	8191	4132991	4286332	6355696	7363731	16776685	-8323216	-124	-612
52	0	74	61	1327	1578	8191	4133001	4285955	6355056	7363944	16776655	-8323088	-122	-612
53	0	74	102	1330	1578	8191	4133011	4286133	6357488	7363525	16776720	-8323216	-126	-612
54	0	74	53	1327	1578	8191	4133022	4286093	6355312	7363739	16776684	-8322960	-124	-612
55	0	74	74	1329	1578	8191	4133032	4285845	6354416	7363386	16776671	-8323216	-119	-612
56	0	74	49	1330	1578	8191	4133042	4286154	6356336	7363733	16776682	-8323088	-116	-612
57	0	74	98	1332	1578	8191	4133052	4286100	6354672	7363581	16776678	-8323088	-124	-612
58	0	74	93	1330	1578	8191	4133062	4285963	6356080	7363933	16776662	-8323216	-123	-612
59	0	74	66	1324	1578	8191	4133072	4285794	6355440	7363315	16776703	-8323216	-122	-612
60	0	61	69	1325	1584	8191	4133082	4286045	6355696	7363297	16776662	-8323216	-118	-652
61	0	61	76	1320	1584	8191	4133092	4283869	6356208	7363673	16776708	-8323216	-117	-652
62	0	61	75	1324	1584	8191	4133102	4283880	6354672	7363560	16776675	-8323344	-113	-652
63	0	61	70	1330	1584	8191	4133112	4283896	6356720	7363162	16776684	-8323216	-117	-652
64	0	61	39	1324	1584	8191	4133123	4284279	6354288	7363446	16776679	-8323216	-119	-652
65	0	61	83	1325	1584	8191	4133133	4283917	6355952	7363855	16776691	-8323216	-119	-652
66	0	61	63	1330	1584	8191	4133143	4283782	6355440	7363298	16776652	-8323216	-123	-652
67	0	61	83	1326	1584	8191	4133153	4283909	6356592	7363533	16776664	-8322960	-127	-652
68	0	61	40	1329	1584	8191	4133163	4284015	6354672	7363556	16776720	-8323088	-118	-652
69	0	61	49	1333	1584	8191	4133173	4283904	6354800	7363497	16776654	-8323216	-118	-652
70	0	61	62	1329	1584	8191	4133183	4284082	6356080	7363065	16776692	-8323216	-124	-652
71	0	61	64	1326	1584	8191	4133193	4283907	6355952	7363601	16776710	-8323088	-125	-652
72	0	61	44	1329	1584	8191	4133203	4284059	6354928	7363293	16776693	-8323344	-122	-652
73	0	61	73	1324	1584	8191	4133213	4284230	6355824	7363618	16776676	-8323216	-126	-652
74	0	61	105	1325	1584	8191	4133224	4284081	6354544	7363319	16776675	-8323216	-128	-652
75	0	61	81	1326	1584	8191	4133234	4281979	6355568	7363541	16776684	-8323216	-131	-652
76	0	61	52	1331	1584	8191	4133244	4281341	6356080	7363104	16776672	-8322960	-127	-652
77	0	61	71	1323	1584	8191	4133254	4281756	6356208	7363227	16776694	-8323344	-123	-652
78	0	61	128	1332	1584	8191	4133264	4281800	6356464	7363317	16776745	-8323216	-131	-652
79	0	61	91	1329	1584	8191	4133274	4281565	6356208	7363043	16776671	-8323088	-123	-652
80	0	61	65	1325	1584	8191	4133284	4281853	6355824	7363753	16776725	-8323344	-135	-652
81	0	60	36	1322	1573	8191	4133294	4281834	6355568	7363607	16776664	-8323216	-134	-620
82	0	60	21	1327	1573	8191	4133304	4281760	6355184	7363797	16776683	-8323216	-135	-620
83	0	60	75	1326	1573	8191	4133314	4281534	6355440	7363279	16776690	-8323088	-133	-620
84	0	60	133	1329	1573	8191	4133325	4281786	6355184	7363401	16776766	-8323216	-135	-620
85	0	60	15	1329	1573	8191	4133335	4281938	6356464	7363492	16776631	-8323088	-134	-620
86	0	60	97	1330	1573	8191	4133345	4281815	6354928	7362760	16776702	-8323216	-133	-620
87	0	60	63	1329	1573	8191	4133355	4281527	6355568	7363389	16776696	-8322960	-129	-620
88	0	60	35	1330	1573	8191	4133365	4281703	6355056	7362975	16776757	-8323088	-133	-620
89	0	60	73	1328	1573	8191	4133375	4281572	6355568	7363144	16776693	-8323088	-132	-620
90	0	60	67	1331	1573	8191	4133385	4281743	6355312	7363268	16776623	-8323216	-126	-620
91	0	60	102	1332	1573	8191	4133395	4281634	6356208	7363458	16776703	-8323216	-129	-620
92	0	60	122	1325	1573	8191	4133405	4282060	6355440	7363588	16776685	-8323216	-133	-620
93	0	60	112	1328	1573	8191	4133415	4281793	6356848	7362922	16776710	-8323216	-129	-620
94	0	60	110	1324	1573	8191	4133426	4282029	6355568	7363838	16776671	-8323088	-133	-620
95	0	60	76	1327	1573	8191	4133436	4281973	6356208	7363515	16776745	-8323216	-136	-620
96	0	60	96	1326	1573	8191	4133446	4281903	6354800	7363408	16776616	-8323216	-132	-620
97	0	60	47	1327	1573	8191	4133456	4281698	6356208	7363456	16776676	-8323216	-134	-620
98	0	60	140	1326	1573	8191	4133466	4281711	6355312	7363370	16776652	-8323216	-128	-620
99	0	60	96	1325	1573	8191	4133476	4281789	6356336	7363938	16776689	-8323216	-134	-620
100	0	60	79	1328	1573	8191	4133486	4281913	6356080	7363671	16776706	-8323216	-126	-620
101	0	75	42	1329	1588	8191	4133496	4281814	6354544	7363809	16776697	-8323088	-127	-643
102	0	75	30	1329	1588	8191	4133506	4281967	6355184	7363455	16776691	-8323344	-124	-643
103	0	75	75	1329	1588	8191	4133516	4284136	6356208	7363559	16776693	-8323344	-124	-643
104	0	75	92	1329	1588	8191	4133527	4284199	6355440	7363792	16776653	-8323088	-129	-643
105	0	75	74	1327	1588	8191	4133537	4284090	6355312	7364019	16776735	-8323216	-130	-643
106	0	75	84	1330	1588	8191	4133547	4283831	6356080	7363891	16776738	-8323216	-123	-643
107	0	75	68	1334	1588	8191	4133557	4284144	6354672	7363937	16776685	-8323216	-124	-643
108	0	75	109	1325	1588	8191	4133567	4284071	6357616	7363453	16776676	-8323216	-120	-643
109	0	75	75	1324	1588	8191	4133577	4284262	6355312	7363870	16776663	-8323344	-120	-643
110	0	75	74	1330	1588	8191	4133587	4283970	6355184	7363740	16776681	-8323088	-119	-643
111	0	75	94	1324	1588	8191	4133597	4283994	6356080	7363748	16776692	-8323344	-111	-643
112	0	75	118	1331	1588	8191	4133607	4284170	6356080	7363527	16776658	-8323088	-117	-643
113	0	75	55	1327	1588	8191	4133617	4283946	6355312	7363719	16776691	-8323216	-119	-643
114	0	75	73	1326	1588	8191	4133628	4284237	6356080	7363744	16776662	-8323344	-119	-643
115	0	75	62	1336	1588	8191	4133638	4283967	6355696	7363293	16776690	-8323088	-122	-643
116	0	75	72	1323	1588	8191	4133648	4284012	6355952	7363575	16776696	-8323216	-122	-643
117	0	75	62	1325	1588	8191	4133658	4283975	6355440	7363278	16776684	-8323216	-116	-643
118	0	75	54	1335	1588	8191	4133668	4284134	6355568	7363331	16776687	-8323344	-121	-643
119	0	75	40	1334	1588	8191	4133678	4283973	6356592	7363610	16776704	-8323216	-117	-643
120	0	75	81	1328	1588	8191	4133688	4284075	6355696	7364094	16776671	-8323088	-119	-643
121	0	73	56	1332	1583	8191	4133698	4284145	6355696	7363436	16776700	-8323216	-117	-640
122	0	73	60	1327	1583	8191	4133708	4284098	6355312	7363656	16776701	-8323216	-116	-640
123	0	73	83	1330	1583	8191	4133718	4284176	6356720	7363582	16776691	-8323088	-118	-640
124	0	73	60	1329	1583	8191	4133729	4284310	6355696	7363656	16776695	-8323344	-115	-640
125	0	73	53	1325	1583	8191	4133739	4284116	6355184	7363676	16776668	-8323216	-116	-640
126	0	73	72	1329	1583	8191	4133749	4284063	6356976	7363313	16776716	-8323216	-120	-640
127	0	73	63	1327	1583	8191	4133759	4283953	6356336	7363259	16776715	-8323344	-121	-640
128	0	73	97	1328	1583	8191	4133769	4284221	6354544	7363595	16776703	-8323216	-117	-640
129	0	73	68	1330	1583	8191	4133779	4284129	6355312	7363839	16776669	-8323088	-125	-640
130	0	73	65	1330	1583	8191	4133789	4283921	6355952	7363636	16776678	-8323216	-120	-640
131	0	73	70	1326	1583	8191	4133799	4283988	6355568	7363432	16776678	-8323344	-122	-640
132	0	73	64	1332	1583	8191	4133809	4281984	6355568	7363986	16776696	-8323088	-125	-640
133	0	73	70	1328	1583	8191	4133819	4282030	6355824	7363683	16776690	-8323088	-127	-640
134	0	73	85	1320	1583	8191	4133830	4281805	6355696	7363897	16776732	-8323216	-127	-640
135	0	73	85	1329	1583	8191	4133840	4281942	6355696	7363316	16776685	-8323088	-132	-640
136	0	73	95	1329	1583	8191	4133850	4281958	6355056	7362941	16776707	-8323216	-130	-640
137	0	73	57	1332	1583	8191	4133860	4281861	6356336	7363969	16776670	-8323216	-134	-640
138	0	73	72	1324	1583	8191	4133870	4281831	6355056	7363369	16776649	-8323216	-126	-640
139	0	73	68	1327	1583	8191	4133880	4281759	6355952	7363426	16776698	-8323344	-133	-640
140	0	73	76	1332	1583	8191	4133890	4281959	6355952	7363760	16776675	-8323344	-132	-640
141	0	61	83	1330	1569	8191	4133900	4281961	6355312	7363392	16776681	-8323344	-127	-646
142	0	61	47	1323	1569	8191	4133910	4281668	6354800	7363373	16776671	-8323216	-134	-646
143	0	61	68	1334	1569	8191	4133920	4281662	6354800	7363132	16776682	-8323216	-137	-646
144	0	61	80	1329	1569	8191	4133931	4281933	6356336	7363507	16776649	-8323088	-143	-646
145	0	61	71	1322	1569	8191	4133941	4282140	6356208	7363471	16776700	-8323216	-141	-646
146	0	61	42	1331	1569	8191	4133951	4286135	6355952	7363892	16776665	-8323088	-139	-646
147	0	61	81	1326	1569	8191	4133961	4285992	6355824	7363449	16776676	-8323088	-138	-646
148	0	61	98	1327	1569	8191	4133971	4286637	6355824	7363365	16776674	-8323216	-132	-646
149	0	61	60	1329	1569	8191	4133981	4286231	6356080	7364160	16776684	-8323216	-134	-646
150	0	61	68	1327	1569	8191	4133991	4286107	6356208	7363740	16776693	-8323088	-129	-646
151	0	61	78	1330	1569	8191	4134001	4286041	6355568	7363700	16776669	-8323216	-136	-646
152	0	61	83	1332	1569	8191	4134011	4286246	6356976	7363746	16776674	-8323216	-130	-646
153	0	61	84	1327	1569	8191	4134021	4285883	6354800	7363406	16776667	-8323216	-131	-646
154	0	61	69	1331	1569	8191	4134032	4286097	6355056	7363474	16776702	-8323216	-139	-646
155	0	61	78	1328	1569	8191	4134042	4286185	6355696	7363735	16776699	-8323472	-131	-646
156	0	61	52	1328	1569	8191	4134052	4286249	6356208	7363876	16776687	-8323088	-125	-646
157	0	61	58	1331	1569	8191	4134062	4286305	6357104	7363574	16776695	-8323216	-131	-646
158	0	61	92	1331	1569	8191	4134072	4286038	6356720	7363718	16776663	-8323216	-127	-646
159	0	61	88	1325	1569	8191	4134082	4286367	6355952	7363710	16776645	-8323216	-124	-646
160	0	61	90	1329	1569	8191	4134092	4286209	6355440	7363703	16776690	-8323216	-122	-646
161	0	74	75	1326	1573	8191	4134102	4286189	6355952	7363056	16776696	-8323216	-120	-659
162	0	74	111	1331	1573	8191	4134112	4286156	6355312	7363215	16776709	-8323344	-117	-659
163	0	74	53	1332	1573	8191	4134122	4286129	6354800	7364062	16776696	-8323088	-119	-659
164	0	74	88	1323	1573	8191	4134133	4286198	6355312	7363894	16776696	-8323088	-124	-659
165	0	74	115	1332	1573	8191	4134143	4286185	6355440	7363718	16776674	-8323216	-123	-659
166	0	74	93	1328	1573	8191	4134153	4285963	6354544	7363333	16776648	-8323472	-126	-659
167	0	74	97	1329	1573	8191	4134163	4286040	6355568	7363723	16776679	-8323088	-128	-659
168	0	74	76	1329	1573	8191	4134173	4285825	6356208	7363491	16776641	-8323344	-125	-659
169	0	74	71	1324	1573	8191	4134183	4286171	6356080	7363381	16776654	-8323216	-120	-659
170	0	74	65	1332	1573	8191	4134193	4285573	6356208	7363464	16776655	-8323216	-117	-659
171	0	74	50	1333	1573	8191	4134203	4286070	6354928	7363821	16776678	-8323344	-114	-659
172	0	74	81	1328	1573	8191	4134213	4286024	6355696	7363573	16776665	-8323216	-115	-659
173	0	74	71	1330	1573	8191	4134223	4286042	6355184	7363689	16776674	-8323088	-120	-659
174	0	74	63	1336	1573	8191	4134234	4284022	6355312	7363448	16776721	-8323344	-119	-659
175	0	74	53	1330	1573	8191	4134244	4284030	6356080	7363274	16776674	-8323344	-125	-659
176	0	74	84	1332	1573	8191	4134254	4283931	6355696	7363533	16776735	-8323344	-120	-659
177	0	74	57	1328	1573	8191	4134264	4283803	6355056	7363134	16776663	-8323216	-122	-659
178	0	74	85	1326	1573	8191	4134274	4283693	6356080	7363591	16776719	-8323216	-122	-659
179	0	74	86	1335	1573	8191	4134284	4283953	6355568	7363503	16776669	-8323216	-122	-659
180	0	74	59	1331	1573	8191	4134294	4283737	6355440	7363274	16776689	-8323216	-128	-659
181	0	78	70	1328	1567	8191	4134304	4283878	6354672	7363401	16776682	-8323216	-130	-645
182	0	78	89	1323	1567	8191	4134314	4283873	6355312	7363524	16776751	-8323216	-130	-645
183	0	78	80	1333	1567	8191	4134324	4284039	6355952	7363891	16776725	-8323216	-129	-645
184	0	78	63	1336	1567	8191	4134335	4283658	6356080	7363461	16776687	-8323344	-131	-645
185	0	78	51	1324	1567	8191	4134345	4283836	6355312	7363225	16776650	-8323216	-128	-645
186	0	78	20	1330	1567	8191	4134355	4283902	6355824	7363215	16776674	-8323344	-127	-645
187	0	78	50	1326	1567	8191	4134365	4283943	6357232	7363393	16776720	-8323344	-128	-645
188	0	78	87	1327	1567	8191	4134375	4283886	6355952	7363427	16776658	-8323216	-128	-645
189	0	78	87	1329	1567	8191	4134385	4283732	6355824	7363739	16776674	-8323216	-127	-645
190	0	78	67	1330	1567	8191	4134395	4284096	6355952	7363877	16776756	-8323216	-125	-645
191	0	78	52	1327	1567	8191	4134405	4283870	6355312	7363472	16776705	-8323216	-125	-645
192	0	78	38	1329	1567	8191	4134415	4283886	6355952	7363262	16776655	-8323344	-118	-645
193	0	78	64	1329	1567	8191	4134425	4283992	6355696	7363664	16776735	-8323344	-118	-645
194	0	78	140	1335	1567	8191	4134436	4283797	6356080	7363108	16776674	-8323472	-113	-645
195	0	78	23	1322	1567	8191	4134446	4283854	6356336	7363252	16776685	-8323216	-119	-645
196	0	78	97	1332	1567	8191	4134456	4284017	6355952	7363187	16776704	-8323344	-127	-645
197	0	78	80	1328	1567	8191	4134466	4284006	6354928	7363652	16776707	-8323216	-121	-645
198	0	78	78	1331	1567	8191	4134476	4283773	6356080	7363688	16776725	-8323216	-121	-645
199	0	78	79	1330	1567	8191	4134486	4283815	6355440	7363347	16776677	-8323344	-124	-645
200	0	78	73	1323	1567	8191	4134496	4284023	6355696	7363472	16776682	-8323344	-126	-645
201	0	66	61	1326	1577	8191	4134506	4283731	6356080	7363531	16776677	-8323216	-125	-613
202	0	66	79	1325	1577	8191	4134516	4284108	6354928	7363367	16776612	-8323216	-123	-613
203	0	66	30	1326	1577	8191	4134526	4283773	6355568	7363512	16776670	-8323216	-119	-613
204	0	66	73	1331	1577	8191	4134537	4284130	6354800	7363843	16776704	-8323088	-123	-613
205	0	66	25	1330	1577	8191	4134547	4284119	6356720	7363139	16776675	-8323216	-120	-613
206	0	66	62	1330	1577	8191	4134557	4283524	6355824	7363154	16776678	-8323344	-122	-613
207	0	66	26	1324	1577	8191	4134567	4284045	6356336	7363947	16776751	-8323216	-116	-613
208	0	66	140	1326	1577	8191	4134577	4283652	6355184	7363703	16776638	-8323344	-122	-613
209	0	66	126	1329	1577	8191	4134587	4283836	6355440	7362995	16776680	-8323088	-123	-613
210	0	66	113	1326	1577	8191	4134597	4283609	6356080	7363332	16776681	-8323216	-134	-613
211	0	66	76	1328	1577	8191	4134607	4284167	6357232	7363563	16776657	-8323344	-127	-613
212	0	66	68	1324	1577	8191	4134617	4283796	6356208	7363222	16776633	-8323216	-136	-613
213	0	66	103	1333	1577	8191	4134627	4283697	6355440	7363374	16776678	-8323344	-136	-613
214	0	66	18	1322	1577	8191	4134638	4283915	6355440	7363455	16776680	-8323344	-140	-613
215	0	66	25	1336	1577	8191	4134648	4284137	6356464	7363767	16776680	-8323088	-131	-613
216	0	66	12	1330	1577	8191	4134658	4283887	6356080	7363876	16776668	-8323344	-129	-613
217	0	66	58	1329	1577	8191	4134668	4283982	6355952	7363361	16776700	-8323344	-127	-613
218	0	66	41	1333	1577	8191	4134678	4283905	6356208	7363413	16776698	-8323216	-133	-613
219	0	66	158	1330	1577	8191	4134688	4284049	6354928	7363515	16776687	-8323216	-133	-613
220	0	66	40	1326	1577	8191	4134698	4283953	6356208	7363589	16776659	-8323216	-138	-613
221	0	66	55	1330	1577	8191	4134708	4284134	6356464	7363584	16776712	-8323216	-143	-613
222	0	69	66	1329	1577	8191	4134718	4284206	6355696	7363596	16776683	-8323216	-136	-622
223	0	69	33	1327	1577	8191	4134728	4284018	6356464	7363836	16776686	-8323216	-139	-622
224	0	69	69	1333	1577	8191	4134739	4283949	6355952	7363631	16776681	-8323344	-137	-622
225	0	69	66	1331	1577	8191	4134749	4284176	6355184	7363738	16776659	-8323216	-131	-622
226	0	69	57	1331	1577	8191	4134759	4284290	6355440	7363960	16776665	-8323216	-130	-622
227	0	69	75	1329	1577	8191	4134769	4283956	6356464	7363500	16776683	-8323216	-126	-622
228	0	69	39	1327	1577	8191	4134779	4283858	6355312	7363265	16776688	-8323216	-122	-622
229	0	69	93	1330	1577	8191	4134789	4283989	6355568	7364102	16776665	-8323216	-121	-622
230	0	69	56	1325	1577	8191	4134799	4283895	6356592	7363301	16776682	-8323344	-115	-622
231	0	69	96	1329	1577	8191	4134809	4284418	6357616	7363732	16776687	-8323216	-112	-622
232	0	69	56	1332	1577	8191	4134819	4283956	6355696	7363739	16776663	-8323344	-124	-622
233	0	69	78	1332	1577	8191	4134829	4284208	6356464	7363394	16776698	-8323472	-120	-622
234	0	69	73	1330	1577	8191	4134840	4284111	6356464	7364058	16776671	-8323344	-127	-622
235	0	69	82	1333	1577	8191	4134850	4284259	6355952	7364017	16776693	-8323472	-123	-622
236	0	69	108	1332	1577	8191	4134860	4284282	6356208	7363871	16776662	-8323216	-125	-622
237	0	69	62	1327	1577	8191	4134870	4284105	6355824	7363918	16776690	-8323344	-115	-622
238	0	69	85	1327	1577	8191	4134880	4283934	6355568	7363461	16776680	-8323344	-108	-622
239	0	69	81	1330	1577	8191	4134890	4283951	6355824	7363535	16776690	-8323216	-113	-622
240	0	69	45	1329	1577	8191	4134900	4283881	6355312	7363255	16776710	-8323344	-119	-622
241	0	69	63	1328	1577	8191	4134910	4284000	6355184	7363348	16776703	-8323344	-116	-622
242	0	82	62	1333	1586	8191	4134920	4284110	6355440	7363581	16776701	-8323472	-117	-639
243	0	82	66	1324	1586	8191	4134930	4283985	6356848	7363465	16776638	-8323344	-122	-639
244	0	82	63	1330	1586	8191	4134941	4283824	6356208	7363157	16776712	-8323344	-125	-639
245	0	82	92	1334	1586	8191	4134951	4283846	6354544	7363357	16776649	-8323216	-122	-639
246	0	82	78	1327	1586	8191	4134961	4283993	6355440	7363460	16776692	-8323216	-126	-639
247	0	82	73	1327	1586	8191	4134971	4283813	6355568	7363219	16776674	-8323216	-123	-639
248	0	82	81	1323	1586	8191	4134981	4283981	6356208	7363099	16776676	-8323088	-119	-639
249	0	82	70	1329	1586	8191	4134991	4283955	6355440	7363420	16776717	-8323216	-121	-639
250	0	82	111	1326	1586	8191	4135001	4284066	6355568	7363202	16776707	-8323216	-118	-639
251	0	82	117	1324	1586	8191	4135011	4283966	6355312	7363672	16776676	-8323216	-120	-639
252	0	82	50	1326	1586	8191	4135021	4282290	6356336	7363894	16776689	-8323344	-117	-639
253	0	82	54	1325	1586	8191	4135031	4283187	6356336	7363516	16776673	-8323344	-122	-639
254	0	82	79	1329	1586	8191	4135042	4283907	6354672	7363351	16776700	-8323216	-120	-639
255	0	82	108	1328	1586	8191	4135052	4283826	6357104	7363524	16776665	-8323472	-123	-639
256	0	82	65	1328	1586	8191	4135062	4283993	6355056	7363249	16776696	-8323216	-122	-639
257	0	82	61	1328	1586	8191	4135072	4282335	6356848	7363691	16776694	-8323216	-125	-639
258	0	82	66	1333	1586	8191	4135082	4285627	6356720	7363402	16776687	-8323216	-125	-639
259	0	82	63	1326	1586	8191	4135092	4285793	6356464	7363578	16776708	-8323344	-124	-639
260	0	82	84	1327	1586	8191	4135102	4286023	6355824	7363271	16776667	-8323216	-129	-639
261	0	82	110	1322	1586	8191	4135112	4286049	6356336	7363332	16776667	-8323216	-124	-639
262	0	74	80	1330	1562	8191	4135122	4286004	6355696	7363503	16776697	-8323216	-120	-667
263	0	74	75	1334	1562	8191	4135132	4286119	6356336	7363314	16776669	-8323344	-126	-667
264	0	74	91	1330	1562	8191	4135143	4286064	6355568	7363154	16776681	-8323216	-122	-667
265	0	74	76	1332	1562	8191	4135153	4286074	6356208	7363815	16776708	-8323344	-125	-667
266	0	74	69	1330	1562	8191	4135163	4285883	6355440	7363468	16776660	-8323088	-128	-667
267	0	74	41	1327	1562	8191	4135173	4285618	6356720	7363274	16776685	-8323344	-137	-667
268	0	74	98	1331	1562	8191	4135183	4285877	6354416	7363518	16776710	-8323344	-135	-667
269	0	74	23	1327	1562	8191	4135193	4285883	6356336	7363150	16776716	-8323344	-133	-667
270	0	74	65	1321	1562	8191	4135203	4285894	6356592	7363479	16776703	-8323216	-137	-667
271	0	74	62	1328	1562	8191	4135213	4286059	6356336	7363164	16776674	-8323088	-129	-667
272	0	74	70	1329	1562	8191	4135223	4285844	6355952	7363139	16776698	-8323216	-133	-667
273	0	74	104	1326	1562	8191	4135233	4286115	6356720	7362844	16776672	-8323216	-135	-667
274	0	74	59	1328	1562	8191	4135244	4285857	6356592	7363138	16776654	-8323216	-130	-667
275	0	74	82	1328	1562	8191	4135254	4285725	6355440	7363106	16776702	-8323216	-130	-667
276	0	74	67	1327	1562	8191	4135264	4285431	6355568	7363036	16776645	-8323344	-127	-667
277	0	74	82	1323	1562	8191	4135274	4285974	6355696	7362987	16776685	-8323216	-132	-667
278	0	74	84	1332	1562	8191	4135284	4285842	6355312	7363587	16776651	-8323344	-135	-667
279	0	74	43	1328	1562	8191	4135294	4285913	6355184	7363350	16776690	-8323216	-136	-667
280	0	74	63	1325	1562	8191	4135304	4285837	6355696	7363306	16776706	-8323216	-138	-667
281	0	74	93	1334	1562	8191	4135314	4285622	6356080	7363440	16776676	-8323344	-135	-667
282	0	80	101	1331	1573	8191	4135324	4285875	6356208	7363137	16776698	-8323088	-133	-652
283	0	80	145	1330	1573	8191	4135334	4285796	6355312	7363878	16776639	-8323344	-133	-652
284	0	80	109	1324	1573	8191	4135345	4285856	6354672	7363127	16776740	-8323216	-129	-652
285	0	80	91	1333	1573	8191	4135355	4285888	6355568	7363367	16776685	-8323344	-126	-652
286	0	80	86	1335	1573	8191	4135365	4285949	6356464	7363786	16776689	-8323344	-121	-652
287	0	80	66	1325	1573	8191	4135375	4283838	6354672	7363624	16776715	-8323344	-126	-652
288	0	80	99	1332	1573	8191	4135385	4284125	6356208	7363299	16776737	-8323216	-126	-652
289	0	80	43	1328	1573	8191	4135395	4282120	6355824	7363673	16776689	-8323344	-126	-652
290	0	80	88	1328	1573	8191	4135405	4284033	6355568	7363532	16776661	-8323216	-129	-652
291	0	80	37	1327	1573	8191	4135415	4283897	6354672	7363261	16776662	-8323344	-134	-652
292	0	80	34	1328	1573	8191	4135425	4283736	6356720	7363738	16776676	-8323344	-132	-652
293	0	80	39	1328	1573	8191	4135435	4284081	6356592	7363650	16776672	-8323344	-121	-652
294	0	80	45	1326	1573	8191	4135446	4283825	6354928	7363493	16776681	-8323216	-125	-652
295	0	80	30	1326	1573	8191	4135456	4284021	6355696	7363785	16776692	-8323344	-121	-652
296	0	80	87	1327	1573	8191	4135466	4284017	6356592	7363444	16776671	-8323344	-114	-652
297	0	80	65	1331	1573	8191	4135476	4284018	6355440	7363917	16776697	-8323216	-118	-652
298	0	80	26	1327	1573	8191	4135486	4284184	6355440	7363439	16776690	-8323216	-114	-652
299	0	80	113	1327	1573	8191	4135496	4284340	6355824	7364219	16776692	-8323216	-119	-652
300	0	80	94	1329	1573	8191	4135506	4284346	6355440	7364094	16776654	-8323344	-122	-652
301	0	80	94	1330	1573	8191	4135516	4284438	6355952	7364111	16776680	-8323344	-121	-652
302	0	84	67	1326	1590	8191	4135526	4284122	6355440	7364345	16776698	-8323216	-124	-649
303	0	84	84	1329	1590	8191	4135536	4284174	6357872	7364080	16776710	-8323216	-120	-649
304	0	84	72	1330	1590	8191	4135547	4284366	6355184	7363528	16776698	-8323344	-127	-649
305	0	84	51	1328	1590	8191	4135557	4284232	6356848	7363715	16776695	-8323344	-127	-649
306	0	84	75	1329	1590	8191	4135567	4284307	6357104	7363968	16776687	-8323216	-127	-649
307	0	84	80	1331	1590	8191	4135577	4284263	6355824	7363698	16776662	-8323344	-125	-649
308	0	84	85	1326	1590	8191	4135587	4284387	6355312	7363595	16776709	-8323344	-118	-649
309	0	84	89	1332	1590	8191	4135597	4284056	6355568	7363532	16776716	-8323216	-119	-649
310	0	84	67	1328	1590	8191	4135607	4284081	6356080	7363846	16776683	-8323344	-118	-649
311	0	84	92	1331	1590	8191	4135617	4284106	6355056	7364005	16776668	-8323344	-115	-649
312	0	84	74	1334	1590	8191	4135627	4283981	6355312	7363696	16776680	-8323472	-119	-649
313	0	84	75	1330	1590	8191	4135637	4284235	6355568	7363722	16776704	-8323344	-124	-649
314	0	84	59	1324	1590	8191	4135648	4284226	6355952	7363836	16776682	-8323344	-129	-649
315	0	84	25	1323	1590	8191	4135658	4284078	6354800	7363577	16776668	-8323344	-123	-649
316	0	84	59	1328	1590	8191	4135668	4284093	6355568	7363652	16776669	-8323344	-121	-649
317	0	84	68	1325	1590	8191	4135678	4283904	6356080	7363919	16776714	-8323344	-125	-649
318	0	84	62	1327	1590	8191	4135688	4284012	6355440	7363636	16776718	-8323344	-120	-649
319	0	84	66	1321	1590	8191	4135698	4284079	6355952	7363944	16776696	-8323344	-115	-649
320	0	84	83	1328	1590	8191	4135708	4284070	6355696	7363499	16776731	-8323216	-124	-649
321	0	84	91	1329	1590	8191	4135718	4284060	6356080	7363572	16776728	-8323088	-119	-649
322	0	89	118	1332	1579	8191	4135728	4284236	6356208	7364034	16776664	-8323344	-125	-638
323	0	89	101	1326	1579	8191	4135738	4283985	6355312	7363838	16776704	-8323216	-124	-638
324	0	89	79	1326	1579	8191	4135749	4284086	6355312	7363975	16776664	-8323216	-126	-638
325	0	89	94	1333	1579	8191	4135759	4284212	6354544	7363608	16776661	-8323216	-134	-638
326	0	89	51	1321	1579	8191	4135769	4284027	6356720	7363847	16776670	-8323472	-130	-638
327	0	89	68	1329	1579	8191	4135779	4284462	6356080	7363908	16776670	-8323216	-132	-638
328	0	89	60	1330	1579	8191	4135789	4284257	6355440	7363384	16776685	-8323344	-131	-638
329	0	89	81	1330	1579	8191	4135799	4281881	6355952	7363791	16776721	-8323472	-129	-638
330	0	89	81	1328	1579	8191	4135809	4281954	6354672	7363829	16776674	-8323088	-125	-638
331	0	89	64	1326	1579	8191	4135819	4282031	6356336	7363486	16776659	-8323344	-125	-638
332	0	89	62	1323	1579	8191	4135829	4281729	6355440	7363144	16776707	-8323472	-130	-638
333	0	89	79	1330	1579	8191	4135839	4281869	6355696	7363381	16776636	-8323344	-125	-638
334	0	89	60	1335	1579	8191	4135850	4281986	6354672	7363808	16776692	-8323216	-123	-638
335	0	89	49	1332	1579	8191	4135860	4281870	6355696	7363873	16776697	-8323216	-132	-638
336	0	89	26	1328	1579	8191	4135870	4281994	6355952	7363714	16776669	-8323344	-133	-638
337	0	89	70	1328	1579	8191	4135880	4281729	6355952	7363520	16776672	-8323216	-135	-638
338	0	89	66	1330	1579	8191	4135890	4281806	6355312	7363961	16776701	-8323344	-131	-638
339	0	89	69	1325	1579	8191	4135900	4281822	6355056	7363795	16776643	-8323344	-128	-638
340	0	89	75	1327	1579	8191	4135910	4281900	6355312	7362981	16776650	-8323216	-118	-638
341	0	89	91	1329	1579	8191	4135920	4282005	6355952	7363916	16776693	-8323344	-120	-638
342	0	70	51	1327	1572	8191	4135930	4281732	6356208	7363341	16776657	-8323216	-127	-657
343	0	70	97	1330	1572	8191	4135940	4282073	6356464	7363587	16776657	-8323344	-123	-657
344	0	70	78	1328	1572	8191	4135951	4281975	6355824	7363817	16776694	-8323344	-129	-657
345	0	70	47	1329	1572	8191	4135961	4282077	6356208	7363689	16776725	-8323216	-124	-657
346	0	70	62	1331	1572	8191	4135971	4281991	6356464	7363245	16776688	-8323344	-126	-657
347	0	70	98	1336	1572	8191	4135981	4281970	6355056	7363719	16776648	-8323472	-128	-657
348	0	70	95	1326	1572	8191	4135991	4282052	6354800	7363307	16776700	-8323216	-131	-657
349	0	70	89	1330	1572	8191	4136001	4282000	6356080	7363756	16776704	-8323216	-129	-657
350	0	70	83	1323	1572	8191	4136011	4282057	6355952	7363875	16776681	-8323216	-131	-657
351	0	70	70	1329	1572	8191	4136021	4282137	6355952	7363404	16776717	-8323344	-126	-657
352	0	70	71	1332	1572	8191	4136031	4281961	6356080	7363854	16776706	-8323216	-130	-657
353	0	70	71	1324	1572	8191	4136041	4282067	6356080	7363619	16776686	-8323216	-122	-657
354	0	70	91	1328	1572	8191	4136052	4281937	6355952	7363569	16776669	-8323216	-122	-657
355	0	70	83	1328	1572	8191	4136062	4281726	6355568	7363779	16776674	-8323344	-123	-657
356	0	70	127	1326	1572	8191	4136072	4281853	6355440	7363610	16776654	-8323216	-113	-657
357	0	70	44	1328	1572	8191	4136082	4284043	6355312	7363859	16776680	-8323344	-124	-657
358	0	70	107	1326	1572	8191	4136092	4284134	6356336	7363280	16776669	-8323344	-126	-657
359	0	70	84	1330	1572	8191	4136102	4284056	6355696	7363705	16776698	-8323344	-128	-657
360	0	70	45	1330	1572	8191	4136112	4283972	6355440	7363248	16776680	-8323344	-127	-657
361	0	70	91	1323	1572	8191	4136122	4283973	6355184	7363349	16776714	-8323216	-124	-657
362	0	70	69	1326	1572	8191	4136132	4283933	6355696	7363719	16776682	-8323344	-127	-657
363	0	79	61	1331	1579	8191	4136142	4284001	6355696	7363920	16776684	-8323344	-118	-679
364	0	79	56	1335	1579	8191	4136153	4284242	6355056	7363207	16776693	-8323472	-123	-679
365	0	79	59	1327	1579	8191	4136163	4283895	6356208	7363818	16776683	-8323344	-118	-679
366	0	79	63	1323	1579	8191	4136173	4283972	6355696	7363789	16776676	-8323344	-127	-679
367	0	79	73	1330	1579	8191	4136183	4283995	6355056	7363409	16776685	-8323344	-121	-679
368	0	79	88	1325	1579	8191	4136193	4283836	6356464	7363015	16776689	-8323216	-125	-679
369	0	79	68	1334	1579	8191	4136203	4283973	6355568	7363236	16776687	-8323344	-128	-679
370	0	79	111	1328	1579	8191	4136213	4283790	6355440	7363402	16776704	-8323344	-123	-679
371	0	79	34	1325	1579	8191	4136223	4283695	6355952	7363697	16776699	-8323216	-128	-679
372	0	79	70	1327	1579	8191	4136233	4284066	6356336	7363177	16776719	-8323216	-121	-679
373	0	79	46	1329	1579	8191	4136243	4284182	6356208	7363215	16776686	-8323344	-127	-679
374	0	79	49	1329	1579	8191	4136254	4283895	6355312	7363201	16776685	-8323344	-121	-679
375	0	79	99	1329	1579	8191	4136264	4283937	6355568	7363711	16776644	-8323472	-123	-679
376	0	79	33	1328	1579	8191	4136274	4284037	6356336	7363706	16776673	-8323344	-117	-679
377	0	79	119	1326	1579	8191	4136284	4283915	6354800	7363606	16776683	-8323344	-119	-679
378	0	79	72	1331	1579	8191	4136294	4283991	6355440	7363320	16776675	-8323344	-115	-679
379	0	79	85	1327	1579	8191	4136304	4284084	6356592	7363729	16776684	-8323344	-126	-679
380	0	79	57	1335	1579	8191	4136314	4284126	6355824	7363106	16776656	-8323344	-123	-679
381	0	79	83	1330	1579	8191	4136324	4284115	6355056	7363600	16776678	-8323344	-119	-679
382	0	79	3	1331	1579	8191	4136334	4283799	6355952	7363310	16776677	-8323344	-121	-679
383	0	68	97	1329	1584	8191	4136344	4283822	6356208	7363342	16776677	-8323344	-129	-637
384	0	68	125	1335	1584	8191	4136355	4283841	6356080	7363444	16776674	-8323472	-119	-637
385	0	68	99	1327	1584	8191	4136365	4281800	6355312	7363121	16776666	-8323216	-124	-637
386	0	68	107	1328	1584	8191	4136375	4281641	6355440	7363451	16776697	-8323216	-121	-637
387	0	68	71	1328	1584	8191	4136385	4282161	6356336	7363357	16776691	-8323216	-128	-637
388	0	68	79	1324	1584	8191	4136395	4281619	6356080	7363003	16776687	-8323344	-126	-637
389	0	68	46	1326	1584	8191	4136405	4281772	6354928	7363434	16776708	-8323472	-124	-637
390	0	68	50	1335	1584	8191	4136415	4281783	6356208	7363247	16776658	-8323472	-128	-637
391	0	68	107	1332	1584	8191	4136425	4281889	6355568	7363397	16776637	-8323472	-126	-637
392	0	68	64	1330	1584	8191	4136435	4281698	6354800	7363650	16776705	-8323344	-130	-637
393	0	68	73	1326	1584	8191	4136445	4281751	6355568	7363697	16776685	-8323344	-128	-637
394	0	68	148	1327	1584	8191	4136456	4282074	6356208	7363335	16776664	-8323472	-130	-637
395	0	68	107	1326	1584	8191	4136466	4281934	6356208	7363503	16776665	-8323344	-129	-637
396	0	68	123	1330	1584	8191	4136476	4281761	6355184	7363375	16776685	-8323472	-127	-637
397	0	68	47	1331	1584	8191	4136486	4281641	6355568	7363382	16776642	-8323216	-126	-637
398	0	68	41	1328	1584	8191	4136496	4282160	6355824	7364015	16776672	-8323344	-127	-637
399	0	68	48	1322	1584	8191	4136506	4282061	6355312	7363685	16776682	-8323344	-128	-637
400	0	68	65	1322	1584	8191	4136516	4281917	6355824	7363547	16776678	-8323344	-129	-637
401	0	68	62	1325	1584	8191	4136526	4281996	6355312	7363870	16776666	-8323344	-128	-637
402	0	68	51	1324	1584	8191	4136536	4282106	6356592	7363626	16776673	-8323344	-127	-637
403	0	66	83	1328	1586	8191	4136546	4282052	6355696	7363746	16776663	-8323344	-132	-629
404	0	66	78	1328	1586	8191	4136557	4281820	6354800	7363667	16776717	-8323472	-130	-629
405	0	66	72	1326	1586	8191	4136567	4282052	6355824	7363709	16776662	-8323344	-129	-629
406	0	66	77	1325	1586	8191	4136577	4281826	6355952	7363379	16776702	-8323216	-128	-629
407	0	66	63	1327	1586	8191	4136587	4282064	6355696	7363054	16776702	-8323344	-130	-629
408	0	66	70	1326	1586	8191	4136597	4281866	6355056	7363914	16776628	-8323472	-119	-629
409	0	66	82	1331	1586	8191	4136607	4282143	6355952	7363424	16776666	-8323344	-124	-629
410	0	66	94	1323	1586	8191	4136617	4281834	6355312	7363846	16776715	-8323344	-133	-629
411	0	66	106	1325	1586	8191	4136627	4281953	6355440	7363491	16776716	-8323472	-128	-629
412	0	66	76	1329	1586	8191	4136637	4281799	6356336	7363563	16776669	-8323344	-129	-629
413	0	66	87	1330	1586	8191	4136647	4282195	6356464	7364055	16776675	-8323472	-127	-629
414	0	66	107	1327	1586	8191	4136658	4284372	6356080	7363681	16776702	-8323344	-126	-629
415	0	66	77	1329	1586	8191	4136668	4284019	6355568	7363708	16776665	-8323216	-121	-629
416	0	66	73	1329	1586	8191	4136678	4283921	6355824	7363135	16776688	-8323344	-129	-629
417	0	66	50	1327	1586	8191	4136688	4283946	6355568	7363574	16776682	-8323472	-124	-629
418	0	66	56	1328	1586	8191	4136698	4283880	6355696	7363381	16776672	-8323216	-124	-629
419	0	66	67	1320	1586	8191	4136708	4283903	6355696	7363661	16776674	-8323344	-131	-629
420	0	66	74	1333	1586	8191	4136718	4283856	6356208	7363460	16776678	-8323216	-122	-629
421	0	66	73	1330	1586	8191	4136728	4283993	6355696	7363338	16776678	-8323344	-121	-629
422	0	66	82	1323	1586	8191	4136738	4284050	6356080	7363497	16776712	-8323344	-122	-629
423	0	73	66	1327	1581	8191	4136748	4283961	6355568	7363140	16776652	-8323216	-122	-651
424	0	73	68	1328	1581	8191	4136759	4284070	6355952	7362806	16776654	-8323216	-124	-651
425	0	73	111	1333	1581	8191	4136769	4283932	6355952	7363097	16776700	-8323344	-119	-651
426	0	73	49	1330	1581	8191	4136779	4283825	6355440	7363385	16776670	-8323344	-115	-651
427	0	73	78	1331	1581	8191	4136789	4284192	6355568	7363940	16776673	-8323216	-120	-651
428	0	73	68	1326	1581	8191	4136799	4284108	6356336	7363657	16776673	-8323344	-123	-651
429	0	73	66	1328	1581	8191	4136809	4284069	6355568	7363720	16776684	-8323472	-123	-651
430	0	73	75	1329	1581	8191	4136819	4283981	6355312	7363858	16776660	-8323344	-117	-651
431	0	73	46	1326	1581	8191	4136829	4284206	6355952	7363814	16776671	-8323344	-119	-651
432	0	73	75	1333	1581	8191	4136839	4284095	6354928	7363868	16776699	-8323344	-121	-651
433	0	73	70	1329	1581	8191	4136849	4284246	6355184	7363918	16776687	-8323344	-122	-651
434	0	73	72	1330	1581	8191	4136860	4284117	6356720	7363665	16776691	-8323216	-121	-651
435	0	73	89	1329	1581	8191	4136870	4283930	6355184	7363439	16776669	-8323216	-123	-651
436	0	73	119	1324	1581	8191	4136880	4284153	6356208	7363942	16776691	-8323472	-114	-651
437	0	73	90	1328	1581	8191	4136890	4284167	6355568	7363935	16776654	-8323344	-123	-651
438	0	73	47	1329	1581	8191	4136900	4284183	6355440	7364262	16776718	-8323472	-119	-651
439	0	73	37	1327	1581	8191	4136910	4284143	6355824	7363346	16776665	-8323344	-127	-651
440	0	73	93	1329	1581	8191	4136920	4284060	6355184	7364132	16776670	-8323344	-123	-651
441	0	73	116	1331	1581	8191	4136930	4284199	6354672	7363742	16776680	-8323344	-128	-651
442	0	73	75	1330	1581	8191	4136940	4282046	6355440	7363939	16776670	-8323216	-127	-651
443	0	72	20	1329	1587	8191	4136950	4281958	6355568	7363800	16776690	-8323344	-121	-660
444	0	72	88	1331	1587	8191	4136961	4281983	6355440	7364089	16776691	-8323344	-126	-660
445	0	72	85	1330	1587	8191	4136971	4282190	6356080	7364194	16776648	-8323216	-124	-660
446	0	72	78	1326	1587	8191	4136981	4281847	6356208	7363957	16776706	-8323472	-127	-660
447	0	72	74	1328	1587	8191	4136991	4282084	6356080	7364053	16776698	-8323344	-125	-660
448	0	72	77	1325	1587	8191	4137001	4281843	6355312	7363442	16776678	-8323344	-132	-660
449	0	72	46	1325	1587	8191	4137011	4281915	6356208	7363245	16776692	-8323344	-127	-660
450	0	72	91	1330	1587	8191	4137021	4281995	6355440	7363517	16776695	-8323344	-127	-660
451	0	72	66	1326	1587	8191	4137031	4282239	6355312	7363691	16776642	-8323344	-130	-660
452	0	72	47	1326	1587	8191	4137041	4282003	6356080	7363814	16776632	-8323344	-132	-660
453	0	72	43	1328	1587	8191	4137051	4282066	6355312	7363675	16776658	-8323344	-134	-660
454	0	72	90	1329	1587	8191	4137062	4282268	6355824	7363787	16776658	-8323472	-133	-660
455	0	72	70	1332	1587	8191	4137072	4283947	6355568	7363943	16776677	-8323472	-132	-660
456	0	72	77	1325	1587	8191	4137082	4281755	6355312	7363360	16776634	-8323344	-126	-660
457	0	72	76	1325	1587	8191	4137092	4281863	6356080	7363487	16776700	-8323344	-133	-660
458	0	72	102	1330	1587	8191	4137102	4282073	6356976	7363961	16776642	-8323344	-133	-660
459	0	72	95	1324	1587	8191	4137112	4282103	6355568	7363599	16776704	-8323344	-134	-660
460	0	72	97	1331	1587	8191	4137122	4282090	6355440	7363486	16776683	-8323344	-130	-660
461	0	72	126	1327	1587	8191	4137132	4282014	6355952	7363699	16776676	-8323344	-135	-660
462	0	72	64	1332	1587	8191	4137142	4282244	6355184	7363680	16776695	-8323344	-133	-660
463	0	86	52	1326	1587	8191	4137152	4282242	6356592	7363930	16776667	-8323216	-137	-631
464	0	86	47	1328	1587	8191	4137163	4282089	6354672	7364155	16776683	-8323344	-134	-631
465	0	86	86	1325	1587	8191	4137173	4282122	6355824	7363826	16776687	-8323344	-131	-631
466	0	86	59	1325	1587	8191	4137183	4281855	6355568	7363802	16776677	-8323216	-129	-631
467	0	86	115	1327	1587	8191	4137193	4282218	6355568	7363812	16776668	-8323344	-132	-631
468	0	86	26	1332	1587	8191	4137203	4282112	6355952	7363667	16776681	-8323216	-127	-631
469	0	86	56	1330	1587	8191	4137213	4281960	6356208	7363620	16776684	-8323344	-126	-631
470	0	86	78	1329	1587	8191	4137223	4281964	6355952	7363670	16776696	-8323344	-132	-631
471	0	86	74	1327	1587	8191	4137233	4282013	6355696	7364094	16776682	-8323344	-128	-631
472	0	86	44	1327	1587	8191	4137243	4281911	6356080	7364432	16776674	-8323216	-129	-631
473	0	86	41	1326	1587	8191	4137253	4281934	6355696	7363801	16776675	-8323344	-123	-631
474	0	86	60	1331	1587	8191	4137264	4281827	6355440	7363681	16776594	-8323344	-120	-631
475	0	86	83	1328	1587	8191	4137274	4281887	6355568	7364211	16776679	-8323216	-122	-631
476	0	86	28	1328	1587	8191	4137284	4282019	6355952	7364126	16776708	-8323472	-121	-631
477	0	86	63	1326	1587	8191	4137294	4282060	6356720	7363724	16776694	-8323344	-121	-631
478	0	86	77	1329	1587	8191	4137304	4282084	6356208	7363833	16776688	-8323344	-117	-631
479	0	86	49	1326	1587	8191	4137314	4281958	6355568	7363748	16776710	-8323600	-120	-631
480	0	86	50	1330	1587	8191	4137324	4282121	6355056	7363813	16776703	-8323344	-117	-631
481	0	86	18	1330	1587	8191	4137334	4281764	6355824	7363698	16776741	-8323216	-123	-631
482	0	86	41	1332	1587	8191	4137344	4281829	6355184	7363613	16776653	-8323472	-122	-631
483	0	69	70	1324	1592	8191	4137354	4283776	6355568	7363279	16776679	-8323216	-124	-629
484	0	69	126	1323	1592	8191	4137365	4281777	6354928	7363386	16776686	-8323600	-116	-629
485	0	69	57	1327	1592	8191	4137375	4281977	6354672	7363816	16776699	-8323344	-118	-629
486	0	69	72	1325	1592	8191	4137385	4281871	6355696	7363864	16776720	-8323216	-123	-629
487	0	69	58	1325	1592	8191	4137395	4282029	6355568	7363456	16776706	-8323344	-116	-629
488	0	69	45	1329	1592	8191	4137405	4282133	6355824	7364304	16776687	-8323344	-121	-629
489	0	69	70	1327	1592	8191	4137415	4281993	6355696	7363753	16776687	-8323472	-115	-629
490	0	69	2	1329	1592	8191	4137425	4281909	6355184	7363570	16776662	-8323344	-120	-629
491	0	69	75	1329	1592	8191	4137435	4281899	6355696	7363844	16776684	-8323472	-120	-629
492	0	69	111	1328	1592	8191	4137445	4282282	6356208	7364200	16776716	-8323344	-120	-629
493	0	69	91	1331	1592	8191	4137455	4282078	6355568	7364096	16776658	-8323472	-121	-629
494	0	69	85	1331	1592	8191	4137466	4282279	6356592	7363997	16776651	-8323472	-116	-629
495	0	69	116	1331	1592	8191	4137476	4282044	6356208	7363722	16776642	-8323472	-123	-629
496	0	69	66	1326	1592	8191	4137486	4282001	6355312	7363667	16776666	-8323472	-116	-629
497	0	69	59	1327	1592	8191	4137496	4281940	6355696	7363915	16776682	-8323472	-122	-629
498	0	69	28	1329	1592	8191	4137506	4284444	6355824	7364020	16776661	-8323472	-123	-629
499	0	69	13	1329	1592	8191	4137516	4284289	6355824	7364323	16776685	-8323344	-126	-629
500	0	69	98	1334	1592	8191	4137526	4284169	6355696	7364093	16776689	-8323472	-126	-629
501	0	69	65	1329	1592	8191	4137536	4284356	6356080	7364117	16776680	-8323472	-126	-629
502	0	69	85	1330	1592	8191	4137546	4284112	6356080	7363831	16776664	-8323344	-127	-629
503	0	69	74	1325	1592	8191	4137556	4284308	6355952	7363557	16776674	-8323344	-127	-629
504	0	65	101	1328	1570	8191	4137567	4284048	6356592	7363688	16776640	-8323600	-125	-640
505	0	65	51	1335	1570	8191	4137577	4284075	6355312	7363684	16776706	-8323472	-128	-640
506	0	65	77	1330	1570	8191	4137587	4284187	6356464	7363410	16776678	-8323472	-129	-640
507	0	65	53	1331	1570	8191	4137597	4284070	6354800	7363894	16776670	-8323344	-127	-640
508	0	65	58	1326	1570	8191	4137607	4284161	6355952	7364136	16776649	-8323472	-135	-640
509	0	65	70	1330	1570	8191	4137617	4284354	6355952	7364171	16776695	-8323344	-129	-640
510	0	65	101	1329	1570	8191	4137627	4284209	6355440	7363995	16776649	-8323472	-127	-640
511	0	65	72	1327	1570	8191	4137637	4284274	6356080	7363588	16776652	-8323472	-136	-640
512	0	65	88	1332	1570	8191	4137647	4284070	6356336	7363648	16776683	-8323600	-131	-640
513	0	65	89	1328	1570	8191	4137657	4284377	6356592	7363545	16776652	-8323344	-130	-640
514	0	65	58	1327	1570	8191	4137668	4284309	6355568	7364367	16776685	-8323344	-134	-640
515	0	65	83	1332	1570	8191	4137678	4284095	6355696	7363857	16776688	-8323472	-133	-640
516	0	65	62	1326	1570	8191	4137688	4283973	6354928	7363286	16776702	-8323344	-132	-640
517	0	65	64	1331	1570	8191	4137698	4284263	6356848	7363691	16776669	-8323472	-125	-640
518	0	65	52	1328	1570	8191	4137708	4284297	6354288	7364199	16776702	-8323216	-125	-640
519	0	65	76	1330	1570	8191	4137718	4283796	6355312	7363918	16776699	-8323344	-124	-640
520	0	65	63	1321	1570	8191	4137728	4284148	6356592	7363758	16776675	-8323344	-132	-640
521	0	65	76	1326	1570	8191	4137738	4284233	6354672	7363406	16776664	-8323344	-138	-640
522	0	65	70	1331	1570	8191	4137748	4284063	6355440	7363631	16776652	-8323600	-126	-640
523	0	65	64	1327	1570	8191	4137758	4284199	6355184	7363907	16776675	-8323472	-133	-640
524	0	55	78	1326	1575	8191	4137769	4282054	6354928	7363588	16776709	-8323472	-126	-648
525	0	55	98	1324	1575	8191	4137779	4284181	6357104	7363656	16776690	-8323344	-129	-648
526	0	55	59	1325	1575	8191	4137789	4283060	6355184	7363939	16776696	-8323344	-126	-648
527	0	55	66	1326	1575	8191	4137799	4284192	6355824	7363723	16776664	-8323472	-125	-648
528	0	55	100	1329	1575	8191	4137809	4284159	6356080	7363474	16776670	-8323344	-121	-648
529	0	55	76	1332	1575	8191	4137819	4285738	6356080	7363522	16776704	-8323472	-128	-648
530	0	55	21	1339	1575	8191	4137829	4284188	6355952	7364065	16776690	-8323216	-122	-648
531	0	55	51	1324	1575	8191	4137839	4284192	6355952	7363846	16776707	-8323344	-119	-648
532	0	55	68	1324	1575	8191	4137849	4284204	6354672	7363914	16776691	-8323600	-119	-648
533	0	55	57	1326	1575	8191	4137859	4284072	6356080	7363840	16776652	-8323344	-111	-648
534	0	55	72	1332	1575	8191	4137870	4284018	6355568	7363915	16776668	-8323344	-119	-648
535	0	55	66	1328	1575	8191	4137880	4283982	6355824	7363341	16776665	-8323472	-120	-648
536	0	55	84	1329	1575	8191	4137890	4284063	6355952	7363862	16776675	-8323216	-117	-648
537	0	55	68	1331	1575	8191	4137900	4284037	6355440	7363915	16776671	-8323472	-118	-648
538	0	55	103	1325	1575	8191	4137910	4284021	6354544	7363775	16776704	-8323472	-124	-648
539	0	55	47	1326	1575	8191	4137920	4284109	6355184	7363942	16776668	-8323344	-115	-648
540	0	55	76	1331	1575	8191	4137930	4285352	6355184	7363085	16776709	-8323216	-114	-648
541	0	55	75	1328	1575	8191	4137940	4286072	6356592	7363956	16776688	-8323344	-114	-648
542	0	55	71	1326	1575	8191	4137950	4286208	6355568	7363843	16776714	-8323344	-118	-648
543	0	55	66	1332	1575	8191	4137960	4286116	6355184	7364265	16776688	-8323344	-119	-648
544	0	70	53	1335	1570	8191	4137971	4286446	6356592	7363886	16776718	-8323344	-122	-657
545	0	70	93	1327	1570	8191	4137981	4286083	6355824	7363934	16776677	-8323472	-124	-657
546	0	70	60	1327	1570	8191	4137991	4285901	6355952	7363843	16776646	-8323472	-118	-657
547	0	70	74	1325	1570	8191	4138001	4286147	6356336	7364089	16776680	-8323472	-118	-657
548	0	70	63	1326	1570	8191	4138011	4286396	6356080	7363628	16776682	-8323472	-123	-657
549	0	70	38	1328	1570	8191	4138021	4286289	6355568	7363505	16776689	-8323472	-124	-657
550	0	70	72	1324	1570	8191	4138031	4286483	6355696	7363915	16776685	-8323472	-121	-657
551	0	70	84	1328	1570	8191	4138041	4286308	6355824	7363954	16776672	-8323728	-119	-657
552	0	70	92	1332	1570	8191	4138051	4286401	6356336	7363903	16776665	-8323344	-123	-657
553	0	70	58	1328	1570	8191	4138061	4285876	6355952	7364108	16776683	-8323472	-125	-657
554	0	70	73	1335	1570	8191	4138072	4286213	6356720	7364096	16776692	-8323344	-125	-657
555	0	70	60	1330	1570	8191	4138082	4286299	6356592	7363523	16776669	-8323600	-133	-657
556	0	70	74	1324	1570	8191	4138092	4285927	6355952	7363684	16776658	-8323216	-127	-657
557	0	70	41	1330	1570	8191	4138102	4286050	6356336	7363678	16776681	-8323472	-129	-657
558	0	70	72	1324	1570	8191	4138112	4286011	6355440	7363463	16776663	-8323472	-132	-657
559	0	70	89	1329	1570	8191	4138122	4286051	6355056	7363687	16776675	-8323344	-132	-657
560	0	70	65	1334	1570	8191	4138132	4286120	6354288	7363581	16776690	-8323344	-131	-657
561	0	70	86	1330	1570	8191	4138142	4286481	6356592	7363863	16776668	-8323344	-130	-657
562	0	70	101	1327	1570	8191	4138152	4286289	6356336	7363499	16776690	-8323344	-129	-657
563	0	70	59	1329	1570	8191	4138162	4286038	6355184	7363766	16776688	-8323600	-129	-657
564	0	67	83	1328	1582	8191	4138173	4286065	6356464	7363486	16776676	-8323344	-136	-650
565	0	67	58	1326	1582	8191	4138183	4286011	6355184	7363838	16776681	-8323344	-133	-650
566	0	67	51	1330	1582	8191	4138193	4286153	6356080	7363566	16776670	-8323600	-127	-650
567	0	67	52	1329	1582	8191	4138203	4286143	6355696	7364134	16776667	-8323344	-132	-650
568	0	67	52	1331	1582	8191	4138213	4286216	6356208	7364171	16776681	-8323472	-127	-650
569	0	67	60	1329	1582	8191	4138223	4283923	6355952	7363522	16776655	-8323472	-130	-650
570	0	67	86	1325	1582	8191	4138233	4284194	6356464	7363655	16776687	-8323600	-135	-650
571	0	67	80	1332	1582	8191	4138243	4284233	6357104	7363709	16776715	-8323472	-132	-650
572	0	67	72	1324	1582	8191	4138253	4284371	6356336	7364191	16776688	-8323472	-137	-650
573	0	67	96	1319	1582	8191	4138263	4284459	6356208	7363598	16776702	-8323600	-133	-650
574	0	67	59	1325	1582	8191	4138274	4283858	6357104	7363462	16776660	-8323344	-130	-650
575	0	67	62	1333	1582	8191	4138284	4283995	6355568	7363554	16776660	-8323344	-127	-650
576	0	67	106	1327	1582	8191	4138294	4283967	6356720	7362989	16776709	-8323344	-128	-650
577	0	67	95	1325	1582	8191	4138304	4284205	6356464	7363679	16776653	-8323344	-130	-650
578	0	67	120	1332	1582	8191	4138314	4284053	6355568	7363383	16776648	-8323472	-134	-650
579	0	67	71	1334	1582	8191	4138324	4283941	6354928	7363380	16776697	-8323216	-129	-650
580	0	67	93	1330	1582	8191	4138334	4284140	6356208	7363670	16776694	-8323472	-132	-650
581	0	67	147	1328	1582	8191	4138344	4283997	6355696	7363666	16776710	-8323472	-123	-650
582	0	67	83	1325	1582	8191	4138354	4284211	6355312	7363463	16776664	-8323472	-130	-650
583	0	67	76	1332	1582	8191	4138364	4284129	6355440	7363826	16776694	-8323344	-119	-650
584	0	64	52	1329	1587	8191	4138375	4283793	6355952	7363232	16776664	-8323600	-120	-656
585	0	64	91	1329	1587	8191	4138385	4283809	6356464	7363179	16776677	-8323344	-123	-656
586	0	64	31	1330	1587	8191	4138395	4284150	6356336	7363030	16776691	-8323344	-119	-656
587	0	64	51	1332	1587	8191	4138405	4283873	6355312	7364200	16776695	-8323344	-125	-656
588	0	64	113	1328	1587	8191	4138415	4284101	6355184	7363847	16776673	-8323728	-126	-656
589	0	64	96	1329	1587	8191	4138425	4283983	6356080	7364013	16776714	-8323344	-126	-656
590	0	64	68	1331	1587	8191	4138435	4284025	6355696	7363638	16776707	-8323472	-124	-656
591	0	64	96	1330	1587	8191	4138445	4283973	6356720	7363723	16776667	-8323344	-126	-656
592	0	64	110	1326	1587	8191	4138455	4284292	6356976	7363791	16776682	-8323344	-123	-656
593	0	64	91	1328	1587	8191	4138465	4284049	6355696	7364003	16776626	-8323216	-128	-656
594	0	64	111	1330	1587	8191	4138476	4285757	6354928	7363577	16776637	-8323344	-125	-656
595	0	64	134	1326	1587	8191	4138486	4284201	6355696	7363921	16776745	-8323472	-122	-656
596	0	64	84	1332	1587	8191	4138496	4283851	6355824	7363434	16776702	-8323472	-113	-656
597	0	64	61	1328	1587	8191	4138506	4286430	6355952	7363514	16776641	-8323344	-124	-656
598	0	64	47	1327	1587	8191	4138516	4284178	6355056	7363532	16776660	-8323472	-115	-656
599	0	64	114	1332	1587	8191	4138526	4284156	6357360	7363599	16776662	-8323472	-119	-656
600	0	64	60	1324	1587	8191	4138536	4284252	6356080	7363770	16776684	-8323472	-120	-656
601	0	64	50	1333	1587	8191	4138546	4284281	6355568	7363899	16776692	-8323472	-123	-656
602	0	64	59	1334	1587	8191	4138556	4284192	6357232	7364025	16776672	-8323344	-125	-656
603	0	64	77	1336	1587	8191	4138566	4283808	6355568	7363706	16776680	-8323472	-120	-656
604	0	61	78	1325	1585	8191	4138577	4284238	6356336	7364156	16776703	-8323216	-121	-634
605	0	61	44	1329	1585	8191	4138587	4285048	6356336	7363290	16776673	-8323344	-119	-634
606	0	61	102	1326	1585	8191	4138597	4283997	6354800	7363934	16776694	-8323344	-126	-634
607	0	61	73	1325	1585	8191	4138607	4283945	6355952	7363410	16776693	-8323472	-125	-634
608	0	61	114	1326	1585	8191	4138617	4284073	6355824	7363491	16776652	-8323344	-117	-634
609	0	61	68	1325	1585	8191	4138627	4284305	6355312	7363316	16776681	-8323472	-116	-634
610	0	61	83	1330	1585	8191	4138637	4284229	6354928	7363865	16776709	-8323344	-123	-634
611	0	61	78	1328	1585	8191	4138647	4282120	6355824	7363748	16776683	-8323472	-119	-634
612	0	61	63	1330	1585	8191	4138657	4281832	6355952	7363803	16776675	-8323344	-125	-634
613	0	61	67	1329	1585	8191	4138667	4282116	6355184	7363829	16776722	-8323472	-134	-634
614	0	61	113	1329	1585	8191	4138678	4281972	6356464	7363835	16776679	-8323472	-132	-634
615	0	61	91	1334	1585	8191	4138688	4282204	6356336	7363813	16776669	-8323472	-129	-634
616	0	61	77	1325	1585	8191	4138698	4282015	6354416	7363707	16776630	-8323600	-128	-634
617	0	61	58	1327	1585	8191	4138708	4281901	6356208	7363797	16776673	-8323344	-129	-634
618	0	61	45	1325	1585	8191	4138718	4281898	6355952	7363912	16776680	-8323472	-129	-634
619	0	61	38	1328	1585	8191	4138728	4282161	6355440	7364153	16776690	-8323344	-128	-634
620	0	61	66	1330	1585	8191	4138738	4282127	6354928	7363646	16776670	-8323600	-133	-634
621	0	61	73	1329	1585	8191	4138748	4282085	6355824	7364291	16776675	-8323472	-135	-634
622	0	61	81	1337	1585	8191	4138758	4282205	6354800	7363577	16776681	-8323472	-132	-634
623	0	61	50	1331	1585	8191	4138768	4282259	6356336	7363948	16776687	-8323600	-132	-634
624	0	68	56	1326	1585	8191	4138779	4282217	6355568	7364026	16776677	-8323344	-131	-640
625	0	68	74	1327	1587	8191	4138789	4282244	6356336	7364044	16776661	-8323344	-130	-640
626	0	68	54	1326	1587	8191	4138799	4282212	6356336	7363988	16776688	-8323472	-130	-640
627	0	68	66	1328	1587	8191	4138809	4282077	6355568	7363805	16776675	-8323472	-135	-640
628	0	68	43	1325	1587	8191	4138819	4282205	6355696	7363738	16776667	-8323344	-127	-640
629	0	68	92	1329	1587	8191	4138829	4281891	6355952	7364051	16776678	-8323344	-132	-640
630	0	68	55	1326	1587	8191	4138839	4281875	6355568	7363666	16776680	-8323344	-125	-640
631	0	68	42	1329	1587	8191	4138849	4281882	6355568	7363846	16776688	-8323216	-120	-640
632	0	68	80	1326	1587	8191	4138859	4282233	6355952	7363791	16776685	-8323600	-124	-640
633	0	68	61	1329	1587	8191	4138869	4282057	6355824	7363828	16776643	-8323344	-125	-640
634	0	68	75	1331	1587	8191	4138880	4282240	6355696	7364065	16776637	-8323472	-129	-640
635	0	68	78	1330	1587	8191	4138890	4282167	6355952	7364263	16776689	-8323472	-125	-640
636	0	68	29	1325	1587	8191	4138900	4282261	6356208	7363746	16776699	-8323472	-136	-640
637	0	68	40	1331	1587	8191	4138910	4282117	6356592	7363446	16776679	-8323472	-129	-640
638	0	68	49	1331	1587	8191	4138920	4281807	6354672	7363555	16776689	-8323472	-125	-640
639	0	68	77	1327	1587	8191	4138930	4281906	6356208	7363551	16776691	-8323344	-129	-640
640	0	68	59	1328	1587	8191	4138940	4282209	6355568	7363734	16776694	-8323344	-122	-640
641	0	68	75	1328	1587	8191	4138950	4281969	6355568	7363809	16776689	-8323600	-127	-640
642	0	68	48	1327	1587	8191	4138960	4281992	6356976	7363984	16776685	-8323600	-126	-640
643	0	68	73	1330	1587	8191	4138970	4282132	6354800	7363458	16776641	-8323472	-126	-640
644	0	68	35	1325	1587	8191	4138981	4282146	6355952	7364023	16776658	-8323472	-125	-640
645	0	68	41	1325	1560	8191	4138991	4281913	6356720	7363640	16776659	-8323472	-123	-635
646	0	68	61	1326	1560	8191	4139001	4282048	6357104	7363851	16776653	-8323472	-118	-635
647	0	68	81	1329	1560	8191	4139011	4281892	6355440	7363875	16776710	-8323344	-127	-635
648	0	68	64	1330	1560	8191	4139021	4282339	6356208	7363719	16776661	-8323344	-125	-635
649	0	68	64	1331	1560	8191	4139031	4281975	6355312	7363717	16776725	-8323344	-123	-635
650	0	68	9	1330	1560	8191	4139041	4281988	6356080	7363937	16776667	-8323472	-120	-635
651	0	68	85	1328	1560	8191	4139051	4281962	6355696	7363609	16776690	-8323344	-115	-635
652	0	68	73	1326	1560	8191	4139061	4281951	6354672	7363383	16776682	-8323472	-117	-635
653	0	68	67	1328	1560	8191	4139071	4282117	6354800	7363582	16776699	-8323472	-119	-635
654	0	68	71	1336	1560	8191	4139082	4282021	6356208	7363374	16776685	-8323472	-118	-635
655	0	68	70	1334	1560	8191	4139092	4281924	6356080	7363515	16776678	-8323472	-125	-635
656	0	68	79	1332	1560	8191	4139102	4282101	6356080	7363933	16776695	-8323472	-124	-635
657	0	68	101	1332	1560	8191	4139112	4282104	6355056	7363433	16776681	-8323472	-125	-635
658	0	68	76	1327	1560	8191	4139122	4282090	6356336	7363767	16776714	-8323472	-120	-635
659	0	68	55	1329	1560	8191	4139132	4282078	6356592	7363932	16776686	-8323472	-123	-635
660	0	68	54	1332	1560	8191	4139142	4282155	6355824	7364117	16776684	-8323344	-113	-635
661	0	68	42	1323	1560	8191	4139152	4281861	6355440	7364465	16776695	-8323472	-114	-635
662	0	68	89	1328	1560	8191	4139162	4282018	6356208	7364229	16776701	-8323472	-124	-635
663	0	68	66	1325	1560	8191	4139172	4281991	6355312	7363433	16776685	-8323600	-127	-635
664	0	68	71	1327	1560	8191	4139183	4281959	6356464	7363371	16776658	-8323472	-124	-635
665	0	61	45	1329	1563	8191	4139193	4281810	6356208	7364053	16776669	-8323600	-118	-657
666	0	61	45	1335	1563	8191	4139203	4281986	6354416	7363473	16776651	-8323600	-121	-657
667	0	61	91	1328	1563	8191	4139213	4283945	6356848	7364280	16776678	-8323472	-119	-657
668	0	61	78	1325	1563	8191	4139223	4284292	6356720	7363490	16776678	-8323472	-127	-657
669	0	61	67	1327	1563	8191	4139233	4283915	6356592	7363739	16776702	-8323600	-132	-657
670	0	61	19	1330	1563	8191	4139243	4283656	6354800	7363914	16776669	-8323472	-136	-657
671	0	61	90	1328	1563	8191	4139253	4284232	6355568	7363691	16776683	-8323344	-138	-657
672	0	61	72	1329	1563	8191	4139263	4284345	6355952	7363426	16776689	-8323344	-131	-657
673	0	61	72	1326	1563	8191	4139273	4282477	6355952	7363651	16776690	-8323472	-130	-657
674	0	61	108	1328	1563	8191	4139284	4284100	6355952	7363629	16776668	-8323216	-128	-657
675	0	61	119	1329	1563	8191	4139294	4284010	6356336	7363247	16776680	-8323472	-120	-657
676	0	61	81	1328	1563	8191	4139304	4284186	6356336	7363712	16776739	-8323344	-130	-657
677	0	61	59	1330	1563	8191	4139314	4284024	6356080	7363558	16776719	-8323472	-133	-657
678	0	61	86	1332	1563	8191	4139324	4284127	6355696	7363594	16776695	-8323344	-134	-657
679	0	61	66	1329	1563	8191	4139334	4283775	6356336	7363698	16776681	-8323600	-135	-657
680	0	61	40	1329	1563	8191	4139344	4283836	6355952	7363077	16776706	-8323600	-127	-657
681	0	61	21	1323	1563	8191	4139354	4284055	6356080	7363225	16776708	-8323472	-128	-657
682	0	61	39	1327	1563	8191	4139364	4284148	6354672	7363213	16776680	-8323472	-123	-657
683	0	61	96	1321	1563	8191	4139374	4282460	6355824	7363956	16776661	-8323600	-126	-657
684	0	61	58	1325	1563	8191	4139385	4284161	6355440	7363867	16776670	-8323472	-132	-657
685	0	58	23	1325	1572	8191	4139395	4284082	6355824	7363593	16776716	-8323472	-133	-644
686	0	58	62	1329	1572	8191	4139405	4283900	6355952	7363444	16776670	-8323472	-127	-644
687	0	58	126	1331	1572	8191	4139415	4284258	6355696	7363173	16776680	-8323472	-132	-644
688	0	58	68	1325	1572	8191	4139425	4283993	6355184	7363455	16776664	-8323472	-125	-644
689	0	58	39	1325	1572	8191	4139435	4283522	6355440	7363558	16776705	-8323472	-124	-644
690	0	58	97	1324	1572	8191	4139445	4283825	6356208	7363734	16776683	-8323472	-123	-644
691	0	58	54	1325	1572	8191	4139455	4283806	6356208	7363282	16776676	-8323344	-133	-644
692	0	58	63	1328	1572	8191	4139465	4283946	6356336	7363323	16776715	-8323600	-129	-644
693	0	58	75	1330	1572	8191	4139475	4284001	6355568	7363633	16776670	-8323344	-136	-644
694	0	58	120	1328	1572	8191	4139486	4284123	6356080	7363579	16776664	-8323472	-132	-644
695	0	58	66	1328	1572	8191	4139496	4283841	6357104	7363523	16776689	-8323472	-126	-644
696	0	58	26	1327	1572	8191	4139506	4284057	6356336	7363112	16776640	-8323600	-116	-644
697	0	58	71	1325	1572	8191	4139516	4283830	6356592	7363633	16776641	-8323344	-116	-644
698	0	58	39	1326	1572	8191	4139526	4284162	6356592	7363158	16776652	-8323344	-116	-644
699	0	58	133	1330	1572	8191	4139536	4283842	6355440	7363464	16776748	-8323472	-124	-644
700	0	58	10	1327	1572	8191	4139546	4283932	6355440	7363677	16776691	-8323472	-129	-644
701	0	58	83	1330	1572	8191	4139556	4284193	6355824	7363903	16776669	-8323600	-129	-644
702	0	58	37	1332	1572	8191	4139566	4283961	6355824	7363445	16776695	-8323344	-123	-644
703	0	58	97	1324	1572	8191	4139576	4284046	6355568	7363084	16776652	-8323344	-118	-644
704	0	58	119	1326	1572	8191	4139587	4283723	6355696	7363301	16776661	-8323344	-123	-644
705	0	79	29	1330	1578	8191	4139597	4284101	6356080	7364142	16776641	-8323472	-127	-635
706	0	79	97	1325	1578	8191	4139607	4283980	6355824	7363388	16776731	-8323472	-123	-635
707	0	79	102	1324	1578	8191	4139617	4283711	6356080	7363477	16776695	-8323600	-127	-635
708	0	79	59	1332	1578	8191	4139627	4283861	6354672	7363709	16776679	-8323472	-123	-635
709	0	79	74	1324	1578	8191	4139637	4284216	6356336	7363115	16776700	-8323728	-121	-635
710	0	79	106	1326	1578	8191	4139647	4283973	6356720	7363433	16776721	-8323472	-121	-635
711	0	79	113	1326	1578	8191	4139657	4283958	6355184	7363132	16776687	-8323600	-119	-635
712	0	79	81	1334	1578	8191	4139667	4283843	6356208	7363614	16776716	-8323472	-113	-635
713	0	79	127	1328	1578	8191	4139677	4283694	6356464	7363354	16776703	-8323600	-120	-635
714	0	79	75	1331	1578	8191	4139688	4284077	6356720	7363526	16776655	-8323344	-126	-635
715	0	79	136	1327	1578	8191	4139698	4283860	6356336	7363445	16776687	-8323600	-130	-635
716	0	79	99	1327	1578	8191	4139708	4283933	6355824	7363890	16776684	-8323600	-132	-635
717	0	79	100	1330	1578	8191	4139718	4284010	6355952	7363817	16776657	-8323472	-131	-635
718	0	79	58	1323	1578	8191	4139728	4284107	6354800	7363420	16776675	-8323472	-119	-635
719	0	79	63	1326	1578	8191	4139738	4284398	6355952	7363752	16776726	-8323472	-117	-635
720	0	79	83	1325	1578	8191	4139748	4284246	6355696	7363408	16776690	-8323728	-109	-635
721	0	79	60	1326	1578	8191	4139758	4284042	6356720	7363809	16776636	-8323472	-122	-635
722	0	79	121	1328	1578	8191	4139768	4284365	6356336	7363631	16776676	-8323472	-125	-635
723	0	79	67	1335	1578	8191	4139778	4284290	6355312	7363549	16776729	-8323600	-129	-635
724	0	79	54	1332	1578	8191	4139789	4282163	6356976	7363613	16776684	-8323472	-134	-635
725	0	66	104	1327	1581	8191	4139799	4282262	6355312	7363149	16776682	-8323728	-129	-638
726	0	66	77	1326	1581	8191	4139809	4282314	6355312	7363762	16776738	-8323472	-133	-638
727	0	66	68	1326	1581	8191	4139819	4282258	6356464	7364157	16776672	-8323600	-125	-638
728	0	66	72	1323	1581	8191	4139829	4282054	6355952	7363699	16776698	-8323600	-124	-638
729	0	66	53	1326	1581	8191	4139839	4282116	6355312	7363571	16776629	-8323472	-129	-638
730	0	66	106	1330	1581	8191	4139849	4281922	6356336	7363256	16776680	-8323472	-127	-638
731	0	66	17	1335	1581	8191	4139859	4281935	6355184	7363751	16776687	-8323472	-128	-638
732	0	66	51	1329	1581	8191	4139869	4281922	6355056	7363699	16776696	-8323472	-125	-638
733	0	66	58	1330	1581	8191	4139879	4282190	6355824	7363616	16776686	-8323600	-121	-638
734	0	66	36	1327	1581	8191	4139890	4282150	6356720	7363956	16776676	-8323600	-115	-638
735	0	66	103	1331	1581	8191	4139900	4282162	6355312	7363827	16776668	-8323472	-119	-638
736	0	66	88	1333	1581	8191	4139910	4282200	6355440	7363806	16776690	-8323600	-125	-638
737	0	66	65	1330	1581	8191	4139920	4282044	6355440	7363274	16776699	-8323472	-137	-638
738	0	66	47	1333	1581	8191	4139930	4282097	6354672	7363587	16776696	-8323600	-143	-638
739	0	66	96	1330	1581	8191	4139940	4282141	6356208	7363703	16776687	-8323472	-136	-638
740	0	66	73	1332	1581	8191	4139950	4281870	6355056	7363950	16776691	-8323472	-126	-638
741	0	66	88	1324	1581	8191	4139960	4282006	6355440	7363691	16776677	-8323472	-121	-638
742	0	66	25	1330	1581	8191	4139970	4281856	6355440	7363789	16776681	-8323472	-115	-638
743	0	66	40	1329	1581	8191	4139980	4282063	6355568	7363881	16776667	-8323472	-118	-638
744	0	66	54	1329	1581	8191	4139991	4281880	6356080	7363313	16776676	-8323472	-118	-638
745	0	83	84	1325	1586	8191	4140001	4281950	6356080	7363567	16776677	-8323472	-125	-638
746	0	83	52	1324	1586	8191	4140011	4281782	6355696	7363943	16776680	-8323472	-133	-638
747	0	83	59	1325	1586	8191	4140021	4281978	6355056	7363659	16776685	-8323472	-129	-638
748	0	83	73	1325	1586	8191	4140031	4281890	6354800	7363422	16776671	-8323472	-125	-638
749	0	83	41	1329	1586	8191	4140041	4281758	6355696	7363556	16776652	-8323472	-124	-638
750	0	83	94	1331	1586	8191	4140051	4282002	6355568	7363656	16776654	-8323472	-118	-638
751	0	83	55	1327	1586	8191	4140061	4282149	6355824	7363607	16776669	-8323472	-125	-638
752	0	83	72	1328	1586	8191	4140071	4281922	6355440	7363548	16776686	-8323472	-130	-638
753	0	83	58	1332	1586	8191	4140081	4281860	6355568	7363425	16776691	-8323600	-136	-638
754	0	83	83	1330	1586	8191	4140092	4281845	6356208	7363570	16776677	-8323472	-128	-638
755	0	83	93	1334	1586	8191	4140102	4282132	6356080	7363128	16776701	-8323472	-124	-638
756	0	83	84	1326	1586	8191	4140112	4282185	6355440	7363511	16776708	-8323600	-117	-638
757	0	83	82	1328	1586	8191	4140122	4282114	6355056	7363841	16776696	-8323600	-110	-638
758	0	83	56	1325	1586	8191	4140132	4281885	6355184	7363281	16776678	-8323600	-120	-638
759	0	83	40	1323	1586	8191	4140142	4281943	6355440	7363884	16776674	-8323600	-133	-638
760	0	83	82	1330	1586	8191	4140152	4282059	6354672	7363344	16776687	-8323472	-130	-638
761	0	83	51	1326	1586	8191	4140162	4282030	6356592	7363594	16776685	-8323472	-131	-638
762	0	83	90	1326	1586	8191	4140172	4281930	6356336	7363786	16776671	-8323472	-126	-638
763	0	83	66	1321	1586	8191	4140182	4282055	6356464	7363850	16776695	-8323472	-119	-638
764	0	83	118	1331	1586	8191	4140193	4282228	6355824	7363830	16776675	-8323472	-117	-638
765	0	83	64	1329	1586	8191	4140203	4282040	6355440	7363627	16776641	-8323600	-117	-638
766	0	61	49	1328	1576	8191	4140213	4282084	6356464	7363751	16776674	-8323600	-124	-637
767	0	61	36	1332	1576	8191	4140223	4281898	6356208	7363573	16776665	-8323472	-129	-637
768	0	61	58	1328	1576	8191	4140233	4281836	6356080	7363663	16776646	-8323600	-129	-637
769	0	61	63	1331	1576	8191	4140243	4281917	6356464	7363358	16776692	-8323472	-124	-637
770	0	61	68	1330	1576	8191	4140253	4282005	6356336	7363744	16776673	-8323472	-123	-637
771	0	61	87	1324	1576	8191	4140263	4282058	6355440	7363420	16776667	-8323728	-127	-637
772	0	61	107	1325	1576	8191	4140273	4281749	6355824	7363308	16776670	-8323472	-127	-637
773	0	61	108	1329	1576	8191	4140283	4281518	6356592	7363110	16776676	-8323728	-126	-637
774	0	61	50	1325	1576	8191	4140294	4281742	6355952	7363592	16776651	-8323472	-131	-637
775	0	61	56	1334	1576	8191	4140304	4281776	6356720	7363436	16776672	-8323600	-138	-637
776	0	61	71	1328	1576	8191	4140314	4281823	6356464	7363345	16776708	-8323472	-124	-637
777	0	61	46	1327	1576	8191	4140324	4281703	6355952	7363363	16776658	-8323600	-122	-637
778	0	61	99	1328	1576	8191	4140334	4281877	6357872	7363272	16776722	-8323344	-116	-637
779	0	61	98	1328	1576	8191	4140344	4281668	6355568	7363290	16776690	-8323472	-118	-637
780	0	61	1	1323	1576	8191	4140354	4283843	6355824	7363300	16776682	-8323472	-123	-637
781	0	61	71	1328	1576	8191	4140364	4283922	6355696	7363277	16776693	-8323600	-125	-637
782	0	61	106	1323	1576	8191	4140374	4284071	6355952	7363745	16776622	-8323472	-133	-637
783	0	61	113	1321	1576	8191	4140384	4283883	6355952	7363449	16776664	-8323600	-138	-637
784	0	61	88	1333	1576	8191	4140395	4283777	6356464	7363527	16776703	-8323600	-123	-637
785	0	61	49	1325	1576	8191	4140405	4284169	6355696	7363846	16776682	-8323472	-135	-637
786	0	84	73	1323	1572	8191	4140415	4283938	6355824	7363647	16776694	-8323344	-126	-622
787	0	84	16777168	1329	1572	8191	4140425	4284121	6356336	7363872	16776677	-8323600	-126	-622
788	0	84	105	1327	1572	8191	4140435	4284213	6356080	7363818	16776676	-8323472	-125	-622
789	0	84	83	1332	1572	8191	4140445	4284301	6355696	7363196	16776680	-8323600	-123	-622
790	0	84	112	1326	1572	8191	4140455	4284422	6356208	7363508	16776676	-8323344	-121	-622
791	0	84	101	1331	1572	8191	4140465	4283923	6355568	7363516	16776710	-8323600	-125	-622
792	0	84	67	1327	1572	8191	4140475	4284066	6354928	7363086	16776669	-8323600	-125	-622
793	0	84	38	1329	1572	8191	4140485	4283865	6356080	7363252	16776686	-8323600	-119	-622
794	0	84	37	1326	1572	8191	4140496	4284047	6356592	7363504	16776686	-8323600	-123	-622
795	0	84	86	1331	1572	8191	4140506	4284144	6355824	7364116	16776650	-8323472	-129	-622
796	0	84	64	1332	1572	8191	4140516	4284205	6355696	7363238	16776669	-8323472	-129	-622
797	0	84	75	1330	1572	8191	4140526	4284008	6355952	7363454	16776679	-8323600	-133	-622
798	0	84	98	1330	1572	8191	4140536	4284197	6355312	7363849	16776688	-8323472	-131	-622
799	0	84	60	1328	1572	8191	4140546	4284059	6356464	7363485	16776689	-8323344	-127	-622
800	0	84	71	1328	1572	8191	4140556	4284142	6356464	7363670	16776672	-8323472	-120	-622
801	0	84	83	1329	1572	8191	4140566	4284078	6355440	7363888	16776648	-8323472	-117	-622
802	0	84	57	1323	1572	8191	4140576	4284049	6355568	7363702	16776708	-8323600	-121	-622
803	0	84	86	1328	1572	8191	4140586	4284032	6356208	7363577	16776661	-8323472	-123	-622
804	0	84	66	1328	1572	8191	4140597	4284289	6357232	7363518	16776671	-8323600	-127	-622
805	0	84	80	1331	1572	8191	4140607	4284044	6356592	7363375	16776701	-8323728	-129	-622
806	0	70	65	1329	1582	8191	4140617	4284175	6355824	7363776	16776695	-8323600	-130	-655
807	0	70	79	1328	1582	8191	4140627	4284062	6355952	7363978	16776667	-8323472	-124	-655
808	0	70	78	1329	1582	8191	4140637	4282220	6355696	7364022	16776667	-8323472	-122	-655
809	0	70	64	1328	1582	8191	4140647	4282151	6355312	7363740	16776678	-8323600	-122	-655
810	0	70	99	1330	1582	8191	4140657	4281937	6355824	7363292	16776702	-8323600	-118	-655
811	0	70	51	1322	1582	8191	4140667	4281970	6355056	7363847	16776684	-8323472	-123	-655
812	0	70	93	1322	1582	8191	4140677	4282077	6356080	7363730	16776675	-8323600	-120	-655
813	0	70	70	1333	1582	8191	4140687	4281848	6355696	7363415	16776665	-8323472	-124	-655
814	0	70	97	1329	1582	8191	4140698	4282219	6356208	7364191	16776703	-8323472	-115	-655
815	0	70	88	1326	1582	8191	4140708	4282186	6355568	7363864	16776675	-8323600	-123	-655
816	0	70	61	1327	1582	8191	4140724	4282247	6355568	7364131	16776703	-8323472	-130	-655
817	0	70	64	1327	1582	8191	4140735	4282104	6355824	7363726	16776709	-8323984	-132	-655
818	0	70	81	1335	1582	8191	4140746	4282191	6355952	7363816	16776671	-8323984	-133	-655
819	0	70	99	1327	1582	8191	4140757	4282238	6355952	7363311	16776695	-8323984	-128	-655
820	0	70	68	1327	1582	8191	4140768	4282160	6355952	7363575	16776676	-8323728	-116	-655
821	0	70	37	1332	1582	8191	4140779	4281902	6355824	7363878	16776684	-8323600	-119	-655
822	0	70	67	1331	1582	8191	4140790	4282048	6357616	7363390	16776699	-8323728	-118	-655
823	0	70	76	1334	1582	8191	4140801	4282260	6355952	7363762	16776673	-8323984	-113	-655
824	0	70	97	1336	1582	8191	4140812	4282168	6355440	7363841	16776675	-8323344	-120	-655
825	0	63	49	1324	1581	8191	4140823	4282240	6355568	7364239	16776723	-8323856	-127	-717
826	0	63	59	1331	1581	8191	4140834	4282052	6355312	7364018	16776653	-8323856	-133	-717
827	0	63	83	1328	1581	8191	4140845	4282139	6356464	7363690	16776709	-8323984	-127	-717
828	0	63	103	1324	1581	8191	4140856	4282028	6356336	7363508	16776690	-8323984	-127	-717
829	0	63	57	1324	1581	8191	4140867	4281845	6356336	7363869	16776649	-8323728	-128	-717
830	0	63	50	1330	1581	8191	4140878	4282182	6356080	7363604	16776696	-8323856	-128	-717
831	0	63	35	1328	1581	8191	4140889	4281878	6355440	7363882	16776694	-8323984	-129	-717
832	0	63	39	1327	1581	8191	4140900	4281955	6355952	7363601	16776680	-8323856	-124	-717
833	0	63	91	1332	1581	8191	4140911	4282125	6355824	7363288	16776700	-8323728	-124	-717
834	0	63	78	1333	1581	8191	4140922	4284058	6355056	7363815	16776671	-8323856	-126	-717
835	0	63	69	1325	1581	8191	4140933	4284282	6355952	7363630	16776690	-8323984	-121	-717
836	0	63	75	1328	1581	8191	4140944	4284410	6357104	7363936	16776704	-8324112	-128	-717
837	0	63	72	1330	1581	8191	4140955	4284265	6357360	7363981	16776675	-8323856	-133	-717
838	0	63	97	1332	1581	8191	4140966	4283850	6355952	7363914	16776676	-8323984	-133	-717
839	0	63	94	1326	1581	8191	4140977	4284307	6355952	7363650	16776697	-8323984	-131	-717
840	0	63	68	1332	1581	8191	4140988	4283973	6355056	7364018	16776672	-8323984	-133	-717
841	0	63	113	1329	1581	8191	4140999	4284090	6355824	7363598	16776665	-8323856	-126	-717
842	0	63	77	1323	1581	8191	4141010	4284147	6356592	7363592	16776693	-8323984	-123	-717
843	0	59	25	1333	1575	8191	4141021	4284311	6356592	7363757	16776684	-8323984	-125	-683
844	0	59	88	1326	1575	8191	4141032	4284106	6355568	7363885	16776692	-8323728	-119	-683
845	0	59	4	1328	1575	8191	4141043	4284076	6356080	7363532	16776685	-8323984	-113	-683
846	0	59	57	1331	1575	8191	4141054	4284087	6355824	7363876	16776668	-8324240	-123	-683
847	0	59	78	1325	1575	8191	4141065	4284018	6355824	7363452	16776680	-8323856	-127	-683
848	0	59	76	1324	1575	8191	4141076	4284002	6355696	7363592	16776702	-8323856	-125	-683
849	0	59	75	1325	1575	8191	4141087	4284137	6356336	7363848	16776716	-8323728	-126	-683
850	0	59	64	1329	1575	8191	4141098	4284348	6355696	7363885	16776688	-8323856	-127	-683
851	0	59	96	1326	1575	8191	4141109	4284279	6356464	7363644	16776715	-8323856	-130	-683
852	0	59	76	1327	1575	8191	4141120	4284163	6355568	7363934	16776691	-8324112	-133	-683
853	0	59	81	1326	1575	8191	4141131	4284250	6356080	7363368	16776682	-8323728	-121	-683
854	0	59	69	1330	1575	8191	4141142	4284192	6356592	7364086	16776679	-8324112	-124	-683
855	0	59	50	1328	1575	8191	4141153	4284194	6355824	7363512	16776706	-8323984	-124	-683
856	0	59	82	1323	1575	8191	4141164	4284085	6354928	7363556	16776688	-8324112	-121	-683
857	0	59	90	1328	1575	8191	4141174	4284417	6355184	7364153	16776685	-8323984	-124	-683
858	0	59	73	1327	1575	8191	4141184	4284409	6355184	7363979	16776647	-8323984	-124	-683
859	0	59	16	1328	1575	8191	4141194	4284152	6355568	7363845	16776677	-8323984	-121	-683
860	0	59	111	1325	1575	8191	4141204	4284136	6357232	7363717	16776670	-8323856	-128	-683
861	0	59	91	1327	1575	8191	4141214	4284434	6356080	7363866	16776671	-8323728	-128	-683
862	0	74	92	1324	1581	8191	4141224	4284236	6355568	7363564	16776687	-8323856	-130	-630
863	0	74	99	1328	1581	8191	4141234	4284201	6355568	7364127	16776681	-8323856	-125	-630
864	0	74	60	1325	1581	8191	4141244	4284268	6355056	7363777	16776661	-8323856	-129	-630
865	0	74	64	1326	1581	8191	4141255	4284189	6356720	7363849	16776651	-8323728	-134	-630
866	0	74	73	1328	1581	8191	4141265	4284263	6354928	7363904	16776691	-8323728	-125	-630
867	0	74	73	1330	1581	8191	4141275	4284176	6355184	7363447	16776670	-8323856	-122	-630
868	0	74	136	1328	1581	8191	4141285	4284277	6356336	7363699	16776690	-8323856	-118	-630
869	0	74	134	1331	1581	8191	4141295	4284033	6355312	7363323	16776712	-8323728	-115	-630
870	0	74	67	1325	1581	8191	4141305	4283861	6355568	7363658	16776654	-8323856	-122	-630
871	0	74	128	1328	1581	8191	4141315	4284039	6356592	7363518	16776673	-8323856	-128	-630
872	0	74	28	1330	1581	8191	4141325	4284170	6355696	7363751	16776691	-8323728	-126	-630
873	0	74	44	1330	1581	8191	4141335	4283815	6356080	7363803	16776697	-8323600	-123	-630
874	0	74	85	1331	1581	8191	4141345	4284134	6356592	7363698	16776711	-8323600	-127	-630
875	0	74	68	1328	1581	8191	4141356	4283980	6355568	7363854	16776672	-8323728	-130	-630
876	0	74	94	1325	1581	8191	4141366	4284176	6355696	7363347	16776682	-8323728	-128	-630
877	0	74	44	1325	1581	8191	4141376	4284145	6356080	7363314	16776685	-8323600	-116	-630
878	0	74	45	1331	1581	8191	4141386	4284168	6354928	7363752	16776674	-8323600	-118	-630
879	0	74	83	1328	1581	8191	4141396	4284100	6355952	7363717	16776732	-8323728	-121	-630
880	0	74	92	1326	1581	8191	4141406	4283799	6354928	7363191	16776675	-8323728	-126	-630
881	0	74	78	1328	1581	8191	4141416	4283978	6354288	7363274	16776689	-8323600	-130	-630
882	0	74	101	1338	1574	8191	4141426	4284118	6356080	7364570	16776618	-8323600	-123	-660
883	0	74	86	1324	1574	8191	4141436	4284008	6356080	7363700	16776715	-8323600	-127	-660
884	0	74	97	1330	1574	8191	4141446	4284218	6355696	7363736	16776703	-8323728	-126	-660
885	0	74	72	1326	1574	8191	4141457	4284332	6355440	7364204	16776652	-8323728	-127	-660
886	0	74	46	1325	1574	8191	4141467	4284308	6355696	7363537	16776694	-8323728	-128	-660
887	0	74	12	1324	1574	8191	4141477	4285577	6355952	7363568	16776685	-8323600	-132	-660
888	0	74	72	1328	1574	8191	4141487	4283974	6354928	7363949	16776633	-8323600	-132	-660
889	0	74	92	1333	1574	8191	4141497	4281928	6356592	7363867	16776627	-8323728	-129	-660
890	0	74	69	1328	1574	8191	4141507	4281977	6356080	7363626	16776711	-8323728	-122	-660
891	0	74	63	1320	1574	8191	4141517	4281905	6355824	7363773	16776659	-8323600	-124	-660
892	0	74	45	1325	1574	8191	4141527	4282131	6356336	7363518	16776688	-8323856	-120	-660
893	0	74	61	1328	1574	8191	4141537	4282053	6355824	7363238	16776698	-8323728	-126	-660
894	0	74	51	1324	1574	8191	4141547	4281930	6356080	7363327	16776655	-8323856	-125	-660
895	0	74	64	1334	1574	8191	4141557	4281768	6356208	7363294	16776685	-8323472	-131	-660
896	0	74	34	1332	1574	8191	4141568	4281749	6355952	7363437	16776681	-8323600	-133	-660
897	0	74	38	1332	1574	8191	4141578	4282240	6356080	7363686	16776669	-8323600	-134	-660
898	0	74	76	1328	1574	8191	4141588	4281879	6355952	7363688	16776678	-8323600	-129	-660
899	0	74	61	1330	1574	8191	4141598	4282112	6356336	7363982	16776663	-8323728	-120	-660
900	0	74	60	1331	1574	8191	4141608	4281872	6355952	7363839	16776685	-8323600	-120	-660
901	0	74	84	1329	1574	8191	4141618	4281810	6355824	7363790	16776684	-8323600	-114	-660
902	0	57	63	1327	1601	8191	4141628	4281975	6356848	7363670	16776707	-8323600	-124	-613
903	0	57	92	1334	1601	8191	4141638	4281872	6356464	7363680	16776671	-8323728	-125	-613
904	0	57	131	1332	1601	8191	4141648	4282013	6355824	7363707	16776683	-8323472	-128	-613
905	0	57	101	1330	1601	8191	4141658	4282100	6355312	7364194	16776638	-8323600	-132	-613
906	0	57	89	1328	1601	8191	4141669	4281960	6355056	7364072	16776693	-8323728	-125	-613
907	0	57	79	1327	1601	8191	4141679	4281872	6355952	7363054	16776684	-8323728	-124	-613
908	0	57	90	1323	1601	8191	4141689	4281945	6356080	7363560	16776682	-8323600	-122	-613
909	0	57	63	1329	1601	8191	4141699	4281892	6356080	7363402	16776651	-8323472	-130	-613
910	0	57	77	1324	1601	8191	4141709	4281912	6355056	7363347	16776701	-8323728	-134	-613
911	0	57	104	1335	1601	8191	4141719	4281768	6354928	7363322	16776689	-8323728	-130	-613
912	0	57	76	1329	1601	8191	4141729	4282023	6354928	7363661	16776631	-8323728	-127	-613
913	0	57	82	1335	1601	8191	4141739	4281872	6354800	7363523	16776708	-8323600	-125	-613
914	0	57	94	1326	1601	8191	4141749	4282022	6356336	7363348	16776678	-8323600	-116	-613
915	0	57	60	1330	1601	8191	4141759	4281850	6355824	7363690	16776657	-8323472	-120	-613
916	0	57	92	1328	1601	8191	4141770	4281864	6355312	7363427	16776674	-8323728	-118	-613
917	0	57	74	1329	1601	8191	4141780	4282203	6355056	7363960	16776703	-8323728	-127	-613
918	0	57	49	1325	1601	8191	4141790	4282004	6355696	7363651	16776656	-8323600	-131	-613
919	0	57	51	1324	1601	8191	4141800	4281638	6356336	7363069	16776626	-8323600	-132	-613
920	0	57	75	1330	1601	8191	4141810	4281983	6356336	7363258	16776704	-8323600	-130	-613
921	0	57	74	1327	1601	8191	4141820	4282007	6355184	7363827	16776674	-8323600	-128	-613
922	0	72	64	1327	1581	8191	4141830	4281682	6356336	7363162	16776679	-8323728	-122	-625
923	0	72	78	1332	1581	8191	4141840	4281897	6356464	7363606	16776668	-8323600	-121	-625
924	0	72	61	1330	1581	8191	4141850	4282117	6355696	7363792	16776671	-8323600	-126	-625
925	0	72	71	1326	1581	8191	4141860	4281898	6355824	7363286	16776736	-8323728	-128	-625
926	0	72	75	1326	1581	8191	4141871	4282086	6355952	7363820	16776656	-8323600	-125	-625
927	0	72	64	1331	1581	8191	4141881	4282021	6355184	7363924	16776669	-8323728	-127	-625
928	0	72	68	1328	1581	8191	4141891	4281737	6358000	7363530	16776704	-8323472	-132	-625
929	0	72	104	1330	1581	8191	4141901	4281808	6355184	7363695	16776676	-8323600	-126	-625
930	0	72	73	1327	1581	8191	4141911	4281851	6356336	7363804	16776675	-8323600	-121	-625
931	0	72	63	1327	1581	8191	4141921	4281933	6355568	7363503	16776676	-8323472	-128	-625
932	0	72	78	1325	1581	8191	4141931	4281894	6354416	7363551	16776664	-8323728	-124	-625
933	0	72	46	1326	1581	8191	4141941	4281694	6355568	7363503	16776664	-8323472	-128	-625
934	0	72	63	1326	1581	8191	4141951	4282166	6357872	7364114	16776668	-8323600	-132	-625
935	0	72	98	1335	1581	8191	4141961	4282056	6356976	7363683	16776670	-8323728	-125	-625
936	0	72	78	1329	1581	8191	4141972	4282136	6356592	7363880	16776648	-8323856	-121	-625
937	0	72	99	1325	1581	8191	4141982	4282167	6355440	7363702	16776691	-8323600	-114	-625
938	0	72	72	1326	1581	8191	4141992	4282016	6355696	7363626	16776711	-8323600	-114	-625
939	0	72	64	1328	1581	8191	4142002	4282009	6355184	7363871	16776693	-8323600	-115	-625
940	0	72	77	1327	1581	8191	4142012	4282066	6355824	7363835	16776675	-8323600	-124	-625
941	0	72	65	1327	1581	8191	4142022	4282071	6355824	7363895	16776669	-8323600	-132	-625
942	0	72	36	1329	1581	8191	4142032	4282012	6355952	7363516	16776674	-8323600	-125	-625
943	0	70	64	1328	1572	8191	4142042	4282068	6356080	7364129	16776706	-8323472	-123	-627
944	0	70	42	1327	1572	8191	4142052	4281902	6355440	7363972	16776684	-8323472	-124	-627
945	0	70	59	1332	1572	8191	4142062	4281927	6355440	7363420	16776666	-8323472	-117	-627
946	0	70	58	1328	1572	8191	4142073	4282032	6355824	7363543	16776679	-8323472	-120	-627
947	0	70	112	1327	1572	8191	4142083	4281943	6356464	7363672	16776676	-8323472	-118	-627
948	0	70	47	1328	1572	8191	4142093	4281857	6356720	7363335	16776670	-8323600	-126	-627
949	0	70	94	1330	1572	8191	4142103	4281953	6354288	7363353	16776685	-8323600	-129	-627
950	0	70	65	1328	1572	8191	4142113	4281880	6355184	7363539	16776671	-8323600	-122	-627
951	0	70	66	1331	1572	8191	4142123	4281810	6355696	7363684	16776674	-8323600	-122	-627
952	0	70	67	1325	1572	8191	4142133	4281841	6355440	7363729	16776706	-8323600	-116	-627
953	0	70	37	1324	1572	8191	4142143	4282009	6355824	7363535	16776697	-8323600	-122	-627
954	0	70	84	1328	1572	8191	4142153	4281854	6357360	7363638	16776697	-8323600	-124	-627
955	0	70	53	1324	1572	8191	4142163	4281736	6356976	7363125	16776699	-8323856	-129	-627
956	0	70	59	1338	1572	8191	4142174	4281850	6355696	7363755	16776672	-8323600	-137	-627
957	0	70	46	1328	1572	8191	4142184	4282081	6356464	7363579	16776669	-8323728	-133	-627
958	0	70	86	1328	1572	8191	4142194	4281905	6356976	7363886	16776693	-8323728	-124	-627
959	0	70	108	1328	1572	8191	4142204	4281660	6356080	7364080	16776666	-8323472	-122	-627
960	0	70	73	1327	1572	8191	4142214	4281806	6355824	7363086	16776691	-8323344	-114	-627
961	0	70	80	1326	1572	8191	4142224	4281879	6355696	7364026	16776684	-8323728	-129	-627
962	0	70	75	1324	1572	8191	4142234	4281819	6355440	7363598	16776674	-8323600	-124	-627
963	0	67	67	1326	1586	8191	4142244	4282203	6357616	7363516	16776689	-8323600	-137	-668
964	0	67	75	1327	1586	8191	4142254	4281851	6356336	7363574	16776659	-8323472	-139	-668
965	0	67	85	1333	1586	8191	4142264	4281689	6356336	7363103	16776706	-8323600	-136	-668
966	0	67	78	1324	1586	8191	4142275	4282086	6356208	7363475	16776692	-8323472	-124	-668
967	0	67	84	1328	1586	8191	4142285	4281953	6356080	7363791	16776656	-8323600	-121	-668
968	0	67	78	1323	1586	8191	4142295	4281774	6355696	7363306	16776688	-8323728	-125	-668
969	0	67	75	1323	1586	8191	4142305	4281873	6356592	7363220	16776666	-8323600	-129	-668
970	0	67	101	1332	1586	8191	4142315	4281967	6355696	7363506	16776651	-8323472	-136	-668
971	0	67	56	1335	1586	8191	4142325	4281980	6357232	7363755	16776673	-8323600	-138	-668
972	0	67	53	1332	1586	8191	4142335	4281866	6356080	7363448	16776716	-8323600	-126	-668
973	0	67	56	1334	1586	8191	4142345	4282006	6357488	7363402	16776690	-8323600	-132	-668
974	0	67	116	1327	1586	8191	4142355	4281810	6354928	7363326	16776629	-8323600	-120	-668
975	0	67	39	1324	1586	8191	4142365	4281802	6356976	7363161	16776700	-8323472	-119	-668
976	0	67	86	1318	1586	8191	4142376	4281902	6356080	7363567	16776677	-8323472	-127	-668
977	0	67	84	1328	1586	8191	4142386	4281959	6355184	7363308	16776678	-8323728	-130	-668
978	0	67	94	1338	1586	8191	4142396	4281647	6355312	7363821	16776667	-8323600	-137	-668
979	0	67	1	1330	1586	8191	4142406	4281995	6355056	7363693	16776667	-8323472	-141	-668
980	0	67	63	1333	1586	8191	4142416	4281909	6356336	7363279	16776667	-8323600	-131	-668
981	0	67	104	1328	1586	8191	4142426	4282138	6357232	7363649	16776635	-8323600	-120	-668
982	0	67	60	1326	1586	8191	4142436	4281893	6355312	7363851	16776706	-8323600	-117	-668
983	0	69	121	1326	1594	8191	4142446	4281599	6356976	7363285	16776638	-8323472	-120	-626
984	0	69	17	1320	1594	8191	4142456	4281756	6355184	7363668	16776728	-8323600	-125	-626
985	0	69	66	1328	1594	8191	4142466	4281521	6356592	7363391	16776679	-8323344	-133	-626
986	0	69	89	1330	1594	8191	4142477	4281857	6356592	7363036	16776708	-8323600	-127	-626
987	0	69	139	1332	1594	8191	4142487	4281740	6355184	7363433	16776640	-8323472	-123	-626
988	0	69	76	1329	1594	8191	4142497	4281752	6356976	7363614	16776671	-8323472	-124	-626
989	0	69	89	1325	1594	8191	4142507	4281927	6356848	7363195	16776705	-8323472	-118	-626
990	0	69	72	1331	1594	8191	4142517	4281979	6356336	7363275	16776688	-8323600	-116	-626
991	0	69	92	1329	1594	8191	4142527	4281955	6356208	7363533	16776705	-8323600	-119	-626
992	0	69	100	1337	1594	8191	4142537	4281904	6355952	7363999	16776748	-8323600	-127	-626
993	0	69	97	1329	1594	8191	4142547	4282179	6355952	7364017	16776675	-8323600	-128	-626
994	0	69	83	1332	1594	8191	4142557	4282024	6354928	7363764	16776677	-8323472	-125	-626
995	0	69	130	1328	1594	8191	4142567	4282001	6354928	7363633	16776678	-8323472	-117	-626
996	0	69	91	1329	1594	8191	4142578	4282045	6356976	7364188	16776666	-8323472	-112	-626
997	0	69	70	1327	1594	8191	4142588	4282024	6355440	7363598	16776680	-8323600	-112	-626
998	0	69	37	1325	1594	8191	4142598	4282009	6355568	7363678	16776680	-8323600	-121	-626
999	0	69	103	1326	1594	8191	4142608	4281988	6355184	7363566	16776649	-8323600	-127	-626
1000	0	69	59	1331	1594	8191	4142618	4282074	6356464	7363780	16776728	-8323600	-133	-626
1001	0	69	65	1331	1594	8191	4142628	4281788	6355056	7363265	16776701	-8323472	-127	-626
1002	0	69	102	1331	1594	8191	4142638	4284018	6357104	7363834	16776657	-8323472	-121	-626
1003	0	70	62	1330	1589	8191	4142648	4284356	6355568	7363359	16776696	-8323600	-109	-645
1004	0	70	74	1328	1589	8191	4142658	4283909	6356336	7363869	16776649	-8323600	-107	-645
1005	0	70	49	1326	1589	8191	4142668	4284016	6355952	7363678	16776657	-8323472	-111	-645
1006	0	70	66	1334	1589	8191	4142679	4284199	6356336	7364208	16776724	-8323728	-123	-645
1007	0	70	111	1331	1589	8191	4142689	4284174	6355696	7363789	16776670	-8323472	-137	-645
1008	0	70	97	1325	1589	8191	4142699	4284166	6356336	7363440	16776685	-8323600	-129	-645
1009	0	70	71	1331	1589	8191	4142709	4284184	6356080	7363477	16776659	-8323600	-125	-645
1010	0	70	89	1329	1589	8191	4142719	4284053	6356080	7362913	16776658	-8323472	-120	-645
1011	0	70	49	1324	1589	8191	4142729	4284250	6356592	7363179	16776678	-8323600	-107	-645
1012	0	70	39	1325	1589	8191	4142739	4284025	6355312	7363504	16776685	-8323600	-125	-645
1013	0	70	94	1324	1589	8191	4142749	4285476	6356336	7363498	16776712	-8323472	-130	-645
1014	0	70	85	1333	1589	8191	4142759	4284028	6356848	7363473	16776648	-8323600	-137	-645
1015	0	70	27	1335	1589	8191	4142769	4283886	6355312	7363930	16776664	-8323600	-138	-645
1016	0	70	49	1325	1589	8191	4142780	4284175	6356080	7363920	16776660	-8323472	-131	-645
1017	0	70	91	1326	1589	8191	4142790	4284049	6356464	7363341	16776642	-8323728	-124	-645
1018	0	70	74	1322	1589	8191	4142800	4284124	6356464	7363467	16776666	-8323600	-114	-645
1019	0	70	60	1323	1589	8191	4142810	4284143	6356080	7363172	16776668	-8323600	-124	-645
1020	0	70	69	1331	1589	8191	4142820	4284054	6355312	7363206	16776676	-8323472	-131	-645
1021	0	70	69	1329	1589	8191	4142830	4284030	6355312	7363743	16776692	-8323600	-142	-645
1022	0	70	53	1298	1589	8191	4142840	4284137	6356592	7363871	16776707	-8323600	-142	-645
1023	0	68	84	1280	1584	8191	4142850	4284199	6356592	7363788	16776671	-8323600	-144	-625
1024	0	68	65	1111	1584	8191	4142860	4284130	6356080	7363851	16776722	-8323600	-87	-625
1025	0	68	74	1524	1584	8191	4142870	4283972	6355440	7363478	16776703	-8323472	-206	-625
1026	0	68	67	695	1584	8191	4142881	4284055	6355824	7363600	16776688	-8323600	-585	-625
1027	0	68	86	-341	1584	8191	4142891	4284192	6356336	7363605	16776707	-8323600	-480	-625
1028	0	68	39	3529	1584	8191	4142901	4284241	6356080	7363403	16776668	-8323600	-4	-625
1029	0	68	51	1147	1584	8191	4142911	4284619	6354800	7363774	16776681	-8323472	-259	-625
1030	0	68	66	2021	1584	8191	4142921	4281760	6355440	7363029	16776650	-8323600	23	-625
1031	0	68	92	1643	1584	8191	4142931	4281835	6356848	7363145	16776675	-8323344	19	-625
1032	0	68	54	1283	1584	8191	4142941	4281705	6355440	7363225	16776675	-8323472	-221	-625
1033	0	68	64	961	1584	8191	4142951	4281822	6354800	7363370	16776695	-8323472	-522	-625
1034	0	68	63	1096	1584	8191	4142961	4281751	6355696	7363338	16776718	-8323472	-258	-625
1035	0	68	44	1291	1584	8191	4142971	4282125	6356848	7363736	16776690	-8323472	-3	-625
1036	0	68	16777207	1537	1584	8191	4142982	4282011	6355440	7363727	16776685	-8323728	42	-625
1037	0	68	63	1559	1584	8191	4142992	4282063	6354416	7363477	16776712	-8323472	10	-625
1038	0	68	62	1381	1584	8191	4143002	4281886	6355696	7363506	16776689	-8323472	-66	-625
1039	0	68	70	1111	1584	8191	4143012	4281933	6356080	7363581	16776674	-8323472	-203	-625
1040	0	68	25	1134	1584	8191	4143022	4281863	6355056	7363542	16776710	-8323472	-138	-625
1041	0	68	44	1299	1584	8191	4143032	4281793	6356208	7363720	16776687	-8323344	-115	-625
1042	0	68	59	1474	1584	8191	4143042	4281637	6355056	7363418	16776648	-8323472	-137	-625
1043	0	70	70	1778	1582	8191	4143052	4288312	6354416	7363667	16776689	-8323600	-166	-621
1044	0	70	73	32764	1582	8191	4143062	4282183	6344688	7363615	16776665	-8323472	450	-621
1045	0	70	32	32764	1582	8191	4143072	4291621	6344944	7363680	16776656	-8323600	-1494	-621
1046	0	70	69	32764	1582	8191	4143083	4292300	6350320	7363490	16776662	-8323600	852	-621
1047	0	70	44	32764	1582	8191	4143093	4296279	6350832	7363153	16776659	-8323600	-3660	-621
1048	0	70	76	32764	1582	8191	4143103	4304714	6350448	7363366	16776687	-8323344	-597	-621
1049	0	70	127	32764	1582	8191	4143113	4312577	6351344	7363364	16776685	-8323472	2058	-621
1050	0	70	77	32764	1582	8191	4143123	4318259	6351216	7363508	16776687	-8323472	-2136	-621
1051	0	70	110	32764	1582	8191	4143133	4328465	6350960	7363229	16776689	-8323600	-6364	-621
1052	0	70	107	32764	1582	8191	4143143	4340816	6349936	7363360	16776676	-8323472	7071	-621
1053	0	70	52	32764	1582	8191	4143153	4354438	6351472	7362886	16776668	-8323600	-4596	-621
1054	0	70	102	32764	1582	8191	4143163	4365557	6351216	7363390	16776678	-8323600	1770	-621
1055	0	70	21	32764	1582	8191	4143173	4382002	6350960	7363657	16776693	-8323472	2118	-621
1056	0	70	109	32764	1582	8191	4143184	4398629	6350320	7363345	16776681	-8323472	1584	-621
1057	0	70	39	32764	1582	8191	4143194	4419997	6349680	7363284	16776721	-8323472	572	-621
1058	0	70	125	32764	1582	8191	4143204	4438849	6352112	7363625	16776695	-8323600	140	-621
1059	0	70	7	32764	1582	8191	4143214	4462175	6349424	7362899	16776681	-8323472	-434	-621
1060	0	70	60	32764	1582	8191	4143224	4491380	6349936	7363262	16776693	-8323600	1902	-621
1061	0	70	28	32764	1582	8191	4143234	4512690	6349936	7363662	16776671	-8323600	68	-621
1062	0	70	79	32764	1582	8191	4143244	4542370	6348528	7363553	16776675	-8323472	1751	-621
1063	0	294	117	32764	1624	8191	4143254	4573005	6349424	7363097	16776701	-8323600	783	-690
1064	0	294	79	32764	1624	8191	4143264	4604743	6348144	7363312	16776638	-8323600	1306	-690
1065	0	294	64	32764	1624	8191	4143274	4643315	6347376	7362849	16776678	-8323600	1032	-690
1066	0	294	64	32764	1624	8191	4143285	4679349	6347376	7363024	16776655	-8323472	770	-690
1067	0	294	87	32764	1624	8191	4143295	4721050	6345840	7362652	16776658	-8323728	1789	-690
1068	0	294	110	32764	1624	8191	4143305	4763424	6345200	7363284	16776640	-8323600	982	-690
1069	0	294	111	32764	1624	8191	4143315	4805251	6345968	7363307	16776696	-8323600	1332	-690
1070	0	294	96	32764	1624	8191	4143325	4851326	6346224	7363068	16776637	-8323600	1149	-690
1071	0	294	101	32764	1624	8191	4143335	4902056	6343408	7363934	16776659	-8323728	1209	-690
1072	0	294	37	32764	1624	8191	4143345	4947049	6343408	7363362	16776652	-8323600	1292	-690
1073	0	294	108	32764	1624	8191	4143355	5000219	6343920	7363464	16776686	-8323600	805	-690
1074	0	294	121	32764	1624	8191	4143365	5056095	6344944	7363176	16776649	-8323600	991	-690
1075	0	294	58	32764	1624	8191	4143375	5111784	6343792	7363030	16776689	-8323600	799	-690
1076	0	294	94	32764	1624	8191	4143386	5176472	6341872	7363400	16776665	-8323728	524	-690
1077	0	294	28	32764	1624	8191	4143396	5239160	6340976	7363611	16776662	-8323728	600	-690
1078	0	294	161	32764	1624	8191	4143406	5306959	6340720	7363541	16776657	-8323728	277	-690
1079	0	294	77	32764	1624	8191	4143416	5380076	6341104	7363770	16776694	-8323600	491	-690
1080	0	294	75	32764	1624	8191	4143426	5447737	6339312	7363766	16776686	-8323600	351	-690
1081	0	294	88	32764	1624	8191	4143436	5516132	6338544	7362963	16776683	-8323600	257	-690
1082	0	294	74	32764	1624	8191	4143446	5590576	6338672	7363143	16776614	-8323600	889	-690
1083	0	294	83	32764	1624	8191	4143456	5667648	6336880	7362923	16776729	-8323600	474	-690
1084	0	269	35	32764	1621	8191	4143466	5750563	6336624	7363384	16776668	-8323728	1012	-703
1085	0	269	21	32764	1621	8191	4143476	5836629	6337520	7363357	16776625	-8323728	1065	-703
1086	0	269	122	32764	1621	8191	4143487	5920628	6335600	7363048	16776673	-8323856	809	-703
1087	0	269	107	32764	1621	8191	4143497	6012227	6337520	7362951	16776726	-8323600	1193	-703
1088	0	269	62	32764	1621	8191	4143507	6098937	6335984	7363187	16776703	-8323856	883	-703
1089	0	269	30	32764	1621	8191	4143517	6194556	6335472	7363200	16776639	-8323984	1023	-703
1090	0	269	75	32764	1621	8191	4143527	6288083	6334064	7363592	16776700	-8323856	819	-703
1091	0	269	92	32764	1621	8191	4143537	6378518	6334320	7363049	16776706	-8323728	621	-703
1092	0	269	22	32764	1621	8191	4143547	6473847	6334320	7363236	16776652	-8323728	768	-703
1093	0	269	71	32764	1621	8191	4143557	6578070	6332784	7363545	16776665	-8323728	675	-703
1094	0	269	59	32764	1621	8191	4143567	6676767	6333296	7363471	16776675	-8323856	802	-703
1095	0	269	85	32764	1621	8191	4143577	6776479	6332016	7363297	16776662	-8323856	569	-703
1096	0	269	47	32764	1621	8191	4143588	6882433	6330992	7362887	16776663	-8323856	867	-703
1097	0	269	45	32764	1621	8191	4143598	6994312	6331120	7363758	16776655	-8323856	933	-703
1098	0	269	116	32764	1621	8191	4143608	7108218	6331504	7363490	16776698	-8323856	820	-703
1099	0	269	124	32764	1621	8191	4143618	7186821	6330992	7363241	16776678	-8323728	729	-703
1100	0	269	118	31808	1621	8191	4143628	7246768	6336368	7363356	16776698	-8323856	343	-703
1101	0	269	24	5205	1621	8191	4143638	7256117	6338928	7363390	16776657	-8323728	548	-703
1102	0	269	92	-4574	1621	8191	4143648	7237573	6342384	7363366	16776686	-8323856	659	-703
1103	0	269	56	-8202	1621	8191	4143658	7211910	6345072	7362975	16776671	-8323600	294	-703
1104	0	262	42	-10523	1595	8191	4143668	7187452	6346864	7363969	16776694	-8323856	380	-646
1105	0	262	86	-8771	1595	8191	4143678	7181345	6348144	7363061	16776679	-8323856	589	-646
1106	0	262	105	-8050	1595	8191	4143689	7166628	6350960	7363760	16776676	-8323856	254	-646
1107	0	262	43	-8325	1595	8191	4143699	7146503	6354032	7363342	16776678	-8323728	376	-646
1108	0	262	61	-8058	1595	8191	4143709	7127467	6356848	7363094	16776678	-8323856	216	-646
1109	0	262	27	-7852	1595	8191	4143719	7119273	6355952	7362800	16776687	-8323984	236	-646
1110	0	262	91	-7238	1595	8191	4143729	7100409	6349808	7363477	16776683	-8323856	243	-646
1111	0	262	85	-7688	1595	8191	4143739	7097618	6345072	7363204	16776693	-8323984	334	-646
1112	0	262	111	-7803	1595	8191	4143749	7074964	6344560	7363740	16776667	-8323984	310	-646
1113	0	262	81	-7467	1595	8191	4143759	7056809	6342640	7363239	16776659	-8323856	191	-646
1114	0	262	75	-7301	1595	8191	4143769	7042789	6339696	7363517	16776672	-8324112	276	-646
1115	0	262	76	-7336	1595	8191	4143779	7021161	6338416	7363183	16776679	-8324112	235	-646
1116	0	262	39	-6964	1595	8191	4143790	7003083	6336112	7363254	16776675	-8323984	155	-646
1117	0	262	104	-7048	1595	8191	4143800	7003194	6333552	7363145	16776676	-8324112	342	-646
1118	0	262	81	-7057	1595	8191	4143810	6984207	6331760	7363337	16776724	-8324112	143	-646
1119	0	262	88	-7139	1595	8191	4143820	6963697	6328816	7363530	16776674	-8323984	292	-646
1120	0	262	70	-7170	1595	8191	4143830	6970931	6327408	7363623	16776669	-8323984	104	-646
1121	0	262	75	-7119	1595	8191	4143840	6933619	6324976	7363395	16776689	-8323984	98	-646
1122	0	262	70	-6793	1595	8191	4143850	6916885	6322928	7363335	16776656	-8323984	114	-646
1123	0	262	55	-7178	1595	8191	4143860	6914218	6321392	7363430	16776684	-8323984	135	-646
1124	0	235	83	-6721	1586	8191	4143870	6909875	6319984	7362923	16776719	-8323984	176	-550
1125	0	235	52	-6784	1586	8191	4143880	6888632	6319344	7363419	16776661	-8323984	189	-550
1126	0	235	45	-6612	1586	8191	4143891	6877425	6317552	7363253	16776695	-8323856	138	-550
1127	0	235	40	-6676	1586	8191	4143901	6864229	6315760	7363388	16776700	-8324112	221	-550
1128	0	235	52	-6453	1586	8191	4143911	6844641	6315504	7363168	16776660	-8324112	239	-550
1129	0	235	66	-6836	1586	8191	4143921	6830556	6314224	7363499	16776691	-8324112	276	-550
1130	0	235	65	-6677	1586	8191	4143931	6812302	6313200	7363567	16776683	-8324112	195	-550
1131	0	235	50	-6563	1586	8191	4143941	6804864	6311280	7363435	16776657	-8324112	196	-550
1132	0	235	65	-6381	1586	8191	4143951	6801265	6310256	7363136	16776675	-8324112	196	-550
1133	0	235	46	-6531	1586	8191	4143961	6792258	6309616	7363088	16776656	-8323984	131	-550
1134	0	235	54	-6468	1586	8191	4143971	6782125	6307312	7363534	16776683	-8323984	186	-550
1135	0	235	67	-6248	1586	8191	4143981	6766876	6306672	7363092	16776708	-8323984	83	-550
1136	0	235	67	-6394	1586	8191	4143992	6754369	6306928	7362960	16776671	-8324112	78	-550
1137	0	235	86	-6273	1586	8191	4144002	6741899	6305008	7362672	16776704	-8324112	210	-550
1138	0	235	70	-6354	1586	8191	4144012	6725665	6303856	7363326	16776653	-8324112	207	-550
1139	0	235	36	-6354	1586	8191	4144022	6712199	6302576	7363274	16776695	-8324112	531	-550
1140	0	235	59	-6263	1586	8191	4144032	6692901	6301168	7363339	16776663	-8324112	144	-550
1141	0	235	64	-6231	1586	8191	4144042	6678616	6300400	7363159	16776694	-8324112	290	-550
1142	0	235	24	-6359	1586	8191	4144052	6683232	6299120	7362788	16776691	-8324112	-21	-550
1143	0	235	59	-6298	1586	8191	4144062	6683977	6298224	7362871	16776645	-8323984	133	-550
1144	0	246	32	-6236	1599	8191	4144072	6673376	6296432	7362922	16776664	-8323984	176	-480
1145	0	246	64	-6249	1599	8191	4144082	6660901	6297456	7363347	16776690	-8324112	271	-480
1146	0	246	77	-6380	1599	8191	4144093	6652333	6296304	7363343	16776694	-8323984	119	-480
1147	0	246	73	-6099	1599	8191	4144103	6643510	6295024	7362911	16776685	-8324240	198	-480
1148	0	246	43	-6443	1599	8191	4144113	6630578	6294256	7363396	16776695	-8324112	288	-480
1149	0	246	87	-7376	1599	8191	4144123	6612531	6294128	7362940	16776676	-8324240	165	-480
1150	0	246	59	-7552	1599	8191	4144133	6595382	6292208	7363168	16776667	-8323984	280	-480
1151	0	246	99	-6504	1599	8191	4144143	6594533	6291696	7363710	16776675	-8323984	286	-480
1152	0	246	62	-6758	1599	8191	4144153	6574076	6290160	7363669	16776635	-8324240	314	-480
1153	0	246	76	-6281	1599	8191	4144163	6556822	6289392	7363143	16776685	-8324240	231	-480
1154	0	246	69	-6103	1599	8191	4144173	6546698	6287472	7362924	16776680	-8324240	94	-480
1155	0	246	60	-6055	1599	8191	4144183	6527070	6287984	7363434	16776678	-8324240	147	-480
1156	0	246	49	-5969	1599	8191	4144194	6523706	6286320	7363519	16776668	-8324112	-54	-480
1157	0	246	43	-5950	1599	8191	4144204	6499815	6284016	7363065	16776681	-8324240	193	-480
1158	0	246	66	-5768	1599	8191	4144214	6492830	6283760	7363279	16776687	-8324112	-16	-480
1159	0	246	93	-5767	1599	8191	4144224	6480389	6283120	7363378	16776676	-8324112	75	-480
1160	0	246	92	-5732	1599	8191	4144234	6467889	6282608	7363003	16776631	-8324112	5	-480
1161	0	246	77	-5874	1599	8191	4144244	6446704	6281584	7363056	16776683	-8324240	217	-480
1162	0	246	88	-5692	1599	8191	4144254	6442283	6281456	7363037	16776680	-8323984	127	-480
1163	0	246	52	-5729	1599	8191	4144264	6422600	6280048	7363227	16776689	-8324240	219	-480
1164	0	306	70	-5728	1582	8191	4144274	6424680	6278256	7363291	16776700	-8324112	132	-436
1165	0	306	104	-5981	1582	8191	4144284	6416792	6278000	7362991	16776699	-8324112	152	-436
1166	0	306	99	-5875	1582	8191	4144295	6415080	6277616	7363200	16776654	-8324112	-184	-436
1167	0	306	53	-5699	1582	8191	4144305	6387376	6275824	7362891	16776703	-8324112	237	-436
1168	0	306	41	-5619	1582	8191	4144315	6385469	6275184	7363771	16776681	-8324240	-38	-436
1169	0	306	51	-5786	1582	8191	4144325	6384877	6271600	7363376	16776661	-8324112	55	-436
1170	0	306	47	-5776	1582	8191	4144335	6373977	6271216	7363443	16776720	-8324112	-66	-436
1171	0	306	102	-5655	1582	8191	4144345	6358084	6270704	7363093	16776679	-8324112	180	-436
1172	0	306	83	-5858	1582	8191	4144355	6361706	6269040	7363136	16776717	-8324112	269	-436
1173	0	306	45	-5687	1582	8191	4144365	6344608	6269680	7363078	16776706	-8324240	110	-436
1174	0	306	73	-5592	1582	8191	4144375	6338318	6269296	7363413	16776677	-8324112	101	-436
1175	0	306	66	-5555	1582	8191	4144385	6325952	6267632	7363278	16776727	-8324112	302	-436
1176	0	306	38	-5439	1582	8191	4144396	6313379	6266736	7363575	16776682	-8324112	140	-436
1177	0	306	78	-5495	1582	8191	4144406	6308404	6266224	7363169	16776703	-8324240	108	-436
1178	0	306	69	-5532	1582	8191	4144416	6294959	6266608	7363441	16776649	-8324112	-27	-436
1179	0	306	74	-5569	1582	8191	4144426	6285576	6265968	7363292	16776734	-8324240	117	-436
1180	0	306	116	-5490	1582	8191	4144436	6282701	6263664	7363431	16776684	-8324240	133	-436
1181	0	306	32	-5474	1582	8191	4144446	6264817	6265072	7363541	16776707	-8324240	-41	-436
1182	0	306	44	-5507	1582	8191	4144456	6252911	6263024	7363705	16776694	-8324112	89	-436
1183	0	306	81	-5412	1582	8191	4144466	6244588	6262768	7363387	16776674	-8324112	131	-436
1184	0	372	92	-5405	1583	8191	4144476	6242530	6261360	7363813	16776636	-8324240	162	-409
1185	0	372	49	-5403	1583	8191	4144486	6229566	6259696	7363371	16776699	-8324240	-3	-409
1186	0	372	68	-5273	1583	8191	4144497	6224820	6258544	7363504	16776686	-8324112	99	-409
1187	0	372	69	-5257	1583	8191	4144507	6216746	6258288	7363355	16776649	-8324240	99	-409
1188	0	372	64	-5320	1583	8191	4144517	6206551	6257264	7363620	16776679	-8324240	113	-409
1189	0	372	50	-5307	1583	8191	4144527	6195348	6257520	7363957	16776730	-8324240	151	-409
1190	0	372	61	-5294	1583	8191	4144537	6189026	6256112	7363058	16776651	-8324240	38	-409
1191	0	372	60	-5334	1583	8191	4144547	6186258	6255728	7363255	16776655	-8324112	82	-409
1192	0	372	75	-5170	1583	8191	4144557	6169161	6254064	7363238	16776669	-8324240	205	-409
1193	0	372	133	-5298	1583	8191	4144567	6166349	6254064	7364019	16776699	-8324240	122	-409
1194	0	372	90	-5415	1583	8191	4144577	6156217	6253552	7363529	16776673	-8324240	266	-409
1195	0	372	24	-5129	1583	8191	4144587	6155446	6251760	7363406	16776696	-8324112	42	-409
1196	0	372	55	-4944	1583	8191	4144598	6138621	6250864	7363669	16776695	-8324112	288	-409
1197	0	372	16777204	-5060	1583	8191	4144608	6128422	6251376	7363114	16776661	-8324112	96	-409
1198	0	372	90	-5257	1583	8191	4144618	6111373	6249328	7363216	16776714	-8324368	103	-409
1199	0	372	124	-5229	1583	8191	4144628	6125260	6249200	7363790	16776650	-8324240	95	-409
1200	0	372	98	-5015	1583	8191	4144638	6113213	6248048	7363838	16776669	-8323984	181	-409
1201	0	372	65	-5121	1583	8191	4144648	6097391	6247152	7363816	16776681	-8324240	104	-409
1202	0	372	24	-5144	1583	8191	4144658	6085280	6245616	7363328	16776697	-8324240	-12	-409
1203	0	372	104	-5075	1583	8191	4144668	6080106	6246000	7363851	16776658	-8324112	77	-409
1204	0	412	66	-5047	1574	8191	4144678	6063899	6244720	7363574	16776703	-8324112	-13	-447
1205	0	412	3	-4986	1574	8191	4144688	6050224	6244336	7363987	16776727	-8324112	136	-447
1206	0	412	45	-4846	1574	8191	4144699	6045750	6244336	7363335	16776710	-8324112	69	-447
1207	0	412	7	-4949	1574	8191	4144709	6032673	6243696	7363631	16776625	-8324240	100	-447
1208	0	412	101	-5072	1574	8191	4144719	6016229	6241520	7363593	16776729	-8324368	56	-447
1209	0	412	91	-4833	1574	8191	4144729	6005352	6241008	7363345	16776707	-8324112	103	-447
1210	0	412	49	-4688	1574	8191	4144739	5998230	6239856	7363333	16776696	-8324112	132	-447
1211	0	412	79	-4819	1574	8191	4144749	5986124	6239472	7363402	16776676	-8324240	15	-447
1212	0	412	68	-4822	1574	8191	4144759	5978113	6239728	7363324	16776681	-8324240	24	-447
1213	0	412	58	-5034	1574	8191	4144769	5965541	6237552	7363270	16776675	-8324112	187	-447
1214	0	412	91	-4764	1574	8191	4144779	5960207	6237936	7363354	16776671	-8324112	128	-447
1215	0	412	66	-4702	1574	8191	4144789	5951764	6236400	7363798	16776665	-8324112	40	-447
1216	0	412	77	-4725	1574	8191	4144800	5938845	6236272	7363871	16776695	-8323984	80	-447
1217	0	412	64	-4910	1574	8191	4144810	5934725	6235248	7363179	16776682	-8324240	75	-447
1218	0	412	70	-4787	1574	8191	4144820	5933454	6233968	7362940	16776693	-8324240	193	-447
1219	0	412	49	-4567	1574	8191	4144830	5919312	6234096	7363088	16776698	-8324112	112	-447
1220	0	412	64	-4566	1574	8191	4144840	5906872	6232304	7362874	16776667	-8324240	164	-447
1221	0	412	62	-4514	1574	8191	4144850	5896531	6231920	7363318	16776658	-8324112	78	-447
1222	0	412	75	-4619	1574	8191	4144860	5887844	6231536	7363776	16776689	-8324112	59	-447
1223	0	412	70	-4556	1574	8191	4144870	5878677	6229104	7363258	16776656	-8324112	134	-447
1224	0	412	44	-4698	1574	8191	4144880	5868649	6228592	7362840	16776665	-8324112	184	-447
1225	0	447	62	-4756	1588	8191	4144890	5867911	6229616	7362912	16776719	-8324112	36	-530
1226	0	447	67	-4554	1588	8191	4144901	5859544	6228464	7363427	16776683	-8324112	114	-530
1227	0	447	68	-4383	1588	8191	4144911	5857207	6227696	7363532	16776708	-8324112	102	-530
1228	0	447	88	-4700	1588	8191	4144921	5848402	6227440	7362891	16776654	-8324240	115	-530
1229	0	447	83	-4640	1588	8191	4144931	5838674	6225008	7362964	16776708	-8324240	48	-530
1230	0	447	90	-4515	1588	8191	4144941	5832939	6224112	7363081	16776676	-8324240	157	-530
1231	0	447	51	-4496	1588	8191	4144951	5828732	6223728	7363564	16776659	-8324240	-20	-530
1232	0	447	75	-4386	1588	8191	4144961	5816787	6223856	7363139	16776687	-8324112	124	-530
1233	0	447	30	-4450	1588	8191	4144971	5815711	6222064	7363313	16776668	-8324240	5	-530
1234	0	447	91	-4520	1588	8191	4144981	5804278	6221808	7363461	16776707	-8324112	82	-530
1235	0	447	68	-4276	1588	8191	4144991	5783160	6221680	7363043	16776703	-8324240	190	-530
1236	0	447	49	-4536	1588	8191	4145002	5778675	6221168	7363328	16776673	-8323984	239	-530
1237	0	447	21	-4390	1588	8191	4145012	5788703	6219120	7363313	16776680	-8324112	101	-530
1238	0	447	75	-4291	1588	8191	4145022	5776117	6219248	7363393	16776685	-8324112	160	-530
1239	0	447	48	-4401	1588	8191	4145032	5765661	6219120	7363327	16776676	-8324240	106	-530
1240	0	447	79	-4296	1588	8191	4145042	5766666	6218352	7363300	16776690	-8324112	262	-530
1241	0	447	68	-4506	1588	8191	4145052	5755906	6217584	7363216	16776685	-8324240	-18	-530
1242	0	447	62	-4375	1588	8191	4145062	5754512	6215408	7363574	16776668	-8324112	223	-530
1243	0	447	86	-4369	1588	8191	4145072	5739671	6214512	7362949	16776683	-8324240	45	-530
1244	0	447	96	-4350	1588	8191	4145082	5737795	6215408	7363074	16776661	-8324112	1	-530
1245	0	420	64	-4250	1583	8191	4145092	5722777	6212720	7363294	16776704	-8323984	-160	-605
1246	0	420	64	-4372	1583	8191	4145103	5716172	6212208	7363217	16776727	-8324112	111	-605
1247	0	420	63	-4328	1583	8191	4145113	5715154	6211824	7363092	16776686	-8323984	-62	-605
1248	0	420	101	-4303	1583	8191	4145123	5706753	6211056	7363394	16776662	-8323984	104	-605
1249	0	420	66	-4320	1583	8191	4145133	5697583	6211056	7362963	16776689	-8323984	80	-605
1250	0	420	70	-4269	1583	8191	4145143	5685447	6209392	7363286	16776680	-8324112	56	-605
1251	0	420	100	-4246	1583	8191	4145153	5686832	6209392	7363422	16776691	-8324112	170	-605
1252	0	420	86	-4151	1583	8191	4145163	5678958	6207728	7363294	16776694	-8324112	89	-605
1253	0	420	98	-4208	1583	8191	4145173	5670855	6208112	7363274	16776684	-8324112	154	-605
1254	0	420	54	-4175	1583	8191	4145183	5670233	6207088	7362794	16776675	-8324112	77	-605
1255	0	420	62	-4245	1583	8191	4145193	5654118	6206192	7363391	16776687	-8324112	-17	-605
1256	0	420	35	-4091	1583	8191	4145204	5654402	6205296	7363427	16776631	-8323984	117	-605
1257	0	420	35	-4219	1583	8191	4145214	5632023	6205296	7362710	16776667	-8324368	36	-605
1258	0	420	95	-4187	1583	8191	4145224	5622886	6204272	7362998	16776690	-8324112	129	-605
1259	0	420	49	-4137	1583	8191	4145234	5623091	6202480	7363103	16776680	-8324240	77	-605
1260	0	420	77	-4060	1583	8191	4145244	5618720	6204528	7363618	16776675	-8324112	-60	-605
1261	0	420	63	-4074	1583	8191	4145254	5614513	6202480	7363182	16776634	-8323984	147	-605
1262	0	420	37	-3999	1583	8191	4145264	5597593	6200688	7363372	16776696	-8324112	84	-605
1263	0	420	48	-4090	1583	8191	4145274	5598489	6202096	7363222	16776688	-8324112	98	-605
1264	0	420	76	-4125	1583	8191	4145284	5592876	6201456	7363765	16776656	-8324112	159	-605
1265	0	380	69	-3872	1578	8191	4145294	5585144	6198640	7363698	16776734	-8324240	167	-616
1266	0	380	70	-3996	1578	8191	4145305	5577083	6198768	7363452	16776636	-8323984	28	-616
1267	0	380	63	-4106	1578	8191	4145315	5568463	6198000	7363685	16776637	-8324240	32	-616
1268	0	380	73	-3990	1578	8191	4145325	5558106	6197872	7363612	16776721	-8324112	53	-616
1269	0	380	54	-4059	1578	8191	4145335	5558330	6196336	7363653	16776635	-8324112	200	-616
1270	0	380	64	-3922	1578	8191	4145345	5554519	6196208	7363446	16776616	-8323984	183	-616
1271	0	380	63	-4013	1578	8191	4145355	5543557	6194800	7363595	16776641	-8324112	185	-616
1272	0	380	64	-3929	1578	8191	4145365	5546990	6194288	7363690	16776663	-8324112	216	-616
1273	0	380	111	-3865	1578	8191	4145375	5538856	6194032	7363677	16776638	-8324112	-190	-616
1274	0	380	122	-3832	1578	8191	4145385	5543091	6192880	7363487	16776672	-8324112	-98	-616
1275	0	380	40	-3981	1578	8191	4145395	5532176	6191984	7363715	16776706	-8324112	208	-616
1276	0	380	78	-3943	1578	8191	4145406	5511715	6191344	7363769	16776687	-8323984	-15	-616
1277	0	380	63	-3703	1578	8191	4145416	5506381	6189552	7364013	16776613	-8324112	219	-616
1278	0	380	54	-3794	1578	8191	4145426	5507604	6189296	7363319	16776666	-8323984	120	-616
1279	0	380	57	-3783	1578	8191	4145436	5506707	6189040	7363139	16776678	-8323984	-55	-616
1280	0	380	45	-3798	1578	8191	4145446	5494817	6188528	7363580	16776714	-8323984	-80	-616
1281	0	380	42	-3778	1578	8191	4145456	5489209	6187376	7363692	16776672	-8324112	-64	-616
1282	0	380	63	-3829	1578	8191	4145466	5483672	6185968	7363478	16776676	-8324112	46	-616
1283	0	380	115	-3803	1578	8191	4145476	5478736	6185456	7363751	16776682	-8323984	29	-616
1284	0	380	100	-3782	1578	8191	4145486	5473110	6184816	7363428	16776699	-8324112	76	-616
1285	0	353	86	-3911	1586	8191	4145496	5468157	6185328	7363770	16776694	-8324112	43	-633
1286	0	353	6	-3800	1586	8191	4145507	5457569	6183792	7363480	16776677	-8323984	63	-633
1287	0	353	59	-3772	1586	8191	4145517	5449735	6183536	7363119	16776675	-8324112	3	-633
1288	0	353	51	-3822	1586	8191	4145527	5451302	6182640	7363338	16776691	-8324112	25	-633
1289	0	353	68	-3739	1586	8191	4145537	5444777	6182256	7363594	16776680	-8324112	16	-633
1290	0	353	62	-3835	1586	8191	4145547	5442425	6181360	7363526	16776705	-8324112	69	-633
1291	0	353	65	-3632	1586	8191	4145557	5431055	6179184	7363252	16776695	-8323984	70	-633
1292	0	353	52	-3613	1586	8191	4145567	5432029	6179056	7363574	16776671	-8324112	167	-633
1293	0	353	76	-3694	1586	8191	4145577	5435404	6179312	7362566	16776694	-8323984	5	-633
1294	0	353	25	-3720	1586	8191	4145587	5435398	6178160	7363497	16776661	-8323984	126	-633
1295	0	353	56	-3673	1586	8191	4145597	5416586	6177392	7363356	16776723	-8324112	226	-633
1296	0	353	72	-3676	1586	8191	4145608	5414216	6177904	7363100	16776675	-8324240	73	-633
1297	0	353	91	-3748	1586	8191	4145618	5415577	6177136	7363259	16776672	-8323984	-3	-633
1298	0	353	46	-3639	1586	8191	4145628	5421594	6176240	7363244	16776725	-8324112	-52	-633
1299	0	353	84	-3833	1586	8191	4145638	5413173	6175984	7363209	16776689	-8324112	-79	-633
1300	0	353	69	-3691	1586	8191	4145648	5396206	6174960	7362751	16776686	-8323984	-113	-633
1301	0	353	98	-3618	1586	8191	4145658	5383190	6174832	7363723	16776674	-8324240	-52	-633
1302	0	353	86	-3735	1586	8191	4145668	5377426	6173936	7363704	16776712	-8323984	21	-633
1303	0	353	75	-3721	1586	8191	4145678	5370468	6172912	7363357	16776697	-8324240	-50	-633
1304	0	353	51	-3611	1586	8191	4145688	5365000	6173296	7363812	16776703	-8324112	136	-633
1305	0	328	68	-3471	1594	8191	4145698	5356497	6171632	7363770	16776671	-8324112	185	-597
1306	0	328	92	-3511	1594	8191	4145709	5353318	6171760	7363663	16776673	-8323984	87	-597
1307	0	328	82	-3484	1594	8191	4145719	5344479	6170864	7363835	16776678	-8324112	141	-597
1308	0	328	65	-3505	1594	8191	4145729	5337554	6169584	7363834	16776703	-8324112	47	-597
1309	0	328	98	-3345	1594	8191	4145739	5331007	6169456	7363553	16776695	-8324240	97	-597
1310	0	328	105	-3220	1594	8191	4145749	5324746	6169200	7364019	16776681	-8324112	89	-597
1311	0	328	39	-3640	1594	8191	4145759	5316460	6169072	7363551	16776692	-8323984	16	-597
1312	0	328	67	-3536	1594	8191	4145769	5312294	6167408	7363650	16776633	-8324112	42	-597
1313	0	328	80	-3488	1594	8191	4145779	5307892	6167152	7363508	16776679	-8324112	-14	-597
1314	0	328	117	-3439	1594	8191	4145789	5306014	6167280	7363315	16776662	-8323984	-11	-597
1315	0	328	64	-3414	1594	8191	4145799	5302025	6165232	7363064	16776647	-8324112	8	-597
1316	0	328	90	-3483	1594	8191	4145810	5295151	6164848	7363114	16776661	-8324112	57	-597
1317	0	328	40	-3504	1594	8191	4145820	5289164	6163696	7363288	16776662	-8323984	36	-597
1318	0	328	57	-3526	1594	8191	4145830	5284003	6163824	7363318	16776683	-8324240	58	-597
1319	0	328	26	-3328	1594	8191	4145840	5278729	6162416	7363603	16776693	-8324240	21	-597
1320	0	328	106	-3426	1594	8191	4145850	5272250	6162288	7363554	16776696	-8323984	39	-597
1321	0	328	43	-3308	1594	8191	4145860	5267940	6161520	7363477	16776683	-8323984	44	-597
1322	0	328	59	-3385	1594	8191	4145870	5264065	6160240	7363336	16776650	-8323984	67	-597
1323	0	328	24	-3302	1594	8191	4145880	5259465	6160240	7363584	16776662	-8324112	88	-597
1324	0	328	54	-3509	1594	8191	4145890	5253396	6158704	7363804	16776660	-8324112	76	-597
1325	0	279	64	-3699	1596	8191	4145900	5250809	6159856	7363198	16776697	-8324112	46	-563
1326	0	279	69	-3353	1596	8191	4145911	5244725	6158960	7363237	16776706	-8324112	107	-563
1327	0	279	40	-3374	1596	8191	4145921	5236635	6158320	7363794	16776671	-8324112	15	-563
1328	0	279	58	-3250	1596	8191	4145931	5232324	6157552	7363226	16776684	-8324112	60	-563
1329	0	279	28	-3277	1596	8191	4145941	5226210	6156400	7363767	16776703	-8324112	10	-563
1330	0	279	57	-3249	1596	8191	4145951	5221709	6155504	7363270	16776668	-8324112	70	-563
1331	0	279	37	-3206	1596	8191	4145961	5216666	6155248	7363514	16776692	-8323984	-63	-563
1332	0	279	75	-3250	1596	8191	4145971	5211438	6154224	7363390	16776682	-8323984	118	-563
1333	0	279	92	-3460	1596	8191	4145981	5206437	6153456	7363690	16776700	-8323984	24	-563
1334	0	279	64	-3313	1596	8191	4145991	5202706	6153840	7363282	16776727	-8324112	96	-563
1335	0	279	33	-3318	1596	8191	4146001	5197038	6152816	7363426	16776658	-8324112	-5	-563
1336	0	279	54	-3390	1596	8191	4146012	5192769	6151792	7363590	16776670	-8323984	42	-563
1337	0	279	100	-3184	1596	8191	4146022	5188061	6151664	7363427	16776674	-8324240	-1	-563
1338	0	279	60	-3248	1596	8191	4146032	5184083	6150640	7363449	16776684	-8323984	73	-563
1339	0	279	106	-3239	1596	8191	4146042	5179800	6149872	7363825	16776708	-8324112	31	-563
1340	0	279	65	-3024	1596	8191	4146052	5177641	6149488	7363580	16776684	-8324112	109	-563
1341	0	279	71	-3043	1596	8191	4146062	5171310	6149744	7363364	16776690	-8324112	-14	-563
1342	0	279	66	-3188	1596	8191	4146072	5166945	6149104	7363629	16776694	-8323984	50	-563
1343	0	279	52	-3117	1596	8191	4146082	5162063	6149360	7363381	16776671	-8324112	34	-563
1344	0	279	102	-3182	1596	8191	4146092	5156583	6147696	7363336	16776683	-8323984	70	-563
1345	0	282	53	-3251	1597	8191	4146102	5149206	6147824	7363644	16776693	-8324112	30	-526
1346	0	282	46	-3144	1597	8191	4146113	5143301	6146288	7363696	16776677	-8323984	127	-526
1347	0	282	59	-2972	1597	8191	4146123	5135506	6145008	7363232	16776649	-8323984	54	-526
1348	0	282	28	-3111	1597	8191	4146133	5132501	6144496	7363205	16776693	-8323984	51	-526
1349	0	282	57	-3062	1597	8191	4146143	5130909	6144880	7363491	16776669	-8324112	98	-526
1350	0	282	41	-3000	1597	8191	4146153	5122668	6143856	7363297	16776667	-8323984	29	-526
1351	0	282	105	-3174	1597	8191	4146163	5122570	6143600	7363517	16776726	-8324112	116	-526
1352	0	282	75	-3160	1597	8191	4146173	5118221	6142960	7363309	16776650	-8324240	31	-526
1353	0	282	63	-3140	1597	8191	4146183	5114051	6141552	7363497	16776717	-8323984	25	-526
1354	0	282	72	-2990	1597	8191	4146193	5107232	6141424	7363376	16776644	-8323984	-71	-526
1355	0	282	44	-2881	1597	8191	4146203	5103371	6141296	7363948	16776679	-8324112	31	-526
1356	0	282	90	-3014	1597	8191	4146214	5096132	6141168	7363712	16776658	-8324240	43	-526
1357	0	282	68	-2968	1597	8191	4146224	5092944	6139760	7363658	16776656	-8324240	17	-526
1358	0	282	66	-2942	1597	8191	4146234	5086444	6140016	7363509	16776682	-8323984	18	-526
1359	0	282	78	-3114	1597	8191	4146244	5084562	6138480	7363250	16776647	-8323984	12	-526
1360	0	282	50	-3234	1597	8191	4146254	5078552	6138224	7363615	16776655	-8323984	-40	-526
1361	0	282	51	-3063	1597	8191	4146264	5075445	6136944	7363580	16776673	-8324240	81	-526
1362	0	282	41	-3021	1597	8191	4146274	5072070	6136688	7363284	16776691	-8323856	61	-526
1363	0	282	70	-2977	1597	8191	4146284	5069655	6135920	7363183	16776678	-8324112	92	-526
1364	0	282	85	-2993	1597	8191	4146294	5065851	6135536	7363889	16776682	-8323984	4	-526
1365	0	282	82	-2930	1597	8191	4146304	5061496	6135152	7363295	16776647	-8324112	76	-526
1366	0	256	81	-3137	1586	8191	4146315	5057014	6134128	7363610	16776699	-8324112	23	-487
1367	0	256	78	-2999	1586	8191	4146325	5050966	6134000	7363472	16776722	-8324112	84	-487
1368	0	256	34	-2736	1586	8191	4146335	5048852	6133360	7364159	16776656	-8324240	6	-487
1369	0	256	53	-2956	1586	8191	4146345	5042308	6133104	7363966	16776701	-8324112	100	-487
1370	0	256	28	-2914	1586	8191	4146355	5039273	6131952	7363484	16776659	-8324112	-21	-487
1371	0	256	72	-2914	1586	8191	4146365	5034847	6131952	7363348	16776636	-8324112	85	-487
1372	0	256	43	-2855	1586	8191	4146375	5029448	6130672	7363650	16776690	-8323984	17	-487
1373	0	256	60	-2946	1586	8191	4146385	5027311	6130160	7363543	16776654	-8324112	37	-487
1374	0	256	94	-2876	1586	8191	4146395	5021431	6129776	7363585	16776660	-8324112	-6	-487
1375	0	256	64	-3044	1586	8191	4146405	5016739	6129520	7364172	16776674	-8323984	5	-487
1376	0	256	50	-2857	1586	8191	4146416	5012566	6128624	7363652	16776662	-8324112	12	-487
1377	0	256	59	-2901	1586	8191	4146426	5008446	6128880	7364134	16776659	-8324112	-25	-487
1378	0	256	65	-2883	1586	8191	4146436	5003810	6127344	7363597	16776684	-8323984	32	-487
1379	0	256	81	-2878	1586	8191	4146446	5000028	6127088	7363692	16776665	-8324112	25	-487
1380	0	256	48	-2744	1586	8191	4146456	4993945	6126576	7363764	16776719	-8324112	45	-487
1381	0	256	8	-2876	1586	8191	4146466	4991658	6125808	7363965	16776684	-8323984	19	-487
1382	0	256	74	-3183	1586	8191	4146476	4987343	6124272	7363866	16776679	-8324112	55	-487
1383	0	256	73	-2594	1586	8191	4146486	4982931	6123888	7363446	16776685	-8324112	-8	-487
1384	0	256	102	-2711	1586	8191	4146496	4981028	6123504	7363743	16776681	-8324112	60	-487
1385	0	256	63	-2778	1586	8191	4146506	4974605	6123376	7363818	16776682	-8324240	-40	-487
1386	0	291	87	-2580	1592	8191	4146517	4972975	6123376	7363594	16776684	-8324112	67	-448
1387	0	291	70	-2980	1592	8191	4146527	4968012	6122608	7363819	16776677	-8323984	42	-448
1388	0	291	67	-2909	1592	8191	4146537	4964105	6121456	7363545	16776690	-8324112	11	-448
1389	0	291	58	-2846	1592	8191	4146547	4959929	6121456	7363600	16776714	-8324112	-13	-448
1390	0	291	25	-2566	1592	8191	4146557	4957485	6121456	7363739	16776672	-8324112	8	-448
1391	0	291	78	-2663	1592	8191	4146567	4952902	6119536	7363452	16776691	-8324112	2	-448
1392	0	291	44	-2791	1592	8191	4146577	4951288	6118896	7363376	16776673	-8323984	-1	-448
1393	0	291	60	-2532	1592	8191	4146587	4947194	6118896	7363587	16776680	-8324240	-38	-448
1394	0	291	68	-2620	1592	8191	4146597	4942923	6117616	7363366	16776701	-8324112	-51	-448
1395	0	291	74	-2881	1592	8191	4146607	4938637	6117104	7363578	16776685	-8324112	-48	-448
1396	0	291	50	-2845	1592	8191	4146618	4936742	6117744	7363689	16776684	-8323984	8	-448
1397	0	291	72	-2713	1592	8191	4146628	4931153	6116592	7363601	16776683	-8324112	8	-448
1398	0	291	67	-2731	1592	8191	4146638	4928044	6115952	7363383	16776660	-8323984	-16	-448
1399	0	291	28	-2522	1592	8191	4146648	4924091	6117360	7363800	16776668	-8323984	10	-448
1400	0	291	71	-2976	1592	8191	4146658	4920101	6115056	7364027	16776679	-8323984	-59	-448
1401	0	291	58	-2571	1592	8191	4146668	4917625	6114928	7363499	16776712	-8323856	13	-448
1402	0	291	96	-2804	1592	8191	4146678	4913196	6113264	7363465	16776636	-8323984	32	-448
1403	0	291	69	-2510	1592	8191	4146688	4909126	6114544	7363320	16776674	-8324112	11	-448
1404	0	291	54	-2702	1592	8191	4146698	4906980	6112624	7363804	16776691	-8324240	4	-448
1405	0	291	78	-2571	1592	8191	4146708	4900368	6112496	7363161	16776701	-8324112	-10	-448
1406	0	338	59	-2515	1613	8191	4146719	4898555	6112752	7363316	16776656	-8323984	37	-452
1407	0	338	39	-2609	1613	8191	4146729	4894257	6111344	7363979	16776686	-8323984	5	-452
1408	0	338	63	-2825	1613	8191	4146739	4889889	6110576	7363430	16776690	-8324240	7	-452
1409	0	338	44	-2525	1613	8191	4146749	4885760	6110448	7363840	16776707	-8323984	-6	-452
1410	0	338	77	-2816	1613	8191	4146759	4881813	6108784	7363129	16776659	-8323984	39	-452
1411	0	338	59	-2705	1613	8191	4146769	4876356	6109296	7363324	16776704	-8324112	-23	-452
1412	0	338	46	-2473	1613	8191	4146779	4872876	6108016	7363406	16776672	-8323984	-20	-452
1413	0	338	68	-2728	1613	8191	4146789	4868525	6107248	7363362	16776650	-8324112	-6	-452
1414	0	338	59	-2683	1613	8191	4146799	4866825	6108016	7363335	16776668	-8323984	56	-452
1415	0	338	67	-2607	1613	8191	4146809	4862384	6106352	7362875	16776684	-8324112	-21	-452
1416	0	338	55	-2494	1613	8191	4146820	4858138	6105840	7363185	16776690	-8323984	26	-452
1417	0	338	123	-2507	1613	8191	4146830	4855977	6105328	7363844	16776658	-8323984	-20	-452
1418	0	338	90	-2476	1613	8191	4146840	4854041	6105072	7363818	16776697	-8324112	18	-452
1419	0	338	68	-2459	1613	8191	4146850	4849645	6105968	7363189	16776696	-8324112	4	-452
1420	0	338	63	-2375	1613	8191	4146860	4845808	6104944	7363231	16776712	-8324112	-31	-452
1421	0	338	75	-2433	1613	8191	4146870	4841579	6104048	7363406	16776668	-8323984	22	-452
1422	0	338	94	-2510	1613	8191	4146880	4837297	6103536	7363291	16776677	-8324112	-20	-452
1423	0	338	47	-2497	1613	8191	4146890	4834597	6102000	7363486	16776667	-8324240	35	-452
1424	0	338	53	-2352	1613	8191	4146900	4831157	6101488	7363656	16776684	-8324112	25	-452
1425	0	338	52	-2137	1613	8191	4146910	4830137	6101744	7363697	16776683	-8324112	14	-452
1426	0	354	92	-2527	1584	8191	4146921	4827017	6100720	7363717	16776691	-8323984	10	-458
1427	0	354	65	-2756	1584	8191	4146931	4823017	6099824	7363603	16776683	-8324112	24	-458
1428	0	354	104	-2569	1584	8191	4146941	4818704	6099568	7363155	16776697	-8323984	-6	-458
1429	0	354	43	-2257	1584	8191	4146951	4816547	6101232	7363650	16776698	-8323856	-5	-458
1430	0	354	83	-2334	1584	8191	4146961	4812216	6098672	7363301	16776645	-8324112	16	-458
1431	0	354	85	-2238	1584	8191	4146971	4808484	6098544	7363216	16776664	-8323984	2	-458
1432	0	354	65	-2427	1584	8191	4146981	4806179	6098032	7363498	16776674	-8323856	-4	-458
1433	0	354	66	-2505	1584	8191	4146991	4802103	6097776	7363330	16776695	-8323984	5	-458
1434	0	354	38	-2672	1584	8191	4147001	4797942	6096880	7363131	16776653	-8324112	-11	-458
1435	0	354	89	-2601	1584	8191	4147011	4795684	6096496	7363536	16776659	-8324112	14	-458
1436	0	354	68	-2420	1584	8191	4147022	4791295	6096112	7363405	16776676	-8324112	3	-458
1437	0	354	83	-2487	1584	8191	4147032	4787272	6094832	7363459	16776677	-8323984	79	-458
1438	0	354	90	-2385	1584	8191	4147042	4785249	6094576	7363075	16776678	-8324240	-9	-458
1439	0	354	89	-2379	1584	8191	4147052	4781338	6094448	7363093	16776712	-8323984	33	-458
1440	0	354	48	-2422	1584	8191	4147062	4776455	6093680	7363471	16776678	-8323984	-46	-458
1441	0	354	99	-2482	1584	8191	4147072	4776796	6093040	7362993	16776690	-8324112	10	-458
1442	0	354	88	-2345	1584	8191	4147082	4772805	6092528	7363423	16776675	-8324240	-5	-458
1443	0	354	99	-2354	1584	8191	4147092	4770706	6092272	7363399	16776716	-8323984	67	-458
1444	0	354	45	-2424	1584	8191	4147102	4764331	6092016	7363225	16776687	-8324112	-42	-458
1445	0	354	82	-2397	1584	8191	4147112	4762216	6091248	7363428	16776714	-8324112	27	-458
1446	0	378	71	-2320	1587	8191	4147123	4758499	6091248	7363369	16776679	-8323984	29	-488
1447	0	378	79	-2400	1587	8191	4147133	4755893	6089968	7363508	16776673	-8324112	1	-488
1448	0	378	66	-2373	1587	8191	4147143	4751473	6090352	7363372	16776709	-8324112	-11	-488
1449	0	378	78	-2389	1587	8191	4147153	4749501	6088560	7363402	16776700	-8324112	-41	-488
1450	0	378	110	-2441	1587	8191	4147163	4747516	6088816	7363655	16776671	-8323984	-17	-488
1451	0	378	54	-2401	1587	8191	4147173	4744334	6088432	7363459	16776686	-8323984	-5	-488
1452	0	378	66	-2322	1587	8191	4147183	4740582	6086512	7363397	16776715	-8324112	13	-488
1453	0	378	96	-2477	1587	8191	4147193	4737099	6086256	7363572	16776683	-8323984	36	-488
1454	0	378	38	-2263	1587	8191	4147203	4733144	6086640	7363074	16776690	-8324112	-28	-488
1455	0	378	67	-2286	1587	8191	4147213	4728583	6085488	7363088	16776667	-8324112	17	-488
1456	0	378	74	-2453	1587	8191	4147224	4724573	6086640	7363497	16776669	-8323984	20	-488
1457	0	378	65	-2305	1587	8191	4147234	4722460	6086000	7363625	16776675	-8323984	-12	-488
1458	0	378	105	-2341	1587	8191	4147244	4720418	6084720	7363582	16776661	-8323984	9	-488
1459	0	378	62	-2319	1587	8191	4147254	4716170	6084208	7363050	16776666	-8323984	-20	-488
1460	0	378	100	-2265	1587	8191	4147264	4714623	6083568	7363326	16776687	-8323984	1	-488
1461	0	378	99	-2346	1587	8191	4147274	4712021	6083696	7363364	16776697	-8324112	-39	-488
1462	0	378	59	-2278	1587	8191	4147284	4710091	6082416	7363767	16776686	-8323984	18	-488
1463	0	378	83	-2218	1587	8191	4147294	4704834	6081520	7363660	16776677	-8323984	-37	-488
1464	0	378	78	-2266	1587	8191	4147304	4703740	6081136	7364354	16776690	-8324112	35	-488
1465	0	378	82	-2172	1587	8191	4147314	4700419	6081136	7364025	16776722	-8324112	-2	-488
1466	0	405	72	-2309	1577	8191	4147325	4697717	6081520	7363441	16776721	-8324112	13	-467
1467	0	405	16777212	-2227	1577	8191	4147335	4691215	6079856	7364045	16776715	-8323984	-24	-467
1468	0	405	81	-2346	1577	8191	4147345	4691160	6079984	7364060	16776684	-8323984	32	-467
1469	0	405	111	-2246	1577	8191	4147355	4688927	6077936	7363584	16776675	-8324112	4	-467
1470	0	405	60	-2231	1577	8191	4147365	4685158	6078576	7364336	16776703	-8324112	18	-467
1471	0	405	86	-2351	1577	8191	4147375	4680621	6078576	7363764	16776642	-8324112	54	-467
1472	0	405	64	-2199	1577	8191	4147385	4678424	6077936	7363942	16776673	-8323984	-51	-467
1473	0	405	63	-2231	1577	8191	4147395	4676520	6077424	7363997	16776700	-8324112	23	-467
1474	0	405	84	-2184	1577	8191	4147405	4672396	6076144	7363666	16776682	-8323856	-45	-467
1475	0	405	43	-2253	1577	8191	4147415	4670282	6076528	7363712	16776743	-8324112	36	-467
1476	0	405	60	-2242	1577	8191	4147426	4666055	6075120	7363782	16776645	-8324112	-17	-467
1477	0	405	104	-2123	1577	8191	4147436	4664077	6074736	7362877	16776692	-8324112	2	-467
1478	0	405	90	-2216	1577	8191	4147446	4659962	6073968	7363673	16776688	-8324112	24	-467
1479	0	405	88	-2247	1577	8191	4147456	4657745	6073968	7363478	16776709	-8324112	-11	-467
1480	0	405	47	-2141	1577	8191	4147466	4655797	6073200	7363651	16776688	-8324112	81	-467
1481	0	405	37	-2213	1577	8191	4147476	4651302	6073200	7363488	16776654	-8323984	5	-467
1482	0	405	53	-2181	1577	8191	4147486	4649382	6073456	7363329	16776638	-8323984	68	-467
1483	0	405	70	-2132	1577	8191	4147496	4647290	6072944	7363685	16776747	-8323856	-15	-467
1484	0	405	112	-2183	1577	8191	4147506	4642998	6070768	7363348	16776697	-8324112	50	-467
1485	0	405	76	-2244	1577	8191	4147516	4638927	6071152	7363257	16776686	-8324112	-20	-467
1486	0	397	62	-2158	1590	8191	4147527	4636735	6070128	7362817	16776685	-8324112	-22	-536
1487	0	397	81	-2043	1590	8191	4147537	4634432	6070000	7363298	16776669	-8323984	-19	-536
1488	0	397	68	-2112	1590	8191	4147547	4630524	6069488	7363702	16776703	-8323984	61	-536
1489	0	397	67	-2162	1590	8191	4147557	4628563	6069232	7363179	16776713	-8323984	0	-536
1490	0	397	46	-2144	1590	8191	4147567	4626584	6068336	7363380	16776700	-8323984	-30	-536
1491	0	397	84	-2158	1590	8191	4147577	4624441	6068336	7363255	16776670	-8323984	-51	-536
1492	0	397	91	-2089	1590	8191	4147587	4620183	6068208	7363246	16776719	-8323984	-78	-536
1493	0	397	78	-2151	1590	8191	4147597	4618087	6067440	7364059	16776683	-8323984	20	-536
1494	0	397	56	-2119	1590	8191	4147607	4611069	6067440	7363405	16776662	-8324112	-47	-536
1495	0	397	79	-2101	1590	8191	4147617	4610313	6067056	7363612	16776709	-8324112	87	-536
1496	0	397	78	-2081	1590	8191	4147628	4605222	6065904	7363220	16776707	-8323856	-8	-536
1497	0	397	84	-2045	1590	8191	4147638	4602826	6065648	7362988	16776674	-8324112	23	-536
1498	0	397	65	-2054	1590	8191	4147648	4600885	6064624	7363449	16776700	-8324112	-72	-536
1499	0	397	66	-2127	1590	8191	4147658	4596601	6063472	7363658	16776717	-8323856	117	-536
1500	0	397	88	-2065	1590	8191	4147668	4596533	6062448	7363238	16776662	-8324112	-101	-536
1501	0	397	63	-2039	1590	8191	4147678	4592627	6062960	7363397	16776658	-8323984	-7	-536
1502	0	397	81	-2142	1590	8191	4147688	4590082	6062704	7363378	16776704	-8323984	-95	-536
1503	0	397	53	-2049	1590	8191	4147698	4588155	6062064	7363159	16776661	-8323856	56	-536
1504	0	397	53	-2093	1590	8191	4147708	4586381	6061296	7363379	16776703	-8323984	-38	-536
1505	0	397	53	-2014	1590	8191	4147718	4582616	6061680	7363318	16776679	-8324112	69	-536
1506	0	397	81	-2025	1590	8191	4147729	4579754	6060528	7363341	16776658	-8324112	-54	-536
1507	0	381	27	-2090	1584	8191	4147739	4577488	6060656	7363362	16776690	-8324112	89	-547
1508	0	381	87	-1991	1584	8191	4147749	4573657	6060016	7363386	16776676	-8324112	-32	-547
1509	0	381	62	-2012	1584	8191	4147759	4569402	6060144	7363461	16776677	-8323984	52	-547
1510	0	381	72	-1940	1584	8191	4147769	4567266	6059888	7363085	16776717	-8323984	-49	-547
1511	0	381	81	-2079	1584	8191	4147779	4565159	6058864	7363527	16776697	-8323984	-10	-547
1512	0	381	34	-1978	1584	8191	4147789	4562740	6057712	7362710	16776664	-8324112	-33	-547
1513	0	381	50	-1998	1584	8191	4147799	4561170	6058096	7362991	16776671	-8324112	75	-547
1514	0	381	66	-2070	1584	8191	4147809	4555606	6057328	7362984	16776684	-8323984	26	-547
1515	0	381	52	-1975	1584	8191	4147819	4554570	6057328	7363135	16776705	-8324112	26	-547
1516	0	381	69	-2026	1584	8191	4147830	4551502	6055920	7362899	16776674	-8323856	-10	-547
1517	0	381	72	-1936	1584	8191	4147840	4548233	6055792	7363268	16776652	-8324112	-19	-547
1518	0	381	45	-1986	1584	8191	4147850	4546351	6055792	7362533	16776696	-8323984	3	-547
1519	0	381	85	-1996	1584	8191	4147860	4544221	6054384	7363059	16776699	-8323984	-14	-547
1520	0	381	102	-2003	1584	8191	4147870	4539943	6054640	7363396	16776683	-8323984	-12	-547
1521	0	381	42	-2024	1584	8191	4147880	4537893	6054512	7362728	16776686	-8323856	-17	-547
1522	0	381	83	-1909	1584	8191	4147890	4535497	6052720	7363197	16776698	-8324112	-31	-547
1523	0	381	77	-2015	1584	8191	4147900	4533923	6052208	7363534	16776696	-8324112	-18	-547
1524	0	381	82	-1900	1584	8191	4147910	4529732	6053104	7362994	16776688	-8323984	-5	-547
1525	0	381	74	-1869	1584	8191	4147920	4527075	6052464	7363245	16776656	-8323984	-10	-547
1526	0	381	56	-1968	1584	8191	4147931	4525552	6052336	7363685	16776652	-8323984	14	-547
1527	0	362	58	-1943	1587	8191	4147941	4523157	6050160	7363316	16776691	-8323984	-35	-561
1528	0	362	86	-1878	1587	8191	4147951	4518921	6051056	7362872	16776707	-8323984	23	-561
1529	0	362	88	-1967	1587	8191	4147961	4516652	6050672	7363727	16776667	-8323984	-1	-561
1530	0	362	69	-1935	1587	8191	4147971	4514779	6050288	7363285	16776681	-8323984	-2	-561
1531	0	362	75	-1956	1587	8191	4147981	4512836	6050160	7363459	16776676	-8324112	-8	-561
1532	0	362	67	-1833	1587	8191	4147991	4510427	6048880	7363614	16776686	-8323984	18	-561
1533	0	362	21	-1855	1587	8191	4148001	4508354	6050416	7363519	16776667	-8324112	-22	-561
1534	0	362	85	-1894	1587	8191	4148011	4506129	6047728	7363309	16776700	-8323984	15	-561
1535	0	362	84	-1956	1587	8191	4148021	4504301	6047728	7363826	16776673	-8324240	1	-561
1536	0	362	81	-1837	1587	8191	4148032	4500494	6047600	7363101	16776683	-8323856	-26	-561
1537	0	362	67	-1910	1587	8191	4148042	4497723	6047344	7363810	16776724	-8323984	-2	-561
1538	0	362	64	-1857	1587	8191	4148052	4495975	6045936	7363814	16776682	-8323984	-42	-561
1539	0	362	81	-1880	1587	8191	4148062	4493804	6047088	7363676	16776686	-8323984	58	-561
1540	0	362	35	-1933	1587	8191	4148072	4491818	6045168	7363291	16776661	-8323984	-27	-561
1541	0	362	85	-1879	1587	8191	4148082	4488483	6044912	7364006	16776731	-8323984	46	-561
1542	0	362	95	-1833	1587	8191	4148092	4487488	6044016	7363431	16776657	-8323984	-14	-561
1543	0	362	88	-1941	1587	8191	4148102	4483344	6044144	7363383	16776676	-8323856	5	-561
1544	0	362	92	-1787	1587	8191	4148112	4481265	6043504	7363290	16776682	-8324112	-54	-561
1545	0	362	89	-1902	1587	8191	4148122	4479433	6044656	7363317	16776676	-8324112	-15	-561
1546	0	362	92	-1831	1587	8191	4148133	4479294	6043504	7363455	16776657	-8323856	-36	-561
1547	0	354	75	-1880	1593	8191	4148143	4475061	6042736	7363607	16776661	-8323984	-28	-567
1548	0	354	90	-1845	1593	8191	4148153	4472877	6041072	7363081	16776663	-8323984	-14	-567
1549	0	354	33	-1851	1593	8191	4148163	4470812	6042352	7363301	16776692	-8324112	0	-567
1550	0	354	73	-1805	1593	8191	4148173	4468617	6041200	7363114	16776675	-8324112	-6	-567
1551	0	354	37	-1808	1593	8191	4148183	4466534	6041456	7363323	16776683	-8324112	-21	-567
1552	0	354	77	-1833	1593	8191	4148193	4462268	6039024	7363415	16776688	-8323984	-18	-567
1553	0	354	79	-1835	1593	8191	4148203	4459907	6039408	7364129	16776667	-8324112	-11	-567
1554	0	354	65	-1814	1593	8191	4148213	4457883	6039280	7363290	16776730	-8324240	-6	-567
1555	0	354	98	-1858	1593	8191	4148223	4455727	6039024	7363535	16776712	-8324112	-1	-567
1556	0	354	59	-1773	1593	8191	4148234	4453649	6039024	7363215	16776688	-8324112	0	-567
1557	0	354	95	-1786	1593	8191	4148244	4451666	6038128	7363534	16776691	-8323984	-15	-567
1558	0	354	66	-1735	1593	8191	4148254	4449740	6036720	7363505	16776705	-8324112	21	-567
1559	0	354	54	-1795	1593	8191	4148264	4445501	6037872	7364020	16776668	-8324112	-27	-567
1560	0	354	62	-1777	1593	8191	4148274	4443403	6037360	7363640	16776677	-8323984	-16	-567
1561	0	354	107	-1757	1593	8191	4148284	4441336	6035568	7363873	16776637	-8324112	28	-567
1562	0	354	83	-1782	1593	8191	4148294	4439430	6036592	7363658	16776706	-8324112	-17	-567
1563	0	354	8	-1716	1593	8191	4148304	4437139	6034800	7363815	16776690	-8324112	4	-567
1564	0	354	71	-1774	1593	8191	4148314	4433162	6034800	7363899	16776726	-8324112	-13	-567
1565	0	354	92	-1778	1593	8191	4148324	4430907	6034032	7363620	16776715	-8323984	-5	-567
1566	0	354	58	-1778	1593	8191	4148335	4430797	6034416	7363691	16776676	-8323984	-17	-567
1567	0	336	101	-1712	1588	8191	4148345	4429963	6034160	7364131	16776672	-8323984	7	-568
1568	0	336	78	-1712	1588	8191	4148355	4426584	6033392	7364019	16776683	-8323984	-12	-568
1569	0	336	63	-1740	1588	8191	4148365	4424818	6032880	7363702	16776663	-8323984	-34	-568
1570	0	336	73	-1680	1588	8191	4148375	4422623	6031600	7363760	16776697	-8324112	15	-568
1571	0	336	101	-1710	1588	8191	4148385	4420105	6031728	7363745	16776681	-8324112	-35	-568
1572	0	336	79	-1680	1588	8191	4148395	4418190	6031472	7363579	16776687	-8323856	26	-568
1573	0	336	49	-1754	1588	8191	4148405	4416011	6031728	7363818	16776649	-8324112	-51	-568
1574	0	336	68	-1650	1588	8191	4148415	4414005	6030704	7363582	16776693	-8324112	17	-568
1575	0	336	123	-1703	1588	8191	4148425	4411769	6031728	7363764	16776703	-8324112	-76	-568
1576	0	336	75	-1687	1588	8191	4148436	4410139	6029936	7363480	16776738	-8324112	40	-568
1577	0	336	88	-1686	1588	8191	4148446	4405601	6029296	7363901	16776662	-8324112	-22	-568
1578	0	336	137	-1704	1588	8191	4148456	4405588	6029040	7363525	16776718	-8323984	29	-568
1579	0	336	73	-1690	1588	8191	4148466	4401241	6029680	7364024	16776679	-8323856	-30	-568
1580	0	336	63	-1700	1588	8191	4148476	4399350	6027504	7363888	16776666	-8324112	28	-568
1581	0	336	89	-1739	1588	8191	4148486	4396932	6027760	7363695	16776657	-8324112	-32	-568
1582	0	336	48	-1675	1588	8191	4148496	4395386	6028016	7363336	16776702	-8324112	-14	-568
1583	0	336	78	-1754	1588	8191	4148506	4392961	6026864	7362993	16776658	-8324112	-61	-568
1584	0	336	68	-1695	1588	8191	4148516	4390513	6027376	7362985	16776704	-8324112	-36	-568
1585	0	336	92	-1704	1588	8191	4148526	4390748	6026224	7363350	16776667	-8324112	38	-568
1586	0	336	97	-1660	1588	8191	4148537	4386490	6026224	7363616	16776680	-8323984	11	-568
1587	0	322	110	-1655	1595	8191	4148547	4384136	6025712	7363415	16776667	-8323984	19	-593
1588	0	322	91	-1606	1595	8191	4148557	4382394	6024688	7363124	16776727	-8323984	-36	-593
1589	0	322	91	-1595	1595	8191	4148567	4380184	6025072	7363205	16776677	-8323984	-8	-593
1590	0	322	75	-1608	1595	8191	4148577	4378145	6023536	7363531	16776695	-8323984	-14	-593
1591	0	322	52	-1610	1595	8191	4148587	4375760	6024688	7363216	16776683	-8323984	9	-593
1592	0	322	54	-1588	1595	8191	4148597	4371735	6023280	7363666	16776696	-8323984	-9	-593
1593	0	322	74	-1587	1595	8191	4148607	4371924	6022384	7363297	16776653	-8324112	13	-593
1594	0	322	71	-1621	1595	8191	4148617	4369573	6021872	7363139	16776690	-8324112	-14	-593
1595	0	322	53	-1644	1595	8191	4148627	4367412	6022384	7363366	16776690	-8324112	16	-593
1596	0	322	79	-1628	1595	8191	4148638	4365813	6022384	7363388	16776685	-8324112	25	-593
1597	0	322	53	-1608	1595	8191	4148648	4363355	6021744	7363451	16776726	-8323984	-39	-593
1598	0	322	41	-1637	1595	8191	4148658	4361272	6020080	7363270	16776665	-8324112	46	-593
1599	0	322	75	-1651	1595	8191	4148668	4359564	6021744	7363187	16776696	-8323984	-56	-593
1600	0	322	73	-1569	1595	8191	4148678	4359106	6019056	7363177	16776706	-8324240	74	-593
1601	0	322	67	-1557	1595	8191	4148688	4356735	6020592	7363158	16776637	-8323856	-52	-593
1602	0	322	89	-1518	1595	8191	4148698	4352779	6018928	7363013	16776702	-8324112	34	-593
1603	0	322	87	-1521	1595	8191	4148708	4352332	6019184	7363056	16776693	-8323984	-56	-593
1604	0	322	83	-1639	1595	8191	4148718	4348572	6018928	7362956	16776679	-8323984	36	-593
1605	0	322	83	-1600	1595	8191	4148728	4348687	6017520	7363381	16776691	-8324112	-46	-593
1606	0	322	53	-1579	1595	8191	4148739	4344336	6017648	7363523	16776658	-8324112	24	-593
1607	0	308	68	-1587	1583	8191	4148749	4344323	6018288	7363594	16776681	-8323984	-13	-541
1608	0	308	53	-1555	1583	8191	4148759	4337484	6016112	7363755	16776661	-8323856	54	-541
1609	0	308	85	-1558	1583	8191	4148769	4337652	6016496	7363151	16776688	-8323984	2	-541
1610	0	308	90	-1589	1583	8191	4148779	4333849	6016112	7363825	16776714	-8323984	-41	-541
1611	0	308	63	-1559	1583	8191	4148789	4333693	6016240	7363428	16776705	-8323984	13	-541
1612	0	308	84	-1511	1583	8191	4148799	4331519	6015728	7363471	16776700	-8323984	-70	-541
1613	0	308	66	-1566	1583	8191	4148809	4329618	6014704	7363583	16776663	-8324112	68	-541
1614	0	308	97	-1529	1583	8191	4148819	4327359	6013808	7363029	16776648	-8323984	-68	-541
1615	0	308	69	-1603	1583	8191	4148829	4325302	6013552	7363353	16776672	-8323984	62	-541
1616	0	308	39	-1529	1583	8191	4148840	4323358	6015600	7363914	16776657	-8323984	-30	-541
1617	0	308	74	-1548	1583	8191	4148850	4321299	6013680	7363487	16776676	-8324112	-4	-541
1618	0	308	102	-1532	1583	8191	4148860	4321099	6013808	7363502	16776678	-8324112	30	-541
1619	0	308	37	-1503	1583	8191	4148870	4317185	6012400	7363133	16776678	-8323984	-18	-541
1620	0	308	65	-1489	1583	8191	4148880	4315191	6012784	7362946	16776662	-8323984	-15	-541
1621	0	308	104	-1580	1583	8191	4148890	4314876	6012400	7362888	16776682	-8323984	-18	-541
1622	0	308	72	-1513	1583	8191	4148900	4308966	6011504	7363611	16776672	-8323984	26	-541
1623	0	308	68	-1472	1583	8191	4148910	4307104	6010992	7363711	16776680	-8324112	-35	-541
1624	0	308	47	-1516	1583	8191	4148920	4304925	6009712	7363577	16776683	-8323984	38	-541
1625	0	308	93	-1487	1583	8191	4148930	4304828	6010352	7363507	16776677	-8324240	-95	-541
1626	0	308	51	-1478	1583	8191	4148941	4302663	6009840	7363534	16776678	-8324112	12	-541
1627	0	297	35	-1487	1590	8191	4148951	4300676	6008432	7363180	16776668	-8323856	-41	-558
1628	0	297	79	-1462	1590	8191	4148961	4296695	6009200	7363691	16776693	-8323984	-22	-558
1629	0	297	65	-1474	1590	8191	4148971	4296527	6008176	7363225	16776664	-8323984	-41	-558
1630	0	297	132	-1484	1590	8191	4148981	4294138	6008944	7363138	16776692	-8323984	20	-558
1631	0	297	56	-1446	1590	8191	4148991	4292294	6007920	7363203	16776674	-8323984	5	-558
1632	0	297	99	-1577	1590	8191	4149001	4290295	6008048	7363519	16776668	-8323856	-82	-558
1633	0	297	86	-1449	1590	8191	4149011	4289586	6007024	7363561	16776667	-8324112	-28	-558
1634	0	297	88	-1462	1590	8191	4149021	4286036	6006640	7363612	16776699	-8323984	-30	-558
1635	0	297	49	-1453	1590	8191	4149031	4285999	6006512	7363784	16776691	-8324112	-21	-558
1636	0	297	67	-1495	1590	8191	4149042	4282175	6005744	7363465	16776729	-8323984	-23	-558
1637	0	297	86	-1439	1590	8191	4149052	4282019	6005744	7363545	16776671	-8323984	-1	-558
1638	0	297	47	-1496	1590	8191	4149062	4279883	6005360	7363528	16776681	-8323984	-32	-558
1639	0	297	63	-1489	1590	8191	4149072	4277768	6004976	7363663	16776719	-8324112	-57	-558
1640	0	297	76	-1430	1590	8191	4149082	4275798	6004336	7363356	16776677	-8324112	-38	-558
1641	0	297	70	-1400	1590	8191	4149092	4273687	6004080	7363157	16776655	-8323984	-5	-558
1642	0	297	71	-1470	1590	8191	4149102	4271853	6003440	7363482	16776669	-8323984	-51	-558
1643	0	297	98	-1442	1590	8191	4149112	4269351	6003568	7362975	16776661	-8323984	-32	-558
1644	0	297	108	-1427	1590	8191	4149122	4268627	6002032	7363223	16776701	-8324112	-43	-558
1645	0	297	111	-1424	1590	8191	4149132	4265520	6002288	7363374	16776698	-8323984	-23	-558
1646	0	297	60	-1451	1590	8191	4149143	4264214	6001264	7363586	16776692	-8323984	-68	-558
1647	0	297	24	-1405	1590	8191	4149153	4261094	6001008	7363744	16776676	-8324112	-13	-558
1648	0	287	63	-1439	1599	8191	4149163	4261113	6001392	7363355	16776680	-8323856	-97	-532
1649	0	287	65	-1388	1599	8191	4149173	4259136	6000624	7363476	16776691	-8323984	13	-532
1650	0	287	60	-1418	1599	8191	4149183	4256989	6000624	7363433	16776706	-8324112	-50	-532
1651	0	287	28	-1367	1599	8191	4149193	4255035	6000112	7363650	16776677	-8324112	9	-532
1652	0	287	62	-1491	1599	8191	4149203	4255323	5999472	7363959	16776684	-8323984	-7	-532
1653	0	287	83	-1377	1599	8191	4149213	4252946	5999472	7363638	16776663	-8323856	-16	-532
1654	0	287	64	-1443	1599	8191	4149223	4248590	5999344	7363319	16776681	-8323984	22	-532
1655	0	287	44	-1392	1599	8191	4149233	4248792	5998832	7363579	16776681	-8323984	-14	-532
1656	0	287	84	-1403	1599	8191	4149244	4246929	5998192	7363407	16776655	-8323984	-5	-532
1657	0	287	65	-1384	1599	8191	4149254	4244743	5997936	7363191	16776685	-8323984	17	-532
1658	0	287	69	-1369	1599	8191	4149264	4244721	5997168	7363241	16776701	-8323984	6	-532
1659	0	287	54	-1409	1599	8191	4149274	4242581	5996528	7363139	16776650	-8323856	-17	-532
1660	0	287	53	-1370	1599	8191	4149284	4242730	5996144	7363561	16776664	-8323984	-31	-532
1661	0	287	92	-1351	1599	8191	4149294	4238558	5996656	7363612	16776714	-8324112	-7	-532
1662	0	287	129	-1335	1599	8191	4149304	4236530	5996784	7363710	16776627	-8324112	-41	-532
1663	0	287	98	-1326	1599	8191	4149314	4236594	5994992	7363722	16776666	-8323856	-5	-532
1664	0	287	54	-1323	1599	8191	4149324	4234107	5995248	7363362	16776698	-8323984	-71	-532
1665	0	287	111	-1408	1599	8191	4149334	4232091	5994992	7363355	16776684	-8324112	4	-532
1666	0	287	45	-1319	1599	8191	4149345	4230427	5994608	7363647	16776732	-8324112	-84	-532
1667	0	287	99	-1304	1599	8191	4149355	4230263	5993840	7363907	16776704	-8323984	2	-532
1668	0	290	69	-1322	1589	8191	4149365	4226375	5993584	7363635	16776687	-8323984	-19	-532
1669	0	290	109	-1330	1589	8191	4149375	4223919	5993840	7363744	16776684	-8324112	51	-532
1670	0	290	109	-1313	1589	8191	4149385	4224287	5993456	7364031	16776692	-8324112	-48	-532
1671	0	290	84	-1315	1589	8191	4149395	4222161	5991664	7363833	16776677	-8323984	19	-532
1672	0	290	86	-1280	1589	8191	4149405	4221062	5992176	7364225	16776723	-8323984	-25	-532
1673	0	290	46	-1361	1589	8191	4149415	4217986	5992432	7363891	16776700	-8324112	2	-532
1674	0	290	98	-1322	1589	8191	4149425	4218045	5992048	7363767	16776642	-8323984	-29	-532
1675	0	290	55	-1303	1589	8191	4149435	4215648	5992688	7363350	16776705	-8323984	-38	-532
1676	0	290	64	-1331	1589	8191	4149446	4213593	5991024	7363609	16776675	-8324112	-41	-532
1677	0	290	48	-1338	1589	8191	4149456	4211856	5991024	7363650	16776638	-8323856	11	-532
1678	0	290	70	-1253	1589	8191	4149466	4209589	5990000	7363656	16776713	-8323984	-14	-532
1679	0	290	58	-1257	1589	8191	4149476	4209628	5989872	7363780	16776678	-8324112	-13	-532
1680	0	290	16777198	-1322	1589	8191	4149486	4207430	5989744	7363833	16776720	-8323984	19	-532
1681	0	290	80	-1299	1589	8191	4149496	4205157	5989232	7363674	16776666	-8323984	-30	-532
1682	0	290	56	-1288	1589	8191	4149506	4203390	5988848	7363880	16776695	-8324112	16	-532
1683	0	290	63	-1299	1589	8191	4149516	4201374	5987696	7363622	16776676	-8323984	-44	-532
1684	0	290	103	-1284	1589	8191	4149526	4201309	5988080	7363536	16776696	-8323984	0	-532
1685	0	290	24	-1267	1589	8191	4149536	4199059	5986928	7363675	16776630	-8323984	-7	-532
1686	0	290	74	-1238	1589	8191	4149547	4197238	5987568	7363351	16776696	-8324112	-1	-532
1687	0	290	58	-1276	1589	8191	4149557	4194753	5986416	7363243	16776709	-8323984	-13	-532
1688	0	298	51	-1322	1576	8191	4149567	4192747	5986928	7363310	16776677	-8324112	-34	-511
1689	0	298	67	-1239	1576	8191	4149577	4190995	5985776	7363881	16776710	-8323984	24	-511
1690	0	298	110	-1263	1576	8191	4149587	4188899	5986032	7363666	16776734	-8323984	-32	-511
1691	0	298	71	-1243	1576	8191	4149597	4188730	5986544	7363730	16776670	-8323984	-5	-511
1692	0	298	55	-1234	1576	8191	4149607	4186792	5984496	7363802	16776707	-8324112	-22	-511
1693	0	298	57	-1274	1576	8191	4149617	4184661	5985520	7363541	16776667	-8324112	15	-511
1694	0	298	95	-1240	1576	8191	4149627	4184823	5984368	7363587	16776701	-8323856	3	-511
1695	0	298	74	-1254	1576	8191	4149637	4182411	5983344	7363819	16776686	-8323856	-21	-511
1696	0	298	86	-1262	1576	8191	4149648	4181646	5985136	7363214	16776697	-8323984	-22	-511
1697	0	298	74	-1262	1576	8191	4149658	4178279	5983472	7363318	16776748	-8323984	-70	-511
1698	0	298	79	-1223	1576	8191	4149668	4176206	5982064	7363499	16776683	-8323984	16	-511
1699	0	298	58	-1266	1576	8191	4149678	4174138	5982704	7363703	16776694	-8323984	-44	-511
1700	0	298	24	-1260	1576	8191	4149688	4174115	5981424	7363847	16776677	-8323984	-44	-511
1701	0	298	102	-1222	1576	8191	4149698	4172668	5980912	7363693	16776672	-8323984	-55	-511
1702	0	298	91	-1221	1576	8191	4149708	4170020	5981424	7363352	16776684	-8323856	16	-511
1703	0	298	97	-1252	1576	8191	4149718	4170216	5980912	7363809	16776659	-8323984	-54	-511
1704	0	298	60	-1218	1576	8191	4149728	4166199	5980272	7364290	16776720	-8324112	15	-511
1705	0	298	67	-1253	1576	8191	4149738	4165967	5979632	7363062	16776643	-8324112	-58	-511
1706	0	298	88	-1252	1576	8191	4149749	4163931	5979632	7363439	16776738	-8323984	29	-511
1707	0	298	81	-1226	1576	8191	4149759	4163944	5979376	7363270	16776685	-8323984	-46	-511
1708	0	301	93	-1219	1586	8191	4149769	4163882	5980272	7363693	16776692	-8323984	31	-460
1709	0	301	78	-1220	1586	8191	4149779	4161764	5978224	7363622	16776684	-8323856	-56	-460
1710	0	301	60	-1186	1586	8191	4149789	4161634	5979760	7363161	16776705	-8323984	-44	-460
1711	0	301	59	-1199	1586	8191	4149799	4157462	5978352	7363531	16776684	-8324112	4	-460
1712	0	301	57	-1179	1586	8191	4149809	4157623	5978224	7363204	16776664	-8324112	4	-460
1713	0	301	86	-1206	1586	8191	4149819	4156060	5977840	7363706	16776676	-8324112	15	-460
1714	0	301	28	-1149	1586	8191	4149829	4153424	5977584	7363299	16776684	-8323984	-37	-460
1715	0	301	103	-1177	1586	8191	4149839	4153481	5977200	7363702	16776662	-8323984	15	-460
1716	0	301	94	-1187	1586	8191	4149850	4151369	5975280	7363845	16776713	-8323984	-23	-460
1717	0	301	39	-1206	1586	8191	4149860	4149482	5975792	7363326	16776667	-8324112	17	-460
1718	0	301	91	-1198	1586	8191	4149870	4147400	5975792	7363603	16776666	-8324112	-48	-460
1719	0	301	126	-1155	1586	8191	4149880	4144973	5974128	7363553	16776671	-8324112	-21	-460
1720	0	301	62	-1175	1586	8191	4149890	4143022	5975664	7363831	16776658	-8323984	-19	-460
1721	0	301	48	-1167	1586	8191	4149900	4142041	5974896	7363283	16776666	-8324112	21	-460
1722	0	301	121	-1153	1586	8191	4149910	4140882	5974768	7363945	16776672	-8323984	-32	-460
1723	0	301	88	-1154	1586	8191	4149920	4138952	5973872	7363349	16776656	-8323856	-3	-460
1724	0	301	50	-1210	1586	8191	4149930	4137405	5973616	7363497	16776658	-8323984	-60	-460
1725	0	301	69	-1196	1586	8191	4149940	4136767	5974128	7363311	16776671	-8323984	-8	-460
1726	0	301	103	-1181	1586	8191	4149951	4134710	5973360	7363080	16776640	-8323984	-22	-460
1727	0	301	72	-1165	1586	8191	4149961	4132931	5973616	7363038	16776668	-8323984	-9	-460
1728	0	315	69	-1113	1597	8191	4149971	4132791	5972848	7363592	16776681	-8323856	9	-492
1729	0	315	65	-1187	1597	8191	4149981	4130734	5973232	7363535	16776689	-8323984	-64	-492
1730	0	315	32	-1172	1597	8191	4149991	4128786	5971184	7363439	16776658	-8323984	22	-492
1731	0	315	122	-1095	1597	8191	4150001	4126778	5972336	7363452	16776670	-8323984	-48	-492
1732	0	315	60	-1119	1597	8191	4150011	4126814	5971312	7363972	16776664	-8323856	-21	-492
1733	0	315	85	-1132	1597	8191	4150021	4126704	5970160	7363271	16776661	-8323856	10	-492
1734	0	315	34	-1133	1597	8191	4150031	4124538	5970544	7363361	16776681	-8324112	-13	-492
1735	0	315	79	-1154	1597	8191	4150041	4122499	5971440	7363539	16776669	-8323984	-3	-492
1736	0	315	60	-1142	1597	8191	4150052	4121144	5970160	7363200	16776662	-8324112	-26	-492
1737	0	315	62	-1102	1597	8191	4150062	4116739	5969392	7363486	16776645	-8324112	9	-492
1738	0	315	118	-1158	1597	8191	4150072	4115990	5969008	7363222	16776649	-8323984	-42	-492
1739	0	315	81	-1099	1597	8191	4150082	4114074	5970288	7363201	16776714	-8324112	-31	-492
1740	0	315	35	-1143	1597	8191	4150092	4111849	5968496	7363297	16776670	-8323984	-4	-492
1741	0	315	63	-1089	1597	8191	4150102	4111974	5968752	7363135	16776718	-8323984	-13	-492
1742	0	315	40	-1107	1597	8191	4150112	4109816	5968624	7363497	16776649	-8323984	19	-492
1743	0	315	73	-1095	1597	8191	4150122	4110018	5967600	7363417	16776650	-8324112	-45	-492
1744	0	315	102	-1128	1597	8191	4150132	4107894	5967216	7363311	16776724	-8324112	54	-492
1745	0	315	77	-1104	1597	8191	4150142	4105982	5967472	7363145	16776676	-8323984	-53	-492
1746	0	315	93	-1083	1597	8191	4150153	4103794	5965424	7363387	16776679	-8323984	9	-492
1747	0	315	69	-1093	1597	8191	4150163	4103903	5966960	7363144	16776665	-8323984	-46	-492
1748	0	324	72	-1083	1581	8191	4150173	4101598	5966192	7363555	16776679	-8324112	-16	-459
1749	0	324	83	-1115	1581	8191	4150183	4100234	5965936	7363327	16776707	-8324112	-17	-459
1750	0	324	84	-1066	1581	8191	4150193	4099047	5965936	7362902	16776691	-8323984	-12	-459
1751	0	324	103	-1113	1581	8191	4150203	4097507	5964656	7363339	16776649	-8324112	-18	-459
1752	0	324	92	-1077	1581	8191	4150213	4093704	5965296	7363375	16776682	-8323984	3	-459
1753	0	324	70	-1101	1581	8191	4150223	4091299	5964272	7363430	16776690	-8324112	-11	-459
1754	0	324	87	-1023	1581	8191	4150233	4089196	5963248	7363443	16776654	-8323984	-49	-459
1755	0	324	48	-1114	1581	8191	4150243	4089420	5963504	7363707	16776657	-8323984	-18	-459
1756	0	324	52	-1035	1581	8191	4150254	4087358	5964272	7363592	16776670	-8324112	-41	-459
1757	0	324	66	-1079	1581	8191	4150264	4087073	5963888	7363521	16776697	-8323984	12	-459
1758	0	324	53	-1030	1581	8191	4150274	4084990	5962992	7363610	16776698	-8323984	-34	-459
1759	0	324	57	-1079	1581	8191	4150284	4083026	5963120	7363839	16776656	-8323984	-1	-459
1760	0	324	44	-1017	1581	8191	4150294	4082938	5963120	7363543	16776674	-8324112	-1	-459
1761	0	324	103	-1061	1581	8191	4150304	4080965	5962096	7363721	16776690	-8323856	-14	-459
1762	0	324	75	-1035	1581	8191	4150314	4080902	5961200	7363149	16776702	-8323984	-28	-459
1763	0	324	34	-1082	1581	8191	4150324	4080643	5961072	7364108	16776689	-8323984	-14	-459
1764	0	324	98	-1017	1581	8191	4150334	4079150	5960688	7364433	16776693	-8323984	-30	-459
1765	0	324	5	-1090	1581	8191	4150344	4077105	5960944	7363845	16776720	-8323984	-22	-459
1766	0	324	49	-1031	1581	8191	4150355	4076880	5960432	7363783	16776708	-8323984	-23	-459
1767	0	324	117	-1044	1581	8191	4150365	4076794	5959664	7363771	16776639	-8323984	-3	-459
1768	0	353	81	-1041	1602	8191	4150375	4071470	5958640	7364006	16776702	-8323984	-28	-463
1769	0	353	87	-1064	1602	8191	4150385	4071291	5960304	7363709	16776661	-8323984	-19	-463
1770	0	353	143	-1040	1602	8191	4150395	4068257	5958896	7363687	16776638	-8323984	0	-463
1771	0	353	83	-1010	1602	8191	4150405	4071339	5957872	7363467	16776631	-8323984	-81	-463
1772	0	353	47	-1058	1602	8191	4150415	4068290	5958384	7364104	16776665	-8323856	-21	-463
1773	0	353	82	-1031	1602	8191	4150425	4068444	5957872	7363462	16776733	-8323984	-17	-463
1774	0	353	82	-1014	1602	8191	4150435	4067107	5957744	7364126	16776634	-8323984	-4	-463
1775	0	353	50	-981	1602	8191	4150445	4066235	5956592	7363511	16776680	-8323984	-27	-463
1776	0	353	73	-1065	1602	8191	4150456	4065995	5957104	7363714	16776665	-8323856	-37	-463
1777	0	353	70	-1004	1602	8191	4150466	4066293	5956208	7363399	16776686	-8323856	0	-463
1778	0	353	46	-1046	1602	8191	4150476	4064204	5957104	7363342	16776662	-8323856	-42	-463
1779	0	353	73	-1020	1602	8191	4150486	4063783	5955824	7363453	16776725	-8323856	-22	-463
1780	0	353	67	-1018	1602	8191	4150496	4061878	5956208	7364078	16776688	-8323984	-14	-463
1781	0	353	58	-1057	1602	8191	4150506	4059829	5954928	7363751	16776668	-8323856	-3	-463
1782	0	353	60	-964	1602	8191	4150516	4058027	5955696	7363950	16776694	-8323984	-16	-463
1783	0	353	32	-1018	1602	8191	4150526	4057774	5956080	7363607	16776651	-8323984	9	-463
1784	0	353	81	-1059	1602	8191	4150536	4056021	5954672	7363208	16776690	-8323984	-15	-463
1785	0	353	69	-1000	1602	8191	4150546	4055652	5954416	7363247	16776660	-8323984	-11	-463
1786	0	353	68	-1018	1602	8191	4150557	4053517	5954672	7363330	16776688	-8323856	6	-463
1787	0	353	68	-1001	1602	8191	4150567	4053615	5953648	7363634	16776681	-8323856	-12	-463
1788	0	353	88	-1000	1602	8191	4150577	4051292	5953136	7363441	16776637	-8323984	-5	-463
1789	0	349	95	-972	1590	8191	4150587	4051357	5952368	7363305	16776650	-8323984	24	-476
1790	0	349	95	-1037	1590	8191	4150597	4051425	5953392	7363346	16776680	-8323984	9	-476
1791	0	349	66	-989	1590	8191	4150607	4049403	5952368	7363687	16776680	-8323856	-32	-476
1792	0	349	81	-1049	1590	8191	4150617	4047189	5951344	7363665	16776721	-8324112	-7	-476
1793	0	349	76	-976	1590	8191	4150627	4045167	5952240	7363554	16776681	-8323984	-4	-476
1794	0	349	13	-998	1590	8191	4150637	4045293	5951088	7363727	16776685	-8323856	2	-476
1795	0	349	72	-999	1590	8191	4150647	4043347	5952496	7363595	16776701	-8323728	-22	-476
1796	0	349	54	-1049	1590	8191	4150658	4043301	5950704	7363637	16776642	-8323984	30	-476
1797	0	349	108	-982	1590	8191	4150668	4040546	5950704	7363455	16776690	-8323856	-18	-476
1798	0	349	56	-965	1590	8191	4150678	4039089	5950448	7363215	16776675	-8323856	-38	-476
1799	0	349	68	-987	1590	8191	4150688	4038730	5950064	7362915	16776708	-8323984	13	-476
1800	0	349	78	-958	1590	8191	4150698	4036939	5949680	7363575	16776700	-8323856	-49	-476
1801	0	349	69	-983	1590	8191	4150708	4033595	5949680	7363622	16776706	-8323984	-39	-476
1802	0	349	116	-964	1590	8191	4150718	4032663	5948400	7362969	16776676	-8324112	-24	-476
1803	0	349	75	-1009	1590	8191	4150728	4030721	5948912	7363420	16776682	-8323984	-34	-476
1804	0	349	71	-951	1590	8191	4150738	4030586	5950448	7363498	16776698	-8324112	-48	-476
1805	0	349	81	-932	1590	8191	4150748	4028489	5946992	7363149	16776663	-8323856	-39	-476
1806	0	349	54	-990	1590	8191	4150759	4026388	5948656	7363743	16776662	-8323856	-27	-476
1807	0	349	93	-944	1590	8191	4150769	4026329	5948144	7363301	16776687	-8323984	-61	-476
1808	0	349	79	-959	1590	8191	4150779	4024526	5947632	7363000	16776670	-8324112	-16	-476
1809	0	361	56	-929	1618	8191	4150789	4022303	5946352	7363732	16776675	-8323984	-22	-447
1810	0	361	65	-943	1618	8191	4150799	4022256	5946224	7363016	16776677	-8323984	-47	-447
1811	0	361	73	-922	1618	8191	4150809	4020230	5947248	7363346	16776659	-8323984	-49	-447
1812	0	361	66	-961	1618	8191	4150819	4018913	5945200	7364161	16776650	-8323984	35	-447
1813	0	361	69	-912	1618	8191	4150829	4018058	5946608	7363498	16776689	-8323856	-40	-447
1814	0	361	85	-945	1618	8191	4150839	4016164	5945712	7363291	16776665	-8323984	-2	-447
1815	0	361	74	-935	1618	8191	4150849	4014355	5945456	7363462	16776655	-8324112	-71	-447
1816	0	361	97	-954	1618	8191	4150860	4013797	5944176	7363411	16776678	-8323984	17	-447
1817	0	361	58	-912	1618	8191	4150870	4013634	5944304	7363427	16776683	-8323984	-29	-447
1818	0	361	77	-946	1618	8191	4150880	4014137	5944944	7363279	16776710	-8323984	27	-447
1819	0	361	85	-914	1618	8191	4150890	4013693	5944048	7363284	16776703	-8323856	-25	-447
1820	0	361	103	-948	1618	8191	4150900	4011747	5943664	7363449	16776675	-8323984	-19	-447
1821	0	361	108	-887	1618	8191	4150910	4009639	5943664	7363153	16776657	-8323984	41	-447
1822	0	361	95	-955	1618	8191	4150920	4009562	5943024	7363156	16776703	-8323984	4	-447
1823	0	361	89	-871	1618	8191	4150930	4007795	5942768	7363789	16776733	-8324112	12	-447
1824	0	361	57	-941	1618	8191	4150940	4005389	5941488	7362972	16776668	-8323984	-14	-447
1825	0	361	75	-936	1618	8191	4150950	4005564	5941744	7363324	16776689	-8323984	-69	-447
1826	0	361	54	-919	1618	8191	4150961	4005494	5942640	7363692	16776670	-8323856	29	-447
1827	0	361	26	-923	1618	8191	4150971	4003273	5942000	7362804	16776689	-8323856	-44	-447
1828	0	361	85	-910	1618	8191	4150981	4001405	5941872	7363211	16776652	-8323984	-7	-447
1829	0	359	65	-882	1607	8191	4150991	3999695	5941104	7363285	16776695	-8323984	-8	-485
1830	0	359	75	-882	1607	8191	4151001	3997163	5940848	7363647	16776713	-8323984	2	-485
1831	0	359	31	-860	1607	8191	4151011	3997285	5940592	7363219	16776678	-8323856	-13	-485
1832	0	359	97	-913	1607	8191	4151021	3997210	5939568	7363241	16776693	-8323984	12	-485
1833	0	359	70	-874	1607	8191	4151031	3995319	5939184	7363467	16776700	-8323984	14	-485
1834	0	359	88	-887	1607	8191	4151041	3992880	5938672	7363215	16776671	-8323856	-16	-485
1835	0	359	56	-860	1607	8191	4151051	3993022	5939696	7363389	16776648	-8323984	11	-485
1836	0	359	54	-864	1607	8191	4151062	3991518	5939184	7363150	16776669	-8324112	0	-485
1837	0	359	64	-903	1607	8191	4151072	3990745	5939184	7363325	16776676	-8323984	-7	-485
1838	0	359	82	-872	1607	8191	4151082	3990947	5937776	7363179	16776674	-8323856	-9	-485
1839	0	359	34	-910	1607	8191	4151092	3990958	5937648	7363354	16776680	-8323856	18	-485
1840	0	359	72	-863	1607	8191	4151102	3988871	5938672	7363515	16776694	-8323984	-36	-485
1841	0	359	97	-906	1607	8191	4151112	3988508	5937776	7362931	16776681	-8324112	5	-485
1842	0	359	45	-853	1607	8191	4151122	3988867	5937648	7363718	16776666	-8323984	-27	-485
1843	0	359	78	-867	1607	8191	4151132	3984715	5936240	7363240	16776698	-8323984	-26	-485
1844	0	359	38	-884	1607	8191	4151142	3984807	5936368	7363468	16776699	-8323984	-23	-485
1845	0	359	76	-883	1607	8191	4151152	3984765	5936624	7363172	16776683	-8323984	-29	-485
1846	0	359	80	-870	1607	8191	4151163	3980625	5936752	7363105	16776679	-8323984	-24	-485
1847	0	359	31	-873	1607	8191	4151173	3980594	5935984	7363404	16776695	-8323856	-26	-485
1848	0	359	24	-891	1607	8191	4151183	3978431	5935600	7363618	16776702	-8323984	-36	-485
1849	0	372	58	-889	1610	8191	4151193	3978611	5935984	7363239	16776676	-8323856	-75	-503
1850	0	372	50	-852	1610	8191	4151203	3978390	5933808	7363342	16776701	-8323856	-22	-503
1851	0	372	76	-862	1610	8191	4151213	3976336	5934576	7363418	16776636	-8323984	-55	-503
1852	0	372	57	-835	1610	8191	4151223	3974184	5934960	7363633	16776683	-8323856	-9	-503
1853	0	372	84	-840	1610	8191	4151233	3972225	5933168	7362762	16776701	-8323856	-24	-503
1854	0	372	38	-856	1610	8191	4151243	3972441	5934192	7363176	16776660	-8323984	-48	-503
1855	0	372	75	-825	1610	8191	4151253	3970299	5934064	7363281	16776645	-8323856	-52	-503
1856	0	372	80	-858	1610	8191	4151264	3970007	5933552	7363456	16776650	-8323984	-1	-503
1857	0	372	90	-849	1610	8191	4151274	3970071	5932912	7363438	16776657	-8323856	-32	-503
1858	0	372	56	-811	1610	8191	4151284	3968104	5932144	7363445	16776694	-8323856	-15	-503
1859	0	372	76	-891	1610	8191	4151294	3967991	5932016	7363448	16776722	-8323856	13	-503
1860	0	372	59	-825	1610	8191	4151304	3966130	5934448	7363725	16776678	-8323856	-20	-503
1861	0	372	50	-831	1610	8191	4151314	3965897	5930736	7363574	16776711	-8323984	9	-503
1862	0	372	60	-841	1610	8191	4151324	3965050	5930864	7363357	16776685	-8323856	8	-503
1863	0	372	82	-844	1610	8191	4151334	3962778	5931632	7363105	16776643	-8324112	-55	-503
1864	0	372	58	-831	1610	8191	4151344	3960984	5930864	7363079	16776664	-8323728	3	-503
1865	0	372	102	-812	1610	8191	4151354	3959330	5930608	7363492	16776686	-8323984	-12	-503
1866	0	372	55	-831	1610	8191	4151365	3959682	5930480	7362916	16776701	-8323984	-21	-503
1867	0	372	109	-806	1610	8191	4151375	3957954	5931120	7363422	16776678	-8323984	-23	-503
1868	0	372	74	-824	1610	8191	4151385	3957948	5930096	7363845	16776661	-8323984	-53	-503
1869	0	403	50	-820	1590	8191	4151395	3957592	5930608	7363625	16776684	-8323856	20	-499
1870	0	403	74	-812	1590	8191	4151405	3955493	5928560	7364008	16776652	-8323984	-45	-499
1871	0	403	32	-825	1590	8191	4151415	3955705	5929584	7363710	16776683	-8323984	23	-499
1872	0	403	38	-812	1590	8191	4151425	3953608	5930096	7363649	16776645	-8323856	-61	-499
1873	0	403	110	-819	1590	8191	4151435	3953522	5928560	7363741	16776632	-8324112	49	-499
1874	0	403	98	-818	1590	8191	4151445	3951446	5928304	7363569	16776662	-8323984	-16	-499
1875	0	403	52	-774	1590	8191	4151455	3951762	5929456	7363331	16776738	-8323984	-9	-499
1876	0	403	68	-821	1590	8191	4151466	3949487	5927024	7363704	16776693	-8323984	-4	-499
1877	0	403	36	-811	1590	8191	4151476	3949422	5928944	7363615	16776705	-8323856	-59	-499
1878	0	403	43	-805	1590	8191	4151486	3949353	5927536	7363463	16776691	-8323856	4	-499
1879	0	403	30	-842	1590	8191	4151496	3947328	5928176	7364015	16776648	-8323984	-71	-499
1880	0	403	77	-779	1590	8191	4151506	3945269	5926384	7363831	16776713	-8323984	-42	-499
1881	0	403	40	-781	1590	8191	4151516	3945207	5926640	7364093	16776688	-8323984	-75	-499
1882	0	403	36	-797	1590	8191	4151526	3945299	5924720	7364072	16776679	-8323728	14	-499
1883	0	403	48	-756	1590	8191	4151536	3943106	5925872	7363527	16776688	-8323984	-55	-499
1884	0	403	124	-770	1590	8191	4151546	3941123	5925232	7363815	16776670	-8323984	-33	-499
1885	0	403	40	-795	1590	8191	4151556	3940702	5925872	7363783	16776686	-8323856	-36	-499
1886	0	403	74	-801	1590	8191	4151567	3940907	5924976	7363357	16776676	-8323856	-4	-499
1887	0	403	64	-801	1590	8191	4151577	3938661	5925488	7363970	16776671	-8323984	-18	-499
1888	0	403	125	-783	1590	8191	4151587	3936766	5925616	7363627	16776692	-8323856	-6	-499
1889	0	399	41	-790	1607	8191	4151597	3937877	5924208	7363429	16776668	-8323984	-9	-539
1890	0	399	28	-776	1607	8191	4151607	3936940	5924080	7363468	16776663	-8323856	-20	-539
1891	0	399	8	-793	1607	8191	4151617	3936744	5922160	7363573	16776661	-8323984	17	-539
1892	0	399	70	-787	1607	8191	4151627	3934698	5923568	7363404	16776705	-8323984	-32	-539
1893	0	399	56	-779	1607	8191	4151637	3932806	5923568	7363904	16776684	-8323856	-8	-539
1894	0	399	36	-773	1607	8191	4151647	3932451	5923696	7363434	16776654	-8323856	-34	-539
1895	0	399	82	-801	1607	8191	4151657	3930247	5922160	7363005	16776699	-8323728	-32	-539
1896	0	399	85	-764	1607	8191	4151668	3930404	5922672	7363438	16776688	-8323856	-7	-539
1897	0	399	133	-787	1607	8191	4151678	3928263	5921008	7363522	16776655	-8323728	-18	-539
1898	0	399	66	-737	1607	8191	4151688	3928235	5921648	7363102	16776667	-8323856	-15	-539
1899	0	399	68	-804	1607	8191	4151698	3928305	5921776	7363231	16776700	-8323856	-31	-539
1900	0	399	44	-734	1607	8191	4151708	3928324	5920496	7363040	16776681	-8323856	13	-539
1901	0	399	76	-766	1607	8191	4151718	3925523	5921008	7363658	16776682	-8323856	-37	-539
1902	0	399	60	-772	1607	8191	4151728	3924171	5920240	7363424	16776655	-8323856	-25	-539
1903	0	399	81	-776	1607	8191	4151738	3922665	5921264	7363138	16776660	-8323856	-25	-539
1904	0	399	103	-753	1607	8191	4151748	3920048	5921264	7363537	16776663	-8323856	-16	-539
1905	0	399	40	-768	1607	8191	4151758	3918450	5919472	7363378	16776676	-8323856	-14	-539
1906	0	399	75	-784	1607	8191	4151769	3917854	5918960	7363473	16776685	-8323856	-7	-539
1907	0	399	69	-728	1607	8191	4151779	3917764	5919088	7363488	16776665	-8323984	-59	-539
1908	0	399	39	-785	1607	8191	4151789	3915799	5920112	7363755	16776659	-8323984	18	-539
1909	0	422	86	-742	1601	8191	4151799	3913768	5919344	7363502	16776695	-8323984	-4	-540
1910	0	422	85	-756	1601	8191	4151809	3911877	5918832	7363181	16776695	-8323984	-14	-540
1911	0	422	66	-758	1601	8191	4151819	3911520	5918192	7363150	16776704	-8323984	2	-540
1912	0	422	66	-749	1601	8191	4151829	3911550	5918064	7363602	16776685	-8323856	-21	-540
1913	0	422	48	-745	1601	8191	4151839	3909632	5917040	7363573	16776655	-8323984	-6	-540
1914	0	422	63	-716	1601	8191	4151849	3907510	5917040	7363537	16776657	-8323728	-3	-540
1915	0	422	113	-756	1601	8191	4151859	3907518	5917936	7363171	16776671	-8323984	-29	-540
1916	0	422	53	-722	1601	8191	4151870	3907497	5917296	7363650	16776657	-8323856	-35	-540
1917	0	422	47	-718	1601	8191	4151880	3905471	5917936	7363745	16776669	-8323856	-12	-540
1918	0	422	21	-714	1601	8191	4151890	3905402	5916912	7363382	16776688	-8323856	-37	-540
1919	0	422	97	-715	1601	8191	4151900	3905546	5916400	7363743	16776658	-8323728	-10	-540
1920	0	422	61	-709	1601	8191	4151910	3903170	5916656	7363394	16776702	-8323728	-19	-540
1921	0	422	82	-724	1601	8191	4151920	3903172	5916656	7363465	16776687	-8323856	-22	-540
1922	0	422	86	-760	1601	8191	4151930	3903036	5916656	7363491	16776662	-8323984	-63	-540
1923	0	422	79	-718	1601	8191	4151940	3901164	5915120	7363794	16776725	-8323856	-6	-540
1924	0	422	51	-742	1601	8191	4151950	3899150	5916016	7363275	16776682	-8323728	-69	-540
1925	0	422	63	-724	1601	8191	4151960	3899300	5914992	7364046	16776663	-8323856	-41	-540
1926	0	422	76	-721	1601	8191	4151971	3896880	5914992	7363541	16776705	-8323856	-46	-540
1927	0	422	75	-718	1601	8191	4151981	3897274	5913840	7363576	16776652	-8323856	-20	-540
1928	0	422	79	-721	1601	8191	4151991	3896882	5914736	7362922	16776676	-8323856	1	-540
1929	0	422	58	-714	1601	8191	4152001	3896884	5914096	7363365	16776690	-8323856	-56	-540
1930	0	404	81	-687	1598	8191	4152011	3897031	5914096	7363699	16776675	-8323728	-28	-552
1931	0	404	72	-723	1598	8191	4152021	3895057	5914096	7363466	16776676	-8323856	-60	-552
1932	0	404	46	-703	1598	8191	4152031	3894980	5913072	7363515	16776707	-8323728	25	-552
1933	0	404	79	-709	1598	8191	4152041	3892848	5912816	7363241	16776696	-8323984	-67	-552
1934	0	404	103	-694	1598	8191	4152051	3892679	5912688	7362902	16776670	-8323856	-6	-552
1935	0	404	88	-698	1598	8191	4152061	3892806	5912816	7363350	16776657	-8323856	-29	-552
1936	0	404	85	-693	1598	8191	4152072	3893020	5912304	7363256	16776708	-8323856	-5	-552
1937	0	404	69	-699	1598	8191	4152082	3890571	5911920	7363441	16776715	-8323984	-30	-552
1938	0	404	90	-704	1598	8191	4152092	3888662	5911664	7363653	16776703	-8323856	21	-552
1939	0	404	124	-699	1598	8191	4152102	3888832	5911408	7363112	16776650	-8323856	-41	-552
1940	0	404	81	-724	1598	8191	4152112	3888803	5910640	7363452	16776681	-8323856	13	-552
1941	0	404	75	-694	1598	8191	4152122	3886820	5910512	7363675	16776655	-8323856	-13	-552
1942	0	404	41	-689	1598	8191	4152132	3884846	5910128	7363618	16776684	-8323984	-6	-552
1943	0	404	99	-701	1598	8191	4152142	3884518	5911408	7363318	16776710	-8323728	-18	-552
1944	0	404	98	-694	1598	8191	4152152	3884461	5909744	7363627	16776654	-8323984	-21	-552
1945	0	404	60	-687	1598	8191	4152162	3883200	5910000	7363655	16776674	-8323856	-35	-552
1946	0	404	47	-701	1598	8191	4152173	3882459	5910000	7363399	16776684	-8323856	-4	-552
1947	0	404	68	-699	1598	8191	4152183	3880304	5908336	7363322	16776667	-8323984	-7	-552
1948	0	404	60	-656	1598	8191	4152193	3880226	5909232	7363356	16776668	-8323856	-54	-552
1949	0	404	62	-683	1598	8191	4152203	3878346	5910000	7363907	16776709	-8323984	-16	-552
1950	0	417	92	-657	1590	8191	4152213	3875956	5908464	7363902	16776674	-8323856	-33	-598
1951	0	417	69	-670	1590	8191	4152223	3876195	5909232	7363463	16776676	-8323728	-23	-598
1952	0	417	36	-678	1590	8191	4152233	3876271	5907184	7363621	16776696	-8323856	-41	-598
1953	0	417	82	-670	1590	8191	4152243	3876162	5907568	7363427	16776702	-8323856	-41	-598
1954	0	417	47	-678	1590	8191	4152253	3874169	5908976	7363483	16776699	-8323856	-49	-598
1955	0	417	62	-664	1590	8191	4152263	3872072	5906800	7363262	16776689	-8323984	-33	-598
1956	0	417	89	-674	1590	8191	4152274	3871795	5906544	7363394	16776640	-8323856	-15	-598
1957	0	417	65	-651	1590	8191	4152284	3871734	5907952	7363662	16776663	-8323984	-35	-598
1958	0	417	66	-672	1590	8191	4152294	3871768	5906672	7363593	16776685	-8323728	-9	-598
1959	0	417	83	-659	1590	8191	4152304	3869928	5906416	7363590	16776678	-8323984	-24	-598
1960	0	417	52	-673	1590	8191	4152314	3872172	5906544	7363895	16776626	-8323856	-40	-598
1961	0	417	81	-650	1590	8191	4152324	3870018	5906416	7363173	16776643	-8323856	17	-598
1962	0	417	60	-662	1590	8191	4152334	3869780	5906032	7363799	16776606	-8323856	-63	-598
1963	0	417	83	-683	1590	8191	4152344	3868096	5905264	7363798	16776708	-8323984	14	-598
1964	0	417	108	-663	1590	8191	4152354	3867929	5904880	7363731	16776618	-8323984	-20	-598
1965	0	417	41	-637	1590	8191	4152364	3865862	5905136	7364102	16776693	-8323984	4	-598
1966	0	417	63	-633	1590	8191	4152375	3865749	5904240	7364019	16776671	-8323984	-23	-598
1967	0	417	40	-676	1590	8191	4152385	3864673	5904496	7363789	16776635	-8323728	-14	-598
1968	0	417	45	-652	1590	8191	4152395	3863679	5905008	7363894	16776669	-8323856	-26	-598
1969	0	417	59	-629	1590	8191	4152405	3861872	5904880	7363747	16776651	-8323984	-34	-598
1970	0	413	56	-656	1575	8191	4152415	3863696	5903600	7364188	16776639	-8323728	6	-621
1971	0	413	5	-629	1575	8191	4152425	3861682	5904112	7363702	16776698	-8323984	-28	-621
1972	0	413	69	-634	1575	8191	4152435	3859894	5903728	7364121	16776710	-8323856	11	-621
1973	0	413	54	-633	1575	8191	4152445	3859567	5902704	7363732	16776628	-8323856	-27	-621
1974	0	413	83	-647	1575	8191	4152455	3859500	5903344	7363735	16776718	-8323984	1	-621
1975	0	413	95	-630	1575	8191	4152465	3859453	5903344	7363464	16776680	-8323984	-27	-621
1976	0	413	86	-640	1575	8191	4152476	3857317	5902320	7363449	16776725	-8323728	-7	-621
1977	0	413	111	-635	1575	8191	4152486	3857294	5901296	7363236	16776671	-8323856	-28	-621
1978	0	413	80	-626	1575	8191	4152496	3856241	5903216	7363333	16776726	-8323984	5	-621
1979	0	413	37	-610	1575	8191	4152506	3857303	5901552	7364168	16776721	-8323856	-50	-621
1980	0	413	76	-644	1575	8191	4152516	3853438	5902448	7363813	16776638	-8323984	-62	-621
1981	0	413	71	-644	1575	8191	4152526	3851847	5902832	7363820	16776666	-8323856	-78	-621
1982	0	413	89	-587	1575	8191	4152536	3851185	5901040	7363230	16776690	-8323856	-26	-621
1983	0	413	40	-656	1575	8191	4152546	3850747	5901040	7363115	16776698	-8323856	-41	-621
1984	0	413	90	-625	1575	8191	4152556	3848894	5900400	7363552	16776648	-8323728	-16	-621
1985	0	413	63	-623	1575	8191	4152566	3848945	5898864	7363245	16776668	-8323856	-33	-621
1986	0	413	56	-612	1575	8191	4152577	3846829	5899376	7363313	16776719	-8323856	-25	-621
1987	0	413	70	-612	1575	8191	4152587	3846789	5900144	7363344	16776653	-8323856	-35	-621
1988	0	413	27	-621	1575	8191	4152597	3846710	5900784	7363691	16776685	-8323856	-34	-621
1989	0	413	57	-620	1575	8191	4152607	3844714	5899888	7363170	16776676	-8323984	-48	-621
1990	0	397	62	-600	1576	8191	4152617	3844832	5898608	7363428	16776637	-8323856	-15	-638
1991	0	397	73	-613	1576	8191	4152627	3844607	5900272	7363678	16776658	-8323728	-39	-638
1992	0	397	77	-619	1576	8191	4152637	3842416	5898992	7363334	16776710	-8323856	-24	-638
1993	0	397	51	-623	1576	8191	4152647	3842984	5897968	7363377	16776653	-8323856	-42	-638
1994	0	397	75	-606	1576	8191	4152657	3840636	5898352	7363021	16776675	-8323728	-33	-638
1995	0	397	101	-611	1576	8191	4152667	3838908	5898096	7363307	16776694	-8323728	-19	-638
1996	0	397	17	-603	1576	8191	4152678	3840676	5898864	7363291	16776678	-8323856	-28	-638
1997	0	397	63	-599	1576	8191	4152688	3838475	5898096	7363465	16776685	-8323728	13	-638
1998	0	397	59	-596	1576	8191	4152698	3838480	5897328	7362980	16776730	-8324112	-23	-638
1999	0	397	71	-627	1576	8191	4152708	3836612	5896944	7363328	16776659	-8323984	-9	-638
2000	0	397	53	-604	1576	8191	4152718	3836483	5897584	7363493	16776683	-8323728	-52	-638
2001	0	397	112	-599	1576	8191	4152728	3836583	5897072	7363443	16776676	-8323856	-24	-638
2002	0	397	69	-612	1576	8191	4152738	3836279	5897456	7363074	16776659	-8323984	-19	-638
2003	0	397	90	-582	1576	8191	4152748	3833517	5896944	7363219	16776700	-8323984	-6	-638
2004	0	397	42	-578	1576	8191	4152758	3832333	5896048	7363238	16776696	-8323856	-3	-638
2005	0	397	55	-596	1576	8191	4152768	3832353	5896432	7363172	16776664	-8323728	0	-638
2006	0	397	54	-589	1576	8191	4152779	3832343	5895152	7362989	16776702	-8323856	-3	-638
2007	0	397	109	-600	1576	8191	4152789	3832245	5895024	7363512	16776728	-8323728	-7	-638
2008	0	397	88	-577	1576	8191	4152799	3832148	5894768	7363773	16776656	-8323856	-9	-638
2009	0	397	15	-595	1576	8191	4152809	3830297	5895024	7363318	16776713	-8323728	0	-638
2010	0	386	63	-588	1580	8191	4152819	3830185	5894768	7363197	16776676	-8323856	6	-669
2011	0	386	85	-605	1580	8191	4152829	3829994	5894768	7363234	16776708	-8323728	-38	-669
2012	0	386	78	-586	1580	8191	4152839	3828128	5894256	7363045	16776733	-8323856	0	-669
2013	0	386	77	-585	1580	8191	4152849	3826008	5895024	7363261	16776702	-8323856	-33	-669
2014	0	386	45	-573	1580	8191	4152859	3825952	5893360	7363709	16776661	-8323856	-13	-669
2015	0	386	56	-575	1580	8191	4152869	3824118	5893872	7363672	16776714	-8323728	-54	-669
2016	0	386	86	-570	1580	8191	4152880	3823843	5893744	7363317	16776706	-8323856	-46	-669
2017	0	386	60	-576	1580	8191	4152890	3821811	5893104	7363513	16776679	-8323984	-2	-669
2018	0	386	82	-558	1580	8191	4152900	3821828	5892720	7363281	16776672	-8323856	-50	-669
2019	0	386	103	-577	1580	8191	4152910	3821358	5893360	7363407	16776716	-8323856	-13	-669
2020	0	386	49	-599	1580	8191	4152920	3819869	5891824	7363099	16776693	-8323856	-34	-669
2021	0	386	92	-577	1580	8191	4152930	3819593	5891440	7363403	16776681	-8323856	-8	-669
2022	0	386	48	-576	1580	8191	4152940	3819688	5892720	7363381	16776698	-8323856	-40	-669
2023	0	386	88	-550	1580	8191	4152950	3819557	5891184	7363442	16776663	-8323728	-21	-669
2024	0	386	44	-583	1580	8191	4152960	3817776	5891696	7363403	16776682	-8323856	-20	-669
2025	0	386	84	-558	1580	8191	4152970	3815709	5890928	7363487	16776672	-8323856	-46	-669
2026	0	386	94	-560	1580	8191	4152981	3815717	5890928	7363283	16776667	-8323856	-4	-669
2027	0	386	94	-563	1580	8191	4152991	3813281	5890544	7363198	16776708	-8323728	-28	-669
2028	0	386	62	-539	1580	8191	4153001	3813447	5892080	7363380	16776645	-8323984	-9	-669
2029	0	386	59	-553	1580	8191	4153011	3811785	5889776	7363356	16776704	-8323856	-46	-669
2030	0	322	77	-555	1586	8191	4153021	3812049	5888752	7363383	16776657	-8323856	-25	-667
2031	0	322	38	-553	1586	8191	4153031	3811110	5889776	7363803	16776649	-8323856	-31	-667
2032	0	322	62	-540	1586	8191	4153041	3811441	5889648	7363255	16776720	-8323856	-23	-667
2033	0	322	44	-548	1586	8191	4153051	3809158	5890160	7363901	16776685	-8323984	-21	-667
2034	0	322	59	-564	1586	8191	4153061	3807178	5889648	7363292	16776719	-8324112	-22	-667
2035	0	322	90	-548	1586	8191	4153071	3807284	5889776	7363150	16776674	-8323856	-9	-667
2036	0	322	63	-536	1586	8191	4153082	3807221	5889264	7363583	16776688	-8323856	-34	-667
2037	0	322	50	-525	1586	8191	4153092	3805377	5889520	7363484	16776684	-8323984	-7	-667
2038	0	322	73	-553	1586	8191	4153102	3805261	5889520	7363707	16776693	-8323728	23	-667
2039	0	322	76	-500	1586	8191	4153112	3805059	5888368	7363676	16776679	-8323856	-19	-667
2040	0	322	81	-552	1586	8191	4153122	3801730	5887472	7363636	16776666	-8323856	4	-667
2041	0	322	56	-513	1586	8191	4153132	3801602	5888240	7363650	16776681	-8323856	-22	-667
2042	0	322	42	-534	1586	8191	4153142	3801553	5887600	7363818	16776690	-8323728	-4	-667
2043	0	322	45	-521	1586	8191	4153152	3797960	5887856	7363773	16776642	-8323728	-30	-667
2044	0	322	71	-544	1586	8191	4153162	3796602	5886320	7363662	16776711	-8323984	13	-667
2045	0	322	74	-551	1586	8191	4153172	3797122	5887984	7363953	16776676	-8323856	-30	-667
2046	0	322	57	-521	1586	8191	4153183	3796974	5887088	7363592	16776702	-8323856	-22	-667
2047	0	322	100	-540	1586	8191	4153193	3796547	5887088	7363699	16776696	-8323984	-40	-667
2048	0	322	72	-525	1586	8191	4153203	3796651	5886704	7363172	16776670	-8323856	-7	-667
2049	0	322	83	-523	1586	8191	4153213	3796560	5886320	7363861	16776677	-8323984	-31	-667
2050	0	291	79	-526	1576	8191	4153223	3794643	5886448	7363428	16776682	-8323984	-7	-666
2051	0	291	60	-521	1576	8191	4153233	3792534	5887088	7363783	16776709	-8323856	-21	-666
2052	0	291	40	-540	1576	8191	4153243	3792515	5885552	7363649	16776671	-8323856	-45	-666
2053	0	291	45	-499	1576	8191	4153253	3792532	5886064	7363772	16776667	-8323856	-20	-666
2054	0	291	93	-517	1576	8191	4153263	3790242	5884144	7363736	16776669	-8323856	-51	-666
2055	0	291	75	-508	1576	8191	4153273	3790231	5885296	7363579	16776672	-8323984	-11	-666
2056	0	291	66	-518	1576	8191	4153284	3788125	5884144	7363669	16776689	-8323856	-48	-666
2057	0	291	61	-516	1576	8191	4153294	3788089	5886192	7363980	16776681	-8323728	-19	-666
2058	0	291	56	-491	1576	8191	4153304	3788486	5884656	7363319	16776700	-8323856	-17	-666
2059	0	291	66	-511	1576	8191	4153314	3788478	5884528	7364145	16776718	-8323856	-25	-666
2060	0	291	68	-518	1576	8191	4153324	3788281	5884144	7363949	16776717	-8323856	-4	-666
2061	0	291	30	-492	1576	8191	4153334	3786083	5885040	7364167	16776663	-8323856	-30	-666
2062	0	291	63	-501	1576	8191	4153344	3786044	5883120	7363701	16776656	-8323856	17	-666
2063	0	291	148	-508	1576	8191	4153354	3786153	5883632	7363882	16776657	-8323728	-14	-666
2064	0	291	103	-516	1576	8191	4153364	3783991	5883248	7363634	16776659	-8323728	2	-666
2065	0	291	72	-498	1576	8191	4153374	3784220	5883248	7363771	16776672	-8323984	-10	-666
2066	0	291	42	-514	1576	8191	4153385	3784151	5882224	7363389	16776659	-8323856	2	-666
2067	0	291	84	-499	1576	8191	4153395	3781787	5882736	7363815	16776682	-8323856	0	-666
2068	0	291	89	-512	1576	8191	4153405	3781851	5882864	7363985	16776671	-8323856	0	-666
2069	0	291	23	-491	1576	8191	4153415	3781164	5882736	7363915	16776709	-8323728	-14	-666
2070	0	291	107	-482	1576	8191	4153425	3780065	5881840	7363588	16776657	-8323856	-23	-666
2071	0	240	99	-501	1574	8191	4153435	3777811	5882736	7363928	16776662	-8323856	8	-644
2072	0	240	91	-498	1574	8191	4153445	3778232	5881968	7364082	16776678	-8323728	-23	-644
2073	0	240	78	-489	1574	8191	4153455	3777712	5881584	7363611	16776625	-8323728	-5	-644
2074	0	240	91	-487	1574	8191	4153465	3777535	5881584	7363580	16776709	-8323728	-32	-644
2075	0	240	96	-498	1574	8191	4153475	3777693	5881968	7363963	16776714	-8323728	-8	-644
2076	0	240	95	-482	1574	8191	4153486	3775603	5880944	7364118	16776722	-8323600	-30	-644
2077	0	240	93	-492	1574	8191	4153496	3775774	5881328	7363410	16776689	-8323856	-1	-644
2078	0	240	56	-506	1574	8191	4153506	3775466	5880048	7363606	16776655	-8323856	-31	-644
2079	0	240	82	-474	1574	8191	4153516	3775668	5880304	7363678	16776655	-8323984	-12	-644
2080	0	240	74	-477	1574	8191	4153526	3775122	5880176	7363655	16776700	-8323856	-48	-644
2081	0	240	2	-501	1574	8191	4153536	3773461	5880176	7363537	16776677	-8323728	3	-644
2082	0	240	45	-484	1574	8191	4153546	3771730	5879920	7363217	16776644	-8323856	-37	-644
2083	0	240	56	-483	1574	8191	4153556	3771481	5880432	7363688	16776709	-8323856	-7	-644
2084	0	240	25	-471	1574	8191	4153566	3771385	5879152	7363679	16776674	-8323600	-32	-644
2085	0	240	33	-482	1574	8191	4153576	3771445	5878896	7363474	16776664	-8323728	-19	-644
2086	0	240	79	-471	1574	8191	4153587	3769242	5879664	7363286	16776667	-8323856	-46	-644
2087	0	240	59	-477	1574	8191	4153597	3769273	5880304	7363718	16776713	-8323856	-12	-644
2088	0	240	70	-474	1574	8191	4153607	3769190	5878384	7363526	16776701	-8323856	-36	-644
2089	0	240	101	-489	1574	8191	4153617	3769368	5878896	7363243	16776659	-8323728	-10	-644
2090	0	240	65	-462	1574	8191	4153627	3769013	5878128	7363045	16776708	-8323984	-46	-644
2091	0	217	50	-466	1588	8191	4153637	3767144	5877360	7363267	16776670	-8323728	-12	-656
2092	0	217	62	-477	1588	8191	4153647	3767182	5877744	7363038	16776650	-8323728	-12	-656
2093	0	217	71	-477	1588	8191	4153657	3765221	5876976	7363761	16776650	-8323728	-26	-656
2094	0	217	76	-452	1588	8191	4153667	3763084	5876848	7364198	16776683	-8323984	-8	-656
2095	0	217	63	-468	1588	8191	4153677	3763275	5876720	7363796	16776671	-8323728	-17	-656
2096	0	217	65	-456	1588	8191	4153688	3762811	5877104	7363523	16776667	-8323856	-21	-656
2097	0	217	56	-466	1588	8191	4153698	3763108	5876720	7363284	16776679	-8323728	-31	-656
2098	0	217	81	-454	1588	8191	4153708	3761637	5876720	7363909	16776720	-8323984	-21	-656
2099	0	217	17	-454	1588	8191	4153718	3761031	5877360	7364008	16776675	-8323728	-29	-656
2100	0	217	69	-446	1588	8191	4153728	3760968	5874160	7363719	16776681	-8323856	-11	-656
2101	0	217	68	-479	1588	8191	4153738	3760943	5876848	7363533	16776700	-8323856	-12	-656
2102	0	217	96	-453	1588	8191	4153748	3759044	5876336	7364198	16776654	-8323856	-19	-656
2103	0	217	94	-467	1588	8191	4153758	3759017	5875824	7363915	16776692	-8323728	-12	-656
2104	0	217	83	-457	1588	8191	4153768	3758816	5875952	7363172	16776656	-8323728	-8	-656
2105	0	217	77	-459	1588	8191	4153778	3756563	5875184	7363263	16776657	-8323856	-15	-656
2106	0	217	21	-453	1588	8191	4153789	3756704	5875056	7363320	16776652	-8323728	-20	-656
2107	0	217	56	-446	1588	8191	4153799	3756737	5874800	7363249	16776700	-8323856	-14	-656
2108	0	217	48	-452	1588	8191	4153809	3756825	5875824	7363626	16776650	-8323856	-24	-656
2109	0	217	61	-455	1588	8191	4153819	3755729	5875056	7363519	16776703	-8323728	-10	-656
2110	0	217	36	-458	1588	8191	4153829	3754684	5874800	7364030	16776675	-8323728	-27	-656
2111	0	176	41	-467	1600	8191	4153839	3754665	5874544	7363170	16776636	-8323728	-8	-612
2112	0	176	99	-442	1600	8191	4153849	3754685	5873264	7363861	16776671	-8323600	-30	-612
2113	0	176	50	-438	1600	8191	4153859	3752481	5873776	7363406	16776679	-8323728	-17	-612
2114	0	176	47	-440	1600	8191	4153869	3750325	5873648	7363368	16776700	-8323728	-16	-612
2115	0	176	25	-434	1600	8191	4153879	3750527	5873648	7363021	16776664	-8323728	-8	-612
2116	0	176	68	-442	1600	8191	4153890	3750293	5873904	7363465	16776716	-8323984	-14	-612
2117	0	176	83	-446	1600	8191	4153900	3750389	5873264	7363256	16776713	-8323856	-23	-612
2118	0	176	78	-445	1600	8191	4153910	3748433	5873264	7363523	16776689	-8323856	9	-612
2119	0	176	87	-447	1600	8191	4153920	3748231	5873136	7363672	16776695	-8323856	-16	-612
2120	0	176	58	-412	1600	8191	4153930	3748430	5872496	7363303	16776688	-8323728	-9	-612
2121	0	176	47	-435	1600	8191	4153940	3748353	5872624	7364064	16776680	-8323856	-22	-612
2122	0	176	74	-431	1600	8191	4153950	3748460	5872496	7363442	16776689	-8323728	1	-612
2123	0	176	96	-448	1600	8191	4153960	3746397	5871088	7363734	16776678	-8323728	-21	-612
2124	0	176	48	-421	1600	8191	4153970	3746450	5871984	7363132	16776680	-8323728	-12	-612
2125	0	176	85	-431	1600	8191	4153980	3745587	5871216	7363705	16776690	-8323856	-13	-612
2126	0	176	72	-427	1600	8191	4153991	3744165	5872112	7363485	16776663	-8323728	1	-612
2127	0	176	42	-434	1600	8191	4154001	3744208	5871856	7363808	16776706	-8323728	-14	-612
2128	0	176	60	-438	1600	8191	4154011	3744317	5871088	7363737	16776678	-8323728	-3	-612
2129	0	176	71	-424	1600	8191	4154021	3744144	5869936	7363173	16776729	-8323856	-20	-612
2130	0	176	73	-423	1600	8191	4154031	3742323	5870832	7363378	16776655	-8323856	-3	-612
2131	0	155	126	-430	1591	8191	4154041	3741783	5870576	7363151	16776658	-8323600	-43	-606
2132	0	155	99	-427	1591	8191	4154051	3739823	5869168	7363419	16776651	-8323728	-11	-606
2133	0	155	99	-432	1591	8191	4154061	3740310	5871344	7363498	16776648	-8323728	-20	-606
2134	0	155	106	-415	1591	8191	4154071	3739998	5870576	7363394	16776697	-8323728	-3	-606
2135	0	155	27	-431	1591	8191	4154081	3739955	5869808	7363612	16776688	-8323728	-31	-606
2136	0	155	88	-425	1591	8191	4154092	3737908	5869552	7364087	16776695	-8323728	-33	-606
2137	0	155	85	-421	1591	8191	4154102	3738029	5869040	7363670	16776671	-8323728	2	-606
2138	0	155	70	-411	1591	8191	4154112	3735720	5869168	7363553	16776676	-8323728	-27	-606
2139	0	155	88	-425	1591	8191	4154122	3736189	5868784	7363384	16776671	-8323728	-21	-606
2140	0	155	71	-423	1591	8191	4154132	3736038	5868272	7363445	16776676	-8323600	-47	-606
2141	0	155	35	-407	1591	8191	4154142	3736099	5868656	7363842	16776700	-8323856	-26	-606
2142	0	155	80	-412	1591	8191	4154152	3735707	5869424	7364195	16776678	-8323600	-39	-606
2143	0	155	64	-413	1591	8191	4154162	3734018	5867888	7363534	16776652	-8323728	-2	-606
2144	0	155	69	-414	1591	8191	4154172	3733532	5867376	7363606	16776683	-8323728	-19	-606
2145	0	155	90	-409	1591	8191	4154182	3731827	5867376	7364035	16776674	-8323728	-10	-606
2146	0	155	92	-403	1591	8191	4154193	3731587	5866864	7363297	16776697	-8323728	-21	-606
2147	0	155	48	-399	1591	8191	4154203	3731793	5867376	7363266	16776697	-8323728	-13	-606
2148	0	155	69	-414	1591	8191	4154213	3730630	5867248	7363780	16776718	-8323600	-19	-606
2149	0	155	78	-402	1591	8191	4154223	3731070	5867376	7363442	16776711	-8323856	-18	-606
2150	0	155	59	-406	1591	8191	4154233	3729493	5866864	7363034	16776701	-8323728	-23	-606
2151	0	117	57	-416	1594	8191	4154243	3727843	5868016	7363657	16776677	-8323600	-19	-533
2152	0	117	128	-405	1594	8191	4154253	3727649	5867632	7364041	16776704	-8323728	-4	-533
2153	0	117	81	-422	1594	8191	4154263	3727611	5866992	7363896	16776621	-8323728	-28	-533
2154	0	117	58	-393	1594	8191	4154273	3727647	5866608	7363427	16776685	-8323984	-3	-533
2155	0	117	47	-407	1594	8191	4154283	3727649	5866224	7363956	16776715	-8323728	-18	-533
2156	0	117	71	-392	1594	8191	4154294	3727396	5864816	7363723	16776693	-8323600	-6	-533
2157	0	117	84	-399	1594	8191	4154304	3725548	5866224	7363687	16776670	-8323728	-6	-533
2158	0	117	51	-408	1594	8191	4154314	3725083	5865968	7363572	16776675	-8323728	-13	-533
2159	0	117	43	-402	1594	8191	4154324	3723273	5865200	7363762	16776668	-8323728	-9	-533
2160	0	117	58	-412	1594	8191	4154334	3723704	5866096	7364051	16776640	-8323728	-12	-533
2161	0	117	47	-389	1594	8191	4154344	3723434	5865072	7363719	16776726	-8323856	-7	-533
2162	0	117	91	-390	1594	8191	4154354	3721911	5864688	7363807	16776688	-8323728	-13	-533
2163	0	117	101	-383	1594	8191	4154364	3721499	5864944	7364534	16776688	-8323856	-4	-533
2164	0	117	85	-397	1594	8191	4154374	3721398	5865840	7363994	16776710	-8323728	-15	-533
2165	0	117	136	-394	1594	8191	4154384	3721530	5864560	7363844	16776707	-8323856	-12	-533
2166	0	117	55	-383	1594	8191	4154395	3721305	5865072	7363220	16776684	-8323856	-11	-533
2167	0	117	84	-392	1594	8191	4154405	3721180	5864304	7363768	16776677	-8323856	-4	-533
2168	0	117	114	-395	1594	8191	4154415	3719200	5864048	7363842	16776700	-8323728	-7	-533
2169	0	117	63	-385	1594	8191	4154425	3719199	5863664	7363587	16776660	-8323728	-8	-533
2170	0	117	80	-381	1594	8191	4154435	3718971	5864944	7364106	16776711	-8323856	-12	-533
2171	0	86	24	-373	1568	8191	4154445	3718937	5863792	7363631	16776648	-8323728	-8	-488
2172	0	86	86	-385	1568	8191	4154455	3717161	5862512	7363618	16776646	-8323728	-18	-488
2173	0	86	47	-379	1568	8191	4154465	3716054	5863024	7364148	16776711	-8323856	4	-488
2174	0	86	55	-387	1568	8191	4154475	3715013	5862896	7363921	16776736	-8323728	-26	-488
2175	0	86	74	-367	1568	8191	4154485	3715102	5865072	7363905	16776697	-8323728	2	-488
2176	0	86	47	-387	1568	8191	4154496	3714845	5862384	7364000	16776701	-8323856	-21	-488
2177	0	86	95	-380	1568	8191	4154506	3714602	5861872	7363532	16776652	-8323728	1	-488
2178	0	86	94	-384	1568	8191	4154516	3713233	5863152	7363917	16776632	-8323856	-24	-488
2179	0	86	54	-374	1568	8191	4154526	3713085	5861360	7363967	16776695	-8323728	-2	-488
2180	0	86	56	-369	1568	8191	4154536	3712880	5862640	7363484	16776659	-8323984	-23	-488
2181	0	86	82	-377	1568	8191	4154546	3710924	5861360	7363704	16776707	-8323856	-26	-488
2182	0	86	45	-377	1568	8191	4154556	3710810	5860592	7363722	16776632	-8323728	-14	-488
2183	0	86	100	-384	1568	8191	4154566	3710686	5861744	7363479	16776645	-8323856	-31	-488
2184	0	86	93	-377	1568	8191	4154576	3710704	5860848	7363966	16776702	-8323728	-8	-488
2185	0	86	80	-376	1568	8191	4154586	3711030	5861872	7363690	16776710	-8323856	-37	-488
2186	0	86	48	-378	1568	8191	4154597	3709843	5861104	7363944	16776628	-8323856	-18	-488
2187	0	86	131	-375	1568	8191	4154607	3708866	5861104	7363569	16776662	-8323600	-55	-488
2188	0	86	101	-374	1568	8191	4154617	3708799	5859952	7363930	16776678	-8323728	-23	-488
2189	0	86	109	-367	1568	8191	4154627	3708930	5859952	7364047	16776701	-8323600	-32	-488
2190	0	86	75	-360	1568	8191	4154637	3706739	5860080	7363917	16776628	-8323856	-7	-488
2191	0	93	96	-366	1568	8191	4154647	3706737	5860720	7364085	16776676	-8323728	-42	-463
2192	0	93	90	-364	1573	8191	4154657	3707026	5859696	7364233	16776643	-8323856	-25	-463
2193	0	93	66	-360	1573	8191	4154667	3704702	5859440	7363721	16776699	-8323856	-32	-463
2194	0	93	79	-373	1573	8191	4154677	3704875	5859056	7363889	16776680	-8323600	-36	-463
2195	0	93	88	-356	1573	8191	4154687	3704524	5859440	7364173	16776670	-8323728	-29	-463
2196	0	93	83	-370	1573	8191	4154698	3702697	5858288	7364458	16776672	-8323856	-49	-463
2197	0	93	150	-365	1573	8191	4154708	3702563	5859568	7363673	16776691	-8323728	-15	-463
2198	0	93	65	-344	1573	8191	4154718	3702414	5858800	7364282	16776671	-8323728	-36	-463
2199	0	93	108	-368	1573	8191	4154728	3702629	5859056	7364023	16776675	-8323856	-16	-463
2200	0	93	13	-361	1573	8191	4154738	3702758	5858928	7364048	16776694	-8323728	-51	-463
2201	0	93	87	-375	1573	8191	4154748	3702652	5858288	7363769	16776658	-8323856	2	-463
2202	0	93	71	-356	1573	8191	4154758	3702451	5858288	7363498	16776683	-8323856	-46	-463
2203	0	93	43	-369	1573	8191	4154768	3700432	5858288	7363598	16776656	-8323856	-9	-463
2204	0	93	81	-346	1573	8191	4154778	3700476	5858672	7363419	16776701	-8323856	-39	-463
2205	0	93	74	-372	1573	8191	4154788	3700248	5857904	7363998	16776629	-8323728	-2	-463
2206	0	93	63	-359	1573	8191	4154799	3700410	5858032	7363736	16776662	-8323728	0	-463
2207	0	93	80	-356	1573	8191	4154809	3698291	5857008	7363366	16776669	-8323728	-34	-463
2208	0	93	107	-348	1573	8191	4154819	3698368	5855984	7363936	16776662	-8323728	7	-463
2209	0	93	60	-349	1573	8191	4154829	3696222	5857520	7364139	16776699	-8323728	-30	-463
2210	0	93	48	-358	1573	8191	4154839	3696356	5855984	7363601	16776693	-8323728	-1	-463
2211	0	93	84	-344	1573	8191	4154849	3695978	5856112	7363626	16776684	-8323728	-20	-463
2212	0	107	23	-357	1570	8191	4154859	3696221	5857008	7363540	16776667	-8323856	-3	-388
2213	0	107	52	-357	1570	8191	4154869	3696171	5856624	7363489	16776717	-8323600	-8	-388
2214	0	107	65	-354	1570	8191	4154879	3696122	5857008	7363506	16776725	-8323984	-5	-388
2215	0	107	84	-346	1570	8191	4154889	3695752	5856624	7363720	16776664	-8323856	-22	-388
2216	0	107	46	-339	1570	8191	4154900	3694303	5855472	7363652	16776669	-8323728	-8	-388
2217	0	107	106	-344	1570	8191	4154910	3693850	5857008	7363693	16776655	-8323856	-14	-388
2218	0	107	80	-344	1570	8191	4154920	3693965	5855856	7363913	16776727	-8323728	-7	-388
2219	0	107	65	-336	1570	8191	4154930	3692189	5855856	7363827	16776699	-8323728	-17	-388
2220	0	107	77	-336	1570	8191	4154940	3692089	5856368	7363855	16776676	-8323728	-7	-388
2221	0	107	70	-349	1570	8191	4154950	3689966	5854576	7363752	16776675	-8323728	-11	-388
2222	0	107	81	-336	1570	8191	4154960	3689916	5855088	7363462	16776731	-8323728	-5	-388
2223	0	107	107	-341	1570	8191	4154970	3689893	5855728	7363701	16776688	-8323600	-7	-388
2224	0	107	43	-334	1570	8191	4154980	3689794	5854064	7364100	16776715	-8323728	-9	-388
2225	0	107	82	-336	1570	8191	4154990	3689993	5855728	7363768	16776714	-8323600	-25	-388
2226	0	107	42	-333	1570	8191	4155001	3688003	5854320	7363500	16776672	-8323728	-11	-388
2227	0	107	68	-338	1570	8191	4155011	3687742	5854064	7363648	16776657	-8323728	-22	-388
2228	0	107	100	-338	1570	8191	4155021	3687878	5854832	7363531	16776704	-8323600	-25	-388
2229	0	107	81	-325	1570	8191	4155031	3687806	5853808	7363492	16776690	-8323728	-7	-388
2230	0	107	91	-332	1570	8191	4155041	3687607	5853680	7364238	16776652	-8323728	-31	-388
2231	0	107	66	-335	1570	8191	4155051	3687927	5853808	7363575	16776639	-8323728	-26	-388
2232	0	134	47	-323	1582	8191	4155061	3685620	5852912	7363686	16776690	-8323728	-32	-325
2233	0	134	70	-334	1582	8191	4155071	3685753	5853808	7363650	16776691	-8323728	-21	-325
2234	0	134	65	-326	1582	8191	4155081	3683760	5853552	7363720	16776708	-8323728	-11	-325
2235	0	134	56	-320	1582	8191	4155091	3685467	5852400	7364007	16776641	-8323728	-32	-325
2236	0	134	68	-325	1582	8191	4155102	3683654	5852912	7364106	16776699	-8323728	-24	-325
2237	0	134	60	-308	1582	8191	4155112	3683592	5852272	7363709	16776698	-8323728	-38	-325
2238	0	134	64	-317	1582	8191	4155122	3683341	5853680	7363352	16776681	-8323856	-23	-325
2239	0	134	66	-322	1582	8191	4155132	3683426	5852784	7363547	16776681	-8323728	-35	-325
2240	0	134	23	-328	1582	8191	4155142	3683630	5852528	7363534	16776677	-8323472	-34	-325
2241	0	134	79	-326	1582	8191	4155152	3682024	5852784	7363670	16776683	-8323856	-25	-325
2242	0	134	77	-331	1582	8191	4155162	3681528	5851248	7363486	16776698	-8323600	-19	-325
2243	0	134	60	-301	1582	8191	4155172	3681429	5851760	7363815	16776634	-8323728	-34	-325
2244	0	134	63	-325	1582	8191	4155182	3679546	5852144	7363582	16776673	-8323728	-20	-325
2245	0	134	69	-329	1582	8191	4155192	3679207	5851376	7362937	16776707	-8323728	-35	-325
2246	0	134	105	-324	1582	8191	4155203	3679378	5851760	7363474	16776662	-8323728	-18	-325
2247	0	134	71	-328	1582	8191	4155213	3679484	5851888	7363332	16776707	-8323728	-13	-325
2248	0	134	104	-317	1582	8191	4155223	3679334	5851760	7364043	16776684	-8323728	-35	-325
2249	0	134	90	-318	1582	8191	4155233	3679367	5851888	7363934	16776703	-8323856	-15	-325
2250	0	134	62	-305	1582	8191	4155243	3677112	5851120	7363687	16776673	-8323728	-38	-325
2251	0	134	68	-327	1582	8191	4155253	3677227	5849840	7363861	16776669	-8323728	-8	-325
2252	0	170	47	-301	1567	8191	4155263	3676065	5850608	7363284	16776672	-8323728	-24	-304
2253	0	170	91	-318	1567	8191	4155273	3675113	5850224	7363415	16776685	-8323728	-6	-304
2254	0	170	102	-309	1567	8191	4155283	3675162	5850736	7363498	16776684	-8323728	-17	-304
2255	0	170	79	-305	1567	8191	4155293	3675427	5849968	7363847	16776726	-8323600	-21	-304
2256	0	170	65	-314	1567	8191	4155304	3675174	5851504	7363574	16776691	-8323728	-16	-304
2257	0	170	110	-307	1567	8191	4155314	3675576	5850608	7363318	16776714	-8323728	-28	-304
2258	0	170	136	-312	1567	8191	4155324	3672976	5849840	7363783	16776644	-8323728	-11	-304
2259	0	170	31	-299	1567	8191	4155334	3673184	5849328	7363775	16776703	-8323728	-19	-304
2260	0	170	91	-307	1567	8191	4155344	3673130	5848944	7363865	16776629	-8323728	-10	-304
2261	0	170	114	-308	1567	8191	4155354	3671275	5849456	7363658	16776642	-8323728	-23	-304
2262	0	170	79	-305	1567	8191	4155364	3671030	5849200	7364211	16776688	-8323728	-9	-304
2263	0	170	13	-316	1567	8191	4155374	3671244	5848560	7363797	16776691	-8323600	-23	-304
2264	0	170	113	-290	1567	8191	4155384	3671299	5849328	7363867	16776691	-8323856	-13	-304
2265	0	170	65	-318	1567	8191	4155394	3671102	5847536	7363720	16776704	-8323728	-15	-304
2266	0	170	54	-290	1567	8191	4155405	3671118	5849712	7363725	16776644	-8323728	-7	-304
2267	0	170	67	-305	1567	8191	4155415	3669110	5849072	7364167	16776702	-8323728	1	-304
2268	0	170	78	-306	1567	8191	4155425	3669227	5848688	7364000	16776669	-8323728	-17	-304
2269	0	170	51	-294	1567	8191	4155435	3669037	5849072	7363989	16776687	-8323728	-12	-304
2270	0	170	107	-299	1567	8191	4155445	3666748	5848432	7364026	16776693	-8323856	-7	-304
2271	0	170	111	-286	1567	8191	4155455	3666848	5848432	7364415	16776699	-8323728	-11	-304
2272	0	204	74	-313	1566	8191	4155465	3664758	5848560	7363615	16776670	-8323728	-21	-243
2273	0	204	67	-279	1566	8191	4155475	3664799	5847408	7363526	16776726	-8323728	-15	-243
2274	0	204	74	-301	1566	8191	4155485	3664712	5846640	7364026	16776683	-8323600	-10	-243
2275	0	204	85	-289	1566	8191	4155495	3664187	5847280	7363671	16776653	-8323728	-13	-243
2276	0	204	87	-296	1566	8191	4155506	3662806	5847152	7363680	16776688	-8323856	-20	-243
2277	0	204	82	-288	1566	8191	4155516	3662631	5847280	7364317	16776713	-8323728	-22	-243
2278	0	204	45	-304	1566	8191	4155526	3662666	5846768	7363909	16776683	-8323856	-18	-243
2279	0	204	52	-285	1566	8191	4155536	3662681	5847920	7363601	16776676	-8323600	-12	-243
2280	0	204	78	-308	1566	8191	4155546	3662595	5846768	7363389	16776706	-8323728	-31	-243
2281	0	204	90	-278	1566	8191	4155556	3662718	5846128	7364055	16776680	-8323728	-13	-243
2282	0	204	40	-299	1566	8191	4155566	3662687	5846128	7363930	16776694	-8323600	-31	-243
2283	0	204	94	-284	1566	8191	4155576	3660795	5846256	7363452	16776672	-8323728	-15	-243
2284	0	204	43	-294	1566	8191	4155586	3662693	5846256	7363734	16776696	-8323728	-21	-243
2285	0	204	68	-276	1566	8191	4155596	3660511	5846640	7363568	16776677	-8323600	-21	-243
2286	0	204	93	-287	1566	8191	4155607	3660449	5846640	7364064	16776697	-8323600	-20	-243
2287	0	204	71	-279	1566	8191	4155617	3658510	5845872	7364069	16776702	-8323728	-11	-243
2288	0	204	58	-288	1566	8191	4155627	3658636	5846000	7364018	16776693	-8323728	-24	-243
2289	0	204	105	-284	1566	8191	4155637	3658271	5845744	7363577	16776687	-8323728	-34	-243
2290	0	204	40	-282	1566	8191	4155647	3658721	5845360	7363754	16776680	-8323472	-32	-243
2291	0	204	44	-275	1566	8191	4155657	3658681	5845104	7363907	16776658	-8323728	-22	-243
2292	0	262	70	-285	1549	8191	4155667	3658520	5844080	7363984	16776653	-8323728	-34	-218
2293	0	262	71	-282	1549	8191	4155677	3658728	5846000	7364105	16776689	-8323728	-24	-218
2294	0	262	86	-271	1549	8191	4155687	3656484	5844720	7363549	16776666	-8323856	-23	-218
2295	0	262	81	-280	1549	8191	4155697	3656649	5845232	7364009	16776691	-8323600	-31	-218
2296	0	262	76	-275	1549	8191	4155708	3656363	5844720	7363598	16776646	-8323600	-22	-218
2297	0	262	59	-271	1549	8191	4155718	3654349	5845104	7363979	16776682	-8323600	-34	-218
2298	0	262	37	-266	1549	8191	4155728	3654303	5845104	7364021	16776693	-8323728	-17	-218
2299	0	262	67	-276	1549	8191	4155738	3656250	5844976	7364008	16776721	-8323728	-21	-218
2300	0	262	81	-275	1549	8191	4155748	3654475	5844464	7363583	16776687	-8323728	-19	-218
2301	0	262	59	-268	1549	8191	4155758	3654386	5844976	7363857	16776680	-8323856	-15	-218
2302	0	262	43	-275	1549	8191	4155768	3654397	5843952	7364014	16776706	-8323600	-12	-218
2303	0	262	82	-269	1549	8191	4155778	3654491	5843696	7363731	16776678	-8323472	-13	-218
2304	0	262	106	-268	1549	8191	4155788	3654426	5843184	7363778	16776687	-8323728	-40	-218
2305	0	262	114	-266	1549	8191	4155798	3654214	5843312	7363660	16776684	-8323472	-7	-218
2306	0	262	80	-274	1549	8191	4155809	3654480	5842416	7363906	16776697	-8323600	-21	-218
2307	0	262	49	-267	1549	8191	4155819	3652252	5843184	7363834	16776720	-8323728	-4	-218
2308	0	262	82	-261	1549	8191	4155829	3653980	5842544	7363719	16776658	-8323728	-11	-218
2309	0	262	112	-267	1549	8191	4155839	3652220	5842800	7364011	16776675	-8323728	-11	-218
2310	0	262	87	-262	1549	8191	4155849	3652049	5842160	7364095	16776724	-8323600	-31	-218
2311	0	262	54	-279	1549	8191	4155859	3650196	5841648	7364119	16776688	-8323728	-8	-218
2312	0	297	67	-243	1556	8191	4155869	3650241	5842672	7363541	16776691	-8323728	-27	-170
2313	0	297	66	-254	1556	8191	4155879	3650216	5842928	7363934	16776714	-8323600	-7	-170
2314	0	297	66	-264	1556	8191	4155889	3650109	5842544	7363869	16776680	-8323728	-21	-170
2315	0	297	93	-272	1556	8191	4155899	3650135	5842672	7364098	16776671	-8323728	-13	-170
2316	0	297	67	-258	1556	8191	4155910	3650203	5842032	7363855	16776710	-8323728	-29	-170
2317	0	297	60	-261	1556	8191	4155920	3648062	5841904	7364167	16776675	-8323600	-22	-170
2318	0	297	60	-260	1556	8191	4155930	3648159	5842160	7364116	16776667	-8323728	-4	-170
2319	0	297	82	-260	1556	8191	4155940	3647926	5840880	7364373	16776693	-8323728	-20	-170
2320	0	297	76	-264	1556	8191	4155950	3648184	5841392	7364251	16776685	-8323728	0	-170
2321	0	297	124	-257	1556	8191	4155960	3646151	5841136	7363797	16776692	-8323728	-37	-170
2322	0	297	82	-262	1556	8191	4155970	3645962	5841008	7363730	16776664	-8323472	-11	-170
2323	0	297	81	-252	1556	8191	4155980	3647942	5841904	7363936	16776673	-8323600	-43	-170
2324	0	297	40	-267	1556	8191	4155990	3647933	5840496	7363847	16776709	-8323600	-15	-170
2325	0	297	68	-252	1556	8191	4156000	3646024	5841520	7363691	16776663	-8323728	-27	-170
2326	0	297	136	-256	1556	8191	4156011	3644075	5840112	7363999	16776679	-8323728	-4	-170
2327	0	297	75	-259	1556	8191	4156021	3643732	5839984	7364014	16776709	-8323728	-39	-170
2328	0	297	99	-242	1556	8191	4156031	3641880	5840368	7364110	16776702	-8323728	-5	-170
2329	0	297	107	-250	1556	8191	4156041	3641746	5840496	7363955	16776690	-8323600	-21	-170
2330	0	297	52	-257	1556	8191	4156051	3641863	5839984	7363939	16776667	-8323728	-17	-170
2331	0	297	61	-247	1556	8191	4156061	3641970	5840880	7363971	16776702	-8323856	-43	-170
2332	0	297	73	-253	1556	8191	4156071	3641614	5839856	7363834	16776711	-8323600	-20	-170
2333	0	373	81	-261	1555	8191	4156081	3639508	5839600	7364042	16776667	-8323600	-25	-144
2334	0	373	103	-244	1555	8191	4156091	3639561	5840240	7363943	16776656	-8323856	-22	-144
2335	0	373	66	-262	1555	8191	4156101	3639597	5839856	7363728	16776703	-8323600	-23	-144
2336	0	373	82	-239	1555	8191	4156112	3639685	5839600	7363435	16776650	-8323600	-21	-144
2337	0	373	69	-257	1555	8191	4156122	3637632	5840496	7364135	16776719	-8323472	-19	-144
2338	0	373	82	-236	1555	8191	4156132	3637576	5839600	7363696	16776649	-8323600	-29	-144
2339	0	373	49	-236	1555	8191	4156142	3637693	5838704	7363956	16776657	-8323600	-19	-144
2340	0	373	103	-251	1555	8191	4156152	3637819	5838320	7364085	16776678	-8323856	-27	-144
2341	0	373	98	-235	1555	8191	4156162	3637727	5839088	7364323	16776692	-8323728	-21	-144
2342	0	373	53	-247	1555	8191	4156172	3637814	5838704	7364235	16776682	-8323856	-25	-144
2343	0	373	117	-243	1555	8191	4156182	3636473	5837808	7364162	16776672	-8323728	-31	-144
2344	0	373	88	-244	1555	8191	4156192	3636260	5839216	7364116	16776671	-8323728	-30	-144
2345	0	373	61	-246	1555	8191	4156202	3635676	5838832	7364248	16776700	-8323728	-26	-144
2346	0	373	56	-237	1555	8191	4156213	3635434	5839344	7364018	16776677	-8323728	-26	-144
2347	0	373	94	-242	1555	8191	4156223	3635464	5838320	7363731	16776650	-8323856	-18	-144
2348	0	373	27	-245	1555	8191	4156233	3635632	5837424	7363976	16776687	-8323600	-32	-144
2349	0	373	53	-233	1555	8191	4156243	3635535	5838832	7364162	16776679	-8323728	-23	-144
2350	0	373	101	-244	1555	8191	4156253	3633730	5837936	7364480	16776682	-8323600	-30	-144
2351	0	373	103	-231	1555	8191	4156263	3635530	5837168	7363692	16776677	-8323600	-22	-144
2352	0	373	98	-239	1555	8191	4156273	3633404	5837680	7364262	16776665	-8323728	-24	-144
2353	0	452	60	-242	1541	8191	4156283	3633260	5838064	7364160	16776671	-8323728	-14	-123
2354	0	452	83	-237	1541	8191	4156293	3633598	5836400	7364218	16776684	-8323600	-38	-123
2355	0	452	75	-228	1541	8191	4156303	3633589	5837168	7363464	16776699	-8323728	-19	-123
2356	0	452	75	-229	1541	8191	4156314	3633591	5836784	7364116	16776674	-8323856	-19	-123
2357	0	452	77	-234	1541	8191	4156324	3633548	5836784	7363976	16776702	-8323600	-19	-123
2358	0	452	59	-239	1541	8191	4156334	3631276	5836912	7364271	16776659	-8323856	-9	-123
2359	0	452	93	-221	1541	8191	4156344	3631526	5836144	7364064	16776642	-8323600	-34	-123
2360	0	452	68	-228	1541	8191	4156354	3631676	5835632	7364616	16776712	-8323600	-10	-123
2361	0	452	89	-230	1541	8191	4156364	3631296	5836400	7364235	16776649	-8323600	-22	-123
2362	0	452	27	-226	1541	8191	4156374	3629780	5836016	7364462	16776637	-8323600	-14	-123
2363	0	452	52	-228	1541	8191	4156384	3629590	5835760	7363994	16776649	-8323728	-27	-123
2364	0	452	23	-223	1541	8191	4156394	3629489	5836144	7364255	16776727	-8323728	-8	-123
2365	0	452	72	-227	1541	8191	4156404	3629474	5836144	7363887	16776646	-8323856	-17	-123
2366	0	452	96	-233	1541	8191	4156415	3629342	5836400	7364242	16776631	-8323728	-25	-123
2367	0	452	66	-229	1541	8191	4156425	3629262	5836144	7363736	16776684	-8323600	-16	-123
2368	0	452	35	-224	1541	8191	4156435	3629250	5836016	7363903	16776639	-8323728	-14	-123
2369	0	452	70	-231	1541	8191	4156445	3629609	5836272	7364246	16776695	-8323728	-20	-123
2370	0	452	98	-228	1541	8191	4156455	3627283	5835376	7364069	16776652	-8323728	-16	-123
2371	0	452	127	-225	1541	8191	4156465	3627293	5837040	7364211	16776700	-8323856	-21	-123
2372	0	452	31	-217	1541	8191	4156475	3628688	5835504	7363596	16776664	-8323728	-17	-123
2373	0	509	46	-224	1530	8191	4156485	3627252	5835888	7364322	16776702	-8323856	-26	-144
2374	0	509	89	-227	1530	8191	4156495	3627084	5833968	7363876	16776615	-8323856	-15	-144
2375	0	509	88	-219	1530	8191	4156505	3627188	5835248	7364217	16776669	-8323728	-29	-144
2376	0	509	64	-223	1530	8191	4156516	3627325	5834480	7364220	16776705	-8323600	-26	-144
2377	0	509	72	-218	1530	8191	4156526	3627268	5833968	7364397	16776677	-8323600	-20	-144
2378	0	509	47	-217	1530	8191	4156536	3627305	5835120	7364192	16776669	-8323856	-18	-144
2379	0	509	79	-219	1530	8191	4156546	3625186	5834480	7363877	16776676	-8323600	-20	-144
2380	0	509	56	-218	1530	8191	4156556	3625260	5833328	7364192	16776702	-8323600	-20	-144
2381	0	509	91	-222	1530	8191	4156566	3624871	5833968	7363607	16776718	-8323728	-18	-144
2382	0	509	103	-224	1530	8191	4156576	3624422	5836144	7363936	16776676	-8323728	-22	-144
2383	0	509	65	-225	1530	8191	4156586	3624244	5834224	7363948	16776650	-8323600	-22	-144
2384	0	509	88	-216	1530	8191	4156596	3622997	5834608	7363853	16776651	-8323728	-26	-144
2385	0	509	81	-215	1530	8191	4156606	3623168	5834096	7363998	16776712	-8323728	-19	-144
2386	0	509	84	-219	1530	8191	4156617	3623190	5834096	7363858	16776664	-8323600	-25	-144
2387	0	509	60	-212	1530	8191	4156627	3623006	5833840	7363886	16776696	-8323728	-19	-144
2388	0	509	128	-214	1530	8191	4156637	3623123	5832816	7363939	16776678	-8323600	-22	-144
2389	0	509	63	-213	1530	8191	4156647	3623027	5833968	7363995	16776694	-8323728	-27	-144
2390	0	509	85	-215	1530	8191	4156657	3623134	5832688	7363953	16776699	-8323728	-17	-144
2391	0	509	40	-210	1530	8191	4156667	3623058	5832048	7364045	16776700	-8323728	-28	-144
2392	0	509	43	-222	1530	8191	4156677	3622921	5831920	7364154	16776655	-8323600	-18	-144
2393	0	580	87	-210	1518	8191	4156687	3621012	5833712	7363929	16776646	-8323728	-32	-155
2394	0	580	88	-214	1518	8191	4156697	3621080	5833200	7364123	16776646	-8323600	-26	-155
2395	0	580	55	-219	1518	8191	4156707	3620204	5833200	7364062	16776696	-8323600	-36	-155
2396	0	580	75	-209	1518	8191	4156718	3618886	5832688	7364320	16776655	-8323728	-35	-155
2397	0	580	106	-219	1518	8191	4156728	3621050	5833200	7364134	16776687	-8323728	-29	-155
2398	0	580	62	-203	1518	8191	4156738	3618910	5831024	7363545	16776664	-8323728	-24	-155
2399	0	580	76	-212	1518	8191	4156748	3618666	5831664	7364007	16776690	-8323728	-18	-155
2400	0	580	70	-212	1518	8191	4156758	3618669	5833328	7364095	16776724	-8323600	-34	-155
2401	0	580	72	-205	1518	8191	4156768	3616650	5833328	7363641	16776710	-8323728	-21	-155
2402	0	580	72	-208	1518	8191	4156778	3616748	5832560	7364101	16776681	-8323472	-36	-155
2403	0	580	90	-208	1518	8191	4156788	3616783	5832304	7364042	16776733	-8323600	-10	-155
2404	0	580	70	-223	1518	8191	4156798	3616753	5831920	7364210	16776685	-8323728	-40	-155
2405	0	580	65	-203	1518	8191	4156808	3616696	5831024	7363968	16776689	-8323728	-27	-155
2406	0	580	97	-212	1518	8191	4156819	3616473	5831792	7363660	16776662	-8323728	-43	-155
2407	0	580	91	-209	1518	8191	4156829	3616501	5831280	7364330	16776670	-8323728	-19	-155
2408	0	580	84	-197	1518	8191	4156839	3616828	5831664	7364478	16776673	-8323472	-20	-155
2409	0	580	56	-206	1518	8191	4156849	3616860	5831920	7364082	16776661	-8323600	-29	-155
2410	0	580	62	-199	1518	8191	4156859	3614373	5831280	7363893	16776666	-8323600	-33	-155
2411	0	580	75	-201	1518	8191	4156869	3614529	5830128	7364083	16776633	-8323728	-22	-155
2412	0	580	68	-204	1518	8191	4156879	3614572	5830896	7364191	16776684	-8323728	-28	-155
2413	0	640	68	-210	1480	8191	4156889	3614593	5829872	7363920	16776678	-8323856	-36	-163
2414	0	640	57	-205	1480	8191	4156899	3614362	5831792	7363838	16776649	-8323600	-19	-163
2415	0	640	103	-210	1480	8191	4156909	3614623	5831024	7364238	16776671	-8323728	-29	-163
2416	0	640	89	-196	1480	8191	4156920	3614558	5830768	7363824	16776670	-8323600	-28	-163
2417	0	640	50	-204	1480	8191	4156930	3614469	5830512	7364409	16776666	-8323728	-25	-163
2418	0	640	70	-193	1480	8191	4156940	3612531	5830256	7364140	16776643	-8323600	-27	-163
2419	0	640	50	-196	1480	8191	4156950	3612440	5830000	7364320	16776708	-8323600	-24	-163
2420	0	640	38	-198	1480	8191	4156960	3612473	5829360	7363904	16776642	-8323472	-18	-163
2421	0	640	61	-191	1480	8191	4156970	3612464	5830640	7364213	16776660	-8323728	-16	-163
2422	0	640	51	-197	1480	8191	4156980	3610171	5830384	7364161	16776666	-8323600	-24	-163
2423	0	640	98	-206	1480	8191	4156990	3610384	5829872	7364028	16776691	-8323728	-15	-163
2424	0	640	84	-192	1480	8191	4157000	3610547	5829744	7364001	16776720	-8323600	-21	-163
2425	0	640	57	-193	1480	8191	4157010	3610382	5830000	7363770	16776687	-8323728	-14	-163
2426	0	640	60	-193	1480	8191	4157021	3610271	5829616	7364412	16776711	-8323600	-24	-163
2427	0	640	98	-188	1480	8191	4157031	3610405	5829744	7364271	16776670	-8323600	-21	-163
2428	0	640	43	-195	1480	8191	4157041	3610229	5829616	7363645	16776685	-8323600	-28	-163
2429	0	640	66	-186	1480	8191	4157051	3610081	5828976	7363619	16776655	-8323728	-18	-163
2430	0	640	85	-193	1480	8191	4157061	3610297	5830000	7364124	16776648	-8323600	-13	-163
2431	0	640	78	-185	1480	8191	4157071	3610075	5829744	7363561	16776674	-8323728	-25	-163
2432	0	640	78	-190	1480	8191	4157081	3608341	5827824	7363814	16776678	-8323728	-22	-163
2433	0	728	47	-187	1468	8191	4157091	3608123	5828976	7364577	16776667	-8323728	-31	-210
2434	0	728	79	-193	1468	8191	4157101	3608149	5830000	7363832	16776684	-8323600	-19	-210
2435	0	728	102	-185	1468	8191	4157111	3607294	5829232	7363812	16776701	-8323600	-26	-210
2436	0	728	56	-195	1468	8191	4157122	3606082	5829104	7363538	16776687	-8323600	-22	-210
2437	0	728	68	-190	1468	8191	4157132	3606017	5828848	7363611	16776664	-8323600	-24	-210
2438	0	728	77	-190	1468	8191	4157142	3606227	5827824	7364119	16776693	-8323728	-23	-210
2439	0	728	45	-189	1468	8191	4157152	3606094	5827056	7363574	16776692	-8323728	-30	-210
2440	0	728	119	-185	1468	8191	4157162	3606124	5828080	7364018	16776677	-8323472	-21	-210
2441	0	728	45	-183	1468	8191	4157172	3605985	5827824	7364110	16776670	-8323600	-28	-210
2442	0	728	106	-188	1468	8191	4157182	3606089	5827824	7363317	16776683	-8323600	-19	-210
2443	0	728	75	-178	1468	8191	4157192	3605992	5828464	7363967	16776714	-8323600	-27	-210
2444	0	728	81	-187	1468	8191	4157202	3606246	5826800	7364198	16776691	-8323600	-22	-210
2445	0	728	98	-185	1468	8191	4157212	3605444	5828080	7364129	16776700	-8323728	-32	-210
2446	0	728	57	-182	1468	8191	4157223	3603999	5827056	7363794	16776689	-8323728	-34	-210
2447	0	728	113	-183	1468	8191	4157233	3603771	5828720	7363510	16776664	-8323600	-17	-210
2448	0	728	57	-186	1468	8191	4157243	3602059	5828592	7363413	16776667	-8323600	-23	-210
2449	0	728	31	-179	1468	8191	4157253	3601948	5827568	7364198	16776678	-8323472	-20	-210
2450	0	728	68	-189	1468	8191	4157263	3601913	5826672	7364224	16776686	-8323728	-36	-210
2451	0	728	68	-179	1468	8191	4157273	3601743	5827056	7363520	16776654	-8323728	-19	-210
2452	0	728	65	-179	1468	8191	4157283	3602066	5827696	7364028	16776690	-8323600	-31	-210
2453	0	781	83	-184	1470	8191	4157293	3602147	5827312	7364057	16776672	-8323600	-23	-247
2454	0	781	72	-182	1470	8191	4157303	3601885	5828208	7363731	16776693	-8323728	-38	-247
2455	0	781	19	-183	1470	8191	4157313	3601782	5826544	7363888	16776691	-8323600	-22	-247
2456	0	781	72	-175	1470	8191	4157324	3601952	5826544	7363648	16776663	-8323600	-36	-247
2457	0	781	69	-179	1470	8191	4157334	3601973	5826416	7364403	16776678	-8323728	-22	-247
2458	0	781	81	-178	1470	8191	4157344	3600545	5826288	7363929	16776670	-8323728	-42	-247
2459	0	781	102	-179	1470	8191	4157354	3600006	5826928	7363878	16776680	-8323728	-33	-247
2460	0	781	97	-178	1470	8191	4157364	3600100	5825904	7364404	16776646	-8323600	-33	-247
2461	0	781	50	-180	1470	8191	4157374	3599789	5826544	7364013	16776675	-8323728	-22	-247
2462	0	781	71	-175	1470	8191	4157384	3599923	5826160	7364525	16776667	-8323600	-30	-247
2463	0	781	97	-173	1470	8191	4157394	3599737	5826800	7364325	16776692	-8323856	-37	-247
2464	0	781	70	-172	1470	8191	4157404	3597886	5825904	7364005	16776669	-8323600	-19	-247
2465	0	781	22	-170	1470	8191	4157414	3597892	5825392	7364160	16776681	-8323600	-28	-247
2466	0	781	84	-176	1470	8191	4157425	3597784	5825904	7363895	16776647	-8323728	-24	-247
2467	0	781	106	-175	1470	8191	4157435	3597921	5825648	7364171	16776677	-8323600	-30	-247
2468	0	781	81	-177	1470	8191	4157445	3595827	5825136	7363796	16776671	-8323728	-34	-247
2469	0	781	71	-176	1470	8191	4157455	3597471	5825136	7363784	16776683	-8323728	-35	-247
2470	0	781	10	-179	1470	8191	4157465	3595892	5826416	7363719	16776665	-8323600	-21	-247
2471	0	781	56	-176	1470	8191	4157475	3595783	5825776	7363778	16776685	-8323600	-31	-247
2472	0	781	49	-178	1470	8191	4157485	3595721	5825264	7364146	16776684	-8323600	-35	-247
2473	0	781	51	-169	1470	8191	4157495	3594886	5825392	7363693	16776690	-8323728	-28	-247
2474	0	824	105	-171	1433	8191	4157505	3595572	5825264	7364101	16776693	-8323600	-33	-273
2475	0	824	54	-173	1433	8191	4157515	3593532	5825136	7363768	16776672	-8323600	-25	-273
2476	0	824	60	-171	1433	8191	4157526	3593842	5825008	7363769	16776664	-8323600	-37	-273
2477	0	824	46	-171	1433	8191	4157536	3593628	5825136	7363795	16776631	-8323600	-23	-273
2478	0	824	36	-163	1433	8191	4157546	3593675	5825136	7364254	16776678	-8323600	-22	-273
2479	0	824	99	-175	1433	8191	4157556	3593499	5825264	7363595	16776664	-8323472	-25	-273
2480	0	824	62	-160	1433	8191	4157566	3593427	5826032	7363287	16776648	-8323600	-24	-273
2481	0	824	100	-169	1433	8191	4157576	3593591	5825008	7363876	16776685	-8323600	-38	-273
2482	0	824	88	-174	1433	8191	4157586	3593628	5824368	7364249	16776656	-8323600	-23	-273
2483	0	824	81	-167	1433	8191	4157596	3593568	5824752	7363838	16776657	-8323600	-32	-273
2484	0	824	75	-162	1433	8191	4157606	3593456	5824496	7363922	16776649	-8323728	-25	-273
2485	0	824	86	-174	1433	8191	4157616	3592207	5825136	7364007	16776688	-8323728	-35	-273
2486	0	824	90	-160	1433	8191	4157627	3592708	5823984	7363771	16776686	-8323728	-25	-273
2487	0	824	97	-167	1433	8191	4157637	3591428	5824112	7363857	16776695	-8323472	-28	-273
2488	0	824	64	-170	1433	8191	4157647	3591463	5824112	7363903	16776654	-8323600	-24	-273
2489	0	824	52	-170	1433	8191	4157657	3591544	5823984	7363457	16776695	-8323728	-31	-273
2490	0	824	76	-169	1433	8191	4157667	3589681	5824624	7363678	16776647	-8323472	-32	-273
2491	0	824	86	-162	1433	8191	4157677	3589456	5823216	7364207	16776677	-8323600	-20	-273
2492	0	824	88	-163	1433	8191	4157687	3589642	5823472	7363619	16776690	-8323728	-32	-273
2493	0	824	69	-169	1433	8191	4157697	3589284	5823728	7363889	16776674	-8323728	-29	-273
2494	0	882	39	-163	1424	8191	4157707	3589362	5824112	7363521	16776688	-8323600	-30	-343
2495	0	882	54	-163	1424	8191	4157717	3589249	5823600	7363931	16776667	-8323472	-29	-343
2496	0	882	103	-169	1424	8191	4157728	3589966	5823216	7363772	16776666	-8323856	-29	-343
2497	0	882	95	-155	1424	8191	4157738	3589434	5822832	7363965	16776705	-8323728	-26	-343
2498	0	882	57	-164	1424	8191	4157748	3589256	5823216	7363472	16776664	-8323600	-21	-343
2499	0	882	43	-160	1424	8191	4157758	3589248	5824240	7364178	16776669	-8323600	-24	-343
2500	0	882	63	-152	1424	8191	4157768	3589171	5822576	7363446	16776663	-8323600	-34	-343
2501	0	882	69	-164	1424	8191	4157778	3589202	5822832	7363662	16776687	-8323600	-24	-343
2502	0	882	101	-158	1424	8191	4157788	3589321	5822576	7363539	16776664	-8323472	-27	-343
2503	0	882	71	-161	1424	8191	4157798	3589341	5822704	7363906	16776684	-8323600	-21	-343
2504	0	882	56	-156	1424	8191	4157808	3589342	5822960	7364234	16776727	-8323600	-29	-343
2505	0	882	78	-163	1424	8191	4157818	3589163	5822960	7363812	16776667	-8323600	-26	-343
2506	0	882	18	-155	1424	8191	4157829	3589408	5822320	7364058	16776680	-8323472	-27	-343
2507	0	882	41	-160	1424	8191	4157839	3589250	5822448	7363531	16776676	-8323472	-24	-343
2508	0	882	65	-155	1424	8191	4157849	3588986	5822064	7363499	16776652	-8323472	-27	-343
2509	0	882	49	-155	1424	8191	4157859	3587157	5821552	7363989	16776656	-8323600	-24	-343
2510	0	882	64	-155	1424	8191	4157869	3587226	5821936	7363786	16776660	-8323600	-26	-343
2511	0	882	75	-154	1424	8191	4157879	3587399	5822064	7364052	16776679	-8323600	-28	-343
2512	0	882	99	-160	1424	8191	4157889	3587342	5822448	7363622	16776685	-8323472	-31	-343
2513	0	882	91	-155	1424	8191	4157899	3586628	5821680	7363663	16776690	-8323472	-25	-343
2514	0	919	81	-154	1382	8191	4157909	3585672	5821552	7363494	16776675	-8323600	-31	-437
2515	0	919	86	-154	1382	8191	4157919	3585150	5821936	7364070	16776654	-8323600	-32	-437
2516	0	919	59	-156	1382	8191	4157930	3585103	5821040	7364173	16776704	-8323600	-33	-437
2517	0	919	115	-155	1382	8191	4157940	3585238	5821168	7363681	16776663	-8323600	-32	-437
2518	0	919	60	-153	1382	8191	4157950	3585380	5821424	7363757	16776671	-8323600	-35	-437
2519	0	919	59	-150	1382	8191	4157960	3585130	5821552	7363861	16776687	-8323600	-20	-437
2520	0	919	63	-143	1382	8191	4157970	3585139	5821936	7364066	16776667	-8323472	-25	-437
2521	0	919	70	-151	1382	8191	4157980	3585405	5821808	7363878	16776672	-8323600	-32	-437
2522	0	919	56	-153	1382	8191	4157990	3585278	5820784	7363799	16776664	-8323600	-30	-437
2523	0	919	75	-152	1382	8191	4158000	3585104	5821168	7364038	16776676	-8323600	-32	-437
2524	0	919	73	-148	1382	8191	4158010	3584136	5820528	7363968	16776667	-8323600	-33	-437
2525	0	919	98	-154	1382	8191	4158020	3581562	5820784	7363942	16776667	-8323600	-24	-437
2526	0	919	69	-147	1382	8191	4158031	3581591	5821168	7364298	16776685	-8323728	-42	-437
2527	0	919	105	-151	1382	8191	4158041	3580987	5821168	7364172	16776693	-8323728	-24	-437
2528	0	919	45	-151	1382	8191	4158051	3581032	5820528	7364128	16776719	-8323728	-37	-437
2529	0	919	31	-152	1382	8191	4158061	3580978	5820528	7363737	16776661	-8323472	-25	-437
2530	0	919	70	-154	1382	8191	4158071	3580973	5820400	7364161	16776702	-8323728	-40	-437
2531	0	919	46	-156	1382	8191	4158081	3581038	5820912	7363743	16776662	-8323600	-32	-437
2532	0	919	23	-143	1382	8191	4158091	3580952	5820144	7364159	16776723	-8323472	-27	-437
2533	0	919	90	-155	1382	8191	4158101	3581101	5819888	7363391	16776677	-8323728	-32	-437
2534	0	967	85	-145	1376	8191	4158111	3581050	5820656	7363788	16776707	-8323600	-32	-492
2535	0	967	47	-149	1376	8191	4158121	3580920	5820656	7363926	16776649	-8323728	-29	-492
2536	0	967	69	-142	1376	8191	4158132	3580863	5820400	7364104	16776710	-8323600	-28	-492
2537	0	967	99	-148	1376	8191	4158142	3581063	5820400	7363785	16776638	-8323728	-31	-492
2538	0	967	41	-143	1376	8191	4158152	3580864	5820528	7364101	16776691	-8323472	-33	-492
2539	0	967	76	-144	1376	8191	4158162	3580350	5819760	7363154	16776690	-8323600	-37	-492
2540	0	967	74	-143	1376	8191	4158172	3579210	5820016	7363742	16776687	-8323728	-25	-492
2541	0	967	100	-152	1376	8191	4158182	3578833	5819888	7364264	16776671	-8323472	-34	-492
2542	0	967	78	-141	1376	8191	4158192	3579006	5820016	7363922	16776689	-8323728	-31	-492
2543	0	967	138	-152	1376	8191	4158202	3579142	5819760	7363714	16776701	-8323600	-37	-492
2544	0	967	49	-143	1376	8191	4158212	3578994	5819248	7363933	16776710	-8323600	-34	-492
2545	0	967	77	-143	1376	8191	4158222	3578850	5819120	7363538	16776700	-8323600	-25	-492
2546	0	967	62	-146	1376	8191	4158233	3576829	5819376	7364271	16776640	-8323600	-30	-492
2547	0	967	41	-147	1376	8191	4158243	3576840	5819376	7364104	16776685	-8323600	-31	-492
2548	0	967	92	-135	1376	8191	4158253	3576968	5820016	7363936	16776703	-8323600	-39	-492
2549	0	967	28	-139	1376	8191	4158263	3576782	5819120	7364138	16776690	-8323728	-26	-492
2550	0	967	49	-140	1376	8191	4158273	3577021	5819248	7364236	16776734	-8323728	-34	-492
2551	0	967	97	-143	1376	8191	4158283	3576964	5819632	7364248	16776635	-8323472	-25	-492
2552	0	967	62	-132	1376	8191	4158293	3577062	5818480	7364174	16776666	-8323728	-41	-492
2553	0	967	44	-141	1376	8191	4158303	3576817	5818352	7363940	16776756	-8323728	-18	-492
2554	0	1006	2	-141	1370	8191	4158313	3576781	5818864	7364156	16776696	-8323728	-33	-528
2555	0	1006	94	-139	1370	8191	4158323	3576863	5818608	7364206	16776700	-8323600	-32	-528
2556	0	1006	108	-144	1370	8191	4158334	3576933	5818352	7363966	16776664	-8323600	-27	-528
2557	0	1006	75	-144	1370	8191	4158344	3576938	5818864	7363568	16776697	-8323600	-33	-528
2558	0	1006	62	-142	1370	8191	4158354	3576901	5819376	7364072	16776663	-8323600	-28	-528
2559	0	1006	49	-136	1370	8191	4158364	3577043	5818608	7363954	16776673	-8323728	-31	-528
2560	0	1006	75	-137	1370	8191	4158374	3576744	5819120	7363564	16776652	-8323472	-26	-528
2561	0	1006	69	-134	1370	8191	4158384	3576968	5818608	7363841	16776662	-8323600	-34	-528
2562	0	1006	86	-136	1370	8191	4158394	3576844	5818608	7364096	16776659	-8323728	-26	-528
2563	0	1006	70	-130	1370	8191	4158404	3577043	5818864	7364132	16776667	-8323472	-32	-528
2564	0	1006	80	-138	1370	8191	4158414	3576898	5819120	7363904	16776670	-8323728	-23	-528
2565	0	1006	63	-135	1370	8191	4158424	3576980	5818608	7363894	16776662	-8323600	-34	-528
2566	0	1006	45	-134	1370	8191	4158435	3574807	5817968	7363898	16776669	-8323600	-34	-528
2567	0	1006	70	-143	1370	8191	4158445	3574831	5817712	7364104	16776664	-8323600	-21	-528
2568	0	1006	94	-136	1370	8191	4158455	3574814	5818096	7363935	16776711	-8323600	-31	-528
2569	0	1006	77	-138	1370	8191	4158465	3574915	5817456	7364197	16776652	-8323600	-23	-528
2570	0	1006	66	-131	1370	8191	4158475	3574852	5818096	7364189	16776667	-8323728	-41	-528
2571	0	1006	68	-141	1370	8191	4158485	3574736	5817712	7363537	16776663	-8323600	-24	-528
2572	0	1006	81	-133	1370	8191	4158495	3574894	5816944	7364022	16776668	-8323472	-30	-528
2573	0	1006	85	-138	1370	8191	4158505	3575051	5818096	7363905	16776655	-8323600	-16	-528
2574	0	1040	72	-134	1324	8191	4158515	3574864	5818864	7364087	16776684	-8323600	-36	-635
2575	0	1040	73	-139	1324	8191	4158525	3574740	5817072	7364198	16776679	-8323600	-25	-635
2576	0	1040	40	-132	1324	8191	4158536	3574783	5817328	7364014	16776738	-8323600	-30	-635
2577	0	1040	80	-134	1324	8191	4158546	3574870	5816688	7363925	16776659	-8323472	-24	-635
2578	0	1040	77	-131	1324	8191	4158556	3572627	5817584	7363849	16776685	-8323600	-28	-635
2579	0	1040	75	-131	1324	8191	4158566	3574713	5817328	7363962	16776647	-8323728	-32	-635
2580	0	1040	72	-131	1324	8191	4158576	3572719	5817968	7363822	16776673	-8323600	-35	-635
2581	0	1040	37	-124	1324	8191	4158586	3572773	5816304	7364548	16776675	-8323600	-26	-635
2582	0	1040	41	-131	1324	8191	4158596	3572826	5817200	7363737	16776681	-8323600	-24	-635
2583	0	1040	59	-131	1324	8191	4158606	3572970	5816176	7363794	16776689	-8323600	-29	-635
2584	0	1040	102	-130	1324	8191	4158616	3572582	5818224	7363735	16776690	-8323600	-30	-635
2585	0	1040	23	-129	1324	8191	4158626	3572613	5816944	7363596	16776694	-8323472	-35	-635
2586	0	1040	83	-134	1324	8191	4158637	3572646	5816176	7363792	16776673	-8323600	-28	-635
2587	0	1040	98	-127	1324	8191	4158647	3572215	5817712	7364656	16776707	-8323472	-27	-635
2588	0	1040	82	-134	1324	8191	4158657	3571307	5816048	7364072	16776710	-8323600	-27	-635
2589	0	1040	79	-127	1324	8191	4158667	3570755	5817456	7364099	16776687	-8323600	-20	-635
2590	0	1040	50	-129	1324	8191	4158677	3570464	5816816	7363703	16776669	-8323600	-34	-635
2591	0	1040	90	-133	1324	8191	4158687	3570544	5817328	7363763	16776672	-8323728	-31	-635
2592	0	1040	58	-125	1324	8191	4158697	3570588	5815664	7364030	16776696	-8323600	-32	-635
2593	0	1040	57	-127	1324	8191	4158707	3570484	5816944	7363676	16776659	-8323600	-27	-635
2594	0	1067	79	-128	1300	8191	4158717	3570315	5816560	7363708	16776697	-8323600	-27	-765
2595	0	1067	53	-127	1300	8191	4158727	3570424	5816560	7364202	16776697	-8323472	-29	-765
2596	0	1067	49	-130	1300	8191	4158738	3568296	5817584	7363605	16776716	-8323728	-25	-765
2597	0	1067	33	-132	1300	8191	4158748	3568439	5816560	7364245	16776651	-8323600	-31	-765
2598	0	1067	103	-123	1300	8191	4158758	3568287	5817840	7363823	16776683	-8323600	-33	-765
2599	0	1067	81	-123	1300	8191	4158768	3568371	5817968	7363528	16776685	-8323728	-36	-765
2600	0	1067	62	-126	1300	8191	4158778	3568506	5815408	7363717	16776686	-8323728	-30	-765
2601	0	1067	17	-126	1300	8191	4158788	3568272	5816816	7364130	16776685	-8323472	-25	-765
2602	0	1067	56	-133	1300	8191	4158798	3568495	5816944	7363629	16776680	-8323600	-32	-765
2603	0	1067	64	-122	1300	8191	4158808	3568390	5817456	7363696	16776683	-8323600	-35	-765
2604	0	1067	51	-125	1300	8191	4158818	3568229	5816304	7363641	16776687	-8323600	-34	-765
2605	0	1067	80	-126	1300	8191	4158828	3568377	5815536	7363177	16776655	-8323600	-26	-765
2606	0	1067	67	-122	1300	8191	4158839	3568250	5815536	7363840	16776681	-8323472	-33	-765
2607	0	1067	78	-120	1300	8191	4158849	3568266	5817456	7363415	16776691	-8323600	-27	-765
2608	0	1067	58	-125	1300	8191	4158859	3568274	5817072	7363716	16776694	-8323600	-32	-765
2609	0	1067	79	-124	1300	8191	4158869	3568549	5815664	7363798	16776695	-8323600	-20	-765
2610	0	1067	60	-126	1300	8191	4158879	3568452	5816816	7363843	16776707	-8323728	-29	-765
2611	0	1067	70	-125	1300	8191	4158889	3568249	5816944	7363937	16776699	-8323600	-27	-765
2612	0	1067	88	-117	1300	8191	4158899	3568138	5815536	7363691	16776729	-8323728	-28	-765
2613	0	1067	76	-124	1300	8191	4158909	3566816	5815408	7363672	16776699	-8323600	-33	-765
2614	0	1067	99	-122	1300	8191	4158919	3566352	5815024	7363498	16776664	-8323600	-32	-765
2615	0	1069	54	-125	1285	8191	4158929	3566183	5816688	7363756	16776662	-8323600	-30	-832
2616	0	1069	78	-122	1285	8191	4158940	3566217	5815408	7364243	16776614	-8323600	-27	-832
2617	0	1069	64	-114	1285	8191	4158950	3566346	5815280	7363417	16776665	-8323728	-25	-832
2618	0	1069	81	-124	1285	8191	4158960	3566263	5815280	7363392	16776686	-8323600	-28	-832
2619	0	1069	28	-118	1285	8191	4158970	3566358	5815280	7363443	16776682	-8323728	-36	-832
2620	0	1069	113	-118	1285	8191	4158980	3566298	5815152	7363923	16776691	-8323344	-31	-832
2621	0	1069	85	-116	1285	8191	4158990	3564210	5815152	7363454	16776673	-8323600	-30	-832
2622	0	1069	61	-126	1285	8191	4159000	3566232	5816432	7363405	16776686	-8323472	-25	-832
2623	0	1069	63	-119	1285	8191	4159010	3564399	5815664	7363836	16776720	-8323600	-34	-832
2624	0	1069	60	-123	1285	8191	4159020	3564191	5815664	7363534	16776682	-8323600	-24	-832
2625	0	1069	43	-123	1285	8191	4159030	3564034	5814640	7363756	16776640	-8323728	-29	-832
2626	0	1069	86	-118	1285	8191	4159041	3564251	5814896	7363974	16776684	-8323728	-20	-832
2627	0	1069	43	-116	1285	8191	4159051	3564220	5814128	7363944	16776677	-8323600	-38	-832
2628	0	1069	63	-116	1285	8191	4159061	3564079	5814640	7363427	16776668	-8323472	-29	-832
2629	0	1069	77	-116	1285	8191	4159071	3564027	5815792	7363337	16776685	-8323600	-28	-832
2630	0	1069	50	-124	1285	8191	4159081	3564145	5814512	7364233	16776679	-8323472	-38	-832
2631	0	1069	68	-125	1285	8191	4159091	3564066	5815664	7363178	16776720	-8323472	-33	-832
2632	0	1069	56	-115	1285	8191	4159101	3564265	5814768	7363587	16776699	-8323600	-38	-832
2633	0	1069	92	-118	1285	8191	4159111	3564116	5815408	7363772	16776656	-8323600	-24	-832
2634	0	1069	53	-115	1285	8191	4159121	3564144	5814256	7363701	16776655	-8323600	-35	-832
2635	0	1053	63	-112	1254	8191	4159131	3564145	5815920	7363462	16776660	-8323600	-27	-885
2636	0	1053	81	-115	1254	8191	4159142	3564058	5814384	7363321	16776730	-8323472	-30	-885
2637	0	1053	28	-123	1254	8191	4159152	3564203	5814768	7363860	16776705	-8323600	-25	-885
2638	0	1053	64	-116	1254	8191	4159162	3564096	5814512	7364009	16776661	-8323472	-35	-885
2639	0	1053	71	-114	1254	8191	4159172	3563198	5814384	7363967	16776688	-8323600	-30	-885
2640	0	1053	99	-116	1254	8191	4159182	3562138	5813872	7363660	16776674	-8323600	-37	-885
2641	0	1053	52	-112	1254	8191	4159192	3562893	5814256	7363031	16776676	-8323600	-26	-885
2642	0	1053	60	-116	1254	8191	4159202	3562039	5814640	7363243	16776675	-8323600	-29	-885
2643	0	1053	98	-117	1254	8191	4159212	3562324	5813872	7363319	16776668	-8323600	-29	-885
2644	0	1053	34	-117	1254	8191	4159222	3562068	5814256	7363818	16776697	-8323600	-30	-885
2645	0	1053	84	-119	1254	8191	4159232	3562009	5813872	7363866	16776689	-8323728	-35	-885
2646	0	1053	105	-116	1254	8191	4159243	3562132	5813360	7363986	16776656	-8323472	-26	-885
2647	0	1053	62	-120	1254	8191	4159253	3562402	5815536	7364225	16776731	-8323600	-30	-885
2648	0	1053	66	-116	1254	8191	4159263	3562464	5814768	7364284	16776680	-8323600	-32	-885
2649	0	1053	74	-115	1254	8191	4159273	3562260	5813616	7363521	16776689	-8323728	-29	-885
2650	0	1053	73	-112	1254	8191	4159283	3562239	5814128	7363742	16776649	-8323600	-30	-885
2651	0	1053	52	-120	1254	8191	4159293	3562147	5812720	7363921	16776680	-8323600	-24	-885
2652	0	1053	81	-111	1254	8191	4159303	3562097	5814256	7363630	16776646	-8323472	-27	-885
2653	0	1053	86	-115	1254	8191	4159313	3562277	5813232	7363732	16776656	-8323472	-28	-885
2654	0	1053	46	-118	1254	8191	4159323	3562118	5812720	7363688	16776670	-8323728	-27	-885
2655	0	1046	63	-114	1201	8191	4159333	3562214	5812976	7364146	16776714	-8323600	-23	-1004
2656	0	1046	100	-113	1201	8191	4159344	3562271	5813744	7364518	16776719	-8323728	-31	-1004
2657	0	1046	96	-112	1201	8191	4159354	3562154	5814000	7363880	16776720	-8323344	-26	-1004
2658	0	1046	89	-114	1201	8191	4159364	3562090	5813360	7363674	16776668	-8323600	-25	-1004
2659	0	1046	53	-111	1201	8191	4159374	3562146	5814384	7364135	16776682	-8323472	-24	-1004
2660	0	1046	62	-114	1201	8191	4159384	3562104	5813488	7363767	16776671	-8323472	-25	-1004
2661	0	1046	83	-117	1201	8191	4159394	3562117	5813232	7364124	16776694	-8323600	-21	-1004
2662	0	1046	7	-115	1201	8191	4159404	3560047	5813872	7363837	16776627	-8323472	-30	-1004
2663	0	1046	31	-115	1201	8191	4159414	3560004	5814128	7364239	16776687	-8323472	-29	-1004
2664	0	1046	46	-116	1201	8191	4159424	3559821	5813232	7363895	16776695	-8323472	-34	-1004
2665	0	1046	114	-111	1201	8191	4159434	3559833	5812848	7363557	16776699	-8323600	-24	-1004
2666	0	1046	68	-110	1201	8191	4159445	3557854	5813360	7363444	16776599	-8323600	-30	-1004
2667	0	1046	63	-111	1201	8191	4159455	3557832	5814256	7363727	16776676	-8323728	-32	-1004
2668	0	1046	45	-108	1201	8191	4159465	3557804	5813232	7364013	16776714	-8323600	-25	-1004
2669	0	1046	69	-108	1201	8191	4159475	3557956	5812464	7363752	16776660	-8323600	-26	-1004
2670	0	1046	107	-109	1201	8191	4159485	3557982	5812464	7363625	16776693	-8323472	-29	-1004
2671	0	1046	66	-109	1201	8191	4159495	3555974	5813360	7363771	16776625	-8323472	-26	-1004
2672	0	1046	58	-107	1201	8191	4159505	3557760	5812336	7363989	16776637	-8323600	-24	-1004
2673	0	1046	37	-118	1201	8191	4159515	3557750	5813360	7363937	16776714	-8323472	-28	-1004
2674	0	1046	43	-110	1201	8191	4159525	3555937	5814000	7363982	16776612	-8323600	-30	-1004
2675	0	1020	79	-109	1179	8191	4159535	3556130	5812976	7363779	16776684	-8323600	-28	-1104
2676	0	1020	58	-112	1179	8191	4159546	3555634	5812592	7363586	16776712	-8323728	-30	-1104
2677	0	1020	52	-109	1179	8191	4159556	3555872	5812848	7363917	16776677	-8323600	-26	-1104
2678	0	1020	69	-111	1179	8191	4159566	3555899	5813360	7364020	16776676	-8323472	-30	-1104
2679	0	1020	33	-114	1179	8191	4159576	3555850	5813744	7363712	16776623	-8323600	-24	-1104
2680	0	1020	85	-112	1179	8191	4159586	3555878	5812848	7363559	16776695	-8323600	-35	-1104
2681	0	1020	53	-110	1179	8191	4159596	3555628	5812336	7363959	16776692	-8323600	-26	-1104
2682	0	1020	43	-105	1179	8191	4159606	3555679	5812720	7363579	16776686	-8323600	-30	-1104
2683	0	1020	74	-109	1179	8191	4159616	3555681	5812336	7363650	16776695	-8323472	-25	-1104
2684	0	1020	63	-107	1179	8191	4159626	3555574	5811824	7363289	16776640	-8323600	-27	-1104
2685	0	1020	76	-108	1179	8191	4159636	3555724	5812592	7363991	16776643	-8323472	-27	-1104
2686	0	1020	66	-110	1179	8191	4159647	3555943	5812592	7363688	16776670	-8323728	-25	-1104
2687	0	1020	85	-110	1179	8191	4159657	3555865	5812976	7363352	16776716	-8323728	-27	-1104
2688	0	1020	87	-107	1179	8191	4159667	3555580	5812976	7363556	16776645	-8323728	-29	-1104
2689	0	1020	112	-107	1179	8191	4159677	3555863	5812592	7363639	16776696	-8323728	-31	-1104
2690	0	1020	45	-105	1179	8191	4159687	3555713	5812080	7363742	16776699	-8323600	-28	-1104
2691	0	1020	42	-105	1179	8191	4159697	3555774	5811824	7363535	16776657	-8323472	-30	-1104
2692	0	1020	59	-105	1179	8191	4159707	3555727	5811056	7363966	16776679	-8323600	-23	-1104
2693	0	1020	63	-100	1179	8191	4159717	3555846	5811568	7364049	16776675	-8323600	-25	-1104
2694	0	1020	94	-109	1179	8191	4159727	3555754	5812208	7363891	16776673	-8323472	-28	-1104
2695	0	974	52	-109	1131	8191	4159737	3555721	5812080	7363721	16776685	-8323600	-30	-1191
2696	0	974	56	-103	1131	8191	4159748	3555666	5812080	7363376	16776723	-8323600	-27	-1191
2697	0	974	57	-106	1131	8191	4159758	3555718	5811824	7364088	16776669	-8323472	-24	-1191
2698	0	974	58	-101	1131	8191	4159768	3556017	5812336	7363283	16776686	-8323600	-31	-1191
2699	0	974	75	-102	1131	8191	4159778	3555855	5811824	7363872	16776677	-8323472	-35	-1191
2700	0	974	85	-103	1131	8191	4159788	3555905	5811184	7363653	16776674	-8323728	-23	-1191
2701	0	974	83	-111	1131	8191	4159798	3555864	5810928	7363453	16776723	-8323472	-31	-1191
2702	0	974	47	-109	1131	8191	4159808	3555756	5812464	7363828	16776659	-8323472	-26	-1191
2703	0	974	85	-102	1131	8191	4159818	3555677	5812464	7363715	16776685	-8323600	-34	-1191
2704	0	974	71	-100	1131	8191	4159828	3555855	5812208	7364122	16776682	-8323600	-22	-1191
2705	0	974	66	-106	1131	8191	4159838	3555696	5812592	7363816	16776695	-8323472	-31	-1191
2706	0	974	65	-104	1131	8191	4159849	3555967	5811440	7363543	16776654	-8323600	-31	-1191
2707	0	974	80	-103	1131	8191	4159859	3555885	5812592	7363825	16776691	-8323728	-32	-1191
2708	0	974	14	-104	1131	8191	4159869	3555800	5812464	7363932	16776664	-8323600	-35	-1191
2709	0	974	22	-106	1131	8191	4159879	3555923	5810928	7363662	16776692	-8323600	-29	-1191
2710	0	974	56	-106	1131	8191	4159889	3555612	5811312	7363883	16776674	-8323472	-27	-1191
2711	0	974	82	-105	1131	8191	4159899	3555777	5811824	7364024	16776685	-8323600	-31	-1191
2712	0	974	78	-102	1131	8191	4159909	3555785	5811696	7363765	16776660	-8323600	-31	-1191
2713	0	974	78	-98	1131	8191	4159919	3555846	5812080	7363775	16776670	-8323728	-24	-1191
2714	0	974	77	-101	1131	8191	4159929	3555961	5810288	7363559	16776685	-8323472	-34	-1191
2715	0	935	54	-104	1100	8191	4159939	3555856	5812080	7363805	16776701	-8323728	-21	-1260
2716	0	935	90	-102	1100	8191	4159950	3553717	5812336	7363983	16776664	-8323600	-29	-1260
2717	0	935	87	-107	1100	8191	4159960	3553877	5811312	7364553	16776676	-8323600	-29	-1260
2718	0	935	105	-100	1100	8191	4159970	3553709	5811312	7363445	16776688	-8323600	-28	-1260
2719	0	935	94	-101	1100	8191	4159980	3553780	5811952	7364054	16776670	-8323472	-29	-1260
2720	0	935	57	-106	1100	8191	4159990	3553729	5811824	7363869	16776668	-8323600	-30	-1260
2721	0	935	64	-100	1100	8191	4160000	3553560	5812464	7363580	16776728	-8323728	-34	-1260
2722	0	935	51	-103	1100	8191	4160010	3553755	5811312	7363841	16776696	-8323600	-33	-1260
2723	0	935	43	-99	1100	8191	4160020	3553580	5811696	7363909	16776686	-8323600	-23	-1260
2724	0	935	89	-106	1100	8191	4160030	3553505	5811184	7363733	16776641	-8323600	-27	-1260
2725	0	935	46	-106	1100	8191	4160040	3553449	5811312	7363875	16776657	-8323472	-24	-1260
2726	0	935	78	-98	1100	8191	4160051	3553703	5811824	7363583	16776676	-8323600	-29	-1260
2727	0	935	45	-102	1100	8191	4160061	3553743	5812208	7364086	16776687	-8323600	-24	-1260
2728	0	935	70	-106	1100	8191	4160071	3553872	5810672	7363857	16776690	-8323600	-34	-1260
2729	0	935	52	-102	1100	8191	4160081	3553913	5811312	7363943	16776662	-8323472	-31	-1260
2730	0	935	58	-104	1100	8191	4160091	3553830	5811312	7363641	16776670	-8323472	-31	-1260
2731	0	935	99	-100	1100	8191	4160101	3553760	5811952	7364143	16776637	-8323600	-36	-1260
2732	0	935	33	-104	1100	8191	4160111	3553896	5810160	7364072	16776695	-8323600	-27	-1260
2733	0	935	97	-98	1100	8191	4160121	3553753	5810672	7363978	16776637	-8323728	-26	-1260
2734	0	935	109	-100	1100	8191	4160131	3553612	5811056	7363953	16776660	-8323600	-26	-1260
2735	0	882	101	-101	1027	8191	4160141	3553909	5810032	7363867	16776661	-8323600	-28	-1315
2736	0	882	91	-103	1027	8191	4160152	3553904	5810672	7363758	16776660	-8323600	-21	-1315
2737	0	882	46	-103	1027	8191	4160162	3553795	5811696	7364270	16776652	-8323600	-33	-1315
2738	0	882	78	-96	1027	8191	4160172	3553464	5811056	7363982	16776648	-8323728	-24	-1315
2739	0	882	77	-100	1027	8191	4160182	3553959	5809904	7363988	16776656	-8323600	-31	-1315
2740	0	882	104	-100	1027	8191	4160192	3553950	5810800	7363723	16776675	-8323600	-22	-1315
2741	0	882	69	-101	1027	8191	4160202	3553708	5811568	7363859	16776680	-8323600	-29	-1315
2742	0	882	73	-97	1027	8191	4160212	3553730	5810032	7364166	16776684	-8323728	-29	-1315
2743	0	882	65	-104	1027	8191	4160222	3553623	5809904	7363913	16776646	-8323600	-29	-1315
2744	0	882	61	-100	1027	8191	4160232	3553700	5810672	7364095	16776727	-8323600	-32	-1315
2745	0	882	63	-103	1027	8191	4160242	3553764	5810800	7363995	16776691	-8323600	-28	-1315
2746	0	882	56	-97	1027	8191	4160253	3553728	5811696	7363713	16776636	-8323600	-35	-1315
2747	0	882	71	-99	1027	8191	4160263	3553711	5811824	7364308	16776713	-8323600	-23	-1315
2748	0	882	90	-99	1027	8191	4160273	3553821	5811056	7364225	16776685	-8323600	-30	-1315
2749	0	882	48	-102	1027	8191	4160283	3553730	5811056	7364381	16776729	-8323600	-28	-1315
2750	0	882	169	-101	1027	8191	4160293	3553581	5810416	7363973	16776648	-8323728	-31	-1315
2751	0	882	134	-107	1027	8191	4160303	3553802	5811056	7364218	16776668	-8323472	-25	-1315
2752	0	882	89	-98	1027	8191	4160313	3553497	5810288	7363979	16776708	-8323472	-29	-1315
2753	0	882	69	-97	1027	8191	4160323	3551584	5810800	7363672	16776668	-8323600	-25	-1315
2754	0	882	111	-103	1027	8191	4160333	3552132	5810928	7364051	16776655	-8323728	-27	-1315
2755	0	882	60	-100	1027	8191	4160343	3551855	5810544	7364169	16776655	-8323600	-24	-1315
2756	0	804	116	-101	987	8191	4160354	3551813	5810288	7364091	16776660	-8323600	-28	-1421
2757	0	804	74	-100	987	8191	4160364	3551668	5811952	7364091	16776694	-8323600	-32	-1421
2758	0	804	75	-97	987	8191	4160374	3551689	5811312	7364020	16776649	-8323600	-23	-1421
2759	0	804	101	-99	987	8191	4160384	3551724	5811184	7364152	16776674	-8323728	-31	-1421
2760	0	804	49	-105	987	8191	4160394	3551510	5811440	7363726	16776674	-8323472	-25	-1421
2761	0	804	93	-95	987	8191	4160404	3551502	5810928	7363915	16776678	-8323472	-22	-1421
2762	0	804	89	-97	987	8191	4160414	3551446	5810928	7363958	16776691	-8323600	-22	-1421
2763	0	804	64	-99	987	8191	4160424	3551585	5810800	7363954	16776627	-8323600	-21	-1421
2764	0	804	53	-95	987	8191	4160434	3551822	5810928	7363813	16776672	-8323600	-16	-1421
2765	0	804	91	-104	987	8191	4160444	3553723	5810288	7364124	16776700	-8323600	-25	-1421
2766	0	804	74	-100	987	8191	4160455	3551702	5809776	7363543	16776683	-8323728	-21	-1421
2767	0	804	95	-97	987	8191	4160465	3551661	5810544	7363751	16776669	-8323728	-25	-1421
2768	0	804	86	-102	987	8191	4160475	3551671	5810672	7364037	16776710	-8323472	-28	-1421
2769	0	804	91	-97	987	8191	4160485	3551628	5810416	7363444	16776675	-8323472	-22	-1421
2770	0	804	63	-97	987	8191	4160495	3551590	5810800	7363496	16776677	-8323600	-21	-1421
2771	0	804	84	-98	987	8191	4160505	3551710	5810416	7363589	16776670	-8323856	-21	-1421
2772	0	804	79	-99	987	8191	4160515	3551762	5810544	7364246	16776701	-8323600	-25	-1421
2773	0	804	71	-98	987	8191	4160525	3551533	5810928	7364471	16776657	-8323600	-16	-1421
2774	0	804	99	-100	987	8191	4160535	3551745	5810416	7363792	16776693	-8323600	-22	-1421
2775	0	804	63	-102	987	8191	4160545	3551518	5810032	7363186	16776694	-8323600	-24	-1421
2776	0	754	52	-99	931	8191	4160556	3551804	5811824	7363869	16776678	-8323600	-26	-1483
2777	0	754	86	-99	931	8191	4160566	3551682	5810416	7363311	16776685	-8323600	-25	-1483
2778	0	754	84	-102	931	8191	4160576	3551474	5809520	7363197	16776705	-8323600	-20	-1483
2779	0	754	89	-100	931	8191	4160586	3551510	5810032	7363343	16776664	-8323472	-26	-1483
2780	0	754	103	-100	931	8191	4160596	3551604	5810288	7363775	16776645	-8323600	-23	-1483
2781	0	754	99	-98	931	8191	4160606	3551685	5810160	7363234	16776643	-8323728	-26	-1483
2782	0	754	54	-99	931	8191	4160616	3551485	5809648	7363568	16776698	-8323728	-20	-1483
2783	0	754	73	-104	931	8191	4160626	3551332	5810928	7363498	16776694	-8323728	-29	-1483
2784	0	754	56	-100	931	8191	4160636	3551537	5809520	7363636	16776722	-8323472	-22	-1483
2785	0	754	60	-101	931	8191	4160646	3551442	5810416	7363947	16776664	-8323600	-26	-1483
2786	0	754	71	-100	931	8191	4160657	3551400	5809776	7363317	16776681	-8323600	-25	-1483
2787	0	754	32	-97	931	8191	4160667	3551637	5810800	7363905	16776663	-8323472	-27	-1483
2788	0	754	80	-97	931	8191	4160677	3549685	5810672	7363987	16776695	-8323600	-26	-1483
2789	0	754	93	-100	931	8191	4160687	3551819	5810416	7363717	16776682	-8323600	-27	-1483
2790	0	754	112	-100	931	8191	4160697	3551625	5810032	7363625	16776692	-8323600	-25	-1483
2791	0	754	101	-98	931	8191	4160707	3551782	5809648	7363919	16776676	-8323600	-16	-1483
2792	0	754	109	-96	931	8191	4160717	3551719	5810032	7363596	16776693	-8323600	-23	-1483
2793	0	754	79	-94	931	8191	4160727	3549658	5810416	7364142	16776683	-8323472	-20	-1483
2794	0	754	99	-95	931	8191	4160737	3550116	5809904	7363517	16776701	-8323600	-18	-1483
2795	0	754	40	-101	931	8191	4160747	3550614	5810416	7363955	16776682	-8323472	-17	-1483
2796	0	655	57	-93	890	8191	4160758	3550541	5810288	7363930	16776664	-8323600	-24	-1539
2797	0	655	83	-99	890	8191	4160768	3550081	5811184	7363879	16776685	-8323600	-26	-1539
2798	0	655	77	-97	890	8191	4160778	3549356	5810032	7363605	16776701	-8323600	-25	-1539
2799	0	655	77	-96	890	8191	4160788	3551027	5809392	7363668	16776688	-8323728	-16	-1539
2800	0	655	77	-89	890	8191	4160798	3549465	5809648	7363524	16776702	-8323472	-28	-1539
2801	0	655	73	-95	890	8191	4160808	3549598	5809904	7363852	16776719	-8323600	-23	-1539
2802	0	655	109	-98	890	8191	4160818	3549610	5810032	7364239	16776681	-8323600	-28	-1539
2803	0	655	113	-100	890	8191	4160828	3549542	5810544	7363718	16776664	-8323600	-22	-1539
2804	0	655	57	-98	890	8191	4160838	3551615	5810416	7363621	16776685	-8323600	-21	-1539
2805	0	655	58	-98	890	8191	4160848	3549640	5810544	7363874	16776692	-8323600	-23	-1539
2806	0	655	89	-90	890	8191	4160859	3549787	5810416	7363909	16776685	-8323600	-27	-1539
2807	0	655	44	-97	890	8191	4160869	3550189	5811312	7363808	16776682	-8323472	-31	-1539
2808	0	655	65	-93	890	8191	4160879	3550468	5810672	7364101	16776660	-8323472	-25	-1539
2809	0	655	62	-92	890	8191	4160889	3549594	5809648	7363563	16776704	-8323600	-29	-1539
2810	0	655	78	-95	890	8191	4160899	3549576	5810672	7363635	16776658	-8323600	-27	-1539
2811	0	655	75	-92	890	8191	4160909	3549488	5810032	7363644	16776670	-8323600	-28	-1539
2812	0	655	81	-95	890	8191	4160919	3549434	5810032	7363667	16776667	-8323728	-24	-1539
2813	0	655	90	-100	890	8191	4160929	3549726	5809392	7363615	16776667	-8323600	-25	-1539
2814	0	655	89	-103	890	8191	4160939	3549493	5809520	7363475	16776690	-8323472	-30	-1539
2815	0	655	56	-92	890	8191	4160949	3549737	5810544	7363785	16776688	-8323728	-27	-1539
2816	0	560	51	-94	824	8191	4160960	3549610	5810288	7363523	16776691	-8323600	-29	-1576
2817	0	560	60	-97	824	8191	4160970	3549472	5810288	7363559	16776683	-8323600	-25	-1576
2818	0	560	62	-94	824	8191	4160980	3549556	5809392	7363297	16776706	-8323728	-21	-1576
2819	0	560	49	-96	824	8191	4160990	3549735	5809776	7363571	16776646	-8323728	-26	-1576
2820	0	560	71	-95	824	8191	4161000	3549631	5810672	7364173	16776631	-8323600	-29	-1576
2821	0	560	94	-94	824	8191	4161010	3549759	5809648	7363788	16776662	-8323472	-25	-1576
2822	0	560	75	-92	824	8191	4161020	3549491	5811440	7363933	16776699	-8323472	-19	-1576
2823	0	560	73	-101	824	8191	4161030	3550043	5810672	7364199	16776680	-8323600	-19	-1576
2824	0	560	96	-103	824	8191	4161040	3549594	5811056	7363783	16776696	-8323728	-25	-1576
2825	0	560	95	-92	824	8191	4161050	3549428	5809264	7364140	16776688	-8323472	-19	-1576
2826	0	560	61	-101	824	8191	4161061	3549471	5808752	7364041	16776664	-8323728	-20	-1576
2827	0	560	69	-93	824	8191	4161071	3549490	5808752	7363321	16776691	-8323600	-27	-1576
2828	0	560	58	-99	824	8191	4161081	3549500	5810416	7363774	16776700	-8323472	-30	-1576
2829	0	560	56	-95	824	8191	4161091	3549638	5810416	7363862	16776669	-8323600	-32	-1576
2830	0	560	81	-100	824	8191	4161101	3549347	5809776	7363774	16776654	-8323600	-20	-1576
2831	0	560	77	-99	824	8191	4161111	3549396	5809776	7363608	16776672	-8323728	-21	-1576
2832	0	560	46	-96	824	8191	4161121	3549415	5810544	7363428	16776650	-8323600	-18	-1576
2833	0	560	91	-2010	824	8191	4161131	3549889	5809264	7363747	16776701	-8323600	-116	-1576
2834	0	560	71	-144	824	8191	4161141	3549408	5810672	7363717	16776683	-8323600	-98	-1576
2835	0	560	84	5	824	8191	4161151	3549577	5810416	7363931	16776707	-8323728	404	-1576
2836	0	467	113	-67	779	8191	4161162	3550154	5810032	7364085	16776688	-8323728	-151	-1590
2837	0	467	76	-84	779	8191	4161172	3549330	5810544	7363924	16776676	-8323472	-157	-1590
2838	0	467	48	-125	779	8191	4161182	3549433	5810416	7363477	16776671	-8323600	64	-1590
2839	0	467	73	-86	779	8191	4161192	3549621	5810288	7364036	16776675	-8323472	-52	-1590
2840	0	467	63	-98	779	8191	4161202	3549597	5810288	7363956	16776676	-8323472	-56	-1590
2841	0	467	85	-99	779	8191	4161212	3549670	5810544	7363687	16776691	-8323600	-15	-1590
2842	0	467	54	-98	779	8191	4161222	3549544	5809136	7363703	16776671	-8323600	-38	-1590
2843	0	467	70	-90	779	8191	4161232	3549528	5812464	7364028	16776647	-8323600	-25	-1590
2844	0	467	95	-93	779	8191	4161242	3549549	5809904	7363748	16776683	-8323600	-24	-1590
2845	0	467	92	-99	779	8191	4161252	3549506	5810672	7364109	16776710	-8323600	-21	-1590
2846	0	467	129	-100	779	8191	4161263	3549649	5810544	7363676	16776696	-8323472	-20	-1590
2847	0	467	32	-102	779	8191	4161273	3549418	5809904	7363760	16776664	-8323728	-16	-1590
2848	0	467	113	-96	779	8191	4161283	3549528	5810928	7363865	16776670	-8323472	-31	-1590
2849	0	467	65	-99	779	8191	4161293	3553805	5811056	7363818	16776682	-8323600	-21	-1590
2850	0	467	94	-97	779	8191	4161303	3553696	5809648	7364165	16776683	-8323344	-25	-1590
2851	0	467	118	-102	779	8191	4161313	3553727	5810032	7364109	16776609	-8323600	-24	-1590
2852	0	467	89	-103	779	8191	4161323	3553885	5809904	7364053	16776654	-8323600	-26	-1590
2853	0	467	105	-95	779	8191	4161333	3553766	5810928	7363703	16776693	-8323600	-21	-1590
2854	0	467	58	-97	779	8191	4161343	3553745	5809520	7364407	16776696	-8323600	-23	-1590
2855	0	467	48	-94	779	8191	4161353	3553740	5810672	7364177	16776701	-8323728	-28	-1590
2856	0	367	54	-99	714	8191	4161364	3553950	5809776	7364076	16776699	-8323728	-20	-1604
2857	0	367	62	-95	714	8191	4161374	3553629	5810672	7364385	16776715	-8323472	-20	-1604
2858	0	367	71	-96	714	8191	4161384	3553845	5809648	7364046	16776681	-8323600	-26	-1604
2859	0	367	97	-102	714	8191	4161394	3553738	5811056	7363471	16776688	-8323728	-22	-1604
2860	0	367	102	-101	714	8191	4161404	3553535	5809904	7363614	16776676	-8323472	-24	-1604
2861	0	367	63	-105	714	8191	4161414	3553734	5810288	7364126	16776672	-8323600	-20	-1604
2862	0	367	47	-97	714	8191	4161424	3553695	5811824	7363564	16776680	-8323600	-31	-1604
2863	0	367	79	-101	714	8191	4161434	3553734	5810416	7363910	16776672	-8323472	-26	-1604
2864	0	367	57	-98	714	8191	4161444	3553681	5811184	7363720	16776622	-8323472	-13	-1604
2865	0	367	108	-95	714	8191	4161454	3553621	5810416	7363537	16776673	-8323600	-27	-1604
2866	0	367	54	-94	714	8191	4161465	3553777	5809392	7363876	16776719	-8323728	-18	-1604
2867	0	367	33	-94	714	8191	4161475	3553932	5810160	7364160	16776712	-8323472	-29	-1604
2868	0	367	73	-98	714	8191	4161485	3553794	5810928	7363622	16776699	-8323728	-23	-1604
2869	0	367	84	-95	714	8191	4161495	3553668	5809520	7363910	16776675	-8323472	-28	-1604
2870	0	367	54	-97	714	8191	4161505	3553757	5811184	7363864	16776690	-8323600	-19	-1604
2871	0	367	73	-102	714	8191	4161515	3553651	5809776	7364124	16776639	-8323344	-24	-1604
2872	0	367	79	-98	714	8191	4161525	3553778	5810160	7363530	16776662	-8323600	-26	-1604
2873	0	367	56	-95	714	8191	4161535	3553877	5810800	7364202	16776689	-8323600	-17	-1604
2874	0	367	61	-96	714	8191	4161545	3553996	5810416	7363579	16776684	-8323472	-23	-1604
2875	0	367	70	-95	714	8191	4161555	3553657	5809776	7364084	16776707	-8323472	-27	-1604
2876	0	276	66	-92	675	8191	4161566	3553757	5810544	7363859	16776709	-8323600	-26	-1608
2877	0	276	75	-99	675	8191	4161576	3551645	5809648	7363482	16776682	-8323600	-26	-1608
2878	0	276	124	-98	675	8191	4161586	3551652	5811056	7363994	16776686	-8323344	-19	-1608
2879	0	276	72	-94	675	8191	4161596	3551293	5810032	7363796	16776699	-8323600	-14	-1608
2880	0	276	74	-100	675	8191	4161606	3551596	5810928	7364192	16776689	-8323728	-23	-1608
2881	0	276	92	-96	675	8191	4161616	3551696	5810800	7363446	16776727	-8323600	-21	-1608
2882	0	276	71	-97	675	8191	4161626	3551709	5810288	7364143	16776702	-8323728	-22	-1608
2883	0	276	54	-96	675	8191	4161636	3551457	5810288	7364201	16776692	-8323728	-21	-1608
2884	0	276	61	-100	675	8191	4161646	3551630	5809648	7363940	16776684	-8323600	-24	-1608
2885	0	276	56	-97	675	8191	4161656	3551117	5810672	7363910	16776684	-8323600	-25	-1608
2886	0	276	104	-99	675	8191	4161667	3550856	5810544	7363963	16776729	-8323600	-19	-1608
2887	0	276	60	-99	675	8191	4161677	3551502	5810416	7363789	16776716	-8323728	-22	-1608
2888	0	276	67	-100	675	8191	4161687	3551313	5810416	7363456	16776675	-8323344	-24	-1608
2889	0	276	66	-98	675	8191	4161697	3551584	5810672	7363357	16776681	-8323600	-20	-1608
2890	0	276	75	-93	675	8191	4161707	3551499	5810544	7363155	16776715	-8323856	-24	-1608
2891	0	276	88	-91	675	8191	4161717	3551693	5809904	7363708	16776660	-8323728	-21	-1608
2892	0	276	84	-103	675	8191	4161727	3551642	5810800	7364105	16776696	-8323600	-18	-1608
2893	0	276	41	-93	675	8191	4161737	3551485	5810544	7363493	16776662	-8323600	-26	-1608
2894	0	276	90	-96	675	8191	4161747	3551509	5810928	7363598	16776703	-8323728	-23	-1608
2895	0	276	80	-97	675	8191	4161757	3551613	5810928	7363129	16776682	-8323472	-20	-1608
2896	0	276	60	-103	675	8191	4161768	3551532	5810160	7363569	16776691	-8323472	-19	-1608
2897	0	186	73	-95	600	8191	4161778	3551470	5810032	7364018	16776637	-8323472	-21	-1613
2898	0	186	126	-101	600	8191	4161788	3551859	5810672	7363654	16776671	-8323472	-28	-1613
2899	0	186	65	-99	600	8191	4161798	3551687	5811312	7363596	16776697	-8323600	-21	-1613
2900	0	186	86	-103	600	8191	4161808	3551648	5810672	7363998	16776710	-8323600	-20	-1613
2901	0	186	70	-101	600	8191	4161818	3552860	5810800	7363921	16776708	-8323600	-25	-1613
2902	0	186	96	-99	600	8191	4161828	3551764	5810928	7363695	16776689	-8323600	-12	-1613
2903	0	186	62	-96	600	8191	4161838	3551511	5811184	7363823	16776691	-8323856	-20	-1613
2904	0	186	58	-99	600	8191	4161848	3553657	5810544	7363440	16776670	-8323472	-18	-1613
2905	0	186	84	941	600	8191	4161858	3553470	5810800	7363432	16776646	-8323728	-885	-1613
2906	0	186	87	-283	600	8191	4161869	3551681	5810672	7363805	16776689	-8323600	-75	-1613
2907	0	186	95	-703	600	8191	4161879	3553594	5810416	7363233	16776702	-8323600	-74	-1613
2908	0	186	62	-14	600	8191	4161889	3551488	5810672	7363288	16776654	-8323600	-98	-1613
2909	0	186	69	-80	600	8191	4161899	3551650	5811312	7363695	16776667	-8323728	13	-1613
2910	0	186	84	-97	600	8191	4161909	3553217	5811440	7363435	16776689	-8323600	-8	-1613
2911	0	186	56	-95	600	8191	4161919	3551646	5811184	7363909	16776680	-8323472	1	-1613
2912	0	186	79	-100	600	8191	4161929	3553712	5810928	7363670	16776677	-8323600	-23	-1613
2913	0	186	94	-109	600	8191	4161939	3553688	5811056	7364318	16776663	-8323472	-32	-1613
2914	0	186	44	-98	600	8191	4161949	3553950	5811824	7363950	16776703	-8323600	-24	-1613
2915	0	186	101	-100	600	8191	4161959	3553917	5810800	7363728	16776688	-8323728	-22	-1613
2916	0	186	66	-96	600	8191	4161970	3554001	5812336	7363676	16776695	-8323600	-14	-1613
2917	0	75	34	-100	564	8191	4161980	3553633	5811440	7363471	16776677	-8323600	-21	-1600
2918	0	75	63	-100	564	8191	4161990	3553663	5811312	7363660	16776673	-8323600	-16	-1600
2919	0	75	47	-100	564	8191	4162000	3553571	5811056	7363742	16776700	-8323600	-14	-1600
2920	0	75	27	-109	564	8191	4162010	3553829	5811184	7364277	16776664	-8323856	-18	-1600
2921	0	75	58	-97	564	8191	4162020	3553640	5811696	7363779	16776663	-8323600	-17	-1600
2922	0	75	115	-102	564	8191	4162030	3553837	5811056	7363531	16776666	-8323600	-23	-1600
2923	0	75	118	-97	564	8191	4162040	3553860	5812464	7363605	16776690	-8323472	-19	-1600
2924	0	75	72	-108	564	8191	4162050	3553649	5810416	7363342	16776684	-8323600	-21	-1600
2925	0	75	63	-98	564	8191	4162060	3553305	5811440	7363911	16776680	-8323600	-20	-1600
2926	0	75	56	-96	564	8191	4162071	3553650	5811184	7363831	16776667	-8323728	-23	-1600
2927	0	75	46	-101	564	8191	4162081	3553552	5810288	7363656	16776722	-8323600	-19	-1600
2928	0	75	45	-103	564	8191	4162091	3553655	5811184	7363845	16776640	-8323600	-22	-1600
2929	0	75	60	-103	564	8191	4162101	3553749	5811568	7363903	16776680	-8323600	-21	-1600
2930	0	75	57	-105	564	8191	4162111	3553693	5811312	7364116	16776699	-8323472	-20	-1600
2931	0	75	73	-113	564	8191	4162121	3553849	5810928	7363867	16776671	-8323472	-23	-1600
2932	0	75	73	-107	564	8191	4162131	3553840	5811824	7363756	16776670	-8323600	-25	-1600
2933	0	75	47	-86	564	8191	4162141	3553581	5811184	7364004	16776675	-8323600	-9	-1600
2934	0	75	87	-126	564	8191	4162151	3553522	5810032	7364060	16776680	-8323600	-28	-1600
2935	0	75	68	-103	564	8191	4162161	3553836	5811440	7363923	16776655	-8323472	-17	-1600
2936	0	75	60	-97	564	8191	4162172	3553765	5810544	7364124	16776686	-8323600	-24	-1600
2937	0	-24	66	-106	487	8191	4162182	3553638	5812080	7363811	16776696	-8323344	-14	-1595
2938	0	-24	75	-101	487	8191	4162192	3553860	5811568	7364193	16776670	-8323600	-22	-1595
2939	0	-24	62	-102	487	8191	4162202	3553735	5811312	7363727	16776682	-8323600	-23	-1595
2940	0	-24	88	-107	487	8191	4162212	3553723	5811952	7363833	16776677	-8323472	-16	-1595
2941	0	-24	82	-96	487	8191	4162222	3553644	5811952	7363753	16776694	-8323472	-23	-1595
2942	0	-24	59	-99	487	8191	4162232	3553714	5812464	7363492	16776697	-8323600	-27	-1595
2943	0	-24	77	-107	487	8191	4162242	3553506	5811568	7363579	16776675	-8323728	-24	-1595
2944	0	-24	76	-108	487	8191	4162252	3553886	5811696	7363584	16776678	-8323600	-24	-1595
2945	0	-24	121	-99	487	8191	4162262	3553866	5811312	7363904	16776697	-8323600	-17	-1595
2946	0	-24	114	-105	487	8191	4162273	3553716	5812592	7363338	16776677	-8323600	-16	-1595
2947	0	-24	86	-105	487	8191	4162283	3553739	5811824	7363664	16776654	-8323600	-19	-1595
2948	0	-24	41	-104	487	8191	4162293	3553755	5811696	7364116	16776671	-8323472	-20	-1595
2949	0	-24	71	-105	487	8191	4162303	3553792	5811440	7363999	16776709	-8323600	-19	-1595
2950	0	-24	24	-101	487	8191	4162313	3554347	5812464	7363950	16776712	-8323600	-17	-1595
2951	0	-24	94	-104	487	8191	4162323	3553572	5811568	7363940	16776667	-8323600	-20	-1595
2952	0	-24	49	-108	487	8191	4162333	3553768	5811696	7364040	16776672	-8323472	-20	-1595
2953	0	-24	80	-109	487	8191	4162343	3554935	5812848	7363691	16776703	-8323472	-20	-1595
2954	0	-24	40	-106	487	8191	4162353	3555347	5811696	7364212	16776643	-8323728	-20	-1595
2955	0	-24	48	-102	487	8191	4162363	3554232	5812720	7363929	16776696	-8323600	-25	-1595
2956	0	-24	98	-107	487	8191	4162374	3555715	5813232	7364327	16776699	-8323600	-20	-1595
2957	0	-127	52	-105	419	8191	4162384	3555859	5812336	7363854	16776691	-8323728	-25	-1530
2958	0	-127	89	-112	419	8191	4162394	3555895	5811312	7363606	16776668	-8323728	-20	-1530
2959	0	-127	96	-101	419	8191	4162404	3555551	5811952	7363431	16776695	-8323600	-15	-1530
2960	0	-127	65	-107	419	8191	4162414	3555650	5812720	7363782	16776662	-8323600	-17	-1530
2961	0	-127	54	-104	419	8191	4162424	3555900	5812720	7363696	16776674	-8323600	-20	-1530
2962	0	-127	63	-102	419	8191	4162434	3555681	5812848	7363748	16776663	-8323472	-16	-1530
2963	0	-127	60	-109	419	8191	4162444	3555737	5812208	7363471	16776691	-8323728	-22	-1530
2964	0	-127	79	-102	419	8191	4162454	3555559	5812464	7363948	16776657	-8323600	-26	-1530
2965	0	-127	88	-104	419	8191	4162464	3555721	5812336	7363882	16776708	-8323728	-22	-1530
2966	0	-127	66	-108	419	8191	4162475	3555764	5811440	7363743	16776702	-8323472	-18	-1530
2967	0	-127	46	-99	419	8191	4162485	3555767	5812976	7363981	16776647	-8323600	-15	-1530
2968	0	-127	38	-100	419	8191	4162495	3555944	5813232	7363821	16776670	-8323600	-19	-1530
2969	0	-127	75	-107	419	8191	4162505	3555762	5813488	7364032	16776653	-8323600	-13	-1530
2970	0	-127	79	-103	419	8191	4162515	3555770	5813104	7363757	16776691	-8323600	-19	-1530
2971	0	-127	79	-94	419	8191	4162525	3556059	5812720	7364353	16776709	-8323600	-20	-1530
2972	0	-127	65	-112	419	8191	4162535	3555893	5812592	7364276	16776678	-8323472	-27	-1530
2973	0	-127	38	-102	419	8191	4162545	3555900	5811952	7363964	16776678	-8323600	-19	-1530
2974	0	-127	100	-106	419	8191	4162555	3555849	5813360	7363561	16776703	-8323600	-26	-1530
2975	0	-127	95	-112	419	8191	4162565	3555869	5812080	7363939	16776715	-8323600	-16	-1530
2976	0	-127	14	-106	419	8191	4162576	3555777	5812592	7363991	16776711	-8323728	-15	-1530
2977	0	-224	92	-111	371	8191	4162586	3555928	5811056	7364274	16776722	-8323600	-21	-1502
2978	0	-224	98	-110	371	8191	4162596	3555773	5813104	7363906	16776653	-8323600	-19	-1502
2979	0	-224	76	-102	371	8191	4162606	3555962	5813232	7364443	16776689	-8323728	-22	-1502
2980	0	-224	60	-111	371	8191	4162616	3555839	5813488	7364118	16776682	-8323600	-14	-1502
2981	0	-224	100	-106	371	8191	4162626	3555758	5812208	7364167	16776675	-8323600	-23	-1502
2982	0	-224	77	-100	371	8191	4162636	3556254	5812208	7363968	16776652	-8323728	-16	-1502
2983	0	-224	31	-103	371	8191	4162646	3557661	5814512	7364104	16776686	-8323600	-20	-1502
2984	0	-224	79	-110	371	8191	4162656	3555952	5814384	7363770	16776652	-8323344	-24	-1502
2985	0	-224	105	-108	371	8191	4162666	3557756	5812464	7363879	16776676	-8323600	-14	-1502
2986	0	-224	50	-112	371	8191	4162677	3557894	5812976	7364467	16776670	-8323728	-26	-1502
2987	0	-224	85	-110	371	8191	4162687	3557847	5812848	7363349	16776662	-8323472	-13	-1502
2988	0	-224	75	-106	371	8191	4162697	3558017	5812464	7363814	16776660	-8323600	-15	-1502
2989	0	-224	56	-105	371	8191	4162707	3557811	5812720	7363827	16776682	-8323600	-18	-1502
2990	0	-224	51	-110	371	8191	4162717	3558061	5812080	7363802	16776719	-8323600	-19	-1502
2991	0	-224	102	-105	371	8191	4162727	3558316	5812976	7364038	16776680	-8323600	-20	-1502
2992	0	-224	83	-108	371	8191	4162737	3558040	5813744	7363748	16776682	-8323600	-19	-1502
2993	0	-224	63	-105	371	8191	4162747	3557840	5812720	7364024	16776668	-8323728	-15	-1502
2994	0	-224	55	-108	371	8191	4162757	3558158	5814384	7364146	16776718	-8323728	-18	-1502
2995	0	-224	65	-109	371	8191	4162767	3557946	5812848	7364176	16776652	-8323728	-15	-1502
2996	0	-224	88	-105	371	8191	4162778	3558274	5813744	7364010	16776704	-8323728	-13	-1502
2997	0	-314	67	-107	323	8191	4162788	3560149	5814000	7363582	16776668	-8323600	-19	-1422
2998	0	-314	101	-113	323	8191	4162798	3560061	5813104	7363778	16776693	-8323472	-16	-1422
2999	0	-314	63	-104	323	8191	4162808	3558039	5813104	7363947	16776665	-8323472	-24	-1422
3000	0	-314	57	-111	323	8191	4162818	3559874	5813744	7363759	16776668	-8323600	-19	-1422
3001	0	-314	67	-109	323	8191	4162828	3559916	5813616	7363793	16776709	-8323600	-11	-1422
3002	0	-314	61	-112	323	8191	4162838	3559133	5813104	7363920	16776667	-8323600	-13	-1422
3003	0	-314	71	-109	323	8191	4162848	3559853	5813104	7363808	16776701	-8323472	-15	-1422
3004	0	-314	70	-113	323	8191	4162858	3560013	5813744	7363493	16776693	-8323728	-19	-1422
3005	0	-314	84	-105	323	8191	4162868	3559977	5813232	7364254	16776709	-8323600	-20	-1422
3006	0	-314	65	-114	323	8191	4162879	3560027	5813232	7363663	16776636	-8323600	-18	-1422
3007	0	-314	54	-113	323	8191	4162889	3559969	5813744	7363955	16776669	-8323600	-15	-1422
3008	0	-314	47	-104	323	8191	4162899	3560163	5814000	7363920	16776704	-8323728	-18	-1422
3009	0	-314	65	-108	323	8191	4162909	3559914	5813232	7363666	16776678	-8323728	-24	-1422
3010	0	-314	95	-107	323	8191	4162919	3559956	5813616	7363730	16776672	-8323600	-14	-1422
3011	0	-314	69	-108	323	8191	4162929	3562064	5814512	7363600	16776660	-8323600	-17	-1422
3012	0	-314	85	-106	323	8191	4162939	3560113	5814640	7363943	16776675	-8323472	-11	-1422
3013	0	-314	78	-112	323	8191	4162949	3562136	5814256	7364127	16776675	-8323600	-18	-1422
3014	0	-314	83	-107	323	8191	4162959	3562198	5814000	7364165	16776680	-8323600	-14	-1422
3015	0	-314	51	-111	323	8191	4162969	3562226	5814640	7364176	16776683	-8323600	-15	-1422
3016	0	-314	56	-113	323	8191	4162980	3562125	5813360	7364057	16776694	-8323600	-20	-1422
3017	0	-370	56	-117	294	8191	4162990	3562108	5814128	7364365	16776674	-8323472	-11	-1328
3018	0	-370	78	-110	294	8191	4163000	3562204	5813744	7363920	16776663	-8323728	-21	-1328
3019	0	-370	84	-110	294	8191	4163010	3562319	5814512	7364263	16776664	-8323472	-11	-1328
3020	0	-370	48	-110	294	8191	4163020	3562114	5813872	7363777	16776702	-8323600	-16	-1328
3021	0	-370	62	-112	294	8191	4163030	3562066	5814128	7363741	16776665	-8323600	-10	-1328
3022	0	-370	77	-107	294	8191	4163040	3562169	5813232	7364001	16776705	-8323728	-21	-1328
3023	0	-370	49	-105	294	8191	4163050	3562108	5815024	7363569	16776678	-8323600	-14	-1328
3024	0	-370	37	-113	294	8191	4163060	3561839	5815152	7363756	16776695	-8323600	-22	-1328
3025	0	-370	66	-117	294	8191	4163070	3561988	5815408	7363768	16776691	-8323472	-10	-1328
3026	0	-370	46	-119	294	8191	4163081	3561936	5814768	7363570	16776675	-8323472	-18	-1328
3027	0	-370	65	-112	294	8191	4163091	3562186	5814896	7363757	16776680	-8323600	-17	-1328
3028	0	-370	48	-117	294	8191	4163101	3562151	5814128	7364344	16776672	-8323472	-25	-1328
3029	0	-370	81	-108	294	8191	4163111	3562029	5815024	7363980	16776697	-8323472	-21	-1328
3030	0	-370	59	-112	294	8191	4163121	3562081	5814384	7363903	16776713	-8323728	-24	-1328
3031	0	-370	68	-112	294	8191	4163131	3562144	5813616	7363759	16776696	-8323600	-19	-1328
3032	0	-370	6	-113	294	8191	4163141	3562309	5814768	7363792	16776671	-8323728	-14	-1328
3033	0	-370	55	-112	294	8191	4163151	3562098	5814640	7363970	16776684	-8323728	-20	-1328
3034	0	-370	79	-118	294	8191	4163161	3562136	5814640	7364233	16776683	-8323728	-22	-1328
3035	0	-370	83	-119	294	8191	4163171	3562026	5815408	7364064	16776652	-8323600	-16	-1328
3036	0	-370	68	-118	294	8191	4163182	3561861	5815920	7363604	16776699	-8323600	-21	-1328
3037	0	-370	66	-110	294	8191	4163192	3562029	5814512	7363959	16776697	-8323600	-18	-1328
3038	0	-455	50	-121	235	8191	4163202	3562053	5816048	7363732	16776694	-8323472	-20	-1256
3039	0	-455	85	-117	235	8191	4163212	3561999	5814128	7364064	16776681	-8323600	-14	-1256
3040	0	-455	71	-114	235	8191	4163222	3561924	5814256	7363989	16776667	-8323472	-17	-1256
3041	0	-455	70	-112	235	8191	4163232	3562118	5815536	7363870	16776664	-8323600	-20	-1256
3042	0	-455	53	-117	235	8191	4163242	3562137	5815024	7363750	16776688	-8323600	-20	-1256
3043	0	-455	57	-112	235	8191	4163252	3562270	5815152	7364039	16776657	-8323728	-22	-1256
3044	0	-455	102	-115	235	8191	4163262	3562368	5815280	7364386	16776666	-8323600	-15	-1256
3045	0	-455	88	-119	235	8191	4163272	3562117	5816688	7363588	16776706	-8323728	-25	-1256
3046	0	-455	44	-115	235	8191	4163283	3564095	5816560	7364013	16776644	-8323600	-11	-1256
3047	0	-455	56	-114	235	8191	4163293	3562236	5815664	7363809	16776665	-8323728	-22	-1256
3048	0	-455	66	-126	235	8191	4163303	3564312	5816688	7363888	16776646	-8323600	-16	-1256
3049	0	-455	62	-115	235	8191	4163313	3564264	5814640	7363667	16776735	-8323600	-17	-1256
3050	0	-455	102	-118	235	8191	4163323	3564273	5815792	7364183	16776696	-8323600	-17	-1256
3051	0	-455	140	-118	235	8191	4163333	3564251	5816688	7364110	16776700	-8323728	-17	-1256
3052	0	-455	30	-118	235	8191	4163343	3564227	5816048	7364010	16776704	-8323600	-14	-1256
3053	0	-455	91	-116	235	8191	4163353	3564281	5815664	7363837	16776668	-8323728	-19	-1256
3054	0	-455	109	-117	235	8191	4163363	3564097	5815536	7363911	16776635	-8323728	-16	-1256
3055	0	-455	51	-117	235	8191	4163373	3564256	5814896	7364277	16776692	-8323472	-17	-1256
3056	0	-455	91	-119	235	8191	4163384	3564238	5815920	7364359	16776683	-8323728	-22	-1256
3057	0	-455	47	-124	235	8191	4163394	3564152	5815792	7364064	16776698	-8323472	-17	-1256
3058	0	-534	61	-125	184	8191	4163404	3564092	5815408	7363352	16776707	-8323600	-17	-1162
3059	0	-534	69	-117	184	8191	4163414	3564140	5816048	7363676	16776682	-8323600	-14	-1162
3060	0	-534	56	-122	184	8191	4163424	3566332	5815920	7363934	16776668	-8323728	-21	-1162
3061	0	-534	70	-117	184	8191	4163434	3566265	5816560	7363755	16776685	-8323472	-16	-1162
3062	0	-534	73	-118	184	8191	4163444	3566337	5816176	7364259	16776695	-8323600	-21	-1162
3063	0	-534	63	-118	184	8191	4163454	3566352	5816304	7363625	16776695	-8323600	-19	-1162
3064	0	-534	63	-123	184	8191	4163464	3566339	5816688	7363783	16776706	-8323600	-15	-1162
3065	0	-534	88	-119	184	8191	4163474	3566291	5815536	7364016	16776676	-8323728	-21	-1162
3066	0	-534	46	-127	184	8191	4163485	3567007	5816560	7363952	16776677	-8323472	-19	-1162
3067	0	-534	69	-125	184	8191	4163495	3568421	5816560	7364045	16776679	-8323600	-20	-1162
3068	0	-534	45	-124	184	8191	4163505	3568416	5816432	7363556	16776710	-8323728	-24	-1162
3069	0	-534	94	-115	184	8191	4163515	3568564	5816432	7363451	16776699	-8323600	-16	-1162
3070	0	-534	79	-116	184	8191	4163525	3568314	5816688	7363783	16776673	-8323600	-20	-1162
3071	0	-534	78	-123	184	8191	4163535	3568255	5816304	7363370	16776674	-8323728	-23	-1162
3072	0	-534	76	-118	184	8191	4163545	3568558	5816432	7364341	16776652	-8323472	-11	-1162
3073	0	-534	66	-130	184	8191	4163555	3568405	5816816	7364200	16776686	-8323600	-25	-1162
3074	0	-534	72	-119	184	8191	4163565	3568456	5816048	7363968	16776706	-8323600	-11	-1162
3075	0	-534	81	-122	184	8191	4163575	3568504	5817072	7364127	16776681	-8323728	-20	-1162
3076	0	-534	62	-120	184	8191	4163586	3568348	5816432	7363716	16776672	-8323600	-20	-1162
3077	0	-534	78	-119	184	8191	4163596	3568494	5817072	7363719	16776741	-8323728	-20	-1162
3078	0	-571	54	-120	132	8191	4163606	3568461	5817712	7364221	16776701	-8323472	-24	-1077
3079	0	-571	63	-121	132	8191	4163616	3568418	5818224	7364008	16776651	-8323600	-16	-1077
3080	0	-571	68	-121	132	8191	4163626	3568483	5817200	7363626	16776694	-8323728	-16	-1077
3081	0	-571	58	-121	132	8191	4163636	3568409	5817200	7364493	16776688	-8323728	-17	-1077
3082	0	-571	68	-120	132	8191	4163646	3569992	5816944	7363780	16776707	-8323600	-27	-1077
3083	0	-571	78	-121	132	8191	4163656	3568845	5817968	7363580	16776672	-8323856	-18	-1077
3084	0	-571	75	-127	132	8191	4163666	3568537	5818608	7363342	16776692	-8323856	-22	-1077
3085	0	-571	56	-123	132	8191	4163676	3570440	5818480	7363351	16776689	-8323600	-20	-1077
3086	0	-571	79	-129	132	8191	4163687	3568715	5817456	7363561	16776653	-8323728	-13	-1077
3087	0	-571	90	-120	132	8191	4163697	3570565	5817328	7363951	16776695	-8323728	-11	-1077
3088	0	-571	77	-126	132	8191	4163707	3570388	5819120	7363908	16776657	-8323600	-14	-1077
3089	0	-571	67	-119	132	8191	4163717	3570500	5817584	7363660	16776681	-8323728	-13	-1077
3090	0	-571	34	-125	132	8191	4163727	3572142	5818224	7363466	16776659	-8323600	-23	-1077
3091	0	-571	43	-129	132	8191	4163737	3570297	5819248	7363738	16776699	-8323600	-19	-1077
3092	0	-571	73	-125	132	8191	4163747	3570323	5819248	7363263	16776678	-8323600	-23	-1077
3093	0	-571	89	-127	132	8191	4163757	3572411	5817456	7363584	16776687	-8323856	-13	-1077
3094	0	-571	99	-124	132	8191	4163767	3572623	5818096	7363703	16776679	-8323728	-18	-1077
3095	0	-571	55	-129	132	8191	4163777	3572597	5817456	7363901	16776667	-8323600	-14	-1077
3096	0	-571	82	-134	132	8191	4163788	3572429	5817584	7363778	16776686	-8323600	-18	-1077
3097	0	-571	77	-135	132	8191	4163798	3572721	5817584	7364144	16776703	-8323600	-21	-1077
3098	0	-613	28	-131	113	8191	4163808	3572670	5818096	7363471	16776667	-8323600	-19	-946
3099	0	-613	83	-135	113	8191	4163818	3572573	5818736	7363766	16776705	-8323728	-20	-946
3100	0	-613	47	-132	113	8191	4163828	3572488	5818736	7363581	16776646	-8323728	-14	-946
3101	0	-613	67	-125	113	8191	4163838	3574699	5818224	7363919	16776668	-8323600	-24	-946
3102	0	-613	74	-121	113	8191	4163848	3574665	5818480	7363671	16776700	-8323600	-23	-946
3103	0	-613	71	-130	113	8191	4163858	3574660	5818480	7363666	16776661	-8323472	-24	-946
3104	0	-613	48	-128	113	8191	4163868	3574588	5818096	7364051	16776675	-8323728	-16	-946
3105	0	-613	105	-133	113	8191	4163878	3574798	5818992	7363818	16776682	-8323600	-21	-946
3106	0	-613	91	-126	113	8191	4163889	3574798	5818736	7363576	16776723	-8323600	-21	-946
3107	0	-613	55	-133	113	8191	4163899	3574821	5819760	7363764	16776694	-8323728	-17	-946
3108	0	-613	76	-131	113	8191	4163909	3574505	5818736	7363835	16776690	-8323600	-22	-946
3109	0	-613	74	-129	113	8191	4163919	3574476	5820656	7363618	16776687	-8323728	-16	-946
3110	0	-613	34	-132	113	8191	4163929	3574698	5818864	7363931	16776687	-8323600	-17	-946
3111	0	-613	91	-138	113	8191	4163939	3574528	5819248	7363977	16776684	-8323728	-18	-946
3112	0	-613	121	-129	113	8191	4163949	3574719	5818992	7363603	16776677	-8323728	-19	-946
3113	0	-613	63	-130	113	8191	4163959	3574485	5819760	7363950	16776676	-8323600	-19	-946
3114	0	-613	84	-130	113	8191	4163969	3574644	5819504	7363587	16776695	-8323728	-13	-946
3115	0	-613	54	-133	113	8191	4163979	3574396	5820016	7363515	16776683	-8323728	-29	-946
3116	0	-613	79	-127	113	8191	4163990	3576523	5819632	7363737	16776694	-8323600	-7	-946
3117	0	-613	98	-128	113	8191	4164000	3574721	5821296	7363930	16776696	-8323728	-17	-946
3118	0	-654	53	-135	66	8191	4164010	3574425	5818992	7363915	16776665	-8323472	-13	-844
3119	0	-654	71	-137	66	8191	4164020	3574665	5820272	7364057	16776670	-8323728	-19	-844
3120	0	-654	87	-141	66	8191	4164030	3574491	5819248	7363609	16776697	-8323600	-23	-844
3121	0	-654	130	-129	66	8191	4164040	3576370	5820400	7364553	16776695	-8323728	-17	-844
3122	0	-654	91	-140	66	8191	4164050	3574652	5820272	7363892	16776703	-8323600	-22	-844
3123	0	-654	84	-134	66	8191	4164060	3574573	5819248	7363654	16776674	-8323600	-21	-844
3124	0	-654	109	-132	66	8191	4164070	3574853	5820528	7363986	16776702	-8323856	-10	-844
3125	0	-654	84	-136	66	8191	4164080	3575056	5819504	7363996	16776680	-8323728	-14	-844
3126	0	-654	92	-141	66	8191	4164091	3576766	5820912	7363998	16776696	-8323600	-17	-844
3127	0	-654	47	-135	66	8191	4164101	3576817	5820016	7363878	16776705	-8323600	-15	-844
3128	0	-654	72	-136	66	8191	4164111	3576915	5819760	7363599	16776715	-8323600	-27	-844
3129	0	-654	65	-134	66	8191	4164121	3576748	5820784	7363577	16776674	-8323728	-20	-844
3130	0	-654	109	-132	66	8191	4164131	3576731	5820272	7363969	16776658	-8323728	-19	-844
3131	0	-654	57	-135	66	8191	4164141	3576770	5820272	7363730	16776710	-8323728	-13	-844
3132	0	-654	49	-132	66	8191	4164151	3576939	5820912	7363709	16776663	-8323600	-23	-844
3133	0	-654	38	-134	66	8191	4164161	3576902	5821168	7363910	16776683	-8323600	-14	-844
3134	0	-654	92	-140	66	8191	4164171	3576768	5822192	7363828	16776688	-8323600	-13	-844
3135	0	-654	74	-143	66	8191	4164181	3576704	5820656	7363590	16776699	-8323600	-10	-844
3136	0	-654	80	-139	66	8191	4164192	3576660	5820784	7363806	16776678	-8323600	-19	-844
3137	0	-654	62	-138	66	8191	4164202	3576726	5821552	7363803	16776680	-8323728	-20	-844
3138	0	-670	64	-138	11	8191	4164212	3578925	5821296	7363574	16776663	-8323728	-20	-722
3139	0	-670	71	-136	11	8191	4164222	3578974	5821296	7363791	16776656	-8323600	-18	-722
3140	0	-670	67	-139	11	8191	4164232	3578943	5821424	7363595	16776676	-8323600	-12	-722
3141	0	-670	60	-134	11	8191	4164242	3578994	5821680	7363753	16776720	-8323600	-10	-722
3142	0	-670	82	-138	11	8191	4164252	3578856	5820784	7364070	16776685	-8323600	-21	-722
3143	0	-670	85	-137	11	8191	4164262	3578943	5820400	7364187	16776631	-8323728	-13	-722
3144	0	-670	69	-138	11	8191	4164272	3580321	5822960	7363789	16776703	-8323600	-22	-722
3145	0	-670	59	-150	11	8191	4164282	3581093	5822192	7363508	16776680	-8323600	-15	-722
3146	0	-670	73	-142	11	8191	4164293	3580775	5822320	7364301	16776622	-8323600	-19	-722
3147	0	-670	76	-147	11	8191	4164303	3581130	5822192	7363912	16776658	-8323856	-13	-722
3148	0	-670	63	-136	11	8191	4164313	3580616	5821808	7364266	16776693	-8323856	-21	-722
3149	0	-670	78	-140	11	8191	4164323	3581186	5822064	7363982	16776640	-8323600	-17	-722
3150	0	-670	21	-144	11	8191	4164333	3582788	5820784	7364533	16776646	-8323728	-19	-722
3151	0	-670	64	-137	11	8191	4164343	3581077	5821808	7364049	16776674	-8323728	-20	-722
3152	0	-670	67	-145	11	8191	4164353	3581128	5822064	7364307	16776678	-8323600	-21	-722
3153	0	-670	57	-139	11	8191	4164363	3583203	5821936	7363714	16776699	-8323600	-10	-722
3154	0	-670	79	-145	11	8191	4164373	3583195	5820656	7363960	16776692	-8323600	-15	-722
3155	0	-670	83	-142	11	8191	4164383	3583202	5822448	7364072	16776638	-8323600	-25	-722
3156	0	-670	93	-147	11	8191	4164394	3582952	5821680	7364075	16776650	-8323728	-21	-722
3157	0	-670	59	-143	11	8191	4164404	3583266	5821808	7364156	16776643	-8323600	-17	-722
3158	0	-674	79	-140	-24	8191	4164414	3583126	5822576	7364181	16776722	-8323728	-23	-602
3159	0	-674	83	-151	-24	8191	4164424	3584655	5822320	7364280	16776697	-8323600	-14	-602
3160	0	-674	85	-139	-24	8191	4164434	3584692	5822960	7364107	16776704	-8323728	-20	-602
3161	0	-674	80	-146	-24	8191	4164444	3585286	5822960	7364590	16776601	-8323728	-25	-602
3162	0	-674	46	-146	-24	8191	4164454	3585175	5823216	7364580	16776657	-8323472	-10	-602
3163	0	-674	75	-147	-24	8191	4164464	3585223	5823344	7364122	16776649	-8323600	-22	-602
3164	0	-674	76	-139	-24	8191	4164474	3585488	5823344	7363779	16776699	-8323600	-13	-602
3165	0	-674	99	-145	-24	8191	4164484	3585320	5822704	7364082	16776683	-8323600	-21	-602
3166	0	-674	69	-142	-24	8191	4164495	3585346	5823344	7364543	16776678	-8323600	-22	-602
3167	0	-674	84	-147	-24	8191	4164505	3585338	5823600	7364789	16776650	-8323600	-15	-602
3168	0	-674	51	-141	-24	8191	4164515	3585219	5823856	7364366	16776670	-8323600	-18	-602
3169	0	-674	76	-147	-24	8191	4164525	3585108	5822960	7364333	16776656	-8323600	-24	-602
3170	0	-674	65	-150	-24	8191	4164535	3585393	5823728	7364362	16776682	-8323728	-16	-602
3171	0	-674	71	-136	-24	8191	4164545	3585369	5823984	7363985	16776671	-8323600	-23	-602
3172	0	-674	113	-145	-24	8191	4164555	3586273	5823600	7364420	16776689	-8323600	-11	-602
3173	0	-674	59	-149	-24	8191	4164565	3587168	5824624	7364106	16776675	-8323600	-20	-602
3174	0	-674	63	-147	-24	8191	4164575	3587218	5823216	7364205	16776664	-8323728	-14	-602
3175	0	-674	59	-147	-24	8191	4164585	3587427	5823472	7364440	16776694	-8323600	-18	-602
3176	0	-674	41	-147	-24	8191	4164596	3587494	5824240	7364388	16776708	-8323600	-18	-602
3177	0	-674	63	-151	-24	8191	4164606	3587237	5823600	7364105	16776653	-8323728	-18	-602
3178	0	-674	63	-147	-24	8191	4164616	3587298	5823728	7364159	16776681	-8323600	-21	-602
3179	0	-685	22	-157	-60	8191	4164626	3587359	5823856	7364101	16776675	-8323728	-11	-456
3180	0	-685	67	-150	-60	8191	4164636	3589378	5824240	7364343	16776665	-8323600	-20	-456
3181	0	-685	63	-147	-60	8191	4164646	3589392	5824368	7363903	16776665	-8323728	-9	-456
3182	0	-685	58	-146	-60	8191	4164656	3589343	5823856	7364027	16776694	-8323728	-21	-456
3183	0	-685	69	-153	-60	8191	4164666	3589351	5825264	7364056	16776676	-8323728	-19	-456
3184	0	-685	101	-155	-60	8191	4164676	3589240	5823600	7363991	16776693	-8323600	-14	-456
3185	0	-685	34	-155	-60	8191	4164686	3589204	5825136	7363945	16776700	-8323728	-22	-456
3186	0	-685	65	-149	-60	8191	4164697	3589300	5824880	7363618	16776681	-8323728	-14	-456
3187	0	-685	43	-156	-60	8191	4164707	3589483	5824240	7364201	16776648	-8323728	-19	-456
3188	0	-685	43	-142	-60	8191	4164717	3589441	5825136	7363470	16776709	-8323728	-20	-456
3189	0	-685	55	-149	-60	8191	4164727	3589717	5825264	7363783	16776648	-8323856	-20	-456
3190	0	-685	64	-152	-60	8191	4164737	3591589	5824752	7363949	16776653	-8323600	-26	-456
3191	0	-685	42	-155	-60	8191	4164747	3589436	5824496	7364159	16776688	-8323728	-13	-456
3192	0	-685	64	-158	-60	8191	4164757	3589123	5825136	7364006	16776669	-8323728	-13	-456
3193	0	-685	72	-152	-60	8191	4164767	3591507	5825392	7364097	16776677	-8323856	-20	-456
3194	0	-685	79	-160	-60	8191	4164777	3591476	5825776	7364354	16776690	-8323472	-25	-456
3195	0	-685	116	-148	-60	8191	4164787	3591538	5826416	7363731	16776676	-8323472	-20	-456
3196	0	-685	71	-160	-60	8191	4164798	3591824	5826032	7363934	16776702	-8323600	-18	-456
3197	0	-685	54	-151	-60	8191	4164808	3592206	5826032	7364081	16776656	-8323472	-24	-456
3198	0	-685	91	-157	-60	8191	4164818	3593370	5825520	7363758	16776719	-8323600	-14	-456
3199	0	-668	85	-158	-93	8191	4164828	3592122	5826288	7364059	16776696	-8323728	-20	-351
3200	0	-668	97	-153	-93	8191	4164838	3593589	5826160	7364029	16776668	-8323600	-19	-351
3201	0	-668	28	-159	-93	8191	4164848	3591464	5826032	7364075	16776650	-8323728	-19	-351
3202	0	-668	75	-160	-93	8191	4164858	3593496	5825136	7363818	16776678	-8323728	-10	-351
3203	0	-668	66	-148	-93	8191	4164868	3591553	5826160	7364062	16776661	-8323600	-13	-351
3204	0	-668	79	-156	-93	8191	4164878	3593611	5825264	7363902	16776675	-8323600	-12	-351
3205	0	-668	62	-158	-93	8191	4164888	3593698	5825904	7363792	16776711	-8323600	-21	-351
3206	0	-668	64	-161	-93	8191	4164899	3593719	5826672	7363712	16776687	-8323600	-11	-351
3207	0	-668	83	-162	-93	8191	4164909	3593714	5825904	7363980	16776686	-8323728	-21	-351
3208	0	-668	75	-165	-93	8191	4164919	3593407	5826032	7363531	16776630	-8323728	-14	-351
3209	0	-668	76	-166	-93	8191	4164929	3593546	5826672	7363991	16776660	-8323472	-22	-351
3210	0	-668	82	-158	-93	8191	4164939	3593717	5827184	7364003	16776666	-8323728	-18	-351
3211	0	-668	92	-172	-93	8191	4164949	3593348	5827568	7364000	16776708	-8323728	-22	-351
3212	0	-668	68	-159	-93	8191	4164959	3593558	5826672	7363802	16776678	-8323600	-12	-351
3213	0	-668	94	-166	-93	8191	4164969	3595333	5826416	7364181	16776694	-8323728	-15	-351
3214	0	-668	45	-163	-93	8191	4164979	3593938	5827184	7363720	16776665	-8323856	-20	-351
3215	0	-668	30	-162	-93	8191	4164989	3595472	5826800	7363818	16776687	-8323728	-18	-351
3216	0	-668	96	-165	-93	8191	4165000	3595734	5826544	7363536	16776685	-8323728	-17	-351
3217	0	-668	109	-157	-93	8191	4165010	3595575	5825776	7363725	16776680	-8323728	-24	-351
3218	0	-668	64	-167	-93	8191	4165020	3595679	5828208	7364304	16776658	-8323600	-16	-351
3219	0	-623	60	-166	-124	8191	4165030	3595609	5827440	7363740	16776707	-8323728	-21	-246
3220	0	-623	82	-172	-124	8191	4165040	3595541	5827440	7363828	16776629	-8323728	-12	-246
3221	0	-623	75	-161	-124	8191	4165050	3597626	5828336	7363920	16776683	-8323600	-22	-246
3222	0	-623	78	-167	-124	8191	4165060	3597720	5827952	7364057	16776707	-8323600	-8	-246
3223	0	-623	66	-160	-124	8191	4165070	3597729	5827952	7363542	16776709	-8323600	-19	-246
3224	0	-623	75	-161	-124	8191	4165080	3597640	5828592	7363285	16776708	-8323728	-15	-246
3225	0	-623	86	-164	-124	8191	4165090	3597475	5828592	7364129	16776706	-8323728	-20	-246
3226	0	-623	99	-167	-124	8191	4165101	3597729	5827312	7363893	16776659	-8323728	-15	-246
3227	0	-623	38	-167	-124	8191	4165111	3597771	5827824	7363832	16776667	-8323600	-25	-246
3228	0	-623	92	-177	-124	8191	4165121	3597677	5827568	7363873	16776692	-8323600	-6	-246
3229	0	-623	39	-163	-124	8191	4165131	3597762	5827184	7363697	16776662	-8323728	-26	-246
3230	0	-623	61	-164	-124	8191	4165141	3599712	5829744	7363824	16776674	-8323728	-12	-246
3231	0	-623	60	-170	-124	8191	4165151	3599724	5828848	7363884	16776653	-8323728	-25	-246
3232	0	-623	58	-167	-124	8191	4165161	3599489	5828336	7363800	16776694	-8323600	-14	-246
3233	0	-623	92	-172	-124	8191	4165171	3599607	5828464	7363218	16776671	-8323600	-10	-246
3234	0	-623	36	-171	-124	8191	4165181	3601764	5829232	7363898	16776680	-8323728	-20	-246
3235	0	-623	59	-165	-124	8191	4165191	3601858	5828336	7363715	16776614	-8323728	-17	-246
3236	0	-623	54	-167	-124	8191	4165202	3601842	5828848	7363890	16776692	-8323728	-22	-246
3237	0	-623	96	-173	-124	8191	4165212	3601779	5828848	7363999	16776668	-8323728	-17	-246
3238	0	-623	93	-167	-124	8191	4165222	3601600	5829488	7364009	16776653	-8323728	-19	-246
3239	0	-556	48	-169	-151	8191	4165232	3601695	5829232	7363735	16776704	-8323728	-17	-102
3240	0	-556	59	-176	-151	8191	4165242	3601838	5829232	7364046	16776689	-8323728	-24	-102
3241	0	-556	80	-169	-151	8191	4165252	3601763	5829872	7364259	16776689	-8323600	-15	-102
3242	0	-556	56	-173	-151	8191	4165262	3601767	5830512	7363502	16776685	-8323728	-21	-102
3243	0	-556	70	-166	-151	8191	4165272	3601817	5830384	7363751	16776691	-8323600	-24	-102
3244	0	-556	47	-171	-151	8191	4165282	3601838	5830256	7363731	16776725	-8323728	-26	-102
3245	0	-556	82	-181	-151	8191	4165292	3603920	5830256	7363582	16776665	-8323728	-19	-102
3246	0	-556	16	-167	-151	8191	4165303	3604166	5830256	7364116	16776644	-8323728	-19	-102
3247	0	-556	70	-170	-151	8191	4165313	3603927	5830000	7364176	16776680	-8323728	-25	-102
3248	0	-556	99	-174	-151	8191	4165323	3603940	5830384	7364131	16776715	-8323728	-16	-102
3249	0	-556	97	-178	-151	8191	4165333	3603897	5829616	7363933	16776672	-8323728	-17	-102
3250	0	-556	40	-170	-151	8191	4165343	3606057	5830768	7364503	16776680	-8323728	-19	-102
3251	0	-556	103	-172	-151	8191	4165353	3606055	5829744	7363937	16776674	-8323728	-19	-102
3252	0	-556	85	-177	-151	8191	4165363	3605946	5830384	7364113	16776652	-8323728	-25	-102
3253	0	-556	64	-176	-151	8191	4165373	3605939	5830384	7363991	16776683	-8323600	-15	-102
3254	0	-556	71	-171	-151	8191	4165383	3606353	5830896	7364013	16776698	-8323600	-21	-102
3255	0	-556	57	-180	-151	8191	4165393	3606057	5831408	7364233	16776657	-8323600	-11	-102
3256	0	-556	38	-174	-151	8191	4165404	3605856	5829872	7363882	16776669	-8323728	-25	-102
3257	0	-556	90	-180	-151	8191	4165414	3606121	5831280	7363937	16776677	-8323600	-14	-102
3258	0	-556	63	-176	-151	8191	4165424	3608019	5829744	7363537	16776693	-8323600	-19	-102
3259	0	-502	44	-177	-173	8191	4165434	3608064	5830512	7363699	16776666	-8323728	-14	10
3260	0	-502	67	-187	-173	8191	4165444	3608179	5831152	7363305	16776677	-8323728	-11	10
3261	0	-502	72	-173	-173	8191	4165454	3608230	5831792	7363572	16776669	-8323728	-25	10
3262	0	-502	82	-187	-173	8191	4165464	3608036	5830768	7363788	16776668	-8323856	-26	10
3263	0	-502	81	-176	-173	8191	4165474	3610163	5832432	7363803	16776700	-8323856	-9	10
3264	0	-502	50	-189	-173	8191	4165484	3610208	5831664	7363762	16776689	-8323856	-13	10
3265	0	-502	53	-174	-173	8191	4165494	3609980	5831792	7363298	16776689	-8323728	-19	10
3266	0	-502	60	-184	-173	8191	4165505	3609997	5830896	7363862	16776670	-8323728	-20	10
3267	0	-502	52	-188	-173	8191	4165515	3610188	5831664	7364225	16776668	-8323472	-23	10
3268	0	-502	62	-188	-173	8191	4165525	3610016	5831920	7363886	16776676	-8323728	-12	10
3269	0	-502	56	-174	-173	8191	4165535	3610314	5831536	7363993	16776664	-8323728	-16	10
3270	0	-502	67	-184	-173	8191	4165545	3609961	5832048	7363786	16776639	-8323728	-22	10
3271	0	-502	108	-188	-173	8191	4165555	3610158	5832048	7363756	16776675	-8323600	-22	10
3272	0	-502	62	-184	-173	8191	4165565	3610209	5832432	7363621	16776674	-8323728	-20	10
3273	0	-502	57	-188	-173	8191	4165575	3610621	5831408	7363539	16776681	-8323600	-20	10
3274	0	-502	68	-189	-173	8191	4165585	3611702	5833328	7363633	16776683	-8323728	-13	10
3275	0	-502	35	-180	-173	8191	4165595	3612230	5831920	7363184	16776718	-8323728	-22	10
3276	0	-502	37	-186	-173	8191	4165606	3612172	5832048	7363384	16776696	-8323472	-16	10
3277	0	-502	82	-188	-173	8191	4165616	3612157	5833328	7363522	16776700	-8323600	-19	10
3278	0	-502	86	-190	-173	8191	4165626	3613846	5833200	7364091	16776710	-8323728	-16	10
3279	0	-429	61	-186	-198	8191	4165636	3612249	5833200	7363657	16776656	-8323728	-24	137
3280	0	-429	118	-187	-198	8191	4165646	3612503	5833584	7363550	16776685	-8323728	-22	137
3281	0	-429	67	-181	-198	8191	4165656	3614408	5833200	7364006	16776686	-8323728	-15	137
3282	0	-429	68	-189	-198	8191	4165666	3614177	5833200	7363706	16776682	-8323600	-21	137
3283	0	-429	78	-187	-198	8191	4165676	3614451	5834224	7363904	16776679	-8323856	-18	137
3284	0	-429	108	-188	-198	8191	4165686	3614216	5834736	7363704	16776663	-8323728	-24	137
3285	0	-429	53	-187	-198	8191	4165696	3614202	5833712	7363860	16776649	-8323472	-24	137
3286	0	-429	83	-193	-198	8191	4165707	3614397	5833840	7363674	16776704	-8323728	-21	137
3287	0	-429	72	-193	-198	8191	4165717	3614281	5832944	7363697	16776671	-8323600	-20	137
3288	0	-429	31	-195	-198	8191	4165727	3614312	5833712	7363965	16776689	-8323728	-23	137
3289	0	-429	60	-190	-198	8191	4165737	3614321	5834096	7363884	16776683	-8323600	-17	137
3290	0	-429	101	-188	-198	8191	4165747	3614494	5834352	7363436	16776717	-8323472	-23	137
3291	0	-429	55	-190	-198	8191	4165757	3616404	5833712	7363237	16776677	-8323600	-19	137
3292	0	-429	73	-195	-198	8191	4165767	3616016	5834224	7363583	16776692	-8323728	-15	137
3293	0	-429	69	-190	-198	8191	4165777	3616496	5833712	7363644	16776676	-8323728	-22	137
3294	0	-429	78	-188	-198	8191	4165787	3616083	5834352	7363758	16776703	-8323600	-18	137
3295	0	-429	44	-197	-198	8191	4165797	3616254	5833840	7363632	16776668	-8323728	-12	137
3296	0	-429	87	-189	-198	8191	4165808	3616501	5834992	7364099	16776686	-8323856	-16	137
3297	0	-429	82	-191	-198	8191	4165818	3616661	5833968	7363368	16776671	-8323728	-22	137
3298	0	-429	87	-199	-198	8191	4165828	3616409	5835632	7364029	16776686	-8323600	-15	137
3299	0	-312	63	-196	-242	8191	4165838	3616468	5835888	7363332	16776684	-8323728	-16	234
3300	0	-312	80	-194	-242	8191	4165848	3616311	5835760	7363570	16776711	-8323728	-13	234
3301	0	-312	97	-188	-242	8191	4165858	3618374	5834736	7363483	16776723	-8323600	-17	234
3302	0	-312	73	-201	-242	8191	4165868	3618079	5834864	7363471	16776703	-8323728	-8	234
3303	0	-312	33	-198	-242	8191	4165878	3618511	5834736	7363776	16776712	-8323600	-21	234
3304	0	-312	64	-193	-242	8191	4165888	3618296	5835888	7363782	16776692	-8323600	-16	234
3305	0	-312	53	-194	-242	8191	4165898	3618545	5836272	7363442	16776717	-8323600	-17	234
3306	0	-312	113	-194	-242	8191	4165909	3618783	5835632	7363522	16776691	-8323728	-8	234
3307	0	-312	79	-201	-242	8191	4165919	3618565	5837040	7364080	16776677	-8323728	-24	234
3308	0	-312	52	-190	-242	8191	4165929	3620485	5836528	7363565	16776663	-8323600	-9	234
3309	0	-312	98	-197	-242	8191	4165939	3620628	5836528	7363920	16776663	-8323728	-19	234
3310	0	-312	68	-201	-242	8191	4165949	3620269	5836656	7363702	16776709	-8323600	-6	234
3311	0	-312	51	-197	-242	8191	4165959	3620690	5836016	7363510	16776684	-8323728	-30	234
3312	0	-312	68	-195	-242	8191	4165969	3622584	5836400	7363820	16776702	-8323600	-20	234
3313	0	-312	62	-199	-242	8191	4165979	3622582	5837040	7363010	16776694	-8323728	-17	234
3314	0	-312	75	-197	-242	8191	4165989	3622933	5837040	7363699	16776652	-8323600	-12	234
3315	0	-312	58	-194	-242	8191	4165999	3622497	5836912	7363044	16776637	-8323728	-8	234
3316	0	-312	90	-197	-242	8191	4166010	3622668	5837040	7363865	16776674	-8323728	-23	234
3317	0	-312	68	-198	-242	8191	4166020	3622744	5837680	7363590	16776643	-8323600	-18	234
3318	0	-312	31	-202	-242	8191	4166030	3622669	5837296	7363538	16776714	-8323472	-24	234
3319	0	-312	55	-196	-242	8191	4166040	3622738	5836912	7363601	16776662	-8323600	-8	234
3320	0	-206	74	-203	-241	8191	4166050	3622909	5837936	7363813	16776684	-8323728	-23	316
3321	0	-206	49	-208	-241	8191	4166060	3623002	5837936	7363955	16776683	-8323472	-13	316
3322	0	-206	79	-200	-241	8191	4166070	3624837	5837808	7363575	16776697	-8323600	-29	316
3323	0	-206	68	-196	-241	8191	4166080	3624858	5837808	7363733	16776710	-8323728	-9	316
3324	0	-206	72	-204	-241	8191	4166090	3624887	5838064	7363763	16776672	-8323728	-27	316
3325	0	-206	82	-199	-241	8191	4166100	3624807	5837168	7363493	16776692	-8323600	-12	316
3326	0	-206	79	-203	-241	8191	4166111	3626573	5837168	7363584	16776655	-8323600	-21	316
3327	0	-206	44	-200	-241	8191	4166121	3626798	5838576	7363583	16776664	-8323728	-22	316
3328	0	-206	57	-213	-241	8191	4166131	3626975	5838704	7363127	16776705	-8323728	-21	316
3329	0	-206	50	-202	-241	8191	4166141	3626987	5838960	7363264	16776653	-8323728	-20	316
3330	0	-206	72	-203	-241	8191	4166151	3627046	5838704	7363543	16776704	-8323856	-35	316
3331	0	-206	93	-196	-241	8191	4166161	3626867	5838448	7363683	16776689	-8323600	-23	316
3332	0	-206	52	-203	-241	8191	4166171	3627000	5838064	7363952	16776636	-8323728	-19	316
3333	0	-206	29	-218	-241	8191	4166181	3626887	5839728	7364016	16776651	-8323728	-17	316
3334	0	-206	90	-204	-241	8191	4166191	3627041	5838448	7363891	16776671	-8323728	-17	316
3335	0	-206	56	-207	-241	8191	4166201	3627298	5838576	7364076	16776702	-8323728	-25	316
3336	0	-206	96	-205	-241	8191	4166212	3629295	5840496	7363734	16776658	-8323728	-16	316
3337	0	-206	106	-214	-241	8191	4166222	3628959	5839344	7363637	16776665	-8323728	-26	316
3338	0	-206	63	-207	-241	8191	4166232	3629182	5839472	7363889	16776690	-8323600	-21	316
3339	0	-206	83	-208	-241	8191	4166242	3629280	5839728	7364013	16776668	-8323728	-29	316
3340	0	-77	64	-208	-267	8191	4166252	3629113	5839728	7363725	16776707	-8323856	-15	385
3341	0	-77	81	-213	-267	8191	4166262	3629078	5840240	7363603	16776679	-8323728	-28	385
3342	0	-77	44	-205	-267	8191	4166272	3629159	5839600	7364242	16776663	-8323600	-22	385
3343	0	-77	108	-209	-267	8191	4166282	3629276	5838832	7363843	16776675	-8323728	-32	385
3344	0	-77	65	-218	-267	8191	4166292	3629037	5839856	7363684	16776691	-8323728	-20	385
3345	0	-77	67	-200	-267	8191	4166302	3631099	5841264	7363854	16776674	-8323728	-29	385
3346	0	-77	15	-214	-267	8191	4166313	3631109	5839984	7364796	16776678	-8323728	-18	385
3347	0	-77	79	-210	-267	8191	4166323	3629183	5841264	7364318	16776685	-8323600	-37	385
3348	0	-77	59	-207	-267	8191	4166333	3631290	5840496	7364129	16776692	-8323600	-10	385
3349	0	-77	85	-205	-267	8191	4166343	3631329	5840496	7363585	16776650	-8323600	-35	385
3350	0	-77	79	-201	-267	8191	4166353	3631254	5840752	7364412	16776700	-8323728	-15	385
3351	0	-77	64	-224	-267	8191	4166363	3633266	5841776	7363963	16776615	-8323728	-40	385
3352	0	-77	66	-210	-267	8191	4166373	3633390	5840624	7364372	16776690	-8323600	-14	385
3353	0	-77	79	-216	-267	8191	4166383	3633440	5841392	7363962	16776712	-8323728	-25	385
3354	0	-77	76	-218	-267	8191	4166393	3633143	5839856	7363953	16776690	-8323472	-22	385
3355	0	-77	20	-211	-267	8191	4166403	3633630	5841392	7363705	16776654	-8323728	-36	385
3356	0	-77	87	-218	-267	8191	4166414	3635436	5842416	7364212	16776694	-8323728	-26	385
3357	0	-77	97	-219	-267	8191	4166424	3635379	5840112	7363890	16776685	-8323728	-22	385
3358	0	-77	44	-212	-267	8191	4166434	3635090	5841392	7363614	16776688	-8323856	-15	385
3359	0	-77	66	-217	-267	8191	4166444	3635294	5841776	7364045	16776666	-8323856	-22	385
3360	0	63	60	-214	-300	8191	4166454	3635463	5841264	7363878	16776679	-8323728	-24	453
3361	0	63	127	-214	-300	8191	4166464	3635404	5841904	7363804	16776682	-8323600	-21	453
3362	0	63	59	-218	-300	8191	4166474	3635367	5841520	7363439	16776672	-8323728	-34	453
3363	0	63	85	-222	-300	8191	4166484	3635419	5841520	7364194	16776649	-8323856	-15	453
3364	0	63	60	-218	-300	8191	4166494	3635394	5842544	7364185	16776660	-8323728	-23	453
3365	0	63	60	-216	-300	8191	4166504	3637648	5842800	7364220	16776649	-8323728	-14	453
3366	0	63	62	-214	-300	8191	4166515	3637447	5842800	7363822	16776659	-8323728	-28	453
3367	0	63	46	-239	-300	8191	4166525	3637466	5843824	7363550	16776665	-8323728	-11	453
3368	0	63	99	-217	-300	8191	4166535	3637312	5842416	7363615	16776670	-8323728	-22	453
3369	0	63	59	-234	-300	8191	4166545	3637346	5842032	7363886	16776676	-8323600	-14	453
3370	0	63	63	-216	-300	8191	4166555	3637554	5843184	7363975	16776708	-8323728	-20	453
3371	0	63	77	-233	-300	8191	4166565	3637385	5842288	7364124	16776687	-8323728	-8	453
3372	0	63	65	-221	-300	8191	4166575	3637509	5844208	7364214	16776659	-8323600	-28	453
3373	0	63	98	-221	-300	8191	4166585	3637595	5843312	7363486	16776696	-8323600	-12	453
3374	0	63	57	-217	-300	8191	4166595	3637362	5842672	7363612	16776695	-8323600	-21	453
3375	0	63	73	-217	-300	8191	4166605	3637448	5843312	7363722	16776674	-8323728	-26	453
3376	0	63	53	-224	-300	8191	4166616	3637432	5843696	7363811	16776661	-8323728	-20	453
3377	0	63	70	-227	-300	8191	4166626	3639595	5844208	7363631	16776669	-8323728	-15	453
3378	0	63	50	-226	-300	8191	4166636	3639633	5844592	7363697	16776650	-8323600	-22	453
3379	0	63	61	-246	-300	8191	4166646	3639465	5843184	7363673	16776683	-8323856	-17	453
3380	0	191	59	-226	-307	8191	4166656	3639424	5844080	7363125	16776695	-8323728	-18	506
3381	0	191	90	-229	-307	8191	4166666	3640669	5845104	7363812	16776665	-8323728	-16	506
3382	0	191	25	-227	-307	8191	4166676	3641807	5844592	7363806	16776697	-8323600	-23	506
3383	0	191	89	-229	-307	8191	4166686	3641699	5844336	7364167	16776665	-8323728	-10	506
3384	0	191	103	-223	-307	8191	4166696	3641684	5845744	7363720	16776662	-8323856	-20	506
3385	0	191	61	-219	-307	8191	4166706	3641700	5844464	7364140	16776675	-8323728	-14	506
3386	0	191	97	-223	-307	8191	4166717	3641490	5844848	7364002	16776701	-8323728	-30	506
3387	0	191	119	-239	-307	8191	4166727	3641631	5846768	7363783	16776697	-8323856	-11	506
3388	0	191	73	-227	-307	8191	4166737	3641631	5845616	7364085	16776691	-8323728	-21	506
3389	0	191	80	-235	-307	8191	4166747	3643684	5844208	7363586	16776663	-8323856	-16	506
3390	0	191	66	-240	-307	8191	4166757	3643786	5843568	7363911	16776727	-8323728	-20	506
3391	0	191	107	-229	-307	8191	4166767	3643817	5846000	7364065	16776720	-8323984	-26	506
3392	0	191	61	-240	-307	8191	4166777	3643778	5845104	7363697	16776687	-8323728	-18	506
3393	0	191	84	-241	-307	8191	4166787	3644807	5846128	7363767	16776681	-8323856	-13	506
3394	0	191	59	-232	-307	8191	4166797	3645848	5845872	7364288	16776675	-8323728	-16	506
3395	0	191	73	-238	-307	8191	4166807	3645900	5846640	7363869	16776644	-8323728	-17	506
3396	0	191	87	-230	-307	8191	4166818	3646081	5846000	7364473	16776661	-8323856	-20	506
3397	0	191	20	-218	-307	8191	4166828	3647897	5845872	7363214	16776691	-8323728	-26	506
3398	0	191	41	-245	-307	8191	4166838	3645952	5847152	7364019	16776619	-8323600	-28	506
3399	0	191	59	-227	-307	8191	4166848	3647728	5846256	7363273	16776687	-8323728	-13	506
3400	0	351	85	-238	-335	8191	4166858	3649936	5846384	7363664	16776672	-8323728	-16	490
3401	0	351	76	-239	-335	8191	4166868	3650168	5847152	7364026	16776684	-8323856	-20	490
3402	0	351	57	-237	-335	8191	4166878	3648316	5847664	7363840	16776728	-8323728	-40	490
3403	0	351	81	-241	-335	8191	4166888	3650020	5846512	7363406	16776704	-8323728	-20	490
3404	0	351	90	-249	-335	8191	4166898	3649894	5847152	7363910	16776696	-8323728	-30	490
3405	0	351	95	-241	-335	8191	4166908	3649956	5847280	7363922	16776679	-8323728	-20	490
3406	0	351	44	-237	-335	8191	4166919	3649916	5847792	7364017	16776656	-8323856	-21	490
3407	0	351	56	-237	-335	8191	4166929	3650015	5847024	7363985	16776655	-8323728	-22	490
3408	0	351	84	-232	-335	8191	4166939	3650093	5848560	7364078	16776655	-8323856	-21	490
3409	0	351	54	-243	-335	8191	4166949	3650309	5848560	7364119	16776692	-8323728	-26	490
3410	0	351	76	-245	-335	8191	4166959	3652340	5849200	7364002	16776682	-8323728	-18	490
3411	0	351	76	-238	-335	8191	4166969	3652331	5848176	7364036	16776741	-8323856	-20	490
3412	0	351	96	-243	-335	8191	4166979	3652330	5848176	7364030	16776665	-8323728	-27	490
3413	0	351	59	-240	-335	8191	4166989	3654083	5848944	7363737	16776682	-8323856	-26	490
3414	0	351	51	-248	-335	8191	4166999	3654220	5847792	7363727	16776675	-8323728	-22	490
3415	0	351	83	-248	-335	8191	4167009	3654121	5849072	7363464	16776693	-8323728	-28	490
3416	0	351	75	-253	-335	8191	4167020	3654221	5848432	7363674	16776685	-8323728	-21	490
3417	0	351	64	-241	-335	8191	4167030	3654161	5849712	7363503	16776700	-8323856	-35	490
3418	0	351	86	-257	-335	8191	4167040	3654074	5849712	7363671	16776724	-8323728	-15	490
3419	0	351	49	-244	-335	8191	4167050	3654026	5848688	7363790	16776685	-8323728	-33	490
3420	0	484	80	-261	-339	8191	4167060	3654164	5848688	7363907	16776705	-8323728	-19	506
3421	0	484	70	-247	-339	8191	4167070	3654224	5849968	7363301	16776688	-8323856	-38	506
3422	0	484	70	-243	-339	8191	4167080	3656281	5849840	7363517	16776700	-8323600	-31	506
3423	0	484	102	-245	-339	8191	4167090	3656426	5850480	7363844	16776679	-8323728	-27	506
3424	0	484	40	-243	-339	8191	4167100	3656193	5849968	7363732	16776695	-8323600	-24	506
3425	0	484	58	-248	-339	8191	4167110	3656387	5850480	7364358	16776672	-8323600	-9	506
3426	0	484	92	-250	-339	8191	4167121	3656405	5850608	7363909	16776680	-8323728	-40	506
3427	0	484	49	-254	-339	8191	4167131	3656059	5850864	7363621	16776693	-8323600	-20	506
3428	0	484	28	-253	-339	8191	4167141	3657968	5851120	7363911	16776640	-8323728	-21	506
3429	0	484	49	-250	-339	8191	4167151	3658536	5850864	7363654	16776690	-8323728	-13	506
3430	0	484	73	-257	-339	8191	4167161	3658109	5850224	7363370	16776658	-8323728	-28	506
3431	0	484	54	-256	-339	8191	4167171	3658486	5850864	7364023	16776681	-8323728	-32	506
3432	0	484	41	-260	-339	8191	4167181	3658505	5850992	7363812	16776673	-8323856	-32	506
3433	0	484	78	-260	-339	8191	4167191	3658334	5852016	7363853	16776696	-8323728	-22	506
3434	0	484	99	-257	-339	8191	4167201	3658379	5850992	7363743	16776698	-8323728	-34	506
3435	0	484	88	-258	-339	8191	4167211	3658221	5851504	7364017	16776650	-8323600	-22	506
3436	0	484	66	-269	-339	8191	4167222	3658350	5852784	7364105	16776694	-8323728	-28	506
3437	0	484	68	-254	-339	8191	4167232	3658237	5853040	7363353	16776691	-8323728	-16	506
3438	0	484	63	-261	-339	8191	4167242	3660523	5851376	7363468	16776671	-8323856	-33	506
3439	0	484	49	-248	-339	8191	4167252	3660528	5852016	7363581	16776692	-8323856	-24	506
3440	0	614	67	-260	-372	8191	4167262	3660338	5851376	7364052	16776678	-8323728	-36	461
3441	0	614	54	-264	-372	8191	4167272	3662127	5851632	7363876	16776736	-8323728	-24	461
3442	0	614	89	-254	-372	8191	4167282	3662841	5851760	7363922	16776685	-8323856	-20	461
3443	0	614	136	-255	-372	8191	4167292	3662773	5853040	7364030	16776661	-8323728	-20	461
3444	0	614	56	-258	-372	8191	4167302	3662699	5852656	7363685	16776670	-8323728	-14	461
3445	0	614	63	-256	-372	8191	4167312	3662764	5852784	7363554	16776648	-8323728	-24	461
3446	0	614	27	-260	-372	8191	4167323	3662634	5852016	7363865	16776689	-8323856	-26	461
3447	0	614	117	-269	-372	8191	4167333	3662754	5853296	7363823	16776644	-8323728	-14	461
3448	0	614	86	-256	-372	8191	4167343	3662845	5852016	7363950	16776690	-8323984	-25	461
3449	0	614	99	-275	-372	8191	4167353	3662730	5854320	7364295	16776689	-8323728	-16	461
3450	0	614	65	-256	-372	8191	4167363	3663008	5852912	7364185	16776697	-8323728	-15	461
3451	0	614	105	-267	-372	8191	4167373	3662893	5853552	7363820	16776716	-8323728	-16	461
3452	0	614	45	-263	-372	8191	4167383	3662589	5853296	7363479	16776707	-8323856	-18	461
3453	0	614	79	-274	-372	8191	4167393	3664678	5854320	7364293	16776662	-8323856	-20	461
3454	0	614	83	-266	-372	8191	4167403	3664866	5853808	7363767	16776709	-8323728	-22	461
3455	0	614	97	-259	-372	8191	4167413	3666844	5855216	7364176	16776673	-8323856	-11	461
3456	0	614	54	-280	-372	8191	4167424	3666633	5854320	7363762	16776685	-8323856	-25	461
3457	0	614	112	-264	-372	8191	4167434	3666812	5854320	7363470	16776649	-8323856	-16	461
3458	0	614	81	-279	-372	8191	4167444	3666857	5854064	7363674	16776697	-8323728	-31	461
3459	0	614	58	-255	-372	8191	4167454	3666851	5854192	7363604	16776649	-8323856	-23	461
3460	0	614	90	-276	-372	8191	4167464	3666595	5855216	7363524	16776669	-8323728	-28	461
3461	0	766	87	-255	-393	8191	4167474	3668786	5855856	7363824	16776672	-8323728	-23	419
3462	0	766	74	-283	-393	8191	4167484	3668665	5854832	7363036	16776646	-8323728	-26	419
3463	0	766	124	-271	-393	8191	4167494	3668696	5854832	7363827	16776688	-8323856	-28	419
3464	0	766	75	-258	-393	8191	4167504	3668898	5855984	7363656	16776671	-8323728	-19	419
3465	0	766	65	-268	-393	8191	4167514	3670797	5854320	7363897	16776690	-8323600	-24	419
3466	0	766	74	-268	-393	8191	4167525	3670944	5855088	7363459	16776662	-8323600	-24	419
3467	0	766	37	-276	-393	8191	4167535	3670961	5855856	7363784	16776671	-8323600	-19	419
3468	0	766	77	-270	-393	8191	4167545	3670839	5855856	7363141	16776651	-8323728	-31	419
3469	0	766	36	-276	-393	8191	4167555	3670810	5855600	7364231	16776678	-8323728	-10	419
3470	0	766	90	-261	-393	8191	4167565	3671017	5854832	7363549	16776642	-8323728	-25	419
3471	0	766	65	-283	-393	8191	4167575	3671046	5855472	7364155	16776696	-8323728	-20	419
3472	0	766	29	-271	-393	8191	4167585	3670864	5857008	7363509	16776713	-8323728	-23	419
3473	0	766	43	-266	-393	8191	4167595	3673099	5856880	7363900	16776679	-8323728	-20	419
3474	0	766	75	-272	-393	8191	4167605	3673068	5858416	7364024	16776682	-8323728	-15	419
3475	0	766	89	-273	-393	8191	4167615	3672995	5856624	7363711	16776671	-8323728	-30	419
3476	0	766	63	-281	-393	8191	4167626	3672875	5858288	7363814	16776678	-8323728	-22	419
3477	0	766	56	-264	-393	8191	4167636	3675122	5858032	7363571	16776644	-8323856	-20	419
3478	0	766	83	-286	-393	8191	4167646	3675169	5858032	7363774	16776642	-8323728	-18	419
3479	0	766	69	-277	-393	8191	4167656	3675247	5857264	7363975	16776707	-8323728	-21	419
3480	0	766	39	-274	-393	8191	4167666	3675076	5858160	7363744	16776694	-8323856	-26	419
3481	0	906	54	-275	-402	8191	4167676	3675047	5857520	7363970	16776694	-8323856	-30	343
3482	0	906	32	-271	-402	8191	4167686	3675089	5857776	7363618	16776676	-8323728	-30	343
3483	0	906	81	-279	-402	8191	4167696	3675034	5858288	7363672	16776696	-8323728	-33	343
3484	0	906	83	-284	-402	8191	4167706	3675059	5859056	7363716	16776688	-8323728	-24	343
3485	0	906	65	-296	-402	8191	4167716	3674995	5858288	7363464	16776666	-8323856	-21	343
3486	0	906	57	-277	-402	8191	4167727	3675098	5858928	7363673	16776683	-8323984	-26	343
3487	0	906	102	-281	-402	8191	4167737	3676992	5859312	7363498	16776694	-8323856	-29	343
3488	0	906	75	-275	-402	8191	4167747	3677178	5858800	7363819	16776689	-8323728	-23	343
3489	0	906	71	-288	-402	8191	4167757	3676961	5858928	7363797	16776699	-8323856	-19	343
3490	0	906	71	-278	-402	8191	4167767	3677212	5858800	7363726	16776700	-8323856	-33	343
3491	0	906	69	-295	-402	8191	4167777	3677225	5859440	7363533	16776674	-8323728	-20	343
3492	0	906	90	-273	-402	8191	4167787	3679455	5859696	7364009	16776681	-8323728	-38	343
3493	0	906	60	-273	-402	8191	4167797	3679293	5858928	7364026	16776689	-8323856	-23	343
3494	0	906	72	-284	-402	8191	4167807	3679258	5859824	7363649	16776671	-8323728	-37	343
3495	0	906	86	-277	-402	8191	4167817	3679204	5859184	7363219	16776700	-8323856	-24	343
3496	0	906	60	-289	-402	8191	4167828	3679452	5858800	7363851	16776704	-8323856	-25	343
3497	0	906	100	-294	-402	8191	4167838	3679479	5859824	7363554	16776694	-8323728	-25	343
3498	0	906	60	-293	-402	8191	4167848	3679556	5860208	7363607	16776680	-8323856	-35	343
3499	0	906	23	-291	-402	8191	4167858	3681175	5859440	7363827	16776684	-8323856	-31	343
3500	0	906	64	-274	-402	8191	4167868	3681177	5860336	7363731	16776704	-8323728	-30	343
3501	0	1050	93	-290	-439	8191	4167878	3681274	5860464	7363696	16776652	-8323856	-23	246
3502	0	1050	84	-284	-439	8191	4167888	3683278	5861232	7363754	16776657	-8323728	-22	246
3503	0	1050	86	-295	-439	8191	4167898	3683525	5861104	7363844	16776680	-8323600	-25	246
3504	0	1050	57	-290	-439	8191	4167908	3683582	5859824	7363773	16776670	-8323728	-34	246
3505	0	1050	103	-282	-439	8191	4167918	3683532	5861104	7364310	16776688	-8323856	-21	246
3506	0	1050	52	-302	-439	8191	4167929	3683496	5861232	7363793	16776701	-8323600	-18	246
3507	0	1050	94	-286	-439	8191	4167939	3683520	5860720	7363629	16776668	-8323728	-27	246
3508	0	1050	77	-286	-439	8191	4167949	3683467	5861488	7364088	16776645	-8323728	-26	246
3509	0	1050	114	-282	-439	8191	4167959	3684556	5861360	7363584	16776667	-8323856	-29	246
3510	0	1050	25	-291	-439	8191	4167969	3685513	5861872	7363859	16776670	-8323856	-21	246
3511	0	1050	79	-303	-439	8191	4167979	3685748	5862128	7364165	16776702	-8323856	-25	246
3512	0	1050	73	-294	-439	8191	4167989	3687696	5863664	7363838	16776661	-8323728	-13	246
3513	0	1050	70	-284	-439	8191	4167999	3687868	5862384	7363344	16776670	-8323728	-34	246
3514	0	1050	57	-296	-439	8191	4168009	3687831	5862512	7363858	16776693	-8323856	-11	246
3515	0	1050	53	-300	-439	8191	4168019	3689677	5862256	7363522	16776652	-8323856	-35	246
3516	0	1050	86	-292	-439	8191	4168030	3689608	5863024	7363324	16776706	-8323856	-11	246
3517	0	1050	60	-299	-439	8191	4168040	3689698	5862768	7363462	16776662	-8323728	-34	246
3518	0	1050	43	-317	-439	8191	4168050	3689745	5863280	7363780	16776687	-8323856	-14	246
3519	0	1050	84	-293	-439	8191	4168060	3689825	5863536	7363264	16776725	-8323856	-24	246
3520	0	1050	20	-290	-439	8191	4168070	3689795	5863024	7363625	16776633	-8323984	-26	246
3521	0	1129	77	-295	-445	8191	4168080	3689879	5862896	7363875	16776678	-8323600	-30	144
3522	0	1129	79	-294	-445	8191	4168090	3689931	5864560	7363614	16776671	-8323856	-12	144
3523	0	1129	76	-293	-445	8191	4168100	3691786	5864432	7363680	16776678	-8323728	-25	144
3524	0	1129	77	-313	-445	8191	4168110	3692024	5863536	7363669	16776670	-8323856	-12	144
3525	0	1129	92	-295	-445	8191	4168120	3691879	5864176	7363547	16776681	-8323856	-21	144
3526	0	1129	74	-303	-445	8191	4168131	3692220	5863792	7363750	16776677	-8323856	-17	144
3527	0	1129	60	-295	-445	8191	4168141	3693914	5865328	7363697	16776693	-8323728	-28	144
3528	0	1129	80	-299	-445	8191	4168151	3693840	5865456	7363637	16776682	-8323728	-9	144
3529	0	1129	69	-299	-445	8191	4168161	3694020	5865968	7363589	16776682	-8323984	-35	144
3530	0	1129	46	-301	-445	8191	4168171	3693921	5864816	7363681	16776694	-8323856	-24	144
3531	0	1129	79	-296	-445	8191	4168181	3696009	5866096	7363629	16776714	-8323728	-27	144
3532	0	1129	70	-311	-445	8191	4168191	3696291	5865456	7363803	16776670	-8323856	-17	144
3533	0	1129	76	-315	-445	8191	4168201	3696371	5865072	7363845	16776657	-8323856	-29	144
3534	0	1129	95	-306	-445	8191	4168211	3696081	5866352	7363590	16776646	-8323728	-18	144
3535	0	1129	110	-302	-445	8191	4168221	3696000	5866096	7363967	16776692	-8323856	-37	144
3536	0	1129	98	-305	-445	8191	4168232	3696230	5866352	7364142	16776662	-8323856	-30	144
3537	0	1129	49	-310	-445	8191	4168242	3695958	5865328	7364173	16776714	-8323856	-24	144
3538	0	1129	52	-305	-445	8191	4168252	3698158	5865328	7363571	16776694	-8323856	-32	144
3539	0	1129	48	-314	-445	8191	4168262	3698275	5865712	7363602	16776671	-8323728	-22	144
3540	0	1129	77	-315	-445	8191	4168272	3698153	5865712	7364156	16776670	-8323856	-28	144
3541	0	1216	16	-310	-466	8191	4168282	3700488	5866992	7363877	16776713	-8323728	-32	-32
3542	0	1216	88	-309	-466	8191	4168292	3700449	5866608	7363988	16776681	-8323856	-28	-32
3543	0	1216	82	-292	-466	8191	4168302	3700326	5866352	7364189	16776649	-8323728	-34	-32
3544	0	1216	68	-306	-466	8191	4168312	3700260	5867248	7364036	16776719	-8323856	-17	-32
3545	0	1216	79	-298	-466	8191	4168322	3700459	5867120	7364072	16776612	-8323728	-30	-32
3546	0	1216	52	-310	-466	8191	4168333	3700386	5866224	7363887	16776720	-8323856	-19	-32
3547	0	1216	91	-315	-466	8191	4168343	3700270	5866864	7363946	16776686	-8323728	-47	-32
3548	0	1216	97	-325	-466	8191	4168353	3702406	5868272	7363883	16776685	-8323600	-27	-32
3549	0	1216	68	-304	-466	8191	4168363	3702712	5867376	7364070	16776655	-8323856	-22	-32
3550	0	1216	89	-320	-466	8191	4168373	3702578	5867120	7364052	16776727	-8323728	-43	-32
3551	0	1216	69	-317	-466	8191	4168383	3702363	5867632	7364029	16776685	-8323728	-33	-32
3552	0	1216	95	-321	-466	8191	4168393	3702391	5868784	7364259	16776664	-8323856	-52	-32
3553	0	1216	63	-308	-466	8191	4168403	3702561	5868016	7364368	16776655	-8323728	-19	-32
3554	0	1216	67	-317	-466	8191	4168413	3702451	5867120	7363562	16776668	-8323856	-34	-32
3555	0	1216	81	-316	-466	8191	4168423	3704246	5869296	7363903	16776694	-8323856	-26	-32
3556	0	1216	82	-314	-466	8191	4168434	3704667	5869040	7363451	16776655	-8323856	-28	-32
3557	0	1216	51	-328	-466	8191	4168444	3704565	5868912	7363878	16776657	-8323984	-16	-32
3558	0	1216	21	-308	-466	8191	4168454	3705301	5868912	7363638	16776668	-8323728	-33	-32
3559	0	1216	63	-315	-466	8191	4168464	3706700	5869040	7363697	16776696	-8323856	-13	-32
3560	0	1216	82	-323	-466	8191	4168474	3706749	5869552	7363799	16776650	-8323600	-39	-32
3561	0	1271	101	-338	-465	8191	4168484	3707464	5869168	7364335	16776690	-8323728	-18	-169
3562	0	1271	71	-319	-465	8191	4168494	3708701	5868912	7363694	16776723	-8323984	-33	-169
3563	0	1271	45	-332	-465	8191	4168504	3708812	5869424	7364157	16776677	-8323728	-19	-169
3564	0	1271	39	-316	-465	8191	4168514	3708628	5870832	7363985	16776667	-8323856	-43	-169
3565	0	1271	91	-335	-465	8191	4168524	3708775	5870064	7363513	16776684	-8323984	-12	-169
3566	0	1271	39	-313	-465	8191	4168535	3708710	5869936	7364011	16776677	-8323856	-19	-169
3567	0	1271	107	-336	-465	8191	4168545	3708813	5870320	7364182	16776647	-8323728	-33	-169
3568	0	1271	97	-316	-465	8191	4168555	3710775	5871216	7363684	16776661	-8323728	-20	-169
3569	0	1271	81	-334	-465	8191	4168565	3710825	5871472	7364282	16776688	-8323984	-11	-169
3570	0	1271	62	-316	-465	8191	4168575	3710822	5870960	7363856	16776701	-8323856	-29	-169
3571	0	1271	52	-340	-465	8191	4168585	3710822	5870576	7363637	16776637	-8323856	-5	-169
3572	0	1271	91	-322	-465	8191	4168595	3710804	5871728	7363397	16776656	-8323728	-25	-169
3573	0	1271	44	-322	-465	8191	4168605	3710798	5871600	7363921	16776699	-8323472	-18	-169
3574	0	1271	57	-321	-465	8191	4168615	3711015	5871472	7363645	16776677	-8323856	-34	-169
3575	0	1271	60	-336	-465	8191	4168625	3713148	5871728	7363590	16776694	-8323856	-9	-169
3576	0	1271	66	-321	-465	8191	4168636	3713147	5872240	7363701	16776690	-8323728	-32	-169
3577	0	1271	69	-328	-465	8191	4168646	3712680	5871600	7364111	16776694	-8323856	-3	-169
3578	0	1271	43	-323	-465	8191	4168656	3712993	5871472	7363759	16776648	-8323728	-47	-169
3579	0	1271	89	-326	-465	8191	4168666	3715008	5871856	7364216	16776663	-8323856	-3	-169
3580	0	1271	45	-332	-465	8191	4168676	3715271	5872112	7363773	16776718	-8323728	-29	-169
3581	0	1311	101	-325	-461	8191	4168686	3714949	5871728	7363841	16776701	-8323728	-6	-303
3582	0	1311	57	-322	-461	8191	4168696	3715046	5873520	7364016	16776711	-8323728	-35	-303
3583	0	1311	78	-329	-461	8191	4168706	3715131	5873648	7363579	16776664	-8323728	-5	-303
3584	0	1311	55	-332	-461	8191	4168716	3715122	5873520	7364005	16776705	-8323728	-44	-303
3585	0	1311	68	-335	-461	8191	4168726	3716291	5873136	7363919	16776671	-8323856	-6	-303
3586	0	1311	60	-321	-461	8191	4168737	3717178	5873520	7364079	16776649	-8323856	-37	-303
3587	0	1311	69	-333	-461	8191	4168747	3718579	5874032	7363722	16776706	-8323856	-4	-303
3588	0	1311	41	-327	-461	8191	4168757	3717118	5874032	7363571	16776677	-8323856	-36	-303
3589	0	1311	79	-344	-461	8191	4168767	3719186	5874416	7363463	16776723	-8323728	-3	-303
3590	0	1311	108	-350	-461	8191	4168777	3718976	5874800	7363993	16776722	-8323984	-53	-303
3591	0	1311	66	-330	-461	8191	4168787	3718970	5875312	7363924	16776646	-8323856	-17	-303
3592	0	1311	94	-335	-461	8191	4168797	3719130	5874416	7363696	16776677	-8323856	-39	-303
3593	0	1311	66	-341	-461	8191	4168807	3721267	5873648	7363958	16776694	-8323856	-17	-303
3594	0	1311	69	-363	-461	8191	4168817	3721199	5874288	7364175	16776654	-8323856	-25	-303
3595	0	1311	66	-328	-461	8191	4168827	3721217	5875824	7364012	16776680	-8323728	-14	-303
3596	0	1311	71	-345	-461	8191	4168838	3721316	5875312	7364017	16776675	-8323728	-32	-303
3597	0	1311	30	-353	-461	8191	4168848	3721322	5875056	7363922	16776675	-8323984	-19	-303
3598	0	1311	60	-337	-461	8191	4168858	3721365	5874928	7364073	16776669	-8323728	-34	-303
3599	0	1311	49	-349	-461	8191	4168868	3721167	5876336	7363842	16776660	-8323856	-17	-303
3600	0	1311	73	-336	-461	8191	4168878	3721161	5874800	7363791	16776688	-8323856	-36	-303
3601	0	1311	102	-357	-461	8191	4168888	3721125	5876208	7364614	16776679	-8323728	-25	-303
3602	0	1311	45	-333	-483	8191	4168898	3721301	5876208	7364362	16776656	-8323984	-36	-496
3603	0	1311	74	-349	-483	8191	4168908	3723273	5876976	7364074	16776677	-8323856	-34	-496
3604	0	1311	71	-340	-483	8191	4168918	3723312	5875952	7363542	16776646	-8323984	-27	-496
3605	0	1311	98	-342	-483	8191	4168928	3723243	5876720	7363998	16776685	-8323728	-34	-496
3606	0	1311	69	-346	-483	8191	4168939	3723351	5875568	7364110	16776681	-8323856	-29	-496
3607	0	1311	41	-350	-483	8191	4168949	3723315	5876464	7363955	16776677	-8323856	-41	-496
3608	0	1311	82	-346	-483	8191	4168959	3723241	5878128	7363788	16776714	-8323856	-16	-496
3609	0	1311	69	-334	-483	8191	4168969	3723345	5877488	7363362	16776676	-8323856	-31	-496
3610	0	1311	70	-354	-483	8191	4168979	3724229	5876848	7363924	16776646	-8323984	-27	-496
3611	0	1311	63	-347	-483	8191	4168989	3725565	5877360	7364055	16776683	-8323856	-48	-496
3612	0	1311	102	-344	-483	8191	4168999	3725419	5877744	7364326	16776667	-8323984	-54	-496
3613	0	1311	85	-353	-483	8191	4169009	3725960	5878000	7363725	16776691	-8323856	-28	-496
3614	0	1311	114	-353	-483	8191	4169019	3727316	5877872	7363841	16776689	-8323856	-23	-496
3615	0	1311	44	-347	-483	8191	4169029	3727566	5878128	7363852	16776675	-8323856	-17	-496
3616	0	1311	41	-349	-483	8191	4169040	3727780	5878256	7364110	16776654	-8323728	-39	-496
3617	0	1311	85	-366	-483	8191	4169050	3727713	5878128	7364155	16776655	-8323856	-35	-496
3618	0	1311	70	-341	-483	8191	4169060	3729420	5878768	7363369	16776683	-8323984	-44	-496
3619	0	1311	84	-357	-483	8191	4169070	3729443	5879024	7363763	16776686	-8323856	-17	-496
3620	0	1311	79	-339	-483	8191	4169080	3729765	5879152	7364073	16776680	-8323856	-13	-496
3621	0	1311	58	-351	-483	8191	4169090	3729808	5879792	7363975	16776686	-8323984	-16	-496
3622	0	1271	71	-347	-483	8191	4169100	3729583	5879536	7363877	16776667	-8323728	-18	-631
3623	0	1271	54	-353	-483	8191	4169110	3731851	5879920	7363938	16776701	-8323856	-16	-631
3624	0	1271	66	-350	-483	8191	4169120	3731761	5880176	7363890	16776635	-8323856	-23	-631
3625	0	1271	59	-346	-483	8191	4169130	3733901	5880688	7363845	16776666	-8323728	-6	-631
3626	0	1271	65	-359	-483	8191	4169141	3734009	5880432	7363890	16776664	-8323856	-22	-631
3627	0	1271	104	-360	-483	8191	4169151	3733853	5880816	7363866	16776705	-8323984	-19	-631
3628	0	1271	84	-365	-483	8191	4169161	3735978	5880944	7363759	16776658	-8323856	-17	-631
3629	0	1271	69	-348	-483	8191	4169171	3735806	5881072	7364068	16776679	-8323856	-27	-631
3630	0	1271	48	-375	-483	8191	4169181	3735968	5880944	7363898	16776689	-8323856	-20	-631
3631	0	1271	30	-365	-483	8191	4169191	3735912	5882352	7363939	16776680	-8323728	-20	-631
3632	0	1271	45	-351	-483	8191	4169201	3735833	5880560	7363725	16776721	-8323728	-25	-631
3633	0	1271	97	-369	-483	8191	4169211	3735784	5881712	7364157	16776669	-8323856	-16	-631
3634	0	1271	86	-361	-483	8191	4169221	3737807	5883376	7363765	16776689	-8323856	-17	-631
3635	0	1271	74	-375	-483	8191	4169231	3738093	5882480	7363980	16776691	-8323984	-9	-631
3636	0	1271	45	-365	-483	8191	4169242	3738138	5882480	7363840	16776690	-8323984	-16	-631
3637	0	1271	57	-360	-483	8191	4169252	3740062	5881968	7363676	16776672	-8323856	-17	-631
3638	0	1271	88	-356	-483	8191	4169262	3739614	5882480	7363916	16776653	-8323856	-21	-631
3639	0	1271	48	-357	-483	8191	4169272	3740149	5882352	7364340	16776694	-8323856	-15	-631
3640	0	1271	49	-368	-483	8191	4169282	3740111	5883248	7363987	16776655	-8323728	-19	-631
3641	0	1271	60	-367	-483	8191	4169292	3739866	5883888	7363791	16776664	-8323856	-9	-631
3642	0	1211	96	-360	-507	8191	4169302	3739975	5883632	7363907	16776688	-8323856	-30	-802
3643	0	1211	125	-356	-507	8191	4169312	3740321	5883120	7363703	16776639	-8323984	-11	-802
3644	0	1211	60	-370	-507	8191	4169322	3742274	5884144	7364496	16776649	-8323984	-25	-802
3645	0	1211	65	-358	-507	8191	4169332	3742360	5883760	7364277	16776692	-8323856	-39	-802
3646	0	1211	87	-384	-507	8191	4169343	3742148	5884144	7364017	16776668	-8323984	-7	-802
3647	0	1211	135	-362	-507	8191	4169353	3744020	5883120	7364464	16776667	-8323856	-47	-802
3648	0	1211	104	-372	-507	8191	4169363	3744274	5882864	7364068	16776689	-8323984	-19	-802
3649	0	1211	65	-374	-507	8191	4169373	3744398	5883504	7364381	16776701	-8323856	-29	-802
3650	0	1211	39	-382	-507	8191	4169383	3744266	5884016	7364310	16776680	-8323856	-36	-802
3651	0	1211	66	-360	-507	8191	4169393	3744304	5884272	7363939	16776653	-8323984	-21	-802
3652	0	1211	94	-379	-507	8191	4169403	3744091	5885680	7364497	16776679	-8323856	-22	-802
3653	0	1211	82	-364	-507	8191	4169413	3744207	5886192	7364023	16776698	-8323984	-13	-802
3654	0	1211	58	-389	-507	8191	4169423	3744342	5886064	7364382	16776729	-8323856	-44	-802
3655	0	1211	54	-364	-507	8191	4169433	3744297	5885552	7364397	16776636	-8323856	-8	-802
3656	0	1211	61	-382	-507	8191	4169444	3744490	5885680	7363933	16776666	-8323984	-35	-802
3657	0	1211	63	-370	-507	8191	4169454	3746450	5886320	7363769	16776678	-8323984	-8	-802
3658	0	1211	51	-385	-507	8191	4169464	3746557	5886576	7364111	16776631	-8323856	-29	-802
3659	0	1211	101	-378	-507	8191	4169474	3746496	5886320	7364406	16776678	-8323856	-29	-802
3660	0	1211	106	-385	-507	8191	4169484	3748471	5886320	7364380	16776667	-8323984	-23	-802
3661	0	1211	73	-376	-507	8191	4169494	3748434	5885040	7364210	16776705	-8323984	-18	-802
3662	0	1129	108	-382	-523	8191	4169504	3748398	5888112	7363806	16776696	-8323856	-16	-933
3663	0	1129	60	-369	-523	8191	4169514	3748527	5887216	7364353	16776669	-8323856	-12	-933
3664	0	1129	82	-383	-523	8191	4169524	3748189	5886832	7363860	16776637	-8323856	-30	-933
3665	0	1129	108	-386	-523	8191	4169534	3748926	5885936	7363956	16776690	-8323856	-11	-933
3666	0	1129	73	-365	-523	8191	4169545	3750601	5888624	7363826	16776682	-8323856	-27	-933
3667	0	1129	54	-390	-523	8191	4169555	3750673	5887600	7364257	16776686	-8323856	-48	-933
3668	0	1129	106	-365	-523	8191	4169565	3750852	5887728	7363301	16776695	-8323856	-15	-933
3669	0	1129	97	-374	-523	8191	4169575	3750418	5888240	7363994	16776666	-8323728	-46	-933
3670	0	1129	83	-402	-523	8191	4169585	3750498	5887984	7364029	16776661	-8323856	-4	-933
3671	0	1129	53	-377	-523	8191	4169595	3752645	5887088	7363891	16776667	-8323856	-48	-933
3672	0	1129	94	-396	-523	8191	4169605	3752627	5888368	7364063	16776674	-8323856	-20	-933
3673	0	1129	86	-386	-523	8191	4169615	3752518	5887728	7363856	16776679	-8323856	-39	-933
3674	0	1129	77	-383	-523	8191	4169625	3754973	5888624	7364078	16776680	-8323856	-15	-933
3675	0	1129	66	-376	-523	8191	4169635	3754756	5888880	7364149	16776656	-8323856	-18	-933
3676	0	1129	52	-395	-523	8191	4169646	3754927	5890032	7364465	16776712	-8323856	-15	-933
3677	0	1129	61	-387	-523	8191	4169656	3756890	5889520	7363817	16776719	-8323984	-34	-933
3678	0	1129	108	-390	-523	8191	4169666	3756761	5889648	7363883	16776681	-8323984	-37	-933
3679	0	1129	77	-396	-523	8191	4169676	3756776	5889520	7363893	16776659	-8323856	-26	-933
3680	0	1129	90	-384	-523	8191	4169686	3756786	5888624	7364131	16776699	-8323984	-19	-933
3681	0	1129	40	-392	-523	8191	4169696	3756823	5890672	7364489	16776680	-8323984	-14	-933
3682	0	1014	49	-395	-506	8191	4169706	3756985	5890288	7363976	16776659	-8323984	-27	-1017
3683	0	1014	59	-399	-506	8191	4169716	3756871	5891312	7363584	16776706	-8323984	-26	-1017
3684	0	1014	83	-397	-506	8191	4169726	3758985	5890928	7363651	16776686	-8323856	-35	-1017
3685	0	1014	63	-382	-506	8191	4169736	3758838	5890800	7363768	16776644	-8323984	-8	-1017
3686	0	1014	70	-397	-506	8191	4169747	3760957	5890928	7363948	16776695	-8323984	-32	-1017
3687	0	1014	96	-395	-506	8191	4169757	3761000	5889776	7363870	16776691	-8323984	-16	-1017
3688	0	1014	76	-389	-506	8191	4169767	3760941	5890416	7364224	16776707	-8323856	-31	-1017
3689	0	1014	92	-384	-506	8191	4169777	3760962	5893232	7363557	16776682	-8323728	-13	-1017
3690	0	1014	77	-392	-506	8191	4169787	3761064	5892976	7364126	16776690	-8323856	-35	-1017
3691	0	1014	58	-407	-506	8191	4169797	3760912	5891696	7363825	16776675	-8323856	-17	-1017
3692	0	1014	107	-405	-506	8191	4169807	3762799	5893360	7364022	16776689	-8323984	-30	-1017
3693	0	1014	59	-393	-506	8191	4169817	3763214	5892208	7363925	16776667	-8323984	-25	-1017
3694	0	1014	107	-392	-506	8191	4169827	3763142	5892976	7364453	16776694	-8323856	-24	-1017
3695	0	1014	37	-396	-506	8191	4169837	3763245	5892720	7363779	16776712	-8323984	-18	-1017
3696	0	1014	72	-399	-506	8191	4169848	3765047	5893360	7364083	16776680	-8323856	-7	-1017
3697	0	1014	98	-410	-506	8191	4169858	3765311	5892976	7363883	16776684	-8324112	-13	-1017
3698	0	1014	64	-408	-506	8191	4169868	3765068	5892720	7363664	16776641	-8323984	-27	-1017
3699	0	1014	69	-398	-506	8191	4169878	3765185	5895536	7363777	16776665	-8323856	-22	-1017
3700	0	1014	43	-390	-506	8191	4169888	3767265	5892848	7363438	16776674	-8323856	-38	-1017
3701	0	1014	50	-403	-506	8191	4169898	3767251	5893360	7363915	16776667	-8323728	-8	-1017
3702	0	841	60	-407	-518	8191	4169908	3767184	5894000	7363633	16776689	-8323856	-26	-1162
3703	0	841	79	-409	-518	8191	4169918	3767148	5893488	7363442	16776686	-8323856	-15	-1162
3704	0	841	91	-416	-518	8191	4169928	3769307	5894256	7363867	16776686	-8323984	-19	-1162
3705	0	841	63	-403	-518	8191	4169938	3769111	5894768	7363822	16776623	-8323856	-18	-1162
3706	0	841	67	-393	-518	8191	4169949	3769129	5895536	7363621	16776671	-8323856	-16	-1162
3707	0	841	53	-425	-518	8191	4169959	3769116	5894768	7363812	16776681	-8323856	-29	-1162
3708	0	841	66	-398	-518	8191	4169969	3769111	5895152	7363573	16776679	-8323984	-30	-1162
3709	0	841	65	-415	-518	8191	4169979	3771487	5896688	7363856	16776649	-8323856	-25	-1162
3710	0	841	63	-416	-518	8191	4169989	3771285	5896048	7363860	16776707	-8323984	-24	-1162
3711	0	841	79	-403	-518	8191	4169999	3773642	5896432	7363897	16776654	-8323856	-26	-1162
3712	0	841	48	-426	-518	8191	4170009	3773526	5895280	7363644	16776688	-8323856	-17	-1162
3713	0	841	38	-415	-518	8191	4170019	3773487	5895792	7363965	16776660	-8323856	-24	-1162
3714	0	841	85	-407	-518	8191	4170029	3775759	5897712	7363913	16776677	-8324112	-25	-1162
3715	0	841	45	-415	-518	8191	4170039	3775726	5896304	7363979	16776646	-8323856	-34	-1162
3716	0	841	81	-421	-518	8191	4170050	3775620	5895920	7363762	16776701	-8323984	-34	-1162
3717	0	841	67	-430	-518	8191	4170060	3775694	5897584	7363905	16776680	-8323984	-28	-1162
3718	0	841	64	-430	-518	8191	4170070	3775627	5898096	7364054	16776651	-8323856	-14	-1162
3719	0	841	120	-422	-518	8191	4170080	3777916	5896176	7363889	16776703	-8323984	-22	-1162
3720	0	841	60	-420	-518	8191	4170090	3777716	5896816	7364193	16776681	-8323984	-31	-1162
3721	0	841	52	-410	-518	8191	4170100	3777693	5899120	7363926	16776678	-8323984	-26	-1162
3722	0	716	100	-421	-527	8191	4170110	3777743	5897712	7363976	16776680	-8324112	-17	-1200
3723	0	716	56	-422	-527	8191	4170120	3777818	5897456	7363881	16776661	-8323856	-38	-1200
3724	0	716	90	-420	-527	8191	4170130	3779734	5897712	7363752	16776670	-8323856	-17	-1200
3725	0	716	66	-416	-527	8191	4170140	3779805	5897584	7363722	16776664	-8323856	-19	-1200
3726	0	716	29	-431	-527	8191	4170151	3779783	5898352	7364160	16776687	-8323856	-9	-1200
3727	0	716	69	-426	-527	8191	4170161	3781849	5898864	7364712	16776679	-8323856	-10	-1200
3728	0	716	87	-429	-527	8191	4170171	3781849	5899504	7364173	16776664	-8323856	-13	-1200
3729	0	716	71	-430	-527	8191	4170181	3783663	5898608	7364157	16776703	-8323984	-15	-1200
3730	0	716	68	-425	-527	8191	4170191	3781780	5899248	7363801	16776694	-8323984	-3	-1200
3731	0	716	105	-419	-527	8191	4170201	3781764	5900016	7363602	16776619	-8323856	-5	-1200
3732	0	716	52	-431	-527	8191	4170211	3781786	5898992	7363785	16776690	-8323856	-19	-1200
3733	0	716	56	-430	-527	8191	4170221	3783891	5900016	7363330	16776675	-8323856	-6	-1200
3734	0	716	68	-426	-527	8191	4170231	3783875	5900144	7363809	16776675	-8323984	-3	-1200
3735	0	716	53	-432	-527	8191	4170241	3784047	5900144	7363889	16776700	-8323856	-24	-1200
3736	0	716	76	-433	-527	8191	4170252	3784086	5900144	7363620	16776677	-8323984	-11	-1200
3737	0	716	91	-424	-527	8191	4170262	3784014	5899504	7363809	16776670	-8323856	-15	-1200
3738	0	716	104	-432	-527	8191	4170272	3783276	5901168	7364109	16776659	-8323984	3	-1200
3739	0	716	81	-430	-527	8191	4170282	3784157	5901040	7364087	16776736	-8323856	-23	-1200
3740	0	716	75	-439	-527	8191	4170292	3784045	5901168	7364067	16776686	-8323984	-2	-1200
3741	0	716	36	-419	-527	8191	4170302	3785800	5901296	7364321	16776696	-8323984	-23	-1200
3742	0	534	93	-442	-533	8191	4170312	3784134	5902320	7364354	16776697	-8324112	2	-1232
3743	0	534	69	-441	-533	8191	4170322	3784185	5901424	7363818	16776666	-8323984	-15	-1232
3744	0	534	61	-425	-533	8191	4170332	3786140	5902192	7363974	16776679	-8323984	-10	-1232
3745	0	534	82	-442	-533	8191	4170342	3786293	5902704	7363751	16776655	-8323984	-24	-1232
3746	0	534	30	-434	-533	8191	4170353	3786409	5902192	7363977	16776674	-8323984	-26	-1232
3747	0	534	47	-434	-533	8191	4170363	3786142	5902192	7364309	16776696	-8323856	-33	-1232
3748	0	534	57	-411	-533	8191	4170373	3788166	5903088	7364224	16776688	-8323856	-30	-1232
3749	0	534	94	-436	-533	8191	4170383	3788197	5903216	7364431	16776675	-8323984	-23	-1232
3750	0	534	49	-444	-533	8191	4170393	3788333	5903344	7364015	16776674	-8323856	-35	-1232
3751	0	534	65	-450	-533	8191	4170403	3788281	5902320	7363992	16776714	-8323856	-23	-1232
3752	0	534	79	-425	-533	8191	4170413	3788275	5904624	7364323	16776729	-8323728	-38	-1232
3753	0	534	68	-444	-533	8191	4170423	3790397	5902704	7364437	16776685	-8323984	-19	-1232
3754	0	534	89	-429	-533	8191	4170433	3790355	5903984	7364000	16776682	-8323856	-38	-1232
3755	0	534	91	-441	-533	8191	4170443	3792607	5903728	7364327	16776683	-8323856	-18	-1232
3756	0	534	69	-434	-533	8191	4170454	3792551	5904368	7363734	16776687	-8323856	-44	-1232
3757	0	534	78	-459	-533	8191	4170464	3792443	5904240	7363584	16776697	-8323856	-29	-1232
3758	0	534	78	-425	-533	8191	4170474	3792465	5905392	7363962	16776692	-8323984	-21	-1232
3759	0	534	69	-443	-533	8191	4170484	3792395	5905136	7364046	16776676	-8323856	-48	-1232
3760	0	534	56	-444	-533	8191	4170494	3794580	5905776	7364181	16776716	-8323856	-19	-1232
3761	0	534	47	-445	-533	8191	4170504	3794527	5906288	7364681	16776660	-8323984	-46	-1232
3762	0	534	49	-450	-533	8191	4170514	3796525	5905392	7364203	16776691	-8323856	-2	-1232
3763	0	367	50	-431	-518	8191	4170524	3796397	5905776	7363955	16776653	-8323856	-58	-1214
3764	0	367	78	-457	-518	8191	4170534	3796772	5905520	7363680	16776687	-8324112	2	-1214
3765	0	367	78	-421	-518	8191	4170544	3796332	5905520	7363942	16776684	-8323984	-44	-1214
3766	0	367	45	-452	-518	8191	4170555	3796694	5906416	7364259	16776685	-8324112	-11	-1214
3767	0	367	55	-434	-518	8191	4170565	3796512	5907056	7364013	16776694	-8323856	-36	-1214
3768	0	367	105	-454	-518	8191	4170575	3796515	5905904	7363940	16776643	-8323984	-17	-1214
3769	0	367	58	-435	-518	8191	4170585	3796650	5907440	7364161	16776684	-8323856	-25	-1214
3770	0	367	85	-458	-518	8191	4170595	3798528	5906928	7364150	16776666	-8323856	-20	-1214
3771	0	367	91	-428	-518	8191	4170605	3798667	5907568	7364136	16776678	-8323856	-23	-1214
3772	0	367	58	-467	-518	8191	4170615	3798825	5907440	7363662	16776677	-8323984	-20	-1214
3773	0	367	34	-446	-518	8191	4170625	3801888	5907440	7364083	16776686	-8323856	-6	-1214
3774	0	367	85	-444	-518	8191	4170635	3801683	5907440	7364333	16776733	-8323984	-28	-1214
3775	0	367	44	-448	-518	8191	4170645	3801714	5908976	7364308	16776695	-8323856	-23	-1214
3776	0	367	72	-444	-518	8191	4170656	3801761	5908464	7363912	16776678	-8323984	-22	-1214
3777	0	367	90	-452	-518	8191	4170666	3801686	5907952	7363918	16776697	-8323984	-7	-1214
3778	0	367	58	-456	-518	8191	4170676	3801558	5907952	7364326	16776682	-8323856	-30	-1214
3779	0	367	70	-458	-518	8191	4170686	3805224	5908336	7364092	16776706	-8323856	3	-1214
3780	0	367	47	-439	-518	8191	4170696	3805555	5909616	7364201	16776672	-8323984	-8	-1214
3781	0	367	103	-466	-518	8191	4170706	3807091	5909616	7364322	16776676	-8323856	-3	-1214
3782	0	367	72	-455	-518	8191	4170716	3807251	5909744	7364167	16776656	-8323984	-15	-1214
3783	0	189	89	-449	-528	8191	4170726	3807307	5909872	7364245	16776666	-8323984	20	-1174
3784	0	189	59	-460	-528	8191	4170736	3807400	5909488	7363902	16776680	-8323984	-2	-1174
3785	0	189	101	-449	-528	8191	4170746	3807322	5910384	7363844	16776670	-8324112	-6	-1174
3786	0	189	102	-461	-528	8191	4170757	3807456	5909488	7364139	16776693	-8323984	-22	-1174
3787	0	189	72	-473	-528	8191	4170767	3809476	5911280	7363898	16776678	-8323984	-1	-1174
3788	0	189	88	-471	-528	8191	4170777	3809564	5910000	7363710	16776702	-8323984	-28	-1174
3789	0	189	94	-476	-528	8191	4170787	3811450	5910768	7364174	16776696	-8323984	-14	-1174
3790	0	189	85	-471	-528	8191	4170797	3811252	5911024	7363708	16776657	-8323984	-9	-1174
3791	0	189	70	-470	-528	8191	4170807	3811443	5911792	7363945	16776694	-8323856	-9	-1174
3792	0	189	62	-494	-528	8191	4170817	3811483	5910896	7364004	16776681	-8323984	-41	-1174
3793	0	189	89	-460	-528	8191	4170827	3811405	5911280	7363940	16776709	-8323856	-24	-1174
3794	0	189	62	-478	-528	8191	4170837	3811302	5910896	7363895	16776686	-8323984	-50	-1174
3795	0	189	78	-459	-528	8191	4170847	3813533	5912304	7364096	16776663	-8323984	-25	-1174
3796	0	189	72	-472	-528	8191	4170858	3813390	5912176	7363572	16776662	-8323856	-26	-1174
3797	0	189	62	-473	-528	8191	4170868	3813624	5912816	7364027	16776653	-8323856	-26	-1174
3798	0	189	59	-474	-528	8191	4170878	3813690	5912560	7363385	16776674	-8323856	-16	-1174
3799	0	189	72	-458	-528	8191	4170888	3815659	5914096	7364067	16776657	-8323984	-20	-1174
3800	0	189	120	-465	-528	8191	4170898	3815717	5912432	7364321	16776693	-8324112	-41	-1174
3801	0	189	76	-471	-528	8191	4170908	3815700	5913584	7363793	16776661	-8324240	-40	-1174
3802	0	189	88	-471	-528	8191	4170918	3815688	5912816	7363735	16776671	-8323984	-15	-1174
3803	0	24	35	-454	-515	8191	4170928	3815504	5914992	7363835	16776665	-8323984	-30	-1074
3804	0	24	37	-475	-515	8191	4170938	3816631	5915504	7363879	16776648	-8323856	-14	-1074
3805	0	24	71	-449	-515	8191	4170948	3816590	5915504	7363792	16776685	-8323856	-26	-1074
3806	0	24	81	-455	-515	8191	4170959	3817611	5914992	7364137	16776685	-8323984	-24	-1074
3807	0	24	86	-473	-515	8191	4170969	3817771	5913968	7363816	16776637	-8324112	-13	-1074
3808	0	24	96	-476	-515	8191	4170979	3819862	5915248	7363622	16776669	-8323984	-4	-1074
3809	0	24	136	-477	-515	8191	4170989	3817765	5914480	7364035	16776693	-8323984	-18	-1074
3810	0	24	31	-463	-515	8191	4170999	3819812	5915504	7364053	16776662	-8324112	-20	-1074
3811	0	24	65	-469	-515	8191	4171009	3819967	5916144	7363753	16776679	-8323984	-22	-1074
3812	0	24	73	-495	-515	8191	4171019	3819878	5915760	7363798	16776706	-8324112	4	-1074
3813	0	24	62	-445	-515	8191	4171029	3819575	5916528	7363951	16776703	-8323984	-17	-1074
3814	0	24	56	-472	-515	8191	4171039	3819771	5917296	7364110	16776706	-8323984	-9	-1074
3815	0	24	41	-481	-515	8191	4171049	3819716	5916144	7363891	16776688	-8323984	-11	-1074
3816	0	24	64	-445	-515	8191	4171060	3819838	5916528	7363595	16776670	-8323984	0	-1074
3817	0	24	60	-484	-515	8191	4171070	3823263	5917296	7363521	16776670	-8323984	-9	-1074
3818	0	24	57	-472	-515	8191	4171080	3823951	5916656	7363949	16776703	-8324112	-16	-1074
3819	0	24	107	-474	-515	8191	4171090	3823951	5917680	7363911	16776664	-8324112	23	-1074
3820	0	24	99	-486	-515	8191	4171100	3825768	5917936	7364155	16776721	-8323728	-14	-1074
3821	0	24	64	-456	-515	8191	4171110	3826040	5917936	7364073	16776699	-8323984	-29	-1074
3822	0	24	89	-474	-515	8191	4171120	3826176	5918704	7363722	16776719	-8324112	18	-1074
3823	0	-99	77	-482	-530	8191	4171130	3825982	5917936	7363866	16776664	-8323984	-21	-952
3824	0	-99	107	-486	-530	8191	4171140	3825965	5919216	7364089	16776680	-8323984	1	-952
3825	0	-99	60	-476	-530	8191	4171150	3826210	5918704	7364085	16776692	-8323984	-3	-952
3826	0	-99	82	-494	-530	8191	4171161	3828291	5919984	7363729	16776684	-8323984	1	-952
3827	0	-99	91	-479	-530	8191	4171171	3828096	5918192	7363958	16776687	-8324112	-15	-952
3828	0	-99	57	-509	-530	8191	4171181	3828320	5919344	7363712	16776686	-8324112	-1	-952
3829	0	-99	59	-476	-530	8191	4171191	3830327	5919728	7364106	16776700	-8323984	-5	-952
3830	0	-99	41	-487	-530	8191	4171201	3830119	5918192	7364001	16776665	-8324112	-11	-952
3831	0	-99	62	-502	-530	8191	4171211	3832404	5919216	7364055	16776655	-8323856	-17	-952
3832	0	-99	38	-500	-530	8191	4171221	3832314	5920368	7363709	16776699	-8323984	-25	-952
3833	0	-99	56	-484	-530	8191	4171231	3832208	5920880	7363732	16776685	-8324240	-7	-952
3834	0	-99	56	-502	-530	8191	4171241	3832231	5921648	7363839	16776684	-8323984	-46	-952
3835	0	-99	68	-491	-530	8191	4171251	3832143	5920752	7363814	16776684	-8324112	-12	-952
3836	0	-99	71	-467	-530	8191	4171262	3832258	5920240	7363293	16776681	-8324112	-44	-952
3837	0	-99	39	-518	-530	8191	4171272	3832178	5921520	7363915	16776674	-8323984	-14	-952
3838	0	-99	88	-467	-530	8191	4171282	3834740	5921264	7363658	16776704	-8323984	-35	-952
3839	0	-99	75	-476	-530	8191	4171292	3836594	5921776	7364041	16776657	-8323984	-18	-952
3840	0	-99	72	-504	-530	8191	4171302	3836661	5921776	7363670	16776695	-8323856	-51	-952
3841	0	-99	88	-473	-530	8191	4171312	3836538	5920624	7364269	16776668	-8324112	-18	-952
3842	0	-99	91	-479	-530	8191	4171322	3836433	5922160	7363978	16776695	-8323984	-45	-952
3843	0	-187	95	-506	-559	8191	4171332	3836623	5921136	7364076	16776696	-8324112	-24	-797
3844	0	-187	113	-486	-559	8191	4171342	3836739	5922160	7364210	16776637	-8323984	-50	-797
3845	0	-187	57	-481	-559	8191	4171352	3836507	5923184	7364567	16776664	-8323856	-39	-797
3846	0	-187	90	-482	-559	8191	4171363	3838512	5922800	7364023	16776684	-8324240	-40	-797
3847	0	-187	95	-493	-559	8191	4171373	3838787	5923696	7364308	16776684	-8324112	-48	-797
3848	0	-187	126	-492	-559	8191	4171383	3838768	5923952	7364566	16776694	-8323984	-30	-797
3849	0	-187	54	-488	-559	8191	4171393	3838599	5922672	7363772	16776641	-8323984	-62	-797
3850	0	-187	27	-490	-559	8191	4171403	3840864	5923440	7364054	16776648	-8323984	-42	-797
3851	0	-187	82	-512	-559	8191	4171413	3842842	5923696	7364040	16776693	-8323984	-59	-797
3852	0	-187	70	-496	-559	8191	4171423	3842755	5923312	7363830	16776693	-8323856	-39	-797
3853	0	-187	120	-499	-559	8191	4171433	3844971	5924208	7364108	16776669	-8324112	-27	-797
3854	0	-187	64	-517	-559	8191	4171443	3844712	5924592	7363792	16776691	-8323984	-26	-797
3855	0	-187	114	-488	-559	8191	4171453	3844841	5926384	7363894	16776700	-8323984	-32	-797
3856	0	-187	80	-504	-559	8191	4171464	3846112	5924848	7363202	16776709	-8324112	-9	-797
3857	0	-187	72	-520	-559	8191	4171474	3846271	5925360	7363835	16776646	-8324112	-13	-797
3858	0	-187	53	-507	-559	8191	4171484	3847086	5925232	7363573	16776682	-8324112	-4	-797
3859	0	-187	71	-523	-559	8191	4171494	3846975	5925104	7363230	16776670	-8324112	-48	-797
3860	0	-187	109	-504	-559	8191	4171504	3846909	5926128	7364095	16776696	-8323984	-3	-797
3861	0	-187	60	-503	-559	8191	4171514	3847116	5925872	7363743	16776663	-8324112	14	-797
3862	0	-187	83	-498	-559	8191	4171524	3846812	5926768	7363647	16776709	-8323984	9	-797
3863	0	-275	73	-512	-541	8191	4171534	3849060	5926768	7363798	16776655	-8323856	2	-668
3864	0	-275	73	-525	-541	8191	4171544	3851314	5926512	7364134	16776661	-8324112	3	-668
3865	0	-275	52	-478	-541	8191	4171554	3851366	5926896	7363627	16776714	-8324112	-9	-668
3866	0	-275	99	-505	-541	8191	4171565	3851297	5926512	7363735	16776685	-8323984	10	-668
3867	0	-275	85	-529	-541	8191	4171575	3851196	5928816	7363648	16776675	-8323984	5	-668
3868	0	-275	73	-532	-541	8191	4171585	3851147	5927664	7363616	16776688	-8324112	5	-668
3869	0	-275	76	-487	-541	8191	4171595	3850994	5926384	7363539	16776678	-8323984	-5	-668
3870	0	-275	71	-504	-541	8191	4171605	3851163	5928304	7363989	16776666	-8323984	8	-668
3871	0	-275	94	-490	-541	8191	4171615	3853256	5929712	7363931	16776703	-8324112	-6	-668
3872	0	-275	81	-526	-541	8191	4171625	3855133	5928944	7363631	16776685	-8324112	10	-668
3873	0	-275	63	-515	-541	8191	4171635	3855281	5930224	7364040	16776681	-8323984	-4	-668
3874	0	-275	90	-509	-541	8191	4171645	3855283	5928816	7363986	16776658	-8323984	-5	-668
3875	0	-275	68	-512	-541	8191	4171655	3855222	5929584	7363869	16776685	-8324112	-25	-668
3876	0	-275	96	-543	-541	8191	4171666	3857544	5929840	7363841	16776697	-8324112	6	-668
3877	0	-275	44	-506	-541	8191	4171676	3857367	5929584	7363768	16776712	-8324112	-22	-668
3878	0	-275	72	-525	-541	8191	4171686	3857335	5928944	7363742	16776688	-8324112	-22	-668
3879	0	-275	82	-528	-541	8191	4171696	3857509	5930224	7363641	16776686	-8323984	-43	-668
3880	0	-275	78	-505	-541	8191	4171706	3857364	5928432	7363865	16776695	-8324112	-17	-668
3881	0	-275	70	-526	-541	8191	4171716	3857180	5930608	7363287	16776689	-8324112	-44	-668
3882	0	-275	62	-507	-541	8191	4171726	3857152	5930736	7363742	16776660	-8324112	-51	-668
3883	0	-285	142	-521	-560	8191	4171736	3857210	5931120	7363584	16776687	-8323984	-64	-471
3884	0	-285	26	-507	-560	8191	4171746	3857274	5931376	7363742	16776705	-8324112	-38	-471
3885	0	-285	62	-515	-560	8191	4171756	3859629	5931888	7363554	16776684	-8324112	-45	-471
3886	0	-285	72	-535	-560	8191	4171767	3859420	5931760	7364112	16776693	-8323856	-49	-471
3887	0	-285	83	-534	-560	8191	4171777	3861622	5933168	7363717	16776701	-8323984	-53	-471
3888	0	-285	96	-525	-560	8191	4171787	3861527	5930992	7363953	16776664	-8323856	-47	-471
3889	0	-285	49	-525	-560	8191	4171797	3861640	5932272	7363941	16776696	-8324112	-45	-471
3890	0	-285	62	-525	-560	8191	4171807	3861399	5932144	7363560	16776699	-8323984	-30	-471
3891	0	-285	67	-527	-560	8191	4171817	3861729	5934448	7363632	16776680	-8324112	-57	-471
3892	0	-285	69	-506	-560	8191	4171827	3862198	5932656	7363760	16776669	-8324112	-22	-471
3893	0	-285	69	-509	-560	8191	4171837	3863735	5932912	7364018	16776684	-8323984	-36	-471
3894	0	-285	82	-546	-560	8191	4171847	3863616	5932784	7364236	16776674	-8324112	-42	-471
3895	0	-285	62	-534	-560	8191	4171857	3863662	5934448	7364081	16776711	-8324240	-22	-471
3896	0	-285	51	-532	-560	8191	4171868	3863641	5933936	7363534	16776670	-8324112	-10	-471
3897	0	-285	52	-520	-560	8191	4171878	3863637	5934064	7363729	16776706	-8323984	-35	-471
3898	0	-285	43	-531	-560	8191	4171888	3863448	5935088	7363545	16776694	-8323984	-13	-471
3899	0	-285	56	-540	-560	8191	4171898	3863674	5934960	7364059	16776646	-8324112	0	-471
3900	0	-285	18	-499	-560	8191	4171908	3865766	5936624	7363865	16776694	-8323984	7	-471
3901	0	-285	65	-554	-560	8191	4171918	3867552	5934064	7363558	16776677	-8324112	-15	-471
3902	0	-285	92	-516	-560	8191	4171928	3865717	5935344	7363889	16776682	-8324112	-4	-471
3903	0	-285	89	-537	-560	8191	4171938	3867766	5934960	7363967	16776700	-8324112	-9	-471
3904	0	-289	82	-521	-541	8191	4171948	3867807	5935600	7363872	16776657	-8323984	-9	-313
3905	0	-289	83	-529	-541	8191	4171958	3869390	5935984	7363780	16776692	-8324112	-5	-313
3906	0	-289	107	-555	-541	8191	4171969	3871921	5936752	7363801	16776661	-8324112	-2	-313
3907	0	-289	85	-518	-541	8191	4171979	3871921	5936240	7364083	16776672	-8323984	-7	-313
3908	0	-289	65	-514	-541	8191	4171989	3871838	5935856	7364080	16776707	-8324112	-6	-313
3909	0	-289	76	-547	-541	8191	4171999	3872213	5938032	7364002	16776694	-8324112	-7	-313
3910	0	-289	88	-529	-541	8191	4172009	3871910	5935856	7363829	16776671	-8324112	-7	-313
3911	0	-289	87	-530	-541	8191	4172019	3874274	5937392	7363878	16776675	-8323984	-5	-313
3912	0	-289	85	-545	-541	8191	4172029	3874046	5937392	7363991	16776708	-8323984	-10	-313
3913	0	-289	79	-524	-541	8191	4172039	3874445	5937136	7364267	16776691	-8324112	-11	-313
3914	0	-289	50	-564	-541	8191	4172049	3876088	5938032	7363566	16776665	-8324112	-5	-313
3915	0	-289	59	-548	-541	8191	4172059	3876268	5938800	7364107	16776722	-8323984	-9	-313
3916	0	-289	46	-522	-541	8191	4172070	3876067	5940080	7363614	16776677	-8324112	-22	-313
3917	0	-289	95	-557	-541	8191	4172080	3876177	5938288	7363980	16776695	-8323984	-4	-313
3918	0	-289	50	-542	-541	8191	4172090	3878112	5937904	7363690	16776715	-8324240	-22	-313
3919	0	-289	57	-532	-541	8191	4172100	3878099	5938928	7363753	16776687	-8323984	-10	-313
3920	0	-289	51	-543	-541	8191	4172110	3878699	5939952	7363397	16776679	-8323984	-29	-313
3921	0	-289	67	-545	-541	8191	4172120	3880342	5940336	7364039	16776666	-8324112	2	-313
3922	0	-289	54	-543	-541	8191	4172130	3880551	5940080	7363976	16776721	-8324112	-35	-313
3923	0	-289	54	-543	-541	8191	4172140	3880316	5939696	7363597	16776699	-8323984	-27	-313
3924	0	-214	68	-560	-550	8191	4172150	3880340	5940976	7363687	16776664	-8323984	-39	-128
3925	0	-214	63	-530	-550	8191	4172160	3880246	5940080	7363890	16776634	-8324112	-15	-128
3926	0	-214	73	-559	-550	8191	4172171	3882426	5940848	7363828	16776665	-8324112	-60	-128
3927	0	-214	22	-550	-550	8191	4172181	3882336	5939952	7363875	16776656	-8324112	-25	-128
3928	0	-214	92	-560	-550	8191	4172191	3882285	5939952	7363559	16776674	-8324112	-13	-128
3929	0	-214	42	-552	-550	8191	4172201	3884529	5941104	7363635	16776703	-8324112	-51	-128
3930	0	-214	78	-543	-550	8191	4172211	3884274	5942256	7363345	16776690	-8324240	-29	-128
3931	0	-214	92	-537	-550	8191	4172221	3884380	5941232	7363685	16776703	-8324112	-48	-128
3932	0	-214	56	-562	-550	8191	4172231	3884576	5941488	7363901	16776687	-8323984	-11	-128
3933	0	-214	61	-574	-550	8191	4172241	3884357	5942512	7363910	16776658	-8324112	-66	-128
3934	0	-214	71	-539	-550	8191	4172251	3884444	5942512	7363875	16776665	-8323984	-27	-128
3935	0	-214	94	-553	-550	8191	4172261	3886583	5942512	7363841	16776692	-8323984	-46	-128
3936	0	-214	62	-554	-550	8191	4172272	3886474	5943152	7363959	16776671	-8323984	-4	-128
3937	0	-214	53	-551	-550	8191	4172282	3888634	5943280	7363824	16776682	-8323984	-24	-128
3938	0	-214	72	-549	-550	8191	4172292	3888374	5943792	7363948	16776689	-8324240	-1	-128
3939	0	-214	23	-558	-550	8191	4172302	3888638	5944176	7363995	16776689	-8324112	-62	-128
3940	0	-214	72	-578	-550	8191	4172312	3889042	5943664	7363960	16776702	-8323984	-16	-128
3941	0	-214	96	-545	-550	8191	4172322	3888731	5942768	7364214	16776662	-8324112	-28	-128
3942	0	-214	74	-588	-550	8191	4172332	3890766	5944816	7364552	16776673	-8324112	-8	-128
3943	0	-214	88	-546	-550	8191	4172342	3890844	5944176	7364332	16776697	-8324112	1	-128
3944	0	-122	45	-556	-560	8191	4172352	3890608	5945072	7364192	16776687	-8324112	-21	44
3945	0	-122	64	-524	-560	8191	4172362	3891878	5944176	7364301	16776662	-8324112	-26	44
3946	0	-122	56	-576	-560	8191	4172373	3892952	5946096	7364178	16776696	-8323856	-7	44
3947	0	-122	100	-560	-560	8191	4172383	3892949	5944944	7363924	16776728	-8324112	-24	44
3948	0	-122	46	-561	-560	8191	4172393	3892917	5945712	7364136	16776687	-8324112	-1	44
3949	0	-122	98	-575	-560	8191	4172403	3892973	5945712	7364044	16776704	-8324112	-31	44
3950	0	-122	111	-581	-560	8191	4172413	3892698	5945584	7364115	16776651	-8323984	-4	44
3951	0	-122	111	-556	-560	8191	4172423	3895005	5945456	7364209	16776684	-8324112	-29	44
3952	0	-122	72	-573	-560	8191	4172433	3895176	5946480	7363576	16776693	-8324112	0	44
3953	0	-122	99	-569	-560	8191	4172443	3894941	5946864	7363937	16776664	-8324112	-17	44
3954	0	-122	35	-565	-560	8191	4172453	3897089	5946736	7364305	16776677	-8323984	-8	44
3955	0	-122	47	-573	-560	8191	4172463	3897084	5946864	7363605	16776667	-8323984	-15	44
3956	0	-122	62	-561	-560	8191	4172474	3896820	5948016	7363902	16776670	-8323984	3	44
3957	0	-122	75	-570	-560	8191	4172484	3896858	5947632	7364041	16776683	-8324240	-23	44
3958	0	-122	90	-570	-560	8191	4172494	3897104	5948272	7363923	16776722	-8324112	-7	44
3959	0	-122	66	-555	-560	8191	4172504	3896840	5947888	7363412	16776717	-8324112	-28	44
3960	0	-122	83	-577	-560	8191	4172514	3897011	5948912	7363759	16776670	-8324112	-14	44
3961	0	-122	71	-569	-560	8191	4172524	3896876	5948528	7363494	16776725	-8324112	-22	44
3962	0	-122	75	-559	-560	8191	4172534	3899078	5949040	7363099	16776665	-8324112	-13	44
3963	0	-122	59	-581	-560	8191	4172544	3896970	5949424	7363673	16776726	-8324112	-17	44
3964	0	36	43	-567	-586	8191	4172554	3898966	5949168	7363798	16776664	-8324240	-20	149
3965	0	36	67	-591	-586	8191	4172564	3899166	5948272	7364104	16776665	-8323984	-52	149
3966	0	36	86	-594	-586	8191	4172575	3899246	5950320	7363988	16776692	-8324112	3	149
3967	0	36	64	-558	-586	8191	4172585	3899086	5949680	7363586	16776687	-8324240	-36	149
3968	0	36	82	-579	-586	8191	4172595	3899143	5950576	7363886	16776679	-8324240	-22	149
3969	0	36	79	-594	-586	8191	4172605	3901215	5951216	7363072	16776690	-8324240	-53	149
3970	0	36	105	-569	-586	8191	4172615	3900926	5950832	7363509	16776705	-8324112	-6	149
3971	0	36	106	-595	-586	8191	4172625	3900930	5950576	7363567	16776697	-8324112	-49	149
3972	0	36	21	-586	-586	8191	4172635	3902887	5951600	7363185	16776646	-8324112	-6	149
3973	0	36	101	-579	-586	8191	4172645	3903114	5951344	7363614	16776692	-8324112	-56	149
3974	0	36	77	-572	-586	8191	4172655	3903322	5951600	7363890	16776682	-8324240	-11	149
3975	0	36	73	-561	-586	8191	4172665	3905425	5951984	7363987	16776628	-8323984	-46	149
3976	0	36	59	-580	-586	8191	4172676	3905304	5951856	7363952	16776677	-8323984	-11	149
3977	0	36	66	-566	-586	8191	4172686	3905369	5953136	7363807	16776676	-8324240	-31	149
3978	0	36	70	-589	-586	8191	4172696	3905219	5952880	7363284	16776660	-8324112	-35	149
3979	0	36	61	-582	-586	8191	4172706	3905261	5951984	7363412	16776666	-8324240	-23	149
3980	0	36	65	-570	-586	8191	4172716	3907237	5953136	7363377	16776669	-8323984	-21	149
3981	0	36	120	-582	-586	8191	4172726	3907378	5953776	7364113	16776685	-8324240	-18	149
3982	0	36	53	-593	-586	8191	4172736	3907406	5953264	7363767	16776682	-8323984	-49	149
3983	0	36	65	-568	-586	8191	4172746	3907355	5953392	7363880	16776720	-8324240	-7	149
3984	0	233	75	-575	-585	8191	4172756	3907459	5954160	7363949	16776691	-8324112	-25	257
3985	0	233	92	-568	-585	8191	4172766	3909459	5954544	7363590	16776691	-8323984	-15	257
3986	0	233	82	-593	-585	8191	4172777	3909390	5953776	7363677	16776700	-8324112	-34	257
3987	0	233	60	-598	-585	8191	4172787	3910891	5954928	7363401	16776676	-8324240	-5	257
3988	0	233	44	-586	-585	8191	4172797	3911424	5955184	7363703	16776677	-8324112	-29	257
3989	0	233	53	-588	-585	8191	4172807	3911633	5955312	7363424	16776672	-8324240	-25	257
3990	0	233	56	-583	-585	8191	4172817	3911715	5955312	7363288	16776673	-8324112	-20	257
3991	0	233	59	-590	-585	8191	4172827	3911662	5955568	7363371	16776685	-8324112	-29	257
3992	0	233	99	-569	-585	8191	4172837	3911556	5955824	7363972	16776650	-8324112	-26	257
3993	0	233	70	-599	-585	8191	4172847	3913727	5956336	7363471	16776706	-8324240	-21	257
3994	0	233	83	-607	-585	8191	4172857	3913491	5956336	7362805	16776702	-8324112	-16	257
3995	0	233	99	-571	-585	8191	4172867	3915765	5956336	7363820	16776667	-8324368	-19	257
3996	0	233	79	-613	-585	8191	4172878	3915705	5957104	7363341	16776690	-8324240	-12	257
3997	0	233	64	-598	-585	8191	4172888	3916472	5957488	7364018	16776663	-8324112	-35	257
3998	0	233	63	-572	-585	8191	4172898	3916694	5957232	7363907	16776697	-8324112	0	257
3999	0	233	73	-608	-585	8191	4172908	3917630	5957488	7363542	16776649	-8324112	-59	257
4000	0	233	63	-595	-585	8191	4172918	3917846	5958640	7364038	16776667	-8324112	-9	257
4001	0	233	76	-583	-585	8191	4172928	3919533	5958512	7364034	16776666	-8324368	-37	257
4002	0	233	54	-605	-585	8191	4172938	3919539	5958768	7363593	16776674	-8324112	-15	257
4003	0	233	43	-576	-585	8191	4172948	3920126	5958384	7364175	16776674	-8324112	-30	257
4004	0	393	57	-609	-581	8191	4172958	3920189	5959664	7363822	16776674	-8324240	-10	285
4005	0	393	76	-589	-581	8191	4172968	3919822	5959408	7363725	16776711	-8324240	-38	285
4006	0	393	88	-601	-581	8191	4172979	3919961	5959920	7363804	16776668	-8324112	-1	285
4007	0	393	85	-594	-581	8191	4172989	3922008	5959536	7363781	16776680	-8324112	-25	285
4008	0	393	80	-595	-581	8191	4172999	3924093	5959024	7364016	16776644	-8323984	-31	285
4009	0	393	43	-599	-581	8191	4173009	3924114	5960176	7364001	16776700	-8324112	-15	285
4010	0	393	47	-595	-581	8191	4173019	3924332	5959920	7363737	16776690	-8324240	-37	285
4011	0	393	78	-576	-581	8191	4173029	3924483	5960688	7364109	16776685	-8324240	-3	285
4012	0	393	105	-608	-581	8191	4173039	3924368	5960176	7363767	16776678	-8324112	-30	285
4013	0	393	72	-624	-581	8191	4173049	3925593	5960304	7363856	16776706	-8324112	-8	285
4014	0	393	49	-611	-581	8191	4173059	3925884	5962224	7364029	16776683	-8324240	-23	285
4015	0	393	74	-607	-581	8191	4173069	3926248	5963120	7363749	16776671	-8324240	-10	285
4016	0	393	54	-618	-581	8191	4173080	3926705	5961840	7363504	16776692	-8324240	-49	285
4017	0	393	81	-601	-581	8191	4173090	3928371	5962224	7363499	16776663	-8324368	11	285
4018	0	393	90	-606	-581	8191	4173100	3928362	5962352	7363626	16776660	-8324112	-36	285
4019	0	393	48	-617	-581	8191	4173110	3928269	5962608	7363489	16776681	-8324112	-3	285
4020	0	393	73	-599	-581	8191	4173120	3928235	5962224	7364345	16776703	-8324240	-26	285
4021	0	393	50	-593	-581	8191	4173130	3928517	5962864	7364005	16776699	-8324240	13	285
4022	0	393	50	-631	-581	8191	4173140	3930614	5963248	7363677	16776664	-8324240	-34	285
4023	0	393	70	-598	-581	8191	4173150	3930543	5962864	7364081	16776712	-8323984	-9	285
4024	0	590	72	-613	-583	8191	4173160	3932666	5964272	7363852	16776680	-8324240	-33	268
4025	0	590	70	-615	-583	8191	4173170	3932428	5963888	7363992	16776684	-8324368	1	268
4026	0	590	17	-593	-583	8191	4173181	3932536	5963760	7364213	16776707	-8324240	-44	268
4027	0	590	98	-617	-583	8191	4173191	3932330	5963888	7363932	16776668	-8324112	14	268
4028	0	590	39	-590	-583	8191	4173201	3932268	5964528	7363681	16776692	-8324240	-46	268
4029	0	590	60	-633	-583	8191	4173211	3934252	5964656	7364300	16776671	-8324240	-21	268
4030	0	590	87	-597	-583	8191	4173221	3934440	5965936	7363719	16776695	-8324240	-52	268
4031	0	590	68	-623	-583	8191	4173231	3936497	5965296	7363615	16776699	-8324240	0	268
4032	0	590	75	-627	-583	8191	4173241	3936553	5965552	7363709	16776699	-8324112	-27	268
4033	0	590	96	-597	-583	8191	4173251	3936722	5965552	7363776	16776674	-8324112	-22	268
4034	0	590	64	-669	-583	8191	4173261	3936709	5966320	7364362	16776667	-8324112	-36	268
4035	0	590	92	-621	-583	8191	4173271	3936889	5966960	7363697	16776667	-8324112	-26	268
4036	0	590	54	-600	-583	8191	4173282	3936668	5967088	7363515	16776656	-8324240	-31	268
4037	0	590	67	-623	-583	8191	4173292	3938758	5966832	7363826	16776692	-8324240	-9	268
4038	0	590	89	-631	-583	8191	4173302	3939359	5966448	7363899	16776689	-8324240	-23	268
4039	0	590	90	-618	-583	8191	4173312	3938771	5967088	7363805	16776685	-8324240	-23	268
4040	0	590	67	-627	-583	8191	4173322	3941173	5968112	7364239	16776669	-8324112	-31	268
4041	0	590	131	-608	-583	8191	4173332	3941032	5966960	7363982	16776699	-8324112	-19	268
4042	0	590	53	-628	-583	8191	4173342	3940938	5968368	7364031	16776732	-8324240	-18	268
4043	0	590	121	-624	-583	8191	4173352	3941095	5968112	7363893	16776702	-8323984	-39	268
4044	0	590	80	-647	-583	8191	4173362	3943166	5967728	7363832	16776660	-8324240	8	268
4045	0	772	66	-617	-584	8191	4173372	3942931	5969264	7364468	16776655	-8324240	-40	224
4046	0	772	90	-632	-584	8191	4173383	3945218	5969648	7363938	16776655	-8324240	-15	224
4047	0	772	101	-601	-584	8191	4173393	3945170	5969264	7363667	16776646	-8324112	-14	224
4048	0	772	66	-625	-584	8191	4173403	3945025	5969136	7363765	16776670	-8324112	-21	224
4049	0	772	59	-631	-584	8191	4173413	3945182	5969904	7363849	16776709	-8324240	-51	224
4050	0	772	68	-623	-584	8191	4173423	3945206	5970672	7363853	16776675	-8324240	3	224
4051	0	772	35	-644	-584	8191	4173433	3946642	5971184	7363759	16776652	-8323984	-31	224
4052	0	772	83	-615	-584	8191	4173443	3947210	5970032	7363873	16776693	-8324240	-13	224
4053	0	772	59	-632	-584	8191	4173453	3947176	5971312	7363762	16776698	-8323984	-27	224
4054	0	772	55	-608	-584	8191	4173463	3949288	5971184	7364077	16776669	-8324240	-21	224
4055	0	772	73	-625	-584	8191	4173473	3949251	5971184	7363713	16776709	-8324240	-28	224
4056	0	772	12	-614	-584	8191	4173484	3949442	5972080	7364268	16776689	-8324112	-16	224
4057	0	772	57	-631	-584	8191	4173494	3949124	5971952	7364111	16776720	-8324240	-4	224
4058	0	772	103	-614	-584	8191	4173504	3949398	5971440	7363586	16776670	-8324240	-44	224
4059	0	772	43	-632	-584	8191	4173514	3949346	5971696	7364107	16776670	-8324112	-13	224
4060	0	772	75	-648	-584	8191	4173524	3951306	5972720	7364191	16776704	-8324240	-46	224
4061	0	772	109	-600	-584	8191	4173534	3953365	5972464	7364178	16776676	-8324240	-6	224
4062	0	772	64	-650	-584	8191	4173544	3953450	5973872	7363647	16776696	-8324240	-34	224
4063	0	772	85	-634	-584	8191	4173554	3953403	5973744	7363633	16776672	-8324368	11	224
4064	0	772	53	-624	-584	8191	4173564	3953524	5973360	7363402	16776652	-8324240	-45	224
4065	0	924	78	-611	-593	8191	4173574	3953333	5973488	7363502	16776692	-8324240	-9	106
4066	0	924	94	-615	-593	8191	4173585	3955457	5974128	7363798	16776701	-8324368	-4	106
4067	0	924	59	-649	-593	8191	4173595	3955350	5974384	7363518	16776686	-8324240	9	106
4068	0	924	46	-640	-593	8191	4173605	3955414	5974256	7363998	16776663	-8324240	-59	106
4069	0	924	47	-642	-593	8191	4173615	3957744	5974896	7364450	16776713	-8324112	4	106
4070	0	924	61	-603	-593	8191	4173625	3957614	5976176	7363884	16776721	-8324240	-55	106
4071	0	924	47	-659	-593	8191	4173635	3957890	5974512	7363958	16776671	-8324240	-12	106
4072	0	924	93	-638	-593	8191	4173645	3957770	5975536	7363920	16776671	-8324368	-41	106
4073	0	924	60	-663	-593	8191	4173655	3957687	5976176	7363897	16776707	-8324368	1	106
4074	0	924	68	-628	-593	8191	4173665	3959362	5975792	7364161	16776680	-8324240	-42	106
4075	0	924	55	-644	-593	8191	4173675	3959709	5975792	7363649	16776696	-8324112	-9	106
4076	0	924	57	-658	-593	8191	4173686	3959646	5976048	7363613	16776682	-8324240	-34	106
4077	0	924	87	-655	-593	8191	4173696	3961942	5976176	7364296	16776671	-8324112	-3	106
4078	0	924	53	-623	-593	8191	4173706	3961989	5976816	7363917	16776671	-8324240	-61	106
4079	0	924	80	-645	-593	8191	4173716	3963930	5977328	7364124	16776715	-8324112	-3	106
4080	0	924	51	-623	-593	8191	4173726	3963901	5977584	7364071	16776703	-8324368	-47	106
4081	0	924	87	-675	-593	8191	4173736	3964102	5977712	7363927	16776701	-8324240	-8	106
4082	0	924	102	-658	-593	8191	4173746	3966016	5978096	7364231	16776675	-8324240	-29	106
4083	0	924	98	-651	-593	8191	4173756	3965859	5977840	7364730	16776688	-8324112	-10	106
4084	0	924	74	-662	-593	8191	4173766	3966204	5979120	7363914	16776688	-8324368	-55	106
4085	0	1051	66	-630	-598	8191	4173776	3966105	5979120	7364130	16776695	-8324368	-2	-82
4086	0	1051	98	-649	-598	8191	4173787	3967896	5979888	7364104	16776700	-8324240	-43	-82
4087	0	1051	118	-643	-598	8191	4173797	3967835	5978608	7363398	16776661	-8324368	-10	-82
4088	0	1051	58	-633	-598	8191	4173807	3968544	5979376	7363865	16776697	-8324240	-51	-82
4089	0	1051	74	-636	-598	8191	4173817	3968753	5980144	7364034	16776687	-8324240	0	-82
4090	0	1051	93	-651	-598	8191	4173827	3970337	5979504	7363829	16776693	-8324240	-55	-82
4091	0	1051	53	-625	-598	8191	4173837	3970469	5980272	7364229	16776666	-8324368	4	-82
4092	0	1051	55	-668	-598	8191	4173847	3970104	5981680	7363865	16776735	-8324112	-29	-82
4093	0	1051	55	-655	-598	8191	4173857	3970310	5980400	7363959	16776702	-8324240	-27	-82
4094	0	1051	71	-645	-598	8191	4173867	3972446	5981552	7364061	16776619	-8324368	-26	-82
4095	0	1051	118	-649	-598	8191	4173877	3972281	5982704	7364385	16776682	-8324240	-23	-82
4096	0	1051	46	-664	-598	8191	4173888	3972370	5982064	7364035	16776675	-8324240	-22	-82
4097	0	1051	101	-666	-598	8191	4173898	3972299	5981168	7364147	16776677	-8324240	-26	-82
4098	0	1051	84	-683	-598	8191	4173908	3974166	5982192	7363613	16776685	-8324240	-14	-82
4099	0	1051	92	-631	-598	8191	4173918	3974189	5982064	7363985	16776699	-8324240	-29	-82
4100	0	1051	78	-676	-598	8191	4173928	3974430	5981424	7363689	16776674	-8324112	-13	-82
4101	0	1051	77	-655	-598	8191	4173938	3976184	5983600	7364064	16776693	-8324240	-2	-82
4102	0	1051	38	-654	-598	8191	4173948	3977186	5982832	7364351	16776668	-8324112	-45	-82
4103	0	1051	25	-654	-598	8191	4173958	3977604	5983728	7363782	16776691	-8324496	-4	-82
4104	0	1051	59	-675	-598	8191	4173968	3978647	5983344	7363725	16776671	-8324240	-31	-82
4105	0	1121	45	-669	-633	8191	4173978	3978795	5982576	7364026	16776720	-8324240	-17	-233
4106	0	1121	106	-673	-633	8191	4173989	3978608	5983728	7364106	16776701	-8324112	-23	-233
4107	0	1121	46	-630	-633	8191	4173999	3978908	5983728	7364124	16776660	-8324240	-12	-233
4108	0	1121	83	-660	-633	8191	4174009	3980813	5983472	7363860	16776683	-8324240	-33	-233
4109	0	1121	45	-670	-633	8191	4174019	3980776	5985008	7364461	16776689	-8324240	-3	-233
4110	0	1121	86	-629	-633	8191	4174029	3980350	5984752	7363908	16776671	-8324240	-35	-233
4111	0	1121	78	-664	-633	8191	4174039	3980615	5985008	7363974	16776692	-8324240	-19	-233
4112	0	1121	48	-642	-633	8191	4174049	3982727	5985776	7364321	16776690	-8324112	-21	-233
4113	0	1121	72	-678	-633	8191	4174059	3982904	5986928	7364307	16776661	-8324240	-2	-233
4114	0	1121	62	-671	-633	8191	4174069	3982724	5984880	7364113	16776707	-8324240	-56	-233
4115	0	1121	89	-646	-633	8191	4174079	3984673	5987184	7363921	16776693	-8324368	-7	-233
4116	0	1121	70	-682	-633	8191	4174090	3984825	5987440	7364294	16776675	-8324368	-27	-233
4117	0	1121	61	-672	-633	8191	4174100	3984709	5986800	7364532	16776644	-8324240	-25	-233
4118	0	1121	47	-682	-633	8191	4174110	3984640	5986672	7363908	16776715	-8324496	-17	-233
4119	0	1121	72	-654	-633	8191	4174120	3984850	5987952	7363789	16776691	-8324240	-28	-233
4120	0	1121	64	-686	-633	8191	4174130	3984928	5988208	7363969	16776661	-8324240	-30	-233
4121	0	1121	62	-659	-633	8191	4174140	3987015	5989360	7364118	16776706	-8324496	-23	-233
4122	0	1121	48	-654	-633	8191	4174150	3986708	5988848	7364189	16776720	-8324368	-33	-233
4123	0	1121	17	-663	-633	8191	4174160	3988973	5988720	7364249	16776679	-8324368	-16	-233
4124	0	1121	70	-673	-633	8191	4174170	3988927	5988848	7363975	16776645	-8324368	-16	-233
4125	0	1156	133	-677	-628	8191	4174180	3989156	5988720	7364025	16776694	-8324240	-14	-431
4126	0	1156	51	-651	-628	8191	4174191	3989224	5989104	7364216	16776667	-8324240	-41	-431
4127	0	1156	65	-655	-628	8191	4174201	3991064	5989488	7363634	16776644	-8324240	-47	-431
4128	0	1156	60	-687	-628	8191	4174211	3990766	5990512	7363907	16776681	-8324240	-18	-431
4129	0	1156	73	-666	-628	8191	4174221	3990598	5990128	7363701	16776672	-8324368	-53	-431
4130	0	1156	86	-690	-628	8191	4174231	3991253	5991024	7363895	16776674	-8324368	-14	-431
4131	0	1156	75	-666	-628	8191	4174241	3993126	5990896	7363753	16776678	-8324112	-52	-431
4132	0	1156	83	-673	-628	8191	4174251	3993168	5990768	7363551	16776727	-8324240	-13	-431
4133	0	1156	92	-675	-628	8191	4174261	3993124	5990896	7364066	16776665	-8324496	-60	-431
4134	0	1156	63	-686	-628	8191	4174271	3993103	5991792	7364042	16776679	-8324368	-15	-431
4135	0	1156	63	-662	-628	8191	4174281	3995263	5991664	7363902	16776723	-8324368	-45	-431
4136	0	1156	59	-676	-628	8191	4174292	3995160	5993456	7363850	16776662	-8324240	-13	-431
4137	0	1156	72	-666	-628	8191	4174302	3995304	5992560	7364096	16776671	-8324240	-42	-431
4138	0	1156	99	-684	-628	8191	4174312	3997207	5992944	7364360	16776642	-8324368	-3	-431
4139	0	1156	39	-684	-628	8191	4174322	3997565	5992560	7364210	16776690	-8324368	-40	-431
4140	0	1156	94	-673	-628	8191	4174332	3997323	5994480	7363767	16776730	-8324368	-4	-431
4141	0	1156	56	-688	-628	8191	4174342	3997621	5994608	7364043	16776701	-8324368	-41	-431
4142	0	1156	39	-670	-628	8191	4174352	3998583	5993584	7363753	16776658	-8324240	-11	-431
4143	0	1156	59	-675	-628	8191	4174362	3999754	5993456	7364231	16776685	-8324240	-53	-431
4144	0	1156	44	-688	-628	8191	4174372	3999391	5993968	7363651	16776616	-8324368	-10	-431
4145	0	1110	28	-673	-628	8191	4174382	4001418	5993968	7364316	16776662	-8324368	-43	-627
4146	0	1110	25	-659	-628	8191	4174393	4001518	5994864	7364092	16776651	-8324368	-10	-627
4147	0	1110	90	-670	-628	8191	4174403	4001547	5994608	7364418	16776725	-8324368	-37	-627
4148	0	1110	35	-685	-628	8191	4174413	4001797	5994736	7363880	16776724	-8324368	-11	-627
4149	0	1110	23	-686	-628	8191	4174423	4001501	5995760	7364228	16776671	-8324240	-10	-627
4150	0	1110	54	-709	-628	8191	4174433	4003612	5996272	7364090	16776738	-8324368	-33	-627
4151	0	1110	54	-699	-628	8191	4174443	4005557	5995376	7364069	16776681	-8324240	-29	-627
4152	0	1110	63	-688	-628	8191	4174453	4005894	5995888	7364296	16776651	-8324240	-35	-627
4153	0	1110	113	-694	-628	8191	4174463	4005842	5996528	7364096	16776640	-8324240	-15	-627
4154	0	1110	53	-676	-628	8191	4174473	4005472	5996272	7364059	16776710	-8324496	-31	-627
4155	0	1110	42	-692	-628	8191	4174483	4005777	5997040	7363929	16776651	-8324240	-21	-627
4156	0	1110	77	-695	-628	8191	4174494	4005597	5996912	7364150	16776703	-8324240	-28	-627
4157	0	1110	76	-681	-628	8191	4174504	4007746	5997296	7364095	16776713	-8324240	0	-627
4158	0	1110	110	-668	-628	8191	4174514	4007606	5997808	7363890	16776675	-8324240	-30	-627
4159	0	1110	57	-712	-628	8191	4174524	4009988	5997168	7363869	16776693	-8324368	-16	-627
4160	0	1110	80	-677	-628	8191	4174534	4009713	5998064	7364191	16776692	-8324368	-41	-627
4161	0	1110	21	-684	-628	8191	4174544	4009834	5998704	7363867	16776669	-8324368	-45	-627
4162	0	1110	85	-712	-628	8191	4174554	4009547	5998192	7363778	16776696	-8324240	-11	-627
4163	0	1110	95	-676	-628	8191	4174564	4012138	5999856	7364605	16776694	-8324496	-38	-627
4164	0	1110	78	-697	-628	8191	4174574	4012048	5999216	7363843	16776664	-8324368	-8	-627
4165	0	1025	68	-693	-633	8191	4174584	4012124	6001264	7364503	16776675	-8324240	-22	-789
4166	0	1025	121	-709	-633	8191	4174595	4014107	5999216	7364806	16776672	-8324368	-21	-789
4167	0	1025	69	-683	-633	8191	4174605	4014096	6000752	7364357	16776682	-8324240	-34	-789
4168	0	1025	66	-700	-633	8191	4174615	4014167	6000752	7364279	16776664	-8324368	-12	-789
4169	0	1025	104	-685	-633	8191	4174625	4014052	6000496	7364123	16776688	-8324240	-37	-789
4170	0	1025	98	-701	-633	8191	4174635	4014122	5998832	7364718	16776701	-8324240	-23	-789
4171	0	1025	97	-723	-633	8191	4174645	4014160	6001264	7364338	16776719	-8324368	-27	-789
4172	0	1025	75	-711	-633	8191	4174655	4016030	6001136	7364297	16776701	-8324240	-25	-789
4173	0	1025	81	-690	-633	8191	4174665	4016214	6001136	7364169	16776675	-8324368	-4	-789
4174	0	1025	61	-683	-633	8191	4174675	4016169	6002416	7363813	16776690	-8324368	-24	-789
4175	0	1025	44	-693	-633	8191	4174685	4017909	6001520	7364422	16776672	-8324240	-7	-789
4176	0	1025	108	-697	-633	8191	4174696	4017898	6002288	7363895	16776683	-8324112	-25	-789
4177	0	1025	32	-707	-633	8191	4174706	4018175	6002800	7363998	16776687	-8324368	-18	-789
4178	0	1025	45	-694	-633	8191	4174716	4018141	6003568	7363545	16776677	-8324368	-25	-789
4179	0	1025	104	-681	-633	8191	4174726	4018288	6003952	7363797	16776708	-8324368	-36	-789
4180	0	1025	48	-727	-633	8191	4174736	4020285	6004720	7363932	16776631	-8324496	-25	-789
4181	0	1025	40	-676	-633	8191	4174746	4020233	6003056	7364142	16776674	-8324368	-41	-789
4182	0	1025	77	-700	-633	8191	4174756	4021655	6004208	7364196	16776646	-8324368	-15	-789
4183	0	1025	74	-699	-633	8191	4174766	4022481	6003952	7364232	16776699	-8324496	-37	-789
4184	0	1025	45	-690	-633	8191	4174776	4022226	6004336	7363825	16776719	-8324240	-43	-789
4185	0	1025	62	-721	-633	8191	4174786	4022648	6004208	7364220	16776701	-8324368	-15	-789
4186	0	901	82	-705	-630	8191	4174797	4022351	6004336	7364235	16776698	-8324368	-37	-966
4187	0	901	43	-715	-630	8191	4174807	4024471	6005744	7363962	16776681	-8324240	-42	-966
4188	0	901	97	-703	-630	8191	4174817	4024553	6005104	7363943	16776682	-8324496	-19	-966
4189	0	901	67	-682	-630	8191	4174827	4024611	6005744	7363719	16776658	-8324368	-34	-966
4190	0	901	72	-718	-630	8191	4174837	4026497	6006512	7363973	16776664	-8324368	-16	-966
4191	0	901	50	-713	-630	8191	4174847	4026522	6007408	7363533	16776695	-8324368	-36	-966
4192	0	901	69	-692	-630	8191	4174857	4026559	6006000	7363980	16776647	-8324496	-31	-966
4193	0	901	48	-706	-630	8191	4174867	4027900	6006256	7363838	16776699	-8324368	-37	-966
4194	0	901	69	-706	-630	8191	4174877	4027942	6007280	7364071	16776655	-8324368	-15	-966
4195	0	901	98	-730	-630	8191	4174887	4028378	6006896	7363885	16776687	-8324496	-29	-966
4196	0	901	80	-723	-630	8191	4174898	4030617	6007664	7363647	16776697	-8324368	0	-966
4197	0	901	42	-688	-630	8191	4174908	4030609	6008432	7364010	16776628	-8324368	-51	-966
4198	0	901	103	-728	-630	8191	4174918	4030774	6008816	7364015	16776710	-8324624	-17	-966
4199	0	901	73	-684	-630	8191	4174928	4030684	6010352	7363851	16776709	-8324368	-37	-966
4200	0	901	61	-745	-630	8191	4174938	4030754	6008560	7364110	16776685	-8324496	-12	-966
4201	0	901	66	-697	-630	8191	4174948	4032650	6009072	7363521	16776695	-8324368	-36	-966
4202	0	901	73	-735	-630	8191	4174958	4033046	6010224	7363814	16776684	-8324368	8	-966
4203	0	901	58	-703	-630	8191	4174968	4032614	6009584	7363898	16776688	-8324368	-62	-966
4204	0	901	64	-703	-630	8191	4174978	4032725	6010608	7363524	16776722	-8324496	10	-966
4205	0	901	39	-725	-630	8191	4174988	4033734	6009840	7363937	16776675	-8324496	-48	-966
4206	0	723	68	-726	-635	8191	4174999	4034792	6009840	7363918	16776708	-8324368	-10	-1035
4207	0	723	83	-710	-635	8191	4175009	4036458	6011120	7363986	16776710	-8324368	-21	-1035
4208	0	723	56	-727	-635	8191	4175019	4036982	6011376	7363640	16776663	-8324624	-2	-1035
4209	0	723	50	-705	-635	8191	4175029	4038962	6012016	7364071	16776686	-8324368	-24	-1035
4210	0	723	47	-738	-635	8191	4175039	4038866	6011632	7363656	16776676	-8324496	-13	-1035
4211	0	723	37	-713	-635	8191	4175049	4039064	6011632	7363788	16776706	-8324240	-47	-1035
4212	0	723	84	-728	-635	8191	4175059	4039106	6012400	7364061	16776676	-8324496	-35	-1035
4213	0	723	67	-738	-635	8191	4175069	4039113	6011888	7363979	16776658	-8324368	-14	-1035
4214	0	723	70	-730	-635	8191	4175079	4038823	6013168	7363694	16776703	-8324368	-23	-1035
4215	0	723	81	-754	-635	8191	4175089	4041147	6013424	7363672	16776684	-8324368	-9	-1035
4216	0	723	108	-727	-635	8191	4175100	4041130	6013296	7363614	16776677	-8324240	-40	-1035
4217	0	723	77	-751	-635	8191	4175110	4043272	6014064	7363649	16776676	-8324496	-37	-1035
4218	0	723	38	-719	-635	8191	4175120	4043040	6014448	7363698	16776720	-8324496	-40	-1035
4219	0	723	68	-726	-635	8191	4175130	4043224	6014064	7364278	16776695	-8324624	-20	-1035
4220	0	723	49	-731	-635	8191	4175140	4043089	6015344	7364026	16776689	-8324240	-41	-1035
4221	0	723	102	-730	-635	8191	4175150	4043436	6015216	7364068	16776649	-8324496	-5	-1035
4222	0	723	49	-727	-635	8191	4175160	4045191	6015472	7363495	16776661	-8324496	-48	-1035
4223	0	723	76	-724	-635	8191	4175170	4045230	6015856	7363865	16776692	-8324368	-14	-1035
4224	0	723	72	-722	-635	8191	4175180	4045230	6015472	7363510	16776713	-8324368	-41	-1035
4225	0	723	75	-747	-635	8191	4175190	4045233	6014832	7364104	16776712	-8324496	-36	-1035
4226	0	544	79	-744	-636	8191	4175201	4047067	6015600	7363680	16776657	-8324368	-20	-1100
4227	0	544	83	-725	-636	8191	4175211	4047193	6016240	7363757	16776672	-8324496	-29	-1100
4228	0	544	69	-736	-636	8191	4175221	4049350	6016496	7364092	16776697	-8324496	-26	-1100
4229	0	544	53	-726	-636	8191	4175231	4049219	6016368	7363504	16776668	-8324240	-21	-1100
4230	0	544	66	-740	-636	8191	4175241	4051235	6017392	7363952	16776653	-8324496	-25	-1100
4231	0	544	78	-746	-636	8191	4175251	4051378	6018032	7363560	16776685	-8324368	-43	-1100
4232	0	544	83	-749	-636	8191	4175261	4051491	6017520	7363436	16776707	-8324368	-3	-1100
4233	0	544	82	-739	-636	8191	4175271	4051449	6017392	7363694	16776659	-8324496	-46	-1100
4234	0	544	94	-744	-636	8191	4175281	4053531	6018800	7364105	16776656	-8324496	-12	-1100
4235	0	544	98	-736	-636	8191	4175291	4053298	6018928	7364242	16776708	-8324368	-32	-1100
4236	0	544	91	-710	-636	8191	4175302	4053657	6019568	7363900	16776688	-8324240	-15	-1100
4237	0	544	87	-713	-636	8191	4175312	4053602	6019952	7363723	16776646	-8324368	-27	-1100
4238	0	544	70	-764	-636	8191	4175322	4053498	6019568	7364153	16776675	-8324368	-6	-1100
4239	0	544	51	-719	-636	8191	4175332	4053761	6019184	7364232	16776693	-8324496	-33	-1100
4240	0	544	39	-744	-636	8191	4175342	4055683	6020848	7364176	16776672	-8324624	-18	-1100
4241	0	544	83	-750	-636	8191	4175352	4055645	6019312	7364356	16776709	-8324496	-35	-1100
4242	0	544	97	-752	-636	8191	4175362	4057885	6021232	7364058	16776688	-8324496	-33	-1100
4243	0	544	87	-720	-636	8191	4175372	4057695	6022512	7364220	16776688	-8324496	-20	-1100
4244	0	544	29	-727	-636	8191	4175382	4058045	6021616	7364251	16776668	-8324368	-25	-1100
4245	0	544	56	-763	-636	8191	4175392	4058037	6022512	7364269	16776648	-8324496	-18	-1100
4246	0	345	125	-733	-637	8191	4175403	4057838	6022256	7364292	16776672	-8324496	-17	-1063
4247	0	345	70	-758	-637	8191	4175413	4057822	6022512	7364100	16776635	-8324496	-38	-1063
4248	0	345	94	-751	-637	8191	4175423	4057692	6022640	7364109	16776694	-8324496	-23	-1063
4249	0	345	65	-757	-637	8191	4175433	4059855	6022640	7364551	16776708	-8324496	-25	-1063
4250	0	345	66	-746	-637	8191	4175443	4059805	6022768	7364071	16776671	-8324496	-32	-1063
4251	0	345	51	-749	-637	8191	4175453	4062032	6022256	7363803	16776700	-8324496	-21	-1063
4252	0	345	89	-754	-637	8191	4175463	4063725	6023920	7364232	16776663	-8324368	-48	-1063
4253	0	345	50	-758	-637	8191	4175473	4063989	6024432	7363849	16776704	-8324496	-4	-1063
4254	0	345	102	-739	-637	8191	4175483	4064007	6023536	7363953	16776632	-8324496	-36	-1063
4255	0	345	91	-751	-637	8191	4175493	4063845	6024304	7364616	16776672	-8324624	-31	-1063
4256	0	345	86	-726	-637	8191	4175504	4064115	6024304	7364073	16776685	-8324368	-50	-1063
4257	0	345	64	-737	-637	8191	4175514	4064072	6024432	7364205	16776705	-8324368	1	-1063
4258	0	345	66	-745	-637	8191	4175524	4066281	6025200	7363965	16776733	-8324624	-34	-1063
4259	0	345	63	-781	-637	8191	4175534	4066090	6026224	7363805	16776698	-8324496	-19	-1063
4260	0	345	58	-736	-637	8191	4175544	4066007	6025584	7364179	16776652	-8324368	-37	-1063
4261	0	345	116	-763	-637	8191	4175554	4065900	6026480	7364182	16776697	-8324368	-2	-1063
4262	0	345	37	-752	-637	8191	4175564	4066111	6026224	7363933	16776683	-8324496	-7	-1063
4263	0	345	52	-745	-637	8191	4175574	4066207	6028272	7363586	16776677	-8324496	-21	-1063
4264	0	345	30	-785	-637	8191	4175584	4068056	6027760	7363801	16776711	-8324368	-11	-1063
4265	0	345	94	-727	-637	8191	4175594	4068093	6027760	7364084	16776659	-8324496	-18	-1063
4266	0	148	41	-760	-638	8191	4175605	4068188	6027376	7363599	16776721	-8324496	-23	-1020
4267	0	148	71	-791	-638	8191	4175615	4068469	6027632	7364038	16776669	-8324368	-17	-1020
4268	0	148	66	-749	-638	8191	4175625	4068129	6028656	7364567	16776688	-8324240	5	-1020
4269	0	148	66	-758	-638	8191	4175635	4071079	6027504	7364351	16776671	-8324496	-26	-1020
4270	0	148	78	-774	-638	8191	4175645	4071482	6028400	7364243	16776688	-8324624	3	-1020
4271	0	148	59	-770	-638	8191	4175655	4071241	6029040	7364139	16776692	-8324496	-44	-1020
4272	0	148	38	-767	-638	8191	4175665	4074659	6028656	7363882	16776661	-8324496	-20	-1020
4273	0	148	77	-735	-638	8191	4175675	4074601	6029424	7363983	16776672	-8324496	-18	-1020
4274	0	148	78	-774	-638	8191	4175685	4076843	6029296	7364357	16776729	-8324624	-6	-1020
4275	0	148	63	-734	-638	8191	4175695	4076921	6029680	7363828	16776678	-8324624	-24	-1020
4276	0	148	35	-778	-638	8191	4175706	4076897	6030704	7363702	16776697	-8324496	-13	-1020
4277	0	148	68	-746	-638	8191	4175716	4076739	6029936	7363409	16776682	-8324496	-25	-1020
4278	0	148	73	-776	-638	8191	4175726	4076781	6030576	7363759	16776668	-8324496	-31	-1020
4279	0	148	76	-773	-638	8191	4175736	4078857	6030832	7364107	16776667	-8324624	-17	-1020
4280	0	148	54	-749	-638	8191	4175746	4080707	6029680	7363657	16776722	-8324624	-34	-1020
4281	0	148	64	-761	-638	8191	4175756	4081065	6031856	7364142	16776683	-8324496	3	-1020
4282	0	148	85	-783	-638	8191	4175766	4080805	6031344	7363341	16776681	-8324624	-49	-1020
4283	0	148	71	-796	-638	8191	4175776	4080948	6032496	7363866	16776662	-8324624	-11	-1020
4284	0	148	61	-776	-638	8191	4175786	4081064	6031728	7363808	16776684	-8324624	-28	-1020
4285	0	148	78	-788	-638	8191	4175796	4080901	6032368	7363930	16776701	-8324496	-12	-1020
4286	0	-28	59	-762	-626	8191	4175807	4083076	6032624	7364021	16776692	-8324368	-29	-920
4287	0	-28	25	-791	-626	8191	4175817	4083162	6033392	7363713	16776700	-8324496	-15	-920
4288	0	-28	92	-793	-626	8191	4175827	4082856	6033264	7364237	16776659	-8324496	-53	-920
4289	0	-28	73	-771	-626	8191	4175837	4083061	6033904	7363650	16776647	-8324496	32	-920
4290	0	-28	72	-775	-626	8191	4175847	4085168	6034032	7364058	16776676	-8324496	-51	-920
4291	0	-28	86	-778	-626	8191	4175857	4085087	6035184	7363761	16776667	-8324496	-2	-920
4292	0	-28	80	-794	-626	8191	4175867	4085062	6034800	7363546	16776682	-8324496	-37	-920
4293	0	-28	73	-792	-626	8191	4175877	4087264	6035184	7364069	16776696	-8324496	-5	-920
4294	0	-28	98	-801	-626	8191	4175887	4089125	6035824	7363772	16776692	-8324624	-54	-920
4295	0	-28	84	-769	-626	8191	4175897	4089116	6035440	7363603	16776672	-8324496	5	-920
4296	0	-28	56	-757	-626	8191	4175908	4089217	6035056	7364476	16776679	-8324624	-40	-920
4297	0	-28	64	-797	-626	8191	4175918	4089367	6036720	7364130	16776681	-8324624	-3	-920
4298	0	-28	80	-767	-626	8191	4175928	4090570	6037104	7363862	16776685	-8324496	-41	-920
4299	0	-28	76	-782	-626	8191	4175938	4091469	6037360	7363995	16776697	-8324496	8	-920
4300	0	-28	38	-773	-626	8191	4175948	4091521	6037232	7364065	16776713	-8324496	-29	-920
4301	0	-28	87	-784	-626	8191	4175958	4093490	6039152	7363814	16776684	-8324496	-2	-920
4302	0	-28	66	-770	-626	8191	4175968	4093228	6037488	7363636	16776647	-8324624	-43	-920
4303	0	-28	78	-756	-626	8191	4175978	4095585	6037488	7364249	16776664	-8324496	-9	-920
4304	0	-28	69	-784	-626	8191	4175988	4095475	6038768	7364016	16776682	-8324496	-44	-920
4305	0	-28	90	-770	-626	8191	4175998	4097487	6039792	7363921	16776684	-8324624	7	-920
4306	0	-121	61	-778	-617	8191	4176009	4097879	6039408	7364581	16776663	-8324624	-37	-692
4307	0	-121	75	-808	-617	8191	4176019	4097807	6039280	7364101	16776653	-8324496	-17	-692
4308	0	-121	56	-762	-617	8191	4176029	4097594	6039024	7364343	16776691	-8324624	-31	-692
4309	0	-121	60	-772	-617	8191	4176039	4098349	6039664	7363720	16776705	-8324624	4	-692
4310	0	-121	78	-770	-617	8191	4176049	4099675	6039664	7364132	16776678	-8324752	-44	-692
4311	0	-121	67	-779	-617	8191	4176059	4099611	6040176	7364077	16776682	-8324496	6	-692
4312	0	-121	55	-777	-617	8191	4176069	4101450	6040176	7364106	16776714	-8324624	-34	-692
4313	0	-121	84	-771	-617	8191	4176079	4101847	6042096	7364001	16776682	-8324624	-14	-692
4314	0	-121	69	-794	-617	8191	4176089	4101632	6040304	7364144	16776674	-8324496	-29	-692
4315	0	-121	87	-781	-617	8191	4176099	4101662	6041712	7364026	16776697	-8324624	1	-692
4316	0	-121	92	-766	-617	8191	4176110	4103839	6043632	7363631	16776697	-8324624	-9	-692
4317	0	-121	79	-792	-617	8191	4176120	4103775	6042736	7363915	16776699	-8324496	-10	-692
4318	0	-121	75	-796	-617	8191	4176130	4103801	6043248	7363968	16776692	-8324752	-42	-692
4319	0	-121	63	-822	-617	8191	4176140	4103700	6041200	7363720	16776701	-8324624	-21	-692
4320	0	-121	94	-798	-617	8191	4176150	4103493	6042992	7363789	16776705	-8324752	-40	-692
4321	0	-121	66	-807	-617	8191	4176160	4105994	6043888	7363736	16776683	-8324496	-11	-692
4322	0	-121	60	-798	-617	8191	4176170	4107045	6043248	7364072	16776685	-8324624	-7	-692
4323	0	-121	70	-811	-617	8191	4176180	4108183	6043376	7364608	16776686	-8324496	-48	-692
4324	0	-121	91	-789	-617	8191	4176190	4108626	6044656	7364005	16776683	-8324496	10	-692
4325	0	-121	63	-825	-617	8191	4176200	4110109	6043888	7364348	16776669	-8324496	-28	-692
4326	0	-177	102	-770	-619	8191	4176211	4110206	6045296	7363801	16776661	-8324624	-27	-543
4327	0	-177	25	-796	-619	8191	4176221	4110169	6043376	7364055	16776684	-8324496	-23	-543
4328	0	-177	53	-778	-619	8191	4176231	4110145	6046576	7364078	16776680	-8324496	-17	-543
4329	0	-177	52	-799	-619	8191	4176241	4110039	6044528	7363978	16776712	-8324496	-25	-543
4330	0	-177	95	-811	-619	8191	4176251	4109848	6046448	7364110	16776678	-8324624	-21	-543
4331	0	-177	102	-786	-619	8191	4176261	4109930	6046320	7364038	16776680	-8324496	-16	-543
4332	0	-177	66	-793	-619	8191	4176271	4112134	6046192	7363959	16776721	-8324752	-30	-543
4333	0	-177	66	-793	-619	8191	4176281	4112010	6047088	7363968	16776685	-8324496	-5	-543
4334	0	-177	94	-785	-619	8191	4176291	4112034	6046960	7364114	16776685	-8324752	-54	-543
4335	0	-177	83	-806	-619	8191	4176301	4112040	6047472	7363824	16776722	-8324624	-15	-543
4336	0	-177	35	-829	-619	8191	4176312	4114106	6047984	7364212	16776737	-8324496	-34	-543
4337	0	-177	92	-797	-619	8191	4176322	4114363	6047472	7364362	16776714	-8324496	11	-543
4338	0	-177	66	-830	-619	8191	4176332	4114175	6048112	7364293	16776665	-8324624	-19	-543
4339	0	-177	79	-798	-619	8191	4176342	4116315	6046832	7364309	16776662	-8324752	-15	-543
4340	0	-177	47	-800	-619	8191	4176352	4116177	6049520	7363758	16776683	-8324496	-30	-543
4341	0	-177	21	-779	-619	8191	4176362	4116447	6049008	7364038	16776656	-8324496	-22	-543
4342	0	-177	26	-815	-619	8191	4176372	4116447	6049392	7364057	16776662	-8324624	-34	-543
4343	0	-177	56	-783	-619	8191	4176382	4118206	6050032	7364349	16776663	-8324496	2	-543
4344	0	-177	49	-792	-619	8191	4176392	4118332	6050416	7364145	16776644	-8324624	-32	-543
4345	0	-177	56	-828	-619	8191	4176402	4120419	6051952	7364284	16776700	-8324624	-8	-543
4346	0	-177	90	-793	-619	8191	4176413	4120410	6051056	7364261	16776712	-8324496	-24	-543
4347	0	-168	9	-826	-646	8191	4176423	4122701	6049136	7364425	16776657	-8324496	-16	-320
4348	0	-168	16777213	-801	-646	8191	4176433	4122540	6050800	7364475	16776656	-8324624	-17	-320
4349	0	-168	64	-821	-646	8191	4176443	4122621	6051312	7364250	16776681	-8324496	-36	-320
4350	0	-168	87	-804	-646	8191	4176453	4122515	6051440	7363705	16776672	-8324624	-29	-320
4351	0	-168	96	-805	-646	8191	4176463	4124555	6052464	7363891	16776662	-8324752	-25	-320
4352	0	-168	85	-800	-646	8191	4176473	4124773	6050928	7364345	16776687	-8324624	-17	-320
4353	0	-168	105	-822	-646	8191	4176483	4124837	6053104	7364172	16776678	-8324624	-17	-320
4354	0	-168	103	-835	-646	8191	4176493	4124326	6053232	7364064	16776673	-8324624	-13	-320
4355	0	-168	74	-795	-646	8191	4176503	4124180	6053232	7363599	16776704	-8324624	-34	-320
4356	0	-168	66	-838	-646	8191	4176514	4124818	6054640	7363588	16776654	-8324624	-2	-320
4357	0	-168	107	-800	-646	8191	4176524	4126573	6053104	7364038	16776664	-8324752	-13	-320
4358	0	-168	79	-797	-646	8191	4176534	4127590	6052976	7364152	16776685	-8324624	-8	-320
4359	0	-168	81	-800	-646	8191	4176544	4128358	6055024	7364287	16776699	-8324624	-24	-320
4360	0	-168	90	-808	-646	8191	4176554	4128408	6054256	7363863	16776708	-8324624	-27	-320
4361	0	-168	51	-856	-646	8191	4176564	4128203	6054384	7364115	16776732	-8324496	-20	-320
4362	0	-168	66	-759	-646	8191	4176574	4128720	6055408	7363699	16776673	-8324624	-20	-320
4363	0	-168	71	-812	-646	8191	4176584	4128733	6056176	7363976	16776673	-8324624	-4	-320
4364	0	-168	70	-819	-646	8191	4176594	4128461	6056688	7364201	16776668	-8324624	-44	-320
4365	0	-168	69	-820	-646	8191	4176604	4130625	6055152	7364583	16776697	-8324496	-25	-320
4366	0	-168	45	-825	-646	8191	4176615	4130655	6056048	7363773	16776684	-8324624	-15	-320
4367	0	-106	80	-832	-632	8191	4176625	4130610	6055792	7363656	16776656	-8324624	-3	-132
4368	0	-106	72	-803	-632	8191	4176635	4132791	6056688	7363973	16776669	-8324752	-35	-132
4369	0	-106	77	-823	-632	8191	4176645	4132724	6056944	7364035	16776667	-8324624	-4	-132
4370	0	-106	45	-847	-632	8191	4176655	4132804	6057456	7363815	16776690	-8324752	2	-132
4371	0	-106	50	-831	-632	8191	4176665	4132772	6057584	7364075	16776672	-8324624	-39	-132
4372	0	-106	101	-817	-632	8191	4176675	4135046	6057456	7363967	16776706	-8324624	-13	-132
4373	0	-106	57	-837	-632	8191	4176685	4136411	6058096	7364449	16776646	-8324752	-28	-132
4374	0	-106	78	-831	-632	8191	4176695	4136973	6057840	7363936	16776687	-8324624	-28	-132
4375	0	-106	64	-832	-632	8191	4176705	4136798	6059248	7364235	16776672	-8324624	-13	-132
4376	0	-106	96	-837	-632	8191	4176716	4136890	6058992	7364274	16776680	-8324496	-27	-132
4377	0	-106	91	-831	-632	8191	4176726	4136860	6059760	7363708	16776710	-8324752	-22	-132
4378	0	-106	36	-808	-632	8191	4176736	4138999	6058864	7364123	16776696	-8324752	-5	-132
4379	0	-106	70	-836	-632	8191	4176746	4138952	6060528	7363992	16776646	-8324880	-6	-132
4380	0	-106	49	-854	-632	8191	4176756	4140925	6061296	7363942	16776699	-8324624	-12	-132
4381	0	-106	81	-855	-632	8191	4176766	4141105	6060912	7363972	16776730	-8324624	-61	-132
4382	0	-106	71	-841	-632	8191	4176776	4141042	6060528	7364124	16776728	-8324624	-55	-132
4383	0	-106	57	-799	-632	8191	4176786	4140991	6061552	7363916	16776693	-8324624	-1	-132
4384	0	-106	79	-827	-632	8191	4176796	4143181	6061936	7364267	16776688	-8324752	-29	-132
4385	0	-106	22	-841	-632	8191	4176806	4143086	6062576	7364262	16776693	-8324496	-26	-132
4386	0	-106	35	-825	-632	8191	4176817	4143316	6061936	7363843	16776696	-8324752	-11	-132
4387	0	26	56	-792	-643	8191	4176827	4143253	6062192	7364347	16776682	-8324496	-51	31
4388	0	26	94	-849	-643	8191	4176837	4143327	6062960	7364580	16776685	-8324624	4	31
4389	0	26	71	-850	-643	8191	4176847	4145320	6063344	7363966	16776688	-8324624	-17	31
4390	0	26	95	-828	-643	8191	4176857	4147541	6063600	7364245	16776718	-8324624	-10	31
4391	0	26	101	-829	-643	8191	4176867	4147128	6062448	7364165	16776684	-8324752	-13	31
4392	0	26	64	-856	-643	8191	4176877	4147095	6063984	7364487	16776640	-8324624	-47	31
4393	0	26	35	-858	-643	8191	4176887	4149505	6063984	7364250	16776671	-8324752	-13	31
4394	0	26	94	-824	-643	8191	4176897	4149378	6065136	7364490	16776664	-8324752	-24	31
4395	0	26	58	-831	-643	8191	4176907	4149450	6064112	7363995	16776674	-8324752	-33	31
4396	0	26	46	-856	-643	8191	4176918	4149452	6065776	7364629	16776694	-8324624	-23	31
4397	0	26	75	-821	-643	8191	4176928	4149733	6065136	7363914	16776705	-8324752	-47	31
4398	0	26	101	-858	-643	8191	4176938	4150317	6066288	7364285	16776678	-8324624	-31	31
4399	0	26	89	-835	-643	8191	4176948	4151340	6066288	7363730	16776664	-8324752	-22	31
4400	0	26	65	-871	-643	8191	4176958	4151494	6066544	7364233	16776682	-8324624	-31	31
4401	0	26	63	-831	-643	8191	4176968	4153472	6066544	7364166	16776694	-8324624	-38	31
4402	0	26	40	-824	-643	8191	4176978	4153416	6067440	7363880	16776655	-8324624	-26	31
4403	0	26	65	-833	-643	8191	4176988	4153766	6066288	7363865	16776702	-8324624	-26	31
4404	0	26	91	-860	-643	8191	4176998	4153633	6067312	7364041	16776707	-8324752	-22	31
4405	0	26	56	-837	-643	8191	4177008	4155636	6068976	7363866	16776715	-8324752	-38	31
4406	0	26	54	-859	-643	8191	4177019	4155756	6068208	7364122	16776677	-8324624	-15	31
4407	0	203	68	-840	-624	8191	4177029	4155842	6069488	7363936	16776683	-8324624	-39	129
4408	0	203	87	-815	-624	8191	4177039	4157501	6070000	7363788	16776648	-8324880	-20	129
4409	0	203	49	-867	-624	8191	4177049	4157610	6070256	7363750	16776694	-8324752	-24	129
4410	0	203	58	-838	-624	8191	4177059	4157409	6070256	7363973	16776669	-8324624	-19	129
4411	0	203	70	-838	-624	8191	4177069	4157458	6068848	7364155	16776685	-8324752	-39	129
4412	0	203	86	-852	-624	8191	4177079	4159981	6070000	7363918	16776713	-8324752	-5	129
4413	0	203	85	-832	-624	8191	4177089	4160533	6071152	7364069	16776672	-8324752	-32	129
4414	0	203	98	-842	-624	8191	4177099	4161743	6071280	7363979	16776681	-8324752	-22	129
4415	0	203	82	-885	-624	8191	4177109	4161611	6070896	7363740	16776663	-8324752	-28	129
4416	0	203	70	-844	-624	8191	4177120	4161999	6071024	7363711	16776702	-8324624	-30	129
4417	0	203	59	-906	-624	8191	4177130	4161598	6072432	7363838	16776663	-8324624	-59	129
4418	0	203	67	-829	-624	8191	4177140	4161912	6073584	7364010	16776648	-8324752	-24	129
4419	0	203	87	-878	-624	8191	4177150	4164040	6071792	7364248	16776703	-8324752	-17	129
4420	0	203	84	-815	-624	8191	4177160	4163888	6072176	7364140	16776649	-8324624	1	129
4421	0	203	48	-839	-624	8191	4177170	4163985	6072944	7363960	16776668	-8324880	-20	129
4422	0	203	72	-863	-624	8191	4177180	4164107	6073712	7363671	16776703	-8324880	-12	129
4423	0	203	70	-851	-624	8191	4177190	4166141	6073200	7364201	16776686	-8324752	-18	129
4424	0	203	35	-868	-624	8191	4177200	4165964	6072688	7363994	16776691	-8324752	-23	129
4425	0	203	105	-842	-624	8191	4177210	4167311	6072944	7363467	16776678	-8324752	-14	129
4426	0	203	64	-843	-624	8191	4177221	4168086	6074736	7364176	16776657	-8324624	-40	129
4427	0	386	114	-849	-628	8191	4177231	4170156	6074096	7363845	16776709	-8324624	-31	178
4428	0	386	51	-875	-628	8191	4177241	4170236	6074736	7364119	16776661	-8324624	-17	178
4429	0	386	76	-860	-628	8191	4177251	4170190	6075120	7363696	16776691	-8324752	-29	178
4430	0	386	22	-880	-628	8191	4177261	4170221	6074480	7363976	16776700	-8324624	-18	178
4431	0	386	71	-878	-628	8191	4177271	4170076	6075888	7364380	16776715	-8324752	-37	178
4432	0	386	51	-853	-628	8191	4177281	4170230	6076144	7364159	16776668	-8324752	-23	178
4433	0	386	84	-889	-628	8191	4177291	4172157	6075376	7364113	16776689	-8324752	-8	178
4434	0	386	41	-863	-628	8191	4177301	4172888	6077680	7364405	16776694	-8324752	-34	178
4435	0	386	96	-850	-628	8191	4177311	4174153	6077040	7364274	16776677	-8324752	-20	178
4436	0	386	135	-878	-628	8191	4177322	4174437	6078064	7364534	16776667	-8324880	-32	178
4437	0	386	83	-859	-628	8191	4177332	4174444	6079216	7364610	16776700	-8324752	-22	178
4438	0	386	107	-863	-628	8191	4177342	4176105	6078448	7364226	16776645	-8324752	-20	178
4439	0	386	113	-856	-628	8191	4177352	4176553	6078960	7364468	16776664	-8324752	-16	178
4440	0	386	60	-878	-628	8191	4177362	4176419	6077936	7364273	16776667	-8324752	-40	178
4441	0	386	84	-838	-628	8191	4177372	4176455	6079216	7364055	16776721	-8324880	-36	178
4442	0	386	91	-869	-628	8191	4177382	4178555	6079216	7364085	16776672	-8324752	-30	178
4443	0	386	68	-865	-628	8191	4177392	4180512	6080112	7364593	16776618	-8324752	-39	178
4444	0	386	77	-894	-628	8191	4177402	4180770	6079984	7364399	16776705	-8324752	-1	178
4445	0	386	25	-873	-628	8191	4177412	4182741	6080368	7364530	16776681	-8324624	-17	178
4446	0	386	139	-835	-628	8191	4177423	4182593	6079344	7364510	16776673	-8324752	-43	178
4447	0	561	115	-889	-654	8191	4177433	4182559	6081776	7364081	16776679	-8324752	-30	201
4448	0	561	70	-875	-654	8191	4177443	4183742	6081008	7364127	16776696	-8324752	-34	201
4449	0	561	71	-855	-654	8191	4177453	4184653	6081520	7364172	16776674	-8324752	-5	201
4450	0	561	30	-850	-654	8191	4177463	4184867	6080752	7364549	16776651	-8324752	-29	201
4451	0	561	79	-851	-654	8191	4177473	4184737	6083056	7363880	16776663	-8324752	-4	201
4452	0	561	68	-897	-654	8191	4177483	4184891	6082672	7364249	16776677	-8324752	-22	201
4453	0	561	102	-873	-654	8191	4177493	4184860	6082928	7364139	16776690	-8324752	-18	201
4454	0	561	30	-877	-654	8191	4177503	4184970	6083056	7364141	16776663	-8324752	-22	201
4455	0	561	64	-863	-654	8191	4177513	4186643	6084336	7364017	16776643	-8324752	-16	201
4456	0	561	68	-874	-654	8191	4177524	4189049	6083824	7364658	16776725	-8324752	-34	201
4457	0	561	101	-867	-654	8191	4177534	4188727	6083696	7364209	16776672	-8324752	-12	201
4458	0	561	92	-852	-654	8191	4177544	4189153	6084464	7364463	16776705	-8324880	-40	201
4459	0	561	65	-890	-654	8191	4177554	4188594	6084592	7364189	16776729	-8324752	20	201
4460	0	561	75	-865	-654	8191	4177564	4190676	6084080	7363674	16776671	-8324880	-45	201
4461	0	561	85	-904	-654	8191	4177574	4190710	6084592	7363980	16776689	-8324880	-33	201
4462	0	561	77	-844	-654	8191	4177584	4192466	6084976	7363707	16776656	-8324880	-8	201
4463	0	561	90	-862	-654	8191	4177594	4192649	6087024	7363959	16776702	-8324880	-9	201
4464	0	561	37	-898	-654	8191	4177604	4192763	6086512	7363789	16776692	-8324880	-29	201
4465	0	561	89	-874	-654	8191	4177614	4192711	6087536	7363336	16776678	-8324752	-37	201
4466	0	561	61	-876	-654	8191	4177625	4193077	6087280	7363974	16776671	-8324880	-29	201
4467	0	746	44	-861	-673	8191	4177635	4195009	6086640	7364265	16776704	-8324752	-6	132
4468	0	746	51	-845	-673	8191	4177645	4194917	6086640	7363919	16776694	-8324752	-34	132
4469	0	746	43	-917	-673	8191	4177655	4197210	6089072	7364267	16776689	-8324752	6	132
4470	0	746	91	-899	-673	8191	4177665	4197058	6089072	7363981	16776719	-8324880	-67	132
4471	0	746	24	-874	-673	8191	4177675	4196913	6087792	7363818	16776691	-8324880	-14	132
4472	0	746	96	-892	-673	8191	4177685	4197010	6089584	7363979	16776692	-8325008	-24	132
4473	0	746	67	-865	-673	8191	4177695	4196916	6088176	7364000	16776719	-8324624	-7	132
4474	0	746	65	-867	-673	8191	4177705	4199280	6089200	7364059	16776678	-8324880	-43	132
4475	0	746	40	-879	-673	8191	4177715	4199135	6090736	7363944	16776693	-8324752	-10	132
4476	0	746	69	-898	-673	8191	4177726	4201287	6089072	7364043	16776710	-8324880	-67	132
4477	0	746	55	-872	-673	8191	4177736	4201073	6089840	7363631	16776676	-8324624	-20	132
4478	0	746	37	-900	-673	8191	4177746	4201238	6090480	7364448	16776669	-8325008	-35	132
4479	0	746	135	-885	-673	8191	4177756	4201228	6091376	7363841	16776688	-8324752	-20	132
4480	0	746	78	-895	-673	8191	4177766	4201279	6092656	7364424	16776698	-8324752	-29	132
4481	0	746	88	-881	-673	8191	4177776	4203165	6091120	7364533	16776665	-8324752	-38	132
4482	0	746	79	-886	-673	8191	4177786	4203381	6091504	7363929	16776652	-8324752	-24	132
4483	0	746	68	-901	-673	8191	4177796	4203286	6093168	7364162	16776683	-8324880	4	132
4484	0	746	80	-898	-673	8191	4177806	4203466	6092400	7363941	16776664	-8324880	-57	132
4485	0	746	93	-903	-673	8191	4177816	4204578	6094064	7364146	16776693	-8324880	2	132
4486	0	746	54	-854	-673	8191	4177827	4205522	6093168	7364437	16776681	-8324752	-46	132
4487	0	746	79	-877	-673	8191	4177837	4207755	6093168	7364171	16776665	-8324752	10	132
4488	0	912	80	-870	-666	8191	4177847	4207596	6093808	7364122	16776684	-8325008	-49	-2
4489	0	912	98	-923	-666	8191	4177857	4209215	6093808	7364100	16776679	-8324880	-18	-2
4490	0	912	62	-873	-666	8191	4177867	4209459	6094576	7363812	16776669	-8324752	-45	-2
4491	0	912	41	-937	-666	8191	4177877	4209658	6095472	7364082	16776675	-8324880	-9	-2
4492	0	912	87	-883	-666	8191	4177887	4209636	6095728	7363943	16776653	-8324880	-17	-2
4493	0	912	89	-891	-666	8191	4177897	4209710	6096752	7364020	16776709	-8324752	9	-2
4494	0	912	65	-883	-666	8191	4177907	4211745	6095856	7363630	16776690	-8324752	-53	-2
4495	0	912	89	-898	-666	8191	4177917	4211513	6096496	7364355	16776731	-8324752	-5	-2
4496	0	912	63	-876	-666	8191	4177928	4213823	6096368	7364191	16776717	-8324880	-24	-2
4497	0	912	62	-866	-666	8191	4177938	4213791	6095856	7363997	16776680	-8324880	-17	-2
4498	0	912	90	-911	-666	8191	4177948	4213670	6096752	7364014	16776687	-8324752	-14	-2
4499	0	912	69	-883	-666	8191	4177958	4213720	6098416	7364051	16776687	-8325008	-27	-2
4500	0	912	73	-891	-666	8191	4177968	4213635	6098544	7364046	16776688	-8324752	-31	-2
4501	0	912	79	-883	-666	8191	4177978	4215681	6097648	7364243	16776622	-8324880	-29	-2
4502	0	912	72	-866	-666	8191	4177988	4215981	6097136	7363903	16776695	-8325008	-44	-2
4503	0	912	84	-944	-666	8191	4177998	4217920	6098928	7363805	16776699	-8324752	-9	-2
4504	0	912	61	-872	-666	8191	4178008	4217912	6099184	7363908	16776673	-8325008	-23	-2
4505	0	912	68	-925	-666	8191	4178018	4218118	6099568	7364249	16776706	-8325008	-38	-2
4506	0	912	76	-867	-666	8191	4178029	4217890	6099312	7364102	16776684	-8324880	-11	-2
4507	0	912	59	-885	-666	8191	4178039	4219681	6099568	7363967	16776716	-8324752	-60	-2
4508	0	1029	103	-889	-668	8191	4178049	4219823	6100464	7364138	16776709	-8324880	3	-179
4509	0	1029	79	-884	-668	8191	4178059	4221936	6099952	7363624	16776685	-8324880	-30	-179
4510	0	1029	70	-903	-668	8191	4178069	4221882	6099824	7363833	16776674	-8324880	-32	-179
4511	0	1029	58	-855	-668	8191	4178079	4221943	6101872	7363833	16776679	-8324880	-33	-179
4512	0	1029	114	-933	-668	8191	4178089	4223005	6100080	7363847	16776706	-8324880	-39	-179
4513	0	1029	58	-899	-668	8191	4178099	4224016	6102256	7363822	16776691	-8324880	-23	-179
4514	0	1029	59	-925	-668	8191	4178109	4224105	6101360	7364074	16776661	-8324880	-33	-179
4515	0	1029	84	-900	-668	8191	4178119	4224022	6103536	7363830	16776667	-8325008	-25	-179
4516	0	1029	83	-897	-668	8191	4178130	4226049	6102128	7364050	16776669	-8325008	-8	-179
4517	0	1029	56	-920	-668	8191	4178140	4226058	6102128	7363857	16776686	-8324880	-24	-179
4518	0	1029	90	-853	-668	8191	4178150	4226340	6104688	7363918	16776675	-8325008	-7	-179
4519	0	1029	61	-949	-668	8191	4178160	4226380	6103408	7363980	16776685	-8325008	-45	-179
4520	0	1029	87	-896	-668	8191	4178170	4228272	6103920	7363856	16776674	-8325008	-32	-179
4521	0	1029	26	-923	-668	8191	4178180	4230469	6103792	7363718	16776674	-8324880	-33	-179
4522	0	1029	97	-892	-668	8191	4178190	4230212	6104560	7363860	16776705	-8325008	-25	-179
4523	0	1029	80	-924	-668	8191	4178200	4230264	6106096	7364147	16776678	-8324880	-39	-179
4524	0	1029	74	-922	-668	8191	4178210	4230494	6104816	7364040	16776665	-8324880	-26	-179
4525	0	1029	37	-953	-668	8191	4178220	4231275	6106992	7363887	16776712	-8325008	-24	-179
4526	0	1029	69	-913	-668	8191	4178231	4232457	6105328	7363954	16776692	-8324880	-18	-179
4527	0	1029	36	-886	-668	8191	4178241	4232016	6105712	7363852	16776693	-8325008	1	-179
4528	0	1081	78	-878	-672	8191	4178251	4232545	6105072	7363858	16776659	-8324880	-34	-376
4529	0	1081	24	-930	-672	8191	4178261	4234352	6106224	7364271	16776700	-8324752	-26	-376
4530	0	1081	63	-901	-672	8191	4178271	4234582	6107248	7364220	16776649	-8324880	-33	-376
4531	0	1081	45	-919	-672	8191	4178281	4234523	6106480	7363983	16776721	-8325008	-14	-376
4532	0	1081	62	-951	-672	8191	4178291	4236396	6107632	7363877	16776688	-8324880	-35	-376
4533	0	1081	51	-909	-672	8191	4178301	4236526	6107504	7363721	16776707	-8325136	-30	-376
4534	0	1081	54	-902	-672	8191	4178311	4236581	6106992	7363673	16776672	-8324880	-14	-376
4535	0	1081	25	-919	-672	8191	4178321	4236583	6107504	7364224	16776701	-8325008	-7	-376
4536	0	1081	98	-928	-672	8191	4178332	4236473	6109680	7364292	16776678	-8324752	-48	-376
4537	0	1081	43	-913	-672	8191	4178342	4238838	6109680	7363952	16776656	-8325008	-9	-376
4538	0	1081	63	-893	-672	8191	4178352	4238557	6108784	7364127	16776690	-8324752	-33	-376
4539	0	1081	87	-891	-672	8191	4178362	4240558	6109680	7364757	16776705	-8325008	5	-376
4540	0	1081	130	-916	-672	8191	4178372	4240680	6109936	7364593	16776631	-8324880	-37	-376
4541	0	1081	54	-928	-672	8191	4178382	4240471	6109808	7364503	16776655	-8324880	-9	-376
4542	0	1081	53	-928	-672	8191	4178392	4242773	6110192	7363664	16776664	-8324880	-31	-376
4543	0	1081	52	-935	-672	8191	4178402	4242978	6110960	7364268	16776650	-8325008	-11	-376
4544	0	1081	62	-907	-672	8191	4178412	4243116	6111728	7364478	16776681	-8325008	-49	-376
4545	0	1081	55	-933	-672	8191	4178422	4242885	6111600	7363837	16776690	-8324880	13	-376
4546	0	1081	116	-882	-672	8191	4178433	4244840	6111728	7364360	16776671	-8324880	-46	-376
4547	0	1081	82	-905	-672	8191	4178443	4244987	6112112	7363915	16776678	-8325008	14	-376
4548	0	1073	88	-916	-678	8191	4178453	4244950	6112880	7364164	16776705	-8325008	-66	-558
4549	0	1073	69	-930	-678	8191	4178463	4245001	6114032	7363930	16776742	-8324880	3	-558
4550	0	1073	57	-920	-678	8191	4178473	4244774	6113008	7364018	16776717	-8325008	-34	-558
4551	0	1073	86	-938	-678	8191	4178483	4244507	6113008	7363413	16776701	-8325008	-36	-558
4552	0	1073	41	-924	-678	8191	4178493	4246297	6113904	7364172	16776661	-8325008	-16	-558
4553	0	1073	68	-900	-678	8191	4178503	4247063	6112752	7363513	16776657	-8325008	-35	-558
4554	0	1073	76	-909	-678	8191	4178513	4246903	6115568	7364025	16776651	-8324880	-7	-558
4555	0	1073	154	-914	-678	8191	4178523	4248774	6114672	7363981	16776651	-8324880	-21	-558
4556	0	1073	115	-923	-678	8191	4178534	4248890	6115568	7364248	16776666	-8324880	-38	-558
4557	0	1073	88	-928	-678	8191	4178544	4248926	6115568	7364578	16776687	-8325008	18	-558
4558	0	1073	77	-904	-678	8191	4178554	4248934	6117360	7363857	16776658	-8324880	-30	-558
4559	0	1073	78	-936	-678	8191	4178564	4250897	6116336	7363823	16776692	-8324880	0	-558
4560	0	1073	88	-923	-678	8191	4178574	4250961	6117616	7364142	16776666	-8325008	-64	-558
4561	0	1073	77	-906	-678	8191	4178584	4253088	6115824	7363719	16776684	-8325008	-17	-558
4562	0	1073	94	-940	-678	8191	4178594	4252699	6116720	7363783	16776670	-8324752	-37	-558
4563	0	1073	81	-922	-678	8191	4178604	4253679	6117872	7363981	16776696	-8325136	-32	-558
4564	0	1073	92	-958	-678	8191	4178614	4255268	6117488	7364228	16776705	-8324880	-26	-558
4565	0	1073	41	-915	-678	8191	4178624	4255304	6118384	7364006	16776681	-8324880	14	-558
4566	0	1073	116	-912	-678	8191	4178635	4255114	6118128	7363808	16776710	-8325008	-42	-558
4567	0	1073	71	-927	-678	8191	4178645	4257231	6117104	7363805	16776693	-8325008	-7	-558
4568	0	979	68	-906	-678	8191	4178655	4256992	6118640	7363628	16776700	-8325008	-50	-732
4569	0	979	68	-960	-678	8191	4178665	4257151	6118768	7363669	16776710	-8325008	-26	-732
4570	0	979	98	-929	-678	8191	4178675	4257204	6120304	7363787	16776701	-8325008	-34	-732
4571	0	979	65	-950	-678	8191	4178685	4257187	6120304	7363641	16776693	-8325008	-5	-732
4572	0	979	51	-910	-678	8191	4178695	4259216	6121072	7364355	16776679	-8325136	-25	-732
4573	0	979	76	-957	-678	8191	4178705	4259225	6121328	7364102	16776659	-8325136	-17	-732
4574	0	979	98	-937	-678	8191	4178715	4261254	6120688	7364346	16776670	-8325136	-32	-732
4575	0	979	14	-1005	-678	8191	4178725	4261427	6121840	7363988	16776694	-8324880	-9	-732
4576	0	979	88	-915	-678	8191	4178736	4261322	6121712	7363806	16776700	-8325008	-42	-732
4577	0	979	64	-994	-678	8191	4178746	4261433	6121200	7363551	16776700	-8324880	-13	-732
4578	0	979	81	-932	-678	8191	4178756	4263312	6123120	7363837	16776674	-8325008	-42	-732
4579	0	979	76	-967	-678	8191	4178766	4263303	6123248	7363587	16776685	-8325008	7	-732
4580	0	979	82	-943	-678	8191	4178776	4265294	6123632	7363620	16776710	-8325008	-59	-732
4581	0	979	104	-945	-678	8191	4178786	4265414	6122352	7364169	16776686	-8325136	-22	-732
4582	0	979	68	-942	-678	8191	4178796	4265526	6123376	7363611	16776676	-8325136	-58	-732
4583	0	979	57	-909	-678	8191	4178806	4265481	6124912	7363846	16776690	-8325008	10	-732
4584	0	979	98	-947	-678	8191	4178816	4265206	6125168	7363830	16776660	-8325008	-18	-732
4585	0	979	91	-962	-678	8191	4178826	4265634	6123760	7364034	16776677	-8324880	-19	-732
4586	0	979	87	-956	-678	8191	4178837	4265480	6124144	7363865	16776659	-8325008	-41	-732
4587	0	979	88	-966	-678	8191	4178847	4267305	6126064	7364142	16776696	-8324880	7	-732
4588	0	859	90	-923	-682	8191	4178857	4267427	6124784	7363502	16776726	-8325008	-58	-873
4589	0	859	67	-951	-682	8191	4178867	4267555	6126064	7364121	16776712	-8325008	-5	-873
4590	0	859	89	-984	-682	8191	4178877	4269651	6127472	7363827	16776686	-8325008	-54	-873
4591	0	859	67	-936	-682	8191	4178887	4269505	6126320	7363574	16776673	-8325008	3	-873
4592	0	859	76	-959	-682	8191	4178897	4269658	6128496	7363620	16776690	-8325008	-29	-873
4593	0	859	74	-933	-682	8191	4178907	4271542	6127600	7364139	16776658	-8325136	-39	-873
4594	0	859	93	-920	-682	8191	4178917	4271806	6127088	7364440	16776696	-8325008	15	-873
4595	0	859	76	-1017	-682	8191	4178927	4271664	6128240	7364162	16776665	-8325136	-59	-873
4596	0	859	96	-945	-682	8191	4178938	4273929	6127088	7363889	16776681	-8325008	-20	-873
4597	0	859	88	-913	-682	8191	4178948	4273792	6129392	7364303	16776700	-8325136	-45	-873
4598	0	859	78	-954	-682	8191	4178958	4273591	6129648	7363660	16776649	-8325264	1	-873
4599	0	859	93	-954	-682	8191	4178968	4274811	6129264	7364410	16776674	-8325136	-46	-873
4600	0	859	58	-970	-682	8191	4178978	4274674	6130416	7363908	16776699	-8325136	-20	-873
4601	0	859	70	-956	-682	8191	4178988	4275702	6130928	7363566	16776689	-8325008	-24	-873
4602	0	859	129	-933	-682	8191	4178998	4275629	6130544	7364357	16776697	-8325136	-16	-873
4603	0	859	99	-954	-682	8191	4179008	4277972	6130416	7364167	16776700	-8325008	-19	-873
4604	0	859	84	-941	-682	8191	4179018	4277711	6131696	7363709	16776663	-8325136	-20	-873
4605	0	859	36	-937	-682	8191	4179028	4277967	6130800	7364302	16776717	-8325008	-8	-873
4606	0	859	80	-973	-682	8191	4179039	4279830	6131440	7364123	16776659	-8325008	-16	-873
4607	0	859	99	-941	-682	8191	4179049	4280148	6133104	7364217	16776664	-8325136	-30	-873
4608	0	692	109	-989	-680	8191	4179059	4282212	6131568	7363792	16776662	-8324880	-15	-978
4609	0	692	92	-958	-680	8191	4179069	4282213	6131952	7363976	16776684	-8325008	-3	-978
4610	0	692	96	-938	-680	8191	4179079	4281841	6132464	7364030	16776670	-8325008	-34	-978
4611	0	692	80	-954	-680	8191	4179089	4282161	6133104	7363918	16776689	-8325008	-25	-978
4612	0	692	112	-934	-680	8191	4179099	4283074	6133360	7363715	16776707	-8325264	-46	-978
4613	0	692	40	-953	-680	8191	4179109	4284161	6134768	7364144	16776701	-8325136	-10	-978
4614	0	692	34	-926	-680	8191	4179119	4283865	6135280	7364232	16776712	-8325008	-39	-978
4615	0	692	103	-980	-680	8191	4179129	4286050	6133360	7364095	16776715	-8325136	34	-978
4616	0	692	42	-939	-680	8191	4179140	4286093	6134256	7363941	16776734	-8325264	-33	-978
4617	0	692	68	-965	-680	8191	4179150	4285986	6134640	7363858	16776683	-8325136	-22	-978
4618	0	692	53	-970	-680	8191	4179160	4288383	6135408	7363760	16776683	-8325008	-22	-978
4619	0	692	82	-937	-680	8191	4179170	4288162	6136816	7364108	16776700	-8325008	-38	-978
4620	0	692	63	-973	-680	8191	4179180	4290160	6136304	7363965	16776697	-8325136	4	-978
4621	0	692	111	-914	-680	8191	4179190	4290161	6135792	7363509	16776731	-8325136	-28	-978
4622	0	692	44	-946	-680	8191	4179200	4290183	6137328	7364249	16776674	-8325264	2	-978
4623	0	692	73	-933	-680	8191	4179210	4290217	6136560	7364026	16776664	-8325136	-23	-978
4624	0	692	62	-991	-680	8191	4179220	4290840	6136432	7363701	16776708	-8325264	-25	-978
4625	0	692	52	-992	-680	8191	4179230	4292281	6137840	7364071	16776664	-8325136	-23	-978
4626	0	692	97	-925	-680	8191	4179241	4292127	6139376	7363632	16776678	-8325264	-24	-978
4627	0	692	73	-974	-680	8191	4179251	4292739	6138864	7363657	16776695	-8325136	-36	-978
4628	0	692	87	-956	-680	8191	4179261	4294673	6140144	7364043	16776710	-8325008	-29	-1034
4629	0	518	121	-976	-691	8191	4179271	4294415	6140016	7363750	16776676	-8325136	-8	-1034
4630	0	518	74	-948	-691	8191	4179281	4294443	6139632	7364223	16776666	-8325008	-18	-1034
4631	0	518	86	-985	-691	8191	4179291	4296482	6139376	7364284	16776725	-8325008	-31	-1034
4632	0	518	45	-982	-691	8191	4179301	4296519	6140272	7363779	16776659	-8325136	-19	-1034
4633	0	518	80	-954	-691	8191	4179311	4296329	6140656	7363757	16776689	-8325136	-21	-1034
4634	0	518	39	-1011	-691	8191	4179321	4296551	6140912	7363409	16776656	-8325136	-1	-1034
4635	0	518	133	-924	-691	8191	4179331	4296611	6142064	7363987	16776719	-8325136	-30	-1034
4636	0	518	125	-942	-691	8191	4179342	4298555	6141808	7363946	16776689	-8325136	20	-1034
4637	0	518	67	-969	-691	8191	4179352	4298534	6140400	7363644	16776689	-8325136	-56	-1034
4638	0	518	43	-995	-691	8191	4179362	4300635	6142832	7364143	16776687	-8325136	-37	-1034
4639	0	518	49	-954	-691	8191	4179372	4300723	6141552	7363664	16776671	-8325136	-47	-1034
4640	0	518	87	-985	-691	8191	4179382	4302560	6141936	7363802	16776691	-8325136	-35	-1034
4641	0	518	66	-978	-691	8191	4179392	4302236	6142576	7363978	16776689	-8325392	-21	-1034
4642	0	518	60	-950	-691	8191	4179402	4302765	6144112	7363755	16776674	-8325136	-73	-1034
4643	0	518	85	-937	-691	8191	4179412	4302632	6143728	7363757	16776719	-8325264	-78	-1034
4644	0	518	63	-980	-691	8191	4179422	4302617	6143984	7364104	16776694	-8325136	-65	-1034
4645	0	518	107	-983	-691	8191	4179432	4304749	6145392	7364441	16776747	-8325136	-102	-1034
4646	0	518	83	-988	-691	8191	4179443	4304712	6144880	7364194	16776696	-8325136	-48	-1034
4647	0	518	71	-983	-691	8191	4179453	4304854	6145904	7363851	16776706	-8325136	-41	-1034
4648	0	518	108	-957	-691	8191	4179463	4306991	6145520	7364000	16776707	-8325136	-24	-1034
4649	0	327	60	-947	-676	8191	4179473	4307544	6147184	7364177	16776664	-8325136	-44	-1002
4650	0	327	93	-972	-676	8191	4179483	4308801	6145648	7363670	16776709	-8325008	-13	-1002
4651	0	327	111	-966	-676	8191	4179493	4308554	6145264	7364607	16776701	-8325264	-11	-1002
4652	0	327	78	-1030	-676	8191	4179503	4310386	6148592	7363746	16776699	-8325008	-1	-1002
4653	0	327	90	-978	-676	8191	4179513	4310964	6146288	7364248	16776663	-8325136	-28	-1002
4654	0	327	76	-987	-676	8191	4179523	4311138	6147568	7364254	16776672	-8325136	-6	-1002
4655	0	327	30	-959	-676	8191	4179533	4313251	6147440	7364285	16776638	-8325264	25	-1002
4656	0	327	85	-971	-676	8191	4179544	4313109	6149360	7364355	16776709	-8325136	-3	-1002
4657	0	327	65	-964	-676	8191	4179554	4312891	6147568	7364361	16776692	-8325136	13	-1002
4658	0	327	23	-995	-676	8191	4179564	4315071	6150640	7364117	16776680	-8325008	-1	-1002
4659	0	327	38	-1003	-676	8191	4179574	4315204	6148976	7363814	16776743	-8325008	4	-1002
4660	0	327	68	-933	-676	8191	4179584	4315212	6150768	7363968	16776689	-8325264	22	-1002
4661	0	327	103	-988	-676	8191	4179594	4316343	6149616	7364075	16776732	-8325264	-4	-1002
4662	0	327	18	-938	-676	8191	4179604	4316841	6148464	7363902	16776676	-8325264	-14	-1002
4663	0	327	58	-985	-676	8191	4179614	4317222	6150000	7363869	16776712	-8325136	-19	-1002
4664	0	327	91	-1013	-676	8191	4179624	4317119	6151280	7363950	16776706	-8325136	-44	-1002
4665	0	327	94	-953	-676	8191	4179634	4317116	6152176	7363586	16776648	-8325264	-25	-1002
4666	0	327	79	-993	-676	8191	4179645	4319145	6151152	7364258	16776661	-8325136	-57	-1002
4667	0	327	41	-979	-676	8191	4179655	4319153	6151024	7364133	16776644	-8325136	-46	-1002
4668	0	327	102	-994	-676	8191	4179665	4321230	6151920	7363755	16776692	-8325264	-57	-1002
4669	0	147	48	-971	-671	8191	4179675	4317261	6152048	7363897	16776770	-8325264	-40	-925
4670	0	147	91	-958	-671	8191	4179685	4321235	6152304	7364249	16776679	-8325136	-42	-925
4671	0	147	64	-997	-671	8191	4179695	4321486	6153200	7363585	16776719	-8325264	-40	-925
4672	0	147	82	-982	-671	8191	4179705	4321341	6153712	7363573	16776689	-8325136	-41	-925
4673	0	147	117	-957	-671	8191	4179715	4321177	6154352	7363741	16776745	-8325392	-72	-925
4674	0	147	64	-985	-671	8191	4179725	4322233	6153200	7363813	16776684	-8325264	-62	-925
4675	0	147	130	-998	-671	8191	4179735	4323322	6155888	7364022	16776718	-8325392	-49	-925
4676	0	147	87	-956	-671	8191	4179746	4323441	6155888	7364209	16776700	-8325392	-55	-925
4677	0	147	39	-1000	-671	8191	4179756	4325312	6154608	7363809	16776679	-8325264	-21	-925
4678	0	147	41	-993	-671	8191	4179766	4325387	6154736	7363694	16776674	-8325136	-58	-925
4679	0	147	98	-988	-671	8191	4179776	4325408	6155632	7363959	16776657	-8325264	-23	-925
4680	0	147	15	-989	-671	8191	4179786	4325557	6156016	7363648	16776684	-8325136	-11	-925
4681	0	147	95	-962	-671	8191	4179796	4325550	6156400	7363659	16776677	-8325264	-39	-925
4682	0	147	65	-982	-671	8191	4179806	4329226	6157296	7364350	16776670	-8325136	-13	-925
4683	0	147	67	-1018	-671	8191	4179816	4329559	6156784	7363987	16776669	-8325136	-42	-925
4684	0	147	50	-994	-671	8191	4179826	4329604	6157296	7364205	16776674	-8325136	2	-925
4685	0	147	3	-985	-671	8191	4179836	4329805	6158192	7364251	16776686	-8325264	-3	-925
4686	0	147	85	-1036	-671	8191	4179847	4329633	6158704	7364583	16776692	-8325264	8	-925
4687	0	147	85	-989	-671	8191	4179857	4329654	6158448	7363767	16776683	-8325136	-20	-925
4688	0	147	76	-985	-671	8191	4179867	4329905	6161392	7364119	16776713	-8325264	-8	-925
4689	0	-17	82	-996	-675	8191	4179877	4330885	6159344	7364071	16776705	-8325264	-3	-788
4690	0	-17	67	-969	-675	8191	4179887	4331552	6159728	7363764	16776689	-8325264	-5	-788
4691	0	-17	84	-981	-675	8191	4179897	4331565	6159728	7363749	16776674	-8325392	0	-788
4692	0	-17	73	-1004	-675	8191	4179907	4331459	6159856	7363534	16776676	-8325264	-35	-788
4693	0	-17	67	-1008	-675	8191	4179917	4333646	6160624	7364000	16776646	-8325264	-21	-788
4694	0	-17	71	-1007	-675	8191	4179927	4333922	6161392	7364072	16776711	-8325136	-8	-788
4695	0	-17	48	-984	-675	8191	4179937	4333662	6160752	7363885	16776688	-8325136	-39	-788
4696	0	-17	73	-974	-675	8191	4179948	4335740	6162160	7364164	16776701	-8325392	3	-788
4697	0	-17	53	-1005	-675	8191	4179958	4337167	6161264	7363911	16776702	-8325136	-37	-788
4698	0	-17	73	-1007	-675	8191	4179968	4337271	6162032	7364132	16776671	-8325264	-6	-788
4699	0	-17	76	-1020	-675	8191	4179978	4337329	6163184	7363742	16776698	-8325392	-38	-788
4700	0	-17	59	-975	-675	8191	4179988	4337029	6163568	7363525	16776665	-8325136	-14	-788
4701	0	-17	56	-970	-675	8191	4179998	4337280	6162032	7363805	16776679	-8325264	-13	-788
4702	0	-17	82	-996	-675	8191	4180008	4340609	6163440	7363373	16776695	-8325264	-14	-788
4703	0	-17	49	-1033	-675	8191	4180018	4342491	6164464	7363505	16776661	-8325264	-23	-788
4704	0	-17	30	-969	-675	8191	4180028	4342653	6163568	7363579	16776696	-8325136	-51	-788
4705	0	-17	77	-1048	-675	8191	4180038	4344490	6165360	7363703	16776657	-8325136	-37	-788
4706	0	-17	48	-988	-675	8191	4180049	4344517	6164720	7363380	16776686	-8325392	-24	-788
4707	0	-17	79	-1022	-675	8191	4180059	4344133	6166128	7363505	16776712	-8325264	-1	-788
4708	0	-17	105	-975	-675	8191	4180069	4346526	6165616	7363691	16776668	-8325392	-15	-788
4709	0	-98	78	-1010	-668	8191	4180079	4346628	6165360	7364141	16776655	-8325264	-14	-606
4710	0	-98	36	-1014	-668	8191	4180089	4346639	6167024	7363742	16776658	-8325136	-11	-606
4711	0	-98	49	-967	-668	8191	4180099	4346273	6166896	7363535	16776664	-8325392	-12	-606
4712	0	-98	65	-1043	-668	8191	4180109	4347693	6166768	7363615	16776696	-8325136	-12	-606
4713	0	-98	94	-988	-668	8191	4180119	4348467	6167280	7363678	16776708	-8325136	-4	-606
4714	0	-98	107	-971	-668	8191	4180129	4349858	6168560	7363391	16776708	-8325136	-10	-606
4715	0	-98	69	-1013	-668	8191	4180139	4350310	6168560	7363609	16776680	-8325264	3	-606
4716	0	-98	78	-1019	-668	8191	4180150	4350481	6167664	7364208	16776652	-8325136	-20	-606
4717	0	-98	87	-971	-668	8191	4180160	4350434	6167920	7364139	16776677	-8325264	-13	-606
4718	0	-98	77	-1004	-668	8191	4180170	4355087	6169200	7364314	16776710	-8325392	-14	-606
4719	0	-98	73	-964	-668	8191	4180180	4357013	6169456	7363879	16776705	-8325392	5	-606
4720	0	-98	65	-971	-668	8191	4180190	4356928	6169456	7363931	16776683	-8325264	-32	-606
4721	0	-98	75	-980	-668	8191	4180200	4359075	6169456	7363697	16776675	-8325136	-4	-606
4722	0	-98	53	-1028	-668	8191	4180210	4357124	6170864	7363704	16776684	-8325264	-3	-606
4723	0	-98	82	-992	-668	8191	4180220	4359312	6170096	7364048	16776680	-8325264	-44	-606
4724	0	-98	76	-1010	-668	8191	4180230	4358580	6171120	7363824	16776687	-8325264	-18	-606
4725	0	-98	113	-1041	-668	8191	4180240	4354990	6171248	7364185	16776648	-8325264	-42	-606
4726	0	-98	92	-999	-668	8191	4180251	4358385	6172528	7363136	16776687	-8325264	-107	-606
4727	0	-98	56	-998	-668	8191	4180261	4357181	6172144	7364001	16776659	-8325392	-23	-606
4728	0	-98	63	-1020	-668	8191	4180271	4356587	6172400	7363762	16776676	-8325264	-35	-606
4729	0	-118	68	-1039	-667	8191	4180281	4357573	6172528	7364043	16776692	-8325392	-42	-436
4730	0	-118	61	-1015	-667	8191	4180291	4359494	6173552	7364320	16776702	-8325264	-93	-436
4731	0	-118	44	-992	-667	8191	4180301	4361812	6174704	7364142	16776655	-8325392	-57	-436
4732	0	-118	64	-984	-667	8191	4180311	4361630	6174448	7363427	16776747	-8325392	-56	-436
4733	0	-118	52	-1021	-667	8191	4180321	4363579	6174192	7364588	16776680	-8325136	-11	-436
4734	0	-118	55	-1028	-667	8191	4180331	4363622	6175344	7363789	16776699	-8325264	-48	-436
4735	0	-118	84	-991	-667	8191	4180341	4363755	6174960	7363670	16776676	-8325392	-12	-436
4736	0	-118	63	-1004	-667	8191	4180352	4365684	6175216	7363766	16776697	-8325264	-9	-436
4737	0	-118	62	-1023	-667	8191	4180362	4365585	6176112	7364106	16776730	-8325520	1	-436
4738	0	-118	125	-971	-667	8191	4180372	4365709	6176880	7364408	16776674	-8325392	8	-436
4739	0	-118	32	-1031	-667	8191	4180382	4366628	6175728	7363782	16776674	-8325264	-13	-436
4740	0	-118	104	-984	-667	8191	4180392	4367819	6177136	7364198	16776711	-8325392	7	-436
4741	0	-118	44	-1036	-667	8191	4180402	4367945	6177904	7363950	16776688	-8325264	4	-436
4742	0	-118	75	-1041	-667	8191	4180412	4370105	6178544	7363924	16776665	-8325392	-13	-436
4743	0	-118	59	-969	-667	8191	4180422	4369876	6176880	7363885	16776715	-8325264	6	-436
4744	0	-118	98	-1044	-667	8191	4180432	4371765	6177904	7363611	16776668	-8325392	20	-436
4745	0	-118	71	-1000	-667	8191	4180442	4371725	6178544	7363958	16776682	-8325392	-19	-436
4746	0	-118	20	-1078	-667	8191	4180453	4369966	6178032	7364308	16776704	-8325392	21	-436
4747	0	-118	55	-1011	-667	8191	4180463	4371964	6178544	7363742	16776670	-8325392	-6	-436
4748	0	-118	101	-980	-667	8191	4180473	4371967	6180336	7363755	16776658	-8325264	29	-436
4749	0	-83	49	-1025	-655	8191	4180483	4371865	6180336	7364156	16776625	-8325392	5	-223
4750	0	-83	64	-1011	-655	8191	4180493	4375746	6180464	7363874	16776696	-8325264	10	-223
4751	0	-83	120	-1057	-655	8191	4180503	4374204	6179952	7364089	16776659	-8325392	-35	-223
4752	0	-83	77	-1016	-655	8191	4180513	4377558	6180848	7363734	16776683	-8325264	-26	-223
4753	0	-83	52	-1009	-655	8191	4180523	4377962	6181488	7363648	16776691	-8325264	-18	-223
4754	0	-83	76	-1044	-655	8191	4180533	4378263	6180592	7364103	16776766	-8325520	-64	-223
4755	0	-83	84	-969	-655	8191	4180543	4378036	6182512	7363885	16776701	-8325392	-67	-223
4756	0	-83	58	-1060	-655	8191	4180554	4380360	6181616	7363607	16776687	-8325264	-63	-223
4757	0	-83	75	-1015	-655	8191	4180564	4382496	6181488	7363911	16776660	-8325392	-57	-223
4758	0	-83	59	-1006	-655	8191	4180574	4382306	6182640	7363993	16776656	-8325264	-76	-223
4759	0	-83	84	-1089	-655	8191	4180584	4384378	6183664	7364191	16776695	-8325520	-48	-223
4760	0	-83	81	-980	-655	8191	4180594	4384438	6183408	7364231	16776701	-8325520	-58	-223
4761	0	-83	59	-1050	-655	8191	4180604	4382029	6184176	7364537	16776676	-8325392	-40	-223
4762	0	-83	78	-1030	-655	8191	4180614	4382460	6185456	7364186	16776691	-8325392	-35	-223
4763	0	-83	77	-1092	-655	8191	4180624	4383018	6185072	7363779	16776655	-8325392	-52	-223
4764	0	-83	87	-1056	-655	8191	4180634	4386726	6184944	7363949	16776665	-8325392	-77	-223
4765	0	-83	66	-1109	-655	8191	4180644	4387171	6184560	7363810	16776671	-8325392	-66	-223
4766	0	-83	115	-1052	-655	8191	4180655	4386324	6186480	7364007	16776719	-8325392	-62	-223
4767	0	-83	105	-993	-655	8191	4180665	4388862	6185968	7364128	16776706	-8325392	-14	-223
4768	0	-83	62	-1047	-655	8191	4180675	4388544	6187248	7364049	16776706	-8325264	23	-223
4769	0	15	57	-1005	-660	8191	4180685	4389129	6187376	7364170	16776682	-8325392	59	-84
4770	0	15	88	-1044	-660	8191	4180695	4390720	6186480	7363821	16776691	-8325520	32	-84
4771	0	15	65	-1029	-660	8191	4180705	4392781	6187376	7364164	16776674	-8325520	30	-84
4772	0	15	82	-1035	-660	8191	4180715	4392824	6188144	7364024	16776710	-8325520	-23	-84
4773	0	15	86	-1004	-660	8191	4180725	4390766	6188528	7363773	16776648	-8325392	18	-84
4774	0	15	82	-1090	-660	8191	4180735	4392662	6189296	7364699	16776702	-8325520	-19	-84
4775	0	15	68	-1071	-660	8191	4180745	4391785	6189808	7363738	16776688	-8325520	15	-84
4776	0	15	56	-1056	-660	8191	4180756	4393123	6187888	7363868	16776657	-8325392	-1	-84
4777	0	15	82	-1018	-660	8191	4180766	4393413	6189552	7363576	16776672	-8325392	2	-84
4778	0	15	75	-1079	-660	8191	4180776	4394196	6191728	7363712	16776707	-8325392	-3	-84
4779	0	15	58	-1013	-660	8191	4180786	4397038	6190960	7364085	16776662	-8325392	-5	-84
4780	0	15	66	-1087	-660	8191	4180796	4396991	6190192	7363931	16776683	-8325392	-18	-84
4781	0	15	98	-1066	-660	8191	4180806	4397213	6190832	7363818	16776683	-8325520	-7	-84
4782	0	15	75	-1030	-660	8191	4180816	4397013	6190576	7363759	16776712	-8325392	-63	-84
4783	0	15	63	-1023	-660	8191	4180826	4397049	6191856	7363839	16776672	-8325392	-18	-84
4784	0	15	105	-1083	-660	8191	4180836	4399199	6190448	7364033	16776688	-8325392	-53	-84
4785	0	15	51	-1032	-660	8191	4180846	4399536	6193776	7364312	16776699	-8325520	-52	-84
4786	0	15	53	-1017	-660	8191	4180857	4403008	6191728	7363707	16776685	-8325392	-36	-84
4787	0	15	57	-1053	-660	8191	4180867	4405398	6192240	7363761	16776655	-8325392	-62	-84
4788	0	15	107	-1019	-660	8191	4180877	4405350	6192624	7363969	16776717	-8325264	-46	-84
4789	0	15	87	-1022	-660	8191	4180887	4402201	6192880	7363666	16776669	-8325392	-15	-84
4790	0	199	61	-1050	-673	8191	4180897	4404717	6194032	7364410	16776707	-8325392	-49	68
4791	0	199	80	-1109	-673	8191	4180907	4405588	6195312	7363532	16776700	-8325392	-45	68
4792	0	199	111	-1084	-673	8191	4180917	4405321	6194544	7363911	16776676	-8325520	-48	68
4793	0	199	70	-1086	-673	8191	4180927	4405548	6194672	7363895	16776689	-8325520	-31	68
4794	0	199	58	-1067	-673	8191	4180937	4405406	6195696	7363412	16776664	-8325520	-9	68
4795	0	199	58	-1070	-673	8191	4180947	4405472	6195312	7363659	16776690	-8325264	-19	68
4796	0	199	60	-1036	-673	8191	4180958	4409435	6195696	7363735	16776684	-8325392	-40	68
4797	0	199	87	-1071	-673	8191	4180968	4409616	6196720	7364052	16776676	-8325648	-15	68
4798	0	199	90	-1070	-673	8191	4180978	4411605	6196848	7364797	16776674	-8325264	-25	68
4799	0	199	77	-1039	-673	8191	4180988	4413771	6197744	7364064	16776706	-8325520	-24	68
4800	0	199	51	-1096	-673	8191	4180998	4411474	6197488	7364056	16776670	-8325520	-14	68
4801	0	199	63	-1011	-673	8191	4181008	4411985	6198000	7364269	16776695	-8325392	-9	68
4802	0	199	59	-1091	-673	8191	4181018	4411728	6198256	7364084	16776664	-8325648	6	68
4803	0	199	43	-1048	-673	8191	4181028	4412122	6198896	7364040	16776718	-8325392	-17	68
4804	0	199	94	-1055	-673	8191	4181038	4411542	6199280	7364057	16776677	-8325392	4	68
4805	0	199	37	-1033	-673	8191	4181048	4413814	6199792	7364253	16776710	-8325392	-25	68
4806	0	199	56	-1079	-673	8191	4181059	4413982	6199920	7364027	16776684	-8325648	12	68
4807	0	199	67	-1025	-673	8191	4181069	4413858	6199792	7364241	16776670	-8325392	16	68
4808	0	199	110	-1047	-673	8191	4181079	4412205	6200048	7364318	16776715	-8325264	-1	68
4809	0	199	88	-1031	-673	8191	4181089	4410191	6201328	7364544	16776666	-8325392	11	68
4810	0	347	61	-1063	-683	8191	4181099	4412059	6201584	7364289	16776688	-8325520	-40	141
4811	0	347	67	-1033	-683	8191	4181109	4411851	6202224	7364069	16776675	-8325392	10	141
4812	0	347	65	-1087	-683	8191	4181119	4415427	6202736	7364394	16776677	-8325392	9	141
4813	0	347	105	-1059	-683	8191	4181129	4413197	6202480	7364274	16776675	-8325392	-44	141
4814	0	347	44	-1086	-683	8191	4181139	4411807	6202992	7364491	16776655	-8325520	-17	141
4815	0	347	98	-1032	-683	8191	4181149	4413561	6203632	7363974	16776694	-8325648	-41	141
4816	0	347	98	-1080	-683	8191	4181160	4414120	6202608	7364228	16776667	-8325392	-52	141
4817	0	347	64	-1065	-683	8191	4181170	4415764	6202224	7363991	16776655	-8325392	-40	141
4818	0	347	76	-1070	-683	8191	4181180	4416546	6203632	7364241	16776724	-8325648	-83	141
4819	0	347	54	-1026	-683	8191	4181190	4417967	6203888	7363912	16776651	-8325520	-51	141
4820	0	347	58	-1071	-683	8191	4181200	4416233	6204912	7364333	16776669	-8325264	-41	141
4821	0	347	86	-1006	-683	8191	4181210	4418406	6205296	7364206	16776718	-8325520	-49	141
4822	0	347	103	-1086	-683	8191	4181220	4420109	6206192	7364440	16776681	-8325392	-68	141
4823	0	347	44	-1007	-683	8191	4181230	4418133	6205168	7363948	16776678	-8325520	-31	141
4824	0	347	73	-1055	-683	8191	4181240	4418484	6206192	7363936	16776706	-8325520	-17	141
4825	0	347	103	-1034	-683	8191	4181250	4418874	6206064	7363979	16776699	-8325520	-22	141
4826	0	347	69	-1074	-683	8191	4181261	4422355	6205424	7363984	16776700	-8325520	-6	141
4827	0	347	66	-1082	-683	8191	4181271	4422979	6206960	7364029	16776697	-8325392	-21	141
4828	0	347	66	-1027	-683	8191	4181281	4422368	6207088	7364197	16776699	-8325648	-19	141
4829	0	347	64	-1027	-683	8191	4181291	4422594	6208112	7364438	16776696	-8325520	-31	141
4830	0	524	76	-1105	-685	8191	4181301	4424378	6208240	7364366	16776683	-8325520	-30	142
4831	0	524	78	-1030	-685	8191	4181311	4424860	6208752	7364222	16776704	-8325520	-91	142
4832	0	524	79	-1075	-685	8191	4181321	4424825	6208112	7364005	16776659	-8325648	17	142
4833	0	524	86	-1025	-685	8191	4181331	4424691	6209264	7364346	16776671	-8325392	-52	142
4834	0	524	77	-1124	-685	8191	4181341	4426775	6209264	7364254	16776716	-8325392	-11	142
4835	0	524	49	-1058	-685	8191	4181351	4426691	6209648	7364140	16776636	-8325520	-29	142
4836	0	524	26	-977	-685	8191	4181362	4426728	6210288	7364389	16776669	-8325520	-20	142
4837	0	524	68	-1078	-685	8191	4181372	4428691	6210928	7364354	16776664	-8325392	12	142
4838	0	524	93	-1043	-685	8191	4181382	4429449	6210160	7363832	16776680	-8325648	-42	142
4839	0	524	33	-1046	-685	8191	4181392	4429592	6212720	7364343	16776678	-8325648	-4	142
4840	0	524	33	-1081	-685	8191	4181402	4430111	6212464	7364003	16776675	-8325392	-39	142
4841	0	524	67	-1050	-685	8191	4181412	4431007	6212464	7364111	16776674	-8325648	1	142
4842	0	524	65	-1031	-685	8191	4181422	4430637	6212592	7364502	16776694	-8325648	-39	142
4843	0	524	81	-1085	-685	8191	4181432	4430846	6212336	7364443	16776700	-8325648	-2	142
4844	0	524	87	-1026	-685	8191	4181442	4430803	6214512	7364506	16776704	-8325648	-37	142
4845	0	524	71	-1090	-685	8191	4181452	4433208	6214256	7364400	16776654	-8325392	-21	142
4846	0	524	75	-1018	-685	8191	4181463	4435026	6214128	7364293	16776678	-8325520	-33	142
4847	0	524	75	-1082	-685	8191	4181473	4433259	6214768	7363868	16776702	-8325520	-63	142
4848	0	524	71	-1017	-685	8191	4181483	4433118	6215024	7364417	16776707	-8325520	-41	142
4849	0	524	59	-1032	-685	8191	4181493	4434915	6215408	7364133	16776703	-8325520	-59	142
4850	0	727	120	-1077	-686	8191	4181503	4435161	6215792	7364333	16776675	-8325648	-47	77
4851	0	727	48	-1045	-686	8191	4181513	4439145	6216432	7364057	16776704	-8325520	-46	77
4852	0	727	49	-1076	-686	8191	4181523	4437162	6215792	7364143	16776734	-8325520	-71	77
4853	0	727	69	-1059	-686	8191	4181533	4439172	6216816	7363701	16776675	-8325648	-47	77
4854	0	727	50	-1062	-686	8191	4181543	4439197	6216560	7364198	16776727	-8325648	-54	77
4855	0	727	51	-1084	-686	8191	4181553	4439283	6217584	7364020	16776689	-8325648	-47	77
4856	0	727	91	-1017	-686	8191	4181564	4439505	6216944	7364199	16776698	-8325648	-41	77
4857	0	727	96	-1073	-686	8191	4181574	4438933	6218608	7364276	16776662	-8325520	-33	77
4858	0	727	47	-1087	-686	8191	4181584	4441255	6218352	7364622	16776702	-8325648	-22	77
4859	0	727	60	-1037	-686	8191	4181594	4439211	6218736	7364613	16776672	-8325648	-57	77
4860	0	727	76	-1034	-686	8191	4181604	4439421	6219632	7364222	16776672	-8325648	15	77
4861	0	727	77	-1078	-686	8191	4181614	4441273	6218608	7363748	16776674	-8325776	9	77
4862	0	727	88	-1063	-686	8191	4181624	4445320	6219760	7364408	16776638	-8325776	9	77
4863	0	727	118	-1073	-686	8191	4181634	4443740	6220528	7363578	16776674	-8325392	-31	77
4864	0	727	49	-1054	-686	8191	4181644	4445564	6220272	7364513	16776683	-8325520	22	77
4865	0	727	81	-1086	-686	8191	4181654	4443160	6221040	7363194	16776695	-8325648	2	77
4866	0	727	84	-1072	-686	8191	4181665	4443736	6220400	7363722	16776707	-8325648	-7	77
4867	0	727	56	-1084	-686	8191	4181675	4445303	6220656	7364482	16776699	-8325520	6	77
4868	0	727	67	-1042	-686	8191	4181685	4445559	6220912	7363859	16776710	-8325648	-7	77
4869	0	727	90	-1039	-686	8191	4181695	4443229	6222192	7363861	16776685	-8325648	-11	77
4870	0	880	86	-1055	-690	8191	4181705	4447249	6222704	7363926	16776686	-8325648	-3	-67
4871	0	880	116	-1032	-690	8191	4181715	4449671	6223088	7363475	16776713	-8325392	-84	-67
4872	0	880	49	-1065	-690	8191	4181725	4449508	6224240	7363683	16776691	-8325648	-23	-67
4873	0	880	89	-1059	-690	8191	4181735	4451480	6224368	7364003	16776692	-8325648	-36	-67
4874	0	880	101	-1134	-690	8191	4181745	4451687	6224752	7363773	16776706	-8325648	-40	-67
4875	0	880	59	-1054	-690	8191	4181755	4453556	6224752	7363664	16776699	-8325776	-32	-67
4876	0	880	66	-1085	-690	8191	4181766	4454208	6225648	7363413	16776672	-8325520	-61	-67
4877	0	880	54	-1078	-690	8191	4181776	4456320	6226032	7364147	16776652	-8325520	-45	-67
4878	0	880	101	-1018	-690	8191	4181786	4456722	6224112	7363846	16776681	-8325648	-40	-67
4879	0	880	102	-1093	-690	8191	4181796	4456469	6226800	7363824	16776672	-8325776	-44	-67
4880	0	880	110	-1069	-690	8191	4181806	4458191	6226672	7364165	16776672	-8325520	-15	-67
4881	0	880	38	-1055	-690	8191	4181816	4459784	6226160	7363894	16776658	-8325520	-30	-67
4882	0	880	86	-1107	-690	8191	4181826	4455740	6226928	7363837	16776692	-8325648	-27	-67
4883	0	880	68	-1119	-690	8191	4181836	4457772	6227824	7363852	16776725	-8325648	-44	-67
4884	0	880	81	-1111	-690	8191	4181846	4460077	6226416	7363841	16776675	-8325648	8	-67
4885	0	880	73	-1051	-690	8191	4181856	4460241	6228336	7363813	16776705	-8325648	32	-67
4886	0	880	97	-1039	-690	8191	4181867	4462157	6228336	7363696	16776681	-8325648	-20	-67
4887	0	880	77	-1100	-690	8191	4181877	4462406	6228592	7363684	16776696	-8325776	-14	-67
4888	0	880	95	-1068	-690	8191	4181887	4462579	6229744	7363668	16776656	-8325648	-30	-67
4889	0	880	75	-1036	-690	8191	4181897	4463525	6229488	7363950	16776694	-8325648	-13	-67
4890	0	963	86	-1102	-713	8191	4181907	4461803	6228720	7363422	16776680	-8325776	-6	-160
4891	0	963	72	-1030	-713	8191	4181917	4461106	6229232	7364019	16776677	-8325776	-27	-160
4892	0	963	66	-1053	-713	8191	4181927	4464431	6231280	7363633	16776637	-8325904	35	-160
4893	0	963	97	-1096	-713	8191	4181937	4464064	6229360	7363495	16776689	-8325648	-27	-160
4894	0	963	82	-1055	-713	8191	4181947	4466741	6230896	7363722	16776670	-8325520	-61	-160
4895	0	963	65	-1096	-713	8191	4181957	4466262	6231152	7363972	16776656	-8325648	-33	-160
4896	0	963	82	-1048	-713	8191	4181968	4468528	6232048	7364154	16776664	-8325648	-39	-160
4897	0	963	74	-1106	-713	8191	4181978	4466554	6232432	7363924	16776645	-8325520	-39	-160
4898	0	963	65	-1139	-713	8191	4181988	4466350	6231920	7363513	16776688	-8325776	-45	-160
4899	0	963	68	-1104	-713	8191	4181998	4470548	6233072	7363954	16776667	-8325776	-73	-160
4900	0	963	93	-1110	-713	8191	4182008	4470720	6232944	7363809	16776689	-8325648	-46	-160
4901	0	963	92	-1079	-713	8191	4182018	4470507	6233328	7363763	16776668	-8325776	-50	-160
4902	0	963	107	-1102	-713	8191	4182028	4470652	6234992	7364161	16776654	-8325648	-33	-160
4903	0	963	86	-1060	-713	8191	4182038	4471508	6234736	7363973	16776675	-8325648	-37	-160
4904	0	963	99	-1033	-713	8191	4182048	4472474	6234480	7363777	16776644	-8325776	6	-160
4905	0	963	92	-1046	-713	8191	4182058	4471485	6236400	7363736	16776718	-8325648	-15	-160
4906	0	963	82	-1078	-713	8191	4182069	4472574	6236144	7364148	16776709	-8325776	-30	-160
4907	0	963	59	-1074	-713	8191	4182079	4474570	6236784	7363830	16776667	-8325648	-25	-160
4908	0	963	77	-1124	-713	8191	4182089	4474505	6237424	7363631	16776708	-8325776	-41	-160
4909	0	963	97	-1101	-713	8191	4182099	4472966	6236784	7363381	16776698	-8325648	1	-160
4910	0	1003	87	-1103	-712	8191	4182109	4474808	6236912	7364079	16776723	-8325648	-28	-362
4911	0	1003	80	-1081	-712	8191	4182119	4474820	6236912	7364013	16776681	-8325776	-3	-362
4912	0	1003	106	-1035	-712	8191	4182129	4476975	6238192	7364117	16776689	-8325648	6	-362
4913	0	1003	89	-1077	-712	8191	4182139	4477106	6238576	7364264	16776704	-8325776	-11	-362
4914	0	1003	97	-1101	-712	8191	4182149	4477075	6238704	7363638	16776707	-8325776	-6	-362
4915	0	1003	103	-1101	-712	8191	4182159	4479321	6238832	7363798	16776676	-8325776	-26	-362
4916	0	1003	106	-1078	-712	8191	4182170	4479137	6238448	7363767	16776687	-8325520	-38	-362
4917	0	1003	56	-1106	-712	8191	4182180	4478807	6239856	7363709	16776716	-8325648	-29	-362
4918	0	1003	89	-1078	-712	8191	4182190	4479250	6239856	7364164	16776694	-8325648	15	-362
4919	0	1003	88	-1118	-712	8191	4182200	4480516	6240368	7363920	16776694	-8325776	-32	-362
4920	0	1003	58	-1084	-712	8191	4182210	4479036	6241136	7364279	16776684	-8326032	-17	-362
4921	0	1003	73	-1094	-712	8191	4182220	4479074	6241264	7364146	16776649	-8325904	-36	-362
4922	0	1003	83	-1083	-712	8191	4182230	4481210	6241904	7364325	16776693	-8325648	-62	-362
4923	0	1003	63	-1156	-712	8191	4182240	4483198	6241392	7364033	16776681	-8325776	-41	-362
4924	0	1003	92	-1039	-712	8191	4182250	4483255	6241520	7363745	16776651	-8325776	-13	-362
4925	0	1003	82	-1053	-712	8191	4182260	4483298	6241520	7363796	16776678	-8325648	-79	-362
4926	0	1003	51	-1105	-712	8191	4182271	4484837	6242544	7363570	16776660	-8325776	-42	-362
4927	0	1003	112	-1085	-712	8191	4182281	4483236	6243312	7363727	16776682	-8325648	-51	-362
4928	0	1003	46	-1120	-712	8191	4182291	4485586	6243184	7363577	16776685	-8325904	-8	-362
4929	0	1003	75	-1047	-712	8191	4182301	4486123	6243056	7363795	16776677	-8325776	-65	-362
4930	0	1003	44	-1116	-712	8191	4182311	4487486	6243952	7364077	16776677	-8325648	-13	-362
4931	0	993	69	-1051	-723	8191	4182321	4487469	6244208	7363936	16776682	-8325776	-38	-573
4932	0	993	96	-1111	-723	8191	4182331	4487354	6244720	7363775	16776630	-8325520	-23	-573
4933	0	993	97	-1151	-723	8191	4182341	4487613	6244592	7364121	16776680	-8325648	-23	-573
4934	0	993	64	-1050	-723	8191	4182351	4489562	6245360	7363569	16776694	-8325648	-20	-573
4935	0	993	70	-1169	-723	8191	4182361	4491664	6245872	7363551	16776645	-8325776	-18	-573
4936	0	993	92	-1083	-723	8191	4182372	4491776	6248688	7364051	16776712	-8325648	-23	-573
4937	0	993	105	-1111	-723	8191	4182382	4491737	6246640	7364307	16776709	-8325776	-30	-573
4938	0	993	44	-1144	-723	8191	4182392	4493925	6247664	7364326	16776706	-8326032	-41	-573
4939	0	993	66	-1100	-723	8191	4182402	4493655	6248176	7364438	16776694	-8325776	20	-573
4940	0	993	78	-1062	-723	8191	4182412	4493843	6247408	7363652	16776695	-8325776	-11	-573
4941	0	993	76	-1105	-723	8191	4182422	4493847	6248816	7363761	16776658	-8325904	-20	-573
4942	0	993	127	-1099	-723	8191	4182432	4493932	6248560	7363594	16776672	-8325776	-18	-573
4943	0	993	89	-1089	-723	8191	4182442	4496128	6249200	7363868	16776726	-8325648	9	-573
4944	0	993	17	-1101	-723	8191	4182452	4497587	6250224	7364210	16776628	-8325776	-74	-573
4945	0	993	82	-1154	-723	8191	4182462	4500196	6249968	7364119	16776637	-8325648	-49	-573
4946	0	993	83	-1073	-723	8191	4182473	4500251	6250608	7364347	16776642	-8325776	-65	-573
4947	0	993	95	-1106	-723	8191	4182483	4503727	6249584	7364392	16776691	-8325904	-39	-573
4948	0	993	32	-1120	-723	8191	4182493	4504111	6250608	7364153	16776667	-8325904	-57	-573
4949	0	993	73	-1101	-723	8191	4182503	4504614	6251376	7364026	16776713	-8325776	-62	-573
4950	0	993	128	-1140	-723	8191	4182513	4506513	6250736	7364585	16776710	-8325904	-79	-573
4951	0	940	66	-1083	-708	8191	4182523	4508293	6252912	7364135	16776667	-8325776	-53	-728
4952	0	940	89	-1185	-708	8191	4182533	4508306	6253168	7363921	16776688	-8325776	-78	-728
4953	0	940	88	-1141	-708	8191	4182543	4506909	6253680	7363886	16776690	-8325776	-43	-728
4954	0	940	70	-1085	-708	8191	4182553	4507684	6253552	7364618	16776669	-8325776	-46	-728
4955	0	940	99	-1148	-708	8191	4182563	4508583	6253680	7364275	16776671	-8325776	-89	-728
4956	0	940	102	-1128	-708	8191	4182574	4510672	6255344	7363875	16776665	-8325904	-82	-728
4957	0	940	65	-1113	-708	8191	4182584	4510508	6254064	7363732	16776645	-8325904	-26	-728
4958	0	940	47	-1085	-708	8191	4182594	4511076	6254832	7363812	16776712	-8325648	-49	-728
4959	0	940	76	-1157	-708	8191	4182604	4510771	6253680	7363864	16776656	-8325904	-38	-728
4960	0	940	80	-1149	-708	8191	4182614	4510714	6255344	7364696	16776723	-8325776	-32	-728
4961	0	940	44	-1123	-708	8191	4182624	4510814	6256624	7363696	16776669	-8325648	-32	-728
4962	0	940	136	-1023	-708	8191	4182634	4514587	6255984	7364165	16776668	-8325776	19	-728
4963	0	940	83	-1115	-708	8191	4182644	4512880	6256880	7364115	16776727	-8325904	10	-728
4964	0	940	80	-1139	-708	8191	4182654	4514595	6257008	7363702	16776680	-8326032	-16	-728
4965	0	940	64	-1041	-708	8191	4182664	4514908	6256880	7363828	16776680	-8325904	13	-728
4966	0	940	92	-1121	-708	8191	4182675	4514764	6257392	7363622	16776679	-8325904	5	-728
4967	0	940	82	-1131	-708	8191	4182685	4514086	6258288	7364136	16776680	-8325776	-25	-728
4968	0	940	70	-1156	-708	8191	4182695	4514697	6259184	7364091	16776670	-8325904	9	-728
4969	0	940	45	-1066	-708	8191	4182705	4514652	6259056	7363558	16776667	-8325776	13	-728
4970	0	940	85	-1083	-708	8191	4182715	4514596	6259056	7363646	16776661	-8325904	40	-728
4971	0	797	83	-1109	-729	8191	4182725	4518919	6259568	7363627	16776648	-8325776	-9	-862
4972	0	797	56	-1143	-729	8191	4182735	4517311	6259440	7363862	16776684	-8325776	-11	-862
4973	0	797	72	-1114	-729	8191	4182745	4518728	6259696	7363896	16776682	-8325776	-21	-862
4974	0	797	102	-1083	-729	8191	4182755	4518855	6260720	7363609	16776667	-8325904	16	-862
4975	0	797	42	-1118	-729	8191	4182765	4518823	6261360	7363653	16776700	-8325904	-36	-862
4976	0	797	91	-1040	-729	8191	4182776	4518932	6262256	7364027	16776684	-8325904	-80	-862
4977	0	797	76	-1167	-729	8191	4182786	4518510	6260976	7363535	16776681	-8325776	-54	-862
4978	0	797	102	-1079	-729	8191	4182796	4522463	6262384	7363603	16776651	-8325776	-69	-862
4979	0	797	57	-1088	-729	8191	4182806	4518656	6262512	7363724	16776649	-8325776	-37	-862
4980	0	797	81	-1077	-729	8191	4182816	4519112	6263408	7363792	16776714	-8325776	-36	-862
4981	0	797	54	-1166	-729	8191	4182826	4518630	6262768	7363768	16776710	-8325904	-78	-862
4982	0	797	88	-1101	-729	8191	4182836	4523234	6263920	7363596	16776663	-8325904	-44	-862
4983	0	797	97	-1152	-729	8191	4182846	4524771	6264432	7363808	16776693	-8325904	-35	-862
4984	0	797	79	-1103	-729	8191	4182856	4525392	6263792	7363736	16776663	-8326032	-84	-862
4985	0	797	66	-1148	-729	8191	4182866	4525345	6264560	7364291	16776657	-8325904	-50	-862
4986	0	797	58	-1212	-729	8191	4182877	4527625	6265968	7363259	16776693	-8326032	-107	-862
4987	0	797	94	-1141	-729	8191	4182887	4527063	6264688	7363612	16776698	-8325904	-50	-862
4988	0	797	72	-1086	-729	8191	4182897	4527532	6266096	7364264	16776697	-8325904	-60	-862
4989	0	797	111	-1104	-729	8191	4182907	4529670	6266352	7363809	16776726	-8325904	-51	-862
4990	0	797	79	-1125	-729	8191	4182917	4531407	6266224	7363592	16776680	-8325776	-71	-862
4991	0	645	57	-1160	-725	8191	4182927	4529570	6266224	7363626	16776640	-8325904	-43	-921
4992	0	645	88	-1136	-725	8191	4182937	4531574	6267760	7363922	16776730	-8325776	-42	-921
4993	0	645	78	-1114	-725	8191	4182947	4531636	6266736	7363464	16776665	-8325776	-90	-921
4994	0	645	104	-1108	-725	8191	4182957	4534725	6267632	7363442	16776696	-8325776	41	-921
4995	0	645	73	-1132	-725	8191	4182967	4533761	6268144	7363574	16776687	-8325904	53	-921
4996	0	645	64	-1128	-725	8191	4182978	4537821	6269040	7363704	16776684	-8325904	25	-921
4997	0	645	103	-1226	-725	8191	4182988	4535822	6269296	7363441	16776714	-8326032	-51	-921
4998	0	645	77	-1103	-725	8191	4182998	4537586	6269296	7363900	16776702	-8325904	60	-921
4999	0	645	71	-1129	-725	8191	4183008	4540056	6269552	7363940	16776683	-8326032	39	-921
5000	0	645	101	-1155	-725	8191	4183018	4540081	6270448	7364230	16776704	-8326032	39	-921
5001	0	645	79	-1162	-725	8191	4183028	4540176	6270704	7363287	16776673	-8325776	26	-921
5002	0	645	66	-1191	-725	8191	4183038	4539947	6271088	7363825	16776678	-8325776	53	-921
5003	0	645	89	-1180	-725	8191	4183048	4542044	6271600	7363538	16776693	-8325904	9	-921
5004	0	645	41	-1166	-725	8191	4183058	4544128	6272880	7364445	16776686	-8325904	7	-921
5005	0	645	52	-1171	-725	8191	4183068	4544071	6271728	7364057	16776688	-8325904	8	-921
5006	0	645	110	-1148	-725	8191	4183079	4543989	6273008	7363983	16776689	-8325904	23	-921
5007	0	645	80	-1128	-725	8191	4183089	4544281	6273264	7363966	16776692	-8326160	13	-921
5008	0	645	103	-1215	-725	8191	4183099	4542669	6273264	7363516	16776681	-8325904	7	-921
5009	0	645	82	-1163	-725	8191	4183109	4542003	6273264	7364046	16776677	-8325904	-36	-921
5010	0	645	59	-1198	-725	8191	4183119	4543826	6274800	7363652	16776696	-8325904	-75	-921
5011	0	453	60	-1189	-724	8191	4183129	4543902	6274288	7363493	16776701	-8325904	-83	-988
5012	0	453	53	-1170	-724	8191	4183139	4544299	6275696	7363776	16776758	-8325904	-66	-988
5013	0	453	82	-1172	-724	8191	4183149	4546555	6274032	7364370	16776695	-8325904	-20	-988
5014	0	453	77	-1065	-724	8191	4183159	4546098	6274544	7363879	16776678	-8326032	-27	-988
5015	0	453	102	-1129	-724	8191	4183169	4548146	6276464	7363501	16776688	-8325904	-82	-988
5016	0	453	102	-1203	-724	8191	4183180	4548345	6275824	7363841	16776693	-8325904	-33	-988
5017	0	453	54	-1130	-724	8191	4183190	4548039	6275696	7363827	16776688	-8325904	-95	-988
5018	0	453	42	-1271	-724	8191	4183200	4550320	6276720	7363797	16776651	-8325904	-58	-988
5019	0	453	86	-1160	-724	8191	4183210	4551729	6276592	7363770	16776696	-8325904	-59	-988
5020	0	453	131	-1069	-724	8191	4183220	4550304	6277744	7363429	16776692	-8326032	0	-988
5021	0	453	84	-1121	-724	8191	4183230	4550487	6279408	7363907	16776721	-8326032	18	-988
5022	0	453	117	-1107	-724	8191	4183240	4553020	6278256	7363798	16776703	-8326032	17	-988
5023	0	453	46	-1160	-724	8191	4183250	4554785	6279024	7363295	16776680	-8325904	-27	-988
5024	0	453	91	-1187	-724	8191	4183260	4554626	6279920	7363718	16776695	-8326032	-49	-988
5025	0	453	104	-1140	-724	8191	4183270	4552423	6279664	7363792	16776678	-8325904	0	-988
5026	0	453	28	-1175	-724	8191	4183281	4556393	6280176	7363824	16776649	-8325776	-60	-988
5027	0	453	63	-1187	-724	8191	4183291	4548788	6280048	7363462	16776669	-8325904	-40	-988
5028	0	453	63	-1186	-724	8191	4183301	4550236	6280816	7363793	16776699	-8326160	-53	-988
5029	0	453	69	-1103	-724	8191	4183311	4548230	6281712	7363395	16776697	-8325904	16	-988
5030	0	453	89	-1090	-724	8191	4183321	4550517	6281200	7363904	16776667	-8325904	35	-988
5031	0	299	82	-1052	-725	8191	4183331	4550022	6281968	7363629	16776666	-8326032	-11	-911
5032	0	299	104	-1132	-725	8191	4183341	4556885	6282352	7364046	16776693	-8326032	-27	-911
5033	0	299	82	-1174	-725	8191	4183351	4554641	6281712	7363847	16776703	-8326160	-25	-911
5034	0	299	58	-1123	-725	8191	4183361	4559802	6282864	7364197	16776696	-8325904	-80	-911
5035	0	299	88	-1140	-725	8191	4183371	4559014	6283376	7364076	16776684	-8326032	-54	-911
5036	0	299	61	-1161	-725	8191	4183382	4560948	6283632	7364643	16776674	-8325904	-145	-911
5037	0	299	102	-1205	-725	8191	4183392	4565134	6283760	7363783	16776676	-8326032	-94	-911
5038	0	299	32	-1123	-725	8191	4183402	4565195	6284016	7363704	16776681	-8326032	-26	-911
5039	0	299	83	-1212	-725	8191	4183412	4561333	6285936	7363948	16776706	-8326160	-65	-911
5040	0	299	119	-1098	-725	8191	4183422	4564656	6284912	7363958	16776672	-8326032	-58	-911
5041	0	299	63	-1134	-725	8191	4183432	4565047	6285552	7363971	16776723	-8326032	-34	-911
5042	0	299	70	-1100	-725	8191	4183442	4565135	6285680	7363910	16776648	-8326032	-31	-911
5043	0	299	104	-1169	-725	8191	4183452	4565207	6284784	7364068	16776681	-8326032	7	-911
5044	0	299	43	-1115	-725	8191	4183462	4567491	6286704	7364012	16776669	-8326160	-13	-911
5045	0	299	87	-1138	-725	8191	4183472	4569503	6287728	7364111	16776687	-8326032	-28	-911
5046	0	299	77	-1145	-725	8191	4183483	4568233	6286448	7363476	16776733	-8325904	-40	-911
5047	0	299	87	-1107	-725	8191	4183493	4571843	6287088	7364308	16776676	-8325904	-27	-911
5048	0	299	85	-1158	-725	8191	4183503	4572817	6288752	7363839	16776704	-8326032	-94	-911
5049	0	299	111	-1180	-725	8191	4183513	4571551	6288496	7363926	16776704	-8326160	-11	-911
5050	0	299	11	-1144	-725	8191	4183523	4569500	6301552	7363896	16776623	-8326160	-17	-911
5051	0	67	108	32764	-676	8191	4183533	4592197	6506096	7363473	16776611	-8326160	-5581	-811
5052	0	67	115	32764	-676	8191	4183543	4602990	6586992	7363788	16776667	-8326288	971	-811
5053	0	67	86	1091	-676	8191	4183553	4607801	6435696	7364465	16776685	-8326160	198	-811
5054	0	67	124	-646	-676	8191	4183563	4606132	6345712	7363856	16776694	-8326032	154	-811
5055	0	67	149	-1047	-676	8191	4183573	4606160	6304112	7364629	16776693	-8326160	757	-811
5056	0	67	115	-2167	-676	8191	4183584	4606091	6279792	7363837	16776712	-8326032	615	-811
5057	0	67	136	-3976	-676	8191	4183594	4606352	6266224	7364313	16776712	-8325904	-38	-811
5058	0	67	95	-4521	-676	8191	4183604	4605613	6259440	7364474	16776632	-8326032	-154	-811
5059	0	67	65	-4852	-676	8191	4183614	4602171	6254320	7364203	16776652	-8325904	6	-811
5060	0	67	52	-5840	-676	8191	4183624	4596594	6248048	7363890	16776687	-8326032	1369	-811
5061	0	67	117	-5991	-676	8191	4183634	4583676	6237808	7363648	16776713	-8325904	-1616	-811
5062	0	67	72	-7023	-676	8191	4183644	4553413	6223600	7363860	16776688	-8326032	-2736	-811
5063	0	67	89	-3623	-676	8191	4183654	4473194	6205168	7364124	16776662	-8326032	-4544	-811
5064	0	67	113	-225	-676	8191	4183664	4330228	6183408	7364377	16776667	-8325904	-5759	-811
5065	0	67	36	1242	-676	8191	4183674	4102911	6170864	7364570	16776680	-8325776	-11322	-811
5066	0	67	73	4710	-676	8191	4183685	3801059	6165872	7364066	16776666	-8325904	-14498	-811
5067	0	67	79	8022	-676	8191	4183695	3545959	6164848	7363810	16776699	-8325904	-16130	-811
5068	0	67	46	5591	-676	8191	4183705	4043916	6171248	7363752	16776674	-8325904	-14990	-811
5069	0	67	40	1485	-676	8191	4183715	4095159	6169200	7363824	16776722	-8325776	-25085	-811
5070	0	67	157	4	-676	8191	4183725	4075869	6171248	7364142	16776679	-8325904	-17544	-811
5071	0	67	65	2134	-676	8191	4183735	4070747	6171760	7363468	16776696	-8325904	-20192	-811
5072	0	714	50	2308	136	8191	4183745	4075800	6175344	7363644	16776688	-8325904	-13871	533
5073	0	714	78	5330	136	8191	4183755	3782857	6167664	7363933	16776703	-8326032	-8409	533
5074	0	714	67	8116	136	8191	4183765	4085429	6178032	7363840	16776684	-8326160	-9678	533
5075	0	714	87	3184	136	8191	4183775	4318901	6185840	7364299	16776669	-8326160	-2621	533
5076	0	714	100	-2435	136	8191	4183786	4437521	6201456	7364023	16776695	-8326160	-3066	533
5077	0	714	60	-6030	136	8191	4183796	4483256	6219376	7363984	16776668	-8326288	-7257	533
5078	0	714	101	-7585	136	8191	4183806	4498203	6236016	7364299	16776672	-8326416	-8766	533
5079	0	714	83	-9195	136	8191	4183816	4498444	6251760	7363951	16776663	-8326416	-10758	533
5080	0	714	67	-10684	136	8191	4183826	4496294	6261616	7364083	16776680	-8326288	-15006	533
5081	0	714	85	-9738	136	8191	4183836	4487959	6264176	7363777	16776678	-8326416	-17626	533
5082	0	714	80	-7079	136	8191	4183846	4431819	6247280	7363893	16776685	-8326160	-17556	533
5083	0	714	39	1955	136	8191	4183856	4256202	6224240	7364152	16776683	-8326416	-11713	533
5084	0	714	59	7971	136	8191	4183866	3925098	6211824	7364261	16776709	-8326416	-11050	533
5085	0	714	80	5143	136	8191	4183876	3687872	6215536	7363858	16776672	-8326544	-32764	533
5086	0	714	69	-30608	136	8191	4183887	4083923	6231920	7364644	16776699	-8326288	-21976	533
5087	0	714	32	-32764	136	8191	4183897	4188232	6233712	7364346	16776736	-8326416	-25520	533
5088	0	714	30	-32764	136	8191	4183907	4226907	6263792	7362099	16776746	-8326288	-1218	533
5089	0	714	16777177	-32764	136	8191	4183917	4201828	6284016	7364009	16776683	-8326672	25663	533
5090	0	714	135	-10446	136	8191	4183927	4231091	6275696	7364328	16776666	-8326800	19207	533
5091	0	714	38	-15404	136	8191	4183937	4219793	6262128	7364468	16776684	-8326672	22795	533
5092	0	-157	142	-25989	1041	8191	4183947	4171507	6250736	7363914	16776689	-8326544	-3061	-1440
5093	0	-157	106	-14690	1041	8191	4183957	4226519	6245104	7363709	16776680	-8326544	5240	-1440
5094	0	-157	10	-7939	1041	8191	4183967	4229910	6244848	7363746	16776685	-8326800	-1508	-1440
5095	0	-157	8	-27631	1041	8191	4183977	4282664	6249328	7363875	16776693	-8326928	26118	-1440
5096	0	-157	100	-32764	1041	8191	4183988	4181273	6252400	7362626	16776753	-8326672	16520	-1440
5097	0	-157	143	-32764	1041	8191	4183998	3978322	6234096	7363382	16776701	-8327056	31218	-1440
5098	0	-157	16777202	32340	1041	8191	4184008	3932813	6197104	7363854	16776695	-8326928	20691	-1440
5099	0	-157	65	-5626	1041	8191	4184018	4437333	6205168	7363516	16776674	-8326800	-32764	-1440
5100	0	-157	43	-19264	1041	8191	4184028	4533032	6208624	7363937	16776652	-8326928	1598	-1440
5101	0	-157	95	-17680	1041	8191	4184038	4467968	6216944	7363654	16776671	-8326928	23267	-1440
5102	0	-157	80	-13767	1041	8191	4184048	4229107	6209264	7364397	16776672	-8326928	4535	-1440
5103	0	-157	63	-31834	1041	8191	4184058	3784326	6200048	7363867	16776685	-8326928	-13285	-1440
5104	0	-157	76	-32764	1041	8191	4184068	3626026	6208880	7362768	16776704	-8326928	-32764	-1440
5105	0	-157	179	-32764	1041	8191	4184078	4010589	6244336	7363499	16776669	-8327056	7768	-1440
5106	0	-157	103	-13983	1041	8191	4184089	3830354	6274160	7364144	16776684	-8327184	30313	-1440
5107	0	-157	103	-5864	1041	8191	4184099	4082400	6266096	7364201	16776677	-8327312	26112	-1440
5108	0	-157	99	-11970	1041	8191	4184109	4304031	6249072	7363760	16776675	-8327184	7751	-1440
5109	0	-157	92	-13381	1041	8191	4184119	4398688	6250736	7364098	16776675	-8327312	2554	-1440
5110	0	-157	78	-15435	1041	8191	4184129	4421889	6251376	7364057	16776671	-8327440	3873	-1440
5111	0	-157	81	-12387	1041	8191	4184139	4430769	6255344	7364174	16776640	-8327312	16404	-1440
5112	0	-43	93	-11447	-505	8191	4184149	4440331	6256496	7364207	16776633	-8327312	16136	-979
5113	0	-43	71	-10315	-505	8191	4184159	4455334	6259312	7364500	16776678	-8327440	12658	-979
5114	0	-43	106	-9357	-505	8191	4184169	4467925	6264304	7364065	16776670	-8327568	8135	-979
5115	0	-43	10	-9337	-505	8191	4184179	4470999	6272368	7364382	16776670	-8327568	5942	-979
5116	0	-43	38	-13489	-505	8191	4184190	4466956	6282352	7364103	16776666	-8327568	5375	-979
5117	0	-43	76	-22483	-505	8191	4184200	4457998	6291312	7363836	16776678	-8327568	9456	-979
5118	0	-43	49	-32764	-505	8191	4184210	4445468	6292080	7364036	16776652	-8327568	-17820	-979
5119	0	-43	94	-32764	-505	8191	4184220	4439014	6292080	7363130	16776679	-8327824	-17445	-979
5120	0	-43	61	-31536	-505	8191	4184230	4430451	6297584	7364223	16776699	-8327696	-8101	-979
5121	0	-43	107	-32764	-505	8191	4184240	4420091	6300912	7363705	16776696	-8327952	11876	-979
5122	0	-43	129	-12269	-505	8191	4184250	4415543	6301424	7363863	16776700	-8327824	3207	-979
5123	0	-43	86	-27231	-505	8191	4184260	4407140	6304880	7363697	16776652	-8327952	6452	-979
5124	0	-43	88	-20990	-505	8191	4184270	4401177	6305392	7363795	16776665	-8327952	163	-979
5125	0	-43	71	-31976	-505	8191	4184280	4392686	6300144	7364060	16776644	-8327952	361	-979
5126	0	-43	77	-32764	-505	8191	4184291	4380209	6296176	7363781	16776644	-8327952	6252	-979
5127	0	-43	82	-22232	-505	8191	4184301	4359566	6290288	7364215	16776683	-8327952	-915	-979
5128	0	-43	108	-32764	-505	8191	4184311	4329468	6282992	7363914	16776671	-8327952	-13600	-979
5129	0	-43	96	-32764	-505	8191	4184321	4310901	6279792	7363954	16776715	-8328080	-2991	-979
5130	0	-43	69	-32711	-505	8191	4184331	4302384	6291312	7363614	16776700	-8328080	2099	-979
5131	0	-43	72	-32764	-505	8191	4184341	4296652	6300528	7364132	16776664	-8328080	3277	-979
5132	0	61	87	-26160	-680	8191	4184351	4292095	6304368	7363848	16776714	-8328208	2221	-262
5133	0	61	59	-25832	-680	8191	4184361	4285708	6303216	7363988	16776667	-8328080	11387	-262
5134	0	61	128	-25848	-680	8191	4184371	4279614	6302832	7364257	16776667	-8327952	7341	-262
5135	0	61	92	-15606	-680	8191	4184381	4274907	6300016	7364061	16776694	-8328208	6078	-262
5136	0	61	66	-25231	-680	8191	4184392	4275859	6299760	7363498	16776681	-8328080	5936	-262
5137	0	61	112	-32764	-680	8191	4184402	4268654	6299504	7363409	16776660	-8328080	12889	-262
5138	0	61	16777209	-32764	-680	8191	4184412	4253761	6296688	7364951	16776624	-8328208	8338	-262
5139	0	61	40	-32764	-680	8191	4184422	4245750	6306288	7366061	16776582	-8328080	-8190	-262
5140	0	61	114	-32764	-680	8191	4184432	4244840	6315504	7362275	16776683	-8328208	24861	-262
5141	0	61	242	-32764	-680	8191	4184442	4258519	6308464	7361953	16776733	-8328080	25027	-262
5142	0	61	81	-32764	-680	8191	4184452	4246539	6310512	7367746	16776569	-8328336	32764	-262
5143	0	61	215	-32764	-680	8191	4184462	4224105	6314480	7363023	16776759	-8328208	3348	-262
5144	0	61	464	-32764	-680	8191	4184472	4209259	6317680	7364461	16776562	-8328336	-14217	-262
5145	0	61	59	-29317	-680	8191	4184482	4182024	6310256	7362664	16776869	-8328080	-29376	-262
5146	0	61	560	-17149	-680	8191	4184493	4227577	6312688	7362765	16777062	-8328080	-32660	-262
5147	0	61	282	32764	-680	8191	4184503	4224011	6314864	7362588	16776697	-8328208	-31010	-262
5148	0	61	16776617	32764	-680	8191	4184513	4231021	6314224	7387574	16777055	-8328720	32764	-262
5149	0	61	953	3065	-680	8191	4184523	4177569	6334576	7367780	16776538	-8327056	-32764	-262
5150	0	61	1377	29665	-680	8191	4184533	4614593	6337264	6900528	16777168	-8328848	-25944	-262
5151	0	1555	16776747	0	2209	0	4184543	16776887	6310128	6327288	16776948	-8328208	0	-6818
5152	3175	1555	738	0	2209	0	4184553	3418391	6319216	5601426	16777051	-8328720	0	-6818
5153	3175	1555	225	0	2209	0	4184563	3233132	6317936	5237803	16777106	-8328592	0	-6818
5154	3175	1555	57	0	2209	0	4184573	3108472	6314480	5073258	16776973	-8328208	0	-6818
5155	3175	1555	225	0	2209	0	4184583	3088851	6326640	5027742	16777033	-8328208	0	-6818
5156	3175	1555	30	0	2209	0	4184594	3045255	6326512	4901020	16777173	-8328464	0	-6818
5157	3175	1555	12	0	2209	16381	4184604	3027662	6326512	4914966	16776983	-8328464	0	-6818
5158	3175	1555	16777058	0	2209	16381	4184614	2994585	6323952	4857507	16776973	-8328464	0	-6818
5159	3175	1555	695	0	2209	16381	4184624	2992179	6321264	4852683	16777009	-8328592	0	-6818
5160	3175	1555	16776838	0	2209	16381	4184634	3000293	6320752	4831215	78	-8328464	0	-6818
5161	3175	1555	761	0	2209	16381	4184644	2975609	6317936	4781734	88	-8328464	0	-6818
5162	3175	1555	16776757	0	2209	16381	4184654	2955842	6313712	4789182	16777192	-8328976	0	-6818
5163	3175	1555	663	0	2209	16381	4184664	5049195	6321648	4731188	1	-8328848	0	-6818
5164	3175	1555	248	0	2209	2	4184674	4949522	6317296	4785822	16777016	-8328592	0	-6818
5165	3175	1555	642	0	2209	2	4184684	4459574	6319856	4751219	16777009	-8328720	0	-6818
5166	3175	1555	128	0	2209	2	4184695	420166	6321136	4733914	16777176	-8328592	0	-6818
5167	3175	1555	16776776	0	2209	2	4184705	2943183	6316016	4695371	16776969	-8328592	0	-6818
5168	3175	1555	440	0	2209	2	4184715	16776944	6305136	4667876	16777011	-8328336	0	-6818
5169	3175	1555	431	0	2209	2	4184725	6664	6322416	4691341	16776973	-8328336	0	-6818
5170	3175	1555	48	0	2209	2	4184735	2167076	6314608	4711734	233	-8328592	0	-6818
5171	3175	1555	334	0	2209	2	4184745	1695997	6319728	4707745	16777033	-8329104	0	-6818
5172	3175	1555	1151	0	2209	16372	4184755	16776898	6317936	4590578	16776959	-8328848	0	-6818
5173	3175	1555	297	0	2209	16372	4184765	24096	6318320	4611825	656	-8328848	0	-6818
5174	3175	1555	211	0	2209	16372	4184775	5002146	6320752	4545162	16777046	-8328720	0	-6818
5175	3175	1555	171	0	2209	16372	4184785	2836860	6319600	4550669	16777135	-8328720	0	-6818
5176	3175	1555	67	0	2209	16372	4184796	2830116	6320368	4544046	16777077	-8329104	0	-6818
5177	3175	1555	244	0	2209	16372	4184806	2857747	6320368	4581210	16777149	-8329232	0	-6818
5178	3175	1555	121	0	2209	16372	4184816	2827406	6322800	4514886	16777185	-8329744	0	-6818
