#version,serial,flight,time,state,state_name,acceleration,pressure,altitude,height,speed,temperature,drogue_voltage,main_voltage,battery_voltage
6, 8069, 2,    -0.14, 3,   boost,   21.51, 102120.00,  -65.97,   22.14,   30.95, 22.7, 4.06, 4.12, 4.06
6, 8069, 2,    -0.13, 3,   boost,   22.63, 102125.00,  -66.38,   21.73,   31.39, 22.7, 4.09, 4.09, 4.06
6, 8069, 2,    -0.12, 3,   boost,   23.78, 102109.00,  -65.06,   23.05,   31.83, 22.7, 4.09, 4.11, 4.08
6, 8069, 2,    -0.11, 3,   boost,   24.98, 102100.00,  -64.31,   23.80,   32.27, 22.7, 4.08, 4.09, 4.05
6, 8069, 2,    -0.10, 3,   boost,   26.21, 102094.00,  -63.82,   24.30,   32.72, 22.7, 4.09, 4.09, 4.06
6, 8069, 2,    -0.09, 3,   boost,   27.48, 102072.00,  -62.00,   26.12,   33.18, 22.7, 4.08, 4.09, 4.06
6, 8069, 2,    -0.08, 3,   boost,   28.78, 102091.00,  -63.57,   24.54,   33.64, 22.7, 4.08, 4.09, 4.06
6, 8069, 2,    -0.07, 3,   boost,   30.10, 102068.00,  -61.67,   26.45,   34.10, 22.7, 4.08, 4.11, 4.06
6, 8069, 2,    -0.06, 3,   boost,   31.45, 102082.00,  -62.82,   25.29,   34.57, 22.7, 4.09, 4.09, 4.06
6, 8069, 2,    -0.05, 3,   boost,   32.83, 102074.00,  -62.16,   25.95,   35.04, 22.7, 4.08, 4.11, 4.06
6, 8069, 2,    -0.04, 3,   boost,   34.21, 102066.00,  -61.50,   26.61,   35.52, 22.7, 4.08, 4.09, 4.06
6, 8069, 2,    -0.03, 3,   boost,   35.61, 102057.00,  -60.76,   27.36,   36.00, 22.7, 4.06, 4.11, 4.06
6, 8069, 2,    -0.02, 3,   boost,   37.01, 102029.00,  -58.44,   29.67,   36.49, 22.7, 4.08, 4.09, 4.06
6, 8069, 2,    -0.01, 3,   boost,   38.41, 102042.00,  -59.51,   28.60,   36.98, 22.7, 4.08, 4.09, 4.06
6, 8069, 2,     0.00, 3,   boost,   39.79, 102044.00,  -59.68,   28.43,   37.48, 22.7, 4.08, 4.09, 4.06
6, 8069, 2,     0.00, 3,   boost,   39.79, 102044.00,  -59.68,   28.43,   37.48, 22.7, 4.08, 4.09, 4.06
6, 8069, 2,     0.00, 3,   boost,   39.79, 102044.00,  -59.68,   28.43,   37.48, 22.7, 4.08, 4.09, 4.06
6, 8069, 2,     0.00, 3,   boost,   39.79, 102044.00,  -59.68,   28.43,   37.48, 22.7, 4.08, 4.09, 4.06
6, 8069, 2,     0.00, 3,   boost,   39.79, 102044.00,  -59.68,   28.43,   37.48, 22.7, 4.08, 4.09, 4.06
6, 8069, 2,     0.00, 3,   boost,   39.79, 102044.00,  -59.68,   28.43,   37.48, 22.7, 4.08, 4.09, 4.06
6, 8069, 2,     0.00, 3,   boost,   39.79, 102044.00,  -59.68,   28.43,   37.48, 22.7, 4.08, 4.09, 4.06
6, 8069, 2,     0.00, 3,   boost,   39.79, 102044.00,  -59.68,   28.43,   37.48, 22.7, 4.08, 4.09, 4.06
6, 8069, 2,     0.00, 3,   boost,   39.79, 102044.00,  -59.68,   28.43,   37.48, 22.7, 4.08, 4.09, 4.06
6, 8069, 2,     0.00, 3,   boost,   39.79, 102044.00,  -59.68,   28.43,   37.48, 22.7, 4.08, 4.09, 4.06
6, 8069, 2,     0.00, 3,   boost,   39.79, 102044.00,  -59.68,   28.43,   37.48, 22.7, 4.08, 4.09, 4.06
6, 8069, 2,     0.00, 3,   boost,   39.79, 102044.00,  -59.68,   28.43,   37.48, 22.7, 4.08, 4.09, 4.06
6, 8069, 2,     0.00, 3,   boost,   39.79, 102044.00,  -59.68,   28.43,   37.48, 22.7, 4.08, 4.09, 4.06
6, 8069, 2,     0.00, 3,   boost,   39.79, 102044.00,  -59.68,   28.43,   37.48, 22.7, 4.08, 4.09, 4.06
6, 8069, 2,     0.00, 3,   boost,   39.79, 102044.00,  -59.68,   28.43,   37.48, 22.7, 4.08, 4.09, 4.06
6, 8069, 2,     0.00, 3,   boost,   39.79, 102044.00,  -59.68,   28.43,   37.48, 22.7, 4.08, 4.09, 4.06
6, 8069, 2,     0.00, 3,   boost,   39.79, 102044.00,  -59.68,   28.43,   37.48, 22.7, 4.08, 4.09, 4.06
6, 8069, 2,     0.01, 3,   boost,   41.17, 102039.00,  -59.27,   28.85,   37.98, 22.6, 4.08, 4.09, 4.06
6, 8069, 2,     0.02, 3,   boost,   42.52, 102035.00,  -58.93,   29.18,   38.48, 22.7, 4.09, 4.11, 4.06
6, 8069, 2,     0.03, 3,   boost,   43.84, 102002.00,  -56.20,   31.91,   38.99, 22.7, 4.08, 4.09, 4.06
6, 8069, 2,     0.04, 3,   boost,   45.13, 101987.00,  -54.96,   33.15,   39.50, 22.7, 4.08, 4.09, 4.06
6, 8069, 2,     0.05, 3,   boost,   46.38, 101990.00,  -55.21,   32.90,   40.02, 22.7, 4.08, 4.09, 4.06
6, 8069, 2,     0.06, 3,   boost,   47.57, 101973.00,  -53.80,   34.31,   40.54, 22.7, 4.08, 4.09, 4.06
6, 8069, 2,     0.07, 3,   boost,   48.71, 101982.00,  -54.55,   33.57,   41.07, 22.7, 4.08, 4.09, 4.06
6, 8069, 2,     0.08, 3,   boost,   49.79, 101984.00,  -54.71,   33.40,   41.60, 22.7, 4.08, 4.12, 4.08
6, 8069, 2,     0.09, 3,   boost,   50.81, 101965.00,  -53.14,   34.97,   42.13, 22.7, 4.09, 4.08, 4.08
6, 8069, 2,     0.10, 3,   boost,   51.76, 101970.00,  -53.55,   34.56,   42.67, 22.7, 4.09, 4.09, 4.09
6, 8069, 2,     0.11, 3,   boost,   52.63, 101936.00,  -50.74,   37.38,   43.21, 22.7, 4.08, 4.12, 4.08
6, 8069, 2,     0.12, 3,   boost,   53.44, 101936.00,  -50.74,   37.38,   43.76, 22.7, 4.05, 4.11, 4.08
6, 8069, 2,     0.13, 3,   boost,   54.16, 101955.00,  -52.31,   35.80,   44.31, 22.6, 4.09, 4.09, 4.03
6, 8069, 2,     0.14, 3,   boost,   54.82, 101932.00,  -50.41,   37.71,   44.86, 22.6, 4.08, 4.09, 4.05
6, 8069, 2,     0.15, 3,   boost,   55.40, 101916.00,  -49.08,   39.03,   45.42, 22.6, 4.09, 4.12, 4.08
6, 8069, 2,     0.16, 3,   boost,   55.91, 101912.00,  -48.75,   39.36,   45.98, 22.6, 4.08, 4.09, 4.09
6, 8069, 2,     0.17, 3,   boost,   56.36, 101909.00,  -48.50,   39.61,   46.55, 22.6, 4.08, 4.11, 4.06
6, 8069, 2,     0.18, 3,   boost,   56.74, 101902.00,  -47.92,   40.19,   47.11, 22.6, 4.08, 4.09, 4.06
6, 8069, 2,     0.19, 3,   boost,   57.06, 101906.00,  -48.25,   39.86,   47.68, 22.6, 4.08, 4.11, 4.05
6, 8069, 2,     0.20, 3,   boost,   57.33, 101903.00,  -48.00,   40.11,   48.26, 22.6, 4.09, 4.11, 4.06
6, 8069, 2,     0.21, 3,   boost,   57.54, 101888.00,  -46.76,   41.35,   48.83, 22.6, 4.08, 4.11, 4.05
6, 8069, 2,     0.22, 3,   boost,   57.72, 101896.00,  -47.42,   40.69,   49.41, 22.6, 4.08, 4.12, 4.09
6, 8069, 2,     0.23, 3,   boost,   57.86, 101896.00,  -47.42,   40.69,   50.00, 22.6, 4.09, 4.09, 4.06
6, 8069, 2,     0.24, 3,   boost,   57.97, 101876.00,  -45.77,   42.35,   50.58, 22.6, 4.12, 4.09, 4.06
6, 8069, 2,     0.25, 3,   boost,   58.06, 101849.00,  -43.53,   44.59,   51.17, 22.6, 4.08, 4.08, 4.05
6, 8069, 2,     0.26, 3,   boost,   58.12, 101850.00,  -43.61,   44.50,   51.76, 22.6, 4.09, 4.09, 4.06
6, 8069, 2,     0.27, 3,   boost,   58.18, 101846.00,  -43.28,   44.83,   52.36, 22.6, 4.08, 4.08, 4.06
6, 8069, 2,     0.28, 3,   boost,   58.22, 101823.00,  -41.37,   46.74,   52.95, 22.6, 4.09, 4.12, 4.08
6, 8069, 2,     0.29, 3,   boost,   58.26, 101836.00,  -42.45,   45.66,   53.55, 22.6, 4.08, 4.12, 4.08
6, 8069, 2,     0.30, 3,   boost,   58.29, 101827.00,  -41.70,   46.41,   54.15, 22.6, 4.09, 4.09, 4.06
6, 8069, 2,     0.31, 3,   boost,   58.33, 101814.00,  -40.63,   47.49,   54.75, 22.6, 4.08, 4.09, 4.06
6, 8069, 2,     0.32, 3,   boost,   58.37, 101806.00,  -39.96,   48.15,   55.36, 22.6, 4.08, 4.09, 4.06
6, 8069, 2,     0.33, 3,   boost,   58.42, 101802.00,  -39.63,   48.48,   55.96, 22.6, 4.08, 4.11, 4.06
6, 8069, 2,     0.34, 3,   boost,   58.47, 101802.00,  -39.63,   48.48,   56.57, 22.6, 4.08, 4.09, 4.06
6, 8069, 2,     0.35, 3,   boost,   58.53, 101794.00,  -38.97,   49.15,   57.18, 22.6, 4.09, 4.09, 4.06
6, 8069, 2,     0.36, 3,   boost,   58.59, 101765.00,  -36.56,   51.55,   57.79, 22.6, 4.08, 4.12, 4.08
6, 8069, 2,     0.37, 3,   boost,   58.64, 101756.00,  -35.82,   52.30,   58.40, 22.6, 4.09, 4.08, 4.06
6, 8069, 2,     0.38, 3,   boost,   58.67, 101755.00,  -35.73,   52.38,   59.01, 22.6, 4.08, 4.09, 4.08
6, 8069, 2,     0.39, 3,   boost,   58.69, 101740.00,  -34.49,   53.62,   59.62, 22.6, 4.09, 4.08, 4.06
6, 8069, 2,     0.40, 3,   boost,   58.70, 101738.00,  -34.32,   53.79,   60.23, 22.6, 4.06, 4.11, 4.06
6, 8069, 2,     0.41, 3,   boost,   58.69, 101724.00,  -33.16,   54.95,   60.84, 22.6, 4.08, 4.11, 4.05
6, 8069, 2,     0.42, 3,   boost,   58.66, 101720.00,  -32.83,   55.28,   61.46, 22.6, 4.08, 4.09, 4.06
6, 8069, 2,     0.43, 3,   boost,   58.63, 101707.00,  -31.75,   56.36,   62.07, 22.6, 4.06, 4.12, 4.06
6, 8069, 2,     0.44, 3,   boost,   58.57, 101690.00,  -30.34,   57.77,   62.68, 22.6, 4.08, 4.11, 4.08
6, 8069, 2,     0.45, 3,   boost,   58.50, 101690.00,  -30.34,   57.77,   63.29, 22.6, 4.09, 4.11, 4.08
6, 8069, 2,     0.46, 3,   boost,   58.42, 101691.00,  -30.42,   57.69,   63.90, 22.6, 4.08, 4.11, 4.06
6, 8069, 2,     0.47, 3,   boost,   58.32, 101680.00,  -29.51,   58.60,   64.52, 22.6, 4.08, 4.11, 4.06
6, 8069, 2,     0.48, 3,   boost,   58.20, 101669.00,  -28.60,   59.52,   65.13, 22.6, 4.08, 4.11, 4.06
6, 8069, 2,     0.49, 3,   boost,   58.07, 101659.00,  -27.77,   60.35,   65.74, 22.6, 4.09, 4.09, 4.06
6, 8069, 2,     0.50, 3,   boost,   57.92, 101654.00,  -27.35,   60.76,   66.34, 22.6, 4.08, 4.09, 4.06
6, 8069, 2,     0.51, 3,   boost,   57.76, 101642.00,  -26.35,   61.76,   66.95, 22.6, 4.12, 4.08, 4.06
6, 8069, 2,     0.52, 3,   boost,   57.58, 101625.00,  -24.94,   63.17,   67.56, 22.6, 4.08, 4.11, 4.06
6, 8069, 2,     0.53, 3,   boost,   57.39, 101623.00,  -24.78,   63.34,   68.16, 22.6, 4.09, 4.08, 4.06
6, 8069, 2,     0.54, 3,   boost,   57.18, 101609.00,  -23.61,   64.50,   68.76, 22.6, 4.06, 4.11, 4.05
6, 8069, 2,     0.55, 3,   boost,   56.96, 101614.00,  -24.03,   64.08,   69.36, 22.6, 4.06, 4.11, 4.03
6, 8069, 2,     0.56, 3,   boost,   56.72, 101614.00,  -24.03,   64.08,   69.96, 22.6, 4.09, 4.12, 4.08
6, 8069, 2,     0.57, 3,   boost,   56.46, 101578.00,  -21.04,   67.07,   70.55, 22.6, 4.06, 4.12, 4.06
6, 8069, 2,     0.58, 3,   boost,   56.19, 101579.00,  -21.12,   66.99,   71.14, 22.6, 4.09, 4.09, 4.06
6, 8069, 2,     0.59, 3,   boost,   55.91, 101556.00,  -19.21,   68.90,   71.73, 22.6, 4.09, 4.09, 4.06
6, 8069, 2,     0.60, 3,   boost,   55.61, 101557.00,  -19.29,   68.82,   72.32, 22.6, 4.09, 4.11, 4.06
6, 8069, 2,     0.61, 3,   boost,   55.29, 101543.00,  -18.13,   69.98,   72.90, 22.6, 4.08, 4.11, 4.06
6, 8069, 2,     0.62, 3,   boost,   54.96, 101529.00,  -16.97,   71.15,   73.48, 22.6, 4.08, 4.09, 4.06
6, 8069, 2,     0.63, 3,   boost,   54.62, 101542.00,  -18.05,   70.07,   74.06, 22.6, 4.08, 4.09, 4.06
6, 8069, 2,     0.64, 3,   boost,   54.26, 101522.00,  -16.39,   71.73,   74.63, 22.6, 4.08, 4.11, 4.06
6, 8069, 2,     0.65, 3,   boost,   53.89, 101504.00,  -14.89,   73.22,   75.20, 22.6, 4.12, 4.08, 4.06
6, 8069, 2,     0.66, 3,   boost,   53.50, 101488.00,  -13.56,   74.55,   75.76, 22.6, 4.08, 4.11, 4.09
6, 8069, 2,     0.67, 3,   boost,   53.10, 101488.00,  -13.56,   74.55,   76.32, 22.6, 4.08, 4.09, 4.06
6, 8069, 2,     0.68, 3,   boost,   52.68, 101502.00,  -14.72,   73.39,   76.88, 22.6, 4.06, 4.11, 4.06
6, 8069, 2,     0.69, 3,   boost,   52.26, 101450.00,  -10.40,   77.71,   77.43, 22.6, 4.08, 4.09, 4.05
6, 8069, 2,     0.70, 3,   boost,   51.81, 101456.00,  -10.90,   77.21,   77.97, 22.6, 4.08, 4.09, 4.06
6, 8069, 2,     0.71, 3,   boost,   51.36, 101457.00,  -10.98,   77.13,   78.51, 22.6, 4.06, 4.12, 4.08
6, 8069, 2,     0.72, 3,   boost,   50.90, 101439.00,   -9.49,   78.63,   79.05, 22.6, 4.09, 4.11, 4.06
6, 8069, 2,     0.73, 3,   boost,   50.42, 101439.00,   -9.49,   78.63,   79.58, 22.6, 4.08, 4.09, 4.06
6, 8069, 2,     0.74, 3,   boost,   49.93, 101424.00,   -8.24,   79.88,   80.11, 22.6, 4.09, 4.11, 4.06
6, 8069, 2,     0.75, 3,   boost,   49.43, 101409.00,   -6.99,   81.12,   80.63, 22.6, 4.08, 4.11, 4.06
6, 8069, 2,     0.76, 3,   boost,   48.91, 101411.00,   -7.16,   80.96,   81.14, 22.6, 4.09, 4.09, 4.06
6, 8069, 2,     0.77, 3,   boost,   48.39, 101391.00,   -5.49,   82.62,   81.65, 22.6, 4.08, 4.11, 4.06
6, 8069, 2,     0.78, 3,   boost,   47.86, 101391.00,   -5.49,   82.62,   82.15, 22.6, 4.08, 4.09, 4.08
6, 8069, 2,     0.79, 3,   boost,   47.32, 101372.00,   -3.91,   84.20,   82.65, 22.6, 4.08, 4.09, 4.06
6, 8069, 2,     0.80, 3,   boost,   46.76, 101357.00,   -2.66,   85.45,   83.14, 22.6, 4.09, 4.11, 4.06
6, 8069, 2,     0.81, 3,   boost,   46.20, 101344.00,   -1.58,   86.53,   83.62, 22.6, 4.09, 4.09, 4.08
6, 8069, 2,     0.82, 3,   boost,   45.63, 101335.00,   -0.83,   87.28,   84.10, 22.6, 4.08, 4.11, 4.06
6, 8069, 2,     0.83, 3,   boost,   45.05, 101310.00,    1.25,   89.36,   84.57, 22.6, 4.08, 4.09, 4.06
6, 8069, 2,     0.84, 3,   boost,   44.47, 101308.00,    1.42,   89.53,   85.04, 22.6, 4.08, 4.09, 4.06
6, 8069, 2,     0.85, 3,   boost,   43.87, 101293.00,    2.66,   90.78,   85.50, 22.6, 4.08, 4.09, 4.06
6, 8069, 2,     0.86, 3,   boost,   43.27, 101276.00,    4.08,   92.19,   85.95, 22.6, 4.08, 4.09, 4.06
6, 8069, 2,     0.87, 3,   boost,   42.66, 101273.00,    4.33,   92.44,   86.39, 22.6, 4.08, 4.09, 4.06
6, 8069, 2,     0.88, 3,   boost,   42.05, 101249.00,    6.33,   94.44,   86.83, 22.6, 4.08, 4.11, 4.06
6, 8069, 2,     0.89, 3,   boost,   41.43, 101249.00,    6.33,   94.44,   87.26, 22.6, 4.11, 4.09, 4.06
6, 8069, 2,     0.90, 3,   boost,   40.81, 101243.00,    6.83,   94.94,   87.68, 22.6, 4.09, 4.09, 4.06
6, 8069, 2,     0.91, 3,   boost,   40.18, 101222.00,    8.58,   96.69,   88.10, 22.6, 4.08, 4.09, 4.06
6, 8069, 2,     0.92, 3,   boost,   39.55, 101220.00,    8.74,   96.86,   88.51, 22.6, 4.08, 4.09, 4.06
6, 8069, 2,     0.93, 3,   boost,   38.91, 101210.00,    9.58,   97.69,   88.91, 22.6, 4.08, 4.09, 4.06
6, 8069, 2,     0.94, 3,   boost,   38.27, 101205.00,    9.99,   98.11,   89.30, 22.6, 4.09, 4.11, 4.06
6, 8069, 2,     0.95, 3,   boost,   37.63, 101186.00,   11.58,   99.69,   89.69, 22.6, 4.08, 4.09, 4.06
6, 8069, 2,     0.96, 3,   boost,   36.99, 101156.00,   14.08,  102.19,   90.07, 22.6, 4.08, 4.09, 4.06
6, 8069, 2,     0.97, 3,   boost,   36.34, 101165.00,   13.33,  101.44,   90.44, 22.6, 4.08, 4.11, 4.06
6, 8069, 2,     0.98, 3,   boost,   35.69, 101140.00,   15.41,  103.52,   90.81, 22.6, 4.08, 4.11, 4.05
6, 8069, 2,     0.99, 3,   boost,   35.05, 101142.00,   15.24,  103.36,   91.16, 22.6, 4.08, 4.09, 4.06
6, 8069, 2,     1.00, 3,   boost,   34.40, 101142.00,   15.24,  103.36,   91.51, 22.6, 4.09, 4.09, 4.06
6, 8069, 2,     1.01, 3,   boost,   33.75, 101122.00,   16.91,  105.02,   91.86, 22.6, 4.08, 4.09, 4.06
6, 8069, 2,     1.02, 3,   boost,   33.10, 101110.00,   17.91,  106.03,   92.19, 22.6, 4.09, 4.11, 4.06
6, 8069, 2,     1.03, 3,   boost,   32.46, 101109.00,   18.00,  106.11,   92.52, 22.6, 4.09, 4.09, 4.06
6, 8069, 2,     1.04, 3,   boost,   31.81, 101080.00,   20.41,  108.53,   92.84, 22.6, 4.08, 4.09, 4.06
6, 8069, 2,     1.05, 3,   boost,   31.17, 101063.00,   21.83,  109.95,   93.15, 22.6, 4.08, 4.09, 4.06
6, 8069, 2,     1.06, 3,   boost,   30.53, 101064.00,   21.75,  109.86,   93.46, 22.6, 4.08, 4.09, 4.06
6, 8069, 2,     1.07, 3,   boost,   29.90, 101051.00,   22.83,  110.95,   93.76, 22.6, 4.08, 4.11, 4.06
6, 8069, 2,     1.08, 3,   boost,   29.27, 101039.00,   23.83,  111.95,   94.05, 22.6, 4.08, 4.09, 4.06
6, 8069, 2,     1.09, 3,   boost,   28.64, 101030.00,   24.59,  112.70,   94.34, 22.6, 4.08, 4.11, 4.06
6, 8069, 2,     1.10, 3,   boost,   28.01, 101026.00,   24.92,  113.03,   94.61, 22.6, 4.08, 4.11, 4.08
6, 8069, 2,     1.11, 3,   boost,   27.39, 101026.00,   24.92,  113.03,   94.88, 22.6, 4.09, 4.11, 4.08
6, 8069, 2,     1.12, 3,   boost,   26.78, 101005.00,   26.67,  114.78,   95.15, 22.6, 4.09, 4.11, 4.06
6, 8069, 2,     1.13, 3,   boost,   26.17, 100979.00,   28.84,  116.95,   95.40, 22.6, 4.08, 4.09, 4.06
6, 8069, 2,     1.14, 3,   boost,   25.57, 100974.00,   29.26,  117.37,   95.65, 22.6, 4.08, 4.09, 4.06
6, 8069, 2,     1.15, 3,   boost,   24.97, 100947.00,   31.51,  119.63,   95.90, 22.6, 4.08, 4.11, 4.06
6, 8069, 2,     1.16, 3,   boost,   24.38, 100941.00,   32.01,  120.13,   96.13, 22.6, 4.09, 4.09, 4.05
6, 8069, 2,     1.17, 3,   boost,   23.80, 100924.00,   33.43,  121.55,   96.36, 22.6, 4.09, 4.11, 4.08
6, 8069, 2,     1.18, 3,   boost,   23.23, 100911.00,   34.52,  122.63,   96.59, 22.6, 4.09, 4.11, 4.08
6, 8069, 2,     1.19, 3,   boost,   22.66, 100895.00,   35.86,  123.97,   96.81, 22.6, 4.09, 4.11, 4.08
6, 8069, 2,     1.20, 3,   boost,   22.10, 100885.00,   36.69,  124.80,   97.02, 22.6, 4.09, 4.12, 4.08
6, 8069, 2,     1.21, 3,   boost,   21.55, 100883.00,   36.86,  124.97,   97.22, 22.6, 4.05, 4.09, 4.06
6, 8069, 2,     1.22, 3,   boost,   21.01, 100883.00,   36.86,  124.97,   97.42, 22.6, 4.09, 4.09, 4.06
6, 8069, 2,     1.23, 3,   boost,   20.47, 100862.00,   38.61,  126.73,   97.61, 22.6, 4.09, 4.08, 4.06
6, 8069, 2,     1.24, 3,   boost,   19.95, 100831.00,   41.20,  129.32,   97.80, 22.6, 4.09, 4.11, 4.08
6, 8069, 2,     1.25, 3,   boost,   19.43, 100830.00,   41.29,  129.40,   97.98, 22.6, 4.09, 4.12, 4.08
6, 8069, 2,     1.26, 3,   boost,   18.93, 100817.00,   42.37,  130.49,   98.16, 22.6, 4.09, 4.11, 4.08
6, 8069, 2,     1.27, 3,   boost,   18.43, 100799.00,   43.88,  131.99,   98.33, 22.6, 4.09, 4.11, 4.08
6, 8069, 2,     1.28, 3,   boost,   17.94, 100775.00,   45.88,  134.00,   98.50, 22.6, 4.09, 4.11, 4.08
6, 8069, 2,     1.29, 3,   boost,   17.47, 100794.00,   44.30,  132.41,   98.66, 22.6, 4.09, 4.11, 4.08
6, 8069, 2,     1.30, 3,   boost,   17.00, 100764.00,   46.80,  134.92,   98.81, 22.6, 4.09, 4.11, 4.08
6, 8069, 2,     1.31, 3,   boost,   16.54, 100753.00,   47.72,  135.84,   98.96, 22.6, 4.09, 4.12, 4.08
6, 8069, 2,     1.32, 3,   boost,   16.10, 100735.00,   49.23,  137.34,   99.11, 22.6, 4.06, 4.11, 4.06
6, 8069, 2,     1.33, 3,   boost,   15.66, 100735.00,   49.23,  137.34,   99.25, 22.6, 4.09, 4.11, 4.08
6, 8069, 2,     1.34, 3,   boost,   15.23, 100721.00,   50.40,  138.51,   99.39, 22.6, 4.09, 4.09, 4.06
6, 8069, 2,     1.35, 3,   boost,   14.82, 100705.00,   51.74,  139.85,   99.52, 22.6, 4.09, 4.11, 4.08
6, 8069, 2,     1.36, 3,   boost,   14.42, 100689.00,   53.08,  141.19,   99.65, 22.6, 4.09, 4.11, 4.06
6, 8069, 2,     1.37, 3,   boost,   14.02, 100676.00,   54.16,  142.28,   99.77, 22.6, 4.09, 4.11, 4.08
6, 8069, 2,     1.38, 3,   boost,   13.64, 100660.00,   55.50,  143.62,   99.89, 22.6, 4.09, 4.12, 4.08
6, 8069, 2,     1.39, 3,   boost,   13.27, 100643.00,   56.93,  145.04,  100.01, 22.6, 4.09, 4.11, 4.06
6, 8069, 2,     1.40, 3,   boost,   12.90, 100641.00,   57.09,  145.21,  100.12, 22.6, 4.09, 4.12, 4.08
6, 8069, 2,     1.41, 3,   boost,   12.55, 100622.00,   58.68,  146.80,  100.23, 22.6, 4.09, 4.12, 4.08
6, 8069, 2,     1.42, 3,   boost,   12.21, 100603.00,   60.27,  148.39,  100.34, 22.6, 4.09, 4.11, 4.08
6, 8069, 2,     1.43, 3,   boost,   11.88, 100581.00,   62.12,  150.23,  100.44, 22.6, 4.06, 4.09, 4.06
6, 8069, 2,     1.44, 3,   boost,   11.56, 100581.00,   62.12,  150.23,  100.54, 22.6, 4.11, 4.11, 4.08
6, 8069, 2,     1.45, 3,   boost,   11.25, 100564.00,   63.54,  151.65,  100.64, 22.6, 4.09, 4.09, 4.06
6, 8069, 2,     1.46, 3,   boost,   10.95, 100542.00,   65.38,  153.50,  100.73, 22.6, 4.09, 4.11, 4.08
6, 8069, 2,     1.47, 3,   boost,   10.66, 100523.00,   66.98,  155.09,  100.82, 22.6, 4.09, 4.11, 4.08
6, 8069, 2,     1.48, 3,   boost,   10.38, 100509.00,   68.15,  156.26,  100.91, 22.6, 4.09, 4.11, 4.08
6, 8069, 2,     1.49, 3,   boost,   10.10, 100493.00,   69.49,  157.60,  101.00, 22.6, 4.09, 4.11, 4.08
6, 8069, 2,     1.50, 3,   boost,    9.84, 100490.00,   69.74,  157.85,  101.08, 22.6, 4.09, 4.11, 4.08
6, 8069, 2,     1.51, 3,   boost,    9.58, 100475.00,   71.00,  159.11,  101.16, 22.6, 4.09, 4.11, 4.06
6, 8069, 2,     1.52, 3,   boost,    9.34, 100466.00,   71.75,  159.86,  101.24, 22.6, 4.09, 4.11, 4.08
6, 8069, 2,     1.53, 3,   boost,    9.10, 100450.00,   73.09,  161.21,  101.32, 22.6, 4.09, 4.11, 4.08
6, 8069, 2,     1.54, 3,   boost,    8.87, 100436.00,   74.27,  162.38,  101.39, 22.6, 4.06, 4.11, 4.06
6, 8069, 2,     1.55, 3,   boost,    8.65, 100436.00,   74.27,  162.38,  101.47, 22.6, 4.09, 4.11, 4.08
6, 8069, 2,     1.56, 3,   boost,    8.43, 100423.00,   75.36,  163.47,  101.54, 22.6, 4.08, 4.09, 4.06
6, 8069, 2,     1.57, 3,   boost,    8.22, 100401.00,   77.20,  165.31,  101.61, 22.6, 4.09, 4.11, 4.08
6, 8069, 2,     1.58, 3,   boost,    8.02, 100380.00,   78.96,  167.08,  101.68, 22.6, 4.09, 4.12, 4.08
6, 8069, 2,     1.59, 3,   boost,    7.83, 100363.00,   80.39,  168.50,  101.74, 22.6, 4.09, 4.11, 4.08
6, 8069, 2,     1.60, 3,   boost,    7.64, 100345.00,   81.90,  170.01,  101.81, 22.6, 4.09, 4.11, 4.08
6, 8069, 2,     1.61, 3,   boost,    7.45, 100335.00,   82.74,  170.85,  101.88, 22.6, 4.09, 4.11, 4.06
6, 8069, 2,     1.62, 3,   boost,    7.28, 100316.00,   84.33,  172.44,  101.94, 22.6, 4.09, 4.11, 4.08
6, 8069, 2,     1.63, 3,   boost,    7.10, 100305.00,   85.26,  173.37,  102.00, 22.6, 4.11, 4.12, 4.08
6, 8069, 2,     1.64, 3,   boost,    6.93, 100287.00,   86.77,  174.88,  102.06, 22.6, 4.09, 4.09, 4.08
6, 8069, 2,     1.65, 3,   boost,    6.77, 100285.00,   86.93,  175.05,  102.12, 22.6, 4.05, 4.11, 4.06
6, 8069, 2,     1.66, 3,   boost,    6.61, 100285.00,   86.93,  175.05,  102.18, 22.6, 4.09, 4.11, 4.08
6, 8069, 2,     1.67, 3,   boost,    6.45, 100269.00,   88.28,  176.39,  102.24, 22.6, 4.09, 4.09, 4.06
6, 8069, 2,     1.68, 3,   boost,    6.30, 100245.00,   90.29,  178.40,  102.30, 22.6, 4.09, 4.12, 4.08
6, 8069, 2,     1.69, 3,   boost,    6.15, 100239.00,   90.80,  178.91,  102.36, 22.6, 4.09, 4.11, 4.08
6, 8069, 2,     1.70, 3,   boost,    6.00, 100233.00,   91.30,  179.41,  102.42, 22.6, 4.09, 4.11, 4.06
6, 8069, 2,     1.71, 3,   boost,    5.86, 100226.00,   91.89,  180.00,  102.47, 22.6, 4.09, 4.12, 4.08
6, 8069, 2,     1.72, 3,   boost,    5.71, 100217.00,   92.64,  180.76,  102.53, 22.6, 4.09, 4.11, 4.08
6, 8069, 2,     1.73, 3,   boost,    5.57, 100202.00,   93.90,  182.02,  102.59, 22.6, 4.09, 4.11, 4.08
6, 8069, 2,     1.74, 3,   boost,    5.43, 100187.00,   95.16,  183.28,  102.64, 22.6, 4.09, 4.11, 4.06
6, 8069, 2,     1.75, 3,   boost,    5.29, 100175.00,   96.17,  184.28,  102.69, 22.6, 4.09, 4.11, 4.08
6, 8069, 2,     1.76, 3,   boost,    5.15, 100162.00,   97.26,  185.38,  102.75, 22.6, 4.05, 4.11, 4.06
6, 8069, 2,     1.77, 3,   boost,    5.01, 100162.00,   97.26,  185.38,  102.80, 22.6, 4.11, 4.09, 4.06
6, 8069, 2,     1.78, 3,   boost,    4.87, 100139.00,   99.20,  187.31,  102.86, 22.6, 4.08, 4.09, 4.06
6, 8069, 2,     1.79, 3,   boost,    4.73, 100123.00,  100.54,  188.65,  102.91, 22.6, 4.09, 4.11, 4.08
6, 8069, 2,     1.80, 3,   boost,    4.60, 100104.00,  102.14,  190.25,  102.96, 22.6, 4.09, 4.11, 4.06
6, 8069, 2,     1.81, 3,   boost,    4.46, 100091.00,  103.23,  191.34,  103.01, 22.6, 4.09, 4.11, 4.08
6, 8069, 2,     1.82, 3,   boost,    4.32, 100076.00,  104.49,  192.61,  103.07, 22.6, 4.09, 4.11, 4.06
6, 8069, 2,     1.83, 3,   boost,    4.18, 100065.00,  105.42,  193.53,  103.12, 22.6, 4.09, 4.11, 4.08
6, 8069, 2,     1.84, 3,   boost,    4.03, 100048.00,  106.85,  194.96,  103.17, 22.6, 4.09, 4.11, 4.08
6, 8069, 2,     1.85, 3,   boost,    3.89, 100039.00,  107.60,  195.72,  103.22, 22.6, 4.09, 4.11, 4.08
6, 8069, 2,     1.86, 3,   boost,    3.75, 100028.00,  108.53,  196.64,  103.27, 22.6, 4.09, 4.11, 4.08
6, 8069, 2,     1.87, 3,   boost,    3.60, 100009.00,  110.13,  198.24,  103.32, 22.6, 4.06, 4.09, 4.06
6, 8069, 2,     1.88, 3,   boost,    3.45, 100009.00,  110.13,  198.24,  103.36, 22.6, 4.09, 4.11, 4.08
6, 8069, 2,     1.89, 3,   boost,    3.30,  99998.00,  111.05,  199.17,  103.41, 22.6, 4.08, 4.09, 4.06
6, 8069, 2,     1.90, 3,   boost,    3.15,  99972.00,  113.24,  201.35,  103.45, 22.6, 4.09, 4.11, 4.06
6, 8069, 2,     1.91, 3,   boost,    3.00,  99966.00,  113.75,  201.86,  103.49, 22.6, 4.09, 4.11, 4.08
6, 8069, 2,     1.92, 3,   boost,    2.85,  99950.00,  115.09,  203.20,  103.53, 22.6, 4.09, 4.11, 4.06
6, 8069, 2,     1.93, 3,   boost,    2.69,  99933.00,  116.52,  204.64,  103.56, 22.6, 4.09, 4.12, 4.08
6, 8069, 2,     1.94, 3,   boost,    2.53,  99914.00,  118.12,  206.24,  103.59, 22.6, 4.09, 4.12, 4.08
6, 8069, 2,     1.95, 3,   boost,    2.37,  99905.00,  118.88,  206.99,  103.62, 22.6, 4.09, 4.11, 4.08
6, 8069, 2,     1.96, 3,   boost,    2.21,  99890.00,  120.14,  208.26,  103.65, 22.6, 4.09, 4.11, 4.06
6, 8069, 2,     1.97, 3,   boost,    2.05,  99874.00,  121.49,  209.60,  103.68, 22.6, 4.09, 4.11, 4.08
6, 8069, 2,     1.98, 3,   boost,    1.89,  99864.00,  122.33,  210.45,  103.70, 22.6, 4.05, 4.09, 4.06
6, 8069, 2,     1.99, 3,   boost,    1.72,  99864.00,  122.33,  210.45,  103.72, 22.6, 4.09, 4.11, 4.08
6, 8069, 2,     2.00, 3,   boost,    1.55,  99847.00,  123.76,  211.88,  103.74, 22.6, 4.09, 4.09, 4.06
6, 8069, 2,     2.01, 3,   boost,    1.38,  99827.00,  125.45,  213.56,  103.76, 22.6, 4.09, 4.12, 4.08
6, 8069, 2,     2.02, 3,   boost,    1.21,  99812.00,  126.71,  214.83,  103.77, 22.6, 4.09, 4.11, 4.08
6, 8069, 2,     2.03, 3,   boost,    1.04,  99798.00,  127.89,  216.01,  103.79, 22.6, 4.09, 4.11, 4.06
6, 8069, 2,     2.04, 3,   boost,    0.87,  99786.00,  128.90,  217.02,  103.80, 22.6, 4.09, 4.11, 4.06
6, 8069, 2,     2.05, 3,   boost,    0.70,  99778.00,  129.58,  217.69,  103.81, 22.6, 4.09, 4.12, 4.06
6, 8069, 2,     2.06, 3,   boost,    0.52,  99764.00,  130.76,  218.87,  103.82, 22.6, 4.09, 4.11, 4.06
6, 8069, 2,     2.07, 3,   boost,    0.35,  99747.00,  132.19,  220.31,  103.82, 22.6, 4.09, 4.11, 4.08
6, 8069, 2,     2.08, 3,   boost,    0.17,  99743.00,  132.53,  220.64,  103.82, 22.6, 4.09, 4.11, 4.06
6, 8069, 2,     2.09, 3,   boost,   -0.01,  99725.00,  134.05,  222.16,  103.82, 22.6, 4.06, 4.11, 4.06
6, 8069, 2,     2.10, 3,   boost,   -0.18,  99725.00,  134.05,  222.16,  103.82, 22.6, 4.09, 4.09, 4.06
6, 8069, 2,     2.11, 3,   boost,   -0.36,  99716.00,  134.81,  222.92,  103.82, 22.6, 4.09, 4.09, 4.06
6, 8069, 2,     2.12, 3,   boost,   -0.54,  99691.00,  136.91,  225.03,  103.81, 22.6, 4.09, 4.11, 4.08
6, 8069, 2,     2.13, 3,   boost,   -0.71,  99680.00,  137.84,  225.96,  103.81, 22.6, 4.09, 4.11, 4.06
6, 8069, 2,     2.14, 3,   boost,   -0.89,  99664.00,  139.19,  227.31,  103.80, 22.6, 4.09, 4.11, 4.08
6, 8069, 2,     2.15, 3,   boost,   -1.07,  99654.00,  140.04,  228.15,  103.79, 22.6, 4.09, 4.11, 4.08
6, 8069, 2,     2.16, 3,   boost,   -1.24,  99640.00,  141.22,  229.33,  103.78, 22.6, 4.09, 4.11, 4.06
6, 8069, 2,     2.17, 3,   boost,   -1.42,  99630.00,  142.06,  230.17,  103.76, 22.6, 4.09, 4.12, 4.09
6, 8069, 2,     2.18, 3,   boost,   -1.59,  99607.00,  144.00,  232.11,  103.75, 22.6, 4.09, 4.11, 4.06
6, 8069, 2,     2.19, 3,   boost,   -1.77,  99605.00,  144.17,  232.28,  103.73, 22.6, 4.09, 4.11, 4.08
6, 8069, 2,     2.20, 3,   boost,   -1.94,  99586.00,  145.77,  233.89,  103.70, 22.6, 4.05, 4.11, 4.06
6, 8069, 2,     2.21, 3,   boost,   -2.11,  99586.00,  145.77,  233.89,  103.68, 22.6, 4.09, 4.11, 4.08
6, 8069, 2,     2.22, 3,   boost,   -2.28,  99572.00,  146.96,  235.07,  103.66, 22.6, 4.08, 4.08, 4.06
6, 8069, 2,     2.23, 3,   boost,   -2.45,  99543.00,  149.41,  237.52,  103.63, 22.6, 4.09, 4.11, 4.06
6, 8069, 2,     2.24, 3,   boost,   -2.62,  99533.00,  150.25,  238.36,  103.60, 22.6, 4.09, 4.11, 4.08
6, 8069, 2,     2.25, 3,   boost,   -2.79,  99516.00,  151.69,  239.80,  103.57, 22.6, 4.09, 4.11, 4.08
6, 8069, 2,     2.26, 3,   boost,   -2.96,  99506.00,  152.53,  240.64,  103.54, 22.6, 4.09, 4.11, 4.08
6, 8069, 2,     2.27, 3,   boost,   -3.12,  99493.00,  153.63,  241.74,  103.51, 22.6, 4.09, 4.11, 4.08
6, 8069, 2,     2.28, 3,   boost,   -3.29,  99479.00,  154.81,  242.92,  103.48, 22.6, 4.09, 4.11, 4.06
6, 8069, 2,     2.29, 3,   boost,   -3.45,  99472.00,  155.40,  243.52,  103.44, 22.6, 4.09, 4.12, 4.08
6, 8069, 2,     2.30, 3,   boost,   -3.61,  99459.00,  156.50,  244.61,  103.40, 22.6, 4.09, 4.11, 4.08
6, 8069, 2,     2.31, 3,   boost,   -3.77,  99435.00,  158.53,  246.64,  103.36, 22.6, 4.06, 4.09, 4.06
6, 8069, 2,     2.32, 3,   boost,   -3.92,  99435.00,  158.53,  246.64,  103.32, 22.6, 4.09, 4.12, 4.08
6, 8069, 2,     2.33, 3,   boost,   -4.08,  99427.00,  159.21,  247.32,  103.28, 22.6, 4.09, 4.09, 4.06
6, 8069, 2,     2.34, 3,   boost,   -4.23,  99403.00,  161.23,  249.35,  103.24, 22.6, 4.09, 4.12, 4.08
6, 8069, 2,     2.35, 3,   boost,   -4.38,  99402.00,  161.32,  249.43,  103.19, 22.6, 4.09, 4.11, 4.08
6, 8069, 2,     2.36, 3,   boost,   -4.53,  99387.00,  162.59,  250.70,  103.14, 22.6, 4.09, 4.11, 4.06
6, 8069, 2,     2.37, 3,   boost,   -4.68,  99369.00,  164.11,  252.22,  103.09, 22.6, 4.09, 4.11, 4.08
6, 8069, 2,     2.38, 3,   boost,   -4.83,  99362.00,  164.70,  252.81,  103.05, 22.6, 4.09, 4.12, 4.08
6, 8069, 2,     2.39, 3,   boost,   -4.97,  99346.00,  166.05,  254.17,  102.99, 22.6, 4.09, 4.11, 4.06
6, 8069, 2,     2.40, 3,   boost,   -5.12,  99338.00,  166.73,  254.84,  102.94, 22.6, 4.09, 4.11, 4.06
6, 8069, 2,     2.41, 3,   boost,   -5.26,  99320.00,  168.25,  256.37,  102.89, 22.6, 4.09, 4.11, 4.08
6, 8069, 2,     2.42, 3,   boost,   -5.40,  99304.00,  169.61,  257.72,  102.83, 22.6, 4.06, 4.11, 4.08
6, 8069, 2,     2.43, 3,   boost,   -5.53,  99304.00,  169.61,  257.72,  102.78, 22.6, 4.09, 4.11, 4.06
6, 8069, 2,     2.44, 3,   boost,   -5.67,  99297.00,  170.20,  258.31,  102.72, 22.6, 4.08, 4.09, 4.06
6, 8069, 2,     2.45, 3,   boost,   -5.80,  99270.00,  172.48,  260.60,  102.66, 22.6, 4.09, 4.11, 4.06
6, 8069, 2,     2.46, 3,   boost,   -5.94,  99262.00,  173.16,  261.27,  102.60, 22.6, 4.09, 4.12, 4.08
6, 8069, 2,     2.47, 3,   boost,   -6.07,  99250.00,  174.18,  262.29,  102.53, 22.6, 4.09, 4.11, 4.08
6, 8069, 2,     2.48, 3,   boost,   -6.20,  99231.00,  175.79,  263.90,  102.47, 22.6, 4.09, 4.09, 4.06
6, 8069, 2,     2.49, 3,   boost,   -6.32,  99226.00,  176.21,  264.32,  102.41, 22.6, 4.09, 4.11, 4.06
6, 8069, 2,     2.50, 3,   boost,   -6.45,  99215.00,  177.14,  265.25,  102.34, 22.6, 4.09, 4.11, 4.08
6, 8069, 2,     2.51, 3,   boost,   -6.57,  99198.00,  178.58,  266.69,  102.27, 22.6, 4.09, 4.11, 4.06
6, 8069, 2,     2.52, 3,   boost,   -6.69,  99184.00,  179.77,  267.88,  102.20, 22.6, 4.09, 4.11, 4.08
6, 8069, 2,     2.53, 3,   boost,   -6.81,  99175.00,  180.53,  268.64,  102.13, 22.6, 4.06, 4.09, 4.05
6, 8069, 2,     2.54, 3,   boost,   -6.93,  99175.00,  180.53,  268.64,  102.06, 22.6, 4.11, 4.11, 4.08
6, 8069, 2,     2.55, 3,   boost,   -7.05,  99157.00,  182.05,  270.17,  101.99, 22.6, 4.08, 4.09, 4.06
6, 8069, 2,     2.56, 3,   boost,   -7.17,  99139.00,  183.58,  271.69,  101.92, 22.6, 4.09, 4.11, 4.08
6, 8069, 2,     2.57, 3,   boost,   -7.28,  99130.00,  184.34,  272.45,  101.84, 22.6, 4.09, 4.11, 4.08
6, 8069, 2,     2.58, 3,   boost,   -7.39,  99109.00,  186.12,  274.23,  101.77, 22.6, 4.09, 4.12, 4.08
6, 8069, 2,     2.59, 3,   boost,   -7.50,  99097.00,  187.14,  275.25,  101.69, 22.6, 4.09, 4.11, 4.08
6, 8069, 2,     2.60, 3,   boost,   -7.61,  99090.00,  187.73,  275.84,  101.62, 22.6, 4.09, 4.11, 4.09
6, 8069, 2,     2.61, 3,   boost,   -7.72,  99070.00,  189.43,  277.54,  101.54, 22.6, 4.09, 4.11, 4.06
6, 8069, 2,     2.62, 3,   boost,   -7.83,  99060.00,  190.27,  278.39,  101.46, 22.6, 4.09, 4.11, 4.06
6, 8069, 2,     2.63, 3,   boost,   -7.93,  99048.00,  191.29,  279.40,  101.38, 22.6, 4.09, 4.11, 4.08
6, 8069, 2,     2.64, 3,   boost,   -8.03,  99038.00,  192.14,  280.25,  101.30, 22.6, 4.06, 4.09, 4.06
6, 8069, 2,     2.65, 3,   boost,   -8.14,  99038.00,  192.14,  280.25,  101.21, 22.6, 4.09, 4.11, 4.08
6, 8069, 2,     2.66, 3,   boost,   -8.24,  99021.00,  193.58,  281.69,  101.13, 22.6, 4.08, 4.09, 4.06
6, 8069, 2,     2.67, 3,   boost,   -8.34,  99000.00,  195.36,  283.47,  101.05, 22.6, 4.09, 4.12, 4.08
6, 8069, 2,     2.68, 3,   boost,   -8.43,  98992.00,  196.04,  284.15,  100.96, 22.6, 4.09, 4.11, 4.06
6, 8069, 2,     2.69, 3,   boost,   -8.53,  98976.00,  197.40,  285.51,  100.87, 22.6, 4.09, 4.11, 4.08
6, 8069, 2,     2.70, 3,   boost,   -8.62,  98966.00,  198.25,  286.36,  100.79, 22.6, 4.09, 4.11, 4.08
6, 8069, 2,     2.71, 3,   boost,   -8.72,  98953.00,  199.35,  287.46,  100.70, 22.6, 4.09, 4.11, 4.08
6, 8069, 2,     2.72, 3,   boost,   -8.81,  98945.00,  200.03,  288.14,  100.61, 22.6, 4.09, 4.11, 4.06
6, 8069, 2,     2.73, 3,   boost,   -8.90,  98932.00,  201.13,  289.24,  100.52, 22.6, 4.09, 4.11, 4.06
6, 8069, 2,     2.74, 3,   boost,   -8.99,  98920.00,  202.15,  290.26,  100.43, 22.6, 4.09, 4.11, 4.08
6, 8069, 2,     2.75, 3,   boost,   -9.08,  98907.00,  203.25,  291.37,  100.33, 22.6, 4.05, 4.09, 4.06
6, 8069, 2,     2.76, 3,   boost,   -9.17,  98907.00,  203.25,  291.37,  100.24, 22.6, 4.09, 4.11, 4.08
6, 8069, 2,     2.77, 3,   boost,   -9.25,  98895.00,  204.27,  292.38,  100.15, 22.6, 4.08, 4.09, 4.06
6, 8069, 2,     2.78, 3,   boost,   -9.34,  98876.00,  205.88,  294.00,  100.05, 22.6, 4.09, 4.11, 4.08
6, 8069, 2,     2.79, 3,   boost,   -9.42,  98863.00,  206.99,  295.10,   99.96, 22.6, 4.09, 4.11, 4.06
6, 8069, 2,     2.80, 3,   boost,   -9.50,  98848.00,  208.26,  296.38,   99.86, 22.6, 4.09, 4.11, 4.08
6, 8069, 2,     2.81, 3,   boost,   -9.58,  98834.00,  209.45,  297.56,   99.76, 22.6, 4.09, 4.11, 4.06
6, 8069, 2,     2.82, 3,   boost,   -9.66,  98822.00,  210.47,  298.58,   99.66, 22.6, 4.09, 4.11, 4.08
6, 8069, 2,     2.83, 3,   boost,   -9.74,  98817.00,  210.90,  299.01,   99.57, 22.6, 4.09, 4.11, 4.08
6, 8069, 2,     2.84, 3,   boost,   -9.82,  98797.00,  212.59,  300.71,   99.47, 22.6, 4.09, 4.12, 4.08
6, 8069, 2,     2.85, 3,   boost,   -9.90,  98794.00,  212.85,  300.96,   99.37, 22.6, 4.09, 4.11, 4.08
6, 8069, 2,     2.86, 3,   boost,   -9.97,  98777.00,  214.29,  302.41,   99.27, 22.6, 4.06, 4.11, 4.08
6, 8069, 2,     2.87, 3,   boost,  -10.05,  98777.00,  214.29,  302.41,   99.17, 22.6, 4.09, 4.12, 4.08
6, 8069, 2,     2.88, 3,   boost,  -10.12,  98767.00,  215.14,  303.26,   99.07, 22.6, 4.08, 4.09, 4.06
6, 8069, 2,     2.89, 3,   boost,  -10.19,  98750.00,  216.59,  304.70,   98.96, 22.6, 4.09, 4.11, 4.06
6, 8069, 2,     2.90, 3,   boost,  -10.26,  98731.00,  218.20,  306.32,   98.86, 22.6, 4.09, 4.11, 4.08
6, 8069, 2,     2.91, 3,   boost,  -10.33,  98719.00,  219.22,  307.34,   98.75, 22.6, 4.09, 4.11, 4.08
6, 8069, 2,     2.92, 3,   boost,  -10.40,  98704.00,  220.50,  308.61,   98.65, 22.6, 4.09, 4.11, 4.08
6, 8069, 2,     2.93, 3,   boost,  -10.47,  98698.00,  221.01,  309.12,   98.54, 22.6, 4.09, 4.11, 4.06
6, 8069, 2,     2.94, 3,   boost,  -10.54,  98693.00,  221.43,  309.55,   98.44, 22.6, 4.09, 4.11, 4.06
6, 8069, 2,     2.95, 3,   boost,  -10.60,  98671.00,  223.31,  311.42,   98.33, 22.6, 4.09, 4.11, 4.06
6, 8069, 2,     2.96, 3,   boost,  -10.67,  98659.00,  224.33,  312.44,   98.22, 22.6, 4.09, 4.11, 4.08
6, 8069, 2,     2.97, 3,   boost,  -10.73,  98644.00,  225.60,  313.71,   98.12, 22.6, 4.06, 4.09, 4.06
6, 8069, 2,     2.98, 3,   boost,  -10.80,  98644.00,  225.60,  313.71,   98.01, 22.6, 4.09, 4.11, 4.08
6, 8069, 2,     2.99, 3,   boost,  -10.86,  98634.00,  226.45,  314.57,   97.90, 22.6, 4.08, 4.09, 4.05
6, 8069, 2,     3.00, 3,   boost,  -10.92,  98615.00,  228.07,  316.18,   97.79, 22.6, 4.09, 4.12, 4.08
6, 8069, 2,     3.01, 3,   boost,  -10.98,  98607.00,  228.75,  316.86,   97.68, 22.6, 4.09, 4.11, 4.08
6, 8069, 2,     3.02, 3,   boost,  -11.04,  98589.00,  230.28,  318.39,   97.57, 22.6, 4.09, 4.11, 4.06
6, 8069, 2,     3.03, 3,   boost,  -11.10,  98580.00,  231.05,  319.16,   97.45, 22.6, 4.09, 4.11, 4.06
6, 8069, 2,     3.04, 3,   boost,  -11.16,  98566.00,  232.24,  320.35,   97.34, 22.6, 4.09, 4.11, 4.08
6, 8069, 2,     3.05, 3,   boost,  -11.21,  98555.00,  233.18,  321.29,   97.23, 22.6, 4.09, 4.11, 4.08
6, 8069, 2,     3.06, 3,   boost,  -11.27,  98543.00,  234.20,  322.31,   97.12, 22.6, 4.09, 4.11, 4.08
6, 8069, 2,     3.07, 3,   boost,  -11.32,  98535.00,  234.88,  322.99,   97.00, 22.6, 4.09, 4.12, 4.08
6, 8069, 2,     3.08, 3,   boost,  -11.38,  98518.00,  236.33,  324.44,   96.89, 22.6, 4.06, 4.11, 4.06
6, 8069, 2,     3.09, 3,   boost,  -11.43,  98518.00,  236.33,  324.44,   96.77, 22.6, 4.09, 4.09, 4.08
6, 8069, 2,     3.10, 3,   boost,  -11.49,  98504.00,  237.52,  325.63,   96.65, 22.6, 4.08, 4.09, 4.06
6, 8069, 2,     3.11, 3,   boost,  -11.54,  98480.00,  239.56,  327.68,   96.54, 22.6, 4.09, 4.11, 4.08
6, 8069, 2,     3.12, 3,   boost,  -11.59,  98481.00,  239.48,  327.59,   96.42, 22.6, 4.09, 4.11, 4.08
6, 8069, 2,     3.13, 3,   boost,  -11.64,  98465.00,  240.84,  328.95,   96.30, 22.6, 4.09, 4.11, 4.08
6, 8069, 2,     3.14, 3,   boost,  -11.69,  98449.00,  242.20,  330.32,   96.19, 22.6, 4.09, 4.11, 4.08
6, 8069, 2,     3.15, 3,   boost,  -11.74,  98443.00,  242.71,  330.83,   96.07, 22.6, 4.09, 4.11, 4.08
6, 8069, 2,     3.16, 3,   boost,  -11.79,  98433.00,  243.57,  331.68,   95.95, 22.6, 4.09, 4.11, 4.08
6, 8069, 2,     3.17, 3,   boost,  -11.83,  98420.00,  244.68,  332.79,   95.83, 22.6, 4.09, 4.11, 4.08
6, 8069, 2,     3.18, 3,   boost,  -11.88,  98408.00,  245.70,  333.81,   95.71, 22.6, 4.09, 4.12, 4.08
6, 8069, 2,     3.19, 3,   boost,  -11.93,  98398.00,  246.55,  334.66,   95.59, 22.6, 4.06, 4.11, 4.06
6, 8069, 2,     3.20, 3,   boost,  -11.97,  98398.00,  246.55,  334.66,   95.47, 22.6, 4.09, 4.12, 4.08
6, 8069, 2,     3.21, 3,   boost,  -12.02,  98380.00,  248.08,  336.20,   95.35, 22.6, 4.09, 4.09, 4.06
6, 8069, 2,     3.22, 3,   boost,  -12.06,  98360.00,  249.79,  337.90,   95.23, 22.6, 4.09, 4.12, 4.08
6, 8069, 2,     3.23, 3,   boost,  -12.11,  98344.00,  251.15,  339.27,   95.11, 22.6, 4.09, 4.12, 4.08
6, 8069, 2,     3.24, 3,   boost,  -12.15,  98337.00,  251.75,  339.86,   94.99, 22.6, 4.09, 4.12, 4.08
6, 8069, 2,     3.25, 3,   boost,  -12.19,  98329.00,  252.43,  340.55,   94.86, 22.6, 4.09, 4.11, 4.06
6, 8069, 2,     3.26, 3,   boost,  -12.23,  98318.00,  253.37,  341.48,   94.74, 22.6, 4.09, 4.11, 4.08
6, 8069, 2,     3.27, 3,   boost,  -12.28,  98303.00,  254.65,  342.76,   94.62, 22.6, 4.09, 4.11, 4.08
6, 8069, 2,     3.28, 3,   boost,  -12.32,  98299.00,  254.99,  343.11,   94.49, 22.6, 4.09, 4.11, 4.08
6, 8069, 2,     3.29, 3,   boost,  -12.36,  98279.00,  256.70,  344.81,   94.37, 22.6, 4.09, 4.12, 4.08
6, 8069, 2,     3.30, 3,   boost,  -12.40,  98270.00,  257.47,  345.58,   94.25, 22.6, 4.06, 4.09, 4.06
6, 8069, 2,     3.31, 3,   boost,  -12.44,  98270.00,  257.47,  345.58,   94.12, 22.6, 4.11, 4.11, 4.06
6, 8069, 2,     3.32, 3,   boost,  -12.48,  98254.00,  258.83,  346.95,   94.00, 22.6, 4.08, 4.09, 4.06
6, 8069, 2,     3.33, 3,   boost,  -12.51,  98237.00,  260.28,  348.40,   93.87, 22.6, 4.09, 4.12, 4.08
6, 8069, 2,     3.34, 3,   boost,  -12.55,  98226.00,  261.22,  349.34,   93.74, 22.6, 4.09, 4.11, 4.08
6, 8069, 2,     3.35, 3,   boost,  -12.59,  98212.00,  262.42,  350.53,   93.62, 22.6, 4.09, 4.11, 4.08
6, 8069, 2,     3.36, 3,   boost,  -12.63,  98201.00,  263.36,  351.47,   93.49, 22.6, 4.09, 4.11, 4.08
6, 8069, 2,     3.37, 3,   boost,  -12.66,  98191.00,  264.21,  352.32,   93.36, 22.6, 4.09, 4.12, 4.08
6, 8069, 2,     3.38, 3,   boost,  -12.70,  98180.00,  265.15,  353.26,   93.24, 22.6, 4.09, 4.11, 4.08
6, 8069, 2,     3.39, 3,   boost,  -12.74,  98170.00,  266.00,  354.12,   93.11, 22.6, 4.09, 4.11, 4.08
6, 8069, 2,     3.40, 3,   boost,  -12.77,  98159.00,  266.94,  355.06,   92.98, 22.6, 4.09, 4.11, 4.06
6, 8069, 2,     3.41, 3,   boost,  -12.81,  98153.00,  267.46,  355.57,   92.85, 22.6, 4.06, 4.09, 4.06
6, 8069, 2,     3.42, 3,   boost,  -12.84,  98153.00,  267.46,  355.57,   92.72, 22.6, 4.09, 4.11, 4.08
6, 8069, 2,     3.43, 3,   boost,  -12.88,  98136.00,  268.91,  357.02,   92.60, 22.6, 4.08, 4.09, 4.06
6, 8069, 2,     3.44, 3,   boost,  -12.91,  98120.00,  270.27,  358.39,   92.47, 22.6, 4.09, 4.12, 4.08
6, 8069, 2,     3.45, 3,   boost,  -12.95,  98112.00,  270.96,  359.07,   92.34, 22.6, 4.09, 4.11, 4.06
6, 8069, 2,     3.46, 3,   boost,  -12.98,  98095.00,  272.41,  360.52,   92.21, 22.6, 4.09, 4.11, 4.08
6, 8069, 2,     3.47, 3,   boost,  -13.02,  98086.00,  273.18,  361.29,   92.08, 22.6, 4.09, 4.12, 4.08
6, 8069, 2,     3.48, 3,   boost,  -13.05,  98074.00,  274.21,  362.32,   91.95, 22.6, 4.09, 4.11, 4.06
6, 8069, 2,     3.49, 3,   boost,  -13.08,  98062.00,  275.23,  363.34,   91.82, 22.6, 4.09, 4.11, 4.08
6, 8069, 2,     3.50, 3,   boost,  -13.12,  98053.00,  276.00,  364.11,   91.69, 22.6, 4.09, 4.12, 4.08
6, 8069, 2,     3.51, 3,   boost,  -13.15,  98045.00,  276.68,  364.80,   91.55, 22.6, 4.09, 4.11, 4.08
6, 8069, 2,     3.52, 3,   boost,  -13.18,  98033.00,  277.71,  365.82,   91.42, 22.6, 4.05, 4.11, 4.06
6, 8069, 2,     3.53, 3,   boost,  -13.22,  98033.00,  277.71,  365.82,   91.29, 22.6, 4.09, 4.11, 4.08
6, 8069, 2,     3.54, 3,   boost,  -13.25,  98013.00,  279.42,  367.53,   91.16, 22.6, 4.08, 4.09, 4.05
6, 8069, 2,     3.55, 3,   boost,  -13.28,  97999.00,  280.62,  368.73,   91.03, 22.6, 4.09, 4.12, 4.08
6, 8069, 2,     3.56, 3,   boost,  -13.31,  97987.00,  281.64,  369.76,   90.89, 22.6, 4.12, 4.08, 4.06
6, 8069, 2,     3.57, 3,   boost,  -13.34,  97975.00,  282.67,  370.78,   90.76, 22.6, 4.08, 4.09, 4.06
6, 8069, 2,     3.58, 3,   boost,  -13.37,  97965.00,  283.53,  371.64,   90.62, 22.6, 4.09, 4.09, 4.06
6, 8069, 2,     3.59, 3,   boost,  -13.41,  97945.00,  285.24,  373.35,   90.49, 22.6, 4.08, 4.11, 4.06
6, 8069, 2,     3.60, 3,   boost,  -13.44,  97946.00,  285.15,  373.26,   90.36, 22.6, 4.09, 4.11, 4.05
6, 8069, 2,     3.61, 3,   boost,  -13.47,  97932.00,  286.35,  374.46,   90.22, 22.6, 4.08, 4.09, 4.06
6, 8069, 2,     3.62, 3,   boost,  -13.50,  97921.00,  287.29,  375.40,   90.09, 22.6, 4.12, 4.12, 4.06
6, 8069, 2,     3.63, 5,   coast,  -13.53,  97909.00,  288.32,  376.43,   89.96, 22.6, 4.08, 4.11, 4.05
6, 8069, 2,     3.63, 5,   coast,  -13.53,  97909.00,  288.32,  376.43,   89.96, 22.6, 4.08, 4.11, 4.05
6, 8069, 2,     3.64, 5,   coast,  -13.56,  97909.00,  288.32,  376.43,   89.82, 22.6, 4.08, 4.09, 4.08
6, 8069, 2,     3.65, 5,   coast,  -13.59,  97905.00,  288.66,  376.77,   89.68, 22.6, 4.06, 4.09, 4.05
6, 8069, 2,     3.66, 5,   coast,  -13.62,  97879.00,  290.89,  379.00,   89.55, 22.6, 4.09, 4.11, 4.06
6, 8069, 2,     3.67, 5,   coast,  -13.65,  97868.00,  291.83,  379.94,   89.41, 22.6, 4.08, 4.11, 4.05
6, 8069, 2,     3.68, 5,   coast,  -13.68,  97858.00,  292.68,  380.80,   89.28, 22.6, 4.09, 4.11, 4.06
6, 8069, 2,     3.69, 5,   coast,  -13.70,  97841.00,  294.14,  382.25,   89.14, 22.6, 4.08, 4.12, 4.08
6, 8069, 2,     3.70, 5,   coast,  -13.73,  97835.00,  294.65,  382.77,   89.00, 22.6, 4.08, 4.09, 4.06
6, 8069, 2,     3.71, 5,   coast,  -13.76,  97827.00,  295.34,  383.45,   88.86, 22.6, 4.09, 4.09, 4.06
6, 8069, 2,     3.72, 5,   coast,  -13.79,  97815.00,  296.37,  384.48,   88.72, 22.6, 4.08, 4.09, 4.05
6, 8069, 2,     3.73, 5,   coast,  -13.82,  97807.00,  297.05,  385.16,   88.58, 22.6, 4.09, 4.09, 4.06
6, 8069, 2,     3.74, 5,   coast,  -13.85,  97792.00,  298.34,  386.45,   88.44, 22.6, 4.08, 4.11, 4.06
6, 8069, 2,     3.75, 5,   coast,  -13.87,  97792.00,  298.34,  386.45,   88.31, 22.6, 4.09, 4.12, 4.08
6, 8069, 2,     3.76, 5,   coast,  -13.90,  97779.00,  299.45,  387.56,   88.17, 22.6, 4.08, 4.12, 4.06
6, 8069, 2,     3.77, 5,   coast,  -13.93,  97766.00,  300.56,  388.68,   88.03, 22.6, 4.09, 4.09, 4.06
6, 8069, 2,     3.78, 5,   coast,  -13.95,  97753.00,  301.68,  389.79,   87.89, 22.6, 4.08, 4.11, 4.06
6, 8069, 2,     3.79, 5,   coast,  -13.98,  97749.00,  302.02,  390.13,   87.75, 22.6, 4.09, 4.11, 4.06
6, 8069, 2,     3.80, 5,   coast,  -14.01,  97742.00,  302.62,  390.73,   87.60, 22.6, 4.08, 4.09, 4.06
6, 8069, 2,     3.81, 5,   coast,  -14.03,  97718.00,  304.68,  392.79,   87.46, 22.6, 4.09, 4.11, 4.06
6, 8069, 2,     3.82, 5,   coast,  -14.06,  97711.00,  305.28,  393.39,   87.32, 22.6, 4.08, 4.09, 4.06
6, 8069, 2,     3.83, 5,   coast,  -14.08,  97709.00,  305.45,  393.56,   87.18, 22.6, 4.08, 4.11, 4.06
6, 8069, 2,     3.84, 5,   coast,  -14.11,  97696.00,  306.56,  394.68,   87.04, 22.6, 4.12, 4.08, 4.06
6, 8069, 2,     3.85, 5,   coast,  -14.13,  97690.00,  307.08,  395.19,   86.90, 22.6, 4.08, 4.11, 4.09
6, 8069, 2,     3.86, 5,   coast,  -14.15,  97690.00,  307.08,  395.19,   86.76, 22.6, 4.08, 4.09, 4.08
6, 8069, 2,     3.87, 5,   coast,  -14.18,  97660.00,  309.65,  397.76,   86.62, 22.6, 4.06, 4.11, 4.06
6, 8069, 2,     3.88, 5,   coast,  -14.20,  97649.00,  310.59,  398.71,   86.47, 22.6, 4.09, 4.09, 4.05
6, 8069, 2,     3.89, 5,   coast,  -14.22,  97636.00,  311.71,  399.82,   86.33, 22.6, 4.08, 4.09, 4.06
6, 8069, 2,     3.90, 5,   coast,  -14.25,  97637.00,  311.62,  399.74,   86.19, 22.6, 4.06, 4.12, 4.08
6, 8069, 2,     3.91, 5,   coast,  -14.27,  97626.00,  312.57,  400.68,   86.04, 22.6, 4.09, 4.09, 4.06
6, 8069, 2,     3.92, 5,   coast,  -14.29,  97608.00,  314.11,  402.22,   85.90, 22.6, 4.08, 4.11, 4.06
6, 8069, 2,     3.93, 5,   coast,  -14.31,  97596.00,  315.14,  403.25,   85.76, 22.6, 4.08, 4.09, 4.06
6, 8069, 2,     3.94, 5,   coast,  -14.33,  97594.00,  315.31,  403.43,   85.62, 22.6, 4.08, 4.09, 4.06
6, 8069, 2,     3.95, 5,   coast,  -14.36,  97584.00,  316.17,  404.28,   85.47, 22.6, 4.08, 4.09, 4.06
6, 8069, 2,     3.96, 5,   coast,  -14.38,  97567.00,  317.63,  405.74,   85.33, 22.6, 4.06, 4.11, 4.06
6, 8069, 2,     3.97, 5,   coast,  -14.40,  97567.00,  317.63,  405.74,   85.18, 22.6, 4.08, 4.11, 4.08
6, 8069, 2,     3.98, 5,   coast,  -14.42,  97559.00,  318.32,  406.43,   85.04, 22.6, 4.09, 4.08, 4.05
6, 8069, 2,     3.99, 5,   coast,  -14.44,  97537.00,  320.20,  408.32,   84.89, 22.6, 4.09, 4.09, 4.05
6, 8069, 2,     4.00, 5,   coast,  -14.46,  97526.00,  321.15,  409.26,   84.75, 22.6, 4.08, 4.09, 4.06
6, 8069, 2,     4.01, 5,   coast,  -14.48,  97510.00,  322.52,  410.64,   84.60, 22.6, 4.09, 4.12, 4.06
6, 8069, 2,     4.02, 5,   coast,  -14.49,  97509.00,  322.61,  410.72,   84.46, 22.6, 4.09, 4.09, 4.06
6, 8069, 2,     4.03, 5,   coast,  -14.51,  97502.00,  323.21,  411.32,   84.31, 22.6, 4.08, 4.09, 4.06
6, 8069, 2,     4.04, 5,   coast,  -14.53,  97481.00,  325.01,  413.13,   84.17, 22.6, 4.12, 4.09, 4.08
6, 8069, 2,     4.05, 5,   coast,  -14.55,  97473.00,  325.70,  413.81,   84.02, 22.6, 4.08, 4.08, 4.05
6, 8069, 2,     4.06, 5,   coast,  -14.57,  97470.00,  325.96,  414.07,   83.88, 22.6, 4.09, 4.11, 4.06
6, 8069, 2,     4.07, 5,   coast,  -14.58,  97461.00,  326.73,  414.84,   83.73, 22.6, 4.08, 4.08, 4.05
6, 8069, 2,     4.08, 5,   coast,  -14.60,  97461.00,  326.73,  414.84,   83.58, 22.6, 4.09, 4.11, 4.09
6, 8069, 2,     4.09, 5,   coast,  -14.62,  97448.00,  327.85,  415.96,   83.44, 22.6, 4.08, 4.09, 4.06
6, 8069, 2,     4.10, 5,   coast,  -14.63,  97422.00,  330.08,  418.20,   83.29, 22.6, 4.09, 4.12, 4.06
6, 8069, 2,     4.11, 5,   coast,  -14.65,  97421.00,  330.17,  418.28,   83.14, 22.6, 4.09, 4.09, 4.06
6, 8069, 2,     4.12, 5,   coast,  -14.66,  97417.00,  330.51,  418.62,   83.00, 22.6, 4.09, 4.09, 4.06
6, 8069, 2,     4.13, 5,   coast,  -14.68,  97398.00,  332.14,  420.26,   82.85, 22.6, 4.08, 4.08, 4.06
6, 8069, 2,     4.14, 5,   coast,  -14.69,  97379.00,  333.78,  421.89,   82.70, 22.6, 4.08, 4.11, 4.05
6, 8069, 2,     4.15, 5,   coast,  -14.71,  97381.00,  333.61,  421.72,   82.55, 22.6, 4.09, 4.11, 4.08
6, 8069, 2,     4.16, 5,   coast,  -14.72,  97375.00,  334.12,  422.23,   82.41, 22.6, 4.08, 4.11, 4.06
6, 8069, 2,     4.17, 5,   coast,  -14.74,  97361.00,  335.33,  423.44,   82.26, 22.6, 4.12, 4.11, 4.06
6, 8069, 2,     4.18, 5,   coast,  -14.75,  97351.00,  336.19,  424.30,   82.11, 22.6, 4.08, 4.12, 4.06
6, 8069, 2,     4.19, 5,   coast,  -14.76,  97351.00,  336.19,  424.30,   81.96, 22.6, 4.08, 4.09, 4.06
6, 8069, 2,     4.20, 5,   coast,  -14.78,  97340.00,  337.13,  425.24,   81.81, 22.6, 4.09, 4.09, 4.06
6, 8069, 2,     4.21, 5,   coast,  -14.79,  97322.00,  338.68,  426.79,   81.67, 22.6, 4.08, 4.09, 4.06
6, 8069, 2,     4.22, 5,   coast,  -14.80,  97314.00,  339.37,  427.48,   81.52, 22.6, 4.08, 4.11, 4.06
6, 8069, 2,     4.23, 5,   coast,  -14.81,  97311.00,  339.62,  427.74,   81.37, 22.6, 4.08, 4.11, 4.06
6, 8069, 2,     4.24, 5,   coast,  -14.83,  97295.00,  341.00,  429.11,   81.22, 22.6, 4.08, 4.09, 4.06
6, 8069, 2,     4.25, 5,   coast,  -14.84,  97286.00,  341.78,  429.89,   81.07, 22.6, 4.08, 4.11, 4.08
6, 8069, 2,     4.26, 5,   coast,  -14.85,  97283.00,  342.03,  430.15,   80.92, 22.6, 4.12, 4.08, 4.06
6, 8069, 2,     4.27, 5,   coast,  -14.86,  97266.00,  343.50,  431.61,   80.78, 22.6, 4.08, 4.09, 4.06
6, 8069, 2,     4.28, 5,   coast,  -14.87,  97260.00,  344.01,  432.13,   80.63, 22.6, 4.09, 4.08, 4.06
6, 8069, 2,     4.29, 5,   coast,  -14.88,  97251.00,  344.79,  432.90,   80.48, 22.6, 4.09, 4.11, 4.06
6, 8069, 2,     4.30, 5,   coast,  -14.89,  97251.00,  344.79,  432.90,   80.33, 22.6, 4.08, 4.11, 4.09
6, 8069, 2,     4.31, 5,   coast,  -14.90,  97241.00,  345.65,  433.76,   80.18, 22.6, 4.08, 4.09, 4.06
6, 8069, 2,     4.32, 5,   coast,  -14.91,  97228.00,  346.77,  434.88,   80.03, 22.6, 4.06, 4.11, 4.06
6, 8069, 2,     4.33, 5,   coast,  -14.92,  97214.00,  347.97,  436.08,   79.88, 22.6, 4.09, 4.09, 4.06
6, 8069, 2,     4.34, 5,   coast,  -14.93,  97208.00,  348.49,  436.60,   79.73, 22.6, 4.08, 4.11, 4.06
6, 8069, 2,     4.35, 5,   coast,  -14.94,  97200.00,  349.18,  437.29,   79.58, 22.6, 4.08, 4.11, 4.06
6, 8069, 2,     4.36, 5,   coast,  -14.94,  97185.00,  350.47,  438.58,   79.43, 22.6, 4.09, 4.11, 4.06
6, 8069, 2,     4.37, 5,   coast,  -14.95,  97177.00,  351.16,  439.27,   79.28, 22.6, 4.09, 4.09, 4.06
6, 8069, 2,     4.38, 5,   coast,  -14.96,  97168.00,  351.93,  440.04,   79.13, 22.6, 4.08, 4.09, 4.05
6, 8069, 2,     4.39, 5,   coast,  -14.97,  97151.00,  353.40,  441.51,   78.98, 22.6, 4.08, 4.11, 4.06
6, 8069, 2,     4.40, 5,   coast,  -14.97,  97149.00,  353.57,  441.68,   78.83, 22.6, 4.08, 4.09, 4.05
6, 8069, 2,     4.41, 5,   coast,  -14.98,  97149.00,  353.57,  441.68,   78.68, 22.6, 4.09, 4.09, 4.06
6, 8069, 2,     4.42, 5,   coast,  -14.99,  97141.00,  354.26,  442.37,   78.53, 22.6, 4.08, 4.09, 4.06
6, 8069, 2,     4.43, 5,   coast,  -14.99,  97121.00,  355.98,  444.09,   78.38, 22.6, 4.09, 4.09, 4.06
6, 8069, 2,     4.44, 5,   coast,  -15.00,  97112.00,  356.76,  444.87,   78.23, 22.6, 4.09, 4.11, 4.06
6, 8069, 2,     4.45, 5,   coast,  -15.00,  97103.00,  357.53,  445.64,   78.08, 22.6, 4.08, 4.09, 4.06
6, 8069, 2,     4.46, 5,   coast,  -15.01,  97092.00,  358.48,  446.59,   77.93, 22.6, 4.09, 4.09, 4.06
6, 8069, 2,     4.47, 5,   coast,  -15.01,  97086.00,  359.00,  447.11,   77.78, 22.6, 4.08, 4.09, 4.06
6, 8069, 2,     4.48, 5,   coast,  -15.02,  97071.00,  360.29,  448.40,   77.63, 22.6, 4.08, 4.11, 4.06
6, 8069, 2,     4.49, 5,   coast,  -15.02,  97065.00,  360.81,  448.92,   77.48, 22.6, 4.08, 4.09, 4.06
6, 8069, 2,     4.50, 5,   coast,  -15.03,  97055.00,  361.67,  449.78,   77.32, 22.6, 4.08, 4.11, 4.06
6, 8069, 2,     4.51, 5,   coast,  -15.03,  97050.00,  362.10,  450.21,   77.17, 22.6, 4.08, 4.09, 4.05
6, 8069, 2,     4.52, 5,   coast,  -15.03,  97050.00,  362.10,  450.21,   77.02, 22.6, 4.09, 4.09, 4.06
6, 8069, 2,     4.53, 5,   coast,  -15.04,  97037.00,  363.22,  451.33,   76.87, 22.6, 4.08, 4.09, 4.06
6, 8069, 2,     4.54, 5,   coast,  -15.04,  97016.00,  365.03,  453.14,   76.72, 22.6, 4.08, 4.09, 4.06
6, 8069, 2,     4.55, 5,   coast,  -15.04,  97009.00,  365.63,  453.75,   76.57, 22.6, 4.08, 4.11, 4.06
6, 8069, 2,     4.56, 5,   coast,  -15.04,  97001.00,  366.32,  454.44,   76.42, 22.6, 4.09, 4.09, 4.06
6, 8069, 2,     4.57, 5,   coast,  -15.05,  96986.00,  367.62,  455.73,   76.27, 22.6, 4.09, 4.11, 4.06
6, 8069, 2,     4.58, 5,   coast,  -15.05,  96981.00,  368.05,  456.16,   76.12, 22.6, 4.08, 4.09, 4.06
6, 8069, 2,     4.59, 5,   coast,  -15.05,  96972.00,  368.82,  456.94,   75.97, 22.6, 4.08, 4.09, 4.06
6, 8069, 2,     4.60, 5,   coast,  -15.05,  96961.00,  369.77,  457.89,   75.81, 22.6, 4.08, 4.09, 4.05
6, 8069, 2,     4.61, 5,   coast,  -15.05,  96960.00,  369.86,  457.97,   75.66, 22.6, 4.08, 4.09, 4.06
6, 8069, 2,     4.62, 5,   coast,  -15.05,  96948.00,  370.89,  459.01,   75.51, 22.6, 4.08, 4.09, 4.05
6, 8069, 2,     4.63, 5,   coast,  -15.05,  96948.00,  370.89,  459.01,   75.36, 22.6, 4.11, 4.11, 4.08
6, 8069, 2,     4.64, 5,   coast,  -15.05,  96931.00,  372.36,  460.47,   75.21, 22.6, 4.09, 4.11, 4.06
6, 8069, 2,     4.65, 5,   coast,  -15.05,  96919.00,  373.40,  461.51,   75.06, 22.6, 4.08, 4.09, 4.06
6, 8069, 2,     4.66, 5,   coast,  -15.05,  96913.00,  373.91,  462.03,   74.91, 22.6, 4.08, 4.11, 4.06
6, 8069, 2,     4.67, 5,   coast,  -15.05,  96904.00,  374.69,  462.80,   74.76, 22.6, 4.08, 4.09, 4.06
6, 8069, 2,     4.68, 5,   coast,  -15.05,  96896.00,  375.38,  463.49,   74.61, 22.6, 4.09, 4.09, 4.06
6, 8069, 2,     4.69, 5,   coast,  -15.05,  96891.00,  375.81,  463.93,   74.46, 22.6, 4.08, 4.11, 4.06
6, 8069, 2,     4.70, 5,   coast,  -15.05,  96878.00,  376.94,  465.05,   74.31, 22.6, 4.09, 4.11, 4.06
6, 8069, 2,     4.71, 5,   coast,  -15.05,  96872.00,  377.45,  465.57,   74.16, 22.6, 4.09, 4.11, 4.06
6, 8069, 2,     4.72, 5,   coast,  -15.05,  96859.00,  378.58,  466.69,   74.01, 22.6, 4.08, 4.09, 4.06
6, 8069, 2,     4.73, 5,   coast,  -15.04,  96859.00,  378.58,  466.69,   73.85, 22.6, 4.08, 4.11, 4.06
6, 8069, 2,     4.74, 5,   coast,  -15.04,  96859.00,  378.58,  466.69,   73.70, 22.6, 4.09, 4.11, 4.08
6, 8069, 2,     4.75, 5,   coast,  -15.04,  96838.00,  380.39,  468.50,   73.55, 22.6, 4.09, 4.11, 4.06
6, 8069, 2,     4.76, 5,   coast,  -15.04,  96829.00,  381.17,  469.28,   73.40, 22.6, 4.08, 4.12, 4.06
6, 8069, 2,     4.77, 5,   coast,  -15.03,  96822.00,  381.77,  469.88,   73.25, 22.6, 4.09, 4.09, 4.06
6, 8069, 2,     4.78, 5,   coast,  -15.03,  96813.00,  382.55,  470.66,   73.10, 22.6, 4.09, 4.11, 4.08
6, 8069, 2,     4.79, 5,   coast,  -15.02,  96803.00,  383.41,  471.52,   72.95, 22.6, 4.09, 4.11, 4.06
6, 8069, 2,     4.80, 5,   coast,  -15.02,  96799.00,  383.76,  471.87,   72.80, 22.6, 4.09, 4.11, 4.06
6, 8069, 2,     4.81, 5,   coast,  -15.02,  96784.00,  385.05,  473.17,   72.65, 22.6, 4.09, 4.11, 4.08
6, 8069, 2,     4.82, 5,   coast,  -15.01,  96782.00,  385.23,  473.34,   72.50, 22.6, 4.09, 4.11, 4.08
6, 8069, 2,     4.83, 5,   coast,  -15.01,  96772.00,  386.09,  474.20,   72.35, 22.6, 4.09, 4.11, 4.08
6, 8069, 2,     4.84, 5,   coast,  -15.00,  96764.00,  386.78,  474.89,   72.20, 22.6, 4.05, 4.09, 4.06
6, 8069, 2,     4.85, 5,   coast,  -15.00,  96764.00,  386.78,  474.89,   72.05, 22.6, 4.09, 4.11, 4.06
6, 8069, 2,     4.86, 5,   coast,  -14.99,  96749.00,  388.08,  476.19,   71.90, 22.6, 4.08, 4.09, 4.06
6, 8069, 2,     4.87, 5,   coast,  -14.99,  96740.00,  388.85,  476.97,   71.75, 22.6, 4.09, 4.11, 4.08
6, 8069, 2,     4.88, 5,   coast,  -14.98,  96733.00,  389.46,  477.57,   71.59, 22.6, 4.09, 4.11, 4.06
6, 8069, 2,     4.89, 5,   coast,  -14.98,  96726.00,  390.06,  478.18,   71.44, 22.6, 4.09, 4.12, 4.06
6, 8069, 2,     4.90, 5,   coast,  -14.97,  96725.00,  390.15,  478.26,   71.29, 22.6, 4.09, 4.11, 4.08
6, 8069, 2,     4.91, 5,   coast,  -14.96,  96712.00,  391.27,  479.39,   71.14, 22.6, 4.09, 4.11, 4.06
6, 8069, 2,     4.92, 5,   coast,  -14.96,  96694.00,  392.83,  480.94,   70.99, 22.6, 4.09, 4.11, 4.08
6, 8069, 2,     4.93, 5,   coast,  -14.95,  96691.00,  393.09,  481.20,   70.84, 22.6, 4.09, 4.11, 4.08
6, 8069, 2,     4.94, 5,   coast,  -14.94,  96683.00,  393.78,  481.90,   70.69, 22.6, 4.09, 4.11, 4.08
6, 8069, 2,     4.95, 5,   coast,  -14.94,  96670.00,  394.91,  483.02,   70.54, 22.6, 4.06, 4.11, 4.06
6, 8069, 2,     4.96, 5,   coast,  -14.93,  96670.00,  394.91,  483.02,   70.40, 22.6, 4.09, 4.12, 4.08
6, 8069, 2,     4.97, 5,   coast,  -14.92,  96664.00,  395.43,  483.54,   70.25, 22.6, 4.08, 4.09, 4.06
6, 8069, 2,     4.98, 5,   coast,  -14.92,  96644.00,  397.15,  485.27,   70.10, 22.6, 4.09, 4.11, 4.08
6, 8069, 2,     4.99, 5,   coast,  -14.91,  96641.00,  397.41,  485.53,   69.95, 22.6, 4.09, 4.11, 4.06
6, 8069, 2,     5.00, 5,   coast,  -14.90,  96630.00,  398.37,  486.48,   69.80, 22.6, 4.09, 4.12, 4.08
6, 8069, 2,     5.01, 5,   coast,  -14.89,  96624.00,  398.88,  487.00,   69.65, 22.6, 4.09, 4.11, 4.06
6, 8069, 2,     5.02, 5,   coast,  -14.88,  96614.00,  399.75,  487.86,   69.50, 22.6, 4.09, 4.12, 4.08
6, 8069, 2,     5.03, 5,   coast,  -14.88,  96609.00,  400.18,  488.30,   69.35, 22.6, 4.09, 4.12, 4.08
6, 8069, 2,     5.04, 5,   coast,  -14.87,  96603.00,  400.70,  488.81,   69.20, 22.6, 4.09, 4.12, 4.08
6, 8069, 2,     5.05, 5,   coast,  -14.86,  96594.00,  401.48,  489.59,   69.05, 22.6, 4.09, 4.11, 4.08
6, 8069, 2,     5.06, 5,   coast,  -14.85,  96590.00,  401.83,  489.94,   68.90, 22.6, 4.05, 4.09, 4.06
6, 8069, 2,     5.07, 5,   coast,  -14.84,  96590.00,  401.83,  489.94,   68.75, 22.6, 4.11, 4.12, 4.08
6, 8069, 2,     5.08, 5,   coast,  -14.83,  96575.00,  403.12,  491.24,   68.61, 22.6, 4.09, 4.09, 4.06
6, 8069, 2,     5.09, 5,   coast,  -14.82,  96565.00,  403.99,  492.10,   68.46, 22.6, 4.09, 4.11, 4.06
6, 8069, 2,     5.10, 5,   coast,  -14.82,  96548.00,  405.46,  493.57,   68.31, 22.6, 4.09, 4.12, 4.08
6, 8069, 2,     5.11, 5,   coast,  -14.81,  96546.00,  405.63,  493.75,   68.16, 22.6, 4.09, 4.11, 4.06
6, 8069, 2,     5.12, 5,   coast,  -14.80,  96534.00,  406.67,  494.79,   68.01, 22.6, 4.09, 4.12, 4.08
6, 8069, 2,     5.13, 5,   coast,  -14.79,  96531.00,  406.93,  495.05,   67.86, 22.6, 4.09, 4.12, 4.08
6, 8069, 2,     5.14, 5,   coast,  -14.78,  96519.00,  407.97,  496.08,   67.72, 22.6, 4.09, 4.12, 4.08
6, 8069, 2,     5.15, 5,   coast,  -14.77,  96516.00,  408.23,  496.34,   67.57, 22.6, 4.09, 4.11, 4.08
6, 8069, 2,     5.16, 5,   coast,  -14.76,  96508.00,  408.92,  497.04,   67.42, 22.6, 4.09, 4.11, 4.06
6, 8069, 2,     5.17, 5,   coast,  -14.75,  96504.00,  409.27,  497.38,   67.27, 22.6, 4.05, 4.09, 4.06
6, 8069, 2,     5.18, 5,   coast,  -14.74,  96504.00,  409.27,  497.38,   67.13, 22.6, 4.11, 4.12, 4.08
6, 8069, 2,     5.19, 5,   coast,  -14.73,  96492.00,  410.31,  498.42,   66.98, 22.6, 4.08, 4.09, 4.06
6, 8069, 2,     5.20, 5,   coast,  -14.72,  96478.00,  411.52,  499.64,   66.83, 22.6, 4.09, 4.11, 4.08
6, 8069, 2,     5.21, 5,   coast,  -14.71,  96467.00,  412.48,  500.59,   66.68, 22.6, 4.09, 4.11, 4.08
6, 8069, 2,     5.22, 5,   coast,  -14.70,  96459.00,  413.17,  501.28,   66.54, 22.6, 4.09, 4.11, 4.08
6, 8069, 2,     5.23, 5,   coast,  -14.69,  96458.00,  413.25,  501.37,   66.39, 22.6, 4.09, 4.11, 4.08
6, 8069, 2,     5.24, 5,   coast,  -14.68,  96443.00,  414.55,  502.67,   66.24, 22.6, 4.09, 4.11, 4.08
6, 8069, 2,     5.25, 5,   coast,  -14.67,  96441.00,  414.73,  502.84,   66.10, 22.6, 4.09, 4.11, 4.08
6, 8069, 2,     5.26, 5,   coast,  -14.66,  96427.00,  415.94,  504.05,   65.95, 22.6, 4.09, 4.11, 4.08
6, 8069, 2,     5.27, 5,   coast,  -14.65,  96427.00,  415.94,  504.05,   65.80, 22.6, 4.09, 4.11, 4.08
6, 8069, 2,     5.28, 5,   coast,  -14.64,  96414.00,  417.07,  505.18,   65.66, 22.6, 4.06, 4.09, 4.06
6, 8069, 2,     5.29, 5,   coast,  -14.63,  96414.00,  417.07,  505.18,   65.51, 22.6, 4.09, 4.12, 4.08
6, 8069, 2,     5.30, 5,   coast,  -14.62,  96401.00,  418.19,  506.31,   65.36, 22.6, 4.09, 4.09, 4.06
6, 8069, 2,     5.31, 5,   coast,  -14.60,  96392.00,  418.97,  507.09,   65.22, 22.6, 4.09, 4.11, 4.08
6, 8069, 2,     5.32, 5,   coast,  -14.59,  96386.00,  419.49,  507.61,   65.07, 22.6, 4.09, 4.11, 4.06
6, 8069, 2,     5.33, 5,   coast,  -14.58,  96382.00,  419.84,  507.95,   64.92, 22.6, 4.09, 4.11, 4.06
6, 8069, 2,     5.34, 5,   coast,  -14.57,  96368.00,  421.05,  509.17,   64.78, 22.6, 4.09, 4.11, 4.08
6, 8069, 2,     5.35, 5,   coast,  -14.56,  96358.00,  421.92,  510.03,   64.63, 22.6, 4.09, 4.11, 4.08
6, 8069, 2,     5.36, 5,   coast,  -14.55,  96353.00,  422.35,  510.47,   64.49, 22.6, 4.09, 4.11, 4.08
6, 8069, 2,     5.37, 5,   coast,  -14.54,  96352.00,  422.44,  510.55,   64.34, 22.6, 4.09, 4.11, 4.08
6, 8069, 2,     5.38, 5,   coast,  -14.53,  96342.00,  423.31,  511.42,   64.20, 22.6, 4.09, 4.11, 4.08
6, 8069, 2,     5.39, 5,   coast,  -14.52,  96331.00,  424.26,  512.38,   64.05, 22.6, 4.05, 4.11, 4.06
6, 8069, 2,     5.40, 5,   coast,  -14.51,  96331.00,  424.26,  512.38,   63.91, 22.6, 4.09, 4.11, 4.08
6, 8069, 2,     5.41, 5,   coast,  -14.50,  96321.00,  425.13,  513.24,   63.76, 22.6, 4.08, 4.09, 4.06
6, 8069, 2,     5.42, 5,   coast,  -14.49,  96312.00,  425.91,  514.02,   63.62, 22.6, 4.09, 4.11, 4.08
6, 8069, 2,     5.43, 5,   coast,  -14.48,  96304.00,  426.60,  514.72,   63.47, 22.6, 4.09, 4.11, 4.08
6, 8069, 2,     5.44, 5,   coast,  -14.47,  96297.00,  427.21,  515.32,   63.33, 22.6, 4.09, 4.12, 4.08
6, 8069, 2,     5.45, 5,   coast,  -14.46,  96291.00,  427.73,  515.84,   63.18, 22.6, 4.09, 4.11, 4.06
6, 8069, 2,     5.46, 5,   coast,  -14.45,  96280.00,  428.69,  516.80,   63.04, 22.6, 4.09, 4.11, 4.06
6, 8069, 2,     5.47, 5,   coast,  -14.44,  96279.00,  428.77,  516.89,   62.89, 22.6, 4.09, 4.12, 4.08
6, 8069, 2,     5.48, 5,   coast,  -14.43,  96264.00,  430.07,  518.19,   62.75, 22.6, 4.09, 4.11, 4.08
6, 8069, 2,     5.49, 5,   coast,  -14.42,  96261.00,  430.33,  518.45,   62.60, 22.6, 4.09, 4.11, 4.08
6, 8069, 2,     5.50, 5,   coast,  -14.41,  96258.00,  430.59,  518.71,   62.46, 22.6, 4.06, 4.11, 4.06
6, 8069, 2,     5.51, 5,   coast,  -14.40,  96258.00,  430.59,  518.71,   62.32, 22.6, 4.09, 4.09, 4.06
6, 8069, 2,     5.52, 5,   coast,  -14.39,  96245.00,  431.72,  519.84,   62.17, 22.6, 4.09, 4.09, 4.06
6, 8069, 2,     5.53, 5,   coast,  -14.38,  96224.00,  433.55,  521.66,   62.03, 22.6, 4.09, 4.11, 4.08
6, 8069, 2,     5.54, 5,   coast,  -14.37,  96226.00,  433.37,  521.48,   61.88, 22.6, 4.09, 4.11, 4.06
6, 8069, 2,     5.55, 5,   coast,  -14.36,  96216.00,  434.24,  522.35,   61.74, 22.6, 4.09, 4.11, 4.08
6, 8069, 2,     5.56, 5,   coast,  -14.35,  96212.00,  434.59,  522.70,   61.60, 22.6, 4.09, 4.11, 4.08
6, 8069, 2,     5.57, 5,   coast,  -14.34,  96204.00,  435.28,  523.39,   61.45, 22.6, 4.09, 4.11, 4.08
6, 8069, 2,     5.58, 5,   coast,  -14.33,  96198.00,  435.80,  523.92,   61.31, 22.6, 4.09, 4.11, 4.08
6, 8069, 2,     5.59, 5,   coast,  -14.32,  96189.00,  436.58,  524.70,   61.17, 22.6, 4.09, 4.11, 4.08
6, 8069, 2,     5.60, 5,   coast,  -14.31,  96179.00,  437.45,  525.57,   61.02, 22.6, 4.09, 4.11, 4.08
6, 8069, 2,     5.61, 5,   coast,  -14.30,  96171.00,  438.15,  526.26,   60.88, 22.6, 4.06, 4.11, 4.06
6, 8069, 2,     5.62, 5,   coast,  -14.29,  96171.00,  438.15,  526.26,   60.74, 22.6, 4.09, 4.09, 4.08
6, 8069, 2,     5.63, 5,   coast,  -14.28,  96164.00,  438.75,  526.87,   60.60, 22.6, 4.09, 4.09, 4.06
6, 8069, 2,     5.64, 5,   coast,  -14.28,  96156.00,  439.45,  527.56,   60.45, 22.6, 4.09, 4.11, 4.06
6, 8069, 2,     5.65, 5,   coast,  -14.27,  96145.00,  440.40,  528.52,   60.31, 22.6, 4.09, 4.11, 4.08
6, 8069, 2,     5.66, 5,   coast,  -14.26,  96137.00,  441.10,  529.21,   60.17, 22.6, 4.09, 4.11, 4.08
6, 8069, 2,     5.67, 5,   coast,  -14.25,  96134.00,  441.36,  529.47,   60.03, 22.6, 4.09, 4.11, 4.08
6, 8069, 2,     5.68, 5,   coast,  -14.24,  96124.00,  442.23,  530.34,   59.88, 22.6, 4.09, 4.11, 4.08
6, 8069, 2,     5.69, 5,   coast,  -14.23,  96118.00,  442.75,  530.86,   59.74, 22.6, 4.09, 4.11, 4.08
6, 8069, 2,     5.70, 5,   coast,  -14.22,  96117.00,  442.84,  530.95,   59.60, 22.6, 4.09, 4.11, 4.06
6, 8069, 2,     5.71, 5,   coast,  -14.21,  96105.00,  443.88,  531.99,   59.46, 22.6, 4.09, 4.09, 4.06
6, 8069, 2,     5.72, 5,   coast,  -14.21,  96097.00,  444.57,  532.69,   59.32, 22.6, 4.06, 4.11, 4.06
6, 8069, 2,     5.73, 5,   coast,  -14.20,  96097.00,  444.57,  532.69,   59.17, 22.6, 4.09, 4.11, 4.08
6, 8069, 2,     5.74, 5,   coast,  -14.19,  96092.00,  445.01,  533.12,   59.03, 22.6, 4.08, 4.09, 4.06
6, 8069, 2,     5.75, 5,   coast,  -14.18,  96075.00,  446.49,  534.60,   58.89, 22.6, 4.09, 4.11, 4.08
6, 8069, 2,     5.76, 5,   coast,  -14.17,  96073.00,  446.66,  534.77,   58.75, 22.6, 4.09, 4.12, 4.08
6, 8069, 2,     5.77, 5,   coast,  -14.17,  96067.00,  447.18,  535.29,   58.61, 22.6, 4.09, 4.12, 4.08
6, 8069, 2,     5.78, 5,   coast,  -14.16,  96054.00,  448.31,  536.42,   58.47, 22.6, 4.09, 4.11, 4.08
6, 8069, 2,     5.79, 5,   coast,  -14.15,  96051.00,  448.57,  536.69,   58.33, 22.6, 4.09, 4.11, 4.08
6, 8069, 2,     5.80, 5,   coast,  -14.14,  96048.00,  448.83,  536.95,   58.18, 22.6, 4.09, 4.12, 4.08
6, 8069, 2,     5.81, 5,   coast,  -14.14,  96036.00,  449.88,  537.99,   58.04, 22.6, 4.12, 4.12, 4.08
6, 8069, 2,     5.82, 5,   coast,  -14.13,  96034.00,  450.05,  538.16,   57.90, 22.6, 4.09, 4.11, 4.08
6, 8069, 2,     5.83, 5,   coast,  -14.12,  96024.00,  450.92,  539.03,   57.76, 22.6, 4.06, 4.11, 4.08
6, 8069, 2,     5.84, 5,   coast,  -14.11,  96024.00,  450.92,  539.03,   57.62, 22.6, 4.09, 4.12, 4.08
6, 8069, 2,     5.85, 5,   coast,  -14.11,  96008.00,  452.31,  540.42,   57.48, 22.6, 4.09, 4.09, 4.06
6, 8069, 2,     5.86, 5,   coast,  -14.10,  96007.00,  452.40,  540.51,   57.33, 22.6, 4.09, 4.12, 4.08
6, 8069, 2,     5.87, 5,   coast,  -14.09,  96004.00,  452.66,  540.77,   57.19, 22.6, 4.09, 4.11, 4.08
6, 8069, 2,     5.88, 5,   coast,  -14.09,  95992.00,  453.70,  541.82,   57.05, 22.6, 4.09, 4.12, 4.08
6, 8069, 2,     5.89, 5,   coast,  -14.08,  95988.00,  454.05,  542.16,   56.91, 22.6, 4.09, 4.11, 4.08
6, 8069, 2,     5.90, 5,   coast,  -14.07,  95983.00,  454.49,  542.60,   56.77, 22.6, 4.09, 4.11, 4.06
6, 8069, 2,     5.91, 5,   coast,  -14.06,  95972.00,  455.44,  543.55,   56.63, 22.6, 4.09, 4.12, 4.08
6, 8069, 2,     5.92, 5,   coast,  -14.06,  95968.00,  455.79,  543.90,   56.49, 22.6, 4.09, 4.11, 4.08
6, 8069, 2,     5.93, 5,   coast,  -14.05,  95958.00,  456.66,  544.77,   56.35, 22.6, 4.09, 4.11, 4.08
6, 8069, 2,     5.94, 5,   coast,  -14.05,  95953.00,  457.09,  545.21,   56.21, 22.6, 4.06, 4.11, 4.06
6, 8069, 2,     5.95, 5,   coast,  -14.04,  95953.00,  457.09,  545.21,   56.07, 22.6, 4.09, 4.11, 4.08
6, 8069, 2,     5.96, 5,   coast,  -14.03,  95944.00,  457.88,  545.99,   55.93, 22.6, 4.09, 4.09, 4.06
6, 8069, 2,     5.97, 5,   coast,  -14.03,  95939.00,  458.31,  546.43,   55.79, 22.6, 4.09, 4.11, 4.06
6, 8069, 2,     5.98, 5,   coast,  -14.02,  95929.00,  459.18,  547.30,   55.65, 22.6, 4.09, 4.11, 4.08
6, 8069, 2,     5.99, 5,   coast,  -14.02,  95923.00,  459.70,  547.82,   55.51, 22.6, 4.09, 4.11, 4.06
6, 8069, 2,     6.00, 5,   coast,  -14.01,  95919.00,  460.05,  548.17,   55.37, 22.6, 4.09, 4.11, 4.08
6, 8069, 2,     6.01, 5,   coast,  -14.00,  95912.00,  460.66,  548.77,   55.23, 22.6, 4.09, 4.11, 4.08
6, 8069, 2,     6.02, 5,   coast,  -14.00,  95903.00,  461.45,  549.56,   55.09, 22.6, 4.09, 4.11, 4.08
6, 8069, 2,     6.03, 5,   coast,  -13.99,  95896.00,  462.05,  550.17,   54.95, 22.6, 4.09, 4.11, 4.06
6, 8069, 2,     6.04, 5,   coast,  -13.99,  95892.00,  462.40,  550.52,   54.81, 22.6, 4.09, 4.12, 4.06
6, 8069, 2,     6.05, 5,   coast,  -13.98,  95892.00,  462.40,  550.52,   54.67, 22.6, 4.05, 4.11, 4.05
6, 8069, 2,     6.06, 5,   coast,  -13.98,  95892.00,  462.40,  550.52,   54.53, 22.6, 4.11, 4.09, 4.06
6, 8069, 2,     6.07, 5,   coast,  -13.97,  95873.00,  464.06,  552.17,   54.39, 22.6, 4.08, 4.09, 4.06
6, 8069, 2,     6.08, 5,   coast,  -13.97,  95866.00,  464.67,  552.78,   54.25, 22.6, 4.09, 4.12, 4.08
6, 8069, 2,     6.09, 5,   coast,  -13.96,  95863.00,  464.93,  553.04,   54.11, 22.6, 4.09, 4.11, 4.08
6, 8069, 2,     6.10, 5,   coast,  -13.96,  95848.00,  466.23,  554.35,   53.97, 22.6, 4.09, 4.11, 4.08
6, 8069, 2,     6.11, 5,   coast,  -13.95,  95854.00,  465.71,  553.82,   53.83, 22.6, 4.09, 4.12, 4.08
6, 8069, 2,     6.12, 5,   coast,  -13.95,  95846.00,  466.41,  554.52,   53.69, 22.6, 4.09, 4.11, 4.08
6, 8069, 2,     6.13, 5,   coast,  -13.94,  95831.00,  467.71,  555.83,   53.56, 22.6, 4.09, 4.11, 4.08
6, 8069, 2,     6.14, 5,   coast,  -13.94,  95826.00,  468.15,  556.26,   53.42, 22.6, 4.09, 4.12, 4.08
6, 8069, 2,     6.15, 5,   coast,  -13.93,  95825.00,  468.24,  556.35,   53.28, 22.6, 4.09, 4.11, 4.06
6, 8069, 2,     6.16, 5,   coast,  -13.93,  95816.00,  469.02,  557.13,   53.14, 22.6, 4.06, 4.09, 4.06
6, 8069, 2,     6.17, 5,   coast,  -13.93,  95816.00,  469.02,  557.13,   53.00, 22.6, 4.09, 4.09, 4.08
6, 8069, 2,     6.18, 5,   coast,  -13.92,  95807.00,  469.80,  557.92,   52.86, 22.6, 4.08, 4.09, 4.06
6, 8069, 2,     6.19, 5,   coast,  -13.92,  95799.00,  470.50,  558.61,   52.72, 22.6, 4.09, 4.12, 4.08
6, 8069, 2,     6.20, 5,   coast,  -13.91,  95791.00,  471.20,  559.31,   52.58, 22.6, 4.09, 4.11, 4.08
6, 8069, 2,     6.21, 5,   coast,  -13.91,  95788.00,  471.46,  559.57,   52.44, 22.6, 4.09, 4.11, 4.08
6, 8069, 2,     6.22, 5,   coast,  -13.90,  95782.00,  471.98,  560.09,   52.30, 22.6, 4.09, 4.12, 4.08
6, 8069, 2,     6.23, 5,   coast,  -13.90,  95772.00,  472.85,  560.97,   52.16, 22.6, 4.09, 4.11, 4.08
6, 8069, 2,     6.24, 5,   coast,  -13.90,  95764.00,  473.55,  561.66,   52.03, 22.6, 4.09, 4.11, 4.08
6, 8069, 2,     6.25, 5,   coast,  -13.89,  95755.00,  474.33,  562.45,   51.89, 22.6, 4.09, 4.11, 4.08
6, 8069, 2,     6.26, 5,   coast,  -13.89,  95756.00,  474.25,  562.36,   51.75, 22.6, 4.09, 4.11, 4.08
6, 8069, 2,     6.27, 5,   coast,  -13.88,  95745.00,  475.21,  563.32,   51.61, 22.6, 4.05, 4.11, 4.05
6, 8069, 2,     6.28, 5,   coast,  -13.88,  95745.00,  475.21,  563.32,   51.47, 22.6, 4.09, 4.12, 4.06
6, 8069, 2,     6.29, 5,   coast,  -13.88,  95741.00,  475.55,  563.67,   51.33, 22.6, 4.08, 4.09, 4.06
6, 8069, 2,     6.30, 5,   coast,  -13.87,  95729.00,  476.60,  564.71,   51.19, 22.6, 4.09, 4.11, 4.08
6, 8069, 2,     6.31, 5,   coast,  -13.87,  95728.00,  476.69,  564.80,   51.05, 22.6, 4.09, 4.11, 4.08
6, 8069, 2,     6.32, 5,   coast,  -13.87,  95721.00,  477.30,  565.41,   50.91, 22.6, 4.09, 4.11, 4.06
6, 8069, 2,     6.33, 5,   coast,  -13.86,  95720.00,  477.38,  565.50,   50.78, 22.6, 4.09, 4.11, 4.06
6, 8069, 2,     6.34, 5,   coast,  -13.86,  95710.00,  478.26,  566.37,   50.64, 22.6, 4.09, 4.11, 4.08
6, 8069, 2,     6.35, 5,   coast,  -13.85,  95705.00,  478.69,  566.81,   50.50, 22.6, 4.09, 4.11, 4.08
6, 8069, 2,     6.36, 5,   coast,  -13.85,  95695.00,  479.56,  567.68,   50.36, 22.6, 4.09, 4.11, 4.06
6, 8069, 2,     6.37, 5,   coast,  -13.85,  95690.00,  480.00,  568.11,   50.22, 22.6, 4.09, 4.09, 4.06
6, 8069, 2,     6.38, 5,   coast,  -13.84,  95686.00,  480.35,  568.46,   50.08, 22.6, 4.06, 4.09, 4.06
6, 8069, 2,     6.39, 5,   coast,  -13.84,  95686.00,  480.35,  568.46,   49.95, 22.6, 4.11, 4.12, 4.08
6, 8069, 2,     6.40, 5,   coast,  -13.84,  95681.00,  480.78,  568.90,   49.81, 22.6, 4.08, 4.09, 4.06
6, 8069, 2,     6.41, 5,   coast,  -13.83,  95668.00,  481.92,  570.03,   49.67, 22.6, 4.09, 4.09, 4.06
6, 8069, 2,     6.42, 5,   coast,  -13.83,  95662.00,  482.44,  570.55,   49.53, 22.6, 4.09, 4.11, 4.06
6, 8069, 2,     6.43, 5,   coast,  -13.82,  95656.00,  482.96,  571.08,   49.39, 22.6, 4.09, 4.12, 4.08
6, 8069, 2,     6.44, 5,   coast,  -13.82,  95655.00,  483.05,  571.17,   49.25, 22.6, 4.09, 4.11, 4.08
6, 8069, 2,     6.45, 5,   coast,  -13.82,  95647.00,  483.75,  571.86,   49.11, 22.6, 4.09, 4.12, 4.06
6, 8069, 2,     6.46, 5,   coast,  -13.81,  95633.00,  484.97,  573.08,   48.98, 22.6, 4.09, 4.12, 4.08
6, 8069, 2,     6.47, 5,   coast,  -13.81,  95637.00,  484.62,  572.74,   48.84, 22.6, 4.09, 4.11, 4.08
6, 8069, 2,     6.48, 5,   coast,  -13.81,  95624.00,  485.76,  573.87,   48.70, 22.6, 4.09, 4.11, 4.08
6, 8069, 2,     6.49, 5,   coast,  -13.80,  95625.00,  485.67,  573.78,   48.56, 22.6, 4.06, 4.11, 4.06
6, 8069, 2,     6.50, 5,   coast,  -13.80,  95625.00,  485.67,  573.78,   48.42, 22.6, 4.11, 4.09, 4.06
6, 8069, 2,     6.51, 5,   coast,  -13.79,  95616.00,  486.45,  574.57,   48.29, 22.6, 4.09, 4.09, 4.06
6, 8069, 2,     6.52, 5,   coast,  -13.79,  95605.00,  487.41,  575.53,   48.15, 22.6, 4.09, 4.11, 4.06
6, 8069, 2,     6.53, 5,   coast,  -13.79,  95598.00,  488.02,  576.14,   48.01, 22.6, 4.09, 4.11, 4.08
6, 8069, 2,     6.54, 5,   coast,  -13.78,  95595.00,  488.29,  576.40,   47.87, 22.6, 4.09, 4.12, 4.08
6, 8069, 2,     6.55, 5,   coast,  -13.78,  95589.00,  488.81,  576.92,   47.73, 22.6, 4.09, 4.11, 4.06
6, 8069, 2,     6.56, 5,   coast,  -13.77,  95583.00,  489.33,  577.45,   47.60, 22.6, 4.09, 4.09, 4.08
6, 8069, 2,     6.57, 5,   coast,  -13.77,  95579.00,  489.68,  577.80,   47.46, 22.6, 4.09, 4.11, 4.08
6, 8069, 2,     6.58, 5,   coast,  -13.76,  95577.00,  489.86,  577.97,   47.32, 22.6, 4.09, 4.12, 4.08
6, 8069, 2,     6.59, 5,   coast,  -13.76,  95569.00,  490.56,  578.67,   47.18, 22.6, 4.09, 4.11, 4.08
6, 8069, 2,     6.60, 5,   coast,  -13.76,  95558.00,  491.52,  579.63,   47.05, 22.6, 4.06, 4.09, 4.06
6, 8069, 2,     6.61, 5,   coast,  -13.75,  95558.00,  491.52,  579.63,   46.91, 22.6, 4.09, 4.11, 4.08
6, 8069, 2,     6.62, 5,   coast,  -13.75,  95559.00,  491.43,  579.54,   46.77, 22.6, 4.08, 4.09, 4.06
6, 8069, 2,     6.63, 5,   coast,  -13.74,  95545.00,  492.65,  580.76,   46.63, 22.6, 4.09, 4.11, 4.08
6, 8069, 2,     6.64, 5,   coast,  -13.74,  95540.00,  493.09,  581.20,   46.50, 22.6, 4.09, 4.11, 4.08
6, 8069, 2,     6.65, 5,   coast,  -13.73,  95536.00,  493.44,  581.55,   46.36, 22.6, 4.09, 4.11, 4.08
6, 8069, 2,     6.66, 5,   coast,  -13.73,  95526.00,  494.31,  582.42,   46.22, 22.6, 4.09, 4.12, 4.08
6, 8069, 2,     6.67, 5,   coast,  -13.72,  95522.00,  494.66,  582.77,   46.08, 22.6, 4.09, 4.11, 4.08
6, 8069, 2,     6.68, 5,   coast,  -13.72,  95512.00,  495.53,  583.64,   45.95, 22.6, 4.09, 4.12, 4.08
6, 8069, 2,     6.69, 5,   coast,  -13.71,  95513.00,  495.44,  583.56,   45.81, 22.6, 4.09, 4.11, 4.08
6, 8069, 2,     6.70, 5,   coast,  -13.71,  95513.00,  495.44,  583.56,   45.67, 22.6, 4.09, 4.11, 4.08
6, 8069, 2,     6.71, 5,   coast,  -13.70,  95502.00,  496.40,  584.52,   45.53, 22.6, 4.05, 4.11, 4.06
6, 8069, 2,     6.72, 5,   coast,  -13.70,  95502.00,  496.40,  584.52,   45.40, 22.6, 4.09, 4.12, 4.08
6, 8069, 2,     6.73, 5,   coast,  -13.69,  95496.00,  496.93,  585.04,   45.26, 22.6, 4.08, 4.09, 4.06
6, 8069, 2,     6.74, 5,   coast,  -13.68,  95489.00,  497.54,  585.65,   45.12, 22.6, 4.09, 4.11, 4.08
6, 8069, 2,     6.75, 5,   coast,  -13.68,  95476.00,  498.68,  586.79,   44.99, 22.6, 4.09, 4.12, 4.08
6, 8069, 2,     6.76, 5,   coast,  -13.67,  95479.00,  498.41,  586.53,   44.85, 22.6, 4.09, 4.12, 4.08
6, 8069, 2,     6.77, 5,   coast,  -13.67,  95473.00,  498.94,  587.05,   44.71, 22.6, 4.09, 4.12, 4.08
6, 8069, 2,     6.78, 5,   coast,  -13.66,  95464.00,  499.72,  587.84,   44.57, 22.6, 4.09, 4.12, 4.08
6, 8069, 2,     6.79, 5,   coast,  -13.65,  95463.00,  499.81,  587.92,   44.44, 22.6, 4.09, 4.12, 4.08
6, 8069, 2,     6.80, 5,   coast,  -13.65,  95457.00,  500.34,  588.45,   44.30, 22.6, 4.09, 4.12, 4.08
6, 8069, 2,     6.81, 5,   coast,  -13.64,  95455.00,  500.51,  588.62,   44.16, 22.6, 4.09, 4.12, 4.06
6, 8069, 2,     6.82, 5,   coast,  -13.63,  95450.00,  500.95,  589.06,   44.03, 22.6, 4.06, 4.09, 4.06
6, 8069, 2,     6.83, 5,   coast,  -13.62,  95450.00,  500.95,  589.06,   43.89, 22.6, 4.09, 4.12, 4.08
6, 8069, 2,     6.84, 5,   coast,  -13.62,  95436.00,  502.17,  590.28,   43.75, 22.6, 4.08, 4.09, 4.06
6, 8069, 2,     6.85, 5,   coast,  -13.61,  95430.00,  502.69,  590.81,   43.62, 22.6, 4.12, 4.11, 4.08
6, 8069, 2,     6.86, 5,   coast,  -13.60,  95431.00,  502.61,  590.72,   43.48, 22.6, 4.09, 4.11, 4.08
6, 8069, 2,     6.87, 5,   coast,  -13.59,  95426.00,  503.04,  591.16,   43.34, 22.6, 4.09, 4.11, 4.08
6, 8069, 2,     6.88, 5,   coast,  -13.58,  95419.00,  503.66,  591.77,   43.21, 22.6, 4.09, 4.11, 4.06
6, 8069, 2,     6.89, 5,   coast,  -13.58,  95416.00,  503.92,  592.03,   43.07, 22.6, 4.09, 4.11, 4.08
6, 8069, 2,     6.90, 5,   coast,  -13.57,  95413.00,  504.18,  592.29,   42.93, 22.6, 4.09, 4.11, 4.08
6, 8069, 2,     6.91, 5,   coast,  -13.56,  95398.00,  505.49,  593.60,   42.80, 22.6, 4.09, 4.11, 4.08
6, 8069, 2,     6.92, 5,   coast,  -13.55,  95400.00,  505.32,  593.43,   42.66, 22.6, 4.09, 4.11, 4.08
6, 8069, 2,     6.93, 5,   coast,  -13.54,  95389.00,  506.28,  594.39,   42.53, 22.6, 4.06, 4.11, 4.06
6, 8069, 2,     6.94, 5,   coast,  -13.53,  95389.00,  506.28,  594.39,   42.39, 22.6, 4.11, 4.12, 4.08
6, 8069, 2,     6.95, 5,   coast,  -13.52,  95392.00,  506.02,  594.13,   42.26, 22.6, 4.08, 4.09, 4.06
6, 8069, 2,     6.96, 5,   coast,  -13.51,  95383.00,  506.80,  594.92,   42.12, 22.6, 4.09, 4.11, 4.08
6, 8069, 2,     6.97, 5,   coast,  -13.50,  95377.00,  507.33,  595.44,   41.98, 22.6, 4.09, 4.11, 4.08
6, 8069, 2,     6.98, 5,   coast,  -13.49,  95367.00,  508.20,  596.31,   41.85, 22.6, 4.09, 4.12, 4.08
6, 8069, 2,     6.99, 5,   coast,  -13.48,  95365.00,  508.38,  596.49,   41.71, 22.6, 4.09, 4.11, 4.08
6, 8069, 2,     7.00, 5,   coast,  -13.47,  95360.00,  508.81,  596.93,   41.58, 22.6, 4.09, 4.11, 4.08
6, 8069, 2,     7.01, 5,   coast,  -13.46,  95353.00,  509.42,  597.54,   41.44, 22.6, 4.09, 4.11, 4.08
6, 8069, 2,     7.02, 5,   coast,  -13.45,  95350.00,  509.69,  597.80,   41.31, 22.6, 4.12, 4.12, 4.08
6, 8069, 2,     7.03, 5,   coast,  -13.43,  95348.00,  509.86,  597.98,   41.18, 22.6, 4.09, 4.11, 4.06
6, 8069, 2,     7.04, 5,   coast,  -13.42,  95338.00,  510.74,  598.85,   41.04, 22.6, 4.06, 4.08, 4.06
6, 8069, 2,     7.05, 5,   coast,  -13.41,  95338.00,  510.74,  598.85,   40.91, 22.6, 4.09, 4.11, 4.08
6, 8069, 2,     7.06, 5,   coast,  -13.40,  95343.00,  510.30,  598.41,   40.77, 22.6, 4.08, 4.09, 4.06
6, 8069, 2,     7.07, 5,   coast,  -13.39,  95327.00,  511.70,  599.81,   40.64, 22.6, 4.09, 4.09, 4.06
6, 8069, 2,     7.08, 5,   coast,  -13.37,  95319.00,  512.40,  600.51,   40.50, 22.6, 4.09, 4.11, 4.08
6, 8069, 2,     7.09, 5,   coast,  -13.36,  95318.00,  512.49,  600.60,   40.37, 22.6, 4.09, 4.11, 4.06
6, 8069, 2,     7.10, 5,   coast,  -13.35,  95311.00,  513.10,  601.21,   40.23, 22.6, 4.09, 4.12, 4.08
6, 8069, 2,     7.11, 5,   coast,  -13.34,  95314.00,  512.84,  600.95,   40.10, 22.6, 4.09, 4.11, 4.08
6, 8069, 2,     7.12, 5,   coast,  -13.32,  95304.00,  513.71,  601.82,   39.97, 22.6, 4.09, 4.12, 4.08
6, 8069, 2,     7.13, 5,   coast,  -13.31,  95299.00,  514.15,  602.26,   39.83, 22.6, 4.09, 4.11, 4.06
6, 8069, 2,     7.14, 5,   coast,  -13.29,  95293.00,  514.67,  602.79,   39.70, 22.6, 4.09, 4.11, 4.08
6, 8069, 2,     7.15, 5,   coast,  -13.28,  95287.00,  515.20,  603.31,   39.57, 22.6, 4.06, 4.11, 4.06
6, 8069, 2,     7.16, 5,   coast,  -13.27,  95287.00,  515.20,  603.31,   39.43, 22.6, 4.09, 4.12, 4.08
6, 8069, 2,     7.17, 5,   coast,  -13.25,  95284.00,  515.46,  603.57,   39.30, 22.6, 4.08, 4.09, 4.06
6, 8069, 2,     7.18, 5,   coast,  -13.24,  95275.00,  516.25,  604.36,   39.17, 22.6, 4.09, 4.11, 4.06
6, 8069, 2,     7.19, 5,   coast,  -13.22,  95268.00,  516.86,  604.97,   39.03, 22.6, 4.09, 4.11, 4.08
6, 8069, 2,     7.20, 5,   coast,  -13.21,  95266.00,  517.03,  605.15,   38.90, 22.6, 4.09, 4.11, 4.08
6, 8069, 2,     7.21, 5,   coast,  -13.19,  95262.00,  517.38,  605.50,   38.77, 22.6, 4.09, 4.12, 4.08
6, 8069, 2,     7.22, 5,   coast,  -13.18,  95254.00,  518.09,  606.20,   38.64, 22.6, 4.09, 4.11, 4.08
6, 8069, 2,     7.23, 5,   coast,  -13.16,  95254.00,  518.09,  606.20,   38.51, 22.6, 4.09, 4.11, 4.08
6, 8069, 2,     7.24, 5,   coast,  -13.15,  95252.00,  518.26,  606.37,   38.37, 22.6, 4.09, 4.11, 4.08
6, 8069, 2,     7.25, 5,   coast,  -13.13,  95243.00,  519.05,  607.16,   38.24, 22.6, 4.09, 4.11, 4.08
6, 8069, 2,     7.26, 5,   coast,  -13.11,  95243.00,  519.05,  607.16,   38.11, 22.6, 4.05, 4.09, 4.06
6, 8069, 2,     7.27, 5,   coast,  -13.10,  95243.00,  519.05,  607.16,   37.98, 22.6, 4.09, 4.11, 4.08
6, 8069, 2,     7.28, 5,   coast,  -13.08,  95235.00,  519.75,  607.86,   37.85, 22.6, 4.08, 4.09, 4.06
6, 8069, 2,     7.29, 5,   coast,  -13.06,  95229.00,  520.27,  608.39,   37.72, 22.6, 4.09, 4.11, 4.08
6, 8069, 2,     7.30, 5,   coast,  -13.05,  95218.00,  521.24,  609.35,   37.59, 22.6, 4.09, 4.11, 4.06
6, 8069, 2,     7.31, 5,   coast,  -13.03,  95220.00,  521.06,  609.17,   37.46, 22.6, 4.09, 4.11, 4.06
6, 8069, 2,     7.32, 5,   coast,  -13.01,  95215.00,  521.50,  609.61,   37.32, 22.6, 4.09, 4.12, 4.08
6, 8069, 2,     7.33, 5,   coast,  -13.00,  95213.00,  521.67,  609.79,   37.19, 22.6, 4.09, 4.11, 4.06
6, 8069, 2,     7.34, 5,   coast,  -12.98,  95203.00,  522.55,  610.66,   37.06, 22.6, 4.09, 4.11, 4.06
6, 8069, 2,     7.35, 5,   coast,  -12.96,  95202.00,  522.64,  610.75,   36.93, 22.6, 4.09, 4.11, 4.08
6, 8069, 2,     7.36, 5,   coast,  -12.94,  95200.00,  522.81,  610.92,   36.80, 22.6, 4.09, 4.12, 4.08
6, 8069, 2,     7.37, 5,   coast,  -12.92,  95196.00,  523.16,  611.28,   36.67, 22.6, 4.05, 4.11, 4.06
6, 8069, 2,     7.38, 5,   coast,  -12.91,  95196.00,  523.16,  611.28,   36.55, 22.6, 4.09, 4.11, 4.08
6, 8069, 2,     7.39, 5,   coast,  -12.89,  95188.00,  523.86,  611.98,   36.42, 22.6, 4.08, 4.09, 4.06
6, 8069, 2,     7.40, 5,   coast,  -12.87,  95175.00,  525.00,  613.11,   36.29, 22.6, 4.09, 4.11, 4.08
6, 8069, 2,     7.41, 5,   coast,  -12.85,  95174.00,  525.09,  613.20,   36.16, 22.6, 4.09, 4.11, 4.08
6, 8069, 2,     7.42, 5,   coast,  -12.83,  95173.00,  525.18,  613.29,   36.03, 22.6, 4.09, 4.11, 4.06
6, 8069, 2,     7.43, 5,   coast,  -12.81,  95171.00,  525.35,  613.46,   35.90, 22.6, 4.09, 4.11, 4.08
6, 8069, 2,     7.44, 5,   coast,  -12.79,  95166.00,  525.79,  613.90,   35.77, 22.6, 4.09, 4.11, 4.08
6, 8069, 2,     7.45, 5,   coast,  -12.77,  95163.00,  526.05,  614.16,   35.64, 22.6, 4.09, 4.11, 4.08
6, 8069, 2,     7.46, 5,   coast,  -12.75,  95159.00,  526.40,  614.52,   35.51, 22.6, 4.09, 4.11, 4.08
6, 8069, 2,     7.47, 5,   coast,  -12.73,  95147.00,  527.45,  615.57,   35.39, 22.6, 4.09, 4.12, 4.08
6, 8069, 2,     7.48, 5,   coast,  -12.71,  95146.00,  527.54,  615.65,   35.26, 22.6, 4.05, 4.09, 4.06
6, 8069, 2,     7.49, 5,   coast,  -12.69,  95146.00,  527.54,  615.65,   35.13, 22.6, 4.09, 4.09, 4.08
6, 8069, 2,     7.50, 5,   coast,  -12.67,  95143.00,  527.80,  615.92,   35.00, 22.6, 4.08, 4.08, 4.05
6, 8069, 2,     7.51, 5,   coast,  -12.65,  95137.00,  528.33,  616.44,   34.88, 22.6, 4.09, 4.11, 4.06
6, 8069, 2,     7.52, 5,   coast,  -12.63,  95134.00,  528.59,  616.70,   34.75, 22.6, 4.09, 4.11, 4.08
6, 8069, 2,     7.53, 5,   coast,  -12.61,  95128.00,  529.12,  617.23,   34.62, 22.6, 4.09, 4.12, 4.08
6, 8069, 2,     7.54, 5,   coast,  -12.58,  95121.00,  529.73,  617.84,   34.50, 22.6, 4.09, 4.11, 4.06
6, 8069, 2,     7.55, 5,   coast,  -12.56,  95118.00,  529.99,  618.11,   34.37, 22.6, 4.09, 4.11, 4.08
6, 8069, 2,     7.56, 5,   coast,  -12.54,  95118.00,  529.99,  618.11,   34.25, 22.6, 4.09, 4.11, 4.08
6, 8069, 2,     7.57, 5,   coast,  -12.52,  95113.00,  530.43,  618.54,   34.12, 22.6, 4.09, 4.11, 4.08
6, 8069, 2,     7.58, 5,   coast,  -12.50,  95117.00,  530.08,  618.19,   33.99, 22.6, 4.09, 4.12, 4.08
6, 8069, 2,     7.59, 5,   coast,  -12.48,  95107.00,  530.96,  619.07,   33.87, 22.6, 4.06, 4.11, 4.06
6, 8069, 2,     7.60, 5,   coast,  -12.45,  95107.00,  530.96,  619.07,   33.74, 22.6, 4.09, 4.09, 4.08
6, 8069, 2,     7.61, 5,   coast,  -12.43,  95102.00,  531.40,  619.51,   33.62, 22.6, 4.09, 4.09, 4.06
6, 8069, 2,     7.62, 5,   coast,  -12.41,  95093.00,  532.18,  620.30,   33.50, 22.6, 4.09, 4.12, 4.08
6, 8069, 2,     7.63, 5,   coast,  -12.38,  95090.00,  532.45,  620.56,   33.37, 22.6, 4.09, 4.11, 4.06
6, 8069, 2,     7.64, 5,   coast,  -12.36,  95090.00,  532.45,  620.56,   33.25, 22.6, 4.09, 4.11, 4.08
6, 8069, 2,     7.65, 5,   coast,  -12.34,  95085.00,  532.89,  621.00,   33.12, 22.6, 4.09, 4.12, 4.08
6, 8069, 2,     7.66, 5,   coast,  -12.31,  95082.00,  533.15,  621.26,   33.00, 22.6, 4.09, 4.11, 4.08
6, 8069, 2,     7.67, 5,   coast,  -12.29,  95083.00,  533.06,  621.17,   32.88, 22.6, 4.09, 4.11, 4.08
6, 8069, 2,     7.68, 5,   coast,  -12.27,  95074.00,  533.85,  621.96,   32.75, 22.6, 4.09, 4.11, 4.08
6, 8069, 2,     7.69, 5,   coast,  -12.24,  95067.00,  534.46,  622.58,   32.63, 22.6, 4.09, 4.11, 4.08
6, 8069, 2,     7.70, 5,   coast,  -12.22,  95066.00,  534.55,  622.66,   32.51, 22.6, 4.05, 4.09, 4.05
6, 8069, 2,     7.71, 5,   coast,  -12.19,  95066.00,  534.55,  622.66,   32.38, 22.6, 4.09, 4.12, 4.08
6, 8069, 2,     7.72, 5,   coast,  -12.17,  95058.00,  535.25,  623.36,   32.26, 22.6, 4.09, 4.09, 4.06
6, 8069, 2,     7.73, 5,   coast,  -12.15,  95057.00,  535.34,  623.45,   32.14, 22.6, 4.09, 4.11, 4.08
6, 8069, 2,     7.74, 5,   coast,  -12.12,  95046.00,  536.30,  624.42,   32.02, 22.6, 4.09, 4.11, 4.08
6, 8069, 2,     7.75, 5,   coast,  -12.10,  95044.00,  536.48,  624.59,   31.90, 22.6, 4.09, 4.11, 4.06
6, 8069, 2,     7.76, 5,   coast,  -12.07,  95041.00,  536.74,  624.86,   31.78, 22.6, 4.09, 4.11, 4.08
6, 8069, 2,     7.77, 5,   coast,  -12.04,  95043.00,  536.57,  624.68,   31.66, 22.6, 4.09, 4.11, 4.08
6, 8069, 2,     7.78, 5,   coast,  -12.02,  95042.00,  536.65,  624.77,   31.53, 22.6, 4.09, 4.11, 4.08
6, 8069, 2,     7.79, 5,   coast,  -11.99,  95036.00,  537.18,  625.29,   31.41, 22.6, 4.09, 4.11, 4.06
6, 8069, 2,     7.80, 5,   coast,  -11.97,  95031.00,  537.62,  625.73,   31.29, 22.6, 4.09, 4.11, 4.06
6, 8069, 2,     7.81, 5,   coast,  -11.94,  95035.00,  537.27,  625.38,   31.17, 22.6, 4.05, 4.11, 4.06
6, 8069, 2,     7.82, 5,   coast,  -11.92,  95035.00,  537.27,  625.38,   31.05, 22.6, 4.09, 4.12, 4.08
6, 8069, 2,     7.83, 5,   coast,  -11.89,  95025.00,  538.15,  626.26,   30.93, 22.6, 4.09, 4.09, 4.06
6, 8069, 2,     7.84, 5,   coast,  -11.86,  95025.00,  538.15,  626.26,   30.82, 22.6, 4.09, 4.11, 4.08
6, 8069, 2,     7.85, 5,   coast,  -11.84,  95017.00,  538.85,  626.96,   30.70, 22.6, 4.09, 4.12, 4.08
6, 8069, 2,     7.86, 5,   coast,  -11.81,  95016.00,  538.93,  627.05,   30.58, 22.6, 4.09, 4.11, 4.08
6, 8069, 2,     7.87, 5,   coast,  -11.78,  95009.00,  539.55,  627.66,   30.46, 22.6, 4.09, 4.12, 4.08
6, 8069, 2,     7.88, 5,   coast,  -11.75,  95001.00,  540.25,  628.36,   30.34, 22.6, 4.09, 4.11, 4.08
6, 8069, 2,     7.89, 5,   coast,  -11.73,  94999.00,  540.43,  628.54,   30.22, 22.6, 4.09, 4.11, 4.06
6, 8069, 2,     7.90, 5,   coast,  -11.70,  95001.00,  540.25,  628.36,   30.11, 22.6, 4.09, 4.11, 4.06
6, 8069, 2,     7.91, 5,   coast,  -11.67,  94994.00,  540.86,  628.98,   29.99, 22.6, 4.09, 4.11, 4.08
6, 8069, 2,     7.92, 5,   coast,  -11.64,  94993.00,  540.95,  629.06,   29.87, 22.6, 4.05, 4.09, 4.05
6, 8069, 2,     7.93, 5,   coast,  -11.62,  94993.00,  540.95,  629.06,   29.76, 22.6, 4.09, 4.11, 4.06
6, 8069, 2,     7.94, 5,   coast,  -11.59,  94983.00,  541.83,  629.94,   29.64, 22.6, 4.08, 4.09, 4.06
6, 8069, 2,     7.95, 5,   coast,  -11.56,  94978.00,  542.27,  630.38,   29.52, 22.6, 4.09, 4.11, 4.08
6, 8069, 2,     7.96, 5,   coast,  -11.53,  94976.00,  542.44,  630.56,   29.41, 22.6, 4.09, 4.11, 4.08
6, 8069, 2,     7.97, 5,   coast,  -11.50,  94977.00,  542.35,  630.47,   29.29, 22.6, 4.09, 4.11, 4.08
6, 8069, 2,     7.98, 5,   coast,  -11.47,  94972.00,  542.79,  630.91,   29.18, 22.6, 4.09, 4.11, 4.08
6, 8069, 2,     7.99, 5,   coast,  -11.45,  94967.00,  543.23,  631.34,   29.06, 22.6, 4.09, 4.11, 4.06
6, 8069, 2,     8.00, 5,   coast,  -11.42,  94961.00,  543.76,  631.87,   28.95, 22.6, 4.09, 4.11, 4.08
6, 8069, 2,     8.01, 5,   coast,  -11.39,  94965.00,  543.41,  631.52,   28.83, 22.6, 4.09, 4.11, 4.08
6, 8069, 2,     8.02, 5,   coast,  -11.36,  94956.00,  544.20,  632.31,   28.72, 22.6, 4.09, 4.11, 4.08
6, 8069, 2,     8.03, 5,   coast,  -11.33,  94954.00,  544.37,  632.49,   28.60, 22.7, 4.05, 4.11, 4.06
6, 8069, 2,     8.04, 5,   coast,  -11.30,  94954.00,  544.37,  632.49,   28.49, 22.7, 4.11, 4.11, 4.06
6, 8069, 2,     8.05, 5,   coast,  -11.27,  94953.00,  544.46,  632.57,   28.38, 22.6, 4.08, 4.09, 4.06
6, 8069, 2,     8.06, 5,   coast,  -11.24,  94949.00,  544.81,  632.92,   28.26, 22.6, 4.09, 4.11, 4.08
6, 8069, 2,     8.07, 5,   coast,  -11.21,  94945.00,  545.16,  633.28,   28.15, 22.6, 4.09, 4.12, 4.08
6, 8069, 2,     8.08, 5,   coast,  -11.18,  94942.00,  545.43,  633.54,   28.04, 22.6, 4.09, 4.11, 4.08
6, 8069, 2,     8.09, 5,   coast,  -11.15,  94934.00,  546.13,  634.24,   27.93, 22.6, 4.09, 4.11, 4.08
6, 8069, 2,     8.10, 5,   coast,  -11.13,  94934.00,  546.13,  634.24,   27.82, 22.6, 4.09, 4.11, 4.08
6, 8069, 2,     8.11, 5,   coast,  -11.10,  94931.00,  546.39,  634.50,   27.70, 22.6, 4.09, 4.11, 4.08
6, 8069, 2,     8.12, 5,   coast,  -11.07,  94929.00,  546.57,  634.68,   27.59, 22.6, 4.09, 4.11, 4.06
6, 8069, 2,     8.13, 5,   coast,  -11.04,  94923.00,  547.09,  635.21,   27.48, 22.7, 4.09, 4.11, 4.08
6, 8069, 2,     8.14, 5,   coast,  -11.01,  94921.00,  547.27,  635.38,   27.37, 22.7, 4.05, 4.09, 4.06
6, 8069, 2,     8.15, 5,   coast,  -10.98,  94921.00,  547.27,  635.38,   27.26, 22.7, 4.09, 4.12, 4.08
6, 8069, 2,     8.16, 5,   coast,  -10.95,  94915.00,  547.79,  635.91,   27.15, 22.6, 4.08, 4.09, 4.05
6, 8069, 2,     8.17, 5,   coast,  -10.92,  94909.00,  548.32,  636.43,   27.04, 22.6, 4.09, 4.12, 4.08
6, 8069, 2,     8.18, 5,   coast,  -10.89,  94913.00,  547.97,  636.08,   26.93, 22.6, 4.09, 4.11, 4.08
6, 8069, 2,     8.19, 5,   coast,  -10.86,  94906.00,  548.58,  636.70,   26.83, 22.6, 4.09, 4.11, 4.08
6, 8069, 2,     8.20, 5,   coast,  -10.83,  94906.00,  548.58,  636.70,   26.72, 22.6, 4.09, 4.12, 4.08
6, 8069, 2,     8.21, 5,   coast,  -10.80,  94898.00,  549.29,  637.40,   26.61, 22.6, 4.09, 4.12, 4.08
6, 8069, 2,     8.22, 5,   coast,  -10.77,  94900.00,  549.11,  637.22,   26.50, 22.6, 4.09, 4.11, 4.08
6, 8069, 2,     8.23, 5,   coast,  -10.74,  94894.00,  549.64,  637.75,   26.39, 22.7, 4.09, 4.09, 4.08
6, 8069, 2,     8.24, 5,   coast,  -10.71,  94888.00,  550.16,  638.28,   26.29, 22.7, 4.09, 4.11, 4.06
6, 8069, 2,     8.25, 5,   coast,  -10.68,  94886.00,  550.34,  638.45,   26.18, 22.7, 4.06, 4.09, 4.06
6, 8069, 2,     8.26, 5,   coast,  -10.65,  94886.00,  550.34,  638.45,   26.07, 22.7, 4.09, 4.11, 4.08
6, 8069, 2,     8.27, 5,   coast,  -10.63,  94886.00,  550.34,  638.45,   25.97, 22.7, 4.08, 4.09, 4.06
6, 8069, 2,     8.28, 5,   coast,  -10.60,  94878.00,  551.04,  639.16,   25.86, 22.6, 4.09, 4.11, 4.08
6, 8069, 2,     8.29, 5,   coast,  -10.57,  94880.00,  550.87,  638.98,   25.75, 22.6, 4.09, 4.11, 4.08
6, 8069, 2,     8.30, 5,   coast,  -10.54,  94872.00,  551.57,  639.68,   25.65, 22.6, 4.09, 4.11, 4.08
6, 8069, 2,     8.31, 5,   coast,  -10.51,  94874.00,  551.39,  639.51,   25.54, 22.6, 4.09, 4.11, 4.08
6, 8069, 2,     8.32, 5,   coast,  -10.48,  94867.00,  552.01,  640.12,   25.44, 22.7, 4.09, 4.11, 4.08
6, 8069, 2,     8.33, 5,   coast,  -10.45,  94864.00,  552.27,  640.38,   25.33, 22.7, 4.09, 4.11, 4.06
6, 8069, 2,     8.34, 5,   coast,  -10.42,  94857.00,  552.89,  641.00,   25.23, 22.7, 4.09, 4.11, 4.08
6, 8069, 2,     8.35, 5,   coast,  -10.40,  94861.00,  552.54,  640.65,   25.13, 22.7, 4.09, 4.11, 4.08
6, 8069, 2,     8.36, 5,   coast,  -10.37,  94856.00,  552.97,  641.09,   25.02, 22.7, 4.06, 4.09, 4.06
6, 8069, 2,     8.37, 5,   coast,  -10.34,  94856.00,  552.97,  641.09,   24.92, 22.7, 4.09, 4.09, 4.06
6, 8069, 2,     8.38, 5,   coast,  -10.31,  94856.00,  552.97,  641.09,   24.81, 22.7, 4.09, 4.09, 4.06
6, 8069, 2,     8.39, 5,   coast,  -10.28,  94853.00,  553.24,  641.35,   24.71, 22.6, 4.09, 4.11, 4.08
6, 8069, 2,     8.40, 5,   coast,  -10.26,  94846.00,  553.85,  641.97,   24.61, 22.6, 4.09, 4.11, 4.08
6, 8069, 2,     8.41, 5,   coast,  -10.23,  94848.00,  553.68,  641.79,   24.51, 22.6, 4.09, 4.11, 4.08
6, 8069, 2,     8.42, 5,   coast,  -10.20,  94844.00,  554.03,  642.14,   24.40, 22.6, 4.09, 4.12, 4.08
6, 8069, 2,     8.43, 5,   coast,  -10.17,  94843.00,  554.12,  642.23,   24.30, 22.7, 4.09, 4.12, 4.08
6, 8069, 2,     8.44, 5,   coast,  -10.14,  94838.00,  554.55,  642.67,   24.20, 22.7, 4.09, 4.11, 4.08
6, 8069, 2,     8.45, 5,   coast,  -10.12,  94842.00,  554.20,  642.32,   24.10, 22.7, 4.09, 4.11, 4.06
6, 8069, 2,     8.46, 5,   coast,  -10.09,  94831.00,  555.17,  643.28,   24.00, 22.7, 4.09, 4.12, 4.08
6, 8069, 2,     8.47, 5,   coast,  -10.06,  94830.00,  555.26,  643.37,   23.90, 22.7, 4.05, 4.09, 4.06
6, 8069, 2,     8.48, 5,   coast,  -10.03,  94830.00,  555.26,  643.37,   23.80, 22.7, 4.09, 4.12, 4.08
6, 8069, 2,     8.49, 5,   coast,  -10.00,  94826.00,  555.61,  643.72,   23.70, 22.7, 4.09, 4.09, 4.06
6, 8069, 2,     8.50, 5,   coast,   -9.97,  94819.00,  556.22,  644.34,   23.60, 22.6, 4.09, 4.12, 4.08
6, 8069, 2,     8.51, 5,   coast,   -9.93,  94820.00,  556.14,  644.25,   23.50, 22.6, 4.09, 4.11, 4.08
6, 8069, 2,     8.52, 5,   coast,   -9.90,  94821.00,  556.05,  644.16,   23.40, 22.7, 4.09, 4.12, 4.08
6, 8069, 2,     8.53, 5,   coast,   -9.87,  94810.00,  557.01,  645.13,   23.30, 22.6, 4.11, 4.12, 4.08
6, 8069, 2,     8.54, 5,   coast,   -9.84,  94812.00,  556.84,  644.95,   23.20, 22.7, 4.09, 4.12, 4.08
6, 8069, 2,     8.55, 5,   coast,   -9.80,  94808.00,  557.19,  645.30,   23.10, 22.7, 4.09, 4.12, 4.08
6, 8069, 2,     8.56, 5,   coast,   -9.77,  94806.00,  557.37,  645.48,   23.00, 22.7, 4.09, 4.11, 4.08
6, 8069, 2,     8.57, 5,   coast,   -9.74,  94802.00,  557.72,  645.83,   22.91, 22.7, 4.09, 4.11, 4.06
6, 8069, 2,     8.58, 5,   coast,   -9.70,  94803.00,  557.63,  645.74,   22.81, 22.7, 4.06, 4.08, 4.05
6, 8069, 2,     8.59, 5,   coast,   -9.66,  94803.00,  557.63,  645.74,   22.71, 22.7, 4.09, 4.09, 4.08
6, 8069, 2,     8.60, 5,   coast,   -9.63,  94809.00,  557.10,  645.22,   22.61, 22.7, 4.08, 4.09, 4.06
6, 8069, 2,     8.61, 5,   coast,   -9.59,  94786.00,  559.12,  647.24,   22.52, 22.6, 4.09, 4.11, 4.06
6, 8069, 2,     8.62, 5,   coast,   -9.55,  94791.00,  558.68,  646.80,   22.42, 22.6, 4.09, 4.11, 4.08
6, 8069, 2,     8.63, 5,   coast,   -9.51,  94788.00,  558.95,  647.06,   22.32, 22.7, 4.09, 4.11, 4.08
6, 8069, 2,     8.64, 5,   coast,   -9.47,  94790.00,  558.77,  646.88,   22.23, 22.7, 4.09, 4.09, 4.06
6, 8069, 2,     8.65, 5,   coast,   -9.43,  94782.00,  559.47,  647.59,   22.13, 22.7, 4.09, 4.11, 4.08
6, 8069, 2,     8.66, 5,   coast,   -9.39,  94785.00,  559.21,  647.32,   22.04, 22.7, 4.09, 4.11, 4.08
6, 8069, 2,     8.67, 5,   coast,   -9.35,  94776.00,  560.00,  648.11,   21.94, 22.7, 4.09, 4.11, 4.08
6, 8069, 2,     8.68, 5,   coast,   -9.30,  94776.00,  560.00,  648.11,   21.85, 22.7, 4.09, 4.11, 4.08
6, 8069, 2,     8.69, 5,   coast,   -9.26,  94771.00,  560.44,  648.55,   21.75, 22.7, 4.06, 4.11, 4.06
6, 8069, 2,     8.70, 5,   coast,   -9.21,  94771.00,  560.44,  648.55,   21.66, 22.7, 4.09, 4.11, 4.08
6, 8069, 2,     8.71, 5,   coast,   -9.17,  94775.00,  560.09,  648.20,   21.56, 22.7, 4.08, 4.09, 4.06
6, 8069, 2,     8.72, 5,   coast,   -9.12,  94766.00,  560.88,  648.99,   21.47, 22.6, 4.09, 4.11, 4.08
6, 8069, 2,     8.73, 5,   coast,   -9.07,  94767.00,  560.79,  648.91,   21.37, 22.7, 4.09, 4.11, 4.08
6, 8069, 2,     8.74, 5,   coast,   -9.03,  94761.00,  561.32,  649.43,   21.28, 22.7, 4.09, 4.11, 4.08
6, 8069, 2,     8.75, 5,   coast,   -8.98,  94761.00,  561.32,  649.43,   21.18, 22.7, 4.09, 4.11, 4.08
6, 8069, 2,     8.76, 5,   coast,   -8.93,  94758.00,  561.58,  649.70,   21.09, 22.7, 4.09, 4.12, 4.08
6, 8069, 2,     8.77, 5,   coast,   -8.88,  94761.00,  561.32,  649.43,   21.00, 22.7, 4.09, 4.11, 4.06
6, 8069, 2,     8.78, 5,   coast,   -8.83,  94755.00,  561.85,  649.96,   20.91, 22.7, 4.09, 4.11, 4.06
6, 8069, 2,     8.79, 5,   coast,   -8.78,  94749.00,  562.37,  650.49,   20.81, 22.7, 4.09, 4.11, 4.08
6, 8069, 2,     8.80, 5,   coast,   -8.73,  94749.00,  562.37,  650.49,   20.72, 22.7, 4.06, 4.09, 4.05
6, 8069, 2,     8.81, 5,   coast,   -8.68,  94749.00,  562.37,  650.49,   20.63, 22.7, 4.11, 4.12, 4.08
6, 8069, 2,     8.82, 5,   coast,   -8.63,  94749.00,  562.37,  650.49,   20.53, 22.7, 4.08, 4.09, 4.06
6, 8069, 2,     8.83, 5,   coast,   -8.57,  94740.00,  563.17,  651.28,   20.44, 22.7, 4.09, 4.11, 4.08
6, 8069, 2,     8.84, 5,   coast,   -8.52,  94738.00,  563.34,  651.45,   20.35, 22.7, 4.09, 4.12, 4.08
6, 8069, 2,     8.85, 5,   coast,   -8.47,  94744.00,  562.81,  650.93,   20.26, 22.7, 4.09, 4.11, 4.08
6, 8069, 2,     8.86, 5,   coast,   -8.42,  94738.00,  563.34,  651.45,   20.17, 22.7, 4.09, 4.11, 4.06
6, 8069, 2,     8.87, 5,   coast,   -8.37,  94733.00,  563.78,  651.89,   20.08, 22.7, 4.09, 4.12, 4.08
6, 8069, 2,     8.88, 5,   coast,   -8.32,  94734.00,  563.69,  651.81,   19.99, 22.7, 4.09, 4.11, 4.08
6, 8069, 2,     8.89, 5,   coast,   -8.27,  94725.00,  564.48,  652.60,   19.89, 22.7, 4.09, 4.11, 4.08
6, 8069, 2,     8.90, 5,   coast,   -8.21,  94721.00,  564.84,  652.95,   19.80, 22.7, 4.09, 4.11, 4.08
6, 8069, 2,     8.91, 5,   coast,   -8.16,  94719.00,  565.01,  653.12,   19.70, 22.7, 4.05, 4.09, 4.06
6, 8069, 2,     8.92, 5,   coast,   -8.11,  94719.00,  565.01,  653.12,   19.63, 22.7, 4.11, 4.12, 4.08
6, 8069, 2,     8.93, 5,   coast,   -8.06,  94715.00,  565.36,  653.48,   19.59, 22.7, 4.08, 4.09, 4.06
6, 8069, 2,     8.94, 5,   coast,   -8.01,  94715.00,  565.36,  653.48,   19.55, 22.7, 4.09, 4.12, 4.08
6, 8069, 2,     8.95, 5,   coast,   -7.97,  94716.00,  565.27,  653.39,   19.49, 22.7, 4.09, 4.11, 4.08
6, 8069, 2,     8.96, 5,   coast,   -7.92,  94714.00,  565.45,  653.56,   19.42, 22.7, 4.09, 4.12, 4.08
6, 8069, 2,     8.97, 5,   coast,   -7.87,  94711.00,  565.71,  653.83,   19.35, 22.7, 4.09, 4.11, 4.08
6, 8069, 2,     8.98, 5,   coast,   -7.82,  94707.00,  566.07,  654.18,   19.27, 22.7, 4.09, 4.11, 4.08
6, 8069, 2,     8.99, 5,   coast,   -7.78,  94707.00,  566.07,  654.18,   19.20, 22.7, 4.09, 4.11, 4.08
6, 8069, 2,     9.00, 5,   coast,   -7.73,  94705.00,  566.24,  654.36,   19.12, 22.7, 4.09, 4.11, 4.08
6, 8069, 2,     9.01, 5,   coast,   -7.69,  94701.00,  566.59,  654.71,   19.04, 22.7, 4.09, 4.11, 4.08
6, 8069, 2,     9.02, 5,   coast,   -7.64,  94693.00,  567.30,  655.41,   18.97, 22.7, 4.05, 4.09, 4.05
6, 8069, 2,     9.03, 5,   coast,   -7.60,  94693.00,  567.30,  655.41,   18.89, 22.7, 4.09, 4.11, 4.08
6, 8069, 2,     9.04, 5,   coast,   -7.56,  94696.00,  567.03,  655.15,   18.82, 22.7, 4.09, 4.09, 4.06
6, 8069, 2,     9.05, 5,   coast,   -7.52,  94692.00,  567.39,  655.50,   18.74, 22.7, 4.09, 4.12, 4.08
6, 8069, 2,     9.06, 5,   coast,   -7.48,  94689.00,  567.65,  655.76,   18.67, 22.7, 4.09, 4.11, 4.08
6, 8069, 2,     9.07, 5,   coast,   -7.44,  94684.00,  568.09,  656.20,   18.59, 22.7, 4.09, 4.11, 4.08
6, 8069, 2,     9.08, 5,   coast,   -7.40,  94685.00,  568.00,  656.11,   18.52, 22.7, 4.09, 4.12, 4.08
6, 8069, 2,     9.09, 5,   coast,   -7.36,  94687.00,  567.82,  655.94,   18.44, 22.7, 4.09, 4.11, 4.08
6, 8069, 2,     9.10, 5,   coast,   -7.33,  94680.00,  568.44,  656.55,   18.37, 22.7, 4.09, 4.11, 4.08
6, 8069, 2,     9.11, 5,   coast,   -7.29,  94679.00,  568.53,  656.64,   18.30, 22.7, 4.09, 4.11, 4.08
6, 8069, 2,     9.12, 5,   coast,   -7.25,  94673.00,  569.06,  657.17,   18.22, 22.7, 4.09, 4.11, 4.06
6, 8069, 2,     9.13, 5,   coast,   -7.22,  94678.00,  568.62,  656.73,   18.15, 22.7, 4.05, 4.09, 4.06
6, 8069, 2,     9.14, 5,   coast,   -7.19,  94678.00,  568.62,  656.73,   18.08, 22.7, 4.11, 4.12, 4.08
6, 8069, 2,     9.15, 5,   coast,   -7.16,  94670.00,  569.32,  657.43,   18.01, 22.7, 4.09, 4.09, 4.06
6, 8069, 2,     9.16, 5,   coast,   -7.12,  94669.00,  569.41,  657.52,   17.93, 22.7, 4.09, 4.09, 4.08
6, 8069, 2,     9.17, 5,   coast,   -7.09,  94662.00,  570.02,  658.14,   17.86, 22.7, 4.09, 4.11, 4.08
6, 8069, 2,     9.18, 5,   coast,   -7.06,  94668.00,  569.50,  657.61,   17.79, 22.7, 4.09, 4.12, 4.08
6, 8069, 2,     9.19, 5,   coast,   -7.04,  94662.00,  570.02,  658.14,   17.72, 22.7, 4.09, 4.12, 4.08
6, 8069, 2,     9.20, 5,   coast,   -7.01,  94658.00,  570.38,  658.49,   17.65, 22.7, 4.09, 4.12, 4.08
6, 8069, 2,     9.21, 5,   coast,   -6.98,  94661.00,  570.11,  658.22,   17.58, 22.7, 4.09, 4.11, 4.08
6, 8069, 2,     9.22, 5,   coast,   -6.95,  94659.00,  570.29,  658.40,   17.51, 22.7, 4.09, 4.11, 4.08
6, 8069, 2,     9.23, 5,   coast,   -6.93,  94654.00,  570.73,  658.84,   17.44, 22.7, 4.09, 4.11, 4.08
6, 8069, 2,     9.24, 5,   coast,   -6.90,  94653.00,  570.82,  658.93,   17.37, 22.7, 4.06, 4.08, 4.05
6, 8069, 2,     9.25, 5,   coast,   -6.88,  94653.00,  570.82,  658.93,   17.30, 22.7, 4.09, 4.11, 4.08
6, 8069, 2,     9.26, 5,   coast,   -6.85,  94658.00,  570.38,  658.49,   17.24, 22.7, 4.08, 4.09, 4.06
6, 8069, 2,     9.27, 5,   coast,   -6.83,  94644.00,  571.61,  659.72,   17.17, 22.7, 4.09, 4.11, 4.08
6, 8069, 2,     9.28, 5,   coast,   -6.81,  94641.00,  571.87,  659.98,   17.10, 22.7, 4.09, 4.11, 4.08
6, 8069, 2,     9.29, 5,   coast,   -6.79,  94647.00,  571.34,  659.46,   17.03, 22.7, 4.09, 4.11, 4.08
6, 8069, 2,     9.30, 5,   coast,   -6.77,  94642.00,  571.78,  659.90,   16.96, 22.7, 4.09, 4.11, 4.08
6, 8069, 2,     9.31, 5,   coast,   -6.74,  94641.00,  571.87,  659.98,   16.90, 22.7, 4.09, 4.11, 4.08
6, 8069, 2,     9.32, 5,   coast,   -6.72,  94639.00,  572.05,  660.16,   16.83, 22.7, 4.09, 4.11, 4.06
6, 8069, 2,     9.33, 5,   coast,   -6.71,  94634.00,  572.49,  660.60,   16.76, 22.7, 4.09, 4.11, 4.08
6, 8069, 2,     9.34, 5,   coast,   -6.69,  94638.00,  572.13,  660.25,   16.70, 22.7, 4.09, 4.11, 4.06
6, 8069, 2,     9.35, 5,   coast,   -6.67,  94631.00,  572.75,  660.86,   16.63, 22.7, 4.05, 4.11, 4.06
6, 8069, 2,     9.36, 5,   coast,   -6.65,  94631.00,  572.75,  660.86,   16.57, 22.7, 4.09, 4.11, 4.08
6, 8069, 2,     9.37, 5,   coast,   -6.63,  94635.00,  572.40,  660.51,   16.50, 22.7, 4.08, 4.09, 4.06
6, 8069, 2,     9.38, 5,   coast,   -6.62,  94633.00,  572.57,  660.69,   16.44, 22.7, 4.09, 4.11, 4.08
6, 8069, 2,     9.39, 5,   coast,   -6.60,  94626.00,  573.19,  661.30,   16.37, 22.7, 4.09, 4.11, 4.08
6, 8069, 2,     9.40, 5,   coast,   -6.58,  94635.00,  572.40,  660.51,   16.31, 22.7, 4.09, 4.11, 4.08
6, 8069, 2,     9.41, 5,   coast,   -6.57,  94627.00,  573.10,  661.22,   16.24, 22.7, 4.09, 4.11, 4.08
6, 8069, 2,     9.42, 5,   coast,   -6.56,  94624.00,  573.37,  661.48,   16.18, 22.7, 4.09, 4.11, 4.06
6, 8069, 2,     9.43, 5,   coast,   -6.54,  94630.00,  572.84,  660.95,   16.11, 22.7, 4.09, 4.11, 4.08
6, 8069, 2,     9.44, 5,   coast,   -6.53,  94619.00,  573.81,  661.92,   16.05, 22.7, 4.09, 4.11, 4.08
6, 8069, 2,     9.45, 5,   coast,   -6.51,  94621.00,  573.63,  661.74,   15.99, 22.7, 4.09, 4.11, 4.08
6, 8069, 2,     9.46, 5,   coast,   -6.50,  94619.00,  573.81,  661.92,   15.92, 22.7, 4.06, 4.09, 4.06
6, 8069, 2,     9.47, 5,   coast,   -6.49,  94619.00,  573.81,  661.92,   15.86, 22.7, 4.11, 4.09, 4.06
6, 8069, 2,     9.48, 5,   coast,   -6.48,  94609.00,  574.69,  662.80,   15.79, 22.7, 4.09, 4.09, 4.06
6, 8069, 2,     9.49, 5,   coast,   -6.47,  94607.00,  574.86,  662.98,   15.73, 22.7, 4.09, 4.12, 4.08
6, 8069, 2,     9.50, 5,   coast,   -6.46,  94612.00,  574.42,  662.54,   15.67, 22.7, 4.09, 4.11, 4.08
6, 8069, 2,     9.51, 5,   coast,   -6.45,  94605.00,  575.04,  663.15,   15.61, 22.7, 4.09, 4.11, 4.08
6, 8069, 2,     9.52, 5,   coast,   -6.44,  94609.00,  574.69,  662.80,   15.54, 22.7, 4.09, 4.11, 4.06
6, 8069, 2,     9.53, 5,   coast,   -6.43,  94607.00,  574.86,  662.98,   15.48, 22.7, 4.09, 4.12, 4.08
6, 8069, 2,     9.54, 5,   coast,   -6.42,  94601.00,  575.39,  663.50,   15.42, 22.7, 4.09, 4.12, 4.08
6, 8069, 2,     9.55, 5,   coast,   -6.42,  94605.00,  575.04,  663.15,   15.35, 22.7, 4.09, 4.11, 4.08
6, 8069, 2,     9.56, 5,   coast,   -6.41,  94603.00,  575.21,  663.33,   15.29, 22.7, 4.09, 4.09, 4.08
6, 8069, 2,     9.57, 5,   coast,   -6.41,  94596.00,  575.83,  663.94,   15.23, 22.7, 4.06, 4.09, 4.06
6, 8069, 2,     9.58, 5,   coast,   -6.40,  94596.00,  575.83,  663.94,   15.17, 22.7, 4.09, 4.12, 4.08
6, 8069, 2,     9.59, 5,   coast,   -6.40,  94595.00,  575.92,  664.03,   15.10, 22.7, 4.09, 4.09, 4.06
6, 8069, 2,     9.60, 5,   coast,   -6.40,  94601.00,  575.39,  663.50,   15.04, 22.7, 4.09, 4.11, 4.08
6, 8069, 2,     9.61, 5,   coast,   -6.40,  94595.00,  575.92,  664.03,   14.98, 22.7, 4.09, 4.11, 4.08
6, 8069, 2,     9.62, 5,   coast,   -6.40,  94593.00,  576.09,  664.21,   14.92, 22.7, 4.09, 4.11, 4.08
6, 8069, 2,     9.63, 5,   coast,   -6.40,  94587.00,  576.62,  664.74,   14.85, 22.7, 4.09, 4.11, 4.08
6, 8069, 2,     9.64, 5,   coast,   -6.40,  94592.00,  576.18,  664.30,   14.79, 22.7, 4.09, 4.11, 4.06
6, 8069, 2,     9.65, 5,   coast,   -6.40,  94589.00,  576.45,  664.56,   14.73, 22.7, 4.09, 4.12, 4.08
6, 8069, 2,     9.66, 5,   coast,   -6.40,  94588.00,  576.53,  664.65,   14.67, 22.7, 4.09, 4.11, 4.06
6, 8069, 2,     9.67, 5,   coast,   -6.40,  94586.00,  576.71,  664.82,   14.60, 22.7, 4.09, 4.11, 4.08
6, 8069, 2,     9.68, 5,   coast,   -6.41,  94585.00,  576.80,  664.91,   14.54, 22.7, 4.05, 4.09, 4.06
6, 8069, 2,     9.69, 5,   coast,   -6.41,  94585.00,  576.80,  664.91,   14.48, 22.7, 4.11, 4.12, 4.06
6, 8069, 2,     9.70, 5,   coast,   -6.42,  94580.00,  577.24,  665.35,   14.42, 22.7, 4.09, 4.09, 4.06
6, 8069, 2,     9.71, 5,   coast,   -6.42,  94577.00,  577.50,  665.62,   14.35, 22.7, 4.09, 4.11, 4.06
6, 8069, 2,     9.72, 5,   coast,   -6.43,  94573.00,  577.85,  665.97,   14.28, 22.7, 4.09, 4.11, 4.08
6, 8069, 2,     9.73, 5,   coast,   -6.44,  94580.00,  577.24,  665.35,   14.21, 22.7, 4.09, 4.11, 4.08
6, 8069, 2,     9.74, 5,   coast,   -6.45,  94572.00,  577.94,  666.06,   14.15, 22.7, 4.09, 4.12, 4.08
6, 8069, 2,     9.75, 5,   coast,   -6.46,  94574.00,  577.77,  665.88,   14.09, 22.7, 4.09, 4.11, 4.08
6, 8069, 2,     9.76, 5,   coast,   -6.46,  94571.00,  578.03,  666.14,   14.03, 22.7, 4.09, 4.11, 4.08
6, 8069, 2,     9.77, 5,   coast,   -6.48,  94570.00,  578.12,  666.23,   13.96, 22.7, 4.09, 4.11, 4.08
6, 8069, 2,     9.78, 5,   coast,   -6.49,  94573.00,  577.85,  665.97,   13.90, 22.7, 4.09, 4.11, 4.06
6, 8069, 2,     9.79, 5,   coast,   -6.50,  94571.00,  578.03,  666.14,   13.84, 22.7, 4.06, 4.11, 4.06
6, 8069, 2,     9.80, 5,   coast,   -6.51,  94571.00,  578.03,  666.14,   13.77, 22.7, 4.09, 4.11, 4.08
6, 8069, 2,     9.81, 5,   coast,   -6.52,  94566.00,  578.47,  666.58,   13.71, 22.7, 4.08, 4.09, 4.05
6, 8069, 2,     9.82, 5,   coast,   -6.54,  94566.00,  578.47,  666.58,   13.65, 22.7, 4.09, 4.11, 4.08
6, 8069, 2,     9.83, 5,   coast,   -6.55,  94558.00,  579.17,  667.29,   13.59, 22.7, 4.09, 4.11, 4.08
6, 8069, 2,     9.84, 5,   coast,   -6.57,  94558.00,  579.17,  667.29,   13.52, 22.7, 4.09, 4.11, 4.08
6, 8069, 2,     9.85, 5,   coast,   -6.58,  94557.00,  579.26,  667.38,   13.46, 22.7, 4.09, 4.11, 4.08
6, 8069, 2,     9.86, 5,   coast,   -6.60,  94553.00,  579.62,  667.73,   13.40, 22.7, 4.09, 4.11, 4.08
6, 8069, 2,     9.87, 5,   coast,   -6.62,  94555.00,  579.44,  667.55,   13.32, 22.7, 4.09, 4.11, 4.06
6, 8069, 2,     9.88, 5,   coast,   -6.64,  94556.00,  579.35,  667.46,   13.26, 22.7, 4.09, 4.11, 4.08
6, 8069, 2,     9.89, 5,   coast,   -6.65,  94555.00,  579.44,  667.55,   13.19, 22.7, 4.09, 4.11, 4.06
6, 8069, 2,     9.90, 5,   coast,   -6.67,  94552.00,  579.70,  667.82,   13.13, 22.7, 4.05, 4.09, 4.06
6, 8069, 2,     9.91, 5,   coast,   -6.69,  94552.00,  579.70,  667.82,   13.06, 22.7, 4.09, 4.12, 4.08
6, 8069, 2,     9.92, 5,   coast,   -6.71,  94556.00,  579.35,  667.46,   13.00, 22.7, 4.08, 4.09, 4.06
6, 8069, 2,     9.93, 5,   coast,   -6.73,  94551.00,  579.79,  667.90,   12.93, 22.7, 4.09, 4.11, 4.06
6, 8069, 2,     9.94, 5,   coast,   -6.75,  94542.00,  580.58,  668.70,   12.87, 22.7, 4.09, 4.11, 4.08
6, 8069, 2,     9.95, 5,   coast,   -6.77,  94546.00,  580.23,  668.34,   12.80, 22.7, 4.09, 4.12, 4.08
6, 8069, 2,     9.96, 5,   coast,   -6.79,  94541.00,  580.67,  668.78,   12.74, 22.7, 4.09, 4.12, 4.08
6, 8069, 2,     9.97, 5,   coast,   -6.81,  94543.00,  580.50,  668.61,   12.67, 22.7, 4.09, 4.11, 4.08
6, 8069, 2,     9.98, 5,   coast,   -6.83,  94542.00,  580.58,  668.70,   12.60, 22.7, 4.09, 4.11, 4.08
6, 8069, 2,     9.99, 5,   coast,   -6.85,  94537.00,  581.02,  669.14,   12.53, 22.7, 4.09, 4.12, 4.08
6, 8069, 2,    10.00, 5,   coast,   -6.87,  94548.00,  580.06,  668.17,   12.47, 22.7, 4.09, 4.11, 4.06
6, 8069, 2,    10.01, 5,   coast,   -6.89,  94541.00,  580.67,  668.78,   12.40, 22.7, 4.05, 4.11, 4.06
6, 8069, 2,    10.02, 5,   coast,   -6.91,  94541.00,  580.67,  668.78,   12.33, 22.7, 4.09, 4.11, 4.08
6, 8069, 2,    10.03, 5,   coast,   -6.93,  94533.00,  581.38,  669.49,   12.26, 22.7, 4.08, 4.09, 4.06
6, 8069, 2,    10.04, 5,   coast,   -6.94,  94531.00,  581.55,  669.67,   12.20, 22.7, 4.09, 4.12, 4.08
6, 8069, 2,    10.05, 5,   coast,   -6.96,  94527.00,  581.90,  670.02,   12.13, 22.7, 4.09, 4.11, 4.06
6, 8069, 2,    10.06, 5,   coast,   -6.98,  94528.00,  581.82,  669.93,   12.06, 22.7, 4.09, 4.11, 4.08
6, 8069, 2,    10.07, 5,   coast,   -7.00,  94523.00,  582.26,  670.37,   11.98, 22.7, 4.09, 4.11, 4.08
6, 8069, 2,    10.08, 5,   coast,   -7.02,  94521.00,  582.43,  670.55,   11.91, 22.7, 4.09, 4.11, 4.08
6, 8069, 2,    10.09, 5,   coast,   -7.04,  94521.00,  582.43,  670.55,   11.84, 22.7, 4.09, 4.11, 4.08
6, 8069, 2,    10.10, 5,   coast,   -7.06,  94518.00,  582.70,  670.81,   11.77, 22.7, 4.09, 4.11, 4.08
6, 8069, 2,    10.11, 5,   coast,   -7.08,  94520.00,  582.52,  670.63,   11.70, 22.7, 4.09, 4.09, 4.08
6, 8069, 2,    10.12, 5,   coast,   -7.09,  94519.00,  582.61,  670.72,   11.63, 22.7, 4.06, 4.09, 4.06
6, 8069, 2,    10.13, 5,   coast,   -7.11,  94519.00,  582.61,  670.72,   11.56, 22.7, 4.09, 4.11, 4.08
6, 8069, 2,    10.14, 5,   coast,   -7.13,  94521.00,  582.43,  670.55,   11.49, 22.7, 4.08, 4.09, 4.06
6, 8069, 2,    10.15, 5,   coast,   -7.15,  94524.00,  582.17,  670.28,   11.42, 22.7, 4.09, 4.11, 4.06
6, 8069, 2,    10.16, 5,   coast,   -7.16,  94518.00,  582.70,  670.81,   11.34, 22.7, 4.09, 4.11, 4.06
6, 8069, 2,    10.17, 5,   coast,   -7.18,  94510.00,  583.40,  671.51,   11.26, 22.7, 4.09, 4.12, 4.08
6, 8069, 2,    10.18, 5,   coast,   -7.20,  94509.00,  583.49,  671.60,   11.19, 22.7, 4.09, 4.12, 4.08
6, 8069, 2,    10.19, 5,   coast,   -7.21,  94512.00,  583.23,  671.34,   11.11, 22.7, 4.09, 4.11, 4.08
6, 8069, 2,    10.20, 5,   coast,   -7.23,  94512.00,  583.23,  671.34,   11.04, 22.7, 4.09, 4.11, 4.08
6, 8069, 2,    10.21, 5,   coast,   -7.24,  94510.00,  583.40,  671.51,   10.96, 22.7, 4.09, 4.09, 4.08
6, 8069, 2,    10.22, 5,   coast,   -7.26,  94506.00,  583.75,  671.87,   10.89, 22.7, 4.09, 4.11, 4.06
6, 8069, 2,    10.23, 5,   coast,   -7.28,  94511.00,  583.31,  671.43,   10.81, 22.7, 4.06, 4.11, 4.06
6, 8069, 2,    10.24, 5,   coast,   -7.29,  94511.00,  583.31,  671.43,   10.74, 22.7, 4.11, 4.11, 4.06
6, 8069, 2,    10.25, 5,   coast,   -7.31,  94506.00,  583.75,  671.87,   10.66, 22.7, 4.08, 4.09, 4.06
6, 8069, 2,    10.26, 5,   coast,   -7.33,  94509.00,  583.49,  671.60,   10.59, 22.7, 4.09, 4.11, 4.08
6, 8069, 2,    10.27, 5,   coast,   -7.34,  94510.00,  583.40,  671.51,   10.51, 22.7, 4.09, 4.11, 4.06
6, 8069, 2,    10.28, 5,   coast,   -7.36,  94505.00,  583.84,  671.95,   10.43, 22.7, 4.09, 4.12, 4.08
6, 8069, 2,    10.29, 5,   coast,   -7.37,  94499.00,  584.37,  672.48,   10.35, 22.7, 4.09, 4.11, 4.08
6, 8069, 2,    10.30, 5,   coast,   -7.39,  94503.00,  584.02,  672.13,   10.28, 22.7, 4.09, 4.11, 4.08
6, 8069, 2,    10.31, 5,   coast,   -7.41,  94509.00,  583.49,  671.60,   10.20, 22.7, 4.09, 4.11, 4.08
6, 8069, 2,    10.32, 5,   coast,   -7.43,  94503.00,  584.02,  672.13,   10.12, 22.7, 4.09, 4.11, 4.08
6, 8069, 2,    10.33, 5,   coast,   -7.44,  94504.00,  583.93,  672.04,   10.04, 22.7, 4.09, 4.11, 4.08
6, 8069, 2,    10.34, 5,   coast,   -7.46,  94494.00,  584.81,  672.92,    9.97, 22.7, 4.05, 4.09, 4.06
6, 8069, 2,    10.35, 5,   coast,   -7.48,  94494.00,  584.81,  672.92,    9.89, 22.7, 4.11, 4.11, 4.08
6, 8069, 2,    10.36, 5,   coast,   -7.50,  94505.00,  583.84,  671.95,    9.81, 22.7, 4.08, 4.09, 4.05
6, 8069, 2,    10.37, 5,   coast,   -7.52,  94496.00,  584.63,  672.75,    9.77, 22.7, 4.09, 4.11, 4.08
6, 8069, 2,    10.38, 5,   coast,   -7.53,  94499.00,  584.37,  672.48,    9.70, 22.7, 4.09, 4.12, 4.08
6, 8069, 2,    10.39, 5,   coast,   -7.55,  94500.00,  584.28,  672.40,    9.63, 22.7, 4.09, 4.12, 4.06
6, 8069, 2,    10.40, 5,   coast,   -7.57,  94494.00,  584.81,  672.92,    9.56, 22.7, 4.09, 4.11, 4.06
6, 8069, 2,    10.41, 5,   coast,   -7.60,  94488.00,  585.34,  673.45,    9.49, 22.7, 4.09, 4.11, 4.06
6, 8069, 2,    10.42, 5,   coast,   -7.62,  94495.00,  584.72,  672.84,    9.42, 22.7, 4.09, 4.12, 4.08
6, 8069, 2,    10.43, 5,   coast,   -7.64,  94487.00,  585.43,  673.54,    9.36, 22.7, 4.09, 4.11, 4.08
6, 8069, 2,    10.44, 5,   coast,   -7.66,  94498.00,  584.46,  672.57,    9.29, 22.7, 4.09, 4.11, 4.08
6, 8069, 2,    10.45, 5,   coast,   -7.68,  94492.00,  584.99,  673.10,    9.22, 22.7, 4.05, 4.11, 4.06
6, 8069, 2,    10.46, 5,   coast,   -7.71,  94492.00,  584.99,  673.10,    9.15, 22.7, 4.09, 4.11, 4.08
6, 8069, 2,    10.47, 5,   coast,   -7.73,  94494.00,  584.81,  672.92,    9.05, 22.7, 4.09, 4.09, 4.06
6, 8069, 2,    10.48, 5,   coast,   -7.75,  94491.00,  585.07,  673.19,    8.98, 22.7, 4.09, 4.12, 4.08
6, 8069, 2,    10.49, 5,   coast,   -7.78,  94483.00,  585.78,  673.89,    8.91, 22.7, 4.09, 4.11, 4.08
6, 8069, 2,    10.50, 5,   coast,   -7.80,  94487.00,  585.43,  673.54,    8.83, 22.7, 4.09, 4.11, 4.08
6, 8069, 2,    10.51, 5,   coast,   -7.83,  94490.00,  585.16,  673.28,    8.76, 22.7, 4.09, 4.11, 4.06
6, 8069, 2,    10.52, 5,   coast,   -7.85,  94484.00,  585.69,  673.80,    8.69, 22.7, 4.09, 4.11, 4.08
6, 8069, 2,    10.53, 5,   coast,   -7.88,  94489.00,  585.25,  673.36,    8.61, 22.7, 4.09, 4.11, 4.08
6, 8069, 2,    10.54, 5,   coast,   -7.91,  94479.00,  586.13,  674.24,    8.54, 22.7, 4.09, 4.12, 4.08
6, 8069, 2,    10.55, 5,   coast,   -7.93,  94489.00,  585.25,  673.36,    8.47, 22.7, 4.09, 4.11, 4.08
6, 8069, 2,    10.56, 5,   coast,   -7.96,  94485.00,  585.60,  673.72,    8.40, 22.7, 4.05, 4.09, 4.06
6, 8069, 2,    10.57, 5,   coast,   -7.99,  94485.00,  585.60,  673.72,    8.28, 22.7, 4.09, 4.09, 4.06
6, 8069, 2,    10.58, 5,   coast,   -8.01,  94490.00,  585.16,  673.28,    8.20, 22.7, 4.08, 4.09, 4.06
6, 8069, 2,    10.59, 5,   coast,   -8.04,  94480.00,  586.04,  674.16,    8.12, 22.7, 4.09, 4.12, 4.08
6, 8069, 2,    10.60, 5,   coast,   -8.07,  94476.00,  586.40,  674.51,    8.04, 22.7, 4.09, 4.12, 4.08
6, 8069, 2,    10.61, 5,   coast,   -8.10,  94483.00,  585.78,  673.89,    7.95, 22.7, 4.09, 4.12, 4.08
6, 8069, 2,    10.62, 5,   coast,   -8.12,  94472.00,  586.75,  674.86,    7.87, 22.7, 4.09, 4.11, 4.06
6, 8069, 2,    10.63, 5,   coast,   -8.15,  94478.00,  586.22,  674.33,    7.79, 22.7, 4.09, 4.11, 4.08
6, 8069, 2,    10.64, 5,   coast,   -8.18,  94482.00,  585.87,  673.98,    7.71, 22.7, 4.09, 4.11, 4.08
6, 8069, 2,    10.65, 5,   coast,   -8.21,  94479.00,  586.13,  674.24,    7.62, 22.7, 4.09, 4.11, 4.08
6, 8069, 2,    10.66, 5,   coast,   -8.24,  94477.00,  586.31,  674.42,    7.54, 22.7, 4.09, 4.11, 4.08
6, 8069, 2,    10.67, 5,   coast,   -8.26,  94481.00,  585.96,  674.07,    7.45, 22.7, 4.05, 4.11, 4.06
6, 8069, 2,    10.68, 5,   coast,   -8.29,  94481.00,  585.96,  674.07,    7.37, 22.7, 4.11, 4.09, 4.08
6, 8069, 2,    10.69, 5,   coast,   -8.32,  94479.00,  586.13,  674.24,    7.28, 22.7, 4.09, 4.11, 4.06
6, 8069, 2,    10.70, 5,   coast,   -8.35,  94475.00,  586.48,  674.60,    7.19, 22.7, 4.09, 4.12, 4.08
6, 8069, 2,    10.71, 5,   coast,   -8.37,  94480.00,  586.04,  674.16,    7.11, 22.7, 4.09, 4.11, 4.08
6, 8069, 2,    10.72, 5,   coast,   -8.40,  94477.00,  586.31,  674.42,    7.02, 22.7, 4.09, 4.11, 4.08
6, 8069, 2,    10.73, 5,   coast,   -8.43,  94475.00,  586.48,  674.60,    6.93, 22.7, 4.09, 4.11, 4.06
6, 8069, 2,    10.74, 5,   coast,   -8.46,  94477.00,  586.31,  674.42,    6.85, 22.7, 4.09, 4.11, 4.08
6, 8069, 2,    10.75, 5,   coast,   -8.48,  94473.00,  586.66,  674.77,    6.76, 22.7, 4.09, 4.11, 4.08
6, 8069, 2,    10.76, 5,   coast,   -8.51,  94472.00,  586.75,  674.86,    6.67, 22.7, 4.09, 4.11, 4.08
6, 8069, 2,    10.77, 5,   coast,   -8.53,  94476.00,  586.40,  674.51,    6.60, 22.7, 4.09, 4.12, 4.08
6, 8069, 2,    10.78, 5,   coast,   -8.56,  94470.00,  586.92,  675.04,    6.51, 22.7, 4.06, 4.11, 4.06
6, 8069, 2,    10.79, 5,   coast,   -8.58,  94470.00,  586.92,  675.04,    6.43, 22.7, 4.09, 4.09, 4.08
6, 8069, 2,    10.80, 5,   coast,   -8.61,  94476.00,  586.40,  674.51,    6.34, 22.7, 4.08, 4.09, 4.06
6, 8069, 2,    10.81, 5,   coast,   -8.63,  94470.00,  586.92,  675.04,    6.26, 22.7, 4.09, 4.12, 4.08
6, 8069, 2,    10.82, 5,   coast,   -8.66,  94471.00,  586.84,  674.95,    6.17, 22.7, 4.09, 4.12, 4.08
6, 8069, 2,    10.83, 5,   coast,   -8.68,  94469.00,  587.01,  675.13,    6.09, 22.7, 4.09, 4.11, 4.06
6, 8069, 2,    10.84, 5,   coast,   -8.71,  94463.00,  587.54,  675.65,    6.00, 22.7, 4.09, 4.11, 4.06
6, 8069, 2,    10.85, 5,   coast,   -8.73,  94472.00,  586.75,  674.86,    5.92, 22.7, 4.09, 4.11, 4.08
6, 8069, 2,    10.86, 5,   coast,   -8.75,  94464.00,  587.45,  675.57,    5.83, 22.7, 4.09, 4.12, 4.08
6, 8069, 2,    10.87, 5,   coast,   -8.77,  94478.00,  586.22,  674.33,    5.74, 22.7, 4.09, 4.11, 4.08
6, 8069, 2,    10.88, 5,   coast,   -8.80,  94471.00,  586.84,  674.95,    5.65, 22.7, 4.09, 4.11, 4.06
6, 8069, 2,    10.89, 5,   coast,   -8.82,  94472.00,  586.75,  674.86,    5.56, 22.7, 4.06, 4.11, 4.06
6, 8069, 2,    10.90, 5,   coast,   -8.84,  94472.00,  586.75,  674.86,    5.47, 22.7, 4.09, 4.09, 4.06
6, 8069, 2,    10.91, 5,   coast,   -8.86,  94688.00,  567.74,  655.85,    5.38, 22.7, 4.08, 4.09, 4.06
6, 8069, 2,    10.92, 5,   coast,   -8.88,  94126.00,  617.28,  705.39,    5.29, 22.7, 4.09, 4.11, 4.08
6, 8069, 2,    10.93, 5,   coast,   -8.90,  93522.00,  670.79,  758.90,    5.21, 22.7, 4.09, 4.11, 4.08
6, 8069, 2,    10.94, 5,   coast,   -8.92,  93624.00,  661.73,  749.84,    5.12, 22.7, 4.09, 4.11, 4.08
6, 8069, 2,    10.95, 5,   coast,   -8.94,  93987.00,  629.57,  717.68,    5.03, 22.7, 4.09, 4.12, 4.06
6, 8069, 2,    10.96, 5,   coast,   -8.96,  94169.00,  613.48,  701.59,    4.94, 22.7, 4.09, 4.11, 4.06
6, 8069, 2,    10.97, 5,   coast,   -8.98,  94277.00,  603.94,  692.06,    4.85, 22.7, 4.09, 4.11, 4.06
6, 8069, 2,    10.98, 5,   coast,   -9.00,  94334.00,  598.91,  687.03,    4.77, 22.7, 4.09, 4.09, 4.08
6, 8069, 2,    10.99, 5,   coast,   -9.02,  94371.00,  595.65,  683.76,    4.68, 22.7, 4.09, 4.11, 4.08
6, 8069, 2,    11.00, 5,   coast,   -9.03,  94391.00,  593.89,  682.00,    4.59, 22.7, 4.05, 4.09, 4.05
6, 8069, 2,    11.01, 5,   coast,   -9.05,  94391.00,  593.89,  682.00,    4.50, 22.7, 4.09, 4.11, 4.06
6, 8069, 2,    11.02, 5,   coast,   -9.07,  94390.00,  593.98,  682.09,    4.41, 22.7, 4.08, 4.09, 4.06
6, 8069, 2,    11.03, 5,   coast,   -9.09,  94398.00,  593.27,  681.38,    4.32, 22.7, 4.09, 4.11, 4.08
6, 8069, 2,    11.04, 5,   coast,   -9.10,  94407.00,  592.48,  680.59,    4.23, 22.7, 4.09, 4.11, 4.08
6, 8069, 2,    11.05, 5,   coast,   -9.12,  94404.00,  592.74,  680.85,    4.14, 22.7, 4.09, 4.11, 4.08
6, 8069, 2,    11.06, 5,   coast,   -9.14,  94402.00,  592.92,  681.03,    4.05, 22.7, 4.09, 4.12, 4.08
6, 8069, 2,    11.07, 5,   coast,   -9.15,  94413.00,  591.95,  680.06,    3.95, 22.7, 4.09, 4.11, 4.08
6, 8069, 2,    11.08, 5,   coast,   -9.17,  94407.00,  592.48,  680.59,    3.85, 22.7, 4.09, 4.11, 4.08
6, 8069, 2,    11.09, 5,   coast,   -9.18,  94409.00,  592.30,  680.41,    3.76, 22.7, 4.09, 4.12, 4.08
6, 8069, 2,    11.10, 5,   coast,   -9.20,  94412.00,  592.04,  680.15,    3.66, 22.7, 4.09, 4.11, 4.08
6, 8069, 2,    11.11, 5,   coast,   -9.21,  94413.00,  591.95,  680.06,    3.57, 22.7, 4.06, 4.11, 4.06
6, 8069, 2,    11.12, 5,   coast,   -9.23,  94413.00,  591.95,  680.06,    3.47, 22.7, 4.09, 4.12, 4.08
6, 8069, 2,    11.13, 5,   coast,   -9.24,  94418.00,  591.51,  679.62,    3.38, 22.7, 4.08, 4.09, 4.06
6, 8069, 2,    11.14, 5,   coast,   -9.26,  94420.00,  591.33,  679.44,    3.28, 22.7, 4.09, 4.11, 4.06
6, 8069, 2,    11.15, 5,   coast,   -9.27,  94414.00,  591.86,  679.97,    3.18, 22.7, 4.09, 4.11, 4.08
6, 8069, 2,    11.16, 5,   coast,   -9.29,  94421.00,  591.24,  679.36,    3.09, 22.7, 4.09, 4.11, 4.06
6, 8069, 2,    11.17, 5,   coast,   -9.30,  94418.00,  591.51,  679.62,    3.01, 22.7, 4.09, 4.11, 4.08
6, 8069, 2,    11.18, 5,   coast,   -9.31,  94424.00,  590.98,  679.09,    2.91, 22.7, 4.09, 4.11, 4.08
6, 8069, 2,    11.19, 5,   coast,   -9.32,  94425.00,  590.89,  679.00,    2.82, 22.7, 4.09, 4.12, 4.08
6, 8069, 2,    11.20, 5,   coast,   -9.34,  94420.00,  591.33,  679.44,    2.73, 22.7, 4.09, 4.11, 4.08
6, 8069, 2,    11.21, 5,   coast,   -9.35,  94422.00,  591.15,  679.27,    2.63, 22.7, 4.09, 4.11, 4.08
6, 8069, 2,    11.22, 5,   coast,   -9.36,  94423.00,  591.07,  679.18,    2.54, 22.7, 4.05, 4.09, 4.05
6, 8069, 2,    11.23, 5,   coast,   -9.37,  94423.00,  591.07,  679.18,    2.44, 22.7, 4.11, 4.11, 4.08
6, 8069, 2,    11.24, 5,   coast,   -9.39,  94423.00,  591.07,  679.18,    2.35, 22.7, 4.08, 4.09, 4.06
6, 8069, 2,    11.25, 5,   coast,   -9.40,  94419.00,  591.42,  679.53,    2.25, 22.7, 4.09, 4.11, 4.08
6, 8069, 2,    11.26, 5,   coast,   -9.41,  94427.00,  590.71,  678.83,    2.16, 22.7, 4.09, 4.11, 4.08
6, 8069, 2,    11.27, 5,   coast,   -9.43,  94425.00,  590.89,  679.00,    2.07, 22.7, 4.09, 4.11, 4.08
6, 8069, 2,    11.28, 5,   coast,   -9.45,  94419.00,  591.42,  679.53,    1.97, 22.7, 4.09, 4.12, 4.08
6, 8069, 2,    11.29, 5,   coast,   -9.47,  94420.00,  591.33,  679.44,    1.88, 22.7, 4.09, 4.11, 4.06
6, 8069, 2,    11.30, 5,   coast,   -9.50,  94425.00,  590.89,  679.00,    1.78, 22.7, 4.09, 4.11, 4.06
6, 8069, 2,    11.31, 5,   coast,   -9.54,  94424.00,  590.98,  679.09,    1.69, 22.7, 4.09, 4.11, 4.08
6, 8069, 2,    11.32, 5,   coast,   -9.57,  94422.00,  591.15,  679.27,    1.59, 22.7, 4.09, 4.11, 4.08
6, 8069, 2,    11.33, 5,   coast,   -9.62,  94420.00,  591.33,  679.44,    1.50, 22.7, 4.06, 4.09, 4.06
6, 8069, 2,    11.34, 5,   coast,   -9.66,  94420.00,  591.33,  679.44,    1.40, 22.7, 4.09, 4.09, 4.08
6, 8069, 2,    11.35, 5,   coast,   -9.71,  94417.00,  591.60,  679.71,    1.31, 22.7, 4.09, 4.09, 4.06
6, 8069, 2,    11.36, 5,   coast,   -9.76,  94425.00,  590.89,  679.00,    1.21, 22.7, 4.09, 4.12, 4.08
6, 8069, 2,    11.37, 5,   coast,   -9.61,  94425.00,  590.89,  679.00,    1.12, 22.7, 4.09, 4.11, 4.08
6, 8069, 2,    11.38, 5,   coast,   -9.64,  94423.00,  591.07,  679.18,    1.02, 22.7, 4.09, 4.11, 4.08
6, 8069, 2,    11.39, 5,   coast,   -9.66,  94421.00,  591.24,  679.36,    0.93, 22.7, 4.09, 4.11, 4.08
6, 8069, 2,    11.40, 5,   coast,   -9.69,  94427.00,  590.71,  678.83,    0.83, 22.7, 4.09, 4.11, 4.08
6, 8069, 2,    11.41, 5,   coast,   -9.73,  94426.00,  590.80,  678.91,    0.73, 22.7, 4.09, 4.11, 4.08
6, 8069, 2,    11.42, 5,   coast,   -9.77,  94427.00,  590.71,  678.83,    0.64, 22.7, 4.09, 4.11, 4.08
6, 8069, 2,    11.43, 5,   coast,   -9.81,  94426.00,  590.80,  678.91,    0.54, 22.7, 4.09, 4.11, 4.08
6, 8069, 2,    11.44, 5,   coast,   -9.86,  94429.00,  590.54,  678.65,    0.44, 22.7, 4.06, 4.09, 4.05
6, 8069, 2,    11.45, 5,   coast,   -9.91,  94429.00,  590.54,  678.65,    0.35, 22.7, 4.09, 4.11, 4.08
6, 8069, 2,    11.46, 5,   coast,   -9.96,  94431.00,  590.36,  678.47,    0.25, 22.7, 4.09, 4.09, 4.05
6, 8069, 2,    11.47, 5,   coast,   -9.82,  94427.00,  590.71,  678.83,    0.17, 22.7, 4.09, 4.12, 4.08
6, 8069, 2,    11.48, 5,   coast,   -9.84,  94434.00,  590.10,  678.21,    0.08, 22.7, 4.09, 4.11, 4.08
6, 8069, 2,    11.49, 5,   coast,   -9.86,  94425.00,  590.89,  679.00,   -0.02, 22.7, 4.09, 4.11, 4.06
6, 8069, 2,    11.50, 5,   coast,   -9.90,  94424.00,  590.98,  679.09,   -0.11, 22.7, 4.09, 4.11, 4.08
6, 8069, 2,    11.51, 5,   coast,   -9.93,  94430.00,  590.45,  678.56,   -0.20, 22.7, 4.11, 4.11, 4.08
6, 8069, 2,    11.52, 5,   coast,   -9.97,  94433.00,  590.19,  678.30,   -0.30, 22.7, 4.09, 4.11, 4.08
6, 8069, 2,    11.53, 5,   coast,  -10.01,  94430.00,  590.45,  678.56,   -0.39, 22.7, 4.09, 4.12, 4.08
6, 8069, 2,    11.54, 5,   coast,  -10.06,  94435.00,  590.01,  678.12,   -0.49, 22.7, 4.09, 4.12, 4.08
6, 8069, 2,    11.55, 5,   coast,  -10.10,  94436.00,  589.92,  678.03,   -0.58, 22.7, 4.05, 4.11, 4.06
6, 8069, 2,    11.56, 5,   coast,  -10.15,  94436.00,  589.92,  678.03,   -0.67, 22.7, 4.11, 4.12, 4.06
6, 8069, 2,    11.57, 5,   coast,  -10.02,  94438.00,  589.74,  677.86,   -0.79, 22.7, 4.09, 4.09, 4.06
6, 8069, 2,    11.58, 5,   coast,  -10.04,  94436.00,  589.92,  678.03,   -0.88, 22.7, 4.09, 4.11, 4.08
6, 8069, 2,    11.59, 5,   coast,  -10.06,  94430.00,  590.45,  678.56,   -0.98, 22.7, 4.09, 4.11, 4.08
6, 8069, 2,    11.60, 5,   coast,  -10.09,  94436.00,  589.92,  678.03,   -1.08, 22.7, 4.09, 4.11, 4.08
6, 8069, 2,    11.61, 5,   coast,  -10.12,  94433.00,  590.19,  678.30,   -1.18, 22.7, 4.09, 4.11, 4.08
6, 8069, 2,    11.62, 5,   coast,  -10.15,  94440.00,  589.57,  677.68,   -1.28, 22.7, 4.09, 4.12, 4.08
6, 8069, 2,    11.63, 5,   coast,  -10.19,  94436.00,  589.92,  678.03,   -1.38, 22.7, 4.09, 4.11, 4.08
6, 8069, 2,    11.64, 5,   coast,  -10.23,  94435.00,  590.01,  678.12,   -1.48, 22.7, 4.11, 4.12, 4.08
6, 8069, 2,    11.65, 5,   coast,  -10.27,  94439.00,  589.66,  677.77,   -1.58, 22.7, 4.09, 4.11, 4.08
6, 8069, 2,    11.66, 5,   coast,  -10.31,  94440.00,  589.57,  677.68,   -1.68, 22.7, 4.06, 4.09, 4.05
6, 8069, 2,    11.67, 5,   coast,  -10.16,  94440.00,  589.57,  677.68,   -1.78, 22.7, 4.09, 4.11, 4.08
6, 8069, 2,    11.68, 5,   coast,  -10.17,  94443.00,  589.30,  677.42,   -1.89, 22.7, 4.09, 4.09, 4.06
6, 8069, 2,    11.69, 5,   coast,  -10.18,  94443.00,  589.30,  677.42,   -1.99, 22.7, 4.09, 4.11, 4.06
6, 8069, 2,    11.70, 5,   coast,  -10.20,  94437.00,  589.83,  677.95,   -2.09, 22.7, 4.09, 4.11, 4.06
6, 8069, 2,    11.71, 5,   coast,  -10.21,  94435.00,  590.01,  678.12,   -2.19, 22.7, 0.00, 4.12, 4.08
6, 8069, 2,    11.72, 5,   coast,  -10.23,  94743.00,  562.90,  651.01,   -2.30, 22.7, 0.00, 4.09, 4.06
6, 8069, 2,    11.73, 5,   coast,  -10.25,  94406.00,  592.56,  680.68,   -2.40, 22.7, 0.00, 4.09, 4.08
6, 8069, 2,    11.74, 5,   coast,  -10.27,  94434.00,  590.10,  678.21,   -2.51, 22.7, 0.00, 4.08, 4.08
6, 8069, 2,    11.75, 5,   coast,  -10.28,  94432.00,  590.27,  678.39,   -2.61, 22.7, 0.00, 4.09, 4.08
6, 8069, 2,    11.76, 5,   coast,  -10.30,  94432.00,  590.27,  678.39,   -2.72, 22.7, 0.00, 4.12, 4.08
6, 8069, 2,    11.77, 6,  drogue,  -10.08,  94428.00,  590.63,  678.74,   -3.25, 22.7, 3.40, 4.08, 4.05
6, 8069, 2,    11.77, 6,  drogue,  -10.08,  94428.00,  590.63,  678.74,   -3.25, 22.7, 3.40, 4.08, 4.05
6, 8069, 2,    11.87, 6,  drogue,   -9.66,  94443.00,  589.30,  677.42,   -4.14, 22.7, 3.58, 4.12, 4.05
6, 8069, 2,    11.97, 6,  drogue,   -9.06,  94439.00,  589.66,  677.77,   -4.96, 22.7, 3.37, 4.11, 4.06
6, 8069, 2,    12.07, 6,  drogue,   -8.46,  94454.00,  588.33,  676.45,   -5.85, 22.8, 3.24, 4.11, 4.06
6, 8069, 2,    12.17, 6,  drogue,   -7.99,  94465.00,  587.37,  675.48,   -6.69, 22.8, 3.15, 4.11, 4.08
6, 8069, 2,    12.27, 6,  drogue,   -7.70,  94452.00,  588.51,  676.62,   -7.48, 22.8, 3.09, 4.11, 4.08
6, 8069, 2,    12.37, 6,  drogue,   -7.36,  94298.00,  602.09,  690.20,   -8.26, 22.7, 3.03, 4.12, 4.08
6, 8069, 2,    12.47, 6,  drogue,   -6.97,  94371.00,  595.65,  683.76,   -9.01, 22.8, 2.97, 4.09, 4.08
6, 8069, 2,    12.57, 6,  drogue,   -6.56,  94494.00,  584.81,  672.92,   -9.70, 22.8, 2.93, 4.09, 4.08
6, 8069, 2,    12.67, 6,  drogue,   -6.18,  94522.00,  582.34,  670.46,  -10.36, 22.8, 2.91, 4.09, 4.06
6, 8069, 2,    12.77, 6,  drogue,   -5.88,  94483.00,  585.78,  673.89,  -11.01, 22.8, 2.87, 4.09, 4.06
6, 8069, 2,    12.87, 6,  drogue,   -5.71,  94520.00,  582.52,  670.63,  -11.55, 22.8, 2.80, 4.09, 4.06
6, 8069, 2,    12.97, 6,  drogue,   -5.64,  94518.00,  582.70,  670.81,  -12.01, 22.8, 2.77, 4.11, 4.06
6, 8069, 2,    13.07, 6,  drogue,   -5.61,  94603.00,  575.21,  663.33,  -12.61, 22.8, 2.74, 4.09, 4.06
6, 8069, 2,    13.17, 6,  drogue,   -5.54,  94576.00,  577.59,  665.70,  -13.24, 22.8, 2.71, 4.09, 4.06
6, 8069, 2,    13.27, 6,  drogue,   -5.39,  94585.00,  576.80,  664.91,  -13.78, 22.8, 2.67, 4.11, 4.06
6, 8069, 2,    13.37, 6,  drogue,   -5.16,  94614.00,  574.25,  662.36,  -14.33, 22.8, 2.64, 4.09, 4.06
6, 8069, 2,    13.47, 6,  drogue,   -4.87,  94590.00,  576.36,  664.47,  -14.84, 22.8, 2.62, 4.11, 4.06
6, 8069, 2,    13.57, 6,  drogue,   -4.55,  94688.00,  567.74,  655.85,  -15.33, 22.8, 2.61, 4.11, 4.06
6, 8069, 2,    13.67, 6,  drogue,   -4.19,  94745.00,  562.73,  650.84,  -15.83, 22.8, 2.58, 4.09, 4.06
6, 8069, 2,    13.77, 6,  drogue,   -3.78,  94711.00,  565.71,  653.83,  -16.24, 22.8, 2.53, 4.11, 4.06
6, 8069, 2,    13.87, 6,  drogue,   -3.28,  94542.00,  580.58,  668.70,  -16.58, 22.8, 2.55, 4.11, 4.08
6, 8069, 2,    13.97, 6,  drogue,   -2.67,  94542.00,  580.58,  668.70,  -16.97, 22.8, 2.50, 4.08, 4.06
6, 8069, 2,    14.07, 6,  drogue,   -1.97,  94766.00,  560.88,  648.99,  -17.27, 22.8, 2.52, 4.11, 4.06
6, 8069, 2,    14.17, 6,  drogue,   -1.21,  94737.00,  563.43,  651.54,  -17.49, 22.8, 2.49, 4.11, 4.08
6, 8069, 2,    14.27, 6,  drogue,   -0.46,  94714.00,  565.45,  653.56,  -17.59, 22.8, 2.49, 4.12, 4.08
6, 8069, 2,    14.37, 6,  drogue,    0.24,  94811.00,  556.93,  645.04,  -17.60, 22.8, 2.47, 4.11, 4.08
6, 8069, 2,    14.47, 6,  drogue,    0.86,  94814.00,  556.66,  644.78,  -17.59, 22.8, 2.46, 4.12, 4.08
6, 8069, 2,    14.57, 6,  drogue,    1.45,  94795.00,  558.33,  646.44,  -17.47, 22.8, 2.44, 4.11, 4.08
6, 8069, 2,    14.67, 6,  drogue,    2.01,  94850.00,  553.50,  641.61,  -17.33, 22.8, 2.44, 4.11, 4.08
6, 8069, 2,    14.77, 6,  drogue,    2.55,  94905.00,  548.67,  636.79,  -17.15, 22.9, 2.43, 4.12, 4.08
6, 8069, 2,    14.87, 6,  drogue,    3.06,  94856.00,  552.97,  641.09,  -16.90, 22.8, 2.43, 4.12, 4.08
6, 8069, 2,    14.97, 6,  drogue,    3.56,  94878.00,  551.04,  639.16,  -16.53, 22.8, 2.40, 4.11, 4.08
6, 8069, 2,    15.07, 6,  drogue,    4.02,  95007.00,  539.72,  627.84,  -16.18, 22.9, 2.35, 4.09, 4.06
6, 8069, 2,    15.17, 6,  drogue,    4.35,  95101.00,  531.48,  619.60,  -15.83, 22.9, 2.38, 4.11, 4.08
6, 8069, 2,    15.27, 6,  drogue,    4.46,  94961.00,  543.76,  631.87,  -15.40, 22.9, 2.36, 4.11, 4.08
6, 8069, 2,    15.37, 6,  drogue,    4.28,  95030.00,  537.71,  625.82,  -14.80, 22.9, 2.36, 4.11, 4.08
6, 8069, 2,    15.47, 6,  drogue,    3.84,  95030.00,  537.71,  625.82,  -14.27, 22.9, 2.33, 4.11, 4.08
6, 8069, 2,    15.57, 6,  drogue,    3.20,  95037.00,  537.09,  625.21,  -13.91, 22.9, 2.33, 4.11, 4.06
6, 8069, 2,    15.67, 6,  drogue,    2.42,  95097.00,  531.83,  619.95,  -13.62, 22.9, 2.33, 4.11, 4.08
6, 8069, 2,    15.77, 6,  drogue,    1.58,  95015.00,  539.02,  627.13,  -13.38, 22.9, 2.32, 4.12, 4.08
6, 8069, 2,    15.87, 6,  drogue,    0.70,  94992.00,  541.04,  629.15,  -13.15, 22.9, 2.30, 4.11, 4.08
6, 8069, 2,    15.97, 6,  drogue,   -0.19,  95181.00,  524.48,  612.59,  -13.05, 22.9, 2.30, 4.11, 4.08
6, 8069, 2,    16.07, 6,  drogue,   -1.02,  95093.00,  532.18,  620.30,  -13.12, 22.9, 2.30, 4.11, 4.08
6, 8069, 2,    16.17, 6,  drogue,   -1.72,  95049.00,  536.04,  624.15,  -13.28, 22.8, 2.26, 4.08, 4.06
6, 8069, 2,    16.27, 6,  drogue,   -2.31,  94999.00,  540.43,  628.54,  -13.45, 22.8, 2.27, 4.11, 4.08
6, 8069, 2,    16.37, 6,  drogue,   -2.80,  95137.00,  528.33,  616.44,  -13.71, 22.9, 2.27, 4.11, 4.08
6, 8069, 2,    16.47, 6,  drogue,   -3.23,  95142.00,  527.89,  616.00,  -13.98, 22.9, 2.26, 4.11, 4.08
6, 8069, 2,    16.57, 6,  drogue,   -3.57,  95028.00,  537.88,  625.99,  -14.27, 22.8, 2.26, 4.11, 4.06
6, 8069, 2,    16.67, 6,  drogue,   -3.75,  95191.00,  523.60,  611.71,  -14.68, 22.9, 2.24, 4.09, 4.06
6, 8069, 2,    16.77, 6,  drogue,   -3.73,  95315.00,  512.75,  600.86,  -15.13, 22.9, 2.24, 4.11, 4.08
6, 8069, 2,    16.87, 6,  drogue,   -3.53,  95273.00,  516.42,  604.54,  -15.55, 22.9, 2.24, 4.11, 4.08
6, 8069, 2,    16.97, 6,  drogue,   -3.22,  95178.00,  524.74,  612.85,  -15.88, 22.8, 2.23, 4.11, 4.08
6, 8069, 2,    17.07, 6,  drogue,   -2.88,  95273.00,  516.42,  604.54,  -16.20, 22.9, 2.21, 4.11, 4.08
6, 8069, 2,    17.17, 6,  drogue,   -2.59,  95366.00,  508.29,  596.40,  -16.52, 22.9, 2.23, 4.11, 4.08
6, 8069, 2,    17.27, 6,  drogue,   -2.37,  95241.00,  519.22,  607.34,  -16.73, 22.9, 2.17, 4.09, 4.06
6, 8069, 2,    17.37, 6,  drogue,   -2.19,  94991.00,  541.13,  629.24,  -16.93, 22.8, 2.21, 4.11, 4.08
6, 8069, 2,    17.47, 6,  drogue,   -2.05,  95237.00,  519.57,  607.69,  -17.19, 22.8, 2.21, 4.11, 4.06
6, 8069, 2,    17.57, 6,  drogue,   -1.93,  95457.00,  500.34,  588.45,  -17.37, 22.9, 2.20, 4.12, 4.08
6, 8069, 2,    17.67, 6,  drogue,   -1.83,  95469.00,  499.29,  587.40,  -17.59, 22.9, 2.20, 4.11, 4.08
6, 8069, 2,    17.77, 6,  drogue,   -1.73,  95475.00,  498.76,  586.88,  -17.76, 22.9, 2.18, 4.11, 4.06
6, 8069, 2,    17.87, 6,  drogue,   -1.68,  95467.00,  499.46,  587.57,  -17.89, 22.9, 2.18, 4.11, 4.08
6, 8069, 2,    17.97, 6,  drogue,   -1.72,  95494.00,  497.10,  585.22,  -18.11, 22.9, 2.18, 4.11, 4.06
6, 8069, 2,    18.07, 6,  drogue,   -1.85,  95440.00,  501.82,  589.93,  -18.25, 22.9, 2.18, 4.11, 4.06
6, 8069, 2,    18.17, 6,  drogue,   -2.07,  95498.00,  496.75,  584.87,  -18.38, 22.9, 2.18, 4.12, 4.09
6, 8069, 2,    18.27, 6,  drogue,   -2.33,  95426.00,  503.04,  591.16,  -18.55, 22.9, 2.18, 4.12, 4.08
6, 8069, 2,    18.37, 6,  drogue,   -2.55,  95435.00,  502.26,  590.37,  -18.84, 22.9, 2.14, 4.09, 4.06
6, 8069, 2,    18.47, 6,  drogue,   -2.69,  95441.00,  501.73,  589.85,  -19.13, 22.9, 2.15, 4.11, 4.08
6, 8069, 2,    18.57, 6,  drogue,   -2.72,  95494.00,  497.10,  585.22,  -19.40, 22.9, 2.15, 4.11, 4.08
6, 8069, 2,    18.67, 6,  drogue,   -2.67,  95647.00,  483.75,  571.86,  -19.67, 22.9, 2.15, 4.12, 4.08
6, 8069, 2,    18.77, 6,  drogue,   -2.52,  95695.00,  479.56,  567.68,  -19.95, 22.9, 2.14, 4.11, 4.08
6, 8069, 2,    18.87, 6,  drogue,   -2.21,  95679.00,  480.96,  569.07,  -20.24, 22.9, 2.15, 4.11, 4.08
6, 8069, 2,    18.97, 6,  drogue,   -1.68,  95525.00,  494.40,  582.51,  -20.45, 22.9, 2.14, 4.11, 4.08
6, 8069, 2,    19.07, 6,  drogue,   -0.97,  95551.00,  492.13,  580.24,  -20.70, 22.9, 2.12, 4.11, 4.06
6, 8069, 2,    19.17, 6,  drogue,   -0.18,  95626.00,  485.58,  573.69,  -20.89, 22.9, 2.12, 4.11, 4.06
6, 8069, 2,    19.27, 6,  drogue,    0.61,  95724.00,  477.04,  565.15,  -20.87, 22.9, 2.12, 4.11, 4.08
6, 8069, 2,    19.37, 6,  drogue,    1.35,  95724.00,  477.04,  565.15,  -20.69, 22.9, 2.12, 4.11, 4.06
6, 8069, 2,    19.47, 6,  drogue,    2.10,  95932.00,  458.92,  547.03,  -20.54, 22.9, 2.09, 4.09, 4.06
6, 8069, 2,    19.57, 6,  drogue,    2.94,  95805.00,  469.98,  558.09,  -20.42, 22.9, 2.12, 4.11, 4.06
6, 8069, 2,    19.67, 6,  drogue,    3.88,  95882.00,  463.27,  551.39,  -20.22, 22.9, 2.12, 4.11, 4.08
6, 8069, 2,    19.77, 6,  drogue,    4.87,  95872.00,  464.14,  552.26,  -19.80, 22.9, 2.12, 4.11, 4.06
6, 8069, 2,    19.87, 6,  drogue,    5.74,  95829.00,  467.89,  556.00,  -19.26, 22.9, 2.11, 4.09, 4.08
6, 8069, 2,    19.97, 6,  drogue,    6.34,  95852.00,  465.88,  554.00,  -18.65, 22.9, 2.09, 4.09, 4.06
6, 8069, 2,    20.07, 6,  drogue,    6.59,  95859.00,  465.28,  553.39,  -17.95, 22.9, 2.11, 4.11, 4.08
6, 8069, 2,    20.17, 6,  drogue,    6.43,  95889.00,  462.66,  550.78,  -17.25, 22.9, 2.09, 4.11, 4.08
6, 8069, 2,    20.27, 6,  drogue,    5.89,  95994.00,  453.53,  541.64,  -16.51, 22.9, 2.09, 4.11, 4.06
6, 8069, 2,    20.37, 6,  drogue,    5.02,  96071.00,  446.83,  534.95,  -15.86, 22.9, 2.09, 4.11, 4.08
6, 8069, 2,    20.47, 6,  drogue,    3.92,  96048.00,  448.83,  536.95,  -15.31, 22.9, 2.09, 4.11, 4.06
6, 8069, 2,    20.57, 6,  drogue,    2.70,  96113.00,  443.18,  531.30,  -14.90, 22.9, 2.05, 4.09, 4.06
6, 8069, 2,    20.67, 6,  drogue,    1.40,  95949.00,  457.44,  545.56,  -14.70, 22.9, 2.06, 4.11, 4.08
6, 8069, 2,    20.77, 6,  drogue,    0.01,  95983.00,  454.49,  542.60,  -14.50, 22.9, 2.06, 4.11, 4.08
6, 8069, 2,    20.87, 6,  drogue,   -1.49,  96158.00,  439.28,  527.39,  -14.49, 22.9, 2.06, 4.11, 4.08
6, 8069, 2,    20.97, 6,  drogue,   -3.09,  96162.00,  438.93,  527.04,  -14.59, 22.9, 2.06, 4.11, 4.06
6, 8069, 2,    21.07, 6,  drogue,   -4.71,  96199.00,  435.72,  523.83,  -14.88, 23.0, 2.06, 4.11, 4.08
6, 8069, 2,    21.17, 6,  drogue,   -6.20,  96094.00,  444.84,  532.95,  -15.37, 22.9, 2.06, 4.12, 4.06
6, 8069, 2,    21.27, 6,  drogue,   -7.42,  95999.00,  453.09,  541.21,  -16.06, 22.9, 2.06, 4.11, 4.08
6, 8069, 2,    21.37, 6,  drogue,   -8.31,  96056.00,  448.14,  536.25,  -16.86, 22.9, 2.05, 4.11, 4.08
6, 8069, 2,    21.47, 6,  drogue,   -8.88,  96031.00,  450.31,  538.42,  -17.81, 22.9, 2.05, 4.09, 4.06
6, 8069, 2,    21.57, 6,  drogue,   -9.16,  96124.00,  442.23,  530.34,  -18.68, 22.9, 2.06, 4.12, 4.08
6, 8069, 2,    21.67, 6,  drogue,   -9.16,  96240.00,  432.16,  520.27,  -19.61, 22.9, 2.02, 4.08, 4.06
6, 8069, 2,    21.77, 6,  drogue,   -8.88,  96059.00,  447.88,  535.99,  -20.60, 22.9, 2.03, 4.11, 4.06
6, 8069, 2,    21.87, 6,  drogue,   -8.31,  96112.00,  443.27,  531.38,  -21.53, 22.9, 2.03, 4.11, 4.08
6, 8069, 2,    21.97, 6,  drogue,   -7.43,  96167.00,  438.49,  526.61,  -22.43, 22.9, 2.03, 4.11, 4.08
6, 8069, 2,    22.07, 6,  drogue,   -6.25,  96223.00,  433.63,  521.75,  -23.22, 22.9, 2.03, 4.11, 4.08
6, 8069, 2,    22.17, 6,  drogue,   -4.81,  96268.00,  429.73,  517.84,  -23.88, 22.9, 2.03, 4.11, 4.08
6, 8069, 2,    22.27, 6,  drogue,   -3.12,  96317.00,  425.48,  513.59,  -24.37, 22.9, 2.02, 4.11, 4.08
6, 8069, 2,    22.37, 6,  drogue,   -1.26,  96424.00,  416.20,  504.31,  -24.76, 23.0, 2.02, 4.12, 4.08
6, 8069, 2,    22.47, 6,  drogue,    0.66,  96494.00,  410.14,  498.25,  -24.92, 23.0, 2.00, 4.09, 4.06
6, 8069, 2,    22.57, 6,  drogue,    2.52,  96531.00,  406.93,  495.05,  -24.82, 23.0, 2.02, 4.12, 4.08
6, 8069, 2,    22.67, 6,  drogue,    4.24,  96572.00,  403.38,  491.50,  -24.53, 23.0, 2.02, 4.11, 4.08
6, 8069, 2,    22.77, 6,  drogue,    5.79,  96363.00,  421.49,  509.60,  -24.02, 22.9, 1.99, 4.09, 4.06
6, 8069, 2,    22.87, 6,  drogue,    7.20,  96568.00,  403.73,  491.84,  -23.46, 23.0, 2.02, 4.11, 4.08
6, 8069, 2,    22.97, 6,  drogue,    8.45,  96628.00,  398.54,  486.65,  -22.75, 23.0, 2.00, 4.12, 4.08
6, 8069, 2,    23.07, 6,  drogue,    9.47,  96644.00,  397.15,  485.27,  -21.89, 23.0, 2.00, 4.11, 4.06
6, 8069, 2,    23.17, 6,  drogue,   10.14,  96628.00,  398.54,  486.65,  -20.85, 23.0, 2.00, 4.12, 4.08
6, 8069, 2,    23.27, 6,  drogue,   10.44,  96689.00,  393.26,  481.38,  -19.78, 23.0, 2.00, 4.11, 4.08
6, 8069, 2,    23.37, 6,  drogue,   10.38,  96682.00,  393.87,  481.98,  -18.60, 23.0, 2.00, 4.12, 4.08
6, 8069, 2,    23.47, 6,  drogue,   10.05,  96668.00,  395.08,  483.19,  -17.54, 23.0, 2.00, 4.11, 4.08
6, 8069, 2,    23.57, 6,  drogue,    9.54,  96605.00,  400.53,  488.64,  -16.56, 23.0, 2.00, 4.11, 4.08
6, 8069, 2,    23.67, 6,  drogue,    8.89,  96680.00,  394.04,  482.15,  -15.66, 23.0, 2.00, 4.11, 4.08
6, 8069, 2,    23.77, 6,  drogue,    8.14,  96860.00,  378.49,  466.60,  -14.60, 23.0, 2.00, 4.11, 4.06
6, 8069, 2,    23.87, 6,  drogue,    7.34,  96827.00,  381.34,  469.45,  -13.80, 23.0, 1.96, 4.09, 4.06
6, 8069, 2,    23.97, 6,  drogue,    6.53,  96862.00,  378.32,  466.43,  -13.12, 23.0, 2.00, 4.11, 4.06
6, 8069, 2,    24.07, 6,  drogue,    5.76,  96830.00,  381.08,  469.19,  -12.49, 23.0, 2.00, 4.12, 4.08
6, 8069, 2,    24.17, 6,  drogue,    5.03,  96777.00,  385.66,  473.77,  -11.90, 23.0, 2.00, 4.11, 4.08
6, 8069, 2,    24.27, 6,  drogue,    4.35,  96722.00,  390.41,  478.52,  -11.38, 23.0, 2.00, 4.11, 4.08
6, 8069, 2,    24.37, 6,  drogue,    3.65,  96872.00,  377.45,  465.57,  -10.98, 23.0, 2.00, 4.12, 4.08
6, 8069, 2,    24.47, 6,  drogue,    2.96,  96841.00,  380.13,  468.24,  -10.59, 23.0, 1.99, 4.11, 4.06
6, 8069, 2,    24.57, 6,  drogue,    2.27,  96708.00,  391.62,  479.73,  -10.29, 23.0, 1.99, 4.11, 4.08
6, 8069, 2,    24.67, 6,  drogue,    1.58,  96929.00,  372.53,  460.65,  -10.10, 23.0, 1.97, 4.11, 4.08
6, 8069, 2,    24.77, 6,  drogue,    0.90,  96806.00,  383.15,  471.27,   -9.89, 23.0, 1.97, 4.11, 4.06
6, 8069, 2,    24.87, 6,  drogue,    0.27,  96882.00,  376.59,  464.70,   -9.86, 23.0, 1.97, 4.11, 4.06
6, 8069, 2,    24.97, 6,  drogue,   -0.30,  96935.00,  372.02,  460.13,   -9.79, 23.0, 1.94, 4.08, 4.06
6, 8069, 2,    25.07, 6,  drogue,   -0.78,  96872.00,  377.45,  465.57,   -9.86, 23.0, 1.97, 4.11, 4.08
6, 8069, 2,    25.17, 6,  drogue,   -1.19,  96845.00,  379.78,  467.90,   -9.98, 23.0, 1.97, 4.12, 4.08
6, 8069, 2,    25.27, 6,  drogue,   -1.57,  96996.00,  366.75,  454.87,  -10.10, 23.0, 1.97, 4.11, 4.08
6, 8069, 2,    25.37, 6,  drogue,   -1.97,  96791.00,  384.45,  472.56,  -10.20, 23.0, 1.97, 4.11, 4.08
6, 8069, 2,    25.47, 6,  drogue,   -2.42,  97050.00,  362.10,  450.21,  -10.44, 23.0, 1.97, 4.12, 4.08
6, 8069, 2,    25.57, 6,  drogue,   -2.86,  97036.00,  363.31,  451.42,  -10.66, 23.0, 1.96, 4.11, 4.06
6, 8069, 2,    25.67, 6,  drogue,   -3.25,  97011.00,  365.46,  453.57,  -10.88, 23.0, 1.96, 4.11, 4.06
6, 8069, 2,    25.77, 6,  drogue,   -3.51,  96807.00,  383.07,  471.18,  -11.31, 23.0, 1.96, 4.11, 4.06
6, 8069, 2,    25.87, 6,  drogue,   -3.67,  97122.00,  355.89,  444.01,  -11.72, 23.0, 1.96, 4.11, 4.08
6, 8069, 2,    25.97, 6,  drogue,   -3.77,  97107.00,  357.19,  445.30,  -12.06, 23.0, 1.96, 4.11, 4.08
6, 8069, 2,    26.07, 6,  drogue,   -3.83,  96966.00,  369.34,  457.45,  -12.41, 23.0, 1.93, 4.08, 4.06
6, 8069, 2,    26.17, 6,  drogue,   -3.88,  96905.00,  374.60,  462.72,  -12.80, 23.0, 1.96, 4.11, 4.08
6, 8069, 2,    26.27, 6,  drogue,   -3.87,  96932.00,  372.27,  460.39,  -13.18, 23.0, 1.96, 4.12, 4.08
6, 8069, 2,    26.37, 6,  drogue,   -3.78,  97001.00,  366.32,  454.44,  -13.65, 23.0, 1.96, 4.12, 4.08
6, 8069, 2,    26.47, 6,  drogue,   -3.61,  96959.00,  369.95,  458.06,  -14.03, 23.0, 1.96, 4.11, 4.06
6, 8069, 2,    26.57, 6,  drogue,   -3.39,  97061.00,  361.15,  449.26,  -14.33, 23.0, 1.94, 4.11, 4.06
6, 8069, 2,    26.67, 6,  drogue,   -3.14,  97210.00,  348.32,  436.43,  -14.73, 23.1, 1.94, 4.11, 4.08
6, 8069, 2,    26.77, 6,  drogue,   -2.88,  97238.00,  345.91,  434.02,  -15.03, 23.0, 1.94, 4.11, 4.06
6, 8069, 2,    26.87, 6,  drogue,   -2.60,  97229.00,  346.68,  434.79,  -15.31, 23.1, 1.94, 4.12, 4.08
6, 8069, 2,    26.97, 6,  drogue,   -2.30,  97039.00,  363.05,  451.16,  -15.59, 23.0, 1.94, 4.11, 4.06
6, 8069, 2,    27.07, 6,  drogue,   -1.93,  97270.00,  343.15,  431.27,  -15.81, 23.1, 1.94, 4.09, 4.06
6, 8069, 2,    27.17, 6,  drogue,   -1.49,  97277.00,  342.55,  430.66,  -16.00, 23.1, 1.89, 4.09, 4.06
6, 8069, 2,    27.27, 6,  drogue,   -0.90,  97139.00,  354.43,  442.54,  -16.22, 23.0, 1.94, 4.12, 4.06
6, 8069, 2,    27.37, 6,  drogue,   -0.17,  97110.00,  356.93,  445.04,  -16.28, 23.0, 1.94, 4.09, 4.06
6, 8069, 2,    27.47, 6,  drogue,    0.67,  97344.00,  336.79,  424.90,  -16.38, 23.1, 1.94, 4.11, 4.08
6, 8069, 2,    27.57, 6,  drogue,    1.52,  97274.00,  342.81,  430.92,  -16.32, 23.0, 1.94, 4.11, 4.06
6, 8069, 2,    27.67, 6,  drogue,    2.29,  97180.00,  350.90,  439.01,  -16.16, 23.0, 1.94, 4.11, 4.08
6, 8069, 2,    27.77, 6,  drogue,    2.91,  97406.00,  331.46,  419.57,  -15.82, 23.1, 1.94, 4.12, 4.08
6, 8069, 2,    27.87, 6,  drogue,    3.36,  97400.00,  331.97,  420.09,  -15.53, 23.1, 1.94, 4.12, 4.08
6, 8069, 2,    27.97, 6,  drogue,    3.64,  97237.00,  345.99,  434.10,  -15.20, 23.0, 1.93, 4.11, 4.08
6, 8069, 2,    28.07, 6,  drogue,    3.76,  97373.00,  334.29,  422.41,  -14.82, 23.0, 1.93, 4.11, 4.08
6, 8069, 2,    28.17, 6,  drogue,    3.69,  97469.00,  326.04,  414.16,  -14.38, 23.1, 1.93, 4.11, 4.06
6, 8069, 2,    28.27, 6,  drogue,    3.42,  97472.00,  325.79,  413.90,  -13.97, 23.1, 1.89, 4.08, 4.06
6, 8069, 2,    28.37, 6,  drogue,    2.95,  97486.00,  324.58,  412.70,  -13.62, 23.1, 1.91, 4.12, 4.08
6, 8069, 2,    28.47, 6,  drogue,    2.36,  97396.00,  332.32,  420.43,  -13.27, 23.0, 1.93, 4.11, 4.08
6, 8069, 2,    28.57, 6,  drogue,    1.76,  97420.00,  330.25,  418.37,  -13.03, 23.1, 1.91, 4.11, 4.08
6, 8069, 2,    28.67, 6,  drogue,    1.23,  97464.00,  326.47,  414.59,  -12.89, 23.1, 1.91, 4.11, 4.08
6, 8069, 2,    28.77, 6,  drogue,    0.83,  97480.00,  325.10,  413.21,  -12.80, 23.1, 1.91, 4.11, 4.08
6, 8069, 2,    28.87, 6,  drogue,    0.59,  97491.00,  324.15,  412.27,  -12.75, 23.1, 1.91, 4.11, 4.08
6, 8069, 2,    28.97, 6,  drogue,    0.47,  97568.00,  317.54,  405.66,  -12.67, 23.1, 1.91, 4.11, 4.08
6, 8069, 2,    29.07, 6,  drogue,    0.39,  97600.00,  314.80,  402.91,  -12.70, 23.1, 1.91, 4.11, 4.06
6, 8069, 2,    29.17, 6,  drogue,    0.29,  97644.00,  311.02,  399.14,  -12.64, 23.1, 1.91, 4.11, 4.08
6, 8069, 2,    29.27, 6,  drogue,    0.14,  97630.00,  312.22,  400.34,  -12.57, 23.1, 1.91, 4.11, 4.08
6, 8069, 2,    29.37, 6,  drogue,   -0.06,  97611.00,  313.85,  401.97,  -12.50, 23.1, 1.86, 4.09, 4.06
6, 8069, 2,    29.47, 6,  drogue,   -0.26,  97535.00,  320.38,  408.49,  -12.57, 23.1, 1.91, 4.11, 4.08
6, 8069, 2,    29.57, 6,  drogue,   -0.41,  97452.00,  327.50,  415.62,  -12.61, 23.0, 1.91, 4.11, 4.08
6, 8069, 2,    29.67, 6,  drogue,   -0.50,  97483.00,  324.84,  412.95,  -12.62, 23.1, 1.89, 4.12, 4.08
6, 8069, 2,    29.77, 6,  drogue,   -0.54,  97486.00,  324.58,  412.70,  -12.73, 23.0, 1.89, 4.11, 4.08
6, 8069, 2,    29.87, 6,  drogue,   -0.57,  97475.00,  325.53,  413.64,  -12.80, 23.1, 1.89, 4.12, 4.08
6, 8069, 2,    29.97, 6,  drogue,   -0.61,  97647.00,  310.77,  398.88,  -12.78, 23.1, 1.89, 4.11, 4.08
6, 8069, 2,    30.07, 6,  drogue,   -0.61,  97781.00,  299.28,  387.39,  -12.85, 23.1, 1.89, 4.11, 4.08
6, 8069, 2,    30.17, 6,  drogue,   -0.59,  97729.00,  303.73,  391.85,  -12.96, 23.1, 1.89, 4.12, 4.08
6, 8069, 2,    30.27, 6,  drogue,   -0.57,  97762.00,  300.91,  389.02,  -13.03, 23.1, 1.89, 4.11, 4.08
6, 8069, 2,    30.37, 6,  drogue,   -0.60,  97786.00,  298.85,  386.96,  -13.08, 23.1, 1.89, 4.11, 4.08
6, 8069, 2,    30.47, 6,  drogue,   -0.74,  97807.00,  297.05,  385.16,  -13.09, 23.1, 1.86, 4.09, 4.06
6, 8069, 2,    30.57, 6,  drogue,   -1.02,  97828.00,  295.25,  383.37,  -13.13, 23.1, 1.88, 4.11, 4.08
6, 8069, 2,    30.67, 6,  drogue,   -1.43,  97855.00,  292.94,  381.05,  -13.22, 23.1, 1.88, 4.11, 4.06
6, 8069, 2,    30.77, 6,  drogue,   -1.91,  97876.00,  291.14,  379.26,  -13.36, 23.1, 1.88, 4.11, 4.06
6, 8069, 2,    30.87, 6,  drogue,   -2.37,  97876.00,  291.14,  379.26,  -13.54, 23.1, 1.88, 4.11, 4.08
6, 8069, 2,    30.97, 6,  drogue,   -2.75,  97866.00,  292.00,  380.11,  -13.78, 23.1, 1.88, 4.12, 4.08
6, 8069, 2,    31.07, 6,  drogue,   -2.96,  97724.00,  304.16,  392.28,  -14.09, 23.1, 1.88, 4.11, 4.06
6, 8069, 2,    31.17, 6,  drogue,   -2.93,  97595.00,  315.23,  403.34,  -14.44, 23.0, 1.88, 4.11, 4.08
6, 8069, 2,    31.27, 6,  drogue,   -2.66,  97700.00,  306.22,  394.33,  -14.78, 23.1, 1.88, 4.12, 4.08
6, 8069, 2,    31.37, 6,  drogue,   -2.16,  97744.00,  302.45,  390.56,  -15.09, 23.1, 1.88, 4.11, 4.08
6, 8069, 2,    31.47, 6,  drogue,   -1.54,  97827.00,  295.34,  383.45,  -15.34, 23.1, 1.88, 4.11, 4.08
6, 8069, 2,    31.57, 6,  drogue,   -0.92,  97908.00,  288.40,  376.52,  -15.49, 23.1, 1.83, 4.09, 4.08
6, 8069, 2,    31.67, 6,  drogue,   -0.34,  97948.00,  284.98,  373.09,  -15.55, 23.1, 1.88, 4.11, 4.08
6, 8069, 2,    31.77, 6,  drogue,    0.21,  97985.00,  281.81,  369.93,  -15.56, 23.1, 1.88, 4.12, 4.08
6, 8069, 2,    31.87, 6,  drogue,    0.77,  98003.00,  280.28,  368.39,  -15.52, 23.1, 1.88, 4.12, 4.06
6, 8069, 2,    31.97, 6,  drogue,    1.42,  98028.00,  278.14,  366.25,  -15.49, 23.1, 1.88, 4.11, 4.08
6, 8069, 2,    32.07, 6,  drogue,    2.20,  98087.00,  273.09,  361.21,  -15.41, 23.1, 1.88, 4.12, 4.08
6, 8069, 2,    32.17, 6,  drogue,    3.09,  98104.00,  271.64,  359.75,  -15.18, 23.1, 1.86, 4.11, 4.06
6, 8069, 2,    32.27, 6,  drogue,    4.00,  98067.00,  274.80,  362.92,  -14.88, 23.1, 1.88, 4.11, 4.06
6, 8069, 2,    32.37, 6,  drogue,    4.79,  98045.00,  276.68,  364.80,  -14.48, 23.1, 1.88, 4.11, 4.08
6, 8069, 2,    32.47, 6,  drogue,    5.35,  98065.00,  274.97,  363.09,  -13.98, 23.1, 1.88, 4.11, 4.08
6, 8069, 2,    32.57, 6,  drogue,    5.58,  98084.00,  273.35,  361.46,  -13.35, 23.1, 1.88, 4.11, 4.08
6, 8069, 2,    32.67, 6,  drogue,    5.49,  98102.00,  271.81,  359.93,  -12.71, 23.1, 1.83, 4.09, 4.06
6, 8069, 2,    32.77, 6,  drogue,    5.08,  98160.00,  266.86,  354.97,  -12.11, 23.1, 1.88, 4.12, 4.08
6, 8069, 2,    32.87, 6,  drogue,    4.42,  98187.00,  264.55,  352.66,  -11.59, 23.1, 1.85, 4.11, 4.06
6, 8069, 2,    32.97, 6,  drogue,    3.51,  98186.00,  264.64,  352.75,  -11.14, 23.1, 1.86, 4.11, 4.08
6, 8069, 2,    33.07, 6,  drogue,    2.36,  98256.00,  258.66,  346.77,  -10.73, 23.1, 1.85, 4.11, 4.06
6, 8069, 2,    33.17, 6,  drogue,    0.99,  98264.00,  257.98,  346.09,  -10.41, 23.1, 1.85, 4.12, 4.08
6, 8069, 2,    33.27, 6,  drogue,   -0.50,  98245.00,  259.60,  347.71,  -10.30, 23.1, 1.85, 4.11, 4.08
6, 8069, 2,    33.37, 6,  drogue,   -1.96,  98224.00,  261.39,  349.51,  -10.35, 23.1, 1.86, 4.12, 4.08
6, 8069, 2,    33.47, 6,  drogue,   -3.24,  98186.00,  264.64,  352.75,  -10.58, 23.1, 1.85, 4.12, 4.08
6, 8069, 2,    33.57, 6,  drogue,   -4.27,  98105.00,  271.56,  359.67,  -10.98, 23.1, 1.85, 4.11, 4.08
6, 8069, 2,    33.67, 6,  drogue,   -5.01,  98051.00,  276.17,  364.28,  -11.46, 23.1, 1.85, 4.11, 4.06
6, 8069, 2,    33.77, 6,  drogue,   -5.50,  98128.00,  269.59,  357.70,  -12.00, 23.1, 1.82, 4.08, 4.06
6, 8069, 2,    33.87, 6,  drogue,   -5.77,  98239.00,  260.11,  348.23,  -12.57, 23.1, 1.85, 4.11, 4.06
6, 8069, 2,    33.97, 6,  drogue,   -5.82,  98305.00,  254.48,  342.59,  -13.17, 23.1, 1.85, 4.11, 4.08
6, 8069, 2,    34.07, 6,  drogue,   -5.66,  98332.00,  252.18,  340.29,  -13.80, 23.1, 1.83, 4.11, 4.06
6, 8069, 2,    34.17, 6,  drogue,   -5.29,  98352.00,  250.47,  338.58,  -14.41, 23.2, 1.83, 4.11, 4.06
6, 8069, 2,    34.27, 6,  drogue,   -4.71,  98394.00,  246.89,  335.00,  -14.96, 23.2, 1.83, 4.11, 4.08
6, 8069, 2,    34.37, 6,  drogue,   -3.89,  98353.00,  250.39,  338.50,  -15.46, 23.1, 1.85, 4.12, 4.08
6, 8069, 2,    34.47, 6,  drogue,   -2.80,  98283.00,  256.36,  344.47,  -15.89, 23.1, 1.83, 4.11, 4.06
6, 8069, 2,    34.57, 6,  drogue,   -1.45,  98193.00,  264.04,  352.15,  -16.22, 23.1, 1.83, 4.11, 4.06
6, 8069, 2,    34.67, 6,  drogue,    0.06,  98288.00,  255.93,  344.04,  -16.43, 23.1, 1.83, 4.11, 4.08
6, 8069, 2,    34.77, 6,  drogue,    1.63,  98387.00,  247.49,  335.60,  -16.49, 23.1, 1.85, 4.12, 4.08
6, 8069, 2,    34.87, 6,  drogue,    3.15,  98519.00,  236.24,  324.35,  -16.21, 23.2, 1.80, 4.09, 4.06
6, 8069, 2,    34.97, 6,  drogue,    4.53,  98535.00,  234.88,  322.99,  -15.84, 23.2, 1.83, 4.11, 4.06
6, 8069, 2,    35.07, 6,  drogue,    5.75,  98521.00,  236.07,  324.18,  -15.42, 23.2, 1.83, 4.11, 4.08
6, 8069, 2,    35.17, 6,  drogue,    6.77,  98544.00,  234.11,  322.23,  -14.85, 23.2, 1.82, 4.11, 4.08
6, 8069, 2,    35.27, 6,  drogue,    7.51,  98549.00,  233.69,  321.80,  -14.12, 23.2, 1.83, 4.11, 4.08
6, 8069, 2,    35.37, 6,  drogue,    7.88,  98558.00,  232.92,  321.03,  -13.27, 23.2, 1.83, 4.11, 4.08
6, 8069, 2,    35.47, 6,  drogue,    7.79,  98599.00,  229.43,  317.54,  -12.41, 23.2, 1.83, 4.11, 4.08
6, 8069, 2,    35.57, 6,  drogue,    7.24,  98642.00,  225.77,  313.89,  -11.56, 23.2, 1.82, 4.11, 4.08
6, 8069, 2,    35.67, 6,  drogue,    6.30,  98610.00,  228.49,  316.61,  -10.74, 23.2, 1.82, 4.11, 4.06
6, 8069, 2,    35.77, 6,  drogue,    5.06,  98590.00,  230.20,  318.31,  -10.06, 23.2, 1.82, 4.11, 4.08
6, 8069, 2,    35.87, 6,  drogue,    3.62,  98587.00,  230.45,  318.56,   -9.55, 23.2, 1.82, 4.11, 4.06
6, 8069, 2,    35.97, 6,  drogue,    2.09,  98634.00,  226.45,  314.57,   -9.18, 23.2, 1.79, 4.09, 4.06
6, 8069, 2,    36.07, 6,  drogue,    0.54,  98664.00,  223.90,  312.01,   -8.95, 23.2, 1.82, 4.12, 4.08
6, 8069, 2,    36.17, 6,  drogue,   -0.96,  98679.00,  222.62,  310.74,   -8.91, 23.2, 1.82, 4.11, 4.06
6, 8069, 2,    36.27, 6,  drogue,   -2.42,  98695.00,  221.26,  309.38,   -9.04, 23.2, 1.82, 4.12, 4.08
6, 8069, 2,    36.37, 6,  drogue,   -3.83,  98738.00,  217.61,  305.72,   -9.29, 23.2, 1.82, 4.11, 4.08
6, 8069, 2,    36.47, 6,  drogue,   -5.17,  98713.00,  219.73,  307.85,   -9.67, 23.2, 1.82, 4.11, 4.08
6, 8069, 2,    36.57, 6,  drogue,   -6.38,  98687.00,  221.94,  310.06,  -10.17, 23.2, 1.82, 4.12, 4.08
6, 8069, 2,    36.67, 6,  drogue,   -7.36,  98672.00,  223.22,  311.33,  -10.85, 23.2, 1.82, 4.11, 4.08
6, 8069, 2,    36.77, 6,  drogue,   -7.99,  98588.00,  230.37,  318.48,  -11.66, 23.1, 1.82, 4.11, 4.06
6, 8069, 2,    36.87, 6,  drogue,   -8.16,  98310.00,  254.05,  342.17,  -12.55, 22.9, 1.82, 4.11, 4.08
6, 8069, 2,    36.97, 6,  drogue,   -7.80,  98580.00,  231.05,  319.16,  -13.45, 23.1, 1.82, 4.11, 4.06
6, 8069, 2,    37.07, 6,  drogue,   -6.93,  98741.00,  217.35,  305.47,  -14.30, 23.2, 1.77, 4.09, 4.06
6, 8069, 2,    37.17, 6,  drogue,   -5.59,  98737.00,  217.69,  305.81,  -15.09, 23.2, 1.82, 4.11, 4.06
6, 8069, 2,    37.27, 6,  drogue,   -3.90,  98695.00,  221.26,  309.38,  -15.74, 23.2, 1.82, 4.12, 4.08
6, 8069, 2,    37.37, 6,  drogue,   -1.98,  98699.00,  220.92,  309.04,  -16.17, 23.1, 1.82, 4.12, 4.08
6, 8069, 2,    37.47, 6,  drogue,    0.01,  98842.00,  208.77,  296.88,  -16.31, 23.2, 1.82, 4.12, 4.08
6, 8069, 2,    37.57, 6,  drogue,    1.96,  98909.00,  203.08,  291.20,  -16.33, 23.2, 1.82, 4.11, 4.08
6, 8069, 2,    37.67, 6,  drogue,    3.79,  98907.00,  203.25,  291.37,  -16.13, 23.2, 1.82, 4.11, 4.08
6, 8069, 2,    37.77, 6,  drogue,    5.41,  98931.00,  201.22,  289.33,  -15.71, 23.2, 1.82, 4.09, 4.08
6, 8069, 2,    37.87, 6,  drogue,    6.76,  98950.00,  199.60,  287.72,  -15.11, 23.2, 1.82, 4.11, 4.06
6, 8069, 2,    37.97, 6,  drogue,    7.76,  98961.00,  198.67,  286.78,  -14.39, 23.2, 1.82, 4.11, 4.08
6, 8069, 2,    38.07, 6,  drogue,    8.35,  98978.00,  197.23,  285.34,  -13.54, 23.2, 1.82, 4.11, 4.06
6, 8069, 2,    38.17, 6,  drogue,    8.52,  99031.00,  192.73,  280.85,  -12.63, 23.2, 1.77, 4.09, 4.06
6, 8069, 2,    38.27, 6,  drogue,    8.26,  99035.00,  192.39,  280.51,  -11.70, 23.2, 1.80, 4.11, 4.08
6, 8069, 2,    38.37, 6,  drogue,    7.60,  98989.00,  196.29,  284.41,  -10.82, 23.2, 1.80, 4.12, 4.08
6, 8069, 2,    38.47, 6,  drogue,    6.53,  99015.00,  194.09,  282.20,   -9.99, 23.2, 1.80, 4.11, 4.08
6, 8069, 2,    38.57, 6,  drogue,    5.06,  99036.00,  192.31,  280.42,   -9.28, 23.2, 1.79, 4.11, 4.08
6, 8069, 2,    38.67, 6,  drogue,    3.18,  99022.00,  193.50,  281.61,   -8.71, 23.2, 1.79, 4.11, 4.08
6, 8069, 2,    38.77, 6,  drogue,    0.96,  99053.00,  190.87,  278.98,   -8.35, 23.2, 1.79, 4.09, 4.06
6, 8069, 2,    38.87, 6,  drogue,   -1.44,  99036.00,  192.31,  280.42,   -8.11, 23.2, 1.79, 4.11, 4.08
6, 8069, 2,    38.97, 6,  drogue,   -3.82,  99096.00,  187.22,  275.33,   -8.29, 23.2, 1.79, 4.11, 4.06
6, 8069, 2,    39.07, 6,  drogue,   -5.98,  99118.00,  185.36,  273.47,   -8.78, 23.2, 1.79, 4.11, 4.08
6, 8069, 2,    39.17, 6,  drogue,   -7.81,  99131.00,  184.26,  272.37,   -9.45, 23.2, 1.79, 4.11, 4.06
6, 8069, 2,    39.27, 6,  drogue,   -9.21,  99077.00,  188.83,  276.95,  -10.28, 23.2, 1.76, 4.09, 4.06
6, 8069, 2,    39.37, 6,  drogue,  -10.10,  98928.00,  201.47,  289.58,  -11.23, 23.1, 1.79, 4.11, 4.08
6, 8069, 2,    39.47, 6,  drogue,  -10.44,  98778.00,  214.21,  302.32,  -12.34, 23.0, 1.79, 4.11, 4.08
6, 8069, 2,    39.57, 6,  drogue,  -10.24,  98998.00,  195.53,  283.64,  -13.52, 23.1, 1.79, 4.11, 4.06
6, 8069, 2,    39.67, 6,  drogue,   -9.54,  99030.00,  192.82,  280.93,  -14.69, 23.2, 1.79, 4.11, 4.06
6, 8069, 2,    39.77, 6,  drogue,   -8.47,  99053.00,  190.87,  278.98,  -15.64, 23.2, 1.79, 4.11, 4.08
6, 8069, 2,    39.87, 6,  drogue,   -7.13,  99092.00,  187.56,  275.67,  -16.48, 23.2, 1.77, 4.11, 4.06
6, 8069, 2,    39.97, 6,  drogue,   -5.58,  99122.00,  185.02,  273.13,  -17.25, 23.2, 1.79, 4.11, 4.08
6, 8069, 2,    40.07, 6,  drogue,   -3.84,  99135.00,  183.92,  272.03,  -17.86, 23.2, 1.79, 4.11, 4.08
6, 8069, 2,    40.17, 6,  drogue,   -1.94,  99200.00,  178.41,  266.52,  -18.27, 23.2, 1.79, 4.11, 4.08
6, 8069, 2,    40.27, 6,  drogue,    0.02,  99260.00,  173.33,  261.44,  -18.48, 23.2, 1.79, 4.11, 4.08
6, 8069, 2,    40.37, 6,  drogue,    1.88,  99297.00,  170.20,  258.31,  -18.50, 23.2, 1.74, 4.11, 4.06
6, 8069, 2,    40.47, 6,  drogue,    3.49,  99330.00,  167.41,  255.52,  -18.23, 23.2, 1.77, 4.11, 4.08
6, 8069, 2,    40.57, 6,  drogue,    4.76,  99357.00,  165.12,  253.24,  -17.79, 23.2, 1.79, 4.12, 4.08
6, 8069, 2,    40.67, 6,  drogue,    5.67,  99360.00,  164.87,  252.98,  -17.27, 23.2, 1.77, 4.11, 4.08
6, 8069, 2,    40.77, 6,  drogue,    6.23,  99442.00,  157.94,  246.05,  -16.66, 23.2, 1.77, 4.11, 4.06
6, 8069, 2,    40.87, 6,  drogue,    6.51,  99456.00,  156.75,  244.87,  -15.97, 23.2, 1.77, 4.11, 4.08
6, 8069, 2,    40.97, 6,  drogue,    6.57,  99473.00,  155.32,  243.43,  -15.28, 23.2, 1.77, 4.12, 4.08
6, 8069, 2,    41.07, 6,  drogue,    6.39,  99499.00,  153.12,  241.23,  -14.61, 23.2, 1.77, 4.11, 4.06
6, 8069, 2,    41.17, 6,  drogue,    5.92,  99506.00,  152.53,  240.64,  -13.96, 23.2, 1.77, 4.11, 4.08
6, 8069, 2,    41.27, 6,  drogue,    5.10,  99505.00,  152.61,  240.73,  -13.30, 23.2, 1.77, 4.12, 4.08
6, 8069, 2,    41.37, 6,  drogue,    3.93,  99468.00,  155.74,  243.85,  -12.70, 23.2, 1.76, 4.11, 4.08
6, 8069, 2,    41.47, 6,  drogue,    2.51,  99471.00,  155.49,  243.60,  -12.18, 23.2, 1.74, 4.09, 4.06
6, 8069, 2,    41.57, 6,  drogue,    1.01,  99521.00,  151.26,  239.38,  -11.96, 23.2, 1.76, 4.11, 4.06
6, 8069, 2,    41.67, 6,  drogue,   -0.38,  99522.00,  151.18,  239.29,  -11.93, 23.2, 1.77, 4.11, 4.08
6, 8069, 2,    41.77, 6,  drogue,   -1.56,  99252.00,  174.01,  262.12,  -12.02, 23.0, 1.76, 4.09, 4.06
6, 8069, 2,    41.87, 6,  drogue,   -2.49,  99340.00,  166.56,  254.67,  -12.20, 23.2, 1.76, 4.09, 4.06
6, 8069, 2,    41.97, 6,  drogue,   -3.21,  99548.00,  148.98,  237.10,  -12.46, 23.2, 1.76, 4.12, 4.08
6, 8069, 2,    42.07, 6,  drogue,   -3.75,  99579.00,  146.37,  234.48,  -12.84, 23.2, 1.76, 4.12, 4.08
6, 8069, 2,    42.17, 6,  drogue,   -4.09,  99557.00,  148.22,  236.34,  -13.23, 23.2, 1.76, 4.11, 4.08
6, 8069, 2,    42.27, 6,  drogue,   -4.22,  99581.00,  146.20,  234.31,  -13.65, 23.2, 1.76, 4.11, 4.06
6, 8069, 2,    42.37, 6,  drogue,   -4.09,  99672.00,  138.52,  226.63,  -14.15, 23.2, 1.76, 4.12, 4.08
6, 8069, 2,    42.47, 6,  drogue,   -3.69,  99475.00,  155.15,  243.26,  -14.59, 23.2, 1.76, 4.11, 4.08
6, 8069, 2,    42.57, 6,  drogue,   -3.05,  99531.00,  150.42,  238.53,  -15.01, 23.2, 1.71, 4.08, 4.06
6, 8069, 2,    42.67, 6,  drogue,   -2.24,  99725.00,  134.05,  222.16,  -15.34, 23.2, 1.74, 4.11, 4.08
6, 8069, 2,    42.77, 6,  drogue,   -1.33,  99739.00,  132.87,  220.98,  -15.62, 23.2, 1.74, 4.11, 4.06
6, 8069, 2,    42.87, 6,  drogue,   -0.37,  99755.00,  131.52,  219.63,  -15.69, 23.2, 1.73, 4.11, 4.08
6, 8069, 2,    42.97, 6,  drogue,    0.61,  99758.00,  131.26,  219.38,  -15.73, 23.2, 1.70, 4.11, 4.08
6, 8069, 2,    43.07, 6,  drogue,    1.58,  99759.00,  131.18,  219.29,  -15.69, 23.2, 1.70, 4.12, 4.08
6, 8069, 2,    43.17, 6,  drogue,    2.48,  99749.00,  132.02,  220.14,  -15.58, 23.2, 1.70, 4.11, 4.08
6, 8069, 2,    43.27, 6,  drogue,    3.28,  99677.00,  138.10,  226.21,  -15.26, 23.2, 1.70, 4.11, 4.08
6, 8069, 2,    43.37, 6,  drogue,    3.95,  99724.00,  134.13,  222.24,  -14.88, 23.2, 1.70, 4.11, 4.06
6, 8069, 2,    43.47, 6,  drogue,    4.45,  99779.00,  129.49,  217.61,  -14.47, 23.2, 1.70, 4.11, 4.06
6, 8069, 2,    43.57, 6,  drogue,    4.79,  99837.00,  124.61,  212.72,  -14.03, 23.2, 1.70, 4.11, 4.06
6, 8069, 2,    43.67, 6,  drogue,    4.96,  99929.00,  116.86,  204.97,  -13.55, 23.3, 1.65, 4.09, 4.06
6, 8069, 2,    43.77, 6,  drogue,    4.97,  99907.00,  118.71,  206.82,  -12.96, 23.2, 1.68, 4.11, 4.06
6, 8069, 2,    43.87, 6,  drogue,    4.85,  99833.00,  124.94,  213.06,  -12.43, 23.2, 1.71, 4.11, 4.08
6, 8069, 2,    43.97, 6,  drogue,    4.69,  99857.00,  122.92,  211.04,  -11.97, 23.2, 1.73, 4.11, 4.06
6, 8069, 2,    44.07, 6,  drogue,    4.56,  99963.00,  114.00,  202.11,  -11.52, 23.2, 1.73, 4.11, 4.06
6, 8069, 2,    44.17, 6,  drogue,    4.47,  99871.00,  121.74,  209.86,  -11.06, 23.2, 1.73, 4.11, 4.08
6, 8069, 2,    44.27, 6,  drogue,    4.37,  99903.00,  119.05,  207.16,  -10.63, 23.2, 1.73, 4.11, 4.08
6, 8069, 2,    44.37, 6,  drogue,    4.19, 100080.00,  104.16,  192.27,  -10.22, 23.2, 1.74, 4.11, 4.08
6, 8069, 2,    44.47, 6,  drogue,    3.91, 100012.00,  109.87,  197.99,   -9.71, 23.2, 1.76, 4.11, 4.08
6, 8069, 2,    44.57, 6,  drogue,    3.57, 100037.00,  107.77,  195.88,   -9.26, 23.2, 1.76, 4.11, 4.08
6, 8069, 2,    44.67, 6,  drogue,    3.22, 100000.00,  110.88,  199.00,   -8.97, 23.2, 1.76, 4.11, 4.08
6, 8069, 2,    44.77, 6,  drogue,    2.94,  99990.00,  111.73,  199.84,   -8.69, 23.2, 1.73, 4.09, 4.06
6, 8069, 2,    44.87, 6,  drogue,    2.76,  99809.00,  126.97,  215.08,   -8.39, 23.2, 1.76, 4.11, 4.06
6, 8069, 2,    44.97, 6,  drogue,    2.67,  99994.00,  111.39,  199.50,   -8.10, 23.2, 1.76, 4.12, 4.08
6, 8069, 2,    45.07, 6,  drogue,    2.60, 100046.00,  107.02,  195.13,   -7.87, 23.2, 1.76, 4.11, 4.08
6, 8069, 2,    45.17, 6,  drogue,    2.49, 100073.00,  104.74,  192.86,   -7.65, 23.3, 1.76, 4.12, 4.08
6, 8069, 2,    45.27, 6,  drogue,    2.32,  99885.00,  120.56,  208.68,   -7.33, 23.2, 1.76, 4.11, 4.08
6, 8069, 2,    45.37, 6,  drogue,    2.10, 100007.00,  110.30,  198.41,   -7.06, 23.2, 1.76, 4.11, 4.06
6, 8069, 2,    45.47, 6,  drogue,    1.87, 100079.00,  104.24,  192.35,   -6.86, 23.3, 1.76, 4.11, 4.08
6, 8069, 2,    45.57, 6,  drogue,    1.68, 100078.00,  104.32,  192.44,   -6.70, 23.2, 1.76, 4.11, 4.08
6, 8069, 2,    45.67, 6,  drogue,    1.53, 100112.00,  101.47,  189.58,   -6.57, 23.3, 1.76, 4.11, 4.08
6, 8069, 2,    45.77, 6,  drogue,    1.41, 100126.00,  100.29,  188.40,   -6.42, 23.3, 1.76, 4.11, 4.08
6, 8069, 2,    45.87, 6,  drogue,    1.24, 100116.00,  101.13,  189.24,   -6.23, 23.3, 1.73, 4.09, 4.06
6, 8069, 2,    45.97, 6,  drogue,    1.01, 100059.00,  105.92,  194.03,   -6.09, 23.2, 1.76, 4.11, 4.06
6, 8069, 2,    46.07, 6,  drogue,    0.72, 100111.00,  101.55,  189.66,   -6.01, 23.3, 1.76, 4.12, 4.06
6, 8069, 2,    46.17, 6,  drogue,    0.45, 100124.00,  100.46,  188.57,   -5.91, 23.3, 1.76, 4.11, 4.08
6, 8069, 2,    46.27, 6,  drogue,    0.25, 100141.00,   99.03,  187.14,   -5.86, 23.3, 1.76, 4.11, 4.08
6, 8069, 2,    46.37, 6,  drogue,    0.14, 100081.00,  104.07,  192.18,   -5.90, 23.2, 1.76, 4.11, 4.08
6, 8069, 2,    46.47, 6,  drogue,    0.09, 100066.00,  105.33,  193.45,   -5.92, 23.2, 1.76, 4.11, 4.08
6, 8069, 2,    46.57, 6,  drogue,    0.04, 100085.00,  103.74,  191.85,   -5.87, 23.2, 1.76, 4.11, 4.06
6, 8069, 2,    46.67, 6,  drogue,   -0.06, 100171.00,   96.51,  184.62,   -5.86, 23.3, 1.76, 4.11, 4.08
6, 8069, 2,    46.77, 6,  drogue,   -0.22, 100188.00,   95.08,  183.19,   -5.87, 23.3, 1.76, 4.11, 4.08
6, 8069, 2,    46.87, 6,  drogue,   -0.41, 100111.00,  101.55,  189.66,   -5.82, 23.2, 1.76, 4.11, 4.08
6, 8069, 2,    46.97, 6,  drogue,   -0.58, 100126.00,  100.29,  188.40,   -5.90, 23.2, 1.73, 4.09, 4.06
6, 8069, 2,    47.07, 6,  drogue,   -0.67, 100224.00,   92.06,  180.17,   -6.00, 23.3, 1.76, 4.11, 4.08
6, 8069, 2,    47.17, 6,  drogue,   -0.69, 100200.00,   94.07,  182.18,   -6.10, 23.3, 1.76, 4.11, 4.08
6, 8069, 2,    47.27, 6,  drogue,   -0.62, 100048.00,  106.85,  194.96,   -6.12, 23.2, 1.76, 4.11, 4.08
6, 8069, 2,    47.37, 6,  drogue,   -0.48, 100095.00,  102.89,  191.01,   -6.21, 23.2, 1.76, 4.12, 4.08
6, 8069, 2,    47.47, 6,  drogue,   -0.26, 100196.00,   94.41,  182.52,   -6.29, 23.3, 1.76, 4.11, 4.08
6, 8069, 2,    47.57, 6,  drogue,    0.03, 100211.00,   93.15,  181.26,   -6.34, 23.3, 1.76, 4.11, 4.08
6, 8069, 2,    47.67, 6,  drogue,    0.37, 100228.00,   91.72,  179.83,   -6.34, 23.3, 1.76, 4.11, 4.08
6, 8069, 2,    47.74, 7,    main,    0.37, 100228.00,   91.72,  179.83,   -6.34, 23.3, 1.76, 4.11, 4.08
6, 8069, 2,    47.77, 7,    main,    0.71, 100222.00,   92.22,  180.34,   -6.29, 23.3, 1.74, 0.00, 4.08
6, 8069, 2,    47.87, 7,    main,    0.99, 100237.00,   90.96,  179.08,   -6.21, 23.3, 1.76, 1.09, 4.08
6, 8069, 2,    47.97, 7,    main,    1.22, 100255.00,   89.45,  177.57,   -6.09, 23.3, 1.76, 0.88, 4.05
6, 8069, 2,    48.07, 7,    main,    1.39, 100273.00,   87.94,  176.05,   -5.97, 23.3, 1.74, 0.82, 4.09
6, 8069, 2,    48.17, 7,    main,    1.49, 100284.00,   87.02,  175.13,   -5.82, 23.3, 1.76, 0.79, 4.05
6, 8069, 2,    48.27, 7,    main,    1.52, 100289.00,   86.60,  174.71,   -5.67, 23.3, 1.76, 0.76, 4.08
6, 8069, 2,    48.37, 7,    main,    1.48, 100277.00,   87.61,  175.72,   -5.49, 23.3, 1.76, 0.76, 4.08
6, 8069, 2,    48.47, 7,    main,    1.39, 100281.00,   87.27,  175.38,   -5.33, 23.3, 1.76, 0.73, 4.06
6, 8069, 2,    48.57, 7,    main,    1.27, 100148.00,   98.44,  186.55,   -5.18, 23.2, 1.76, 0.68, 4.08
6, 8069, 2,    48.67, 7,    main,    1.14, 100250.00,   89.87,  177.99,   -5.08, 23.3, 1.76, 0.65, 4.06
6, 8069, 2,    48.77, 7,    main,    1.00, 100276.00,   87.69,  175.80,   -4.96, 23.3, 1.73, 0.64, 4.06
6, 8069, 2,    48.87, 7,    main,    0.89, 100295.00,   86.09,  174.21,   -4.83, 23.3, 1.73, 0.61, 4.06
6, 8069, 2,    48.97, 7,    main,    0.80, 100298.00,   85.84,  173.96,   -4.74, 23.3, 1.74, 0.58, 4.06
6, 8069, 2,    49.07, 7,    main,    0.74, 100319.00,   84.08,  172.19,   -4.72, 23.3, 1.76, 0.55, 4.06
6, 8069, 2,    49.17, 7,    main,    0.66, 100313.00,   84.58,  172.70,   -4.67, 23.3, 1.73, 0.53, 4.05
6, 8069, 2,    49.27, 7,    main,    0.54, 100348.00,   81.65,  169.76,   -4.53, 23.3, 1.73, 0.50, 4.06
6, 8069, 2,    49.37, 7,    main,    0.40, 100343.00,   82.07,  170.18,   -4.44, 23.3, 1.73, 0.49, 4.06
6, 8069, 2,    49.47, 7,    main,    0.26, 100324.00,   83.66,  171.77,   -4.44, 23.3, 1.73, 0.49, 4.06
6, 8069, 2,    49.57, 7,    main,    0.17, 100328.00,   83.33,  171.44,   -4.43, 23.3, 1.74, 0.45, 4.06
6, 8069, 2,    49.67, 7,    main,    0.18, 100295.00,   86.09,  174.21,   -4.45, 23.3, 1.71, 0.44, 4.06
6, 8069, 2,    49.77, 7,    main,    0.30, 100284.00,   87.02,  175.13,   -4.40, 23.3, 1.73, 0.42, 4.06
6, 8069, 2,    49.87, 7,    main,    0.50, 100328.00,   83.33,  171.44,   -4.40, 23.3, 1.76, 0.42, 4.06
6, 8069, 2,    49.97, 7,    main,    0.72, 100365.00,   80.22,  168.33,   -4.40, 23.3, 1.74, 0.41, 4.08
6, 8069, 2,    50.07, 7,    main,    0.94, 100352.00,   81.31,  169.42,   -4.32, 23.3, 1.76, 0.39, 4.08
6, 8069, 2,    50.17, 7,    main,    1.10, 100346.00,   81.81,  169.93,   -4.17, 23.3, 1.76, 0.39, 4.08
6, 8069, 2,    50.27, 7,    main,    1.18, 100355.00,   81.06,  169.17,   -4.06, 23.3, 1.71, 0.38, 4.06
6, 8069, 2,    50.37, 7,    main,    1.16, 100382.00,   78.79,  166.91,   -3.94, 23.3, 1.76, 0.38, 4.08
6, 8069, 2,    50.47, 7,    main,    1.04, 100418.00,   75.78,  163.89,   -3.82, 23.3, 1.76, 0.38, 4.08
6, 8069, 2,    50.57, 7,    main,    0.85, 100400.00,   77.29,  165.40,   -3.66, 23.3, 1.73, 0.36, 4.08
6, 8069, 2,    50.67, 7,    main,    0.61, 100393.00,   77.87,  165.99,   -3.58, 23.3, 1.74, 0.36, 4.06
6, 8069, 2,    50.77, 7,    main,    0.34, 100343.00,   82.07,  170.18,   -3.52, 23.3, 1.76, 0.36, 4.08
6, 8069, 2,    50.87, 7,    main,    0.10, 100396.00,   77.62,  165.73,   -3.50, 23.3, 1.74, 0.36, 4.08
6, 8069, 2,    50.97, 7,    main,   -0.10, 100426.00,   75.10,  163.22,   -3.49, 23.3, 1.73, 0.35, 4.06
6, 8069, 2,    51.07, 7,    main,   -0.26, 100425.00,   75.19,  163.30,   -3.53, 23.3, 1.74, 0.35, 4.06
6, 8069, 2,    51.17, 7,    main,   -0.39, 100409.00,   76.53,  164.64,   -3.52, 23.3, 1.73, 0.35, 4.08
6, 8069, 2,    51.27, 7,    main,   -0.50, 100332.00,   82.99,  171.10,   -3.58, 23.3, 1.76, 0.33, 4.08
6, 8069, 2,    51.37, 7,    main,   -0.61, 100377.00,   79.21,  167.33,   -3.65, 23.3, 1.71, 0.32, 4.06
6, 8069, 2,    51.47, 7,    main,   -0.74, 100436.00,   74.27,  162.38,   -3.70, 23.3, 1.73, 0.33, 4.08
6, 8069, 2,    51.57, 7,    main,   -0.90, 100438.00,   74.10,  162.21,   -3.75, 23.3, 1.73, 0.33, 4.08
6, 8069, 2,    51.67, 7,    main,   -1.07, 100480.00,   70.58,  158.69,   -3.83, 23.3, 1.73, 0.32, 4.06
6, 8069, 2,    51.77, 7,    main,   -1.24, 100372.00,   79.63,  167.75,   -3.96, 23.3, 1.74, 0.33, 4.08
6, 8069, 2,    51.87, 7,    main,   -1.40, 100478.00,   70.75,  158.86,   -4.10, 23.3, 1.73, 0.32, 4.08
6, 8069, 2,    51.97, 7,    main,   -1.53, 100492.00,   69.57,  157.69,   -4.21, 23.3, 1.73, 0.32, 4.08
6, 8069, 2,    52.07, 7,    main,   -1.64, 100329.00,   83.24,  171.35,   -4.38, 23.3, 1.73, 0.32, 4.08
6, 8069, 2,    52.17, 7,    main,   -1.72, 100291.00,   86.43,  174.54,   -4.54, 23.3, 1.73, 0.32, 4.06
6, 8069, 2,    52.27, 7,    main,   -1.76, 100450.00,   73.09,  161.21,   -4.73, 23.3, 1.73, 0.32, 4.08
6, 8069, 2,    52.37, 7,    main,   -1.75, 100477.00,   70.83,  158.94,   -4.92, 23.3, 1.73, 0.32, 4.08
6, 8069, 2,    52.47, 7,    main,   -1.73, 100469.00,   71.50,  159.61,   -5.10, 23.3, 1.68, 0.29, 4.06
6, 8069, 2,    52.57, 7,    main,   -1.70, 100513.00,   67.81,  155.93,   -5.26, 23.3, 1.73, 0.32, 4.08
6, 8069, 2,    52.67, 7,    main,   -1.70, 100499.00,   68.99,  157.10,   -5.44, 23.3, 1.73, 0.32, 4.06
6, 8069, 2,    52.77, 7,    main,   -1.71, 100511.00,   67.98,  156.09,   -5.59, 23.3, 1.73, 0.30, 4.08
6, 8069, 2,    52.87, 7,    main,   -1.72, 100529.00,   66.47,  154.59,   -5.76, 23.3, 1.74, 0.30, 4.08
6, 8069, 2,    52.97, 7,    main,   -1.74, 100518.00,   67.39,  155.51,   -5.94, 23.3, 1.74, 0.30, 4.08
6, 8069, 2,    53.07, 7,    main,   -1.76, 100543.00,   65.30,  153.41,   -6.12, 23.3, 1.74, 0.30, 4.08
6, 8069, 2,    53.17, 7,    main,   -1.80, 100428.00,   74.94,  163.05,   -6.30, 23.3, 1.73, 0.30, 4.08
6, 8069, 2,    53.27, 7,    main,   -1.83, 100525.00,   66.81,  154.92,   -6.45, 23.3, 1.73, 0.30, 4.06
6, 8069, 2,    53.37, 7,    main,   -1.83, 100505.00,   68.48,  156.60,   -6.64, 23.3, 1.73, 0.30, 4.06
6, 8069, 2,    53.47, 7,    main,   -1.79, 100465.00,   71.84,  159.95,   -6.85, 23.3, 1.73, 0.29, 4.06
6, 8069, 2,    53.57, 7,    main,   -1.65, 100467.00,   71.67,  159.78,   -7.04, 23.3, 1.68, 0.29, 4.06
6, 8069, 2,    53.67, 7,    main,   -1.43, 100548.00,   64.88,  152.99,   -7.24, 23.3, 1.73, 0.29, 4.08
6, 8069, 2,    53.77, 7,    main,   -1.13, 100605.00,   60.11,  148.22,   -7.35, 23.3, 1.73, 0.29, 4.08
6, 8069, 2,    53.87, 7,    main,   -0.82, 100554.00,   64.38,  152.49,   -7.50, 23.3, 1.73, 0.29, 4.08
6, 8069, 2,    53.97, 7,    main,   -0.53, 100497.00,   69.15,  157.27,   -7.61, 23.3, 1.73, 0.30, 4.08
6, 8069, 2,    54.07, 7,    main,   -0.27, 100628.00,   58.18,  146.30,   -7.61, 23.3, 1.73, 0.29, 4.08
6, 8069, 2,    54.17, 7,    main,   -0.04, 100627.00,   58.27,  146.38,   -7.60, 23.3, 1.73, 0.29, 4.06
6, 8069, 2,    54.27, 7,    main,    0.21, 100659.00,   55.59,  143.70,   -7.64, 23.3, 1.73, 0.29, 4.08
6, 8069, 2,    54.37, 7,    main,    0.51, 100620.00,   58.85,  146.96,   -7.65, 23.3, 1.73, 0.27, 4.08
6, 8069, 2,    54.47, 7,    main,    0.88, 100602.00,   60.36,  148.47,   -7.60, 23.3, 1.73, 0.29, 4.06
6, 8069, 2,    54.57, 7,    main,    1.29, 100622.00,   58.68,  146.80,   -7.52, 23.3, 1.71, 0.29, 4.06
6, 8069, 2,    54.67, 7,    main,    1.70, 100656.00,   55.84,  143.95,   -7.39, 23.3, 1.68, 0.26, 4.06
6, 8069, 2,    54.77, 7,    main,    2.07, 100655.00,   55.92,  144.04,   -7.21, 23.3, 1.73, 0.29, 4.06
6, 8069, 2,    54.87, 7,    main,    2.37, 100653.00,   56.09,  144.20,   -6.99, 23.3, 1.73, 0.27, 4.06
6, 8069, 2,    54.97, 7,    main,    2.58, 100651.00,   56.26,  144.37,   -6.74, 23.3, 1.73, 0.27, 4.08
6, 8069, 2,    55.07, 7,    main,    2.68, 100677.00,   54.08,  142.19,   -6.48, 23.3, 1.73, 0.29, 4.08
6, 8069, 2,    55.17, 7,    main,    2.68, 100700.00,   52.16,  140.27,   -6.15, 23.3, 1.73, 0.27, 4.08
6, 8069, 2,    55.27, 7,    main,    2.55, 100714.00,   50.99,  139.10,   -5.89, 23.3, 1.71, 0.27, 4.06
6, 8069, 2,    55.37, 7,    main,    2.32, 100728.00,   49.81,  137.93,   -5.63, 23.3, 1.73, 0.27, 4.06
6, 8069, 2,    55.47, 7,    main,    2.02, 100718.00,   50.65,  138.76,   -5.36, 23.3, 1.71, 0.27, 4.08
6, 8069, 2,    55.57, 7,    main,    1.68, 100729.00,   49.73,  137.84,   -5.14, 23.3, 1.71, 0.27, 4.08
6, 8069, 2,    55.67, 7,    main,    1.35, 100736.00,   49.15,  137.26,   -4.99, 23.3, 1.71, 0.27, 4.08
6, 8069, 2,    55.77, 7,    main,    1.03, 100717.00,   50.73,  138.85,   -4.91, 23.3, 1.68, 0.26, 4.06
6, 8069, 2,    55.87, 7,    main,    0.72, 100717.00,   50.73,  138.85,   -4.77, 23.3, 1.71, 0.27, 4.08
6, 8069, 2,    55.97, 7,    main,    0.43, 100723.00,   50.23,  138.35,   -4.66, 23.3, 1.71, 0.27, 4.08
6, 8069, 2,    56.07, 7,    main,    0.15, 100736.00,   49.15,  137.26,   -4.65, 23.3, 1.71, 0.27, 4.08
6, 8069, 2,    56.17, 7,    main,   -0.08, 100750.00,   47.97,  136.09,   -4.65, 23.3, 1.71, 0.26, 4.08
6, 8069, 2,    56.27, 7,    main,   -0.28, 100762.00,   46.97,  135.08,   -4.67, 23.3, 1.71, 0.27, 4.08
6, 8069, 2,    56.37, 7,    main,   -0.44, 100770.00,   46.30,  134.42,   -4.70, 23.3, 1.71, 0.27, 4.08
6, 8069, 2,    56.47, 7,    main,   -0.60, 100766.00,   46.64,  134.75,   -4.73, 23.3, 1.71, 0.26, 4.06
6, 8069, 2,    56.57, 7,    main,   -0.78, 100767.00,   46.55,  134.67,   -4.79, 23.3, 1.70, 0.27, 4.08
6, 8069, 2,    56.67, 7,    main,   -0.97, 100759.00,   47.22,  135.33,   -4.87, 23.3, 1.71, 0.26, 4.08
6, 8069, 2,    56.77, 7,    main,   -1.13, 100754.00,   47.64,  135.75,   -4.96, 23.3, 1.71, 0.26, 4.06
6, 8069, 2,    56.87, 7,    main,   -1.25, 100740.00,   48.81,  136.92,   -5.09, 23.3, 1.68, 0.26, 4.06
6, 8069, 2,    56.97, 7,    main,   -1.31, 100776.00,   45.80,  133.91,   -5.22, 23.3, 1.70, 0.26, 4.08
6, 8069, 2,    57.07, 7,    main,   -1.32, 100790.00,   44.63,  132.74,   -5.37, 23.3, 1.70, 0.26, 4.08
6, 8069, 2,    57.17, 7,    main,   -1.29, 100774.00,   45.97,  134.08,   -5.52, 23.3, 1.70, 0.26, 4.06
6, 8069, 2,    57.27, 7,    main,   -1.25, 100819.00,   42.21,  130.32,   -5.63, 23.3, 1.70, 0.26, 4.08
6, 8069, 2,    57.37, 7,    main,   -1.20, 100815.00,   42.54,  130.65,   -5.76, 23.3, 1.70, 0.26, 4.06
6, 8069, 2,    57.47, 7,    main,   -1.16, 100828.00,   41.45,  129.57,   -5.88, 23.3, 1.70, 0.26, 4.08
6, 8069, 2,    57.57, 7,    main,   -1.12, 100857.00,   39.03,  127.14,   -6.00, 23.3, 1.70, 0.27, 4.08
6, 8069, 2,    57.67, 7,    main,   -1.09, 100870.00,   37.94,  126.06,   -6.11, 23.3, 1.70, 0.26, 4.08
6, 8069, 2,    57.77, 7,    main,   -1.03, 100901.00,   35.35,  123.47,   -6.21, 23.3, 1.70, 0.26, 4.08
6, 8069, 2,    57.87, 7,    main,   -0.91, 100801.00,   43.71,  131.82,   -6.32, 23.3, 1.70, 0.26, 4.06
6, 8069, 2,    57.97, 7,    main,   -0.68, 100847.00,   39.87,  127.98,   -6.43, 23.3, 1.65, 0.23, 4.06
6, 8069, 2,    58.07, 7,    main,   -0.31, 100880.00,   37.11,  125.22,   -6.52, 23.3, 1.70, 0.26, 4.08
6, 8069, 2,    58.17, 7,    main,    0.18, 100862.00,   38.61,  126.73,   -6.61, 23.3, 1.70, 0.24, 4.08
6, 8069, 2,    58.27, 7,    main,    0.75, 100857.00,   39.03,  127.14,   -6.60, 23.3, 1.70, 0.26, 4.08
6, 8069, 2,    58.37, 7,    main,    1.31, 100879.00,   37.19,  125.31,   -6.50, 23.3, 1.70, 0.26, 4.06
6, 8069, 2,    58.47, 7,    main,    1.79, 100874.00,   37.61,  125.72,   -6.37, 23.3, 1.70, 0.26, 4.06
6, 8069, 2,    58.57, 7,    main,    2.13, 100889.00,   36.36,  124.47,   -6.16, 23.3, 1.65, 0.24, 4.08
6, 8069, 2,    58.67, 7,    main,    2.34, 100879.00,   37.19,  125.31,   -5.90, 23.3, 1.64, 0.26, 4.08
6, 8069, 2,    58.77, 7,    main,    2.43, 100918.00,   33.93,  122.05,   -5.67, 23.3, 1.61, 0.26, 4.06
6, 8069, 2,    58.87, 7,    main,    2.44, 100989.00,   28.01,  116.12,   -5.40, 23.3, 1.61, 0.26, 4.08
6, 8069, 2,    58.97, 7,    main,    2.40, 100962.00,   30.26,  118.37,   -5.16, 23.3, 1.61, 0.26, 4.06
6, 8069, 2,    59.07, 7,    main,    2.35, 100979.00,   28.84,  116.95,   -4.91, 23.3, 1.56, 0.23, 4.06
6, 8069, 2,    59.17, 7,    main,    2.29, 100958.00,   30.59,  118.71,   -4.67, 23.3, 1.61, 0.26, 4.08
6, 8069, 2,    59.27, 7,    main,    2.15, 100914.00,   34.27,  122.38,   -4.48, 23.3, 1.61, 0.24, 4.08
6, 8069, 2,    59.37, 7,    main,    1.91, 100976.00,   29.09,  117.21,   -4.22, 23.3, 1.61, 0.24, 4.08
6, 8069, 2,    59.47, 7,    main,    1.52, 100996.00,   27.42,  115.54,   -3.99, 23.3, 1.61, 0.26, 4.08
6, 8069, 2,    59.57, 7,    main,    1.00, 101002.00,   26.92,  115.03,   -3.78, 23.3, 1.61, 0.26, 4.06
6, 8069, 2,    59.67, 7,    main,    0.36, 101014.00,   25.92,  114.03,   -3.70, 23.3, 1.61, 0.26, 4.06
6, 8069, 2,    59.77, 7,    main,   -0.35, 101013.00,   26.00,  114.12,   -3.68, 23.3, 1.61, 0.26, 4.06
6, 8069, 2,    59.87, 7,    main,   -1.10, 101031.00,   24.50,  112.61,   -3.67, 23.3, 1.61, 0.24, 4.06
6, 8069, 2,    59.97, 7,    main,   -1.87, 101042.00,   23.58,  111.70,   -3.77, 23.3, 1.61, 0.26, 4.08
6, 8069, 2,    60.07, 7,    main,   -2.62, 101018.00,   25.59,  113.70,   -3.96, 23.3, 1.61, 0.24, 4.06
6, 8069, 2,    60.17, 7,    main,   -3.31, 101004.00,   26.76,  114.87,   -4.25, 23.3, 1.56, 0.23, 4.06
6, 8069, 2,    60.27, 7,    main,   -3.91, 100887.00,   36.52,  124.64,   -4.60, 23.3, 1.61, 0.24, 4.08
6, 8069, 2,    60.37, 7,    main,   -4.39, 100830.00,   41.29,  129.40,   -5.01, 23.2, 1.61, 0.24, 4.08
6, 8069, 2,    60.47, 7,    main,   -4.76, 100919.00,   33.85,  121.96,   -5.46, 23.3, 1.61, 0.24, 4.08
6, 8069, 2,    60.57, 7,    main,   -4.96, 100891.00,   36.19,  124.30,   -5.96, 23.3, 1.61, 0.24, 4.06
6, 8069, 2,    60.67, 7,    main,   -4.98, 100942.00,   31.93,  120.04,   -6.48, 23.3, 1.61, 0.24, 4.06
6, 8069, 2,    60.77, 7,    main,   -4.79, 101101.00,   18.66,  106.78,   -7.02, 23.3, 1.61, 0.24, 4.08
6, 8069, 2,    60.87, 7,    main,   -4.41, 101091.00,   19.50,  107.61,   -7.56, 23.3, 1.61, 0.24, 4.08
6, 8069, 2,    60.97, 7,    main,   -3.90, 101133.00,   15.99,  104.11,   -8.04, 23.3, 1.61, 0.24, 4.08
6, 8069, 2,    61.07, 7,    main,   -3.31, 101098.00,   18.91,  107.03,   -8.38, 23.3, 1.61, 0.24, 4.08
6, 8069, 2,    61.17, 7,    main,   -2.67, 101129.00,   16.33,  104.44,   -8.74, 23.3, 1.61, 0.24, 4.08
6, 8069, 2,    61.27, 7,    main,   -1.96, 101136.00,   15.74,  103.86,   -8.99, 23.3, 1.56, 0.23, 4.06
6, 8069, 2,    61.37, 7,    main,   -1.16, 100967.00,   29.84,  117.96,   -9.22, 23.3, 1.61, 0.24, 4.08
6, 8069, 2,    61.47, 7,    main,   -0.31, 100993.00,   27.67,  115.79,   -9.38, 23.3, 1.61, 0.24, 4.08
6, 8069, 2,    61.57, 7,    main,    0.51, 101002.00,   26.92,  115.03,   -9.42, 23.3, 1.61, 0.24, 4.08
6, 8069, 2,    61.67, 7,    main,    1.21, 101184.00,   11.74,   99.86,   -9.33, 23.3, 1.61, 0.24, 4.06
6, 8069, 2,    61.77, 7,    main,    1.76, 101143.00,   15.16,  103.27,   -9.13, 23.3, 1.61, 0.24, 4.08
6, 8069, 2,    61.87, 7,    main,    2.16, 101164.00,   13.41,  101.52,   -8.93, 23.3, 1.59, 0.24, 4.08
6, 8069, 2,    61.97, 7,    main,    2.44, 101171.00,   12.83,  100.94,   -8.74, 23.3, 1.59, 0.23, 4.06
6, 8069, 2,    62.07, 7,    main,    2.59, 101177.00,   12.33,  100.44,   -8.48, 23.3, 1.61, 0.24, 4.08
6, 8069, 2,    62.17, 7,    main,    2.60, 101262.00,    5.25,   93.36,   -8.20, 23.4, 1.59, 0.24, 4.08
6, 8069, 2,    62.27, 7,    main,    2.46, 101231.00,    7.83,   95.94,   -7.89, 23.3, 1.61, 0.24, 4.08
6, 8069, 2,    62.37, 7,    main,    2.19, 101204.00,   10.08,   98.19,   -7.59, 23.3, 1.56, 0.23, 4.06
6, 8069, 2,    62.47, 7,    main,    1.85, 101225.00,    8.33,   96.44,   -7.39, 23.3, 1.61, 0.24, 4.08
6, 8069, 2,    62.57, 7,    main,    1.51, 101235.00,    7.49,   95.61,   -7.24, 23.3, 1.59, 0.24, 4.08
6, 8069, 2,    62.67, 7,    main,    1.22, 101253.00,    6.00,   94.11,   -7.06, 23.3, 1.61, 0.24, 4.08
6, 8069, 2,    62.77, 7,    main,    1.05, 101262.00,    5.25,   93.36,   -6.94, 23.3, 1.59, 0.24, 4.08
6, 8069, 2,    62.87, 7,    main,    1.01, 101254.00,    5.91,   94.02,   -6.87, 23.3, 1.61, 0.24, 4.06
6, 8069, 2,    62.97, 7,    main,    1.07, 101242.00,    6.91,   95.02,   -6.84, 23.3, 1.61, 0.24, 4.08
6, 8069, 2,    63.07, 7,    main,    1.17, 101097.00,   19.00,  107.11,   -6.76, 23.3, 1.59, 0.24, 4.06
6, 8069, 2,    63.17, 7,    main,    1.21, 101333.00,   -0.67,   87.45,   -6.53, 23.3, 1.59, 0.24, 4.08
6, 8069, 2,    63.27, 7,    main,    1.14, 101280.00,    3.75,   91.86,   -6.44, 23.3, 1.61, 0.24, 4.06
6, 8069, 2,    63.37, 7,    main,    0.96, 101310.00,    1.25,   89.36,   -6.29, 23.3, 1.61, 0.24, 4.08
6, 8069, 2,    63.47, 7,    main,    0.72, 101313.00,    1.00,   89.11,   -6.19, 23.3, 1.56, 0.23, 4.06
6, 8069, 2,    63.57, 7,    main,    0.48, 101248.00,    6.41,   94.52,   -6.10, 23.3, 1.59, 0.24, 4.06
6, 8069, 2,    63.67, 7,    main,    0.28, 101176.00,   12.41,  100.52,   -6.10, 23.3, 1.59, 0.24, 4.08
6, 8069, 2,    63.77, 7,    main,    0.12, 101183.00,   11.83,   99.94,   -6.06, 23.3, 1.61, 0.24, 4.08
6, 8069, 2,    63.87, 7,    main,    0.02, 101356.00,   -2.58,   85.53,   -6.05, 23.3, 1.61, 0.24, 4.08
6, 8069, 2,    63.97, 7,    main,   -0.04, 101448.00,  -10.23,   77.88,   -6.06, 23.4, 1.61, 0.24, 4.08
6, 8069, 2,    64.07, 7,    main,   -0.09, 101375.00,   -4.16,   83.95,   -6.08, 23.3, 1.61, 0.24, 4.08
6, 8069, 2,    64.17, 7,    main,   -0.18, 101394.00,   -5.74,   82.37,   -6.09, 23.3, 1.61, 0.24, 4.08
6, 8069, 2,    64.27, 7,    main,   -0.34, 101408.00,   -6.91,   81.21,   -6.09, 23.3, 1.59, 0.23, 4.06
6, 8069, 2,    64.37, 7,    main,   -0.58, 101394.00,   -5.74,   82.37,   -6.08, 23.3, 1.59, 0.24, 4.06
6, 8069, 2,    64.47, 7,    main,   -0.88, 101429.00,   -8.65,   79.46,   -6.14, 23.4, 1.61, 0.24, 4.08
6, 8069, 2,    64.57, 7,    main,   -1.20, 101435.00,   -9.15,   78.96,   -6.24, 23.3, 1.56, 0.23, 4.06
6, 8069, 2,    64.67, 7,    main,   -1.52, 101271.00,    4.50,   92.61,   -6.35, 23.3, 1.59, 0.24, 4.06
6, 8069, 2,    64.77, 7,    main,   -1.82, 101260.00,    5.41,   93.53,   -6.51, 23.3, 1.59, 0.23, 4.08
6, 8069, 2,    64.87, 7,    main,   -2.11, 101404.00,   -6.57,   81.54,   -6.69, 23.3, 1.61, 0.24, 4.08
6, 8069, 2,    64.97, 7,    main,   -2.39, 101458.00,  -11.07,   77.05,   -6.92, 23.3, 1.61, 0.24, 4.08
6, 8069, 2,    65.07, 7,    main,   -2.61, 101362.00,   -3.08,   85.03,   -7.11, 23.3, 1.59, 0.24, 4.06
6, 8069, 2,    65.17, 7,    main,   -2.73, 101109.00,   18.00,  106.11,   -7.43, 23.2, 1.61, 0.24, 4.08
6, 8069, 2,    65.27, 7,    main,   -2.70, 101469.00,  -11.98,   76.13,   -7.72, 23.4, 1.61, 0.24, 4.08
6, 8069, 2,    65.37, 7,    main,   -2.53, 101464.00,  -11.56,   76.55,   -8.03, 23.3, 1.59, 0.24, 4.06
6, 8069, 2,    65.47, 7,    main,   -2.30, 101495.00,  -14.14,   73.97,   -8.32, 23.4, 1.61, 0.24, 4.08
6, 8069, 2,    65.57, 7,    main,   -2.05, 101466.00,  -11.73,   76.38,   -8.54, 23.3, 1.61, 0.24, 4.08
6, 8069, 2,    65.67, 7,    main,   -1.84, 101467.00,  -11.81,   76.30,   -8.69, 23.3, 1.56, 0.23, 4.06
6, 8069, 2,    65.77, 7,    main,   -1.62, 101486.00,  -13.39,   74.72,   -8.85, 23.4, 1.59, 0.23, 4.08
6, 8069, 2,    65.87, 7,    main,   -1.32, 101522.00,  -16.39,   71.73,   -9.06, 23.4, 1.61, 0.23, 4.08
6, 8069, 2,    65.97, 7,    main,   -0.92, 101548.00,  -18.55,   69.57,   -9.25, 23.4, 1.61, 0.24, 4.08
6, 8069, 2,    66.07, 7,    main,   -0.42, 101545.00,  -18.30,   69.82,   -9.35, 23.4, 1.59, 0.21, 4.08
6, 8069, 2,    66.17, 7,    main,    0.13, 101447.00,  -10.15,   77.96,   -9.38, 23.3, 1.61, 0.23, 4.06
6, 8069, 2,    66.27, 7,    main,    0.69, 101481.00,  -12.98,   75.14,   -9.36, 23.3, 1.59, 0.23, 4.08
6, 8069, 2,    66.37, 7,    main,    1.20, 101482.00,  -13.06,   75.05,   -9.29, 23.3, 1.61, 0.23, 4.08
6, 8069, 2,    66.47, 7,    main,    1.63, 101588.00,  -21.87,   66.24,   -9.18, 23.4, 1.61, 0.23, 4.06
6, 8069, 2,    66.57, 7,    main,    1.96, 101590.00,  -22.04,   66.08,   -9.01, 23.4, 1.61, 0.23, 4.08
6, 8069, 2,    66.67, 7,    main,    2.20, 101559.00,  -19.46,   68.65,   -8.74, 23.4, 1.61, 0.24, 4.08
6, 8069, 2,    66.77, 7,    main,    2.43, 101604.00,  -23.20,   64.91,   -8.48, 23.4, 1.56, 0.23, 4.06
6, 8069, 2,    66.87, 7,    main,    2.68, 101602.00,  -23.03,   65.08,   -8.29, 23.4, 1.61, 0.24, 4.08
6, 8069, 2,    66.97, 7,    main,    2.96, 101659.00,  -27.77,   60.35,   -8.11, 23.4, 1.61, 0.23, 4.06
6, 8069, 2,    67.07, 7,    main,    3.21, 101631.00,  -25.44,   62.67,   -7.81, 23.4, 1.61, 0.21, 4.08
6, 8069, 2,    67.17, 7,    main,    3.37, 101618.00,  -24.36,   63.75,   -7.35, 23.4, 1.61, 0.23, 4.06
6, 8069, 2,    67.27, 7,    main,    3.41, 101641.00,  -26.27,   61.84,   -7.03, 23.4, 1.61, 0.23, 4.06
6, 8069, 2,    67.37, 7,    main,    3.38, 101676.00,  -29.18,   58.94,   -6.69, 23.4, 1.61, 0.21, 4.08
6, 8069, 2,    67.47, 7,    main,    3.35, 101661.00,  -27.93,   60.18,   -6.37, 23.4, 1.61, 0.21, 4.06
6, 8069, 2,    67.57, 7,    main,    3.37, 101636.00,  -25.86,   62.26,   -6.03, 23.4, 1.61, 0.21, 4.08
6, 8069, 2,    67.67, 7,    main,    3.44, 101631.00,  -25.44,   62.67,   -5.70, 23.4, 1.61, 0.21, 4.08
6, 8069, 2,    67.77, 7,    main,    3.54, 101674.00,  -29.01,   59.10,   -5.38, 23.4, 1.61, 0.21, 4.08
6, 8069, 2,    67.87, 7,    main,    3.69, 101716.00,  -32.50,   55.62,   -5.01, 23.4, 1.56, 0.20, 4.06
6, 8069, 2,    67.97, 7,    main,    3.83, 101731.00,  -33.74,   54.37,   -4.64, 23.4, 1.59, 0.21, 4.06
6, 8069, 2,    68.07, 7,    main,    3.89, 101736.00,  -34.16,   53.96,   -4.30, 23.4, 1.61, 0.21, 4.08
6, 8069, 2,    68.17, 7,    main,    3.80, 101706.00,  -31.67,   56.45,   -3.87, 23.4, 1.61, 0.21, 4.08
6, 8069, 2,    68.27, 7,    main,    3.50, 101722.00,  -32.99,   55.12,   -3.42, 23.4, 1.61, 0.21, 4.08
6, 8069, 2,    68.37, 7,    main,    3.01, 101722.00,  -32.99,   55.12,   -3.00, 23.4, 1.61, 0.23, 4.08
6, 8069, 2,    68.47, 7,    main,    2.37, 101714.00,  -32.33,   55.78,   -2.71, 23.4, 1.61, 0.23, 4.08
6, 8069, 2,    68.57, 7,    main,    1.68, 101681.00,  -29.59,   58.52,   -2.49, 23.4, 1.61, 0.21, 4.06
6, 8069, 2,    68.67, 7,    main,    1.02, 101714.00,  -32.33,   55.78,   -2.30, 23.4, 1.61, 0.21, 4.08
6, 8069, 2,    68.77, 7,    main,    0.41, 101745.00,  -34.90,   53.21,   -2.21, 23.4, 1.61, 0.21, 4.06
6, 8069, 2,    68.87, 7,    main,   -0.18, 101763.00,  -36.40,   51.72,   -2.19, 23.4, 1.61, 0.24, 4.08
6, 8069, 2,    68.97, 7,    main,   -0.81, 101784.00,  -38.14,   49.97,   -2.24, 23.4, 1.58, 0.20, 4.06
6, 8069, 2,    69.07, 7,    main,   -1.52, 101677.00,  -29.26,   58.85,   -2.28, 23.3, 1.61, 0.21, 4.08
6, 8069, 2,    69.17, 7,    main,   -2.29, 101629.00,  -25.27,   62.84,   -2.35, 23.3, 1.61, 0.23, 4.08
6, 8069, 2,    69.27, 7,    main,   -3.05, 101628.00,  -25.19,   62.92,   -2.60, 23.3, 1.61, 0.21, 4.08
6, 8069, 2,    69.37, 7,    main,   -3.71, 101696.00,  -30.84,   57.28,   -2.95, 23.3, 1.61, 0.21, 4.08
6, 8069, 2,    69.47, 7,    main,   -4.23, 101811.00,  -40.38,   47.74,   -3.37, 23.4, 1.61, 0.24, 4.08
6, 8069, 2,    69.57, 7,    main,   -4.61, 101828.00,  -41.79,   46.33,   -3.82, 23.4, 1.61, 0.24, 4.08
6, 8069, 2,    69.67, 7,    main,   -4.91, 101839.00,  -42.70,   45.41,   -4.28, 23.4, 1.62, 0.24, 4.08
6, 8069, 2,    69.77, 7,    main,   -5.15, 101818.00,  -40.96,   47.16,   -4.75, 23.4, 1.61, 0.23, 4.06
6, 8069, 2,    69.87, 7,    main,   -5.31, 101685.00,  -29.92,   58.19,   -5.28, 23.3, 1.61, 0.23, 4.08
6, 8069, 2,    69.97, 7,    main,   -5.35, 101684.00,  -29.84,   58.27,   -5.85, 23.3, 1.61, 0.24, 4.08
6, 8069, 2,    70.07, 7,    main,   -5.24, 101737.00,  -34.24,   53.87,   -6.41, 23.3, 1.56, 0.21, 4.06
6, 8069, 2,    70.17, 7,    main,   -4.96, 101662.00,  -28.01,   60.10,   -6.95, 23.3, 1.61, 0.23, 4.08
6, 8069, 2,    70.27, 7,    main,   -4.55, 101579.00,  -21.12,   66.99,   -7.47, 23.3, 1.61, 0.23, 4.08
6, 8069, 2,    70.37, 7,    main,   -4.06, 101645.00,  -26.60,   61.51,   -7.95, 23.3, 1.61, 0.23, 4.06
6, 8069, 2,    70.47, 7,    main,   -3.55, 101827.00,  -41.70,   46.41,   -8.39, 23.4, 1.61, 0.23, 4.06
6, 8069, 2,    70.57, 7,    main,   -3.05, 101887.00,  -46.68,   41.44,   -8.68, 23.4, 1.61, 0.23, 4.06
6, 8069, 2,    70.67, 7,    main,   -2.56, 101895.00,  -47.34,   40.77,   -8.98, 23.4, 1.61, 0.23, 4.08
6, 8069, 2,    70.77, 7,    main,   -2.03, 101919.00,  -49.33,   38.78,   -9.26, 23.4, 1.61, 0.21, 4.06
6, 8069, 2,    70.87, 7,    main,   -1.40, 101939.00,  -50.99,   37.13,   -9.48, 23.4, 1.61, 0.21, 4.06
6, 8069, 2,    70.97, 7,    main,   -0.66, 101874.00,  -45.60,   42.51,   -9.65, 23.4, 1.64, 0.21, 4.08
6, 8069, 2,    71.07, 7,    main,    0.13, 101770.00,  -36.98,   51.14,   -9.74, 23.3, 1.61, 0.21, 4.08
6, 8069, 2,    71.17, 7,    main,    0.89, 101772.00,  -37.14,   50.97,   -9.77, 23.3, 1.59, 0.20, 4.06
6, 8069, 2,    71.27, 7,    main,    1.57, 101976.00,  -54.05,   34.06,   -9.55, 23.4, 1.61, 0.21, 4.08
6, 8069, 2,    71.37, 7,    main,    2.17, 101998.00,  -55.87,   32.24,   -9.39, 23.4, 1.61, 0.21, 4.08
6, 8069, 2,    71.47, 7,    main,    2.71, 102000.00,  -56.04,   32.08,   -9.21, 23.4, 1.62, 0.21, 4.06
6, 8069, 2,    71.57, 7,    main,    3.17, 101928.00,  -50.07,   38.04,   -8.96, 23.4, 1.62, 0.21, 4.06
6, 8069, 2,    71.67, 7,    main,    3.54, 101868.00,  -45.10,   43.01,   -8.59, 23.3, 1.62, 0.21, 4.08
6, 8069, 2,    71.77, 7,    main,    3.80, 101827.00,  -41.70,   46.41,   -8.20, 23.3, 1.62, 0.21, 4.08
6, 8069, 2,    71.87, 7,    main,    3.91, 101916.00,  -49.08,   39.03,   -7.79, 23.4, 1.62, 0.21, 4.08
6, 8069, 2,    71.97, 7,    main,    3.84, 102016.00,  -57.36,   30.75,   -7.39, 23.4, 1.64, 0.21, 4.08
6, 8069, 2,    72.07, 7,    main,    3.57, 102017.00,  -57.44,   30.67,   -7.04, 23.4, 1.64, 0.21, 4.08
6, 8069, 2,    72.17, 7,    main,    3.12, 102042.00,  -59.51,   28.60,   -6.56, 23.4, 1.62, 0.21, 4.08
6, 8069, 2,    72.27, 7,    main,    2.56, 102032.00,  -58.69,   29.43,   -6.21, 23.4, 1.59, 0.20, 4.06
6, 8069, 2,    72.37, 7,    main,    1.99, 102035.00,  -58.93,   29.18,   -5.95, 23.4, 1.64, 0.21, 4.08
6, 8069, 2,    72.47, 7,    main,    1.51, 102046.00,  -59.85,   28.27,   -5.82, 23.4, 1.64, 0.21, 4.08
6, 8069, 2,    72.57, 7,    main,    1.13, 101914.00,  -48.91,   39.20,   -5.74, 23.3, 1.64, 0.21, 4.08
6, 8069, 2,    72.67, 7,    main,    0.80, 102051.00,  -60.26,   27.85,   -5.63, 23.4, 1.64, 0.21, 4.06
6, 8069, 2,    72.77, 7,    main,    0.41, 102105.00,  -64.73,   23.39,   -5.44, 23.4, 1.64, 0.21, 4.08
6, 8069, 2,    72.87, 7,    main,   -0.07, 102109.00,  -65.06,   23.05,   -5.42, 23.4, 1.64, 0.20, 4.08
6, 8069, 2,    72.97, 7,    main,   -0.60, 102113.00,  -65.39,   22.72,   -5.43, 23.4, 1.64, 0.20, 4.08
6, 8069, 2,    73.07, 7,    main,   -1.08, 102148.00,  -68.28,   19.83,   -5.47, 23.4, 1.64, 0.21, 4.08
6, 8069, 2,    73.17, 7,    main,   -1.45, 102129.00,  -66.71,   21.40,   -5.60, 23.4, 1.64, 0.21, 4.08
6, 8069, 2,    73.27, 7,    main,   -1.65, 101735.00,  -34.07,   54.04,   -5.81, 23.1, 1.64, 0.20, 4.06
6, 8069, 2,    73.37, 7,    main,   -1.71, 101992.00,  -55.38,   32.74,   -6.01, 23.3, 1.59, 0.20, 4.06
6, 8069, 2,    73.47, 7,    main,   -1.63, 102028.00,  -58.36,   29.76,   -6.18, 23.4, 1.64, 0.20, 4.08
6, 8069, 2,    73.57, 7,    main,   -1.45, 102029.00,  -58.44,   29.67,   -6.35, 23.4, 1.64, 0.20, 4.06
6, 8069, 2,    73.67, 7,    main,   -1.19, 101977.00,  -54.13,   33.98,   -6.51, 23.3, 1.64, 0.21, 4.08
6, 8069, 2,    73.77, 7,    main,   -0.88, 102093.00,  -63.73,   24.38,   -6.64, 23.4, 1.64, 0.21, 4.06
6, 8069, 2,    73.87, 7,    main,   -0.55, 102209.00,  -73.33,   14.79,   -6.76, 23.4, 1.64, 0.21, 4.06
6, 8069, 2,    73.97, 7,    main,   -0.22, 102200.00,  -72.58,   15.53,   -6.80, 23.4, 1.64, 0.21, 4.08
6, 8069, 2,    74.07, 7,    main,    0.09, 102198.00,  -72.42,   15.69,   -6.78, 23.4, 1.64, 0.21, 4.06
6, 8069, 2,    74.17, 7,    main,    0.40, 101981.00,  -54.46,   33.65,   -6.79, 23.2, 1.64, 0.21, 4.08
6, 8069, 2,    74.27, 7,    main,    0.70, 102236.00,  -75.56,   12.55,   -6.76, 23.4, 1.64, 0.20, 4.06
6, 8069, 2,    74.37, 7,    main,    0.99, 102218.00,  -74.07,   14.04,   -6.70, 23.4, 1.64, 0.20, 4.08
6, 8069, 2,    74.47, 7,    main,    1.28, 102217.00,  -73.99,   14.12,   -6.61, 23.4, 1.59, 0.20, 4.06
6, 8069, 2,    74.57, 7,    main,    1.57, 102202.00,  -72.75,   15.36,   -6.41, 23.4, 1.64, 0.20, 4.08
6, 8069, 2,    74.67, 7,    main,    1.88, 102106.00,  -64.81,   23.30,   -6.29, 23.4, 1.64, 0.20, 4.08
6, 8069, 2,    74.77, 7,    main,    2.25, 101948.00,  -51.73,   36.38,   -6.15, 23.3, 1.64, 0.21, 4.08
6, 8069, 2,    74.87, 7,    main,    2.68, 102259.00,  -77.46,   10.65,   -5.90, 23.4, 1.64, 0.20, 4.08
6, 8069, 2,    74.97, 7,    main,    3.14, 102290.00,  -80.02,    8.09,   -5.64, 23.4, 1.65, 0.20, 4.08
6, 8069, 2,    75.07, 7,    main,    3.57, 102300.00,  -80.85,    7.27,   -5.35, 23.4, 1.64, 0.20, 4.09
6, 8069, 2,    75.17, 7,    main,    3.91, 102314.00,  -82.00,    6.11,   -5.01, 23.4, 1.65, 0.20, 4.08
6, 8069, 2,    75.27, 7,    main,    4.17, 102188.00,  -71.59,   16.52,   -4.48, 23.4, 1.64, 0.20, 4.06
6, 8069, 2,    75.37, 7,    main,    4.36, 102151.00,  -68.53,   19.58,   -4.10, 23.4, 1.64, 0.20, 4.08
6, 8069, 2,    75.47, 7,    main,    4.53, 102158.00,  -69.11,   19.00,   -3.70, 23.4, 1.65, 0.21, 4.08
6, 8069, 2,    75.57, 7,    main,    4.72, 102239.00,  -75.81,   12.31,   -3.26, 23.4, 1.62, 0.20, 4.06
6, 8069, 2,    75.67, 7,    main,    4.96, 102284.00,  -79.53,    8.59,   -2.75, 23.4, 1.65, 0.21, 4.08
6, 8069, 2,    75.77, 7,    main,    5.26, 102240.00,  -75.89,   12.22,   -2.27, 23.4, 1.64, 0.20, 4.08
6, 8069, 2,    75.87, 7,    main,    5.56, 102210.00,  -73.41,   14.70,   -1.78, 23.4, 1.65, 0.20, 4.08
6, 8069, 2,    75.97, 7,    main,    5.80, 102083.00,  -62.91,   25.21,   -1.23, 23.4, 1.65, 0.20, 4.09
6, 8069, 2,    76.07, 7,    main,    5.93, 102182.00,  -71.10,   17.02,   -0.63, 23.4, 1.65, 0.21, 4.08
6, 8069, 2,    76.17, 7,    main,    5.92, 102355.00,  -85.39,    2.72,    0.07, 23.4, 1.65, 0.20, 4.06
6, 8069, 2,    76.27, 7,    main,    5.76, 102387.00,  -88.03,    0.08,    0.64, 23.4, 1.65, 0.20, 4.08
6, 8069, 2,    76.37, 7,    main,    5.48, 102392.00,  -88.44,   -0.33,    1.22, 23.4, 1.67, 0.20, 4.08
6, 8069, 2,    76.47, 7,    main,    5.06, 102363.00,  -86.05,    2.06,    1.79, 23.4, 1.67, 0.20, 4.08
6, 8069, 2,    76.57, 7,    main,    4.45, 102295.00,  -80.43,    7.68,    2.31, 23.4, 1.67, 0.20, 4.08
6, 8069, 2,    76.67, 7,    main,    3.66, 102325.00,  -82.91,    5.20,    2.81, 23.4, 1.62, 0.17, 4.06
6, 8069, 2,    76.77, 7,    main,    2.74, 102273.00,  -78.62,    9.50,    3.28, 23.4, 1.67, 0.20, 4.06
6, 8069, 2,    76.87, 7,    main,    1.80, 102124.00,  -66.30,   21.81,    3.50, 23.4, 1.67, 0.20, 4.08
6, 8069, 2,    76.97, 7,    main,    0.92, 102186.00,  -71.43,   16.69,    3.64, 23.4, 1.70, 0.20, 4.06
6, 8069, 2,    77.07, 7,    main,    0.15, 102173.00,  -70.35,   17.76,    3.70, 23.4, 1.67, 0.20, 4.08
6, 8069, 2,    77.17, 7,    main,   -0.56, 102174.00,  -70.43,   17.68,    3.70, 23.4, 1.67, 0.20, 4.06
6, 8069, 2,    77.27, 7,    main,   -1.25, 102184.00,  -71.26,   16.85,    3.67, 23.4, 1.67, 0.20, 4.06
6, 8069, 2,    77.37, 7,    main,   -1.92, 102189.00,  -71.67,   16.44,    3.56, 23.4, 1.67, 0.20, 4.06
6, 8069, 2,    77.47, 7,    main,   -2.51, 102176.00,  -70.60,   17.51,    3.37, 23.4, 1.70, 0.20, 4.06
6, 8069, 2,    77.57, 7,    main,   -2.96, 102176.00,  -70.60,   17.51,    3.07, 23.4, 1.70, 0.20, 4.06
6, 8069, 2,    77.67, 7,    main,   -3.24, 102172.00,  -70.27,   17.84,    2.72, 23.4, 1.67, 0.20, 4.08
6, 8069, 2,    77.77, 7,    main,   -3.40, 102183.00,  -71.18,   16.93,    2.37, 23.4, 1.64, 0.17, 4.06
6, 8069, 2,    77.87, 7,    main,   -3.47, 102177.00,  -70.68,   17.43,    2.02, 23.4, 1.67, 0.20, 4.06
6, 8069, 2,    77.97, 7,    main,   -3.47, 102179.00,  -70.85,   17.27,    1.71, 23.4, 1.67, 0.20, 4.06
6, 8069, 2,    78.07, 7,    main,   -3.36, 102177.00,  -70.68,   17.43,    1.36, 23.4, 1.70, 0.20, 4.06
6, 8069, 2,    78.17, 7,    main,   -3.11, 102178.00,  -70.76,   17.35,    0.95, 23.4, 1.67, 0.20, 4.06
6, 8069, 2,    78.27, 7,    main,   -2.71, 102178.00,  -70.76,   17.35,    0.60, 23.4, 1.70, 0.18, 4.06
6, 8069, 2,    78.37, 7,    main,   -2.20, 102179.00,  -70.85,   17.27,    0.31, 23.4, 1.67, 0.20, 4.08
6, 8069, 2,    78.47, 7,    main,   -1.64, 102174.00,  -70.43,   17.68,    0.10, 23.4, 1.67, 0.20, 4.08
6, 8069, 2,    78.57, 7,    main,   -1.14, 102178.00,  -70.76,   17.35,   -0.04, 23.4, 1.70, 0.20, 4.06
6, 8069, 2,    78.67, 7,    main,   -0.73, 102180.00,  -70.93,   17.18,   -0.16, 23.4, 1.70, 0.20, 4.06
6, 8069, 2,    78.77, 7,    main,   -0.44, 102180.00,  -70.93,   17.18,   -0.22, 23.4, 1.70, 0.20, 4.06
6, 8069, 2,    78.87, 7,    main,   -0.27, 102179.00,  -70.85,   17.27,   -0.20, 23.4, 1.64, 0.20, 4.06
6, 8069, 2,    78.97, 7,    main,   -0.20, 102182.00,  -71.10,   17.02,   -0.23, 23.4, 1.67, 0.20, 4.06
6, 8069, 2,    79.07, 7,    main,   -0.19, 102185.00,  -71.34,   16.77,   -0.24, 23.4, 1.70, 0.18, 4.08
6, 8069, 2,    79.17, 7,    main,   -0.21, 102177.00,  -70.68,   17.43,   -0.26, 23.4, 1.70, 0.20, 4.08
6, 8069, 2,    79.27, 7,    main,   -0.22, 102179.00,  -70.85,   17.27,   -0.28, 23.4, 1.67, 0.20, 4.08
6, 8069, 2,    79.37, 7,    main,   -0.23, 102182.00,  -71.10,   17.02,   -0.31, 23.4, 1.70, 0.20, 4.08
6, 8069, 2,    79.47, 7,    main,   -0.23, 102187.00,  -71.51,   16.60,   -0.33, 23.4, 1.67, 0.20, 4.06
6, 8069, 2,    79.57, 7,    main,   -0.24, 102178.00,  -70.76,   17.35,   -0.35, 23.4, 1.46, 0.20, 4.08
6, 8069, 2,    79.67, 7,    main,   -0.25, 102179.00,  -70.85,   17.27,   -0.37, 23.4, 1.46, 0.20, 4.06
6, 8069, 2,    79.77, 7,    main,   -0.27, 102187.00,  -71.51,   16.60,   -0.40, 23.4, 1.46, 0.20, 4.08
6, 8069, 2,    79.87, 7,    main,   -0.27, 102182.00,  -71.10,   17.02,   -0.43, 23.4, 1.46, 0.20, 4.06
6, 8069, 2,    79.97, 7,    main,   -0.28, 102180.00,  -70.93,   17.18,   -0.46, 23.4, 1.42, 0.17, 4.06
6, 8069, 2,    80.07, 7,    main,   -0.27, 102181.00,  -71.01,   17.10,   -0.48, 23.4, 1.46, 0.20, 4.08
6, 8069, 2,    80.17, 7,    main,   -0.26, 102182.00,  -71.10,   17.02,   -0.51, 23.4, 1.46, 0.20, 4.08
6, 8069, 2,    80.27, 7,    main,   -0.25, 102186.00,  -71.43,   16.69,   -0.54, 23.4, 1.46, 0.18, 4.06
6, 8069, 2,    80.37, 7,    main,   -0.23, 102186.00,  -71.43,   16.69,   -0.57, 23.4, 1.46, 0.20, 4.08
6, 8069, 2,    80.47, 7,    main,   -0.21, 102186.00,  -71.43,   16.69,   -0.59, 23.5, 1.46, 0.20, 4.06
6, 8069, 2,    80.57, 7,    main,   -0.18, 102191.00,  -71.84,   16.27,   -0.61, 23.5, 1.46, 0.20, 4.08
6, 8069, 2,    80.67, 7,    main,   -0.14, 102184.00,  -71.26,   16.85,   -0.63, 23.5, 1.46, 0.18, 4.08
6, 8069, 2,    80.77, 7,    main,   -0.10, 102190.00,  -71.76,   16.36,   -0.65, 23.5, 1.46, 0.18, 4.08
6, 8069, 2,    80.87, 7,    main,   -0.05, 102188.00,  -71.59,   16.52,   -0.65, 23.5, 1.47, 0.20, 4.08
6, 8069, 2,    80.97, 7,    main,   -0.00, 102192.00,  -71.92,   16.19,   -0.66, 23.5, 1.46, 0.20, 4.06
6, 8069, 2,    81.07, 7,    main,    0.05, 102192.00,  -71.92,   16.19,   -0.66, 23.5, 1.44, 0.17, 4.06
6, 8069, 2,    81.17, 7,    main,    0.10, 102190.00,  -71.76,   16.36,   -0.66, 23.5, 1.46, 0.20, 4.08
6, 8069, 2,    81.27, 7,    main,    0.16, 102197.00,  -72.34,   15.78,   -0.65, 23.5, 1.47, 0.18, 4.08
6, 8069, 2,    81.37, 7,    main,    0.22, 102196.00,  -72.25,   15.86,   -0.63, 23.5, 1.47, 0.18, 4.08
6, 8069, 2,    81.47, 7,    main,    0.27, 102195.00,  -72.17,   15.94,   -0.61, 23.5, 1.47, 0.18, 4.08
6, 8069, 2,    81.57, 7,    main,    0.32, 102194.00,  -72.09,   16.03,   -0.58, 23.5, 1.47, 0.20, 4.06
6, 8069, 2,    81.67, 7,    main,    0.37, 102196.00,  -72.25,   15.86,   -0.55, 23.5, 1.49, 0.18, 4.08
6, 8069, 2,    81.77, 7,    main,    0.41, 102201.00,  -72.67,   15.45,   -0.51, 23.5, 1.49, 0.18, 4.06
6, 8069, 2,    81.87, 7,    main,    0.45, 102198.00,  -72.42,   15.69,   -0.47, 23.5, 1.49, 0.18, 4.08
6, 8069, 2,    81.97, 7,    main,    0.48, 102201.00,  -72.67,   15.45,   -0.42, 23.5, 1.49, 0.18, 4.08
6, 8069, 2,    82.07, 7,    main,    0.50, 102199.00,  -72.50,   15.61,   -0.37, 23.5, 1.52, 0.18, 4.06
6, 8069, 2,    82.17, 7,    main,    0.52, 102204.00,  -72.91,   15.20,   -0.32, 23.5, 1.47, 0.17, 4.06
6, 8069, 2,    82.27, 7,    main,    0.54, 102200.00,  -72.58,   15.53,   -0.27, 23.5, 1.52, 0.18, 4.08
6, 8069, 2,    82.37, 7,    main,    0.55, 102201.00,  -72.67,   15.45,   -0.22, 23.5, 1.49, 0.18, 4.06
6, 8069, 2,    82.47, 7,    main,    0.55, 102204.00,  -72.91,   15.20,   -0.16, 23.5, 1.50, 0.18, 4.08
6, 8069, 2,    82.57, 7,    main,    0.55, 102204.00,  -72.91,   15.20,   -0.11, 23.5, 1.49, 0.18, 4.08
6, 8069, 2,    82.67, 7,    main,    0.54, 102201.00,  -72.67,   15.45,   -0.05, 23.5, 1.49, 0.18, 4.06
6, 8069, 2,    82.77, 7,    main,    0.53, 102201.00,  -72.67,   15.45,    0.01, 23.5, 1.49, 0.20, 4.08
6, 8069, 2,    82.87, 7,    main,    0.51, 102200.00,  -72.58,   15.53,    0.06, 23.5, 1.49, 0.18, 4.08
6, 8069, 2,    82.97, 7,    main,    0.48, 102200.00,  -72.58,   15.53,    0.11, 23.5, 1.49, 0.18, 4.06
6, 8069, 2,    83.07, 7,    main,    0.45, 102208.00,  -73.24,   14.87,    0.16, 23.5, 1.49, 0.18, 4.08
6, 8069, 2,    83.17, 7,    main,    0.41, 102205.00,  -73.00,   15.12,    0.21, 23.5, 1.49, 0.18, 4.08
6, 8069, 2,    83.27, 7,    main,    0.38, 102202.00,  -72.75,   15.36,    0.25, 23.5, 1.44, 0.17, 4.06
6, 8069, 2,    83.37, 7,    main,    0.34, 102200.00,  -72.58,   15.53,    0.29, 23.5, 1.50, 0.18, 4.08
6, 8069, 2,    83.47, 7,    main,    0.30, 102199.00,  -72.50,   15.61,    0.32, 23.5, 1.50, 0.18, 4.08
6, 8069, 2,    83.57, 7,    main,    0.25, 102194.00,  -72.09,   16.03,    0.35, 23.5, 1.50, 0.18, 4.08
6, 8069, 2,    83.67, 7,    main,    0.21, 102204.00,  -72.91,   15.20,    0.38, 23.5, 1.50, 0.18, 4.08
6, 8069, 2,    83.77, 7,    main,    0.16, 102197.00,  -72.34,   15.78,    0.40, 23.5, 1.49, 0.20, 4.06
6, 8069, 2,    83.87, 7,    main,    0.12, 102198.00,  -72.42,   15.69,    0.41, 23.5, 1.49, 0.18, 4.08
6, 8069, 2,    83.97, 7,    main,    0.08, 102196.00,  -72.25,   15.86,    0.42, 23.5, 1.50, 0.18, 4.08
6, 8069, 2,    84.07, 7,    main,    0.04, 102197.00,  -72.34,   15.78,    0.43, 23.5, 1.50, 0.18, 4.08
6, 8069, 2,    84.17, 7,    main,    0.01, 102198.00,  -72.42,   15.69,    0.43, 23.5, 1.52, 0.20, 4.08
6, 8069, 2,    84.27, 7,    main,   -0.02, 102195.00,  -72.17,   15.94,    0.44, 23.5, 1.50, 0.20, 4.08
6, 8069, 2,    84.37, 7,    main,   -0.05, 102193.00,  -72.00,   16.11,    0.43, 23.6, 1.47, 0.18, 4.06
6, 8069, 2,    84.47, 7,    main,   -0.07, 102197.00,  -72.34,   15.78,    0.43, 23.6, 1.49, 0.20, 4.06
6, 8069, 2,    84.57, 7,    main,   -0.10, 102191.00,  -71.84,   16.27,    0.42, 23.6, 1.49, 0.18, 4.08
6, 8069, 2,    84.67, 7,    main,   -0.12, 102194.00,  -72.09,   16.03,    0.41, 23.6, 1.49, 0.17, 4.06
6, 8069, 2,    84.77, 7,    main,   -0.14, 102191.00,  -71.84,   16.27,    0.40, 23.6, 1.50, 0.20, 4.06
6, 8069, 2,    84.87, 7,    main,   -0.17, 102190.00,  -71.76,   16.36,    0.38, 23.6, 1.49, 0.20, 4.08
6, 8069, 2,    84.97, 7,    main,   -0.18, 102190.00,  -71.76,   16.36,    0.37, 23.6, 1.50, 0.20, 4.08
6, 8069, 2,    85.07, 7,    main,   -0.20, 102199.00,  -72.50,   15.61,    0.35, 23.6, 1.52, 0.18, 4.08
6, 8069, 2,    85.17, 7,    main,   -0.21, 102185.00,  -71.34,   16.77,    0.33, 23.6, 1.52, 0.18, 4.06
6, 8069, 2,    85.27, 7,    main,   -0.21, 102190.00,  -71.76,   16.36,    0.30, 23.6, 1.50, 0.18, 4.08
6, 8069, 2,    85.37, 7,    main,   -0.22, 102189.00,  -71.67,   16.44,    0.28, 23.6, 1.52, 0.18, 4.06
6, 8069, 2,    85.47, 7,    main,   -0.23, 102190.00,  -71.76,   16.36,    0.26, 23.6, 1.47, 0.17, 4.06
6, 8069, 2,    85.57, 7,    main,   -0.25, 102192.00,  -71.92,   16.19,    0.24, 23.6, 1.52, 0.18, 4.08
6, 8069, 2,    85.67, 7,    main,   -0.27, 102185.00,  -71.34,   16.77,    0.21, 23.6, 1.52, 0.18, 4.06
6, 8069, 2,    85.77, 7,    main,   -0.29, 102189.00,  -71.67,   16.44,    0.19, 23.6, 1.49, 0.17, 4.06
6, 8069, 2,    85.87, 7,    main,   -0.31, 102187.00,  -71.51,   16.60,    0.16, 23.6, 1.52, 0.18, 4.08
6, 8069, 2,    85.97, 7,    main,   -0.33, 102189.00,  -71.67,   16.44,    0.13, 23.6, 1.52, 0.18, 4.08
6, 8069, 2,    86.07, 7,    main,   -0.34, 102192.00,  -71.92,   16.19,    0.09, 23.6, 1.52, 0.18, 4.08
6, 8069, 2,    86.17, 7,    main,   -0.35, 102184.00,  -71.26,   16.85,    0.06, 23.6, 1.52, 0.18, 4.06
6, 8069, 2,    86.27, 7,    main,   -0.34, 102187.00,  -71.51,   16.60,    0.02, 23.6, 1.52, 0.18, 4.08
6, 8069, 2,    86.37, 7,    main,   -0.33, 102189.00,  -71.67,   16.44,   -0.01, 23.6, 1.50, 0.18, 4.06
6, 8069, 2,    86.47, 7,    main,   -0.31, 102185.00,  -71.34,   16.77,   -0.05, 23.6, 1.50, 0.18, 4.06
6, 8069, 2,    86.57, 7,    main,   -0.28, 102184.00,  -71.26,   16.85,   -0.08, 23.6, 1.47, 0.17, 4.05
6, 8069, 2,    86.67, 7,    main,   -0.24, 102186.00,  -71.43,   16.69,   -0.11, 23.6, 1.50, 0.18, 4.08
6, 8069, 2,    86.77, 7,    main,   -0.20, 102191.00,  -71.84,   16.27,   -0.14, 23.6, 1.52, 0.18, 4.08
6, 8069, 2,    86.87, 7,    main,   -0.16, 102188.00,  -71.59,   16.52,   -0.16, 23.6, 1.52, 0.17, 4.06
6, 8069, 2,    86.97, 7,    main,   -0.11, 102189.00,  -71.67,   16.44,   -0.17, 23.6, 1.52, 0.18, 4.06
6, 8069, 2,    87.07, 7,    main,   -0.06, 102184.00,  -71.26,   16.85,   -0.19, 23.6, 1.52, 0.18, 4.06
6, 8069, 2,    87.17, 7,    main,   -0.03, 102190.00,  -71.76,   16.36,   -0.19, 23.6, 1.52, 0.18, 4.08
6, 8069, 2,    87.27, 7,    main,    0.00, 102192.00,  -71.92,   16.19,   -0.19, 23.6, 1.52, 0.18, 4.08
6, 8069, 2,    87.37, 7,    main,    0.02, 102190.00,  -71.76,   16.36,   -0.19, 23.6, 1.52, 0.18, 4.08
6, 8069, 2,    87.47, 7,    main,    0.02, 102185.00,  -71.34,   16.77,   -0.18, 23.6, 1.52, 0.18, 4.08
6, 8069, 2,    87.57, 7,    main,    0.02, 102185.00,  -71.34,   16.77,   -0.18, 23.6, 1.52, 0.18, 4.08
6, 8069, 2,    87.67, 7,    main,    0.02, 102193.00,  -72.00,   16.11,   -0.18, 23.6, 1.47, 0.17, 4.06
6, 8069, 2,    87.78, 8,  landed,    0.02, 102193.00,  -72.00,   16.11,   -0.18, 23.6, 1.47, 0.17, 4.06
